"Date","Time","Downward shortwave radiation flux@Ground or water surface"
6/13/2019,0:00,92
6/13/2019,6:00,0
6/13/2019,12:00,30
6/13/2019,18:00,410
6/14/2019,0:00,84
6/14/2019,6:00,0
6/14/2019,12:00,24
6/14/2019,18:00,479
6/15/2019,0:00,92
6/15/2019,6:00,0
6/15/2019,12:00,19
6/15/2019,18:00,409
6/16/2019,0:00,70
6/16/2019,6:00,0
6/16/2019,12:00,9
6/16/2019,18:00,173
6/17/2019,0:00,25
6/17/2019,6:00,0
6/17/2019,12:00,27
6/17/2019,18:00,493
6/18/2019,0:00,77
6/18/2019,6:00,0
6/18/2019,12:00,26
6/18/2019,18:00,476
6/19/2019,0:00,91
6/19/2019,6:00,0
6/19/2019,12:00,2
6/19/2019,18:00,467
6/20/2019,0:00,102
6/20/2019,6:00,0
6/20/2019,12:00,29
6/20/2019,18:00,528
6/21/2019,0:00,101
6/21/2019,6:00,0
6/21/2019,12:00,28
6/21/2019,18:00,513
6/22/2019,0:00,96
6/22/2019,6:00,0
6/22/2019,12:00,25
6/22/2019,18:00,492
6/23/2019,0:00,96
6/23/2019,6:00,0
6/23/2019,12:00,27
6/23/2019,18:00,509
6/24/2019,0:00,98
6/24/2019,6:00,0
6/24/2019,12:00,23
6/24/2019,18:00,478
6/25/2019,0:00,83
6/25/2019,6:00,0
6/25/2019,12:00,27
6/25/2019,18:00,453
6/26/2019,0:00,51
6/26/2019,6:00,0
6/26/2019,12:00,26
6/26/2019,18:00,444
6/27/2019,0:00,108
6/27/2019,6:00,0
6/27/2019,12:00,28
6/27/2019,18:00,520
6/28/2019,0:00,98
6/28/2019,6:00,0
6/28/2019,12:00,3
6/28/2019,18:00,308
6/29/2019,0:00,95
6/29/2019,6:00,0
6/29/2019,12:00,25
6/29/2019,18:00,361
6/30/2019,0:00,39
6/30/2019,6:00,0
6/30/2019,12:00,14
6/30/2019,18:00,156
7/1/2019,0:00,23
7/1/2019,6:00,0
7/1/2019,12:00,2
7/1/2019,18:00,69
7/2/2019,0:00,15
7/2/2019,6:00,0
7/2/2019,12:00,2
7/2/2019,18:00,20
7/3/2019,0:00,2
7/3/2019,6:00,0
7/3/2019,12:00,27
7/3/2019,18:00,534
7/4/2019,0:00,107
7/4/2019,6:00,0
7/4/2019,12:00,28
7/4/2019,18:00,537
7/5/2019,0:00,107
7/5/2019,6:00,0
7/5/2019,12:00,28
7/5/2019,18:00,547
7/6/2019,0:00,111
7/6/2019,6:00,0
7/6/2019,12:00,29
7/6/2019,18:00,550
7/7/2019,0:00,111
7/7/2019,6:00,0
7/7/2019,12:00,30
7/7/2019,18:00,556
7/8/2019,0:00,113
7/8/2019,6:00,0
7/8/2019,12:00,29
7/8/2019,18:00,551
7/9/2019,0:00,112
7/9/2019,6:00,0
7/9/2019,12:00,29
7/9/2019,18:00,545
7/10/2019,0:00,108
7/10/2019,6:00,0
7/10/2019,12:00,22
7/10/2019,18:00,496
7/11/2019,0:00,90
7/11/2019,6:00,0
7/11/2019,12:00,19
7/11/2019,18:00,465
7/12/2019,0:00,109
7/12/2019,6:00,0
7/12/2019,12:00,27
7/12/2019,18:00,383
7/13/2019,0:00,26
7/13/2019,6:00,0
7/13/2019,12:00,9
7/13/2019,18:00,249
7/14/2019,0:00,59
7/14/2019,6:00,0
7/14/2019,12:00,3
7/14/2019,18:00,36
7/15/2019,0:00,8
7/15/2019,6:00,0
7/15/2019,12:00,21
7/15/2019,18:00,410
7/16/2019,0:00,116
7/16/2019,6:00,0
7/16/2019,12:00,30
7/16/2019,18:00,562
7/17/2019,0:00,119
7/17/2019,6:00,0
7/17/2019,12:00,32
7/17/2019,18:00,573
7/18/2019,0:00,121
7/18/2019,6:00,0
7/18/2019,12:00,31
7/18/2019,18:00,568
7/19/2019,0:00,120
7/19/2019,6:00,0
7/19/2019,12:00,15
7/19/2019,18:00,302
7/20/2019,0:00,58
7/20/2019,6:00,0
7/20/2019,12:00,29
7/20/2019,18:00,538
7/21/2019,0:00,114
7/21/2019,6:00,0
7/21/2019,12:00,30
7/21/2019,18:00,458
7/22/2019,0:00,91
7/22/2019,6:00,0
7/22/2019,12:00,12
7/22/2019,18:00,352
7/23/2019,0:00,9
7/23/2019,6:00,0
7/23/2019,12:00,9
7/23/2019,18:00,326
7/24/2019,0:00,59
7/24/2019,6:00,0
7/24/2019,12:00,5
7/24/2019,18:00,230
7/25/2019,0:00,46
7/25/2019,6:00,0
7/25/2019,12:00,6
7/25/2019,18:00,126
7/26/2019,0:00,41
7/26/2019,6:00,0
7/26/2019,12:00,4
7/26/2019,18:00,236
7/27/2019,0:00,75
7/27/2019,6:00,0
7/27/2019,12:00,34
7/27/2019,18:00,399
7/28/2019,0:00,54
7/28/2019,6:00,0
7/28/2019,12:00,35
7/28/2019,18:00,594
7/29/2019,0:00,124
7/29/2019,6:00,0
7/29/2019,12:00,33
7/29/2019,18:00,556
7/30/2019,0:00,108
7/30/2019,6:00,0
7/30/2019,12:00,34
7/30/2019,18:00,567
7/31/2019,0:00,124
7/31/2019,6:00,0
7/31/2019,12:00,22
7/31/2019,18:00,582
8/1/2019,0:00,131
8/1/2019,6:00,0
8/1/2019,12:00,36
8/1/2019,18:00,584
8/2/2019,0:00,128
8/2/2019,6:00,0
8/2/2019,12:00,6
8/2/2019,18:00,269
8/3/2019,0:00,136
8/3/2019,6:00,0
8/3/2019,12:00,40
8/3/2019,18:00,620
8/4/2019,0:00,138
8/4/2019,6:00,0
8/4/2019,12:00,41
8/4/2019,18:00,626
8/5/2019,0:00,142
8/5/2019,6:00,0
8/5/2019,12:00,42
8/5/2019,18:00,634
8/6/2019,0:00,144
8/6/2019,6:00,0
8/6/2019,12:00,39
8/6/2019,18:00,603
8/7/2019,0:00,136
8/7/2019,6:00,0
8/7/2019,12:00,40
8/7/2019,18:00,604
8/8/2019,0:00,138
8/8/2019,6:00,0
8/8/2019,12:00,28
8/8/2019,18:00,451
8/9/2019,0:00,59
8/9/2019,6:00,0
8/9/2019,12:00,35
8/9/2019,18:00,549
8/10/2019,0:00,17
8/10/2019,6:00,0
8/10/2019,12:00,13
8/10/2019,18:00,285
8/11/2019,0:00,47
8/11/2019,6:00,0
8/11/2019,12:00,47
8/11/2019,18:00,637
8/12/2019,0:00,140
8/12/2019,6:00,0
8/12/2019,12:00,9
8/12/2019,18:00,103
8/13/2019,0:00,113
8/13/2019,6:00,0
8/13/2019,12:00,48
8/13/2019,18:00,664
8/14/2019,0:00,155
8/14/2019,6:00,0
8/14/2019,12:00,51
8/14/2019,18:00,677
8/15/2019,0:00,156
8/15/2019,6:00,0
8/15/2019,12:00,51
8/15/2019,18:00,660
8/16/2019,0:00,155
8/16/2019,6:00,0
8/16/2019,12:00,46
8/16/2019,18:00,638
8/17/2019,0:00,149
8/17/2019,6:00,0
8/17/2019,12:00,49
8/17/2019,18:00,597
8/18/2019,0:00,118
8/18/2019,6:00,0
8/18/2019,12:00,18
8/18/2019,18:00,239
8/19/2019,0:00,24
8/19/2019,6:00,0
8/19/2019,12:00,53
8/19/2019,18:00,687
8/20/2019,0:00,160
8/20/2019,6:00,0
8/20/2019,12:00,52
8/20/2019,18:00,677
8/21/2019,0:00,159
8/21/2019,6:00,0
8/21/2019,12:00,56
8/21/2019,18:00,685
8/22/2019,0:00,161
8/22/2019,6:00,0
8/22/2019,12:00,56
8/22/2019,18:00,683
8/23/2019,0:00,128
8/23/2019,6:00,0
8/23/2019,12:00,57
8/23/2019,18:00,697
8/24/2019,0:00,165
8/24/2019,6:00,0
8/24/2019,12:00,61
8/24/2019,18:00,691
8/25/2019,0:00,166
8/25/2019,6:00,0
8/25/2019,12:00,61
8/25/2019,18:00,708
8/26/2019,0:00,160
8/26/2019,6:00,0
8/26/2019,12:00,56
8/26/2019,18:00,528
8/27/2019,0:00,119
8/27/2019,6:00,0
8/27/2019,12:00,60
8/27/2019,18:00,692
8/28/2019,0:00,142
8/28/2019,6:00,0
8/28/2019,12:00,63
8/28/2019,18:00,708
8/29/2019,0:00,168
8/29/2019,6:00,0
8/29/2019,12:00,64
8/29/2019,18:00,703
8/30/2019,0:00,167
8/30/2019,6:00,0
8/30/2019,12:00,65
8/30/2019,18:00,703
8/31/2019,0:00,164
8/31/2019,6:00,0
8/31/2019,12:00,29
8/31/2019,18:00,112
9/1/2019,0:00,159
9/1/2019,6:00,0
9/1/2019,12:00,63
9/1/2019,18:00,710
9/2/2019,0:00,167
9/2/2019,6:00,0
9/2/2019,12:00,75
9/2/2019,18:00,756
9/3/2019,0:00,177
9/3/2019,6:00,0
9/3/2019,12:00,74
9/3/2019,18:00,742
9/4/2019,0:00,177
9/4/2019,6:00,0
9/4/2019,12:00,75
9/4/2019,18:00,751
9/5/2019,0:00,177
9/5/2019,6:00,0
9/5/2019,12:00,55
9/5/2019,18:00,680
9/6/2019,0:00,137
9/6/2019,6:00,0
9/6/2019,12:00,68
9/6/2019,18:00,664
9/7/2019,0:00,171
9/7/2019,6:00,0
9/7/2019,12:00,20
9/7/2019,18:00,653
9/8/2019,0:00,148
9/8/2019,6:00,0
9/8/2019,12:00,47
9/8/2019,18:00,653
9/9/2019,0:00,152
9/9/2019,6:00,0
9/9/2019,12:00,69
9/9/2019,18:00,738
9/10/2019,0:00,174
9/10/2019,6:00,0
9/10/2019,12:00,70
9/10/2019,18:00,717
9/11/2019,0:00,179
9/11/2019,6:00,0
9/11/2019,12:00,51
9/11/2019,18:00,348
9/12/2019,0:00,142
9/12/2019,6:00,0
9/12/2019,12:00,6
9/12/2019,18:00,177
9/13/2019,0:00,109
9/13/2019,6:00,0
9/13/2019,12:00,79
9/13/2019,18:00,788
9/14/2019,0:00,193
9/14/2019,6:00,0
9/14/2019,12:00,87
9/14/2019,18:00,674
9/15/2019,0:00,160
9/15/2019,6:00,0
9/15/2019,12:00,89
9/15/2019,18:00,770
9/16/2019,0:00,153
9/16/2019,6:00,0
9/16/2019,12:00,92
9/16/2019,18:00,767
9/17/2019,0:00,153
9/17/2019,6:00,0
9/17/2019,12:00,39
9/17/2019,18:00,595
9/18/2019,0:00,71
9/18/2019,6:00,0
9/18/2019,12:00,21
9/18/2019,18:00,284
9/19/2019,0:00,175
9/19/2019,6:00,0
9/19/2019,12:00,97
9/19/2019,18:00,673
9/20/2019,0:00,13
9/20/2019,6:00,0
9/20/2019,12:00,87
9/20/2019,18:00,796
9/21/2019,0:00,105
9/21/2019,6:00,0
9/21/2019,12:00,108
9/21/2019,18:00,841
9/22/2019,0:00,208
9/22/2019,6:00,0
9/22/2019,12:00,115
9/22/2019,18:00,864
9/23/2019,0:00,209
9/23/2019,6:00,0
9/23/2019,12:00,111
9/23/2019,18:00,849
9/24/2019,0:00,193
9/24/2019,6:00,0
9/24/2019,12:00,76
9/24/2019,18:00,761
9/25/2019,0:00,183
9/25/2019,6:00,0
9/25/2019,12:00,100
9/25/2019,18:00,847
9/26/2019,0:00,208
9/26/2019,6:00,0
9/26/2019,12:00,114
9/26/2019,18:00,844
9/27/2019,0:00,209
9/27/2019,6:00,0
9/27/2019,12:00,117
9/27/2019,18:00,817
9/28/2019,0:00,166
9/28/2019,6:00,0
9/28/2019,12:00,117
9/28/2019,18:00,844
9/29/2019,0:00,175
9/29/2019,6:00,0
9/29/2019,12:00,119
9/29/2019,18:00,853
9/30/2019,0:00,214
9/30/2019,6:00,0
9/30/2019,12:00,123
9/30/2019,18:00,867
10/1/2019,0:00,216
10/1/2019,6:00,0
10/1/2019,12:00,115
10/1/2019,18:00,850
10/2/2019,0:00,209
10/2/2019,6:00,0
10/2/2019,12:00,71
10/2/2019,18:00,456
10/3/2019,0:00,64
10/3/2019,6:00,0
10/3/2019,12:00,18
10/3/2019,18:00,493
10/4/2019,0:00,198
10/4/2019,6:00,0
10/4/2019,12:00,22
10/4/2019,18:00,468
10/5/2019,0:00,29
10/5/2019,6:00,0
10/5/2019,12:00,3
10/5/2019,18:00,49
10/6/2019,0:00,6
10/6/2019,6:00,0
10/6/2019,12:00,51
10/6/2019,18:00,380
10/7/2019,0:00,122
10/7/2019,6:00,0
10/7/2019,12:00,130
10/7/2019,18:00,870
10/8/2019,0:00,201
10/8/2019,6:00,0
10/8/2019,12:00,116
10/8/2019,18:00,850
10/9/2019,0:00,215
10/9/2019,6:00,0
10/9/2019,12:00,141
10/9/2019,18:00,890
10/10/2019,0:00,225
10/10/2019,6:00,0
10/10/2019,12:00,142
10/10/2019,18:00,890
10/11/2019,0:00,224
10/11/2019,6:00,0
10/11/2019,12:00,145
10/11/2019,18:00,890
10/12/2019,0:00,223
10/12/2019,6:00,0
10/12/2019,12:00,140
10/12/2019,18:00,880
10/13/2019,0:00,223
10/13/2019,6:00,0
10/13/2019,12:00,142
10/13/2019,18:00,880
10/14/2019,0:00,130
10/14/2019,6:00,0
10/14/2019,12:00,100
10/14/2019,18:00,364
10/15/2019,0:00,23
10/15/2019,6:00,0
10/15/2019,12:00,12
10/15/2019,18:00,190
10/16/2019,0:00,144
10/16/2019,6:00,0
10/16/2019,12:00,40
10/16/2019,18:00,290
10/17/2019,0:00,74
10/17/2019,6:00,0
10/17/2019,12:00,130
10/17/2019,18:00,820
10/18/2019,0:00,207
10/18/2019,6:00,0
10/18/2019,12:00,90
10/18/2019,18:00,500
10/19/2019,0:00,84
10/19/2019,6:00,0
10/19/2019,12:00,80
10/19/2019,18:00,820
10/20/2019,0:00,228
10/20/2019,6:00,0
10/20/2019,12:00,130
10/20/2019,18:00,750
10/21/2019,0:00,132
10/21/2019,6:00,0
10/21/2019,12:00,17
10/21/2019,18:00,300
10/22/2019,0:00,71
10/22/2019,6:00,0
10/22/2019,12:00,153
10/22/2019,18:00,890
10/23/2019,0:00,246
10/23/2019,6:00,0
10/23/2019,12:00,162
10/23/2019,18:00,900
10/24/2019,0:00,225
10/24/2019,6:00,0
10/24/2019,12:00,160
10/24/2019,18:00,930
10/25/2019,0:00,247
10/25/2019,6:00,0
10/25/2019,12:00,170
10/25/2019,18:00,950
10/26/2019,0:00,250
10/26/2019,6:00,0
10/26/2019,12:00,180
10/26/2019,18:00,950
10/27/2019,0:00,245
10/27/2019,6:00,0
10/27/2019,12:00,130
10/27/2019,18:00,710
10/28/2019,0:00,67
10/28/2019,6:00,0
10/28/2019,12:00,150
10/28/2019,18:00,900
10/29/2019,0:00,229
10/29/2019,6:00,0
10/29/2019,12:00,170
10/29/2019,18:00,910
10/30/2019,0:00,181
10/30/2019,6:00,0
10/30/2019,12:00,170
10/30/2019,18:00,920
10/31/2019,0:00,203
10/31/2019,6:00,0
10/31/2019,12:00,60
10/31/2019,18:00,740
11/1/2019,0:00,141
11/1/2019,6:00,0
11/1/2019,12:00,170
11/1/2019,18:00,930
11/2/2019,0:00,248
11/2/2019,6:00,0
11/2/2019,12:00,170
11/2/2019,18:00,930
11/3/2019,0:00,238
11/3/2019,6:00,0
11/3/2019,12:00,130
11/3/2019,18:00,670
11/4/2019,0:00,81
11/4/2019,6:00,0
11/4/2019,12:00,140
11/4/2019,18:00,280
11/5/2019,0:00,221
11/5/2019,6:00,0
11/5/2019,12:00,90
11/5/2019,18:00,490
11/6/2019,0:00,149
11/6/2019,6:00,0
11/6/2019,12:00,170
11/6/2019,18:00,900
11/7/2019,0:00,235
11/7/2019,6:00,0
11/7/2019,12:00,80
11/7/2019,18:00,680
11/8/2019,0:00,232
11/8/2019,6:00,0
11/8/2019,12:00,180
11/8/2019,18:00,940
11/9/2019,0:00,257
11/9/2019,6:00,0
11/9/2019,12:00,180
11/9/2019,18:00,910
11/10/2019,0:00,218
11/10/2019,6:00,0
11/10/2019,12:00,150
11/10/2019,18:00,800
11/11/2019,0:00,254
11/11/2019,6:00,0
11/11/2019,12:00,190
11/11/2019,18:00,920
11/12/2019,0:00,264
11/12/2019,6:00,0
11/12/2019,12:00,173
11/12/2019,18:00,920
11/13/2019,0:00,221
11/13/2019,6:00,0
11/13/2019,12:00,60
11/13/2019,18:00,130
11/14/2019,0:00,38
11/14/2019,6:00,0
11/14/2019,12:00,15
11/14/2019,18:00,880
11/15/2019,0:00,269
11/15/2019,6:00,0
11/15/2019,12:00,190
11/15/2019,18:00,980
11/16/2019,0:00,279
11/16/2019,6:00,0
11/16/2019,12:00,200
11/16/2019,18:00,1010
11/17/2019,0:00,287
11/17/2019,6:00,0
11/17/2019,12:00,200
11/17/2019,18:00,970
11/18/2019,0:00,272
11/18/2019,6:00,0
11/18/2019,12:00,190
11/18/2019,18:00,900
11/19/2019,0:00,176
11/19/2019,6:00,0
11/19/2019,12:00,190
11/19/2019,18:00,840
11/20/2019,0:00,185
11/20/2019,6:00,0
11/20/2019,12:00,190
11/20/2019,18:00,970
11/21/2019,0:00,281
11/21/2019,6:00,0
11/21/2019,12:00,190
11/21/2019,18:00,960
11/22/2019,0:00,254
11/22/2019,6:00,0
11/22/2019,12:00,190
11/22/2019,18:00,960
11/23/2019,0:00,59
11/23/2019,6:00,0
11/23/2019,12:00,190
11/23/2019,18:00,840
11/24/2019,0:00,290
11/24/2019,6:00,0
11/24/2019,12:00,200
11/24/2019,18:00,990
11/25/2019,0:00,292
11/25/2019,6:00,0
11/25/2019,12:00,190
11/25/2019,18:00,990
11/26/2019,0:00,290
11/26/2019,6:00,0
11/26/2019,12:00,160
11/26/2019,18:00,370
11/27/2019,0:00,96
11/27/2019,6:00,0
11/27/2019,12:00,30
11/27/2019,18:00,520
11/28/2019,0:00,255
11/28/2019,6:00,0
11/28/2019,12:00,210
11/28/2019,18:00,1030
11/29/2019,0:00,310
11/29/2019,6:00,0
11/29/2019,12:00,200
11/29/2019,18:00,990
11/30/2019,0:00,240
11/30/2019,6:00,0
11/30/2019,12:00,170
11/30/2019,18:00,890
12/1/2019,0:00,170
12/1/2019,6:00,0
12/1/2019,12:00,150
12/1/2019,18:00,990
12/2/2019,0:00,307
12/2/2019,6:00,0
12/2/2019,12:00,200
12/2/2019,18:00,1010
12/3/2019,0:00,310
12/3/2019,6:00,0
12/3/2019,12:00,190
12/3/2019,18:00,970
12/4/2019,0:00,307
12/4/2019,6:00,0
12/4/2019,12:00,140
12/4/2019,18:00,890
12/5/2019,0:00,261
12/5/2019,6:00,0
12/5/2019,12:00,170
12/5/2019,18:00,1000
12/6/2019,0:00,320
12/6/2019,6:00,0
12/6/2019,12:00,200
12/6/2019,18:00,1020
12/7/2019,0:00,320
12/7/2019,6:00,0
12/7/2019,12:00,200
12/7/2019,18:00,1010
12/8/2019,0:00,300
12/8/2019,6:00,0
12/8/2019,12:00,190
12/8/2019,18:00,1000
12/9/2019,0:00,320
12/9/2019,6:00,0
12/9/2019,12:00,190
12/9/2019,18:00,870
12/10/2019,0:00,260
12/10/2019,6:00,0
12/10/2019,12:00,190
12/10/2019,18:00,990
12/11/2019,0:00,220
12/11/2019,6:00,0
12/11/2019,12:00,190
12/11/2019,18:00,960
12/12/2019,0:00,310
12/12/2019,6:00,0
12/12/2019,12:00,180
12/12/2019,18:00,730
12/13/2019,0:00,180
12/13/2019,6:00,0
12/13/2019,12:00,190
12/13/2019,18:00,1000
12/14/2019,0:00,320
12/14/2019,6:00,0
12/14/2019,12:00,190
12/14/2019,18:00,970
12/15/2019,0:00,240
12/15/2019,6:00,0
12/15/2019,12:00,180
12/15/2019,18:00,760
12/16/2019,0:00,210
12/16/2019,6:00,0
12/16/2019,12:00,40
12/16/2019,18:00,510
12/17/2019,0:00,250
12/17/2019,6:00,0
12/17/2019,12:00,110
12/17/2019,18:00,790
12/18/2019,0:00,290
12/18/2019,6:00,0
12/18/2019,12:00,190
12/18/2019,18:00,930
12/19/2019,0:00,250
12/19/2019,6:00,0
12/19/2019,12:00,180
12/19/2019,18:00,980
12/20/2019,0:00,320
12/20/2019,6:00,0
12/20/2019,12:00,180
12/20/2019,18:00,970
12/21/2019,0:00,320
12/21/2019,6:00,0
12/21/2019,12:00,60
12/21/2019,18:00,350
12/22/2019,0:00,220
12/22/2019,6:00,0
12/22/2019,12:00,190
12/22/2019,18:00,1020
12/23/2019,0:00,340
12/23/2019,6:00,0
12/23/2019,12:00,190
12/23/2019,18:00,1030
12/24/2019,0:00,350
12/24/2019,6:00,0
12/24/2019,12:00,190
12/24/2019,18:00,1030
12/25/2019,0:00,350
12/25/2019,6:00,0
12/25/2019,12:00,180
12/25/2019,18:00,990
12/26/2019,0:00,330
12/26/2019,6:00,0
12/26/2019,12:00,180
12/26/2019,18:00,960
12/27/2019,0:00,270
12/27/2019,6:00,0
12/27/2019,12:00,170
12/27/2019,18:00,920
12/28/2019,0:00,290
12/28/2019,6:00,0
12/28/2019,12:00,140
12/28/2019,18:00,900
12/29/2019,0:00,295
12/29/2019,6:00,0
12/29/2019,12:00,170
12/29/2019,18:00,860
12/30/2019,0:00,279
12/30/2019,6:00,0
12/30/2019,12:00,160
12/30/2019,18:00,960
12/31/2019,0:00,284
12/31/2019,6:00,0
12/31/2019,12:00,150
12/31/2019,18:00,960
1/1/2020,0:00,204
1/1/2020,6:00,0
1/1/2020,12:00,170
1/1/2020,18:00,910
1/2/2020,0:00,327
1/2/2020,6:00,0
1/2/2020,12:00,70
1/2/2020,18:00,610
1/3/2020,0:00,336
1/3/2020,6:00,0
1/3/2020,12:00,110
1/3/2020,18:00,730
1/4/2020,0:00,340
1/4/2020,6:00,0
1/4/2020,12:00,90
1/4/2020,18:00,890
1/5/2020,0:00,342
1/5/2020,6:00,0
1/5/2020,12:00,170
1/5/2020,18:00,950
1/6/2020,0:00,210
1/6/2020,6:00,0
1/6/2020,12:00,160
1/6/2020,18:00,970
1/7/2020,0:00,150
1/7/2020,6:00,0
1/7/2020,12:00,150
1/7/2020,18:00,970
1/8/2020,0:00,300
1/8/2020,6:00,0
1/8/2020,12:00,160
1/8/2020,18:00,960
1/9/2020,0:00,310
1/9/2020,6:00,0
1/9/2020,12:00,160
1/9/2020,18:00,820
1/10/2020,0:00,310
1/10/2020,6:00,0
1/10/2020,12:00,120
1/10/2020,18:00,890
1/11/2020,0:00,171
1/11/2020,6:00,0
1/11/2020,12:00,150
1/11/2020,18:00,840
1/12/2020,0:00,288
1/12/2020,6:00,0
1/12/2020,12:00,160
1/12/2020,18:00,960
1/13/2020,0:00,345
1/13/2020,6:00,0
1/13/2020,12:00,150
1/13/2020,18:00,920
1/14/2020,0:00,340
1/14/2020,6:00,0
1/14/2020,12:00,50
1/14/2020,18:00,460
1/15/2020,0:00,50
1/15/2020,6:00,0
1/15/2020,12:00,60
1/15/2020,18:00,800
1/16/2020,0:00,150
1/16/2020,6:00,0
1/16/2020,12:00,30
1/16/2020,18:00,130
1/17/2020,0:00,40
1/17/2020,6:00,0
1/17/2020,12:00,150
1/17/2020,18:00,980
1/18/2020,0:00,350
1/18/2020,6:00,0
1/18/2020,12:00,150
1/18/2020,18:00,770
1/19/2020,0:00,338
1/19/2020,6:00,0
1/19/2020,12:00,73
1/19/2020,18:00,940
1/20/2020,0:00,340
1/20/2020,6:00,0
1/20/2020,12:00,110
1/20/2020,18:00,392
1/21/2020,0:00,206
1/21/2020,6:00,0
1/21/2020,12:00,20
1/21/2020,18:00,240
1/22/2020,0:00,43
1/22/2020,6:00,0
1/22/2020,12:00,3
1/22/2020,18:00,40
1/23/2020,0:00,11
1/23/2020,6:00,0
1/23/2020,12:00,27
1/23/2020,18:00,700
1/24/2020,0:00,340
1/24/2020,6:00,0
1/24/2020,12:00,140
1/24/2020,18:00,980
1/25/2020,0:00,351
1/25/2020,6:00,0
1/25/2020,12:00,150
1/25/2020,18:00,990
1/26/2020,0:00,354
1/26/2020,6:00,0
1/26/2020,12:00,140
1/26/2020,18:00,970
1/27/2020,0:00,343
1/27/2020,6:00,0
1/27/2020,12:00,110
1/27/2020,18:00,880
1/28/2020,0:00,291
1/28/2020,6:00,0
1/28/2020,12:00,130
1/28/2020,18:00,950
1/29/2020,0:00,339
1/29/2020,6:00,0
1/29/2020,12:00,20
1/29/2020,18:00,410
1/30/2020,0:00,271
1/30/2020,6:00,0
1/30/2020,12:00,13
1/30/2020,18:00,90
1/31/2020,0:00,271
1/31/2020,6:00,0
1/31/2020,12:00,120
1/31/2020,18:00,860
2/1/2020,0:00,341
2/1/2020,6:00,0
2/1/2020,12:00,130
2/1/2020,18:00,960
2/2/2020,0:00,335
2/2/2020,6:00,0
2/2/2020,12:00,130
2/2/2020,18:00,940
2/3/2020,0:00,331
2/3/2020,6:00,0
2/3/2020,12:00,130
2/3/2020,18:00,940
2/4/2020,0:00,331
2/4/2020,6:00,0
2/4/2020,12:00,130
2/4/2020,18:00,940
2/5/2020,0:00,332
2/5/2020,6:00,0
2/5/2020,12:00,120
2/5/2020,18:00,930
2/6/2020,0:00,324
2/6/2020,6:00,0
2/6/2020,12:00,120
2/6/2020,18:00,930
2/7/2020,0:00,328
2/7/2020,6:00,0
2/7/2020,12:00,120
2/7/2020,18:00,920
2/8/2020,0:00,314
2/8/2020,6:00,0
2/8/2020,12:00,120
2/8/2020,18:00,890
2/9/2020,0:00,300
2/9/2020,6:00,0
2/9/2020,12:00,70
2/9/2020,18:00,520
2/10/2020,0:00,317
2/10/2020,6:00,0
2/10/2020,12:00,120
2/10/2020,18:00,940
2/11/2020,0:00,331
2/11/2020,6:00,0
2/11/2020,12:00,120
2/11/2020,18:00,890
2/12/2020,0:00,323
2/12/2020,6:00,0
2/12/2020,12:00,100
2/12/2020,18:00,920
2/13/2020,0:00,322
2/13/2020,6:00,0
2/13/2020,12:00,119
2/13/2020,18:00,860
2/14/2020,0:00,315
2/14/2020,6:00,0
2/14/2020,12:00,117
2/14/2020,18:00,693
2/15/2020,0:00,125
2/15/2020,6:00,0
2/15/2020,12:00,6
2/15/2020,18:00,759
2/16/2020,0:00,275
2/16/2020,6:00,0
2/16/2020,12:00,112
2/16/2020,18:00,800
2/17/2020,0:00,194
2/17/2020,6:00,0
2/17/2020,12:00,104
2/17/2020,18:00,550
2/18/2020,0:00,244
2/18/2020,6:00,0
2/18/2020,12:00,108
2/18/2020,18:00,624
2/19/2020,0:00,52
2/19/2020,6:00,0
2/19/2020,12:00,101
2/19/2020,18:00,703
2/20/2020,0:00,246
2/20/2020,6:00,0
2/20/2020,12:00,114
2/20/2020,18:00,914
2/21/2020,0:00,306
2/21/2020,6:00,0
2/21/2020,12:00,39
2/21/2020,18:00,914
2/22/2020,0:00,314
2/22/2020,6:00,0
2/22/2020,12:00,117
2/22/2020,18:00,951
2/23/2020,0:00,314
2/23/2020,6:00,0
2/23/2020,12:00,106
2/23/2020,18:00,660
2/24/2020,0:00,287
2/24/2020,6:00,0
2/24/2020,12:00,85
2/24/2020,18:00,827
2/25/2020,0:00,255
2/25/2020,6:00,0
2/25/2020,12:00,102
2/25/2020,18:00,464
2/26/2020,0:00,226
2/26/2020,6:00,0
2/26/2020,12:00,105
2/26/2020,18:00,725
2/27/2020,0:00,288
2/27/2020,6:00,0
2/27/2020,12:00,108
2/27/2020,18:00,910
2/28/2020,0:00,295
2/28/2020,6:00,0
2/28/2020,12:00,107
2/28/2020,18:00,908
2/29/2020,0:00,294
2/29/2020,6:00,0
2/29/2020,12:00,105
2/29/2020,18:00,896
3/1/2020,0:00,262
3/1/2020,6:00,0
3/1/2020,12:00,105
3/1/2020,18:00,904
3/2/2020,0:00,290
3/2/2020,6:00,0
3/2/2020,12:00,104
3/2/2020,18:00,888
3/3/2020,0:00,273
3/3/2020,6:00,0
3/3/2020,12:00,101
3/3/2020,18:00,863
3/4/2020,0:00,237
3/4/2020,6:00,0
3/4/2020,12:00,100
3/4/2020,18:00,881
3/5/2020,0:00,280
3/5/2020,6:00,0
3/5/2020,12:00,102
3/5/2020,18:00,895
3/6/2020,0:00,278
3/6/2020,6:00,0
3/6/2020,12:00,99
3/6/2020,18:00,880
3/7/2020,0:00,272
3/7/2020,6:00,0
3/7/2020,12:00,83
3/7/2020,18:00,730
3/8/2020,0:00,256
3/8/2020,6:00,0
3/8/2020,12:00,95
3/8/2020,18:00,858
3/9/2020,0:00,267
3/9/2020,6:00,0
3/9/2020,12:00,96
3/9/2020,18:00,858
3/10/2020,0:00,263
3/10/2020,6:00,0
3/10/2020,12:00,90
3/10/2020,18:00,853
3/11/2020,0:00,258
3/11/2020,6:00,0
3/11/2020,12:00,90
3/11/2020,18:00,853
3/12/2020,0:00,255
3/12/2020,6:00,0
3/12/2020,12:00,92
3/12/2020,18:00,844
3/13/2020,0:00,251
3/13/2020,6:00,0
3/13/2020,12:00,90
3/13/2020,18:00,831
3/14/2020,0:00,189
3/14/2020,6:00,0
3/14/2020,12:00,90
3/14/2020,18:00,834
3/15/2020,0:00,238
3/15/2020,6:00,0
3/15/2020,12:00,80
3/15/2020,18:00,774
3/16/2020,0:00,78
3/16/2020,6:00,0
3/16/2020,12:00,45
3/16/2020,18:00,626
3/17/2020,0:00,122
3/17/2020,6:00,0
3/17/2020,12:00,86
3/17/2020,18:00,816
3/18/2020,0:00,149
3/18/2020,6:00,0
3/18/2020,12:00,82
3/18/2020,18:00,681
3/19/2020,0:00,114
3/19/2020,6:00,0
3/19/2020,12:00,12
3/19/2020,18:00,763
3/20/2020,0:00,235
3/20/2020,6:00,0
3/20/2020,12:00,88
3/20/2020,18:00,833
3/21/2020,0:00,235
3/21/2020,6:00,0
3/21/2020,12:00,90
3/21/2020,18:00,832
3/22/2020,0:00,236
3/22/2020,6:00,0
3/22/2020,12:00,90
3/22/2020,18:00,826
3/23/2020,0:00,231
3/23/2020,6:00,0
3/23/2020,12:00,84
3/23/2020,18:00,811
3/24/2020,0:00,224
3/24/2020,6:00,0
3/24/2020,12:00,83
3/24/2020,18:00,808
3/25/2020,0:00,225
3/25/2020,6:00,0
3/25/2020,12:00,82
3/25/2020,18:00,801
3/26/2020,0:00,220
3/26/2020,6:00,0
3/26/2020,12:00,82
3/26/2020,18:00,780
3/27/2020,0:00,211
3/27/2020,6:00,0
3/27/2020,12:00,81
3/27/2020,18:00,782
3/28/2020,0:00,204
3/28/2020,6:00,0
3/28/2020,12:00,23
3/28/2020,18:00,434
3/29/2020,0:00,57
3/29/2020,6:00,0
3/29/2020,12:00,74
3/29/2020,18:00,751
3/30/2020,0:00,200
3/30/2020,6:00,0
3/30/2020,12:00,70
3/30/2020,18:00,689
3/31/2020,0:00,50
3/31/2020,6:00,0
3/31/2020,12:00,70
3/31/2020,18:00,754
4/1/2020,0:00,99
4/1/2020,6:00,0
4/1/2020,12:00,70
4/1/2020,18:00,364
4/2/2020,0:00,190
4/2/2020,6:00,0
4/2/2020,12:00,0
4/2/2020,18:00,160
4/3/2020,0:00,141
4/3/2020,6:00,0
4/3/2020,12:00,46
4/3/2020,18:00,676
4/4/2020,0:00,121
4/4/2020,6:00,0
4/4/2020,12:00,80
4/4/2020,18:00,771
4/5/2020,0:00,196
4/5/2020,6:00,0
4/5/2020,12:00,70
4/5/2020,18:00,762
4/6/2020,0:00,160
4/6/2020,6:00,0
4/6/2020,12:00,10
4/6/2020,18:00,116
4/7/2020,0:00,106
4/7/2020,6:00,0
4/7/2020,12:00,70
4/7/2020,18:00,769
4/8/2020,0:00,192
4/8/2020,6:00,0
4/8/2020,12:00,70
4/8/2020,18:00,765
4/9/2020,0:00,188
4/9/2020,6:00,0
4/9/2020,12:00,72
4/9/2020,18:00,759
4/10/2020,0:00,183
4/10/2020,6:00,0
4/10/2020,12:00,70
4/10/2020,18:00,747
4/11/2020,0:00,181
4/11/2020,6:00,0
4/11/2020,12:00,69
4/11/2020,18:00,738
4/12/2020,0:00,177
4/12/2020,6:00,0
4/12/2020,12:00,69
4/12/2020,18:00,740
4/13/2020,0:00,177
4/13/2020,6:00,0
4/13/2020,12:00,63
4/13/2020,18:00,700
4/14/2020,0:00,50
4/14/2020,6:00,0
4/14/2020,12:00,36
4/14/2020,18:00,255
4/15/2020,0:00,76
4/15/2020,6:00,0
4/15/2020,12:00,68
4/15/2020,18:00,738
4/16/2020,0:00,172
4/16/2020,6:00,0
4/16/2020,12:00,65
4/16/2020,18:00,719
4/17/2020,0:00,167
4/17/2020,6:00,0
4/17/2020,12:00,63
4/17/2020,18:00,700
4/18/2020,0:00,159
4/18/2020,6:00,0
4/18/2020,12:00,63
4/18/2020,18:00,701
4/19/2020,0:00,158
4/19/2020,6:00,0
4/19/2020,12:00,62
4/19/2020,18:00,694
4/20/2020,0:00,157
4/20/2020,6:00,0
4/20/2020,12:00,61
4/20/2020,18:00,690
4/21/2020,0:00,154
4/21/2020,6:00,0
4/21/2020,12:00,60
4/21/2020,18:00,688
4/22/2020,0:00,153
4/22/2020,6:00,0
4/22/2020,12:00,60
4/22/2020,18:00,680
4/23/2020,0:00,130
4/23/2020,6:00,0
4/23/2020,12:00,59
4/23/2020,18:00,678
4/24/2020,0:00,148
4/24/2020,6:00,0
4/24/2020,12:00,59
4/24/2020,18:00,678
4/25/2020,0:00,147
4/25/2020,6:00,0
4/25/2020,12:00,56
4/25/2020,18:00,657
4/26/2020,0:00,139
4/26/2020,6:00,0
4/26/2020,12:00,51
4/26/2020,18:00,518
4/27/2020,0:00,80
4/27/2020,6:00,0
4/27/2020,12:00,50
4/27/2020,18:00,628
4/28/2020,0:00,111
4/28/2020,6:00,0
4/28/2020,12:00,52
4/28/2020,18:00,634
4/29/2020,0:00,135
4/29/2020,6:00,0
4/29/2020,12:00,35
4/29/2020,18:00,537
4/30/2020,0:00,100
4/30/2020,6:00,0
4/30/2020,12:00,51
4/30/2020,18:00,627
5/1/2020,0:00,131
5/1/2020,6:00,0
5/1/2020,12:00,9
5/1/2020,18:00,399
5/2/2020,0:00,93
5/2/2020,6:00,0
5/2/2020,12:00,54
5/2/2020,18:00,651
5/3/2020,0:00,135
5/3/2020,6:00,0
5/3/2020,12:00,53
5/3/2020,18:00,653
5/4/2020,0:00,134
5/4/2020,6:00,0
5/4/2020,12:00,49
5/4/2020,18:00,585
5/5/2020,0:00,84
5/5/2020,6:00,0
5/5/2020,12:00,24
5/5/2020,18:00,509
5/6/2020,0:00,58
5/6/2020,6:00,0
5/6/2020,12:00,49
5/6/2020,18:00,637
5/7/2020,0:00,129
5/7/2020,6:00,0
5/7/2020,12:00,50
5/7/2020,18:00,634
5/8/2020,0:00,121
5/8/2020,6:00,0
5/8/2020,12:00,49
5/8/2020,18:00,631
5/9/2020,0:00,127
5/9/2020,6:00,0
5/9/2020,12:00,49
5/9/2020,18:00,628
5/10/2020,0:00,124
5/10/2020,6:00,0
5/10/2020,12:00,47
5/10/2020,18:00,611
5/11/2020,0:00,116
5/11/2020,6:00,0
5/11/2020,12:00,35
5/11/2020,18:00,333
5/12/2020,0:00,73
5/12/2020,6:00,0
5/12/2020,12:00,9
5/12/2020,18:00,50
5/13/2020,0:00,10
5/13/2020,6:00,0
5/13/2020,12:00,3
5/13/2020,18:00,133
5/14/2020,0:00,103
5/14/2020,6:00,0
5/14/2020,12:00,44
5/14/2020,18:00,605
5/15/2020,0:00,118
5/15/2020,6:00,0
5/15/2020,12:00,46
5/15/2020,18:00,615
5/16/2020,0:00,119
5/16/2020,6:00,0
5/16/2020,12:00,42
5/16/2020,18:00,587
5/17/2020,0:00,113
5/17/2020,6:00,0
5/17/2020,12:00,42
5/17/2020,18:00,586
5/18/2020,0:00,112
5/18/2020,6:00,0
5/18/2020,12:00,42
5/18/2020,18:00,584
5/19/2020,0:00,111
5/19/2020,6:00,0
5/19/2020,12:00,40
5/19/2020,18:00,577
5/20/2020,0:00,110
5/20/2020,6:00,0
5/20/2020,12:00,39
5/20/2020,18:00,564
5/21/2020,0:00,106
5/21/2020,6:00,0
5/21/2020,12:00,26
5/21/2020,18:00,285
5/22/2020,0:00,45
5/22/2020,6:00,0
5/22/2020,12:00,4
5/22/2020,18:00,187
5/23/2020,0:00,10
5/23/2020,6:00,0
5/23/2020,12:00,2
5/23/2020,18:00,40
5/24/2020,0:00,6
5/24/2020,6:00,0
5/24/2020,12:00,5
5/24/2020,18:00,213
5/25/2020,0:00,52
5/25/2020,6:00,0
5/25/2020,12:00,40
5/25/2020,18:00,562
5/26/2020,0:00,106
5/26/2020,6:00,0
5/26/2020,12:00,40
5/26/2020,18:00,485
5/27/2020,0:00,102
5/27/2020,6:00,0
5/27/2020,12:00,36
5/27/2020,18:00,554
5/28/2020,0:00,104
5/28/2020,6:00,0
5/28/2020,12:00,40
5/28/2020,18:00,559
5/29/2020,0:00,104
5/29/2020,6:00,0
5/29/2020,12:00,40
5/29/2020,18:00,561
5/30/2020,0:00,104
5/30/2020,6:00,0
5/30/2020,12:00,40
5/30/2020,18:00,550
5/31/2020,0:00,102
5/31/2020,6:00,0
5/31/2020,12:00,0
5/31/2020,18:00,73
6/1/2020,0:00,8
6/1/2020,6:00,0
6/1/2020,12:00,33
6/1/2020,18:00,520
6/2/2020,0:00,29
6/2/2020,6:00,0
6/2/2020,12:00,33
6/2/2020,18:00,546
6/3/2020,0:00,103
6/3/2020,6:00,0
6/3/2020,12:00,30
6/3/2020,18:00,555
6/4/2020,0:00,102
6/4/2020,6:00,0
6/4/2020,12:00,24
6/4/2020,18:00,186
6/5/2020,0:00,25
6/5/2020,6:00,0
6/5/2020,12:00,12
6/5/2020,18:00,213
6/6/2020,0:00,4
6/6/2020,6:00,0
6/6/2020,12:00,0
6/6/2020,18:00,101
6/7/2020,0:00,13
6/7/2020,6:00,0
6/7/2020,12:00,30
6/7/2020,18:00,416
6/8/2020,0:00,60
6/8/2020,6:00,0
6/8/2020,12:00,10
6/8/2020,18:00,284
6/9/2020,0:00,20
6/9/2020,6:00,0
6/9/2020,12:00,19
6/9/2020,18:00,144
6/10/2020,0:00,9
6/10/2020,6:00,0
6/10/2020,12:00,3
6/10/2020,18:00,149
6/11/2020,0:00,64
6/11/2020,6:00,0
6/11/2020,12:00,21
6/11/2020,18:00,257
6/12/2020,0:00,90
6/12/2020,6:00,0
6/12/2020,12:00,28
6/12/2020,18:00,504
6/13/2020,0:00,94
6/13/2020,6:00,0
6/13/2020,12:00,2
6/13/2020,18:00,254
6/14/2020,0:00,80
6/14/2020,6:00,0
6/14/2020,12:00,31
6/14/2020,18:00,544
6/15/2020,0:00,103
6/15/2020,6:00,0
6/15/2020,12:00,17
6/15/2020,18:00,428
6/16/2020,0:00,90
6/16/2020,6:00,0
6/16/2020,12:00,21
6/16/2020,18:00,481
6/17/2020,0:00,80
6/17/2020,6:00,0
6/17/2020,12:00,28
6/17/2020,18:00,511
6/18/2020,0:00,95
6/18/2020,6:00,0
6/18/2020,12:00,17
6/18/2020,18:00,260
6/19/2020,0:00,30
6/19/2020,6:00,0
6/19/2020,12:00,16
6/19/2020,18:00,311
6/20/2020,0:00,81
6/20/2020,6:00,0
6/20/2020,12:00,17
6/20/2020,18:00,330
6/21/2020,0:00,92
6/21/2020,6:00,0
6/21/2020,12:00,27
6/21/2020,18:00,509
6/22/2020,0:00,96
6/22/2020,6:00,0
6/22/2020,12:00,26
6/22/2020,18:00,503
6/23/2020,0:00,97
6/23/2020,6:00,0
6/23/2020,12:00,20
6/23/2020,18:00,356
6/24/2020,0:00,97
6/24/2020,6:00,0
6/24/2020,12:00,30
6/24/2020,18:00,502
6/25/2020,0:00,86
6/25/2020,6:00,0
6/25/2020,12:00,4
6/25/2020,18:00,54
6/26/2020,0:00,12
6/26/2020,6:00,0
6/26/2020,12:00,19
6/26/2020,18:00,406
6/27/2020,0:00,84
6/27/2020,6:00,0
6/27/2020,12:00,26
6/27/2020,18:00,492
6/28/2020,0:00,49
6/28/2020,6:00,0
6/28/2020,12:00,21
6/28/2020,18:00,519
6/29/2020,0:00,100
6/29/2020,6:00,0
6/29/2020,12:00,14
6/29/2020,18:00,46
6/30/2020,0:00,7
6/30/2020,6:00,0
6/30/2020,12:00,7
6/30/2020,18:00,60
7/1/2020,0:00,37
7/1/2020,6:00,0
7/1/2020,12:00,5
7/1/2020,18:00,91
7/2/2020,0:00,9
7/2/2020,6:00,0
7/2/2020,12:00,20
7/2/2020,18:00,317
7/3/2020,0:00,32
7/3/2020,6:00,0
7/3/2020,12:00,28
7/3/2020,18:00,540
7/4/2020,0:00,108
7/4/2020,6:00,0
7/4/2020,12:00,29
7/4/2020,18:00,416
7/5/2020,0:00,75
7/5/2020,6:00,0
7/5/2020,12:00,1
7/5/2020,18:00,239
7/6/2020,0:00,33
7/6/2020,6:00,0
7/6/2020,12:00,6
7/6/2020,18:00,140
7/7/2020,0:00,37
7/7/2020,6:00,0
7/7/2020,12:00,1
7/7/2020,18:00,22
7/8/2020,0:00,3
7/8/2020,6:00,0
7/8/2020,12:00,4
7/8/2020,18:00,96
7/9/2020,0:00,17
7/9/2020,6:00,0
7/9/2020,12:00,28
7/9/2020,18:00,384
7/10/2020,0:00,89
7/10/2020,6:00,0
7/10/2020,12:00,30
7/10/2020,18:00,560
7/11/2020,0:00,111
7/11/2020,6:00,0
7/11/2020,12:00,2
7/11/2020,18:00,178
7/12/2020,0:00,29
7/12/2020,6:00,0
7/12/2020,12:00,22
7/12/2020,18:00,215
7/13/2020,0:00,90
7/13/2020,6:00,0
7/13/2020,12:00,12
7/13/2020,18:00,243
7/14/2020,0:00,22
7/14/2020,6:00,0
7/14/2020,12:00,31
7/14/2020,18:00,571
7/15/2020,0:00,121
7/15/2020,6:00,0
7/15/2020,12:00,32
7/15/2020,18:00,535
7/16/2020,0:00,92
7/16/2020,6:00,0
7/16/2020,12:00,7
7/16/2020,18:00,136
7/17/2020,0:00,12
7/17/2020,6:00,0
7/17/2020,12:00,20
7/17/2020,18:00,305
7/18/2020,0:00,110
7/18/2020,6:00,0
7/18/2020,12:00,29
7/18/2020,18:00,541
7/19/2020,0:00,114
7/19/2020,6:00,0
7/19/2020,12:00,30
7/19/2020,18:00,544
7/20/2020,0:00,116
7/20/2020,6:00,0
7/20/2020,12:00,26
7/20/2020,18:00,541
7/21/2020,0:00,116
7/21/2020,6:00,0
7/21/2020,12:00,24
7/21/2020,18:00,482
7/22/2020,0:00,96
7/22/2020,6:00,0
7/22/2020,12:00,24
7/22/2020,18:00,476
7/23/2020,0:00,103
7/23/2020,6:00,0
7/23/2020,12:00,26
7/23/2020,18:00,516
7/24/2020,0:00,117
7/24/2020,6:00,0
7/24/2020,12:00,21
7/24/2020,18:00,310
7/25/2020,0:00,39
7/25/2020,6:00,0
7/25/2020,12:00,8
7/25/2020,18:00,500
7/26/2020,0:00,104
7/26/2020,6:00,0
7/26/2020,12:00,28
7/26/2020,18:00,546
7/27/2020,0:00,115
7/27/2020,6:00,0
7/27/2020,12:00,15
7/27/2020,18:00,316
7/28/2020,0:00,117
7/28/2020,6:00,0
7/28/2020,12:00,14
7/28/2020,18:00,86
7/29/2020,0:00,32
7/29/2020,6:00,0
7/29/2020,12:00,38
7/29/2020,18:00,618
7/30/2020,0:00,137
7/30/2020,6:00,0
7/30/2020,12:00,38
7/30/2020,18:00,606
7/31/2020,0:00,135
7/31/2020,6:00,0
7/31/2020,12:00,33
7/31/2020,18:00,189
8/1/2020,0:00,18
8/1/2020,6:00,0
8/1/2020,12:00,36
8/1/2020,18:00,584
8/2/2020,0:00,130
8/2/2020,6:00,0
8/2/2020,12:00,38
8/2/2020,18:00,596
8/3/2020,0:00,133
8/3/2020,6:00,0
8/3/2020,12:00,39
8/3/2020,18:00,604
8/4/2020,0:00,135
8/4/2020,6:00,0
8/4/2020,12:00,40
8/4/2020,18:00,610
8/5/2020,0:00,138
8/5/2020,6:00,0
8/5/2020,12:00,41
8/5/2020,18:00,622
8/6/2020,0:00,141
8/6/2020,6:00,0
8/6/2020,12:00,42
8/6/2020,18:00,628
8/7/2020,0:00,142
8/7/2020,6:00,0
8/7/2020,12:00,42
8/7/2020,18:00,622
8/8/2020,0:00,142
8/8/2020,6:00,0
8/8/2020,12:00,42
8/8/2020,18:00,620
8/9/2020,0:00,140
8/9/2020,6:00,0
8/9/2020,12:00,43
8/9/2020,18:00,627
8/10/2020,0:00,144
8/10/2020,6:00,0
8/10/2020,12:00,44
8/10/2020,18:00,622
8/11/2020,0:00,143
8/11/2020,6:00,0
8/11/2020,12:00,8
8/11/2020,18:00,529
8/12/2020,0:00,115
8/12/2020,6:00,0
8/12/2020,12:00,2
8/12/2020,18:00,89
8/13/2020,0:00,7
8/13/2020,6:00,0
8/13/2020,12:00,3
8/13/2020,18:00,176
8/14/2020,0:00,62
8/14/2020,6:00,0
8/14/2020,12:00,48
8/14/2020,18:00,554
8/15/2020,0:00,45
8/15/2020,6:00,0
8/15/2020,12:00,47
8/15/2020,18:00,658
8/16/2020,0:00,151
8/16/2020,6:00,0
8/16/2020,12:00,52
8/16/2020,18:00,677
8/17/2020,0:00,158
8/17/2020,6:00,0
8/17/2020,12:00,54
8/17/2020,18:00,678
8/18/2020,0:00,157
8/18/2020,6:00,0
8/18/2020,12:00,17
8/18/2020,18:00,624
8/19/2020,0:00,140
8/19/2020,6:00,0
8/19/2020,12:00,29
8/19/2020,18:00,545
8/20/2020,0:00,146
8/20/2020,6:00,0
8/20/2020,12:00,54
8/20/2020,18:00,651
8/21/2020,0:00,163
8/21/2020,6:00,0
8/21/2020,12:00,60
8/21/2020,18:00,708
8/22/2020,0:00,166
8/22/2020,6:00,0
8/22/2020,12:00,59
8/22/2020,18:00,703
8/23/2020,0:00,166
8/23/2020,6:00,0
8/23/2020,12:00,59
8/23/2020,18:00,701
8/24/2020,0:00,165
8/24/2020,6:00,0
8/24/2020,12:00,49
8/24/2020,18:00,647
8/25/2020,0:00,160
8/25/2020,6:00,0
8/25/2020,12:00,53
8/25/2020,18:00,667
8/26/2020,0:00,161
8/26/2020,6:00,0
8/26/2020,12:00,61
8/26/2020,18:00,684
8/27/2020,0:00,163
8/27/2020,6:00,0
8/27/2020,12:00,62
8/27/2020,18:00,684
8/28/2020,0:00,164
8/28/2020,6:00,0
8/28/2020,12:00,61
8/28/2020,18:00,687
8/29/2020,0:00,145
8/29/2020,6:00,0
8/29/2020,12:00,63
8/29/2020,18:00,694
8/30/2020,0:00,116
8/30/2020,6:00,0
8/30/2020,12:00,46
8/30/2020,18:00,213
8/31/2020,0:00,91
8/31/2020,6:00,0
8/31/2020,12:00,8
8/31/2020,18:00,462
9/1/2020,0:00,93
9/1/2020,6:00,0
9/1/2020,12:00,52
9/1/2020,18:00,577
9/2/2020,0:00,140
9/2/2020,6:00,0
9/2/2020,12:00,69
9/2/2020,18:00,610
9/3/2020,0:00,93
9/3/2020,6:00,0
9/3/2020,12:00,32
9/3/2020,18:00,386
9/4/2020,0:00,59
9/4/2020,6:00,0
9/4/2020,12:00,78
9/4/2020,18:00,765
9/5/2020,0:00,182
9/5/2020,6:00,0
9/5/2020,12:00,74
9/5/2020,18:00,723
9/6/2020,0:00,119
9/6/2020,6:00,0
9/6/2020,12:00,33
9/6/2020,18:00,156
9/7/2020,0:00,98
9/7/2020,6:00,0
9/7/2020,12:00,4
9/7/2020,18:00,122
9/8/2020,0:00,6
9/8/2020,6:00,0
9/8/2020,12:00,80
9/8/2020,18:00,662
9/9/2020,0:00,156
9/9/2020,6:00,0
9/9/2020,12:00,73
9/9/2020,18:00,642
9/10/2020,0:00,171
9/10/2020,6:00,0
9/10/2020,12:00,82
9/10/2020,18:00,684
9/11/2020,0:00,175
9/11/2020,6:00,0
9/11/2020,12:00,78
9/11/2020,18:00,744
9/12/2020,0:00,153
9/12/2020,6:00,0
9/12/2020,12:00,63
9/12/2020,18:00,356
9/13/2020,0:00,90
9/13/2020,6:00,0
9/13/2020,12:00,59
9/13/2020,18:00,663
9/14/2020,0:00,73
9/14/2020,6:00,0
9/14/2020,12:00,25
9/14/2020,18:00,305
9/15/2020,0:00,106
9/15/2020,6:00,0
9/15/2020,12:00,39
9/15/2020,18:00,447
9/16/2020,0:00,111
9/16/2020,6:00,0
9/16/2020,12:00,15
9/16/2020,18:00,285
9/17/2020,0:00,47
9/17/2020,6:00,0
9/17/2020,12:00,57
9/17/2020,18:00,473
9/18/2020,0:00,188
9/18/2020,6:00,0
9/18/2020,12:00,99
9/18/2020,18:00,778
9/19/2020,0:00,200
9/19/2020,6:00,0
9/19/2020,12:00,102
9/19/2020,18:00,803
9/20/2020,0:00,135
9/20/2020,6:00,0
9/20/2020,12:00,108
9/20/2020,18:00,850
9/21/2020,0:00,209
9/21/2020,6:00,0
9/21/2020,12:00,113
9/21/2020,18:00,860
9/22/2020,0:00,212
9/22/2020,6:00,0
9/22/2020,12:00,110
9/22/2020,18:00,759
9/23/2020,0:00,182
9/23/2020,6:00,0
9/23/2020,12:00,108
9/23/2020,18:00,823
9/24/2020,0:00,198
9/24/2020,6:00,0
9/24/2020,12:00,111
9/24/2020,18:00,829
9/25/2020,0:00,206
9/25/2020,6:00,0
9/25/2020,12:00,92
9/25/2020,18:00,770
9/26/2020,0:00,182
9/26/2020,6:00,0
9/26/2020,12:00,113
9/26/2020,18:00,798
9/27/2020,0:00,203
9/27/2020,6:00,0
9/27/2020,12:00,76
9/27/2020,18:00,676
9/28/2020,0:00,127
9/28/2020,6:00,0
9/28/2020,12:00,91
9/28/2020,18:00,863
9/29/2020,0:00,217
9/29/2020,6:00,0
9/29/2020,12:00,119
9/29/2020,18:00,816
9/30/2020,0:00,188
9/30/2020,6:00,0
9/30/2020,12:00,102
9/30/2020,18:00,829
10/1/2020,0:00,188
10/1/2020,6:00,0
10/1/2020,12:00,65
10/1/2020,18:00,761
10/2/2020,0:00,210
10/2/2020,6:00,0
10/2/2020,12:00,119
10/2/2020,18:00,764
10/3/2020,0:00,179
10/3/2020,6:00,0
10/3/2020,12:00,63
10/3/2020,18:00,370
10/4/2020,0:00,71
10/4/2020,6:00,0
10/4/2020,12:00,120
10/4/2020,18:00,783
10/5/2020,0:00,188
10/5/2020,6:00,0
10/5/2020,12:00,68
10/5/2020,18:00,858
10/6/2020,0:00,215
10/6/2020,6:00,0
10/6/2020,12:00,130
10/6/2020,18:00,866
10/7/2020,0:00,216
10/7/2020,6:00,0
10/7/2020,12:00,108
10/7/2020,18:00,764
10/8/2020,0:00,106
10/8/2020,6:00,0
10/8/2020,12:00,12
10/8/2020,18:00,253
10/9/2020,0:00,138
10/9/2020,6:00,0
10/9/2020,12:00,42
10/9/2020,18:00,580
10/10/2020,0:00,210
10/10/2020,6:00,0
10/10/2020,12:00,144
10/10/2020,18:00,911
10/11/2020,0:00,233
10/11/2020,6:00,0
10/11/2020,12:00,148
10/11/2020,18:00,916
10/12/2020,0:00,233
10/12/2020,6:00,0
10/12/2020,12:00,148
10/12/2020,18:00,906
10/13/2020,0:00,228
10/13/2020,6:00,0
10/13/2020,12:00,152
10/13/2020,18:00,913
10/14/2020,0:00,230
10/14/2020,6:00,0
10/14/2020,12:00,148
10/14/2020,18:00,760
10/15/2020,0:00,137
10/15/2020,6:00,0
10/15/2020,12:00,130
10/15/2020,18:00,910
10/16/2020,0:00,225
10/16/2020,6:00,0
10/16/2020,12:00,150
10/16/2020,18:00,900
10/17/2020,0:00,235
10/17/2020,6:00,0
10/17/2020,12:00,150
10/17/2020,18:00,890
10/18/2020,0:00,206
10/18/2020,6:00,0
10/18/2020,12:00,150
10/18/2020,18:00,900
10/19/2020,0:00,236
10/19/2020,6:00,0
10/19/2020,12:00,160
10/19/2020,18:00,920
10/20/2020,0:00,237
10/20/2020,6:00,0
10/20/2020,12:00,160
10/20/2020,18:00,910
10/21/2020,0:00,166
10/21/2020,6:00,0
10/21/2020,12:00,160
10/21/2020,18:00,910
10/22/2020,0:00,197
10/22/2020,6:00,0
10/22/2020,12:00,160
10/22/2020,18:00,910
10/23/2020,0:00,231
10/23/2020,6:00,0
10/23/2020,12:00,120
10/23/2020,18:00,550
10/24/2020,0:00,67
10/24/2020,6:00,0
10/24/2020,12:00,100
10/24/2020,18:00,840
10/25/2020,0:00,238
10/25/2020,6:00,0
10/25/2020,12:00,170
10/25/2020,18:00,930
10/26/2020,0:00,243
10/26/2020,6:00,0
10/26/2020,12:00,45
10/26/2020,18:00,230
10/27/2020,0:00,85
10/27/2020,6:00,0
10/27/2020,12:00,120
10/27/2020,18:00,840
10/28/2020,0:00,255
10/28/2020,6:00,0
10/28/2020,12:00,180
10/28/2020,18:00,970
10/29/2020,0:00,257
10/29/2020,6:00,0
10/29/2020,12:00,100
10/29/2020,18:00,570
10/30/2020,0:00,134
10/30/2020,6:00,0
10/30/2020,12:00,160
10/30/2020,18:00,840
10/31/2020,0:00,239
10/31/2020,6:00,0
10/31/2020,12:00,170
10/31/2020,18:00,790
11/1/2020,0:00,253
11/1/2020,6:00,0
11/1/2020,12:00,180
11/1/2020,18:00,960
11/2/2020,0:00,259
11/2/2020,6:00,0
11/2/2020,12:00,180
11/2/2020,18:00,970
11/3/2020,0:00,252
11/3/2020,6:00,0
11/3/2020,12:00,180
11/3/2020,18:00,960
11/4/2020,0:00,261
11/4/2020,6:00,0
11/4/2020,12:00,190
11/4/2020,18:00,990
11/5/2020,0:00,273
11/5/2020,6:00,0
11/5/2020,12:00,190
11/5/2020,18:00,1000
11/6/2020,0:00,269
11/6/2020,6:00,0
11/6/2020,12:00,190
11/6/2020,18:00,990
11/7/2020,0:00,270
11/7/2020,6:00,0
11/7/2020,12:00,190
11/7/2020,18:00,980
11/8/2020,0:00,268
11/8/2020,6:00,0
11/8/2020,12:00,180
11/8/2020,18:00,880
11/9/2020,0:00,223
11/9/2020,6:00,0
11/9/2020,12:00,80
11/9/2020,18:00,540
11/10/2020,0:00,108
11/10/2020,6:00,0
11/10/2020,12:00,180
11/10/2020,18:00,700
11/11/2020,0:00,202
11/11/2020,6:00,0
11/11/2020,12:00,180
11/11/2020,18:00,900
11/12/2020,0:00,235
11/12/2020,6:00,0
11/12/2020,12:00,180
11/12/2020,18:00,880
11/13/2020,0:00,267
11/13/2020,6:00,0
11/13/2020,12:00,190
11/13/2020,18:00,970
11/14/2020,0:00,271
11/14/2020,6:00,0
11/14/2020,12:00,190
11/14/2020,18:00,950
11/15/2020,0:00,249
11/15/2020,6:00,0
11/15/2020,12:00,90
11/15/2020,18:00,400
11/16/2020,0:00,211
11/16/2020,6:00,0
11/16/2020,12:00,180
11/16/2020,18:00,910
11/17/2020,0:00,267
11/17/2020,6:00,0
11/17/2020,12:00,200
11/17/2020,18:00,1000
11/18/2020,0:00,288
11/18/2020,6:00,0
11/18/2020,12:00,120
11/18/2020,18:00,800
11/19/2020,0:00,166
11/19/2020,6:00,0
11/19/2020,12:00,200
11/19/2020,18:00,990
11/20/2020,0:00,239
11/20/2020,6:00,0
11/20/2020,12:00,200
11/20/2020,18:00,540
11/21/2020,0:00,128
11/21/2020,6:00,0
11/21/2020,12:00,200
11/21/2020,18:00,1000
11/22/2020,0:00,290
11/22/2020,6:00,0
11/22/2020,12:00,200
11/22/2020,18:00,990
11/23/2020,0:00,290
11/23/2020,6:00,0
11/23/2020,12:00,200
11/23/2020,18:00,990
11/24/2020,0:00,292
11/24/2020,6:00,0
11/24/2020,12:00,200
11/24/2020,18:00,990
11/25/2020,0:00,291
11/25/2020,6:00,0
11/25/2020,12:00,200
11/25/2020,18:00,900
11/26/2020,0:00,226
11/26/2020,6:00,0
11/26/2020,12:00,70
11/26/2020,18:00,130
11/27/2020,0:00,93
11/27/2020,6:00,0
11/27/2020,12:00,190
11/27/2020,18:00,830
11/28/2020,0:00,278
11/28/2020,6:00,0
11/28/2020,12:00,180
11/28/2020,18:00,960
11/29/2020,0:00,252
11/29/2020,6:00,0
11/29/2020,12:00,40
11/29/2020,18:00,710
11/30/2020,0:00,210
11/30/2020,6:00,0
11/30/2020,12:00,10
11/30/2020,18:00,120
12/1/2020,0:00,60
12/1/2020,6:00,0
12/1/2020,12:00,190
12/1/2020,18:00,720
12/2/2020,0:00,244
12/2/2020,6:00,0
12/2/2020,12:00,190
12/2/2020,18:00,800
12/3/2020,0:00,114
12/3/2020,6:00,0
12/3/2020,12:00,40
12/3/2020,18:00,570
12/4/2020,0:00,300
12/4/2020,6:00,0
12/4/2020,12:00,200
12/4/2020,18:00,1000
12/5/2020,0:00,292
12/5/2020,6:00,0
12/5/2020,12:00,140
12/5/2020,18:00,790
12/6/2020,0:00,204
12/6/2020,6:00,0
12/6/2020,12:00,110
12/6/2020,18:00,740
12/7/2020,0:00,300
12/7/2020,6:00,0
12/7/2020,12:00,190
12/7/2020,18:00,1000
12/8/2020,0:00,310
12/8/2020,6:00,0
12/8/2020,12:00,200
12/8/2020,18:00,1010
12/9/2020,0:00,320
12/9/2020,6:00,0
12/9/2020,12:00,200
12/9/2020,18:00,1010
12/10/2020,0:00,322
12/10/2020,6:00,0
12/10/2020,12:00,200
12/10/2020,18:00,1010
12/11/2020,0:00,323
12/11/2020,6:00,0
12/11/2020,12:00,190
12/11/2020,18:00,1000
12/12/2020,0:00,320
12/12/2020,6:00,0
12/12/2020,12:00,190
12/12/2020,18:00,890
12/13/2020,0:00,160
12/13/2020,6:00,0
12/13/2020,12:00,190
12/13/2020,18:00,920
12/14/2020,0:00,220
12/14/2020,6:00,0
12/14/2020,12:00,160
12/14/2020,18:00,630
12/15/2020,0:00,230
12/15/2020,6:00,0
12/15/2020,12:00,190
12/15/2020,18:00,990
12/16/2020,0:00,310
12/16/2020,6:00,0
12/16/2020,12:00,150
12/16/2020,18:00,560
12/17/2020,0:00,110
12/17/2020,6:00,0
12/17/2020,12:00,160
12/17/2020,18:00,810
12/18/2020,0:00,130
12/18/2020,6:00,0
12/18/2020,12:00,180
12/18/2020,18:00,750
12/19/2020,0:00,270
12/19/2020,6:00,0
12/19/2020,12:00,140
12/19/2020,18:00,650
12/20/2020,0:00,180
12/20/2020,6:00,0
12/20/2020,12:00,80
12/20/2020,18:00,190
12/21/2020,0:00,160
12/21/2020,6:00,0
12/21/2020,12:00,190
12/21/2020,18:00,1010
12/22/2020,0:00,350
12/22/2020,6:00,0
12/22/2020,12:00,200
12/22/2020,18:00,1040
12/23/2020,0:00,350
12/23/2020,6:00,0
12/23/2020,12:00,190
12/23/2020,18:00,1020
12/24/2020,0:00,345
12/24/2020,6:00,0
12/24/2020,12:00,180
12/24/2020,18:00,1000
12/25/2020,0:00,338
12/25/2020,6:00,0
12/25/2020,12:00,180
12/25/2020,18:00,910
12/26/2020,0:00,222
12/26/2020,6:00,0
12/26/2020,12:00,130
12/26/2020,18:00,630
12/27/2020,0:00,152
12/27/2020,6:00,0
12/27/2020,12:00,40
12/27/2020,18:00,950
12/28/2020,0:00,274
12/28/2020,6:00,0
12/28/2020,12:00,80
12/28/2020,18:00,940
12/29/2020,0:00,173
12/29/2020,6:00,0
12/29/2020,12:00,80
12/29/2020,18:00,960
12/30/2020,0:00,260
12/30/2020,6:00,0
12/30/2020,12:00,170
12/30/2020,18:00,690
12/31/2020,0:00,180
12/31/2020,6:00,0
12/31/2020,12:00,140
12/31/2020,18:00,520
1/1/2021,0:00,350
1/1/2021,6:00,0
1/1/2021,12:00,180
1/1/2021,18:00,1000
1/2/2021,0:00,350
1/2/2021,6:00,0
1/2/2021,12:00,170
1/2/2021,18:00,1000
1/3/2021,0:00,350
1/3/2021,6:00,0
1/3/2021,12:00,170
1/3/2021,18:00,940
1/4/2021,0:00,290
1/4/2021,6:00,0
1/4/2021,12:00,160
1/4/2021,18:00,870
1/5/2021,0:00,140
1/5/2021,6:00,0
1/5/2021,12:00,40
1/5/2021,18:00,430
1/6/2021,0:00,180
1/6/2021,6:00,0
1/6/2021,12:00,160
1/6/2021,18:00,890
1/7/2021,0:00,230
1/7/2021,6:00,0
1/7/2021,12:00,120
1/7/2021,18:00,760
1/8/2021,0:00,240
1/8/2021,6:00,0
1/8/2021,12:00,160
1/8/2021,18:00,1000
1/9/2021,0:00,357
1/9/2021,6:00,0
1/9/2021,12:00,160
1/9/2021,18:00,980
1/10/2021,0:00,212
1/10/2021,6:00,0
1/10/2021,12:00,150
1/10/2021,18:00,840
1/11/2021,0:00,338
1/11/2021,6:00,0
1/11/2021,12:00,150
1/11/2021,18:00,880
1/12/2021,0:00,334
1/12/2021,6:00,0
1/12/2021,12:00,150
1/12/2021,18:00,870
1/13/2021,0:00,212
1/13/2021,6:00,0
1/13/2021,12:00,140
1/13/2021,18:00,900
1/14/2021,0:00,338
1/14/2021,6:00,0
1/14/2021,12:00,140
1/14/2021,18:00,550
1/15/2021,0:00,344
1/15/2021,6:00,0
1/15/2021,12:00,150
1/15/2021,18:00,920
1/16/2021,0:00,287
1/16/2021,6:00,0
1/16/2021,12:00,110
1/16/2021,18:00,840
1/17/2021,0:00,300
1/17/2021,6:00,0
1/17/2021,12:00,80
1/17/2021,18:00,770
1/18/2021,0:00,211
1/18/2021,6:00,0
1/18/2021,12:00,140
1/18/2021,18:00,960
1/19/2021,0:00,355
1/19/2021,6:00,0
1/19/2021,12:00,150
1/19/2021,18:00,910
1/20/2021,0:00,329
1/20/2021,6:00,0
1/20/2021,12:00,90
1/20/2021,18:00,460
1/21/2021,0:00,274
1/21/2021,6:00,0
1/21/2021,12:00,14
1/21/2021,18:00,310
1/22/2021,0:00,260
1/22/2021,6:00,0
1/22/2021,12:00,20
1/22/2021,18:00,330
1/23/2021,0:00,325
1/23/2021,6:00,0
1/23/2021,12:00,140
1/23/2021,18:00,930
1/24/2021,0:00,333
1/24/2021,6:00,0
1/24/2021,12:00,140
1/24/2021,18:00,880
1/25/2021,0:00,326
1/25/2021,6:00,0
1/25/2021,12:00,140
1/25/2021,18:00,930
1/26/2021,0:00,318
1/26/2021,6:00,0
1/26/2021,12:00,110
1/26/2021,18:00,440
1/27/2021,0:00,222
1/27/2021,6:00,0
1/27/2021,12:00,10
1/27/2021,18:00,60
1/28/2021,0:00,233
1/28/2021,6:00,0
1/28/2021,12:00,40
1/28/2021,18:00,720
1/29/2021,0:00,293
1/29/2021,6:00,0
1/29/2021,12:00,130
1/29/2021,18:00,940
1/30/2021,0:00,335
1/30/2021,6:00,0
1/30/2021,12:00,130
1/30/2021,18:00,830
1/31/2021,0:00,160
1/31/2021,6:00,0
1/31/2021,12:00,73
1/31/2021,18:00,410
2/1/2021,0:00,41
2/1/2021,6:00,0
2/1/2021,12:00,120
2/1/2021,18:00,790
2/2/2021,0:00,263
2/2/2021,6:00,0
2/2/2021,12:00,80
2/2/2021,18:00,920
2/3/2021,0:00,201
2/3/2021,6:00,0
2/3/2021,12:00,80
2/3/2021,18:00,440
2/4/2021,0:00,189
2/4/2021,6:00,0
2/4/2021,12:00,85
2/4/2021,18:00,830
2/5/2021,0:00,326
2/5/2021,6:00,0
2/5/2021,12:00,130
2/5/2021,18:00,960
2/6/2021,0:00,342
2/6/2021,6:00,0
2/6/2021,12:00,130
2/6/2021,18:00,970
2/7/2021,0:00,339
2/7/2021,6:00,0
2/7/2021,12:00,130
2/7/2021,18:00,960
2/8/2021,0:00,335
2/8/2021,6:00,0
2/8/2021,12:00,127
2/8/2021,18:00,950
2/9/2021,0:00,332
2/9/2021,6:00,0
2/9/2021,12:00,87
2/9/2021,18:00,890
2/10/2021,0:00,317
2/10/2021,6:00,0
2/10/2021,12:00,76
2/10/2021,18:00,580
2/11/2021,0:00,132
2/11/2021,6:00,0
2/11/2021,12:00,22
2/11/2021,18:00,710
2/12/2021,0:00,308
2/12/2021,6:00,0
2/12/2021,12:00,105
2/12/2021,18:00,830
2/13/2021,0:00,186
2/13/2021,6:00,0
2/13/2021,12:00,108
2/13/2021,18:00,890
2/14/2021,0:00,315
2/14/2021,6:00,0
2/14/2021,12:00,112
2/14/2021,18:00,918
2/15/2021,0:00,316
2/15/2021,6:00,0
2/15/2021,12:00,114
2/15/2021,18:00,801
2/16/2021,0:00,280
2/16/2021,6:00,0
2/16/2021,12:00,114
2/16/2021,18:00,910
2/17/2021,0:00,314
2/17/2021,6:00,0
2/17/2021,12:00,117
2/17/2021,18:00,940
2/18/2021,0:00,322
2/18/2021,6:00,0
2/18/2021,12:00,115
2/18/2021,18:00,925
2/19/2021,0:00,312
2/19/2021,6:00,0
2/19/2021,12:00,114
2/19/2021,18:00,901
2/20/2021,0:00,297
2/20/2021,6:00,0
2/20/2021,12:00,113
2/20/2021,18:00,925
2/21/2021,0:00,305
2/21/2021,6:00,0
2/21/2021,12:00,112
2/21/2021,18:00,907
2/22/2021,0:00,305
2/22/2021,6:00,0
2/22/2021,12:00,107
2/22/2021,18:00,888
2/23/2021,0:00,221
2/23/2021,6:00,0
2/23/2021,12:00,106
2/23/2021,18:00,892
2/24/2021,0:00,259
2/24/2021,6:00,0
2/24/2021,12:00,79
2/24/2021,18:00,838
2/25/2021,0:00,282
2/25/2021,6:00,0
2/25/2021,12:00,110
2/25/2021,18:00,901
2/26/2021,0:00,297
2/26/2021,6:00,0
2/26/2021,12:00,110
2/26/2021,18:00,889
2/27/2021,0:00,284
2/27/2021,6:00,0
2/27/2021,12:00,100
2/27/2021,18:00,886
2/28/2021,0:00,289
2/28/2021,6:00,0
2/28/2021,12:00,104
2/28/2021,18:00,882
3/1/2021,0:00,279
3/1/2021,6:00,0
3/1/2021,12:00,99
3/1/2021,18:00,855
3/2/2021,0:00,270
3/2/2021,6:00,0
3/2/2021,12:00,98
3/2/2021,18:00,840
3/3/2021,0:00,212
3/3/2021,6:00,0
3/3/2021,12:00,47
3/3/2021,18:00,561
3/4/2021,0:00,227
3/4/2021,6:00,0
3/4/2021,12:00,37
3/4/2021,18:00,189
3/5/2021,0:00,193
3/5/2021,6:00,0
3/5/2021,12:00,35
3/5/2021,18:00,615
3/6/2021,0:00,258
3/6/2021,6:00,0
3/6/2021,12:00,90
3/6/2021,18:00,846
3/7/2021,0:00,272
3/7/2021,6:00,0
3/7/2021,12:00,100
3/7/2021,18:00,872
3/8/2021,0:00,270
3/8/2021,6:00,0
3/8/2021,12:00,100
3/8/2021,18:00,877
3/9/2021,0:00,262
3/9/2021,6:00,0
3/9/2021,12:00,100
3/9/2021,18:00,792
3/10/2021,0:00,263
3/10/2021,6:00,0
3/10/2021,12:00,100
3/10/2021,18:00,870
3/11/2021,0:00,267
3/11/2021,6:00,0
3/11/2021,12:00,100
3/11/2021,18:00,876
3/12/2021,0:00,264
3/12/2021,6:00,0
3/12/2021,12:00,100
3/12/2021,18:00,863
3/13/2021,0:00,260
3/13/2021,6:00,0
3/13/2021,12:00,100
3/13/2021,18:00,821
3/14/2021,0:00,225
3/14/2021,6:00,0
3/14/2021,12:00,80
3/14/2021,18:00,832
3/15/2021,0:00,244
3/15/2021,6:00,0
3/15/2021,12:00,80
3/15/2021,18:00,825
3/16/2021,0:00,244
3/16/2021,6:00,0
3/16/2021,12:00,90
3/16/2021,18:00,811
3/17/2021,0:00,221
3/17/2021,6:00,0
3/17/2021,12:00,72
3/17/2021,18:00,506
3/18/2021,0:00,190
3/18/2021,6:00,0
3/18/2021,12:00,82
3/18/2021,18:00,500
3/19/2021,0:00,217
3/19/2021,6:00,0
3/19/2021,12:00,86
3/19/2021,18:00,815
3/20/2021,0:00,229
3/20/2021,6:00,0
3/20/2021,12:00,80
3/20/2021,18:00,691
3/21/2021,0:00,191
3/21/2021,6:00,0
3/21/2021,12:00,20
3/21/2021,18:00,252
3/22/2021,0:00,107
3/22/2021,6:00,0
3/22/2021,12:00,70
3/22/2021,18:00,708
3/23/2021,0:00,171.84
3/23/2021,6:00,0
3/23/2021,12:00,10.56
3/23/2021,18:00,376.88
3/24/2021,0:00,120.32
3/24/2021,6:00,0
3/24/2021,12:00,76.86
3/24/2021,18:00,751.408
3/25/2021,0:00,127.36
3/25/2021,6:00,0
3/25/2021,12:00,79.24
3/25/2021,18:00,780.176
3/26/2021,0:00,92.64
3/26/2021,6:00,0
3/26/2021,12:00,72.02
3/26/2021,18:00,633.072
3/27/2021,0:00,67.616
3/27/2021,6:00,0
3/27/2021,12:00,3.52
3/27/2021,18:00,178.976
3/28/2021,0:00,95.28
3/28/2021,6:00,0
3/28/2021,12:00,9.46
3/28/2021,18:00,557.664
3/29/2021,0:00,142.24
3/29/2021,6:00,0
3/29/2021,12:00,23.04
3/29/2021,18:00,658.192
3/30/2021,0:00,205.808
3/30/2021,6:00,0
3/30/2021,12:00,77.552
3/30/2021,18:00,579.088
3/31/2021,0:00,46.048
3/31/2021,6:00,0
3/31/2021,12:00,77.54
3/31/2021,18:00,785.312
4/1/2021,0:00,205.904
4/1/2021,6:00,0
4/1/2021,12:00,77.46
4/1/2021,18:00,780.784
4/2/2021,0:00,201.616
4/2/2021,6:00,0
4/2/2021,12:00,75.616
4/2/2021,18:00,770.528
4/3/2021,0:00,195.776
4/3/2021,6:00,0
4/3/2021,12:00,74.224
4/3/2021,18:00,761.104
4/4/2021,0:00,193.92
4/4/2021,6:00,0
4/4/2021,12:00,72.42
4/4/2021,18:00,719.856
4/5/2021,0:00,50.176
4/5/2021,6:00,0
4/5/2021,12:00,43.344
4/5/2021,18:00,523.568
4/6/2021,0:00,116.48
4/6/2021,6:00,0
4/6/2021,12:00,27.64
4/6/2021,18:00,609.952
4/7/2021,0:00,182.624
4/7/2021,6:00,0
4/7/2021,12:00,71.06
4/7/2021,18:00,745.232
4/8/2021,0:00,184.672
4/8/2021,6:00,0
4/8/2021,12:00,68.48
4/8/2021,18:00,740.064
4/9/2021,0:00,168.368
4/9/2021,6:00,0
4/9/2021,12:00,66.96
4/9/2021,18:00,718.08
4/10/2021,0:00,173.92
4/10/2021,6:00,0
4/10/2021,12:00,67.04
4/10/2021,18:00,717.648
4/11/2021,0:00,172.176
4/11/2021,6:00,0
4/11/2021,12:00,66.128
4/11/2021,18:00,646.112
4/12/2021,0:00,87.936
4/12/2021,6:00,0
4/12/2021,12:00,24.8
4/12/2021,18:00,697.68
4/13/2021,0:00,175.504
4/13/2021,6:00,0
4/13/2021,12:00,68.368
4/13/2021,18:00,708.528
4/14/2021,0:00,144.192
4/14/2021,6:00,0
4/14/2021,12:00,18.592
4/14/2021,18:00,198
4/15/2021,0:00,82.32
4/15/2021,6:00,0
4/15/2021,12:00,40.64
4/15/2021,18:00,396.192
4/16/2021,0:00,80.144
4/16/2021,6:00,0
4/16/2021,12:00,39.536
4/16/2021,18:00,76.016
4/17/2021,0:00,105.664
4/17/2021,6:00,0
4/17/2021,12:00,52.144
4/17/2021,18:00,627.984
4/18/2021,0:00,43.984
4/18/2021,6:00,0
4/18/2021,12:00,53.776
4/18/2021,18:00,683.408
4/19/2021,0:00,156.736
4/19/2021,6:00,0
4/19/2021,12:00,60.864
4/19/2021,18:00,690.368
4/20/2021,0:00,155.792
4/20/2021,6:00,0
4/20/2021,12:00,60.448
4/20/2021,18:00,686.352
4/21/2021,0:00,149.952
4/21/2021,6:00,0
4/21/2021,12:00,60.016
4/21/2021,18:00,686.816
4/22/2021,0:00,153.472
4/22/2021,6:00,0
4/22/2021,12:00,52.656
4/22/2021,18:00,676.096
4/23/2021,0:00,144.368
4/23/2021,6:00,0
4/23/2021,12:00,55.36
4/23/2021,18:00,597.264
4/24/2021,0:00,144.704
4/24/2021,6:00,0
4/24/2021,12:00,45.456
4/24/2021,18:00,315.264
4/25/2021,0:00,10.928
4/25/2021,6:00,0
4/25/2021,12:00,19.712
4/25/2021,18:00,417.824
4/26/2021,0:00,47.168
4/26/2021,6:00,0
4/26/2021,12:00,58.096
4/26/2021,18:00,679.68
4/27/2021,0:00,143.312
4/27/2021,6:00,0
4/27/2021,12:00,56.72
4/27/2021,18:00,673.952
4/28/2021,0:00,143.984
4/28/2021,6:00,0
4/28/2021,12:00,57.6
4/28/2021,18:00,681.472
4/29/2021,0:00,145.36
4/29/2021,6:00,0
4/29/2021,12:00,56.16
4/29/2021,18:00,669.808
4/30/2021,0:00,141.904
4/30/2021,6:00,0
4/30/2021,12:00,54.848
4/30/2021,18:00,660.896
5/1/2021,0:00,138.304
5/1/2021,6:00,0
5/1/2021,12:00,52.384
5/1/2021,18:00,645.792
5/2/2021,0:00,133.792
5/2/2021,6:00,0
5/2/2021,12:00,49.552
5/2/2021,18:00,440.288
5/3/2021,0:00,125.232
5/3/2021,6:00,0
5/3/2021,12:00,49.312
5/3/2021,18:00,619.344
5/4/2021,0:00,126.464
5/4/2021,6:00,0
5/4/2021,12:00,48.368
5/4/2021,18:00,533.936
5/5/2021,0:00,85.392
5/5/2021,6:00,0
5/5/2021,12:00,31.568
5/5/2021,18:00,302.88
5/6/2021,0:00,26.064
5/6/2021,6:00,0
5/6/2021,12:00,2.048
5/6/2021,18:00,105.888
5/7/2021,0:00,98.16
5/7/2021,6:00,0
5/7/2021,12:00,50.096
5/7/2021,18:00,638.784
5/8/2021,0:00,128.656
5/8/2021,6:00,0
5/8/2021,12:00,49.472
5/8/2021,18:00,629.68
5/9/2021,0:00,126.128
5/9/2021,6:00,0
5/9/2021,12:00,47.552
5/9/2021,18:00,610.496
5/10/2021,0:00,119.664
5/10/2021,6:00,0
5/10/2021,12:00,43.808
5/10/2021,18:00,399.664
5/11/2021,0:00,109.6
5/11/2021,6:00,0
5/11/2021,12:00,22.256
5/11/2021,18:00,86.288
5/12/2021,0:00,3.696
5/12/2021,6:00,0
5/12/2021,12:00,45.712
5/12/2021,18:00,619.568
5/13/2021,0:00,122.88
5/13/2021,6:00,0
5/13/2021,12:00,47.488
5/13/2021,18:00,624.208
5/14/2021,0:00,120.944
5/14/2021,6:00,0
5/14/2021,12:00,12.896
5/14/2021,18:00,478
5/15/2021,0:00,75.232
5/15/2021,6:00,0
5/15/2021,12:00,43.92
5/15/2021,18:00,597.328
5/16/2021,0:00,115.024
5/16/2021,6:00,0
5/16/2021,12:00,41.168
5/16/2021,18:00,536.688
5/17/2021,0:00,103.568
5/17/2021,6:00,0
5/17/2021,12:00,40.04
5/17/2021,18:00,574.464
5/18/2021,0:00,111.136
5/18/2021,6:00,0
5/18/2021,12:00,41.632
5/18/2021,18:00,590.432
5/19/2021,0:00,112.576
5/19/2021,6:00,0
5/19/2021,12:00,41.488
5/19/2021,18:00,585.808
5/20/2021,0:00,109.904
5/20/2021,6:00,0
5/20/2021,12:00,32.912
5/20/2021,18:00,491.376
5/21/2021,0:00,54.576
5/21/2021,6:00,0
5/21/2021,12:00,15.008
5/21/2021,18:00,366.784
5/22/2021,0:00,81.44
5/22/2021,6:00,0
5/22/2021,12:00,12.9
5/22/2021,18:00,224.112
5/23/2021,0:00,105.952
5/23/2021,6:00,0
5/23/2021,12:00,38.048
5/23/2021,18:00,411.056
5/24/2021,0:00,50.208
5/24/2021,6:00,0
5/24/2021,12:00,37.424
5/24/2021,18:00,569.104
5/25/2021,0:00,106.384
5/25/2021,6:00,0
5/25/2021,12:00,38.384
5/25/2021,18:00,575.872
5/26/2021,0:00,108.224
5/26/2021,6:00,0
5/26/2021,12:00,35.744
5/26/2021,18:00,556.384
5/27/2021,0:00,105.824
5/27/2021,6:00,0
5/27/2021,12:00,35.824
5/27/2021,18:00,551.088
5/28/2021,0:00,99.376
5/28/2021,6:00,0
5/28/2021,12:00,1.296
5/28/2021,18:00,227.696
5/29/2021,0:00,93.2
5/29/2021,6:00,0
5/29/2021,12:00,6.896
5/29/2021,18:00,129.36
5/30/2021,0:00,48.912
5/30/2021,6:00,0
5/30/2021,12:00,32.672
5/30/2021,18:00,561.84
5/31/2021,0:00,104.736
5/31/2021,6:00,0
5/31/2021,12:00,35.568
5/31/2021,18:00,559.024
6/1/2021,0:00,103.456
6/1/2021,6:00,0
6/1/2021,12:00,34.208
6/1/2021,18:00,542.112
6/2/2021,0:00,100.864
6/2/2021,6:00,0
6/2/2021,12:00,30.7
6/2/2021,18:00,398.48
6/3/2021,0:00,67.12
6/3/2021,6:00,0
6/3/2021,12:00,31.952
6/3/2021,18:00,526.16
6/4/2021,0:00,95.76
6/4/2021,6:00,0
6/4/2021,12:00,30.368
6/4/2021,18:00,518.4
6/5/2021,0:00,96.032
6/5/2021,6:00,0
6/5/2021,12:00,29.92
6/5/2021,18:00,480.192
6/6/2021,0:00,53.424
6/6/2021,6:00,0
6/6/2021,12:00,2.048
6/6/2021,18:00,127.968
6/7/2021,0:00,41.504
6/7/2021,6:00,0
6/7/2021,12:00,17.76
6/7/2021,18:00,343.264
6/8/2021,0:00,51.504
6/8/2021,6:00,0
6/8/2021,12:00,3.76
6/8/2021,18:00,135.552
6/9/2021,0:00,14.512
6/9/2021,6:00,0
6/9/2021,12:00,5.488
6/9/2021,18:00,277.568
6/10/2021,0:00,24.608
6/10/2021,6:00,0
6/10/2021,12:00,4.768
6/10/2021,18:00,126.64
6/11/2021,0:00,37.54
6/11/2021,6:00,0
6/11/2021,12:00,29.824
6/11/2021,18:00,528.24
6/12/2021,0:00,98.656
6/12/2021,6:00,0
6/12/2021,12:00,29.344
6/12/2021,18:00,522.864
6/13/2021,0:00,97.44
6/13/2021,6:00,0
6/13/2021,12:00,29.44
6/13/2021,18:00,526.544
6/14/2021,0:00,98.736
6/14/2021,6:00,0
6/14/2021,12:00,29.04
6/14/2021,18:00,522.08
6/15/2021,0:00,97.44
6/15/2021,6:00,0
6/15/2021,12:00,27.952
6/15/2021,18:00,446.192
6/16/2021,0:00,68.704
6/16/2021,6:00,0
6/16/2021,12:00,11.808
6/16/2021,18:00,374.848
6/17/2021,0:00,42.032
6/17/2021,6:00,0
6/17/2021,12:00,28.08
6/17/2021,18:00,512.144
6/18/2021,0:00,95.152
6/18/2021,6:00,0
6/18/2021,12:00,3.38
6/18/2021,18:00,248.768
6/19/2021,0:00,72.88
6/19/2021,6:00,0
6/19/2021,12:00,0.62
6/19/2021,18:00,60.88
6/20/2021,0:00,6.224
6/20/2021,6:00,0
6/20/2021,12:00,26.52
6/20/2021,18:00,468.88
6/21/2021,0:00,43.872
6/21/2021,6:00,0
6/21/2021,12:00,11.76
6/21/2021,18:00,54.288
6/22/2021,0:00,3.232
6/22/2021,6:00,0
6/22/2021,12:00,13.568
6/22/2021,18:00,310.352
6/23/2021,0:00,50
6/23/2021,6:00,0
6/23/2021,12:00,3.984
6/23/2021,18:00,109.52
6/24/2021,0:00,14.48
6/24/2021,6:00,0
6/24/2021,12:00,6.112
6/24/2021,18:00,42.896
6/25/2021,0:00,16.656
6/25/2021,6:00,0
6/25/2021,12:00,21.232
6/25/2021,18:00,530.496
6/26/2021,0:00,102.032
6/26/2021,6:00,0
6/26/2021,12:00,9.28
6/26/2021,18:00,307.232
6/27/2021,0:00,49.904
6/27/2021,6:00,0
6/27/2021,12:00,1.552
6/27/2021,18:00,19.776
6/28/2021,0:00,4.016
6/28/2021,6:00,0
6/28/2021,12:00,28.464
6/28/2021,18:00,532.464
6/29/2021,0:00,105.456
6/29/2021,6:00,0
6/29/2021,12:00,27.376
6/29/2021,18:00,491.264
6/30/2021,0:00,103.936
6/30/2021,6:00,0
6/30/2021,12:00,27.168
6/30/2021,18:00,532
7/1/2021,0:00,105.552
7/1/2021,6:00,0
7/1/2021,12:00,27.808
7/1/2021,18:00,534.656
7/2/2021,0:00,107.376
7/2/2021,6:00,0
7/2/2021,12:00,28.048
7/2/2021,18:00,525.424
7/3/2021,0:00,103.12
7/3/2021,6:00,0
7/3/2021,12:00,19.888
7/3/2021,18:00,458.224
7/4/2021,0:00,74.704
7/4/2021,6:00,0
7/4/2021,12:00,20.992
7/4/2021,18:00,453.904
7/5/2021,0:00,87.52
7/5/2021,6:00,0
7/5/2021,12:00,26.352
7/5/2021,18:00,515.136
7/6/2021,0:00,102.688
7/6/2021,6:00,0
7/6/2021,12:00,26.528
7/6/2021,18:00,521.392
7/7/2021,0:00,105.392
7/7/2021,6:00,0
7/7/2021,12:00,27.024
7/7/2021,18:00,524.896
7/8/2021,0:00,105.088
7/8/2021,6:00,0
7/8/2021,12:00,26.72
7/8/2021,18:00,522.304
7/9/2021,0:00,106.384
7/9/2021,6:00,0
7/9/2021,12:00,28.192
7/9/2021,18:00,543.68
7/10/2021,0:00,112.016
7/10/2021,6:00,0
7/10/2021,12:00,28.432
7/10/2021,18:00,518.704
7/11/2021,0:00,103.856
7/11/2021,6:00,0
7/11/2021,12:00,26.864
7/11/2021,18:00,523.056
7/12/2021,0:00,108.048
7/12/2021,6:00,0
7/12/2021,12:00,19.472
7/12/2021,18:00,476.512
7/13/2021,0:00,110.592
7/13/2021,6:00,0
7/13/2021,12:00,19.216
7/13/2021,18:00,347.408
7/14/2021,0:00,64.192
7/14/2021,6:00,0
7/14/2021,12:00,20.896
7/14/2021,18:00,443.84
7/15/2021,0:00,49.104
7/15/2021,6:00,0
7/15/2021,12:00,0.752
7/15/2021,18:00,21.808
7/16/2021,0:00,16.144
7/16/2021,6:00,0
7/16/2021,12:00,29.216
7/16/2021,18:00,554.336
7/17/2021,0:00,116.832
7/17/2021,6:00,0
7/17/2021,12:00,29.52
7/17/2021,18:00,547.152
7/18/2021,0:00,110.768
7/18/2021,6:00,0
7/18/2021,12:00,31.792
7/18/2021,18:00,577.568
7/19/2021,0:00,123.264
7/19/2021,6:00,0
7/19/2021,12:00,31.344
7/19/2021,18:00,573.376
7/20/2021,0:00,122.672
7/20/2021,6:00,0
7/20/2021,12:00,20.656
7/20/2021,18:00,392.704
7/21/2021,0:00,111.68
7/21/2021,6:00,0
7/21/2021,12:00,30.704
7/21/2021,18:00,554.736
7/22/2021,0:00,118.176
7/22/2021,6:00,0
7/22/2021,12:00,30.864
7/22/2021,18:00,557.68
7/23/2021,0:00,120.704
7/23/2021,6:00,0
7/23/2021,12:00,32.384
7/23/2021,18:00,583.28
7/24/2021,0:00,125.968
7/24/2021,6:00,0
7/24/2021,12:00,31.92
7/24/2021,18:00,565.696
7/25/2021,0:00,121.088
7/25/2021,6:00,0
7/25/2021,12:00,30.432
7/25/2021,18:00,522.928
7/26/2021,0:00,116.944
7/26/2021,6:00,0
7/26/2021,12:00,23.76
7/26/2021,18:00,213.84
7/27/2021,0:00,49.76
7/27/2021,6:00,0
7/27/2021,12:00,15.216
7/27/2021,18:00,530.048
7/28/2021,0:00,132.848
7/28/2021,6:00,0
7/28/2021,12:00,35.904
7/28/2021,18:00,597.296
7/29/2021,0:00,124.96
7/29/2021,6:00,0
7/29/2021,12:00,36.768
7/29/2021,18:00,607.104
7/30/2021,0:00,134.448
7/30/2021,6:00,0
7/30/2021,12:00,37.216
7/30/2021,18:00,606.8
7/31/2021,0:00,134.928
7/31/2021,6:00,0
7/31/2021,12:00,36.88
7/31/2021,18:00,602.992
8/1/2021,0:00,118.208
8/1/2021,6:00,0
8/1/2021,12:00,36.544
8/1/2021,18:00,596.064
8/2/2021,0:00,134.704
8/2/2021,6:00,0
8/2/2021,12:00,38.48
8/2/2021,18:00,613.264
8/3/2021,0:00,138.88
8/3/2021,6:00,0
8/3/2021,12:00,40.048
8/3/2021,18:00,612.096
8/4/2021,0:00,131.584
8/4/2021,6:00,0
8/4/2021,12:00,39.552
8/4/2021,18:00,571.104
8/5/2021,0:00,106.128
8/5/2021,6:00,0
8/5/2021,12:00,22.112
8/5/2021,18:00,497.856
8/6/2021,0:00,87.04
8/6/2021,6:00,0
8/6/2021,12:00,32.176
8/6/2021,18:00,505.024
8/7/2021,0:00,105.968
8/7/2021,6:00,0
8/7/2021,12:00,40.112
8/7/2021,18:00,606.288
8/8/2021,0:00,138.352
8/8/2021,6:00,0
8/8/2021,12:00,41.712
8/8/2021,18:00,621.12
8/9/2021,0:00,142.144
8/9/2021,6:00,0
8/9/2021,12:00,24.176
8/9/2021,18:00,349.68
8/10/2021,0:00,27.232
8/10/2021,6:00,0
8/10/2021,12:00,5.232
8/10/2021,18:00,45.872
8/11/2021,0:00,6.928
8/11/2021,6:00,0
8/11/2021,12:00,29.968
8/11/2021,18:00,619.488
8/12/2021,0:00,149.84
8/12/2021,6:00,0
8/12/2021,12:00,23.28
8/12/2021,18:00,349.616
8/13/2021,0:00,86.16
8/13/2021,6:00,0
8/13/2021,12:00,44.464
8/13/2021,18:00,540.016
8/14/2021,0:00,100.928
8/14/2021,6:00,0
8/14/2021,12:00,7.808
8/14/2021,18:00,163.376
8/15/2021,0:00,117.296
8/15/2021,6:00,0
8/15/2021,12:00,46.256
8/15/2021,18:00,616.528
8/16/2021,0:00,58.48
8/16/2021,6:00,0
8/16/2021,12:00,48.24
8/16/2021,18:00,644.928
8/17/2021,0:00,142.176
8/17/2021,6:00,0
8/17/2021,12:00,48.944
8/17/2021,18:00,643.552
8/18/2021,0:00,109.072
8/18/2021,6:00,0
8/18/2021,12:00,38.592
8/18/2021,18:00,479.424
8/19/2021,0:00,151.024
8/19/2021,6:00,0
8/19/2021,12:00,51.968
8/19/2021,18:00,662.032
8/20/2021,0:00,155.92
8/20/2021,6:00,0
8/20/2021,12:00,53.472
8/20/2021,18:00,631.392
8/21/2021,0:00,86.016
8/21/2021,6:00,0
8/21/2021,12:00,54.096
8/21/2021,18:00,671.664
8/22/2021,0:00,158.752
8/22/2021,6:00,0
8/22/2021,12:00,56.08
8/22/2021,18:00,680.992
8/23/2021,0:00,159.952
8/23/2021,6:00,0
8/23/2021,12:00,45.872
8/23/2021,18:00,489.232
8/24/2021,0:00,147.12
8/24/2021,6:00,0
8/24/2021,12:00,20.848
8/24/2021,18:00,460.832
8/25/2021,0:00,85.968
8/25/2021,6:00,0
8/25/2021,12:00,25.12
8/25/2021,18:00,182.768
8/26/2021,0:00,17.344
8/26/2021,6:00,0
8/26/2021,12:00,22.256
8/26/2021,18:00,266.832
8/27/2021,0:00,63.328
8/27/2021,6:00,0
8/27/2021,12:00,58.976
8/27/2021,18:00,674.176
8/28/2021,0:00,132.608
8/28/2021,6:00,0
8/28/2021,12:00,63.776
8/28/2021,18:00,702.352
8/29/2021,0:00,151.808
8/29/2021,6:00,0
8/29/2021,12:00,63.216
8/29/2021,18:00,689.776
8/30/2021,0:00,167.248
8/30/2021,6:00,0
8/30/2021,12:00,66.4
8/30/2021,18:00,721.28
8/31/2021,0:00,173.952
8/31/2021,6:00,0
8/31/2021,12:00,68.768
8/31/2021,18:00,731.056
9/1/2021,0:00,174.832
9/1/2021,6:00,0
9/1/2021,12:00,70.512
9/1/2021,18:00,736.288
9/2/2021,0:00,169.024
9/2/2021,6:00,0
9/2/2021,12:00,38.448
9/2/2021,18:00,606.608
9/3/2021,0:00,127.488
9/3/2021,6:00,0
9/3/2021,12:00,61.088
9/3/2021,18:00,718.528
9/4/2021,0:00,173.024
9/4/2021,6:00,0
9/4/2021,12:00,61.232
9/4/2021,18:00,685.792
9/5/2021,0:00,52.304
9/5/2021,6:00,0
9/5/2021,12:00,61.904
9/5/2021,18:00,219.04
9/6/2021,0:00,121.504
9/6/2021,6:00,0
9/6/2021,12:00,59.008
9/6/2021,18:00,368.64
9/7/2021,0:00,50.256
9/7/2021,6:00,0
9/7/2021,12:00,52.896
9/7/2021,18:00,528.192
9/8/2021,0:00,136.752
9/8/2021,6:00,0
9/8/2021,12:00,3.488
9/8/2021,18:00,107.76
9/9/2021,0:00,26.144
9/9/2021,6:00,0
9/9/2021,12:00,84.832
9/9/2021,18:00,779.536
9/10/2021,0:00,187.6
9/10/2021,6:00,0
9/10/2021,12:00,85.504
9/10/2021,18:00,676.176
9/11/2021,0:00,188.688
9/11/2021,6:00,0
9/11/2021,12:00,88.064
9/11/2021,18:00,789.184
9/12/2021,0:00,192.432
9/12/2021,6:00,0
9/12/2021,12:00,84.64
9/12/2021,18:00,754.976
9/13/2021,0:00,182.384
9/13/2021,6:00,0
9/13/2021,12:00,45.408
9/13/2021,18:00,535.536
9/14/2021,0:00,90.624
9/14/2021,6:00,0
9/14/2021,12:00,13.44
9/14/2021,18:00,142.96
9/15/2021,0:00,25.584
9/15/2021,6:00,0
9/15/2021,12:00,98.64
9/15/2021,18:00,811.76
9/16/2021,0:00,134.912
9/16/2021,6:00,0
9/16/2021,12:00,89.264
9/16/2021,18:00,427.936
9/17/2021,0:00,14.672
9/17/2021,6:00,0
9/17/2021,12:00,3.248
9/17/2021,18:00,89.44
9/18/2021,0:00,12.4
9/18/2021,6:00,0
9/18/2021,12:00,93.76
9/18/2021,18:00,782.064
9/19/2021,0:00,188.816
9/19/2021,6:00,0
9/19/2021,12:00,44.384
9/19/2021,18:00,473.28
9/20/2021,0:00,160.928
9/20/2021,6:00,0
9/20/2021,12:00,98.768
9/20/2021,18:00,788.768
9/21/2021,0:00,191.136
9/21/2021,6:00,0
9/21/2021,12:00,29.296
9/21/2021,18:00,105.68
9/22/2021,0:00,54.016
9/22/2021,6:00,0
9/22/2021,12:00,111.552
9/22/2021,18:00,802.784
9/23/2021,0:00,162.672
9/23/2021,6:00,0
9/23/2021,12:00,25.632
9/23/2021,18:00,109.088
9/24/2021,0:00,68.96
9/24/2021,6:00,0
9/24/2021,12:00,50.88
9/24/2021,18:00,706.272
9/25/2021,0:00,207.904
9/25/2021,6:00,0
9/25/2021,12:00,115.632
9/25/2021,18:00,854.352
9/26/2021,0:00,210.576
9/26/2021,6:00,0
9/26/2021,12:00,118.624
9/26/2021,18:00,865.12
9/27/2021,0:00,214.576
9/27/2021,6:00,0
9/27/2021,12:00,118.64
9/27/2021,18:00,849.408
9/28/2021,0:00,207.056
9/28/2021,6:00,0
9/28/2021,12:00,114.016
9/28/2021,18:00,598.496
9/29/2021,0:00,26.128
9/29/2021,6:00,0
9/29/2021,12:00,85.056
9/29/2021,18:00,677.952
9/30/2021,0:00,129.36
9/30/2021,6:00,0
9/30/2021,12:00,79.824
9/30/2021,18:00,768.016
10/1/2021,0:00,150.992
10/1/2021,6:00,0
10/1/2021,12:00,17.616
10/1/2021,18:00,220.544
10/2/2021,0:00,58.128
10/2/2021,6:00,0
10/2/2021,12:00,40.848
10/2/2021,18:00,485.584
10/3/2021,0:00,90.736
10/3/2021,6:00,0
10/3/2021,12:00,8.928
10/3/2021,18:00,39.2
10/4/2021,0:00,17.056
10/4/2021,6:00,0
10/4/2021,12:00,11.44
10/4/2021,18:00,260.54
10/5/2021,0:00,183.792
10/5/2021,6:00,0
10/5/2021,12:00,138.032
10/5/2021,18:00,906.608
10/6/2021,0:00,202.08
10/6/2021,6:00,0
10/6/2021,12:00,49.232
10/6/2021,18:00,102.96
10/7/2021,0:00,11.408
10/7/2021,6:00,0
10/7/2021,12:00,65.776
10/7/2021,18:00,879.04
10/8/2021,0:00,220.912
10/8/2021,6:00,0
10/8/2021,12:00,21.6
10/8/2021,18:00,126.928
10/9/2021,0:00,6
10/9/2021,6:00,0
10/9/2021,12:00,31.66
10/9/2021,18:00,169.984
10/10/2021,0:00,10.544
10/10/2021,6:00,0
10/10/2021,12:00,36.176
10/10/2021,18:00,577.8
10/11/2021,0:00,136.256
10/11/2021,6:00,0
10/11/2021,12:00,21.12
10/11/2021,18:00,522.86
10/12/2021,0:00,157.296
10/12/2021,6:00,0
10/12/2021,12:00,142.18
10/12/2021,18:00,895.18
10/13/2021,0:00,228.368
10/13/2021,6:00,0
10/13/2021,12:00,108.7
10/13/2021,18:00,715.52
10/14/2021,0:00,185.536
10/14/2021,6:00,0
10/14/2021,12:00,27.2
10/14/2021,18:00,423.52
10/15/2021,0:00,201.536
10/15/2021,6:00,0
10/15/2021,12:00,3.56
10/15/2021,18:00,58.2
10/16/2021,0:00,36.336
10/16/2021,6:00,0
10/16/2021,12:00,18.52
10/16/2021,18:00,206.92
10/17/2021,0:00,54.928
10/17/2021,6:00,0
10/17/2021,12:00,110.88
10/17/2021,18:00,695.76
10/18/2021,0:00,214.096
10/18/2021,6:00,0
10/18/2021,12:00,144.94
10/18/2021,18:00,923.4
10/19/2021,0:00,236.096
10/19/2021,6:00,0
10/19/2021,12:00,158.256
10/19/2021,18:00,927.5
10/20/2021,0:00,244.288
10/20/2021,6:00,0
10/20/2021,12:00,162.224
10/20/2021,18:00,935.28
10/21/2021,0:00,188.096
10/21/2021,6:00,0
10/21/2021,12:00,161.872
10/21/2021,18:00,931.3
10/22/2021,0:00,233.904
10/22/2021,6:00,0
10/22/2021,12:00,164.3
10/22/2021,18:00,938.5
10/23/2021,0:00,243.104
10/23/2021,6:00,0
10/23/2021,12:00,50.944
10/23/2021,18:00,158.4
10/24/2021,0:00,8.336
10/24/2021,6:00,0
10/24/2021,12:00,90.832
10/24/2021,18:00,842.76
10/25/2021,0:00,251.376
10/25/2021,6:00,0
10/25/2021,12:00,175.14
10/25/2021,18:00,963.72
10/26/2021,0:00,250.96
10/26/2021,6:00,0
10/26/2021,12:00,172.54
10/26/2021,18:00,950.28
10/27/2021,0:00,248.736
10/27/2021,6:00,0
10/27/2021,12:00,171.344
10/27/2021,18:00,944.92
10/28/2021,0:00,250.336
10/28/2021,6:00,0
10/28/2021,12:00,172.72
10/28/2021,18:00,842.62
10/29/2021,0:00,218.112
10/29/2021,6:00,0
10/29/2021,12:00,111.82
10/29/2021,18:00,779.9
10/30/2021,0:00,157.44
10/30/2021,6:00,0
10/30/2021,12:00,120.44
10/30/2021,18:00,733.84
10/31/2021,0:00,148.736
10/31/2021,6:00,0
10/31/2021,12:00,171.16
10/31/2021,18:00,904.38
11/1/2021,0:00,91.296
11/1/2021,6:00,0
11/1/2021,12:00,175.12
11/1/2021,18:00,937.68
11/2/2021,0:00,135.888
11/2/2021,6:00,0
11/2/2021,12:00,175.44
11/2/2021,18:00,938.06
11/3/2021,0:00,65.024
11/3/2021,6:00,0
11/3/2021,12:00,161.16
11/3/2021,18:00,813.66
11/4/2021,0:00,248.96
11/4/2021,6:00,0
11/4/2021,12:00,166.02
11/4/2021,18:00,651.32
11/5/2021,0:00,159.264
11/5/2021,6:00,0
11/5/2021,12:00,178.16
11/5/2021,18:00,734.36
11/6/2021,0:00,99.52
11/6/2021,6:00,0
11/6/2021,12:00,91.7
11/6/2021,18:00,438.2
11/7/2021,0:00,106.72
11/7/2021,6:00,0
11/7/2021,12:00,123.4
11/7/2021,18:00,547.54
11/8/2021,0:00,68.208
11/8/2021,6:00,0
11/8/2021,12:00,184.08
11/8/2021,18:00,956.34
11/9/2021,0:00,264.112
11/9/2021,6:00,0
11/9/2021,12:00,192
11/9/2021,18:00,991.02
11/10/2021,0:00,274.8
11/10/2021,6:00,0
11/10/2021,12:00,191.16
11/10/2021,18:00,958.82
11/11/2021,0:00,250.432
11/11/2021,6:00,0
11/11/2021,12:00,183.8
11/11/2021,18:00,874.84
11/12/2021,0:00,116.08
11/12/2021,6:00,0
11/12/2021,12:00,179.42
11/12/2021,18:00,946.7
11/13/2021,0:00,130.688
11/13/2021,6:00,0
11/13/2021,12:00,58.1
11/13/2021,18:00,950.2
11/14/2021,0:00,272.048
11/14/2021,6:00,0
11/14/2021,12:00,193.16
11/14/2021,18:00,848.76
11/15/2021,0:00,185.984
11/15/2021,6:00,0
11/15/2021,12:00,50.94
11/15/2021,18:00,969.34
11/16/2021,0:00,197.68
11/16/2021,6:00,0
11/16/2021,12:00,173.06
11/16/2021,18:00,572.46
11/17/2021,0:00,44.512
11/17/2021,6:00,0
11/17/2021,12:00,35.4
11/17/2021,18:00,104.14
11/18/2021,0:00,16.272
11/18/2021,6:00,0
11/18/2021,12:00,29.3
11/18/2021,18:00,416.66
11/19/2021,0:00,109.024
11/19/2021,6:00,0
11/19/2021,12:00,200.3
11/19/2021,18:00,1003.22
11/20/2021,0:00,288.912
11/20/2021,6:00,0
11/20/2021,12:00,202.88
11/20/2021,18:00,1000.82
11/21/2021,0:00,288.704
11/21/2021,6:00,0
11/21/2021,12:00,198.96
11/21/2021,18:00,993.7
11/22/2021,0:00,289.648
11/22/2021,6:00,0
11/22/2021,12:00,195.66
11/22/2021,18:00,983.02
11/23/2021,0:00,283.2
11/23/2021,6:00,0
11/23/2021,12:00,177.84
11/23/2021,18:00,883.26
11/24/2021,0:00,286.048
11/24/2021,6:00,0
11/24/2021,12:00,203.46
11/24/2021,18:00,1004.68
11/25/2021,0:00,295.936
11/25/2021,6:00,0
11/25/2021,12:00,191.44
11/25/2021,18:00,595.8
11/26/2021,0:00,36.784
11/26/2021,6:00,0
11/26/2021,12:00,73.6
11/26/2021,18:00,309.86
11/27/2021,0:00,123.328
11/27/2021,6:00,0
11/27/2021,12:00,138.8
11/27/2021,18:00,809.38
11/28/2021,0:00,296.624
11/28/2021,6:00,0
11/28/2021,12:00,92.82
11/28/2021,18:00,488.68
11/29/2021,0:00,94.14
11/29/2021,6:00,0
11/29/2021,12:00,202.1
11/29/2021,18:00,1007.98
11/30/2021,0:00,197.664
11/30/2021,6:00,0
11/30/2021,12:00,197.98
11/30/2021,18:00,1001.32
12/1/2021,0:00,306.98
12/1/2021,6:00,0
12/1/2021,12:00,199.92
12/1/2021,18:00,1005.14
12/2/2021,0:00,306.896
12/2/2021,6:00,0
12/2/2021,12:00,197.1
12/2/2021,18:00,1003.02
12/3/2021,0:00,309.776
12/3/2021,6:00,0
12/3/2021,12:00,197.64
12/3/2021,18:00,1001.38
12/4/2021,0:00,310.784
12/4/2021,6:00,0
12/4/2021,12:00,192.48
12/4/2021,18:00,969
12/5/2021,0:00,288.66
12/5/2021,6:00,0
12/5/2021,12:00,143.54
12/5/2021,18:00,862.74
12/6/2021,0:00,295.76
12/6/2021,6:00,0
12/6/2021,12:00,193.36
12/6/2021,18:00,997.52
12/7/2021,0:00,310.14
12/7/2021,6:00,0
12/7/2021,12:00,194.24
12/7/2021,18:00,994.1
12/8/2021,0:00,315.18
12/8/2021,6:00,0
12/8/2021,12:00,199.92
12/8/2021,18:00,1022.84
12/9/2021,0:00,325.72
12/9/2021,6:00,0
12/9/2021,12:00,199.64
12/9/2021,18:00,1017.5
12/10/2021,0:00,323.46
12/10/2021,6:00,0
12/10/2021,12:00,197.42
12/10/2021,18:00,1011.02
12/11/2021,0:00,312.336
12/11/2021,6:00,0
12/11/2021,12:00,180.86
12/11/2021,18:00,739.78
12/12/2021,0:00,115.48
12/12/2021,6:00,0
12/12/2021,12:00,123.14
12/12/2021,18:00,589.22
12/13/2021,0:00,316.496
12/13/2021,6:00,0
12/13/2021,12:00,155.02
12/13/2021,18:00,594.14
12/14/2021,0:00,46.84
12/14/2021,6:00,0
12/14/2021,12:00,100.38
12/14/2021,18:00,602.62
12/15/2021,0:00,164.92
12/15/2021,6:00,0
12/15/2021,12:00,105.08
12/15/2021,18:00,795.42
12/16/2021,0:00,48.48
12/16/2021,6:00,0
12/16/2021,12:00,149.6
12/16/2021,18:00,987.22
12/17/2021,0:00,326.58
12/17/2021,6:00,0
12/17/2021,12:00,194.44
12/17/2021,18:00,1011.64
12/18/2021,0:00,331.22
12/18/2021,6:00,0
12/18/2021,12:00,181.76
12/18/2021,18:00,556.18
12/19/2021,0:00,298.38
12/19/2021,6:00,0
12/19/2021,12:00,181.62
12/19/2021,18:00,975.64
12/20/2021,0:00,325.42
12/20/2021,6:00,0
12/20/2021,12:00,156.84
12/20/2021,18:00,946.72
12/21/2021,0:00,167.02
12/21/2021,6:00,0
12/21/2021,12:00,179.14
12/21/2021,18:00,979.76
12/22/2021,0:00,268.34
12/22/2021,6:00,0
12/22/2021,12:00,179.58
12/22/2021,18:00,691.96
12/23/2021,0:00,216.18
12/23/2021,6:00,0
12/23/2021,12:00,191.68
12/23/2021,18:00,1028.48
12/24/2021,0:00,344.84
12/24/2021,6:00,0
12/24/2021,12:00,184.8
12/24/2021,18:00,1007.8
12/25/2021,0:00,342.54
12/25/2021,6:00,0
12/25/2021,12:00,181.88
12/25/2021,18:00,1001.44
12/26/2021,0:00,342.66
12/26/2021,6:00,0
12/26/2021,12:00,177.56
12/26/2021,18:00,986.48
12/27/2021,0:00,334.72
12/27/2021,6:00,0
12/27/2021,12:00,178.92
12/27/2021,18:00,1010.68
12/28/2021,0:00,351.712
12/28/2021,6:00,0
12/28/2021,12:00,180.88
12/28/2021,18:00,1011.08
12/29/2021,0:00,349.904
12/29/2021,6:00,0
12/29/2021,12:00,139.8
12/29/2021,18:00,838.82
12/30/2021,0:00,183.072
12/30/2021,6:00,0
12/30/2021,12:00,170.78
12/30/2021,18:00,867.3
12/31/2021,0:00,127.536
12/31/2021,6:00,0
12/31/2021,12:00,170.16
12/31/2021,18:00,977.06
1/1/2022,0:00,237.38
1/1/2022,6:00,0
1/1/2022,12:00,172.66
1/1/2022,18:00,993.54
1/2/2022,0:00,345.68
1/2/2022,6:00,0
1/2/2022,12:00,170.22
1/2/2022,18:00,836.76
1/3/2022,0:00,241.296
1/3/2022,6:00,0
1/3/2022,12:00,147.96
1/3/2022,18:00,783.84
1/4/2022,0:00,81.968
1/4/2022,6:00,0
1/4/2022,12:00,13.72
1/4/2022,18:00,740.64
1/5/2022,0:00,94.26
1/5/2022,6:00,0
1/5/2022,12:00,156.36
1/5/2022,18:00,790.46
1/6/2022,0:00,247.7
1/6/2022,6:00,0
1/6/2022,12:00,162.96
1/6/2022,18:00,670.3
1/7/2022,0:00,225.86
1/7/2022,6:00,0
1/7/2022,12:00,163.44
1/7/2022,18:00,621.78
1/8/2022,0:00,346.8
1/8/2022,6:00,0
1/8/2022,12:00,159.42
1/8/2022,18:00,826.16
1/9/2022,0:00,257.36
1/9/2022,6:00,0
1/9/2022,12:00,164.848
1/9/2022,18:00,998.22
1/10/2022,0:00,357.872
1/10/2022,6:00,0
1/10/2022,12:00,162.56
1/10/2022,18:00,991.72
1/11/2022,0:00,355.248
1/11/2022,6:00,0
1/11/2022,12:00,159.2
1/11/2022,18:00,987.26
1/12/2022,0:00,352.848
1/12/2022,6:00,0
1/12/2022,12:00,165.28
1/12/2022,18:00,1021.3
1/13/2022,0:00,368.8
1/13/2022,6:00,0
1/13/2022,12:00,163.04
1/13/2022,18:00,1003.68
1/14/2022,0:00,347
1/14/2022,6:00,0
1/14/2022,12:00,134.96
1/14/2022,18:00,891.12
1/15/2022,0:00,283.712
1/15/2022,6:00,0
1/15/2022,12:00,131.68
1/15/2022,18:00,612.2
1/16/2022,0:00,197.68
1/16/2022,6:00,0
1/16/2022,12:00,130.032
1/16/2022,18:00,774.02
1/17/2022,0:00,97.824
1/17/2022,6:00,0
1/17/2022,12:00,147.16
1/17/2022,18:00,962.52
1/18/2022,0:00,347.296
1/18/2022,6:00,0
1/18/2022,12:00,127.632
1/18/2022,18:00,936.52
1/19/2022,0:00,230.64
1/19/2022,6:00,0
1/19/2022,12:00,144.48
1/19/2022,18:00,862.04
1/20/2022,0:00,189.616
1/20/2022,6:00,0
1/20/2022,12:00,143.424
1/20/2022,18:00,700.18
1/21/2022,0:00,215.392
1/21/2022,6:00,0
1/21/2022,12:00,141.96
1/21/2022,18:00,815.36
1/22/2022,0:00,190.528
1/22/2022,6:00,0
1/22/2022,12:00,113.26
1/22/2022,18:00,741.02
1/23/2022,0:00,55.968
1/23/2022,6:00,0
1/23/2022,12:00,137.56
1/23/2022,18:00,645.6
1/24/2022,0:00,215.312
1/24/2022,6:00,0
1/24/2022,12:00,120.16
1/24/2022,18:00,626.54
1/25/2022,0:00,182.368
1/25/2022,6:00,0
1/25/2022,12:00,136.08
1/25/2022,18:00,673.94
1/26/2022,0:00,102.992
1/26/2022,6:00,0
1/26/2022,12:00,112.1
1/26/2022,18:00,797.2
1/27/2022,0:00,140.512
1/27/2022,6:00,0
1/27/2022,12:00,67.16
1/27/2022,18:00,347.88
1/28/2022,0:00,39.68
1/28/2022,6:00,0
1/28/2022,12:00,24.74
1/28/2022,18:00,214.5
1/29/2022,0:00,80.976
1/29/2022,6:00,0
1/29/2022,12:00,123.56
1/29/2022,18:00,690.14
1/30/2022,0:00,190.496
1/30/2022,6:00,0
1/30/2022,12:00,58.36
1/30/2022,18:00,899.32
1/31/2022,0:00,276.176
1/31/2022,6:00,0
1/31/2022,12:00,132.7
1/31/2022,18:00,974.4
2/1/2022,0:00,348.432
2/1/2022,6:00,0
2/1/2022,12:00,135.18
2/1/2022,18:00,969.24
2/2/2022,0:00,346.112
2/2/2022,6:00,0
2/2/2022,12:00,133.16
2/2/2022,18:00,959.86
2/3/2022,0:00,340.64
2/3/2022,6:00,0
2/3/2022,12:00,114.28
2/3/2022,18:00,777.28
2/4/2022,0:00,119.2
2/4/2022,6:00,0
2/4/2022,12:00,31.2
2/4/2022,18:00,308.9
2/5/2022,0:00,291.84
2/5/2022,6:00,0
2/5/2022,12:00,18.56
2/5/2022,18:00,325.64
2/6/2022,0:00,103.424
2/6/2022,6:00,0
2/6/2022,12:00,127.8
2/6/2022,18:00,953.14
2/7/2022,0:00,342.304
2/7/2022,6:00,0
2/7/2022,12:00,132.48
2/7/2022,18:00,981.62
2/8/2022,0:00,345.696
2/8/2022,6:00,0
2/8/2022,12:00,129.36
2/8/2022,18:00,964.4
2/9/2022,0:00,339.984
2/9/2022,6:00,0
2/9/2022,12:00,127.248
2/9/2022,18:00,962.32
2/10/2022,0:00,337.232
2/10/2022,6:00,0
2/10/2022,12:00,124.688
2/10/2022,18:00,946.74
2/11/2022,0:00,254.864
2/11/2022,6:00,0
2/11/2022,12:00,118.28
2/11/2022,18:00,564.56
2/12/2022,0:00,241.824
2/12/2022,6:00,0
2/12/2022,12:00,102.92
2/12/2022,18:00,878.7
2/13/2022,0:00,124.544
2/13/2022,6:00,0
2/13/2022,12:00,23.728
2/13/2022,18:00,362.06
2/14/2022,0:00,94.192
2/14/2022,6:00,0
2/14/2022,12:00,124.592
2/14/2022,18:00,962.9
2/15/2022,0:00,334.496
2/15/2022,6:00,0
2/15/2022,12:00,122.816
2/15/2022,18:00,957.48
2/16/2022,0:00,327.408
2/16/2022,6:00,0
2/16/2022,12:00,121.664
2/16/2022,18:00,956.96
2/17/2022,0:00,326.624
2/17/2022,6:00,0
2/17/2022,12:00,116.144
2/17/2022,18:00,927.62
2/18/2022,0:00,305.36
2/18/2022,6:00,0
2/18/2022,12:00,115.76
2/18/2022,18:00,931.44
2/19/2022,0:00,318.688
2/19/2022,6:00,0
2/19/2022,12:00,114.62
2/19/2022,18:00,926.98
2/20/2022,0:00,316.4
2/20/2022,6:00,0
2/20/2022,12:00,103.12
2/20/2022,18:00,682.42
2/21/2022,0:00,157.648
2/21/2022,6:00,0
2/21/2022,12:00,94.752
2/21/2022,18:00,671.34
2/22/2022,0:00,168.464
2/22/2022,6:00,0
2/22/2022,12:00,68.672
2/22/2022,18:00,625.48
2/23/2022,0:00,160.912
2/23/2022,6:00,0
2/23/2022,12:00,107.92
2/23/2022,18:00,904
2/24/2022,0:00,302.224
2/24/2022,6:00,0
2/24/2022,12:00,108.448
2/24/2022,18:00,898.3
2/25/2022,0:00,274.032
2/25/2022,6:00,0
2/25/2022,12:00,71.776
2/25/2022,18:00,481.7
2/26/2022,0:00,214.8
2/26/2022,6:00,0
2/26/2022,12:00,102.592
2/26/2022,18:00,884.128
2/27/2022,0:00,236.592
2/27/2022,6:00,0
2/27/2022,12:00,102.096
2/27/2022,18:00,828.128
2/28/2022,0:00,188.368
2/28/2022,6:00,0
2/28/2022,12:00,101.16
2/28/2022,18:00,639.984
3/1/2022,0:00,120.304
3/1/2022,6:00,0
3/1/2022,12:00,36.58
3/1/2022,18:00,528
3/2/2022,0:00,189.424
3/2/2022,6:00,0
3/2/2022,12:00,90.12
3/2/2022,18:00,511.824
3/3/2022,0:00,192.144
3/3/2022,6:00,0
3/3/2022,12:00,100.38
3/3/2022,18:00,875.616
3/4/2022,0:00,277.536
3/4/2022,6:00,0
3/4/2022,12:00,97.9
3/4/2022,18:00,861.04
3/5/2022,0:00,248.304
3/5/2022,6:00,0
3/5/2022,12:00,95.4
3/5/2022,18:00,823.2
3/6/2022,0:00,121.888
3/6/2022,6:00,0
3/6/2022,12:00,82.32
3/6/2022,18:00,525.712
3/7/2022,0:00,141.28
3/7/2022,6:00,0
3/7/2022,12:00,92.86
3/7/2022,18:00,682.672
3/8/2022,0:00,187.776
3/8/2022,6:00,0
3/8/2022,12:00,91.16
3/8/2022,18:00,709.184
3/9/2022,0:00,54.544
3/9/2022,6:00,0
3/9/2022,12:00,26.78
3/9/2022,18:00,763.088
3/10/2022,0:00,109.92
3/10/2022,6:00,0
3/10/2022,12:00,87.6
3/10/2022,18:00,734.4
3/11/2022,0:00,113.68
3/11/2022,6:00,0
3/11/2022,12:00,5.34
3/11/2022,18:00,20.864
3/12/2022,0:00,40.928
3/12/2022,6:00,0
3/12/2022,12:00,93.42
3/12/2022,18:00,802.192
3/13/2022,0:00,92.304
3/13/2022,6:00,0
3/13/2022,12:00,23.32
3/13/2022,18:00,277.536
3/14/2022,0:00,145.072
3/14/2022,6:00,0
3/14/2022,12:00,88.58
3/14/2022,18:00,673.52
3/15/2022,0:00,250.816
3/15/2022,6:00,0
3/15/2022,12:00,62.78
3/15/2022,18:00,784.784
3/16/2022,0:00,192.928
3/16/2022,6:00,0
3/16/2022,12:00,82.82
3/16/2022,18:00,813.232
3/17/2022,0:00,239.328
3/17/2022,6:00,0
3/17/2022,12:00,84.544
3/17/2022,18:00,819.024
3/18/2022,0:00,144.368
3/18/2022,6:00,0
3/18/2022,12:00,66.56
3/18/2022,18:00,750.992
3/19/2022,0:00,35.76
3/19/2022,6:00,0
3/19/2022,12:00,14.336
3/19/2022,18:00,366
3/20/2022,0:00,121.488
3/20/2022,6:00,0
3/20/2022,12:00,88.832
3/20/2022,18:00,843.168
3/21/2022,0:00,239.984
3/21/2022,6:00,0
3/21/2022,12:00,84.48
3/21/2022,18:00,814.928
3/22/2022,0:00,229.36
3/22/2022,6:00,0
3/22/2022,12:00,83.984
3/22/2022,18:00,800.608
3/23/2022,0:00,144.912
3/23/2022,6:00,0
3/23/2022,12:00,42.76
3/23/2022,18:00,405.904
3/24/2022,0:00,33.536
3/24/2022,6:00,0
3/24/2022,12:00,20.32
3/24/2022,18:00,186.784
3/25/2022,0:00,107.296
3/25/2022,6:00,0
3/25/2022,12:00,3.968
3/25/2022,18:00,524.384
3/26/2022,0:00,222.544
3/26/2022,6:00,0
3/26/2022,12:00,81.42
3/26/2022,18:00,490.912
3/27/2022,0:00,147.808
3/27/2022,6:00,0
3/27/2022,12:00,80.92
3/27/2022,18:00,799.968
3/28/2022,0:00,215.6
3/28/2022,6:00,0
3/28/2022,12:00,82.4
3/28/2022,18:00,805.376
3/29/2022,0:00,217.2
3/29/2022,6:00,0
3/29/2022,12:00,77.04
3/29/2022,18:00,769.568
3/30/2022,0:00,198.256
3/30/2022,6:00,0
3/30/2022,12:00,9.22
3/30/2022,18:00,55.12
3/31/2022,0:00,15.728
3/31/2022,6:00,0
3/31/2022,12:00,69.96
3/31/2022,18:00,816.272
4/1/2022,0:00,214.784
4/1/2022,6:00,0
4/1/2022,12:00,79.12
4/1/2022,18:00,788.544
4/2/2022,0:00,204
4/2/2022,6:00,0
4/2/2022,12:00,75.984
4/2/2022,18:00,769.312
4/3/2022,0:00,194.416
4/3/2022,6:00,0
4/3/2022,12:00,10.08
4/3/2022,18:00,190.448
4/4/2022,0:00,108.32
4/4/2022,6:00,0
4/4/2022,12:00,3.36
4/4/2022,18:00,326.8
4/5/2022,0:00,76.4
4/5/2022,6:00,0
4/5/2022,12:00,71.28
4/5/2022,18:00,722.944
4/6/2022,0:00,180.176
4/6/2022,6:00,0
4/6/2022,12:00,53.46
4/6/2022,18:00,706.192
4/7/2022,0:00,179.008
4/7/2022,6:00,0
4/7/2022,12:00,1.82
4/7/2022,18:00,62.88
4/8/2022,0:00,21.808
4/8/2022,6:00,0
4/8/2022,12:00,66.98
4/8/2022,18:00,508.112
4/9/2022,0:00,104.912
4/9/2022,6:00,0
4/9/2022,12:00,68.592
4/9/2022,18:00,733.952
4/10/2022,0:00,180.128
4/10/2022,6:00,0
4/10/2022,12:00,47.056
4/10/2022,18:00,446.144
4/11/2022,0:00,38.208
4/11/2022,6:00,0
4/11/2022,12:00,2.304
4/11/2022,18:00,95.792
4/12/2022,0:00,33.808
4/12/2022,6:00,0
4/12/2022,12:00,12.784
4/12/2022,18:00,99.072
4/13/2022,0:00,34.224
4/13/2022,6:00,0
4/13/2022,12:00,60.288
4/13/2022,18:00,529.568
4/14/2022,0:00,139.712
4/14/2022,6:00,0
4/14/2022,12:00,55.28
4/14/2022,18:00,718.448
4/15/2022,0:00,174.256
4/15/2022,6:00,0
4/15/2022,12:00,67.82
4/15/2022,18:00,731.248
4/16/2022,0:00,170.464
4/16/2022,6:00,0
4/16/2022,12:00,67.264
4/16/2022,18:00,728.72
4/17/2022,0:00,168.304
4/17/2022,6:00,0
4/17/2022,12:00,59.984
4/17/2022,18:00,677.808
4/18/2022,0:00,160.128
4/18/2022,12:00,61.504
4/18/2022,18:00,691.168
4/19/2022,0:00,156.544
4/19/2022,6:00,0
4/19/2022,12:00,61.632
4/19/2022,18:00,694.496
4/20/2022,0:00,156.432
4/20/2022,6:00,0
4/20/2022,12:00,61.472
4/20/2022,18:00,696.464
4/21/2022,0:00,157.04
4/21/2022,6:00,0
4/21/2022,12:00,39.94
4/21/2022,18:00,424.864
4/22/2022,0:00,90.752
4/22/2022,6:00,0
4/22/2022,12:00,37.76
4/22/2022,18:00,338
4/23/2022,0:00,73.52
4/23/2022,6:00,0
4/23/2022,12:00,20.224
4/23/2022,18:00,674.416
4/24/2022,0:00,151.12
4/24/2022,6:00,0
4/24/2022,12:00,58.944
4/24/2022,18:00,666.272
4/25/2022,0:00,141.088
4/25/2022,6:00,0
4/25/2022,12:00,54.752
4/25/2022,18:00,614.832
4/26/2022,0:00,136.912
4/26/2022,6:00,0
4/26/2022,12:00,51.072
4/26/2022,18:00,632.8
4/27/2022,0:00,103.264
4/27/2022,6:00,0
4/27/2022,12:00,51.248
4/27/2022,18:00,636.72
4/28/2022,0:00,134.368
4/28/2022,6:00,0
4/28/2022,12:00,52.464
4/28/2022,18:00,178.016
4/29/2022,0:00,75.552
4/29/2022,6:00,0
4/29/2022,12:00,37.024
4/29/2022,18:00,614.928
4/30/2022,0:00,135.776
4/30/2022,6:00,0
4/30/2022,12:00,30.832
4/30/2022,18:00,389.616
5/1/2022,0:00,50.16
5/1/2022,6:00,0
5/1/2022,12:00,16.352
5/1/2022,18:00,250.288
5/2/2022,0:00,30
5/2/2022,6:00,0
5/2/2022,12:00,9.504
5/2/2022,18:00,157.6
5/3/2022,0:00,3.28
5/3/2022,6:00,0
5/3/2022,12:00,6.448
5/3/2022,18:00,30.096
5/4/2022,0:00,11.904
5/4/2022,6:00,0
5/4/2022,12:00,3.712
5/4/2022,18:00,221.76
5/5/2022,0:00,48.304
5/5/2022,6:00,0
5/5/2022,12:00,29.952
5/5/2022,18:00,625.536
5/6/2022,0:00,126.976
5/6/2022,6:00,0
5/6/2022,12:00,50.66
5/6/2022,18:00,632.56
5/7/2022,0:00,92.832
5/7/2022,6:00,0
5/7/2022,12:00,49.28
5/7/2022,18:00,581.536
5/8/2022,0:00,115.44
5/8/2022,6:00,0
5/8/2022,12:00,48.16
5/8/2022,18:00,621.568
5/9/2022,0:00,126.608
5/9/2022,6:00,0
5/9/2022,12:00,46.592
5/9/2022,18:00,607.888
5/10/2022,0:00,46.992
5/10/2022,6:00,0
5/10/2022,12:00,8.528
5/10/2022,18:00,39.312
5/11/2022,0:00,44.656
5/11/2022,6:00,0
5/11/2022,12:00,43.2
5/11/2022,18:00,507.872
5/12/2022,0:00,95.52
5/12/2022,6:00,0
5/12/2022,12:00,44.32
5/12/2022,18:00,599.264
5/13/2022,0:00,117.152
5/13/2022,6:00,0
5/13/2022,12:00,44.512
5/13/2022,18:00,599.216
5/14/2022,0:00,115.024
5/14/2022,6:00,0
5/14/2022,12:00,27.744
5/14/2022,18:00,64.176
5/15/2022,0:00,6.672
5/15/2022,6:00,0
5/15/2022,12:00,3.024
5/15/2022,18:00,329.84
5/16/2022,0:00,94.576
5/16/2022,6:00,0
5/16/2022,12:00,44.06
5/16/2022,18:00,609.136
5/17/2022,0:00,116.048
5/17/2022,6:00,0
5/17/2022,12:00,20.92
5/17/2022,18:00,496.064
5/18/2022,0:00,83.536
5/18/2022,6:00,0
5/18/2022,12:00,1.312
5/18/2022,18:00,38.672
5/19/2022,0:00,14.288
5/19/2022,6:00,0
5/19/2022,12:00,40.192
5/19/2022,18:00,349.248
5/20/2022,0:00,34.656
5/20/2022,6:00,0
5/20/2022,12:00,41.424
5/20/2022,18:00,591.616
5/21/2022,0:00,112.704
5/21/2022,6:00,0
5/21/2022,12:00,40.62
5/21/2022,18:00,581.44
5/22/2022,0:00,107.408
5/22/2022,6:00,0
5/22/2022,12:00,28.704
5/22/2022,18:00,453.44
5/23/2022,0:00,78.64
5/23/2022,6:00,0
5/23/2022,12:00,38.304
5/23/2022,18:00,566
5/24/2022,0:00,105.616
5/24/2022,6:00,0
5/24/2022,12:00,37.376
5/24/2022,18:00,559.888
5/25/2022,0:00,104.16
5/25/2022,6:00,0
5/25/2022,12:00,37.2
5/25/2022,18:00,553.904
5/26/2022,0:00,101.856
5/26/2022,6:00,0
5/26/2022,12:00,0.86
5/26/2022,18:00,128.128
5/27/2022,0:00,35.296
5/27/2022,6:00,0
5/27/2022,12:00,5.664
5/27/2022,18:00,230.768
5/28/2022,0:00,13.44
5/28/2022,6:00,0
5/28/2022,12:00,20.208
5/28/2022,18:00,268.304
5/29/2022,0:00,10.288
5/29/2022,6:00,0
5/29/2022,12:00,4.288
5/29/2022,18:00,68.272
5/30/2022,0:00,2.912
5/30/2022,6:00,0
5/30/2022,12:00,4.256
5/30/2022,18:00,159.488
5/31/2022,0:00,85.488
5/31/2022,6:00,0
5/31/2022,12:00,36.08
5/31/2022,18:00,563.264
6/1/2022,0:00,104.352
6/1/2022,6:00,0
6/1/2022,12:00,16.24
6/1/2022,18:00,68.672
6/2/2022,0:00,20.4
6/2/2022,6:00,0
6/2/2022,12:00,15.536
6/2/2022,18:00,298.208
6/3/2022,0:00,35.376
6/3/2022,6:00,0
6/3/2022,12:00,32.48
6/3/2022,18:00,543.344
6/4/2022,0:00,100.848
6/4/2022,6:00,0
6/4/2022,12:00,31.312
6/4/2022,18:00,372.288
6/5/2022,0:00,78.96
6/5/2022,6:00,0
6/5/2022,12:00,13.38
6/5/2022,18:00,208.592
6/6/2022,0:00,56.464
6/6/2022,6:00,0
6/6/2022,12:00,3.184
6/6/2022,18:00,22.832
6/7/2022,0:00,16.8
6/7/2022,6:00,0
6/7/2022,12:00,4.8
6/7/2022,18:00,380.16
6/8/2022,0:00,49.232
6/8/2022,6:00,0
6/8/2022,12:00,29.904
6/8/2022,18:00,468.8
6/9/2022,0:00,18.24
6/9/2022,6:00,0
6/9/2022,12:00,30.144
6/9/2022,18:00,521.024
6/10/2022,0:00,94.784
6/10/2022,6:00,0
6/10/2022,12:00,29.536
6/10/2022,18:00,526.112
6/11/2022,0:00,100.496
6/11/2022,6:00,0
6/11/2022,12:00,32.512
6/11/2022,18:00,555.264
6/12/2022,0:00,103.552
6/12/2022,6:00,0
6/12/2022,12:00,30.704
6/12/2022,18:00,542.8
6/13/2022,0:00,102.896
6/13/2022,6:00,0
6/13/2022,12:00,30.336
6/13/2022,18:00,535.568
6/14/2022,0:00,100.368
6/14/2022,6:00,0
6/14/2022,12:00,30.368
6/14/2022,18:00,541.44
6/15/2022,0:00,102.208
6/15/2022,6:00,0
6/15/2022,12:00,29.6
6/15/2022,18:00,531.824
6/16/2022,0:00,98.16
6/16/2022,6:00,0
6/16/2022,12:00,26.224
6/16/2022,18:00,386.368
6/17/2022,0:00,84.592
6/17/2022,6:00,0
6/17/2022,12:00,0.816
6/17/2022,18:00,60.304
6/18/2022,0:00,8.496
6/18/2022,6:00,0
6/18/2022,12:00,30.224
6/18/2022,18:00,545.568
6/19/2022,0:00,103.456
6/19/2022,6:00,0
6/19/2022,12:00,22.304
6/19/2022,18:00,498.592
6/20/2022,0:00,101.696
6/20/2022,6:00,0
6/20/2022,12:00,17.3
6/20/2022,18:00,494.304
6/21/2022,0:00,94.176
6/21/2022,6:00,0
6/21/2022,12:00,15.96
6/21/2022,18:00,204
6/22/2022,0:00,76.256
6/22/2022,6:00,0
6/22/2022,12:00,10.192
6/22/2022,18:00,283.152
6/23/2022,0:00,71.856
6/23/2022,6:00,0
6/23/2022,12:00,4.74
6/23/2022,18:00,42.016
6/24/2022,0:00,9.312
6/24/2022,6:00,0
6/24/2022,12:00,3.04
6/24/2022,18:00,62
6/25/2022,0:00,10.016
6/25/2022,6:00,0
6/25/2022,12:00,5.68
6/25/2022,18:00,108.8
6/26/2022,0:00,40.768
6/26/2022,6:00,0
6/26/2022,12:00,25.424
6/26/2022,18:00,445.024
6/27/2022,0:00,45.92
6/27/2022,6:00,0
6/27/2022,12:00,18.512
6/27/2022,18:00,397.04
6/28/2022,0:00,36.912
6/28/2022,6:00,0
6/28/2022,12:00,20.752
6/28/2022,18:00,244.576
6/29/2022,0:00,35.536
6/29/2022,6:00,0
6/29/2022,12:00,25.82
6/29/2022,18:00,525.76
6/30/2022,0:00,104.56
6/30/2022,6:00,0
6/30/2022,12:00,27.904
6/30/2022,18:00,534.656
7/1/2022,0:00,105.184
7/1/2022,6:00,0
7/1/2022,12:00,27.312
7/1/2022,18:00,521.088
7/2/2022,0:00,101.232
7/2/2022,6:00,0
7/2/2022,12:00,26.096
7/2/2022,18:00,485.168
7/3/2022,0:00,94.752
7/3/2022,6:00,0
7/3/2022,12:00,10.688
7/3/2022,18:00,266.16
7/4/2022,0:00,93.76
7/4/2022,6:00,0
7/4/2022,12:00,18.288
7/4/2022,18:00,472.416
7/5/2022,0:00,101.568
7/5/2022,6:00,0
7/5/2022,12:00,19.28
7/5/2022,18:00,402.864
7/6/2022,0:00,75.472
7/6/2022,6:00,0
7/6/2022,12:00,20.976
7/6/2022,18:00,433.664
7/7/2022,0:00,79.744
7/7/2022,6:00,0
7/7/2022,12:00,12.144
7/7/2022,18:00,37.072
7/8/2022,0:00,9.872
7/8/2022,6:00,0
7/8/2022,12:00,25.744
7/8/2022,18:00,490.32
7/9/2022,0:00,101.008
7/9/2022,6:00,0
7/9/2022,12:00,23.616
7/9/2022,18:00,498.768
7/10/2022,0:00,99.296
7/10/2022,6:00,0
7/10/2022,12:00,20.464
7/10/2022,18:00,309.568
7/11/2022,0:00,87.104
7/11/2022,6:00,0
7/11/2022,12:00,19.792
7/11/2022,18:00,394.384
7/12/2022,0:00,84.144
7/12/2022,6:00,0
7/12/2022,12:00,19.232
7/12/2022,18:00,196.656
7/13/2022,0:00,108.576
7/13/2022,6:00,0
7/13/2022,12:00,29.696
7/13/2022,18:00,558.048
7/14/2022,0:00,116.304
7/14/2022,6:00,0
7/14/2022,12:00,3.264
7/14/2022,18:00,218.688
7/15/2022,0:00,66.368
7/15/2022,6:00,0
7/15/2022,12:00,0.8
7/15/2022,18:00,94.896
7/16/2022,0:00,17.712
7/16/2022,6:00,0
7/16/2022,12:00,24.752
7/16/2022,18:00,268.992
7/17/2022,0:00,5.232
7/17/2022,6:00,0
7/17/2022,12:00,28.832
7/17/2022,18:00,439.808
7/18/2022,0:00,117.952
7/18/2022,6:00,0
7/18/2022,12:00,31.536
7/18/2022,18:00,503.984
7/19/2022,0:00,106.32
7/19/2022,6:00,0
7/19/2022,12:00,27.312
7/19/2022,18:00,310.608
7/20/2022,0:00,40.56
7/20/2022,6:00,0
7/20/2022,12:00,28.784
7/20/2022,18:00,524.784
7/21/2022,0:00,114.016
7/21/2022,6:00,0
7/21/2022,12:00,24.768
7/21/2022,18:00,492.576
7/22/2022,0:00,78.048
7/22/2022,6:00,0
7/22/2022,12:00,18.352
7/22/2022,18:00,393.712
7/23/2022,0:00,107.232
7/23/2022,6:00,0
7/23/2022,12:00,19.824
7/23/2022,18:00,527.216
7/24/2022,0:00,32.448
7/24/2022,6:00,0
7/24/2022,12:00,22.528
7/24/2022,18:00,488.384
7/25/2022,0:00,99.936
7/25/2022,6:00,0
7/25/2022,12:00,31.936
7/25/2022,18:00,561.008
7/26/2022,0:00,122.464
7/26/2022,6:00,0
7/26/2022,12:00,32.416
7/26/2022,18:00,565.008
7/27/2022,0:00,122.544
7/27/2022,6:00,0
7/27/2022,12:00,31.52
7/27/2022,18:00,519.936
7/28/2022,0:00,113.36
7/28/2022,6:00,0
7/28/2022,12:00,26.24
7/28/2022,18:00,410.432
7/29/2022,0:00,14.672
7/29/2022,6:00,0
7/29/2022,12:00,35.92
7/29/2022,18:00,589.168
7/30/2022,0:00,96.384
7/30/2022,6:00,0
7/30/2022,12:00,37.088
7/30/2022,18:00,606.144
7/31/2022,0:00,133.632
7/31/2022,6:00,0
7/31/2022,12:00,37.232
7/31/2022,18:00,603.728
8/1/2022,0:00,134.496
8/1/2022,6:00,0
8/1/2022,12:00,35.936
8/1/2022,18:00,583.456
8/2/2022,0:00,128.384
8/2/2022,6:00,0
8/2/2022,12:00,34.064
8/2/2022,18:00,464.288
8/3/2022,0:00,128.56
8/3/2022,6:00,0
8/3/2022,12:00,36.624
8/3/2022,18:00,586.896
8/4/2022,0:00,119.76
8/4/2022,6:00,0
8/4/2022,12:00,14.608
8/4/2022,18:00,218.128
8/5/2022,0:00,108.656
8/5/2022,6:00,0
8/5/2022,12:00,38.448
8/5/2022,18:00,612.816
8/6/2022,0:00,140.752
8/6/2022,6:00,0
8/6/2022,12:00,39.904
8/6/2022,18:00,247.44
8/7/2022,0:00,5.872
8/7/2022,6:00,0
8/7/2022,12:00,11.776
8/7/2022,18:00,199.872
8/8/2022,0:00,51.12
8/8/2022,6:00,0
8/8/2022,12:00,8.208
8/8/2022,18:00,495.248
8/9/2022,0:00,48.848
8/9/2022,6:00,0
8/9/2022,12:00,5.936
8/9/2022,18:00,94.352
8/10/2022,0:00,5.44
8/10/2022,6:00,0
8/10/2022,12:00,12.16
8/10/2022,18:00,483.872
8/11/2022,0:00,102.144
8/11/2022,6:00,0
8/11/2022,12:00,46.272
8/11/2022,18:00,647.584
8/12/2022,0:00,148.816
8/12/2022,6:00,0
8/12/2022,12:00,32.032
8/12/2022,18:00,539.392
8/13/2022,0:00,115.552
8/13/2022,6:00,0
8/13/2022,12:00,32.352
8/13/2022,18:00,414.304
8/14/2022,0:00,123.296
8/14/2022,6:00,0
8/14/2022,12:00,39.488
8/14/2022,18:00,264.176
8/15/2022,0:00,65.024
8/15/2022,6:00,0
8/15/2022,12:00,19.968
8/15/2022,18:00,545.456
8/16/2022,0:00,132.512
8/16/2022,6:00,0
8/16/2022,12:00,6.832
8/16/2022,18:00,158.624
8/17/2022,0:00,62.128
8/17/2022,6:00,0
8/17/2022,12:00,49.584
8/17/2022,18:00,575.472
8/18/2022,0:00,109.152
8/18/2022,6:00,0
8/18/2022,12:00,13.616
8/18/2022,18:00,666.08
8/19/2022,0:00,159.52
8/19/2022,6:00,0
8/19/2022,12:00,56.32
8/19/2022,18:00,702.8
8/20/2022,0:00,164.32
8/20/2022,6:00,0
8/20/2022,12:00,58.048
8/20/2022,18:00,706.96
8/21/2022,0:00,165.712
8/21/2022,6:00,0
8/21/2022,12:00,57.28
8/21/2022,18:00,698.784
8/22/2022,0:00,163.888
8/22/2022,6:00,0
8/22/2022,12:00,56.8
8/22/2022,18:00,689.744
8/23/2022,0:00,161.696
8/23/2022,6:00,0
8/23/2022,12:00,57.472
8/23/2022,18:00,687.616
8/24/2022,0:00,159.456
8/24/2022,6:00,0
8/24/2022,12:00,56.512
8/24/2022,18:00,675.696
8/25/2022,0:00,158
8/25/2022,6:00,0
8/25/2022,12:00,58.416
8/25/2022,18:00,686.848
8/26/2022,0:00,163.056
8/26/2022,6:00,0
8/26/2022,12:00,60.304
8/26/2022,18:00,696.16
8/27/2022,0:00,164.096
8/27/2022,6:00,0
8/27/2022,12:00,62.88
8/27/2022,18:00,699.296
8/28/2022,0:00,164.288
8/28/2022,6:00,0
8/28/2022,12:00,2.048
8/28/2022,18:00,166.576
8/29/2022,0:00,72.208
8/29/2022,6:00,0
8/29/2022,12:00,58.304
8/29/2022,18:00,610.224
8/30/2022,0:00,154.24
8/30/2022,6:00,0
8/30/2022,12:00,70.08
8/30/2022,18:00,742.256
8/31/2022,0:00,176.672
8/31/2022,6:00,0
8/31/2022,12:00,68.8
8/31/2022,18:00,725.824
9/1/2022,0:00,173.2
9/1/2022,6:00,0
9/1/2022,12:00,68.192
9/1/2022,18:00,718.496
9/2/2022,0:00,168.928
9/2/2022,6:00,0
9/2/2022,12:00,5.04
9/2/2022,18:00,112.56
9/3/2022,0:00,88.656
9/3/2022,6:00,0
9/3/2022,12:00,75.024
9/3/2022,18:00,768.56
9/4/2022,0:00,188.448
9/4/2022,6:00,0
9/4/2022,12:00,82.048
9/4/2022,18:00,784.816
9/5/2022,0:00,177.44
9/5/2022,6:00,0
9/5/2022,12:00,61.664
9/5/2022,18:00,541.744
9/6/2022,0:00,60.72
9/6/2022,6:00,0
9/6/2022,12:00,36.112
9/6/2022,18:00,391.92
9/7/2022,0:00,120.496
9/7/2022,6:00,0
9/7/2022,12:00,78.272
9/7/2022,18:00,655.776
9/8/2022,0:00,146.016
9/8/2022,6:00,0
9/8/2022,12:00,75.936
9/8/2022,18:00,674.88
9/9/2022,0:00,158.192
9/9/2022,6:00,0
9/9/2022,12:00,21.072
9/9/2022,18:00,351.68
9/10/2022,0:00,73.184
9/10/2022,6:00,0
9/10/2022,12:00,79.312
9/10/2022,18:00,772.656
9/11/2022,0:00,195.152
9/11/2022,6:00,0
9/11/2022,12:00,91.424
9/11/2022,18:00,771.264
9/12/2022,0:00,166.8
9/12/2022,6:00,0
9/12/2022,12:00,51.28
9/12/2022,18:00,754.816
9/13/2022,0:00,184.272
9/13/2022,6:00,0
9/13/2022,12:00,91.648
9/13/2022,18:00,800.368
9/14/2022,0:00,193.712
9/14/2022,6:00,0
9/14/2022,12:00,79.376
9/14/2022,18:00,769.248
9/15/2022,0:00,192.832
9/15/2022,6:00,0
9/15/2022,12:00,78.016
9/15/2022,18:00,489.232
9/16/2022,0:00,53.376
9/16/2022,6:00,0
9/16/2022,12:00,34.896
9/16/2022,18:00,626.528
9/17/2022,0:00,195.392
9/17/2022,6:00,0
9/17/2022,12:00,100.384
9/17/2022,18:00,825.792
9/18/2022,0:00,200.88
9/18/2022,6:00,0
9/18/2022,12:00,102.512
9/18/2022,18:00,827.264
9/19/2022,0:00,185.216
9/19/2022,6:00,0
9/19/2022,12:00,4.272
9/19/2022,18:00,43.2
9/20/2022,0:00,55.04
9/20/2022,6:00,0
9/20/2022,12:00,100.128
9/20/2022,18:00,777.184
9/21/2022,0:00,186.672
9/21/2022,6:00,0
9/21/2022,12:00,102.976
9/21/2022,18:00,505.616
9/22/2022,0:00,174.72
9/22/2022,6:00,0
9/22/2022,12:00,15.728
9/22/2022,18:00,647.12
9/23/2022,0:00,147.776
9/23/2022,6:00,0
9/23/2022,12:00,111.664
9/23/2022,18:00,849.28
9/24/2022,0:00,208.704
9/24/2022,6:00,0
9/24/2022,12:00,114.848
9/24/2022,18:00,860.8
9/25/2022,0:00,211.408
9/25/2022,6:00,0
9/25/2022,12:00,10.64
9/25/2022,18:00,193.712
9/26/2022,0:00,6.144
9/26/2022,6:00,0
9/26/2022,12:00,81.616
9/26/2022,18:00,462.448
9/27/2022,0:00,208.064
9/27/2022,6:00,0
9/27/2022,12:00,105.504
9/27/2022,18:00,787.808
9/28/2022,0:00,177.856
9/28/2022,6:00,0
9/28/2022,12:00,50.896
9/28/2022,18:00,287.072
9/29/2022,0:00,77.296
9/29/2022,6:00,0
9/29/2022,12:00,12.864
9/29/2022,18:00,41.648
9/30/2022,0:00,6.272
9/30/2022,6:00,0
9/30/2022,12:00,54.192
9/30/2022,18:00,90.46
10/1/2022,0:00,10.208
10/1/2022,6:00,0
10/1/2022,12:00,32.32
10/1/2022,18:00,761.2
10/2/2022,0:00,211.744
10/2/2022,6:00,0
10/2/2022,12:00,127.8
10/2/2022,18:00,874.768
10/3/2022,0:00,218.144
10/3/2022,6:00,0
10/3/2022,12:00,131.5
10/3/2022,18:00,892.288
10/4/2022,0:00,223.28
10/4/2022,6:00,0
10/4/2022,12:00,135.36
10/4/2022,18:00,897.04
10/5/2022,0:00,223.184
10/5/2022,6:00,0
10/5/2022,12:00,134.1
10/5/2022,18:00,836.34
10/6/2022,0:00,168.8
10/6/2022,6:00,0
10/6/2022,12:00,10.38
10/6/2022,18:00,332.1
10/7/2022,0:00,172.688
10/7/2022,6:00,0
10/7/2022,12:00,74.42
10/7/2022,18:00,555.3
10/8/2022,0:00,129.04
10/8/2022,6:00,0
10/8/2022,12:00,140.8
10/8/2022,18:00,906.38
10/9/2022,0:00,227.088
10/9/2022,6:00,0
10/9/2022,12:00,53.54
10/9/2022,18:00,247.56
10/10/2022,0:00,37.856
10/10/2022,6:00,0
10/10/2022,12:00,6.82
10/10/2022,18:00,62.14
10/11/2022,0:00,6.896
10/11/2022,6:00,0
10/11/2022,12:00,18.38
10/11/2022,18:00,87.06
10/12/2022,0:00,21.056
10/12/2022,6:00,0
10/12/2022,12:00,39.18
10/12/2022,18:00,531.34
10/13/2022,0:00,61.808
10/13/2022,6:00,0
10/13/2022,12:00,149.86
10/13/2022,18:00,899.84
10/14/2022,0:00,202.32
10/14/2022,6:00,0
10/14/2022,12:00,65.22
10/14/2022,18:00,388.82
10/15/2022,0:00,114.832
10/15/2022,6:00,0
10/15/2022,12:00,57.54
10/15/2022,18:00,300.68
10/16/2022,0:00,100
10/16/2022,6:00,0
10/16/2022,12:00,93.648
10/16/2022,18:00,568.86
10/17/2022,0:00,226.816
10/17/2022,6:00,0
10/17/2022,12:00,144.688
10/17/2022,18:00,818.16
10/18/2022,0:00,200.752
10/18/2022,6:00,0
10/18/2022,12:00,9.3
10/18/2022,18:00,119.18
10/19/2022,0:00,172.064
10/19/2022,6:00,0
10/19/2022,12:00,153.104
10/19/2022,18:00,907.8
10/20/2022,0:00,215.424
10/20/2022,6:00,0
10/20/2022,12:00,137.32
10/20/2022,18:00,482.02
10/21/2022,0:00,39.168
10/21/2022,6:00,0
10/21/2022,12:00,26.72
10/21/2022,18:00,408.94
10/22/2022,0:00,124.88
10/22/2022,6:00,0
10/22/2022,12:00,153.36
10/22/2022,18:00,613.58
10/23/2022,0:00,144.176
10/23/2022,6:00,0
10/23/2022,12:00,162.832
10/23/2022,18:00,927.52
10/24/2022,0:00,140.912
10/24/2022,6:00,0
10/24/2022,12:00,176.2
10/24/2022,18:00,971.58
10/25/2022,0:00,252.864
10/25/2022,6:00,0
10/25/2022,12:00,174.4
10/25/2022,18:00,959.52
10/26/2022,0:00,249.008
10/26/2022,6:00,0
10/26/2022,12:00,165.024
10/26/2022,18:00,912.6
10/27/2022,0:00,206.368
10/27/2022,6:00,0
10/27/2022,12:00,61.42
10/27/2022,18:00,577.96
10/28/2022,0:00,253.472
10/28/2022,6:00,0
10/28/2022,12:00,177.04
10/28/2022,18:00,959.6
10/29/2022,0:00,253.44
10/29/2022,6:00,0
10/29/2022,12:00,60.816
10/29/2022,18:00,574.8
10/30/2022,0:00,155.856
10/30/2022,6:00,0
10/30/2022,12:00,127.424
10/30/2022,18:00,466.5
10/31/2022,0:00,36.288
10/31/2022,6:00,0
10/31/2022,12:00,4.16
10/31/2022,18:00,29.88
11/1/2022,0:00,6.752
11/1/2022,6:00,0
11/1/2022,12:00,185.28
11/1/2022,18:00,999.14
11/2/2022,0:00,270.208
11/2/2022,6:00,0
11/2/2022,12:00,189.36
11/2/2022,18:00,997.78
11/3/2022,0:00,267.664
11/3/2022,6:00,0
11/3/2022,12:00,185.504
11/3/2022,18:00,980.4
11/4/2022,0:00,267.328
11/4/2022,6:00,0
11/4/2022,12:00,189.904
11/4/2022,18:00,983.78
11/5/2022,0:00,268.32
11/5/2022,6:00,0
11/5/2022,12:00,189.52
11/5/2022,18:00,981.52
11/6/2022,0:00,263.216
11/6/2022,6:00,0
11/6/2022,12:00,186.64
11/6/2022,18:00,954.94
11/7/2022,0:00,261.808
11/7/2022,6:00,0
11/7/2022,12:00,190.432
11/7/2022,18:00,988.36
11/8/2022,0:00,267.024
11/8/2022,6:00,0
11/8/2022,12:00,188.288
11/8/2022,18:00,978.68
11/9/2022,0:00,269.632
11/9/2022,6:00,0
11/9/2022,12:00,193.6
11/9/2022,18:00,991.98
11/10/2022,0:00,273.424
11/10/2022,6:00,0
11/10/2022,12:00,192.384
11/10/2022,18:00,920.56
11/11/2022,0:00,172.672
11/11/2022,6:00,0
11/11/2022,12:00,76.28
11/11/2022,18:00,338.74
11/12/2022,0:00,256.736
11/12/2022,6:00,0
11/12/2022,12:00,186.06
11/12/2022,18:00,787.36
11/13/2022,0:00,129.232
11/13/2022,6:00,0
11/13/2022,12:00,15.74
11/13/2022,18:00,159.46
11/14/2022,0:00,196.432
11/14/2022,6:00,0
11/14/2022,12:00,164.68
11/14/2022,18:00,957.88
11/15/2022,0:00,279.152
11/15/2022,6:00,0
11/15/2022,12:00,196.76
11/15/2022,18:00,993.5
11/16/2022,0:00,280.08
11/16/2022,6:00,0
11/16/2022,12:00,198.68
11/16/2022,18:00,998.62
11/17/2022,0:00,283.104
11/17/2022,6:00,0
11/17/2022,12:00,201.82
11/17/2022,18:00,1007.66
11/18/2022,0:00,286.864
11/18/2022,6:00,0
11/18/2022,12:00,197.58
11/18/2022,18:00,996.84
11/19/2022,0:00,286.16
11/19/2022,6:00,0
11/19/2022,12:00,192.08
11/19/2022,18:00,995.18
11/20/2022,0:00,286.672
11/20/2022,6:00,0
11/20/2022,12:00,192.26
11/20/2022,18:00,933.84
11/21/2022,0:00,237.28
11/21/2022,6:00,0
11/21/2022,12:00,106.78
11/21/2022,18:00,337.88
11/22/2022,0:00,43.06
11/22/2022,6:00,0
11/22/2022,12:00,38.62
11/22/2022,18:00,270.5
11/23/2022,0:00,87.376
11/23/2022,6:00,0
11/23/2022,12:00,203.18
11/23/2022,18:00,1012.96
11/24/2022,0:00,294.336
11/24/2022,6:00,0
11/24/2022,12:00,199.8
11/24/2022,18:00,998.9
11/25/2022,0:00,294.784
11/25/2022,6:00,0
11/25/2022,12:00,202.32
11/25/2022,18:00,1008.3
11/26/2022,0:00,299.904
11/26/2022,6:00,0
11/26/2022,12:00,197.42
11/26/2022,18:00,983.42
11/27/2022,0:00,253.2
11/27/2022,6:00,0
11/27/2022,12:00,192.82
11/27/2022,18:00,763.42
11/28/2022,0:00,179.568
11/28/2022,6:00,0
11/28/2022,12:00,169.98
11/28/2022,18:00,948.32
11/29/2022,0:00,278.6
11/29/2022,6:00,0
11/29/2022,12:00,192.52
11/29/2022,18:00,739.76
11/30/2022,0:00,184.44
11/30/2022,6:00,0
11/30/2022,12:00,188.64
11/30/2022,18:00,746.92
12/1/2022,0:00,147.46
12/1/2022,6:00,0
12/1/2022,12:00,191.38
12/1/2022,18:00,919.06
12/2/2022,0:00,271.632
12/2/2022,6:00,0
12/2/2022,12:00,162.78
12/2/2022,18:00,723.32
12/3/2022,0:00,202.96
12/3/2022,6:00,0
12/3/2022,12:00,167.12
12/3/2022,18:00,949.16
12/4/2022,0:00,267.648
12/4/2022,6:00,0
12/4/2022,12:00,188.46
12/4/2022,18:00,675.58
12/5/2022,0:00,192
12/5/2022,6:00,0
12/5/2022,12:00,190.2
12/5/2022,18:00,875.22
12/6/2022,0:00,148.64
12/6/2022,6:00,0
12/6/2022,12:00,191.92
12/6/2022,18:00,977.2
12/7/2022,0:00,295.9
12/7/2022,6:00,0
12/7/2022,12:00,191.96
12/7/2022,18:00,987.62
12/8/2022,0:00,293.184
12/8/2022,6:00,0
12/8/2022,12:00,190.66
12/8/2022,18:00,966.58
12/9/2022,0:00,286.208
12/9/2022,6:00,0
12/9/2022,12:00,189.16
12/9/2022,18:00,974.56
12/10/2022,0:00,305.88
12/10/2022,6:00,0
12/10/2022,12:00,149.06
12/10/2022,18:00,779.2
12/11/2022,0:00,70.34
12/11/2022,6:00,0
12/11/2022,12:00,73.4
12/11/2022,18:00,875.36
12/12/2022,0:00,286.848
12/12/2022,6:00,0
12/12/2022,12:00,171.16
12/12/2022,18:00,808.62
12/13/2022,0:00,83.18
12/13/2022,6:00,0
12/13/2022,12:00,193.72
12/13/2022,18:00,1023.16
12/14/2022,0:00,332.08
12/14/2022,6:00,0
12/14/2022,12:00,197.1
12/14/2022,18:00,1015.88
12/15/2022,0:00,329.472
12/15/2022,6:00,0
12/15/2022,12:00,189.38
12/15/2022,18:00,699.5
12/16/2022,0:00,175.36
12/16/2022,6:00,0
12/16/2022,12:00,189.48
12/16/2022,18:00,1000.26
12/17/2022,0:00,325.24
12/17/2022,6:00,0
12/17/2022,12:00,191.72
12/17/2022,18:00,998.78
12/18/2022,0:00,304.38
12/18/2022,6:00,0
12/18/2022,12:00,100.48
12/18/2022,18:00,714.6
12/19/2022,0:00,77.76
12/19/2022,6:00,0
12/19/2022,12:00,180.52
12/19/2022,18:00,889.56
12/20/2022,0:00,142.432
12/20/2022,6:00,0
12/20/2022,12:00,183.48
12/20/2022,18:00,955.12
12/21/2022,0:00,299.616
12/21/2022,6:00,0
12/21/2022,12:00,183.58
12/21/2022,18:00,990.34
12/22/2022,0:00,310.496
12/22/2022,6:00,0
12/22/2022,12:00,183.9
12/22/2022,18:00,996.14
12/23/2022,0:00,335.32
12/23/2022,6:00,0
12/23/2022,12:00,177.54
12/23/2022,18:00,981.96
12/24/2022,0:00,334.68
12/24/2022,6:00,0
12/24/2022,12:00,183.24
12/24/2022,18:00,990.74
12/25/2022,0:00,313.72
12/25/2022,6:00,0
12/25/2022,12:00,155.96
12/25/2022,18:00,667.72
12/26/2022,0:00,62.128
12/26/2022,6:00,0
12/26/2022,12:00,175.64
12/26/2022,18:00,735.86
12/27/2022,0:00,207.62
12/27/2022,6:00,0
12/27/2022,12:00,173.56
12/27/2022,18:00,587.58
12/28/2022,0:00,44.56
12/28/2022,6:00,0
12/28/2022,12:00,36.72
12/28/2022,18:00,967.52
12/29/2022,0:00,347.12
12/29/2022,6:00,0
12/29/2022,12:00,176.3
12/29/2022,18:00,1003.3
12/30/2022,0:00,351.06
12/30/2022,6:00,0
12/30/2022,12:00,181.58
12/30/2022,18:00,1016.2
12/31/2022,0:00,351.42
12/31/2022,6:00,0
12/31/2022,12:00,176.32
12/31/2022,18:00,1001.48
1/1/2023,0:00,343.92
1/1/2023,6:00,0
1/1/2023,12:00,46.22
1/1/2023,18:00,878.36
1/2/2023,0:00,73.08
1/2/2023,6:00,0
1/2/2023,12:00,99.78
1/2/2023,18:00,771.86
1/3/2023,0:00,295.152
1/3/2023,6:00,0
1/3/2023,12:00,173.94
1/3/2023,18:00,1006.52
1/4/2023,0:00,230.112
1/4/2023,6:00,0
1/4/2023,12:00,171.06
1/4/2023,18:00,999.26
1/5/2023,0:00,348.944
1/5/2023,6:00,0
1/5/2023,12:00,169.968
1/5/2023,18:00,1000.26
1/6/2023,0:00,352.8
1/6/2023,6:00,0
1/6/2023,12:00,169.84
1/6/2023,18:00,1006.18
1/7/2023,0:00,358.56
1/7/2023,6:00,0
1/7/2023,12:00,169.74
1/7/2023,18:00,1011.98
1/8/2023,0:00,358.74
1/8/2023,6:00,0
1/8/2023,12:00,165.7
1/8/2023,18:00,998.22
1/9/2023,0:00,354.52
1/9/2023,6:00,0
1/9/2023,12:00,157.56
1/9/2023,18:00,868.88
1/10/2023,0:00,171.568
1/10/2023,6:00,0
1/10/2023,12:00,158.88
1/10/2023,18:00,754.42
1/11/2023,0:00,216.192
1/11/2023,6:00,0
1/11/2023,12:00,158.34
1/11/2023,18:00,983.94
1/12/2023,0:00,229.808
1/12/2023,6:00,0
1/12/2023,12:00,157.64
1/12/2023,18:00,762.3
1/13/2023,0:00,141.184
1/13/2023,6:00,0
1/13/2023,12:00,150.94
1/13/2023,18:00,669.12
1/14/2023,0:00,224.432
1/14/2023,6:00,0
1/14/2023,12:00,126.46
1/14/2023,18:00,547.1
1/15/2023,0:00,142.76
1/15/2023,6:00,0
1/15/2023,12:00,39.34
1/15/2023,18:00,726.6
1/16/2023,0:00,154.06
1/16/2023,6:00,0
1/16/2023,12:00,118.4
1/16/2023,18:00,686.6
1/17/2023,0:00,188.72
1/17/2023,6:00,0
1/17/2023,12:00,148.04
1/17/2023,18:00,577.7
1/18/2023,0:00,268.736
1/18/2023,6:00,0
1/18/2023,12:00,146
1/18/2023,18:00,536.3
1/19/2023,0:00,159.744
1/19/2023,6:00,0
1/19/2023,12:00,146.7
1/19/2023,18:00,959.26
1/20/2023,0:00,125.472
1/20/2023,6:00,0
1/20/2023,12:00,144.528
1/20/2023,18:00,743.1
1/21/2023,0:00,103.968
1/21/2023,6:00,0
1/21/2023,12:00,138.14
1/21/2023,18:00,678.62
1/22/2023,0:00,61.248
1/22/2023,6:00,0
1/22/2023,12:00,141.7
1/22/2023,18:00,920.86
1/23/2023,0:00,255.056
1/23/2023,6:00,0
1/23/2023,12:00,141.98
1/23/2023,18:00,964.02
1/24/2023,0:00,307.856
1/24/2023,6:00,0
1/24/2023,12:00,144.976
1/24/2023,18:00,978.64
1/25/2023,0:00,320.576
1/25/2023,6:00,0
1/25/2023,12:00,137.392
1/25/2023,18:00,843.04
1/26/2023,0:00,212.976
1/26/2023,6:00,0
1/26/2023,12:00,127.92
1/26/2023,18:00,587.4
1/27/2023,0:00,129.44
1/27/2023,6:00,0
1/27/2023,12:00,117.36
1/27/2023,18:00,796.78
1/28/2023,0:00,281.28
1/28/2023,6:00,0
1/28/2023,12:00,132.512
1/28/2023,18:00,574.8
1/29/2023,0:00,251.296
1/29/2023,6:00,0
1/29/2023,12:00,130.94
1/29/2023,18:00,578.42
1/30/2023,0:00,131.872
1/30/2023,6:00,0
1/30/2023,12:00,119.28
1/30/2023,18:00,539.44
1/31/2023,0:00,254.064
1/31/2023,6:00,0
1/31/2023,12:00,131.488
1/31/2023,18:00,658.32
2/1/2023,0:00,194.624
2/1/2023,6:00,0
2/1/2023,12:00,130.128
2/1/2023,18:00,937.8
2/2/2023,0:00,282.016
2/2/2023,6:00,0
2/2/2023,12:00,129.68
2/2/2023,18:00,658.28
2/3/2023,0:00,53.12
2/3/2023,6:00,0
2/3/2023,12:00,84.8
2/3/2023,18:00,497.64
2/4/2023,0:00,151.024
2/4/2023,6:00,0
2/4/2023,12:00,123.7
2/4/2023,18:00,633.5
2/5/2023,0:00,133.376
2/5/2023,6:00,0
2/5/2023,12:00,119.36
2/5/2023,18:00,972.36
2/6/2023,0:00,347.616
2/6/2023,6:00,0
2/6/2023,12:00,126.752
2/6/2023,18:00,955.18
2/7/2023,0:00,341.264
2/7/2023,6:00,0
2/7/2023,12:00,127.392
2/7/2023,18:00,952.72
2/8/2023,0:00,318.528
2/8/2023,6:00,0
2/8/2023,12:00,126.112
2/8/2023,18:00,948.112
2/9/2023,0:00,290.448
2/9/2023,6:00,0
2/9/2023,12:00,15.936
2/9/2023,18:00,471.44
2/10/2023,0:00,130.144
2/10/2023,6:00,0
2/10/2023,12:00,114.352
2/10/2023,18:00,597.184
2/11/2023,0:00,264.416
2/11/2023,6:00,0
2/11/2023,12:00,120.14
2/11/2023,18:00,930.544
2/12/2023,0:00,328.512
2/12/2023,6:00,0
2/12/2023,12:00,123.08
2/12/2023,18:00,945.424
2/13/2023,0:00,328.192
2/13/2023,6:00,0
2/13/2023,12:00,118.52
2/13/2023,18:00,710.224
2/14/2023,0:00,225.152
2/14/2023,6:00,0
2/14/2023,12:00,48.66
2/14/2023,18:00,800.56
2/15/2023,0:00,248.208
2/15/2023,6:00,0
2/15/2023,12:00,112.16
2/15/2023,18:00,864.384
2/16/2023,0:00,314.16
2/16/2023,6:00,0
2/16/2023,12:00,117.136
2/16/2023,18:00,894.48
2/17/2023,0:00,198.832
2/17/2023,6:00,0
2/17/2023,12:00,37.488
2/17/2023,18:00,403.792
2/18/2023,0:00,323.648
2/18/2023,6:00,0
2/18/2023,12:00,119.6
2/18/2023,18:00,962.416
2/19/2023,0:00,329.728
2/19/2023,6:00,0
2/19/2023,12:00,106.18
2/19/2023,18:00,910.032
2/20/2023,0:00,269.024
2/20/2023,6:00,0
2/20/2023,12:00,55.02
2/20/2023,18:00,223.52
2/21/2023,0:00,119.648
2/21/2023,6:00,0
2/21/2023,12:00,110.24
2/21/2023,18:00,911.472
2/22/2023,0:00,298.448
2/22/2023,6:00,0
2/22/2023,12:00,98.544
2/22/2023,18:00,893.072
2/23/2023,0:00,294.112
2/23/2023,6:00,0
2/23/2023,12:00,93.296
2/23/2023,18:00,664.688
2/24/2023,0:00,137.008
2/24/2023,6:00,0
2/24/2023,12:00,19.968
2/24/2023,18:00,628.784
2/25/2023,0:00,188.192
2/25/2023,6:00,0
2/25/2023,12:00,104.62
2/25/2023,18:00,876.208
2/26/2023,0:00,166.384
2/26/2023,6:00,0
2/26/2023,12:00,104.768
2/26/2023,18:00,857.968
2/27/2023,0:00,257.744
2/27/2023,6:00,0
2/27/2023,12:00,106.096
2/27/2023,18:00,895.024
2/28/2023,0:00,230.832
2/28/2023,6:00,0
2/28/2023,12:00,102.448
2/28/2023,18:00,880.08
3/1/2023,0:00,285.712
3/1/2023,6:00,0
3/1/2023,12:00,100.832
3/1/2023,18:00,876.144
3/2/2023,0:00,76.528
3/2/2023,6:00,0
3/2/2023,12:00,83.216
3/2/2023,18:00,691.264
3/3/2023,0:00,30.304
3/3/2023,6:00,0
3/3/2023,12:00,34.16
3/3/2023,18:00,129.408
3/4/2023,0:00,185.44
3/4/2023,6:00,0
3/4/2023,12:00,95.888
3/4/2023,18:00,717.296
3/5/2023,0:00,249.296
3/5/2023,6:00,0
3/5/2023,12:00,97.26
3/5/2023,18:00,868.544
3/6/2023,0:00,274
3/6/2023,6:00,0
3/6/2023,12:00,98.84
3/6/2023,18:00,717.696
3/7/2023,0:00,127.104
3/7/2023,6:00,0
3/7/2023,12:00,92.96
3/7/2023,18:00,852.816
3/8/2023,0:00,167.728
3/8/2023,6:00,0
3/8/2023,12:00,94.576
3/8/2023,18:00,863.728
3/9/2023,0:00,260.832
3/9/2023,6:00,0
3/9/2023,12:00,94.416
3/9/2023,18:00,852.032
3/10/2023,0:00,214.224
3/10/2023,6:00,0
3/10/2023,12:00,92.528
3/10/2023,18:00,636.544
3/11/2023,0:00,58.944
3/11/2023,6:00,0
3/11/2023,12:00,93.792
3/11/2023,18:00,848.304
3/12/2023,0:00,255.344
3/12/2023,6:00,0
3/12/2023,12:00,91.264
3/12/2023,18:00,833.616
3/13/2023,0:00,250
3/13/2023,6:00,0
3/13/2023,12:00,89.28
3/13/2023,18:00,523.2
3/14/2023,0:00,20.576
3/14/2023,6:00,0
3/14/2023,12:00,63.392
3/14/2023,18:00,550.992
3/15/2023,0:00,139.824
3/15/2023,6:00,0
3/15/2023,12:00,12.784
3/15/2023,18:00,237.216
3/16/2023,0:00,93.2
3/16/2023,6:00,0
3/16/2023,12:00,52.56
3/16/2023,18:00,540.32
3/17/2023,0:00,201.536
3/17/2023,6:00,0
3/17/2023,12:00,71.728
3/17/2023,18:00,770.96
3/18/2023,0:00,151.792
3/18/2023,6:00,0
3/18/2023,12:00,86.592
3/18/2023,18:00,798.4
3/19/2023,0:00,95.728
3/19/2023,6:00,0
3/19/2023,12:00,76.832
3/19/2023,18:00,795.376
3/20/2023,0:00,143.84
3/20/2023,6:00,0
3/20/2023,12:00,83.696
3/20/2023,18:00,704.048
3/21/2023,0:00,122.912
3/21/2023,6:00,0
3/21/2023,12:00,82.272
3/21/2023,18:00,729.328
3/22/2023,0:00,108.544
3/22/2023,6:00,0
3/22/2023,12:00,81.424
3/22/2023,18:00,542.048
3/23/2023,0:00,114.864
3/23/2023,6:00,0
3/23/2023,12:00,79.84
3/23/2023,18:00,725.488
3/24/2023,0:00,135.856
3/24/2023,6:00,0
3/24/2023,12:00,75.84
3/24/2023,18:00,520.608
3/25/2023,0:00,76.912
3/25/2023,6:00,0
3/25/2023,12:00,52.992
3/25/2023,18:00,550.928
3/26/2023,0:00,98.56
3/26/2023,6:00,0
3/26/2023,12:00,35.536
3/26/2023,18:00,802.432
3/27/2023,0:00,219.776
3/27/2023,6:00,0
3/27/2023,12:00,83.232
3/27/2023,18:00,816.416
3/28/2023,0:00,222.32
3/28/2023,6:00,0
3/28/2023,12:00,78.88
3/28/2023,18:00,764.816
3/29/2023,0:00,113.744
3/29/2023,6:00,0
3/29/2023,12:00,69.68
3/29/2023,18:00,560.944
3/30/2023,0:00,100.112
3/30/2023,6:00,0
3/30/2023,12:00,15.808
3/30/2023,18:00,491.296
3/31/2023,0:00,162.48
3/31/2023,6:00,0
3/31/2023,12:00,74.12
3/31/2023,18:00,748.432
4/1/2023,0:00,63.84
4/1/2023,6:00,0
4/1/2023,12:00,76.848
4/1/2023,18:00,808.336
4/2/2023,0:00,212.72
4/2/2023,6:00,0
4/2/2023,12:00,81.136
4/2/2023,18:00,805.104
4/3/2023,0:00,208.672
4/3/2023,6:00,0
4/3/2023,12:00,78.896
4/3/2023,18:00,781.36
4/4/2023,0:00,200.896
4/4/2023,6:00,0
4/4/2023,12:00,69.232
4/4/2023,18:00,661.472
4/5/2023,0:00,164.064
4/5/2023,6:00,0
4/5/2023,12:00,26.48
4/5/2023,18:00,103.488
4/6/2023,0:00,78.992
4/6/2023,6:00,0
4/6/2023,12:00,4.112
4/6/2023,18:00,84.688
4/7/2023,0:00,8.512
4/7/2023,6:00,0
4/7/2023,12:00,13.488
4/7/2023,18:00,292.96
4/8/2023,0:00,148.832
4/8/2023,6:00,0
4/8/2023,12:00,67.152
4/8/2023,18:00,439.888
4/9/2023,0:00,110.272
4/9/2023,6:00,0
4/9/2023,12:00,67.4
4/9/2023,18:00,688.064
4/10/2023,0:00,128.832
4/10/2023,6:00,0
4/10/2023,12:00,66.98
4/10/2023,18:00,687.04
4/11/2023,0:00,155.584
4/11/2023,6:00,0
4/11/2023,12:00,55.456
4/11/2023,18:00,712.64
4/12/2023,0:00,152.864
4/12/2023,6:00,0
4/12/2023,12:00,65.48
4/12/2023,18:00,715.264
4/13/2023,0:00,171.888
4/13/2023,6:00,0
4/13/2023,12:00,63.696
4/13/2023,18:00,408.448
4/14/2023,0:00,37.504
4/14/2023,6:00,0
4/14/2023,12:00,9.936
4/14/2023,18:00,211.52
4/15/2023,0:00,134.288
4/15/2023,6:00,0
4/15/2023,12:00,61.472
4/15/2023,18:00,634.736
4/16/2023,0:00,153.344
4/16/2023,6:00,0
4/16/2023,12:00,23.84
4/16/2023,18:00,263.344
4/17/2023,0:00,85.84
4/17/2023,6:00,0
4/17/2023,12:00,19.136
4/17/2023,18:00,466.128
4/18/2023,0:00,50.448
4/18/2023,6:00,0
4/18/2023,12:00,61.712
4/18/2023,18:00,708.608
4/19/2023,0:00,163.36
4/19/2023,6:00,0
4/19/2023,12:00,63.04
4/19/2023,18:00,542.864
4/20/2023,0:00,83.248
4/20/2023,6:00,0
4/20/2023,12:00,62.848
4/20/2023,18:00,711.024
4/21/2023,0:00,161.488
4/21/2023,6:00,0
4/21/2023,12:00,63.168
4/21/2023,18:00,711.52
4/22/2023,0:00,159.088
4/22/2023,6:00,0
4/22/2023,12:00,49.328
4/22/2023,18:00,647.056
4/23/2023,0:00,150.592
4/23/2023,6:00,0
4/23/2023,12:00,58.8
4/23/2023,18:00,655.104
4/24/2023,0:00,128.576
4/24/2023,6:00,0
4/24/2023,12:00,57.424
4/24/2023,18:00,536.416
4/25/2023,0:00,62.576
4/25/2023,6:00,0
4/25/2023,12:00,24.544
4/25/2023,18:00,553.952
4/26/2023,0:00,26.752
4/26/2023,6:00,0
4/26/2023,12:00,15.424
4/26/2023,18:00,366.4
4/27/2023,0:00,139.264
4/27/2023,6:00,0
4/27/2023,12:00,54.688
4/27/2023,18:00,657.776
4/28/2023,0:00,139.76
4/28/2023,6:00,0
4/28/2023,12:00,55.776
4/28/2023,18:00,668.864
4/29/2023,0:00,141.648
4/29/2023,6:00,0
4/29/2023,12:00,54.08
4/29/2023,18:00,651.728
4/30/2023,0:00,137.584
4/30/2023,6:00,0
4/30/2023,12:00,53.504
4/30/2023,18:00,651.968
5/1/2023,0:00,136.896
5/1/2023,6:00,0
5/1/2023,12:00,7.024
5/1/2023,18:00,488.672
5/2/2023,0:00,41.952
5/2/2023,6:00,0
5/2/2023,12:00,41.872
5/2/2023,18:00,415.728
5/3/2023,0:00,35.088
5/3/2023,6:00,0
5/3/2023,12:00,11.712
5/3/2023,18:00,98.768
5/4/2023,0:00,4.208
5/4/2023,6:00,0
5/4/2023,12:00,8.608
5/4/2023,18:00,74.24
5/5/2023,0:00,16.72
5/5/2023,6:00,0
5/5/2023,12:00,6.448
5/5/2023,18:00,387.68
5/6/2023,0:00,67.824
5/6/2023,6:00,0
5/6/2023,12:00,26.944
5/6/2023,18:00,480.176
5/7/2023,0:00,65.952
5/7/2023,6:00,0
5/7/2023,12:00,36.512
5/7/2023,18:00,462.032
5/8/2023,0:00,40.4
5/8/2023,6:00,0
5/8/2023,12:00,38.528
5/8/2023,18:00,473.504
5/9/2023,0:00,102.448
5/9/2023,6:00,0
5/9/2023,12:00,49.04
5/9/2023,18:00,630.928
5/10/2023,0:00,125.104
5/10/2023,6:00,0
5/10/2023,12:00,47.712
5/10/2023,18:00,608.928
5/11/2023,0:00,122.8
5/11/2023,6:00,0
5/11/2023,12:00,46.032
5/11/2023,18:00,605.44
5/12/2023,0:00,98.992
5/12/2023,6:00,0
5/12/2023,12:00,45.456
5/12/2023,18:00,606.784
5/13/2023,0:00,119.04
5/13/2023,6:00,0
5/13/2023,12:00,44.592
5/13/2023,18:00,599.696
5/14/2023,0:00,117.264
5/14/2023,6:00,0
5/14/2023,12:00,44.512
5/14/2023,18:00,600.24
5/15/2023,0:00,115.36
5/15/2023,6:00,0
5/15/2023,12:00,43.312
5/15/2023,18:00,597.008
5/16/2023,0:00,115.696
5/16/2023,6:00,0
5/16/2023,12:00,43.712
5/16/2023,18:00,600.528
5/17/2023,0:00,115.904
5/17/2023,6:00,0
5/17/2023,12:00,41.84
5/17/2023,18:00,594.992
5/18/2023,0:00,114.608
5/18/2023,6:00,0
5/18/2023,12:00,41.664
5/18/2023,18:00,585.84
5/19/2023,0:00,111.776
5/19/2023,6:00,0
5/19/2023,12:00,39.344
5/19/2023,18:00,574.976
5/20/2023,0:00,112.944
5/20/2023,6:00,0
5/20/2023,12:00,29.232
5/20/2023,18:00,347.776
5/21/2023,0:00,56.432
5/21/2023,6:00,0
5/21/2023,12:00,4.928
5/21/2023,18:00,110.08
5/22/2023,0:00,2.608
5/22/2023,6:00,0
5/22/2023,12:00,5.728
5/22/2023,18:00,454.496
5/23/2023,0:00,97.36
5/23/2023,6:00,0
5/23/2023,12:00,37.12
5/23/2023,18:00,551.568
5/24/2023,0:00,102.592
5/24/2023,6:00,0
5/24/2023,12:00,36.848
5/24/2023,18:00,555.104
5/25/2023,0:00,104.4
5/25/2023,6:00,0
5/25/2023,12:00,36.848
5/25/2023,18:00,555.92
5/26/2023,0:00,103.84
5/26/2023,6:00,0
5/26/2023,12:00,26.896
5/26/2023,18:00,460.848
5/27/2023,0:00,98.352
5/27/2023,6:00,0
5/27/2023,12:00,23.888
5/27/2023,18:00,274.896
5/28/2023,0:00,10.784
5/28/2023,6:00,0
5/28/2023,12:00,3.232
5/28/2023,18:00,106.016
5/29/2023,0:00,93.712
5/29/2023,6:00,0
5/29/2023,12:00,34.096
5/29/2023,18:00,440
5/30/2023,0:00,99.504
5/30/2023,6:00,0
5/30/2023,12:00,25.68
5/30/2023,18:00,472.576
5/31/2023,0:00,97.248
5/31/2023,6:00,0
5/31/2023,12:00,32.864
5/31/2023,18:00,513.776
6/1/2023,0:00,98.608
6/1/2023,6:00,0
6/1/2023,12:00,32.96
6/1/2023,18:00,535.008
6/2/2023,0:00,98.544
6/2/2023,6:00,0
6/2/2023,12:00,33.12
6/2/2023,18:00,534.096
6/3/2023,0:00,88.448
6/3/2023,6:00,0
6/3/2023,12:00,32.976
6/3/2023,18:00,530.032
6/4/2023,0:00,81.616
6/4/2023,6:00,0
6/4/2023,12:00,31.984
6/4/2023,18:00,484.592
6/5/2023,0:00,74.48
6/5/2023,6:00,0
6/5/2023,12:00,23.696
6/5/2023,18:00,405.968
6/6/2023,0:00,94.352
6/6/2023,6:00,0
6/6/2023,12:00,29.808
6/6/2023,18:00,516.576
6/7/2023,0:00,95.072
6/7/2023,6:00,0
6/7/2023,12:00,29.824
6/7/2023,18:00,515.6
6/8/2023,0:00,94.928
6/8/2023,6:00,0
6/8/2023,12:00,28.336
6/8/2023,18:00,517.856
6/9/2023,0:00,96.176
6/9/2023,6:00,0
6/9/2023,12:00,30.672
6/9/2023,18:00,528.64
6/10/2023,0:00,96.896
6/10/2023,6:00,0
6/10/2023,12:00,7.824
6/10/2023,18:00,270.096
6/11/2023,0:00,10.16
6/11/2023,6:00,0
6/11/2023,12:00,0.544
6/11/2023,18:00,22.352
6/12/2023,0:00,36.912
6/12/2023,6:00,0
6/12/2023,12:00,29.84
6/12/2023,18:00,420.448
6/13/2023,0:00,92.032
6/13/2023,6:00,0
6/13/2023,12:00,15.408
6/13/2023,18:00,290.672
6/14/2023,0:00,4.464
6/14/2023,6:00,0
6/14/2023,12:00,2.56
6/14/2023,18:00,35.776
6/15/2023,0:00,2.208
6/15/2023,6:00,0
6/15/2023,12:00,0.384
6/15/2023,18:00,33.984
6/16/2023,0:00,2.352
6/16/2023,6:00,0
6/16/2023,12:00,2.336
6/16/2023,18:00,362.64
6/17/2023,0:00,30.704
6/17/2023,6:00,0
6/17/2023,12:00,28.784
6/17/2023,18:00,527.392
6/18/2023,0:00,91.184
6/18/2023,6:00,0
6/18/2023,12:00,28.784
6/18/2023,18:00,531.872
6/19/2023,0:00,101.104
6/19/2023,6:00,0
6/19/2023,12:00,23.22
6/19/2023,18:00,441.68
6/20/2023,0:00,83.392
6/20/2023,6:00,0
6/20/2023,12:00,24.2
6/20/2023,18:00,488.816
6/21/2023,0:00,95.6
6/21/2023,6:00,0
6/21/2023,12:00,14.34
6/21/2023,18:00,188.16
6/22/2023,0:00,7.6
6/22/2023,6:00,0
6/22/2023,12:00,3.904
6/22/2023,18:00,135.68
6/23/2023,0:00,61.024
6/23/2023,6:00,0
6/23/2023,12:00,10.256
6/23/2023,18:00,177.28
6/24/2023,0:00,47.456
6/24/2023,6:00,0
6/24/2023,12:00,23.28
6/24/2023,18:00,450.704
6/25/2023,0:00,94.032
6/25/2023,6:00,0
6/25/2023,12:00,25.904
6/25/2023,18:00,428.64
6/26/2023,0:00,56.336
6/26/2023,6:00,0
6/26/2023,12:00,26.08
6/26/2023,18:00,511.44
6/27/2023,0:00,98.912
6/27/2023,6:00,0
6/27/2023,12:00,27.04
6/27/2023,18:00,524.368
6/28/2023,0:00,102.032
6/28/2023,6:00,0
6/28/2023,12:00,26.32
6/28/2023,18:00,447.136
6/29/2023,0:00,14.72
6/29/2023,6:00,0
6/29/2023,12:00,26.752
6/29/2023,18:00,512.864
6/30/2023,0:00,99.936
6/30/2023,6:00,0
6/30/2023,12:00,21.536
6/30/2023,18:00,138.464
7/1/2023,0:00,68.672
7/1/2023,6:00,0
7/1/2023,12:00,25.52
7/1/2023,18:00,504.304
7/2/2023,0:00,99.136
7/2/2023,6:00,0
7/2/2023,12:00,26.16
7/2/2023,18:00,514.32
7/3/2023,0:00,101.696
7/3/2023,6:00,0
7/3/2023,12:00,26.8
7/3/2023,18:00,522.384
7/4/2023,0:00,104.144
7/4/2023,6:00,0
7/4/2023,12:00,26.832
7/4/2023,18:00,526.384
7/5/2023,0:00,105.6
7/5/2023,6:00,0
7/5/2023,12:00,26.448
7/5/2023,18:00,518.096
7/6/2023,0:00,103.408
7/6/2023,6:00,0
7/6/2023,12:00,22.88
7/6/2023,18:00,505.936
7/7/2023,0:00,81.68
7/7/2023,6:00,0
7/7/2023,12:00,6.288
7/7/2023,18:00,245.872
7/8/2023,0:00,79.68
7/8/2023,6:00,0
7/8/2023,12:00,2.352
7/8/2023,18:00,476.032
7/9/2023,0:00,97.584
7/9/2023,6:00,0
7/9/2023,12:00,24.672
7/9/2023,18:00,345.504
7/10/2023,0:00,26.512
7/10/2023,6:00,0
7/10/2023,12:00,9.6
7/10/2023,18:00,106.448
7/11/2023,0:00,2.48
7/11/2023,6:00,0
7/11/2023,12:00,1.456
7/11/2023,18:00,47.008
7/12/2023,0:00,20.928
7/12/2023,6:00,0
7/12/2023,12:00,13.424
7/12/2023,18:00,170
7/13/2023,0:00,51.264
7/13/2023,6:00,0
7/13/2023,12:00,0.832
7/13/2023,18:00,22.416
7/14/2023,0:00,6.288
7/14/2023,6:00,0
7/14/2023,12:00,24.56
7/14/2023,18:00,270.64
7/15/2023,0:00,27.952
7/15/2023,6:00,0
7/15/2023,12:00,29.568
7/15/2023,18:00,552.544
7/16/2023,0:00,90.32
7/16/2023,6:00,0
7/16/2023,12:00,27.712
7/16/2023,18:00,542.432
7/17/2023,0:00,113.328
7/17/2023,6:00,0
7/17/2023,12:00,28.192
7/17/2023,18:00,481.6
7/18/2023,0:00,90.912
7/18/2023,6:00,0
7/18/2023,12:00,30.544
7/18/2023,18:00,563.216
7/19/2023,0:00,119.2
7/19/2023,6:00,0
7/19/2023,12:00,29.744
7/19/2023,18:00,551.376
7/20/2023,0:00,70.128
7/20/2023,6:00,0
7/20/2023,12:00,13.296
7/20/2023,18:00,328.512
7/21/2023,0:00,77.28
7/21/2023,6:00,0
7/21/2023,12:00,29.184
7/21/2023,18:00,542.864
7/22/2023,0:00,115.776
7/22/2023,6:00,0
7/22/2023,12:00,21.744
7/22/2023,18:00,520.416
7/23/2023,0:00,118.848
7/23/2023,6:00,0
7/23/2023,12:00,29.056
7/23/2023,18:00,533.808
7/24/2023,0:00,113.52
7/24/2023,6:00,0
7/24/2023,12:00,30.672
7/24/2023,18:00,461.328
7/25/2023,0:00,119.536
7/25/2023,6:00,0
7/25/2023,12:00,10.208
7/25/2023,18:00,380.32
7/26/2023,0:00,62.576
7/26/2023,6:00,0
7/26/2023,12:00,20.688
7/26/2023,18:00,292.832
7/27/2023,0:00,63.984
7/27/2023,6:00,0
7/27/2023,12:00,27.632
7/27/2023,18:00,551.84
7/28/2023,0:00,118.672
7/28/2023,6:00,0
7/28/2023,12:00,3.776
7/28/2023,18:00,431.088
7/29/2023,0:00,124.688
7/29/2023,6:00,0
7/29/2023,12:00,35.264
7/29/2023,18:00,593.376
7/30/2023,0:00,131.104
7/30/2023,6:00,0
7/30/2023,12:00,31.856
7/30/2023,18:00,579.344
7/31/2023,0:00,127.856
7/31/2023,6:00,0
7/31/2023,12:00,34.592
7/31/2023,18:00,576.416
8/1/2023,0:00,127.408
8/1/2023,6:00,0
8/1/2023,12:00,36.16
8/1/2023,18:00,592.048
8/2/2023,0:00,131.808
8/2/2023,6:00,0
8/2/2023,12:00,37.504
8/2/2023,18:00,600.352
8/3/2023,0:00,133.44
8/3/2023,6:00,0
8/3/2023,12:00,37.808
8/3/2023,18:00,596.048
8/4/2023,0:00,128.448
8/4/2023,6:00,0
8/4/2023,12:00,37.936
8/4/2023,18:00,596.736
8/5/2023,0:00,133.744
8/5/2023,6:00,0
8/5/2023,12:00,38.08
8/5/2023,18:00,597.216
8/6/2023,0:00,134.8
8/6/2023,6:00,0
8/6/2023,12:00,40.784
8/6/2023,18:00,612.624
8/7/2023,0:00,137.312
8/7/2023,6:00,0
8/7/2023,12:00,5.408
8/7/2023,18:00,281.072
8/8/2023,0:00,77.728
8/8/2023,6:00,0
8/8/2023,12:00,37.92
8/8/2023,18:00,380.96
8/9/2023,0:00,28.112
8/9/2023,6:00,0
8/9/2023,12:00,1.168
8/9/2023,18:00,31.952
8/10/2023,0:00,5.424
8/10/2023,6:00,0
8/10/2023,12:00,40.656
8/10/2023,18:00,409.616
8/11/2023,0:00,75.264
8/11/2023,6:00,0
8/11/2023,12:00,30.608
8/11/2023,18:00,600.288
8/12/2023,0:00,131.008
8/12/2023,6:00,0
8/12/2023,12:00,32.832
8/12/2023,18:00,548.032
8/13/2023,0:00,150.928
8/13/2023,6:00,0
8/13/2023,12:00,43.072
8/13/2023,18:00,661.104
8/14/2023,0:00,154.144
8/14/2023,6:00,0
8/14/2023,12:00,48.848
8/14/2023,18:00,658.608
8/15/2023,0:00,148.96
8/15/2023,6:00,0
8/15/2023,12:00,47.296
8/15/2023,18:00,641.136
8/16/2023,0:00,143.728
8/16/2023,6:00,0
8/16/2023,12:00,47.744
8/16/2023,18:00,640.4
8/17/2023,0:00,147.248
8/17/2023,6:00,0
8/17/2023,12:00,47.776
8/17/2023,18:00,639.104
8/18/2023,0:00,148.736
8/18/2023,6:00,0
8/18/2023,12:00,48.24
8/18/2023,18:00,108.16
8/19/2023,0:00,24.496
8/19/2023,6:00,0
8/19/2023,12:00,18.464
8/19/2023,18:00,665.376
8/20/2023,0:00,157.696
8/20/2023,6:00,0
8/20/2023,12:00,52.576
8/20/2023,18:00,655.264
8/21/2023,0:00,141.136
8/21/2023,6:00,0
8/21/2023,12:00,53.776
8/21/2023,18:00,673.856
8/22/2023,0:00,159.248
8/22/2023,6:00,0
8/22/2023,12:00,52.192
8/22/2023,18:00,660.288
8/23/2023,0:00,155.632
8/23/2023,6:00,0
8/23/2023,12:00,54.896
8/23/2023,18:00,668.72
8/24/2023,0:00,157.152
8/24/2023,6:00,0
8/24/2023,12:00,5.888
8/24/2023,18:00,166.192
8/25/2023,0:00,56.16
8/25/2023,6:00,0
8/25/2023,12:00,60.416
8/25/2023,18:00,703.648
8/26/2023,0:00,166.592
8/26/2023,6:00,0
8/26/2023,12:00,63.056
8/26/2023,18:00,715.44
8/27/2023,0:00,170.464
8/27/2023,6:00,0
8/27/2023,12:00,65.088
8/27/2023,18:00,727.04
8/28/2023,0:00,172.992
8/28/2023,6:00,0
8/28/2023,12:00,66.032
8/28/2023,18:00,721.6
8/29/2023,0:00,171.408
8/29/2023,6:00,0
8/29/2023,12:00,64.16
8/29/2023,18:00,708.24
8/30/2023,0:00,128.384
8/30/2023,6:00,0
8/30/2023,12:00,66.096
8/30/2023,18:00,714.352
8/31/2023,0:00,170.416
8/31/2023,6:00,0
8/31/2023,12:00,67.12
8/31/2023,18:00,719.024
9/1/2023,0:00,170.432
9/1/2023,6:00,0
9/1/2023,12:00,23.68
9/1/2023,18:00,120.416
9/2/2023,0:00,20.272
9/2/2023,6:00,0
9/2/2023,12:00,3.76
9/2/2023,18:00,176.432
9/3/2023,0:00,81.744
9/3/2023,6:00,0
9/3/2023,12:00,46.768
9/3/2023,18:00,597.232
9/4/2023,0:00,90.24
9/4/2023,6:00,0
9/4/2023,12:00,43.872
9/4/2023,18:00,402.416
9/5/2023,0:00,31.52
9/5/2023,6:00,0
9/5/2023,12:00,17.024
9/5/2023,18:00,258.144
9/6/2023,0:00,62.592
9/6/2023,6:00,0
9/6/2023,12:00,74.896
9/6/2023,18:00,506.64
9/7/2023,0:00,162.688
9/7/2023,6:00,0
9/7/2023,12:00,19.936
9/7/2023,18:00,151.168
9/8/2023,0:00,36.848
9/8/2023,6:00,0
9/8/2023,12:00,15.136
9/8/2023,18:00,307.76
9/9/2023,0:00,42.592
9/9/2023,6:00,0
9/9/2023,12:00,17.264
9/9/2023,18:00,314.592
9/10/2023,0:00,23.12
9/10/2023,6:00,0
9/10/2023,12:00,65.136
9/10/2023,18:00,727.856
9/11/2023,0:00,176.848
9/11/2023,6:00,0
9/11/2023,12:00,74.352
9/11/2023,18:00,749.968
9/12/2023,0:00,184.432
9/12/2023,6:00,0
9/12/2023,12:00,72
9/12/2023,18:00,268.848
9/13/2023,0:00,180.512
9/13/2023,6:00,0
9/13/2023,12:00,41.936
9/13/2023,18:00,40.32
9/14/2023,0:00,6.496
9/14/2023,6:00,0
9/14/2023,12:00,15.376
9/14/2023,18:00,289.408
9/15/2023,0:00,197.648
9/15/2023,6:00,0
9/15/2023,12:00,94.896
9/15/2023,18:00,803.808
9/16/2023,0:00,189.616
9/16/2023,6:00,0
9/16/2023,12:00,98.112
9/16/2023,18:00,812.96
9/17/2023,0:00,196.656
9/17/2023,6:00,0
9/17/2023,12:00,95.056
9/17/2023,18:00,787.488
9/18/2023,0:00,189.792
9/18/2023,6:00,0
9/18/2023,12:00,92.096
9/18/2023,18:00,728.832
9/19/2023,0:00,170.64
9/19/2023,6:00,0
9/19/2023,12:00,89.232
9/19/2023,18:00,771.952
9/20/2023,0:00,188.112
9/20/2023,6:00,0
9/20/2023,12:00,96.624
9/20/2023,18:00,780.688
9/21/2023,0:00,181.6
9/21/2023,6:00,0
9/21/2023,12:00,99.168
9/21/2023,18:00,788.672
9/22/2023,0:00,191.808
9/22/2023,6:00,0
9/22/2023,12:00,64.544
9/22/2023,18:00,510.128
9/23/2023,0:00,188.032
9/23/2023,6:00,0
9/23/2023,12:00,102.736
9/23/2023,18:00,799.6
9/24/2023,0:00,195.952
9/24/2023,6:00,0
9/24/2023,12:00,104.144
9/24/2023,18:00,505.824
9/25/2023,0:00,192.96
9/25/2023,6:00,0
9/25/2023,12:00,105.088
9/25/2023,18:00,802.88
9/26/2023,0:00,195.056
9/26/2023,6:00,0
9/26/2023,12:00,108.368
9/26/2023,18:00,761.888
9/27/2023,0:00,173.328
9/27/2023,6:00,0
9/27/2023,12:00,5.936
9/27/2023,18:00,191.088
9/28/2023,0:00,42.768
9/28/2023,6:00,0
9/28/2023,12:00,123.792
9/28/2023,18:00,874.704
9/29/2023,0:00,145.712
9/29/2023,6:00,0
9/29/2023,12:00,114.368
9/29/2023,18:00,804.192
9/30/2023,0:00,205.696
9/30/2023,6:00,0
9/30/2023,12:00,80.176
9/30/2023,18:00,582.224
10/1/2023,0:00,66.112
10/1/2023,6:00,0
10/1/2023,12:00,105.584
10/1/2023,18:00,872.368
10/2/2023,0:00,217.872
10/2/2023,6:00,0
10/2/2023,12:00,129.536
10/2/2023,18:00,876.64
10/3/2023,0:00,222.4
10/3/2023,6:00,0
10/3/2023,12:00,130.02
10/3/2023,18:00,734.784
10/4/2023,0:00,198.16
10/4/2023,6:00,0
10/4/2023,12:00,34.74
10/4/2023,18:00,173.136
10/5/2023,0:00,62
10/5/2023,6:00,0
10/5/2023,12:00,132.72
10/5/2023,18:00,882.78
10/6/2023,0:00,219.264
10/6/2023,6:00,0
10/6/2023,12:00,4.66
10/6/2023,18:00,153.96
10/7/2023,0:00,19.92
10/7/2023,6:00,0
10/7/2023,12:00,1.74
10/7/2023,18:00,93.408
10/8/2023,0:00,22.992
10/8/2023,6:00,0
10/8/2023,12:00,7.744
10/8/2023,18:00,255.4
10/9/2023,0:00,74.768
10/9/2023,6:00,0
10/9/2023,12:00,91.5
10/9/2023,18:00,785.34
10/10/2023,0:00,225.392
10/10/2023,6:00,0
10/10/2023,12:00,143.46
10/10/2023,18:00,905.98
10/11/2023,0:00,225.424
10/11/2023,6:00,0
10/11/2023,12:00,31.024
10/11/2023,18:00,507.72
10/12/2023,0:00,118.4
10/12/2023,6:00,0
10/12/2023,12:00,5.584
10/12/2023,18:00,112.3
10/13/2023,0:00,46.592
10/13/2023,6:00,0
10/13/2023,12:00,148.608
10/13/2023,18:00,903.5
10/14/2023,0:00,234.208
10/14/2023,6:00,0
10/14/2023,12:00,147.728
10/14/2023,18:00,864.04
10/15/2023,0:00,223.024
10/15/2023,6:00,0
10/15/2023,12:00,102.928
10/15/2023,18:00,774.6
10/16/2023,0:00,207.92
10/16/2023,6:00,0
10/16/2023,12:00,89.36
10/16/2023,18:00,667.408
10/17/2023,0:00,138.064
10/17/2023,6:00,0
10/17/2023,12:00,15.824
10/17/2023,18:00,93.92
10/18/2023,0:00,21.792
10/18/2023,6:00,0
10/18/2023,12:00,86.16
10/18/2023,18:00,581.34
10/19/2023,0:00,128.832
10/19/2023,6:00,0
10/19/2023,12:00,54.352
10/19/2023,18:00,453.76
10/20/2023,0:00,72.224
10/20/2023,6:00,0
10/20/2023,12:00,46.8
10/20/2023,18:00,499.92
10/21/2023,0:00,226.288
10/21/2023,6:00,0
10/21/2023,12:00,154.144
10/21/2023,18:00,897.84
10/22/2023,0:00,230.144
10/22/2023,6:00,0
10/22/2023,12:00,156.42
10/22/2023,18:00,824.928
10/23/2023,0:00,179.632
10/23/2023,6:00,0
10/23/2023,12:00,137.22
10/23/2023,18:00,840.3
10/24/2023,0:00,55.904
10/24/2023,6:00,0
10/24/2023,12:00,51.64
10/24/2023,18:00,345.46
10/25/2023,0:00,75.104
10/25/2023,6:00,0
10/25/2023,12:00,153.96
10/25/2023,18:00,929.8
10/26/2023,0:00,238.72
10/26/2023,6:00,0
10/26/2023,12:00,167.02
10/26/2023,18:00,934.5
10/27/2023,0:00,241.696
10/27/2023,6:00,0
10/27/2023,12:00,165.96
10/27/2023,18:00,796.7
10/28/2023,0:00,189.968
10/28/2023,6:00,0
10/28/2023,12:00,11.54
10/28/2023,18:00,94.22
10/29/2023,0:00,18.832
10/29/2023,6:00,0
10/29/2023,12:00,155.92
10/29/2023,18:00,901.98
10/30/2023,0:00,248.592
10/30/2023,6:00,0
10/30/2023,12:00,44.144
10/30/2023,18:00,189.18
10/31/2023,0:00,164.912
10/31/2023,6:00,0
10/31/2023,12:00,98.368
10/31/2023,18:00,675
11/1/2023,0:00,181.056
11/1/2023,6:00,0
11/1/2023,12:00,155.24
11/1/2023,18:00,496.78
11/2/2023,0:00,168.144
11/2/2023,6:00,0
11/2/2023,12:00,9.552
11/2/2023,18:00,100.28
11/3/2023,0:00,35.808
11/3/2023,6:00,0
11/3/2023,12:00,6.42
11/3/2023,18:00,90.32
11/4/2023,0:00,47.888
11/4/2023,6:00,0
11/4/2023,12:00,68.96
11/4/2023,18:00,633.12
11/5/2023,0:00,262.416
11/5/2023,6:00,0
11/5/2023,12:00,193.58
11/5/2023,18:00,997.36
11/6/2023,0:00,263.392
11/6/2023,6:00,0
11/6/2023,12:00,184.848
11/6/2023,18:00,969.2
11/7/2023,0:00,263.616
11/7/2023,6:00,0
11/7/2023,12:00,185.888
11/7/2023,18:00,970.56
11/8/2023,0:00,263.008
11/8/2023,6:00,0
11/8/2023,12:00,171.62
11/8/2023,18:00,838.28
11/9/2023,0:00,137.664
11/9/2023,6:00,0
11/9/2023,12:00,13.74
11/9/2023,18:00,213.06
11/10/2023,0:00,106.784
11/10/2023,6:00,0
11/10/2023,12:00,134.54
11/10/2023,18:00,770.64
11/11/2023,0:00,254.912
11/11/2023,6:00,0
11/11/2023,12:00,181.24
11/11/2023,18:00,938.34
11/12/2023,0:00,249.76
11/12/2023,6:00,0
11/12/2023,12:00,164.28
11/12/2023,18:00,940.74
11/13/2023,0:00,222.672
11/13/2023,6:00,0
11/13/2023,12:00,32.32
11/13/2023,18:00,467.22
11/14/2023,0:00,28.72
11/14/2023,6:00,0
11/14/2023,12:00,3.46
11/14/2023,18:00,69.74
11/15/2023,0:00,24.608
11/15/2023,6:00,0
11/15/2023,12:00,131.76
11/15/2023,18:00,761.56
11/16/2023,0:00,210.768
11/16/2023,6:00,0
11/16/2023,12:00,72.7
11/16/2023,18:00,736.4
11/17/2023,0:00,52.84
11/17/2023,6:00,0
11/17/2023,12:00,33.56
11/17/2023,18:00,600.78
11/18/2023,0:00,194.816
11/18/2023,6:00,0
11/18/2023,12:00,20.7
11/18/2023,18:00,40.28
11/19/2023,0:00,239.28
11/19/2023,6:00,0
11/19/2023,12:00,194.3
11/19/2023,18:00,992.68
11/20/2023,0:00,288.288
11/20/2023,6:00,0
11/20/2023,12:00,166.22
11/20/2023,18:00,982.1
11/21/2023,0:00,286.6
11/21/2023,6:00,0
11/21/2023,12:00,180.1
11/21/2023,18:00,961.62
11/22/2023,0:00,270.62
11/22/2023,6:00,0
11/22/2023,12:00,111.94
11/22/2023,18:00,354.18
11/23/2023,0:00,47.3
11/23/2023,6:00,0
11/23/2023,12:00,114.76
11/23/2023,18:00,636.42
11/24/2023,0:00,178.76
11/24/2023,6:00,0
11/24/2023,12:00,139.26
11/24/2023,18:00,920.32
11/25/2023,0:00,191.248
11/25/2023,6:00,0
11/25/2023,12:00,120.82
11/25/2023,18:00,831.64
11/26/2023,0:00,287.648
11/26/2023,6:00,0
11/26/2023,12:00,105.4
11/26/2023,18:00,831.86
11/27/2023,0:00,276.144
11/27/2023,6:00,0
11/27/2023,12:00,38.48
11/27/2023,18:00,78.44
11/28/2023,0:00,20.288
11/28/2023,6:00,0
11/28/2023,12:00,18.38
11/28/2023,18:00,334.44
11/29/2023,0:00,192.26
11/29/2023,6:00,0
11/29/2023,12:00,31.42
11/29/2023,18:00,703.36
11/30/2023,0:00,88.24
11/30/2023,6:00,0
11/30/2023,12:00,183.58
11/30/2023,18:00,981.02
12/1/2023,0:00,236.1
12/1/2023,6:00,0
12/1/2023,12:00,192.08
12/1/2023,18:00,966.74
12/2/2023,0:00,262.62
12/2/2023,6:00,0
12/2/2023,12:00,187.42
12/2/2023,18:00,825.26
12/3/2023,0:00,27.5
12/3/2023,6:00,0
12/3/2023,12:00,169.2
12/3/2023,18:00,596.06
12/4/2023,0:00,57.64
12/4/2023,6:00,0
12/4/2023,12:00,20.7
12/4/2023,18:00,205.4
12/5/2023,0:00,41.22
12/5/2023,6:00,0
12/5/2023,12:00,160.92
12/5/2023,18:00,747.86
12/6/2023,0:00,276.84
12/6/2023,6:00,0
12/6/2023,12:00,79.74
12/6/2023,18:00,599.46
12/7/2023,0:00,188.592
12/7/2023,6:00,0
12/7/2023,12:00,123.32
12/7/2023,18:00,255.82
12/8/2023,0:00,135.56
12/8/2023,6:00,0
12/8/2023,12:00,170.64
12/8/2023,18:00,1005.06
12/9/2023,0:00,320.1
12/9/2023,6:00,0
12/9/2023,12:00,198.72
12/9/2023,18:00,1003.34
12/10/2023,0:00,317.62
12/10/2023,6:00,0
12/10/2023,12:00,48.36
12/10/2023,18:00,181.42
12/11/2023,0:00,165.38
12/11/2023,6:00,0
12/11/2023,12:00,195.7
12/11/2023,18:00,1006.52
12/12/2023,0:00,321.52
12/12/2023,6:00,0
12/12/2023,12:00,192.54
12/12/2023,18:00,1000.18
12/13/2023,0:00,320.3
12/13/2023,6:00,0
12/13/2023,12:00,174.32
12/13/2023,18:00,778.8
12/14/2023,0:00,181.12
12/14/2023,6:00,0
12/14/2023,12:00,166.48
12/14/2023,18:00,752.78
12/15/2023,0:00,233.54
12/15/2023,6:00,0
12/15/2023,12:00,172.44
12/15/2023,18:00,963.56
12/16/2023,0:00,140.048
12/16/2023,6:00,0
12/16/2023,12:00,175.66
12/16/2023,18:00,965
12/17/2023,0:00,207.32
12/17/2023,6:00,0
12/17/2023,12:00,185.66
12/17/2023,18:00,972.8
12/18/2023,0:00,316.36
12/18/2023,6:00,0
12/18/2023,12:00,170.76
12/18/2023,18:00,527.8
12/19/2023,0:00,282.528
12/19/2023,6:00,0
12/19/2023,12:00,125.68
12/19/2023,18:00,509.6
12/20/2023,0:00,214.96
12/20/2023,6:00,0
12/20/2023,12:00,128.02
12/20/2023,18:00,603.06
12/21/2023,0:00,278.66
12/21/2023,6:00,0
12/21/2023,12:00,178.12
12/21/2023,18:00,934.78
12/22/2023,0:00,308.1
12/22/2023,6:00,0
12/22/2023,12:00,176.74
12/22/2023,18:00,922.74
12/23/2023,0:00,148.26
12/23/2023,6:00,0
12/23/2023,12:00,121.4
12/23/2023,18:00,912.34
12/24/2023,0:00,101.54
12/24/2023,6:00,0
12/24/2023,12:00,174.22
12/24/2023,18:00,932.62
12/25/2023,0:00,240.98
12/25/2023,6:00,0
12/25/2023,12:00,84.18
12/25/2023,18:00,461.78
12/26/2023,0:00,122.4
12/26/2023,12:00,187
12/26/2023,18:00,1028.24
12/27/2023,0:00,349.6
12/27/2023,6:00,0
12/27/2023,12:00,185.6
12/27/2023,18:00,1018.68
12/28/2023,0:00,346.3
12/28/2023,6:00,0
12/28/2023,12:00,178.98
12/28/2023,18:00,979.2
12/29/2023,0:00,329.98
12/29/2023,6:00,0
12/29/2023,12:00,43.18
12/29/2023,18:00,139.96
12/30/2023,0:00,64.74
12/30/2023,6:00,0
12/30/2023,12:00,64.94
12/30/2023,18:00,644.3
12/31/2023,0:00,304.76
12/31/2023,6:00,0
12/31/2023,12:00,138.42
12/31/2023,18:00,797.54
1/1/2024,0:00,215.58
1/1/2024,6:00,0
1/1/2024,12:00,166.7
1/1/2024,18:00,966.72
1/2/2024,0:00,335.84
1/2/2024,6:00,0
1/2/2024,12:00,142.14
1/2/2024,18:00,908.56
1/3/2024,0:00,329.96
1/3/2024,6:00,0
1/3/2024,12:00,168.58
1/3/2024,18:00,979.98
1/4/2024,0:00,331.54
1/4/2024,6:00,0
1/4/2024,12:00,165.94
1/4/2024,18:00,978.9
1/5/2024,0:00,336.6
1/5/2024,6:00,0
1/5/2024,12:00,166.08
1/5/2024,18:00,980.46
1/6/2024,0:00,239.04
1/6/2024,6:00,0
1/6/2024,12:00,164.736
1/6/2024,18:00,975.22
1/7/2024,0:00,339.136
1/7/2024,6:00,0
1/7/2024,12:00,162.26
1/7/2024,18:00,960.14
1/8/2024,0:00,308.992
1/8/2024,6:00,0
1/8/2024,12:00,119.04
1/8/2024,18:00,566.08
1/9/2024,0:00,167.968
1/9/2024,6:00,0
1/9/2024,12:00,154.02
1/9/2024,18:00,595.64
1/10/2024,0:00,190.8
1/10/2024,6:00,0
1/10/2024,12:00,96.16
1/10/2024,18:00,522.88
1/11/2024,0:00,99.952
1/11/2024,6:00,0
1/11/2024,12:00,61.86
1/11/2024,18:00,211.08
1/12/2024,0:00,162.912
1/12/2024,6:00,0
1/12/2024,12:00,126.34
1/12/2024,18:00,453.06
1/13/2024,0:00,203.28
1/13/2024,6:00,0
1/13/2024,12:00,153.64
1/13/2024,18:00,937.92
1/14/2024,0:00,344.7
1/14/2024,6:00,0
1/14/2024,12:00,152.76
1/14/2024,18:00,962.36
1/15/2024,0:00,290.68
1/15/2024,6:00,0
1/15/2024,12:00,149.88
1/15/2024,18:00,957.16
1/16/2024,0:00,343.54
1/16/2024,6:00,0
1/16/2024,12:00,149.58
1/16/2024,18:00,851.24
1/17/2024,0:00,134.5
1/17/2024,6:00,0
1/17/2024,12:00,6.3
1/17/2024,18:00,241.04
1/18/2024,0:00,188.416
1/18/2024,6:00,0
1/18/2024,12:00,55.06
1/18/2024,18:00,619.28
1/19/2024,0:00,315.536
1/19/2024,6:00,0
1/19/2024,12:00,142.84
1/19/2024,18:00,929.52
1/20/2024,0:00,331.28
1/20/2024,6:00,0
1/20/2024,12:00,142.74
1/20/2024,18:00,797.46
1/21/2024,0:00,228.384
1/21/2024,6:00,0
1/21/2024,12:00,103.904
1/21/2024,18:00,542.14
1/22/2024,0:00,251.328
1/22/2024,6:00,0
1/22/2024,12:00,119.296
1/22/2024,18:00,814.6
1/23/2024,0:00,309.84
1/23/2024,6:00,0
1/23/2024,12:00,140.208
1/23/2024,18:00,838.54
1/24/2024,0:00,321.168
1/24/2024,6:00,0
1/24/2024,12:00,141.42
1/24/2024,18:00,922.98
1/25/2024,0:00,341.088
1/25/2024,6:00,0
1/25/2024,12:00,139.94
1/25/2024,18:00,938.16
1/26/2024,0:00,347.6
1/26/2024,6:00,0
1/26/2024,12:00,140.88
1/26/2024,18:00,983.44
1/27/2024,0:00,344.112
1/27/2024,6:00,0
1/27/2024,12:00,122.42
1/27/2024,18:00,936.8
1/28/2024,0:00,308.432
1/28/2024,6:00,0
1/28/2024,12:00,136.66
1/28/2024,18:00,953.24
1/29/2024,0:00,339.952
1/29/2024,6:00,0
1/29/2024,12:00,135.24
1/29/2024,18:00,953.08
1/30/2024,0:00,341.088
1/30/2024,6:00,0
1/30/2024,12:00,134.76
1/30/2024,18:00,951.52
1/31/2024,0:00,210.288
1/31/2024,6:00,0
1/31/2024,12:00,135.24
1/31/2024,18:00,956.36
2/1/2024,0:00,339.968
2/1/2024,6:00,0
2/1/2024,12:00,133.92
2/1/2024,18:00,954.46
2/2/2024,0:00,338.144
2/2/2024,6:00,0
2/2/2024,12:00,131.184
2/2/2024,18:00,947
2/3/2024,0:00,336.592
2/3/2024,6:00,0
2/3/2024,12:00,129.024
2/3/2024,18:00,938.44
2/4/2024,0:00,272.72
2/4/2024,6:00,0
2/4/2024,12:00,126.56
2/4/2024,18:00,931.088
2/5/2024,0:00,332.112
2/5/2024,6:00,0
2/5/2024,12:00,107.84
2/5/2024,18:00,837.5
2/6/2024,0:00,267.728
2/6/2024,6:00,0
2/6/2024,12:00,95.776
2/6/2024,18:00,841.632
2/7/2024,0:00,312.128
2/7/2024,6:00,0
2/7/2024,12:00,121.424
2/7/2024,18:00,921.616
2/8/2024,0:00,321.024
2/8/2024,6:00,0
2/8/2024,12:00,101.632
2/8/2024,18:00,868.1
2/9/2024,0:00,321.2
2/9/2024,6:00,0
2/9/2024,12:00,119.152
2/9/2024,18:00,802.16
2/10/2024,0:00,275.968
2/10/2024,6:00,0
2/10/2024,12:00,115.392
2/10/2024,18:00,729.84
2/11/2024,0:00,250.848
2/11/2024,6:00,0
2/11/2024,12:00,116.08
2/11/2024,18:00,897.22
2/12/2024,0:00,264.816
2/12/2024,6:00,0
2/12/2024,12:00,82.64
2/12/2024,18:00,864.032
2/13/2024,0:00,172.624
2/13/2024,6:00,0
2/13/2024,12:00,23.072
2/13/2024,18:00,66.192
2/14/2024,0:00,31.312
2/14/2024,6:00,0
2/14/2024,12:00,60.544
2/14/2024,18:00,378.544
2/15/2024,0:00,153.344
2/15/2024,6:00,0
2/15/2024,12:00,25.488
2/15/2024,18:00,270.528
2/16/2024,0:00,22.544
2/16/2024,6:00,0
2/16/2024,12:00,12.656
2/16/2024,18:00,379.936
2/17/2024,0:00,223.76
2/17/2024,6:00,0
2/17/2024,12:00,104.016
2/17/2024,18:00,833.04
2/18/2024,0:00,252.816
2/18/2024,6:00,0
2/18/2024,12:00,112.72
2/18/2024,18:00,912
2/19/2024,0:00,270.496
2/19/2024,6:00,0
2/19/2024,12:00,77.04
2/19/2024,18:00,547.168
2/20/2024,0:00,124.256
2/20/2024,6:00,0
2/20/2024,12:00,29.92
2/20/2024,18:00,691.376
2/21/2024,0:00,278.432
2/21/2024,6:00,0
2/21/2024,12:00,110.336
2/21/2024,18:00,907.056
2/22/2024,0:00,304.24
2/22/2024,6:00,0
2/22/2024,12:00,109.856
2/22/2024,18:00,908.64
2/23/2024,0:00,301.392
2/23/2024,6:00,0
2/23/2024,12:00,105.328
2/23/2024,18:00,887.792
2/24/2024,0:00,180.832
2/24/2024,6:00,0
2/24/2024,12:00,104.368
2/24/2024,18:00,873.84
2/25/2024,0:00,289.44
2/25/2024,6:00,0
2/25/2024,12:00,96.08
2/25/2024,18:00,840.48
2/26/2024,0:00,278.704
2/26/2024,6:00,0
2/26/2024,12:00,40.8
2/26/2024,18:00,49.248
2/27/2024,0:00,169.136
2/27/2024,6:00,0
2/27/2024,12:00,18.512
2/27/2024,18:00,388.784
2/28/2024,0:00,253.232
2/28/2024,6:00,0
2/28/2024,12:00,68.72
2/28/2024,18:00,776.432
2/29/2024,0:00,268.192
2/29/2024,6:00,0
2/29/2024,12:00,22.8
2/29/2024,18:00,567.296
3/1/2024,0:00,136.864
3/1/2024,6:00,0
3/1/2024,12:00,99.632
3/1/2024,18:00,854.832
3/2/2024,0:00,110.656
3/2/2024,6:00,0
3/2/2024,12:00,100.096
3/2/2024,18:00,871.328
3/3/2024,0:00,276.048
3/3/2024,6:00,0
3/3/2024,12:00,62.336
3/3/2024,18:00,789.872
3/4/2024,0:00,163.152
3/4/2024,6:00,0
3/4/2024,12:00,15.088
3/4/2024,18:00,166.912
3/5/2024,0:00,34.56
3/5/2024,6:00,0
3/5/2024,12:00,88.144
3/5/2024,18:00,709.792
3/6/2024,0:00,272.72
3/6/2024,6:00,0
3/6/2024,12:00,101.168
3/6/2024,18:00,883.024
3/7/2024,0:00,272
3/7/2024,6:00,0
3/7/2024,12:00,92.256
3/7/2024,18:00,827.44
3/8/2024,0:00,109.776
3/8/2024,6:00,0
3/8/2024,12:00,8.048
3/8/2024,18:00,87.12
3/9/2024,0:00,92.544
3/9/2024,6:00,0
3/9/2024,12:00,91.168
3/9/2024,18:00,828.496
3/10/2024,0:00,239.456
3/10/2024,6:00,0
3/10/2024,12:00,94.3
3/10/2024,18:00,819.376
3/11/2024,0:00,261.232
3/11/2024,6:00,0
3/11/2024,12:00,97.44
3/11/2024,18:00,864.928
3/12/2024,0:00,260.384
3/12/2024,6:00,0
3/12/2024,12:00,94.42
3/12/2024,18:00,849.12
3/13/2024,0:00,254.8
3/13/2024,6:00,0
3/13/2024,12:00,93.648
3/13/2024,18:00,852.624
3/14/2024,0:00,252.624
3/14/2024,6:00,0
3/14/2024,12:00,91.76
3/14/2024,18:00,829.744
3/15/2024,0:00,243.904
3/15/2024,6:00,0
3/15/2024,12:00,27.34
3/15/2024,18:00,547.488
3/16/2024,0:00,138.256
3/16/2024,6:00,0
3/16/2024,12:00,80.34
3/16/2024,18:00,397.104
3/17/2024,0:00,142.72
3/17/2024,6:00,0
3/17/2024,12:00,81.36
3/17/2024,18:00,594.608
3/18/2024,0:00,76.992
3/18/2024,6:00,0
3/18/2024,12:00,78.592
3/18/2024,18:00,752.512
3/19/2024,0:00,216
3/19/2024,6:00,0
3/19/2024,12:00,64.9
3/19/2024,18:00,705.328
3/20/2024,0:00,138.448
3/20/2024,6:00,0
3/20/2024,12:00,81.2
3/20/2024,18:00,785.2
3/21/2024,0:00,159.968
3/21/2024,6:00,0
3/21/2024,12:00,4.18
3/21/2024,18:00,81.472
3/22/2024,0:00,90.304
3/22/2024,6:00,0
3/22/2024,12:00,82.58
3/22/2024,18:00,815.312
3/23/2024,0:00,227.616
3/23/2024,6:00,0
3/23/2024,12:00,83.232
3/23/2024,18:00,809.776
3/24/2024,0:00,226.256
3/24/2024,6:00,0
3/24/2024,12:00,82.256
3/24/2024,18:00,800.016
3/25/2024,0:00,219.616
3/25/2024,6:00,0
3/25/2024,12:00,81.552
3/25/2024,18:00,798.464
3/26/2024,0:00,216.976
3/26/2024,6:00,0
3/26/2024,12:00,81.712
3/26/2024,18:00,800.384
3/27/2024,0:00,216.016
3/27/2024,6:00,0
3/27/2024,12:00,78.304
3/27/2024,18:00,760.944
3/28/2024,0:00,175.376
3/28/2024,6:00,0
3/28/2024,12:00,74.464
3/28/2024,18:00,696.208
3/29/2024,0:00,88.128
3/29/2024,6:00,0
3/29/2024,12:00,74.4
3/29/2024,18:00,751.696
3/30/2024,0:00,183.6
3/30/2024,6:00,0
3/30/2024,12:00,76.096
3/30/2024,18:00,769.936
3/31/2024,0:00,198.448
3/31/2024,6:00,0
3/31/2024,12:00,56.864
3/31/2024,18:00,696.816
4/1/2024,0:00,192.256
4/1/2024,6:00,0
4/1/2024,12:00,73.728
4/1/2024,18:00,754.672
4/2/2024,0:00,195.216
4/2/2024,6:00,0
4/2/2024,12:00,72.064
4/2/2024,18:00,743.488
4/3/2024,0:00,183.2
4/3/2024,6:00,0
4/3/2024,12:00,71.808
4/3/2024,18:00,745.504
4/4/2024,0:00,189.952
4/4/2024,6:00,0
4/4/2024,12:00,71.088
4/4/2024,18:00,505.584
4/5/2024,0:00,134.352
4/5/2024,6:00,0
4/5/2024,12:00,67.952
4/5/2024,18:00,713.728
4/6/2024,0:00,106.496
4/6/2024,6:00,0
4/6/2024,12:00,69.536
4/6/2024,18:00,733.984
4/7/2024,0:00,171.168
4/7/2024,6:00,0
4/7/2024,12:00,9.92
4/7/2024,18:00,200.944
4/8/2024,0:00,28.128
4/8/2024,6:00,0
4/8/2024,12:00,11.632
4/8/2024,18:00,596.08
4/9/2024,0:00,80.112
4/9/2024,6:00,0
4/9/2024,12:00,60.128
4/9/2024,18:00,609.024
4/10/2024,0:00,121.488
4/10/2024,6:00,0
4/10/2024,12:00,65.6
4/10/2024,18:00,433.968
4/11/2024,0:00,11.024
4/11/2024,6:00,0
4/11/2024,12:00,3.92
4/11/2024,18:00,42.08
4/12/2024,0:00,16.784
4/12/2024,6:00,0
4/12/2024,12:00,18.62
4/12/2024,18:00,645.84
4/13/2024,0:00,70.32
4/13/2024,6:00,0
4/13/2024,12:00,53.86
4/13/2024,18:00,332.864
4/14/2024,0:00,22.896
4/14/2024,6:00,0
4/14/2024,12:00,57.42
4/14/2024,18:00,480.448
4/15/2024,0:00,48.368
4/15/2024,6:00,0
4/15/2024,12:00,29.952
4/15/2024,18:00,407.36
4/16/2024,0:00,24
4/16/2024,6:00,0
4/16/2024,12:00,0.96
4/16/2024,18:00,34.336
4/17/2024,0:00,30.4
4/17/2024,6:00,0
4/17/2024,12:00,60.88
4/17/2024,18:00,714.208
4/18/2024,0:00,162.896
4/18/2024,6:00,0
4/18/2024,12:00,63.312
4/18/2024,18:00,705.472
4/19/2024,0:00,158.928
4/19/2024,6:00,0
4/19/2024,12:00,58.336
4/19/2024,18:00,683.296
4/20/2024,0:00,160.832
4/20/2024,6:00,0
4/20/2024,12:00,62.8
4/20/2024,18:00,705.312
4/21/2024,0:00,158.256
4/21/2024,6:00,0
4/21/2024,12:00,61.504
4/21/2024,18:00,690.064
4/22/2024,0:00,152.048
4/22/2024,6:00,0
4/22/2024,12:00,47.824
4/22/2024,18:00,496.256
4/23/2024,0:00,19.184
4/23/2024,6:00,0
4/23/2024,12:00,53.664
4/23/2024,18:00,561.6
4/24/2024,0:00,123.44
4/24/2024,6:00,0
4/24/2024,12:00,18.112
4/24/2024,18:00,375.104
4/25/2024,0:00,87.888
4/25/2024,6:00,0
4/25/2024,12:00,9.424
4/25/2024,18:00,515.872
4/26/2024,0:00,40.496
4/26/2024,6:00,0
4/26/2024,12:00,52.352
4/26/2024,18:00,618.064
4/27/2024,0:00,135.808
4/27/2024,6:00,0
4/27/2024,12:00,51.968
4/27/2024,18:00,631.312
4/28/2024,0:00,131.456
4/28/2024,6:00,0
4/28/2024,12:00,33.824
4/28/2024,18:00,477.792
4/29/2024,0:00,120.064
4/29/2024,6:00,0
4/29/2024,12:00,49.984
4/29/2024,18:00,618.016
4/30/2024,0:00,128.112
4/30/2024,6:00,0
4/30/2024,12:00,40.176
4/30/2024,18:00,460.896
5/1/2024,0:00,126.032
5/1/2024,6:00,0
5/1/2024,12:00,8.464
5/1/2024,18:00,372.928
5/2/2024,0:00,119.776
5/2/2024,6:00,0
5/2/2024,12:00,12
5/2/2024,18:00,77.856
5/3/2024,0:00,5.296
5/3/2024,6:00,0
5/3/2024,12:00,4.432
5/3/2024,18:00,98.624
5/4/2024,0:00,7.568
5/4/2024,6:00,0
5/4/2024,12:00,4.912
5/4/2024,18:00,106.16
5/5/2024,0:00,70.064
5/5/2024,6:00,0
5/5/2024,12:00,26.944
5/5/2024,18:00,528.976
5/6/2024,0:00,119.92
5/6/2024,6:00,0
5/6/2024,12:00,47.408
5/6/2024,18:00,612.816
5/7/2024,0:00,120.672
5/7/2024,6:00,0
5/7/2024,12:00,46.416
5/7/2024,18:00,603.984
5/8/2024,0:00,113.728
5/8/2024,6:00,0
5/8/2024,12:00,27.728
5/8/2024,18:00,313.04
5/9/2024,0:00,6.896
5/9/2024,6:00,0
5/9/2024,12:00,43.28
5/9/2024,18:00,492.576
5/10/2024,0:00,71.808
5/10/2024,6:00,0
5/10/2024,12:00,8.72
5/10/2024,18:00,246.272
5/11/2024,0:00,53.056
5/11/2024,6:00,0
5/11/2024,12:00,26.224
5/11/2024,18:00,175.344
5/12/2024,0:00,52.944
5/12/2024,6:00,0
5/12/2024,12:00,11.76
5/12/2024,18:00,204.272
5/13/2024,0:00,21.264
5/13/2024,6:00,0
5/13/2024,12:00,1.008
5/13/2024,18:00,18.768
5/14/2024,0:00,2.8
5/14/2024,6:00,0
5/14/2024,12:00,19.776
5/14/2024,18:00,558.288
5/15/2024,0:00,89.28
5/15/2024,6:00,0
5/15/2024,12:00,31.776
5/15/2024,18:00,556.992
5/16/2024,0:00,88.48
5/16/2024,6:00,0
5/16/2024,12:00,1.296
5/16/2024,18:00,54.592
5/17/2024,0:00,17.648
5/17/2024,6:00,0
5/17/2024,12:00,2.192
5/17/2024,18:00,31.552
5/18/2024,0:00,5.312
5/18/2024,6:00,0
5/18/2024,12:00,2.464
5/18/2024,18:00,200.8
5/19/2024,0:00,10.192
5/19/2024,6:00,0
5/19/2024,12:00,20.144
5/19/2024,18:00,188.32
5/20/2024,0:00,20.032
5/20/2024,12:00,41.328
5/20/2024,18:00,591.232
5/21/2024,0:00,112.592
5/21/2024,6:00,0
5/21/2024,12:00,35.072
5/21/2024,18:00,131.696
5/22/2024,0:00,85.12
5/22/2024,6:00,0
5/22/2024,12:00,36.304
5/22/2024,18:00,523.376
5/23/2024,0:00,97.728
5/23/2024,6:00,0
5/23/2024,12:00,28.528
5/23/2024,18:00,421.296
5/24/2024,0:00,80.512
5/24/2024,6:00,0
5/24/2024,12:00,1.38
5/24/2024,18:00,42.736
5/25/2024,0:00,11.056
5/25/2024,6:00,0
5/25/2024,12:00,30.544
5/25/2024,18:00,492.384
5/26/2024,0:00,81.792
5/26/2024,6:00,0
5/26/2024,12:00,36.304
5/26/2024,18:00,420.592
5/27/2024,0:00,17.792
5/27/2024,6:00,0
5/27/2024,12:00,0.784
5/27/2024,18:00,53.856
5/28/2024,0:00,18.768
5/28/2024,6:00,0
5/28/2024,12:00,33.136
5/28/2024,18:00,131.52
5/29/2024,0:00,11.088
5/29/2024,6:00,0
5/29/2024,12:00,32.56
5/29/2024,18:00,515.36
5/30/2024,0:00,102.432
5/30/2024,6:00,0
5/30/2024,12:00,35.792
5/30/2024,18:00,559.664
5/31/2024,0:00,104.144
5/31/2024,6:00,0
5/31/2024,12:00,34.928
5/31/2024,18:00,525.696
6/1/2024,0:00,102.448
6/1/2024,6:00,0
6/1/2024,12:00,33.888
6/1/2024,18:00,500.944
6/2/2024,0:00,89.744
6/2/2024,6:00,0
6/2/2024,12:00,30.656
6/2/2024,18:00,533.696
6/3/2024,0:00,97.712
6/3/2024,6:00,0
6/3/2024,12:00,23.04
6/3/2024,18:00,85.792
6/4/2024,0:00,8.08
6/4/2024,6:00,0
6/4/2024,12:00,28.368
6/4/2024,18:00,436.08
6/5/2024,0:00,70.096
6/5/2024,6:00,0
6/5/2024,12:00,28.768
6/5/2024,18:00,504.144
6/6/2024,0:00,94.128
6/6/2024,6:00,0
6/6/2024,12:00,29.152
6/6/2024,18:00,514.416
6/7/2024,0:00,87.744
6/7/2024,6:00,0
6/7/2024,12:00,29.664
6/7/2024,18:00,514.16
6/8/2024,0:00,94.816
6/8/2024,6:00,0
6/8/2024,12:00,29.872
6/8/2024,18:00,521.088
6/9/2024,0:00,96.128
6/9/2024,6:00,0
6/9/2024,12:00,29.472
6/9/2024,18:00,520.56
6/10/2024,0:00,96.576
6/10/2024,6:00,0
6/10/2024,12:00,28.96
6/10/2024,18:00,508.128
6/11/2024,0:00,94.336
6/11/2024,6:00,0
6/11/2024,12:00,28.336
6/11/2024,18:00,509.84
6/12/2024,0:00,94.176
6/12/2024,6:00,0
6/12/2024,12:00,28.784
6/12/2024,18:00,514.224
6/13/2024,0:00,95.216
6/13/2024,6:00,0
6/13/2024,12:00,28.64
6/13/2024,18:00,510.784
6/14/2024,0:00,87.36
6/14/2024,6:00,0
6/14/2024,12:00,28.608
6/14/2024,18:00,511.328
6/15/2024,0:00,95.168
6/15/2024,6:00,0
6/15/2024,12:00,1.952
6/15/2024,18:00,239.28
6/16/2024,0:00,40.032
6/16/2024,6:00,0
6/16/2024,12:00,9
6/16/2024,18:00,114.672
6/17/2024,0:00,5.552
6/17/2024,6:00,0
6/17/2024,12:00,4.048
6/17/2024,18:00,74.368
6/18/2024,0:00,25.408
6/18/2024,6:00,0
6/18/2024,12:00,21.904
6/18/2024,18:00,371.488
6/19/2024,0:00,89.904
6/19/2024,6:00,0
6/19/2024,12:00,23.36
6/19/2024,18:00,480.08
6/20/2024,0:00,42.768
6/20/2024,6:00,0
6/20/2024,12:00,7.52
6/20/2024,18:00,342.976
6/21/2024,0:00,53.84
6/21/2024,6:00,0
6/21/2024,12:00,19.264
6/21/2024,18:00,379.328
6/22/2024,0:00,88.064
6/22/2024,6:00,0
6/22/2024,12:00,26.592
6/22/2024,18:00,503.648
6/23/2024,0:00,64.304
6/23/2024,6:00,0
6/23/2024,12:00,2.672
6/23/2024,18:00,245.392
6/24/2024,0:00,66.208
6/24/2024,6:00,0
6/24/2024,12:00,1.296
6/24/2024,18:00,86.448
6/25/2024,0:00,18.112
6/25/2024,6:00,0
6/25/2024,12:00,3.456
6/25/2024,18:00,143.968
6/26/2024,0:00,39.792
6/26/2024,6:00,0
6/26/2024,12:00,1.84
6/26/2024,18:00,105.904
6/27/2024,0:00,15.824
6/27/2024,6:00,0
6/27/2024,12:00,27.488
6/27/2024,18:00,528.544
6/28/2024,0:00,100.784
6/28/2024,6:00,0
6/28/2024,12:00,2.704
6/28/2024,18:00,159.056
6/29/2024,0:00,28.64
6/29/2024,6:00,0
6/29/2024,12:00,20.224
6/29/2024,18:00,474.64
6/30/2024,0:00,90.416
6/30/2024,6:00,0
6/30/2024,12:00,27.264
6/30/2024,18:00,539.168
7/1/2024,0:00,106.784
7/1/2024,6:00,0
7/1/2024,12:00,28.544
7/1/2024,18:00,541.872
7/2/2024,0:00,106.992
7/2/2024,6:00,0
7/2/2024,12:00,27.664
7/2/2024,18:00,525.552
7/3/2024,0:00,102.592
7/3/2024,6:00,0
7/3/2024,12:00,7.744
7/3/2024,18:00,181.184
7/4/2024,0:00,40.544
7/4/2024,6:00,0
7/4/2024,12:00,24.72
7/4/2024,18:00,224.576
7/5/2024,0:00,84.944
7/5/2024,6:00,0
7/5/2024,12:00,4.96
7/5/2024,18:00,81.216
7/6/2024,0:00,6.88
7/6/2024,6:00,0
7/6/2024,12:00,3.12
7/6/2024,18:00,75.936
7/7/2024,0:00,4.608
7/7/2024,6:00,0
7/7/2024,12:00,6.704
7/7/2024,18:00,141.936
7/8/2024,0:00,10.32
7/8/2024,6:00,0
7/8/2024,12:00,16.336
7/8/2024,18:00,400.656
7/9/2024,0:00,49.872
7/9/2024,6:00,0
7/9/2024,12:00,5.44
7/9/2024,18:00,173.664
7/10/2024,0:00,5.872
7/10/2024,6:00,0
7/10/2024,12:00,9.216
7/10/2024,18:00,129.296
7/11/2024,0:00,37.152
7/11/2024,6:00,0
7/11/2024,12:00,1.328
7/11/2024,18:00,35.808
7/12/2024,0:00,6.656
7/12/2024,6:00,0
7/12/2024,12:00,28.368
7/12/2024,18:00,263.184
7/13/2024,0:00,29.52
7/13/2024,6:00,0
7/13/2024,12:00,13.744
7/13/2024,18:00,233.904
7/14/2024,0:00,8.736
7/14/2024,6:00,0
7/14/2024,12:00,2.864
7/14/2024,18:00,100.256
7/15/2024,0:00,16.224
7/15/2024,6:00,0
7/15/2024,12:00,14.544
7/15/2024,18:00,225.744
7/16/2024,0:00,21.92
7/16/2024,6:00,0
7/16/2024,12:00,7.12
7/16/2024,18:00,384.48
7/17/2024,0:00,60.512
7/17/2024,6:00,0
7/17/2024,12:00,23.984
7/17/2024,18:00,544.8
7/18/2024,0:00,116.912
7/18/2024,6:00,0
7/18/2024,12:00,29.808
7/18/2024,18:00,550
7/19/2024,0:00,115.696
7/19/2024,6:00,0
7/19/2024,12:00,30.368
7/19/2024,18:00,550.88
7/20/2024,0:00,116.448
7/20/2024,6:00,0
7/20/2024,12:00,30.288
7/20/2024,18:00,519.376
7/21/2024,0:00,87.712
7/21/2024,6:00,0
7/21/2024,12:00,23.584
7/21/2024,18:00,505.904
7/22/2024,0:00,103.36
7/22/2024,6:00,0
7/22/2024,12:00,31.344
7/22/2024,18:00,558.096
7/23/2024,0:00,118.096
7/23/2024,6:00,0
7/23/2024,12:00,31.984
7/23/2024,18:00,520.64
7/24/2024,0:00,101.616
7/24/2024,6:00,0
7/24/2024,12:00,28.192
7/24/2024,18:00,556.976
7/25/2024,0:00,124.128
7/25/2024,6:00,0
7/25/2024,12:00,21.056
7/25/2024,18:00,465.008
7/26/2024,0:00,121.872
7/26/2024,6:00,0
7/26/2024,12:00,9.616
7/26/2024,18:00,253.328
7/27/2024,0:00,50.72
7/27/2024,6:00,0
7/27/2024,12:00,16.816
7/27/2024,18:00,435.568
7/28/2024,0:00,79.312
7/28/2024,6:00,0
7/28/2024,12:00,29.968
7/28/2024,18:00,405.264
7/29/2024,0:00,41.248
7/29/2024,6:00,0
7/29/2024,12:00,3.184
7/29/2024,18:00,178.656
7/30/2024,0:00,35.504
7/30/2024,6:00,0
7/30/2024,12:00,35.072
7/30/2024,18:00,430.192
7/31/2024,0:00,21.456
7/31/2024,6:00,0
7/31/2024,12:00,35.264
7/31/2024,18:00,579.008
8/1/2024,0:00,120.56
8/1/2024,6:00,0
8/1/2024,12:00,36
8/1/2024,18:00,585.392
8/2/2024,0:00,129.664
8/2/2024,6:00,0
8/2/2024,12:00,36.864
8/2/2024,18:00,592.672
8/3/2024,0:00,132.496
8/3/2024,6:00,0
8/3/2024,12:00,37.488
8/3/2024,18:00,589.056
8/4/2024,0:00,131.76
8/4/2024,6:00,0
8/4/2024,12:00,25.6
8/4/2024,18:00,260.768
8/5/2024,0:00,9.328
8/5/2024,6:00,0
8/5/2024,12:00,18.512
8/5/2024,18:00,515.264
8/6/2024,0:00,89.664
8/6/2024,6:00,0
8/6/2024,12:00,17.856
8/6/2024,18:00,506.112
8/7/2024,0:00,127.856
8/7/2024,6:00,0
8/7/2024,12:00,2.464
8/7/2024,18:00,106.352
8/8/2024,0:00,3.696
8/8/2024,6:00,0
8/8/2024,12:00,1.264
8/8/2024,18:00,96
8/9/2024,0:00,100.064
8/9/2024,6:00,0
8/9/2024,12:00,36.912
8/9/2024,18:00,137.856
8/10/2024,0:00,35.808
8/10/2024,6:00,0
8/10/2024,12:00,18.96
8/10/2024,18:00,625.728
8/11/2024,0:00,149.648
8/11/2024,6:00,0
8/11/2024,12:00,47.28
8/11/2024,18:00,658.256
8/12/2024,0:00,149.872
8/12/2024,6:00,0
8/12/2024,12:00,47.696
8/12/2024,18:00,662.432
8/13/2024,0:00,153.6
8/13/2024,6:00,0
8/13/2024,12:00,49.28
8/13/2024,18:00,667.856
8/14/2024,0:00,154.832
8/14/2024,6:00,0
8/14/2024,12:00,50.208
8/14/2024,18:00,668.224
8/15/2024,0:00,155.392
8/15/2024,6:00,0
8/15/2024,12:00,48.464
8/15/2024,18:00,650.704
8/16/2024,0:00,150.48
8/16/2024,6:00,0
8/16/2024,12:00,47.568
8/16/2024,18:00,641.44
8/17/2024,0:00,137.408
8/17/2024,6:00,0
8/17/2024,12:00,30.992
8/17/2024,18:00,565.472
8/18/2024,0:00,150.208
8/18/2024,6:00,0
8/18/2024,12:00,48.544
8/18/2024,18:00,649.888
8/19/2024,0:00,82.56
8/19/2024,6:00,0
8/19/2024,12:00,52.256
8/19/2024,18:00,579.152
8/20/2024,0:00,37.904
8/20/2024,6:00,0
8/20/2024,12:00,47.76
8/20/2024,18:00,657.632
8/21/2024,0:00,153.648
8/21/2024,6:00,0
8/21/2024,12:00,47.808
8/21/2024,18:00,602.672
8/22/2024,0:00,156.592
8/22/2024,6:00,0
8/22/2024,12:00,50.4
8/22/2024,18:00,638.064
8/23/2024,0:00,16.784
8/23/2024,6:00,0
8/23/2024,12:00,4.048
8/23/2024,18:00,114.976
8/24/2024,0:00,39.056
8/24/2024,6:00,0
8/24/2024,12:00,59.824
8/24/2024,18:00,714.848
8/25/2024,0:00,169.648
8/25/2024,6:00,0
8/25/2024,12:00,62.08
8/25/2024,18:00,705.472
8/26/2024,0:00,57.84
8/26/2024,6:00,0
8/26/2024,12:00,64.432
8/26/2024,18:00,724.848
8/27/2024,0:00,173.136
8/27/2024,6:00,0
8/27/2024,12:00,58.4
8/27/2024,18:00,642.192
8/28/2024,0:00,168.096
8/28/2024,6:00,0
8/28/2024,12:00,14.96
8/28/2024,18:00,651.376
8/29/2024,0:00,131.392
8/29/2024,6:00,0
8/29/2024,12:00,49.024
8/29/2024,18:00,599.04
8/30/2024,0:00,141.68
8/30/2024,6:00,0
8/30/2024,12:00,65.312
8/30/2024,18:00,686.4
8/31/2024,0:00,171.152
8/31/2024,6:00,0
8/31/2024,12:00,64.576
8/31/2024,18:00,609.344
9/1/2024,0:00,145.456
9/1/2024,6:00,0
9/1/2024,12:00,33.536
9/1/2024,18:00,729.088
9/2/2024,0:00,159.216
9/2/2024,6:00,0
9/2/2024,12:00,74.304
9/2/2024,18:00,752.704
9/3/2024,0:00,182.112
9/3/2024,6:00,0
9/3/2024,12:00,72.912
9/3/2024,18:00,725.616
9/4/2024,0:00,173.808
9/4/2024,6:00,0
9/4/2024,12:00,72.544
9/4/2024,18:00,482
9/5/2024,0:00,10.016
9/5/2024,6:00,0
9/5/2024,12:00,65.84
9/5/2024,18:00,775.024
9/6/2024,0:00,187.888
9/6/2024,6:00,0
9/6/2024,12:00,83.808
9/6/2024,18:00,775.104
9/7/2024,0:00,180.416
9/7/2024,6:00,0
9/7/2024,12:00,78.192
9/7/2024,18:00,741.84
9/8/2024,0:00,179.984
9/8/2024,6:00,0
9/8/2024,12:00,62.912
9/8/2024,18:00,605.488
9/9/2024,0:00,180.096
9/9/2024,6:00,0
9/9/2024,12:00,44.688
9/9/2024,18:00,684.736
9/10/2024,0:00,182.256
9/10/2024,6:00,0
9/10/2024,12:00,84.576
9/10/2024,18:00,768.176
9/11/2024,0:00,184.608
9/11/2024,6:00,0
9/11/2024,12:00,87.744
9/11/2024,18:00,748.56
9/12/2024,0:00,171.824
9/12/2024,6:00,0
9/12/2024,12:00,86.768
9/12/2024,18:00,631.952
9/13/2024,0:00,85.584
9/13/2024,6:00,0
9/13/2024,12:00,80.528
9/13/2024,18:00,371.712
9/14/2024,0:00,81.376
9/14/2024,6:00,0
9/14/2024,12:00,65.36
9/14/2024,18:00,476.56
9/15/2024,0:00,183.04
9/15/2024,6:00,0
9/15/2024,12:00,56.912
9/15/2024,18:00,523.728
9/16/2024,0:00,34.56
9/16/2024,6:00,0
9/16/2024,12:00,96.784
9/16/2024,18:00,803.68
9/17/2024,0:00,197.328
9/17/2024,6:00,0
9/17/2024,12:00,100.032
9/17/2024,18:00,818.16
9/18/2024,0:00,200.384
9/18/2024,6:00,0
9/18/2024,12:00,53.808
9/18/2024,18:00,770.912
9/19/2024,0:00,194.864
9/19/2024,6:00,0
9/19/2024,12:00,96.688
9/19/2024,18:00,686.608
9/20/2024,0:00,184.304
9/20/2024,6:00,0
9/20/2024,12:00,11.456
9/20/2024,18:00,90.048
9/21/2024,0:00,56.992
9/21/2024,6:00,0
9/21/2024,12:00,106.112
9/21/2024,18:00,817.392
9/22/2024,0:00,200.656
9/22/2024,6:00,0
9/22/2024,12:00,102.592
9/22/2024,18:00,806.576
9/23/2024,0:00,197.904
9/23/2024,6:00,0
9/23/2024,12:00,106.624
9/23/2024,18:00,818.8
9/24/2024,0:00,201.072
9/24/2024,6:00,0
9/24/2024,12:00,108.864
9/24/2024,18:00,820.768
9/25/2024,0:00,199.984
9/25/2024,6:00,0
9/25/2024,12:00,93.472
9/25/2024,18:00,724.592
9/26/2024,0:00,142.704
9/26/2024,6:00,0
9/26/2024,12:00,95.728
9/26/2024,18:00,260.16
9/27/2024,0:00,21.44
9/27/2024,6:00,0
9/27/2024,12:00,24.24
9/27/2024,18:00,580.56
9/28/2024,0:00,140.432
9/28/2024,6:00,0
9/28/2024,12:00,121.632
9/28/2024,18:00,866.928
9/29/2024,0:00,208.56
9/29/2024,6:00,0
9/29/2024,12:00,122.912
9/29/2024,18:00,858.544
9/30/2024,0:00,213.056
9/30/2024,6:00,0
9/30/2024,12:00,124.032
9/30/2024,18:00,859.952
10/1/2024,0:00,212.528
10/1/2024,6:00,0
10/1/2024,12:00,122.112
10/1/2024,18:00,844.416
10/2/2024,0:00,158.848
10/2/2024,6:00,0
10/2/2024,12:00,38.992
10/2/2024,18:00,57.792
10/3/2024,0:00,101.456
10/3/2024,6:00,0
10/3/2024,12:00,131.04
10/3/2024,18:00,888.192
10/4/2024,0:00,221.376
10/4/2024,6:00,0
10/4/2024,12:00,132.496
10/4/2024,18:00,887.568
10/5/2024,0:00,223.04
10/5/2024,6:00,0
10/5/2024,12:00,135.296
10/5/2024,18:00,885.072
10/6/2024,0:00,220.112
10/6/2024,6:00,0
10/6/2024,12:00,125.632
10/6/2024,18:00,803.6
10/7/2024,0:00,169.552
10/7/2024,6:00,0
10/7/2024,12:00,117.792
10/7/2024,18:00,840.656
10/8/2024,0:00,85.888
10/8/2024,6:00,0
10/8/2024,12:00,27.344
10/8/2024,18:00,191.072
10/9/2024,0:00,46.544
10/9/2024,6:00,0
10/9/2024,12:00,4.512
10/9/2024,18:00,100
10/10/2024,0:00,4.144
10/10/2024,6:00,0
10/10/2024,12:00,17.648
10/10/2024,18:00,131.4
10/11/2024,0:00,34.8
10/11/2024,6:00,0
10/11/2024,12:00,2.688
10/11/2024,18:00,72.7
10/12/2024,0:00,46.624
10/12/2024,6:00,0
10/12/2024,12:00,142.112
10/12/2024,18:00,625.02
10/13/2024,0:00,55.856
10/13/2024,6:00,0
10/13/2024,12:00,145.2
10/13/2024,18:00,896.32
10/14/2024,0:00,219.44
10/14/2024,6:00,0
10/14/2024,12:00,128.688
10/14/2024,18:00,726
10/15/2024,0:00,132.368
10/15/2024,6:00,0
10/15/2024,12:00,51.696
10/15/2024,18:00,309.82
10/16/2024,0:00,22.864
10/16/2024,6:00,0
10/16/2024,12:00,128.896
10/16/2024,18:00,911.56
10/17/2024,0:00,235.68
10/17/2024,6:00,0
10/17/2024,12:00,160.176
10/17/2024,18:00,923.16
10/18/2024,0:00,229.888
10/18/2024,6:00,0
10/18/2024,12:00,36.48
10/18/2024,18:00,108.48
10/19/2024,0:00,66.64
10/19/2024,6:00,0
10/19/2024,12:00,115.04
10/19/2024,18:00,884.92
10/20/2024,0:00,179.6
10/20/2024,6:00,0
10/20/2024,12:00,158.576
10/20/2024,18:00,919.14
10/21/2024,0:00,238.544
10/21/2024,6:00,0
10/21/2024,12:00,157.58
10/21/2024,18:00,692.92
10/22/2024,6:00,0
10/22/2024,12:00,138.208
10/22/2024,18:00,690.74
10/23/2024,0:00,59.072
10/23/2024,6:00,0
10/23/2024,12:00,151.16
10/23/2024,18:00,775.14
10/24/2024,0:00,43.344
10/24/2024,6:00,0
10/24/2024,12:00,159.14
10/24/2024,18:00,767.54
10/25/2024,0:00,100.544
10/25/2024,6:00,0
10/25/2024,12:00,169.232
10/25/2024,18:00,944.98
10/26/2024,0:00,248.4
10/26/2024,6:00,0
10/26/2024,12:00,177.06
10/26/2024,18:00,940.04
10/27/2024,0:00,246.432
10/27/2024,6:00,0
10/27/2024,12:00,176.656
10/27/2024,18:00,966.26
10/28/2024,0:00,254.448
10/28/2024,6:00,0
10/28/2024,12:00,122.22
10/28/2024,18:00,946.7
10/29/2024,0:00,246.08
10/29/2024,6:00,0
10/29/2024,12:00,175.76
10/29/2024,18:00,957.28
10/30/2024,0:00,254.016
10/30/2024,6:00,0
10/30/2024,12:00,179.76
10/30/2024,18:00,967.52
10/31/2024,0:00,256.736
10/31/2024,6:00,0
10/31/2024,12:00,175.18
10/31/2024,18:00,940.76
11/1/2024,0:00,203.632
11/1/2024,6:00,0
11/1/2024,12:00,135.952
11/1/2024,18:00,905.5
11/2/2024,0:00,120.464
11/2/2024,6:00,0
11/2/2024,12:00,16.3
11/2/2024,18:00,52.06
11/3/2024,0:00,13.408
11/3/2024,6:00,0
11/3/2024,12:00,10.8
11/3/2024,18:00,418.4
11/4/2024,0:00,194.368
11/4/2024,6:00,0
11/4/2024,12:00,175.08
11/4/2024,18:00,731.52
11/5/2024,0:00,99.984
11/5/2024,6:00,0
11/5/2024,12:00,176.36
11/5/2024,18:00,622.44
11/6/2024,0:00,87.68
11/6/2024,6:00,0
11/6/2024,12:00,172.24
11/6/2024,18:00,867.06
11/7/2024,6:00,0
11/7/2024,12:00,156.28
11/7/2024,18:00,757.28
11/8/2024,0:00,160.864
11/8/2024,6:00,0
11/8/2024,12:00,33.24
11/8/2024,18:00,415.22
11/9/2024,0:00,76.128
11/9/2024,6:00,0
11/9/2024,12:00,195.36
11/9/2024,18:00,999.46
11/10/2024,0:00,274.432
11/10/2024,6:00,0
11/10/2024,12:00,193.68
11/10/2024,18:00,986.24
11/11/2024,0:00,273.952
11/11/2024,6:00,0
11/11/2024,12:00,191.28
11/11/2024,18:00,852.44
11/12/2024,0:00,12.688
11/12/2024,6:00,0
11/12/2024,12:00,54.38
11/12/2024,18:00,906.7
11/13/2024,0:00,281.92
11/13/2024,6:00,0
11/13/2024,12:00,196.48
11/13/2024,18:00,999.46
11/14/2024,0:00,280.464
11/14/2024,6:00,0
11/14/2024,12:00,194.58
11/14/2024,18:00,987.34
11/15/2024,0:00,274.848
11/15/2024,6:00,0
11/15/2024,12:00,139.9
11/15/2024,18:00,908.68
11/16/2024,0:00,170.416
11/16/2024,6:00,0
11/16/2024,12:00,190.12
11/16/2024,18:00,966.92
11/17/2024,0:00,276.32
11/17/2024,6:00,0
11/17/2024,12:00,190.54
11/17/2024,18:00,965.46
11/18/2024,0:00,256.96
11/18/2024,6:00,0
11/18/2024,12:00,187.02
11/18/2024,18:00,623.68
11/19/2024,0:00,42.3
11/19/2024,6:00,0
11/19/2024,12:00,79.88
11/19/2024,18:00,321.9
11/20/2024,0:00,14.608
11/20/2024,6:00,0
11/20/2024,12:00,95.92
11/20/2024,18:00,479.68
11/21/2024,0:00,249.52
11/21/2024,6:00,0
11/21/2024,12:00,152.48
11/21/2024,18:00,246.72
11/22/2024,0:00,187.664
11/22/2024,6:00,0
11/22/2024,12:00,11.22
11/22/2024,18:00,216
11/23/2024,0:00,158.4
11/23/2024,6:00,0
11/23/2024,12:00,193.66
11/23/2024,18:00,729.1
11/24/2024,0:00,221.952
11/24/2024,6:00,0
11/24/2024,12:00,195.64
11/24/2024,18:00,986.18
11/25/2024,0:00,290.656
11/25/2024,6:00,0
11/25/2024,12:00,161.54
11/25/2024,18:00,856.54
11/26/2024,0:00,179.6
11/26/2024,6:00,0
11/26/2024,12:00,147.36
11/26/2024,18:00,673.98
11/27/2024,0:00,98.256
11/27/2024,6:00,0
11/27/2024,12:00,103.52
11/27/2024,18:00,637.24
11/28/2024,0:00,74.016
11/28/2024,6:00,0
11/28/2024,12:00,122.5
11/28/2024,18:00,51.68
11/29/2024,0:00,45.36
11/29/2024,6:00,0
11/29/2024,12:00,140.42
11/29/2024,18:00,866.52
11/30/2024,0:00,109.6
11/30/2024,6:00,0
11/30/2024,12:00,159.46
11/30/2024,18:00,953.64
12/1/2024,0:00,274.16
12/1/2024,6:00,0
12/1/2024,12:00,186.34
12/1/2024,18:00,778.46
12/2/2024,0:00,204.928
12/2/2024,6:00,0
12/2/2024,12:00,10.12
12/2/2024,18:00,138.16
12/3/2024,0:00,55.056
12/3/2024,6:00,0
12/3/2024,12:00,188.32
12/3/2024,18:00,968.94
12/4/2024,0:00,204.24
12/4/2024,6:00,0
12/4/2024,12:00,194.7
12/4/2024,18:00,881.8
12/5/2024,0:00,285.94
12/5/2024,6:00,0
12/5/2024,12:00,189.52
12/5/2024,18:00,789.54
12/6/2024,0:00,217.38
12/6/2024,6:00,0
12/6/2024,12:00,66.14
12/6/2024,18:00,651.14
12/7/2024,0:00,82.384
12/7/2024,6:00,0
12/7/2024,12:00,23.34
12/7/2024,18:00,156.94
12/8/2024,0:00,57.84
12/8/2024,6:00,0
12/8/2024,12:00,11.44
12/8/2024,18:00,146.66
12/9/2024,0:00,100.032
12/9/2024,6:00,0
12/9/2024,12:00,170.78
12/9/2024,18:00,345.66
12/10/2024,0:00,36.36
12/10/2024,6:00,0
12/10/2024,12:00,183.36
12/10/2024,18:00,900.26
12/11/2024,0:00,307.78
12/11/2024,6:00,0
12/11/2024,12:00,194.08
12/11/2024,18:00,977.58
12/12/2024,0:00,272.272
12/12/2024,6:00,0
12/12/2024,12:00,156.7
12/12/2024,18:00,798.96
12/13/2024,0:00,109.24
12/13/2024,6:00,0
12/13/2024,12:00,40.52
12/13/2024,18:00,145.58
12/14/2024,0:00,84.36
12/14/2024,6:00,0
12/14/2024,12:00,26.78
12/14/2024,18:00,732.98
12/15/2024,0:00,261.64
12/15/2024,6:00,0
12/15/2024,12:00,188.04
12/15/2024,18:00,846.28
12/16/2024,0:00,144.84
12/16/2024,6:00,0
12/16/2024,12:00,188.4
12/16/2024,18:00,936
12/17/2024,0:00,329.46
12/17/2024,6:00,0
12/17/2024,12:00,184.28
12/17/2024,18:00,639.86
12/18/2024,0:00,247.74
12/18/2024,6:00,0
12/18/2024,12:00,189.62
12/18/2024,18:00,982.64
12/19/2024,0:00,332.36
12/19/2024,6:00,0
12/19/2024,12:00,59.42
12/19/2024,18:00,103.78
12/20/2024,0:00,11.32
12/20/2024,6:00,0
12/20/2024,12:00,95
12/20/2024,18:00,684.18
12/21/2024,0:00,167.86
12/21/2024,6:00,0
12/21/2024,12:00,182.66
12/21/2024,18:00,989.66
12/22/2024,0:00,330.56
12/22/2024,6:00,0
12/22/2024,12:00,111.76
12/22/2024,18:00,837.82
12/23/2024,0:00,200.176
12/23/2024,6:00,0
12/23/2024,12:00,185.62
12/23/2024,18:00,1008.78
12/24/2024,0:00,340.94
12/24/2024,6:00,0
12/24/2024,12:00,162.28
12/24/2024,18:00,981.16
12/25/2024,0:00,170.576
12/25/2024,6:00,0
12/25/2024,12:00,41.3
12/25/2024,18:00,875.38
12/26/2024,0:00,346.768
12/26/2024,6:00,0
12/26/2024,12:00,184.08
12/26/2024,18:00,1015.26
12/27/2024,0:00,346.864
12/27/2024,6:00,0
12/27/2024,12:00,184.52
12/27/2024,18:00,1014.9
12/28/2024,0:00,346.864
12/28/2024,6:00,0
12/28/2024,12:00,179.78
12/28/2024,18:00,1007.44
12/29/2024,0:00,332.944
12/29/2024,6:00,0
12/29/2024,12:00,176.26
12/29/2024,18:00,994.5
12/30/2024,0:00,342.864
12/30/2024,6:00,0
12/30/2024,12:00,171.28
12/30/2024,18:00,838.52
12/31/2024,0:00,191.04
12/31/2024,6:00,0
12/31/2024,12:00,144.54
12/31/2024,18:00,991.14
1/1/2025,0:00,341.68
1/1/2025,6:00,0
1/1/2025,12:00,169.2
1/1/2025,18:00,978.56
1/2/2025,0:00,271.536
1/2/2025,6:00,0
1/2/2025,12:00,124.22
1/2/2025,18:00,949.56
1/3/2025,0:00,304.032
1/3/2025,6:00,0
1/3/2025,12:00,172.02
1/3/2025,18:00,995.54
1/4/2025,0:00,344.22
1/4/2025,6:00,0
1/4/2025,12:00,173.14
1/4/2025,18:00,1015.22
1/5/2025,0:00,358.28
1/5/2025,6:00,0
1/5/2025,12:00,172.4
1/5/2025,18:00,1008.5
1/6/2025,0:00,348.28
1/6/2025,6:00,0
1/6/2025,12:00,156.1
1/6/2025,18:00,977.1
1/7/2025,0:00,263.52
1/7/2025,6:00,0
1/7/2025,12:00,167.68
1/7/2025,18:00,1002
1/8/2025,0:00,353.104
1/8/2025,6:00,0
1/8/2025,12:00,164.52
1/8/2025,18:00,988.16
1/9/2025,0:00,346.08
1/9/2025,6:00,0
1/9/2025,12:00,160.62
1/9/2025,18:00,978.72
1/10/2025,0:00,298.72
1/10/2025,6:00,0
1/10/2025,12:00,158.02
1/10/2025,18:00,832.42
1/11/2025,0:00,165.16
1/11/2025,6:00,0
1/11/2025,12:00,155.86
1/11/2025,18:00,934.18
1/12/2025,0:00,195.52
1/12/2025,6:00,0
1/12/2025,12:00,155.9
1/12/2025,18:00,831.44
1/13/2025,0:00,332.192
1/13/2025,6:00,0
1/13/2025,12:00,154.58
1/13/2025,18:00,885.7
1/14/2025,0:00,101.92
1/14/2025,6:00,0
1/14/2025,12:00,151.76
1/14/2025,18:00,746.4
1/15/2025,0:00,143.936
1/15/2025,6:00,0
1/15/2025,12:00,73.42
1/15/2025,18:00,812.16
1/16/2025,0:00,138.688
1/16/2025,6:00,0
1/16/2025,12:00,148.22
1/16/2025,18:00,959.52
1/17/2025,0:00,64.528
1/17/2025,6:00,0
1/17/2025,12:00,147.04
1/17/2025,18:00,902.96
1/18/2025,0:00,329.52
1/18/2025,6:00,0
1/18/2025,12:00,146.34
1/18/2025,18:00,966.1
1/19/2025,0:00,289.168
1/19/2025,6:00,0
1/19/2025,12:00,149.26
1/19/2025,18:00,910.54
1/20/2025,0:00,187.28
1/20/2025,6:00,0
1/20/2025,12:00,110.24
1/20/2025,18:00,393.36
1/21/2025,0:00,352.144
1/21/2025,6:00,0
1/21/2025,12:00,146.912
1/21/2025,18:00,978.96
1/22/2025,0:00,349.744
1/22/2025,6:00,0
1/22/2025,12:00,146.496
1/22/2025,18:00,980.14
1/23/2025,0:00,350.624
1/23/2025,6:00,0
1/23/2025,12:00,142.272
1/23/2025,18:00,946.86
1/24/2025,0:00,174.16
1/24/2025,6:00,0
1/24/2025,12:00,70.272
1/24/2025,18:00,242.96
1/25/2025,0:00,259.056
1/25/2025,6:00,0
1/25/2025,12:00,123.712
1/25/2025,18:00,936.62
1/26/2025,0:00,129.536
1/26/2025,6:00,0
1/26/2025,12:00,139.472
1/26/2025,18:00,891.66
1/27/2025,0:00,312.832
1/27/2025,6:00,0
1/27/2025,12:00,110.36
1/27/2025,18:00,607.86
1/28/2025,0:00,222.4
1/28/2025,6:00,0
1/28/2025,12:00,132.736
1/28/2025,18:00,756.86
1/29/2025,0:00,256.256
1/29/2025,6:00,0
1/29/2025,12:00,132.592
1/29/2025,18:00,881.76
1/30/2025,0:00,253.616
1/30/2025,6:00,0
1/30/2025,12:00,129.52
1/30/2025,18:00,796.08
1/31/2025,0:00,176.608
1/31/2025,6:00,0
1/31/2025,12:00,130.16
1/31/2025,18:00,673.6
2/1/2025,0:00,246.576
2/1/2025,6:00,0
2/1/2025,12:00,130.112
2/1/2025,18:00,930.72
2/2/2025,0:00,240.224
2/2/2025,6:00,0
2/2/2025,12:00,129.264
2/2/2025,18:00,785.02
2/3/2025,0:00,28.576
2/3/2025,6:00,0
2/3/2025,12:00,129.22
2/3/2025,18:00,804.8
2/4/2025,0:00,151.44
2/4/2025,6:00,0
2/4/2025,12:00,125.184
2/4/2025,18:00,608.48
2/5/2025,0:00,172.304
2/5/2025,6:00,0
2/5/2025,12:00,123.456
2/5/2025,18:00,896.38
2/6/2025,0:00,82.064
2/6/2025,6:00,0
2/6/2025,12:00,121.616
2/6/2025,18:00,754.56
2/7/2025,0:00,147.184
2/7/2025,6:00,0
2/7/2025,12:00,123.648
2/7/2025,18:00,560.56
2/8/2025,0:00,312.544
2/8/2025,6:00,0
2/8/2025,12:00,122.544
2/8/2025,18:00,931.46
2/9/2025,0:00,299.824
2/9/2025,6:00,0
2/9/2025,12:00,119.952
2/9/2025,18:00,702.76
2/10/2025,0:00,133.216
2/10/2025,6:00,0
2/10/2025,12:00,119.216
2/10/2025,18:00,838.624
2/11/2025,0:00,60.576
2/11/2025,6:00,0
2/11/2025,12:00,117.504
2/11/2025,18:00,674.096
2/12/2025,0:00,20.528
2/12/2025,6:00,0
2/12/2025,12:00,115.904
2/12/2025,18:00,693.664
2/13/2025,0:00,142.352
2/13/2025,6:00,0
2/13/2025,12:00,113.376
2/13/2025,18:00,606.544
2/14/2025,0:00,55.04
2/14/2025,6:00,0
2/14/2025,12:00,114.272
2/14/2025,18:00,908.624
2/15/2025,0:00,306.848
2/15/2025,6:00,0
2/15/2025,12:00,111.712
2/15/2025,18:00,583.296
2/16/2025,0:00,83.824
2/16/2025,6:00,0
2/16/2025,12:00,107.872
2/16/2025,18:00,657.152
2/17/2025,0:00,173.872
2/17/2025,6:00,0
2/17/2025,12:00,89.46
2/17/2025,18:00,457.952
2/18/2025,0:00,105.808
2/18/2025,6:00,0
2/18/2025,12:00,97.78
2/18/2025,18:00,737.28
2/19/2025,0:00,239.936
2/19/2025,6:00,0
2/19/2025,12:00,63.18
2/19/2025,18:00,705.7
2/20/2025,0:00,301.568
2/20/2025,6:00,0
2/20/2025,12:00,112.6
2/20/2025,18:00,901.328
2/21/2025,0:00,267.344
2/21/2025,6:00,0
2/21/2025,12:00,102.02
2/21/2025,18:00,848.656
2/22/2025,0:00,254
2/22/2025,6:00,0
2/22/2025,12:00,106.94
2/22/2025,18:00,887.104
2/23/2025,0:00,267.696
2/23/2025,6:00,0
2/23/2025,12:00,106.26
2/23/2025,18:00,883.184
2/24/2025,0:00,264.992
2/24/2025,6:00,0
2/24/2025,12:00,104.98
2/24/2025,18:00,852.816
2/25/2025,0:00,211.792
2/25/2025,6:00,0
2/25/2025,12:00,103.88
2/25/2025,18:00,836.464
2/26/2025,0:00,179.744
2/26/2025,6:00,0
2/26/2025,12:00,101.74
2/26/2025,18:00,705.456
2/27/2025,0:00,160.592
2/27/2025,6:00,0
2/27/2025,12:00,78.12
2/27/2025,18:00,637.904
2/28/2025,0:00,66.144
2/28/2025,6:00,0
2/28/2025,12:00,95.776
2/28/2025,18:00,862.528
3/1/2025,0:00,151.36
3/1/2025,6:00,0
3/1/2025,12:00,94.98
3/1/2025,18:00,805.424
3/2/2025,0:00,82
3/2/2025,6:00,0
3/2/2025,12:00,98.544
3/2/2025,18:00,699.472
3/3/2025,0:00,140.112
3/3/2025,6:00,0
3/3/2025,12:00,98.26
3/3/2025,18:00,866.192
3/4/2025,0:00,275.696
3/4/2025,6:00,0
3/4/2025,12:00,99.376
3/4/2025,18:00,873.92
3/5/2025,0:00,276.592
3/5/2025,6:00,0
3/5/2025,12:00,99.168
3/5/2025,18:00,866.992
3/6/2025,0:00,166.912
3/6/2025,6:00,0
3/6/2025,12:00,84.768
3/6/2025,18:00,712.976
3/7/2025,0:00,146
3/7/2025,6:00,0
3/7/2025,12:00,95.36
3/7/2025,18:00,860.592
3/8/2025,0:00,268.72
3/8/2025,6:00,0
3/8/2025,12:00,93.936
3/8/2025,18:00,631.008
3/9/2025,0:00,58.832
3/9/2025,6:00,0
3/9/2025,12:00,85.632
3/9/2025,18:00,687.264
3/10/2025,0:00,37.648
3/10/2025,6:00,0
3/10/2025,12:00,95.392
3/10/2025,18:00,862.208
3/11/2025,0:00,262.608
3/11/2025,6:00,0
3/11/2025,12:00,75.328
3/11/2025,18:00,570.064
3/12/2025,0:00,170.112
3/12/2025,6:00,0
3/12/2025,12:00,76.496
3/12/2025,18:00,772.992
3/13/2025,0:00,183.84
3/13/2025,6:00,0
3/13/2025,12:00,90.048
3/13/2025,18:00,831.888
3/14/2025,0:00,137.216
3/14/2025,6:00,0
3/14/2025,12:00,94.34
3/14/2025,18:00,878.928
3/15/2025,0:00,257.744
3/15/2025,6:00,0
3/15/2025,12:00,87.04
3/15/2025,18:00,864.944
3/16/2025,0:00,257.552
3/16/2025,6:00,0
3/16/2025,12:00,91.872
3/16/2025,18:00,852.096
3/17/2025,0:00,249.744
3/17/2025,6:00,0
3/17/2025,12:00,83.872
3/17/2025,18:00,796.896
3/18/2025,0:00,198.416
3/18/2025,6:00,0
3/18/2025,12:00,19.888
3/18/2025,18:00,808.912
3/19/2025,0:00,227.088
3/19/2025,6:00,0
3/19/2025,12:00,90.272
3/19/2025,18:00,849.136
3/20/2025,0:00,243.136
3/20/2025,6:00,0
3/20/2025,12:00,88.416
3/20/2025,18:00,838.816
3/21/2025,0:00,239.024
3/21/2025,6:00,0
3/21/2025,12:00,86.544
3/21/2025,18:00,821.536
3/22/2025,0:00,230.832
3/22/2025,6:00,0
3/22/2025,12:00,67.904
3/22/2025,18:00,203.888
3/23/2025,0:00,62.864
3/23/2025,6:00,0
3/23/2025,12:00,81.344
3/23/2025,18:00,733.568
3/24/2025,0:00,118.208
3/24/2025,6:00,0
3/24/2025,12:00,64.944
3/24/2025,18:00,687.52
3/25/2025,0:00,108.768
3/25/2025,6:00,0
3/25/2025,12:00,58.448
3/25/2025,18:00,296
3/26/2025,0:00,57.824
3/26/2025,6:00,0
3/26/2025,12:00,42.016
3/26/2025,18:00,530.624
3/27/2025,0:00,130.8
3/27/2025,6:00,0
3/27/2025,12:00,73.504
3/27/2025,18:00,487.072
3/28/2025,0:00,100.224
3/28/2025,6:00,0
3/28/2025,12:00,74.608
3/28/2025,18:00,700.384
3/29/2025,0:00,36.176
3/29/2025,6:00,0
3/29/2025,12:00,73.168
3/29/2025,18:00,700.88
3/30/2025,0:00,128.48
3/30/2025,6:00,0
3/30/2025,12:00,74.672
3/30/2025,18:00,760.896
3/31/2025,0:00,200.08
3/31/2025,6:00,0
3/31/2025,12:00,74.256
3/31/2025,18:00,622.608
4/1/2025,0:00,42.624
4/1/2025,6:00,0
4/1/2025,12:00,48.22
4/1/2025,18:00,187.504
4/2/2025,0:00,142.432
4/2/2025,6:00,0
4/2/2025,12:00,41.16
4/2/2025,18:00,66.608
4/3/2025,0:00,35.68
4/3/2025,6:00,0
4/3/2025,12:00,4.26
4/3/2025,18:00,190.672
4/4/2025,0:00,30.88
4/4/2025,6:00,0
4/4/2025,12:00,75.48
4/4/2025,18:00,789.664
4/5/2025,0:00,202.672
4/5/2025,6:00,0
4/5/2025,12:00,76.08
4/5/2025,18:00,771.6
4/6/2025,0:00,192.88
4/6/2025,6:00,0
4/6/2025,12:00,73.184
4/6/2025,18:00,740.928
4/7/2025,0:00,161.408
4/7/2025,6:00,0
4/7/2025,12:00,63.9
4/7/2025,18:00,243.968
4/8/2025,0:00,11.008
4/8/2025,6:00,0
4/8/2025,12:00,7.54
4/8/2025,18:00,176.496
4/9/2025,0:00,89.68
4/9/2025,6:00,0
4/9/2025,12:00,69.1
4/9/2025,18:00,386.768
4/10/2025,0:00,99.552
4/10/2025,6:00,0
4/10/2025,12:00,68.96
4/10/2025,18:00,730.384
4/11/2025,0:00,177.312
4/11/2025,6:00,0
4/11/2025,12:00,61.68
4/11/2025,18:00,720.976
4/12/2025,0:00,173.504
4/12/2025,6:00,0
4/12/2025,12:00,51.216
4/12/2025,18:00,271.584
4/13/2025,0:00,63.648
4/13/2025,6:00,0
4/13/2025,12:00,17.888
4/13/2025,18:00,326.544
4/14/2025,0:00,149.52
4/14/2025,6:00,0
4/14/2025,12:00,64.608
4/14/2025,18:00,713.312
4/15/2025,0:00,167.776
4/15/2025,6:00,0
4/15/2025,12:00,59.136
4/15/2025,18:00,575.632
4/16/2025,0:00,159.648
4/16/2025,6:00,0
4/16/2025,12:00,62.128
4/16/2025,18:00,693.008
4/17/2025,0:00,126.736
4/17/2025,6:00,0
4/17/2025,12:00,60.96
4/17/2025,18:00,687.312
4/18/2025,0:00,157.312
4/18/2025,6:00,0
4/18/2025,12:00,34.928
4/18/2025,18:00,663.088
4/19/2025,0:00,54.448
4/19/2025,6:00,0
4/19/2025,12:00,46.432
4/19/2025,18:00,667.584
4/20/2025,0:00,151.584
4/20/2025,6:00,0
4/20/2025,12:00,61.44
4/20/2025,18:00,695.136
4/21/2025,0:00,141.184
4/21/2025,6:00,0
4/21/2025,12:00,46.86
4/21/2025,18:00,585.136
4/22/2025,0:00,98.128
4/22/2025,6:00,0
4/22/2025,12:00,57.808
4/22/2025,18:00,647.904
4/23/2025,0:00,95.104
4/23/2025,6:00,0
4/23/2025,12:00,44.688
4/23/2025,18:00,598.208
4/24/2025,0:00,110.928
4/24/2025,6:00,0
4/24/2025,12:00,15.056
4/24/2025,18:00,236.416
4/25/2025,0:00,62.112
4/25/2025,6:00,0
4/25/2025,12:00,54.896
4/25/2025,18:00,659.68
4/26/2025,0:00,142.368
4/26/2025,6:00,0
4/26/2025,12:00,52.848
4/26/2025,18:00,377.424
4/27/2025,0:00,95.552
4/27/2025,6:00,0
4/27/2025,12:00,44.064
4/27/2025,18:00,366.192
4/28/2025,0:00,68.736
4/28/2025,6:00,0
4/28/2025,12:00,57.152
4/28/2025,18:00,677.232
4/29/2025,0:00,143.344
4/29/2025,6:00,0
4/29/2025,12:00,55.168
4/29/2025,18:00,662.304
4/30/2025,0:00,139.392
4/30/2025,6:00,0
4/30/2025,12:00,55.296
4/30/2025,18:00,665.712
5/1/2025,0:00,139.664
5/1/2025,6:00,0
5/1/2025,12:00,53.808
5/1/2025,18:00,649.92
5/2/2025,0:00,133.84
5/2/2025,6:00,0
5/2/2025,12:00,27.216
5/2/2025,18:00,495.536
5/3/2025,0:00,78.304
5/3/2025,6:00,0
5/3/2025,12:00,45.072
5/3/2025,18:00,627.952
5/4/2025,0:00,129.584
5/4/2025,6:00,0
5/4/2025,12:00,50.48
5/4/2025,18:00,631.76
5/5/2025,0:00,115.648
5/5/2025,6:00,0
5/5/2025,12:00,46.832
5/5/2025,18:00,602.992
5/6/2025,0:00,121.216
5/6/2025,6:00,0
5/6/2025,12:00,21.808
5/6/2025,18:00,511.152
5/7/2025,0:00,59.12
5/7/2025,6:00,0
5/7/2025,12:00,10.528
5/7/2025,18:00,358.704
5/8/2025,0:00,90.736
5/8/2025,6:00,0
5/8/2025,12:00,33.68
5/8/2025,18:00,571.552
5/9/2025,0:00,116.384
5/9/2025,6:00,0
5/9/2025,12:00,43.024
5/9/2025,18:00,316.912
5/10/2025,0:00,2.848
5/10/2025,6:00,0
5/10/2025,12:00,45.632
5/10/2025,18:00,613.024
5/11/2025,0:00,121.088
5/11/2025,6:00,0
5/11/2025,12:00,45.776
5/11/2025,18:00,614.144
5/12/2025,0:00,121.408
5/12/2025,6:00,0
5/12/2025,12:00,45.6
5/12/2025,18:00,609.008
5/13/2025,0:00,119.184
5/13/2025,6:00,0
5/13/2025,12:00,43.04
5/13/2025,18:00,331.84
5/14/2025,0:00,113.888
5/14/2025,6:00,0
5/14/2025,12:00,42.112
5/14/2025,18:00,581.44
5/15/2025,0:00,111.728
5/15/2025,6:00,0
5/15/2025,12:00,37.632
5/15/2025,18:00,571.776
5/16/2025,0:00,104.384
5/16/2025,6:00,0
5/16/2025,12:00,34.064
5/16/2025,18:00,530.768
5/17/2025,0:00,70.832
5/17/2025,6:00,0
5/17/2025,12:00,28.512
5/17/2025,18:00,508.736
5/18/2025,0:00,84.88
5/18/2025,6:00,0
5/18/2025,12:00,30.048
5/18/2025,18:00,196.784
5/19/2025,0:00,28.608
5/19/2025,6:00,0
5/19/2025,12:00,38.16
5/19/2025,18:00,553.456
5/20/2025,0:00,103.76
5/20/2025,6:00,0
5/20/2025,12:00,3.56
5/20/2025,18:00,64
5/21/2025,0:00,15.328
5/21/2025,6:00,0
5/21/2025,12:00,22.912
5/21/2025,18:00,82.768
5/22/2025,0:00,15.632
5/22/2025,6:00,0
5/22/2025,12:00,29.3
5/22/2025,18:00,417.216
5/23/2025,0:00,105.232
5/23/2025,6:00,0
5/23/2025,12:00,38.368
5/23/2025,18:00,567.936
5/24/2025,0:00,107.488
5/24/2025,6:00,0
5/24/2025,12:00,3.952
5/24/2025,18:00,154.672
5/25/2025,0:00,44.72
5/25/2025,6:00,0
5/25/2025,12:00,10.144
5/25/2025,18:00,512.384
5/26/2025,0:00,99.408
5/26/2025,6:00,0
5/26/2025,12:00,9.392
5/26/2025,18:00,292.448
5/27/2025,0:00,56.096
5/27/2025,6:00,0
5/27/2025,12:00,13.728
5/27/2025,18:00,282.144
5/28/2025,0:00,6.288
5/28/2025,6:00,0
5/28/2025,12:00,1.104
5/28/2025,18:00,27.776
5/29/2025,0:00,2.896
5/29/2025,6:00,0
5/29/2025,12:00,12.88
5/29/2025,18:00,173.024
5/30/2025,0:00,20.704
5/30/2025,6:00,0
5/30/2025,12:00,35.008
5/30/2025,18:00,555.616
5/31/2025,0:00,103.024
5/31/2025,6:00,0
5/31/2025,12:00,34.2
5/31/2025,18:00,549.2
6/1/2025,0:00,102.368
6/1/2025,6:00,0
6/1/2025,12:00,34.08
6/1/2025,18:00,552.24
6/2/2025,0:00,101.648
6/2/2025,6:00,0
6/2/2025,12:00,20.16
6/2/2025,18:00,200.032
6/3/2025,0:00,2.432
6/3/2025,6:00,0
6/3/2025,12:00,1.62
6/3/2025,18:00,110.16
6/4/2025,0:00,51.648
6/4/2025,6:00,0
6/4/2025,12:00,4.84
6/4/2025,18:00,123.536
6/5/2025,0:00,59.248
6/5/2025,6:00,0
6/5/2025,12:00,9.2
6/5/2025,18:00,369.872
6/6/2025,0:00,20.192
6/6/2025,6:00,0
6/6/2025,12:00,31.06
6/6/2025,18:00,480.816
6/7/2025,0:00,77.376
6/7/2025,6:00,0
6/7/2025,12:00,32.064
6/7/2025,18:00,537.28
6/8/2025,0:00,88.448
6/8/2025,6:00,0
6/8/2025,12:00,24.176
6/8/2025,18:00,486.832
6/9/2025,0:00,97.456
6/9/2025,6:00,0
6/9/2025,12:00,30.272
6/9/2025,18:00,532.064
6/10/2025,0:00,98.96
6/10/2025,6:00,0
6/10/2025,12:00,31.168
6/10/2025,18:00,540.176
6/11/2025,0:00,100.816
6/11/2025,6:00,0
6/11/2025,12:00,30.656
6/11/2025,18:00,542.096
6/12/2025,0:00,102.752
6/12/2025,6:00,0
6/12/2025,12:00,31.248
6/12/2025,18:00,545.712
6/13/2025,0:00,102.224
6/13/2025,6:00,0
6/13/2025,12:00,30.272
6/13/2025,18:00,518.336
6/14/2025,0:00,82.96
6/14/2025,6:00,0
6/14/2025,12:00,4.28
6/14/2025,18:00,112.416
6/15/2025,0:00,41.04
6/15/2025,6:00,0
6/15/2025,12:00,4.44
6/15/2025,18:00,99.024
6/16/2025,0:00,24.144
6/16/2025,6:00,0
6/16/2025,12:00,28.064
6/16/2025,18:00,499.024
6/17/2025,0:00,92.128
6/17/2025,6:00,0
6/17/2025,12:00,25.56
6/17/2025,18:00,294.928
6/18/2025,0:00,40.208
6/18/2025,6:00,0
6/18/2025,12:00,1.26
6/18/2025,18:00,59.664
6/19/2025,0:00,15.648
6/19/2025,6:00,0
6/19/2025,12:00,0.64
6/19/2025,18:00,11.36
6/20/2025,0:00,1.552
6/20/2025,6:00,0
6/20/2025,12:00,1.06
6/20/2025,18:00,29.264
6/21/2025,0:00,39.872
6/21/2025,6:00,0
6/21/2025,12:00,4.416
6/21/2025,18:00,404.464
6/22/2025,0:00,99.584
6/22/2025,6:00,0
6/22/2025,12:00,2.544
6/22/2025,18:00,115.056
6/23/2025,0:00,13.856
6/23/2025,6:00,0
6/23/2025,12:00,21.792
6/23/2025,18:00,531.936
6/24/2025,0:00,103.216
6/24/2025,6:00,0
6/24/2025,12:00,29.712
6/24/2025,18:00,549.264
6/25/2025,0:00,106.608
6/25/2025,6:00,0
6/25/2025,12:00,29.632
6/25/2025,18:00,550.736
6/26/2025,0:00,103.648
6/26/2025,6:00,0
6/26/2025,12:00,1.04
6/26/2025,18:00,113.904
6/27/2025,0:00,17.104
6/27/2025,6:00,0
6/27/2025,12:00,24.16
6/27/2025,18:00,425.216
6/28/2025,0:00,54.352
6/28/2025,6:00,0
6/28/2025,12:00,1.504
6/28/2025,18:00,20.96
6/29/2025,0:00,2.704
6/29/2025,6:00,0
6/29/2025,12:00,1.072
6/29/2025,18:00,85.808
6/30/2025,0:00,10.32
6/30/2025,6:00,0
6/30/2025,12:00,4.896
6/30/2025,18:00,176.96
7/1/2025,0:00,80.48
7/1/2025,6:00,0
7/1/2025,12:00,28.688
7/1/2025,18:00,535.6
7/2/2025,0:00,101.12
7/2/2025,6:00,0
7/2/2025,12:00,28.24
7/2/2025,18:00,542.464
7/3/2025,0:00,108.256
7/3/2025,6:00,0
7/3/2025,12:00,27.6
7/3/2025,18:00,533.072
7/4/2025,0:00,105.92
7/4/2025,6:00,0
7/4/2025,12:00,27.12
7/4/2025,18:00,532.96
7/5/2025,0:00,102.624
7/5/2025,6:00,0
7/5/2025,12:00,20.48
7/5/2025,18:00,511.904
7/6/2025,0:00,107.792
7/6/2025,6:00,0
7/6/2025,12:00,28
7/6/2025,18:00,539.312
7/7/2025,0:00,109.248
7/7/2025,6:00,0
7/7/2025,12:00,27.648
7/7/2025,18:00,531.744
7/8/2025,0:00,106.4
7/8/2025,6:00,0
7/8/2025,12:00,25.808
7/8/2025,18:00,476.688
7/9/2025,0:00,108.24
7/9/2025,6:00,0
7/9/2025,12:00,28.752
7/9/2025,18:00,550.656
7/10/2025,0:00,112.608
7/10/2025,6:00,0
7/10/2025,12:00,27.68
7/10/2025,18:00,531.472
7/11/2025,0:00,82.992
7/11/2025,6:00,0
7/11/2025,12:00,27.216
7/11/2025,18:00,525.856
7/12/2025,0:00,107.136
7/12/2025,6:00,0
7/12/2025,12:00,20.016
7/12/2025,18:00,490.064
7/13/2025,0:00,35.184
7/13/2025,6:00,0
7/13/2025,12:00,26.848
7/13/2025,18:00,530.336
7/14/2025,0:00,108.8
7/14/2025,6:00,0
7/14/2025,12:00,27.616
7/14/2025,18:00,529.44
7/15/2025,0:00,110.592
7/15/2025,6:00,0
7/15/2025,12:00,28.656
7/15/2025,18:00,540.976
7/16/2025,0:00,103.472
7/16/2025,6:00,0
7/16/2025,12:00,28.288
7/16/2025,18:00,305.68
7/17/2025,0:00,42.256
7/17/2025,6:00,0
7/17/2025,12:00,5.504
7/17/2025,18:00,206.256
7/18/2025,0:00,24.56
7/18/2025,6:00,0
7/18/2025,12:00,18.896
7/18/2025,18:00,385.36
7/19/2025,0:00,24.64
7/19/2025,6:00,0
7/19/2025,12:00,30.944
7/19/2025,18:00,564.048
7/20/2025,0:00,120.8
7/20/2025,6:00,0
7/20/2025,12:00,31.504
7/20/2025,18:00,567.296
7/21/2025,0:00,120.688
7/21/2025,6:00,0
7/21/2025,12:00,31.488
7/21/2025,18:00,560.496
7/22/2025,0:00,119.168
7/22/2025,6:00,0
7/22/2025,12:00,30.048
7/22/2025,18:00,532.176
7/23/2025,0:00,99.824
7/23/2025,6:00,0
7/23/2025,12:00,25.984
7/23/2025,18:00,500.4
7/24/2025,0:00,92.288
7/24/2025,6:00,0
7/24/2025,12:00,1.408
7/24/2025,18:00,57.136
7/25/2025,0:00,19.36
7/25/2025,6:00,0
7/25/2025,12:00,3.584
7/25/2025,18:00,476.064
7/26/2025,0:00,111.552
7/26/2025,6:00,0
7/26/2025,12:00,30.432
7/26/2025,18:00,402.016
7/27/2025,0:00,36.752
7/27/2025,6:00,0
7/27/2025,12:00,3.776
7/27/2025,18:00,138.448
7/28/2025,0:00,19.712
7/28/2025,6:00,0
7/28/2025,12:00,0.784
7/28/2025,18:00,172.128
7/29/2025,0:00,46.624
7/29/2025,6:00,0
7/29/2025,12:00,35.008
7/29/2025,18:00,594.832
7/30/2025,0:00,131.744
7/30/2025,6:00,0
7/30/2025,12:00,36.144
7/30/2025,18:00,596.608
7/31/2025,0:00,132.336
7/31/2025,6:00,0
7/31/2025,12:00,37.584
7/31/2025,18:00,607.648
8/1/2025,0:00,135.376
8/1/2025,6:00,0
8/1/2025,12:00,28.208
8/1/2025,18:00,516.576
8/2/2025,0:00,102.544
8/2/2025,6:00,0
8/2/2025,12:00,33.808
8/2/2025,18:00,576.08
8/3/2025,0:00,126.672
8/3/2025,6:00,0
8/3/2025,12:00,2.864
8/3/2025,18:00,159.168
8/4/2025,0:00,61.488
8/4/2025,6:00,0
8/4/2025,12:00,2.112
8/4/2025,18:00,38.448
8/5/2025,0:00,5.056
8/5/2025,6:00,0
8/5/2025,12:00,8.656
8/5/2025,18:00,307.36
8/6/2025,0:00,37.472
8/6/2025,6:00,0
8/6/2025,12:00,9.216
8/6/2025,18:00,269.904
8/7/2025,0:00,100.624
8/7/2025,6:00,0
8/7/2025,12:00,10.736
8/7/2025,18:00,44.752
8/8/2025,0:00,4.528
8/8/2025,6:00,0
8/8/2025,12:00,37.712
8/8/2025,18:00,286.992
8/9/2025,0:00,24.096
8/9/2025,6:00,0
8/9/2025,12:00,17.968
8/9/2025,18:00,230.128
8/10/2025,0:00,40.8
8/10/2025,6:00,0
8/10/2025,12:00,45.632
8/10/2025,18:00,646.432
8/11/2025,0:00,147.6
8/11/2025,6:00,0
8/11/2025,12:00,45.904
8/11/2025,18:00,648.768
8/12/2025,0:00,148.72
8/12/2025,6:00,0
8/12/2025,12:00,47.024
8/12/2025,18:00,652.128
8/13/2025,0:00,149.76
8/13/2025,6:00,0
8/13/2025,12:00,47.488
8/13/2025,18:00,648.816
8/14/2025,0:00,144.016
8/14/2025,6:00,0
8/14/2025,12:00,45.424
8/14/2025,18:00,561.824
8/15/2025,0:00,122.688
8/15/2025,6:00,0
8/15/2025,12:00,48.032
8/15/2025,18:00,650.352
8/16/2025,0:00,148.528
8/16/2025,6:00,0
8/16/2025,12:00,48.448
8/16/2025,18:00,646.864
8/17/2025,0:00,40.864
8/17/2025,6:00,0
8/17/2025,12:00,49.456
8/17/2025,18:00,651.328
8/18/2025,0:00,151.136
8/18/2025,6:00,0
8/18/2025,12:00,35.392
8/18/2025,18:00,485.088
8/19/2025,0:00,24.48
8/19/2025,6:00,0
8/19/2025,12:00,47.632
8/19/2025,18:00,615.68
8/20/2025,0:00,130.08
8/20/2025,6:00,0
8/20/2025,12:00,51.92
8/20/2025,18:00,320.176
8/21/2025,0:00,103.984
8/21/2025,6:00,0
8/21/2025,12:00,54.336
8/21/2025,18:00,653.504
8/22/2025,0:00,154.128
8/22/2025,6:00,0
8/22/2025,12:00,27.68
8/22/2025,18:00,605.152
8/23/2025,0:00,155.296
8/23/2025,6:00,0
8/23/2025,12:00,10.816
8/23/2025,18:00,101.952
8/24/2025,0:00,7.168
8/24/2025,6:00,0
8/24/2025,12:00,11.424
8/24/2025,18:00,162.88
8/25/2025,0:00,73.536
8/25/2025,6:00,0
8/25/2025,12:00,35.568
8/25/2025,18:00,298.656
8/26/2025,0:00,85.952
8/26/2025,6:00,0
8/26/2025,12:00,53.296
8/26/2025,18:00,714.96
8/27/2025,0:00,164
8/27/2025,6:00,0
8/27/2025,12:00,60.56
8/27/2025,18:00,631.904
8/28/2025,0:00,89.456
8/28/2025,6:00,0
8/28/2025,12:00,62.992
8/28/2025,18:00,703.136
8/29/2025,0:00,166.752
8/29/2025,6:00,0
8/29/2025,12:00,67.088
8/29/2025,18:00,713.68
8/30/2025,0:00,167.424
8/30/2025,6:00,0
8/30/2025,12:00,66.192
8/30/2025,18:00,714.784
8/31/2025,0:00,170.688
8/31/2025,6:00,0
8/31/2025,12:00,52.848
8/31/2025,18:00,634.8
9/1/2025,0:00,129.504
9/1/2025,6:00,0
9/1/2025,12:00,67.184
9/1/2025,18:00,507.088
9/2/2025,0:00,116.576
9/2/2025,6:00,0
9/2/2025,12:00,49.536
9/2/2025,18:00,668.24
9/3/2025,0:00,75.712
9/3/2025,6:00,0
9/3/2025,12:00,17.568
9/3/2025,18:00,434.768
9/4/2025,0:00,128.288
9/4/2025,6:00,0
9/4/2025,12:00,8.672
9/4/2025,18:00,62.832
9/5/2025,0:00,5.056
9/5/2025,6:00,0
9/5/2025,12:00,12.752
9/5/2025,18:00,170.08
9/6/2025,0:00,69.232
9/6/2025,6:00,0
9/6/2025,12:00,81.168
9/6/2025,18:00,724.624
9/7/2025,0:00,149.696
9/7/2025,6:00,0
9/7/2025,12:00,57.696
9/7/2025,18:00,558.848
9/8/2025,0:00,65.904
9/8/2025,6:00,0
9/8/2025,12:00,4.864
9/8/2025,18:00,179.92
9/9/2025,0:00,17.376
9/9/2025,6:00,0
9/9/2025,12:00,30.032
9/9/2025,18:00,593.728
9/10/2025,0:00,79.44
9/10/2025,6:00,0
9/10/2025,12:00,89.296
9/10/2025,18:00,798.096
9/11/2025,0:00,193.744
9/11/2025,6:00,0
9/11/2025,12:00,85.648
9/11/2025,18:00,768.816
9/12/2025,0:00,187.952
9/12/2025,6:00,0
9/12/2025,12:00,92.272
9/12/2025,18:00,808.864
9/13/2025,0:00,198.144
9/13/2025,6:00,0
9/13/2025,12:00,88.784
9/13/2025,18:00,789.2
9/14/2025,0:00,189.12
9/14/2025,6:00,0
9/14/2025,12:00,33.504
9/14/2025,18:00,348.112
9/15/2025,0:00,184.624
9/15/2025,6:00,0
9/15/2025,12:00,42.272
9/15/2025,18:00,643.872
9/16/2025,0:00,119.008
9/16/2025,6:00,0
9/16/2025,12:00,91.952
9/16/2025,18:00,716.016
9/17/2025,0:00,104.352
9/17/2025,6:00,0
9/17/2025,12:00,100.192
9/17/2025,18:00,819.456
9/18/2025,0:00,200.352
9/18/2025,6:00,0
9/18/2025,12:00,96
9/18/2025,18:00,699.6
9/19/2025,0:00,182.256
9/19/2025,6:00,0
9/19/2025,12:00,98.912
9/19/2025,18:00,578.592
9/20/2025,0:00,195.504
9/20/2025,6:00,0
9/20/2025,12:00,59.216
9/20/2025,18:00,553.424
9/21/2025,0:00,59.712
9/21/2025,6:00,0
9/21/2025,12:00,30.688
9/21/2025,18:00,516.432
9/22/2025,0:00,179.616
9/22/2025,6:00,0
9/22/2025,12:00,18.432
9/22/2025,18:00,783.44
9/23/2025,0:00,206.672
9/23/2025,6:00,0
9/23/2025,12:00,110.544
9/23/2025,18:00,846.496
9/24/2025,0:00,208.384
9/24/2025,6:00,0
9/24/2025,12:00,112.24
9/24/2025,18:00,845.008
9/25/2025,0:00,207.536
9/25/2025,6:00,0
9/25/2025,12:00,113.888
9/25/2025,18:00,849.84
9/26/2025,0:00,209.76
9/26/2025,6:00,0
9/26/2025,12:00,118.288
9/26/2025,18:00,860.464
9/27/2025,0:00,212.64
9/27/2025,6:00,0
9/27/2025,12:00,105.68
9/27/2025,18:00,764.864
9/28/2025,0:00,94.576
9/28/2025,6:00,0
9/28/2025,12:00,4.384
9/28/2025,18:00,282.512
9/29/2025,0:00,124.912
9/29/2025,6:00,0
9/29/2025,12:00,122.832
9/29/2025,18:00,840.144
9/30/2025,0:00,201.12
9/30/2025,6:00,0
9/30/2025,12:00,21.62
9/30/2025,18:00,49.168
10/1/2025,0:00,18.464
10/1/2025,6:00,0
10/1/2025,12:00,68.768
10/1/2025,18:00,394.512
10/2/2025,0:00,123.072
10/2/2025,6:00,0
10/2/2025,12:00,29.456
10/2/2025,18:00,165.68
10/3/2025,0:00,84.928
10/3/2025,6:00,0
10/3/2025,12:00,12.88
10/3/2025,18:00,158.688
10/4/2025,0:00,157.248
10/4/2025,6:00,0
10/4/2025,12:00,124.18
10/4/2025,18:00,415.2
10/5/2025,0:00,207.088
10/5/2025,6:00,0
10/5/2025,12:00,71.328
10/5/2025,18:00,860.2
10/6/2025,0:00,213.36
10/6/2025,6:00,0
10/6/2025,12:00,11.376
10/6/2025,18:00,41.7
10/7/2025,0:00,82.576
10/7/2025,6:00,0
10/7/2025,12:00,122.176
10/7/2025,18:00,864.4
10/8/2025,0:00,219.024
10/8/2025,6:00,0
10/8/2025,12:00,142.896
10/8/2025,18:00,899.36
10/9/2025,0:00,210.496
10/9/2025,6:00,0
10/9/2025,12:00,141.456
10/9/2025,18:00,747.32
10/10/2025,0:00,179.84
10/10/2025,6:00,0
10/10/2025,12:00,141.744
10/10/2025,18:00,894.88
10/11/2025,0:00,225.408
10/11/2025,6:00,0
10/11/2025,12:00,139.68
10/11/2025,18:00,875.24
10/12/2025,0:00,81.104
10/12/2025,6:00,0
10/12/2025,12:00,12.34
10/12/2025,18:00,107.14
10/13/2025,0:00,115.072
10/13/2025,6:00,0
10/13/2025,12:00,150.66
10/13/2025,18:00,919.02
10/14/2025,0:00,231.36
10/14/2025,6:00,0
10/14/2025,12:00,153.62
10/14/2025,18:00,931.04
10/15/2025,0:00,236.576
10/15/2025,6:00,0
10/15/2025,12:00,154.1
10/15/2025,18:00,913.82
10/16/2025,0:00,215.984
10/16/2025,6:00,0
10/16/2025,12:00,5.82
10/16/2025,18:00,93.7
10/17/2025,0:00,81.088
10/17/2025,6:00,0
10/17/2025,12:00,14.18
10/17/2025,18:00,55.9
10/18/2025,0:00,45.52
10/18/2025,6:00,0
10/18/2025,12:00,9.14
10/18/2025,18:00,167.36
10/19/2025,0:00,175.408
10/19/2025,6:00,0
10/19/2025,12:00,164.8
10/19/2025,18:00,949.82
10/20/2025,0:00,244.144
10/20/2025,6:00,0
10/20/2025,12:00,163.64
10/20/2025,18:00,947.3
10/21/2025,0:00,246.112
10/21/2025,6:00,0
10/21/2025,12:00,162.064
10/21/2025,18:00,956.48
10/22/2025,0:00,247.296
10/22/2025,6:00,0
10/22/2025,12:00,168.78
10/22/2025,18:00,957.44
10/23/2025,0:00,228.544
10/23/2025,6:00,0
10/23/2025,12:00,159.072
10/23/2025,18:00,935.22
10/24/2025,0:00,219.232
10/24/2025,6:00,0
10/24/2025,12:00,114.176
10/24/2025,18:00,344.4
10/25/2025,0:00,237.84
10/25/2025,6:00,0
10/25/2025,12:00,119.104
10/25/2025,18:00,644.2
10/26/2025,0:00,172.56
10/26/2025,6:00,0
10/26/2025,12:00,8.52
10/26/2025,18:00,150.98
10/27/2025,0:00,96.144
10/27/2025,6:00,0
10/27/2025,12:00,161
10/27/2025,18:00,597.62
10/28/2025,0:00,100.56
10/28/2025,6:00,0
10/28/2025,12:00,96.5
10/28/2025,18:00,281.5
10/29/2025,0:00,20.064
10/29/2025,6:00,0
10/29/2025,12:00,13.38
10/29/2025,18:00,267.68
10/30/2025,0:00,76.384
10/30/2025,6:00,0
10/30/2025,12:00,153.84
10/30/2025,18:00,442.46
10/31/2025,0:00,81.728
10/31/2025,6:00,0
10/31/2025,12:00,175.22
10/31/2025,18:00,863.58
11/1/2025,0:00,234.528
11/1/2025,6:00,0
11/1/2025,12:00,175.44
11/1/2025,18:00,832.34
11/2/2025,0:00,72.464
11/2/2025,6:00,0
11/2/2025,12:00,139.26
11/2/2025,18:00,488.02
11/3/2025,0:00,236.8
11/3/2025,6:00,0
11/3/2025,12:00,93.24
11/3/2025,18:00,878.18
11/4/2025,0:00,251.936
11/4/2025,6:00,0
11/4/2025,12:00,180.272
11/4/2025,18:00,951.9
11/5/2025,0:00,256.096
11/5/2025,6:00,0
11/5/2025,12:00,179.648
11/5/2025,18:00,902.42
11/6/2025,0:00,264.736
11/6/2025,6:00,0
11/6/2025,12:00,188.752
11/6/2025,18:00,962.38
11/7/2025,0:00,264.784
11/7/2025,6:00,0
11/7/2025,12:00,65.14
11/7/2025,18:00,156.76
11/8/2025,0:00,11.488
11/8/2025,6:00,0
11/8/2025,12:00,17.088
11/8/2025,18:00,366.7
11/9/2025,0:00,35.824
11/9/2025,6:00,0
11/9/2025,12:00,189.48
11/9/2025,18:00,981.78
11/10/2025,0:00,268.304
11/10/2025,6:00,0
11/10/2025,12:00,193.6
11/10/2025,18:00,990.14
11/11/2025,0:00,267.856
11/11/2025,6:00,0
11/11/2025,12:00,180.384
11/11/2025,18:00,889.8
11/12/2025,0:00,238.736
11/12/2025,6:00,0
11/12/2025,12:00,13.54
11/12/2025,18:00,613.58
11/13/2025,0:00,100.048
11/13/2025,6:00,0
11/13/2025,12:00,152.96
11/13/2025,18:00,753.4
11/14/2025,0:00,183.312
11/14/2025,6:00,0
11/14/2025,12:00,141.08
11/14/2025,18:00,858.02
11/15/2025,0:00,192.304
11/15/2025,6:00,0
11/15/2025,12:00,137.8
11/15/2025,18:00,837.4
11/16/2025,0:00,178.8
11/16/2025,6:00,0
11/16/2025,12:00,180.02
11/16/2025,18:00,843.74
11/17/2025,0:00,193.424
11/17/2025,6:00,0
11/17/2025,12:00,30.52
11/17/2025,18:00,492.22
11/18/2025,0:00,47.104
11/18/2025,6:00,0
11/18/2025,12:00,167.18
11/18/2025,18:00,873.96
11/19/2025,0:00,282.9
11/19/2025,6:00,0
11/19/2025,12:00,195.74
11/19/2025,18:00,989.54
11/20/2025,0:00,287.24
11/20/2025,6:00,0
11/20/2025,12:00,201.04
11/20/2025,18:00,1002.04
11/21/2025,0:00,289.48
11/21/2025,6:00,0
11/21/2025,12:00,196.52
11/21/2025,18:00,944.44
11/22/2025,0:00,210.16
11/22/2025,6:00,0
11/22/2025,12:00,146.12
11/22/2025,18:00,530.74
11/23/2025,0:00,197.26
11/23/2025,6:00,0
11/23/2025,12:00,192.78
11/23/2025,18:00,967.34
11/24/2025,0:00,191.2
11/24/2025,6:00,0
11/24/2025,12:00,194.38
11/24/2025,18:00,699.84
11/25/2025,0:00,118.352
11/25/2025,6:00,0
11/25/2025,12:00,196.56
11/25/2025,18:00,936.68
11/26/2025,0:00,264.592
11/26/2025,6:00,0
11/26/2025,12:00,196.5
11/26/2025,18:00,990.48
11/27/2025,0:00,293.552
11/27/2025,6:00,0
11/27/2025,12:00,194.608
11/27/2025,18:00,985.8
11/28/2025,0:00,293.82
11/28/2025,6:00,0
11/28/2025,12:00,194.6
11/28/2025,18:00,936.52
11/29/2025,0:00,218.64
11/29/2025,6:00,0
11/29/2025,12:00,191.66
11/29/2025,18:00,922.54
11/30/2025,0:00,278.28
11/30/2025,6:00,0
11/30/2025,12:00,164.72
11/30/2025,18:00,911.74
12/1/2025,0:00,121.4
12/1/2025,6:00,0
12/1/2025,12:00,174.16
12/1/2025,18:00,708.84
12/2/2025,0:00,166.18
12/2/2025,6:00,0
12/2/2025,12:00,190.56
12/2/2025,18:00,982.64
12/3/2025,0:00,262.42
12/3/2025,6:00,0
12/3/2025,12:00,194.1
12/3/2025,18:00,1003.1
12/4/2025,0:00,308.72
12/4/2025,6:00,0
12/4/2025,12:00,199.64
12/4/2025,18:00,1013.9
12/5/2025,0:00,313.52
12/5/2025,6:00,0
12/5/2025,12:00,197.74
12/5/2025,18:00,1002.64
12/6/2025,0:00,302.288
12/6/2025,6:00,0
12/6/2025,12:00,144.62
12/6/2025,18:00,943.62
12/7/2025,0:00,266.48
12/7/2025,6:00,0
12/7/2025,12:00,193.52
12/7/2025,18:00,917.36
12/8/2025,0:00,283.6
12/8/2025,6:00,0
12/8/2025,12:00,45.66
12/8/2025,18:00,545.64
12/9/2025,0:00,43.64
12/9/2025,6:00,0
12/9/2025,12:00,82.94
12/9/2025,18:00,743.3
12/10/2025,0:00,186.14
12/10/2025,6:00,0
12/10/2025,12:00,6.38
12/10/2025,18:00,33.36
12/11/2025,0:00,32.16
12/11/2025,6:00,0
12/11/2025,12:00,193.38
12/11/2025,18:00,1001.38
12/12/2025,0:00,280.18
12/12/2025,6:00,0
12/12/2025,12:00,93.64
12/12/2025,18:00,233.18
12/13/2025,0:00,172.8
12/13/2025,6:00,0
12/13/2025,12:00,188.08
12/13/2025,18:00,989.16
12/14/2025,0:00,319.8
12/14/2025,6:00,0
12/14/2025,12:00,189.26
12/14/2025,18:00,991.98
12/15/2025,0:00,320.98
12/15/2025,6:00,0
12/15/2025,12:00,178.04
12/15/2025,18:00,747
12/16/2025,0:00,191.6
12/16/2025,6:00,0
12/16/2025,12:00,178.82
12/16/2025,18:00,1027.48
12/17/2025,0:00,337.872
12/17/2025,6:00,0
12/17/2025,12:00,197.5
12/17/2025,18:00,1031.76
12/18/2025,0:00,340.92
12/18/2025,6:00,0
12/18/2025,12:00,194
12/18/2025,18:00,1011.66
12/19/2025,0:00,333.66
12/19/2025,6:00,0
12/19/2025,12:00,188.22
12/19/2025,18:00,1007.38
12/20/2025,0:00,338.08
12/20/2025,6:00,0
12/20/2025,12:00,185.56
12/20/2025,18:00,999.18
12/21/2025,0:00,335.18
12/21/2025,6:00,0
12/21/2025,12:00,131.54
12/21/2025,18:00,313.96
12/22/2025,0:00,20.5
12/22/2025,6:00,0
12/22/2025,12:00,35.22
12/22/2025,18:00,200.44
12/23/2025,0:00,49.34
12/23/2025,6:00,0
12/23/2025,12:00,113.78
12/23/2025,18:00,797.02
12/24/2025,0:00,63.24
12/24/2025,6:00,0
12/24/2025,12:00,55.04
12/24/2025,18:00,282.74
12/25/2025,0:00,68.04
12/25/2025,6:00,0
12/25/2025,12:00,15.64
12/25/2025,18:00,124.52
12/26/2025,0:00,6.84
12/26/2025,6:00,0
12/26/2025,12:00,59
12/26/2025,18:00,907
12/27/2025,0:00,165.58
12/27/2025,6:00,0
12/27/2025,12:00,171.34
12/27/2025,18:00,962.1
12/28/2025,0:00,313.46
12/28/2025,6:00,0
12/28/2025,12:00,169.58
12/28/2025,18:00,839.34
12/29/2025,0:00,129.1
12/29/2025,6:00,0
12/29/2025,12:00,147.76
12/29/2025,18:00,852.68
12/30/2025,0:00,28.24
12/30/2025,6:00,0
12/30/2025,12:00,16.86
12/30/2025,18:00,209.22
12/31/2025,0:00,178.848
12/31/2025,6:00,0
12/31/2025,12:00,93.3
12/31/2025,18:00,871.7
1/1/2026,0:00,314.3
1/1/2026,6:00,0
1/1/2026,12:00,125.54
1/1/2026,18:00,690.42
1/2/2026,0:00,270.52
1/2/2026,6:00,0
1/2/2026,12:00,169.26
1/2/2026,18:00,979.64
1/3/2026,0:00,340.08
1/3/2026,6:00,0
1/3/2026,12:00,162.62
1/3/2026,18:00,727.56
1/4/2026,0:00,348.34
1/4/2026,6:00,0
1/4/2026,12:00,176.944
1/4/2026,18:00,1024.58
1/5/2026,0:00,356.992
1/5/2026,6:00,0
1/5/2026,12:00,173.616
1/5/2026,18:00,1013.12
1/6/2026,0:00,355.088
1/6/2026,6:00,0
1/6/2026,12:00,166.96
1/6/2026,18:00,985.4
1/7/2026,0:00,343.78
1/7/2026,6:00,0
1/7/2026,12:00,164.42
1/7/2026,18:00,982.08
1/8/2026,0:00,262.896
1/8/2026,6:00,0
1/8/2026,12:00,159.4
1/8/2026,18:00,894.44
1/9/2026,0:00,276.88
1/9/2026,6:00,0
1/9/2026,12:00,66.76
1/9/2026,18:00,839.02
1/10/2026,0:00,236.56
1/10/2026,6:00,0
1/10/2026,12:00,98.76
1/10/2026,18:00,236.8
1/11/2026,0:00,91.408
1/11/2026,6:00,0
1/11/2026,12:00,91.56
1/11/2026,18:00,801.98
1/12/2026,0:00,321.792
1/12/2026,6:00,0
1/12/2026,12:00,153.84
1/12/2026,18:00,658.98
1/13/2026,0:00,210.672
1/13/2026,6:00,0
1/13/2026,12:00,156.7
1/13/2026,18:00,978.3
1/14/2026,0:00,347.328
1/14/2026,6:00,0
1/14/2026,12:00,154.56
1/14/2026,18:00,980.3
1/15/2026,0:00,319.408
1/15/2026,6:00,0
1/15/2026,12:00,153.632
1/15/2026,18:00,982.02
1/16/2026,0:00,346.224
1/16/2026,6:00,0
1/16/2026,12:00,36.496
1/16/2026,18:00,495.44
1/22/2026,12:00,146.512
1/22/2026,18:00,977.7
1/23/2026,0:00,350.816
1/23/2026,6:00,0
1/23/2026,12:00,146.94
1/23/2026,18:00,981.32
1/24/2026,0:00,351.728
1/24/2026,6:00,0
1/24/2026,12:00,146.74
1/24/2026,18:00,983.34
1/25/2026,0:00,352.16
1/25/2026,6:00,0
1/25/2026,12:00,129.12
1/25/2026,18:00,964.9
1/26/2026,0:00,346.336
1/26/2026,6:00,0
1/26/2026,12:00,139.728
1/26/2026,18:00,956.68
1/27/2026,0:00,342.832
1/27/2026,6:00,0
1/27/2026,12:00,116.864
1/27/2026,18:00,939.72
1/28/2026,0:00,317.92
1/28/2026,6:00,0
1/28/2026,12:00,134.336
1/28/2026,18:00,886.3
1/29/2026,0:00,313.664
1/29/2026,6:00,0
1/29/2026,12:00,132.06
1/29/2026,18:00,888.14
1/30/2026,0:00,233.824
1/30/2026,6:00,0
1/30/2026,12:00,134.336
1/30/2026,18:00,943.06
1/31/2026,0:00,178.832
1/31/2026,6:00,0
1/31/2026,12:00,131.52
1/31/2026,18:00,947.3
2/1/2026,0:00,317.088
2/1/2026,6:00,0
2/1/2026,12:00,132.928
2/1/2026,18:00,809.62
2/2/2026,0:00,319.984
2/2/2026,6:00,0
2/2/2026,12:00,130.816
2/2/2026,18:00,959.2
2/3/2026,0:00,340.432
2/3/2026,6:00,0
2/3/2026,12:00,118.592
2/3/2026,18:00,874.54
2/4/2026,0:00,332.768
2/4/2026,6:00,0
2/4/2026,12:00,128.78
2/4/2026,18:00,953.82
2/5/2026,0:00,337.968
2/5/2026,6:00,0
2/5/2026,12:00,128.64
2/5/2026,18:00,951.62
2/6/2026,0:00,334.928
2/6/2026,6:00,0
2/6/2026,12:00,126.38
2/6/2026,18:00,942.944
2/7/2026,0:00,327.696
2/7/2026,6:00,0
2/7/2026,12:00,119.72
2/7/2026,18:00,900.84
2/8/2026,0:00,322.624
2/8/2026,6:00,0
2/8/2026,12:00,124.3
2/8/2026,18:00,948.84
2/9/2026,0:00,330.56
2/9/2026,6:00,0
2/9/2026,12:00,123.5
2/9/2026,18:00,926.28
2/10/2026,0:00,236.368
2/10/2026,6:00,0
2/10/2026,12:00,116.02
2/10/2026,18:00,767.54
2/11/2026,0:00,199.6
2/11/2026,6:00,0
2/11/2026,12:00,119.136
2/11/2026,18:00,727.68
2/12/2026,0:00,198.512
2/12/2026,6:00,0
2/12/2026,12:00,117.984
2/12/2026,18:00,788.08
2/13/2026,0:00,45.76
2/13/2026,6:00,0
2/13/2026,12:00,114.496
2/13/2026,18:00,847.64
2/14/2026,0:00,233.264
2/14/2026,6:00,0
2/14/2026,12:00,67.632
2/14/2026,18:00,445.22
2/15/2026,0:00,139.04
2/15/2026,6:00,0
2/15/2026,12:00,6.1
2/15/2026,18:00,483.56
2/16/2026,0:00,148.432
2/16/2026,6:00,0
2/16/2026,12:00,110.08
2/16/2026,18:00,758.2
2/17/2026,0:00,78.16
2/17/2026,6:00,0
2/17/2026,12:00,89.36
2/17/2026,18:00,474.864
2/18/2026,0:00,255.424
2/18/2026,6:00,0
2/18/2026,12:00,109.02
2/18/2026,18:00,871.824
2/19/2026,0:00,177.888
2/19/2026,6:00,0
2/19/2026,12:00,110.112
2/19/2026,18:00,895.008
2/20/2026,0:00,116.336
2/20/2026,6:00,0
2/20/2026,12:00,91.216
2/20/2026,18:00,706.016
2/21/2026,0:00,278.208
2/21/2026,6:00,0
2/21/2026,12:00,100.56
2/21/2026,18:00,697.168
2/22/2026,0:00,101.088
2/22/2026,6:00,0
2/22/2026,12:00,101.648
2/22/2026,18:00,574.608
2/23/2026,0:00,63.664
2/23/2026,6:00,0
2/23/2026,12:00,70.448
2/23/2026,18:00,419.92
2/24/2026,0:00,59.328
2/24/2026,6:00,0
2/24/2026,12:00,101.568
2/24/2026,18:00,858.384
2/25/2026,0:00,187.088
2/25/2026,6:00,0
2/25/2026,12:00,93.456
2/25/2026,18:00,781.632
2/26/2026,0:00,111.968
2/26/2026,6:00,0
2/26/2026,12:00,108.992
2/26/2026,18:00,921.872
2/27/2026,0:00,303.008
2/27/2026,6:00,0
2/27/2026,12:00,109.328
2/27/2026,18:00,913.008
2/28/2026,0:00,295.12
2/28/2026,6:00,0
2/28/2026,12:00,101.952
2/28/2026,18:00,879.488
3/1/2026,0:00,287.616
3/1/2026,6:00,0
3/1/2026,12:00,102.528
3/1/2026,18:00,884.368
3/2/2026,0:00,284.624
3/2/2026,6:00,0
3/2/2026,12:00,101.536
3/2/2026,18:00,846.96
3/3/2026,0:00,124.88
3/3/2026,6:00,0
3/3/2026,12:00,100.176
3/3/2026,18:00,761.872
3/4/2026,0:00,84.864
3/4/2026,6:00,0
3/4/2026,12:00,97.424
3/4/2026,18:00,644.256
3/5/2026,0:00,141.04
3/5/2026,6:00,0
3/5/2026,12:00,81.616
3/5/2026,18:00,760.8
3/6/2026,0:00,57.152
3/6/2026,6:00,0
3/6/2026,12:00,89.616
3/6/2026,18:00,732.448
3/7/2026,0:00,22.432
3/7/2026,6:00,0
3/7/2026,12:00,79.424
3/7/2026,18:00,696.224
3/8/2026,0:00,106.544
3/8/2026,6:00,0
3/8/2026,12:00,92.976
3/8/2026,18:00,797.936
3/9/2026,0:00,154.096
3/9/2026,6:00,0
3/9/2026,12:00,23.648
3/9/2026,18:00,458.784
3/10/2026,0:00,43.504
3/10/2026,6:00,0
3/10/2026,12:00,32
3/10/2026,18:00,645.504
3/11/2026,0:00,129.264
3/11/2026,6:00,0
3/11/2026,12:00,84.592
3/11/2026,18:00,770.528
3/12/2026,0:00,109.6
3/12/2026,6:00,0
3/12/2026,12:00,89.728
3/12/2026,18:00,789.632
3/13/2026,0:00,149.072
3/13/2026,6:00,0
3/13/2026,12:00,92.064
3/13/2026,18:00,850.608
3/14/2026,0:00,253.776
3/14/2026,6:00,0
3/14/2026,12:00,92.192
3/14/2026,18:00,852.992
3/15/2026,0:00,253.328
3/15/2026,6:00,0
3/15/2026,12:00,91.712
3/15/2026,18:00,838.016
3/16/2026,0:00,246.32
3/16/2026,6:00,0
3/16/2026,12:00,73.5
3/16/2026,18:00,741.824
3/17/2026,0:00,54.352
3/17/2026,6:00,0
3/17/2026,12:00,10.14
3/17/2026,18:00,241.408
3/18/2026,0:00,84.272
3/18/2026,6:00,0
3/18/2026,12:00,61.648
3/18/2026,18:00,418.144
3/19/2026,0:00,103.632
3/19/2026,6:00,0
3/19/2026,12:00,85.424
3/19/2026,18:00,817.36
3/20/2026,0:00,234.656
3/20/2026,6:00,0
3/20/2026,12:00,85.92
3/20/2026,18:00,817.888
3/21/2026,0:00,232.08
3/21/2026,6:00,0
3/21/2026,12:00,83.52
3/21/2026,18:00,581.296
3/22/2026,0:00,58.816
3/22/2026,6:00,0
3/22/2026,12:00,59.856
3/22/2026,18:00,319.232
3/23/2026,0:00,147.088
3/23/2026,6:00,0
3/23/2026,12:00,65.728
3/23/2026,18:00,554.8
3/24/2026,0:00,136.72
3/24/2026,6:00,0
3/24/2026,12:00,4.96
3/24/2026,18:00,180.496
3/25/2026,0:00,105.344
3/25/2026,6:00,0
3/25/2026,12:00,30.624
3/25/2026,18:00,752.672
3/26/2026,0:00,205.056
3/26/2026,12:00,76.464
3/26/2026,18:00,764.4
3/27/2026,0:00,106.704
3/27/2026,6:00,0
3/27/2026,12:00,76.944
3/27/2026,18:00,713.76
3/28/2026,0:00,41.584
3/28/2026,6:00,0
3/28/2026,12:00,75.408
3/28/2026,18:00,738.896
3/29/2026,0:00,76.928
3/29/2026,6:00,0
3/29/2026,12:00,77.088
3/29/2026,18:00,771.424
3/30/2026,0:00,174.592
3/30/2026,6:00,0
3/30/2026,12:00,75.248
3/30/2026,18:00,747.28
3/31/2026,0:00,178.864
3/31/2026,6:00,0
3/31/2026,12:00,74.064
3/31/2026,18:00,757.856
4/1/2026,0:00,191.184
4/1/2026,6:00,0
4/1/2026,12:00,74.24
4/1/2026,18:00,758.288
4/2/2026,0:00,152.784
4/2/2026,6:00,0
4/2/2026,12:00,70.08
4/2/2026,18:00,736.384
4/3/2026,0:00,143.104
4/3/2026,6:00,0
4/3/2026,12:00,72.928
4/3/2026,18:00,750.688
4/4/2026,0:00,186.64
4/4/2026,6:00,0
4/4/2026,12:00,72.14
4/4/2026,18:00,724.576
4/5/2026,0:00,105.264
4/5/2026,6:00,0
4/5/2026,12:00,69.02
4/5/2026,18:00,692.96
4/6/2026,0:00,128.208
4/6/2026,6:00,0
4/6/2026,12:00,68.448
4/6/2026,18:00,698.256
4/7/2026,0:00,30.528
4/7/2026,6:00,0
4/7/2026,12:00,53.008
4/7/2026,18:00,477.728
4/8/2026,0:00,56.656
4/8/2026,6:00,0
4/8/2026,12:00,19.616
4/8/2026,18:00,421.776
4/9/2026,0:00,64.704
4/9/2026,6:00,0
4/9/2026,12:00,13.248
4/9/2026,18:00,439.552
4/10/2026,0:00,130.512
4/10/2026,6:00,0
4/10/2026,12:00,69.84
4/10/2026,18:00,745.6
4/11/2026,0:00,181.712
4/11/2026,6:00,0
4/11/2026,12:00,68.224
4/11/2026,18:00,505.104
4/12/2026,0:00,20.24
4/12/2026,6:00,0
4/12/2026,12:00,23.76
4/12/2026,18:00,122.512
4/13/2026,0:00,17.568
4/13/2026,6:00,0
4/13/2026,12:00,19.744
4/13/2026,18:00,610.672
4/14/2026,0:00,91.76
4/14/2026,6:00,0
4/14/2026,12:00,49.28
4/14/2026,18:00,610.56
4/15/2026,0:00,105.904
4/15/2026,6:00,0
4/15/2026,12:00,57.104
4/15/2026,18:00,510.144
4/16/2026,0:00,19.2
4/16/2026,6:00,0
4/16/2026,12:00,5.216
4/16/2026,18:00,216.272
4/17/2026,0:00,148.352
4/17/2026,6:00,0
4/17/2026,12:00,14.496
4/17/2026,18:00,192.528
4/18/2026,0:00,74.912
4/18/2026,6:00,0
4/18/2026,12:00,61.456
4/18/2026,18:00,699.12
4/19/2026,0:00,159.392
4/19/2026,6:00,0
4/19/2026,12:00,62.624
4/19/2026,18:00,701.392
4/20/2026,0:00,158.576
4/20/2026,6:00,0
4/20/2026,12:00,60.64
4/20/2026,18:00,635.296
4/21/2026,0:00,56.096
4/21/2026,6:00,0
4/21/2026,12:00,9.744
4/21/2026,18:00,328.208
4/22/2026,0:00,117.072
4/22/2026,6:00,0
4/22/2026,12:00,55.376
4/22/2026,18:00,543.328
4/23/2026,0:00,90.16
4/23/2026,6:00,0
4/23/2026,12:00,54.08
4/23/2026,18:00,585.296
4/24/2026,0:00,104.432
4/24/2026,6:00,0
4/24/2026,12:00,7.504
4/24/2026,18:00,69.968
4/25/2026,0:00,14.928
4/25/2026,6:00,0
4/25/2026,12:00,3.104
4/25/2026,18:00,232.576
4/26/2026,0:00,105.072
4/26/2026,6:00,0
4/26/2026,12:00,17.344
4/26/2026,18:00,443.712
4/27/2026,0:00,103.584
4/27/2026,6:00,0
4/27/2026,12:00,57.952
4/27/2026,18:00,688.864
4/28/2026,0:00,148.112
4/28/2026,6:00,0
4/28/2026,12:00,58.048
4/28/2026,18:00,677.888
4/29/2026,0:00,143.232
4/29/2026,6:00,0
4/29/2026,12:00,54.24
4/29/2026,18:00,620.96
4/30/2026,0:00,135.696
4/30/2026,6:00,0
4/30/2026,12:00,54.624
4/30/2026,18:00,595.296
5/1/2026,0:00,111.472
5/1/2026,6:00,0
5/1/2026,12:00,42.944
5/1/2026,18:00,603.552
5/2/2026,0:00,31.344
5/2/2026,6:00,0
5/2/2026,12:00,3.552
5/2/2026,18:00,301.168
5/3/2026,0:00,96.096
5/3/2026,6:00,0
5/3/2026,12:00,54
5/3/2026,18:00,664.832
5/4/2026,0:00,134.992
5/4/2026,6:00,0
5/4/2026,12:00,18.128
5/4/2026,18:00,363.888
5/5/2026,0:00,111.824
5/5/2026,6:00,0
5/5/2026,12:00,46.896
5/5/2026,18:00,607.488
5/6/2026,0:00,121.36
5/6/2026,6:00,0
5/6/2026,12:00,33.92
5/6/2026,18:00,485.792
5/7/2026,0:00,87.216
5/7/2026,6:00,0
5/7/2026,12:00,13.488
5/7/2026,18:00,314.32
5/8/2026,0:00,57.712
5/8/2026,6:00,0
5/8/2026,12:00,47.92
5/8/2026,18:00,488.64
5/9/2026,0:00,99.6
5/9/2026,6:00,0
5/9/2026,12:00,48.256
5/9/2026,18:00,283.824
5/10/2026,0:00,47.392
5/10/2026,6:00,0
5/10/2026,12:00,46.368
5/10/2026,18:00,416.288
5/11/2026,0:00,44.736
5/11/2026,6:00,0
5/11/2026,12:00,47.696
5/11/2026,18:00,627.456
5/12/2026,0:00,123.84
5/12/2026,6:00,0
5/12/2026,12:00,48.016
5/12/2026,18:00,629.472
5/13/2026,0:00,125.184
5/13/2026,6:00,0
5/13/2026,12:00,26.896
5/13/2026,18:00,574.224
5/14/2026,0:00,119.888
5/14/2026,6:00,0
5/14/2026,12:00,44.336
5/14/2026,18:00,463.824
5/15/2026,0:00,33.36
5/15/2026,6:00,0
5/15/2026,12:00,26.56
5/15/2026,18:00,555.568
5/16/2026,0:00,111.312
5/16/2026,6:00,0
5/16/2026,12:00,7.488
5/16/2026,18:00,286.672
5/17/2026,0:00,71.04
5/17/2026,6:00,0
5/17/2026,12:00,13.12
5/17/2026,18:00,163.216
5/18/2026,0:00,92.464
5/18/2026,6:00,0
5/18/2026,12:00,10.688
5/18/2026,18:00,569.712
5/19/2026,0:00,79.776
5/19/2026,6:00,0
5/19/2026,12:00,41.248
5/19/2026,18:00,589.536
5/20/2026,0:00,113.44
5/20/2026,6:00,0
5/20/2026,12:00,42.048
5/20/2026,18:00,596.896
5/21/2026,0:00,113.488
5/21/2026,6:00,0
5/21/2026,12:00,39.888
5/21/2026,18:00,546.8
5/22/2026,0:00,101.504
5/22/2026,6:00,0
5/22/2026,12:00,32.8
5/22/2026,18:00,375.408
5/23/2026,0:00,8.352
5/23/2026,6:00,0
5/23/2026,12:00,36.624
5/23/2026,18:00,558.16
5/24/2026,0:00,105.152
5/24/2026,6:00,0
5/24/2026,12:00,36.064
5/24/2026,18:00,539.904
5/25/2026,0:00,101.824
5/25/2026,6:00,0
5/25/2026,12:00,19.328
5/25/2026,18:00,131.6
5/26/2026,0:00,12.752
5/26/2026,6:00,0
5/26/2026,12:00,6.56
5/26/2026,18:00,197.52
5/27/2026,0:00,29.664
5/27/2026,6:00,0
5/27/2026,12:00,36
5/27/2026,18:00,559.216
5/28/2026,0:00,104.48
5/28/2026,6:00,0
5/28/2026,12:00,34.64
5/28/2026,18:00,539.376
5/29/2026,0:00,97.312
5/29/2026,6:00,0
5/29/2026,12:00,27.76
5/29/2026,18:00,304.064
5/30/2026,0:00,3.888
5/30/2026,6:00,0
5/30/2026,12:00,32.192
5/30/2026,18:00,387.616
5/31/2026,0:00,17.504
5/31/2026,6:00,0
5/31/2026,12:00,23.952
5/31/2026,18:00,445.248
6/1/2026,0:00,75.536
6/1/2026,6:00,0
6/1/2026,12:00,34.32
6/1/2026,18:00,553.248
6/2/2026,0:00,101.808
6/2/2026,6:00,0
6/2/2026,12:00,32.672
6/2/2026,18:00,531.344
6/3/2026,0:00,74.88
6/3/2026,6:00,0
6/3/2026,12:00,32.06
6/3/2026,18:00,530.976
6/4/2026,0:00,98.096
6/4/2026,6:00,0
6/4/2026,12:00,32.304
6/4/2026,18:00,534.48
6/5/2026,0:00,99.072
6/5/2026,6:00,0
6/5/2026,12:00,31.44
6/5/2026,18:00,427.44
6/6/2026,0:00,98.256
6/6/2026,6:00,0
6/6/2026,12:00,30.416
6/6/2026,18:00,518.704
6/7/2026,0:00,94.512
6/7/2026,6:00,0
6/7/2026,12:00,28.32
6/7/2026,18:00,483.152
6/8/2026,0:00,86.64
6/8/2026,6:00,0
6/8/2026,12:00,7.44
6/8/2026,18:00,204.88
6/9/2026,0:00,37.808
6/9/2026,6:00,0
6/9/2026,12:00,29.024
6/9/2026,18:00,386.032
6/10/2026,0:00,91.248
6/10/2026,6:00,0
6/10/2026,12:00,15.504
6/10/2026,18:00,270.736
6/11/2026,0:00,41.664
6/11/2026,6:00,0
6/11/2026,12:00,0.816
6/11/2026,18:00,56.704
6/12/2026,0:00,4.224
6/12/2026,6:00,0
6/12/2026,12:00,1.408
6/12/2026,18:00,47.376
6/13/2026,0:00,11.6
6/13/2026,6:00,0
6/13/2026,12:00,22.208
6/13/2026,18:00,511.008
6/14/2026,0:00,97.584
6/14/2026,6:00,0
6/14/2026,12:00,28.896
6/14/2026,18:00,497.968
6/15/2026,0:00,97.664
6/15/2026,6:00,0
6/15/2026,12:00,24.432
6/15/2026,18:00,438.48
6/16/2026,0:00,64.848
6/16/2026,6:00,0
6/16/2026,12:00,29.88
6/16/2026,18:00,536.272
6/17/2026,0:00,100.56
6/17/2026,6:00,0
6/17/2026,12:00,28.816
6/17/2026,18:00,524.48
6/18/2026,0:00,99.168
6/18/2026,6:00,0
6/18/2026,12:00,16.608
6/18/2026,18:00,358.128
6/19/2026,0:00,45.232
6/19/2026,6:00,0
6/19/2026,12:00,1.32
6/19/2026,18:00,81.216
6/20/2026,0:00,13.056
6/20/2026,6:00,0
6/20/2026,12:00,8.88
6/20/2026,18:00,155.472
6/21/2026,0:00,26.848
6/21/2026,6:00,0
6/21/2026,12:00,28.4
6/21/2026,18:00,528.032
6/22/2026,0:00,100.4
6/22/2026,6:00,0
6/22/2026,12:00,1.02
6/22/2026,18:00,66.768
6/23/2026,0:00,18.08
6/23/2026,6:00,0
6/23/2026,12:00,27.664
6/23/2026,18:00,530.816
6/24/2026,0:00,102.448
6/24/2026,6:00,0
6/24/2026,12:00,27.92
6/24/2026,18:00,534.688
6/25/2026,0:00,104.176
6/25/2026,6:00,0
6/25/2026,12:00,23.78
6/25/2026,18:00,397.552
6/26/2026,0:00,62.832
6/26/2026,6:00,0
6/26/2026,12:00,29.072
6/26/2026,18:00,545.12
6/27/2026,0:00,103.888
6/27/2026,6:00,0
6/27/2026,12:00,18.56
6/27/2026,18:00,392.8
6/28/2026,0:00,62.72
6/28/2026,6:00,0
6/28/2026,12:00,6.144
6/28/2026,18:00,104.24
6/29/2026,0:00,3.76
6/29/2026,6:00,0
6/29/2026,12:00,12.336
6/29/2026,18:00,420.688
6/30/2026,0:00,81.072
6/30/2026,6:00,0
6/30/2026,12:00,2.912
6/30/2026,18:00,158.528
7/1/2026,0:00,4.4
7/1/2026,6:00,0
7/1/2026,12:00,3.392
7/1/2026,18:00,169.072
7/2/2026,0:00,30.032
7/2/2026,6:00,0
7/2/2026,12:00,1.26
7/2/2026,18:00,29.824
7/3/2026,0:00,4.544
7/3/2026,6:00,0
7/3/2026,12:00,21.552
7/3/2026,18:00,479.312
7/4/2026,0:00,86.432
7/4/2026,6:00,0
7/4/2026,12:00,23.12
7/4/2026,18:00,432.496
7/5/2026,0:00,54.832
7/5/2026,6:00,0
7/5/2026,12:00,18.976
7/5/2026,18:00,442.656
7/6/2026,0:00,87.584
7/6/2026,6:00,0
7/6/2026,12:00,9.088
7/6/2026,18:00,238.656
7/7/2026,0:00,94.832
7/7/2026,6:00,0
7/7/2026,12:00,29.312
7/7/2026,18:00,554.224
7/8/2026,0:00,112.464
7/8/2026,6:00,0
7/8/2026,12:00,28.496
7/8/2026,18:00,542.24
7/9/2026,0:00,109.856
7/9/2026,6:00,0
7/9/2026,12:00,27.568
7/9/2026,18:00,510.144
7/10/2026,0:00,99.872
7/10/2026,6:00,0
7/10/2026,12:00,5.568
7/10/2026,18:00,467.312
7/11/2026,0:00,10.56
7/11/2026,6:00,0
7/11/2026,12:00,20.88
7/11/2026,18:00,72.592
7/12/2026,0:00,43.872
7/12/2026,6:00,0
7/12/2026,12:00,10.656
7/12/2026,18:00,189.712
7/13/2026,0:00,28.24
7/13/2026,6:00,0
7/13/2026,12:00,29.28
7/13/2026,18:00,554.288
7/14/2026,0:00,115.568
7/14/2026,6:00,0
7/14/2026,12:00,30.224
7/14/2026,18:00,562.272
7/15/2026,0:00,117.392
7/15/2026,6:00,0
7/15/2026,12:00,30.032
7/15/2026,18:00,557.536
7/16/2026,0:00,116.096
7/16/2026,6:00,0
7/16/2026,12:00,28.592
7/16/2026,18:00,534.336
7/17/2026,0:00,110.992
7/17/2026,6:00,0
7/17/2026,12:00,28.032
7/17/2026,18:00,522.32
7/18/2026,0:00,110.864
7/18/2026,6:00,0
7/18/2026,12:00,28.352
7/18/2026,18:00,530.992
7/19/2026,0:00,111.424
7/19/2026,6:00,0
7/19/2026,12:00,28.448
7/19/2026,18:00,436.608
7/20/2026,0:00,25.872
7/20/2026,6:00,0
7/20/2026,12:00,27.552
7/20/2026,18:00,460.832
7/21/2026,0:00,102.8
7/21/2026,6:00,0
7/21/2026,12:00,25.936
7/21/2026,18:00,242.896
7/22/2026,0:00,80.4
7/22/2026,6:00,0
7/22/2026,12:00,2.88
7/22/2026,18:00,45.456
7/23/2026,0:00,26.928
7/23/2026,6:00,0
7/23/2026,12:00,15.12
7/23/2026,18:00,483.92
7/24/2026,0:00,61.664
7/24/2026,6:00,0
7/24/2026,12:00,26.784
7/24/2026,18:00,286.768
7/25/2026,0:00,9.104
7/25/2026,6:00,0
7/25/2026,12:00,31.184
7/25/2026,18:00,444.832
7/26/2026,0:00,80.064
7/26/2026,6:00,0
7/26/2026,12:00,4.8
7/26/2026,18:00,209.504
7/27/2026,0:00,43.76
7/27/2026,6:00,0
7/27/2026,12:00,23.568
7/27/2026,18:00,540.848
7/28/2026,0:00,99.952
7/28/2026,6:00,0
7/28/2026,12:00,13.68
7/28/2026,18:00,241.328
7/29/2026,0:00,122.032
7/29/2026,6:00,0
7/29/2026,12:00,32.624
7/29/2026,18:00,561.616
7/30/2026,0:00,46.208
7/30/2026,6:00,0
7/30/2026,12:00,2.592
7/30/2026,18:00,458.48
7/31/2026,0:00,123.328
7/31/2026,6:00,0
7/31/2026,12:00,34.016
7/31/2026,18:00,571.536
8/1/2026,0:00,126.896
8/1/2026,6:00,0
8/1/2026,12:00,35.712
