"Date","Time","Downward shortwave radiation flux@Ground or water surface"
6/13/2019,0:00,32
6/13/2019,6:00,0
6/13/2019,12:00,0
6/13/2019,18:00,312
6/14/2019,0:00,88
6/14/2019,6:00,0
6/14/2019,12:00,4
6/14/2019,18:00,245
6/15/2019,0:00,46
6/15/2019,6:00,0
6/15/2019,12:00,8
6/15/2019,18:00,396
6/16/2019,0:00,71
6/16/2019,6:00,0
6/16/2019,12:00,13
6/16/2019,18:00,390
6/17/2019,0:00,13
6/17/2019,6:00,0
6/17/2019,12:00,11
6/17/2019,18:00,327
6/18/2019,0:00,65
6/18/2019,6:00,0
6/18/2019,12:00,17
6/18/2019,18:00,165
6/19/2019,0:00,6
6/19/2019,6:00,0
6/19/2019,12:00,20
6/19/2019,18:00,487
6/20/2019,0:00,99
6/20/2019,6:00,0
6/20/2019,12:00,19
6/20/2019,18:00,488
6/21/2019,0:00,98
6/21/2019,6:00,0
6/21/2019,12:00,19
6/21/2019,18:00,456
6/22/2019,0:00,72
6/22/2019,6:00,0
6/22/2019,12:00,14
6/22/2019,18:00,419
6/23/2019,0:00,93
6/23/2019,6:00,0
6/23/2019,12:00,17
6/23/2019,18:00,467
6/24/2019,0:00,84
6/24/2019,6:00,0
6/24/2019,12:00,14
6/24/2019,18:00,382
6/25/2019,0:00,78
6/25/2019,6:00,0
6/25/2019,12:00,4
6/25/2019,18:00,80
6/26/2019,0:00,6
6/26/2019,6:00,0
6/26/2019,12:00,20
6/26/2019,18:00,502
6/27/2019,0:00,105
6/27/2019,6:00,0
6/27/2019,12:00,19
6/27/2019,18:00,487
6/28/2019,0:00,99
6/28/2019,6:00,0
6/28/2019,12:00,15
6/28/2019,18:00,100
6/29/2019,0:00,9
6/29/2019,6:00,0
6/29/2019,12:00,16
6/29/2019,18:00,379
6/30/2019,0:00,48
6/30/2019,6:00,0
6/30/2019,12:00,7
6/30/2019,18:00,235
7/1/2019,0:00,78
7/1/2019,6:00,0
7/1/2019,12:00,3
7/1/2019,18:00,411
7/2/2019,0:00,88
7/2/2019,6:00,0
7/2/2019,12:00,19
7/2/2019,18:00,411
7/3/2019,0:00,74
7/3/2019,6:00,0
7/3/2019,12:00,19
7/3/2019,18:00,499
7/4/2019,0:00,105
7/4/2019,6:00,0
7/4/2019,12:00,18
7/4/2019,18:00,489
7/5/2019,0:00,101
7/5/2019,6:00,0
7/5/2019,12:00,20
7/5/2019,18:00,507
7/6/2019,0:00,108
7/6/2019,6:00,0
7/6/2019,12:00,19
7/6/2019,18:00,506
7/7/2019,0:00,109
7/7/2019,6:00,0
7/7/2019,12:00,19
7/7/2019,18:00,503
7/8/2019,0:00,108
7/8/2019,6:00,0
7/8/2019,12:00,20
7/8/2019,18:00,505
7/9/2019,0:00,109
7/9/2019,6:00,0
7/9/2019,12:00,17
7/9/2019,18:00,449
7/10/2019,0:00,87
7/10/2019,6:00,0
7/10/2019,12:00,14
7/10/2019,18:00,84
7/11/2019,0:00,18
7/11/2019,6:00,0
7/11/2019,12:00,5
7/11/2019,18:00,180
7/12/2019,0:00,89
7/12/2019,6:00,0
7/12/2019,12:00,2
7/12/2019,18:00,83
7/13/2019,0:00,42
7/13/2019,6:00,0
7/13/2019,12:00,12
7/13/2019,18:00,99
7/14/2019,0:00,30
7/14/2019,6:00,0
7/14/2019,12:00,16
7/14/2019,18:00,481
7/15/2019,0:00,107
7/15/2019,6:00,0
7/15/2019,12:00,20
7/15/2019,18:00,506
7/16/2019,0:00,113
7/16/2019,6:00,0
7/16/2019,12:00,21
7/16/2019,18:00,520
7/17/2019,0:00,118
7/17/2019,6:00,0
7/17/2019,12:00,21
7/17/2019,18:00,525
7/18/2019,0:00,119
7/18/2019,6:00,0
7/18/2019,12:00,21
7/18/2019,18:00,522
7/19/2019,0:00,117
7/19/2019,6:00,0
7/19/2019,12:00,4
7/19/2019,18:00,301
7/20/2019,0:00,58
7/20/2019,6:00,0
7/20/2019,12:00,20
7/20/2019,18:00,494
7/21/2019,0:00,104
7/21/2019,6:00,0
7/21/2019,12:00,20
7/21/2019,18:00,492
7/22/2019,0:00,110
7/22/2019,6:00,0
7/22/2019,12:00,5
7/22/2019,18:00,163
7/23/2019,0:00,58
7/23/2019,6:00,0
7/23/2019,12:00,4
7/23/2019,18:00,58
7/24/2019,0:00,8
7/24/2019,6:00,0
7/24/2019,12:00,2
7/24/2019,18:00,35
7/25/2019,0:00,8
7/25/2019,6:00,0
7/25/2019,12:00,1
7/25/2019,18:00,27
7/26/2019,0:00,2
7/26/2019,6:00,0
7/26/2019,12:00,7
7/26/2019,18:00,269
7/27/2019,0:00,13
7/27/2019,6:00,0
7/27/2019,12:00,7
7/27/2019,18:00,371
7/28/2019,0:00,90
7/28/2019,6:00,0
7/28/2019,12:00,24
7/28/2019,18:00,445
7/29/2019,0:00,79
7/29/2019,6:00,0
7/29/2019,12:00,15
7/29/2019,18:00,117
7/30/2019,0:00,34
7/30/2019,6:00,0
7/30/2019,12:00,25
7/30/2019,18:00,542
7/31/2019,0:00,129
7/31/2019,6:00,0
7/31/2019,12:00,26
7/31/2019,18:00,551
8/1/2019,0:00,129
8/1/2019,6:00,0
8/1/2019,12:00,9
8/1/2019,18:00,112
8/2/2019,0:00,6
8/2/2019,6:00,0
8/2/2019,12:00,28
8/2/2019,18:00,575
8/3/2019,0:00,138
8/3/2019,6:00,0
8/3/2019,12:00,29
8/3/2019,18:00,574
8/4/2019,0:00,138
8/4/2019,6:00,0
8/4/2019,12:00,29
8/4/2019,18:00,581
8/5/2019,0:00,142
8/5/2019,6:00,0
8/5/2019,12:00,31
8/5/2019,18:00,594
8/6/2019,0:00,144
8/6/2019,6:00,0
8/6/2019,12:00,29
8/6/2019,18:00,564
8/7/2019,0:00,133
8/7/2019,6:00,0
8/7/2019,12:00,30
8/7/2019,18:00,568
8/8/2019,0:00,47
8/8/2019,6:00,0
8/8/2019,12:00,16
8/8/2019,18:00,309
8/9/2019,0:00,85
8/9/2019,6:00,0
8/9/2019,12:00,10
8/9/2019,18:00,109
8/10/2019,0:00,21
8/10/2019,6:00,0
8/10/2019,12:00,10
8/10/2019,18:00,192
8/11/2019,0:00,84
8/11/2019,6:00,0
8/11/2019,12:00,34
8/11/2019,18:00,528
8/12/2019,0:00,18
8/12/2019,6:00,0
8/12/2019,12:00,10
8/12/2019,18:00,157
8/13/2019,0:00,45
8/13/2019,6:00,0
8/13/2019,12:00,36
8/13/2019,18:00,543
8/14/2019,0:00,156
8/14/2019,6:00,0
8/14/2019,12:00,38
8/14/2019,18:00,637
8/15/2019,0:00,158
8/15/2019,6:00,0
8/15/2019,12:00,31
8/15/2019,18:00,619
8/16/2019,0:00,150
8/16/2019,6:00,0
8/16/2019,12:00,20
8/16/2019,18:00,509
8/17/2019,0:00,149
8/17/2019,6:00,0
8/17/2019,12:00,33
8/17/2019,18:00,548
8/18/2019,0:00,130
8/18/2019,6:00,0
8/18/2019,12:00,38
8/18/2019,18:00,620
8/19/2019,0:00,160
8/19/2019,6:00,0
8/19/2019,12:00,42
8/19/2019,18:00,647
8/20/2019,0:00,156
8/20/2019,6:00,0
8/20/2019,12:00,32
8/20/2019,18:00,637
8/21/2019,0:00,155
8/21/2019,6:00,0
8/21/2019,12:00,43
8/21/2019,18:00,644
8/22/2019,0:00,162
8/22/2019,6:00,0
8/22/2019,12:00,43
8/22/2019,18:00,634
8/23/2019,0:00,131
8/23/2019,6:00,0
8/23/2019,12:00,45
8/23/2019,18:00,661
8/24/2019,0:00,168
8/24/2019,6:00,0
8/24/2019,12:00,34
8/24/2019,18:00,557
8/25/2019,0:00,134
8/25/2019,6:00,0
8/25/2019,12:00,45
8/25/2019,18:00,616
8/26/2019,0:00,136
8/26/2019,6:00,0
8/26/2019,12:00,5
8/26/2019,18:00,269
8/27/2019,0:00,142
8/27/2019,6:00,0
8/27/2019,12:00,48
8/27/2019,18:00,656
8/28/2019,0:00,168
8/28/2019,6:00,0
8/28/2019,12:00,51
8/28/2019,18:00,678
8/29/2019,0:00,175
8/29/2019,6:00,0
8/29/2019,12:00,51
8/29/2019,18:00,667
8/30/2019,0:00,170
8/30/2019,6:00,0
8/30/2019,12:00,51
8/30/2019,18:00,352
8/31/2019,0:00,82
8/31/2019,6:00,0
8/31/2019,12:00,47
8/31/2019,18:00,680
9/1/2019,0:00,182
9/1/2019,6:00,0
9/1/2019,12:00,58
9/1/2019,18:00,713
9/2/2019,0:00,184
9/2/2019,6:00,0
9/2/2019,12:00,59
9/2/2019,18:00,711
9/3/2019,0:00,182
9/3/2019,6:00,0
9/3/2019,12:00,58
9/3/2019,18:00,684
9/4/2019,0:00,182
9/4/2019,6:00,0
9/4/2019,12:00,62
9/4/2019,18:00,737
9/5/2019,0:00,192
9/5/2019,6:00,0
9/5/2019,12:00,62
9/5/2019,18:00,727
9/6/2019,0:00,188
9/6/2019,6:00,0
9/6/2019,12:00,8
9/6/2019,18:00,121
9/7/2019,0:00,101
9/7/2019,6:00,0
9/7/2019,12:00,11
9/7/2019,18:00,333
9/8/2019,0:00,137
9/8/2019,6:00,0
9/8/2019,12:00,19
9/8/2019,18:00,206
9/9/2019,0:00,33
9/9/2019,6:00,0
9/9/2019,12:00,50
9/9/2019,18:00,365
9/10/2019,0:00,37
9/10/2019,6:00,0
9/10/2019,12:00,23
9/10/2019,18:00,174
9/11/2019,0:00,9
9/11/2019,6:00,0
9/11/2019,12:00,8
9/11/2019,18:00,169
9/12/2019,0:00,21
9/12/2019,6:00,0
9/12/2019,12:00,66
9/12/2019,18:00,380
9/13/2019,0:00,90
9/13/2019,6:00,0
9/13/2019,12:00,72
9/13/2019,18:00,596
9/14/2019,0:00,196
9/14/2019,6:00,0
9/14/2019,12:00,39
9/14/2019,18:00,551
9/15/2019,0:00,177
9/15/2019,6:00,0
9/15/2019,12:00,74
9/15/2019,18:00,711
9/16/2019,0:00,191
9/16/2019,6:00,0
9/16/2019,12:00,23
9/16/2019,18:00,333
9/17/2019,0:00,150
9/17/2019,6:00,0
9/17/2019,12:00,79
9/17/2019,18:00,399
9/18/2019,0:00,23
9/18/2019,6:00,0
9/18/2019,12:00,77
9/18/2019,18:00,785
9/19/2019,0:00,209
9/19/2019,6:00,0
9/19/2019,12:00,87
9/19/2019,18:00,788
9/20/2019,0:00,204
9/20/2019,6:00,0
9/20/2019,12:00,85
9/20/2019,18:00,780
9/21/2019,0:00,215
9/21/2019,6:00,0
9/21/2019,12:00,94
9/21/2019,18:00,825
9/22/2019,0:00,219
9/22/2019,6:00,0
9/22/2019,12:00,95
9/22/2019,18:00,812
9/23/2019,0:00,213
9/23/2019,6:00,0
9/23/2019,12:00,99
9/23/2019,18:00,820
9/24/2019,0:00,203
9/24/2019,6:00,0
9/24/2019,12:00,88
9/24/2019,18:00,795
9/25/2019,0:00,212
9/25/2019,6:00,0
9/25/2019,12:00,98
9/25/2019,18:00,822
9/26/2019,0:00,218
9/26/2019,6:00,0
9/26/2019,12:00,99
9/26/2019,18:00,818
9/27/2019,0:00,216
9/27/2019,6:00,0
9/27/2019,12:00,97
9/27/2019,18:00,762
9/28/2019,0:00,203
9/28/2019,6:00,0
9/28/2019,12:00,102
9/28/2019,18:00,822
9/29/2019,0:00,218
9/29/2019,6:00,0
9/29/2019,12:00,105
9/29/2019,18:00,836
9/30/2019,0:00,224
9/30/2019,6:00,0
9/30/2019,12:00,106
9/30/2019,18:00,819
10/1/2019,0:00,215
10/1/2019,6:00,0
10/1/2019,12:00,103
10/1/2019,18:00,807
10/2/2019,0:00,214
10/2/2019,6:00,0
10/2/2019,12:00,1
10/2/2019,18:00,189
10/3/2019,0:00,19
10/3/2019,6:00,0
10/3/2019,12:00,5
10/3/2019,18:00,68
10/4/2019,0:00,8
10/4/2019,6:00,0
10/4/2019,12:00,10
10/4/2019,18:00,162
10/5/2019,0:00,86
10/5/2019,6:00,0
10/5/2019,12:00,26
10/5/2019,18:00,199
10/6/2019,0:00,58
10/6/2019,6:00,0
10/6/2019,12:00,90
10/6/2019,18:00,800
10/7/2019,0:00,206
10/7/2019,6:00,0
10/7/2019,12:00,120
10/7/2019,18:00,860
10/8/2019,0:00,235
10/8/2019,6:00,0
10/8/2019,12:00,120
10/8/2019,18:00,850
10/9/2019,0:00,219
10/9/2019,6:00,0
10/9/2019,12:00,120
10/9/2019,18:00,850
10/10/2019,0:00,231
10/10/2019,6:00,0
10/10/2019,12:00,111
10/10/2019,18:00,850
10/11/2019,0:00,231
10/11/2019,6:00,0
10/11/2019,12:00,123
10/11/2019,18:00,850
10/12/2019,0:00,217
10/12/2019,6:00,0
10/12/2019,12:00,41
10/12/2019,18:00,830
10/13/2019,0:00,230
10/13/2019,6:00,0
10/13/2019,12:00,122
10/13/2019,18:00,620
10/14/2019,0:00,217
10/14/2019,6:00,0
10/14/2019,12:00,10
10/14/2019,18:00,22
10/15/2019,0:00,14
10/15/2019,6:00,0
10/15/2019,12:00,11
10/15/2019,18:00,130
10/16/2019,0:00,46
10/16/2019,6:00,0
10/16/2019,12:00,17
10/16/2019,18:00,270
10/17/2019,0:00,44
10/17/2019,6:00,0
10/17/2019,12:00,50
10/17/2019,18:00,160
10/18/2019,0:00,45
10/18/2019,6:00,0
10/18/2019,12:00,130
10/18/2019,18:00,500
10/19/2019,0:00,172
10/19/2019,6:00,0
10/19/2019,12:00,150
10/19/2019,18:00,870
10/20/2019,0:00,210
10/20/2019,6:00,0
10/20/2019,12:00,90
10/20/2019,18:00,560
10/21/2019,0:00,20
10/21/2019,6:00,0
10/21/2019,12:00,127
10/21/2019,18:00,520
10/22/2019,0:00,158
10/22/2019,6:00,0
10/22/2019,12:00,148
10/22/2019,18:00,910
10/23/2019,0:00,256
10/23/2019,6:00,0
10/23/2019,12:00,146
10/23/2019,18:00,910
10/24/2019,0:00,256
10/24/2019,6:00,0
10/24/2019,12:00,150
10/24/2019,18:00,920
10/25/2019,0:00,234
10/25/2019,6:00,0
10/25/2019,12:00,150
10/25/2019,18:00,930
10/26/2019,0:00,264
10/26/2019,6:00,0
10/26/2019,12:00,160
10/26/2019,18:00,940
10/27/2019,0:00,255
10/27/2019,6:00,0
10/27/2019,12:00,100
10/27/2019,18:00,90
10/28/2019,0:00,129
10/28/2019,6:00,0
10/28/2019,12:00,150
10/28/2019,18:00,890
10/29/2019,0:00,251
10/29/2019,6:00,0
10/29/2019,12:00,90
10/29/2019,18:00,780
10/30/2019,0:00,238
10/30/2019,6:00,0
10/30/2019,12:00,110
10/30/2019,18:00,670
10/31/2019,0:00,254
10/31/2019,6:00,0
10/31/2019,12:00,30
10/31/2019,18:00,510
11/1/2019,0:00,101
11/1/2019,6:00,0
11/1/2019,12:00,150
11/1/2019,18:00,900
11/2/2019,0:00,258
11/2/2019,6:00,0
11/2/2019,12:00,140
11/2/2019,18:00,860
11/3/2019,0:00,184
11/3/2019,6:00,0
11/3/2019,12:00,100
11/3/2019,18:00,280
11/4/2019,0:00,109
11/4/2019,6:00,0
11/4/2019,12:00,130
11/4/2019,18:00,330
11/5/2019,0:00,88
11/5/2019,6:00,0
11/5/2019,12:00,130
11/5/2019,18:00,650
11/6/2019,0:00,257
11/6/2019,6:00,0
11/6/2019,12:00,170
11/6/2019,18:00,960
11/7/2019,0:00,282
11/7/2019,6:00,0
11/7/2019,12:00,160
11/7/2019,18:00,940
11/8/2019,0:00,283
11/8/2019,6:00,0
11/8/2019,12:00,170
11/8/2019,18:00,960
11/9/2019,0:00,286
11/9/2019,6:00,0
11/9/2019,12:00,160
11/9/2019,18:00,880
11/10/2019,0:00,238
11/10/2019,6:00,0
11/10/2019,12:00,140
11/10/2019,18:00,840
11/11/2019,0:00,280
11/11/2019,6:00,0
11/11/2019,12:00,140
11/11/2019,18:00,880
11/12/2019,0:00,238
11/12/2019,6:00,0
11/12/2019,12:00,145
11/12/2019,18:00,630
11/13/2019,0:00,224
11/13/2019,6:00,0
11/13/2019,12:00,100
11/13/2019,18:00,210
11/14/2019,0:00,94
11/14/2019,6:00,0
11/14/2019,12:00,172
11/14/2019,18:00,950
11/15/2019,0:00,288
11/15/2019,6:00,0
11/15/2019,12:00,190
11/15/2019,18:00,990
11/16/2019,0:00,299
11/16/2019,6:00,0
11/16/2019,12:00,180
11/16/2019,18:00,970
11/17/2019,0:00,296
11/17/2019,6:00,0
11/17/2019,12:00,180
11/17/2019,18:00,980
11/18/2019,0:00,300
11/18/2019,6:00,0
11/18/2019,12:00,180
11/18/2019,18:00,970
11/19/2019,0:00,294
11/19/2019,6:00,0
11/19/2019,12:00,180
11/19/2019,18:00,930
11/20/2019,0:00,295
11/20/2019,6:00,0
11/20/2019,12:00,170
11/20/2019,18:00,950
11/21/2019,0:00,296
11/21/2019,6:00,0
11/21/2019,12:00,170
11/21/2019,18:00,910
11/22/2019,0:00,191
11/22/2019,6:00,0
11/22/2019,12:00,30
11/22/2019,18:00,180
11/23/2019,0:00,203
11/23/2019,6:00,0
11/23/2019,12:00,80
11/23/2019,18:00,960
11/24/2019,0:00,310
11/24/2019,6:00,0
11/24/2019,12:00,190
11/24/2019,18:00,1000
11/25/2019,0:00,316
11/25/2019,6:00,0
11/25/2019,12:00,180
11/25/2019,18:00,940
11/26/2019,0:00,290
11/26/2019,6:00,0
11/26/2019,12:00,30
11/26/2019,18:00,60
11/27/2019,0:00,77
11/27/2019,6:00,0
11/27/2019,12:00,170
11/27/2019,18:00,960
11/28/2019,0:00,318
11/28/2019,6:00,0
11/28/2019,12:00,190
11/28/2019,18:00,1000
11/29/2019,0:00,330
11/29/2019,6:00,0
11/29/2019,12:00,190
11/29/2019,18:00,980
11/30/2019,0:00,310
11/30/2019,6:00,0
11/30/2019,12:00,160
11/30/2019,18:00,890
12/1/2019,0:00,180
12/1/2019,6:00,0
12/1/2019,12:00,180
12/1/2019,18:00,990
12/2/2019,0:00,330
12/2/2019,6:00,0
12/2/2019,12:00,190
12/2/2019,18:00,950
12/3/2019,0:00,180
12/3/2019,6:00,0
12/3/2019,12:00,190
12/3/2019,18:00,1000
12/4/2019,0:00,310
12/4/2019,6:00,0
12/4/2019,12:00,170
12/4/2019,18:00,970
12/5/2019,0:00,314
12/5/2019,6:00,0
12/5/2019,12:00,170
12/5/2019,18:00,1000
12/6/2019,0:00,340
12/6/2019,6:00,0
12/6/2019,12:00,190
12/6/2019,18:00,1000
12/7/2019,0:00,330
12/7/2019,6:00,0
12/7/2019,12:00,180
12/7/2019,18:00,980
12/8/2019,0:00,230
12/8/2019,6:00,0
12/8/2019,12:00,180
12/8/2019,18:00,980
12/9/2019,0:00,270
12/9/2019,6:00,0
12/9/2019,12:00,180
12/9/2019,18:00,980
12/10/2019,0:00,330
12/10/2019,6:00,0
12/10/2019,12:00,180
12/10/2019,18:00,980
12/11/2019,0:00,200
12/11/2019,6:00,0
12/11/2019,12:00,180
12/11/2019,18:00,980
12/12/2019,0:00,340
12/12/2019,6:00,0
12/12/2019,12:00,170
12/12/2019,18:00,600
12/13/2019,0:00,230
12/13/2019,6:00,0
12/13/2019,12:00,180
12/13/2019,18:00,1000
12/14/2019,0:00,350
12/14/2019,6:00,0
12/14/2019,12:00,80
12/14/2019,18:00,700
12/15/2019,0:00,330
12/15/2019,6:00,0
12/15/2019,12:00,150
12/15/2019,18:00,450
12/16/2019,0:00,130
12/16/2019,6:00,0
12/16/2019,12:00,150
12/16/2019,18:00,950
12/17/2019,0:00,320
12/17/2019,6:00,0
12/17/2019,12:00,170
12/17/2019,18:00,980
12/18/2019,0:00,350
12/18/2019,6:00,0
12/18/2019,12:00,180
12/18/2019,18:00,1010
12/19/2019,0:00,360
12/19/2019,6:00,0
12/19/2019,12:00,170
12/19/2019,18:00,940
12/20/2019,0:00,350
12/20/2019,6:00,0
12/20/2019,12:00,170
12/20/2019,18:00,880
12/21/2019,0:00,250
12/21/2019,6:00,0
12/21/2019,12:00,120
12/21/2019,18:00,780
12/22/2019,0:00,350
12/22/2019,6:00,0
12/22/2019,12:00,180
12/22/2019,18:00,1010
12/23/2019,0:00,370
12/23/2019,6:00,0
12/23/2019,12:00,180
12/23/2019,18:00,1020
12/24/2019,0:00,370
12/24/2019,6:00,0
12/24/2019,12:00,180
12/24/2019,18:00,1010
12/25/2019,0:00,370
12/25/2019,6:00,0
12/25/2019,12:00,170
12/25/2019,18:00,990
12/26/2019,0:00,330
12/26/2019,6:00,0
12/26/2019,12:00,130
12/26/2019,18:00,750
12/27/2019,0:00,100
12/27/2019,6:00,0
12/27/2019,12:00,160
12/27/2019,18:00,950
12/28/2019,0:00,240
12/28/2019,6:00,0
12/28/2019,12:00,160
12/28/2019,18:00,770
12/29/2019,0:00,331
12/29/2019,6:00,0
12/29/2019,12:00,160
12/29/2019,18:00,710
12/30/2019,0:00,231
12/30/2019,6:00,0
12/30/2019,12:00,140
12/30/2019,18:00,910
12/31/2019,0:00,238
12/31/2019,6:00,0
12/31/2019,12:00,150
12/31/2019,18:00,690
1/1/2020,0:00,197
1/1/2020,6:00,0
1/1/2020,12:00,150
1/1/2020,18:00,570
1/2/2020,0:00,225
1/2/2020,6:00,0
1/2/2020,12:00,160
1/2/2020,18:00,980
1/3/2020,0:00,365
1/3/2020,6:00,0
1/3/2020,12:00,160
1/3/2020,18:00,980
1/4/2020,0:00,289
1/4/2020,6:00,0
1/4/2020,12:00,110
1/4/2020,18:00,960
1/5/2020,0:00,321
1/5/2020,6:00,0
1/5/2020,12:00,150
1/5/2020,18:00,970
1/6/2020,0:00,350
1/6/2020,6:00,0
1/6/2020,12:00,90
1/6/2020,18:00,590
1/7/2020,0:00,310
1/7/2020,6:00,0
1/7/2020,12:00,150
1/7/2020,18:00,1000
1/8/2020,0:00,380
1/8/2020,6:00,0
1/8/2020,12:00,150
1/8/2020,18:00,990
1/9/2020,0:00,370
1/9/2020,6:00,0
1/9/2020,12:00,140
1/9/2020,18:00,560
1/10/2020,0:00,170
1/10/2020,6:00,0
1/10/2020,12:00,140
1/10/2020,18:00,810
1/11/2020,0:00,195
1/11/2020,6:00,0
1/11/2020,12:00,130
1/11/2020,18:00,850
1/12/2020,0:00,339
1/12/2020,6:00,0
1/12/2020,12:00,120
1/12/2020,18:00,910
1/13/2020,0:00,352
1/13/2020,6:00,0
1/13/2020,12:00,140
1/13/2020,18:00,940
1/14/2020,0:00,280
1/14/2020,6:00,0
1/14/2020,12:00,130
1/14/2020,18:00,670
1/15/2020,0:00,180
1/15/2020,6:00,0
1/15/2020,12:00,130
1/15/2020,18:00,620
1/16/2020,0:00,110
1/16/2020,6:00,0
1/16/2020,12:00,30
1/16/2020,18:00,880
1/17/2020,0:00,310
1/17/2020,6:00,0
1/17/2020,12:00,140
1/17/2020,18:00,980
1/18/2020,0:00,380
1/18/2020,6:00,0
1/18/2020,12:00,130
1/18/2020,18:00,930
1/19/2020,0:00,347
1/19/2020,6:00,0
1/19/2020,12:00,20
1/19/2020,18:00,840
1/20/2020,0:00,143
1/20/2020,6:00,0
1/20/2020,12:00,90
1/20/2020,18:00,136
1/21/2020,0:00,99
1/21/2020,6:00,0
1/21/2020,12:00,30
1/21/2020,18:00,110
1/22/2020,0:00,10
1/22/2020,6:00,0
1/22/2020,12:00,17
1/22/2020,18:00,440
1/23/2020,0:00,186
1/23/2020,6:00,0
1/23/2020,12:00,128
1/23/2020,18:00,940
1/24/2020,0:00,360
1/24/2020,6:00,0
1/24/2020,12:00,130
1/24/2020,18:00,970
1/25/2020,0:00,373
1/25/2020,6:00,0
1/25/2020,12:00,130
1/25/2020,18:00,950
1/26/2020,0:00,367
1/26/2020,6:00,0
1/26/2020,12:00,120
1/26/2020,18:00,930
1/27/2020,0:00,350
1/27/2020,6:00,0
1/27/2020,12:00,110
1/27/2020,18:00,890
1/28/2020,0:00,190
1/28/2020,6:00,0
1/28/2020,12:00,100
1/28/2020,18:00,830
1/29/2020,0:00,314
1/29/2020,6:00,0
1/29/2020,12:00,60
1/29/2020,18:00,830
1/30/2020,0:00,351
1/30/2020,6:00,0
1/30/2020,12:00,98
1/30/2020,18:00,590
1/31/2020,0:00,314
1/31/2020,6:00,0
1/31/2020,12:00,120
1/31/2020,18:00,730
2/1/2020,0:00,337
2/1/2020,6:00,0
2/1/2020,12:00,120
2/1/2020,18:00,940
2/2/2020,0:00,358
2/2/2020,6:00,0
2/2/2020,12:00,120
2/2/2020,18:00,930
2/3/2020,0:00,357
2/3/2020,6:00,0
2/3/2020,12:00,120
2/3/2020,18:00,930
2/4/2020,0:00,337
2/4/2020,6:00,0
2/4/2020,12:00,110
2/4/2020,18:00,900
2/5/2020,0:00,144
2/5/2020,6:00,0
2/5/2020,12:00,110
2/5/2020,18:00,780
2/6/2020,0:00,258
2/6/2020,6:00,0
2/6/2020,12:00,110
2/6/2020,18:00,820
2/7/2020,0:00,230
2/7/2020,6:00,0
2/7/2020,12:00,110
2/7/2020,18:00,910
2/8/2020,0:00,344
2/8/2020,6:00,0
2/8/2020,12:00,110
2/8/2020,18:00,840
2/9/2020,0:00,87
2/9/2020,6:00,0
2/9/2020,12:00,100
2/9/2020,18:00,900
2/10/2020,0:00,332
2/10/2020,6:00,0
2/10/2020,12:00,110
2/10/2020,18:00,930
2/11/2020,0:00,353
2/11/2020,6:00,0
2/11/2020,12:00,110
2/11/2020,18:00,930
2/12/2020,0:00,347
2/12/2020,6:00,0
2/12/2020,12:00,110
2/12/2020,18:00,910
2/13/2020,0:00,343
2/13/2020,6:00,0
2/13/2020,12:00,104
2/13/2020,18:00,690
2/14/2020,0:00,271
2/14/2020,6:00,0
2/14/2020,12:00,75
2/14/2020,18:00,149
2/15/2020,0:00,121
2/15/2020,6:00,0
2/15/2020,12:00,69
2/15/2020,18:00,628
2/16/2020,0:00,241
2/16/2020,6:00,0
2/16/2020,12:00,98
2/16/2020,18:00,727
2/17/2020,0:00,200
2/17/2020,6:00,0
2/17/2020,12:00,68
2/17/2020,18:00,334
2/18/2020,0:00,153
2/18/2020,6:00,0
2/18/2020,12:00,24
2/18/2020,18:00,377
2/19/2020,0:00,288
2/19/2020,6:00,0
2/19/2020,12:00,98
2/19/2020,18:00,920
2/20/2020,0:00,333
2/20/2020,6:00,0
2/20/2020,12:00,99
2/20/2020,18:00,880
2/21/2020,0:00,323
2/21/2020,6:00,0
2/21/2020,12:00,101
2/21/2020,18:00,914
2/22/2020,0:00,332
2/22/2020,6:00,0
2/22/2020,12:00,101
2/22/2020,18:00,910
2/23/2020,0:00,327
2/23/2020,6:00,0
2/23/2020,12:00,98
2/23/2020,18:00,898
2/24/2020,0:00,321
2/24/2020,6:00,0
2/24/2020,12:00,95
2/24/2020,18:00,821
2/25/2020,0:00,303
2/25/2020,6:00,0
2/25/2020,12:00,28
2/25/2020,18:00,794
2/26/2020,0:00,136
2/26/2020,6:00,0
2/26/2020,12:00,97
2/26/2020,18:00,895
2/27/2020,0:00,314
2/27/2020,6:00,0
2/27/2020,12:00,93
2/27/2020,18:00,881
2/28/2020,0:00,308
2/28/2020,6:00,0
2/28/2020,12:00,92
2/28/2020,18:00,871
2/29/2020,0:00,298
2/29/2020,6:00,0
2/29/2020,12:00,90
2/29/2020,18:00,867
3/1/2020,0:00,301
3/1/2020,6:00,0
3/1/2020,12:00,89
3/1/2020,18:00,864
3/2/2020,0:00,298
3/2/2020,6:00,0
3/2/2020,12:00,89
3/2/2020,18:00,859
3/3/2020,0:00,295
3/3/2020,6:00,0
3/3/2020,12:00,86
3/3/2020,18:00,850
3/4/2020,0:00,279
3/4/2020,6:00,0
3/4/2020,12:00,86
3/4/2020,18:00,852
3/5/2020,0:00,288
3/5/2020,6:00,0
3/5/2020,12:00,86
3/5/2020,18:00,870
3/6/2020,0:00,295
3/6/2020,6:00,0
3/6/2020,12:00,85
3/6/2020,18:00,834
3/7/2020,0:00,271
3/7/2020,6:00,0
3/7/2020,12:00,70
3/7/2020,18:00,823
3/8/2020,0:00,278
3/8/2020,6:00,0
3/8/2020,12:00,81
3/8/2020,18:00,828
3/9/2020,0:00,273
3/9/2020,6:00,0
3/9/2020,12:00,81
3/9/2020,18:00,825
3/10/2020,0:00,271
3/10/2020,6:00,0
3/10/2020,12:00,80
3/10/2020,18:00,812
3/11/2020,0:00,251
3/11/2020,6:00,0
3/11/2020,12:00,80
3/11/2020,18:00,786
3/12/2020,0:00,232
3/12/2020,6:00,0
3/12/2020,12:00,70
3/12/2020,18:00,796
3/13/2020,0:00,260
3/13/2020,6:00,0
3/13/2020,12:00,76
3/13/2020,18:00,743
3/14/2020,0:00,164
3/14/2020,6:00,0
3/14/2020,12:00,74
3/14/2020,18:00,667
3/15/2020,0:00,73
3/15/2020,6:00,0
3/15/2020,12:00,40
3/15/2020,18:00,297
3/16/2020,0:00,54
3/16/2020,6:00,0
3/16/2020,12:00,43
3/16/2020,18:00,700
3/17/2020,0:00,137
3/17/2020,6:00,0
3/17/2020,12:00,72
3/17/2020,18:00,781
3/18/2020,0:00,242
3/18/2020,6:00,0
3/18/2020,12:00,12
3/18/2020,18:00,448
3/19/2020,0:00,156
3/19/2020,6:00,0
3/19/2020,12:00,71
3/19/2020,18:00,793
3/20/2020,0:00,247
3/20/2020,6:00,0
3/20/2020,12:00,73
3/20/2020,18:00,798
3/21/2020,0:00,243
3/21/2020,6:00,0
3/21/2020,12:00,70
3/21/2020,18:00,787
3/22/2020,0:00,239
3/22/2020,6:00,0
3/22/2020,12:00,70
3/22/2020,18:00,792
3/23/2020,0:00,238
3/23/2020,6:00,0
3/23/2020,12:00,69
3/23/2020,18:00,783
3/24/2020,0:00,233
3/24/2020,6:00,0
3/24/2020,12:00,68
3/24/2020,18:00,766
3/25/2020,0:00,227
3/25/2020,6:00,0
3/25/2020,12:00,67
3/25/2020,18:00,749
3/26/2020,0:00,205
3/26/2020,6:00,0
3/26/2020,12:00,66
3/26/2020,18:00,721
3/27/2020,0:00,172
3/27/2020,6:00,0
3/27/2020,12:00,55
3/27/2020,18:00,712
3/28/2020,0:00,74
3/28/2020,6:00,0
3/28/2020,12:00,62
3/28/2020,18:00,593
3/29/2020,0:00,50
3/29/2020,6:00,0
3/29/2020,12:00,22
3/29/2020,18:00,492
3/30/2020,0:00,170
3/30/2020,6:00,0
3/30/2020,12:00,40
3/30/2020,18:00,566
3/31/2020,0:00,205
3/31/2020,6:00,0
3/31/2020,12:00,60
3/31/2020,18:00,592
4/1/2020,0:00,48
4/1/2020,6:00,0
4/1/2020,12:00,20
4/1/2020,18:00,533
4/2/2020,0:00,92
4/2/2020,6:00,0
4/2/2020,12:00,10
4/2/2020,18:00,730
4/3/2020,0:00,207
4/3/2020,6:00,0
4/3/2020,12:00,61
4/3/2020,18:00,643
4/4/2020,0:00,131
4/4/2020,6:00,0
4/4/2020,12:00,60
4/4/2020,18:00,730
4/5/2020,0:00,199
4/5/2020,6:00,0
4/5/2020,12:00,60
4/5/2020,18:00,726
4/6/2020,0:00,147
4/6/2020,6:00,0
4/6/2020,12:00,20
4/6/2020,18:00,636
4/7/2020,0:00,189
4/7/2020,6:00,0
4/7/2020,12:00,60
4/7/2020,18:00,737
4/8/2020,0:00,197
4/8/2020,6:00,0
4/8/2020,12:00,60
4/8/2020,18:00,724
4/9/2020,0:00,192
4/9/2020,6:00,0
4/9/2020,12:00,57
4/9/2020,18:00,711
4/10/2020,0:00,185
4/10/2020,6:00,0
4/10/2020,12:00,60
4/10/2020,18:00,708
4/11/2020,0:00,183
4/11/2020,6:00,0
4/11/2020,12:00,54
4/11/2020,18:00,695
4/12/2020,0:00,181
4/12/2020,6:00,0
4/12/2020,12:00,55
4/12/2020,18:00,700
4/13/2020,0:00,180
4/13/2020,6:00,0
4/13/2020,12:00,38
4/13/2020,18:00,462
4/14/2020,0:00,83
4/14/2020,6:00,0
4/14/2020,12:00,52
4/14/2020,18:00,431
4/15/2020,0:00,176
4/15/2020,6:00,0
4/15/2020,12:00,54
4/15/2020,18:00,703
4/16/2020,0:00,176
4/16/2020,6:00,0
4/16/2020,12:00,52
4/16/2020,18:00,684
4/17/2020,0:00,170
4/17/2020,6:00,0
4/17/2020,12:00,48
4/17/2020,18:00,621
4/18/2020,0:00,134
4/18/2020,6:00,0
4/18/2020,12:00,49
4/18/2020,18:00,661
4/19/2020,0:00,161
4/19/2020,6:00,0
4/19/2020,12:00,48
4/19/2020,18:00,656
4/20/2020,0:00,158
4/20/2020,6:00,0
4/20/2020,12:00,48
4/20/2020,18:00,652
4/21/2020,0:00,157
4/21/2020,6:00,0
4/21/2020,12:00,47
4/21/2020,18:00,649
4/22/2020,0:00,155
4/22/2020,6:00,0
4/22/2020,12:00,50
4/22/2020,18:00,590
4/23/2020,0:00,140
4/23/2020,6:00,0
4/23/2020,12:00,45
4/23/2020,18:00,630
4/24/2020,0:00,145
4/24/2020,6:00,0
4/24/2020,12:00,43
4/24/2020,18:00,631
4/25/2020,0:00,148
4/25/2020,6:00,0
4/25/2020,12:00,41
4/25/2020,18:00,607
4/26/2020,0:00,128
4/26/2020,6:00,0
4/26/2020,12:00,25
4/26/2020,18:00,297
4/27/2020,0:00,96
4/27/2020,6:00,0
4/27/2020,12:00,34
4/27/2020,18:00,537
4/28/2020,0:00,70
4/28/2020,6:00,0
4/28/2020,12:00,40
4/28/2020,18:00,596
4/29/2020,0:00,134
4/29/2020,6:00,0
4/29/2020,12:00,41
4/29/2020,18:00,618
4/30/2020,0:00,141
4/30/2020,6:00,0
4/30/2020,12:00,25
4/30/2020,18:00,457
5/1/2020,0:00,115
5/1/2020,6:00,0
5/1/2020,12:00,6
5/1/2020,18:00,579
5/2/2020,0:00,133
5/2/2020,6:00,0
5/2/2020,12:00,40
5/2/2020,18:00,613
5/3/2020,0:00,137
5/3/2020,6:00,0
5/3/2020,12:00,39
5/3/2020,18:00,603
5/4/2020,0:00,124
5/4/2020,6:00,0
5/4/2020,12:00,36
5/4/2020,18:00,295
5/5/2020,0:00,22
5/5/2020,6:00,0
5/5/2020,12:00,7
5/5/2020,18:00,300
5/6/2020,0:00,111
5/6/2020,6:00,0
5/6/2020,12:00,38
5/6/2020,18:00,597
5/7/2020,0:00,128
5/7/2020,6:00,0
5/7/2020,12:00,37
5/7/2020,18:00,581
5/8/2020,0:00,126
5/8/2020,6:00,0
5/8/2020,12:00,37
5/8/2020,18:00,589
5/9/2020,0:00,126
5/9/2020,6:00,0
5/9/2020,12:00,36
5/9/2020,18:00,588
5/10/2020,0:00,125
5/10/2020,6:00,0
5/10/2020,12:00,35
5/10/2020,18:00,501
5/11/2020,0:00,100
5/11/2020,6:00,0
5/11/2020,12:00,11
5/11/2020,18:00,284
5/12/2020,0:00,71
5/12/2020,6:00,0
5/12/2020,12:00,2
5/12/2020,18:00,36
5/13/2020,0:00,4
5/13/2020,6:00,0
5/13/2020,12:00,5
5/13/2020,18:00,350
5/14/2020,0:00,93
5/14/2020,6:00,0
5/14/2020,12:00,33
5/14/2020,18:00,566
5/15/2020,0:00,118
5/15/2020,6:00,0
5/15/2020,12:00,33
5/15/2020,18:00,563
5/16/2020,0:00,95
5/16/2020,6:00,0
5/16/2020,12:00,30
5/16/2020,18:00,541
5/17/2020,0:00,111
5/17/2020,6:00,0
5/17/2020,12:00,30
5/17/2020,18:00,543
5/18/2020,0:00,111
5/18/2020,6:00,0
5/18/2020,12:00,30
5/18/2020,18:00,539
5/19/2020,0:00,109
5/19/2020,6:00,0
5/19/2020,12:00,29
5/19/2020,18:00,532
5/20/2020,0:00,106
5/20/2020,6:00,0
5/20/2020,12:00,28
5/20/2020,18:00,490
5/21/2020,0:00,74
5/21/2020,6:00,0
5/21/2020,12:00,18
5/21/2020,18:00,149
5/22/2020,0:00,31
5/22/2020,6:00,0
5/22/2020,12:00,4
5/22/2020,18:00,82
5/23/2020,0:00,14
5/23/2020,6:00,0
5/23/2020,12:00,8
5/23/2020,18:00,140
5/24/2020,0:00,22
5/24/2020,6:00,0
5/24/2020,12:00,23
5/24/2020,18:00,492
5/25/2020,0:00,42
5/25/2020,6:00,0
5/25/2020,12:00,30
5/25/2020,18:00,526
5/26/2020,0:00,103
5/26/2020,6:00,0
5/26/2020,12:00,30
5/26/2020,18:00,500
5/27/2020,0:00,102
5/27/2020,6:00,0
5/27/2020,12:00,26
5/27/2020,18:00,515
5/28/2020,0:00,103
5/28/2020,6:00,0
5/28/2020,12:00,30
5/28/2020,18:00,512
5/29/2020,0:00,102
5/29/2020,6:00,0
5/29/2020,12:00,20
5/29/2020,18:00,508
5/30/2020,0:00,100
5/30/2020,6:00,0
5/30/2020,12:00,20
5/30/2020,18:00,444
5/31/2020,0:00,97
5/31/2020,6:00,0
5/31/2020,12:00,0
5/31/2020,18:00,146
6/1/2020,0:00,61
6/1/2020,6:00,0
6/1/2020,12:00,20
6/1/2020,18:00,479
6/2/2020,0:00,74
6/2/2020,6:00,0
6/2/2020,12:00,24
6/2/2020,18:00,496
6/3/2020,0:00,82
6/3/2020,6:00,0
6/3/2020,12:00,20
6/3/2020,18:00,503
6/4/2020,0:00,100
6/4/2020,6:00,0
6/4/2020,12:00,10
6/4/2020,18:00,347
6/5/2020,0:00,86
6/5/2020,6:00,0
6/5/2020,12:00,2
6/5/2020,18:00,37
6/6/2020,0:00,9
6/6/2020,6:00,0
6/6/2020,12:00,0
6/6/2020,18:00,36
6/7/2020,0:00,6
6/7/2020,6:00,0
6/7/2020,12:00,0
6/7/2020,18:00,164
6/8/2020,0:00,40
6/8/2020,6:00,0
6/8/2020,12:00,20
6/8/2020,18:00,236
6/9/2020,0:00,32
6/9/2020,6:00,0
6/9/2020,12:00,19
6/9/2020,18:00,370
6/10/2020,0:00,27
6/10/2020,6:00,0
6/10/2020,12:00,15
6/10/2020,18:00,148
6/11/2020,0:00,13
6/11/2020,6:00,0
6/11/2020,12:00,18
6/11/2020,18:00,217
6/12/2020,0:00,63
6/12/2020,6:00,0
6/12/2020,12:00,12
6/12/2020,18:00,275
6/13/2020,0:00,68
6/13/2020,6:00,0
6/13/2020,12:00,15
6/13/2020,18:00,450
6/14/2020,0:00,99
6/14/2020,6:00,0
6/14/2020,12:00,21
6/14/2020,18:00,499
6/15/2020,0:00,100
6/15/2020,6:00,0
6/15/2020,12:00,7
6/15/2020,18:00,279
6/16/2020,0:00,84
6/16/2020,6:00,0
6/16/2020,12:00,17
6/16/2020,18:00,384
6/17/2020,0:00,71
6/17/2020,6:00,0
6/17/2020,12:00,17
6/17/2020,18:00,464
6/18/2020,0:00,93
6/18/2020,6:00,0
6/18/2020,12:00,2
6/18/2020,18:00,204
6/19/2020,0:00,94
6/19/2020,6:00,0
6/19/2020,12:00,17
6/19/2020,18:00,190
6/20/2020,0:00,85
6/20/2020,6:00,0
6/20/2020,12:00,14
6/20/2020,18:00,241
6/21/2020,0:00,69
6/21/2020,6:00,0
6/21/2020,12:00,5
6/21/2020,18:00,83
6/22/2020,0:00,9
6/22/2020,6:00,0
6/22/2020,12:00,6
6/22/2020,18:00,172
6/23/2020,0:00,71
6/23/2020,6:00,0
6/23/2020,12:00,10
6/23/2020,18:00,395
6/24/2020,0:00,94
6/24/2020,6:00,0
6/24/2020,12:00,10
6/24/2020,18:00,189
6/25/2020,0:00,31
6/25/2020,6:00,0
6/25/2020,12:00,1
6/25/2020,18:00,137
6/26/2020,0:00,100
6/26/2020,6:00,0
6/26/2020,12:00,19
6/26/2020,18:00,394
6/27/2020,0:00,59
6/27/2020,6:00,0
6/27/2020,12:00,19
6/27/2020,18:00,492
6/28/2020,0:00,102
6/28/2020,6:00,0
6/28/2020,12:00,17
6/28/2020,18:00,457
6/29/2020,0:00,96
6/29/2020,6:00,0
6/29/2020,12:00,2
6/29/2020,18:00,12
6/30/2020,0:00,5
6/30/2020,6:00,0
6/30/2020,12:00,3
6/30/2020,18:00,160
7/1/2020,0:00,24
7/1/2020,6:00,0
7/1/2020,12:00,17
7/1/2020,18:00,185
7/2/2020,0:00,16
7/2/2020,6:00,0
7/2/2020,12:00,16
7/2/2020,18:00,385
7/3/2020,0:00,105
7/3/2020,6:00,0
7/3/2020,12:00,19
7/3/2020,18:00,492
7/4/2020,0:00,105
7/4/2020,6:00,0
7/4/2020,12:00,19
7/4/2020,18:00,433
7/5/2020,0:00,12
7/5/2020,6:00,0
7/5/2020,12:00,5
7/5/2020,18:00,426
7/6/2020,0:00,47
7/6/2020,6:00,0
7/6/2020,12:00,18
7/6/2020,18:00,430
7/7/2020,0:00,99
7/7/2020,6:00,0
7/7/2020,12:00,3
7/7/2020,18:00,50
7/8/2020,0:00,6
7/8/2020,6:00,0
7/8/2020,12:00,2
7/8/2020,18:00,324
7/9/2020,0:00,47
7/9/2020,6:00,0
7/9/2020,12:00,19
7/9/2020,18:00,493
7/10/2020,0:00,108
7/10/2020,6:00,0
7/10/2020,12:00,20
7/10/2020,18:00,505
7/11/2020,0:00,106
7/11/2020,6:00,0
7/11/2020,12:00,10
7/11/2020,18:00,184
7/12/2020,0:00,43
7/12/2020,6:00,0
7/12/2020,12:00,5
7/12/2020,18:00,92
7/13/2020,0:00,90
7/13/2020,6:00,0
7/13/2020,12:00,14
7/13/2020,18:00,491
7/14/2020,0:00,112
7/14/2020,6:00,0
7/14/2020,12:00,22
7/14/2020,18:00,537
7/15/2020,0:00,120
7/15/2020,6:00,0
7/15/2020,12:00,22
7/15/2020,18:00,529
7/16/2020,0:00,119
7/16/2020,6:00,0
7/16/2020,12:00,1
7/16/2020,18:00,158
7/17/2020,0:00,89
7/17/2020,6:00,0
7/17/2020,12:00,13
7/17/2020,18:00,303
7/18/2020,0:00,94
7/18/2020,6:00,0
7/18/2020,12:00,20
7/18/2020,18:00,497
7/19/2020,0:00,113
7/19/2020,6:00,0
7/19/2020,12:00,20
7/19/2020,18:00,493
7/20/2020,0:00,108
7/20/2020,6:00,0
7/20/2020,12:00,16
7/20/2020,18:00,369
7/21/2020,0:00,17
7/21/2020,6:00,0
7/21/2020,12:00,15
7/21/2020,18:00,338
7/22/2020,0:00,75
7/22/2020,6:00,0
7/22/2020,12:00,17
7/22/2020,18:00,428
7/23/2020,0:00,76
7/23/2020,6:00,0
7/23/2020,12:00,8
7/23/2020,18:00,418
7/24/2020,0:00,87
7/24/2020,6:00,0
7/24/2020,12:00,1
7/24/2020,18:00,38
7/25/2020,0:00,2
7/25/2020,6:00,0
7/25/2020,12:00,24
7/25/2020,18:00,547
7/26/2020,0:00,128
7/26/2020,6:00,0
7/26/2020,12:00,25
7/26/2020,18:00,543
7/27/2020,0:00,125
7/27/2020,6:00,0
7/27/2020,12:00,5
7/27/2020,18:00,151
7/28/2020,0:00,38
7/28/2020,6:00,0
7/28/2020,12:00,25
7/28/2020,18:00,553
7/29/2020,0:00,134
7/29/2020,6:00,0
7/29/2020,12:00,27
7/29/2020,18:00,573
7/30/2020,0:00,136
7/30/2020,6:00,0
7/30/2020,12:00,28
7/30/2020,18:00,577
7/31/2020,0:00,136
7/31/2020,6:00,0
7/31/2020,12:00,13
7/31/2020,18:00,346
8/1/2020,0:00,55
8/1/2020,6:00,0
8/1/2020,12:00,26
8/1/2020,18:00,539
8/2/2020,0:00,128
8/2/2020,6:00,0
8/2/2020,12:00,27
8/2/2020,18:00,510
8/3/2020,0:00,132
8/3/2020,6:00,0
8/3/2020,12:00,28
8/3/2020,18:00,558
8/4/2020,0:00,134
8/4/2020,6:00,0
8/4/2020,12:00,29
8/4/2020,18:00,567
8/5/2020,0:00,136
8/5/2020,6:00,0
8/5/2020,12:00,29
8/5/2020,18:00,571
8/6/2020,0:00,139
8/6/2020,6:00,0
8/6/2020,12:00,30
8/6/2020,18:00,575
8/7/2020,0:00,139
8/7/2020,6:00,0
8/7/2020,12:00,31
8/7/2020,18:00,576
8/8/2020,0:00,141
8/8/2020,6:00,0
8/8/2020,12:00,25
8/8/2020,18:00,567
8/9/2020,0:00,140
8/9/2020,6:00,0
8/9/2020,12:00,32
8/9/2020,18:00,581
8/10/2020,0:00,143
8/10/2020,6:00,0
8/10/2020,12:00,32
8/10/2020,18:00,469
8/11/2020,0:00,26
8/11/2020,6:00,0
8/11/2020,12:00,2
8/11/2020,18:00,39
8/12/2020,0:00,13
8/12/2020,6:00,0
8/12/2020,12:00,33
8/12/2020,18:00,337
8/13/2020,0:00,41
8/13/2020,6:00,0
8/13/2020,12:00,23
8/13/2020,18:00,380
8/14/2020,0:00,114
8/14/2020,6:00,0
8/14/2020,12:00,35
8/14/2020,18:00,406
8/15/2020,0:00,68
8/15/2020,6:00,0
8/15/2020,12:00,37
8/15/2020,18:00,619
8/16/2020,0:00,156
8/16/2020,6:00,0
8/16/2020,12:00,41
8/16/2020,18:00,647
8/17/2020,0:00,161
8/17/2020,6:00,0
8/17/2020,12:00,42
8/17/2020,18:00,653
8/18/2020,0:00,164
8/18/2020,6:00,0
8/18/2020,12:00,34
8/18/2020,18:00,577
8/19/2020,0:00,154
8/19/2020,6:00,0
8/19/2020,12:00,42
8/19/2020,18:00,640
8/20/2020,0:00,161
8/20/2020,6:00,0
8/20/2020,12:00,44
8/20/2020,18:00,659
8/21/2020,0:00,170
8/21/2020,6:00,0
8/21/2020,12:00,46
8/21/2020,18:00,665
8/22/2020,0:00,168
8/22/2020,6:00,0
8/22/2020,12:00,47
8/22/2020,18:00,668
8/23/2020,0:00,169
8/23/2020,6:00,0
8/23/2020,12:00,46
8/23/2020,18:00,658
8/24/2020,0:00,168
8/24/2020,6:00,0
8/24/2020,12:00,46
8/24/2020,18:00,638
8/25/2020,0:00,153
8/25/2020,6:00,0
8/25/2020,12:00,20
8/25/2020,18:00,574
8/26/2020,0:00,117
8/26/2020,6:00,0
8/26/2020,12:00,38
8/26/2020,18:00,351
8/27/2020,0:00,122
8/27/2020,6:00,0
8/27/2020,12:00,21
8/27/2020,18:00,408
8/28/2020,0:00,135
8/28/2020,6:00,0
8/28/2020,12:00,47
8/28/2020,18:00,450
8/29/2020,0:00,145
8/29/2020,6:00,0
8/29/2020,12:00,46
8/29/2020,18:00,570
8/30/2020,0:00,162
8/30/2020,6:00,0
8/30/2020,12:00,3
8/30/2020,18:00,58
8/31/2020,0:00,27
8/31/2020,6:00,0
8/31/2020,12:00,40
8/31/2020,18:00,545
9/1/2020,0:00,90
9/1/2020,6:00,0
9/1/2020,12:00,3
9/1/2020,18:00,138
9/2/2020,0:00,24
9/2/2020,6:00,0
9/2/2020,12:00,9
9/2/2020,18:00,134
9/3/2020,0:00,34
9/3/2020,6:00,0
9/3/2020,12:00,16
9/3/2020,18:00,274
9/4/2020,0:00,52
9/4/2020,6:00,0
9/4/2020,12:00,63
9/4/2020,18:00,730
9/5/2020,0:00,190
9/5/2020,6:00,0
9/5/2020,12:00,60
9/5/2020,18:00,530
9/6/2020,0:00,14
9/6/2020,6:00,0
9/6/2020,12:00,5
9/6/2020,18:00,153
9/7/2020,0:00,35
9/7/2020,6:00,0
9/7/2020,12:00,50
9/7/2020,18:00,258
9/8/2020,0:00,38
9/8/2020,6:00,0
9/8/2020,12:00,18
9/8/2020,18:00,303
9/9/2020,0:00,84
9/9/2020,6:00,0
9/9/2020,12:00,53
9/9/2020,18:00,623
9/10/2020,0:00,114
9/10/2020,6:00,0
9/10/2020,12:00,70
9/10/2020,18:00,741
9/11/2020,0:00,194
9/11/2020,6:00,0
9/11/2020,12:00,68
9/11/2020,18:00,335
9/12/2020,0:00,70
9/12/2020,6:00,0
9/12/2020,12:00,47
9/12/2020,18:00,261
9/13/2020,0:00,89
9/13/2020,6:00,0
9/13/2020,12:00,38
9/13/2020,18:00,351
9/14/2020,0:00,157
9/14/2020,6:00,0
9/14/2020,12:00,65
9/14/2020,18:00,711
9/15/2020,0:00,174
9/15/2020,6:00,0
9/15/2020,12:00,48
9/15/2020,18:00,241
9/16/2020,0:00,18
9/16/2020,6:00,0
9/16/2020,12:00,47
9/16/2020,18:00,137
9/17/2020,0:00,48
9/17/2020,6:00,0
9/17/2020,12:00,80
9/17/2020,18:00,751
9/18/2020,0:00,94
9/18/2020,6:00,0
9/18/2020,12:00,84
9/18/2020,18:00,778
9/19/2020,0:00,204
9/19/2020,6:00,0
9/19/2020,12:00,36
9/19/2020,18:00,130
9/20/2020,0:00,66
9/20/2020,6:00,0
9/20/2020,12:00,94
9/20/2020,18:00,827
9/21/2020,0:00,219
9/21/2020,6:00,0
9/21/2020,12:00,95
9/21/2020,18:00,822
9/22/2020,0:00,217
9/22/2020,6:00,0
9/22/2020,12:00,96
9/22/2020,18:00,827
9/23/2020,0:00,219
9/23/2020,6:00,0
9/23/2020,12:00,94
9/23/2020,18:00,787
9/24/2020,0:00,206
9/24/2020,6:00,0
9/24/2020,12:00,92
9/24/2020,18:00,787
9/25/2020,0:00,192
9/25/2020,6:00,0
9/25/2020,12:00,68
9/25/2020,18:00,670
9/26/2020,0:00,146
9/26/2020,6:00,0
9/26/2020,12:00,78
9/26/2020,18:00,347
9/27/2020,0:00,180
9/27/2020,6:00,0
9/27/2020,12:00,19
9/27/2020,18:00,155
9/28/2020,0:00,24
9/28/2020,6:00,0
9/28/2020,12:00,102
9/28/2020,18:00,838
9/29/2020,0:00,228
9/29/2020,6:00,0
9/29/2020,12:00,107
9/29/2020,18:00,647
9/30/2020,0:00,154
9/30/2020,6:00,0
9/30/2020,12:00,78
9/30/2020,18:00,792
10/1/2020,0:00,211
10/1/2020,6:00,0
10/1/2020,12:00,91
10/1/2020,18:00,694
10/2/2020,0:00,197
10/2/2020,6:00,0
10/2/2020,12:00,21
10/2/2020,18:00,231
10/3/2020,0:00,140
10/3/2020,6:00,0
10/3/2020,12:00,7
10/3/2020,18:00,110
10/4/2020,0:00,48
10/4/2020,6:00,0
10/4/2020,12:00,20
10/4/2020,18:00,336
10/5/2020,0:00,76
10/5/2020,6:00,0
10/5/2020,12:00,31
10/5/2020,18:00,219
10/6/2020,0:00,67
10/6/2020,6:00,0
10/6/2020,12:00,119
10/6/2020,18:00,843
10/7/2020,0:00,214
10/7/2020,6:00,0
10/7/2020,12:00,113
10/7/2020,18:00,633
10/8/2020,0:00,178
10/8/2020,6:00,0
10/8/2020,12:00,110
10/8/2020,18:00,862
10/9/2020,0:00,236
10/9/2020,6:00,0
10/9/2020,12:00,112
10/9/2020,18:00,860
10/10/2020,0:00,236
10/10/2020,6:00,0
10/10/2020,12:00,130
10/10/2020,18:00,901
10/11/2020,0:00,246
10/11/2020,6:00,0
10/11/2020,12:00,131
10/11/2020,18:00,882
10/12/2020,0:00,236
10/12/2020,6:00,0
10/12/2020,12:00,129
10/12/2020,18:00,884
10/13/2020,0:00,245
10/13/2020,6:00,0
10/13/2020,12:00,134
10/13/2020,18:00,899
10/14/2020,0:00,247
10/14/2020,6:00,0
10/14/2020,12:00,127
10/14/2020,18:00,630
10/15/2020,0:00,163
10/15/2020,6:00,0
10/15/2020,12:00,117
10/15/2020,18:00,870
10/16/2020,0:00,248
10/16/2020,6:00,0
10/16/2020,12:00,130
10/16/2020,18:00,880
10/17/2020,0:00,237
10/17/2020,6:00,0
10/17/2020,12:00,120
10/17/2020,18:00,730
10/18/2020,0:00,131
10/18/2020,6:00,0
10/18/2020,12:00,130
10/18/2020,18:00,880
10/19/2020,0:00,244
10/19/2020,6:00,0
10/19/2020,12:00,140
10/19/2020,18:00,900
10/20/2020,0:00,248
10/20/2020,6:00,0
10/20/2020,12:00,140
10/20/2020,18:00,890
10/21/2020,0:00,244
10/21/2020,6:00,0
10/21/2020,12:00,140
10/21/2020,18:00,810
10/22/2020,0:00,245
10/22/2020,6:00,0
10/22/2020,12:00,140
10/22/2020,18:00,560
10/23/2020,0:00,225
10/23/2020,6:00,0
10/23/2020,12:00,80
10/23/2020,18:00,370
10/24/2020,0:00,160
10/24/2020,6:00,0
10/24/2020,12:00,130
10/24/2020,18:00,810
10/25/2020,0:00,247
10/25/2020,6:00,0
10/25/2020,12:00,150
10/25/2020,18:00,890
10/26/2020,0:00,246
10/26/2020,6:00,0
10/26/2020,12:00,20
10/26/2020,18:00,70
10/27/2020,0:00,31
10/27/2020,6:00,0
10/27/2020,12:00,160
10/27/2020,18:00,870
10/28/2020,0:00,273
10/28/2020,6:00,0
10/28/2020,12:00,160
10/28/2020,18:00,950
10/29/2020,0:00,269
10/29/2020,6:00,0
10/29/2020,12:00,130
10/29/2020,18:00,790
10/30/2020,0:00,224
10/30/2020,6:00,0
10/30/2020,12:00,160
10/30/2020,18:00,950
10/31/2020,0:00,261
10/31/2020,6:00,0
10/31/2020,12:00,160
10/31/2020,18:00,940
11/1/2020,0:00,269
11/1/2020,6:00,0
11/1/2020,12:00,160
11/1/2020,18:00,950
11/2/2020,0:00,277
11/2/2020,6:00,0
11/2/2020,12:00,170
11/2/2020,18:00,950
11/3/2020,0:00,277
11/3/2020,6:00,0
11/3/2020,12:00,170
11/3/2020,18:00,950
11/4/2020,0:00,273
11/4/2020,6:00,0
11/4/2020,12:00,170
11/4/2020,18:00,970
11/5/2020,0:00,286
11/5/2020,6:00,0
11/5/2020,12:00,170
11/5/2020,18:00,970
11/6/2020,0:00,283
11/6/2020,6:00,0
11/6/2020,12:00,170
11/6/2020,18:00,970
11/7/2020,0:00,283
11/7/2020,6:00,0
11/7/2020,12:00,150
11/7/2020,18:00,920
11/8/2020,0:00,243
11/8/2020,6:00,0
11/8/2020,12:00,170
11/8/2020,18:00,900
11/9/2020,0:00,217
11/9/2020,6:00,0
11/9/2020,12:00,70
11/9/2020,18:00,380
11/10/2020,0:00,229
11/10/2020,6:00,0
11/10/2020,12:00,60
11/10/2020,18:00,670
11/11/2020,0:00,244
11/11/2020,6:00,0
11/11/2020,12:00,130
11/11/2020,18:00,770
11/12/2020,0:00,240
11/12/2020,6:00,0
11/12/2020,12:00,170
11/12/2020,18:00,950
11/13/2020,0:00,288
11/13/2020,6:00,0
11/13/2020,12:00,170
11/13/2020,18:00,960
11/14/2020,0:00,291
11/14/2020,6:00,0
11/14/2020,12:00,170
11/14/2020,18:00,900
11/15/2020,0:00,164
11/15/2020,6:00,0
11/15/2020,12:00,80
11/15/2020,18:00,740
11/16/2020,0:00,244
11/16/2020,6:00,0
11/16/2020,12:00,170
11/16/2020,18:00,820
11/17/2020,0:00,293
11/17/2020,6:00,0
11/17/2020,12:00,190
11/17/2020,18:00,970
11/18/2020,0:00,263
11/18/2020,6:00,0
11/18/2020,12:00,150
11/18/2020,18:00,770
11/19/2020,0:00,142
11/19/2020,6:00,0
11/19/2020,12:00,180
11/19/2020,18:00,920
11/20/2020,0:00,264
11/20/2020,6:00,0
11/20/2020,12:00,180
11/20/2020,18:00,970
11/21/2020,0:00,267
11/21/2020,6:00,0
11/21/2020,12:00,180
11/21/2020,18:00,980
11/22/2020,0:00,310
11/22/2020,6:00,0
11/22/2020,12:00,180
11/22/2020,18:00,980
11/23/2020,0:00,310
11/23/2020,6:00,0
11/23/2020,12:00,180
11/23/2020,18:00,970
11/24/2020,0:00,310
11/24/2020,6:00,0
11/24/2020,12:00,180
11/24/2020,18:00,930
11/25/2020,0:00,310
11/25/2020,6:00,0
11/25/2020,12:00,140
11/25/2020,18:00,680
11/26/2020,0:00,83
11/26/2020,6:00,0
11/26/2020,12:00,40
11/26/2020,18:00,500
11/27/2020,0:00,278
11/27/2020,6:00,0
11/27/2020,12:00,160
11/27/2020,18:00,920
11/28/2020,0:00,305
11/28/2020,6:00,0
11/28/2020,12:00,170
11/28/2020,18:00,780
11/29/2020,0:00,165
11/29/2020,6:00,0
11/29/2020,12:00,170
11/29/2020,18:00,710
11/30/2020,0:00,310
11/30/2020,6:00,0
11/30/2020,12:00,90
11/30/2020,18:00,790
12/1/2020,0:00,310
12/1/2020,6:00,0
12/1/2020,12:00,110
12/1/2020,18:00,970
12/2/2020,0:00,319
12/2/2020,6:00,0
12/2/2020,12:00,170
12/2/2020,18:00,760
12/3/2020,0:00,51
12/3/2020,6:00,0
12/3/2020,12:00,110
12/3/2020,18:00,780
12/4/2020,0:00,330
12/4/2020,6:00,0
12/4/2020,12:00,190
12/4/2020,18:00,990
12/5/2020,0:00,288
12/5/2020,6:00,0
12/5/2020,12:00,130
12/5/2020,18:00,890
12/6/2020,0:00,313
12/6/2020,6:00,0
12/6/2020,12:00,180
12/6/2020,18:00,860
12/7/2020,0:00,330
12/7/2020,6:00,0
12/7/2020,12:00,140
12/7/2020,18:00,780
12/8/2020,0:00,340
12/8/2020,6:00,0
12/8/2020,12:00,180
12/8/2020,18:00,990
12/9/2020,0:00,337
12/9/2020,6:00,0
12/9/2020,12:00,180
12/9/2020,18:00,980
12/10/2020,0:00,338
12/10/2020,6:00,0
12/10/2020,12:00,180
12/10/2020,18:00,990
12/11/2020,0:00,344
12/11/2020,6:00,0
12/11/2020,12:00,180
12/11/2020,18:00,980
12/12/2020,0:00,320
12/12/2020,6:00,0
12/12/2020,12:00,170
12/12/2020,18:00,920
12/13/2020,0:00,120
12/13/2020,6:00,0
12/13/2020,12:00,120
12/13/2020,18:00,280
12/14/2020,0:00,230
12/14/2020,6:00,0
12/14/2020,12:00,160
12/14/2020,18:00,980
12/15/2020,0:00,350
12/15/2020,6:00,0
12/15/2020,12:00,180
12/15/2020,18:00,980
12/16/2020,0:00,340
12/16/2020,6:00,0
12/16/2020,12:00,160
12/16/2020,18:00,780
12/17/2020,0:00,100
12/17/2020,6:00,0
12/17/2020,12:00,160
12/17/2020,18:00,980
12/18/2020,0:00,350
12/18/2020,6:00,0
12/18/2020,12:00,170
12/18/2020,18:00,970
12/19/2020,0:00,350
12/19/2020,6:00,0
12/19/2020,12:00,30
12/19/2020,18:00,260
12/20/2020,0:00,230
12/20/2020,6:00,0
12/20/2020,12:00,180
12/20/2020,18:00,990
12/21/2020,0:00,360
12/21/2020,6:00,0
12/21/2020,12:00,180
12/21/2020,18:00,1010
12/22/2020,0:00,370
12/22/2020,6:00,0
12/22/2020,12:00,180
12/22/2020,18:00,1020
12/23/2020,0:00,370
12/23/2020,6:00,0
12/23/2020,12:00,170
12/23/2020,18:00,1000
12/24/2020,0:00,368
12/24/2020,6:00,0
12/24/2020,12:00,170
12/24/2020,18:00,1000
12/25/2020,0:00,366
12/25/2020,6:00,0
12/25/2020,12:00,160
12/25/2020,18:00,950
12/26/2020,0:00,332
12/26/2020,6:00,0
12/26/2020,12:00,140
12/26/2020,18:00,810
12/27/2020,0:00,57
12/27/2020,6:00,0
12/27/2020,12:00,160
12/27/2020,18:00,970
12/28/2020,0:00,280
12/28/2020,6:00,0
12/28/2020,12:00,160
12/28/2020,18:00,970
12/29/2020,0:00,314
12/29/2020,6:00,0
12/29/2020,12:00,160
12/29/2020,18:00,690
12/30/2020,0:00,220
12/30/2020,6:00,0
12/30/2020,12:00,160
12/30/2020,18:00,710
12/31/2020,0:00,140
12/31/2020,6:00,0
12/31/2020,12:00,170
12/31/2020,18:00,1010
1/1/2021,0:00,380
1/1/2021,6:00,0
1/1/2021,12:00,160
1/1/2021,18:00,990
1/2/2021,0:00,370
1/2/2021,6:00,0
1/2/2021,12:00,160
1/2/2021,18:00,1000
1/3/2021,0:00,370
1/3/2021,6:00,0
1/3/2021,12:00,160
1/3/2021,18:00,990
1/4/2021,0:00,370
1/4/2021,6:00,0
1/4/2021,12:00,130
1/4/2021,18:00,730
1/5/2021,0:00,160
1/5/2021,6:00,0
1/5/2021,12:00,90
1/5/2021,18:00,900
1/6/2021,0:00,320
1/6/2021,6:00,0
1/6/2021,12:00,130
1/6/2021,18:00,740
1/7/2021,0:00,310
1/7/2021,6:00,0
1/7/2021,12:00,150
1/7/2021,18:00,970
1/8/2021,0:00,370
1/8/2021,6:00,0
1/8/2021,12:00,150
1/8/2021,18:00,1000
1/9/2021,0:00,381
1/9/2021,6:00,0
1/9/2021,12:00,150
1/9/2021,18:00,920
1/10/2021,0:00,151
1/10/2021,6:00,0
1/10/2021,12:00,140
1/10/2021,18:00,950
1/11/2021,0:00,369
1/11/2021,6:00,0
1/11/2021,12:00,120
1/11/2021,18:00,740
1/12/2021,0:00,220
1/12/2021,6:00,0
1/12/2021,12:00,30
1/12/2021,18:00,440
1/13/2021,0:00,105
1/13/2021,6:00,0
1/13/2021,12:00,140
1/13/2021,18:00,950
1/14/2021,0:00,368
1/14/2021,6:00,0
1/14/2021,12:00,140
1/14/2021,18:00,960
1/15/2021,0:00,370
1/15/2021,6:00,0
1/15/2021,12:00,140
1/15/2021,18:00,740
1/16/2021,0:00,203
1/16/2021,6:00,0
1/16/2021,12:00,120
1/16/2021,18:00,820
1/17/2021,0:00,250
1/17/2021,6:00,0
1/17/2021,12:00,130
1/17/2021,18:00,880
1/18/2021,0:00,349
1/18/2021,6:00,0
1/18/2021,12:00,140
1/18/2021,18:00,990
1/19/2021,0:00,381
1/19/2021,6:00,0
1/19/2021,12:00,140
1/19/2021,18:00,980
1/20/2021,0:00,383
1/20/2021,6:00,0
1/20/2021,12:00,130
1/20/2021,18:00,940
1/21/2021,0:00,347
1/21/2021,6:00,0
1/21/2021,12:00,127
1/21/2021,18:00,870
1/22/2021,0:00,353
1/22/2021,6:00,0
1/22/2021,12:00,130
1/22/2021,18:00,660
1/23/2021,0:00,166
1/23/2021,6:00,0
1/23/2021,12:00,120
1/23/2021,18:00,920
1/24/2021,0:00,286
1/24/2021,6:00,0
1/24/2021,12:00,120
1/24/2021,18:00,890
1/25/2021,0:00,268
1/25/2021,6:00,0
1/25/2021,12:00,120
1/25/2021,18:00,690
1/26/2021,0:00,136
1/26/2021,6:00,0
1/26/2021,12:00,90
1/26/2021,18:00,290
1/27/2021,0:00,21
1/27/2021,6:00,0
1/27/2021,12:00,40
1/27/2021,18:00,650
1/28/2021,0:00,221
1/28/2021,6:00,0
1/28/2021,12:00,120
1/28/2021,18:00,850
1/29/2021,0:00,347
1/29/2021,6:00,0
1/29/2021,12:00,100
1/29/2021,18:00,850
1/30/2021,0:00,266
1/30/2021,6:00,0
1/30/2021,12:00,110
1/30/2021,18:00,900
1/31/2021,0:00,259
1/31/2021,6:00,0
1/31/2021,12:00,113
1/31/2021,18:00,660
2/1/2021,0:00,327
2/1/2021,6:00,0
2/1/2021,12:00,110
2/1/2021,18:00,900
2/2/2021,0:00,272
2/2/2021,6:00,0
2/2/2021,12:00,80
2/2/2021,18:00,750
2/3/2021,0:00,194
2/3/2021,6:00,0
2/3/2021,12:00,60
2/3/2021,18:00,650
2/4/2021,0:00,129
2/4/2021,6:00,0
2/4/2021,12:00,95
2/4/2021,18:00,870
2/5/2021,0:00,331
2/5/2021,6:00,0
2/5/2021,12:00,117
2/5/2021,18:00,940
2/6/2021,0:00,356
2/6/2021,6:00,0
2/6/2021,12:00,116
2/6/2021,18:00,940
2/7/2021,0:00,354
2/7/2021,6:00,0
2/7/2021,12:00,114
2/7/2021,18:00,930
2/8/2021,0:00,349
2/8/2021,6:00,0
2/8/2021,12:00,110
2/8/2021,18:00,920
2/9/2021,0:00,347
2/9/2021,6:00,0
2/9/2021,12:00,94
2/9/2021,18:00,340
2/10/2021,0:00,174
2/10/2021,6:00,0
2/10/2021,12:00,86
2/10/2021,18:00,820
2/11/2021,0:00,311
2/11/2021,6:00,0
2/11/2021,12:00,27
2/11/2021,18:00,530
2/12/2021,0:00,320
2/12/2021,6:00,0
2/12/2021,12:00,15
2/12/2021,18:00,710
2/13/2021,0:00,217
2/13/2021,6:00,0
2/13/2021,12:00,103
2/13/2021,18:00,790
2/14/2021,0:00,130
2/14/2021,6:00,0
2/14/2021,12:00,66
2/14/2021,18:00,779
2/15/2021,0:00,214
2/15/2021,6:00,0
2/15/2021,12:00,89
2/15/2021,18:00,719
2/16/2021,0:00,314
2/16/2021,6:00,0
2/16/2021,12:00,101
2/16/2021,18:00,900
2/17/2021,0:00,327
2/17/2021,6:00,0
2/17/2021,12:00,104
2/17/2021,18:00,900
2/18/2021,0:00,173
2/18/2021,6:00,0
2/18/2021,12:00,98
2/18/2021,18:00,681
2/19/2021,0:00,164
2/19/2021,6:00,0
2/19/2021,12:00,102
2/19/2021,18:00,902
2/20/2021,0:00,320
2/20/2021,6:00,0
2/20/2021,12:00,98
2/20/2021,18:00,811
2/21/2021,0:00,204
2/21/2021,6:00,0
2/21/2021,12:00,98
2/21/2021,18:00,887
2/22/2021,0:00,318
2/22/2021,6:00,0
2/22/2021,12:00,81
2/22/2021,18:00,801
2/23/2021,0:00,308
2/23/2021,6:00,0
2/23/2021,12:00,85
2/23/2021,18:00,629
2/24/2021,0:00,82
2/24/2021,6:00,0
2/24/2021,12:00,93
2/24/2021,18:00,875
2/25/2021,0:00,289
2/25/2021,6:00,0
2/25/2021,12:00,100
2/25/2021,18:00,891
2/26/2021,0:00,315
2/26/2021,6:00,0
2/26/2021,12:00,90
2/26/2021,18:00,864
2/27/2021,0:00,275
2/27/2021,6:00,0
2/27/2021,12:00,90
2/27/2021,18:00,857
2/28/2021,0:00,203
2/28/2021,6:00,0
2/28/2021,12:00,89
2/28/2021,18:00,863
3/1/2021,0:00,298
3/1/2021,6:00,0
3/1/2021,12:00,86
3/1/2021,18:00,845
3/2/2021,0:00,289
3/2/2021,6:00,0
3/2/2021,12:00,83
3/2/2021,18:00,793
3/3/2021,0:00,207
3/3/2021,6:00,0
3/3/2021,12:00,75
3/3/2021,18:00,804
3/4/2021,0:00,105
3/4/2021,6:00,0
3/4/2021,12:00,55
3/4/2021,18:00,185
3/5/2021,0:00,154
3/5/2021,6:00,0
3/5/2021,12:00,80
3/5/2021,18:00,633
3/6/2021,0:00,279
3/6/2021,6:00,0
3/6/2021,12:00,90
3/6/2021,18:00,857
3/7/2021,0:00,289
3/7/2021,6:00,0
3/7/2021,12:00,80
3/7/2021,18:00,852
3/8/2021,0:00,284
3/8/2021,6:00,0
3/8/2021,12:00,80
3/8/2021,18:00,839
3/9/2021,0:00,264
3/9/2021,6:00,0
3/9/2021,12:00,80
3/9/2021,18:00,833
3/10/2021,0:00,273
3/10/2021,6:00,0
3/10/2021,12:00,80
3/10/2021,18:00,828
3/11/2021,0:00,272
3/11/2021,6:00,0
3/11/2021,12:00,80
3/11/2021,18:00,826
3/12/2021,0:00,271
3/12/2021,6:00,0
3/12/2021,12:00,80
3/12/2021,18:00,800
3/13/2021,0:00,265
3/13/2021,6:00,0
3/13/2021,12:00,80
3/13/2021,18:00,806
3/14/2021,0:00,217
3/14/2021,6:00,0
3/14/2021,12:00,70
3/14/2021,18:00,793
3/15/2021,0:00,96
3/15/2021,6:00,0
3/15/2021,12:00,70
3/15/2021,18:00,795
3/16/2021,0:00,252
3/16/2021,6:00,0
3/16/2021,12:00,60
3/16/2021,18:00,749
3/17/2021,0:00,119
3/17/2021,6:00,0
3/17/2021,12:00,56
3/17/2021,18:00,719
3/18/2021,0:00,241
3/18/2021,6:00,0
3/18/2021,12:00,72
3/18/2021,18:00,794
3/19/2021,0:00,246
3/19/2021,6:00,0
3/19/2021,12:00,72
3/19/2021,18:00,733
3/20/2021,0:00,227
3/20/2021,6:00,0
3/20/2021,12:00,60
3/20/2021,18:00,649
3/21/2021,0:00,60
3/21/2021,6:00,0
3/21/2021,12:00,10
3/21/2021,18:00,256
3/22/2021,0:00,112
3/22/2021,6:00,0
3/22/2021,12:00,30
3/22/2021,18:00,284
3/23/2021,0:00,60.832
3/23/2021,6:00,0
3/23/2021,12:00,23.86
3/23/2021,18:00,452.208
3/24/2021,0:00,126.864
3/24/2021,6:00,0
3/24/2021,12:00,63.88
3/24/2021,18:00,745.824
3/25/2021,0:00,219.232
3/25/2021,6:00,0
3/25/2021,12:00,64.62
3/25/2021,18:00,741.856
3/26/2021,0:00,193.712
3/26/2021,6:00,0
3/26/2021,12:00,32.04
3/26/2021,18:00,238.08
3/27/2021,0:00,39.2
3/27/2021,6:00,0
3/27/2021,12:00,3.92
3/27/2021,18:00,32.352
3/28/2021,0:00,9.584
3/28/2021,6:00,0
3/28/2021,12:00,63.12
3/28/2021,18:00,756.432
3/29/2021,0:00,218.592
3/29/2021,6:00,0
3/29/2021,12:00,63.744
3/29/2021,18:00,745.6
3/30/2021,0:00,210
3/30/2021,6:00,0
3/30/2021,12:00,60.128
3/30/2021,18:00,435.184
3/31/2021,0:00,98.416
3/31/2021,6:00,0
3/31/2021,12:00,62.84
3/31/2021,18:00,747.408
4/1/2021,0:00,210.16
4/1/2021,6:00,0
4/1/2021,12:00,61.26
4/1/2021,18:00,735.648
4/2/2021,0:00,205.376
4/2/2021,6:00,0
4/2/2021,12:00,58.016
4/2/2021,18:00,723.776
4/3/2021,0:00,122.224
4/3/2021,6:00,0
4/3/2021,12:00,43.52
4/3/2021,18:00,694.208
4/4/2021,0:00,191.456
4/4/2021,6:00,0
4/4/2021,12:00,47.1
4/4/2021,18:00,593.936
4/5/2021,0:00,183.472
4/5/2021,6:00,0
4/5/2021,12:00,55.312
4/5/2021,18:00,344.896
4/6/2021,0:00,52.352
4/6/2021,6:00,0
4/6/2021,12:00,30.66
4/6/2021,18:00,573.088
4/7/2021,0:00,133.968
4/7/2021,6:00,0
4/7/2021,12:00,55.54
4/7/2021,18:00,698.688
4/8/2021,0:00,184.096
4/8/2021,6:00,0
4/8/2021,12:00,50.36
4/8/2021,18:00,607.44
4/9/2021,0:00,179.056
4/9/2021,6:00,0
4/9/2021,12:00,52.24
4/9/2021,18:00,623.344
4/10/2021,0:00,172.4
4/10/2021,6:00,0
4/10/2021,12:00,38.3
4/10/2021,18:00,633.152
4/11/2021,0:00,171.584
4/11/2021,6:00,0
4/11/2021,12:00,32.512
4/11/2021,18:00,206.432
4/12/2021,0:00,135.696
4/12/2021,6:00,0
4/12/2021,12:00,54.272
4/12/2021,18:00,701.424
4/13/2021,0:00,180.224
4/13/2021,6:00,0
4/13/2021,12:00,46.864
4/13/2021,18:00,682.288
4/14/2021,0:00,72
4/14/2021,6:00,0
4/14/2021,12:00,48.576
4/14/2021,18:00,653.024
4/15/2021,0:00,152.224
4/15/2021,6:00,0
4/15/2021,12:00,32.032
4/15/2021,18:00,595.264
4/16/2021,0:00,138.928
4/16/2021,6:00,0
4/16/2021,12:00,39.344
4/16/2021,18:00,293.856
4/17/2021,0:00,132.752
4/17/2021,6:00,0
4/17/2021,12:00,47.648
4/17/2021,18:00,640.208
4/18/2021,0:00,70.928
4/18/2021,6:00,0
4/18/2021,12:00,48.416
4/18/2021,18:00,658.544
4/19/2021,0:00,160.496
4/19/2021,6:00,0
4/19/2021,12:00,47.088
4/19/2021,18:00,650.432
4/20/2021,0:00,157.584
4/20/2021,6:00,0
4/20/2021,12:00,47.28
4/20/2021,18:00,650.416
4/21/2021,0:00,155.264
4/21/2021,6:00,0
4/21/2021,12:00,46.096
4/21/2021,18:00,643.456
4/22/2021,0:00,154.096
4/22/2021,6:00,0
4/22/2021,12:00,45.088
4/22/2021,18:00,557.856
4/23/2021,0:00,106.96
4/23/2021,6:00,0
4/23/2021,12:00,42.768
4/23/2021,18:00,624.736
4/24/2021,0:00,143.04
4/24/2021,6:00,0
4/24/2021,12:00,18.928
4/24/2021,18:00,285.44
4/25/2021,0:00,17.44
4/25/2021,6:00,0
4/25/2021,12:00,40.816
4/25/2021,18:00,598.64
4/26/2021,0:00,147.04
4/26/2021,6:00,0
4/26/2021,12:00,41.792
4/26/2021,18:00,624.832
4/27/2021,0:00,146.288
4/27/2021,6:00,0
4/27/2021,12:00,42.96
4/27/2021,18:00,625.12
4/28/2021,0:00,143.152
4/28/2021,6:00,0
4/28/2021,12:00,43.296
4/28/2021,18:00,630.512
4/29/2021,0:00,143.632
4/29/2021,6:00,0
4/29/2021,12:00,43.296
4/29/2021,18:00,632.608
4/30/2021,0:00,142.976
4/30/2021,6:00,0
4/30/2021,12:00,41.856
4/30/2021,18:00,619.6
5/1/2021,0:00,139.168
5/1/2021,6:00,0
5/1/2021,12:00,40.208
5/1/2021,18:00,605.952
5/2/2021,0:00,134.224
5/2/2021,6:00,0
5/2/2021,12:00,35.168
5/2/2021,18:00,540.832
5/3/2021,0:00,117.344
5/3/2021,6:00,0
5/3/2021,12:00,36.688
5/3/2021,18:00,574.112
5/4/2021,0:00,114.208
5/4/2021,6:00,0
5/4/2021,12:00,8.432
5/4/2021,18:00,182.704
5/5/2021,0:00,38.352
5/5/2021,6:00,0
5/5/2021,12:00,3.536
5/5/2021,18:00,38.672
5/6/2021,0:00,7.552
5/6/2021,6:00,0
5/6/2021,12:00,25.072
5/6/2021,18:00,577.344
5/7/2021,0:00,127.84
5/7/2021,6:00,0
5/7/2021,12:00,37.536
5/7/2021,18:00,596.256
5/8/2021,0:00,128.208
5/8/2021,6:00,0
5/8/2021,12:00,36.48
5/8/2021,18:00,589.36
5/9/2021,0:00,125.28
5/9/2021,6:00,0
5/9/2021,12:00,34.576
5/9/2021,18:00,225.824
5/10/2021,0:00,11.376
5/10/2021,6:00,0
5/10/2021,12:00,5.52
5/10/2021,18:00,125.392
5/11/2021,0:00,5.328
5/11/2021,6:00,0
5/11/2021,12:00,28.32
5/11/2021,18:00,504.208
5/12/2021,0:00,91.696
5/12/2021,6:00,0
5/12/2021,12:00,34.272
5/12/2021,18:00,577.376
5/13/2021,0:00,121.52
5/13/2021,6:00,0
5/13/2021,12:00,34.24
5/13/2021,18:00,574.56
5/14/2021,0:00,109.616
5/14/2021,6:00,0
5/14/2021,12:00,29.072
5/14/2021,18:00,572.336
5/15/2021,0:00,118.368
5/15/2021,6:00,0
5/15/2021,12:00,31.664
5/15/2021,18:00,546.576
5/16/2021,0:00,110.912
5/16/2021,6:00,0
5/16/2021,12:00,23.136
5/16/2021,18:00,491.344
5/17/2021,0:00,108.736
5/17/2021,6:00,0
5/17/2021,12:00,24.96
5/17/2021,18:00,534.752
5/18/2021,0:00,111.52
5/18/2021,6:00,0
5/18/2021,12:00,30.672
5/18/2021,18:00,549.936
5/19/2021,0:00,112.608
5/19/2021,6:00,0
5/19/2021,12:00,20.688
5/19/2021,18:00,441.68
5/20/2021,0:00,93.968
5/20/2021,6:00,0
5/20/2021,12:00,18.864
5/20/2021,18:00,195.024
5/21/2021,0:00,69.776
5/21/2021,6:00,0
5/21/2021,12:00,8.656
5/21/2021,18:00,116.368
5/22/2021,0:00,2.96
5/22/2021,6:00,0
5/22/2021,12:00,8.12
5/22/2021,18:00,221.072
5/23/2021,0:00,106.496
5/23/2021,6:00,0
5/23/2021,12:00,3.632
5/23/2021,18:00,186.96
5/24/2021,0:00,46.24
5/24/2021,6:00,0
5/24/2021,12:00,27.088
5/24/2021,18:00,529.12
5/25/2021,0:00,105.536
5/25/2021,6:00,0
5/25/2021,12:00,27.152
5/25/2021,18:00,531.472
5/26/2021,0:00,106.896
5/26/2021,6:00,0
5/26/2021,12:00,26.448
5/26/2021,18:00,524.608
5/27/2021,0:00,105.184
5/27/2021,6:00,0
5/27/2021,12:00,25.424
5/27/2021,18:00,512.4
5/28/2021,0:00,100.8
5/28/2021,6:00,0
5/28/2021,12:00,2.64
5/28/2021,18:00,52.16
5/29/2021,0:00,30.112
5/29/2021,6:00,0
5/29/2021,12:00,24.56
5/29/2021,18:00,511.456
5/30/2021,0:00,101.84
5/30/2021,6:00,0
5/30/2021,12:00,24.848
5/30/2021,18:00,513.888
5/31/2021,0:00,102.736
5/31/2021,6:00,0
5/31/2021,12:00,24.416
5/31/2021,18:00,510.08
6/1/2021,0:00,99.808
6/1/2021,6:00,0
6/1/2021,12:00,22.992
6/1/2021,18:00,498.128
6/2/2021,0:00,86.08
6/2/2021,6:00,0
6/2/2021,12:00,17.52
6/2/2021,18:00,380.576
6/3/2021,0:00,76.352
6/3/2021,6:00,0
6/3/2021,12:00,22.432
6/3/2021,18:00,485.952
6/4/2021,0:00,97.76
6/4/2021,6:00,0
6/4/2021,12:00,20.672
6/4/2021,18:00,472.352
6/5/2021,0:00,92.88
6/5/2021,6:00,0
6/5/2021,12:00,18.76
6/5/2021,18:00,311.392
6/6/2021,0:00,7.472
6/6/2021,6:00,0
6/6/2021,12:00,8.592
6/6/2021,18:00,269.136
6/7/2021,0:00,45.36
6/7/2021,6:00,0
6/7/2021,12:00,6.68
6/7/2021,18:00,158.368
6/8/2021,0:00,78.688
6/8/2021,6:00,0
6/8/2021,12:00,4.06
6/8/2021,18:00,100.544
6/9/2021,0:00,17.68
6/9/2021,6:00,0
6/9/2021,12:00,6.368
6/9/2021,18:00,161.584
6/10/2021,0:00,26.096
6/10/2021,6:00,0
6/10/2021,12:00,1.632
6/10/2021,18:00,312.96
6/11/2021,0:00,34.88
6/11/2021,6:00,0
6/11/2021,12:00,20.608
6/11/2021,18:00,471.104
6/12/2021,0:00,81.536
6/12/2021,6:00,0
6/12/2021,12:00,19.568
6/12/2021,18:00,477.44
6/13/2021,0:00,94.672
6/13/2021,6:00,0
6/13/2021,12:00,19.856
6/13/2021,18:00,483.392
6/14/2021,0:00,96.672
6/14/2021,6:00,0
6/14/2021,12:00,19.472
6/14/2021,18:00,478
6/15/2021,0:00,95.36
6/15/2021,6:00,0
6/15/2021,12:00,16.512
6/15/2021,18:00,292.336
6/16/2021,0:00,22.128
6/16/2021,6:00,0
6/16/2021,12:00,19.584
6/16/2021,18:00,484.416
6/17/2021,0:00,96.336
6/17/2021,6:00,0
6/17/2021,12:00,18.928
6/17/2021,18:00,479.632
6/18/2021,0:00,96.64
6/18/2021,6:00,0
6/18/2021,12:00,16.74
6/18/2021,18:00,440.352
6/19/2021,0:00,59.2
6/19/2021,6:00,0
6/19/2021,12:00,2.1
6/19/2021,18:00,44.528
6/20/2021,0:00,36.448
6/20/2021,6:00,0
6/20/2021,12:00,18.12
6/20/2021,18:00,469.728
6/21/2021,0:00,95.904
6/21/2021,6:00,0
6/21/2021,12:00,15.808
6/21/2021,18:00,443.248
6/22/2021,0:00,95.152
6/22/2021,6:00,0
6/22/2021,12:00,17.2
6/22/2021,18:00,469.2
6/23/2021,0:00,51.712
6/23/2021,6:00,0
6/23/2021,12:00,2.032
6/23/2021,18:00,63.104
6/24/2021,0:00,17.552
6/24/2021,6:00,0
6/24/2021,12:00,3.088
6/24/2021,18:00,180.72
6/25/2021,0:00,83.952
6/25/2021,6:00,0
6/25/2021,12:00,18.176
6/25/2021,18:00,482.512
6/26/2021,0:00,90.528
6/26/2021,6:00,0
6/26/2021,12:00,3.2
6/26/2021,18:00,40.4
6/27/2021,0:00,3.2
6/27/2021,6:00,0
6/27/2021,12:00,2.688
6/27/2021,18:00,177.52
6/28/2021,0:00,78.976
6/28/2021,6:00,0
6/28/2021,12:00,18.896
6/28/2021,18:00,474.224
6/29/2021,0:00,63.136
6/29/2021,6:00,0
6/29/2021,12:00,18.208
6/29/2021,18:00,474.688
6/30/2021,0:00,49.328
6/30/2021,6:00,0
6/30/2021,12:00,17.808
6/30/2021,18:00,483.344
7/1/2021,0:00,94.272
7/1/2021,6:00,0
7/1/2021,12:00,16.752
7/1/2021,18:00,491.072
7/2/2021,0:00,103.248
7/2/2021,6:00,0
7/2/2021,12:00,14.48
7/2/2021,18:00,449.328
7/3/2021,0:00,84.896
7/3/2021,6:00,0
7/3/2021,12:00,18.16
7/3/2021,18:00,483.92
7/4/2021,0:00,80.656
7/4/2021,6:00,0
7/4/2021,12:00,13.232
7/4/2021,18:00,387.808
7/5/2021,0:00,85.472
7/5/2021,6:00,0
7/5/2021,12:00,17.056
7/5/2021,18:00,473.168
7/6/2021,0:00,99.408
7/6/2021,6:00,0
7/6/2021,12:00,17.488
7/6/2021,18:00,475.616
7/7/2021,0:00,102.656
7/7/2021,6:00,0
7/7/2021,12:00,17.84
7/7/2021,18:00,453.904
7/8/2021,0:00,83.904
7/8/2021,6:00,0
7/8/2021,12:00,17.712
7/8/2021,18:00,478.672
7/9/2021,0:00,103.568
7/9/2021,6:00,0
7/9/2021,12:00,18.48
7/9/2021,18:00,493.744
7/10/2021,0:00,107.712
7/10/2021,6:00,0
7/10/2021,12:00,15.408
7/10/2021,18:00,317.024
7/11/2021,0:00,63.584
7/11/2021,6:00,0
7/11/2021,12:00,17.712
7/11/2021,18:00,398.8
7/12/2021,0:00,93.952
7/12/2021,6:00,0
7/12/2021,12:00,15.552
7/12/2021,18:00,467.008
7/13/2021,0:00,107.36
7/13/2021,6:00,0
7/13/2021,12:00,8.384
7/13/2021,18:00,283.648
7/14/2021,0:00,73.984
7/14/2021,6:00,0
7/14/2021,12:00,12.224
7/14/2021,18:00,214.304
7/15/2021,0:00,19.712
7/15/2021,6:00,0
7/15/2021,12:00,3.088
7/15/2021,18:00,267.664
7/16/2021,0:00,74.112
7/16/2021,6:00,0
7/16/2021,12:00,19.952
7/16/2021,18:00,512.08
7/17/2021,0:00,114.512
7/17/2021,6:00,0
7/17/2021,12:00,20.448
7/17/2021,18:00,507.904
7/18/2021,0:00,41.888
7/18/2021,6:00,0
7/18/2021,12:00,21.744
7/18/2021,18:00,532.912
7/19/2021,0:00,121.696
7/19/2021,6:00,0
7/19/2021,12:00,21.728
7/19/2021,18:00,531.152
7/20/2021,0:00,121.712
7/20/2021,6:00,0
7/20/2021,12:00,19.888
7/20/2021,18:00,461.648
7/21/2021,0:00,118.608
7/21/2021,6:00,0
7/21/2021,12:00,23.168
7/21/2021,18:00,540.912
7/22/2021,0:00,125.968
7/22/2021,6:00,0
7/22/2021,12:00,21.92
7/22/2021,18:00,521.568
7/23/2021,0:00,97.104
7/23/2021,6:00,0
7/23/2021,12:00,22.224
7/23/2021,18:00,527.536
7/24/2021,0:00,123.28
7/24/2021,6:00,0
7/24/2021,12:00,22.224
7/24/2021,18:00,513.824
7/25/2021,0:00,118.944
7/25/2021,6:00,0
7/25/2021,12:00,21.856
7/25/2021,18:00,443.808
7/26/2021,0:00,120.016
7/26/2021,6:00,0
7/26/2021,12:00,7.968
7/26/2021,18:00,135.664
7/27/2021,0:00,31.84
7/27/2021,6:00,0
7/27/2021,12:00,25.184
7/27/2021,18:00,568.928
7/28/2021,0:00,132.592
7/28/2021,6:00,0
7/28/2021,12:00,25.328
7/28/2021,18:00,422.096
7/29/2021,0:00,28.768
7/29/2021,6:00,0
7/29/2021,12:00,25.904
7/29/2021,18:00,561.152
7/30/2021,0:00,133.024
7/30/2021,6:00,0
7/30/2021,12:00,26.256
7/30/2021,18:00,561.52
7/31/2021,0:00,133.936
7/31/2021,6:00,0
7/31/2021,12:00,26.144
7/31/2021,18:00,558.096
8/1/2021,0:00,131.104
8/1/2021,6:00,0
8/1/2021,12:00,26.528
8/1/2021,18:00,558
8/2/2021,0:00,134.128
8/2/2021,6:00,0
8/2/2021,12:00,28.416
8/2/2021,18:00,578.304
8/3/2021,0:00,140.144
8/3/2021,6:00,0
8/3/2021,12:00,29.2
8/3/2021,18:00,552.048
8/4/2021,0:00,140.736
8/4/2021,6:00,0
8/4/2021,12:00,25.248
8/4/2021,18:00,519.92
8/5/2021,0:00,106.592
8/5/2021,6:00,0
8/5/2021,12:00,26.032
8/5/2021,18:00,564.656
8/6/2021,0:00,131.888
8/6/2021,6:00,0
8/6/2021,12:00,19.008
8/6/2021,18:00,526.48
8/7/2021,0:00,127.008
8/7/2021,6:00,0
8/7/2021,12:00,29.424
8/7/2021,18:00,567.104
8/8/2021,0:00,138.912
8/8/2021,6:00,0
8/8/2021,12:00,30.56
8/8/2021,18:00,575.088
8/9/2021,0:00,140.688
8/9/2021,6:00,0
8/9/2021,12:00,7.792
8/9/2021,18:00,249.328
8/10/2021,0:00,109.12
8/10/2021,6:00,0
8/10/2021,12:00,3.008
8/10/2021,18:00,165.84
8/11/2021,0:00,38.144
8/11/2021,6:00,0
8/11/2021,12:00,35.312
8/11/2021,18:00,623.696
8/12/2021,0:00,156.016
8/12/2021,6:00,0
8/12/2021,12:00,25.264
8/12/2021,18:00,513.2
8/13/2021,0:00,110.064
8/13/2021,6:00,0
8/13/2021,12:00,34.64
8/13/2021,18:00,602.992
8/14/2021,0:00,129.744
8/14/2021,6:00,0
8/14/2021,12:00,30.56
8/14/2021,18:00,555.008
8/15/2021,0:00,143.424
8/15/2021,6:00,0
8/15/2021,12:00,36.32
8/15/2021,18:00,571.088
8/16/2021,0:00,153.792
8/16/2021,6:00,0
8/16/2021,12:00,38
8/16/2021,18:00,608.72
8/17/2021,0:00,143.488
8/17/2021,6:00,0
8/17/2021,12:00,36.4
8/17/2021,18:00,605.712
8/18/2021,0:00,150.352
8/18/2021,6:00,0
8/18/2021,12:00,30.048
8/18/2021,18:00,606.736
8/19/2021,0:00,152.112
8/19/2021,6:00,0
8/19/2021,12:00,40.032
8/19/2021,18:00,625.52
8/20/2021,0:00,156.4
8/20/2021,6:00,0
8/20/2021,12:00,18.944
8/20/2021,18:00,239.584
8/21/2021,0:00,67.184
8/21/2021,6:00,0
8/21/2021,12:00,19.552
8/21/2021,18:00,371.456
8/22/2021,0:00,157.376
8/22/2021,6:00,0
8/22/2021,12:00,42.56
8/22/2021,18:00,265.248
8/23/2021,0:00,72.4
8/23/2021,6:00,0
8/23/2021,12:00,7.696
8/23/2021,18:00,364.512
8/24/2021,0:00,157.84
8/24/2021,6:00,0
8/24/2021,12:00,27.136
8/24/2021,18:00,545.184
8/25/2021,0:00,54.496
8/25/2021,6:00,0
8/25/2021,12:00,5.088
8/25/2021,18:00,51.184
8/26/2021,0:00,5.792
8/26/2021,6:00,0
8/26/2021,12:00,49.728
8/26/2021,18:00,682.384
8/27/2021,0:00,175.344
8/27/2021,6:00,0
8/27/2021,12:00,52.352
8/27/2021,18:00,693.344
8/28/2021,0:00,176.096
8/28/2021,6:00,0
8/28/2021,12:00,51.552
8/28/2021,18:00,675.408
8/29/2021,0:00,146.768
8/29/2021,6:00,0
8/29/2021,12:00,51.808
8/29/2021,18:00,678.992
8/30/2021,0:00,171.248
8/30/2021,6:00,0
8/30/2021,12:00,52.064
8/30/2021,18:00,672.32
8/31/2021,0:00,172.736
8/31/2021,6:00,0
8/31/2021,12:00,54.192
8/31/2021,18:00,682.832
9/1/2021,0:00,174.816
9/1/2021,6:00,0
9/1/2021,12:00,46.512
9/1/2021,18:00,626.96
9/2/2021,0:00,153.312
9/2/2021,6:00,0
9/2/2021,12:00,20.976
9/2/2021,18:00,409.856
9/3/2021,0:00,16.016
9/3/2021,6:00,0
9/3/2021,12:00,13.136
9/3/2021,18:00,397.792
9/4/2021,0:00,152.752
9/4/2021,6:00,0
9/4/2021,12:00,46.832
9/4/2021,18:00,612.736
9/5/2021,0:00,28.56
9/5/2021,6:00,0
9/5/2021,12:00,15.744
9/5/2021,18:00,561.024
9/6/2021,0:00,182.56
9/6/2021,6:00,0
9/6/2021,12:00,43.008
9/6/2021,18:00,486.976
9/7/2021,0:00,44.96
9/7/2021,6:00,0
9/7/2021,12:00,28.512
9/7/2021,18:00,331.344
9/8/2021,0:00,122.08
9/8/2021,6:00,0
9/8/2021,12:00,12.352
9/8/2021,18:00,44.08
9/9/2021,0:00,36.08
9/9/2021,6:00,0
9/9/2021,12:00,10.32
9/9/2021,18:00,221.568
9/10/2021,0:00,117.216
9/10/2021,6:00,0
9/10/2021,12:00,15.696
9/10/2021,18:00,311.008
9/11/2021,0:00,74.528
9/11/2021,6:00,0
9/11/2021,12:00,72.368
9/11/2021,18:00,751.68
9/12/2021,0:00,196.688
9/12/2021,6:00,0
9/12/2021,12:00,70.096
9/12/2021,18:00,633.84
9/13/2021,0:00,167.136
9/13/2021,6:00,0
9/13/2021,12:00,11.296
9/13/2021,18:00,240.176
9/14/2021,0:00,106.08
9/14/2021,6:00,0
9/14/2021,12:00,10.56
9/14/2021,18:00,324.608
9/15/2021,0:00,137.584
9/15/2021,6:00,0
9/15/2021,12:00,83.024
9/15/2021,18:00,793.184
9/16/2021,0:00,207.392
9/16/2021,6:00,0
9/16/2021,12:00,83.888
9/16/2021,18:00,793.424
9/17/2021,0:00,205.248
9/17/2021,6:00,0
9/17/2021,12:00,79.504
9/17/2021,18:00,247.584
9/18/2021,0:00,27.68
9/18/2021,6:00,0
9/18/2021,12:00,37.92
9/18/2021,18:00,648.928
9/19/2021,0:00,124.016
9/19/2021,6:00,0
9/19/2021,12:00,70.08
9/19/2021,18:00,549.536
9/20/2021,0:00,134.976
9/20/2021,6:00,0
9/20/2021,12:00,48.432
9/20/2021,18:00,472.32
9/21/2021,0:00,138.816
9/21/2021,6:00,0
9/21/2021,12:00,59.264
9/21/2021,18:00,752.944
9/22/2021,0:00,184.416
9/22/2021,6:00,0
9/22/2021,12:00,76.624
9/22/2021,18:00,777.408
9/23/2021,0:00,210.8
9/23/2021,6:00,0
9/23/2021,12:00,4.08
9/23/2021,18:00,293.44
9/24/2021,0:00,162.416
9/24/2021,6:00,0
9/24/2021,12:00,94.048
9/24/2021,18:00,804.912
9/25/2021,0:00,213.216
9/25/2021,6:00,0
9/25/2021,12:00,98.208
9/25/2021,18:00,822.912
9/26/2021,0:00,218.4
9/26/2021,6:00,0
9/26/2021,12:00,100.896
9/26/2021,18:00,829.936
9/27/2021,0:00,221.376
9/27/2021,6:00,0
9/27/2021,12:00,102.528
9/27/2021,18:00,835.232
9/28/2021,0:00,218.88
9/28/2021,6:00,0
9/28/2021,12:00,64.4
9/28/2021,18:00,190.352
9/29/2021,0:00,14.368
9/29/2021,6:00,0
9/29/2021,12:00,81.552
9/29/2021,18:00,333.392
9/30/2021,0:00,100.128
9/30/2021,6:00,0
9/30/2021,12:00,86.096
9/30/2021,18:00,707.936
10/1/2021,0:00,18.768
10/1/2021,6:00,0
10/1/2021,12:00,34.464
10/1/2021,18:00,487.728
10/2/2021,0:00,221.488
10/2/2021,6:00,0
10/2/2021,12:00,87.616
10/2/2021,18:00,686.448
10/3/2021,0:00,66.256
10/3/2021,6:00,0
10/3/2021,12:00,73.776
10/3/2021,18:00,668.9
10/4/2021,0:00,157.888
10/4/2021,6:00,0
10/4/2021,12:00,119.552
10/4/2021,18:00,872.94
10/5/2021,0:00,234.704
10/5/2021,6:00,0
10/5/2021,12:00,119.92
10/5/2021,18:00,877.376
10/6/2021,0:00,235.552
10/6/2021,6:00,0
10/6/2021,12:00,47.792
10/6/2021,18:00,401.456
10/7/2021,0:00,73.36
10/7/2021,6:00,0
10/7/2021,12:00,120.496
10/7/2021,18:00,854.768
10/8/2021,0:00,237.12
10/8/2021,6:00,0
10/8/2021,12:00,69.664
10/8/2021,18:00,705.504
10/9/2021,0:00,189.296
10/9/2021,6:00,0
10/9/2021,12:00,89.9
10/9/2021,18:00,612.176
10/10/2021,0:00,89.072
10/10/2021,6:00,0
10/10/2021,12:00,10.864
10/10/2021,18:00,225.28
10/11/2021,0:00,128.72
10/11/2021,6:00,0
10/11/2021,12:00,26.08
10/11/2021,18:00,226.98
10/12/2021,0:00,60.544
10/12/2021,6:00,0
10/12/2021,12:00,128.24
10/12/2021,18:00,879.04
10/13/2021,0:00,239.264
10/13/2021,6:00,0
10/13/2021,12:00,100.82
10/13/2021,18:00,731.5
10/14/2021,0:00,24.72
10/14/2021,6:00,0
10/14/2021,12:00,82.832
10/14/2021,18:00,661.52
10/15/2021,0:00,239.008
10/15/2021,6:00,0
10/15/2021,12:00,28.3
10/15/2021,18:00,150.06
10/16/2021,0:00,65.328
10/16/2021,6:00,0
10/16/2021,12:00,127.64
10/16/2021,18:00,656.56
10/17/2021,0:00,246.048
10/17/2021,6:00,0
10/17/2021,12:00,125.34
10/17/2021,18:00,909.86
10/18/2021,0:00,252.656
10/18/2021,6:00,0
10/18/2021,12:00,129.88
10/18/2021,18:00,905.16
10/19/2021,0:00,253.024
10/19/2021,6:00,0
10/19/2021,12:00,142.8
10/19/2021,18:00,914.48
10/20/2021,0:00,252.368
10/20/2021,6:00,0
10/20/2021,12:00,143.824
10/20/2021,18:00,914.2
10/21/2021,0:00,254.016
10/21/2021,6:00,0
10/21/2021,12:00,145.616
10/21/2021,18:00,914.22
10/22/2021,0:00,256.048
10/22/2021,6:00,0
10/22/2021,12:00,149.1
10/22/2021,18:00,924.62
10/23/2021,0:00,255.136
10/23/2021,6:00,0
10/23/2021,12:00,61.344
10/23/2021,18:00,100.4
10/24/2021,0:00,70.864
10/24/2021,6:00,0
10/24/2021,12:00,154.496
10/24/2021,18:00,940.42
10/25/2021,0:00,263.968
10/25/2021,6:00,0
10/25/2021,12:00,153.68
10/25/2021,18:00,933.26
10/26/2021,0:00,262.928
10/26/2021,6:00,0
10/26/2021,12:00,155.8
10/26/2021,18:00,932.12
10/27/2021,0:00,262.448
10/27/2021,6:00,0
10/27/2021,12:00,154.608
10/27/2021,18:00,927.24
10/28/2021,0:00,263.856
10/28/2021,6:00,0
10/28/2021,12:00,158.976
10/28/2021,18:00,909.84
10/29/2021,0:00,258.24
10/29/2021,6:00,0
10/29/2021,12:00,151.38
10/29/2021,18:00,897.72
10/30/2021,0:00,222.976
10/30/2021,6:00,0
10/30/2021,12:00,136.36
10/30/2021,18:00,861.56
10/31/2021,0:00,64.432
10/31/2021,6:00,0
10/31/2021,12:00,155.84
10/31/2021,18:00,907.9
11/1/2021,0:00,69.712
11/1/2021,6:00,0
11/1/2021,12:00,149.86
11/1/2021,18:00,856.86
11/2/2021,0:00,112.096
11/2/2021,6:00,0
11/2/2021,12:00,146.84
11/2/2021,18:00,838.6
11/3/2021,0:00,205.504
11/3/2021,6:00,0
11/3/2021,12:00,33.12
11/3/2021,18:00,743.12
11/4/2021,0:00,177.28
11/4/2021,6:00,0
11/4/2021,12:00,162.76
11/4/2021,18:00,925.56
11/5/2021,0:00,208.032
11/5/2021,6:00,0
11/5/2021,12:00,136.24
11/5/2021,18:00,521.98
11/6/2021,0:00,137.824
11/6/2021,6:00,0
11/6/2021,12:00,80.96
11/6/2021,18:00,213.8
11/7/2021,0:00,79.968
11/7/2021,6:00,0
11/7/2021,12:00,57.28
11/7/2021,18:00,928.08
11/8/2021,0:00,165.824
11/8/2021,6:00,0
11/8/2021,12:00,169.48
11/8/2021,18:00,950.98
11/9/2021,0:00,281.312
11/9/2021,6:00,0
11/9/2021,12:00,173.94
11/9/2021,18:00,965.94
11/10/2021,0:00,286.144
11/10/2021,6:00,0
11/10/2021,12:00,164.24
11/10/2021,18:00,827.78
11/11/2021,0:00,225.68
11/11/2021,6:00,0
11/11/2021,12:00,172.48
11/11/2021,18:00,951.14
11/12/2021,0:00,284.688
11/12/2021,6:00,0
11/12/2021,12:00,170.14
11/12/2021,18:00,943.3
11/13/2021,0:00,247.6
11/13/2021,6:00,0
11/13/2021,12:00,171.3
11/13/2021,18:00,944.88
11/14/2021,0:00,233.536
11/14/2021,6:00,0
11/14/2021,12:00,143.34
11/14/2021,18:00,406.56
11/15/2021,0:00,83.84
11/15/2021,6:00,0
11/15/2021,12:00,138.28
11/15/2021,18:00,935.28
11/16/2021,0:00,276.784
11/16/2021,6:00,0
11/16/2021,12:00,95.4
11/16/2021,18:00,306.92
11/17/2021,0:00,63.776
11/17/2021,6:00,0
11/17/2021,12:00,9.64
11/17/2021,18:00,654.32
11/18/2021,0:00,263.36
11/18/2021,6:00,0
11/18/2021,12:00,174.14
11/18/2021,18:00,976.36
11/19/2021,0:00,303.744
11/19/2021,6:00,0
11/19/2021,12:00,182.76
11/19/2021,18:00,982.8
11/20/2021,0:00,306.512
11/20/2021,6:00,0
11/20/2021,12:00,183.06
11/20/2021,18:00,981.76
11/21/2021,0:00,307.824
11/21/2021,6:00,0
11/21/2021,12:00,182.6
11/21/2021,18:00,982.16
11/22/2021,0:00,308.944
11/22/2021,6:00,0
11/22/2021,12:00,180.32
11/22/2021,18:00,968.32
11/23/2021,0:00,292.72
11/23/2021,6:00,0
11/23/2021,12:00,164.84
11/23/2021,18:00,898.94
11/24/2021,0:00,313.456
11/24/2021,6:00,0
11/24/2021,12:00,188.46
11/24/2021,18:00,1002.96
11/25/2021,0:00,320.4
11/25/2021,6:00,0
11/25/2021,12:00,165.28
11/25/2021,18:00,104.1
11/26/2021,0:00,50.336
11/26/2021,6:00,0
11/26/2021,12:00,78.12
11/26/2021,18:00,909.8
11/27/2021,0:00,216.688
11/27/2021,6:00,0
11/27/2021,12:00,125.34
11/27/2021,18:00,894.4
11/28/2021,0:00,311.92
11/28/2021,6:00,0
11/28/2021,12:00,38.6
11/28/2021,18:00,85.88
11/29/2021,0:00,106.16
11/29/2021,6:00,0
11/29/2021,12:00,177.76
11/29/2021,18:00,930.66
11/30/2021,0:00,304.208
11/30/2021,6:00,0
11/30/2021,12:00,182.74
11/30/2021,18:00,990
12/1/2021,0:00,328
12/1/2021,6:00,0
12/1/2021,12:00,183.78
12/1/2021,18:00,984.46
12/2/2021,0:00,317.264
12/2/2021,6:00,0
12/2/2021,12:00,180.58
12/2/2021,18:00,985.42
12/3/2021,0:00,328.336
12/3/2021,6:00,0
12/3/2021,12:00,184.5
12/3/2021,18:00,992.48
12/4/2021,0:00,329.264
12/4/2021,6:00,0
12/4/2021,12:00,167.54
12/4/2021,18:00,943.4
12/5/2021,0:00,251.44
12/5/2021,6:00,0
12/5/2021,12:00,174.52
12/5/2021,18:00,964.14
12/6/2021,0:00,324.3
12/6/2021,6:00,0
12/6/2021,12:00,178.54
12/6/2021,18:00,978.66
12/7/2021,0:00,324.04
12/7/2021,6:00,0
12/7/2021,12:00,181.18
12/7/2021,18:00,994.5
12/8/2021,0:00,341.96
12/8/2021,6:00,0
12/8/2021,12:00,182
12/8/2021,18:00,992.5
12/9/2021,0:00,343.82
12/9/2021,6:00,0
12/9/2021,12:00,185.2
12/9/2021,18:00,1006.18
12/10/2021,0:00,344.28
12/10/2021,6:00,0
12/10/2021,12:00,179.38
12/10/2021,18:00,975.46
12/11/2021,0:00,293.536
12/11/2021,6:00,0
12/11/2021,12:00,170.82
12/11/2021,18:00,884.8
12/12/2021,0:00,304.96
12/12/2021,6:00,0
12/12/2021,12:00,115.38
12/12/2021,18:00,815.98
12/13/2021,0:00,300.656
12/13/2021,6:00,0
12/13/2021,12:00,137.2
12/13/2021,18:00,431.94
12/14/2021,0:00,76.58
12/14/2021,6:00,0
12/14/2021,12:00,12.54
12/14/2021,18:00,209.18
12/15/2021,0:00,242.02
12/15/2021,6:00,0
12/15/2021,12:00,56.88
12/15/2021,18:00,741.64
12/16/2021,0:00,339.42
12/16/2021,6:00,0
12/16/2021,12:00,145.7
12/16/2021,18:00,993.84
12/17/2021,0:00,352.06
12/17/2021,6:00,0
12/17/2021,12:00,174.72
12/17/2021,18:00,991.9
12/18/2021,0:00,350.12
12/18/2021,6:00,0
12/18/2021,12:00,156.82
12/18/2021,18:00,971.04
12/19/2021,0:00,347.54
12/19/2021,6:00,0
12/19/2021,12:00,164.4
12/19/2021,18:00,963.56
12/20/2021,0:00,345.3
12/20/2021,6:00,0
12/20/2021,12:00,165.22
12/20/2021,18:00,959.26
12/21/2021,0:00,296.4
12/21/2021,6:00,0
12/21/2021,12:00,165.96
12/21/2021,18:00,958.08
12/22/2021,0:00,254.68
12/22/2021,6:00,0
12/22/2021,12:00,161.86
12/22/2021,18:00,904.96
12/23/2021,0:00,302.28
12/23/2021,6:00,0
12/23/2021,12:00,174.48
12/23/2021,18:00,1007.42
12/24/2021,0:00,366.8
12/24/2021,6:00,0
12/24/2021,12:00,172.56
12/24/2021,18:00,1004.72
12/25/2021,0:00,367.3
12/25/2021,6:00,0
12/25/2021,12:00,170.32
12/25/2021,18:00,986.22
12/26/2021,0:00,260.86
12/26/2021,6:00,0
12/26/2021,12:00,155.54
12/26/2021,18:00,978.04
12/27/2021,0:00,366.336
12/27/2021,6:00,0
12/27/2021,12:00,167.16
12/27/2021,18:00,996.9
12/28/2021,0:00,363.776
12/28/2021,6:00,0
12/28/2021,12:00,168.06
12/28/2021,18:00,1007.72
12/29/2021,0:00,369.296
12/29/2021,6:00,0
12/29/2021,12:00,86.76
12/29/2021,18:00,885.5
12/30/2021,0:00,359.312
12/30/2021,6:00,0
12/30/2021,12:00,157.6
12/30/2021,18:00,962
12/31/2021,0:00,267.104
12/31/2021,6:00,0
12/31/2021,12:00,155.74
12/31/2021,18:00,961.94
1/1/2022,0:00,363.94
1/1/2022,6:00,0
1/1/2022,12:00,158
1/1/2022,18:00,969.56
1/2/2022,0:00,359.14
1/2/2022,6:00,0
1/2/2022,12:00,130.04
1/2/2022,18:00,770.66
1/3/2022,0:00,240.768
1/3/2022,6:00,0
1/3/2022,12:00,151.06
1/3/2022,18:00,881.34
1/4/2022,0:00,206.896
1/4/2022,6:00,0
1/4/2022,12:00,119.06
1/4/2022,18:00,642.38
1/5/2022,0:00,217.08
1/5/2022,6:00,0
1/5/2022,12:00,64.78
1/5/2022,18:00,876.14
1/6/2022,0:00,369.14
1/6/2022,6:00,0
1/6/2022,12:00,156.62
1/6/2022,18:00,991.66
1/7/2022,0:00,377.52
1/7/2022,6:00,0
1/7/2022,12:00,154.24
1/7/2022,18:00,987.58
1/8/2022,0:00,378.272
1/8/2022,6:00,0
1/8/2022,12:00,130.8
1/8/2022,18:00,791.92
1/9/2022,0:00,330.8
1/9/2022,6:00,0
1/9/2022,12:00,146.848
1/9/2022,18:00,965.98
1/10/2022,0:00,371.344
1/10/2022,6:00,0
1/10/2022,12:00,148.9
1/10/2022,18:00,980.66
1/11/2022,0:00,376.944
1/11/2022,6:00,0
1/11/2022,12:00,148.832
1/11/2022,18:00,983.48
1/12/2022,0:00,376.992
1/12/2022,6:00,0
1/12/2022,12:00,148.624
1/12/2022,18:00,978.3
1/13/2022,0:00,373.664
1/13/2022,6:00,0
1/13/2022,12:00,144.896
1/13/2022,18:00,977.52
1/14/2022,0:00,378.2
1/14/2022,6:00,0
1/14/2022,12:00,138.416
1/14/2022,18:00,833.48
1/15/2022,0:00,206.32
1/15/2022,6:00,0
1/15/2022,12:00,109.184
1/15/2022,18:00,865.72
1/16/2022,0:00,250.352
1/16/2022,6:00,0
1/16/2022,12:00,100.72
1/16/2022,18:00,605.32
1/17/2022,0:00,145.088
1/17/2022,6:00,0
1/17/2022,12:00,101.56
1/17/2022,18:00,885.58
1/18/2022,0:00,196.112
1/18/2022,6:00,0
1/18/2022,12:00,96.944
1/18/2022,18:00,691.72
1/19/2022,0:00,120.224
1/19/2022,6:00,0
1/19/2022,12:00,127.68
1/19/2022,18:00,898.1
1/20/2022,0:00,168.016
1/20/2022,6:00,0
1/20/2022,12:00,130.224
1/20/2022,18:00,889.14
1/21/2022,0:00,223.472
1/21/2022,6:00,0
1/21/2022,12:00,127.64
1/21/2022,18:00,823.82
1/22/2022,0:00,112.896
1/22/2022,6:00,0
1/22/2022,12:00,126.88
1/22/2022,18:00,926.06
1/23/2022,0:00,190.24
1/23/2022,6:00,0
1/23/2022,12:00,125.44
1/23/2022,18:00,787.3
1/24/2022,0:00,120.128
1/24/2022,6:00,0
1/24/2022,12:00,123.48
1/24/2022,18:00,658.9
1/25/2022,0:00,180.176
1/25/2022,6:00,0
1/25/2022,12:00,122.58
1/25/2022,18:00,789.92
1/26/2022,0:00,127.296
1/26/2022,6:00,0
1/26/2022,12:00,114.86
1/26/2022,18:00,410.7
1/27/2022,0:00,35.2
1/27/2022,6:00,0
1/27/2022,12:00,7.82
1/27/2022,18:00,428.98
1/28/2022,0:00,350.784
1/28/2022,6:00,0
1/28/2022,12:00,125.78
1/28/2022,18:00,954.96
1/29/2022,0:00,368.064
1/29/2022,6:00,0
1/29/2022,12:00,125.64
1/29/2022,18:00,960.6
1/30/2022,0:00,370.048
1/30/2022,6:00,0
1/30/2022,12:00,122.68
1/30/2022,18:00,944.02
1/31/2022,0:00,361.792
1/31/2022,6:00,0
1/31/2022,12:00,122.72
1/31/2022,18:00,945.7
2/1/2022,0:00,357.472
2/1/2022,6:00,0
2/1/2022,12:00,117.24
2/1/2022,18:00,925.56
2/2/2022,0:00,354.704
2/2/2022,6:00,0
2/2/2022,12:00,107.1
2/2/2022,18:00,908.94
2/3/2022,0:00,349.056
2/3/2022,6:00,0
2/3/2022,12:00,99.64
2/3/2022,18:00,274.98
2/4/2022,0:00,62.992
2/4/2022,6:00,0
2/4/2022,12:00,92.76
2/4/2022,18:00,684.48
2/5/2022,0:00,102.912
2/5/2022,6:00,0
2/5/2022,12:00,73.728
2/5/2022,18:00,904.78
2/6/2022,0:00,349.76
2/6/2022,6:00,0
2/6/2022,12:00,112.96
2/6/2022,18:00,935.3
2/7/2022,0:00,360.624
2/7/2022,6:00,0
2/7/2022,12:00,117.2
2/7/2022,18:00,941.98
2/8/2022,0:00,352.592
2/8/2022,6:00,0
2/8/2022,12:00,112.512
2/8/2022,18:00,933.14
2/9/2022,0:00,353.552
2/9/2022,6:00,0
2/9/2022,12:00,112.672
2/9/2022,18:00,934.28
2/10/2022,0:00,352.704
2/10/2022,6:00,0
2/10/2022,12:00,110.912
2/10/2022,18:00,929.26
2/11/2022,0:00,349.968
2/11/2022,6:00,0
2/11/2022,12:00,37.56
2/11/2022,18:00,800.8
2/12/2022,0:00,260.192
2/12/2022,6:00,0
2/12/2022,12:00,39.06
2/12/2022,18:00,319.84
2/13/2022,0:00,297.952
2/13/2022,6:00,0
2/13/2022,12:00,104.672
2/13/2022,18:00,930.44
2/14/2022,0:00,354.064
2/14/2022,6:00,0
2/14/2022,12:00,107.824
2/14/2022,18:00,925.78
2/15/2022,0:00,345.152
2/15/2022,6:00,0
2/15/2022,12:00,107.536
2/15/2022,18:00,929.94
2/16/2022,0:00,343.008
2/16/2022,6:00,0
2/16/2022,12:00,105.488
2/16/2022,18:00,921.424
2/17/2022,0:00,339.68
2/17/2022,6:00,0
2/17/2022,12:00,101.616
2/17/2022,18:00,902.94
2/18/2022,0:00,332.288
2/18/2022,6:00,0
2/18/2022,12:00,100.7
2/18/2022,18:00,900.208
2/19/2022,0:00,329.488
2/19/2022,6:00,0
2/19/2022,12:00,100.58
2/19/2022,18:00,902.26
2/20/2022,0:00,327.152
2/20/2022,6:00,0
2/20/2022,12:00,91.58
2/20/2022,18:00,691.44
2/21/2022,0:00,97.2
2/21/2022,6:00,0
2/21/2022,12:00,93.28
2/21/2022,18:00,857.62
2/22/2022,0:00,300.624
2/22/2022,6:00,0
2/22/2022,12:00,57.92
2/22/2022,18:00,673.52
2/23/2022,0:00,314.496
2/23/2022,6:00,0
2/23/2022,12:00,95.472
2/23/2022,18:00,883.56
2/24/2022,0:00,318.384
2/24/2022,6:00,0
2/24/2022,12:00,92.432
2/24/2022,18:00,784.9
2/25/2022,0:00,216.704
2/25/2022,6:00,0
2/25/2022,12:00,70.208
2/25/2022,18:00,451.62
2/26/2022,0:00,204.032
2/26/2022,6:00,0
2/26/2022,12:00,87.776
2/26/2022,18:00,841.568
2/27/2022,0:00,296.176
2/27/2022,6:00,0
2/27/2022,12:00,85.84
2/27/2022,18:00,761.648
2/28/2022,0:00,123.952
2/28/2022,6:00,0
2/28/2022,12:00,32.5
2/28/2022,18:00,330.272
3/1/2022,0:00,50.336
3/1/2022,6:00,0
3/1/2022,12:00,66.04
3/1/2022,18:00,805.072
3/2/2022,0:00,185.04
3/2/2022,6:00,0
3/2/2022,12:00,85.9
3/2/2022,18:00,842.4
3/3/2022,0:00,288.96
3/3/2022,6:00,0
3/3/2022,12:00,87.32
3/3/2022,18:00,851.008
3/4/2022,0:00,290.944
3/4/2022,6:00,0
3/4/2022,12:00,85.92
3/4/2022,18:00,839.072
3/5/2022,0:00,284
3/5/2022,6:00,0
3/5/2022,12:00,69.9
3/5/2022,18:00,646.112
3/6/2022,0:00,81.44
3/6/2022,6:00,0
3/6/2022,12:00,15.38
3/6/2022,18:00,291.328
3/7/2022,0:00,35.52
3/7/2022,6:00,0
3/7/2022,12:00,79.1
3/7/2022,18:00,806.624
3/8/2022,0:00,47.984
3/8/2022,6:00,0
3/8/2022,12:00,50.58
3/8/2022,18:00,494.624
3/9/2022,0:00,197.808
3/9/2022,6:00,0
3/9/2022,12:00,60.96
3/9/2022,18:00,740.384
3/10/2022,0:00,225.136
3/10/2022,6:00,0
3/10/2022,12:00,14.96
3/10/2022,18:00,137.104
3/11/2022,0:00,136.384
3/11/2022,6:00,0
3/11/2022,12:00,43.8
3/11/2022,18:00,691.216
3/12/2022,0:00,260.672
3/12/2022,6:00,0
3/12/2022,12:00,81.08
3/12/2022,18:00,835.104
3/13/2022,0:00,240.08
3/13/2022,6:00,0
3/13/2022,12:00,76.9
3/13/2022,18:00,819.552
3/14/2022,0:00,252.512
3/14/2022,6:00,0
3/14/2022,12:00,73.04
3/14/2022,18:00,637.552
3/15/2022,0:00,122.688
3/15/2022,6:00,0
3/15/2022,12:00,75.34
3/15/2022,18:00,799.888
3/16/2022,0:00,240.912
3/16/2022,6:00,0
3/16/2022,12:00,66.2
3/16/2022,18:00,691.952
3/17/2022,0:00,176.288
3/17/2022,6:00,0
3/17/2022,12:00,51.088
3/17/2022,18:00,702.24
3/18/2022,0:00,118.24
3/18/2022,6:00,0
3/18/2022,12:00,66.368
3/18/2022,18:00,766.288
3/19/2022,0:00,220.912
3/19/2022,6:00,0
3/19/2022,12:00,61.488
3/19/2022,18:00,823.056
3/20/2022,0:00,257.216
3/20/2022,6:00,0
3/20/2022,12:00,74.192
3/20/2022,18:00,807.44
3/21/2022,0:00,245.76
3/21/2022,6:00,0
3/21/2022,12:00,71.232
3/21/2022,18:00,781.52
3/22/2022,0:00,234.144
3/22/2022,6:00,0
3/22/2022,12:00,16.608
3/22/2022,18:00,214.768
3/23/2022,0:00,41.792
3/23/2022,6:00,0
3/23/2022,12:00,55.34
3/23/2022,18:00,131.648
3/24/2022,0:00,25.152
3/24/2022,6:00,0
3/24/2022,12:00,7.456
3/24/2022,18:00,341.472
3/25/2022,0:00,82.24
3/25/2022,6:00,0
3/25/2022,12:00,68.176
3/25/2022,18:00,712.752
3/26/2022,0:00,130.016
3/26/2022,6:00,0
3/26/2022,12:00,37.64
3/26/2022,18:00,403.152
3/27/2022,0:00,56
3/27/2022,6:00,0
3/27/2022,12:00,66.12
3/27/2022,18:00,761.296
3/28/2022,0:00,221.728
3/28/2022,6:00,0
3/28/2022,12:00,67.02
3/28/2022,18:00,770.976
3/29/2022,0:00,223.344
3/29/2022,6:00,0
3/29/2022,12:00,63.456
3/29/2022,18:00,729.728
3/30/2022,0:00,128.368
3/30/2022,6:00,0
3/30/2022,12:00,4.44
3/30/2022,18:00,267.184
3/31/2022,0:00,77.92
3/31/2022,6:00,0
3/31/2022,12:00,67.42
3/31/2022,18:00,776.304
4/1/2022,0:00,218.336
4/1/2022,6:00,0
4/1/2022,12:00,64.52
4/1/2022,18:00,760.048
4/2/2022,0:00,212.512
4/2/2022,6:00,0
4/2/2022,12:00,62.88
4/2/2022,18:00,746.384
4/3/2022,0:00,204.832
4/3/2022,6:00,0
4/3/2022,12:00,1.6
4/3/2022,18:00,27.488
4/4/2022,0:00,18
4/4/2022,6:00,0
4/4/2022,12:00,51.42
4/4/2022,18:00,299.2
4/5/2022,0:00,113.056
4/5/2022,6:00,0
4/5/2022,12:00,48.44
4/5/2022,18:00,517.904
4/6/2022,0:00,44.096
4/6/2022,6:00,0
4/6/2022,12:00,54.5
4/6/2022,18:00,689.936
4/7/2022,0:00,183.856
4/7/2022,6:00,0
4/7/2022,12:00,4.2
4/7/2022,18:00,107.072
4/8/2022,0:00,52.416
4/8/2022,6:00,0
4/8/2022,12:00,50.1
4/8/2022,18:00,480.8
4/9/2022,0:00,107.712
4/9/2022,6:00,0
4/9/2022,12:00,55.28
4/9/2022,18:00,705.392
4/10/2022,0:00,184.048
4/10/2022,6:00,0
4/10/2022,12:00,50.512
4/10/2022,18:00,545.104
4/11/2022,0:00,50.992
4/11/2022,6:00,0
4/11/2022,12:00,7.44
4/11/2022,18:00,147.504
4/12/2022,0:00,65.888
4/12/2022,6:00,0
4/12/2022,12:00,7.6
4/12/2022,18:00,575.84
4/13/2022,0:00,144.336
4/13/2022,6:00,0
4/13/2022,12:00,51.408
4/13/2022,18:00,672.112
4/14/2022,0:00,159.2
4/14/2022,6:00,0
4/14/2022,12:00,54.82
4/14/2022,18:00,703.424
4/15/2022,0:00,177.856
4/15/2022,6:00,0
4/15/2022,12:00,52.94
4/15/2022,18:00,689.248
4/16/2022,0:00,173.472
4/16/2022,6:00,0
4/16/2022,12:00,51.216
4/16/2022,18:00,678.8
4/17/2022,0:00,168.464
4/17/2022,6:00,0
4/17/2022,12:00,38.528
4/17/2022,18:00,592.848
4/18/2022,0:00,142.032
4/18/2022,12:00,47.808
4/18/2022,18:00,650.544
4/19/2022,0:00,158.48
4/19/2022,6:00,0
4/19/2022,12:00,47.744
4/19/2022,18:00,652.608
4/20/2022,0:00,149.216
4/20/2022,6:00,0
4/20/2022,12:00,47.728
4/20/2022,18:00,643.488
4/21/2022,0:00,152
4/21/2022,6:00,0
4/21/2022,12:00,29.38
4/21/2022,18:00,609.872
4/22/2022,0:00,144.304
4/22/2022,6:00,0
4/22/2022,12:00,42.784
4/22/2022,18:00,488.8
4/23/2022,0:00,52.624
4/23/2022,6:00,0
4/23/2022,12:00,47.312
4/23/2022,18:00,658.72
4/24/2022,0:00,155.328
4/24/2022,6:00,0
4/24/2022,12:00,46.224
4/24/2022,18:00,633.872
4/25/2022,0:00,140.272
4/25/2022,6:00,0
4/25/2022,12:00,19.584
4/25/2022,18:00,312.32
4/26/2022,0:00,72.24
4/26/2022,6:00,0
4/26/2022,12:00,38.16
4/26/2022,18:00,491.024
4/27/2022,0:00,110.848
4/27/2022,6:00,0
4/27/2022,12:00,36.592
4/27/2022,18:00,563.024
4/28/2022,0:00,125.344
4/28/2022,6:00,0
4/28/2022,12:00,1.456
4/28/2022,18:00,225.872
4/29/2022,0:00,46.512
4/29/2022,6:00,0
4/29/2022,12:00,44.144
4/29/2022,18:00,639.776
4/30/2022,0:00,144.272
4/30/2022,6:00,0
4/30/2022,12:00,3.28
4/30/2022,18:00,314.768
5/1/2022,0:00,13.184
5/1/2022,6:00,0
5/1/2022,12:00,2.064
5/1/2022,18:00,55.744
5/2/2022,0:00,31.04
5/2/2022,6:00,0
5/2/2022,12:00,1.104
5/2/2022,18:00,105.312
5/3/2022,0:00,6.944
5/3/2022,6:00,0
5/3/2022,12:00,1.968
5/3/2022,18:00,22.384
5/4/2022,0:00,2.832
5/4/2022,6:00,0
5/4/2022,12:00,6.896
5/4/2022,18:00,321.392
5/5/2022,0:00,89.296
5/5/2022,6:00,0
5/5/2022,12:00,35.776
5/5/2022,18:00,524.832
5/6/2022,0:00,48.16
5/6/2022,6:00,0
5/6/2022,12:00,37
5/6/2022,18:00,522.592
5/7/2022,0:00,92.288
5/7/2022,6:00,0
5/7/2022,12:00,36.224
5/7/2022,18:00,574.88
5/8/2022,0:00,119.76
5/8/2022,6:00,0
5/8/2022,12:00,35.68
5/8/2022,18:00,573.728
5/9/2022,0:00,113.904
5/9/2022,6:00,0
5/9/2022,12:00,35.296
5/9/2022,18:00,570
5/10/2022,0:00,116.128
5/10/2022,6:00,0
5/10/2022,12:00,11.504
5/10/2022,18:00,368.832
5/11/2022,0:00,84.8
5/11/2022,6:00,0
5/11/2022,12:00,31.92
5/11/2022,18:00,445.024
5/12/2022,0:00,97.952
5/12/2022,6:00,0
5/12/2022,12:00,32.896
5/12/2022,18:00,561.28
5/13/2022,0:00,117.216
5/13/2022,6:00,0
5/13/2022,12:00,32.064
5/13/2022,18:00,501.712
5/14/2022,0:00,88.528
5/14/2022,6:00,0
5/14/2022,12:00,2.72
5/14/2022,18:00,365.872
5/15/2022,0:00,25.632
5/15/2022,6:00,0
5/15/2022,12:00,5.6
5/15/2022,18:00,302.688
5/16/2022,0:00,79.28
5/16/2022,6:00,0
5/16/2022,12:00,32.18
5/16/2022,18:00,474.864
5/17/2022,0:00,18.528
5/17/2022,6:00,0
5/17/2022,12:00,31.46
5/17/2022,18:00,232.56
5/18/2022,0:00,25.072
5/18/2022,6:00,0
5/18/2022,12:00,10.32
5/18/2022,18:00,398.272
5/19/2022,0:00,53.744
5/19/2022,6:00,0
5/19/2022,12:00,29.952
5/19/2022,18:00,546.496
5/20/2022,0:00,110.512
5/20/2022,6:00,0
5/20/2022,12:00,29.744
5/20/2022,18:00,547.456
5/21/2022,0:00,111.744
5/21/2022,6:00,0
5/21/2022,12:00,28.62
5/21/2022,18:00,519.328
5/22/2022,0:00,49.92
5/22/2022,6:00,0
5/22/2022,12:00,21.2
5/22/2022,18:00,502.832
5/23/2022,0:00,107.04
5/23/2022,6:00,0
5/23/2022,12:00,27.616
5/23/2022,18:00,515.072
5/24/2022,0:00,106.608
5/24/2022,6:00,0
5/24/2022,12:00,26.272
5/24/2022,18:00,514.72
5/25/2022,0:00,98.4
5/25/2022,6:00,0
5/25/2022,12:00,25.3
5/25/2022,18:00,494.208
5/26/2022,0:00,13.744
5/26/2022,6:00,0
5/26/2022,12:00,1.14
5/26/2022,18:00,26.128
5/27/2022,0:00,5.424
5/27/2022,6:00,0
5/27/2022,12:00,0.896
5/27/2022,18:00,33.328
5/28/2022,0:00,11.648
5/28/2022,6:00,0
5/28/2022,12:00,4.08
5/28/2022,18:00,85.76
5/29/2022,0:00,15.776
5/29/2022,6:00,0
5/29/2022,12:00,3.168
5/29/2022,18:00,201.92
5/30/2022,0:00,23.312
5/30/2022,6:00,0
5/30/2022,12:00,25.392
5/30/2022,18:00,525.184
5/31/2022,0:00,104.784
5/31/2022,6:00,0
5/31/2022,12:00,17.376
5/31/2022,18:00,482.992
6/1/2022,0:00,103.056
6/1/2022,6:00,0
6/1/2022,12:00,24.016
6/1/2022,18:00,509.376
6/2/2022,0:00,101.056
6/2/2022,6:00,0
6/2/2022,12:00,23.328
6/2/2022,18:00,502.08
6/3/2022,0:00,99.216
6/3/2022,6:00,0
6/3/2022,12:00,23.12
6/3/2022,18:00,508.128
6/4/2022,0:00,101.776
6/4/2022,6:00,0
6/4/2022,12:00,22.432
6/4/2022,18:00,493.776
6/5/2022,0:00,59.232
6/5/2022,6:00,0
6/5/2022,12:00,0.72
6/5/2022,18:00,86.784
6/6/2022,0:00,25.6
6/6/2022,6:00,0
6/6/2022,12:00,1.168
6/6/2022,18:00,14.816
6/7/2022,0:00,6.848
6/7/2022,6:00,0
6/7/2022,12:00,18.384
6/7/2022,18:00,169.12
6/8/2022,0:00,24.56
6/8/2022,6:00,0
6/8/2022,12:00,4.912
6/8/2022,18:00,375.92
6/9/2022,0:00,77.664
6/9/2022,6:00,0
6/9/2022,12:00,16.448
6/9/2022,18:00,424.352
6/10/2022,0:00,80.928
6/10/2022,6:00,0
6/10/2022,12:00,20.576
6/10/2022,18:00,503.984
6/11/2022,0:00,103.136
6/11/2022,6:00,0
6/11/2022,12:00,22.288
6/11/2022,18:00,510.784
6/12/2022,0:00,100.672
6/12/2022,6:00,0
6/12/2022,12:00,21.072
6/12/2022,18:00,498.672
6/13/2022,0:00,99.584
6/13/2022,6:00,0
6/13/2022,12:00,20.736
6/13/2022,18:00,495.664
6/14/2022,0:00,99.184
6/14/2022,6:00,0
6/14/2022,12:00,20.304
6/14/2022,18:00,492.816
6/15/2022,0:00,98.608
6/15/2022,6:00,0
6/15/2022,12:00,20.096
6/15/2022,18:00,490.896
6/16/2022,0:00,96.512
6/16/2022,6:00,0
6/16/2022,12:00,9.44
6/16/2022,18:00,116.368
6/17/2022,0:00,11.504
6/17/2022,6:00,0
6/17/2022,12:00,4.448
6/17/2022,18:00,30.32
6/18/2022,0:00,76.352
6/18/2022,6:00,0
6/18/2022,12:00,20.592
6/18/2022,18:00,503.184
6/19/2022,0:00,101.504
6/19/2022,6:00,0
6/19/2022,12:00,20.096
6/19/2022,18:00,500.496
6/20/2022,0:00,101.504
6/20/2022,6:00,0
6/20/2022,12:00,18.62
6/20/2022,18:00,480.672
6/21/2022,0:00,91.488
6/21/2022,6:00,0
6/21/2022,12:00,6.64
6/21/2022,18:00,72.784
6/22/2022,0:00,6.608
6/22/2022,6:00,0
6/22/2022,12:00,1.008
6/22/2022,18:00,51.904
6/23/2022,0:00,2.88
6/23/2022,6:00,0
6/23/2022,12:00,1.4
6/23/2022,18:00,65.504
6/24/2022,0:00,24.752
6/24/2022,6:00,0
6/24/2022,12:00,1.44
6/24/2022,18:00,69.44
6/25/2022,0:00,4.144
6/25/2022,6:00,0
6/25/2022,12:00,8.784
6/25/2022,18:00,453.792
6/26/2022,0:00,97.216
6/26/2022,6:00,0
6/26/2022,12:00,12.432
6/26/2022,18:00,143.024
6/27/2022,0:00,19.168
6/27/2022,6:00,0
6/27/2022,12:00,5.44
6/27/2022,18:00,196
6/28/2022,0:00,56.96
6/28/2022,6:00,0
6/28/2022,12:00,2.64
6/28/2022,18:00,20.864
6/29/2022,0:00,9.936
6/29/2022,6:00,0
6/29/2022,12:00,18.08
6/29/2022,18:00,482.944
6/30/2022,0:00,100.448
6/30/2022,6:00,0
6/30/2022,12:00,18.336
6/30/2022,18:00,487.952
7/1/2022,0:00,102.64
7/1/2022,6:00,0
7/1/2022,12:00,17.744
7/1/2022,18:00,345.184
7/2/2022,0:00,79.552
7/2/2022,6:00,0
7/2/2022,12:00,1.904
7/2/2022,18:00,278.224
7/3/2022,0:00,69.968
7/3/2022,6:00,0
7/3/2022,12:00,14.304
7/3/2022,18:00,168.672
7/4/2022,0:00,71.424
7/4/2022,6:00,0
7/4/2022,12:00,0.912
7/4/2022,18:00,206.416
7/5/2022,0:00,69.264
7/5/2022,6:00,0
7/5/2022,12:00,5.44
7/5/2022,18:00,193.12
7/6/2022,0:00,55.248
7/6/2022,6:00,0
7/6/2022,12:00,1.248
7/6/2022,18:00,194.208
7/7/2022,0:00,85.264
7/7/2022,6:00,0
7/7/2022,12:00,12.72
7/7/2022,18:00,390.4
7/8/2022,0:00,30.48
7/8/2022,6:00,0
7/8/2022,12:00,13.184
7/8/2022,18:00,345.12
7/9/2022,0:00,35.392
7/9/2022,6:00,0
7/9/2022,12:00,6.048
7/9/2022,18:00,388.864
7/10/2022,0:00,92.864
7/10/2022,6:00,0
7/10/2022,12:00,14.672
7/10/2022,18:00,411.44
7/11/2022,0:00,73.872
7/11/2022,6:00,0
7/11/2022,12:00,2.72
7/11/2022,18:00,129.04
7/12/2022,0:00,2.448
7/12/2022,6:00,0
7/12/2022,12:00,18.032
7/12/2022,18:00,293.6
7/13/2022,0:00,111.84
7/13/2022,6:00,0
7/13/2022,12:00,20
7/13/2022,18:00,514.384
7/14/2022,0:00,114.256
7/14/2022,6:00,0
7/14/2022,12:00,3.776
7/14/2022,18:00,126.992
7/15/2022,0:00,33.152
7/15/2022,6:00,0
7/15/2022,12:00,2.528
7/15/2022,18:00,385.024
7/16/2022,0:00,58.528
7/16/2022,6:00,0
7/16/2022,12:00,1.264
7/16/2022,18:00,34.432
7/17/2022,0:00,3.92
7/17/2022,6:00,0
7/17/2022,12:00,17.728
7/17/2022,18:00,517.008
7/18/2022,0:00,117.248
7/18/2022,6:00,0
7/18/2022,12:00,21.12
7/18/2022,18:00,523.648
7/19/2022,0:00,111.808
7/19/2022,6:00,0
7/19/2022,12:00,5.84
7/19/2022,18:00,485.792
7/20/2022,0:00,101.664
7/20/2022,6:00,0
7/20/2022,12:00,18.016
7/20/2022,18:00,418.144
7/21/2022,0:00,77.328
7/21/2022,6:00,0
7/21/2022,12:00,7.088
7/21/2022,18:00,276.512
7/22/2022,0:00,81.776
7/22/2022,6:00,0
7/22/2022,12:00,19.888
7/22/2022,18:00,384.32
7/23/2022,0:00,6.608
7/23/2022,6:00,0
7/23/2022,12:00,20.56
7/23/2022,18:00,301.408
7/24/2022,0:00,28.96
7/24/2022,6:00,0
7/24/2022,12:00,8.576
7/24/2022,18:00,125.36
7/25/2022,0:00,8.192
7/25/2022,6:00,0
7/25/2022,12:00,21.68
7/25/2022,18:00,511.744
7/26/2022,0:00,118.304
7/26/2022,6:00,0
7/26/2022,12:00,22.48
7/26/2022,18:00,510.48
7/27/2022,0:00,120.896
7/27/2022,6:00,0
7/27/2022,12:00,22.352
7/27/2022,18:00,469.92
7/28/2022,0:00,110.464
7/28/2022,6:00,0
7/28/2022,12:00,12.176
7/28/2022,18:00,48.656
7/29/2022,0:00,4.096
7/29/2022,6:00,0
7/29/2022,12:00,25.344
7/29/2022,18:00,552.224
7/30/2022,0:00,130.976
7/30/2022,6:00,0
7/30/2022,12:00,26.256
7/30/2022,18:00,559.328
7/31/2022,0:00,132.736
7/31/2022,6:00,0
7/31/2022,12:00,24.096
7/31/2022,18:00,559.232
8/1/2022,0:00,133.344
8/1/2022,6:00,0
8/1/2022,12:00,26.528
8/1/2022,18:00,555.216
8/2/2022,0:00,132.144
8/2/2022,6:00,0
8/2/2022,12:00,5.168
8/2/2022,18:00,129.248
8/3/2022,0:00,52.528
8/3/2022,6:00,0
8/3/2022,12:00,15.184
8/3/2022,18:00,143.36
8/4/2022,0:00,14.752
8/4/2022,6:00,0
8/4/2022,12:00,5.04
8/4/2022,18:00,147.104
8/5/2022,0:00,51.2
8/5/2022,6:00,0
8/5/2022,12:00,30.288
8/5/2022,18:00,594.72
8/6/2022,0:00,144.224
8/6/2022,6:00,0
8/6/2022,12:00,22.928
8/6/2022,18:00,438.336
8/7/2022,0:00,83.488
8/7/2022,6:00,0
8/7/2022,12:00,29.392
8/7/2022,18:00,391.104
8/8/2022,0:00,24.928
8/8/2022,6:00,0
8/8/2022,12:00,8.176
8/8/2022,18:00,135.296
8/9/2022,0:00,23.696
8/9/2022,6:00,0
8/9/2022,12:00,3.232
8/9/2022,18:00,44.24
8/10/2022,0:00,10.288
8/10/2022,6:00,0
8/10/2022,12:00,34.08
8/10/2022,18:00,609.648
8/11/2022,0:00,148.304
8/11/2022,6:00,0
8/11/2022,12:00,34.208
8/11/2022,18:00,610.896
8/12/2022,0:00,151.12
8/12/2022,6:00,0
8/12/2022,12:00,23.856
8/12/2022,18:00,476.64
8/13/2022,0:00,109.616
8/13/2022,6:00,0
8/13/2022,12:00,27.792
8/13/2022,18:00,537.52
8/14/2022,0:00,147.184
8/14/2022,6:00,0
8/14/2022,12:00,34.448
8/14/2022,18:00,332.144
8/15/2022,0:00,141.328
8/15/2022,6:00,0
8/15/2022,12:00,7.456
8/15/2022,18:00,415.072
8/16/2022,0:00,101.76
8/16/2022,6:00,0
8/16/2022,12:00,39.616
8/16/2022,18:00,637.088
8/17/2022,0:00,159.808
8/17/2022,6:00,0
8/17/2022,12:00,36.512
8/17/2022,18:00,439.152
8/18/2022,0:00,20.512
8/18/2022,6:00,0
8/18/2022,12:00,42.032
8/18/2022,18:00,650.08
8/19/2022,0:00,159.344
8/19/2022,6:00,0
8/19/2022,12:00,43.776
8/19/2022,18:00,663.216
8/20/2022,0:00,167.504
8/20/2022,6:00,0
8/20/2022,12:00,44.672
8/20/2022,18:00,665.616
8/21/2022,0:00,168.24
8/21/2022,6:00,0
8/21/2022,12:00,44.288
8/21/2022,18:00,659.616
8/22/2022,0:00,166.896
8/22/2022,6:00,0
8/22/2022,12:00,44.144
8/22/2022,18:00,660.448
8/23/2022,0:00,154.352
8/23/2022,6:00,0
8/23/2022,12:00,35.248
8/23/2022,18:00,627.552
8/24/2022,0:00,153.072
8/24/2022,6:00,0
8/24/2022,12:00,22.48
8/24/2022,18:00,427.616
8/25/2022,0:00,156.016
8/25/2022,6:00,0
8/25/2022,12:00,22.944
8/25/2022,18:00,539.232
8/26/2022,0:00,139.44
8/26/2022,6:00,0
8/26/2022,12:00,7.888
8/26/2022,18:00,571.904
8/27/2022,0:00,81.408
8/27/2022,6:00,0
8/27/2022,12:00,48.912
8/27/2022,18:00,503.456
8/28/2022,0:00,115.84
8/28/2022,6:00,0
8/28/2022,12:00,50.672
8/28/2022,18:00,660.72
8/29/2022,0:00,179.456
8/29/2022,6:00,0
8/29/2022,12:00,45.168
8/29/2022,18:00,680.672
8/30/2022,0:00,182.192
8/30/2022,6:00,0
8/30/2022,12:00,55.024
8/30/2022,18:00,699.76
8/31/2022,0:00,178.304
8/31/2022,6:00,0
8/31/2022,12:00,40.768
8/31/2022,18:00,603.6
9/1/2022,0:00,174.352
9/1/2022,6:00,0
9/1/2022,12:00,54.208
9/1/2022,18:00,450.112
9/2/2022,0:00,74.592
9/2/2022,6:00,0
9/2/2022,12:00,54.432
9/2/2022,18:00,347.312
9/3/2022,0:00,179.632
9/3/2022,6:00,0
9/3/2022,12:00,64.304
9/3/2022,18:00,745.056
9/4/2022,0:00,192.944
9/4/2022,6:00,0
9/4/2022,12:00,65.072
9/4/2022,18:00,745.2
9/5/2022,0:00,193.664
9/5/2022,6:00,0
9/5/2022,12:00,62.608
9/5/2022,18:00,704.336
9/6/2022,0:00,179.824
9/6/2022,6:00,0
9/6/2022,12:00,12.208
9/6/2022,18:00,657.92
9/7/2022,0:00,64.368
9/7/2022,6:00,0
9/7/2022,12:00,63.664
9/7/2022,18:00,723.696
9/8/2022,0:00,190.064
9/8/2022,6:00,0
9/8/2022,12:00,50.72
9/8/2022,18:00,640.832
9/9/2022,0:00,150.16
9/9/2022,6:00,0
9/9/2022,12:00,8.992
9/9/2022,18:00,165.632
9/10/2022,0:00,30.656
9/10/2022,6:00,0
9/10/2022,12:00,74.656
9/10/2022,18:00,772.384
9/11/2022,0:00,201.344
9/11/2022,6:00,0
9/11/2022,12:00,70.672
9/11/2022,18:00,748.928
9/12/2022,0:00,177.92
9/12/2022,6:00,0
9/12/2022,12:00,67.264
9/12/2022,18:00,737.408
9/13/2022,0:00,198.8
9/13/2022,6:00,0
9/13/2022,12:00,76.128
9/13/2022,18:00,760.944
9/14/2022,0:00,185.696
9/14/2022,6:00,0
9/14/2022,12:00,75.872
9/14/2022,18:00,758.432
9/15/2022,0:00,196.24
9/15/2022,6:00,0
9/15/2022,12:00,77.408
9/15/2022,18:00,748.192
9/16/2022,0:00,185.568
9/16/2022,6:00,0
9/16/2022,12:00,42.512
9/16/2022,18:00,708.656
9/17/2022,0:00,163.968
9/17/2022,6:00,0
9/17/2022,12:00,70.272
9/17/2022,18:00,751.264
9/18/2022,0:00,203.232
9/18/2022,6:00,0
9/18/2022,12:00,69.616
9/18/2022,18:00,526.48
9/19/2022,0:00,50.048
9/19/2022,6:00,0
9/19/2022,12:00,13.632
9/19/2022,18:00,203.36
9/20/2022,0:00,172.928
9/20/2022,6:00,0
9/20/2022,12:00,69.184
9/20/2022,18:00,732.528
9/21/2022,0:00,123.888
9/21/2022,6:00,0
9/21/2022,12:00,45.2
9/21/2022,18:00,639.392
9/22/2022,0:00,49.056
9/22/2022,6:00,0
9/22/2022,12:00,6.048
9/22/2022,18:00,621.856
9/23/2022,0:00,65.744
9/23/2022,6:00,0
9/23/2022,12:00,94.416
9/23/2022,18:00,814.768
9/24/2022,0:00,215.248
9/24/2022,6:00,0
9/24/2022,12:00,96.112
9/24/2022,18:00,820.48
9/25/2022,0:00,217.904
9/25/2022,6:00,0
9/25/2022,12:00,46.192
9/25/2022,18:00,549.152
9/26/2022,0:00,125.008
9/26/2022,6:00,0
9/26/2022,12:00,24.064
9/26/2022,18:00,698.112
9/27/2022,0:00,216.464
9/27/2022,6:00,0
9/27/2022,12:00,101.424
9/27/2022,18:00,829.184
9/28/2022,0:00,218.688
9/28/2022,6:00,0
9/28/2022,12:00,99.344
9/28/2022,18:00,775.984
9/29/2022,0:00,176.08
9/29/2022,6:00,0
9/29/2022,12:00,61.248
9/29/2022,18:00,123.264
9/30/2022,0:00,15.824
9/30/2022,6:00,0
9/30/2022,12:00,21.408
9/30/2022,18:00,483.48
10/1/2022,0:00,47.904
10/1/2022,6:00,0
10/1/2022,12:00,31.328
10/1/2022,18:00,801.856
10/2/2022,0:00,223.568
10/2/2022,6:00,0
10/2/2022,12:00,110.64
10/2/2022,18:00,850.016
10/3/2022,0:00,227.024
10/3/2022,6:00,0
10/3/2022,12:00,111.5
10/3/2022,18:00,848.496
10/4/2022,0:00,230.416
10/4/2022,6:00,0
10/4/2022,12:00,107.92
10/4/2022,18:00,878.06
10/5/2022,0:00,237.072
10/5/2022,6:00,0
10/5/2022,12:00,117.8
10/5/2022,18:00,802.84
10/6/2022,0:00,118.272
10/6/2022,6:00,0
10/6/2022,12:00,24.88
10/6/2022,18:00,46.2
10/7/2022,0:00,7.744
10/7/2022,6:00,0
10/7/2022,12:00,118.8
10/7/2022,18:00,870.72
10/8/2022,0:00,235.936
10/8/2022,6:00,0
10/8/2022,12:00,122.76
10/8/2022,18:00,838.94
10/9/2022,0:00,228.752
10/9/2022,6:00,0
10/9/2022,12:00,44.52
10/9/2022,18:00,792.32
10/10/2022,0:00,230.448
10/10/2022,6:00,0
10/10/2022,12:00,129.08
10/10/2022,18:00,847.16
10/11/2022,0:00,161.152
10/11/2022,6:00,0
10/11/2022,12:00,14.84
10/11/2022,18:00,340
10/12/2022,0:00,30.416
10/12/2022,6:00,0
10/12/2022,12:00,126.18
10/12/2022,18:00,889.22
10/13/2022,0:00,244.224
10/13/2022,6:00,0
10/13/2022,12:00,132.96
10/13/2022,18:00,890.22
10/14/2022,0:00,240.064
10/14/2022,6:00,0
10/14/2022,12:00,131.36
10/14/2022,18:00,883.78
10/15/2022,0:00,239.968
10/15/2022,6:00,0
10/15/2022,12:00,39.76
10/15/2022,18:00,413.24
10/16/2022,0:00,182.416
10/16/2022,6:00,0
10/16/2022,12:00,129.072
10/16/2022,18:00,739.18
10/17/2022,0:00,114.88
10/17/2022,6:00,0
10/17/2022,12:00,135.056
10/17/2022,18:00,615.12
10/18/2022,0:00,174.32
10/18/2022,6:00,0
10/18/2022,12:00,103.36
10/18/2022,18:00,437.04
10/19/2022,0:00,189.504
10/19/2022,6:00,0
10/19/2022,12:00,50.592
10/19/2022,18:00,873.12
10/20/2022,0:00,209.408
10/20/2022,6:00,0
10/20/2022,12:00,103.46
10/20/2022,18:00,350.28
10/21/2022,0:00,22.784
10/21/2022,6:00,0
10/21/2022,12:00,64.46
10/21/2022,18:00,420.06
10/22/2022,0:00,195.44
10/22/2022,6:00,0
10/22/2022,12:00,144.12
10/22/2022,18:00,899.82
10/23/2022,0:00,182.544
10/23/2022,6:00,0
10/23/2022,12:00,149.232
10/23/2022,18:00,942.84
10/24/2022,0:00,264.08
10/24/2022,6:00,0
10/24/2022,12:00,153.66
10/24/2022,18:00,940.16
10/25/2022,0:00,264.816
10/25/2022,6:00,0
10/25/2022,12:00,154.368
10/25/2022,18:00,938.06
10/26/2022,0:00,261.92
10/26/2022,6:00,0
10/26/2022,12:00,119.728
10/26/2022,18:00,359.22
10/27/2022,0:00,17.568
10/27/2022,6:00,0
10/27/2022,12:00,159.14
10/27/2022,18:00,944
10/28/2022,0:00,268.464
10/28/2022,6:00,0
10/28/2022,12:00,161.98
10/28/2022,18:00,952
10/29/2022,0:00,270.336
10/29/2022,6:00,0
10/29/2022,12:00,155.088
10/29/2022,18:00,903.08
10/30/2022,0:00,159.888
10/30/2022,6:00,0
10/30/2022,12:00,132.624
10/30/2022,18:00,676.54
10/31/2022,0:00,175.024
10/31/2022,6:00,0
10/31/2022,12:00,8.112
10/31/2022,18:00,376.04
11/1/2022,0:00,130.24
11/1/2022,6:00,0
11/1/2022,12:00,168.92
11/1/2022,18:00,949.74
11/2/2022,0:00,253.872
11/2/2022,6:00,0
11/2/2022,12:00,170.22
11/2/2022,18:00,971.44
11/3/2022,0:00,281.248
11/3/2022,6:00,0
11/3/2022,12:00,167.76
11/3/2022,18:00,965.3
11/4/2022,0:00,281.296
11/4/2022,6:00,0
11/4/2022,12:00,168.416
11/4/2022,18:00,960.08
11/5/2022,0:00,282.496
11/5/2022,6:00,0
11/5/2022,12:00,171.98
11/5/2022,18:00,969.14
11/6/2022,0:00,284.832
11/6/2022,6:00,0
11/6/2022,12:00,170.1
11/6/2022,18:00,957.6
11/7/2022,0:00,283.904
11/7/2022,6:00,0
11/7/2022,12:00,171.616
11/7/2022,18:00,967.18
11/8/2022,0:00,285.136
11/8/2022,6:00,0
11/8/2022,12:00,170.88
11/8/2022,18:00,956.76
11/9/2022,0:00,283.776
11/9/2022,6:00,0
11/9/2022,12:00,173.82
11/9/2022,18:00,970.82
11/10/2022,0:00,281.168
11/10/2022,6:00,0
11/10/2022,12:00,174.816
11/10/2022,18:00,870.32
11/11/2022,0:00,144.768
11/11/2022,6:00,0
11/11/2022,12:00,30.06
11/11/2022,18:00,928.46
11/12/2022,0:00,275.568
11/12/2022,6:00,0
11/12/2022,12:00,131
11/12/2022,18:00,664.88
11/13/2022,0:00,129.088
11/13/2022,6:00,0
11/13/2022,12:00,10.48
11/13/2022,18:00,196.12
11/14/2022,0:00,16.816
11/14/2022,6:00,0
11/14/2022,12:00,98.56
11/14/2022,18:00,480.74
11/15/2022,0:00,280.208
11/15/2022,6:00,0
11/15/2022,12:00,178.28
11/15/2022,18:00,972.3
11/16/2022,0:00,298.384
11/16/2022,6:00,0
11/16/2022,12:00,177.24
11/16/2022,18:00,976.74
11/17/2022,0:00,298.784
11/17/2022,6:00,0
11/17/2022,12:00,168.86
11/17/2022,18:00,972.98
11/18/2022,0:00,300.912
11/18/2022,6:00,0
11/18/2022,12:00,182.08
11/18/2022,18:00,979.88
11/19/2022,0:00,302.02
11/19/2022,6:00,0
11/19/2022,12:00,179.22
11/19/2022,18:00,973.62
11/20/2022,0:00,304.432
11/20/2022,6:00,0
11/20/2022,12:00,158.84
11/20/2022,18:00,872.72
11/21/2022,0:00,112.72
11/21/2022,6:00,0
11/21/2022,12:00,7.66
11/21/2022,18:00,65.7
11/22/2022,0:00,33.92
11/22/2022,6:00,0
11/22/2022,12:00,66.08
11/22/2022,18:00,680.34
11/23/2022,0:00,310.944
11/23/2022,6:00,0
11/23/2022,12:00,184.36
11/23/2022,18:00,981.02
11/24/2022,0:00,313.776
11/24/2022,6:00,0
11/24/2022,12:00,182.72
11/24/2022,18:00,980.04
11/25/2022,0:00,311.472
11/25/2022,6:00,0
11/25/2022,12:00,182.66
11/25/2022,18:00,982.96
11/26/2022,0:00,314.64
11/26/2022,6:00,0
11/26/2022,12:00,185.7
11/26/2022,18:00,987.14
11/27/2022,0:00,313.952
11/27/2022,6:00,0
11/27/2022,12:00,177.86
11/27/2022,18:00,963.18
11/28/2022,0:00,311.296
11/28/2022,6:00,0
11/28/2022,12:00,177.9
11/28/2022,18:00,967.7
11/29/2022,0:00,320.36
11/29/2022,6:00,0
11/29/2022,12:00,178.44
11/29/2022,18:00,964.96
11/30/2022,0:00,315.78
11/30/2022,6:00,0
11/30/2022,12:00,177.12
11/30/2022,18:00,963.46
12/1/2022,0:00,287.58
12/1/2022,6:00,0
12/1/2022,12:00,176.86
12/1/2022,18:00,834.68
12/2/2022,0:00,77.072
12/2/2022,6:00,0
12/2/2022,12:00,128.24
12/2/2022,18:00,753.96
12/3/2022,0:00,186.016
12/3/2022,6:00,0
12/3/2022,12:00,80.02
12/3/2022,18:00,512.76
12/4/2022,0:00,263.872
12/4/2022,6:00,0
12/4/2022,12:00,173.36
12/4/2022,18:00,883.34
12/5/2022,0:00,213.664
12/5/2022,6:00,0
12/5/2022,12:00,179.02
12/5/2022,18:00,974.86
12/6/2022,0:00,329.3
12/6/2022,6:00,0
12/6/2022,12:00,178.16
12/6/2022,18:00,973.28
12/7/2022,0:00,329.32
12/7/2022,6:00,0
12/7/2022,12:00,181
12/7/2022,18:00,980.22
12/8/2022,0:00,335.408
12/8/2022,6:00,0
12/8/2022,12:00,174.28
12/8/2022,18:00,968.16
12/9/2022,0:00,331.872
12/9/2022,6:00,0
12/9/2022,12:00,179.86
12/9/2022,18:00,991.4
12/10/2022,0:00,334.02
12/10/2022,6:00,0
12/10/2022,12:00,101.38
12/10/2022,18:00,487.38
12/11/2022,0:00,63.14
12/11/2022,6:00,0
12/11/2022,12:00,153.42
12/11/2022,18:00,952.14
12/12/2022,0:00,341.36
12/12/2022,6:00,0
12/12/2022,12:00,171.94
12/12/2022,18:00,890.5
12/13/2022,0:00,267.78
12/13/2022,6:00,0
12/13/2022,12:00,182.98
12/13/2022,18:00,1010.88
12/14/2022,0:00,353.46
12/14/2022,6:00,0
12/14/2022,12:00,182.24
12/14/2022,18:00,1007.96
12/15/2022,0:00,355.84
12/15/2022,6:00,0
12/15/2022,12:00,174.34
12/15/2022,18:00,825.98
12/16/2022,0:00,231.04
12/16/2022,6:00,0
12/16/2022,12:00,174.48
12/16/2022,18:00,1014.18
12/17/2022,0:00,359.38
12/17/2022,6:00,0
12/17/2022,12:00,175.68
12/17/2022,18:00,957.36
12/18/2022,0:00,277.8
12/18/2022,6:00,0
12/18/2022,12:00,169.96
12/18/2022,18:00,970.7
12/19/2022,0:00,286.3
12/19/2022,6:00,0
12/19/2022,12:00,166.96
12/19/2022,18:00,914.34
12/20/2022,0:00,199.472
12/20/2022,6:00,0
12/20/2022,12:00,171.22
12/20/2022,18:00,985.86
12/21/2022,0:00,357.168
12/21/2022,6:00,0
12/21/2022,12:00,169
12/21/2022,18:00,978.32
12/22/2022,0:00,352.656
12/22/2022,6:00,0
12/22/2022,12:00,167.92
12/22/2022,18:00,976.96
12/23/2022,0:00,337.2
12/23/2022,6:00,0
12/23/2022,12:00,161.48
12/23/2022,18:00,821.48
12/24/2022,0:00,201.6
12/24/2022,6:00,0
12/24/2022,12:00,37.7
12/24/2022,18:00,492.92
12/25/2022,0:00,98.74
12/25/2022,6:00,0
12/25/2022,12:00,83.66
12/25/2022,18:00,615.1
12/26/2022,0:00,184.08
12/26/2022,6:00,0
12/26/2022,12:00,156.36
12/26/2022,18:00,897.86
12/27/2022,0:00,353.36
12/27/2022,6:00,0
12/27/2022,12:00,82.1
12/27/2022,18:00,317.56
12/28/2022,0:00,101.62
12/28/2022,6:00,0
12/28/2022,12:00,163.5
12/28/2022,18:00,983.56
12/29/2022,0:00,363.48
12/29/2022,6:00,0
12/29/2022,12:00,165.1
12/29/2022,18:00,997.24
12/30/2022,0:00,370.54
12/30/2022,6:00,0
12/30/2022,12:00,165.12
12/30/2022,18:00,991.08
12/31/2022,0:00,368.88
12/31/2022,6:00,0
12/31/2022,12:00,162.14
12/31/2022,18:00,984.32
1/1/2023,0:00,369.04
1/1/2023,6:00,0
1/1/2023,12:00,158.62
1/1/2023,18:00,957.7
1/2/2023,0:00,182.88
1/2/2023,6:00,0
1/2/2023,12:00,44.64
1/2/2023,18:00,943.22
1/3/2023,0:00,378.528
1/3/2023,6:00,0
1/3/2023,12:00,160.5
1/3/2023,18:00,981.16
1/4/2023,0:00,256.64
1/4/2023,6:00,0
1/4/2023,12:00,159.32
1/4/2023,18:00,993.96
1/5/2023,0:00,375.488
1/5/2023,6:00,0
1/5/2023,12:00,154.816
1/5/2023,18:00,980.62
1/6/2023,0:00,369.54
1/6/2023,6:00,0
1/6/2023,12:00,153.62
1/6/2023,18:00,978.3
1/7/2023,0:00,373.76
1/7/2023,6:00,0
1/7/2023,12:00,153.66
1/7/2023,18:00,981.24
1/8/2023,0:00,374.02
1/8/2023,6:00,0
1/8/2023,12:00,150.56
1/8/2023,18:00,975.92
1/9/2023,0:00,371.98
1/9/2023,6:00,0
1/9/2023,12:00,147.26
1/9/2023,18:00,966.86
1/10/2023,0:00,369.456
1/10/2023,6:00,0
1/10/2023,12:00,136.64
1/10/2023,18:00,854.94
1/11/2023,0:00,217.056
1/11/2023,6:00,0
1/11/2023,12:00,143.92
1/11/2023,18:00,885.26
1/12/2023,0:00,282.704
1/12/2023,6:00,0
1/12/2023,12:00,33.44
1/12/2023,18:00,726.12
1/13/2023,0:00,249.84
1/13/2023,6:00,0
1/13/2023,12:00,18.78
1/13/2023,18:00,61.88
1/14/2023,0:00,129.984
1/14/2023,6:00,0
1/14/2023,12:00,40.86
1/14/2023,18:00,941.7
1/15/2023,0:00,292.42
1/15/2023,6:00,0
1/15/2023,12:00,87.7
1/15/2023,18:00,939.98
1/16/2023,0:00,350.4
1/16/2023,6:00,0
1/16/2023,12:00,137.94
1/16/2023,18:00,826.2
1/17/2023,0:00,367.04
1/17/2023,6:00,0
1/17/2023,12:00,125.94
1/17/2023,18:00,952.64
1/18/2023,0:00,368.208
1/18/2023,6:00,0
1/18/2023,12:00,133.08
1/18/2023,18:00,939.18
1/19/2023,0:00,351.984
1/19/2023,6:00,0
1/19/2023,12:00,129.88
1/19/2023,18:00,866.36
1/20/2023,0:00,186.416
1/20/2023,6:00,0
1/20/2023,12:00,131.52
1/20/2023,18:00,943.44
1/21/2023,0:00,366.896
1/21/2023,6:00,0
1/21/2023,12:00,81.52
1/21/2023,18:00,288.18
1/22/2023,0:00,193.184
1/22/2023,6:00,0
1/22/2023,12:00,129.86
1/22/2023,18:00,947.04
1/23/2023,0:00,365.168
1/23/2023,6:00,0
1/23/2023,12:00,130.76
1/23/2023,18:00,949.28
1/24/2023,0:00,368.672
1/24/2023,6:00,0
1/24/2023,12:00,130.448
1/24/2023,18:00,954.86
1/25/2023,0:00,367.968
1/25/2023,6:00,0
1/25/2023,12:00,126.816
1/25/2023,18:00,929.12
1/26/2023,0:00,212.352
1/26/2023,6:00,0
1/26/2023,12:00,14.02
1/26/2023,18:00,634.24
1/27/2023,0:00,207.968
1/27/2023,6:00,0
1/27/2023,12:00,123.12
1/27/2023,18:00,928.56
1/28/2023,0:00,159.888
1/28/2023,6:00,0
1/28/2023,12:00,105.312
1/28/2023,18:00,783.66
1/29/2023,0:00,129.168
1/29/2023,6:00,0
1/29/2023,12:00,119.08
1/29/2023,18:00,922.94
1/30/2023,0:00,361.968
1/30/2023,6:00,0
1/30/2023,12:00,121.64
1/30/2023,18:00,941.3
1/31/2023,0:00,362.448
1/31/2023,6:00,0
1/31/2023,12:00,120.768
1/31/2023,18:00,940
2/1/2023,0:00,369.104
2/1/2023,6:00,0
2/1/2023,12:00,119.36
2/1/2023,18:00,934.08
2/2/2023,0:00,356.848
2/2/2023,6:00,0
2/2/2023,12:00,86.656
2/2/2023,18:00,696.34
2/3/2023,0:00,82.048
2/3/2023,6:00,0
2/3/2023,12:00,112.096
2/3/2023,18:00,813.06
2/4/2023,0:00,159.36
2/4/2023,6:00,0
2/4/2023,12:00,111.96
2/4/2023,18:00,689.7
2/5/2023,0:00,356.112
2/5/2023,6:00,0
2/5/2023,12:00,117.08
2/5/2023,18:00,939.82
2/6/2023,0:00,333.056
2/6/2023,6:00,0
2/6/2023,12:00,117.12
2/6/2023,18:00,958.08
2/7/2023,0:00,365.6
2/7/2023,6:00,0
2/7/2023,12:00,115.104
2/7/2023,18:00,938.704
2/8/2023,0:00,356.816
2/8/2023,6:00,0
2/8/2023,12:00,112.512
2/8/2023,18:00,928.768
2/9/2023,0:00,349.856
2/9/2023,6:00,0
2/9/2023,12:00,86.352
2/9/2023,18:00,561.952
2/10/2023,0:00,103.872
2/10/2023,6:00,0
2/10/2023,12:00,68.8
2/10/2023,18:00,838.704
2/11/2023,0:00,325.296
2/11/2023,6:00,0
2/11/2023,12:00,106.3
2/11/2023,18:00,897.392
2/12/2023,0:00,338.112
2/12/2023,6:00,0
2/12/2023,12:00,109.08
2/12/2023,18:00,930.688
2/13/2023,0:00,347.84
2/13/2023,6:00,0
2/13/2023,12:00,103.64
2/13/2023,18:00,862.752
2/14/2023,0:00,224.8
2/14/2023,6:00,0
2/14/2023,12:00,99.94
2/14/2023,18:00,778.576
2/15/2023,0:00,102.224
2/15/2023,6:00,0
2/15/2023,12:00,99.776
2/15/2023,18:00,883.2
2/16/2023,0:00,255.424
2/16/2023,6:00,0
2/16/2023,12:00,100.96
2/16/2023,18:00,887.5
2/17/2023,0:00,252.08
2/17/2023,6:00,0
2/17/2023,12:00,83.424
2/17/2023,18:00,906.56
2/18/2023,0:00,206
2/18/2023,6:00,0
2/18/2023,12:00,106.064
2/18/2023,18:00,935.696
2/19/2023,0:00,345.584
2/19/2023,6:00,0
2/19/2023,12:00,89.08
2/19/2023,18:00,910.176
2/20/2023,0:00,299.2
2/20/2023,6:00,0
2/20/2023,12:00,68.34
2/20/2023,18:00,871.312
2/21/2023,0:00,279.568
2/21/2023,6:00,0
2/21/2023,12:00,96.224
2/21/2023,18:00,883.28
2/22/2023,0:00,318.672
2/22/2023,6:00,0
2/22/2023,12:00,93.232
2/22/2023,18:00,848
2/23/2023,0:00,257.568
2/23/2023,6:00,0
2/23/2023,12:00,53.728
2/23/2023,18:00,777.584
2/24/2023,0:00,192.336
2/24/2023,6:00,0
2/24/2023,12:00,88.736
2/24/2023,18:00,592.592
2/25/2023,0:00,264.864
2/25/2023,6:00,0
2/25/2023,12:00,90.7
2/25/2023,18:00,867.536
2/26/2023,0:00,309.552
2/26/2023,6:00,0
2/26/2023,12:00,92.4
2/26/2023,18:00,870.4
2/27/2023,0:00,297.36
2/27/2023,6:00,0
2/27/2023,12:00,91.248
2/27/2023,18:00,865.6
2/28/2023,0:00,303.04
2/28/2023,6:00,0
2/28/2023,12:00,89.504
2/28/2023,18:00,720.832
3/1/2023,0:00,149.136
3/1/2023,6:00,0
3/1/2023,12:00,87.328
3/1/2023,18:00,776.528
3/2/2023,0:00,58.432
3/2/2023,6:00,0
3/2/2023,12:00,58.8
3/2/2023,18:00,162.736
3/3/2023,0:00,154.176
3/3/2023,6:00,0
3/3/2023,12:00,48.192
3/3/2023,18:00,661.44
3/4/2023,0:00,207.68
3/4/2023,6:00,0
3/4/2023,12:00,29.264
3/4/2023,18:00,577.92
3/5/2023,0:00,245.376
3/5/2023,6:00,0
3/5/2023,12:00,84.68
3/5/2023,18:00,842.656
3/6/2023,0:00,285.088
3/6/2023,6:00,0
3/6/2023,12:00,87.08
3/6/2023,18:00,865.392
3/7/2023,0:00,286.08
3/7/2023,6:00,0
3/7/2023,12:00,80.16
3/7/2023,18:00,822.896
3/8/2023,0:00,117.264
3/8/2023,6:00,0
3/8/2023,12:00,77.232
3/8/2023,18:00,812.848
3/9/2023,0:00,268.544
3/9/2023,6:00,0
3/9/2023,12:00,80.464
3/9/2023,18:00,820.352
3/10/2023,0:00,270.272
3/10/2023,6:00,0
3/10/2023,12:00,78.96
3/10/2023,18:00,813.376
3/11/2023,0:00,267.44
3/11/2023,6:00,0
3/11/2023,12:00,78.528
3/11/2023,18:00,821.296
3/12/2023,0:00,268.32
3/12/2023,6:00,0
3/12/2023,12:00,77.552
3/12/2023,18:00,810.928
3/13/2023,0:00,261.232
3/13/2023,6:00,0
3/13/2023,12:00,75.648
3/13/2023,18:00,799.776
3/14/2023,0:00,150.176
3/14/2023,6:00,0
3/14/2023,12:00,70.864
3/14/2023,18:00,513.376
3/15/2023,0:00,71.312
3/15/2023,6:00,0
3/15/2023,12:00,24
3/15/2023,18:00,179.04
3/16/2023,0:00,27.168
3/16/2023,6:00,0
3/16/2023,12:00,7.584
3/16/2023,18:00,336.32
3/17/2023,0:00,200.656
3/17/2023,6:00,0
3/17/2023,12:00,24.912
3/17/2023,18:00,446.864
3/18/2023,0:00,200.88
3/18/2023,6:00,0
3/18/2023,12:00,32.896
3/18/2023,18:00,721.712
3/19/2023,0:00,173.44
3/19/2023,6:00,0
3/19/2023,12:00,67.184
3/19/2023,18:00,766.048
3/20/2023,0:00,168.144
3/20/2023,6:00,0
3/20/2023,12:00,65.232
3/20/2023,18:00,714.784
3/21/2023,0:00,137.04
3/21/2023,6:00,0
3/21/2023,12:00,67.616
3/21/2023,18:00,757.152
3/22/2023,0:00,223.728
3/22/2023,6:00,0
3/22/2023,12:00,41.824
3/22/2023,18:00,720.608
3/23/2023,0:00,219.52
3/23/2023,6:00,0
3/23/2023,12:00,65.392
3/23/2023,18:00,750.416
3/24/2023,0:00,104.976
3/24/2023,6:00,0
3/24/2023,12:00,64.224
3/24/2023,18:00,716.048
3/25/2023,0:00,201.184
3/25/2023,6:00,0
3/25/2023,12:00,4.016
3/25/2023,18:00,210.672
3/26/2023,0:00,198.512
3/26/2023,6:00,0
3/26/2023,12:00,66.544
3/26/2023,18:00,760.704
3/27/2023,0:00,222.928
3/27/2023,6:00,0
3/27/2023,12:00,68.672
3/27/2023,18:00,782.64
3/28/2023,0:00,228.656
3/28/2023,6:00,0
3/28/2023,12:00,67.568
3/28/2023,18:00,766.832
3/29/2023,0:00,216.16
3/29/2023,6:00,0
3/29/2023,12:00,61.904
3/29/2023,18:00,548.704
3/30/2023,0:00,127.04
3/30/2023,6:00,0
3/30/2023,12:00,32.832
3/30/2023,18:00,537.984
3/31/2023,0:00,149.984
3/31/2023,6:00,0
3/31/2023,12:00,47.82
3/31/2023,18:00,533.392
4/1/2023,0:00,182.288
4/1/2023,6:00,0
4/1/2023,12:00,65.84
4/1/2023,18:00,767.152
4/2/2023,0:00,215.424
4/2/2023,6:00,0
4/2/2023,12:00,64.192
4/2/2023,18:00,757.952
4/3/2023,0:00,210.624
4/3/2023,6:00,0
4/3/2023,12:00,63.2
4/3/2023,18:00,748.752
4/4/2023,0:00,198.8
4/4/2023,6:00,0
4/4/2023,12:00,5.056
4/4/2023,18:00,246.32
4/5/2023,0:00,80.48
4/5/2023,6:00,0
4/5/2023,12:00,9.6
4/5/2023,18:00,404.736
4/6/2023,0:00,129.152
4/6/2023,6:00,0
4/6/2023,12:00,28.784
4/6/2023,18:00,488.528
4/7/2023,0:00,55.76
4/7/2023,6:00,0
4/7/2023,12:00,54.704
4/7/2023,18:00,551.28
4/8/2023,0:00,86.016
4/8/2023,6:00,0
4/8/2023,12:00,9.712
4/8/2023,18:00,527.12
4/9/2023,0:00,176.112
4/9/2023,6:00,0
4/9/2023,12:00,54
4/9/2023,18:00,690.656
4/10/2023,0:00,181.488
4/10/2023,6:00,0
4/10/2023,12:00,54.44
4/10/2023,18:00,694.576
4/11/2023,0:00,180.544
4/11/2023,6:00,0
4/11/2023,12:00,53.312
4/11/2023,18:00,653.488
4/12/2023,0:00,172.16
4/12/2023,6:00,0
4/12/2023,12:00,24.44
4/12/2023,18:00,409.648
4/13/2023,0:00,133.328
4/13/2023,6:00,0
4/13/2023,12:00,1.44
4/13/2023,18:00,95.584
4/14/2023,0:00,19.184
4/14/2023,6:00,0
4/14/2023,12:00,51.024
4/14/2023,18:00,676.4
4/15/2023,0:00,170.72
4/15/2023,6:00,0
4/15/2023,12:00,49.44
4/15/2023,18:00,657.904
4/16/2023,0:00,163.536
4/16/2023,6:00,0
4/16/2023,12:00,22.32
4/16/2023,18:00,349.136
4/17/2023,0:00,90.96
4/17/2023,6:00,0
4/17/2023,12:00,47.6
4/17/2023,18:00,639.776
4/18/2023,0:00,163.04
4/18/2023,6:00,0
4/18/2023,12:00,50.064
4/18/2023,18:00,673.584
4/19/2023,0:00,162.304
4/19/2023,6:00,0
4/19/2023,12:00,47.744
4/19/2023,18:00,428.016
4/20/2023,0:00,93.92
4/20/2023,6:00,0
4/20/2023,12:00,48.656
4/20/2023,18:00,668.896
4/21/2023,0:00,163.104
4/21/2023,6:00,0
4/21/2023,12:00,49.552
4/21/2023,18:00,671.536
4/22/2023,0:00,159.456
4/22/2023,6:00,0
4/22/2023,12:00,15.52
4/22/2023,18:00,567.872
4/23/2023,0:00,142.48
4/23/2023,6:00,0
4/23/2023,12:00,28.88
4/23/2023,18:00,530.944
4/24/2023,0:00,129.184
4/24/2023,6:00,0
4/24/2023,12:00,44.272
4/24/2023,18:00,401.536
4/25/2023,0:00,83.472
4/25/2023,6:00,0
4/25/2023,12:00,8.72
4/25/2023,18:00,210.192
4/26/2023,0:00,55.52
4/26/2023,6:00,0
4/26/2023,12:00,41.632
4/26/2023,18:00,450.816
4/27/2023,0:00,26
4/27/2023,6:00,0
4/27/2023,12:00,42.032
4/27/2023,18:00,617.072
4/28/2023,0:00,141.44
4/28/2023,6:00,0
4/28/2023,12:00,41.904
4/28/2023,18:00,619.824
4/29/2023,0:00,142.144
4/29/2023,6:00,0
4/29/2023,12:00,41.856
4/29/2023,18:00,614.32
4/30/2023,0:00,138.784
4/30/2023,6:00,0
4/30/2023,12:00,40.96
4/30/2023,18:00,604.432
5/1/2023,0:00,131.424
5/1/2023,6:00,0
5/1/2023,12:00,6.56
5/1/2023,18:00,198.704
5/2/2023,0:00,13.024
5/2/2023,6:00,0
5/2/2023,12:00,1.712
5/2/2023,18:00,31.648
5/3/2023,0:00,3.392
5/3/2023,6:00,0
5/3/2023,12:00,1.568
5/3/2023,18:00,19.904
5/4/2023,0:00,4.784
5/4/2023,6:00,0
5/4/2023,12:00,4.624
5/4/2023,18:00,52.976
5/5/2023,0:00,3.632
5/5/2023,6:00,0
5/5/2023,12:00,0.672
5/5/2023,18:00,44.016
5/6/2023,0:00,32.816
5/6/2023,6:00,0
5/6/2023,12:00,10.016
5/6/2023,18:00,83.312
5/7/2023,0:00,5.744
5/7/2023,6:00,0
5/7/2023,12:00,0.56
5/7/2023,18:00,43.248
5/8/2023,0:00,16.864
5/8/2023,6:00,0
5/8/2023,12:00,35.728
5/8/2023,18:00,580.56
5/9/2023,0:00,123.888
5/9/2023,6:00,0
5/9/2023,12:00,35.248
5/9/2023,18:00,586.16
5/10/2023,0:00,123.952
5/10/2023,6:00,0
5/10/2023,12:00,24.976
5/10/2023,18:00,539.984
5/11/2023,0:00,120.448
5/11/2023,6:00,0
5/11/2023,12:00,33.808
5/11/2023,18:00,546.48
5/12/2023,0:00,93.68
5/12/2023,6:00,0
5/12/2023,12:00,33.232
5/12/2023,18:00,564.336
5/13/2023,0:00,117.472
5/13/2023,6:00,0
5/13/2023,12:00,32.304
5/13/2023,18:00,553.712
5/14/2023,0:00,115.632
5/14/2023,6:00,0
5/14/2023,12:00,31.84
5/14/2023,18:00,552.288
5/15/2023,0:00,114.56
5/15/2023,6:00,0
5/15/2023,12:00,31.952
5/15/2023,18:00,555.248
5/16/2023,0:00,114.688
5/16/2023,6:00,0
5/16/2023,12:00,31.504
5/16/2023,18:00,554.192
5/17/2023,0:00,114.496
5/17/2023,6:00,0
5/17/2023,12:00,31.312
5/17/2023,18:00,551.136
5/18/2023,0:00,113.456
5/18/2023,6:00,0
5/18/2023,12:00,29.824
5/18/2023,18:00,539.312
5/19/2023,0:00,109.408
5/19/2023,6:00,0
5/19/2023,12:00,19.888
5/19/2023,18:00,509.984
5/20/2023,0:00,105.984
5/20/2023,6:00,0
5/20/2023,12:00,22.72
5/20/2023,18:00,416.896
5/21/2023,0:00,70.64
5/21/2023,6:00,0
5/21/2023,12:00,5.696
5/21/2023,18:00,44.912
5/22/2023,0:00,19.2
5/22/2023,6:00,0
5/22/2023,12:00,16.24
5/22/2023,18:00,340.784
5/23/2023,0:00,43.456
5/23/2023,6:00,0
5/23/2023,12:00,25.712
5/23/2023,18:00,504.608
5/24/2023,0:00,100.608
5/24/2023,6:00,0
5/24/2023,12:00,25.712
5/24/2023,18:00,505.824
5/25/2023,0:00,101.248
5/25/2023,6:00,0
5/25/2023,12:00,25.584
5/25/2023,18:00,509.728
5/26/2023,0:00,102.08
5/26/2023,6:00,0
5/26/2023,12:00,23.392
5/26/2023,18:00,385.792
5/27/2023,0:00,93.968
5/27/2023,6:00,0
5/27/2023,12:00,6.192
5/27/2023,18:00,112.256
5/28/2023,0:00,16.944
5/28/2023,6:00,0
5/28/2023,12:00,5.44
5/28/2023,18:00,463.952
5/29/2023,0:00,102.224
5/29/2023,6:00,0
5/29/2023,12:00,25.696
5/29/2023,18:00,518.192
5/30/2023,0:00,99.52
5/30/2023,6:00,0
5/30/2023,12:00,23.344
5/30/2023,18:00,402.784
5/31/2023,0:00,89.472
5/31/2023,6:00,0
5/31/2023,12:00,22.464
5/31/2023,18:00,473.04
6/1/2023,0:00,94.32
6/1/2023,6:00,0
6/1/2023,12:00,22.064
6/1/2023,18:00,482.48
6/2/2023,0:00,94.288
6/2/2023,6:00,0
6/2/2023,12:00,22.512
6/2/2023,18:00,461.52
6/3/2023,0:00,95.968
6/3/2023,6:00,0
6/3/2023,12:00,19.68
6/3/2023,18:00,447.28
6/4/2023,0:00,26.256
6/4/2023,6:00,0
6/4/2023,12:00,18.096
6/4/2023,18:00,470.288
6/5/2023,0:00,88.096
6/5/2023,6:00,0
6/5/2023,12:00,19.296
6/5/2023,18:00,354.672
6/6/2023,0:00,35.584
6/6/2023,6:00,0
6/6/2023,12:00,20.016
6/6/2023,18:00,468.688
6/7/2023,0:00,92.064
6/7/2023,6:00,0
6/7/2023,12:00,19.856
6/7/2023,18:00,465.104
6/8/2023,0:00,86.368
6/8/2023,6:00,0
6/8/2023,12:00,19.952
6/8/2023,18:00,473.264
6/9/2023,0:00,94.48
6/9/2023,6:00,0
6/9/2023,12:00,20.288
6/9/2023,18:00,472.88
6/10/2023,0:00,92.96
6/10/2023,6:00,0
6/10/2023,12:00,2.192
6/10/2023,18:00,91.2
6/11/2023,0:00,55.024
6/11/2023,6:00,0
6/11/2023,12:00,3.92
6/11/2023,18:00,322.432
6/12/2023,0:00,98.608
6/12/2023,6:00,0
6/12/2023,12:00,20.88
6/12/2023,18:00,499.648
6/13/2023,0:00,102.048
6/13/2023,6:00,0
6/13/2023,12:00,20.608
6/13/2023,18:00,464.208
6/14/2023,0:00,86.72
6/14/2023,6:00,0
6/14/2023,12:00,18
6/14/2023,18:00,338.8
6/15/2023,0:00,8.576
6/15/2023,6:00,0
6/15/2023,12:00,1.28
6/15/2023,18:00,39.392
6/16/2023,0:00,3.504
6/16/2023,6:00,0
6/16/2023,12:00,16.272
6/16/2023,18:00,465.84
6/17/2023,0:00,48.896
6/17/2023,6:00,0
6/17/2023,12:00,18.624
6/17/2023,18:00,270.864
6/18/2023,0:00,26.96
6/18/2023,6:00,0
6/18/2023,12:00,19.136
6/18/2023,18:00,485.488
6/19/2023,0:00,97.36
6/19/2023,6:00,0
6/19/2023,12:00,14.32
6/19/2023,18:00,395.152
6/20/2023,0:00,83.728
6/20/2023,6:00,0
6/20/2023,12:00,3.7
6/20/2023,18:00,287.504
6/21/2023,0:00,49.488
6/21/2023,6:00,0
6/21/2023,12:00,7.84
6/21/2023,18:00,32.56
6/22/2023,0:00,3.136
6/22/2023,6:00,0
6/22/2023,12:00,13.744
6/22/2023,18:00,358.352
6/23/2023,0:00,92.048
6/23/2023,6:00,0
6/23/2023,12:00,12
6/23/2023,18:00,145.168
6/24/2023,0:00,24.656
6/24/2023,6:00,0
6/24/2023,12:00,14.16
6/24/2023,18:00,433.344
6/25/2023,0:00,92.512
6/25/2023,6:00,0
6/25/2023,12:00,1.296
6/25/2023,18:00,340.944
6/26/2023,0:00,90.16
6/26/2023,6:00,0
6/26/2023,12:00,16.66
6/26/2023,18:00,385.888
6/27/2023,0:00,30.016
6/27/2023,6:00,0
6/27/2023,12:00,9.32
6/27/2023,18:00,372.08
6/28/2023,0:00,88.96
6/28/2023,6:00,0
6/28/2023,12:00,3.14
6/28/2023,18:00,230.864
6/29/2023,0:00,82.272
6/29/2023,6:00,0
6/29/2023,12:00,18.768
6/29/2023,18:00,489.328
6/30/2023,0:00,99.84
6/30/2023,6:00,0
6/30/2023,12:00,11.648
6/30/2023,18:00,171.984
7/1/2023,0:00,23.136
7/1/2023,6:00,0
7/1/2023,12:00,16.68
7/1/2023,18:00,462.496
7/2/2023,0:00,96.432
7/2/2023,6:00,0
7/2/2023,12:00,17.056
7/2/2023,18:00,469.424
7/3/2023,0:00,98.848
7/3/2023,6:00,0
7/3/2023,12:00,17.824
7/3/2023,18:00,477.12
7/4/2023,0:00,101.056
7/4/2023,6:00,0
7/4/2023,12:00,17.488
7/4/2023,18:00,474.944
7/5/2023,0:00,101.152
7/5/2023,6:00,0
7/5/2023,12:00,17.344
7/5/2023,18:00,472.112
7/6/2023,0:00,100.704
7/6/2023,6:00,0
7/6/2023,12:00,0.624
7/6/2023,18:00,251.52
7/7/2023,0:00,67.984
7/7/2023,6:00,0
7/7/2023,12:00,8.464
7/7/2023,18:00,307.52
7/8/2023,0:00,5.92
7/8/2023,6:00,0
7/8/2023,12:00,5.056
7/8/2023,18:00,313.936
7/9/2023,0:00,40.176
7/9/2023,6:00,0
7/9/2023,12:00,8.736
7/9/2023,18:00,435.248
7/10/2023,0:00,84.832
7/10/2023,6:00,0
7/10/2023,12:00,9.376
7/10/2023,18:00,97.888
7/11/2023,0:00,26.528
7/11/2023,6:00,0
7/11/2023,12:00,11.136
7/11/2023,18:00,214.352
7/12/2023,0:00,19.04
7/12/2023,6:00,0
7/12/2023,12:00,2.272
7/12/2023,18:00,21.744
7/13/2023,0:00,9.12
7/13/2023,6:00,0
7/13/2023,12:00,3.536
7/13/2023,18:00,24.096
7/14/2023,0:00,16.672
7/14/2023,6:00,0
7/14/2023,12:00,19.4
7/14/2023,18:00,484.624
7/15/2023,0:00,61.136
7/15/2023,6:00,0
7/15/2023,12:00,19.872
7/15/2023,18:00,503.488
7/16/2023,0:00,62.832
7/16/2023,6:00,0
7/16/2023,12:00,19.664
7/16/2023,18:00,506.064
7/17/2023,0:00,113.744
7/17/2023,6:00,0
7/17/2023,12:00,20.688
7/17/2023,18:00,519.856
7/18/2023,0:00,117.28
7/18/2023,6:00,0
7/18/2023,12:00,20.768
7/18/2023,18:00,511.648
7/19/2023,0:00,118.256
7/19/2023,6:00,0
7/19/2023,12:00,21.152
7/19/2023,18:00,503.936
7/20/2023,0:00,101.488
7/20/2023,6:00,0
7/20/2023,12:00,10.864
7/20/2023,18:00,144.704
7/21/2023,0:00,40.384
7/21/2023,6:00,0
7/21/2023,12:00,19.84
7/21/2023,18:00,491.872
7/22/2023,0:00,108.368
7/22/2023,6:00,0
7/22/2023,12:00,14.768
7/22/2023,18:00,473.056
7/23/2023,0:00,113.008
7/23/2023,6:00,0
7/23/2023,12:00,20.832
7/23/2023,18:00,493.088
7/24/2023,0:00,47.488
7/24/2023,6:00,0
7/24/2023,12:00,2.768
7/24/2023,18:00,151.856
7/25/2023,0:00,15.296
7/25/2023,6:00,0
7/25/2023,12:00,1.04
7/25/2023,18:00,203.808
7/26/2023,0:00,77.792
7/26/2023,6:00,0
7/26/2023,12:00,13.632
7/26/2023,18:00,228.128
7/27/2023,0:00,39.04
7/27/2023,6:00,0
7/27/2023,12:00,24.224
7/27/2023,18:00,542.256
7/28/2023,0:00,102.288
7/28/2023,6:00,0
7/28/2023,12:00,16.912
7/28/2023,18:00,543.312
7/29/2023,0:00,128.656
7/29/2023,6:00,0
7/29/2023,12:00,24.688
7/29/2023,18:00,549.216
7/30/2023,0:00,130.448
7/30/2023,6:00,0
7/30/2023,12:00,25.824
7/30/2023,18:00,542.416
7/31/2023,0:00,130.896
7/31/2023,6:00,0
7/31/2023,12:00,24.464
7/31/2023,18:00,535.824
8/1/2023,0:00,119.68
8/1/2023,6:00,0
8/1/2023,12:00,25.824
8/1/2023,18:00,545.936
8/2/2023,0:00,129.84
8/2/2023,6:00,0
8/2/2023,12:00,26.384
8/2/2023,18:00,550.144
8/3/2023,0:00,132.048
8/3/2023,6:00,0
8/3/2023,12:00,26.24
8/3/2023,18:00,538.592
8/4/2023,0:00,130.368
8/4/2023,6:00,0
8/4/2023,12:00,26.736
8/4/2023,18:00,546.576
8/5/2023,0:00,131.248
8/5/2023,6:00,0
8/5/2023,12:00,26.656
8/5/2023,18:00,544.96
8/6/2023,0:00,132.816
8/6/2023,6:00,0
8/6/2023,12:00,28.832
8/6/2023,18:00,559.488
8/7/2023,0:00,117.12
8/7/2023,6:00,0
8/7/2023,12:00,5.728
8/7/2023,18:00,312.016
8/8/2023,0:00,123.776
8/8/2023,6:00,0
8/8/2023,12:00,30.608
8/8/2023,18:00,482.848
8/9/2023,0:00,59.84
8/9/2023,6:00,0
8/9/2023,12:00,14.496
8/9/2023,18:00,47.568
8/10/2023,0:00,24.128
8/10/2023,6:00,0
8/10/2023,12:00,6.112
8/10/2023,18:00,252.016
8/11/2023,0:00,98.784
8/11/2023,6:00,0
8/11/2023,12:00,31.488
8/11/2023,18:00,575.616
8/12/2023,0:00,142.88
8/12/2023,6:00,0
8/12/2023,12:00,34.848
8/12/2023,18:00,585.072
8/13/2023,0:00,142.736
8/13/2023,6:00,0
8/13/2023,12:00,36.848
8/13/2023,18:00,626.272
8/14/2023,0:00,154.048
8/14/2023,6:00,0
8/14/2023,12:00,32.768
8/14/2023,18:00,582.416
8/15/2023,0:00,149.136
8/15/2023,6:00,0
8/15/2023,12:00,30.816
8/15/2023,18:00,557.632
8/16/2023,0:00,149.2
8/16/2023,6:00,0
8/16/2023,12:00,25.184
8/16/2023,18:00,555.712
8/17/2023,0:00,134.496
8/17/2023,6:00,0
8/17/2023,12:00,34.208
8/17/2023,18:00,597.216
8/18/2023,0:00,149.648
8/18/2023,6:00,0
8/18/2023,12:00,1.056
8/18/2023,18:00,155.776
8/19/2023,0:00,39.408
8/19/2023,6:00,0
8/19/2023,12:00,41.792
8/19/2023,18:00,638.032
8/20/2023,0:00,134.944
8/20/2023,6:00,0
8/20/2023,12:00,39.392
8/20/2023,18:00,603.216
8/21/2023,0:00,96.096
8/21/2023,6:00,0
8/21/2023,12:00,41.216
8/21/2023,18:00,631.488
8/22/2023,0:00,159.68
8/22/2023,6:00,0
8/22/2023,12:00,41.136
8/22/2023,18:00,626
8/23/2023,0:00,157.76
8/23/2023,6:00,0
8/23/2023,12:00,13.984
8/23/2023,18:00,337.488
8/24/2023,0:00,40.928
8/24/2023,6:00,0
8/24/2023,12:00,46.576
8/24/2023,18:00,668.256
8/25/2023,0:00,170.416
8/25/2023,6:00,0
8/25/2023,12:00,47.952
8/25/2023,18:00,670.08
8/26/2023,0:00,170.144
8/26/2023,6:00,0
8/26/2023,12:00,49.488
8/26/2023,18:00,642.064
8/27/2023,0:00,165.968
8/27/2023,6:00,0
8/27/2023,12:00,50.64
8/27/2023,18:00,685.936
8/28/2023,0:00,176.688
8/28/2023,6:00,0
8/28/2023,12:00,53.568
8/28/2023,18:00,705.776
8/29/2023,0:00,181.408
8/29/2023,6:00,0
8/29/2023,12:00,52.032
8/29/2023,18:00,677.408
8/30/2023,0:00,173.904
8/30/2023,6:00,0
8/30/2023,12:00,52.368
8/30/2023,18:00,679.968
8/31/2023,0:00,174.096
8/31/2023,6:00,0
8/31/2023,12:00,53.04
8/31/2023,18:00,682.624
9/1/2023,0:00,176.352
9/1/2023,6:00,0
9/1/2023,12:00,31.312
9/1/2023,18:00,218.144
9/2/2023,0:00,29.568
9/2/2023,6:00,0
9/2/2023,12:00,16.24
9/2/2023,18:00,253.232
9/3/2023,0:00,134.416
9/3/2023,6:00,0
9/3/2023,12:00,11.792
9/3/2023,18:00,384.816
9/4/2023,0:00,84.928
9/4/2023,6:00,0
9/4/2023,12:00,3.776
9/4/2023,18:00,45.808
9/5/2023,0:00,3.744
9/5/2023,6:00,0
9/5/2023,12:00,61.888
9/5/2023,18:00,721.888
9/6/2023,0:00,188.832
9/6/2023,6:00,0
9/6/2023,12:00,61.904
9/6/2023,18:00,306.256
9/7/2023,0:00,36.32
9/7/2023,6:00,0
9/7/2023,12:00,36.944
9/7/2023,18:00,284.224
9/8/2023,0:00,50.704
9/8/2023,6:00,0
9/8/2023,12:00,12.608
9/8/2023,18:00,218.576
9/9/2023,0:00,8.896
9/9/2023,6:00,0
9/9/2023,12:00,23.504
9/9/2023,18:00,315.648
9/10/2023,0:00,51.44
9/10/2023,6:00,0
9/10/2023,12:00,39.104
9/10/2023,18:00,442.544
9/11/2023,0:00,105.296
9/11/2023,6:00,0
9/11/2023,12:00,66.112
9/11/2023,18:00,440.528
9/12/2023,0:00,180.464
9/12/2023,6:00,0
9/12/2023,12:00,30.784
9/12/2023,18:00,147.232
9/13/2023,0:00,12.032
9/13/2023,6:00,0
9/13/2023,12:00,0.96
9/13/2023,18:00,38.048
9/14/2023,0:00,20.48
9/14/2023,6:00,0
9/14/2023,12:00,78.688
9/14/2023,18:00,782.208
9/15/2023,0:00,202.128
9/15/2023,6:00,0
9/15/2023,12:00,78.112
9/15/2023,18:00,763.328
9/16/2023,0:00,196.576
9/16/2023,6:00,0
9/16/2023,12:00,81.424
9/16/2023,18:00,775.616
9/17/2023,0:00,200.48
9/17/2023,6:00,0
9/17/2023,12:00,77.728
9/17/2023,18:00,744.368
9/18/2023,0:00,195.6
9/18/2023,6:00,0
9/18/2023,12:00,48.752
9/18/2023,18:00,616.096
9/19/2023,0:00,134.752
9/19/2023,6:00,0
9/19/2023,12:00,14.544
9/19/2023,18:00,219.616
9/20/2023,0:00,24.32
9/20/2023,6:00,0
9/20/2023,12:00,32.208
9/20/2023,18:00,691.744
9/21/2023,0:00,147.76
9/21/2023,6:00,0
9/21/2023,12:00,80.496
9/21/2023,18:00,727.248
9/22/2023,0:00,112.944
9/22/2023,6:00,0
9/22/2023,12:00,75.856
9/22/2023,18:00,222.032
9/23/2023,0:00,167.152
9/23/2023,6:00,0
9/23/2023,12:00,24.048
9/23/2023,18:00,629.6
9/24/2023,0:00,195.328
9/24/2023,6:00,0
9/24/2023,12:00,41.168
9/24/2023,18:00,604.288
9/25/2023,0:00,51.536
9/25/2023,6:00,0
9/25/2023,12:00,20.304
9/25/2023,18:00,590.976
9/26/2023,0:00,143.968
9/26/2023,6:00,0
9/26/2023,12:00,76.24
9/26/2023,18:00,116.816
9/27/2023,0:00,9.808
9/27/2023,6:00,0
9/27/2023,12:00,95.824
9/27/2023,18:00,822.096
9/28/2023,0:00,220.56
9/28/2023,6:00,0
9/28/2023,12:00,104.144
9/28/2023,18:00,837.664
9/29/2023,0:00,220.24
9/29/2023,6:00,0
9/29/2023,12:00,102.816
9/29/2023,18:00,822.208
9/30/2023,0:00,211.808
9/30/2023,6:00,0
9/30/2023,12:00,98.912
9/30/2023,18:00,820.384
10/1/2023,0:00,219.264
10/1/2023,6:00,0
10/1/2023,12:00,110.48
10/1/2023,18:00,864.24
10/2/2023,0:00,234.048
10/2/2023,6:00,0
10/2/2023,12:00,115.264
10/2/2023,18:00,870.592
10/3/2023,0:00,232.416
10/3/2023,6:00,0
10/3/2023,12:00,113.46
10/3/2023,18:00,746.768
10/4/2023,0:00,194.448
10/4/2023,6:00,0
10/4/2023,12:00,34.58
10/4/2023,18:00,518.368
10/5/2023,0:00,216.736
10/5/2023,6:00,0
10/5/2023,12:00,120.46
10/5/2023,18:00,883.78
10/6/2023,0:00,236.272
10/6/2023,6:00,0
10/6/2023,12:00,109.82
10/6/2023,18:00,159.7
10/7/2023,0:00,96.48
10/7/2023,6:00,0
10/7/2023,12:00,108.86
10/7/2023,18:00,799.584
10/8/2023,0:00,183.36
10/8/2023,6:00,0
10/8/2023,12:00,81.536
10/8/2023,18:00,809.36
10/9/2023,0:00,233.152
10/9/2023,6:00,0
10/9/2023,12:00,123.12
10/9/2023,18:00,875.74
10/10/2023,0:00,236.784
10/10/2023,6:00,0
10/10/2023,12:00,124.8
10/10/2023,18:00,878.12
10/11/2023,0:00,237.472
10/11/2023,6:00,0
10/11/2023,12:00,14.96
10/11/2023,18:00,101.94
10/12/2023,0:00,45.264
10/12/2023,6:00,0
10/12/2023,12:00,57.248
10/12/2023,18:00,888.16
10/13/2023,0:00,244.992
10/13/2023,6:00,0
10/13/2023,12:00,135.104
10/13/2023,18:00,910.84
10/14/2023,0:00,249.984
10/14/2023,6:00,0
10/14/2023,12:00,133.952
10/14/2023,18:00,895.06
10/15/2023,0:00,243.12
10/15/2023,6:00,0
10/15/2023,12:00,126.48
10/15/2023,18:00,761.62
10/16/2023,0:00,209.984
10/16/2023,6:00,0
10/16/2023,12:00,105.856
10/16/2023,18:00,407.728
10/17/2023,0:00,111.488
10/17/2023,6:00,0
10/17/2023,12:00,1.872
10/17/2023,18:00,64.56
10/18/2023,0:00,15.584
10/18/2023,6:00,0
10/18/2023,12:00,32.24
10/18/2023,18:00,528.48
10/19/2023,0:00,62.864
10/19/2023,6:00,0
10/19/2023,12:00,119.184
10/19/2023,18:00,614.768
10/20/2023,0:00,41.392
10/20/2023,6:00,0
10/20/2023,12:00,46.144
10/20/2023,18:00,510.08
10/21/2023,0:00,233.104
10/21/2023,6:00,0
10/21/2023,12:00,56.64
10/21/2023,18:00,700.32
10/22/2023,0:00,231.792
10/22/2023,6:00,0
10/22/2023,12:00,84.26
10/22/2023,18:00,299.984
10/23/2023,0:00,63.264
10/23/2023,6:00,0
10/23/2023,12:00,6.7
10/23/2023,18:00,29.12
10/24/2023,0:00,133.664
10/24/2023,6:00,0
10/24/2023,12:00,88.76
10/24/2023,18:00,241.5
10/25/2023,0:00,125.104
10/25/2023,6:00,0
10/25/2023,12:00,146.3
10/25/2023,18:00,718.42
10/26/2023,0:00,219.328
10/26/2023,6:00,0
10/26/2023,12:00,152.28
10/26/2023,18:00,920.58
10/27/2023,0:00,172.88
10/27/2023,6:00,0
10/27/2023,12:00,151.76
10/27/2023,18:00,883.12
10/28/2023,0:00,185.92
10/28/2023,6:00,0
10/28/2023,12:00,19.12
10/28/2023,18:00,147.5
10/29/2023,0:00,122.576
10/29/2023,6:00,0
10/29/2023,12:00,153.424
10/29/2023,18:00,921.74
10/30/2023,0:00,261.2
10/30/2023,6:00,0
10/30/2023,12:00,60.064
10/30/2023,18:00,188.04
10/31/2023,0:00,212.624
10/31/2023,6:00,0
10/31/2023,12:00,96.736
10/31/2023,18:00,693.4
11/1/2023,0:00,210.752
11/1/2023,6:00,0
11/1/2023,12:00,113.08
11/1/2023,18:00,535.76
11/2/2023,0:00,34.688
11/2/2023,6:00,0
11/2/2023,12:00,13.664
11/2/2023,18:00,66.14
11/3/2023,0:00,4.432
11/3/2023,6:00,0
11/3/2023,12:00,14.48
11/3/2023,18:00,240.68
11/4/2023,0:00,65.552
11/4/2023,6:00,0
11/4/2023,12:00,169.36
11/4/2023,18:00,966.5
11/5/2023,0:00,282.704
11/5/2023,6:00,0
11/5/2023,12:00,172.56
11/5/2023,18:00,965.34
11/6/2023,0:00,223.6
11/6/2023,6:00,0
11/6/2023,12:00,168.512
11/6/2023,18:00,949.58
11/7/2023,0:00,277.856
11/7/2023,6:00,0
11/7/2023,12:00,166.208
11/7/2023,18:00,932.7
11/8/2023,0:00,269.856
11/8/2023,6:00,0
11/8/2023,12:00,41.78
11/8/2023,18:00,695.12
11/9/2023,0:00,235.76
11/9/2023,6:00,0
11/9/2023,12:00,48.32
11/9/2023,18:00,239.8
11/10/2023,0:00,28.736
11/10/2023,6:00,0
11/10/2023,12:00,107.1
11/10/2023,18:00,578.82
11/11/2023,0:00,254.32
11/11/2023,6:00,0
11/11/2023,12:00,33.02
11/11/2023,18:00,235.26
11/12/2023,0:00,126.224
11/12/2023,6:00,0
11/12/2023,12:00,90.3
11/12/2023,18:00,402.14
11/13/2023,0:00,107.376
11/13/2023,6:00,0
11/13/2023,12:00,5.38
11/13/2023,18:00,52.3
11/14/2023,0:00,29.296
11/14/2023,6:00,0
11/14/2023,12:00,11
11/14/2023,18:00,79.94
11/15/2023,0:00,148.096
11/15/2023,6:00,0
11/15/2023,12:00,31.42
11/15/2023,18:00,200.9
11/16/2023,0:00,200.416
11/16/2023,6:00,0
11/16/2023,12:00,145.98
11/16/2023,18:00,731.4
11/17/2023,0:00,260.08
11/17/2023,6:00,0
11/17/2023,12:00,158.64
11/17/2023,18:00,257.06
11/18/2023,0:00,65.552
11/18/2023,6:00,0
11/18/2023,12:00,17.94
11/18/2023,18:00,523.44
11/19/2023,0:00,258.144
11/19/2023,6:00,0
11/19/2023,12:00,184.16
11/19/2023,18:00,982.1
11/20/2023,0:00,304.592
11/20/2023,6:00,0
11/20/2023,12:00,184.32
11/20/2023,18:00,941.46
11/21/2023,0:00,296.92
11/21/2023,6:00,0
11/21/2023,12:00,171.66
11/21/2023,18:00,832.3
11/22/2023,0:00,224.74
11/22/2023,6:00,0
11/22/2023,12:00,44.4
11/22/2023,18:00,292.56
11/23/2023,0:00,108.62
11/23/2023,6:00,0
11/23/2023,12:00,70.46
11/23/2023,18:00,857.32
11/24/2023,0:00,294.96
11/24/2023,6:00,0
11/24/2023,12:00,173.26
11/24/2023,18:00,966.54
11/25/2023,0:00,265.088
11/25/2023,6:00,0
11/25/2023,12:00,180.6
11/25/2023,18:00,981.18
11/26/2023,0:00,303.856
11/26/2023,6:00,0
11/26/2023,12:00,172.08
11/26/2023,18:00,947.4
11/27/2023,0:00,155.952
11/27/2023,6:00,0
11/27/2023,12:00,90.14
11/27/2023,18:00,316.44
11/28/2023,0:00,87.12
11/28/2023,6:00,0
11/28/2023,12:00,172.06
11/28/2023,18:00,711.66
11/29/2023,0:00,292.44
11/29/2023,6:00,0
11/29/2023,12:00,177.72
11/29/2023,18:00,960.8
11/30/2023,0:00,309.88
11/30/2023,6:00,0
11/30/2023,12:00,178.2
11/30/2023,18:00,749.7
12/1/2023,0:00,276.02
12/1/2023,6:00,0
12/1/2023,12:00,171.72
12/1/2023,18:00,939.24
12/2/2023,0:00,305.72
12/2/2023,6:00,0
12/2/2023,12:00,61.08
12/2/2023,18:00,278.68
12/3/2023,0:00,78.76
12/3/2023,6:00,0
12/3/2023,12:00,85.74
12/3/2023,18:00,116.98
12/4/2023,0:00,47.02
12/4/2023,6:00,0
12/4/2023,12:00,83.56
12/4/2023,18:00,570.44
12/5/2023,0:00,120.3
12/5/2023,6:00,0
12/5/2023,12:00,140.86
12/5/2023,18:00,479.26
12/6/2023,0:00,111
12/6/2023,6:00,0
12/6/2023,12:00,159.44
12/6/2023,18:00,799.98
12/7/2023,0:00,263.184
12/7/2023,6:00,0
12/7/2023,12:00,82.24
12/7/2023,18:00,691.74
12/8/2023,0:00,332.94
12/8/2023,6:00,0
12/8/2023,12:00,182.88
12/8/2023,18:00,1001.56
12/9/2023,0:00,338.76
12/9/2023,6:00,0
12/9/2023,12:00,184.22
12/9/2023,18:00,1000.36
12/10/2023,0:00,339.18
12/10/2023,6:00,0
12/10/2023,12:00,175.06
12/10/2023,18:00,884.28
12/11/2023,0:00,333.08
12/11/2023,6:00,0
12/11/2023,12:00,178.78
12/11/2023,18:00,986.78
12/12/2023,0:00,328.46
12/12/2023,6:00,0
12/12/2023,12:00,176.74
12/12/2023,18:00,980.04
12/13/2023,0:00,340.12
12/13/2023,6:00,0
12/13/2023,12:00,98.14
12/13/2023,18:00,223.5
12/14/2023,0:00,38.26
12/14/2023,6:00,0
12/14/2023,12:00,75.18
12/14/2023,18:00,621.68
12/15/2023,0:00,144.04
12/15/2023,6:00,0
12/15/2023,12:00,73.48
12/15/2023,18:00,143.12
12/16/2023,0:00,181.744
12/16/2023,6:00,0
12/16/2023,12:00,44.2
12/16/2023,18:00,925.64
12/17/2023,0:00,308.98
12/17/2023,6:00,0
12/17/2023,12:00,165.4
12/17/2023,18:00,944.22
12/18/2023,0:00,332.58
12/18/2023,6:00,0
12/18/2023,12:00,131.3
12/18/2023,18:00,739.7
12/19/2023,0:00,26.224
12/19/2023,6:00,0
12/19/2023,12:00,26.16
12/19/2023,18:00,403.84
12/20/2023,0:00,95.568
12/20/2023,6:00,0
12/20/2023,12:00,55.94
12/20/2023,18:00,201.46
12/21/2023,0:00,207.22
12/21/2023,6:00,0
12/21/2023,12:00,161.98
12/21/2023,18:00,835.64
12/22/2023,0:00,270.18
12/22/2023,6:00,0
12/22/2023,12:00,153.26
12/22/2023,18:00,847.04
12/23/2023,0:00,243.44
12/23/2023,6:00,0
12/23/2023,12:00,161.32
12/23/2023,18:00,915.08
12/24/2023,0:00,217.4
12/24/2023,6:00,0
12/24/2023,12:00,133.14
12/24/2023,18:00,896.18
12/25/2023,0:00,339.54
12/25/2023,6:00,0
12/25/2023,12:00,138.82
12/25/2023,18:00,863.46
12/26/2023,0:00,355.68
12/26/2023,12:00,177.48
12/26/2023,18:00,1020.4
12/27/2023,0:00,370.46
12/27/2023,6:00,0
12/27/2023,12:00,167.22
12/27/2023,18:00,994.14
12/28/2023,0:00,363.8
12/28/2023,6:00,0
12/28/2023,12:00,148.34
12/28/2023,18:00,961.34
12/29/2023,0:00,305.78
12/29/2023,6:00,0
12/29/2023,12:00,10.62
12/29/2023,18:00,290.18
12/30/2023,0:00,223.88
12/30/2023,6:00,0
12/30/2023,12:00,161.78
12/30/2023,18:00,981.92
12/31/2023,0:00,317.7
12/31/2023,6:00,0
12/31/2023,12:00,110.34
12/31/2023,18:00,743.86
1/1/2024,0:00,301.22
1/1/2024,6:00,0
1/1/2024,12:00,133.72
1/1/2024,18:00,794.74
1/2/2024,0:00,137.18
1/2/2024,6:00,0
1/2/2024,12:00,155.78
1/2/2024,18:00,963.9
1/3/2024,0:00,233.98
1/3/2024,6:00,0
1/3/2024,12:00,50.02
1/3/2024,18:00,550.16
1/4/2024,0:00,343.46
1/4/2024,6:00,0
1/4/2024,12:00,71.32
1/4/2024,18:00,444.46
1/5/2024,0:00,192.32
1/5/2024,6:00,0
1/5/2024,12:00,91.54
1/5/2024,18:00,928.4
1/6/2024,0:00,358.08
1/6/2024,6:00,0
1/6/2024,12:00,149.648
1/6/2024,18:00,956.78
1/7/2024,0:00,350.752
1/7/2024,6:00,0
1/7/2024,12:00,128.52
1/7/2024,18:00,548.54
1/8/2024,0:00,102.704
1/8/2024,6:00,0
1/8/2024,12:00,30.992
1/8/2024,18:00,361.54
1/9/2024,0:00,127.04
1/9/2024,6:00,0
1/9/2024,12:00,95.92
1/9/2024,18:00,406.8
1/10/2024,0:00,272.688
1/10/2024,6:00,0
1/10/2024,12:00,29.12
1/10/2024,18:00,73.18
1/11/2024,0:00,9.856
1/11/2024,6:00,0
1/11/2024,12:00,110.92
1/11/2024,18:00,515.64
1/12/2024,0:00,203.168
1/12/2024,6:00,0
1/12/2024,12:00,141.22
1/12/2024,18:00,966.04
1/13/2024,0:00,369.12
1/13/2024,6:00,0
1/13/2024,12:00,145.92
1/13/2024,18:00,957.98
1/14/2024,0:00,360.88
1/14/2024,6:00,0
1/14/2024,12:00,135.96
1/14/2024,18:00,872.58
1/15/2024,0:00,258.72
1/15/2024,6:00,0
1/15/2024,12:00,137.62
1/15/2024,18:00,946
1/16/2024,0:00,362.6
1/16/2024,6:00,0
1/16/2024,12:00,125.14
1/16/2024,18:00,819.28
1/17/2024,0:00,340.72
1/17/2024,6:00,0
1/17/2024,12:00,25.84
1/17/2024,18:00,27.02
1/18/2024,0:00,10.528
1/18/2024,6:00,0
1/18/2024,12:00,65.54
1/18/2024,18:00,798.32
1/19/2024,0:00,359.456
1/19/2024,6:00,0
1/19/2024,12:00,131.44
1/19/2024,18:00,812.82
1/20/2024,0:00,271.216
1/20/2024,6:00,0
1/20/2024,12:00,124.64
1/20/2024,18:00,530.92
1/21/2024,0:00,213.504
1/21/2024,6:00,0
1/21/2024,12:00,129.072
1/21/2024,18:00,457.92
1/22/2024,0:00,302.976
1/22/2024,6:00,0
1/22/2024,12:00,134.128
1/22/2024,18:00,854.94
1/23/2024,0:00,268.384
1/23/2024,6:00,0
1/23/2024,12:00,128.576
1/23/2024,18:00,691.46
1/24/2024,0:00,276.48
1/24/2024,6:00,0
1/24/2024,12:00,128.6
1/24/2024,18:00,948.24
1/25/2024,0:00,364.656
1/25/2024,6:00,0
1/25/2024,12:00,128.52
1/25/2024,18:00,949.18
1/26/2024,0:00,370.288
1/26/2024,6:00,0
1/26/2024,12:00,129.84
1/26/2024,18:00,950.68
1/27/2024,0:00,343.856
1/27/2024,6:00,0
1/27/2024,12:00,122.92
1/27/2024,18:00,934.02
1/28/2024,0:00,351.872
1/28/2024,6:00,0
1/28/2024,12:00,121.7
1/28/2024,18:00,907.7
1/29/2024,0:00,229.92
1/29/2024,6:00,0
1/29/2024,12:00,120.84
1/29/2024,18:00,927.68
1/30/2024,0:00,344.016
1/30/2024,6:00,0
1/30/2024,12:00,118.24
1/30/2024,18:00,904.06
1/31/2024,0:00,80.016
1/31/2024,6:00,0
1/31/2024,12:00,123.2
1/31/2024,18:00,952.26
2/1/2024,0:00,363.392
2/1/2024,6:00,0
2/1/2024,12:00,120.096
2/1/2024,18:00,937
2/2/2024,0:00,356.816
2/2/2024,6:00,0
2/2/2024,12:00,120.464
2/2/2024,18:00,933.34
2/3/2024,0:00,353.088
2/3/2024,6:00,0
2/3/2024,12:00,114.64
2/3/2024,18:00,912.88
2/4/2024,0:00,346.768
2/4/2024,6:00,0
2/4/2024,12:00,94.704
2/4/2024,18:00,901.744
2/5/2024,0:00,260.64
2/5/2024,6:00,0
2/5/2024,12:00,84.944
2/5/2024,18:00,815.44
2/6/2024,0:00,309.072
2/6/2024,6:00,0
2/6/2024,12:00,109.52
2/6/2024,18:00,901.888
2/7/2024,0:00,307.36
2/7/2024,6:00,0
2/7/2024,12:00,109.12
2/7/2024,18:00,893.888
2/8/2024,0:00,335.808
2/8/2024,6:00,0
2/8/2024,12:00,106.528
2/8/2024,18:00,889.88
2/9/2024,0:00,326.688
2/9/2024,6:00,0
2/9/2024,12:00,105.888
2/9/2024,18:00,865.6
2/10/2024,0:00,261.28
2/10/2024,6:00,0
2/10/2024,12:00,98.608
2/10/2024,18:00,769.62
2/11/2024,0:00,250
2/11/2024,6:00,0
2/11/2024,12:00,102.352
2/11/2024,18:00,866.72
2/12/2024,0:00,307.856
2/12/2024,6:00,0
2/12/2024,12:00,101.04
2/12/2024,18:00,865.216
2/13/2024,0:00,239.36
2/13/2024,6:00,0
2/13/2024,12:00,44.272
2/13/2024,18:00,53.728
2/14/2024,0:00,76.768
2/14/2024,6:00,0
2/14/2024,12:00,106.736
2/14/2024,18:00,914.096
2/15/2024,0:00,337.808
2/15/2024,6:00,0
2/15/2024,12:00,101.328
2/15/2024,18:00,762.352
2/16/2024,0:00,165.568
2/16/2024,6:00,0
2/16/2024,12:00,19.216
2/16/2024,18:00,431.744
2/17/2024,0:00,139.424
2/17/2024,6:00,0
2/17/2024,12:00,46.256
2/17/2024,18:00,793.12
2/18/2024,0:00,314.144
2/18/2024,6:00,0
2/18/2024,12:00,97.936
2/18/2024,18:00,875.488
2/19/2024,0:00,208.528
2/19/2024,6:00,0
2/19/2024,12:00,77.392
2/19/2024,18:00,833.52
2/20/2024,0:00,99.248
2/20/2024,6:00,0
2/20/2024,12:00,95.184
2/20/2024,18:00,875.136
2/21/2024,0:00,319.824
2/21/2024,6:00,0
2/21/2024,12:00,97.76
2/21/2024,18:00,888.144
2/22/2024,0:00,318.048
2/22/2024,6:00,0
2/22/2024,12:00,91.584
2/22/2024,18:00,849.184
2/23/2024,0:00,276.72
2/23/2024,6:00,0
2/23/2024,12:00,93.056
2/23/2024,18:00,872.528
2/24/2024,0:00,310.272
2/24/2024,6:00,0
2/24/2024,12:00,91.616
2/24/2024,18:00,856.4
2/25/2024,0:00,252.336
2/25/2024,6:00,0
2/25/2024,12:00,88.28
2/25/2024,18:00,834.752
2/26/2024,0:00,91.296
2/26/2024,6:00,0
2/26/2024,12:00,58.752
2/26/2024,18:00,368.88
2/27/2024,0:00,152.752
2/27/2024,6:00,0
2/27/2024,12:00,30.256
2/27/2024,18:00,574.32
2/28/2024,0:00,183.36
2/28/2024,6:00,0
2/28/2024,12:00,47.072
2/28/2024,18:00,262.928
2/29/2024,0:00,33.328
2/29/2024,6:00,0
2/29/2024,12:00,70.848
2/29/2024,18:00,577.456
3/1/2024,0:00,170.528
3/1/2024,6:00,0
3/1/2024,12:00,84.608
3/1/2024,18:00,832.112
3/2/2024,0:00,271.088
3/2/2024,6:00,0
3/2/2024,12:00,84.512
3/2/2024,18:00,833.6
3/3/2024,0:00,274.752
3/3/2024,6:00,0
3/3/2024,12:00,24.368
3/3/2024,18:00,232.576
3/4/2024,0:00,111.136
3/4/2024,6:00,0
3/4/2024,12:00,47.584
3/4/2024,18:00,324.416
3/5/2024,0:00,208.08
3/5/2024,6:00,0
3/5/2024,12:00,83.248
3/5/2024,18:00,864.352
3/6/2024,0:00,289.472
3/6/2024,6:00,0
3/6/2024,12:00,87.872
3/6/2024,18:00,863.824
3/7/2024,0:00,287.216
3/7/2024,6:00,0
3/7/2024,12:00,82
3/7/2024,18:00,750.528
3/8/2024,0:00,266
3/8/2024,6:00,0
3/8/2024,12:00,11.04
3/8/2024,18:00,546.496
3/9/2024,0:00,251.152
3/9/2024,6:00,0
3/9/2024,12:00,76.592
3/9/2024,18:00,707.28
3/10/2024,0:00,257.616
3/10/2024,6:00,0
3/10/2024,12:00,72
3/10/2024,18:00,797.456
3/11/2024,0:00,264.656
3/11/2024,6:00,0
3/11/2024,12:00,78.46
3/11/2024,18:00,818.224
3/12/2024,0:00,265.152
3/12/2024,6:00,0
3/12/2024,12:00,78.58
3/12/2024,18:00,810.256
3/13/2024,0:00,258.592
3/13/2024,6:00,0
3/13/2024,12:00,78.112
3/13/2024,18:00,816.16
3/14/2024,0:00,257.824
3/14/2024,6:00,0
3/14/2024,12:00,75.76
3/14/2024,18:00,787.344
3/15/2024,0:00,227.184
3/15/2024,6:00,0
3/15/2024,12:00,35
3/15/2024,18:00,252.496
3/16/2024,0:00,37.568
3/16/2024,6:00,0
3/16/2024,12:00,67.2
3/16/2024,18:00,528.752
3/17/2024,0:00,120.48
3/17/2024,6:00,0
3/17/2024,12:00,53.56
3/17/2024,18:00,521.056
3/18/2024,0:00,86.576
3/18/2024,6:00,0
3/18/2024,12:00,55.152
3/18/2024,18:00,395.84
3/19/2024,0:00,226.384
3/19/2024,6:00,0
3/19/2024,12:00,15.74
3/19/2024,18:00,536.48
3/20/2024,0:00,220.896
3/20/2024,6:00,0
3/20/2024,12:00,66.62
3/20/2024,18:00,673.104
3/21/2024,0:00,196.8
3/21/2024,6:00,0
3/21/2024,12:00,3.76
3/21/2024,18:00,151.728
3/22/2024,0:00,27.904
3/22/2024,6:00,0
3/22/2024,12:00,72.82
3/22/2024,18:00,806.16
3/23/2024,0:00,241.728
3/23/2024,6:00,0
3/23/2024,12:00,68.736
3/23/2024,18:00,767.104
3/24/2024,0:00,228.064
3/24/2024,6:00,0
3/24/2024,12:00,67.632
3/24/2024,18:00,755.664
3/25/2024,0:00,205.52
3/25/2024,6:00,0
3/25/2024,12:00,64.832
3/25/2024,18:00,749.568
3/26/2024,0:00,181.168
3/26/2024,6:00,0
3/26/2024,12:00,66.992
3/26/2024,18:00,770.352
3/27/2024,0:00,224.16
3/27/2024,6:00,0
3/27/2024,12:00,66.8
3/27/2024,18:00,764.48
3/28/2024,0:00,220.704
3/28/2024,6:00,0
3/28/2024,12:00,38.608
3/28/2024,18:00,521.824
3/29/2024,0:00,139.792
3/29/2024,6:00,0
3/29/2024,12:00,62.624
3/29/2024,18:00,736.256
3/30/2024,0:00,208.608
3/30/2024,6:00,0
3/30/2024,12:00,62.512
3/30/2024,18:00,738.592
3/31/2024,0:00,202.784
3/31/2024,6:00,0
3/31/2024,12:00,52.608
3/31/2024,18:00,677.232
4/1/2024,0:00,121.952
4/1/2024,6:00,0
4/1/2024,12:00,58.176
4/1/2024,18:00,707.952
4/2/2024,0:00,194.048
4/2/2024,6:00,0
4/2/2024,12:00,25.92
4/2/2024,18:00,346.8
4/3/2024,0:00,113.664
4/3/2024,6:00,0
4/3/2024,12:00,56.72
4/3/2024,18:00,697.472
4/4/2024,0:00,190.08
4/4/2024,6:00,0
4/4/2024,12:00,29.36
4/4/2024,18:00,531.68
4/5/2024,0:00,139.52
4/5/2024,6:00,0
4/5/2024,12:00,49.584
4/5/2024,18:00,469.248
4/6/2024,0:00,102.112
4/6/2024,6:00,0
4/6/2024,12:00,59.232
4/6/2024,18:00,720.64
4/7/2024,0:00,131.616
4/7/2024,6:00,0
4/7/2024,12:00,3.632
4/7/2024,18:00,136.832
4/8/2024,0:00,71.136
4/8/2024,6:00,0
4/8/2024,12:00,18.96
4/8/2024,18:00,339.952
4/9/2024,0:00,66.88
4/9/2024,6:00,0
4/9/2024,12:00,10.384
4/9/2024,18:00,337.072
4/10/2024,0:00,168.976
4/10/2024,6:00,0
4/10/2024,12:00,52.096
4/10/2024,18:00,581.376
4/11/2024,0:00,91.28
4/11/2024,6:00,0
4/11/2024,12:00,6.76
4/11/2024,18:00,240.448
4/12/2024,0:00,17.024
4/12/2024,6:00,0
4/12/2024,12:00,3
4/12/2024,18:00,86.784
4/13/2024,0:00,63.792
4/13/2024,6:00,0
4/13/2024,12:00,11.76
4/13/2024,18:00,118.832
4/14/2024,0:00,33.392
4/14/2024,6:00,0
4/14/2024,12:00,15.84
4/14/2024,18:00,248.672
4/15/2024,0:00,24.768
4/15/2024,6:00,0
4/15/2024,12:00,23.248
4/15/2024,18:00,206.544
4/16/2024,0:00,1.728
4/16/2024,6:00,0
4/16/2024,12:00,16.96
4/16/2024,18:00,224
4/17/2024,0:00,113.6
4/17/2024,6:00,0
4/17/2024,12:00,49.84
4/17/2024,18:00,671.376
4/18/2024,0:00,164.32
4/18/2024,6:00,0
4/18/2024,12:00,48.32
4/18/2024,18:00,655.68
4/19/2024,0:00,159.184
4/19/2024,6:00,0
4/19/2024,12:00,43.12
4/19/2024,18:00,662.656
4/20/2024,0:00,160
4/20/2024,6:00,0
4/20/2024,12:00,48.784
4/20/2024,18:00,660.048
4/21/2024,0:00,158.4
4/21/2024,6:00,0
4/21/2024,12:00,45.28
4/21/2024,18:00,630.048
4/22/2024,0:00,151.632
4/22/2024,6:00,0
4/22/2024,12:00,9.312
4/22/2024,18:00,117.408
4/23/2024,0:00,20.592
4/23/2024,6:00,0
4/23/2024,12:00,8.784
4/23/2024,18:00,342.496
4/24/2024,0:00,109.424
4/24/2024,6:00,0
4/24/2024,12:00,41.872
4/24/2024,18:00,474.784
4/25/2024,0:00,59.84
4/25/2024,6:00,0
4/25/2024,12:00,40.656
4/25/2024,18:00,559.76
4/26/2024,0:00,39.632
4/26/2024,6:00,0
4/26/2024,12:00,36.608
4/26/2024,18:00,541.632
4/27/2024,0:00,135.904
4/27/2024,6:00,0
4/27/2024,12:00,16.432
4/27/2024,18:00,121.776
4/28/2024,0:00,111.2
4/28/2024,6:00,0
4/28/2024,12:00,39.68
4/28/2024,18:00,522.704
4/29/2024,0:00,126.416
4/29/2024,6:00,0
4/29/2024,12:00,26.144
4/29/2024,18:00,246.848
4/30/2024,0:00,125.136
4/30/2024,6:00,0
4/30/2024,12:00,33.328
4/30/2024,18:00,317.968
5/1/2024,0:00,125.52
5/1/2024,6:00,0
5/1/2024,12:00,33.968
5/1/2024,18:00,451.888
5/2/2024,0:00,115.344
5/2/2024,6:00,0
5/2/2024,12:00,1.408
5/2/2024,18:00,44.56
5/3/2024,0:00,10.432
5/3/2024,6:00,0
5/3/2024,12:00,14.992
5/3/2024,18:00,106.16
5/4/2024,0:00,21.232
5/4/2024,6:00,0
5/4/2024,12:00,10.832
5/4/2024,18:00,195.056
5/5/2024,0:00,5.28
5/5/2024,6:00,0
5/5/2024,12:00,17.44
5/5/2024,18:00,223.712
5/6/2024,0:00,71.36
5/6/2024,6:00,0
5/6/2024,12:00,34.144
5/6/2024,18:00,390.416
5/7/2024,0:00,106.256
5/7/2024,6:00,0
5/7/2024,12:00,17.28
5/7/2024,18:00,310.848
5/8/2024,0:00,90.832
5/8/2024,6:00,0
5/8/2024,12:00,17.296
5/8/2024,18:00,200.352
5/9/2024,0:00,81.44
5/9/2024,6:00,0
5/9/2024,12:00,33.216
5/9/2024,18:00,378.08
5/10/2024,0:00,33.28
5/10/2024,6:00,0
5/10/2024,12:00,1.392
5/10/2024,18:00,24.976
5/11/2024,0:00,4.48
5/11/2024,6:00,0
5/11/2024,12:00,0.928
5/11/2024,18:00,18.688
5/12/2024,0:00,7.248
5/12/2024,6:00,0
5/12/2024,12:00,1.808
5/12/2024,18:00,30.368
5/13/2024,0:00,5.296
5/13/2024,6:00,0
5/13/2024,12:00,4.496
5/13/2024,18:00,268.656
5/14/2024,0:00,28.496
5/14/2024,6:00,0
5/14/2024,12:00,32.272
5/14/2024,18:00,545.968
5/15/2024,0:00,105.008
5/15/2024,6:00,0
5/15/2024,12:00,27.072
5/15/2024,18:00,563.456
5/16/2024,0:00,117.248
5/16/2024,6:00,0
5/16/2024,12:00,2.448
5/16/2024,18:00,36.848
5/17/2024,0:00,11.12
5/17/2024,6:00,0
5/17/2024,12:00,29.68
5/17/2024,18:00,540.544
5/18/2024,0:00,111.424
5/18/2024,6:00,0
5/18/2024,12:00,29.408
5/18/2024,18:00,482.928
5/19/2024,0:00,47.104
5/19/2024,6:00,0
5/19/2024,12:00,28.736
5/19/2024,18:00,537.072
5/20/2024,0:00,105.2
5/20/2024,12:00,29.344
5/20/2024,18:00,543.984
5/21/2024,0:00,110.224
5/21/2024,6:00,0
5/21/2024,12:00,4.016
5/21/2024,18:00,145.248
5/22/2024,0:00,10.336
5/22/2024,6:00,0
5/22/2024,12:00,9.664
5/22/2024,18:00,112.08
5/23/2024,0:00,89.968
5/23/2024,6:00,0
5/23/2024,12:00,1.056
5/23/2024,18:00,56.96
5/24/2024,0:00,6.336
5/24/2024,6:00,0
5/24/2024,12:00,0.34
5/24/2024,18:00,74.768
5/25/2024,0:00,31.056
5/25/2024,6:00,0
5/25/2024,12:00,26.704
5/25/2024,18:00,529.904
5/26/2024,0:00,100.832
5/26/2024,6:00,0
5/26/2024,12:00,25.872
5/26/2024,18:00,511.44
5/27/2024,0:00,60.08
5/27/2024,6:00,0
5/27/2024,12:00,4.992
5/27/2024,18:00,129.696
5/28/2024,0:00,17.104
5/28/2024,6:00,0
5/28/2024,12:00,10.576
5/28/2024,18:00,178
5/29/2024,0:00,22.208
5/29/2024,6:00,0
5/29/2024,12:00,4.48
5/29/2024,18:00,175.68
5/30/2024,0:00,87.984
5/30/2024,6:00,0
5/30/2024,12:00,24.176
5/30/2024,18:00,502.784
5/31/2024,0:00,89.744
5/31/2024,6:00,0
5/31/2024,12:00,24.16
5/31/2024,18:00,471.472
6/1/2024,0:00,99.824
6/1/2024,6:00,0
6/1/2024,12:00,20.192
6/1/2024,18:00,483.824
6/2/2024,0:00,95.632
6/2/2024,6:00,0
6/2/2024,12:00,22.32
6/2/2024,18:00,486.384
6/3/2024,0:00,71.568
6/3/2024,6:00,0
6/3/2024,12:00,14.528
6/3/2024,18:00,492.32
6/4/2024,0:00,101.376
6/4/2024,6:00,0
6/4/2024,12:00,21.984
6/4/2024,18:00,387.952
6/5/2024,0:00,87.76
6/5/2024,6:00,0
6/5/2024,12:00,12.528
6/5/2024,18:00,250.736
6/6/2024,0:00,87.984
6/6/2024,6:00,0
6/6/2024,12:00,19.84
6/6/2024,18:00,463.744
6/7/2024,0:00,86.912
6/7/2024,6:00,0
6/7/2024,12:00,19.888
6/7/2024,18:00,470.16
6/8/2024,0:00,92.544
6/8/2024,6:00,0
6/8/2024,12:00,20.144
6/8/2024,18:00,460.384
6/9/2024,0:00,87.424
6/9/2024,6:00,0
6/9/2024,12:00,19.776
6/9/2024,18:00,466.864
6/10/2024,0:00,93.136
6/10/2024,6:00,0
6/10/2024,12:00,18.944
6/10/2024,18:00,455.84
6/11/2024,0:00,91.488
6/11/2024,6:00,0
6/11/2024,12:00,6.368
6/11/2024,18:00,451.392
6/12/2024,0:00,90.224
6/12/2024,6:00,0
6/12/2024,12:00,18.928
6/12/2024,18:00,445.28
6/13/2024,0:00,67.024
6/13/2024,6:00,0
6/13/2024,12:00,14.848
6/13/2024,18:00,391.04
6/14/2024,0:00,67.232
6/14/2024,6:00,0
6/14/2024,12:00,6.496
6/14/2024,18:00,356.464
6/15/2024,0:00,44.352
6/15/2024,6:00,0
6/15/2024,12:00,10.96
6/15/2024,18:00,304.16
6/16/2024,0:00,51.04
6/16/2024,6:00,0
6/16/2024,12:00,0.98
6/16/2024,18:00,21.472
6/17/2024,0:00,3.008
6/17/2024,6:00,0
6/17/2024,12:00,2.256
6/17/2024,18:00,94.608
6/18/2024,0:00,13.088
6/18/2024,6:00,0
6/18/2024,12:00,1.36
6/18/2024,18:00,105.696
6/19/2024,0:00,46.48
6/19/2024,6:00,0
6/19/2024,12:00,7.648
6/19/2024,18:00,289.088
6/20/2024,0:00,81.904
6/20/2024,6:00,0
6/20/2024,12:00,4.064
6/20/2024,18:00,250.32
6/21/2024,0:00,55.216
6/21/2024,6:00,0
6/21/2024,12:00,1.984
6/21/2024,18:00,210.688
6/22/2024,0:00,82.272
6/22/2024,6:00,0
6/22/2024,12:00,6.624
6/22/2024,18:00,142.288
6/23/2024,0:00,77.984
6/23/2024,6:00,0
6/23/2024,12:00,16.736
6/23/2024,18:00,268
6/24/2024,0:00,8.576
6/24/2024,6:00,0
6/24/2024,12:00,11.36
6/24/2024,18:00,316.4
6/25/2024,0:00,92.56
6/25/2024,6:00,0
6/25/2024,12:00,17.936
6/25/2024,18:00,205.584
6/26/2024,0:00,13.088
6/26/2024,6:00,0
6/26/2024,12:00,16.304
6/26/2024,18:00,448.768
6/27/2024,0:00,29.008
6/27/2024,6:00,0
6/27/2024,12:00,17.984
6/27/2024,18:00,481.68
6/28/2024,0:00,97.216
6/28/2024,6:00,0
6/28/2024,12:00,15.168
6/28/2024,18:00,429.744
6/29/2024,0:00,86.96
6/29/2024,6:00,0
6/29/2024,12:00,19.008
6/29/2024,18:00,502.032
6/30/2024,0:00,105.936
6/30/2024,6:00,0
6/30/2024,12:00,18.464
6/30/2024,18:00,492.432
7/1/2024,0:00,104.416
7/1/2024,6:00,0
7/1/2024,12:00,18.944
7/1/2024,18:00,500.048
7/2/2024,0:00,106.064
7/2/2024,6:00,0
7/2/2024,12:00,18.544
7/2/2024,18:00,486.912
7/3/2024,0:00,102.32
7/3/2024,6:00,0
7/3/2024,12:00,6.112
7/3/2024,18:00,210.96
7/4/2024,0:00,18.24
7/4/2024,6:00,0
7/4/2024,12:00,0.64
7/4/2024,18:00,75.088
7/5/2024,0:00,31.152
7/5/2024,6:00,0
7/5/2024,12:00,1.184
7/5/2024,18:00,23.776
7/6/2024,0:00,25.6
7/6/2024,6:00,0
7/6/2024,12:00,19.136
7/6/2024,18:00,478.112
7/7/2024,0:00,93.376
7/7/2024,6:00,0
7/7/2024,12:00,19.04
7/7/2024,18:00,501.984
7/8/2024,0:00,108.72
7/8/2024,6:00,0
7/8/2024,12:00,18.816
7/8/2024,18:00,501.184
7/9/2024,0:00,110.56
7/9/2024,6:00,0
7/9/2024,12:00,15.248
7/9/2024,18:00,398.4
7/10/2024,0:00,100.848
7/10/2024,6:00,0
7/10/2024,12:00,19.04
7/10/2024,18:00,503.328
7/11/2024,0:00,76.512
7/11/2024,6:00,0
7/11/2024,12:00,13.984
7/11/2024,18:00,403.824
7/12/2024,0:00,78.032
7/12/2024,6:00,0
7/12/2024,12:00,4.256
7/12/2024,18:00,472.304
7/13/2024,0:00,89.136
7/13/2024,6:00,0
7/13/2024,12:00,19.472
7/13/2024,18:00,445.968
7/14/2024,0:00,9.968
7/14/2024,6:00,0
7/14/2024,12:00,0.704
7/14/2024,18:00,29.184
7/15/2024,0:00,8.496
7/15/2024,6:00,0
7/15/2024,12:00,11.52
7/15/2024,18:00,448.64
7/16/2024,0:00,36.896
7/16/2024,6:00,0
7/16/2024,12:00,19.104
7/16/2024,18:00,412.656
7/17/2024,0:00,16.944
7/17/2024,6:00,0
7/17/2024,12:00,20.176
7/17/2024,18:00,504.816
7/18/2024,0:00,83.824
7/18/2024,6:00,0
7/18/2024,12:00,20.768
7/18/2024,18:00,510.16
7/19/2024,0:00,114.16
7/19/2024,6:00,0
7/19/2024,12:00,19.872
7/19/2024,18:00,496.72
7/20/2024,0:00,112.256
7/20/2024,6:00,0
7/20/2024,12:00,9.584
7/20/2024,18:00,285.872
7/21/2024,0:00,73.792
7/21/2024,6:00,0
7/21/2024,12:00,16.672
7/21/2024,18:00,436.304
7/22/2024,0:00,95.36
7/22/2024,6:00,0
7/22/2024,12:00,20.72
7/22/2024,18:00,507.008
7/23/2024,0:00,116.336
7/23/2024,6:00,0
7/23/2024,12:00,17.088
7/23/2024,18:00,508.064
7/24/2024,0:00,101.568
7/24/2024,6:00,0
7/24/2024,12:00,20.112
7/24/2024,18:00,503.168
7/25/2024,0:00,120.784
7/25/2024,6:00,0
7/25/2024,12:00,22.144
7/25/2024,18:00,523.232
7/26/2024,0:00,123.92
7/26/2024,6:00,0
7/26/2024,12:00,18.704
7/26/2024,18:00,324.128
7/27/2024,0:00,94.368
7/27/2024,6:00,0
7/27/2024,12:00,19.456
7/27/2024,18:00,505.856
7/28/2024,0:00,119.568
7/28/2024,6:00,0
7/28/2024,12:00,10.32
7/28/2024,18:00,164.016
7/29/2024,0:00,19.216
7/29/2024,6:00,0
7/29/2024,12:00,18.32
7/29/2024,18:00,494.672
7/30/2024,0:00,131.728
7/30/2024,6:00,0
7/30/2024,12:00,25.664
7/30/2024,18:00,546.336
7/31/2024,0:00,131.552
7/31/2024,6:00,0
7/31/2024,12:00,24.56
7/31/2024,18:00,463.264
8/1/2024,0:00,68.352
8/1/2024,6:00,0
8/1/2024,12:00,25.68
8/1/2024,18:00,541.504
8/2/2024,0:00,128.352
8/2/2024,6:00,0
8/2/2024,12:00,26.672
8/2/2024,18:00,551.216
8/3/2024,0:00,132.256
8/3/2024,6:00,0
8/3/2024,12:00,26.736
8/3/2024,18:00,535.904
8/4/2024,0:00,117.632
8/4/2024,6:00,0
8/4/2024,12:00,5.712
8/4/2024,18:00,26.08
8/5/2024,0:00,4.784
8/5/2024,6:00,0
8/5/2024,12:00,5.728
8/5/2024,18:00,426.784
8/6/2024,0:00,77.52
8/6/2024,6:00,0
8/6/2024,12:00,2.368
8/6/2024,18:00,295.168
8/7/2024,0:00,38.272
8/7/2024,6:00,0
8/7/2024,12:00,7.504
8/7/2024,18:00,124.688
8/8/2024,0:00,25.68
8/8/2024,6:00,0
8/8/2024,12:00,31.856
8/8/2024,18:00,592.736
8/9/2024,0:00,141.424
8/9/2024,6:00,0
8/9/2024,12:00,25.92
8/9/2024,18:00,323.264
8/10/2024,0:00,34.704
8/10/2024,6:00,0
8/10/2024,12:00,33.76
8/10/2024,18:00,605.408
8/11/2024,0:00,149.584
8/11/2024,6:00,0
8/11/2024,12:00,34.768
8/11/2024,18:00,607.552
8/12/2024,0:00,149.616
8/12/2024,6:00,0
8/12/2024,12:00,36.432
8/12/2024,18:00,624.464
8/13/2024,0:00,154.288
8/13/2024,6:00,0
8/13/2024,12:00,36.64
8/13/2024,18:00,622.24
8/14/2024,0:00,155.184
8/14/2024,6:00,0
8/14/2024,12:00,37.936
8/14/2024,18:00,629.136
8/15/2024,0:00,157.088
8/15/2024,6:00,0
8/15/2024,12:00,36.944
8/15/2024,18:00,609.184
8/16/2024,0:00,152.576
8/16/2024,6:00,0
8/16/2024,12:00,27.44
8/16/2024,18:00,435.712
8/17/2024,0:00,119.6
8/17/2024,6:00,0
8/17/2024,12:00,4.32
8/17/2024,18:00,303.504
8/18/2024,0:00,140.288
8/18/2024,6:00,0
8/18/2024,12:00,21.84
8/18/2024,18:00,591.744
8/19/2024,0:00,149.296
8/19/2024,6:00,0
8/19/2024,12:00,34.992
8/19/2024,18:00,354.944
8/20/2024,0:00,95.136
8/20/2024,6:00,0
8/20/2024,12:00,5.568
8/20/2024,18:00,129.2
8/21/2024,0:00,71.312
8/21/2024,6:00,0
8/21/2024,12:00,34.224
8/21/2024,18:00,244.272
8/22/2024,0:00,29.344
8/22/2024,6:00,0
8/22/2024,12:00,3.328
8/22/2024,18:00,34.576
8/23/2024,0:00,53.488
8/23/2024,6:00,0
8/23/2024,12:00,31.472
8/23/2024,18:00,362.704
8/24/2024,0:00,162.752
8/24/2024,6:00,0
8/24/2024,12:00,48.096
8/24/2024,18:00,670.56
8/25/2024,0:00,169.712
8/25/2024,6:00,0
8/25/2024,12:00,47.872
8/25/2024,18:00,470.848
8/26/2024,0:00,158.848
8/26/2024,6:00,0
8/26/2024,12:00,50.144
8/26/2024,18:00,684.576
8/27/2024,0:00,176.192
8/27/2024,6:00,0
8/27/2024,12:00,49.008
8/27/2024,18:00,691.952
8/28/2024,0:00,177.184
8/28/2024,6:00,0
8/28/2024,12:00,47.856
8/28/2024,18:00,676.992
8/29/2024,0:00,171.632
8/29/2024,6:00,0
8/29/2024,12:00,19.824
8/29/2024,18:00,238.544
8/30/2024,0:00,20.592
8/30/2024,6:00,0
8/30/2024,12:00,33.312
8/30/2024,18:00,448.032
8/31/2024,0:00,93.056
8/31/2024,6:00,0
8/31/2024,12:00,9.488
8/31/2024,18:00,167.008
9/1/2024,0:00,68.336
9/1/2024,6:00,0
9/1/2024,12:00,13.136
9/1/2024,18:00,246.88
9/2/2024,0:00,45.504
9/2/2024,6:00,0
9/2/2024,12:00,57.76
9/2/2024,18:00,706.48
9/3/2024,0:00,183.072
9/3/2024,6:00,0
9/3/2024,12:00,58.608
9/3/2024,18:00,694.864
9/4/2024,0:00,179.472
9/4/2024,6:00,0
9/4/2024,12:00,21.68
9/4/2024,18:00,150.88
9/5/2024,0:00,12.672
9/5/2024,6:00,0
9/5/2024,12:00,65.568
9/5/2024,18:00,738
9/6/2024,0:00,190.736
9/6/2024,6:00,0
9/6/2024,12:00,67.968
9/6/2024,18:00,741.52
9/7/2024,0:00,163.536
9/7/2024,6:00,0
9/7/2024,12:00,63.856
9/7/2024,18:00,692.256
9/8/2024,0:00,182.912
9/8/2024,6:00,0
9/8/2024,12:00,25.728
9/8/2024,18:00,645.232
9/9/2024,0:00,183.696
9/9/2024,6:00,0
9/9/2024,12:00,22.56
9/9/2024,18:00,652.576
9/10/2024,0:00,171.936
9/10/2024,6:00,0
9/10/2024,12:00,68.16
9/10/2024,18:00,724.768
9/11/2024,0:00,187.008
9/11/2024,6:00,0
9/11/2024,12:00,61.232
9/11/2024,18:00,654.384
9/12/2024,0:00,164.528
9/12/2024,6:00,0
9/12/2024,12:00,17.216
9/12/2024,18:00,316.944
9/13/2024,0:00,35.04
9/13/2024,6:00,0
9/13/2024,12:00,25.088
9/13/2024,18:00,157.888
9/14/2024,0:00,18.704
9/14/2024,6:00,0
9/14/2024,12:00,16.5
9/14/2024,18:00,580.128
9/15/2024,0:00,200.288
9/15/2024,6:00,0
9/15/2024,12:00,79.76
9/15/2024,18:00,772
9/16/2024,0:00,204.72
9/16/2024,6:00,0
9/16/2024,12:00,82.656
9/16/2024,18:00,785.52
9/17/2024,0:00,208.528
9/17/2024,6:00,0
9/17/2024,12:00,85.104
9/17/2024,18:00,773.12
9/18/2024,0:00,196.896
9/18/2024,6:00,0
9/18/2024,12:00,81.856
9/18/2024,18:00,758.752
9/19/2024,0:00,201.728
9/19/2024,6:00,0
9/19/2024,12:00,48.4
9/19/2024,18:00,589.872
9/20/2024,0:00,194.256
9/20/2024,6:00,0
9/20/2024,12:00,23.456
9/20/2024,18:00,292.112
9/21/2024,0:00,161.712
9/21/2024,6:00,0
9/21/2024,12:00,88.832
9/21/2024,18:00,780.4
9/22/2024,0:00,204.416
9/22/2024,6:00,0
9/22/2024,12:00,85.056
9/22/2024,18:00,770.64
9/23/2024,0:00,201.84
9/23/2024,6:00,0
9/23/2024,12:00,45.904
9/23/2024,18:00,540.64
9/24/2024,0:00,203.52
9/24/2024,6:00,0
9/24/2024,12:00,19.152
9/24/2024,18:00,662.912
9/25/2024,0:00,188.88
9/25/2024,6:00,0
9/25/2024,12:00,60.784
9/25/2024,18:00,376.896
9/26/2024,0:00,48.48
9/26/2024,6:00,0
9/26/2024,12:00,1.488
9/26/2024,18:00,114.544
9/27/2024,0:00,50.208
9/27/2024,6:00,0
9/27/2024,12:00,19.056
9/27/2024,18:00,635.76
9/28/2024,0:00,151.984
9/28/2024,6:00,0
9/28/2024,12:00,102.688
9/28/2024,18:00,825.632
9/29/2024,0:00,219.584
9/29/2024,6:00,0
9/29/2024,12:00,105.104
9/29/2024,18:00,823.392
9/30/2024,0:00,216.208
9/30/2024,6:00,0
9/30/2024,12:00,102.848
9/30/2024,18:00,813.824
10/1/2024,0:00,215.68
10/1/2024,6:00,0
10/1/2024,12:00,24.512
10/1/2024,18:00,610.4
10/2/2024,0:00,214.288
10/2/2024,6:00,0
10/2/2024,12:00,20.272
10/2/2024,18:00,830.96
10/3/2024,0:00,229.344
10/3/2024,6:00,0
10/3/2024,12:00,115.98
10/3/2024,18:00,868.944
10/4/2024,0:00,234.208
10/4/2024,6:00,0
10/4/2024,12:00,118.048
10/4/2024,18:00,870.864
10/5/2024,0:00,235.328
10/5/2024,6:00,0
10/5/2024,12:00,118.256
10/5/2024,18:00,836.864
10/6/2024,0:00,201.52
10/6/2024,6:00,0
10/6/2024,12:00,73.552
10/6/2024,18:00,748.896
10/7/2024,0:00,159.888
10/7/2024,6:00,0
10/7/2024,12:00,93.536
10/7/2024,18:00,478.496
10/8/2024,0:00,90.192
10/8/2024,6:00,0
10/8/2024,12:00,4.368
10/8/2024,18:00,82.416
10/9/2024,0:00,63.168
10/9/2024,6:00,0
10/9/2024,12:00,15.616
10/9/2024,18:00,179.08
10/10/2024,0:00,35.232
10/10/2024,6:00,0
10/10/2024,12:00,7.44
10/10/2024,18:00,82.38
10/11/2024,0:00,40.656
10/11/2024,6:00,0
10/11/2024,12:00,30.144
10/11/2024,18:00,282.28
10/12/2024,0:00,87.232
10/12/2024,6:00,0
10/12/2024,12:00,127.936
10/12/2024,18:00,877.36
10/13/2024,0:00,238.864
10/13/2024,6:00,0
10/13/2024,12:00,129.024
10/13/2024,18:00,873.7
10/14/2024,0:00,233.968
10/14/2024,6:00,0
10/14/2024,12:00,118.704
10/14/2024,18:00,799.66
10/15/2024,0:00,119.104
10/15/2024,6:00,0
10/15/2024,12:00,8.016
10/15/2024,18:00,292.58
10/16/2024,0:00,57.296
10/16/2024,6:00,0
10/16/2024,12:00,136.576
10/16/2024,18:00,907.3
10/17/2024,0:00,251.168
10/17/2024,6:00,0
10/17/2024,12:00,108.992
10/17/2024,18:00,602.36
10/18/2024,0:00,140.672
10/18/2024,6:00,0
10/18/2024,12:00,71.48
10/18/2024,18:00,715.78
10/19/2024,0:00,194.768
10/19/2024,6:00,0
10/19/2024,12:00,142.816
10/19/2024,18:00,910.68
10/20/2024,0:00,254.08
10/20/2024,6:00,0
10/20/2024,12:00,141.152
10/20/2024,18:00,898.84
10/21/2024,0:00,249.872
10/21/2024,6:00,0
10/21/2024,12:00,139.88
10/21/2024,18:00,884.22
10/22/2024,6:00,0
10/22/2024,12:00,140.032
10/22/2024,18:00,875
10/23/2024,0:00,146.56
10/23/2024,6:00,0
10/23/2024,12:00,126.1
10/23/2024,18:00,850.3
10/24/2024,0:00,232.016
10/24/2024,6:00,0
10/24/2024,12:00,40.64
10/24/2024,18:00,289.34
10/25/2024,0:00,151.2
10/25/2024,6:00,0
10/25/2024,12:00,59.952
10/25/2024,18:00,887.4
10/26/2024,0:00,256.864
10/26/2024,6:00,0
10/26/2024,12:00,156.72
10/26/2024,18:00,944.26
10/27/2024,0:00,268.688
10/27/2024,6:00,0
10/27/2024,12:00,158.784
10/27/2024,18:00,939.6
10/28/2024,0:00,267.424
10/28/2024,6:00,0
10/28/2024,12:00,157.18
10/28/2024,18:00,936.46
10/29/2024,0:00,266.976
10/29/2024,6:00,0
10/29/2024,12:00,157.48
10/29/2024,18:00,931.92
10/30/2024,0:00,266.656
10/30/2024,6:00,0
10/30/2024,12:00,160.4
10/30/2024,18:00,940.1
10/31/2024,0:00,269.792
10/31/2024,6:00,0
10/31/2024,12:00,158.92
10/31/2024,18:00,912.06
11/1/2024,0:00,253.984
11/1/2024,6:00,0
11/1/2024,12:00,129.632
11/1/2024,18:00,299.1
11/2/2024,0:00,64.48
11/2/2024,6:00,0
11/2/2024,12:00,59.76
11/2/2024,18:00,468.2
11/3/2024,0:00,104.848
11/3/2024,6:00,0
11/3/2024,12:00,148.36
11/3/2024,18:00,531.18
11/4/2024,0:00,171.616
11/4/2024,6:00,0
11/4/2024,12:00,157.26
11/4/2024,18:00,811.7
11/5/2024,0:00,51.184
11/5/2024,6:00,0
11/5/2024,12:00,150.4
11/5/2024,18:00,649.8
11/6/2024,0:00,92.496
11/6/2024,6:00,0
11/6/2024,12:00,72.76
11/6/2024,18:00,431.46
11/7/2024,6:00,0
11/7/2024,12:00,27.02
11/7/2024,18:00,600.86
11/8/2024,0:00,107.856
11/8/2024,6:00,0
11/8/2024,12:00,63.12
11/8/2024,18:00,577.52
11/9/2024,0:00,282.096
11/9/2024,6:00,0
11/9/2024,12:00,172.9
11/9/2024,18:00,965.22
11/10/2024,0:00,289.488
11/10/2024,6:00,0
11/10/2024,12:00,177.04
11/10/2024,18:00,972.2
11/11/2024,0:00,291.392
11/11/2024,6:00,0
11/11/2024,12:00,101.32
11/11/2024,18:00,274.26
11/12/2024,0:00,74.496
11/12/2024,6:00,0
11/12/2024,12:00,183.52
11/12/2024,18:00,983
11/13/2024,0:00,272.416
11/13/2024,6:00,0
11/13/2024,12:00,178.3
11/13/2024,18:00,964.86
11/14/2024,0:00,291.472
11/14/2024,6:00,0
11/14/2024,12:00,175.06
11/14/2024,18:00,960.38
11/15/2024,0:00,286.016
11/15/2024,6:00,0
11/15/2024,12:00,176.94
11/15/2024,18:00,963.78
11/16/2024,0:00,288.112
11/16/2024,6:00,0
11/16/2024,12:00,174.66
11/16/2024,18:00,951.98
11/17/2024,0:00,290.928
11/17/2024,6:00,0
11/17/2024,12:00,171.6
11/17/2024,18:00,820.48
11/18/2024,0:00,44.272
11/18/2024,6:00,0
11/18/2024,12:00,167.78
11/18/2024,18:00,762.36
11/19/2024,0:00,206.72
11/19/2024,6:00,0
11/19/2024,12:00,5.84
11/19/2024,18:00,20.74
11/20/2024,0:00,7.216
11/20/2024,6:00,0
11/20/2024,12:00,31.88
11/20/2024,18:00,517.88
11/21/2024,0:00,215.712
11/21/2024,6:00,0
11/21/2024,12:00,53.2
11/21/2024,18:00,387.34
11/22/2024,0:00,91.616
11/22/2024,6:00,0
11/22/2024,12:00,160.66
11/22/2024,18:00,789.42
11/23/2024,0:00,153.48
11/23/2024,6:00,0
11/23/2024,12:00,136.24
11/23/2024,18:00,963.4
11/24/2024,0:00,304.768
11/24/2024,6:00,0
11/24/2024,12:00,179.22
11/24/2024,18:00,966.48
11/25/2024,0:00,306.384
11/25/2024,6:00,0
11/25/2024,12:00,71.96
11/25/2024,18:00,242.64
11/26/2024,0:00,47.248
11/26/2024,6:00,0
11/26/2024,12:00,14.9
11/26/2024,18:00,220.26
11/27/2024,0:00,72.336
11/27/2024,6:00,0
11/27/2024,12:00,66.74
11/27/2024,18:00,340.5
11/28/2024,0:00,24.24
11/28/2024,6:00,0
11/28/2024,12:00,14.38
11/28/2024,18:00,167.42
11/29/2024,0:00,162.4
11/29/2024,6:00,0
11/29/2024,12:00,171.8
11/29/2024,18:00,692.48
11/30/2024,0:00,229.76
11/30/2024,6:00,0
11/30/2024,12:00,43.9
11/30/2024,18:00,939.56
12/1/2024,0:00,310.656
12/1/2024,6:00,0
12/1/2024,12:00,171.02
12/1/2024,18:00,803.64
12/2/2024,0:00,70.368
12/2/2024,6:00,0
12/2/2024,12:00,93.06
12/2/2024,18:00,943.84
12/3/2024,0:00,330.896
12/3/2024,6:00,0
12/3/2024,12:00,189.76
12/3/2024,18:00,954.34
12/4/2024,0:00,191.2
12/4/2024,6:00,0
12/4/2024,12:00,185.98
12/4/2024,18:00,1001.92
12/5/2024,0:00,336.9
12/5/2024,6:00,0
12/5/2024,12:00,178.52
12/5/2024,18:00,962.3
12/6/2024,0:00,300.4
12/6/2024,6:00,0
12/6/2024,12:00,71.56
12/6/2024,18:00,639.3
12/7/2024,0:00,193.28
12/7/2024,6:00,0
12/7/2024,12:00,21.1
12/7/2024,18:00,506.14
12/8/2024,0:00,135.46
12/8/2024,6:00,0
12/8/2024,12:00,115.38
12/8/2024,18:00,762.24
12/9/2024,0:00,284.912
12/9/2024,6:00,0
12/9/2024,12:00,168.36
12/9/2024,18:00,602.56
12/10/2024,0:00,56.28
12/10/2024,6:00,0
12/10/2024,12:00,178.48
12/10/2024,18:00,993.24
12/11/2024,0:00,341.94
12/11/2024,6:00,0
12/11/2024,12:00,160.48
12/11/2024,18:00,942.58
12/12/2024,0:00,281.888
12/12/2024,6:00,0
12/12/2024,12:00,157.86
12/12/2024,18:00,893.18
12/13/2024,0:00,336.28
12/13/2024,6:00,0
12/13/2024,12:00,15.5
12/13/2024,18:00,193.58
12/14/2024,0:00,89.38
12/14/2024,6:00,0
12/14/2024,12:00,169.8
12/14/2024,18:00,837.8
12/15/2024,0:00,328.32
12/15/2024,6:00,0
12/15/2024,12:00,149.2
12/15/2024,18:00,720.52
12/16/2024,0:00,89.94
12/16/2024,6:00,0
12/16/2024,12:00,176.56
12/16/2024,18:00,992.5
12/17/2024,0:00,350.94
12/17/2024,6:00,0
12/17/2024,12:00,174.98
12/17/2024,18:00,999.54
12/18/2024,0:00,359.54
12/18/2024,6:00,0
12/18/2024,12:00,174.98
12/18/2024,18:00,956.5
12/19/2024,0:00,319.86
12/19/2024,6:00,0
12/19/2024,12:00,33.06
12/19/2024,18:00,139.92
12/20/2024,0:00,50.2
12/20/2024,6:00,0
12/20/2024,12:00,168.18
12/20/2024,18:00,974.74
12/21/2024,0:00,349.74
12/21/2024,6:00,0
12/21/2024,12:00,167.88
12/21/2024,18:00,966.28
12/22/2024,0:00,137
12/22/2024,6:00,0
12/22/2024,12:00,140.62
12/22/2024,18:00,978.12
12/23/2024,0:00,356.384
12/23/2024,6:00,0
12/23/2024,12:00,174.42
12/23/2024,18:00,1009.34
12/24/2024,0:00,367.84
12/24/2024,6:00,0
12/24/2024,12:00,163.86
12/24/2024,18:00,734.98
12/25/2024,0:00,126.752
12/25/2024,6:00,0
12/25/2024,12:00,170.26
12/25/2024,18:00,996.98
12/26/2024,0:00,364.576
12/26/2024,6:00,0
12/26/2024,12:00,169.86
12/26/2024,18:00,1001.04
12/27/2024,0:00,366.32
12/27/2024,6:00,0
12/27/2024,12:00,166.46
12/27/2024,18:00,989.64
12/28/2024,0:00,365.52
12/28/2024,6:00,0
12/28/2024,12:00,164.74
12/28/2024,18:00,996.48
12/29/2024,0:00,368.56
12/29/2024,6:00,0
12/29/2024,12:00,161.88
12/29/2024,18:00,981.88
12/30/2024,0:00,364.816
12/30/2024,6:00,0
12/30/2024,12:00,163.26
12/30/2024,18:00,980.76
12/31/2024,0:00,350.22
12/31/2024,6:00,0
12/31/2024,12:00,156.16
12/31/2024,18:00,964.52
1/1/2025,0:00,360.44
1/1/2025,6:00,0
1/1/2025,12:00,153.74
1/1/2025,18:00,951.82
1/2/2025,0:00,148.128
1/2/2025,6:00,0
1/2/2025,12:00,154.7
1/2/2025,18:00,975.58
1/3/2025,0:00,367.872
1/3/2025,6:00,0
1/3/2025,12:00,158.98
1/3/2025,18:00,990.24
1/4/2025,0:00,360.72
1/4/2025,6:00,0
1/4/2025,12:00,159.6
1/4/2025,18:00,996.38
1/5/2025,0:00,379.28
1/5/2025,6:00,0
1/5/2025,12:00,155.86
1/5/2025,18:00,984.78
1/6/2025,0:00,374.12
1/6/2025,6:00,0
1/6/2025,12:00,150.7
1/6/2025,18:00,962.78
1/7/2025,0:00,301.408
1/7/2025,6:00,0
1/7/2025,12:00,152.12
1/7/2025,18:00,981.58
1/8/2025,0:00,375.968
1/8/2025,6:00,0
1/8/2025,12:00,150.38
1/8/2025,18:00,978.9
1/9/2025,0:00,374.384
1/9/2025,6:00,0
1/9/2025,12:00,148.46
1/9/2025,18:00,972.1
1/10/2025,0:00,368.592
1/10/2025,6:00,0
1/10/2025,12:00,144.28
1/10/2025,18:00,958.44
1/11/2025,0:00,232.12
1/11/2025,6:00,0
1/11/2025,12:00,145.64
1/11/2025,18:00,978.5
1/12/2025,0:00,372.38
1/12/2025,6:00,0
1/12/2025,12:00,148.34
1/12/2025,18:00,985.82
1/13/2025,0:00,377.68
1/13/2025,6:00,0
1/13/2025,12:00,143.84
1/13/2025,18:00,973.56
1/14/2025,0:00,375.872
1/14/2025,6:00,0
1/14/2025,12:00,141.1
1/14/2025,18:00,963.38
1/15/2025,0:00,324.704
1/15/2025,6:00,0
1/15/2025,12:00,115.04
1/15/2025,18:00,678.28
1/16/2025,0:00,343.52
1/16/2025,6:00,0
1/16/2025,12:00,133.66
1/16/2025,18:00,684.42
1/17/2025,0:00,219.344
1/17/2025,6:00,0
1/17/2025,12:00,134.78
1/17/2025,18:00,947.72
1/18/2025,0:00,254.8
1/18/2025,6:00,0
1/18/2025,12:00,134.9
1/18/2025,18:00,844.58
1/19/2025,0:00,123.088
1/19/2025,6:00,0
1/19/2025,12:00,123.06
1/19/2025,18:00,805.98
1/20/2025,0:00,41.392
1/20/2025,6:00,0
1/20/2025,12:00,131.76
1/20/2025,18:00,680.96
1/21/2025,0:00,327.376
1/21/2025,6:00,0
1/21/2025,12:00,130.928
1/21/2025,18:00,950.82
1/22/2025,0:00,367.856
1/22/2025,6:00,0
1/22/2025,12:00,131.616
1/22/2025,18:00,954.78
1/23/2025,0:00,305.712
1/23/2025,6:00,0
1/23/2025,12:00,104.176
1/23/2025,18:00,944.96
1/24/2025,0:00,268.528
1/24/2025,6:00,0
1/24/2025,12:00,108.368
1/24/2025,18:00,637.9
1/25/2025,0:00,176.336
1/25/2025,6:00,0
1/25/2025,12:00,124
1/25/2025,18:00,912.52
1/26/2025,0:00,349.664
1/26/2025,6:00,0
1/26/2025,12:00,124.752
1/26/2025,18:00,943.18
1/27/2025,0:00,298.432
1/27/2025,6:00,0
1/27/2025,12:00,75.14
1/27/2025,18:00,540.04
1/28/2025,0:00,210.72
1/28/2025,6:00,0
1/28/2025,12:00,122.32
1/28/2025,18:00,928.12
1/29/2025,0:00,330.48
1/29/2025,6:00,0
1/29/2025,12:00,81.344
1/29/2025,18:00,758.48
1/30/2025,0:00,323.76
1/30/2025,6:00,0
1/30/2025,12:00,108.86
1/30/2025,18:00,915.22
1/31/2025,0:00,261.44
1/31/2025,6:00,0
1/31/2025,12:00,116.336
1/31/2025,18:00,914.52
2/1/2025,0:00,354.592
2/1/2025,6:00,0
2/1/2025,12:00,119.184
2/1/2025,18:00,938.22
2/2/2025,0:00,359.28
2/2/2025,6:00,0
2/2/2025,12:00,117.68
2/2/2025,18:00,938.2
2/3/2025,0:00,362.352
2/3/2025,6:00,0
2/3/2025,12:00,116.22
2/3/2025,18:00,929.3
2/4/2025,0:00,353.872
2/4/2025,6:00,0
2/4/2025,12:00,114.896
2/4/2025,18:00,920.9
2/5/2025,0:00,350.096
2/5/2025,6:00,0
2/5/2025,12:00,112.176
2/5/2025,18:00,911.84
2/6/2025,0:00,247.04
2/6/2025,6:00,0
2/6/2025,12:00,109.168
2/6/2025,18:00,876.832
2/7/2025,0:00,342.304
2/7/2025,6:00,0
2/7/2025,12:00,111.936
2/7/2025,18:00,926.16
2/8/2025,0:00,353.968
2/8/2025,6:00,0
2/8/2025,12:00,111.072
2/8/2025,18:00,922.1
2/9/2025,0:00,352.56
2/9/2025,6:00,0
2/9/2025,12:00,110.432
2/9/2025,18:00,929.4
2/10/2025,0:00,355.28
2/10/2025,6:00,0
2/10/2025,12:00,109.472
2/10/2025,18:00,905.008
2/11/2025,0:00,306.624
2/11/2025,6:00,0
2/11/2025,12:00,99.04
2/11/2025,18:00,688.848
2/12/2025,0:00,152.576
2/12/2025,6:00,0
2/12/2025,12:00,102.96
2/12/2025,18:00,626
2/13/2025,0:00,159.968
2/13/2025,6:00,0
2/13/2025,12:00,16.736
2/13/2025,18:00,865.28
2/14/2025,0:00,193.136
2/14/2025,6:00,0
2/14/2025,12:00,99.952
2/14/2025,18:00,884.544
2/15/2025,0:00,324.8
2/15/2025,6:00,0
2/15/2025,12:00,83.92
2/15/2025,18:00,617.232
2/16/2025,0:00,113.84
2/16/2025,6:00,0
2/16/2025,12:00,91.712
2/16/2025,18:00,535.2
2/17/2025,0:00,70.896
2/17/2025,6:00,0
2/17/2025,12:00,15.34
2/17/2025,18:00,136.288
2/18/2025,0:00,18.816
2/18/2025,6:00,0
2/18/2025,12:00,65.14
2/18/2025,18:00,834.36
2/19/2025,0:00,319.008
2/19/2025,6:00,0
2/19/2025,12:00,94.3
2/19/2025,18:00,889.42
2/20/2025,0:00,320.08
2/20/2025,6:00,0
2/20/2025,12:00,97.28
2/20/2025,18:00,885.728
2/21/2025,0:00,320.736
2/21/2025,6:00,0
2/21/2025,12:00,91.54
2/21/2025,18:00,760.368
2/22/2025,0:00,179.024
2/22/2025,6:00,0
2/22/2025,12:00,91.68
2/22/2025,18:00,855.6
2/23/2025,0:00,283.232
2/23/2025,6:00,0
2/23/2025,12:00,92.68
2/23/2025,18:00,865.12
2/24/2025,0:00,303.888
2/24/2025,6:00,0
2/24/2025,12:00,91.78
2/24/2025,18:00,858.224
2/25/2025,0:00,301.872
2/25/2025,6:00,0
2/25/2025,12:00,81.44
2/25/2025,18:00,766.896
2/26/2025,0:00,206.736
2/26/2025,6:00,0
2/26/2025,12:00,86.72
2/26/2025,18:00,725.504
2/27/2025,0:00,184.752
2/27/2025,6:00,0
2/27/2025,12:00,84.48
2/27/2025,18:00,659.168
2/28/2025,0:00,162
2/28/2025,6:00,0
2/28/2025,12:00,77.504
2/28/2025,18:00,528.08
3/1/2025,0:00,205.376
3/1/2025,6:00,0
3/1/2025,12:00,82.44
3/1/2025,18:00,577.424
3/2/2025,0:00,153.776
3/2/2025,6:00,0
3/2/2025,12:00,83.024
3/2/2025,18:00,745.584
3/3/2025,0:00,177.616
3/3/2025,6:00,0
3/3/2025,12:00,83.54
3/3/2025,18:00,789.184
3/4/2025,0:00,266.528
3/4/2025,6:00,0
3/4/2025,12:00,83.04
3/4/2025,18:00,832.112
3/5/2025,0:00,282.032
3/5/2025,6:00,0
3/5/2025,12:00,85.12
3/5/2025,18:00,842.416
3/6/2025,0:00,281.392
3/6/2025,6:00,0
3/6/2025,12:00,81.152
3/6/2025,18:00,717.008
3/7/2025,0:00,168.064
3/7/2025,6:00,0
3/7/2025,12:00,71.184
3/7/2025,18:00,690.688
3/8/2025,0:00,98.88
3/8/2025,6:00,0
3/8/2025,12:00,80.944
3/8/2025,18:00,820.24
3/9/2025,0:00,134.736
3/9/2025,6:00,0
3/9/2025,12:00,7.312
3/9/2025,18:00,381.552
3/10/2025,0:00,277.952
3/10/2025,6:00,0
3/10/2025,12:00,83.12
3/10/2025,18:00,855.152
3/11/2025,0:00,280.96
3/11/2025,6:00,0
3/11/2025,12:00,80.784
3/11/2025,18:00,826.336
3/12/2025,0:00,267.424
3/12/2025,6:00,0
3/12/2025,12:00,76.896
3/12/2025,18:00,810.768
3/13/2025,0:00,220.288
3/13/2025,6:00,0
3/13/2025,12:00,29.2
3/13/2025,18:00,460
3/14/2025,0:00,263.52
3/14/2025,6:00,0
3/14/2025,12:00,80.42
3/14/2025,18:00,839.424
3/15/2025,0:00,267.424
3/15/2025,6:00,0
3/15/2025,12:00,78.86
3/15/2025,18:00,830.288
3/16/2025,0:00,262.128
3/16/2025,6:00,0
3/16/2025,12:00,73.792
3/16/2025,18:00,797.152
3/17/2025,0:00,250.064
3/17/2025,6:00,0
3/17/2025,12:00,72.224
3/17/2025,18:00,787.744
3/18/2025,0:00,244.768
3/18/2025,6:00,0
3/18/2025,12:00,72.192
3/18/2025,18:00,793.904
3/19/2025,0:00,245.664
3/19/2025,6:00,0
3/19/2025,12:00,73.904
3/19/2025,18:00,801.168
3/20/2025,0:00,248.4
3/20/2025,6:00,0
3/20/2025,12:00,73.008
3/20/2025,18:00,797.568
3/21/2025,0:00,242.128
3/21/2025,6:00,0
3/21/2025,12:00,72.016
3/21/2025,18:00,792.512
3/22/2025,0:00,236.08
3/22/2025,6:00,0
3/22/2025,12:00,4.752
3/22/2025,18:00,244.464
3/23/2025,0:00,29.856
3/23/2025,6:00,0
3/23/2025,12:00,66.4
3/23/2025,18:00,757.28
3/24/2025,0:00,70.304
3/24/2025,6:00,0
3/24/2025,12:00,63.344
3/24/2025,18:00,364.72
3/25/2025,0:00,216.544
3/25/2025,6:00,0
3/25/2025,12:00,40.4
3/25/2025,18:00,660.416
3/26/2025,0:00,138.928
3/26/2025,6:00,0
3/26/2025,12:00,20.08
3/26/2025,18:00,529.712
3/27/2025,0:00,128.896
3/27/2025,6:00,0
3/27/2025,12:00,13.088
3/27/2025,18:00,460.784
3/28/2025,0:00,122.384
3/28/2025,6:00,0
3/28/2025,12:00,34.032
3/28/2025,18:00,485.632
3/29/2025,0:00,75.184
3/29/2025,6:00,0
3/29/2025,12:00,53.312
3/29/2025,18:00,655.2
3/30/2025,0:00,174.672
3/30/2025,6:00,0
3/30/2025,12:00,60.192
3/30/2025,18:00,719.44
3/31/2025,0:00,203.2
3/31/2025,6:00,0
3/31/2025,12:00,42.416
3/31/2025,18:00,284.096
4/1/2025,0:00,10.592
4/1/2025,6:00,0
4/1/2025,12:00,5.42
4/1/2025,18:00,108.864
4/2/2025,0:00,40.064
4/2/2025,6:00,0
4/2/2025,12:00,3.08
4/2/2025,18:00,57.712
4/3/2025,0:00,4.88
4/3/2025,6:00,0
4/3/2025,12:00,22.76
4/3/2025,18:00,565.488
4/4/2025,0:00,141.616
4/4/2025,6:00,0
4/4/2025,12:00,63.02
4/4/2025,18:00,750.816
4/5/2025,0:00,205.104
4/5/2025,6:00,0
4/5/2025,12:00,60.848
4/5/2025,18:00,735.76
4/6/2025,0:00,200.208
4/6/2025,6:00,0
4/6/2025,12:00,57.616
4/6/2025,18:00,701.184
4/7/2025,0:00,180.56
4/7/2025,6:00,0
4/7/2025,12:00,4.2
4/7/2025,18:00,196.704
4/8/2025,0:00,9.136
4/8/2025,6:00,0
4/8/2025,12:00,27.44
4/8/2025,18:00,246.64
4/9/2025,0:00,73.936
4/9/2025,6:00,0
4/9/2025,12:00,9.9
4/9/2025,18:00,486.912
4/10/2025,0:00,112.144
4/10/2025,6:00,0
4/10/2025,12:00,53.78
4/10/2025,18:00,670.256
4/11/2025,0:00,54.928
4/11/2025,6:00,0
4/11/2025,12:00,43.568
4/11/2025,18:00,624.512
4/12/2025,0:00,153.984
4/12/2025,6:00,0
4/12/2025,12:00,16.24
4/12/2025,18:00,634.16
4/13/2025,0:00,148.768
4/13/2025,6:00,0
4/13/2025,12:00,50.432
4/13/2025,18:00,679.408
4/14/2025,0:00,178.672
4/14/2025,6:00,0
4/14/2025,12:00,53.92
4/14/2025,18:00,696.032
4/15/2025,0:00,175.296
4/15/2025,6:00,0
4/15/2025,12:00,50.528
4/15/2025,18:00,666.016
4/16/2025,0:00,167.728
4/16/2025,6:00,0
4/16/2025,12:00,50.016
4/16/2025,18:00,666.976
4/17/2025,0:00,164.704
4/17/2025,6:00,0
4/17/2025,12:00,49.056
4/17/2025,18:00,657.536
4/18/2025,0:00,161.072
4/18/2025,6:00,0
4/18/2025,12:00,31.248
4/18/2025,18:00,618.528
4/19/2025,0:00,156.608
4/19/2025,6:00,0
4/19/2025,12:00,46.16
4/19/2025,18:00,644.336
4/20/2025,0:00,158.4
4/20/2025,6:00,0
4/20/2025,12:00,47.632
4/20/2025,18:00,609.008
4/21/2025,0:00,125.904
4/21/2025,6:00,0
4/21/2025,12:00,35.74
4/21/2025,18:00,606.336
4/22/2025,0:00,155.024
4/22/2025,6:00,0
4/22/2025,12:00,34.384
4/22/2025,18:00,567.472
4/23/2025,0:00,148.32
4/23/2025,6:00,0
4/23/2025,12:00,44.64
4/23/2025,18:00,623.28
4/24/2025,0:00,138.944
4/24/2025,6:00,0
4/24/2025,12:00,17.712
4/24/2025,18:00,320.944
4/25/2025,0:00,87.072
4/25/2025,6:00,0
4/25/2025,12:00,42.736
4/25/2025,18:00,619.776
4/26/2025,0:00,142.048
4/26/2025,6:00,0
4/26/2025,12:00,41.056
4/26/2025,18:00,596.56
4/27/2025,0:00,31.824
4/27/2025,6:00,0
4/27/2025,12:00,6.352
4/27/2025,18:00,195.12
4/28/2025,0:00,96.112
4/28/2025,6:00,0
4/28/2025,12:00,43.312
4/28/2025,18:00,628.784
4/29/2025,0:00,142.784
4/29/2025,6:00,0
4/29/2025,12:00,41.856
4/29/2025,18:00,622.112
4/30/2025,0:00,140.544
4/30/2025,6:00,0
4/30/2025,12:00,42.016
4/30/2025,18:00,624.72
5/1/2025,0:00,140.352
5/1/2025,6:00,0
5/1/2025,12:00,41.2
5/1/2025,18:00,611.872
5/2/2025,0:00,131.344
5/2/2025,6:00,0
5/2/2025,12:00,27.184
5/2/2025,18:00,163.664
5/3/2025,0:00,88.832
5/3/2025,6:00,0
5/3/2025,12:00,37.12
5/3/2025,18:00,582
5/4/2025,0:00,128.016
5/4/2025,6:00,0
5/4/2025,12:00,37.872
5/4/2025,18:00,591.808
5/5/2025,0:00,128.832
5/5/2025,6:00,0
5/5/2025,12:00,34.576
5/5/2025,18:00,490.832
5/6/2025,0:00,119.168
5/6/2025,6:00,0
5/6/2025,12:00,29.952
5/6/2025,18:00,524.416
5/7/2025,0:00,98.656
5/7/2025,6:00,0
5/7/2025,12:00,15.568
5/7/2025,18:00,263.888
5/8/2025,0:00,59.408
5/8/2025,6:00,0
5/8/2025,12:00,26.448
5/8/2025,18:00,514.48
5/9/2025,0:00,76.432
5/9/2025,6:00,0
5/9/2025,12:00,0.992
5/9/2025,18:00,117.264
5/10/2025,0:00,64.464
5/10/2025,6:00,0
5/10/2025,12:00,34.176
5/10/2025,18:00,568.048
5/11/2025,0:00,120.336
5/11/2025,6:00,0
5/11/2025,12:00,33.648
5/11/2025,18:00,569.632
5/12/2025,0:00,120.832
5/12/2025,6:00,0
5/12/2025,12:00,33.664
5/12/2025,18:00,567.536
5/13/2025,0:00,118.208
5/13/2025,6:00,0
5/13/2025,12:00,32.56
5/13/2025,18:00,556.048
5/14/2025,0:00,114
5/14/2025,6:00,0
5/14/2025,12:00,30.496
5/14/2025,18:00,535.04
5/15/2025,0:00,104.768
5/15/2025,6:00,0
5/15/2025,12:00,10.96
5/15/2025,18:00,379.264
5/16/2025,0:00,89.344
5/16/2025,6:00,0
5/16/2025,12:00,17.776
5/16/2025,18:00,360.448
5/17/2025,0:00,60.016
5/17/2025,6:00,0
5/17/2025,12:00,22.816
5/17/2025,18:00,426.128
5/18/2025,0:00,93.312
5/18/2025,6:00,0
5/18/2025,12:00,10.384
5/18/2025,18:00,116.496
5/19/2025,0:00,29.504
5/19/2025,6:00,0
5/19/2025,12:00,6.24
5/19/2025,18:00,262.368
5/20/2025,0:00,56.128
5/20/2025,6:00,0
5/20/2025,12:00,19.2
5/20/2025,18:00,326.48
5/21/2025,0:00,66.384
5/21/2025,6:00,0
5/21/2025,12:00,4.256
5/21/2025,18:00,121.792
5/22/2025,0:00,93.056
5/22/2025,6:00,0
5/22/2025,12:00,10.3
5/22/2025,18:00,526.304
5/23/2025,0:00,107.504
5/23/2025,6:00,0
5/23/2025,12:00,23.904
5/23/2025,18:00,512.064
5/24/2025,0:00,107.344
5/24/2025,6:00,0
5/24/2025,12:00,3.168
5/24/2025,18:00,45.808
5/25/2025,0:00,1.328
5/25/2025,6:00,0
5/25/2025,12:00,4.272
5/25/2025,18:00,333.968
5/26/2025,0:00,90.736
5/26/2025,6:00,0
5/26/2025,12:00,5.648
5/26/2025,18:00,236.032
5/27/2025,0:00,38.976
5/27/2025,6:00,0
5/27/2025,12:00,7.104
5/27/2025,18:00,106.112
5/28/2025,0:00,14.928
5/28/2025,6:00,0
5/28/2025,12:00,0.544
5/28/2025,18:00,25.216
5/29/2025,0:00,5.28
5/29/2025,6:00,0
5/29/2025,12:00,23.84
5/29/2025,18:00,449.92
5/30/2025,0:00,20.464
5/30/2025,6:00,0
5/30/2025,12:00,24.16
5/30/2025,18:00,500.976
5/31/2025,0:00,78.496
5/31/2025,6:00,0
5/31/2025,12:00,23.78
5/31/2025,18:00,506.56
6/1/2025,0:00,99.984
6/1/2025,6:00,0
6/1/2025,12:00,24.064
6/1/2025,18:00,516.16
6/2/2025,0:00,101.008
6/2/2025,6:00,0
6/2/2025,12:00,14.56
6/2/2025,18:00,459.168
6/3/2025,0:00,34.704
6/3/2025,6:00,0
6/3/2025,12:00,1.56
6/3/2025,18:00,227.568
6/4/2025,0:00,87.216
6/4/2025,6:00,0
6/4/2025,12:00,21.24
6/4/2025,18:00,431.44
6/5/2025,0:00,75.136
6/5/2025,6:00,0
6/5/2025,12:00,20.7
6/5/2025,18:00,484.448
6/6/2025,0:00,96.752
6/6/2025,6:00,0
6/6/2025,12:00,20.4
6/6/2025,18:00,452.224
6/7/2025,0:00,71.824
6/7/2025,6:00,0
6/7/2025,12:00,21.072
6/7/2025,18:00,448.912
6/8/2025,0:00,98.112
6/8/2025,6:00,0
6/8/2025,12:00,21.488
6/8/2025,18:00,495.44
6/9/2025,0:00,97.92
6/9/2025,6:00,0
6/9/2025,12:00,20.528
6/9/2025,18:00,488.032
6/10/2025,0:00,96.784
6/10/2025,6:00,0
6/10/2025,12:00,20.704
6/10/2025,18:00,497.328
6/11/2025,0:00,98.944
6/11/2025,6:00,0
6/11/2025,12:00,20.592
6/11/2025,18:00,491.888
6/12/2025,0:00,99.568
6/12/2025,6:00,0
6/12/2025,12:00,21.056
6/12/2025,18:00,492.816
6/13/2025,0:00,98.896
6/13/2025,6:00,0
6/13/2025,12:00,18.688
6/13/2025,18:00,302.752
6/14/2025,0:00,8.672
6/14/2025,6:00,0
6/14/2025,12:00,0.26
6/14/2025,18:00,19.424
6/15/2025,0:00,7.312
6/15/2025,6:00,0
6/15/2025,12:00,3.4
6/15/2025,18:00,142.848
6/16/2025,0:00,22.032
6/16/2025,6:00,0
6/16/2025,12:00,19.76
6/16/2025,18:00,386.656
6/17/2025,0:00,85.952
6/17/2025,6:00,0
6/17/2025,12:00,3.18
6/17/2025,18:00,122.048
6/18/2025,0:00,42.848
6/18/2025,6:00,0
6/18/2025,12:00,0.72
6/18/2025,18:00,19.088
6/19/2025,0:00,8.336
6/19/2025,6:00,0
6/19/2025,12:00,0.8
6/19/2025,18:00,29.024
6/20/2025,0:00,6.768
6/20/2025,6:00,0
6/20/2025,12:00,3.22
6/20/2025,18:00,194.288
6/21/2025,0:00,27.856
6/21/2025,6:00,0
6/21/2025,12:00,18.08
6/21/2025,18:00,471.568
6/22/2025,0:00,97.088
6/22/2025,6:00,0
6/22/2025,12:00,10.064
6/22/2025,18:00,208.128
6/23/2025,0:00,17.04
6/23/2025,6:00,0
6/23/2025,12:00,13.872
6/23/2025,18:00,488.496
6/24/2025,0:00,102.608
6/24/2025,6:00,0
6/24/2025,12:00,19.488
6/24/2025,18:00,501.472
6/25/2025,0:00,103.536
6/25/2025,6:00,0
6/25/2025,12:00,19.472
6/25/2025,18:00,502.4
6/26/2025,0:00,73.968
6/26/2025,6:00,0
6/26/2025,12:00,1.68
6/26/2025,18:00,126.176
6/27/2025,0:00,79.28
6/27/2025,6:00,0
6/27/2025,12:00,19.232
6/27/2025,18:00,499.776
6/28/2025,0:00,102.672
6/28/2025,6:00,0
6/28/2025,12:00,5.408
6/28/2025,18:00,122.832
6/29/2025,0:00,5.888
6/29/2025,6:00,0
6/29/2025,12:00,2.56
6/29/2025,18:00,61.584
6/30/2025,0:00,32.496
6/30/2025,6:00,0
6/30/2025,12:00,18.704
6/30/2025,18:00,500.864
7/1/2025,0:00,106.096
7/1/2025,6:00,0
7/1/2025,12:00,15.296
7/1/2025,18:00,436.272
7/2/2025,0:00,106.752
7/2/2025,6:00,0
7/2/2025,12:00,18.672
7/2/2025,18:00,497.824
7/3/2025,0:00,106.464
7/3/2025,6:00,0
7/3/2025,12:00,18.48
7/3/2025,18:00,497.84
7/4/2025,0:00,106.096
7/4/2025,6:00,0
7/4/2025,12:00,13.776
7/4/2025,18:00,439.2
7/5/2025,0:00,81.392
7/5/2025,6:00,0
7/5/2025,12:00,14.336
7/5/2025,18:00,479.68
7/6/2025,0:00,101.04
7/6/2025,6:00,0
7/6/2025,12:00,17.504
7/6/2025,18:00,488.304
7/7/2025,0:00,106.272
7/7/2025,6:00,0
7/7/2025,12:00,17.872
7/7/2025,18:00,398.48
7/8/2025,0:00,39.824
7/8/2025,6:00,0
7/8/2025,12:00,18.128
7/8/2025,18:00,490.336
7/9/2025,0:00,107.536
7/9/2025,6:00,0
7/9/2025,12:00,19.104
7/9/2025,18:00,503.728
7/10/2025,0:00,93.552
7/10/2025,6:00,0
7/10/2025,12:00,18.32
7/10/2025,18:00,491.184
7/11/2025,0:00,104.976
7/11/2025,6:00,0
7/11/2025,12:00,18.608
7/11/2025,18:00,492.896
7/12/2025,0:00,109.264
7/12/2025,6:00,0
7/12/2025,12:00,17.744
7/12/2025,18:00,493.04
7/13/2025,0:00,109.184
7/13/2025,6:00,0
7/13/2025,12:00,17.824
7/13/2025,18:00,441.024
7/14/2025,0:00,81.968
7/14/2025,6:00,0
7/14/2025,12:00,18.496
7/14/2025,18:00,483.408
7/15/2025,0:00,107.248
7/15/2025,6:00,0
7/15/2025,12:00,19.28
7/15/2025,18:00,498.832
7/16/2025,0:00,110.416
7/16/2025,6:00,0
7/16/2025,12:00,18.928
7/16/2025,18:00,208.24
7/17/2025,0:00,16.368
7/17/2025,6:00,0
7/17/2025,12:00,2.224
7/17/2025,18:00,39.632
7/18/2025,0:00,9.136
7/18/2025,6:00,0
7/18/2025,12:00,20.896
7/18/2025,18:00,520.976
7/19/2025,0:00,118.864
7/19/2025,6:00,0
7/19/2025,12:00,21.184
7/19/2025,18:00,522.656
7/20/2025,0:00,119.552
7/20/2025,6:00,0
7/20/2025,12:00,21.664
7/20/2025,18:00,524.416
7/21/2025,0:00,119.488
7/21/2025,6:00,0
7/21/2025,12:00,20.592
7/21/2025,18:00,479.536
7/22/2025,0:00,111.92
7/22/2025,6:00,0
7/22/2025,12:00,15.984
7/22/2025,18:00,491.984
7/23/2025,0:00,113.552
7/23/2025,6:00,0
7/23/2025,12:00,7.776
7/23/2025,18:00,338.128
7/24/2025,0:00,85.424
7/24/2025,6:00,0
7/24/2025,12:00,1.264
7/24/2025,18:00,415.616
7/25/2025,0:00,111.856
7/25/2025,6:00,0
7/25/2025,12:00,2.192
7/25/2025,18:00,237.824
7/26/2025,0:00,100.64
7/26/2025,6:00,0
7/26/2025,12:00,15.568
7/26/2025,18:00,140.528
7/27/2025,0:00,39.936
7/27/2025,6:00,0
7/27/2025,12:00,0.912
7/27/2025,18:00,36.288
7/28/2025,0:00,7.296
7/28/2025,6:00,0
7/28/2025,12:00,13.52
7/28/2025,18:00,365.328
7/29/2025,0:00,58.576
7/29/2025,6:00,0
7/29/2025,12:00,25.008
7/29/2025,18:00,549.184
7/30/2025,0:00,130.064
7/30/2025,6:00,0
7/30/2025,12:00,25.36
7/30/2025,18:00,550.768
7/31/2025,0:00,130.768
7/31/2025,6:00,0
7/31/2025,12:00,25.92
7/31/2025,18:00,511.328
8/1/2025,0:00,99.2
8/1/2025,6:00,0
8/1/2025,12:00,15.92
8/1/2025,18:00,399.392
8/2/2025,0:00,119.248
8/2/2025,6:00,0
8/2/2025,12:00,21.488
8/2/2025,18:00,439.856
8/3/2025,0:00,63.552
8/3/2025,6:00,0
8/3/2025,12:00,1.072
8/3/2025,18:00,71.12
8/4/2025,0:00,86.576
8/4/2025,6:00,0
8/4/2025,12:00,15.872
8/4/2025,18:00,430.608
8/5/2025,0:00,71.6
8/5/2025,6:00,0
8/5/2025,12:00,29.296
8/5/2025,18:00,575.104
8/6/2025,0:00,138.56
8/6/2025,6:00,0
8/6/2025,12:00,23.664
8/6/2025,18:00,556.944
8/7/2025,0:00,59.152
8/7/2025,6:00,0
8/7/2025,12:00,5.792
8/7/2025,18:00,234.336
8/8/2025,0:00,69.6
8/8/2025,6:00,0
8/8/2025,12:00,22.752
8/8/2025,18:00,316.816
8/9/2025,0:00,43.792
8/9/2025,6:00,0
8/9/2025,12:00,32.64
8/9/2025,18:00,602.24
8/10/2025,0:00,147.424
8/10/2025,6:00,0
8/10/2025,12:00,33.584
8/10/2025,18:00,603.856
8/11/2025,0:00,148.272
8/11/2025,6:00,0
8/11/2025,12:00,34.128
8/11/2025,18:00,604.608
8/12/2025,0:00,141.008
8/12/2025,6:00,0
8/12/2025,12:00,34.768
8/12/2025,18:00,607.776
8/13/2025,0:00,150.144
8/13/2025,6:00,0
8/13/2025,12:00,35.28
8/13/2025,18:00,581.088
8/14/2025,0:00,137.936
8/14/2025,6:00,0
8/14/2025,12:00,34.944
8/14/2025,18:00,614.496
8/15/2025,0:00,154.592
8/15/2025,6:00,0
8/15/2025,12:00,36.16
8/15/2025,18:00,564.848
8/16/2025,0:00,83.664
8/16/2025,6:00,0
8/16/2025,12:00,36
8/16/2025,18:00,605.472
8/17/2025,0:00,42.256
8/17/2025,6:00,0
8/17/2025,12:00,38.08
8/17/2025,18:00,614.896
8/18/2025,0:00,152.176
8/18/2025,6:00,0
8/18/2025,12:00,12.304
8/18/2025,18:00,188.304
8/19/2025,0:00,26.4
8/19/2025,6:00,0
8/19/2025,12:00,1.28
8/19/2025,18:00,52.176
8/20/2025,0:00,9.76
8/20/2025,6:00,0
8/20/2025,12:00,0.832
8/20/2025,18:00,56.176
8/21/2025,0:00,48.416
8/21/2025,6:00,0
8/21/2025,12:00,43.408
8/21/2025,18:00,643.824
8/22/2025,0:00,152.256
8/22/2025,6:00,0
8/22/2025,12:00,39.072
8/22/2025,18:00,569.488
8/23/2025,0:00,133.808
8/23/2025,6:00,0
8/23/2025,12:00,1.68
8/23/2025,18:00,74.528
8/24/2025,0:00,79.84
8/24/2025,6:00,0
8/24/2025,12:00,48.528
8/24/2025,18:00,682.288
8/25/2025,0:00,174.784
8/25/2025,6:00,0
8/25/2025,12:00,39.488
8/25/2025,18:00,667.104
8/26/2025,0:00,171.6
8/26/2025,6:00,0
8/26/2025,12:00,49.184
8/26/2025,18:00,673.68
8/27/2025,0:00,171.12
8/27/2025,6:00,0
8/27/2025,12:00,49.696
8/27/2025,18:00,674.304
8/28/2025,0:00,168.48
8/28/2025,6:00,0
8/28/2025,12:00,49.072
8/28/2025,18:00,663.776
8/29/2025,0:00,168.944
8/29/2025,6:00,0
8/29/2025,12:00,51.376
8/29/2025,18:00,677.68
8/30/2025,0:00,174.624
8/30/2025,6:00,0
8/30/2025,12:00,51.84
8/30/2025,18:00,661.104
8/31/2025,0:00,163.264
8/31/2025,6:00,0
8/31/2025,12:00,54.128
8/31/2025,18:00,347.136
9/1/2025,0:00,46.816
9/1/2025,6:00,0
9/1/2025,12:00,26.192
9/1/2025,18:00,284.112
9/2/2025,0:00,31.888
9/2/2025,6:00,0
9/2/2025,12:00,5.376
9/2/2025,18:00,331.52
9/3/2025,0:00,131.472
9/3/2025,6:00,0
9/3/2025,12:00,49.28
9/3/2025,18:00,403.04
9/4/2025,0:00,142.784
9/4/2025,6:00,0
9/4/2025,12:00,4.288
9/4/2025,18:00,258.128
9/5/2025,0:00,102.64
9/5/2025,6:00,0
9/5/2025,12:00,63.68
9/5/2025,18:00,731.824
9/6/2025,0:00,190.928
9/6/2025,6:00,0
9/6/2025,12:00,66.656
9/6/2025,18:00,744.704
9/7/2025,0:00,185.888
9/7/2025,6:00,0
9/7/2025,12:00,55.552
9/7/2025,18:00,633.6
9/8/2025,0:00,99.168
9/8/2025,6:00,0
9/8/2025,12:00,1.328
9/8/2025,18:00,18.752
9/9/2025,0:00,11.488
9/9/2025,6:00,0
9/9/2025,12:00,66.512
9/9/2025,18:00,740.752
9/10/2025,0:00,193.424
9/10/2025,6:00,0
9/10/2025,12:00,72.992
9/10/2025,18:00,757.776
9/11/2025,0:00,197.504
9/11/2025,6:00,0
9/11/2025,12:00,70.208
9/11/2025,18:00,740.4
9/12/2025,0:00,195.712
9/12/2025,6:00,0
9/12/2025,12:00,77.136
9/12/2025,18:00,774.032
9/13/2025,0:00,203.312
9/13/2025,6:00,0
9/13/2025,12:00,78.128
9/13/2025,18:00,765.536
9/14/2025,0:00,186.032
9/14/2025,6:00,0
9/14/2025,12:00,54.736
9/14/2025,18:00,729.392
9/15/2025,0:00,189.488
9/15/2025,6:00,0
9/15/2025,12:00,36.352
9/15/2025,18:00,478.624
9/16/2025,0:00,54.208
9/16/2025,6:00,0
9/16/2025,12:00,77.552
9/16/2025,18:00,763.04
9/17/2025,0:00,201.328
9/17/2025,6:00,0
9/17/2025,12:00,82.384
9/17/2025,18:00,780.24
9/18/2025,0:00,183.376
9/18/2025,6:00,0
9/18/2025,12:00,45.744
9/18/2025,18:00,495.904
9/19/2025,0:00,113.072
9/19/2025,6:00,0
9/19/2025,12:00,66.08
9/19/2025,18:00,749.52
9/20/2025,0:00,187.344
9/20/2025,6:00,0
9/20/2025,12:00,30.32
9/20/2025,18:00,197.936
9/21/2025,0:00,34.16
9/21/2025,6:00,0
9/21/2025,12:00,20.848
9/21/2025,18:00,522.56
9/22/2025,0:00,116.816
9/22/2025,6:00,0
9/22/2025,12:00,92.944
9/22/2025,18:00,806.16
9/23/2025,0:00,213.28
9/23/2025,6:00,0
9/23/2025,12:00,94.016
9/23/2025,18:00,810.4
9/24/2025,0:00,215.136
9/24/2025,6:00,0
9/24/2025,12:00,95.392
9/24/2025,18:00,809.168
9/25/2025,0:00,213.84
9/25/2025,6:00,0
9/25/2025,12:00,100.416
9/25/2025,18:00,830.608
9/26/2025,0:00,216.16
9/26/2025,6:00,0
9/26/2025,12:00,100.448
9/26/2025,18:00,821.936
9/27/2025,0:00,217.696
9/27/2025,6:00,0
9/27/2025,12:00,71.328
9/27/2025,18:00,97.504
9/28/2025,0:00,33.056
9/28/2025,6:00,0
9/28/2025,12:00,101.376
9/28/2025,18:00,834.992
9/29/2025,0:00,223.872
9/29/2025,6:00,0
9/29/2025,12:00,108.56
9/29/2025,18:00,847.248
9/30/2025,0:00,213.984
9/30/2025,6:00,0
9/30/2025,12:00,14.22
9/30/2025,18:00,71.216
10/1/2025,0:00,29.248
10/1/2025,6:00,0
10/1/2025,12:00,45.024
10/1/2025,18:00,576.064
10/2/2025,0:00,186.192
10/2/2025,6:00,0
10/2/2025,12:00,65.104
10/2/2025,18:00,464.24
10/3/2025,0:00,82.624
10/3/2025,6:00,0
10/3/2025,12:00,84.56
10/3/2025,18:00,647.6
10/4/2025,0:00,172.224
10/4/2025,6:00,0
10/4/2025,12:00,106.92
10/4/2025,18:00,680.68
10/5/2025,0:00,219.376
10/5/2025,6:00,0
10/5/2025,12:00,47.136
10/5/2025,18:00,798.48
10/6/2025,0:00,214.832
10/6/2025,6:00,0
10/6/2025,12:00,14.448
10/6/2025,18:00,102.32
10/7/2025,0:00,145.312
10/7/2025,6:00,0
10/7/2025,12:00,123.776
10/7/2025,18:00,885.728
10/8/2025,0:00,240.192
10/8/2025,6:00,0
10/8/2025,12:00,126.384
10/8/2025,18:00,888.16
10/9/2025,0:00,240.304
10/9/2025,6:00,0
10/9/2025,12:00,126.16
10/9/2025,18:00,877.14
10/10/2025,0:00,234.24
10/10/2025,6:00,0
10/10/2025,12:00,124.832
10/10/2025,18:00,870.58
10/11/2025,0:00,237.712
10/11/2025,6:00,0
10/11/2025,12:00,96.32
10/11/2025,18:00,464.1
10/12/2025,0:00,188.928
10/12/2025,6:00,0
10/12/2025,12:00,81.18
10/12/2025,18:00,447.8
10/13/2025,0:00,161.44
10/13/2025,6:00,0
10/13/2025,12:00,129.94
10/13/2025,18:00,880.14
10/14/2025,0:00,240.416
10/14/2025,6:00,0
10/14/2025,12:00,135.9
10/14/2025,18:00,900.46
10/15/2025,0:00,247.408
10/15/2025,6:00,0
10/15/2025,12:00,135.82
10/15/2025,18:00,839.94
10/16/2025,0:00,214.32
10/16/2025,6:00,0
10/16/2025,12:00,27.48
10/16/2025,18:00,355.18
10/17/2025,0:00,95.936
10/17/2025,6:00,0
10/17/2025,12:00,7.72
10/17/2025,18:00,119.82
10/18/2025,0:00,64.016
10/18/2025,6:00,0
10/18/2025,12:00,120.1
10/18/2025,18:00,893.98
10/19/2025,0:00,253.648
10/19/2025,6:00,0
10/19/2025,12:00,146.46
10/19/2025,18:00,925.76
10/20/2025,0:00,255.328
10/20/2025,6:00,0
10/20/2025,12:00,146.62
10/20/2025,18:00,914.92
10/21/2025,0:00,252.288
10/21/2025,6:00,0
10/21/2025,12:00,136.32
10/21/2025,18:00,911.16
10/22/2025,0:00,258.224
10/22/2025,6:00,0
10/22/2025,12:00,140.44
10/22/2025,18:00,881.78
10/23/2025,0:00,227.952
10/23/2025,6:00,0
10/23/2025,12:00,128.288
10/23/2025,18:00,913.28
10/24/2025,0:00,254.288
10/24/2025,6:00,0
10/24/2025,12:00,89.824
10/24/2025,18:00,451.44
10/25/2025,0:00,165.424
10/25/2025,6:00,0
10/25/2025,12:00,5.856
10/25/2025,18:00,191.32
10/26/2025,0:00,184.272
10/26/2025,6:00,0
10/26/2025,12:00,102.76
10/26/2025,18:00,435.1
10/27/2025,0:00,119.904
10/27/2025,6:00,0
10/27/2025,12:00,153.26
10/27/2025,18:00,924.44
10/28/2025,0:00,260.976
10/28/2025,6:00,0
10/28/2025,12:00,145.88
10/28/2025,18:00,535.98
10/29/2025,0:00,14.736
10/29/2025,6:00,0
10/29/2025,12:00,5.26
10/29/2025,18:00,68.82
10/30/2025,0:00,33.072
10/30/2025,6:00,0
10/30/2025,12:00,64.54
10/30/2025,18:00,544.64
10/31/2025,0:00,206.832
10/31/2025,6:00,0
10/31/2025,12:00,75.26
10/31/2025,18:00,813.9
11/1/2025,0:00,133.184
11/1/2025,6:00,0
11/1/2025,12:00,161.56
11/1/2025,18:00,936.6
11/2/2025,0:00,163.344
11/2/2025,6:00,0
11/2/2025,12:00,96.64
11/2/2025,18:00,706.92
11/3/2025,0:00,261.616
11/3/2025,6:00,0
11/3/2025,12:00,160.22
11/3/2025,18:00,927.88
11/4/2025,0:00,270.592
11/4/2025,6:00,0
11/4/2025,12:00,163.04
11/4/2025,18:00,923.1
11/5/2025,0:00,269.68
11/5/2025,6:00,0
11/5/2025,12:00,162.624
11/5/2025,18:00,941.8
11/6/2025,0:00,270.16
11/6/2025,6:00,0
11/6/2025,12:00,168.896
11/6/2025,18:00,905.22
11/7/2025,0:00,252.64
11/7/2025,6:00,0
11/7/2025,12:00,3.72
11/7/2025,18:00,65.06
11/8/2025,0:00,25.84
11/8/2025,6:00,0
11/8/2025,12:00,27.632
11/8/2025,18:00,581.28
11/9/2025,0:00,193.2
11/9/2025,6:00,0
11/9/2025,12:00,170.8
11/9/2025,18:00,841.04
11/10/2025,0:00,131.12
11/10/2025,6:00,0
11/10/2025,12:00,176.5
11/10/2025,18:00,970.08
11/11/2025,0:00,290.272
11/11/2025,6:00,0
11/11/2025,12:00,176.368
11/11/2025,18:00,773.36
11/12/2025,0:00,192.528
11/12/2025,6:00,0
11/12/2025,12:00,158.4
11/12/2025,18:00,910.44
11/13/2025,0:00,241.936
11/13/2025,6:00,0
11/13/2025,12:00,148.54
11/13/2025,18:00,854.86
11/14/2025,0:00,249.424
11/14/2025,6:00,0
11/14/2025,12:00,171.86
11/14/2025,18:00,866.82
11/15/2025,0:00,273.328
11/15/2025,6:00,0
11/15/2025,12:00,171.2
11/15/2025,18:00,938.4
11/16/2025,0:00,283.296
11/16/2025,6:00,0
11/16/2025,12:00,140.66
11/16/2025,18:00,232.98
11/17/2025,0:00,86.704
11/17/2025,6:00,0
11/17/2025,12:00,161.78
11/17/2025,18:00,967.72
11/18/2025,0:00,301.744
11/18/2025,6:00,0
11/18/2025,12:00,184.94
11/18/2025,18:00,986.46
11/19/2025,0:00,304
11/19/2025,6:00,0
11/19/2025,12:00,180.02
11/19/2025,18:00,982.08
11/20/2025,0:00,304.76
11/20/2025,6:00,0
11/20/2025,12:00,181
11/20/2025,18:00,968.96
11/21/2025,0:00,301.46
11/21/2025,6:00,0
11/21/2025,12:00,166.08
11/21/2025,18:00,511.28
11/22/2025,0:00,164.12
11/22/2025,6:00,0
11/22/2025,12:00,181.94
11/22/2025,18:00,975.68
11/23/2025,0:00,307.54
11/23/2025,6:00,0
11/23/2025,12:00,178.54
11/23/2025,18:00,980.7
11/24/2025,0:00,310.048
11/24/2025,6:00,0
11/24/2025,12:00,178.4
11/24/2025,18:00,874.78
11/25/2025,0:00,110
11/25/2025,6:00,0
11/25/2025,12:00,178.5
11/25/2025,18:00,969.68
11/26/2025,0:00,310.176
11/26/2025,6:00,0
11/26/2025,12:00,178.88
11/26/2025,18:00,967.44
11/27/2025,0:00,309.392
11/27/2025,6:00,0
11/27/2025,12:00,177.776
11/27/2025,18:00,961.42
11/28/2025,0:00,310.58
11/28/2025,6:00,0
11/28/2025,12:00,176.68
11/28/2025,18:00,932.96
11/29/2025,0:00,221.08
11/29/2025,6:00,0
11/29/2025,12:00,151.36
11/29/2025,18:00,822.92
11/30/2025,0:00,216.42
11/30/2025,6:00,0
11/30/2025,12:00,93.42
11/30/2025,18:00,310.36
12/1/2025,0:00,97.36
12/1/2025,6:00,0
12/1/2025,12:00,167.96
12/1/2025,18:00,838.92
12/2/2025,0:00,91.54
12/2/2025,6:00,0
12/2/2025,12:00,178.44
12/2/2025,18:00,970.3
12/3/2025,0:00,329.28
12/3/2025,6:00,0
12/3/2025,12:00,181.78
12/3/2025,18:00,981.08
12/4/2025,0:00,328.82
12/4/2025,6:00,0
12/4/2025,12:00,185.94
12/4/2025,18:00,1000.74
12/5/2025,0:00,335.728
12/5/2025,6:00,0
12/5/2025,12:00,185.16
12/5/2025,18:00,998.28
12/6/2025,0:00,330.144
12/6/2025,6:00,0
12/6/2025,12:00,168.08
12/6/2025,18:00,877
12/7/2025,0:00,205.84
12/7/2025,6:00,0
12/7/2025,12:00,174.18
12/7/2025,18:00,935.78
12/8/2025,0:00,185.696
12/8/2025,6:00,0
12/8/2025,12:00,116.8
12/8/2025,18:00,407.68
12/9/2025,0:00,10.6
12/9/2025,6:00,0
12/9/2025,12:00,9.88
12/9/2025,18:00,292.16
12/10/2025,0:00,266.2
12/10/2025,6:00,0
12/10/2025,12:00,12.52
12/10/2025,18:00,174
12/11/2025,0:00,212.28
12/11/2025,6:00,0
12/11/2025,12:00,176.68
12/11/2025,18:00,967.84
12/12/2025,0:00,161.44
12/12/2025,6:00,0
12/12/2025,12:00,106.88
12/12/2025,18:00,533.98
12/13/2025,0:00,223.54
12/13/2025,6:00,0
12/13/2025,12:00,176.42
12/13/2025,18:00,981.64
12/14/2025,0:00,341.74
12/14/2025,6:00,0
12/14/2025,12:00,173.3
12/14/2025,18:00,972.64
12/15/2025,0:00,339.9
12/15/2025,6:00,0
12/15/2025,12:00,66.8
12/15/2025,18:00,230.22
12/16/2025,0:00,92.44
12/16/2025,6:00,0
12/16/2025,12:00,183.04
12/16/2025,18:00,1013.8
12/17/2025,0:00,357.6
12/17/2025,6:00,0
12/17/2025,12:00,180.82
12/17/2025,18:00,1008.94
12/18/2025,0:00,359.46
12/18/2025,6:00,0
12/18/2025,12:00,180.16
12/18/2025,18:00,1007.44
12/19/2025,0:00,359.46
12/19/2025,6:00,0
12/19/2025,12:00,174.8
12/19/2025,18:00,987.46
12/20/2025,0:00,352.86
12/20/2025,6:00,0
12/20/2025,12:00,174.1
12/20/2025,18:00,959.98
12/21/2025,0:00,294.06
12/21/2025,6:00,0
12/21/2025,12:00,2.82
12/21/2025,18:00,163.32
12/22/2025,0:00,236.1
12/22/2025,6:00,0
12/22/2025,12:00,110.64
12/22/2025,18:00,513.3
12/23/2025,0:00,39.06
12/23/2025,6:00,0
12/23/2025,12:00,24.86
12/23/2025,18:00,618.98
12/24/2025,0:00,313.76
12/24/2025,6:00,0
12/24/2025,12:00,151.72
12/24/2025,18:00,825.46
12/25/2025,0:00,282.64
12/25/2025,6:00,0
12/25/2025,12:00,118.56
12/25/2025,18:00,520.66
12/26/2025,0:00,108.98
12/26/2025,6:00,0
12/26/2025,12:00,23.82
12/26/2025,18:00,416.62
12/27/2025,0:00,74.82
12/27/2025,6:00,0
12/27/2025,12:00,153.9
12/27/2025,18:00,815.68
12/28/2025,0:00,76.98
12/28/2025,6:00,0
12/28/2025,12:00,154.02
12/28/2025,18:00,903.82
12/29/2025,0:00,108.76
12/29/2025,6:00,0
12/29/2025,12:00,12.18
12/29/2025,18:00,531.2
12/30/2025,0:00,324.16
12/30/2025,6:00,0
12/30/2025,12:00,139.76
12/30/2025,18:00,849.34
12/31/2025,0:00,262.032
12/31/2025,6:00,0
12/31/2025,12:00,153.02
12/31/2025,18:00,753.2
1/1/2026,0:00,343.48
1/1/2026,6:00,0
1/1/2026,12:00,155.6
1/1/2026,18:00,966.58
1/2/2026,0:00,304.24
1/2/2026,6:00,0
1/2/2026,12:00,155.2
1/2/2026,18:00,966.04
1/3/2026,0:00,260.7
1/3/2026,6:00,0
1/3/2026,12:00,113.66
1/3/2026,18:00,878.1
1/4/2026,0:00,373.24
1/4/2026,6:00,0
1/4/2026,12:00,163.568
1/4/2026,18:00,1006.4
1/5/2026,0:00,377.872
1/5/2026,6:00,0
1/5/2026,12:00,157.648
1/5/2026,18:00,989.02
1/6/2026,0:00,373.776
1/6/2026,6:00,0
1/6/2026,12:00,157.52
1/6/2026,18:00,989.1
1/7/2026,0:00,369.3
1/7/2026,6:00,0
1/7/2026,12:00,148.18
1/7/2026,18:00,884.78
1/8/2026,0:00,304.416
1/8/2026,6:00,0
1/8/2026,12:00,70.96
1/8/2026,18:00,861.88
1/9/2026,0:00,204.864
1/9/2026,6:00,0
1/9/2026,12:00,97.3
1/9/2026,18:00,417.76
1/10/2026,0:00,86.08
1/10/2026,6:00,0
1/10/2026,12:00,46.86
1/10/2026,18:00,471.24
1/11/2026,0:00,83.248
1/11/2026,6:00,0
1/11/2026,12:00,142.48
1/11/2026,18:00,618.6
1/12/2026,0:00,315.12
1/12/2026,6:00,0
1/12/2026,12:00,145.4
1/12/2026,18:00,968.24
1/13/2026,0:00,368.176
1/13/2026,6:00,0
1/13/2026,12:00,142.84
1/13/2026,18:00,959.78
1/14/2026,0:00,366.112
1/14/2026,6:00,0
1/14/2026,12:00,135.12
1/14/2026,18:00,918.14
1/15/2026,0:00,354.512
1/15/2026,6:00,0
1/15/2026,12:00,139.152
1/15/2026,18:00,858.72
1/16/2026,0:00,355.888
1/16/2026,6:00,0
1/16/2026,12:00,22.064
1/16/2026,18:00,254.52
1/22/2026,12:00,132.896
1/22/2026,18:00,956.08
1/23/2026,0:00,366.304
1/23/2026,6:00,0
1/23/2026,12:00,129.78
1/23/2026,18:00,951.3
1/24/2026,0:00,367.056
1/24/2026,6:00,0
1/24/2026,12:00,130.38
1/24/2026,18:00,953.36
1/25/2026,0:00,359.792
1/25/2026,6:00,0
1/25/2026,12:00,128.22
1/25/2026,18:00,955.54
1/26/2026,0:00,370.112
1/26/2026,6:00,0
1/26/2026,12:00,96.896
1/26/2026,18:00,925.4
1/27/2026,0:00,346.24
1/27/2026,6:00,0
1/27/2026,12:00,120.32
1/27/2026,18:00,910.78
1/28/2026,0:00,217.36
1/28/2026,6:00,0
1/28/2026,12:00,117.952
1/28/2026,18:00,792.46
1/29/2026,0:00,334.08
1/29/2026,6:00,0
1/29/2026,12:00,118.6
1/29/2026,18:00,923.08
1/30/2026,0:00,317.536
1/30/2026,6:00,0
1/30/2026,12:00,119.008
1/30/2026,18:00,934.12
1/31/2026,0:00,358.416
1/31/2026,6:00,0
1/31/2026,12:00,116.96
1/31/2026,18:00,805.78
2/1/2026,0:00,153.616
2/1/2026,6:00,0
2/1/2026,12:00,119.648
2/1/2026,18:00,940.8
2/2/2026,0:00,361.152
2/2/2026,6:00,0
2/2/2026,12:00,115.248
2/2/2026,18:00,900.16
2/3/2026,0:00,350.736
2/3/2026,6:00,0
2/3/2026,12:00,115.696
2/3/2026,18:00,916.6
2/4/2026,0:00,353.552
2/4/2026,6:00,0
2/4/2026,12:00,116.22
2/4/2026,18:00,931.38
2/5/2026,0:00,352.16
2/5/2026,6:00,0
2/5/2026,12:00,114.92
2/5/2026,18:00,930
2/6/2026,0:00,351.936
2/6/2026,6:00,0
2/6/2026,12:00,112.34
2/6/2026,18:00,806.016
2/7/2026,0:00,244.096
2/7/2026,6:00,0
2/7/2026,12:00,92.34
2/7/2026,18:00,809.26
2/8/2026,0:00,348
2/8/2026,6:00,0
2/8/2026,12:00,114.24
2/8/2026,18:00,952.08
2/9/2026,0:00,360.576
2/9/2026,6:00,0
2/9/2026,12:00,111.12
2/9/2026,18:00,928.12
2/10/2026,0:00,348.288
2/10/2026,6:00,0
2/10/2026,12:00,107.46
2/10/2026,18:00,902.9
2/11/2026,0:00,339.84
2/11/2026,6:00,0
2/11/2026,12:00,104.368
2/11/2026,18:00,884.912
2/12/2026,0:00,216.976
2/12/2026,6:00,0
2/12/2026,12:00,103.728
2/12/2026,18:00,765.34
2/13/2026,0:00,107.056
2/13/2026,6:00,0
2/13/2026,12:00,70.528
2/13/2026,18:00,737.28
2/14/2026,0:00,239.424
2/14/2026,6:00,0
2/14/2026,12:00,100.528
2/14/2026,18:00,820.92
2/15/2026,0:00,305.568
2/15/2026,6:00,0
2/15/2026,12:00,97.14
2/15/2026,18:00,690.58
2/16/2026,0:00,123.216
2/16/2026,6:00,0
2/16/2026,12:00,96.512
2/16/2026,18:00,678.34
2/17/2026,0:00,144.208
2/17/2026,6:00,0
2/17/2026,12:00,86.064
2/17/2026,18:00,704.368
2/18/2026,0:00,201.712
2/18/2026,6:00,0
2/18/2026,12:00,81.48
2/18/2026,18:00,579.344
2/19/2026,0:00,304.528
2/19/2026,6:00,0
2/19/2026,12:00,95.696
2/19/2026,18:00,681.936
2/20/2026,0:00,102.016
2/20/2026,6:00,0
2/20/2026,12:00,79.92
2/20/2026,18:00,863.696
2/21/2026,0:00,312.448
2/21/2026,6:00,0
2/21/2026,12:00,96.784
2/21/2026,18:00,857.264
2/22/2026,0:00,286.496
2/22/2026,6:00,0
2/22/2026,12:00,89.424
2/22/2026,18:00,671.024
2/23/2026,0:00,292.8
2/23/2026,6:00,0
2/23/2026,12:00,81.312
2/23/2026,18:00,727.008
2/24/2026,0:00,114.048
2/24/2026,6:00,0
2/24/2026,12:00,83.68
2/24/2026,18:00,814.272
2/25/2026,0:00,227.984
2/25/2026,6:00,0
2/25/2026,12:00,89.28
2/25/2026,18:00,866.736
2/26/2026,0:00,307.568
2/26/2026,6:00,0
2/26/2026,12:00,94.64
2/26/2026,18:00,889.488
2/27/2026,0:00,312.352
2/27/2026,6:00,0
2/27/2026,12:00,91.456
2/27/2026,18:00,818.048
2/28/2026,0:00,305.632
2/28/2026,6:00,0
2/28/2026,12:00,82.192
2/28/2026,18:00,824.688
3/1/2026,0:00,301.888
3/1/2026,6:00,0
3/1/2026,12:00,89.488
3/1/2026,18:00,870.112
3/2/2026,0:00,301.472
3/2/2026,6:00,0
3/2/2026,12:00,87.296
3/2/2026,18:00,856.944
3/3/2026,0:00,296
3/3/2026,6:00,0
3/3/2026,12:00,85.76
3/3/2026,18:00,838.624
3/4/2026,0:00,271.968
3/4/2026,6:00,0
3/4/2026,12:00,79.968
3/4/2026,18:00,824.704
3/5/2026,0:00,279.312
3/5/2026,6:00,0
3/5/2026,12:00,84.112
3/5/2026,18:00,840.528
3/6/2026,0:00,284.496
3/6/2026,6:00,0
3/6/2026,12:00,78.336
3/6/2026,18:00,814.368
3/7/2026,0:00,125.264
3/7/2026,6:00,0
3/7/2026,12:00,18.08
3/7/2026,18:00,392.208
3/8/2026,0:00,213.872
3/8/2026,6:00,0
3/8/2026,12:00,80.064
3/8/2026,18:00,824.32
3/9/2026,0:00,262.384
3/9/2026,6:00,0
3/9/2026,12:00,70.304
3/9/2026,18:00,613.344
3/10/2026,0:00,141.408
3/10/2026,6:00,0
3/10/2026,12:00,17.296
3/10/2026,18:00,762.176
3/11/2026,0:00,244.112
3/11/2026,6:00,0
3/11/2026,12:00,66.112
3/11/2026,18:00,682.576
3/12/2026,0:00,222.944
3/12/2026,6:00,0
3/12/2026,12:00,77.2
3/12/2026,18:00,819.984
3/13/2026,0:00,265.024
3/13/2026,6:00,0
3/13/2026,12:00,76.464
3/13/2026,18:00,812.592
3/14/2026,0:00,261.44
3/14/2026,6:00,0
3/14/2026,12:00,76.512
3/14/2026,18:00,814.704
3/15/2026,0:00,252.512
3/15/2026,6:00,0
3/15/2026,12:00,73.104
3/15/2026,18:00,684.48
3/16/2026,0:00,242.512
3/16/2026,6:00,0
3/16/2026,12:00,59.5
3/16/2026,18:00,754.672
3/17/2026,0:00,114.544
3/17/2026,6:00,0
3/17/2026,12:00,13.94
3/17/2026,18:00,354.208
3/18/2026,0:00,135.904
3/18/2026,6:00,0
3/18/2026,12:00,69.152
3/18/2026,18:00,709.648
3/19/2026,0:00,92.928
3/19/2026,6:00,0
3/19/2026,12:00,71.12
3/19/2026,18:00,788.16
3/20/2026,0:00,243.104
3/20/2026,6:00,0
3/20/2026,12:00,71.488
3/20/2026,18:00,784.352
3/21/2026,0:00,239.712
3/21/2026,6:00,0
3/21/2026,12:00,48.288
3/21/2026,18:00,597.952
3/22/2026,0:00,20.832
3/22/2026,6:00,0
3/22/2026,12:00,63.072
3/22/2026,18:00,715.232
3/23/2026,0:00,194.304
3/23/2026,6:00,0
3/23/2026,12:00,41.584
3/23/2026,18:00,278.992
3/24/2026,0:00,25.168
3/24/2026,6:00,0
3/24/2026,12:00,68.048
3/24/2026,18:00,778.096
3/25/2026,0:00,233.664
3/25/2026,6:00,0
3/25/2026,12:00,21.984
3/25/2026,18:00,362.032
3/26/2026,0:00,70.864
3/26/2026,12:00,26.016
3/26/2026,18:00,645.008
3/27/2026,0:00,120.176
3/27/2026,6:00,0
3/27/2026,12:00,43.584
3/27/2026,18:00,722.864
3/28/2026,0:00,88.912
3/28/2026,6:00,0
3/28/2026,12:00,61.52
3/28/2026,18:00,604.24
3/29/2026,0:00,67.712
3/29/2026,6:00,0
3/29/2026,12:00,61.872
3/29/2026,18:00,724.24
3/30/2026,0:00,173.408
3/30/2026,6:00,0
3/30/2026,12:00,59.28
3/30/2026,18:00,621.52
3/31/2026,0:00,127.408
3/31/2026,6:00,0
3/31/2026,12:00,59.488
3/31/2026,18:00,719.552
4/1/2026,0:00,201.952
4/1/2026,6:00,0
4/1/2026,12:00,61.728
4/1/2026,18:00,732.944
4/2/2026,0:00,206.16
4/2/2026,6:00,0
4/2/2026,12:00,59.2
4/2/2026,18:00,720.016
4/3/2026,0:00,197.984
4/3/2026,6:00,0
4/3/2026,12:00,58.24
4/3/2026,18:00,707.552
4/4/2026,0:00,193.216
4/4/2026,6:00,0
4/4/2026,12:00,56.78
4/4/2026,18:00,635.168
4/5/2026,0:00,188.08
4/5/2026,6:00,0
4/5/2026,12:00,43.7
4/5/2026,18:00,673.728
4/6/2026,0:00,157.472
4/6/2026,6:00,0
4/6/2026,12:00,44.752
4/6/2026,18:00,685.552
4/7/2026,0:00,72.432
4/7/2026,6:00,0
4/7/2026,12:00,14.816
4/7/2026,18:00,85.488
4/8/2026,0:00,140.32
4/8/2026,6:00,0
4/8/2026,12:00,16.992
4/8/2026,18:00,260.64
4/9/2026,0:00,32.752
4/9/2026,6:00,0
4/9/2026,12:00,11.04
4/9/2026,18:00,340.48
4/10/2026,0:00,160.144
4/10/2026,6:00,0
4/10/2026,12:00,55.76
4/10/2026,18:00,712.16
4/11/2026,0:00,186.64
4/11/2026,6:00,0
4/11/2026,12:00,55.504
4/11/2026,18:00,480.192
4/12/2026,0:00,10
4/12/2026,6:00,0
4/12/2026,12:00,1.488
4/12/2026,18:00,329.824
4/13/2026,0:00,81.376
4/13/2026,6:00,0
4/13/2026,12:00,12.32
4/13/2026,18:00,465.36
4/14/2026,0:00,160.928
4/14/2026,6:00,0
4/14/2026,12:00,32.56
4/14/2026,18:00,423.536
4/15/2026,0:00,104.512
4/15/2026,6:00,0
4/15/2026,12:00,29.568
4/15/2026,18:00,170.976
4/16/2026,0:00,29.52
4/16/2026,6:00,0
4/16/2026,12:00,1.904
4/16/2026,18:00,232.288
4/17/2026,0:00,68.432
4/17/2026,6:00,0
4/17/2026,12:00,33.872
4/17/2026,18:00,637.088
4/18/2026,0:00,156.992
4/18/2026,6:00,0
4/18/2026,12:00,49.104
4/18/2026,18:00,662.288
4/19/2026,0:00,161.84
4/19/2026,6:00,0
4/19/2026,12:00,48.832
4/19/2026,18:00,658.672
4/20/2026,0:00,159.008
4/20/2026,6:00,0
4/20/2026,12:00,20.048
4/20/2026,18:00,194.224
4/21/2026,0:00,10.016
4/21/2026,6:00,0
4/21/2026,12:00,12.384
4/21/2026,18:00,151.936
4/22/2026,0:00,42.608
4/22/2026,6:00,0
4/22/2026,12:00,42.608
4/22/2026,18:00,328.112
4/23/2026,0:00,124.24
4/23/2026,6:00,0
4/23/2026,12:00,8.608
4/23/2026,18:00,311.728
4/24/2026,0:00,9.424
4/24/2026,6:00,0
4/24/2026,12:00,11.072
4/24/2026,18:00,64.24
4/25/2026,0:00,10.656
4/25/2026,6:00,0
4/25/2026,12:00,29.856
4/25/2026,18:00,412.8
4/26/2026,0:00,41.168
4/26/2026,6:00,0
4/26/2026,12:00,41.424
4/26/2026,18:00,616.16
4/27/2026,0:00,142.464
4/27/2026,6:00,0
4/27/2026,12:00,45.648
4/27/2026,18:00,649.264
4/28/2026,0:00,149.488
4/28/2026,6:00,0
4/28/2026,12:00,44.272
4/28/2026,18:00,636.832
4/29/2026,0:00,144.544
4/29/2026,6:00,0
4/29/2026,12:00,42.432
4/29/2026,18:00,621.424
4/30/2026,0:00,139.824
4/30/2026,6:00,0
4/30/2026,12:00,41.344
4/30/2026,18:00,617.296
5/1/2026,0:00,138.896
5/1/2026,6:00,0
5/1/2026,12:00,21.104
5/1/2026,18:00,354.256
5/2/2026,0:00,102.08
5/2/2026,6:00,0
5/2/2026,12:00,37.328
5/2/2026,18:00,595.184
5/3/2026,0:00,135.104
5/3/2026,6:00,0
5/3/2026,12:00,41.824
5/3/2026,18:00,625.552
5/4/2026,0:00,137.792
5/4/2026,6:00,0
5/4/2026,12:00,36.32
5/4/2026,18:00,214.656
5/5/2026,0:00,75.792
5/5/2026,6:00,0
5/5/2026,12:00,34.624
5/5/2026,18:00,560.096
5/6/2026,0:00,120.992
5/6/2026,6:00,0
5/6/2026,12:00,23.904
5/6/2026,18:00,392.528
5/7/2026,0:00,80.56
5/7/2026,6:00,0
5/7/2026,12:00,15.488
5/7/2026,18:00,530.4
5/8/2026,0:00,80.368
5/8/2026,6:00,0
5/8/2026,12:00,27.088
5/8/2026,18:00,479.248
5/9/2026,0:00,99.456
5/9/2026,6:00,0
5/9/2026,12:00,30.256
5/9/2026,18:00,282.48
5/10/2026,0:00,23.024
5/10/2026,6:00,0
5/10/2026,12:00,34.896
5/10/2026,18:00,583.584
5/11/2026,0:00,123.152
5/11/2026,6:00,0
5/11/2026,12:00,35.424
5/11/2026,18:00,582.816
5/12/2026,0:00,122.56
5/12/2026,6:00,0
5/12/2026,12:00,34.416
5/12/2026,18:00,577.072
5/13/2026,0:00,121.44
5/13/2026,6:00,0
5/13/2026,12:00,33.856
5/13/2026,18:00,571.008
5/14/2026,0:00,119.344
5/14/2026,6:00,0
5/14/2026,12:00,32.4
5/14/2026,18:00,554.656
5/15/2026,0:00,105.712
5/15/2026,6:00,0
5/15/2026,12:00,31.232
5/15/2026,18:00,558.864
5/16/2026,0:00,115.248
5/16/2026,6:00,0
5/16/2026,12:00,29.824
5/16/2026,18:00,468.096
5/17/2026,0:00,107.696
5/17/2026,6:00,0
5/17/2026,12:00,6.464
5/17/2026,18:00,186
5/18/2026,0:00,16.624
5/18/2026,6:00,0
5/18/2026,12:00,29.456
5/18/2026,18:00,546.208
5/19/2026,0:00,112.32
5/19/2026,6:00,0
5/19/2026,12:00,30.464
5/19/2026,18:00,553.248
5/20/2026,0:00,113.024
5/20/2026,6:00,0
5/20/2026,12:00,29.904
5/20/2026,18:00,546.912
5/21/2026,0:00,111.056
5/21/2026,6:00,0
5/21/2026,12:00,28.576
5/21/2026,18:00,498.944
5/22/2026,0:00,91.92
5/22/2026,6:00,0
5/22/2026,12:00,23.088
5/22/2026,18:00,489.376
5/23/2026,0:00,93.024
5/23/2026,6:00,0
5/23/2026,12:00,27.216
5/23/2026,18:00,526.816
5/24/2026,0:00,92.976
5/24/2026,6:00,0
5/24/2026,12:00,20.208
5/24/2026,18:00,498.96
5/25/2026,0:00,104.784
5/25/2026,6:00,0
5/25/2026,12:00,2.96
5/25/2026,18:00,141.856
5/26/2026,0:00,6.816
5/26/2026,6:00,0
5/26/2026,12:00,24.048
5/26/2026,18:00,359.968
5/27/2026,0:00,49.52
5/27/2026,6:00,0
5/27/2026,12:00,25.44
5/27/2026,18:00,516.112
5/28/2026,0:00,102.688
5/28/2026,6:00,0
5/28/2026,12:00,24.704
5/28/2026,18:00,493.456
5/29/2026,0:00,66.624
5/29/2026,6:00,0
5/29/2026,12:00,6.208
5/29/2026,18:00,93.04
5/30/2026,0:00,22.128
5/30/2026,6:00,0
5/30/2026,12:00,8.432
5/30/2026,18:00,440.112
5/31/2026,0:00,72.832
5/31/2026,6:00,0
5/31/2026,12:00,17.76
5/31/2026,18:00,488.656
6/1/2026,0:00,101.584
6/1/2026,6:00,0
6/1/2026,12:00,23.584
6/1/2026,18:00,494.672
6/2/2026,0:00,65.392
6/2/2026,6:00,0
6/2/2026,12:00,22.72
6/2/2026,18:00,421.76
6/3/2026,0:00,69.248
6/3/2026,6:00,0
6/3/2026,12:00,21.9
6/3/2026,18:00,488.064
6/4/2026,0:00,96.272
6/4/2026,6:00,0
6/4/2026,12:00,21.136
6/4/2026,18:00,481.968
6/5/2026,0:00,74.784
6/5/2026,6:00,0
6/5/2026,12:00,13.54
6/5/2026,18:00,469.76
6/6/2026,0:00,79.6
6/6/2026,6:00,0
6/6/2026,12:00,13.056
6/6/2026,18:00,368.992
6/7/2026,0:00,60.848
6/7/2026,6:00,0
6/7/2026,12:00,19.472
6/7/2026,18:00,361.632
6/8/2026,0:00,35.744
6/8/2026,6:00,0
6/8/2026,12:00,4.464
6/8/2026,18:00,153.712
6/9/2026,0:00,20.64
6/9/2026,6:00,0
6/9/2026,12:00,4.64
6/9/2026,18:00,446.976
6/10/2026,0:00,37.12
6/10/2026,6:00,0
6/10/2026,12:00,18.944
6/10/2026,18:00,461.04
6/11/2026,0:00,91.872
6/11/2026,6:00,0
6/11/2026,12:00,1.408
6/11/2026,18:00,48.32
6/12/2026,0:00,2.464
6/12/2026,6:00,0
6/12/2026,12:00,11.92
6/12/2026,18:00,342.944
6/13/2026,0:00,56.96
6/13/2026,6:00,0
6/13/2026,12:00,18.848
6/13/2026,18:00,178.56
6/14/2026,0:00,23.296
6/14/2026,6:00,0
6/14/2026,12:00,14.704
6/14/2026,18:00,266.16
6/15/2026,0:00,30.624
6/15/2026,6:00,0
6/15/2026,12:00,19.872
6/15/2026,18:00,408.512
6/16/2026,0:00,71.232
6/16/2026,6:00,0
6/16/2026,12:00,19.68
6/16/2026,18:00,475.168
6/17/2026,0:00,97.216
6/17/2026,6:00,0
6/17/2026,12:00,14.88
6/17/2026,18:00,439.344
6/18/2026,0:00,96.56
6/18/2026,6:00,0
6/18/2026,12:00,12.064
6/18/2026,18:00,250
6/19/2026,0:00,42.112
6/19/2026,6:00,0
6/19/2026,12:00,0.8
6/19/2026,18:00,180.72
6/20/2026,0:00,17.68
6/20/2026,6:00,0
6/20/2026,12:00,19.216
6/20/2026,18:00,492.176
6/21/2026,0:00,97.392
6/21/2026,6:00,0
6/21/2026,12:00,12.896
6/21/2026,18:00,409.44
6/22/2026,0:00,57.84
6/22/2026,6:00,0
6/22/2026,12:00,4.78
6/22/2026,18:00,302.688
6/23/2026,0:00,73.904
6/23/2026,6:00,0
6/23/2026,12:00,18.624
6/23/2026,18:00,493.072
6/24/2026,0:00,101.312
6/24/2026,6:00,0
6/24/2026,12:00,18.336
6/24/2026,18:00,488.032
6/25/2026,0:00,100.096
6/25/2026,6:00,0
6/25/2026,12:00,10.52
6/25/2026,18:00,467.152
6/26/2026,0:00,99.488
6/26/2026,6:00,0
6/26/2026,12:00,18.816
6/26/2026,18:00,498.256
6/27/2026,0:00,104.064
6/27/2026,6:00,0
6/27/2026,12:00,17.392
6/27/2026,18:00,409.008
6/28/2026,0:00,43.968
6/28/2026,6:00,0
6/28/2026,12:00,2.16
6/28/2026,18:00,120.896
6/29/2026,0:00,96.976
6/29/2026,6:00,0
6/29/2026,12:00,18.368
6/29/2026,18:00,490.528
6/30/2026,0:00,103.152
6/30/2026,6:00,0
6/30/2026,12:00,16.48
6/30/2026,18:00,274.928
7/1/2026,0:00,14.8
7/1/2026,6:00,0
7/1/2026,12:00,16.8
7/1/2026,18:00,126.48
7/2/2026,0:00,9.184
7/2/2026,6:00,0
7/2/2026,12:00,1.36
7/2/2026,18:00,242.464
7/3/2026,0:00,47.696
7/3/2026,6:00,0
7/3/2026,12:00,19.552
7/3/2026,18:00,504.944
7/4/2026,0:00,106.832
7/4/2026,6:00,0
7/4/2026,12:00,17.44
7/4/2026,18:00,435.984
7/5/2026,0:00,82.864
7/5/2026,6:00,0
7/5/2026,12:00,16.576
7/5/2026,18:00,459.056
7/6/2026,0:00,28.832
7/6/2026,6:00,0
7/6/2026,12:00,14.56
7/6/2026,18:00,500.288
7/7/2026,0:00,109.408
7/7/2026,6:00,0
7/7/2026,12:00,19.392
7/7/2026,18:00,506.128
7/8/2026,0:00,109.376
7/8/2026,6:00,0
7/8/2026,12:00,19.088
7/8/2026,18:00,491.36
7/9/2026,0:00,109.024
7/9/2026,6:00,0
7/9/2026,12:00,16.384
7/9/2026,18:00,430
7/10/2026,0:00,72.176
7/10/2026,6:00,0
7/10/2026,12:00,10.368
7/10/2026,18:00,386.736
7/11/2026,0:00,55.952
7/11/2026,6:00,0
7/11/2026,12:00,11.22
7/11/2026,18:00,249.744
7/12/2026,0:00,25.552
7/12/2026,6:00,0
7/12/2026,12:00,17.952
7/12/2026,18:00,427.2
7/13/2026,0:00,108.432
7/13/2026,6:00,0
7/13/2026,12:00,19.536
7/13/2026,18:00,509.472
7/14/2026,0:00,114.064
7/14/2026,6:00,0
7/14/2026,12:00,20.288
7/14/2026,18:00,514.432
7/15/2026,0:00,112.768
7/15/2026,6:00,0
7/15/2026,12:00,20.048
7/15/2026,18:00,501.584
7/16/2026,0:00,110.928
7/16/2026,6:00,0
7/16/2026,12:00,15.072
7/16/2026,18:00,445.216
7/17/2026,0:00,107.712
7/17/2026,6:00,0
7/17/2026,12:00,14.72
7/17/2026,18:00,462.048
7/18/2026,0:00,107.824
7/18/2026,6:00,0
7/18/2026,12:00,14.24
7/18/2026,18:00,439.632
7/19/2026,0:00,43.2
7/19/2026,6:00,0
7/19/2026,12:00,10.272
7/19/2026,18:00,206.064
7/20/2026,0:00,15.84
7/20/2026,6:00,0
7/20/2026,12:00,0.72
7/20/2026,18:00,33.632
7/21/2026,0:00,11.952
7/21/2026,6:00,0
7/21/2026,12:00,12.24
7/21/2026,18:00,92.08
7/22/2026,0:00,9.744
7/22/2026,6:00,0
7/22/2026,12:00,2.192
7/22/2026,18:00,296.208
7/23/2026,0:00,73.104
7/23/2026,6:00,0
7/23/2026,12:00,5.776
7/23/2026,18:00,179.024
7/24/2026,0:00,36.592
7/24/2026,6:00,0
7/24/2026,12:00,16.336
7/24/2026,18:00,397.232
7/25/2026,0:00,79.456
7/25/2026,6:00,0
7/25/2026,12:00,21.664
7/25/2026,18:00,421.952
7/26/2026,0:00,19.792
7/26/2026,6:00,0
7/26/2026,12:00,2.592
7/26/2026,18:00,278.8
7/27/2026,0:00,64.08
7/27/2026,6:00,0
7/27/2026,12:00,12.48
7/27/2026,18:00,338.912
7/28/2026,0:00,87.568
7/28/2026,6:00,0
7/28/2026,12:00,21.328
7/28/2026,18:00,405.584
7/29/2026,0:00,86.928
7/29/2026,6:00,0
7/29/2026,12:00,9.568
7/29/2026,18:00,300.672
7/30/2026,0:00,54.816
7/30/2026,6:00,0
7/30/2026,12:00,11.76
7/30/2026,18:00,480.096
7/31/2026,0:00,122.816
7/31/2026,6:00,0
7/31/2026,12:00,24
7/31/2026,18:00,525.68
8/1/2026,0:00,125.216
8/1/2026,6:00,0
8/1/2026,12:00,20.928
