"Date","Time","Maximum temperature@Specified height above ground: 2 m"
6/13/2019,12:00,294.066
6/13/2019,18:00,299.515
6/14/2019,0:00,299.506
6/14/2019,6:00,295.1
6/14/2019,12:00,295.095
6/14/2019,18:00,298.6
6/15/2019,0:00,298.878
6/15/2019,6:00,294.7
6/15/2019,12:00,294.248
6/15/2019,18:00,299.534
6/16/2019,0:00,299.4
6/16/2019,6:00,294.781
6/16/2019,12:00,293.081
6/16/2019,18:00,297.996
6/17/2019,0:00,296.264
6/17/2019,6:00,294.1
6/17/2019,12:00,294.019
6/17/2019,18:00,298.819
6/18/2019,0:00,298.6
6/18/2019,6:00,294.4
6/18/2019,12:00,292.317
6/18/2019,18:00,294.275
6/19/2019,0:00,289.432
6/19/2019,6:00,286.346
6/19/2019,12:00,284.682
6/19/2019,18:00,289.818
6/20/2019,0:00,289.905
6/20/2019,6:00,283.445
6/20/2019,12:00,282.9
6/20/2019,18:00,289.9
6/21/2019,0:00,290.1
6/21/2019,6:00,284.005
6/21/2019,12:00,284.5
6/21/2019,18:00,295.31
6/22/2019,0:00,295.5
6/22/2019,6:00,291.585
6/22/2019,12:00,291.691
6/22/2019,18:00,298.504
6/23/2019,0:00,299.016
6/23/2019,6:00,293.331
6/23/2019,12:00,291.2
6/23/2019,18:00,297.786
6/24/2019,0:00,297.76
6/24/2019,6:00,292.461
6/24/2019,12:00,290.561
6/24/2019,18:00,297.042
6/25/2019,0:00,297.306
6/25/2019,6:00,293.214
6/25/2019,12:00,293.1
6/25/2019,18:00,292.412
6/26/2019,0:00,284.403
6/26/2019,6:00,281.4
6/26/2019,12:00,279.215
6/26/2019,18:00,285.238
6/27/2019,0:00,285.415
6/27/2019,6:00,279.4
6/27/2019,12:00,279.067
6/27/2019,18:00,290.885
6/28/2019,0:00,290.96
6/28/2019,6:00,288.646
6/28/2019,12:00,291.633
6/28/2019,18:00,295.5
6/29/2019,0:00,294.548
6/29/2019,6:00,294.019
6/29/2019,12:00,292.577
6/29/2019,18:00,298.83
6/30/2019,0:00,297.784
6/30/2019,6:00,294.282
6/30/2019,12:00,290.5
6/30/2019,18:00,290.328
7/1/2019,0:00,288.9
7/1/2019,6:00,286.1
7/1/2019,12:00,284
7/1/2019,18:00,286.5
7/2/2019,0:00,286.601
7/2/2019,6:00,281.502
7/2/2019,12:00,281.6
7/2/2019,18:00,289.001
7/3/2019,0:00,289.542
7/3/2019,6:00,284.9
7/3/2019,12:00,281.1
7/3/2019,18:00,285.033
7/4/2019,0:00,285.083
7/4/2019,6:00,278.919
7/4/2019,12:00,278.369
7/4/2019,18:00,285.425
7/5/2019,0:00,285.147
7/5/2019,6:00,279.051
7/5/2019,12:00,276.4
7/5/2019,18:00,282.212
7/6/2019,0:00,282.1
7/6/2019,6:00,277.9
7/6/2019,12:00,275.864
7/6/2019,18:00,282.652
7/7/2019,0:00,282.854
7/7/2019,6:00,276.782
7/7/2019,12:00,277
7/7/2019,18:00,284.652
7/8/2019,0:00,284.9
7/8/2019,6:00,278.615
7/8/2019,12:00,278.826
7/8/2019,18:00,288.938
7/9/2019,0:00,289.397
7/9/2019,6:00,282.492
7/9/2019,12:00,282.208
7/9/2019,18:00,291.2
7/10/2019,0:00,291.668
7/10/2019,6:00,286.2
7/10/2019,12:00,286.928
7/10/2019,18:00,289.9
7/11/2019,0:00,290.755
7/11/2019,6:00,290.322
7/11/2019,12:00,290.147
7/11/2019,18:00,294.585
7/12/2019,0:00,296.5
7/12/2019,6:00,290.515
7/12/2019,12:00,290.783
7/12/2019,18:00,292.7
7/13/2019,0:00,293.815
7/13/2019,6:00,290.876
7/13/2019,12:00,290.3
7/13/2019,18:00,290.8
7/14/2019,0:00,291.545
7/14/2019,6:00,288.185
7/14/2019,12:00,286.8
7/14/2019,18:00,290.1
7/15/2019,0:00,289.763
7/15/2019,6:00,283.932
7/15/2019,12:00,281.9
7/15/2019,18:00,289.701
7/16/2019,0:00,289.5
7/16/2019,6:00,283.4
7/16/2019,12:00,281.56
7/16/2019,18:00,287.447
7/17/2019,0:00,287.6
7/17/2019,6:00,281.351
7/17/2019,12:00,281.1
7/17/2019,18:00,290.3
7/18/2019,0:00,290.634
7/18/2019,6:00,283.5
7/18/2019,12:00,283.821
7/18/2019,18:00,292.287
7/19/2019,0:00,292.418
7/19/2019,6:00,288.035
7/19/2019,12:00,287.831
7/19/2019,18:00,293.859
7/20/2019,0:00,293.2
7/20/2019,6:00,289.755
7/20/2019,12:00,288.705
7/20/2019,18:00,296.415
7/21/2019,0:00,296.2
7/21/2019,6:00,292.7
7/21/2019,12:00,292.532
7/21/2019,18:00,298.8
7/22/2019,0:00,298.706
7/22/2019,6:00,294.5
7/22/2019,12:00,294.396
7/22/2019,18:00,296.197
7/23/2019,0:00,297.468
7/23/2019,6:00,292.437
7/23/2019,12:00,291.56
7/23/2019,18:00,291.516
7/24/2019,0:00,293.236
7/24/2019,6:00,291.652
7/24/2019,12:00,287.9
7/24/2019,18:00,286.862
7/25/2019,0:00,286.397
7/25/2019,6:00,286.557
7/25/2019,12:00,287.122
7/25/2019,18:00,287.822
7/26/2019,0:00,287.02
7/26/2019,6:00,285.6
7/26/2019,12:00,283.655
7/26/2019,18:00,285.379
7/27/2019,0:00,284.209
7/27/2019,6:00,283.738
7/27/2019,12:00,283.409
7/27/2019,18:00,288.3
7/28/2019,0:00,288.3
7/28/2019,6:00,285.43
7/28/2019,12:00,283.5
7/28/2019,18:00,287.5
7/29/2019,0:00,287.2
7/29/2019,6:00,284.3
7/29/2019,12:00,285.962
7/29/2019,18:00,288.22
7/30/2019,0:00,288.8
7/30/2019,6:00,287.8
7/30/2019,12:00,286.217
7/30/2019,18:00,291.4
7/31/2019,0:00,291.405
7/31/2019,6:00,285.7
7/31/2019,12:00,286.2
7/31/2019,18:00,294.841
8/1/2019,0:00,295.3
8/1/2019,6:00,290.819
8/1/2019,12:00,291.026
8/1/2019,18:00,293.047
8/2/2019,0:00,289.094
8/2/2019,6:00,284.804
8/2/2019,12:00,283.401
8/2/2019,18:00,286.4
8/3/2019,0:00,286.311
8/3/2019,6:00,280.347
8/3/2019,12:00,280.3
8/3/2019,18:00,286.8
8/4/2019,0:00,286.794
8/4/2019,6:00,280.5
8/4/2019,12:00,280.373
8/4/2019,18:00,287.3
8/5/2019,0:00,287.587
8/5/2019,6:00,280.7
8/5/2019,12:00,280.7
8/5/2019,18:00,290.459
8/6/2019,0:00,290.9
8/6/2019,6:00,284.454
8/6/2019,12:00,286.9
8/6/2019,18:00,294.705
8/7/2019,0:00,295.373
8/7/2019,6:00,289.713
8/7/2019,12:00,290.205
8/7/2019,18:00,297.927
8/8/2019,0:00,296.456
8/8/2019,6:00,292.584
8/8/2019,12:00,292.911
8/8/2019,18:00,296.919
8/9/2019,0:00,295.892
8/9/2019,6:00,291.808
8/9/2019,12:00,291.411
8/9/2019,18:00,292.4
8/10/2019,0:00,290.422
8/10/2019,6:00,285.908
8/10/2019,12:00,284.4
8/10/2019,18:00,286.2
8/11/2019,0:00,286.5
8/11/2019,6:00,285.573
8/11/2019,12:00,283.4
8/11/2019,18:00,291.442
8/12/2019,0:00,290.414
8/12/2019,6:00,287.458
8/12/2019,12:00,287.51
8/12/2019,18:00,289.403
8/13/2019,0:00,288.596
8/13/2019,6:00,285.249
8/13/2019,12:00,280
8/13/2019,18:00,284.6
8/14/2019,0:00,284.2
8/14/2019,6:00,278.2
8/14/2019,12:00,277.5
8/14/2019,18:00,285.021
8/15/2019,0:00,285.2
8/15/2019,6:00,280.207
8/15/2019,12:00,281.056
8/15/2019,18:00,291.299
8/16/2019,0:00,291.4
8/16/2019,6:00,286.8
8/16/2019,12:00,289.003
8/16/2019,18:00,297.7
8/17/2019,0:00,298.524
8/17/2019,6:00,292.519
8/17/2019,12:00,291.961
8/17/2019,18:00,298.979
8/18/2019,0:00,298.8
8/18/2019,6:00,292.9
8/18/2019,12:00,285.939
8/18/2019,18:00,289.695
8/19/2019,0:00,289.606
8/19/2019,6:00,283.419
8/19/2019,12:00,279.939
8/19/2019,18:00,285.46
8/20/2019,0:00,285.8
8/20/2019,6:00,280
8/20/2019,12:00,280.786
8/20/2019,18:00,287.927
8/21/2019,0:00,287.926
8/21/2019,6:00,281.243
8/21/2019,12:00,280.6
8/21/2019,18:00,288.4
8/22/2019,0:00,288.506
8/22/2019,6:00,282.725
8/22/2019,12:00,282.338
8/22/2019,18:00,290.591
8/23/2019,0:00,290.5
8/23/2019,6:00,283.5
8/23/2019,12:00,283.5
8/23/2019,18:00,290.667
8/24/2019,0:00,290.782
8/24/2019,6:00,284
8/24/2019,12:00,283.367
8/24/2019,18:00,290.838
8/25/2019,0:00,291.3
8/25/2019,6:00,286.6
8/25/2019,12:00,286.6
8/25/2019,18:00,296.8
8/26/2019,0:00,297.1
8/26/2019,6:00,290.5
8/26/2019,12:00,288.401
8/26/2019,18:00,294.032
8/27/2019,0:00,294.035
8/27/2019,6:00,289.107
8/27/2019,12:00,289.5
8/27/2019,18:00,296.819
8/28/2019,0:00,296.7
8/28/2019,6:00,289.607
8/28/2019,12:00,290.7
8/28/2019,18:00,299.5
8/29/2019,0:00,299.8
8/29/2019,6:00,292.282
8/29/2019,12:00,293.1
8/29/2019,18:00,300.954
8/30/2019,0:00,301.291
8/30/2019,6:00,294.4
8/30/2019,12:00,293.566
8/30/2019,18:00,298.7
8/31/2019,0:00,297.221
8/31/2019,6:00,289.6
8/31/2019,12:00,287.912
8/31/2019,18:00,291.583
9/1/2019,0:00,291.2
9/1/2019,6:00,284.517
9/1/2019,12:00,284.817
9/1/2019,18:00,290.7
9/2/2019,0:00,290.429
9/2/2019,6:00,283.7
9/2/2019,12:00,284.001
9/2/2019,18:00,291.121
9/3/2019,0:00,291.306
9/3/2019,6:00,284.9
9/3/2019,12:00,282.266
9/3/2019,18:00,288.722
9/4/2019,0:00,289.2
9/4/2019,6:00,281.531
9/4/2019,12:00,280.749
9/4/2019,18:00,287.1
9/5/2019,0:00,287.209
9/5/2019,6:00,280.812
9/5/2019,12:00,280.812
9/5/2019,18:00,287.6
9/6/2019,0:00,287.751
9/6/2019,6:00,282.9
9/6/2019,12:00,283.7
9/6/2019,18:00,288.5
9/7/2019,0:00,291.056
9/7/2019,6:00,288.895
9/7/2019,12:00,291.975
9/7/2019,18:00,298.2
9/8/2019,0:00,298.832
9/8/2019,6:00,294.4
9/8/2019,12:00,293.818
9/8/2019,18:00,297.232
9/9/2019,0:00,297.858
9/9/2019,6:00,294.315
9/9/2019,12:00,295.539
9/9/2019,18:00,302.1
9/10/2019,0:00,291.325
9/10/2019,6:00,289.86
9/10/2019,12:00,288.681
9/10/2019,18:00,290.5
9/11/2019,0:00,289.858
9/11/2019,6:00,288.015
9/11/2019,12:00,287.557
9/11/2019,18:00,290.8
9/12/2019,0:00,290.102
9/12/2019,6:00,288.1
9/12/2019,12:00,288.9
9/12/2019,18:00,291.575
9/13/2019,0:00,290.422
9/13/2019,6:00,285.3
9/13/2019,12:00,286.138
9/13/2019,18:00,292.8
9/14/2019,0:00,293
9/14/2019,6:00,287.354
9/14/2019,12:00,286.9
9/14/2019,18:00,295.552
9/15/2019,0:00,295.61
9/15/2019,6:00,290.2
9/15/2019,12:00,293.5
9/15/2019,18:00,302.9
9/16/2019,0:00,303.6
9/16/2019,6:00,296.9
9/16/2019,12:00,297.2
9/16/2019,18:00,298
9/17/2019,0:00,297.989
9/17/2019,6:00,287.494
9/17/2019,12:00,286.507
9/17/2019,18:00,291.098
9/18/2019,0:00,289.3
9/18/2019,6:00,286.901
9/18/2019,12:00,287.4
9/18/2019,18:00,293.9
9/19/2019,0:00,294.3
9/19/2019,6:00,286.72
9/19/2019,12:00,288.4
9/19/2019,18:00,296.5
9/20/2019,0:00,296.9
9/20/2019,6:00,289.574
9/20/2019,12:00,285.7
9/20/2019,18:00,290.016
9/21/2019,0:00,290.006
9/21/2019,6:00,283.073
9/21/2019,12:00,284.6
9/21/2019,18:00,292.127
9/22/2019,0:00,292.1
9/22/2019,6:00,284.431
9/22/2019,12:00,287
9/22/2019,18:00,293.821
9/23/2019,0:00,293.9
9/23/2019,6:00,284.8
9/23/2019,12:00,283.5
9/23/2019,18:00,292.614
9/24/2019,0:00,292.722
9/24/2019,6:00,285.5
9/24/2019,12:00,286.6
9/24/2019,18:00,296.9
9/25/2019,0:00,297.003
9/25/2019,6:00,288
9/25/2019,12:00,289.1
9/25/2019,18:00,297.155
9/26/2019,0:00,297.3
9/26/2019,6:00,289.072
9/26/2019,12:00,290.695
9/26/2019,18:00,298.092
9/27/2019,0:00,298.3
9/27/2019,6:00,289.949
9/27/2019,12:00,288.877
9/27/2019,18:00,294.5
9/28/2019,0:00,294.3
9/28/2019,6:00,288.401
9/28/2019,12:00,288
9/28/2019,18:00,297.6
9/29/2019,0:00,298.205
9/29/2019,6:00,290
9/29/2019,12:00,291.22
9/29/2019,18:00,300.831
9/30/2019,0:00,300.848
9/30/2019,6:00,291.3
9/30/2019,12:00,295.3
9/30/2019,18:00,304.101
10/1/2019,0:00,305.001
10/1/2019,6:00,297.3
10/1/2019,12:00,298.327
10/1/2019,18:00,306.755
10/2/2019,0:00,307.3
10/2/2019,6:00,303.568
10/2/2019,12:00,294.838
10/2/2019,18:00,293.9
10/3/2019,0:00,292.053
10/3/2019,6:00,291.662
10/3/2019,12:00,289.492
10/3/2019,18:00,290.6
10/4/2019,0:00,290.155
10/4/2019,6:00,289.625
10/4/2019,12:00,290.704
10/4/2019,18:00,294.604
10/5/2019,0:00,295.819
10/5/2019,6:00,291.056
10/5/2019,12:00,290.069
10/5/2019,18:00,290.6
10/6/2019,0:00,291.521
10/6/2019,6:00,288.625
10/6/2019,12:00,287.719
10/6/2019,18:00,293.381
10/7/2019,0:00,293.565
10/7/2019,6:00,287.29
10/7/2019,12:00,289.737
10/7/2019,18:00,296.816
10/8/2019,0:00,297.278
10/8/2019,6:00,289.2
10/8/2019,12:00,292.344
10/8/2019,18:00,298.577
10/9/2019,0:00,298.972
10/9/2019,6:00,291.592
10/9/2019,12:00,293.524
10/9/2019,18:00,299.448
10/10/2019,0:00,299.71
10/10/2019,6:00,292.19
10/10/2019,12:00,294.6
10/10/2019,18:00,303.041
10/11/2019,0:00,303.196
10/11/2019,6:00,295.931
10/11/2019,12:00,298.222
10/11/2019,18:00,304.809
10/12/2019,0:00,305.174
10/12/2019,6:00,298.3
10/12/2019,12:00,298.221
10/12/2019,18:00,306.8
10/13/2019,0:00,307.3
10/13/2019,6:00,300.691
10/13/2019,12:00,299.99
10/13/2019,18:00,303.077
10/14/2019,0:00,302.426
10/14/2019,6:00,292.795
10/14/2019,12:00,289.551
10/14/2019,18:00,286.8
10/15/2019,0:00,285.479
10/15/2019,6:00,285.75
10/15/2019,12:00,286.357
10/15/2019,18:00,288.2
10/16/2019,0:00,289.448
10/16/2019,6:00,287.628
10/16/2019,12:00,288.853
10/16/2019,18:00,292.6
10/17/2019,0:00,291.639
10/17/2019,6:00,290.525
10/17/2019,12:00,293.166
10/17/2019,18:00,294.78
10/18/2019,0:00,294.656
10/18/2019,6:00,290.385
10/18/2019,12:00,292.071
10/18/2019,18:00,295.37
10/19/2019,0:00,295.301
10/19/2019,6:00,290.916
10/19/2019,12:00,289.53
10/19/2019,18:00,294.301
10/20/2019,0:00,294.283
10/20/2019,6:00,288.555
10/20/2019,12:00,287.662
10/20/2019,18:00,292.573
10/21/2019,0:00,291.183
10/21/2019,6:00,288.691
10/21/2019,12:00,288.731
10/21/2019,18:00,292.034
10/22/2019,0:00,292.318
10/22/2019,6:00,286.912
10/22/2019,12:00,288.235
10/22/2019,18:00,294.945
10/23/2019,0:00,295.166
10/23/2019,6:00,287.872
10/23/2019,12:00,291.347
10/23/2019,18:00,297.102
10/24/2019,0:00,297.47
10/24/2019,6:00,290.025
10/24/2019,12:00,292.837
10/24/2019,18:00,297.996
10/25/2019,0:00,298.155
10/25/2019,6:00,290.407
10/25/2019,12:00,291.082
10/25/2019,18:00,297.409
10/26/2019,0:00,297.721
10/26/2019,6:00,289.556
10/26/2019,12:00,292.01
10/26/2019,18:00,302.261
10/27/2019,0:00,302.684
10/27/2019,6:00,295.805
10/27/2019,12:00,296.347
10/27/2019,18:00,295.024
10/28/2019,0:00,295.446
10/28/2019,6:00,292.38
10/28/2019,12:00,298.03
10/28/2019,18:00,306.277
10/29/2019,0:00,307.362
10/29/2019,6:00,299.945
10/29/2019,12:00,299.86
10/29/2019,18:00,305.389
10/30/2019,0:00,305.697
10/30/2019,6:00,295.886
10/30/2019,12:00,297.181
10/30/2019,18:00,308.13
10/31/2019,0:00,307.522
10/31/2019,6:00,298.023
10/31/2019,12:00,292.11
10/31/2019,18:00,296.966
11/1/2019,0:00,298.054
11/1/2019,6:00,293.468
11/1/2019,12:00,294.963
11/1/2019,18:00,304.451
11/2/2019,0:00,304.147
11/2/2019,6:00,296.82
11/2/2019,12:00,299.871
11/2/2019,18:00,306.253
11/3/2019,0:00,304.553
11/3/2019,6:00,293.186
11/3/2019,12:00,294.573
11/3/2019,18:00,296.841
11/4/2019,0:00,296.934
11/4/2019,6:00,292.87
11/4/2019,12:00,295.452
11/4/2019,18:00,298.504
11/5/2019,0:00,298.12
11/5/2019,6:00,292.525
11/5/2019,12:00,291.992
11/5/2019,18:00,297.112
11/6/2019,0:00,297.112
11/6/2019,6:00,291.471
11/6/2019,12:00,291.77
11/6/2019,18:00,297.883
11/7/2019,0:00,297.698
11/7/2019,6:00,291.512
11/7/2019,12:00,292.757
11/7/2019,18:00,300.13
11/8/2019,0:00,300.843
11/8/2019,6:00,292.454
11/8/2019,12:00,296.42
11/8/2019,18:00,301.294
11/9/2019,0:00,301.226
11/9/2019,6:00,294.486
11/9/2019,12:00,295.39
11/9/2019,18:00,301.293
11/10/2019,0:00,301.867
11/10/2019,6:00,295.158
11/10/2019,12:00,294.814
11/10/2019,18:00,300.326
11/11/2019,0:00,300.528
11/11/2019,6:00,294.03
11/11/2019,12:00,293.2
11/11/2019,18:00,299.071
11/12/2019,0:00,298.655
11/12/2019,6:00,294.575
11/12/2019,12:00,295.548
11/12/2019,18:00,302.198
11/13/2019,0:00,304.301
11/13/2019,6:00,297.284
11/13/2019,12:00,297.947
11/13/2019,18:00,298.86
11/14/2019,0:00,294.246
11/14/2019,6:00,291.868
11/14/2019,12:00,296.57
11/14/2019,18:00,302.185
11/15/2019,0:00,302.244
11/15/2019,6:00,293.804
11/15/2019,12:00,292.42
11/15/2019,18:00,298.351
11/16/2019,0:00,298.51
11/16/2019,6:00,289.848
11/16/2019,12:00,293.224
11/16/2019,18:00,299.916
11/17/2019,0:00,300.041
11/17/2019,6:00,291.951
11/17/2019,12:00,295.275
11/17/2019,18:00,300.717
11/18/2019,0:00,300.787
11/18/2019,6:00,292.766
11/18/2019,12:00,295.099
11/18/2019,18:00,302.921
11/19/2019,0:00,303.151
11/19/2019,6:00,296.002
11/19/2019,12:00,297.92
11/19/2019,18:00,304.66
11/20/2019,0:00,304.6
11/20/2019,6:00,296.78
11/20/2019,12:00,299.612
11/20/2019,18:00,306.662
11/21/2019,0:00,306.731
11/21/2019,6:00,299.031
11/21/2019,12:00,300.797
11/21/2019,18:00,307.144
11/22/2019,0:00,307.268
11/22/2019,6:00,297.581
11/22/2019,12:00,297.41
11/22/2019,18:00,299.891
11/23/2019,0:00,299.039
11/23/2019,6:00,293.74
11/23/2019,12:00,293.276
11/23/2019,18:00,298.327
11/24/2019,0:00,298.247
11/24/2019,6:00,291.498
11/24/2019,12:00,291.154
11/24/2019,18:00,297.632
11/25/2019,0:00,297.645
11/25/2019,6:00,291.944
11/25/2019,12:00,293.865
11/25/2019,18:00,304.841
11/26/2019,0:00,304.638
11/26/2019,6:00,297.341
11/26/2019,12:00,291.777
11/26/2019,18:00,292.841
11/27/2019,0:00,295.605
11/27/2019,6:00,293.104
11/27/2019,12:00,294.677
11/27/2019,18:00,298.592
11/28/2019,0:00,298.861
11/28/2019,6:00,291.467
11/28/2019,12:00,294.129
11/28/2019,18:00,299.141
11/29/2019,0:00,298.884
11/29/2019,6:00,290.762
11/29/2019,12:00,294.249
11/29/2019,18:00,304.003
11/30/2019,0:00,304.485
11/30/2019,6:00,297.114
11/30/2019,12:00,299.759
11/30/2019,18:00,305.845
12/1/2019,0:00,304.256
12/1/2019,6:00,297.378
12/1/2019,12:00,295.249
12/1/2019,18:00,299.521
12/2/2019,0:00,298.945
12/2/2019,6:00,290.923
12/2/2019,12:00,291.413
12/2/2019,18:00,296.847
12/3/2019,0:00,296.614
12/3/2019,6:00,290.143
12/3/2019,12:00,292.771
12/3/2019,18:00,300.83
12/4/2019,0:00,301.764
12/4/2019,6:00,293.583
12/4/2019,12:00,295.357
12/4/2019,18:00,303.072
12/5/2019,0:00,303.471
12/5/2019,6:00,294.575
12/5/2019,12:00,293.61
12/5/2019,18:00,298.7
12/6/2019,0:00,298.289
12/6/2019,6:00,289.611
12/6/2019,12:00,294.106
12/6/2019,18:00,301.444
12/7/2019,0:00,301.819
12/7/2019,6:00,292.596
12/7/2019,12:00,296.134
12/7/2019,18:00,303.134
12/8/2019,0:00,302.939
12/8/2019,6:00,294.448
12/8/2019,12:00,296.292
12/8/2019,18:00,303.473
12/9/2019,0:00,303.895
12/9/2019,6:00,297.02
12/9/2019,12:00,299.308
12/9/2019,18:00,305.355
12/10/2019,0:00,305.516
12/10/2019,6:00,296.556
12/10/2019,12:00,300.005
12/10/2019,18:00,306.519
12/11/2019,0:00,306.24
12/11/2019,6:00,297.203
12/11/2019,12:00,301.346
12/11/2019,18:00,307.326
12/12/2019,0:00,307.607
12/12/2019,6:00,299.149
12/12/2019,12:00,302.165
12/12/2019,18:00,304.745
12/13/2019,0:00,303.319
12/13/2019,6:00,295.899
12/13/2019,12:00,293.898
12/13/2019,18:00,301.141
12/14/2019,0:00,301.201
12/14/2019,6:00,292.96
12/14/2019,12:00,293.872
12/14/2019,18:00,303.77
12/15/2019,0:00,302.29
12/15/2019,6:00,296.052
12/15/2019,12:00,301.156
12/15/2019,18:00,304.612
12/16/2019,0:00,297.051
12/16/2019,6:00,292.033
12/16/2019,12:00,294.878
12/16/2019,18:00,302.13
12/17/2019,0:00,302.093
12/17/2019,6:00,293.506
12/17/2019,12:00,296.696
12/17/2019,18:00,302.535
12/18/2019,0:00,302.619
12/18/2019,6:00,294.096
12/18/2019,12:00,295.934
12/18/2019,18:00,303.364
12/19/2019,0:00,303.064
12/19/2019,6:00,295.247
12/19/2019,12:00,299.587
12/19/2019,18:00,306.66
12/20/2019,0:00,307.071
12/20/2019,6:00,298.392
12/20/2019,12:00,301.496
12/20/2019,18:00,308.353
12/21/2019,0:00,307.335
12/21/2019,6:00,302.246
12/21/2019,12:00,295.737
12/21/2019,18:00,301.621
12/22/2019,0:00,300.136
12/22/2019,6:00,291.185
12/22/2019,12:00,293.311
12/22/2019,18:00,300.558
12/23/2019,0:00,300.488
12/23/2019,6:00,291.077
12/23/2019,12:00,294.054
12/23/2019,18:00,302.672
12/24/2019,0:00,303.401
12/24/2019,6:00,293.364
12/24/2019,12:00,297.004
12/24/2019,18:00,305.909
12/25/2019,0:00,306.613
12/25/2019,6:00,296.338
12/25/2019,12:00,300.021
12/25/2019,18:00,309.459
12/26/2019,0:00,310.235
12/26/2019,6:00,301.044
12/26/2019,12:00,302.895
12/26/2019,18:00,311.102
12/27/2019,0:00,305.045
12/27/2019,6:00,296.289
12/27/2019,12:00,304.155
12/27/2019,18:00,311.905
12/28/2019,0:00,311.575
12/28/2019,6:00,302.471
12/28/2019,12:00,304.971
12/28/2019,18:00,311.403
12/29/2019,0:00,311.918
12/29/2019,6:00,303.377
12/29/2019,12:00,304.772
12/29/2019,18:00,311.666
12/30/2019,0:00,311.228
12/30/2019,6:00,302.262
12/30/2019,12:00,304.412
12/30/2019,18:00,313.468
12/31/2019,0:00,312.868
12/31/2019,6:00,304.191
12/31/2019,12:00,305.902
12/31/2019,18:00,311.51
1/1/2020,0:00,309.748
1/1/2020,6:00,301.07
1/1/2020,12:00,298.998
1/1/2020,18:00,303.892
1/2/2020,0:00,302.385
1/2/2020,6:00,297.919
1/2/2020,12:00,297.136
1/2/2020,18:00,305.235
1/3/2020,0:00,304.793
1/3/2020,6:00,297.499
1/3/2020,12:00,296.672
1/3/2020,18:00,305.773
1/4/2020,0:00,305.029
1/4/2020,6:00,296.164
1/4/2020,12:00,296.29
1/4/2020,18:00,306.315
1/5/2020,0:00,305.952
1/5/2020,6:00,297.629
1/5/2020,12:00,299.685
1/5/2020,18:00,308.86
1/6/2020,0:00,307.561
1/6/2020,6:00,300.105
1/6/2020,12:00,303.485
1/6/2020,18:00,311.229
1/7/2020,0:00,310.542
1/7/2020,6:00,298.999
1/7/2020,12:00,298.68
1/7/2020,18:00,307.353
1/8/2020,0:00,307.399
1/8/2020,6:00,295.941
1/8/2020,12:00,299.276
1/8/2020,18:00,309.472
1/9/2020,0:00,310.198
1/9/2020,6:00,298.854
1/9/2020,12:00,304.462
1/9/2020,18:00,309.434
1/10/2020,0:00,308.638
1/10/2020,6:00,301.119
1/10/2020,12:00,302.278
1/10/2020,18:00,310.256
1/11/2020,0:00,310.333
1/11/2020,6:00,298.297
1/11/2020,12:00,300.77
1/11/2020,18:00,310.303
1/12/2020,0:00,309.755
1/12/2020,6:00,300.772
1/12/2020,12:00,302.45
1/12/2020,18:00,310.166
1/13/2020,0:00,310.216
1/13/2020,6:00,302.092
1/13/2020,12:00,300.993
1/13/2020,18:00,311.596
1/14/2020,0:00,311.412
1/14/2020,6:00,302.691
1/14/2020,12:00,300.573
1/14/2020,18:00,309.866
1/15/2020,0:00,309.392
1/15/2020,6:00,300.559
1/15/2020,12:00,303.17
1/15/2020,18:00,311.411
1/16/2020,0:00,311.647
1/16/2020,6:00,295.939
1/16/2020,12:00,295.573
1/16/2020,18:00,301.648
1/17/2020,0:00,301.855
1/17/2020,6:00,294.158
1/17/2020,12:00,293.724
1/17/2020,18:00,301.624
1/18/2020,0:00,301.404
1/18/2020,6:00,294.314
1/18/2020,12:00,295.091
1/18/2020,18:00,306.901
1/19/2020,0:00,307.43
1/19/2020,6:00,299.62
1/19/2020,12:00,297.166
1/19/2020,18:00,309.033
1/20/2020,0:00,308.21
1/20/2020,6:00,301.924
1/20/2020,12:00,300.9
1/20/2020,18:00,304.267
1/21/2020,0:00,303.269
1/21/2020,6:00,298.395
1/21/2020,12:00,297.652
1/21/2020,18:00,298.468
1/22/2020,0:00,295.436
1/22/2020,6:00,294.977
1/22/2020,12:00,294.773
1/22/2020,18:00,299.122
1/23/2020,0:00,297.419
1/23/2020,6:00,291.997
1/23/2020,12:00,295.358
1/23/2020,18:00,303.524
1/24/2020,0:00,303.854
1/24/2020,6:00,296.576
1/24/2020,12:00,295.47
1/24/2020,18:00,303.837
1/25/2020,0:00,304.287
1/25/2020,6:00,296.238
1/25/2020,12:00,297.885
1/25/2020,18:00,305.706
1/26/2020,0:00,306.456
1/26/2020,6:00,297.248
1/26/2020,12:00,299.137
1/26/2020,18:00,308.845
1/27/2020,0:00,309.42
1/27/2020,6:00,299.85
1/27/2020,12:00,300.714
1/27/2020,18:00,309.379
1/28/2020,0:00,309.344
1/28/2020,6:00,300.292
1/28/2020,12:00,296.405
1/28/2020,18:00,306.317
1/29/2020,0:00,306.692
1/29/2020,6:00,300.254
1/29/2020,12:00,299.99
1/29/2020,18:00,308.142
1/30/2020,0:00,305.259
1/30/2020,6:00,299.056
1/30/2020,12:00,296.72
1/30/2020,18:00,303.809
1/31/2020,0:00,301.845
1/31/2020,6:00,296.523
1/31/2020,12:00,296.635
1/31/2020,18:00,303.223
2/1/2020,0:00,305.402
2/1/2020,6:00,296.788
2/1/2020,12:00,298.73
2/1/2020,18:00,306.819
2/2/2020,0:00,306.918
2/2/2020,6:00,298.721
2/2/2020,12:00,299.97
2/2/2020,18:00,309.097
2/3/2020,0:00,309.887
2/3/2020,6:00,299.836
2/3/2020,12:00,299.499
2/3/2020,18:00,308.73
2/4/2020,0:00,309.134
2/4/2020,6:00,301.664
2/4/2020,12:00,300.676
2/4/2020,18:00,309.978
2/5/2020,0:00,308.621
2/5/2020,6:00,303.482
2/5/2020,12:00,302.054
2/5/2020,18:00,309.173
2/6/2020,0:00,309.691
2/6/2020,6:00,303.021
2/6/2020,12:00,302.279
2/6/2020,18:00,310.345
2/7/2020,0:00,310.201
2/7/2020,6:00,302.724
2/7/2020,12:00,302.358
2/7/2020,18:00,312.735
2/8/2020,0:00,313.512
2/8/2020,6:00,304.781
2/8/2020,12:00,303.162
2/8/2020,18:00,312.077
2/9/2020,0:00,311.949
2/9/2020,6:00,300.738
2/9/2020,12:00,296.719
2/9/2020,18:00,307.704
2/10/2020,0:00,308
2/10/2020,6:00,298.823
2/10/2020,12:00,295.045
2/10/2020,18:00,305.257
2/11/2020,0:00,305.858
2/11/2020,6:00,295.962
2/11/2020,12:00,295.637
2/11/2020,18:00,305.926
2/12/2020,0:00,306.392
2/12/2020,6:00,296.201
2/12/2020,12:00,296.031
2/12/2020,18:00,307.27
2/13/2020,0:00,307.784
2/13/2020,6:00,299.133
2/13/2020,12:00,298.892
2/13/2020,18:00,308.394
2/14/2020,0:00,309.331
2/14/2020,6:00,301.18
2/14/2020,12:00,302.511
2/14/2020,18:00,302.611
2/15/2020,0:00,298.935
2/15/2020,6:00,294.847
2/15/2020,12:00,298.89
2/15/2020,18:00,306.751
2/16/2020,0:00,308.25
2/16/2020,6:00,298.502
2/16/2020,12:00,301.048
2/16/2020,18:00,310.076
2/17/2020,0:00,309.595
2/17/2020,6:00,299.415
2/17/2020,12:00,298.521
2/17/2020,18:00,304.349
2/18/2020,0:00,304.887
2/18/2020,6:00,301.216
2/18/2020,12:00,299.166
2/18/2020,18:00,302.615
2/19/2020,0:00,302.368
2/19/2020,6:00,296
2/19/2020,12:00,294.14
2/19/2020,18:00,301.923
2/20/2020,0:00,302.525
2/20/2020,6:00,294.972
2/20/2020,12:00,297.201
2/20/2020,18:00,303.513
2/21/2020,0:00,302.917
2/21/2020,6:00,292.217
2/21/2020,12:00,291.687
2/21/2020,18:00,297.331
2/22/2020,0:00,297.355
2/22/2020,6:00,289.953
2/22/2020,12:00,288.807
2/22/2020,18:00,297.936
2/23/2020,0:00,298.205
2/23/2020,6:00,289.645
2/23/2020,12:00,291.979
2/23/2020,18:00,301.852
2/24/2020,0:00,302.607
2/24/2020,6:00,293.633
2/24/2020,12:00,294.798
2/24/2020,18:00,305.836
2/25/2020,0:00,305.133
2/25/2020,6:00,296.342
2/25/2020,12:00,297.439
2/25/2020,18:00,307.177
2/26/2020,0:00,303.526
2/26/2020,6:00,295.794
2/26/2020,12:00,293.327
2/26/2020,18:00,302.688
2/27/2020,0:00,302.913
2/27/2020,6:00,293.55
2/27/2020,12:00,294.21
2/27/2020,18:00,303.107
2/28/2020,0:00,303.521
2/28/2020,6:00,294.608
2/28/2020,12:00,296.692
2/28/2020,18:00,304.992
2/29/2020,0:00,305.382
2/29/2020,6:00,296.186
2/29/2020,12:00,296.934
2/29/2020,18:00,306.884
3/1/2020,0:00,307.141
3/1/2020,6:00,297.298
3/1/2020,12:00,297.718
3/1/2020,18:00,307.803
3/2/2020,0:00,308.144
3/2/2020,6:00,296.981
3/2/2020,12:00,295.687
3/2/2020,18:00,306.918
3/3/2020,0:00,307.457
3/3/2020,6:00,297.537
3/3/2020,12:00,296.304
3/3/2020,18:00,306.881
3/4/2020,0:00,307.726
3/4/2020,6:00,298.056
3/4/2020,12:00,297.032
3/4/2020,18:00,307.115
3/5/2020,0:00,307.335
3/5/2020,6:00,296.974
3/5/2020,12:00,294.911
3/5/2020,18:00,305.73
3/6/2020,0:00,306.025
3/6/2020,6:00,295.321
3/6/2020,12:00,294.701
3/6/2020,18:00,306.7
3/7/2020,0:00,307.524
3/7/2020,6:00,300.056
3/7/2020,12:00,296.4
3/7/2020,18:00,308.7
3/8/2020,0:00,308.852
3/8/2020,6:00,297.92
3/8/2020,12:00,299.444
3/8/2020,18:00,309.886
3/9/2020,0:00,310.094
3/9/2020,6:00,300.373
3/9/2020,12:00,301.5
3/9/2020,18:00,311.907
3/10/2020,0:00,311.9
3/10/2020,6:00,301.1
3/10/2020,12:00,301.23
3/10/2020,18:00,311.4
3/11/2020,0:00,311.868
3/11/2020,6:00,301.633
3/11/2020,12:00,298.377
3/11/2020,18:00,311.6
3/12/2020,0:00,312.079
3/12/2020,6:00,301.834
3/12/2020,12:00,302.9
3/12/2020,18:00,312.126
3/13/2020,0:00,312.525
3/13/2020,6:00,302.446
3/13/2020,12:00,303.45
3/13/2020,18:00,313.4
3/14/2020,0:00,313.4
3/14/2020,6:00,303.6
3/14/2020,12:00,304.312
3/14/2020,18:00,313.101
3/15/2020,0:00,311.4
3/15/2020,6:00,302.851
3/15/2020,12:00,297.903
3/15/2020,18:00,301.4
3/16/2020,0:00,297.7
3/16/2020,6:00,295.5
3/16/2020,12:00,295.8
3/16/2020,18:00,304.356
3/17/2020,0:00,304.042
3/17/2020,6:00,298.759
3/17/2020,12:00,295.1
3/17/2020,18:00,306.089
3/18/2020,0:00,307.119
3/18/2020,6:00,299.499
3/18/2020,12:00,296.41
3/18/2020,18:00,302.6
3/19/2020,0:00,303.8
3/19/2020,6:00,297.105
3/19/2020,12:00,295.7
3/19/2020,18:00,303.3
3/20/2020,0:00,302.5
3/20/2020,6:00,293.3
3/20/2020,12:00,292.8
3/20/2020,18:00,301.8
3/21/2020,0:00,301.85
3/21/2020,6:00,292.722
3/21/2020,12:00,294
3/21/2020,18:00,303.536
3/22/2020,0:00,303.832
3/22/2020,6:00,295
3/22/2020,12:00,295.406
3/22/2020,18:00,305.846
3/23/2020,0:00,306.2
3/23/2020,6:00,295.419
3/23/2020,12:00,295.2
3/23/2020,18:00,307.3
3/24/2020,0:00,307.519
3/24/2020,6:00,296.8
3/24/2020,12:00,298.319
3/24/2020,18:00,307.768
3/25/2020,0:00,307.9
3/25/2020,6:00,299.419
3/25/2020,12:00,298.1
3/25/2020,18:00,306.975
3/26/2020,0:00,307.675
3/26/2020,6:00,298.9
3/26/2020,12:00,298.7
3/26/2020,18:00,307.051
3/27/2020,0:00,307.511
3/27/2020,6:00,298.1
3/27/2020,12:00,296.6
3/27/2020,18:00,307.5
3/28/2020,0:00,307.639
3/28/2020,6:00,300.138
3/28/2020,12:00,300.1
3/28/2020,18:00,306.72
3/29/2020,0:00,305.3
3/29/2020,6:00,294.754
3/29/2020,12:00,295.6
3/29/2020,18:00,303.7
3/30/2020,0:00,303.11
3/30/2020,6:00,296.723
3/30/2020,12:00,297.761
3/30/2020,18:00,305.339
3/31/2020,0:00,307.1
3/31/2020,6:00,297.581
3/31/2020,12:00,297.7
3/31/2020,18:00,306.145
4/1/2020,0:00,305.83
4/1/2020,6:00,296.851
4/1/2020,12:00,295.434
4/1/2020,18:00,306.468
4/2/2020,0:00,307.606
4/2/2020,6:00,298.5
4/2/2020,12:00,295.159
4/2/2020,18:00,298.4
4/3/2020,0:00,297.9
4/3/2020,6:00,290.2
4/3/2020,12:00,288.7
4/3/2020,18:00,297
4/4/2020,0:00,297.601
4/4/2020,6:00,289.761
4/4/2020,12:00,290.401
4/4/2020,18:00,298.505
4/5/2020,0:00,298.748
4/5/2020,6:00,291.499
4/5/2020,12:00,292.2
4/5/2020,18:00,301.8
4/6/2020,0:00,301.883
4/6/2020,6:00,295.7
4/6/2020,12:00,292.397
4/6/2020,18:00,301.877
4/7/2020,0:00,301.708
4/7/2020,6:00,291.9
4/7/2020,12:00,286.6
4/7/2020,18:00,294.742
4/8/2020,0:00,294.645
4/8/2020,6:00,285.6
4/8/2020,12:00,285.034
4/8/2020,18:00,294
4/9/2020,0:00,294.328
4/9/2020,6:00,286.3
4/9/2020,12:00,286.002
4/9/2020,18:00,295.2
4/10/2020,0:00,295.808
4/10/2020,6:00,287.501
4/10/2020,12:00,287.705
4/10/2020,18:00,296.01
4/11/2020,0:00,296.237
4/11/2020,6:00,290.109
4/11/2020,12:00,289.3
4/11/2020,18:00,297.249
4/12/2020,0:00,297.3
4/12/2020,6:00,289.6
4/12/2020,12:00,289.706
4/12/2020,18:00,298.871
4/13/2020,0:00,298.8
4/13/2020,6:00,289.8
4/13/2020,12:00,290.9
4/13/2020,18:00,299.217
4/14/2020,0:00,299.906
4/14/2020,6:00,287.771
4/14/2020,12:00,287.205
4/14/2020,18:00,293.651
4/15/2020,0:00,293.601
4/15/2020,6:00,285.348
4/15/2020,12:00,286.695
4/15/2020,18:00,294.41
4/16/2020,0:00,294.582
4/16/2020,6:00,285.4
4/16/2020,12:00,286.2
4/16/2020,18:00,295.788
4/17/2020,0:00,296.049
4/17/2020,6:00,286.956
4/17/2020,12:00,288.929
4/17/2020,18:00,297.613
4/18/2020,0:00,297.943
4/18/2020,6:00,290.216
4/18/2020,12:00,289.948
4/18/2020,18:00,298.975
4/19/2020,0:00,299.188
4/19/2020,6:00,291.264
4/19/2020,12:00,291.3
4/19/2020,18:00,301.39
4/20/2020,0:00,301.644
4/20/2020,6:00,292.576
4/20/2020,12:00,292.7
4/20/2020,18:00,301.703
4/21/2020,0:00,301.965
4/21/2020,6:00,293.2
4/21/2020,12:00,293.711
4/21/2020,18:00,302.2
4/22/2020,0:00,302.525
4/22/2020,6:00,293.288
4/22/2020,12:00,293.439
4/22/2020,18:00,301.7
4/23/2020,0:00,302.1
4/23/2020,6:00,293.512
4/23/2020,12:00,293.4
4/23/2020,18:00,303.1
4/24/2020,0:00,303.337
4/24/2020,6:00,294.174
4/24/2020,12:00,294.68
4/24/2020,18:00,303.619
4/25/2020,0:00,303.621
4/25/2020,6:00,294.694
4/25/2020,12:00,293.717
4/25/2020,18:00,305.344
4/26/2020,0:00,306.019
4/26/2020,6:00,298.658
4/26/2020,12:00,292.3
4/26/2020,18:00,299.2
4/27/2020,0:00,298.6
4/27/2020,6:00,295.42
4/27/2020,12:00,293.282
4/27/2020,18:00,303.451
4/28/2020,0:00,301.503
4/28/2020,6:00,296.215
4/28/2020,12:00,296.8
4/28/2020,18:00,303.614
4/29/2020,0:00,303.509
4/29/2020,6:00,296.51
4/29/2020,12:00,293.069
4/29/2020,18:00,298.21
4/30/2020,0:00,298.151
4/30/2020,6:00,288.687
4/30/2020,12:00,288.414
4/30/2020,18:00,296.459
5/1/2020,0:00,295.946
5/1/2020,6:00,289.362
5/1/2020,12:00,287.978
5/1/2020,18:00,296.735
5/2/2020,0:00,297.004
5/2/2020,6:00,288.31
5/2/2020,12:00,287.237
5/2/2020,18:00,295.447
5/3/2020,0:00,295.627
5/3/2020,6:00,286.1
5/3/2020,12:00,286.9
5/3/2020,18:00,296.6
5/4/2020,0:00,297.074
5/4/2020,6:00,288.908
5/4/2020,12:00,290.623
5/4/2020,18:00,297.019
5/5/2020,0:00,293.227
5/5/2020,6:00,288.898
5/5/2020,12:00,289.635
5/5/2020,18:00,294.208
5/6/2020,0:00,294.643
5/6/2020,6:00,286.784
5/6/2020,12:00,283.565
5/6/2020,18:00,289.732
5/7/2020,0:00,289.4
5/7/2020,6:00,282.846
5/7/2020,12:00,282.8
5/7/2020,18:00,289.733
5/8/2020,0:00,289.685
5/8/2020,6:00,282.5
5/8/2020,12:00,284.121
5/8/2020,18:00,292.152
5/9/2020,0:00,292.428
5/9/2020,6:00,284.485
5/9/2020,12:00,285.3
5/9/2020,18:00,295.3
5/10/2020,0:00,295.399
5/10/2020,6:00,286.8
5/10/2020,12:00,289.2
5/10/2020,18:00,298.355
5/11/2020,0:00,298.9
5/11/2020,6:00,292.376
5/11/2020,12:00,294.5
5/11/2020,18:00,297.8
5/12/2020,0:00,298.618
5/12/2020,6:00,293.4
5/12/2020,12:00,292.616
5/12/2020,18:00,293.091
5/13/2020,0:00,291.948
5/13/2020,6:00,291.391
5/13/2020,12:00,290.717
5/13/2020,18:00,293.052
5/14/2020,0:00,293.393
5/14/2020,6:00,285.839
5/14/2020,12:00,284.293
5/14/2020,18:00,290.9
5/15/2020,0:00,290.8
5/15/2020,6:00,282.888
5/15/2020,12:00,283.901
5/15/2020,18:00,291.3
5/16/2020,0:00,291.38
5/16/2020,6:00,284.386
5/16/2020,12:00,285.234
5/16/2020,18:00,293.966
5/17/2020,0:00,294.2
5/17/2020,6:00,286.6
5/17/2020,12:00,286.905
5/17/2020,18:00,295.9
5/18/2020,0:00,296.4
5/18/2020,6:00,288.151
5/18/2020,12:00,288.4
5/18/2020,18:00,297.2
5/19/2020,0:00,297.661
5/19/2020,6:00,289.1
5/19/2020,12:00,290.3
5/19/2020,18:00,299.2
5/20/2020,0:00,299.471
5/20/2020,6:00,290.804
5/20/2020,12:00,292.644
5/20/2020,18:00,300.178
5/21/2020,0:00,300.708
5/21/2020,6:00,293.623
5/21/2020,12:00,293.547
5/21/2020,18:00,295.2
5/22/2020,0:00,295.9
5/22/2020,6:00,293.605
5/22/2020,12:00,292.7
5/22/2020,18:00,291.38
5/23/2020,0:00,291.7
5/23/2020,6:00,287.119
5/23/2020,12:00,286.512
5/23/2020,18:00,287.4
5/24/2020,0:00,287.138
5/24/2020,6:00,286.6
5/24/2020,12:00,283.338
5/24/2020,18:00,288.768
5/25/2020,0:00,288.608
5/25/2020,6:00,283.249
5/25/2020,12:00,283.41
5/25/2020,18:00,289.994
5/26/2020,0:00,290.4
5/26/2020,6:00,286.401
5/26/2020,12:00,283.3
5/26/2020,18:00,289.937
5/27/2020,0:00,290.007
5/27/2020,6:00,284.012
5/27/2020,12:00,284.818
5/27/2020,18:00,292.8
5/28/2020,0:00,293.1
5/28/2020,6:00,286
5/28/2020,12:00,286.5
5/28/2020,18:00,295.3
5/29/2020,0:00,295.607
5/29/2020,6:00,288.333
5/29/2020,12:00,287.8
5/29/2020,18:00,295.4
5/30/2020,0:00,295.5
5/30/2020,6:00,288.9
5/30/2020,12:00,287.8
5/30/2020,18:00,295.4
5/31/2020,0:00,295.9
5/31/2020,6:00,290.071
5/31/2020,12:00,289.013
5/31/2020,18:00,284.843
6/1/2020,0:00,285.052
6/1/2020,6:00,284.559
6/1/2020,12:00,280.9
6/1/2020,18:00,286.8
6/2/2020,0:00,286.7
6/2/2020,6:00,282.504
6/2/2020,12:00,280.374
6/2/2020,18:00,287.324
6/3/2020,0:00,287.412
6/3/2020,6:00,281.601
6/3/2020,12:00,281.873
6/3/2020,18:00,289.542
6/4/2020,0:00,289.62
6/4/2020,6:00,283.318
6/4/2020,12:00,285.096
6/4/2020,18:00,290.791
6/5/2020,0:00,290.329
6/5/2020,6:00,288.712
6/5/2020,12:00,290.561
6/5/2020,18:00,291.974
6/6/2020,0:00,289.8
6/6/2020,6:00,285.959
6/6/2020,12:00,284.636
6/6/2020,18:00,287.105
6/7/2020,0:00,288.5
6/7/2020,6:00,287.655
6/7/2020,12:00,286
6/7/2020,18:00,290.2
6/8/2020,0:00,290.3
6/8/2020,6:00,286.1
6/8/2020,12:00,285.8
6/8/2020,18:00,291
6/9/2020,0:00,290.9
6/9/2020,6:00,288.121
6/9/2020,12:00,287.906
6/9/2020,18:00,292.487
6/10/2020,0:00,289.618
6/10/2020,6:00,288
6/10/2020,12:00,288.5
6/10/2020,18:00,291.418
6/11/2020,0:00,291.103
6/11/2020,6:00,289.4
6/11/2020,12:00,288.906
6/11/2020,18:00,294.424
6/12/2020,0:00,295.087
6/12/2020,6:00,296.272
6/12/2020,12:00,295.774
6/12/2020,18:00,298.403
6/13/2020,0:00,298.851
6/13/2020,6:00,293.151
6/13/2020,12:00,290.8
6/13/2020,18:00,287.154
6/14/2020,0:00,286.96
6/14/2020,6:00,280.706
6/14/2020,12:00,278.701
6/14/2020,18:00,284.918
6/15/2020,0:00,284.9
6/15/2020,6:00,280.5
6/15/2020,12:00,281.511
6/15/2020,18:00,290
6/16/2020,0:00,290.857
6/16/2020,6:00,287.624
6/16/2020,12:00,291.056
6/16/2020,18:00,297.4
6/17/2020,0:00,297.3
6/17/2020,6:00,292.946
6/17/2020,12:00,292.211
6/17/2020,18:00,297.5
6/18/2020,0:00,297.644
6/18/2020,6:00,294.6
6/18/2020,12:00,295.043
6/18/2020,18:00,296.6
6/19/2020,0:00,296.803
6/19/2020,6:00,288.901
6/19/2020,12:00,291.2
6/19/2020,18:00,297.461
6/20/2020,0:00,298.903
6/20/2020,6:00,294.706
6/20/2020,12:00,294.427
6/20/2020,18:00,298.907
6/21/2020,0:00,298.815
6/21/2020,6:00,294.394
6/21/2020,12:00,294.2
6/21/2020,18:00,295.981
6/22/2020,0:00,295.952
6/22/2020,6:00,293.542
6/22/2020,12:00,291.449
6/22/2020,18:00,297.1
6/23/2020,0:00,297.133
6/23/2020,6:00,293.833
6/23/2020,12:00,293.6
6/23/2020,18:00,299.437
6/24/2020,0:00,299.699
6/24/2020,6:00,293.528
6/24/2020,12:00,294.115
6/24/2020,18:00,297.9
6/25/2020,0:00,296.619
6/25/2020,6:00,294.535
6/25/2020,12:00,292.2
6/25/2020,18:00,287.041
6/26/2020,0:00,286.9
6/26/2020,6:00,281.7
6/26/2020,12:00,279.885
6/26/2020,18:00,284.908
6/27/2020,0:00,285.1
6/27/2020,6:00,280.883
6/27/2020,12:00,280.244
6/27/2020,18:00,286.387
6/28/2020,0:00,286.529
6/28/2020,6:00,280.5
6/28/2020,12:00,279.9
6/28/2020,18:00,288.138
6/29/2020,0:00,288.215
6/29/2020,6:00,282.865
6/29/2020,12:00,283.224
6/29/2020,18:00,285.889
6/30/2020,0:00,286.448
6/30/2020,6:00,287.357
6/30/2020,12:00,288.2
6/30/2020,18:00,289.312
7/1/2020,0:00,286.499
7/1/2020,6:00,284.201
7/1/2020,12:00,283.9
7/1/2020,18:00,284.4
7/2/2020,0:00,284.332
7/2/2020,6:00,282.129
7/2/2020,12:00,280.034
7/2/2020,18:00,283.4
7/3/2020,0:00,284.211
7/3/2020,6:00,278.902
7/3/2020,12:00,278.4
7/3/2020,18:00,285.5
7/4/2020,0:00,285.424
7/4/2020,6:00,279.6
7/4/2020,12:00,280.3
7/4/2020,18:00,289.9
7/5/2020,0:00,287.122
7/5/2020,6:00,286.711
7/5/2020,12:00,287
7/5/2020,18:00,293.1
7/6/2020,0:00,292.3
7/6/2020,6:00,285.9
7/6/2020,12:00,283.032
7/6/2020,18:00,287.1
7/7/2020,0:00,286.8
7/7/2020,6:00,283.4
7/7/2020,12:00,282.712
7/7/2020,18:00,283.5
7/8/2020,0:00,283.473
7/8/2020,6:00,283.105
7/8/2020,12:00,282.394
7/8/2020,18:00,285.205
7/9/2020,0:00,284.6
7/9/2020,6:00,282.856
7/9/2020,12:00,280.303
7/9/2020,18:00,286.248
7/10/2020,0:00,286.412
7/10/2020,6:00,281
7/10/2020,12:00,281.2
7/10/2020,18:00,290.472
7/11/2020,0:00,290.5
7/11/2020,6:00,288.076
7/11/2020,12:00,286.8
7/11/2020,18:00,288.863
7/12/2020,0:00,287.749
7/12/2020,6:00,286.7
7/12/2020,12:00,287.869
7/12/2020,18:00,289.7
7/13/2020,0:00,289.555
7/13/2020,6:00,283.7
7/13/2020,12:00,280.8
7/13/2020,18:00,287.024
7/14/2020,0:00,287.343
7/14/2020,6:00,280.648
7/14/2020,12:00,277.39
7/14/2020,18:00,283.98
7/15/2020,0:00,284.321
7/15/2020,6:00,277.989
7/15/2020,12:00,277.2
7/15/2020,18:00,286.204
7/16/2020,0:00,286.744
7/16/2020,6:00,282.908
7/16/2020,12:00,282.5
7/16/2020,18:00,283.29
7/17/2020,0:00,284
7/17/2020,6:00,283.204
7/17/2020,12:00,284.316
7/17/2020,18:00,291.8
7/18/2020,0:00,291.911
7/18/2020,6:00,291.005
7/18/2020,12:00,292.01
7/18/2020,18:00,299.263
7/19/2020,0:00,299.354
7/19/2020,6:00,292.9
7/19/2020,12:00,292.323
7/19/2020,18:00,299.016
7/20/2020,0:00,299.2
7/20/2020,6:00,292.852
7/20/2020,12:00,292.365
7/20/2020,18:00,297.6
7/21/2020,0:00,296.534
7/21/2020,6:00,294.543
7/21/2020,12:00,292.702
7/21/2020,18:00,297.592
7/22/2020,0:00,297.222
7/22/2020,6:00,294.4
7/22/2020,12:00,293.384
7/22/2020,18:00,298.5
7/23/2020,0:00,298.259
7/23/2020,6:00,294.8
7/23/2020,12:00,293.8
7/23/2020,18:00,298.058
7/24/2020,0:00,298.3
7/24/2020,6:00,291.5
7/24/2020,12:00,287.235
7/24/2020,18:00,284.462
7/25/2020,0:00,283.276
7/25/2020,6:00,281.751
7/25/2020,12:00,280.67
7/25/2020,18:00,286.5
7/26/2020,0:00,286.514
7/26/2020,6:00,280.833
7/26/2020,12:00,280.622
7/26/2020,18:00,288.917
7/27/2020,0:00,289.037
7/27/2020,6:00,285.3
7/27/2020,12:00,286.215
7/27/2020,18:00,289.629
7/28/2020,0:00,288.824
7/28/2020,6:00,286.197
7/28/2020,12:00,284.9
7/28/2020,18:00,284.569
7/29/2020,0:00,284.3
7/29/2020,6:00,278.558
7/29/2020,12:00,277.758
7/29/2020,18:00,284.142
7/30/2020,0:00,284.165
7/30/2020,6:00,278.533
7/30/2020,12:00,277.903
7/30/2020,18:00,287.291
7/31/2020,0:00,287.403
7/31/2020,6:00,282.099
7/31/2020,12:00,284.703
7/31/2020,18:00,292.4
8/1/2020,0:00,292
8/1/2020,6:00,287.924
8/1/2020,12:00,289.2
8/1/2020,18:00,297.5
8/2/2020,0:00,297.5
8/2/2020,6:00,291.2
8/2/2020,12:00,291.299
8/2/2020,18:00,298.8
8/3/2020,0:00,299.1
8/3/2020,6:00,292.316
8/3/2020,12:00,291.408
8/3/2020,18:00,298.5
8/4/2020,0:00,298.8
8/4/2020,6:00,291.351
8/4/2020,12:00,290.052
8/4/2020,18:00,298.151
8/5/2020,0:00,298.223
8/5/2020,6:00,291.582
8/5/2020,12:00,290.646
8/5/2020,18:00,297.291
8/6/2020,0:00,297.483
8/6/2020,6:00,291
8/6/2020,12:00,290.4
8/6/2020,18:00,298
8/7/2020,0:00,298
8/7/2020,6:00,292.212
8/7/2020,12:00,290.742
8/7/2020,18:00,298.999
8/8/2020,0:00,299.046
8/8/2020,6:00,291.746
8/8/2020,12:00,290.8
8/8/2020,18:00,298.782
8/9/2020,0:00,298.505
8/9/2020,6:00,291.1
8/9/2020,12:00,290.3
8/9/2020,18:00,298.498
8/10/2020,0:00,298.919
8/10/2020,6:00,291.412
8/10/2020,12:00,290.7
8/10/2020,18:00,299.7
8/11/2020,0:00,298.956
8/11/2020,6:00,294.144
8/11/2020,12:00,285.942
8/11/2020,18:00,284.011
8/12/2020,0:00,282.3
8/12/2020,6:00,281.7
8/12/2020,12:00,280.886
8/12/2020,18:00,287.674
8/13/2020,0:00,287.211
8/13/2020,6:00,284.508
8/13/2020,12:00,284.211
8/13/2020,18:00,289.6
8/14/2020,0:00,290.399
8/14/2020,6:00,288
8/14/2020,12:00,286.6
8/14/2020,18:00,293.419
8/15/2020,0:00,294.473
8/15/2020,6:00,286.721
8/15/2020,12:00,287.4
8/15/2020,18:00,293.1
8/16/2020,0:00,292.688
8/16/2020,6:00,283.568
8/16/2020,12:00,282.1
8/16/2020,18:00,289.4
8/17/2020,0:00,289.955
8/17/2020,6:00,282.915
8/17/2020,12:00,282.614
8/17/2020,18:00,292.2
8/18/2020,0:00,292.332
8/18/2020,6:00,283.808
8/18/2020,12:00,283.865
8/18/2020,18:00,294.392
8/19/2020,0:00,295.219
8/19/2020,6:00,287.978
8/19/2020,12:00,284.5
8/19/2020,18:00,289.306
8/20/2020,0:00,288.806
8/20/2020,6:00,280.552
8/20/2020,12:00,278.9
8/20/2020,18:00,284.733
8/21/2020,0:00,284.373
8/21/2020,6:00,277.9
8/21/2020,12:00,279.008
8/21/2020,18:00,285.6
8/22/2020,0:00,286
8/22/2020,6:00,279.7
8/22/2020,12:00,280.9
8/22/2020,18:00,289.013
8/23/2020,0:00,289.51
8/23/2020,6:00,281.8
8/23/2020,12:00,283.606
8/23/2020,18:00,293.8
8/24/2020,0:00,293.556
8/24/2020,6:00,286.338
8/24/2020,12:00,288.172
8/24/2020,18:00,295.9
8/25/2020,0:00,296.333
8/25/2020,6:00,290.79
8/25/2020,12:00,291.933
8/25/2020,18:00,299.65
8/26/2020,0:00,299.471
8/26/2020,6:00,293.48
8/26/2020,12:00,294.035
8/26/2020,18:00,299.705
8/27/2020,0:00,298.91
8/27/2020,6:00,295.848
8/27/2020,12:00,295.214
8/27/2020,18:00,299.834
8/28/2020,0:00,300.938
8/28/2020,6:00,294.214
8/28/2020,12:00,292.133
8/28/2020,18:00,298.52
8/29/2020,0:00,297
8/29/2020,6:00,292.8
8/29/2020,12:00,294.807
8/29/2020,18:00,301.102
8/30/2020,0:00,301.393
8/30/2020,6:00,292.9
8/30/2020,12:00,287.921
8/30/2020,18:00,285.216
8/31/2020,0:00,285.708
8/31/2020,6:00,284.9
8/31/2020,12:00,283.201
8/31/2020,18:00,288.404
9/1/2020,0:00,287.953
9/1/2020,6:00,284.462
9/1/2020,12:00,283.121
9/1/2020,18:00,287
9/2/2020,0:00,286.838
9/2/2020,6:00,288.062
9/2/2020,12:00,289.428
9/2/2020,18:00,291.388
9/3/2020,0:00,291.021
9/3/2020,6:00,286.522
9/3/2020,12:00,284.139
9/3/2020,18:00,287.538
9/4/2020,0:00,287.465
9/4/2020,6:00,285.955
9/4/2020,12:00,284.888
9/4/2020,18:00,292.126
9/5/2020,0:00,292.3
9/5/2020,6:00,284.805
9/5/2020,12:00,287
9/5/2020,18:00,292.218
9/6/2020,0:00,290.734
9/6/2020,6:00,287.773
9/6/2020,12:00,288.173
9/6/2020,18:00,290.8
9/7/2020,0:00,289.656
9/7/2020,6:00,286.815
9/7/2020,12:00,286.742
9/7/2020,18:00,290.234
9/8/2020,0:00,289.709
9/8/2020,6:00,286.1
9/8/2020,12:00,288
9/8/2020,18:00,291.745
9/9/2020,0:00,292.132
9/9/2020,6:00,289.39
9/9/2020,12:00,291.799
9/9/2020,18:00,298.2
9/10/2020,0:00,298.636
9/10/2020,6:00,291.3
9/10/2020,12:00,290.256
9/10/2020,18:00,296.5
9/11/2020,0:00,296.5
9/11/2020,6:00,289.9
9/11/2020,12:00,292.982
9/11/2020,18:00,298.7
9/12/2020,0:00,298.028
9/12/2020,6:00,292.372
9/12/2020,12:00,291.719
9/12/2020,18:00,295.341
9/13/2020,0:00,294.8
9/13/2020,6:00,291.3
9/13/2020,12:00,292.361
9/13/2020,18:00,296
9/14/2020,0:00,298.8
9/14/2020,6:00,292.3
9/14/2020,12:00,287.019
9/14/2020,18:00,288.552
9/15/2020,0:00,288.525
9/15/2020,6:00,282.9
9/15/2020,12:00,282.812
9/15/2020,18:00,286.086
9/16/2020,0:00,288.561
9/16/2020,6:00,285.799
9/16/2020,12:00,288.3
9/16/2020,18:00,289.7
9/17/2020,0:00,291.254
9/17/2020,6:00,288.376
9/17/2020,12:00,289.485
9/17/2020,18:00,295.4
9/18/2020,0:00,295
9/18/2020,6:00,289.1
9/18/2020,12:00,291
9/18/2020,18:00,297.2
9/19/2020,0:00,297.462
9/19/2020,6:00,290.624
9/19/2020,12:00,288.6
9/19/2020,18:00,290.403
9/20/2020,0:00,289.537
9/20/2020,6:00,283.746
9/20/2020,12:00,282.5
9/20/2020,18:00,288.7
9/21/2020,0:00,288.729
9/21/2020,6:00,282
9/21/2020,12:00,284.5
9/21/2020,18:00,291.005
9/22/2020,0:00,291.186
9/22/2020,6:00,283.216
9/22/2020,12:00,284
9/22/2020,18:00,292.708
9/23/2020,0:00,292.747
9/23/2020,6:00,285.289
9/23/2020,12:00,288.308
9/23/2020,18:00,298.7
9/24/2020,0:00,299.1
9/24/2020,6:00,292.24
9/24/2020,12:00,294.708
9/24/2020,18:00,301.608
9/25/2020,0:00,301.508
9/25/2020,6:00,293.919
9/25/2020,12:00,293.9
9/25/2020,18:00,302.592
9/26/2020,0:00,302.8
9/26/2020,6:00,295.7
9/26/2020,12:00,296.163
9/26/2020,18:00,302.3
9/27/2020,0:00,302.435
9/27/2020,6:00,294.633
9/27/2020,12:00,292.8
9/27/2020,18:00,295.6
9/28/2020,0:00,294.16
9/28/2020,6:00,289.233
9/28/2020,12:00,286.7
9/28/2020,18:00,293.5
9/29/2020,0:00,293.9
9/29/2020,6:00,285.967
9/29/2020,12:00,288.7
9/29/2020,18:00,296.546
9/30/2020,0:00,295.519
9/30/2020,6:00,291.178
9/30/2020,12:00,295.522
9/30/2020,18:00,304.833
10/1/2020,0:00,304.6
10/1/2020,6:00,297.911
10/1/2020,12:00,298.5
10/1/2020,18:00,306.487
10/2/2020,0:00,308.567
10/2/2020,6:00,297.927
10/2/2020,12:00,295.2
10/2/2020,18:00,292.907
10/3/2020,0:00,292.7
10/3/2020,6:00,288.991
10/3/2020,12:00,286.409
10/3/2020,18:00,286.6
10/4/2020,0:00,285.507
10/4/2020,6:00,286.814
10/4/2020,12:00,287.873
10/4/2020,18:00,292.4
10/5/2020,0:00,292.6
10/5/2020,6:00,288.82
10/5/2020,12:00,289.252
10/5/2020,18:00,289.722
10/6/2020,0:00,290.1
10/6/2020,6:00,286.183
10/6/2020,12:00,287.6
10/6/2020,18:00,294.956
10/7/2020,0:00,294.833
10/7/2020,6:00,288.83
10/7/2020,12:00,291
10/7/2020,18:00,296.3
10/8/2020,0:00,296
10/8/2020,6:00,290.19
10/8/2020,12:00,291.7
10/8/2020,18:00,297.1
10/9/2020,0:00,297.3
10/9/2020,6:00,289.904
10/9/2020,12:00,290.132
10/9/2020,18:00,298.1
10/10/2020,0:00,297.737
10/10/2020,6:00,290.299
10/10/2020,12:00,288.305
10/10/2020,18:00,294.4
10/11/2020,0:00,294.404
10/11/2020,6:00,286.222
10/11/2020,12:00,289.395
10/11/2020,18:00,298.545
10/12/2020,0:00,299
10/12/2020,6:00,291.409
10/12/2020,12:00,290.918
10/12/2020,18:00,296.916
10/13/2020,0:00,296.383
10/13/2020,6:00,287.445
10/13/2020,12:00,289.25
10/13/2020,18:00,296.358
10/14/2020,0:00,296.624
10/14/2020,6:00,288.564
10/14/2020,12:00,291.385
10/14/2020,18:00,297.139
10/15/2020,0:00,297.506
10/15/2020,6:00,291.672
10/15/2020,12:00,291.379
10/15/2020,18:00,297.989
10/16/2020,0:00,297.99
10/16/2020,6:00,291.822
10/16/2020,12:00,292.057
10/16/2020,18:00,301.4
10/17/2020,0:00,301.46
10/17/2020,6:00,293.466
10/17/2020,12:00,294.32
10/17/2020,18:00,302.722
10/18/2020,0:00,302.706
10/18/2020,6:00,294.864
10/18/2020,12:00,296.4
10/18/2020,18:00,303.852
10/19/2020,0:00,304
10/19/2020,6:00,295.57
10/19/2020,12:00,297.7
10/19/2020,18:00,305.539
10/20/2020,0:00,305.967
10/20/2020,6:00,297.11
10/20/2020,12:00,296.674
10/20/2020,18:00,301.6
10/21/2020,0:00,302.25
10/21/2020,6:00,292.91
10/21/2020,12:00,293.655
10/21/2020,18:00,299.174
10/22/2020,0:00,299.658
10/22/2020,6:00,293.905
10/22/2020,12:00,295.373
10/22/2020,18:00,302.722
10/23/2020,0:00,303.11
10/23/2020,6:00,294.595
10/23/2020,12:00,294.834
10/23/2020,18:00,298.995
10/24/2020,0:00,299.257
10/24/2020,6:00,294.32
10/24/2020,12:00,295.946
10/24/2020,18:00,302.194
10/25/2020,0:00,302.007
10/25/2020,6:00,294.73
10/25/2020,12:00,297.53
10/25/2020,18:00,304.68
10/26/2020,0:00,305.077
10/26/2020,6:00,297.827
10/26/2020,12:00,295.418
10/26/2020,18:00,293.838
10/27/2020,0:00,292.03
10/27/2020,6:00,289.811
10/27/2020,12:00,288.526
10/27/2020,18:00,296.521
10/28/2020,0:00,296.622
10/28/2020,6:00,288.514
10/28/2020,12:00,291.606
10/28/2020,18:00,299.635
10/29/2020,0:00,300.05
10/29/2020,6:00,291.594
10/29/2020,12:00,289.23
10/29/2020,18:00,293.357
10/30/2020,0:00,293.743
10/30/2020,6:00,288.284
10/30/2020,12:00,288.014
10/30/2020,18:00,294.37
10/31/2020,0:00,294.34
10/31/2020,6:00,289.616
10/31/2020,12:00,290.568
10/31/2020,18:00,296.034
11/1/2020,0:00,295.938
11/1/2020,6:00,289.26
11/1/2020,12:00,290.035
11/1/2020,18:00,296.92
11/2/2020,0:00,296.778
11/2/2020,6:00,288.273
11/2/2020,12:00,290.922
11/2/2020,18:00,297.299
11/3/2020,0:00,297.355
11/3/2020,6:00,288.383
11/3/2020,12:00,291.201
11/3/2020,18:00,297.893
11/4/2020,0:00,297.734
11/4/2020,6:00,289.672
11/4/2020,12:00,289.784
11/4/2020,18:00,296.192
11/5/2020,0:00,296.014
11/5/2020,6:00,288.805
11/5/2020,12:00,289.851
11/5/2020,18:00,297.104
11/6/2020,0:00,297.161
11/6/2020,6:00,290.296
11/6/2020,12:00,291.47
11/6/2020,18:00,299.104
11/7/2020,0:00,299.287
11/7/2020,6:00,291.811
11/7/2020,12:00,292.627
11/7/2020,18:00,301.79
11/8/2020,0:00,302.239
11/8/2020,6:00,293.982
11/8/2020,12:00,293.988
11/8/2020,18:00,301.131
11/9/2020,0:00,301.084
11/9/2020,6:00,295.72
11/9/2020,12:00,293.024
11/9/2020,18:00,298.144
11/10/2020,0:00,298.226
11/10/2020,6:00,292.365
11/10/2020,12:00,293.826
11/10/2020,18:00,299.214
11/11/2020,0:00,299.873
11/11/2020,6:00,291.807
11/11/2020,12:00,292.657
11/11/2020,18:00,299.58
11/12/2020,0:00,299.324
11/12/2020,6:00,291.563
11/12/2020,12:00,294.386
11/12/2020,18:00,301.258
11/13/2020,0:00,301.279
11/13/2020,6:00,291.312
11/13/2020,12:00,295.702
11/13/2020,18:00,302.529
11/14/2020,0:00,302.731
11/14/2020,6:00,293.49
11/14/2020,12:00,297.94
11/14/2020,18:00,305.689
11/15/2020,0:00,306.31
11/15/2020,6:00,293.747
11/15/2020,12:00,295.237
11/15/2020,18:00,302.965
11/16/2020,0:00,303.772
11/16/2020,6:00,295.583
11/16/2020,12:00,295.07
11/16/2020,18:00,299.625
11/17/2020,0:00,299.757
11/17/2020,6:00,291.604
11/17/2020,12:00,291.895
11/17/2020,18:00,298.025
11/18/2020,0:00,298.266
11/18/2020,6:00,290.915
11/18/2020,12:00,293.403
11/18/2020,18:00,299.22
11/19/2020,0:00,299.376
11/19/2020,6:00,290.677
11/19/2020,12:00,293.798
11/19/2020,18:00,298.916
11/20/2020,0:00,299.19
11/20/2020,6:00,290.166
11/20/2020,12:00,291.905
11/20/2020,18:00,299.01
11/21/2020,0:00,299.101
11/21/2020,6:00,290.805
11/21/2020,12:00,292.78
11/21/2020,18:00,300.103
11/22/2020,0:00,300.195
11/22/2020,6:00,291.547
11/22/2020,12:00,293.052
11/22/2020,18:00,301.309
11/23/2020,0:00,301.277
11/23/2020,6:00,292.31
11/23/2020,12:00,294.702
11/23/2020,18:00,307.662
11/24/2020,0:00,307.918
11/24/2020,6:00,298.234
11/24/2020,12:00,300.937
11/24/2020,18:00,308.511
11/25/2020,0:00,308.854
11/25/2020,6:00,299.233
11/25/2020,12:00,301.854
11/25/2020,18:00,308.499
11/26/2020,0:00,299.279
11/26/2020,6:00,295.611
11/26/2020,12:00,295.15
11/26/2020,18:00,300.253
11/27/2020,0:00,298.988
11/27/2020,6:00,293.882
11/27/2020,12:00,295.433
11/27/2020,18:00,301.448
11/28/2020,0:00,301.304
11/28/2020,6:00,295.549
11/28/2020,12:00,298.215
11/28/2020,18:00,305.343
11/29/2020,0:00,305.18
11/29/2020,6:00,298.72
11/29/2020,12:00,298.313
11/29/2020,18:00,303.987
11/30/2020,0:00,304.471
11/30/2020,6:00,296.055
11/30/2020,12:00,297.842
11/30/2020,18:00,301.865
12/1/2020,0:00,301.283
12/1/2020,6:00,294.581
12/1/2020,12:00,293.955
12/1/2020,18:00,301.998
12/2/2020,0:00,302.272
12/2/2020,6:00,295.717
12/2/2020,12:00,296.93
12/2/2020,18:00,303.534
12/3/2020,0:00,298.58
12/3/2020,6:00,295.267
12/3/2020,12:00,294.189
12/3/2020,18:00,300.122
12/4/2020,0:00,300.467
12/4/2020,6:00,294.178
12/4/2020,12:00,295.405
12/4/2020,18:00,300.807
12/5/2020,0:00,301.548
12/5/2020,6:00,294.899
12/5/2020,12:00,291.142
12/5/2020,18:00,296.695
12/6/2020,0:00,296.865
12/6/2020,6:00,290.593
12/6/2020,12:00,291.554
12/6/2020,18:00,298.026
12/7/2020,0:00,298.454
12/7/2020,6:00,290.064
12/7/2020,12:00,292.678
12/7/2020,18:00,299.303
12/8/2020,0:00,299.282
12/8/2020,6:00,291.717
12/8/2020,12:00,294.08
12/8/2020,18:00,301.547
12/9/2020,0:00,301.778
12/9/2020,6:00,293.849
12/9/2020,12:00,295.89
12/9/2020,18:00,303.103
12/10/2020,0:00,303.573
12/10/2020,6:00,294.391
12/10/2020,12:00,297.839
12/10/2020,18:00,305.61
12/11/2020,0:00,305.802
12/11/2020,6:00,297.177
12/11/2020,12:00,300.063
12/11/2020,18:00,308.589
12/12/2020,0:00,308.649
12/12/2020,6:00,300.317
12/12/2020,12:00,300.168
12/12/2020,18:00,308.892
12/13/2020,0:00,308.067
12/13/2020,6:00,298.825
12/13/2020,12:00,301.338
12/13/2020,18:00,305.077
12/14/2020,0:00,302.676
12/14/2020,6:00,295.602
12/14/2020,12:00,294.905
12/14/2020,18:00,302.616
12/15/2020,0:00,302.279
12/15/2020,6:00,294.066
12/15/2020,12:00,297.612
12/15/2020,18:00,305.113
12/16/2020,0:00,305.466
12/16/2020,6:00,296.612
12/16/2020,12:00,299.156
12/16/2020,18:00,305.197
12/17/2020,0:00,304.409
12/17/2020,6:00,295.502
12/17/2020,12:00,296.912
12/17/2020,18:00,305.012
12/18/2020,0:00,305.443
12/18/2020,6:00,296.943
12/18/2020,12:00,300.191
12/18/2020,18:00,307.99
12/19/2020,0:00,308.381
12/19/2020,6:00,300.232
12/19/2020,12:00,298.43
12/19/2020,18:00,300.979
12/20/2020,0:00,302.835
12/20/2020,6:00,295.482
12/20/2020,12:00,293.619
12/20/2020,18:00,300.855
12/21/2020,0:00,301.293
12/21/2020,6:00,292.124
12/21/2020,12:00,294.268
12/21/2020,18:00,300.804
12/22/2020,0:00,300.918
12/22/2020,6:00,291.02
12/22/2020,12:00,293.718
12/22/2020,18:00,302.459
12/23/2020,0:00,302.797
12/23/2020,6:00,292.603
12/23/2020,12:00,296.026
12/23/2020,18:00,305.221
12/24/2020,0:00,305.269
12/24/2020,6:00,295.297
12/24/2020,12:00,298.433
12/24/2020,18:00,308.817
12/25/2020,0:00,309.332
12/25/2020,6:00,299.382
12/25/2020,12:00,300.224
12/25/2020,18:00,309.689
12/26/2020,0:00,310.209
12/26/2020,6:00,300.942
12/26/2020,12:00,299.094
12/26/2020,18:00,306.555
12/27/2020,0:00,305.226
12/27/2020,6:00,293.887
12/27/2020,12:00,298.387
12/27/2020,18:00,307.034
12/28/2020,0:00,307.08
12/28/2020,6:00,299.007
12/28/2020,12:00,299.201
12/28/2020,18:00,307.658
12/29/2020,0:00,308.188
12/29/2020,6:00,299.436
12/29/2020,12:00,300.537
12/29/2020,18:00,306.937
12/30/2020,0:00,307.728
12/30/2020,6:00,299.866
12/30/2020,12:00,302.45
12/30/2020,18:00,309.795
12/31/2020,0:00,308.906
12/31/2020,6:00,296.101
12/31/2020,12:00,294.02
12/31/2020,18:00,303.047
1/1/2021,0:00,303.254
1/1/2021,6:00,292.244
1/1/2021,12:00,296.564
1/1/2021,18:00,304.676
1/2/2021,0:00,304.992
1/2/2021,6:00,295.098
1/2/2021,12:00,299.174
1/2/2021,18:00,307.479
1/3/2021,0:00,307.587
1/3/2021,6:00,296.016
1/3/2021,12:00,296.038
1/3/2021,18:00,307.401
1/4/2021,0:00,307.633
1/4/2021,6:00,298.015
1/4/2021,12:00,300.041
1/4/2021,18:00,307.989
1/5/2021,0:00,307.491
1/5/2021,6:00,297.721
1/5/2021,12:00,296.911
1/5/2021,18:00,304.752
1/6/2021,0:00,305.06
1/6/2021,6:00,298.746
1/6/2021,12:00,299.494
1/6/2021,18:00,306.93
1/7/2021,0:00,308.05
1/7/2021,6:00,299.204
1/7/2021,12:00,300.763
1/7/2021,18:00,307.31
1/8/2021,0:00,307.464
1/8/2021,6:00,297.805
1/8/2021,12:00,301.314
1/8/2021,18:00,308.393
1/9/2021,0:00,308.264
1/9/2021,6:00,298.487
1/9/2021,12:00,301.115
1/9/2021,18:00,309.336
1/10/2021,0:00,309.36
1/10/2021,6:00,299.399
1/10/2021,12:00,300.825
1/10/2021,18:00,310.669
1/11/2021,0:00,310.835
1/11/2021,6:00,302.558
1/11/2021,12:00,301.946
1/11/2021,18:00,312.882
1/12/2021,0:00,313.391
1/12/2021,6:00,294.862
1/12/2021,12:00,296.239
1/12/2021,18:00,301.2
1/13/2021,0:00,300.314
1/13/2021,6:00,295.456
1/13/2021,12:00,295.853
1/13/2021,18:00,305.159
1/14/2021,0:00,305.188
1/14/2021,6:00,296.817
1/14/2021,12:00,295.321
1/14/2021,18:00,305.899
1/15/2021,0:00,306.536
1/15/2021,6:00,298.215
1/15/2021,12:00,300.164
1/15/2021,18:00,307.289
1/16/2021,0:00,308.232
1/16/2021,6:00,302.758
1/16/2021,12:00,299.963
1/16/2021,18:00,307.359
1/17/2021,0:00,305.366
1/17/2021,6:00,297.301
1/17/2021,12:00,297.855
1/17/2021,18:00,301.987
1/18/2021,0:00,301.493
1/18/2021,6:00,293.901
1/18/2021,12:00,295.452
1/18/2021,18:00,302.932
1/19/2021,0:00,303.342
1/19/2021,6:00,294.402
1/19/2021,12:00,296.084
1/19/2021,18:00,305.429
1/20/2021,0:00,305.362
1/20/2021,6:00,295.487
1/20/2021,12:00,295.785
1/20/2021,18:00,305.785
1/21/2021,0:00,306.139
1/21/2021,6:00,297.424
1/21/2021,12:00,297.826
1/21/2021,18:00,304.416
1/22/2021,0:00,304.029
1/22/2021,6:00,297.604
1/22/2021,12:00,298.079
1/22/2021,18:00,305.085
1/23/2021,0:00,305.586
1/23/2021,6:00,299.638
1/23/2021,12:00,299.102
1/23/2021,18:00,308.127
1/24/2021,0:00,308.693
1/24/2021,6:00,302.307
1/24/2021,12:00,300.36
1/24/2021,18:00,307.869
1/25/2021,0:00,307.478
1/25/2021,6:00,300.403
1/25/2021,12:00,301.163
1/25/2021,18:00,306.8
1/26/2021,0:00,306.981
1/26/2021,6:00,301.723
1/26/2021,12:00,297.911
1/26/2021,18:00,300.348
1/27/2021,0:00,296.85
1/27/2021,6:00,296.611
1/27/2021,12:00,296.69
1/27/2021,18:00,299.994
1/28/2021,0:00,299.281
1/28/2021,6:00,294.438
1/28/2021,12:00,297.42
1/28/2021,18:00,301.318
1/29/2021,0:00,301.982
1/29/2021,6:00,295.976
1/29/2021,12:00,299.439
1/29/2021,18:00,305.237
1/30/2021,0:00,305.511
1/30/2021,6:00,299.324
1/30/2021,12:00,299.622
1/30/2021,18:00,306.275
1/31/2021,0:00,307.262
1/31/2021,6:00,297.537
1/31/2021,12:00,298.744
1/31/2021,18:00,301.599
2/1/2021,0:00,301.69
2/1/2021,6:00,296.584
2/1/2021,12:00,297.131
2/1/2021,18:00,304.071
2/2/2021,0:00,304.321
2/2/2021,6:00,297.606
2/2/2021,12:00,298.263
2/2/2021,18:00,303.726
2/3/2021,0:00,303.873
2/3/2021,6:00,297.195
2/3/2021,12:00,298.087
2/3/2021,18:00,301.981
2/4/2021,0:00,300.33
2/4/2021,6:00,293.905
2/4/2021,12:00,294.898
2/4/2021,18:00,300.215
2/5/2021,0:00,299.926
2/5/2021,6:00,292.62
2/5/2021,12:00,292.354
2/5/2021,18:00,299.325
2/6/2021,0:00,299.437
2/6/2021,6:00,291.984
2/6/2021,12:00,292.455
2/6/2021,18:00,300.244
2/7/2021,0:00,300.953
2/7/2021,6:00,293.378
2/7/2021,12:00,295.551
2/7/2021,18:00,303.675
2/8/2021,0:00,304.148
2/8/2021,6:00,295.82
2/8/2021,12:00,296.007
2/8/2021,18:00,304.254
2/9/2021,0:00,304.681
2/9/2021,6:00,296.964
2/9/2021,12:00,296.842
2/9/2021,18:00,298.523
2/10/2021,0:00,300.586
2/10/2021,6:00,295.135
2/10/2021,12:00,295.391
2/10/2021,18:00,303.19
2/11/2021,0:00,303.168
2/11/2021,6:00,294.127
2/11/2021,12:00,294.028
2/11/2021,18:00,300.526
2/12/2021,0:00,301.277
2/12/2021,6:00,294.439
2/12/2021,12:00,294.104
2/12/2021,18:00,301.162
2/13/2021,0:00,301.606
2/13/2021,6:00,294.683
2/13/2021,12:00,296.46
2/13/2021,18:00,303.247
2/14/2021,0:00,302.831
2/14/2021,6:00,295.152
2/14/2021,12:00,295.613
2/14/2021,18:00,303.154
2/15/2021,0:00,303.248
2/15/2021,6:00,296.167
2/15/2021,12:00,296.074
2/15/2021,18:00,302.71
2/16/2021,0:00,302.13
2/16/2021,6:00,295.112
2/16/2021,12:00,295.187
2/16/2021,18:00,301.908
2/17/2021,0:00,301.858
2/17/2021,6:00,293.676
2/17/2021,12:00,293.797
2/17/2021,18:00,301.385
2/18/2021,0:00,301.019
2/18/2021,6:00,293.651
2/18/2021,12:00,295.048
2/18/2021,18:00,300.791
2/19/2021,0:00,300.528
2/19/2021,6:00,294.061
2/19/2021,12:00,296.11
2/19/2021,18:00,304.657
2/20/2021,0:00,304.554
2/20/2021,6:00,296.451
2/20/2021,12:00,297.596
2/20/2021,18:00,304.957
2/21/2021,0:00,304.45
2/21/2021,6:00,298.247
2/21/2021,12:00,297.402
2/21/2021,18:00,305.01
2/22/2021,0:00,305.329
2/22/2021,6:00,297.106
2/22/2021,12:00,297.442
2/22/2021,18:00,306.961
2/23/2021,0:00,306.98
2/23/2021,6:00,299.344
2/23/2021,12:00,300.732
2/23/2021,18:00,308.668
2/24/2021,0:00,305.816
2/24/2021,6:00,294.94
2/24/2021,12:00,296.174
2/24/2021,18:00,304.176
2/25/2021,0:00,304.529
2/25/2021,6:00,295.291
2/25/2021,12:00,295.883
2/25/2021,18:00,304.55
2/26/2021,0:00,304.776
2/26/2021,6:00,294.755
2/26/2021,12:00,294.918
2/26/2021,18:00,306.141
2/27/2021,0:00,306.293
2/27/2021,6:00,298.728
2/27/2021,12:00,296.48
2/27/2021,18:00,307.12
2/28/2021,0:00,306.705
2/28/2021,6:00,298.721
2/28/2021,12:00,296.932
2/28/2021,18:00,306.052
3/1/2021,0:00,306.499
3/1/2021,6:00,297.816
3/1/2021,12:00,297.396
3/1/2021,18:00,306.547
3/2/2021,0:00,307.085
3/2/2021,6:00,298.508
3/2/2021,12:00,298.188
3/2/2021,18:00,307.276
3/3/2021,0:00,308.256
3/3/2021,6:00,299.775
3/3/2021,12:00,299.492
3/3/2021,18:00,308.431
3/4/2021,0:00,307.715
3/4/2021,6:00,300.725
3/4/2021,12:00,297.202
3/4/2021,18:00,298.832
3/5/2021,0:00,297.311
3/5/2021,6:00,294.828
3/5/2021,12:00,297.188
3/5/2021,18:00,303.847
3/6/2021,0:00,304.306
3/6/2021,6:00,295.762
3/6/2021,12:00,292.941
3/6/2021,18:00,302.178
3/7/2021,0:00,302.461
3/7/2021,6:00,292.717
3/7/2021,12:00,294.127
3/7/2021,18:00,302.947
3/8/2021,0:00,303.238
3/8/2021,6:00,294.4
3/8/2021,12:00,295.218
3/8/2021,18:00,305.256
3/9/2021,0:00,305.473
3/9/2021,6:00,296.48
3/9/2021,12:00,296.795
3/9/2021,18:00,305.212
3/10/2021,0:00,304.89
3/10/2021,6:00,294.849
3/10/2021,12:00,295.48
3/10/2021,18:00,304
3/11/2021,0:00,304.1
3/11/2021,6:00,294.02
3/11/2021,12:00,294.8
3/11/2021,18:00,304.5
3/12/2021,0:00,304.9
3/12/2021,6:00,294.709
3/12/2021,12:00,296.912
3/12/2021,18:00,306
3/13/2021,0:00,305.474
3/13/2021,6:00,296
3/13/2021,12:00,297.2
3/13/2021,18:00,306.8
3/14/2021,0:00,307.1
3/14/2021,6:00,298.082
3/14/2021,12:00,297.408
3/14/2021,18:00,307.2
3/15/2021,0:00,307.018
3/15/2021,6:00,297.915
3/15/2021,12:00,295.158
3/15/2021,18:00,306.3
3/16/2021,0:00,306.6
3/16/2021,6:00,296.978
3/16/2021,12:00,296.306
3/16/2021,18:00,310.3
3/17/2021,0:00,310.795
3/17/2021,6:00,297.826
3/17/2021,12:00,296.5
3/17/2021,18:00,303.6
3/18/2021,0:00,301.3
3/18/2021,6:00,295.6
3/18/2021,12:00,292.2
3/18/2021,18:00,301.642
3/19/2021,0:00,302.358
3/19/2021,6:00,292.8
3/19/2021,12:00,294.1
3/19/2021,18:00,305.7
3/20/2021,0:00,306.9
3/20/2021,6:00,297.917
3/20/2021,12:00,300.605
3/20/2021,18:00,308.192
3/21/2021,0:00,308.5
3/21/2021,6:00,294.733
3/21/2021,12:00,294.312
3/21/2021,18:00,298.3
3/22/2021,0:00,299.851
3/22/2021,6:00,293.242
3/22/2021,12:00,293.926
3/22/2021,18:00,297.684
3/23/2021,0:00,298.523
3/23/2021,6:00,293.219
3/23/2021,12:00,293.207
3/23/2021,18:00,299.388
3/24/2021,0:00,298.346
3/24/2021,6:00,292.343
3/24/2021,12:00,294.4
3/24/2021,18:00,302.831
3/25/2021,0:00,303
3/25/2021,6:00,295.9
3/25/2021,12:00,297.549
3/25/2021,18:00,307
3/26/2021,0:00,306.868
3/26/2021,6:00,300.311
3/26/2021,12:00,296.02
3/26/2021,18:00,299.295
3/27/2021,0:00,295.552
3/27/2021,6:00,294.028
3/27/2021,12:00,293.618
3/27/2021,18:00,293.995
3/28/2021,0:00,293.342
3/28/2021,6:00,293.269
3/28/2021,12:00,291.005
3/28/2021,18:00,297.218
3/29/2021,0:00,297.133
3/29/2021,6:00,289.619
3/29/2021,12:00,290.735
3/29/2021,18:00,297.9
3/30/2021,0:00,298.125
3/30/2021,6:00,292.703
3/30/2021,12:00,291.891
3/30/2021,18:00,295.944
3/31/2021,0:00,295.965
3/31/2021,6:00,292.439
3/31/2021,12:00,291.069
3/31/2021,18:00,297.712
4/1/2021,0:00,297.707
4/1/2021,6:00,290.736
4/1/2021,12:00,291.464
4/1/2021,18:00,297.723
4/2/2021,0:00,297.701
4/2/2021,6:00,290.476
4/2/2021,12:00,291.487
4/2/2021,18:00,299.264
4/3/2021,0:00,299.315
4/3/2021,6:00,294.394
4/3/2021,12:00,292.357
4/3/2021,18:00,301.687
4/4/2021,0:00,301.955
4/4/2021,6:00,293.8
4/4/2021,12:00,293.888
4/4/2021,18:00,302.904
4/5/2021,0:00,302.192
4/5/2021,6:00,293.882
4/5/2021,12:00,295.395
4/5/2021,18:00,300.036
4/6/2021,0:00,299.649
4/6/2021,6:00,293.599
4/6/2021,12:00,294.043
4/6/2021,18:00,300.901
4/7/2021,0:00,302.455
4/7/2021,6:00,294.621
4/7/2021,12:00,295.203
4/7/2021,18:00,304.881
4/8/2021,0:00,304.8
4/8/2021,6:00,295.789
4/8/2021,12:00,296.674
4/8/2021,18:00,304.318
4/9/2021,0:00,303.912
4/9/2021,6:00,297.033
4/9/2021,12:00,298.235
4/9/2021,18:00,306.483
4/10/2021,0:00,306.5
4/10/2021,6:00,298.573
4/10/2021,12:00,297.168
4/10/2021,18:00,307.078
4/11/2021,0:00,306.639
4/11/2021,6:00,297.328
4/11/2021,12:00,295.87
4/11/2021,18:00,298.148
4/12/2021,0:00,296.667
4/12/2021,6:00,290.936
4/12/2021,12:00,289.633
4/12/2021,18:00,298.074
4/13/2021,0:00,298.105
4/13/2021,6:00,289.35
4/13/2021,12:00,290.408
4/13/2021,18:00,299.473
4/14/2021,0:00,299.099
4/14/2021,6:00,292.581
4/14/2021,12:00,291.271
4/14/2021,18:00,300.9
4/15/2021,0:00,298.475
4/15/2021,6:00,291.962
4/15/2021,12:00,293.5
4/15/2021,18:00,301.273
4/16/2021,0:00,300.735
4/16/2021,6:00,293.131
4/16/2021,12:00,293.963
4/16/2021,18:00,298.273
4/17/2021,0:00,299.008
4/17/2021,6:00,292.763
4/17/2021,12:00,293.894
4/17/2021,18:00,301.147
4/18/2021,0:00,300.644
4/18/2021,6:00,294.115
4/18/2021,12:00,292.351
4/18/2021,18:00,298.882
4/19/2021,0:00,297.866
4/19/2021,6:00,291.815
4/19/2021,12:00,291.518
4/19/2021,18:00,299.928
4/20/2021,0:00,299.839
4/20/2021,6:00,291.3
4/20/2021,12:00,290.928
4/20/2021,18:00,299.918
4/21/2021,0:00,300.055
4/21/2021,6:00,292.9
4/21/2021,12:00,291.673
4/21/2021,18:00,302.023
4/22/2021,0:00,301.963
4/22/2021,6:00,293.563
4/22/2021,12:00,292.313
4/22/2021,18:00,300.975
4/23/2021,0:00,300.925
4/23/2021,6:00,293.728
4/23/2021,12:00,292.912
4/23/2021,18:00,303.304
4/24/2021,0:00,303.055
4/24/2021,6:00,295.324
4/24/2021,12:00,293.436
4/24/2021,18:00,297.37
4/25/2021,0:00,292.921
4/25/2021,6:00,291.728
4/25/2021,12:00,289.856
4/25/2021,18:00,296.983
4/26/2021,0:00,296.837
4/26/2021,6:00,287.099
4/26/2021,12:00,287.943
4/26/2021,18:00,295.361
4/27/2021,0:00,295.286
4/27/2021,6:00,286.588
4/27/2021,12:00,287.528
4/27/2021,18:00,295.22
4/28/2021,0:00,295.332
4/28/2021,6:00,286.584
4/28/2021,12:00,287.026
4/28/2021,18:00,296.125
4/29/2021,0:00,296.188
4/29/2021,6:00,287.444
4/29/2021,12:00,287.061
4/29/2021,18:00,297.439
4/30/2021,0:00,297.305
4/30/2021,6:00,287.777
4/30/2021,12:00,289.143
4/30/2021,18:00,299.903
5/1/2021,0:00,299.906
5/1/2021,6:00,290.424
5/1/2021,12:00,291.226
5/1/2021,18:00,301.258
5/2/2021,0:00,301.173
5/2/2021,6:00,291.52
5/2/2021,12:00,293.148
5/2/2021,18:00,302.673
5/3/2021,0:00,302.109
5/3/2021,6:00,295.157
5/3/2021,12:00,295.678
5/3/2021,18:00,305.997
5/4/2021,0:00,306.135
5/4/2021,6:00,298.681
5/4/2021,12:00,296.355
5/4/2021,18:00,298.68
5/5/2021,0:00,290.825
5/5/2021,6:00,289.283
5/5/2021,12:00,285.7
5/5/2021,18:00,285.317
5/6/2021,0:00,285.734
5/6/2021,6:00,286.063
5/6/2021,12:00,284.3
5/6/2021,18:00,290.556
5/7/2021,0:00,290.515
5/7/2021,6:00,282.767
5/7/2021,12:00,283.032
5/7/2021,18:00,291.518
5/8/2021,0:00,291.524
5/8/2021,6:00,283.809
5/8/2021,12:00,284.548
5/8/2021,18:00,294.344
5/9/2021,0:00,294.407
5/9/2021,6:00,285.988
5/9/2021,12:00,287.206
5/9/2021,18:00,294.714
5/10/2021,0:00,294.745
5/10/2021,6:00,291.631
5/10/2021,12:00,290.686
5/10/2021,18:00,292.257
5/11/2021,0:00,290.555
5/11/2021,6:00,288.224
5/11/2021,12:00,286.604
5/11/2021,18:00,291.223
5/12/2021,0:00,290.858
5/12/2021,6:00,283.394
5/12/2021,12:00,283.1
5/12/2021,18:00,291.981
5/13/2021,0:00,291.922
5/13/2021,6:00,283.659
5/13/2021,12:00,284.261
5/13/2021,18:00,293.502
5/14/2021,0:00,293.315
5/14/2021,6:00,284.821
5/14/2021,12:00,284.936
5/14/2021,18:00,295.1
5/15/2021,0:00,295.144
5/15/2021,6:00,285.733
5/15/2021,12:00,285.932
5/15/2021,18:00,296.009
5/16/2021,0:00,296.104
5/16/2021,6:00,287.724
5/16/2021,12:00,287.551
5/16/2021,18:00,296.1
5/17/2021,0:00,296
5/17/2021,6:00,290.145
5/17/2021,12:00,289.719
5/17/2021,18:00,296.214
5/18/2021,0:00,296.062
5/18/2021,6:00,285.948
5/18/2021,12:00,284.694
5/18/2021,18:00,294.018
5/19/2021,0:00,294.067
5/19/2021,6:00,285.536
5/19/2021,12:00,284.676
5/19/2021,18:00,294.963
5/20/2021,0:00,294.878
5/20/2021,6:00,288.189
5/20/2021,12:00,287.517
5/20/2021,18:00,291.1
5/21/2021,0:00,290.039
5/21/2021,6:00,287.948
5/21/2021,12:00,288.594
5/21/2021,18:00,290.424
5/22/2021,0:00,289.061
5/22/2021,6:00,289.416
5/22/2021,12:00,288.398
5/22/2021,18:00,289.044
5/23/2021,0:00,289.835
5/23/2021,6:00,286.771
5/23/2021,12:00,284.963
5/23/2021,18:00,289.028
5/24/2021,0:00,288.573
5/24/2021,6:00,283.561
5/24/2021,12:00,282.866
5/24/2021,18:00,290.174
5/25/2021,0:00,290.051
5/25/2021,6:00,283.112
5/25/2021,12:00,283.231
5/25/2021,18:00,291.919
5/26/2021,0:00,291.937
5/26/2021,6:00,284.84
5/26/2021,12:00,284.865
5/26/2021,18:00,293.308
5/27/2021,0:00,293.644
5/27/2021,6:00,286.189
5/27/2021,12:00,286.933
5/27/2021,18:00,294.8
5/28/2021,0:00,295.023
5/28/2021,6:00,288.306
5/28/2021,12:00,289.515
5/28/2021,18:00,292.578
5/29/2021,0:00,292.796
5/29/2021,6:00,291.673
5/29/2021,12:00,289.452
5/29/2021,18:00,291.935
5/30/2021,0:00,291.948
5/30/2021,6:00,283.184
5/30/2021,12:00,280.818
5/30/2021,18:00,287.828
5/31/2021,0:00,287.938
5/31/2021,6:00,281.572
5/31/2021,12:00,282.29
5/31/2021,18:00,290.919
6/1/2021,0:00,291.161
6/1/2021,6:00,283.529
6/1/2021,12:00,284.654
6/1/2021,18:00,293.081
6/2/2021,0:00,293.36
6/2/2021,6:00,286.901
6/2/2021,12:00,287.741
6/2/2021,18:00,294.059
6/3/2021,0:00,294.325
6/3/2021,6:00,286.931
6/3/2021,12:00,286.07
6/3/2021,18:00,294.387
6/4/2021,0:00,294.962
6/4/2021,6:00,288.861
6/4/2021,12:00,292.446
6/4/2021,18:00,301.015
6/5/2021,0:00,301.594
6/5/2021,6:00,294.246
6/5/2021,12:00,294.458
6/5/2021,18:00,300.317
6/6/2021,0:00,296.327
6/6/2021,6:00,290.9
6/6/2021,12:00,289.29
6/6/2021,18:00,290.978
6/7/2021,0:00,290.2
6/7/2021,6:00,286.455
6/7/2021,12:00,286.333
6/7/2021,18:00,290.6
6/8/2021,0:00,292.531
6/8/2021,6:00,289.2
6/8/2021,12:00,287.814
6/8/2021,18:00,290.306
6/9/2021,0:00,289.816
6/9/2021,6:00,288.415
6/9/2021,12:00,288.742
6/9/2021,18:00,291.402
6/10/2021,0:00,291.71
6/10/2021,6:00,290.402
6/10/2021,12:00,287.563
6/10/2021,18:00,293.342
6/11/2021,0:00,292.906
6/11/2021,6:00,288.713
6/11/2021,12:00,285.039
6/11/2021,18:00,290.269
6/12/2021,0:00,290.358
6/12/2021,6:00,283.523
6/12/2021,12:00,284.005
6/12/2021,18:00,291.671
6/13/2021,0:00,291.555
6/13/2021,6:00,285.053
6/13/2021,12:00,285.314
6/13/2021,18:00,293.849
6/14/2021,0:00,293.802
6/14/2021,6:00,286.301
6/14/2021,12:00,286.472
6/14/2021,18:00,294.876
6/15/2021,0:00,295.161
6/15/2021,6:00,288.307
6/15/2021,12:00,285.52
6/15/2021,18:00,287.168
6/16/2021,0:00,286.6
6/16/2021,6:00,284.412
6/16/2021,12:00,280.099
6/16/2021,18:00,286.102
6/17/2021,0:00,286.019
6/17/2021,6:00,281.665
6/17/2021,12:00,279.006
6/17/2021,18:00,286.437
6/18/2021,0:00,286.312
6/18/2021,6:00,280.231
6/18/2021,12:00,279.891
6/18/2021,18:00,287.439
6/19/2021,0:00,287.288
6/19/2021,6:00,283.843
6/19/2021,12:00,283.038
6/19/2021,18:00,285.025
6/20/2021,0:00,287.798
6/20/2021,6:00,283.348
6/20/2021,12:00,282.7
6/20/2021,18:00,288.932
6/21/2021,0:00,289.08
6/21/2021,6:00,282.521
6/21/2021,12:00,282.9
6/21/2021,18:00,290.603
6/22/2021,0:00,290.302
6/22/2021,6:00,283.663
6/22/2021,12:00,283.436
6/22/2021,18:00,291.2
6/23/2021,0:00,290.79
6/23/2021,6:00,286.164
6/23/2021,12:00,286.078
6/23/2021,18:00,289.212
6/24/2021,0:00,290.271
6/24/2021,6:00,292.217
6/24/2021,12:00,292.259
6/24/2021,18:00,291.3
6/25/2021,0:00,289.455
6/25/2021,6:00,286.32
6/25/2021,12:00,283.911
6/25/2021,18:00,290.34
6/26/2021,0:00,290.402
6/26/2021,6:00,285.277
6/26/2021,12:00,287.178
6/26/2021,18:00,289.002
6/27/2021,0:00,287.965
6/27/2021,6:00,285.049
6/27/2021,12:00,281.949
6/27/2021,18:00,283.795
6/28/2021,0:00,283.956
6/28/2021,6:00,278.288
6/28/2021,12:00,277.299
6/28/2021,18:00,282.231
6/29/2021,0:00,282.292
6/29/2021,6:00,279.776
6/29/2021,12:00,279.337
6/29/2021,18:00,283.117
6/30/2021,0:00,282.933
6/30/2021,6:00,279.421
6/30/2021,12:00,279.181
6/30/2021,18:00,285.839
7/1/2021,0:00,285.582
7/1/2021,6:00,279.9
7/1/2021,12:00,280.653
7/1/2021,18:00,289.505
7/2/2021,0:00,289.78
7/2/2021,6:00,283.238
7/2/2021,12:00,282.309
7/2/2021,18:00,290.388
7/3/2021,0:00,291.132
7/3/2021,6:00,284.452
7/3/2021,12:00,282.451
7/3/2021,18:00,289.644
7/4/2021,0:00,289.504
7/4/2021,6:00,283.351
7/4/2021,12:00,281.664
7/4/2021,18:00,289.568
7/5/2021,0:00,289.765
7/5/2021,6:00,283.416
7/5/2021,12:00,283.6
7/5/2021,18:00,292.394
7/6/2021,0:00,292.759
7/6/2021,6:00,286.098
7/6/2021,12:00,285.781
7/6/2021,18:00,295.691
7/7/2021,0:00,295.638
7/7/2021,6:00,288.507
7/7/2021,12:00,286.735
7/7/2021,18:00,295.061
7/8/2021,0:00,295.278
7/8/2021,6:00,290.746
7/8/2021,12:00,288.7
7/8/2021,18:00,296.69
7/9/2021,0:00,297.108
7/9/2021,6:00,289.311
7/9/2021,12:00,287.885
7/9/2021,18:00,295.9
7/10/2021,0:00,296.204
7/10/2021,6:00,288.329
7/10/2021,12:00,287.924
7/10/2021,18:00,295.405
7/11/2021,0:00,295.068
7/11/2021,6:00,289.01
7/11/2021,12:00,287.728
7/11/2021,18:00,296.549
7/12/2021,0:00,296.418
7/12/2021,6:00,291.061
7/12/2021,12:00,290.2
7/12/2021,18:00,297.606
7/13/2021,0:00,297.308
7/13/2021,6:00,289.712
7/13/2021,12:00,290.481
7/13/2021,18:00,296.167
7/14/2021,0:00,295.682
7/14/2021,6:00,292.166
7/14/2021,12:00,290.855
7/14/2021,18:00,296.659
7/15/2021,0:00,293.753
7/15/2021,6:00,289.233
7/15/2021,12:00,289.022
7/15/2021,18:00,290.017
7/16/2021,0:00,290.529
7/16/2021,6:00,285.578
7/16/2021,12:00,284.13
7/16/2021,18:00,290.628
7/17/2021,0:00,290.429
7/17/2021,6:00,284.262
7/17/2021,12:00,283.329
7/17/2021,18:00,290.189
7/18/2021,0:00,289.567
7/18/2021,6:00,280.763
7/18/2021,12:00,278.799
7/18/2021,18:00,284.501
7/19/2021,0:00,284.674
7/19/2021,6:00,278.041
7/19/2021,12:00,277.647
7/19/2021,18:00,286.569
7/20/2021,0:00,286.796
7/20/2021,6:00,279.688
7/20/2021,12:00,279.606
7/20/2021,18:00,287.473
7/21/2021,0:00,287.903
7/21/2021,6:00,280.536
7/21/2021,12:00,280.868
7/21/2021,18:00,290.896
7/22/2021,0:00,290.836
7/22/2021,6:00,282.731
7/22/2021,12:00,284.508
7/22/2021,18:00,295.858
7/23/2021,0:00,296.059
7/23/2021,6:00,287.582
7/23/2021,12:00,288.874
7/23/2021,18:00,298.469
7/24/2021,0:00,298.891
7/24/2021,6:00,289.851
7/24/2021,12:00,289.588
7/24/2021,18:00,299.332
7/25/2021,0:00,300.279
7/25/2021,6:00,293.3
7/25/2021,12:00,292.884
7/25/2021,18:00,300.588
7/26/2021,0:00,301.197
7/26/2021,6:00,293.883
7/26/2021,12:00,290.542
7/26/2021,18:00,292.053
7/27/2021,0:00,294.61
7/27/2021,6:00,287.65
7/27/2021,12:00,280.99
7/27/2021,18:00,283.674
7/28/2021,0:00,283.636
7/28/2021,6:00,278.298
7/28/2021,12:00,277.815
7/28/2021,18:00,282.74
7/29/2021,0:00,281.501
7/29/2021,6:00,276.623
7/29/2021,12:00,276.714
7/29/2021,18:00,284.841
7/30/2021,0:00,284.968
7/30/2021,6:00,278.295
7/30/2021,12:00,279.133
7/30/2021,18:00,287.075
7/31/2021,0:00,287.235
7/31/2021,6:00,280.3
7/31/2021,12:00,281.003
7/31/2021,18:00,290.89
8/1/2021,0:00,291.794
8/1/2021,6:00,283.918
8/1/2021,12:00,283.928
8/1/2021,18:00,291.888
8/2/2021,0:00,291.986
8/2/2021,6:00,284.047
8/2/2021,12:00,282.241
8/2/2021,18:00,290.009
8/3/2021,0:00,289.8
8/3/2021,6:00,282.345
8/3/2021,12:00,282.3
8/3/2021,18:00,290.916
8/4/2021,0:00,290.957
8/4/2021,6:00,283.903
8/4/2021,12:00,283.267
8/4/2021,18:00,291.915
8/5/2021,0:00,291.801
8/5/2021,6:00,285.582
8/5/2021,12:00,286.686
8/5/2021,18:00,296.1
8/6/2021,0:00,296.141
8/6/2021,6:00,289.2
8/6/2021,12:00,289.664
8/6/2021,18:00,298.814
8/7/2021,0:00,298.834
8/7/2021,6:00,291.442
8/7/2021,12:00,291.193
8/7/2021,18:00,299.84
8/8/2021,0:00,300.449
8/8/2021,6:00,292.252
8/8/2021,12:00,292.152
8/8/2021,18:00,301.313
8/9/2021,0:00,301.284
8/9/2021,6:00,293.515
8/9/2021,12:00,293.715
8/9/2021,18:00,296.907
8/10/2021,0:00,298.103
8/10/2021,6:00,287.275
8/10/2021,12:00,285.155
8/10/2021,18:00,288.829
8/11/2021,0:00,287.506
8/11/2021,6:00,285.861
8/11/2021,12:00,280.215
8/11/2021,18:00,287.316
8/12/2021,0:00,287.518
8/12/2021,6:00,279.968
8/12/2021,12:00,279.944
8/12/2021,18:00,287.5
8/13/2021,0:00,287.175
8/13/2021,6:00,282.375
8/13/2021,12:00,282.624
8/13/2021,18:00,291.976
8/14/2021,0:00,292.3
8/14/2021,6:00,285.665
8/14/2021,12:00,287
8/14/2021,18:00,293.338
8/15/2021,0:00,294.049
8/15/2021,6:00,287.317
8/15/2021,12:00,287.966
8/15/2021,18:00,294.218
8/16/2021,0:00,294.647
8/16/2021,6:00,287.166
8/16/2021,12:00,287.132
8/16/2021,18:00,296.395
8/17/2021,0:00,295.831
8/17/2021,6:00,287.7
8/17/2021,12:00,290.5
8/17/2021,18:00,301.228
8/18/2021,0:00,302.448
8/18/2021,6:00,294.251
8/18/2021,12:00,296.396
8/18/2021,18:00,306.8
8/19/2021,0:00,307.125
8/19/2021,6:00,298.229
8/19/2021,12:00,297.1
8/19/2021,18:00,306.1
8/20/2021,0:00,306.765
8/20/2021,6:00,297.265
8/20/2021,12:00,293.104
8/20/2021,18:00,294.249
8/21/2021,0:00,296.351
8/21/2021,6:00,287.937
8/21/2021,12:00,288.329
8/21/2021,18:00,296.3
8/22/2021,0:00,297.951
8/22/2021,6:00,292.479
8/22/2021,12:00,294.279
8/22/2021,18:00,299.791
8/23/2021,0:00,296.048
8/23/2021,6:00,291.629
8/23/2021,12:00,290.061
8/23/2021,18:00,292.803
8/24/2021,0:00,292.858
8/24/2021,6:00,288.284
8/24/2021,12:00,286.544
8/24/2021,18:00,294.262
8/25/2021,0:00,291.61
8/25/2021,6:00,287.331
8/25/2021,12:00,287.095
8/25/2021,18:00,287.818
8/26/2021,0:00,287.8
8/26/2021,6:00,286.442
8/26/2021,12:00,285.22
8/26/2021,18:00,291.011
8/27/2021,0:00,291
8/27/2021,6:00,284.016
8/27/2021,12:00,285.219
8/27/2021,18:00,292.713
8/28/2021,0:00,292.833
8/28/2021,6:00,284.653
8/28/2021,12:00,286.191
8/28/2021,18:00,296.8
8/29/2021,0:00,296.703
8/29/2021,6:00,288.864
8/29/2021,12:00,289.27
8/29/2021,18:00,297.116
8/30/2021,0:00,297.416
8/30/2021,6:00,290.2
8/30/2021,12:00,291.774
8/30/2021,18:00,299.809
8/31/2021,0:00,299.7
8/31/2021,6:00,292.224
8/31/2021,12:00,291.765
8/31/2021,18:00,300.044
9/1/2021,0:00,299.856
9/1/2021,6:00,292.084
9/1/2021,12:00,292.752
9/1/2021,18:00,301.778
9/2/2021,0:00,302.319
9/2/2021,6:00,294.076
9/2/2021,12:00,293.987
9/2/2021,18:00,299.365
9/3/2021,0:00,294.161
9/3/2021,6:00,290.171
9/3/2021,12:00,290.294
9/3/2021,18:00,296.28
9/4/2021,0:00,295.844
9/4/2021,6:00,288.416
9/4/2021,12:00,288.858
9/4/2021,18:00,296.584
9/5/2021,0:00,294.441
9/5/2021,6:00,290.508
9/5/2021,12:00,290.4
9/5/2021,18:00,296.353
9/6/2021,0:00,296.705
9/6/2021,6:00,288.436
9/6/2021,12:00,289.536
9/6/2021,18:00,294.601
9/7/2021,0:00,295.185
9/7/2021,6:00,290.659
9/7/2021,12:00,290.573
9/7/2021,18:00,294.315
9/8/2021,0:00,295.005
9/8/2021,6:00,290.665
9/8/2021,12:00,290.681
9/8/2021,18:00,290.976
9/9/2021,0:00,290.266
9/9/2021,6:00,285.189
9/9/2021,12:00,284.054
9/9/2021,18:00,287.836
9/10/2021,0:00,288.385
9/10/2021,6:00,286.085
9/10/2021,12:00,285.878
9/10/2021,18:00,289.979
9/11/2021,0:00,288.565
9/11/2021,6:00,287.827
9/11/2021,12:00,287.464
9/11/2021,18:00,294.041
9/12/2021,0:00,293.905
9/12/2021,6:00,286.85
9/12/2021,12:00,292.042
9/12/2021,18:00,302.399
9/13/2021,0:00,303.573
9/13/2021,6:00,298
9/13/2021,12:00,293.238
9/13/2021,18:00,298.525
9/14/2021,0:00,301.012
9/14/2021,6:00,293.228
9/14/2021,12:00,292.2
9/14/2021,18:00,291.568
9/15/2021,0:00,290.392
9/15/2021,6:00,284.645
9/15/2021,12:00,285.373
9/15/2021,18:00,291.216
9/16/2021,0:00,291.416
9/16/2021,6:00,284.637
9/16/2021,12:00,285.822
9/16/2021,18:00,293.473
9/17/2021,0:00,293.598
9/17/2021,6:00,286.2
9/17/2021,12:00,287.338
9/17/2021,18:00,291.381
9/18/2021,0:00,289.914
9/18/2021,6:00,288.498
9/18/2021,12:00,290.333
9/18/2021,18:00,296.822
9/19/2021,0:00,297.196
9/19/2021,6:00,290.918
9/19/2021,12:00,292.811
9/19/2021,18:00,299.838
9/20/2021,0:00,300.316
9/20/2021,6:00,294.555
9/20/2021,12:00,297.69
9/20/2021,18:00,303.472
9/21/2021,0:00,300.525
9/21/2021,6:00,291.406
9/21/2021,12:00,288.633
9/21/2021,18:00,291.7
9/22/2021,0:00,290.465
9/22/2021,6:00,285.992
9/22/2021,12:00,285.353
9/22/2021,18:00,293.88
9/23/2021,0:00,293.78
9/23/2021,6:00,288.283
9/23/2021,12:00,286.424
9/23/2021,18:00,291.9
9/24/2021,0:00,293.171
9/24/2021,6:00,288.724
9/24/2021,12:00,288.124
9/24/2021,18:00,293.2
9/25/2021,0:00,291.938
9/25/2021,6:00,285.936
9/25/2021,12:00,288.694
9/25/2021,18:00,295.043
9/26/2021,0:00,295.197
9/26/2021,6:00,287.645
9/26/2021,12:00,290.489
9/26/2021,18:00,298.416
9/27/2021,0:00,298.641
9/27/2021,6:00,289.8
9/27/2021,12:00,292.643
9/27/2021,18:00,301.861
9/28/2021,0:00,301.993
9/28/2021,6:00,292.9
9/28/2021,12:00,293.339
9/28/2021,18:00,296.258
9/29/2021,0:00,290.097
9/29/2021,6:00,289.734
9/29/2021,12:00,290.277
9/29/2021,18:00,294.122
9/30/2021,0:00,294.132
9/30/2021,6:00,291.524
9/30/2021,12:00,290.803
9/30/2021,18:00,301.457
10/1/2021,0:00,301.4
10/1/2021,6:00,293.077
10/1/2021,12:00,292.227
10/1/2021,18:00,295.147
10/2/2021,0:00,295.715
10/2/2021,6:00,289.6
10/2/2021,12:00,289.929
10/2/2021,18:00,297.786
10/3/2021,0:00,298.34
10/3/2021,6:00,292.139
10/3/2021,12:00,290.437
10/3/2021,18:00,294.886
10/4/2021,0:00,294.143
10/4/2021,6:00,287.165
10/4/2021,12:00,285.473
10/4/2021,18:00,291.473
10/5/2021,0:00,291.6
10/5/2021,6:00,283.828
10/5/2021,12:00,287.208
10/5/2021,18:00,294.486
10/6/2021,0:00,294.4
10/6/2021,6:00,287.708
10/6/2021,12:00,288.871
10/6/2021,18:00,294.85
10/7/2021,0:00,294.012
10/7/2021,6:00,290.775
10/7/2021,12:00,285.422
10/7/2021,18:00,292.307
10/8/2021,0:00,292.046
10/8/2021,6:00,284.908
10/8/2021,12:00,286.46
10/8/2021,18:00,294.014
10/9/2021,0:00,293.903
10/9/2021,6:00,290.528
10/9/2021,12:00,289.926
10/9/2021,18:00,295.918
10/10/2021,0:00,294.235
10/10/2021,6:00,291.219
10/10/2021,12:00,289.784
10/10/2021,18:00,294.584
10/11/2021,0:00,296.771
10/11/2021,6:00,291.062
10/11/2021,12:00,291.903
10/11/2021,18:00,294.1
10/12/2021,0:00,294.192
10/12/2021,6:00,288.877
10/12/2021,12:00,291.662
10/12/2021,18:00,297.912
10/13/2021,0:00,298.298
10/13/2021,6:00,291.562
10/13/2021,12:00,294.157
10/13/2021,18:00,302.2
10/14/2021,0:00,301.765
10/14/2021,6:00,292.493
10/14/2021,12:00,292.605
10/14/2021,18:00,299.271
10/15/2021,0:00,300.5
10/15/2021,6:00,292.697
10/15/2021,12:00,291.451
10/15/2021,18:00,289.265
10/16/2021,0:00,288.9
10/16/2021,6:00,287.242
10/16/2021,12:00,286.629
10/16/2021,18:00,292.115
10/17/2021,0:00,293.681
10/17/2021,6:00,286.22
10/17/2021,12:00,287.62
10/17/2021,18:00,293.884
10/18/2021,0:00,294.004
10/18/2021,6:00,286.763
10/18/2021,12:00,289.2
10/18/2021,18:00,295.433
10/19/2021,0:00,295.68
10/19/2021,6:00,287.893
10/19/2021,12:00,291.258
10/19/2021,18:00,296.497
10/20/2021,0:00,296.572
10/20/2021,6:00,288.752
10/20/2021,12:00,290.732
10/20/2021,18:00,296.107
10/21/2021,0:00,296.3
10/21/2021,6:00,288.587
10/21/2021,12:00,290.922
10/21/2021,18:00,297
10/22/2021,0:00,296.8
10/22/2021,6:00,288.567
10/22/2021,12:00,292.104
10/22/2021,18:00,299.664
10/23/2021,0:00,300.142
10/23/2021,6:00,291.32
10/23/2021,12:00,293.587
10/23/2021,18:00,294.713
10/24/2021,0:00,291.434
10/24/2021,6:00,289.225
10/24/2021,12:00,290.097
10/24/2021,18:00,295.539
10/25/2021,0:00,295.67
10/25/2021,6:00,288.305
10/25/2021,12:00,291.677
10/25/2021,18:00,299.2
10/26/2021,0:00,299.662
10/26/2021,6:00,291.241
10/26/2021,12:00,295.162
10/26/2021,18:00,302.955
10/27/2021,0:00,303.207
10/27/2021,6:00,293.795
10/27/2021,12:00,297.682
10/27/2021,18:00,304.13
10/28/2021,0:00,304.378
10/28/2021,6:00,294.649
10/28/2021,12:00,296.625
10/28/2021,18:00,302.564
10/29/2021,0:00,302.509
10/29/2021,6:00,294.386
10/29/2021,12:00,295.672
10/29/2021,18:00,303.824
10/30/2021,0:00,303.746
10/30/2021,6:00,296.546
10/30/2021,12:00,296.498
10/30/2021,18:00,304.554
10/31/2021,0:00,304.434
10/31/2021,6:00,296.402
10/31/2021,12:00,298.05
10/31/2021,18:00,304.374
11/1/2021,0:00,304.553
11/1/2021,6:00,296.124
11/1/2021,12:00,298.628
11/1/2021,18:00,304.4
11/2/2021,0:00,304.666
11/2/2021,6:00,298.443
11/2/2021,12:00,299.674
11/2/2021,18:00,305.22
11/3/2021,0:00,306.373
11/3/2021,6:00,293.138
11/3/2021,12:00,293.042
11/3/2021,18:00,300.566
11/4/2021,0:00,300.445
11/4/2021,6:00,294.596
11/4/2021,12:00,297.143
11/4/2021,18:00,303.767
11/5/2021,0:00,303.921
11/5/2021,6:00,297.26
11/5/2021,12:00,297.731
11/5/2021,18:00,300.034
11/6/2021,0:00,299.223
11/6/2021,6:00,292.533
11/6/2021,12:00,289.989
11/6/2021,18:00,292.285
11/7/2021,0:00,291.778
11/7/2021,6:00,291.053
11/7/2021,12:00,290.239
11/7/2021,18:00,298.782
11/8/2021,0:00,298.835
11/8/2021,6:00,290.962
11/8/2021,12:00,292.761
11/8/2021,18:00,299.961
11/9/2021,0:00,299.607
11/9/2021,6:00,291.031
11/9/2021,12:00,293.847
11/9/2021,18:00,300.132
11/10/2021,0:00,300.187
11/10/2021,6:00,292.02
11/10/2021,12:00,292.464
11/10/2021,18:00,298.129
11/11/2021,0:00,298.173
11/11/2021,6:00,292.665
11/11/2021,12:00,292.247
11/11/2021,18:00,300.073
11/12/2021,0:00,300.213
11/12/2021,6:00,292.226
11/12/2021,12:00,293.026
11/12/2021,18:00,300.836
11/13/2021,0:00,300.973
11/13/2021,6:00,293.913
11/13/2021,12:00,294.437
11/13/2021,18:00,306.131
11/14/2021,0:00,306.967
11/14/2021,6:00,298.251
11/14/2021,12:00,298.232
11/14/2021,18:00,300.039
11/15/2021,0:00,298.867
11/15/2021,6:00,292.486
11/15/2021,12:00,297.883
11/15/2021,18:00,305.847
11/16/2021,0:00,307.013
11/16/2021,6:00,298.972
11/16/2021,12:00,297.84
11/16/2021,18:00,301.04
11/17/2021,0:00,295.869
11/17/2021,6:00,294.366
11/17/2021,12:00,290.422
11/17/2021,18:00,296.338
11/18/2021,0:00,296.399
11/18/2021,6:00,288.317
11/18/2021,12:00,291.531
11/18/2021,18:00,299.054
11/19/2021,0:00,299.021
11/19/2021,6:00,289.67
11/19/2021,12:00,293.261
11/19/2021,18:00,300.723
11/20/2021,0:00,300.578
11/20/2021,6:00,291.295
11/20/2021,12:00,295.338
11/20/2021,18:00,303.193
11/21/2021,0:00,302.938
11/21/2021,6:00,293.471
11/21/2021,12:00,299.155
11/21/2021,18:00,306.624
11/22/2021,0:00,306.914
11/22/2021,6:00,295.959
11/22/2021,12:00,300.993
11/22/2021,18:00,310.551
11/23/2021,0:00,310.866
11/23/2021,6:00,301.12
11/23/2021,12:00,295.898
11/23/2021,18:00,303.652
11/24/2021,0:00,303.683
11/24/2021,6:00,292.288
11/24/2021,12:00,295.848
11/24/2021,18:00,307.102
11/25/2021,0:00,306.922
11/25/2021,6:00,294.787
11/25/2021,12:00,302.885
11/25/2021,18:00,299.417
11/26/2021,0:00,295.761
11/26/2021,6:00,295.089
11/26/2021,12:00,293.293
11/26/2021,18:00,302.244
11/27/2021,0:00,301.824
11/27/2021,6:00,294.415
11/27/2021,12:00,295.996
11/27/2021,18:00,301.075
11/28/2021,0:00,300.907
11/28/2021,6:00,294.65
11/28/2021,12:00,293.934
11/28/2021,18:00,294.193
11/29/2021,0:00,297.246
11/29/2021,6:00,292.42
11/29/2021,12:00,292.689
11/29/2021,18:00,300.533
11/30/2021,0:00,300.519
11/30/2021,6:00,292.71
11/30/2021,12:00,295.615
11/30/2021,18:00,301.938
12/1/2021,0:00,302.108
12/1/2021,6:00,291.962
12/1/2021,12:00,295.258
12/1/2021,18:00,302.074
12/2/2021,0:00,302.147
12/2/2021,6:00,293.684
12/2/2021,12:00,294.7
12/2/2021,18:00,302.112
12/3/2021,0:00,302.085
12/3/2021,6:00,292.179
12/3/2021,12:00,294.468
12/3/2021,18:00,303.397
12/4/2021,0:00,303.217
12/4/2021,6:00,295.091
12/4/2021,12:00,296.245
12/4/2021,18:00,305.691
12/5/2021,0:00,306.103
12/5/2021,6:00,298.202
12/5/2021,12:00,297.662
12/5/2021,18:00,305.855
12/6/2021,0:00,306.15
12/6/2021,6:00,296.366
12/6/2021,12:00,297.258
12/6/2021,18:00,305.108
12/7/2021,0:00,305.052
12/7/2021,6:00,295.613
12/7/2021,12:00,296.084
12/7/2021,18:00,304.257
12/8/2021,0:00,304.232
12/8/2021,6:00,294.307
12/8/2021,12:00,295.902
12/8/2021,18:00,306.273
12/9/2021,0:00,305.81
12/9/2021,6:00,294.749
12/9/2021,12:00,295.195
12/9/2021,18:00,305.588
12/10/2021,0:00,305.702
12/10/2021,6:00,294.998
12/10/2021,12:00,295.795
12/10/2021,18:00,306.193
12/11/2021,0:00,307.062
12/11/2021,6:00,297.637
12/11/2021,12:00,298.181
12/11/2021,18:00,307.427
12/12/2021,0:00,307.453
12/12/2021,6:00,298.555
12/12/2021,12:00,300.682
12/12/2021,18:00,309.241
12/13/2021,0:00,309.386
12/13/2021,6:00,300.43
12/13/2021,12:00,300.859
12/13/2021,18:00,305.234
12/14/2021,0:00,298.028
12/14/2021,6:00,294.424
12/14/2021,12:00,294.489
12/14/2021,18:00,297.699
12/15/2021,0:00,297.634
12/15/2021,6:00,294.019
12/15/2021,12:00,294.234
12/15/2021,18:00,303.809
12/16/2021,0:00,304.288
12/16/2021,6:00,295.593
12/16/2021,12:00,296.622
12/16/2021,18:00,306.321
12/17/2021,0:00,306.7
12/17/2021,6:00,296.598
12/17/2021,12:00,297.15
12/17/2021,18:00,305.666
12/18/2021,0:00,306.246
12/18/2021,6:00,296.904
12/18/2021,12:00,297.46
12/18/2021,18:00,307.121
12/19/2021,0:00,307.52
12/19/2021,6:00,297.397
12/19/2021,12:00,298.342
12/19/2021,18:00,310.733
12/20/2021,0:00,312.213
12/20/2021,6:00,302.459
12/20/2021,12:00,304.351
12/20/2021,18:00,314.521
12/21/2021,0:00,314.135
12/21/2021,6:00,303.278
12/21/2021,12:00,302.918
12/21/2021,18:00,313.309
12/22/2021,0:00,313.552
12/22/2021,6:00,297.223
12/22/2021,12:00,299.807
12/22/2021,18:00,309.93
12/23/2021,0:00,308.951
12/23/2021,6:00,298.537
12/23/2021,12:00,296.731
12/23/2021,18:00,306.717
12/24/2021,0:00,306.867
12/24/2021,6:00,295.558
12/24/2021,12:00,297.16
12/24/2021,18:00,308.121
12/25/2021,0:00,308.205
12/25/2021,6:00,296.838
12/25/2021,12:00,300.509
12/25/2021,18:00,310.426
12/26/2021,0:00,310.6
12/26/2021,6:00,301.919
12/26/2021,12:00,300.44
12/26/2021,18:00,310.071
12/27/2021,0:00,310.265
12/27/2021,6:00,298.825
12/27/2021,12:00,301.753
12/27/2021,18:00,311.044
12/28/2021,0:00,311.234
12/28/2021,6:00,299.795
12/28/2021,12:00,301.839
12/28/2021,18:00,311.914
12/29/2021,0:00,311.791
12/29/2021,6:00,299.528
12/29/2021,12:00,298.111
12/29/2021,18:00,311.752
12/30/2021,0:00,311.813
12/30/2021,6:00,301.712
12/30/2021,12:00,300.894
12/30/2021,18:00,311.847
12/31/2021,0:00,311.929
12/31/2021,6:00,304.624
12/31/2021,12:00,302.978
12/31/2021,18:00,311.923
1/1/2022,0:00,312.328
1/1/2022,6:00,302.922
1/1/2022,12:00,305.682
1/1/2022,18:00,314.845
1/2/2022,0:00,315.131
1/2/2022,6:00,305.591
1/2/2022,12:00,306.654
1/2/2022,18:00,313.856
1/3/2022,0:00,311.727
1/3/2022,6:00,301.995
1/3/2022,12:00,303.71
1/3/2022,18:00,312.864
1/4/2022,0:00,312.215
1/4/2022,6:00,297.444
1/4/2022,12:00,302.203
1/4/2022,18:00,307.162
1/5/2022,0:00,308.403
1/5/2022,6:00,298.43
1/5/2022,12:00,296.137
1/5/2022,18:00,307.044
1/6/2022,0:00,307.064
1/6/2022,6:00,299.101
1/6/2022,12:00,295.77
1/6/2022,18:00,306.418
1/7/2022,0:00,306.78
1/7/2022,6:00,297.188
1/7/2022,12:00,296.223
1/7/2022,18:00,307.202
1/8/2022,0:00,307.259
1/8/2022,6:00,296.674
1/8/2022,12:00,295.982
1/8/2022,18:00,307.39
1/9/2022,0:00,308.642
1/9/2022,6:00,300.801
1/9/2022,12:00,298.035
1/9/2022,18:00,309.72
1/10/2022,0:00,309.973
1/10/2022,6:00,299.934
1/10/2022,12:00,298.603
1/10/2022,18:00,309.303
1/11/2022,0:00,309.724
1/11/2022,6:00,299.406
1/11/2022,12:00,301.237
1/11/2022,18:00,311.35
1/12/2022,0:00,312.073
1/12/2022,6:00,300.985
1/12/2022,12:00,304.011
1/12/2022,18:00,314.597
1/13/2022,0:00,314.662
1/13/2022,6:00,303.839
1/13/2022,12:00,303.914
1/13/2022,18:00,313.716
1/14/2022,0:00,314.77
1/14/2022,6:00,303.51
1/14/2022,12:00,305.46
1/14/2022,18:00,313.402
1/15/2022,0:00,311.438
1/15/2022,6:00,303.848
1/15/2022,12:00,305.723
1/15/2022,18:00,313.402
1/16/2022,0:00,313.928
1/16/2022,6:00,305.871
1/16/2022,12:00,304.763
1/16/2022,18:00,313.188
1/17/2022,0:00,313.411
1/17/2022,6:00,308.003
1/17/2022,12:00,303.069
1/17/2022,18:00,315.928
1/18/2022,0:00,315.601
1/18/2022,6:00,302.382
1/18/2022,12:00,305.132
1/18/2022,18:00,313.974
1/19/2022,0:00,313.502
1/19/2022,6:00,304.887
1/19/2022,12:00,307.042
1/19/2022,18:00,316.559
1/20/2022,0:00,314.328
1/20/2022,6:00,303.986
1/20/2022,12:00,308.43
1/20/2022,18:00,314.648
1/21/2022,0:00,315.636
1/21/2022,6:00,305.723
1/21/2022,12:00,306.072
1/21/2022,18:00,315.591
1/22/2022,0:00,314.647
1/22/2022,6:00,305.346
1/22/2022,12:00,308.213
1/22/2022,18:00,316.007
1/23/2022,0:00,315.423
1/23/2022,6:00,306.895
1/23/2022,12:00,308.845
1/23/2022,18:00,315.991
1/24/2022,0:00,315.134
1/24/2022,6:00,306.56
1/24/2022,12:00,307.701
1/24/2022,18:00,314.856
1/25/2022,0:00,314.921
1/25/2022,6:00,298.316
1/25/2022,12:00,305.609
1/25/2022,18:00,314.473
1/26/2022,0:00,314.072
1/26/2022,6:00,298.546
1/26/2022,12:00,305.551
1/26/2022,18:00,306.899
1/27/2022,0:00,300.03
1/27/2022,6:00,297.268
1/27/2022,12:00,295.342
1/27/2022,18:00,301.149
1/28/2022,0:00,302.857
1/28/2022,6:00,295.168
1/28/2022,12:00,295.181
1/28/2022,18:00,303.829
1/29/2022,0:00,304.337
1/29/2022,6:00,295.354
1/29/2022,12:00,295.383
1/29/2022,18:00,305.393
1/30/2022,0:00,305.42
1/30/2022,6:00,295.342
1/30/2022,12:00,296.862
1/30/2022,18:00,306.749
1/31/2022,0:00,307.141
1/31/2022,6:00,297.847
1/31/2022,12:00,301.137
1/31/2022,18:00,310.231
2/1/2022,0:00,310.194
2/1/2022,6:00,300.053
2/1/2022,12:00,297.721
2/1/2022,18:00,309.313
2/2/2022,0:00,310.298
2/2/2022,6:00,301.223
2/2/2022,12:00,302.114
2/2/2022,18:00,312.951
2/3/2022,0:00,313.54
2/3/2022,6:00,303.166
2/3/2022,12:00,304.546
2/3/2022,18:00,311.101
2/4/2022,0:00,306.35
2/4/2022,6:00,294.36
2/4/2022,12:00,297.463
2/4/2022,18:00,305.141
2/5/2022,0:00,306.507
2/5/2022,6:00,300.409
2/5/2022,12:00,299.028
2/5/2022,18:00,307.968
2/6/2022,0:00,308.097
2/6/2022,6:00,297.612
2/6/2022,12:00,294.38
2/6/2022,18:00,302.268
2/7/2022,0:00,302.846
2/7/2022,6:00,293.011
2/7/2022,12:00,294.544
2/7/2022,18:00,303.584
2/8/2022,0:00,304.124
2/8/2022,6:00,294.912
2/8/2022,12:00,295.043
2/8/2022,18:00,304.753
2/9/2022,0:00,305.112
2/9/2022,6:00,294.018
2/9/2022,12:00,295.743
2/9/2022,18:00,305.546
2/10/2022,0:00,306.034
2/10/2022,6:00,295.829
2/10/2022,12:00,296.414
2/10/2022,18:00,308.464
2/11/2022,0:00,309.913
2/11/2022,6:00,300.089
2/11/2022,12:00,298.483
2/11/2022,18:00,312.846
2/12/2022,0:00,312.617
2/12/2022,6:00,303.107
2/12/2022,12:00,299.78
2/12/2022,18:00,305.047
2/13/2022,0:00,305.918
2/13/2022,6:00,295.679
2/13/2022,12:00,295.152
2/13/2022,18:00,304.817
2/14/2022,0:00,304.967
2/14/2022,6:00,292.791
2/14/2022,12:00,295.124
2/14/2022,18:00,306.075
2/15/2022,0:00,306.636
2/15/2022,6:00,295.575
2/15/2022,12:00,299.098
2/15/2022,18:00,308.986
2/16/2022,0:00,309.828
2/16/2022,6:00,298.602
2/16/2022,12:00,299.501
2/16/2022,18:00,311.068
2/17/2022,0:00,311.495
2/17/2022,6:00,299.571
2/17/2022,12:00,301.185
2/17/2022,18:00,311.964
2/18/2022,0:00,311.738
2/18/2022,6:00,300.562
2/18/2022,12:00,298.412
2/18/2022,18:00,309.239
2/19/2022,0:00,309.477
2/19/2022,6:00,298.904
2/19/2022,12:00,298.42
2/19/2022,18:00,309.587
2/20/2022,0:00,309.77
2/20/2022,6:00,300.128
2/20/2022,12:00,302.006
2/20/2022,18:00,311.858
2/21/2022,0:00,311.719
2/21/2022,6:00,299.268
2/21/2022,12:00,299.479
2/21/2022,18:00,310.138
2/22/2022,0:00,310.304
2/22/2022,6:00,299.897
2/22/2022,12:00,296.712
2/22/2022,18:00,306.261
2/23/2022,0:00,307.602
2/23/2022,6:00,298.037
2/23/2022,12:00,298.359
2/23/2022,18:00,309.797
2/24/2022,0:00,310.187
2/24/2022,6:00,298.852
2/24/2022,12:00,300.217
2/24/2022,18:00,312.708
2/25/2022,0:00,313.735
2/25/2022,6:00,300.991
2/25/2022,12:00,297.731
2/25/2022,18:00,303.642
2/26/2022,0:00,306.238
2/26/2022,6:00,297.945
2/26/2022,12:00,303.387
2/26/2022,18:00,312.523
2/27/2022,0:00,312.928
2/27/2022,6:00,304.684
2/27/2022,12:00,305.343
2/27/2022,18:00,313.618
2/28/2022,0:00,312.739
2/28/2022,6:00,296.69
2/28/2022,12:00,298.522
2/28/2022,18:00,303.594
3/1/2022,0:00,297.6
3/1/2022,6:00,295.161
3/1/2022,12:00,295.009
3/1/2022,18:00,304.132
3/2/2022,0:00,304.954
3/2/2022,6:00,297.582
3/2/2022,12:00,297.864
3/2/2022,18:00,305.936
3/3/2022,0:00,307.049
3/3/2022,6:00,296.775
3/3/2022,12:00,298.556
3/3/2022,18:00,305.474
3/4/2022,0:00,305.811
3/4/2022,6:00,296.714
3/4/2022,12:00,298.628
3/4/2022,18:00,310.951
3/5/2022,0:00,311.387
3/5/2022,6:00,300.521
3/5/2022,12:00,302.57
3/5/2022,18:00,311.032
3/6/2022,0:00,311.228
3/6/2022,6:00,296.066
3/6/2022,12:00,295.732
3/6/2022,18:00,300.3
3/7/2022,0:00,298.613
3/7/2022,6:00,295.568
3/7/2022,12:00,298.886
3/7/2022,18:00,307.962
3/8/2022,0:00,297.594
3/8/2022,6:00,295.049
3/8/2022,12:00,294.789
3/8/2022,18:00,299.605
3/9/2022,0:00,302.91
3/9/2022,6:00,296.041
3/9/2022,12:00,296.425
3/9/2022,18:00,304.262
3/10/2022,0:00,305.995
3/10/2022,6:00,294.847
3/10/2022,12:00,294.971
3/10/2022,18:00,294.974
3/11/2022,0:00,296.305
3/11/2022,6:00,293.542
3/11/2022,12:00,293.072
3/11/2022,18:00,298.255
3/12/2022,0:00,297.927
3/12/2022,6:00,290.241
3/12/2022,12:00,290.814
3/12/2022,18:00,297.415
3/13/2022,0:00,297.454
3/13/2022,6:00,290.863
3/13/2022,12:00,291.581
3/13/2022,18:00,299
3/14/2022,0:00,298.9
3/14/2022,6:00,288.981
3/14/2022,12:00,292.9
3/14/2022,18:00,298.654
3/15/2022,0:00,297.812
3/15/2022,6:00,292.054
3/15/2022,12:00,293.574
3/15/2022,18:00,300.729
3/16/2022,0:00,300.718
3/16/2022,6:00,292.956
3/16/2022,12:00,294.753
3/16/2022,18:00,302.989
3/17/2022,0:00,301.673
3/17/2022,6:00,295.477
3/17/2022,12:00,296.71
3/17/2022,18:00,306.189
3/18/2022,0:00,305.959
3/18/2022,6:00,298.161
3/18/2022,12:00,299.596
3/18/2022,18:00,307.349
3/19/2022,0:00,307.121
3/19/2022,6:00,290.738
3/19/2022,12:00,289.186
3/19/2022,18:00,295.233
3/20/2022,0:00,294.963
3/20/2022,6:00,287.316
3/20/2022,12:00,288.501
3/20/2022,18:00,297.728
3/21/2022,0:00,297.622
3/21/2022,6:00,288.931
3/21/2022,12:00,290.621
3/21/2022,18:00,304.808
3/22/2022,0:00,305.043
3/22/2022,6:00,295.669
3/22/2022,12:00,294.569
3/22/2022,18:00,298.458
3/23/2022,0:00,295.561
3/23/2022,6:00,291.988
3/23/2022,12:00,295.461
3/23/2022,18:00,296.301
3/24/2022,0:00,295.369
3/24/2022,6:00,292.891
3/24/2022,12:00,293.325
3/24/2022,18:00,298.028
3/25/2022,0:00,294.344
3/25/2022,6:00,287.335
3/25/2022,12:00,287.808
3/25/2022,18:00,294.009
3/26/2022,0:00,294.035
3/26/2022,6:00,290.498
3/26/2022,12:00,290.597
3/26/2022,18:00,294.853
3/27/2022,0:00,295.414
3/27/2022,6:00,292.582
3/27/2022,12:00,292.915
3/27/2022,18:00,299.5
3/28/2022,0:00,299.818
3/28/2022,6:00,292.611
3/28/2022,12:00,293.357
3/28/2022,18:00,302.2
3/29/2022,0:00,302.298
3/29/2022,6:00,292.49
3/29/2022,12:00,294.585
3/29/2022,18:00,304.4
3/30/2022,0:00,304.083
3/30/2022,6:00,296.772
3/30/2022,12:00,293.311
3/30/2022,18:00,291.525
3/31/2022,0:00,288.769
3/31/2022,6:00,285.763
3/31/2022,12:00,284.975
3/31/2022,18:00,291.724
4/1/2022,0:00,291.7
4/1/2022,6:00,284.977
4/1/2022,12:00,285.972
4/1/2022,18:00,293.541
4/2/2022,0:00,293.701
4/2/2022,6:00,286.106
4/2/2022,12:00,287.529
4/2/2022,18:00,297.87
4/3/2022,0:00,298.52
4/3/2022,6:00,291.284
4/3/2022,12:00,290.27
4/3/2022,18:00,290.916
4/4/2022,0:00,291.402
4/4/2022,6:00,291.551
4/4/2022,12:00,294.061
4/4/2022,18:00,295.875
4/5/2022,0:00,295.579
4/5/2022,6:00,291.134
4/5/2022,12:00,291.9
4/5/2022,18:00,297.922
4/6/2022,0:00,296.579
4/6/2022,6:00,293.527
4/6/2022,12:00,292.427
4/6/2022,18:00,299.419
4/7/2022,0:00,299.597
4/7/2022,6:00,293.477
4/7/2022,12:00,292.298
4/7/2022,18:00,294.431
4/8/2022,0:00,294.513
4/8/2022,6:00,292.007
4/8/2022,12:00,293.3
4/8/2022,18:00,297.443
4/9/2022,0:00,297.4
4/9/2022,6:00,292.202
4/9/2022,12:00,292.202
4/9/2022,18:00,298.624
4/10/2022,0:00,298.646
4/10/2022,6:00,291.048
4/10/2022,12:00,292.212
4/10/2022,18:00,298.483
4/11/2022,0:00,298.9
4/11/2022,6:00,292.959
4/11/2022,12:00,292.4
4/11/2022,18:00,294.823
4/12/2022,0:00,295.543
4/12/2022,6:00,293.243
4/12/2022,12:00,292.614
4/12/2022,18:00,298.155
4/13/2022,0:00,297.935
4/13/2022,6:00,292.364
4/13/2022,12:00,289.468
4/13/2022,18:00,296.021
4/14/2022,0:00,295.628
4/14/2022,6:00,288.584
4/14/2022,12:00,286.207
4/14/2022,18:00,292.741
4/15/2022,0:00,292.816
4/15/2022,6:00,285.531
4/15/2022,12:00,285.529
4/15/2022,18:00,292.9
4/16/2022,0:00,293.053
4/16/2022,6:00,286.023
4/16/2022,12:00,287.522
4/16/2022,18:00,293.904
4/17/2022,0:00,294
4/17/2022,6:00,287.129
4/17/2022,12:00,287.822
4/17/2022,18:00,294.929
4/18/2022,0:00,294.903
4/18/2022,12:00,289.122
4/18/2022,18:00,297.1
4/19/2022,0:00,297.107
4/19/2022,6:00,290.511
4/19/2022,12:00,291.425
4/19/2022,18:00,298.567
4/20/2022,0:00,298.714
4/20/2022,6:00,291.39
4/20/2022,12:00,291.941
4/20/2022,18:00,299.6
4/21/2022,0:00,299.662
4/21/2022,6:00,291.819
4/21/2022,12:00,292.142
4/21/2022,18:00,299.672
4/22/2022,0:00,300
4/22/2022,6:00,292.956
4/22/2022,12:00,291.85
4/22/2022,18:00,297.276
4/23/2022,0:00,296.712
4/23/2022,6:00,290.338
4/23/2022,12:00,285.294
4/23/2022,18:00,293.256
4/24/2022,0:00,293.351
4/24/2022,6:00,286.385
4/24/2022,12:00,288.6
4/24/2022,18:00,299.284
4/25/2022,0:00,299.833
4/25/2022,6:00,295.943
4/25/2022,12:00,295.812
4/25/2022,18:00,300.428
4/26/2022,0:00,302.199
4/26/2022,6:00,295.724
4/26/2022,12:00,294.703
4/26/2022,18:00,302.028
4/27/2022,0:00,301.101
4/27/2022,6:00,297.704
4/27/2022,12:00,298.211
4/27/2022,18:00,303.614
4/28/2022,0:00,303.527
4/28/2022,6:00,294.354
4/28/2022,12:00,294.268
4/28/2022,18:00,295.271
4/29/2022,0:00,293.219
4/29/2022,6:00,289.367
4/29/2022,12:00,284.335
4/29/2022,18:00,290.247
4/30/2022,0:00,290.448
4/30/2022,6:00,285.1
4/30/2022,12:00,284.94
4/30/2022,18:00,290.575
5/1/2022,0:00,288.801
5/1/2022,6:00,288.137
5/1/2022,12:00,288.321
5/1/2022,18:00,289.573
5/2/2022,0:00,290.424
5/2/2022,6:00,287.805
5/2/2022,12:00,286.718
5/2/2022,18:00,287.476
5/3/2022,0:00,287.03
5/3/2022,6:00,285.999
5/3/2022,12:00,286.194
5/3/2022,18:00,286.315
5/4/2022,0:00,285.806
5/4/2022,6:00,286.032
5/4/2022,12:00,286.694
5/4/2022,18:00,292.567
5/5/2022,0:00,292.731
5/5/2022,6:00,289.665
5/5/2022,12:00,287.926
5/5/2022,18:00,293.817
5/6/2022,0:00,293.909
5/6/2022,6:00,288.085
5/6/2022,12:00,287.315
5/6/2022,18:00,293.438
5/7/2022,0:00,293.448
5/7/2022,6:00,287.802
5/7/2022,12:00,287.348
5/7/2022,18:00,293.7
5/8/2022,0:00,293.733
5/8/2022,6:00,286.485
5/8/2022,12:00,288.019
5/8/2022,18:00,295.919
5/9/2022,0:00,296.006
5/9/2022,6:00,289.239
5/9/2022,12:00,287.901
5/9/2022,18:00,294.8
5/10/2022,0:00,294.741
5/10/2022,6:00,289.351
5/10/2022,12:00,289.3
5/10/2022,18:00,293.193
5/11/2022,0:00,293.137
5/11/2022,6:00,288.606
5/11/2022,12:00,287.519
5/11/2022,18:00,292.421
5/12/2022,0:00,292.481
5/12/2022,6:00,285.859
5/12/2022,12:00,284.789
5/12/2022,18:00,291.034
5/13/2022,0:00,291.179
5/13/2022,6:00,284.527
5/13/2022,12:00,284.693
5/13/2022,18:00,292.465
5/14/2022,0:00,292.507
5/14/2022,6:00,286.423
5/14/2022,12:00,286.695
5/14/2022,18:00,292.553
5/15/2022,0:00,292.78
5/15/2022,6:00,289.4
5/15/2022,12:00,288.38
5/15/2022,18:00,292.047
5/16/2022,0:00,292.028
5/16/2022,6:00,283.175
5/16/2022,12:00,280.915
5/16/2022,18:00,287.107
5/17/2022,0:00,286.17
5/17/2022,6:00,283.651
5/17/2022,12:00,282.56
5/17/2022,18:00,284.128
5/18/2022,0:00,284.812
5/18/2022,6:00,284.188
5/18/2022,12:00,283.931
5/18/2022,18:00,289.1
5/19/2022,0:00,288.75
5/19/2022,6:00,282.095
5/19/2022,12:00,282.077
5/19/2022,18:00,288.744
5/20/2022,0:00,288.883
5/20/2022,6:00,282.201
5/20/2022,12:00,282.743
5/20/2022,18:00,289.695
5/21/2022,0:00,289.598
5/21/2022,6:00,282.7
5/21/2022,12:00,283.35
5/21/2022,18:00,291.002
5/22/2022,0:00,291.105
5/22/2022,6:00,285.137
5/22/2022,12:00,285.366
5/22/2022,18:00,292.631
5/23/2022,0:00,292.571
5/23/2022,6:00,285.455
5/23/2022,12:00,285.912
5/23/2022,18:00,293.804
5/24/2022,0:00,294.205
5/24/2022,6:00,286.71
5/24/2022,12:00,288.215
5/24/2022,18:00,296.775
5/25/2022,0:00,296.856
5/25/2022,6:00,290.465
5/25/2022,12:00,291.182
5/25/2022,18:00,299.4
5/26/2022,0:00,299.055
5/26/2022,6:00,291.775
5/26/2022,12:00,290.317
5/26/2022,18:00,290.356
5/27/2022,0:00,291.2
5/27/2022,6:00,291.083
5/27/2022,12:00,290.471
5/27/2022,18:00,291.363
5/28/2022,0:00,291.786
5/28/2022,6:00,290.733
5/28/2022,12:00,289.833
5/28/2022,18:00,292.468
5/29/2022,0:00,292.147
5/29/2022,6:00,291.041
5/29/2022,12:00,290.255
5/29/2022,18:00,289.895
5/30/2022,0:00,289.412
5/30/2022,6:00,284.572
5/30/2022,12:00,280.045
5/30/2022,18:00,285.765
5/31/2022,0:00,285.604
5/31/2022,6:00,278.611
5/31/2022,12:00,278.104
5/31/2022,18:00,285.076
6/1/2022,0:00,284.869
6/1/2022,6:00,278.1
6/1/2022,12:00,278.645
6/1/2022,18:00,285.924
6/2/2022,0:00,285.732
6/2/2022,6:00,279.03
6/2/2022,12:00,279.208
6/2/2022,18:00,285.9
6/3/2022,0:00,286.015
6/3/2022,6:00,278.93
6/3/2022,12:00,278.993
6/3/2022,18:00,286.332
6/4/2022,0:00,286.281
6/4/2022,6:00,279.479
6/4/2022,12:00,281.609
6/4/2022,18:00,291.87
6/5/2022,0:00,292.428
6/5/2022,6:00,288.26
6/5/2022,12:00,288.652
6/5/2022,18:00,291.907
6/6/2022,0:00,292.343
6/6/2022,6:00,291
6/6/2022,12:00,291.024
6/6/2022,18:00,290.6
6/7/2022,0:00,289.414
6/7/2022,6:00,288.39
6/7/2022,12:00,288.179
6/7/2022,18:00,290.624
6/8/2022,0:00,290.519
6/8/2022,6:00,288.85
6/8/2022,12:00,288.715
6/8/2022,18:00,293.3
6/9/2022,0:00,293.65
6/9/2022,6:00,288.169
6/9/2022,12:00,287.002
6/9/2022,18:00,293.156
6/10/2022,0:00,293.061
6/10/2022,6:00,288.827
6/10/2022,12:00,287.873
6/10/2022,18:00,286.158
6/11/2022,0:00,284.986
6/11/2022,6:00,278.168
6/11/2022,12:00,276.937
6/11/2022,18:00,284.579
6/12/2022,0:00,284.888
6/12/2022,6:00,278.269
6/12/2022,12:00,278.761
6/12/2022,18:00,287.684
6/13/2022,0:00,287.977
6/13/2022,6:00,280.9
6/13/2022,12:00,280.605
6/13/2022,18:00,288.401
6/14/2022,0:00,288.6
6/14/2022,6:00,282.202
6/14/2022,12:00,283.14
6/14/2022,18:00,292.148
6/15/2022,0:00,292.601
6/15/2022,6:00,285.599
6/15/2022,12:00,284.67
6/15/2022,18:00,292.724
6/16/2022,0:00,293.442
6/16/2022,6:00,286.537
6/16/2022,12:00,286.967
6/16/2022,18:00,290.96
6/17/2022,0:00,290.651
6/17/2022,6:00,290.094
6/17/2022,12:00,290.374
6/17/2022,18:00,288.877
6/18/2022,0:00,288.002
6/18/2022,6:00,281.576
6/18/2022,12:00,278.3
6/18/2022,18:00,284.726
6/19/2022,0:00,285.001
6/19/2022,6:00,279.451
6/19/2022,12:00,279.178
6/19/2022,18:00,288.1
6/20/2022,0:00,288.567
6/20/2022,6:00,281.408
6/20/2022,12:00,282.016
6/20/2022,18:00,290.993
6/21/2022,0:00,291.768
6/21/2022,6:00,288.137
6/21/2022,12:00,288.794
6/21/2022,18:00,290.458
6/22/2022,0:00,289.839
6/22/2022,6:00,288.8
6/22/2022,12:00,287.604
6/22/2022,18:00,286.619
6/23/2022,0:00,286.715
6/23/2022,6:00,284.894
6/23/2022,12:00,284.36
6/23/2022,18:00,285.614
6/24/2022,0:00,286.605
6/24/2022,6:00,285.831
6/24/2022,12:00,285.824
6/24/2022,18:00,287.43
6/25/2022,0:00,286.872
6/25/2022,6:00,285.709
6/25/2022,12:00,285.006
6/25/2022,18:00,287.095
6/26/2022,0:00,287.158
6/26/2022,6:00,281.683
6/26/2022,12:00,280.807
6/26/2022,18:00,284.229
6/27/2022,0:00,284.3
6/27/2022,6:00,283.543
6/27/2022,12:00,285.415
6/27/2022,18:00,290.878
6/28/2022,0:00,291.632
6/28/2022,6:00,288.512
6/28/2022,12:00,288.828
6/28/2022,18:00,288.717
6/29/2022,0:00,286.811
6/29/2022,6:00,282.506
6/29/2022,12:00,281.107
6/29/2022,18:00,288.303
6/30/2022,0:00,288.354
6/30/2022,6:00,282.704
6/30/2022,12:00,282.221
6/30/2022,18:00,289.3
7/1/2022,0:00,289.545
7/1/2022,6:00,283.239
7/1/2022,12:00,282.817
7/1/2022,18:00,292.535
7/2/2022,0:00,292.61
7/2/2022,6:00,290.404
7/2/2022,12:00,290.9
7/2/2022,18:00,293.536
7/3/2022,0:00,291.707
7/3/2022,6:00,287.173
7/3/2022,12:00,286.303
7/3/2022,18:00,290.305
7/4/2022,0:00,290.688
7/4/2022,6:00,288.05
7/4/2022,12:00,289.82
7/4/2022,18:00,296.502
7/5/2022,0:00,296.098
7/5/2022,6:00,291.788
7/5/2022,12:00,290.636
7/5/2022,18:00,292.469
7/6/2022,0:00,292.7
7/6/2022,6:00,290.065
7/6/2022,12:00,290.984
7/6/2022,18:00,296
7/7/2022,0:00,296.227
7/7/2022,6:00,291.86
7/7/2022,12:00,290.973
7/7/2022,18:00,295.066
7/8/2022,0:00,290.977
7/8/2022,6:00,288.735
7/8/2022,12:00,286.763
7/8/2022,18:00,295.057
7/9/2022,0:00,294.331
7/9/2022,6:00,289.876
7/9/2022,12:00,290.842
7/9/2022,18:00,297.333
7/10/2022,0:00,298.097
7/10/2022,6:00,293.929
7/10/2022,12:00,293.796
7/10/2022,18:00,297.704
7/11/2022,0:00,297.512
7/11/2022,6:00,295.519
7/11/2022,12:00,295.559
7/11/2022,18:00,296.232
7/12/2022,0:00,292.458
7/12/2022,6:00,285.73
7/12/2022,12:00,283.011
7/12/2022,18:00,286.104
7/13/2022,0:00,286.803
7/13/2022,6:00,281.671
7/13/2022,12:00,280.478
7/13/2022,18:00,288.133
7/14/2022,0:00,288.578
7/14/2022,6:00,285.321
7/14/2022,12:00,287.541
7/14/2022,18:00,292.856
7/15/2022,0:00,293.24
7/15/2022,6:00,291.484
7/15/2022,12:00,290.794
7/15/2022,18:00,295.516
7/16/2022,0:00,295.129
7/16/2022,6:00,291.52
7/16/2022,12:00,290.937
7/16/2022,18:00,291.054
7/17/2022,0:00,285.607
7/17/2022,6:00,282.378
7/17/2022,12:00,282.186
7/17/2022,18:00,285.748
7/18/2022,0:00,285.5
7/18/2022,6:00,280.973
7/18/2022,12:00,280.898
7/18/2022,18:00,288.607
7/19/2022,0:00,288.8
7/19/2022,6:00,284.837
7/19/2022,12:00,284.254
7/19/2022,18:00,289.912
7/20/2022,0:00,289.737
7/20/2022,6:00,284.431
7/20/2022,12:00,286.856
7/20/2022,18:00,296.142
7/21/2022,0:00,297.387
7/21/2022,6:00,292.615
7/21/2022,12:00,292.225
7/21/2022,18:00,296.774
7/22/2022,0:00,297.243
7/22/2022,6:00,293.282
7/22/2022,12:00,291.371
7/22/2022,18:00,298.318
7/23/2022,0:00,296.894
7/23/2022,6:00,291.478
7/23/2022,12:00,291.175
7/23/2022,18:00,297.204
7/24/2022,0:00,298.505
7/24/2022,6:00,293.407
7/24/2022,12:00,292.929
7/24/2022,18:00,296.273
7/25/2022,0:00,294.257
7/25/2022,6:00,294.012
7/25/2022,12:00,293.299
7/25/2022,18:00,299.571
7/26/2022,0:00,299.378
7/26/2022,6:00,292.798
7/26/2022,12:00,292.132
7/26/2022,18:00,300.145
7/27/2022,0:00,300.161
7/27/2022,6:00,293.565
7/27/2022,12:00,293.085
7/27/2022,18:00,299.215
7/28/2022,0:00,299.117
7/28/2022,6:00,293.25
7/28/2022,12:00,292.755
7/28/2022,18:00,292.957
7/29/2022,0:00,289.543
7/29/2022,6:00,284.88
7/29/2022,12:00,281.4
7/29/2022,18:00,288.058
7/30/2022,0:00,288.5
7/30/2022,6:00,282.217
7/30/2022,12:00,281.971
7/30/2022,18:00,289.582
7/31/2022,0:00,289.872
7/31/2022,6:00,283.624
7/31/2022,12:00,283.483
7/31/2022,18:00,291.605
8/1/2022,0:00,292.127
8/1/2022,6:00,285.5
8/1/2022,12:00,284.932
8/1/2022,18:00,292.708
8/2/2022,0:00,292.836
8/2/2022,6:00,286.372
8/2/2022,12:00,286.989
8/2/2022,18:00,291.7
8/3/2022,0:00,292.818
8/3/2022,6:00,290.558
8/3/2022,12:00,290.212
8/3/2022,18:00,294.899
8/4/2022,0:00,291.679
8/4/2022,6:00,290.753
8/4/2022,12:00,290.575
8/4/2022,18:00,292.228
8/5/2022,0:00,288.31
8/5/2022,6:00,284.638
8/5/2022,12:00,283.837
8/5/2022,18:00,288.229
8/6/2022,0:00,288.159
8/6/2022,6:00,281.928
8/6/2022,12:00,281.339
8/6/2022,18:00,287.482
8/7/2022,0:00,287.251
8/7/2022,6:00,283.805
8/7/2022,12:00,282.661
8/7/2022,18:00,288.808
8/8/2022,0:00,288.165
8/8/2022,6:00,285.412
8/8/2022,12:00,284.9
8/8/2022,18:00,287.222
8/9/2022,0:00,287.333
8/9/2022,6:00,285.763
8/9/2022,12:00,284.261
8/9/2022,18:00,284.033
8/10/2022,0:00,284.377
8/10/2022,6:00,283.759
8/10/2022,12:00,280.366
8/10/2022,18:00,287.9
8/11/2022,0:00,288.114
8/11/2022,6:00,282.552
8/11/2022,12:00,283.127
8/11/2022,18:00,290.378
8/12/2022,0:00,290.611
8/12/2022,6:00,284.3
8/12/2022,12:00,285.682
8/12/2022,18:00,293.4
8/13/2022,0:00,293.451
8/13/2022,6:00,288.024
8/13/2022,12:00,289.103
8/13/2022,18:00,295.628
8/14/2022,0:00,295.718
8/14/2022,6:00,289.317
8/14/2022,12:00,290.112
8/14/2022,18:00,297.695
8/15/2022,0:00,298.061
8/15/2022,6:00,292.035
8/15/2022,12:00,291.764
8/15/2022,18:00,296.685
8/16/2022,0:00,296.9
8/16/2022,6:00,289.3
8/16/2022,12:00,284.203
8/16/2022,18:00,292.305
8/17/2022,0:00,291.99
8/17/2022,6:00,285.344
8/17/2022,12:00,289.505
8/17/2022,18:00,295.549
8/18/2022,0:00,294.291
8/18/2022,6:00,289.481
8/18/2022,12:00,282.849
8/18/2022,18:00,285.705
8/19/2022,0:00,285.563
8/19/2022,6:00,278.692
8/19/2022,12:00,279.126
8/19/2022,18:00,285.363
8/20/2022,0:00,285.679
8/20/2022,6:00,280.035
8/20/2022,12:00,280.224
8/20/2022,18:00,288.592
8/21/2022,0:00,288.598
8/21/2022,6:00,281.704
8/21/2022,12:00,282.691
8/21/2022,18:00,291.456
8/22/2022,0:00,291.606
8/22/2022,6:00,284.011
8/22/2022,12:00,284.299
8/22/2022,18:00,292.298
8/23/2022,0:00,292.11
8/23/2022,6:00,285.18
8/23/2022,12:00,286.405
8/23/2022,18:00,296.322
8/24/2022,0:00,296.829
8/24/2022,6:00,289.846
8/24/2022,12:00,290.657
8/24/2022,18:00,297.284
8/25/2022,0:00,297.37
8/25/2022,6:00,290.717
8/25/2022,12:00,291.612
8/25/2022,18:00,299.4
8/26/2022,0:00,299.161
8/26/2022,6:00,293.124
8/26/2022,12:00,291.242
8/26/2022,18:00,297.903
8/27/2022,0:00,297.101
8/27/2022,6:00,292.25
8/27/2022,12:00,292.4
8/27/2022,18:00,299.026
8/28/2022,0:00,299.615
8/28/2022,6:00,292.358
8/28/2022,12:00,283.512
8/28/2022,18:00,286.099
8/29/2022,0:00,285.957
8/29/2022,6:00,280.026
8/29/2022,12:00,280.021
8/29/2022,18:00,287.453
8/30/2022,0:00,287.502
8/30/2022,6:00,280.546
8/30/2022,12:00,282.3
8/30/2022,18:00,292.617
8/31/2022,0:00,292.863
8/31/2022,6:00,285.5
8/31/2022,12:00,287.05
8/31/2022,18:00,295.711
9/1/2022,0:00,295.231
9/1/2022,6:00,288.8
9/1/2022,12:00,291.124
9/1/2022,18:00,298.185
9/2/2022,0:00,294.883
9/2/2022,6:00,289.877
9/2/2022,12:00,289.332
9/2/2022,18:00,292.307
9/3/2022,0:00,292.518
9/3/2022,6:00,285.107
9/3/2022,12:00,281.118
9/3/2022,18:00,288.575
9/4/2022,0:00,288.795
9/4/2022,6:00,281.38
9/4/2022,12:00,282.454
9/4/2022,18:00,289.528
9/5/2022,0:00,289.42
9/5/2022,6:00,282.666
9/5/2022,12:00,284.279
9/5/2022,18:00,292.504
9/6/2022,0:00,292.566
9/6/2022,6:00,287.273
9/6/2022,12:00,287.319
9/6/2022,18:00,295.009
9/7/2022,0:00,294.8
9/7/2022,6:00,288.906
9/7/2022,12:00,289.716
9/7/2022,18:00,295.917
9/8/2022,0:00,295.917
9/8/2022,6:00,289.058
9/8/2022,12:00,291.463
9/8/2022,18:00,300.5
9/9/2022,0:00,300.067
9/9/2022,6:00,297.127
9/9/2022,12:00,294.203
9/9/2022,18:00,290.001
9/10/2022,0:00,287.057
9/10/2022,6:00,283.136
9/10/2022,12:00,281.972
9/10/2022,18:00,289.122
9/11/2022,0:00,289.371
9/11/2022,6:00,281.785
9/11/2022,12:00,283.281
9/11/2022,18:00,290.971
9/12/2022,0:00,290.797
9/12/2022,6:00,287.132
9/12/2022,12:00,285.065
9/12/2022,18:00,293.107
9/13/2022,0:00,293.055
9/13/2022,6:00,285.331
9/13/2022,12:00,287.399
9/13/2022,18:00,294.058
9/14/2022,0:00,293.789
9/14/2022,6:00,286.647
9/14/2022,12:00,287.073
9/14/2022,18:00,293.313
9/15/2022,0:00,293.119
9/15/2022,6:00,286.68
9/15/2022,12:00,287.317
9/15/2022,18:00,292.146
9/16/2022,0:00,292.333
9/16/2022,6:00,288.095
9/16/2022,12:00,286.293
9/16/2022,18:00,296.755
9/17/2022,0:00,297.002
9/17/2022,6:00,289.931
9/17/2022,12:00,288.708
9/17/2022,18:00,297.299
9/18/2022,0:00,297.212
9/18/2022,6:00,289.428
9/18/2022,12:00,289.284
9/18/2022,18:00,296.25
9/19/2022,0:00,295.937
9/19/2022,6:00,290.154
9/19/2022,12:00,290.005
9/19/2022,18:00,292.888
9/20/2022,0:00,293.688
9/20/2022,6:00,288.615
9/20/2022,12:00,289.662
9/20/2022,18:00,295.402
9/21/2022,0:00,294.613
9/21/2022,6:00,289.002
9/21/2022,12:00,289.103
9/21/2022,18:00,293.257
9/22/2022,0:00,291.944
9/22/2022,6:00,286.6
9/22/2022,12:00,286.152
9/22/2022,18:00,289.396
9/23/2022,0:00,287.898
9/23/2022,6:00,283.955
9/23/2022,12:00,285.809
9/23/2022,18:00,291.668
9/24/2022,0:00,291.497
9/24/2022,6:00,285.124
9/24/2022,12:00,286.544
9/24/2022,18:00,292.661
9/25/2022,0:00,292.758
9/25/2022,6:00,285.416
9/25/2022,12:00,286.318
9/25/2022,18:00,294.749
9/26/2022,0:00,294.121
9/26/2022,6:00,287.878
9/26/2022,12:00,289.404
9/26/2022,18:00,296.8
9/27/2022,0:00,297.652
9/27/2022,6:00,289.154
9/27/2022,12:00,291.62
9/27/2022,18:00,296.174
9/28/2022,0:00,296.199
9/28/2022,6:00,288.834
9/28/2022,12:00,288.473
9/28/2022,18:00,293.673
9/29/2022,0:00,293.611
9/29/2022,6:00,288.761
9/29/2022,12:00,286.384
9/29/2022,18:00,287.76
9/30/2022,0:00,288.035
9/30/2022,6:00,287.837
9/30/2022,12:00,286.519
9/30/2022,18:00,292.019
10/1/2022,0:00,291.1
10/1/2022,6:00,287.172
10/1/2022,12:00,289.732
10/1/2022,18:00,295.207
10/2/2022,0:00,294.985
10/2/2022,6:00,286.756
10/2/2022,12:00,289.7
10/2/2022,18:00,295.437
10/3/2022,0:00,295.429
10/3/2022,6:00,287.359
10/3/2022,12:00,289.708
10/3/2022,18:00,296.151
10/4/2022,0:00,296.3
10/4/2022,6:00,285.805
10/4/2022,12:00,286.4
10/4/2022,18:00,294.507
10/5/2022,0:00,294.4
10/5/2022,6:00,286.26
10/5/2022,12:00,289.037
10/5/2022,18:00,298.142
10/6/2022,0:00,298.732
10/6/2022,6:00,293.123
10/6/2022,12:00,292.155
10/6/2022,18:00,291.868
10/7/2022,0:00,291.8
10/7/2022,6:00,286.978
10/7/2022,12:00,289.143
10/7/2022,18:00,295.543
10/8/2022,0:00,295.848
10/8/2022,6:00,288.282
10/8/2022,12:00,290.921
10/8/2022,18:00,298.189
10/9/2022,0:00,298.134
10/9/2022,6:00,289.646
10/9/2022,12:00,284.691
10/9/2022,18:00,289.995
10/10/2022,0:00,290.089
10/10/2022,6:00,282.635
10/10/2022,12:00,285.421
10/10/2022,18:00,291.907
10/11/2022,0:00,291.939
10/11/2022,6:00,285.538
10/11/2022,12:00,285.737
10/11/2022,18:00,291.818
10/12/2022,0:00,290.561
10/12/2022,6:00,287.135
10/12/2022,12:00,288.287
10/12/2022,18:00,295.815
10/13/2022,0:00,296.034
10/13/2022,6:00,288.241
10/13/2022,12:00,292.055
10/13/2022,18:00,298.463
10/14/2022,0:00,298.5
10/14/2022,6:00,290.054
10/14/2022,12:00,287.09
10/14/2022,18:00,294.548
10/15/2022,0:00,294.588
10/15/2022,6:00,287.664
10/15/2022,12:00,287.773
10/15/2022,18:00,293.565
10/16/2022,0:00,295.318
10/16/2022,6:00,289.915
10/16/2022,12:00,292.301
10/16/2022,18:00,298.5
10/17/2022,0:00,297.751
10/17/2022,6:00,288.853
10/17/2022,12:00,291.24
10/17/2022,18:00,295.673
10/18/2022,0:00,295.891
10/18/2022,6:00,290.765
10/18/2022,12:00,292.565
10/18/2022,18:00,296.387
10/19/2022,0:00,296.896
10/19/2022,6:00,291.917
10/19/2022,12:00,291.916
10/19/2022,18:00,299.832
10/20/2022,0:00,300.352
10/20/2022,6:00,295.043
10/20/2022,12:00,294.232
10/20/2022,18:00,296.931
10/21/2022,0:00,293.903
10/21/2022,6:00,291.544
10/21/2022,12:00,291.339
10/21/2022,18:00,295.649
10/22/2022,0:00,295.6
10/22/2022,6:00,289.049
10/22/2022,12:00,291.559
10/22/2022,18:00,299.071
10/23/2022,0:00,298.8
10/23/2022,6:00,290.495
10/23/2022,12:00,288.078
10/23/2022,18:00,296.347
10/24/2022,0:00,296.532
10/24/2022,6:00,287.843
10/24/2022,12:00,291.431
10/24/2022,18:00,298.544
10/25/2022,0:00,298.574
10/25/2022,6:00,289.857
10/25/2022,12:00,292.599
10/25/2022,18:00,300.998
10/26/2022,0:00,301.075
10/26/2022,6:00,293.243
10/26/2022,12:00,297.92
10/26/2022,18:00,302.885
10/27/2022,0:00,292.845
10/27/2022,6:00,292.426
10/27/2022,12:00,293.96
10/27/2022,18:00,299.765
10/28/2022,0:00,299.302
10/28/2022,6:00,289.703
10/28/2022,12:00,293.96
10/28/2022,18:00,300.839
10/29/2022,0:00,301.432
10/29/2022,6:00,293.074
10/29/2022,12:00,296.826
10/29/2022,18:00,304.096
10/30/2022,0:00,304.582
10/30/2022,6:00,295.887
10/30/2022,12:00,298.801
10/30/2022,18:00,302.16
10/31/2022,0:00,302.846
10/31/2022,6:00,289.116
10/31/2022,12:00,286.618
10/31/2022,18:00,289.25
11/1/2022,0:00,289.212
11/1/2022,6:00,284.147
11/1/2022,12:00,285.334
11/1/2022,18:00,292.029
11/2/2022,0:00,292.389
11/2/2022,6:00,283.197
11/2/2022,12:00,287.597
11/2/2022,18:00,294.239
11/3/2022,0:00,294.195
11/3/2022,6:00,285.957
11/3/2022,12:00,290.539
11/3/2022,18:00,297.365
11/4/2022,0:00,297.442
11/4/2022,6:00,288.089
11/4/2022,12:00,289.96
11/4/2022,18:00,296.602
11/5/2022,0:00,296.439
11/5/2022,6:00,288.6
11/5/2022,12:00,290.986
11/5/2022,18:00,298.198
11/6/2022,0:00,298.087
11/6/2022,6:00,290.147
11/6/2022,12:00,292.154
11/6/2022,18:00,299.029
11/7/2022,0:00,298.935
11/7/2022,6:00,291.295
11/7/2022,12:00,291.936
11/7/2022,18:00,298.365
11/8/2022,0:00,298.252
11/8/2022,6:00,289.106
11/8/2022,12:00,290.93
11/8/2022,18:00,299.018
11/9/2022,0:00,299.041
11/9/2022,6:00,290.291
11/9/2022,12:00,292.315
11/9/2022,18:00,300.729
11/10/2022,0:00,300.614
11/10/2022,6:00,291.27
11/10/2022,12:00,295.409
11/10/2022,18:00,302.403
11/11/2022,0:00,302.893
11/11/2022,6:00,295.525
11/11/2022,12:00,292.602
11/11/2022,18:00,302.138
11/12/2022,0:00,302.964
11/12/2022,6:00,292.866
11/12/2022,12:00,297.714
11/12/2022,18:00,304.757
11/13/2022,0:00,303.192
11/13/2022,6:00,294.974
11/13/2022,12:00,293.394
11/13/2022,18:00,296.822
11/14/2022,0:00,293.099
11/14/2022,6:00,291.903
11/14/2022,12:00,291.406
11/14/2022,18:00,295.6
11/15/2022,0:00,295.664
11/15/2022,6:00,289.056
11/15/2022,12:00,295.055
11/15/2022,18:00,303.006
11/16/2022,0:00,302.968
11/16/2022,6:00,292.979
11/16/2022,12:00,297.605
11/16/2022,18:00,305.156
11/17/2022,0:00,305.977
11/17/2022,6:00,296.024
11/17/2022,12:00,298.685
11/17/2022,18:00,306.606
11/18/2022,0:00,306.467
11/18/2022,6:00,295.774
11/18/2022,12:00,299.573
11/18/2022,18:00,307.768
11/19/2022,0:00,307.855
11/19/2022,6:00,296.352
11/19/2022,12:00,299.756
11/19/2022,18:00,309.051
11/20/2022,0:00,309.065
11/20/2022,6:00,298.029
11/20/2022,12:00,301.56
11/20/2022,18:00,310.126
11/21/2022,0:00,308.728
11/21/2022,6:00,299.858
11/21/2022,12:00,292.719
11/21/2022,18:00,295.336
11/22/2022,0:00,296.454
11/22/2022,6:00,293.074
11/22/2022,12:00,292.096
11/22/2022,18:00,297.992
11/23/2022,0:00,297.76
11/23/2022,6:00,290.671
11/23/2022,12:00,292.58
11/23/2022,18:00,299.861
11/24/2022,0:00,299.715
11/24/2022,6:00,291.329
11/24/2022,12:00,295.481
11/24/2022,18:00,304.09
11/25/2022,0:00,304.581
11/25/2022,6:00,294.942
11/25/2022,12:00,298.656
11/25/2022,18:00,306.221
11/26/2022,0:00,306.071
11/26/2022,6:00,295.934
11/26/2022,12:00,296.929
11/26/2022,18:00,305.389
11/27/2022,0:00,305.226
11/27/2022,6:00,297.457
11/27/2022,12:00,298.085
11/27/2022,18:00,306.08
11/28/2022,0:00,306.294
11/28/2022,6:00,298.267
11/28/2022,12:00,298.051
11/28/2022,18:00,306.62
11/29/2022,0:00,306.641
11/29/2022,6:00,297.659
11/29/2022,12:00,298.541
11/29/2022,18:00,307.705
11/30/2022,0:00,307.921
11/30/2022,6:00,298.892
11/30/2022,12:00,300.759
11/30/2022,18:00,308.915
12/1/2022,0:00,309.349
12/1/2022,6:00,300.075
12/1/2022,12:00,300.883
12/1/2022,18:00,309.709
12/2/2022,0:00,308.662
12/2/2022,6:00,299.705
12/2/2022,12:00,297.977
12/2/2022,18:00,306.742
12/3/2022,0:00,308.438
12/3/2022,6:00,294.851
12/3/2022,12:00,297.625
12/3/2022,18:00,304.43
12/4/2022,0:00,305.614
12/4/2022,6:00,295.292
12/4/2022,12:00,298.818
12/4/2022,18:00,307.284
12/5/2022,0:00,307.628
12/5/2022,6:00,298.187
12/5/2022,12:00,300.058
12/5/2022,18:00,307.141
12/6/2022,0:00,307.381
12/6/2022,6:00,297.527
12/6/2022,12:00,299.486
12/6/2022,18:00,310.874
12/7/2022,0:00,311.211
12/7/2022,6:00,299.552
12/7/2022,12:00,302.488
12/7/2022,18:00,312.112
12/8/2022,0:00,312.461
12/8/2022,6:00,300.598
12/8/2022,12:00,304.12
12/8/2022,18:00,314.01
12/9/2022,0:00,314.154
12/9/2022,6:00,302.583
12/9/2022,12:00,306.261
12/9/2022,18:00,314.787
12/10/2022,0:00,314.609
12/10/2022,6:00,303.137
12/10/2022,12:00,304.488
12/10/2022,18:00,310.627
12/11/2022,0:00,307.345
12/11/2022,6:00,302.128
12/11/2022,12:00,302.805
12/11/2022,18:00,312.773
12/12/2022,0:00,313.59
12/12/2022,6:00,302.334
12/12/2022,12:00,304.922
12/12/2022,18:00,312.603
12/13/2022,0:00,310.959
12/13/2022,6:00,300.55
12/13/2022,12:00,297.859
12/13/2022,18:00,305.684
12/14/2022,0:00,305.995
12/14/2022,6:00,294.86
12/14/2022,12:00,298.743
12/14/2022,18:00,308.016
12/15/2022,0:00,308.223
12/15/2022,6:00,297.423
12/15/2022,12:00,300.744
12/15/2022,18:00,309.656
12/16/2022,0:00,308.713
12/16/2022,6:00,298.954
12/16/2022,12:00,294.864
12/16/2022,18:00,304.391
12/17/2022,0:00,304.324
12/17/2022,6:00,294.54
12/17/2022,12:00,294.824
12/17/2022,18:00,303.955
12/18/2022,0:00,303.815
12/18/2022,6:00,295.908
12/18/2022,12:00,296.728
12/18/2022,18:00,306.839
12/19/2022,0:00,307.902
12/19/2022,6:00,297.235
12/19/2022,12:00,297.73
12/19/2022,18:00,307.204
12/20/2022,0:00,306.318
12/20/2022,6:00,296.421
12/20/2022,12:00,297.347
12/20/2022,18:00,307.605
12/21/2022,0:00,308.185
12/21/2022,6:00,299.123
12/21/2022,12:00,298.686
12/21/2022,18:00,308.903
12/22/2022,0:00,309.559
12/22/2022,6:00,299.617
12/22/2022,12:00,299.623
12/22/2022,18:00,310.262
12/23/2022,0:00,310.887
12/23/2022,6:00,302.796
12/23/2022,12:00,303.406
12/23/2022,18:00,310.446
12/24/2022,0:00,310.49
12/24/2022,6:00,297.247
12/24/2022,12:00,298.139
12/24/2022,18:00,305.029
12/25/2022,0:00,308.23
12/25/2022,6:00,296.874
12/25/2022,12:00,295.342
12/25/2022,18:00,305.113
12/26/2022,0:00,305.886
12/26/2022,6:00,294.424
12/26/2022,12:00,295.964
12/26/2022,18:00,304.559
12/27/2022,0:00,305.596
12/27/2022,6:00,296.741
12/27/2022,12:00,296.48
12/27/2022,18:00,299.518
12/28/2022,0:00,298.497
12/28/2022,6:00,293.596
12/28/2022,12:00,296.357
12/28/2022,18:00,306.32
12/29/2022,0:00,306.845
12/29/2022,6:00,298.119
12/29/2022,12:00,297.617
12/29/2022,18:00,307.438
12/30/2022,0:00,307.661
12/30/2022,6:00,296.436
12/30/2022,12:00,301.275
12/30/2022,18:00,308.68
12/31/2022,0:00,309.707
12/31/2022,6:00,299.479
12/31/2022,12:00,304.221
12/31/2022,18:00,312.024
1/1/2023,0:00,312.272
1/1/2023,6:00,301.339
1/1/2023,12:00,306.572
1/1/2023,18:00,314.792
1/2/2023,0:00,314.582
1/2/2023,6:00,297.081
1/2/2023,12:00,297.718
1/2/2023,18:00,308.459
1/3/2023,0:00,309.306
1/3/2023,6:00,297.193
1/3/2023,12:00,299.407
1/3/2023,18:00,308.749
1/4/2023,0:00,307.983
1/4/2023,6:00,298.138
1/4/2023,12:00,301.724
1/4/2023,18:00,309.793
1/5/2023,0:00,309.895
1/5/2023,6:00,298.298
1/5/2023,12:00,300.666
1/5/2023,18:00,310.237
1/6/2023,0:00,310.809
1/6/2023,6:00,299.545
1/6/2023,12:00,301.187
1/6/2023,18:00,310.555
1/7/2023,0:00,310.734
1/7/2023,6:00,299.574
1/7/2023,12:00,299.07
1/7/2023,18:00,310.01
1/8/2023,0:00,310.008
1/8/2023,6:00,298.062
1/8/2023,12:00,298.363
1/8/2023,18:00,309.084
1/9/2023,0:00,309.42
1/9/2023,6:00,299.11
1/9/2023,12:00,299.216
1/9/2023,18:00,309.129
1/10/2023,0:00,310.114
1/10/2023,6:00,300.479
1/10/2023,12:00,301.909
1/10/2023,18:00,310.024
1/11/2023,0:00,310.378
1/11/2023,6:00,298.54
1/11/2023,12:00,303.206
1/11/2023,18:00,312.15
1/12/2023,0:00,312.423
1/12/2023,6:00,304.439
1/12/2023,12:00,300.943
1/12/2023,18:00,310.68
1/13/2023,0:00,310.14
1/13/2023,6:00,295.643
1/13/2023,12:00,294.742
1/13/2023,18:00,293.636
1/14/2023,0:00,295.901
1/14/2023,6:00,292.9
1/14/2023,12:00,293.811
1/14/2023,18:00,303.583
1/15/2023,0:00,303.852
1/15/2023,6:00,296.851
1/15/2023,12:00,297.414
1/15/2023,18:00,308.018
1/16/2023,0:00,308.791
1/16/2023,6:00,300.819
1/16/2023,12:00,300.691
1/16/2023,18:00,308.974
1/17/2023,0:00,310.079
1/17/2023,6:00,300.1
1/17/2023,12:00,300.931
1/17/2023,18:00,311.514
1/18/2023,0:00,311.514
1/18/2023,6:00,302.233
1/18/2023,12:00,300.379
1/18/2023,18:00,310.977
1/19/2023,0:00,311.869
1/19/2023,6:00,304.197
1/19/2023,12:00,300.751
1/19/2023,18:00,311.189
1/20/2023,0:00,310.95
1/20/2023,6:00,301.869
1/20/2023,12:00,301.947
1/20/2023,18:00,312.233
1/21/2023,0:00,313.132
1/21/2023,6:00,304.761
1/21/2023,12:00,303.369
1/21/2023,18:00,306.862
1/22/2023,0:00,308.025
1/22/2023,6:00,297.913
1/22/2023,12:00,299.883
1/22/2023,18:00,310.862
1/23/2023,0:00,311.721
1/23/2023,6:00,301.074
1/23/2023,12:00,302.799
1/23/2023,18:00,311.693
1/24/2023,0:00,312.783
1/24/2023,6:00,301.363
1/24/2023,12:00,302.202
1/24/2023,18:00,312.016
1/25/2023,0:00,312.306
1/25/2023,6:00,303.054
1/25/2023,12:00,304.528
1/25/2023,18:00,313.489
1/26/2023,0:00,313.692
1/26/2023,6:00,303.477
1/26/2023,12:00,299.666
1/26/2023,18:00,311.66
1/27/2023,0:00,311.99
1/27/2023,6:00,297.797
1/27/2023,12:00,303.541
1/27/2023,18:00,314.214
1/28/2023,0:00,313.598
1/28/2023,6:00,304.65
1/28/2023,12:00,304.519
1/28/2023,18:00,313.034
1/29/2023,0:00,309.101
1/29/2023,6:00,301.578
1/29/2023,12:00,302.745
1/29/2023,18:00,311.021
1/30/2023,0:00,311.056
1/30/2023,6:00,300.309
1/30/2023,12:00,300.16
1/30/2023,18:00,309.425
1/31/2023,0:00,309.837
1/31/2023,6:00,300.237
1/31/2023,12:00,300.877
1/31/2023,18:00,311.644
2/1/2023,0:00,311.441
2/1/2023,6:00,301.151
2/1/2023,12:00,303.375
2/1/2023,18:00,311.845
2/2/2023,0:00,312.586
2/2/2023,6:00,302.63
2/2/2023,12:00,301.547
2/2/2023,18:00,311.544
2/3/2023,0:00,309.899
2/3/2023,6:00,296.548
2/3/2023,12:00,297.732
2/3/2023,18:00,306.106
2/4/2023,0:00,306.136
2/4/2023,6:00,296.981
2/4/2023,12:00,296.298
2/4/2023,18:00,306.251
2/5/2023,0:00,306.389
2/5/2023,6:00,295.062
2/5/2023,12:00,296.719
2/5/2023,18:00,306.211
2/6/2023,0:00,306.587
2/6/2023,6:00,296.548
2/6/2023,12:00,299.844
2/6/2023,18:00,308.653
2/7/2023,0:00,308.843
2/7/2023,6:00,298.702
2/7/2023,12:00,301.665
2/7/2023,18:00,310.286
2/8/2023,0:00,310.926
2/8/2023,6:00,301.101
2/8/2023,12:00,303.296
2/8/2023,18:00,312.864
2/9/2023,0:00,313.071
2/9/2023,6:00,305.04
2/9/2023,12:00,301.255
2/9/2023,18:00,309.636
2/10/2023,0:00,309.243
2/10/2023,6:00,302.138
2/10/2023,12:00,302.881
2/10/2023,18:00,311.875
2/11/2023,0:00,311.986
2/11/2023,6:00,301.793
2/11/2023,12:00,303.257
2/11/2023,18:00,312.475
2/12/2023,0:00,313.344
2/12/2023,6:00,302.253
2/12/2023,12:00,303.621
2/12/2023,18:00,314.116
2/13/2023,0:00,313.939
2/13/2023,6:00,302.175
2/13/2023,12:00,304.653
2/13/2023,18:00,312.841
2/14/2023,0:00,311.957
2/14/2023,6:00,305.37
2/14/2023,12:00,302.117
2/14/2023,18:00,313.015
2/15/2023,0:00,310.553
2/15/2023,6:00,294.713
2/15/2023,12:00,298.011
2/15/2023,18:00,309.524
2/16/2023,0:00,310.135
2/16/2023,6:00,301.992
2/16/2023,12:00,301.192
2/16/2023,18:00,310.736
2/17/2023,0:00,310.843
2/17/2023,6:00,294.845
2/17/2023,12:00,291.745
2/17/2023,18:00,298.419
2/18/2023,0:00,297.752
2/18/2023,6:00,289.803
2/18/2023,12:00,287.938
2/18/2023,18:00,298.349
2/19/2023,0:00,298.372
2/19/2023,6:00,288.013
2/19/2023,12:00,291.42
2/19/2023,18:00,301.265
2/20/2023,0:00,301.099
2/20/2023,6:00,293.136
2/20/2023,12:00,295.012
2/20/2023,18:00,305.638
2/21/2023,0:00,306.783
2/21/2023,6:00,297.288
2/21/2023,12:00,296.276
2/21/2023,18:00,306.87
2/22/2023,0:00,307.322
2/22/2023,6:00,296.353
2/22/2023,12:00,298.771
2/22/2023,18:00,309.142
2/23/2023,0:00,309.178
2/23/2023,6:00,299.582
2/23/2023,12:00,297.56
2/23/2023,18:00,310.009
2/24/2023,0:00,309.299
2/24/2023,6:00,296.402
2/24/2023,12:00,296.269
2/24/2023,18:00,301.671
2/25/2023,0:00,301.322
2/25/2023,6:00,295.292
2/25/2023,12:00,296.758
2/25/2023,18:00,306.484
2/26/2023,0:00,306.829
2/26/2023,6:00,296.73
2/26/2023,12:00,299.39
2/26/2023,18:00,308.911
2/27/2023,0:00,309.21
2/27/2023,6:00,300.748
2/27/2023,12:00,300.458
2/27/2023,18:00,308.878
2/28/2023,0:00,309.047
2/28/2023,6:00,299.449
2/28/2023,12:00,300.317
2/28/2023,18:00,309.174
3/1/2023,0:00,309.008
3/1/2023,6:00,300.194
3/1/2023,12:00,300.403
3/1/2023,18:00,309.21
3/2/2023,0:00,308.377
3/2/2023,6:00,300.903
3/2/2023,12:00,298.428
3/2/2023,18:00,298.906
3/3/2023,0:00,302.7
3/3/2023,6:00,295.54
3/3/2023,12:00,296.804
3/3/2023,18:00,302.2
3/4/2023,0:00,300.366
3/4/2023,6:00,295.682
3/4/2023,12:00,295.622
3/4/2023,18:00,302.776
3/5/2023,0:00,303.283
3/5/2023,6:00,297.195
3/5/2023,12:00,296.679
3/5/2023,18:00,305.166
3/6/2023,0:00,305.3
3/6/2023,6:00,296.327
3/6/2023,12:00,295.3
3/6/2023,18:00,304.558
3/7/2023,0:00,305.001
3/7/2023,6:00,297.2
3/7/2023,12:00,296.989
3/7/2023,18:00,305.619
3/8/2023,0:00,303.194
3/8/2023,6:00,297.754
3/8/2023,12:00,300.319
3/8/2023,18:00,307.702
3/9/2023,0:00,308.019
3/9/2023,6:00,300.21
3/9/2023,12:00,299.151
3/9/2023,18:00,308.413
3/10/2023,0:00,309.274
3/10/2023,6:00,300.581
3/10/2023,12:00,300.859
3/10/2023,18:00,309.265
3/11/2023,0:00,309.557
3/11/2023,6:00,301.133
3/11/2023,12:00,300.079
3/11/2023,18:00,310.502
3/12/2023,0:00,310.639
3/12/2023,6:00,301.13
3/12/2023,12:00,299.914
3/12/2023,18:00,310.755
3/13/2023,0:00,310.691
3/13/2023,6:00,300.817
3/13/2023,12:00,300.115
3/13/2023,18:00,310.398
3/14/2023,0:00,310.212
3/14/2023,6:00,302.535
3/14/2023,12:00,300.972
3/14/2023,18:00,306.812
3/15/2023,0:00,304.956
3/15/2023,6:00,295.971
3/15/2023,12:00,296.929
3/15/2023,18:00,298.43
3/16/2023,0:00,296.167
3/16/2023,6:00,295.706
3/16/2023,12:00,296.026
3/16/2023,18:00,300.829
3/17/2023,0:00,303.701
3/17/2023,6:00,297.882
3/17/2023,12:00,298.057
3/17/2023,18:00,304.601
3/18/2023,0:00,306.401
3/18/2023,6:00,297.259
3/18/2023,12:00,296.523
3/18/2023,18:00,305.6
3/19/2023,0:00,302.209
3/19/2023,6:00,297.609
3/19/2023,12:00,299.624
3/19/2023,18:00,308.036
3/20/2023,0:00,308.314
3/20/2023,6:00,298.402
3/20/2023,12:00,300.582
3/20/2023,18:00,307.723
3/21/2023,0:00,307.115
3/21/2023,6:00,295.024
3/21/2023,12:00,296.943
3/21/2023,18:00,304.719
3/22/2023,0:00,305.7
3/22/2023,6:00,296.7
3/22/2023,12:00,294.703
3/22/2023,18:00,303.957
3/23/2023,0:00,304.922
3/23/2023,6:00,297.076
3/23/2023,12:00,297.366
3/23/2023,18:00,307.858
3/24/2023,0:00,308.463
3/24/2023,6:00,297.518
3/24/2023,12:00,297.08
3/24/2023,18:00,305.217
3/25/2023,0:00,305.651
3/25/2023,6:00,299.804
3/25/2023,12:00,295.263
3/25/2023,18:00,299.5
3/26/2023,0:00,300.324
3/26/2023,6:00,294.382
3/26/2023,12:00,293.945
3/26/2023,18:00,301.552
3/27/2023,0:00,301.844
3/27/2023,6:00,293.057
3/27/2023,12:00,292.408
3/27/2023,18:00,301.356
3/28/2023,0:00,301.013
3/28/2023,6:00,291.995
3/28/2023,12:00,293.003
3/28/2023,18:00,304.251
3/29/2023,0:00,304.323
3/29/2023,6:00,296.349
3/29/2023,12:00,298.907
3/29/2023,18:00,307.244
3/30/2023,0:00,306.856
3/30/2023,6:00,296.899
3/30/2023,12:00,295.718
3/30/2023,18:00,303.058
3/31/2023,0:00,301.476
3/31/2023,6:00,295.986
3/31/2023,12:00,296.807
3/31/2023,18:00,302.263
4/1/2023,0:00,300.858
4/1/2023,6:00,292.353
4/1/2023,12:00,287.2
4/1/2023,18:00,296.459
4/2/2023,0:00,296.8
4/2/2023,6:00,288.336
4/2/2023,12:00,290.146
4/2/2023,18:00,299.8
4/3/2023,0:00,299.812
4/3/2023,6:00,290.074
4/3/2023,12:00,291.573
4/3/2023,18:00,301.842
4/4/2023,0:00,302.334
4/4/2023,6:00,293.663
4/4/2023,12:00,291.785
4/4/2023,18:00,297.443
4/5/2023,0:00,297.511
4/5/2023,6:00,292.394
4/5/2023,12:00,292.577
4/5/2023,18:00,300.251
4/6/2023,0:00,300.804
4/6/2023,6:00,295.638
4/6/2023,12:00,292.099
4/6/2023,18:00,297.75
4/7/2023,0:00,295.023
4/7/2023,6:00,291.562
4/7/2023,12:00,292.211
4/7/2023,18:00,297.7
4/8/2023,0:00,297.704
4/8/2023,6:00,291.971
4/8/2023,12:00,291.468
4/8/2023,18:00,299.737
4/9/2023,0:00,300.184
4/9/2023,6:00,292.88
4/9/2023,12:00,292.993
4/9/2023,18:00,302.23
4/10/2023,0:00,302.455
4/10/2023,6:00,294.121
4/10/2023,12:00,295.159
4/10/2023,18:00,303.959
4/11/2023,0:00,303.759
4/11/2023,6:00,294.278
4/11/2023,12:00,296.269
4/11/2023,18:00,305.735
4/12/2023,0:00,305.838
4/12/2023,6:00,298.369
4/12/2023,12:00,297.192
4/12/2023,18:00,305.658
4/13/2023,0:00,305.708
4/13/2023,6:00,296.587
4/13/2023,12:00,291.626
4/13/2023,18:00,290.3
4/14/2023,0:00,291.1
4/14/2023,6:00,289.423
4/14/2023,12:00,288.973
4/14/2023,18:00,297.077
4/15/2023,0:00,297.038
4/15/2023,6:00,288.819
4/15/2023,12:00,289.535
4/15/2023,18:00,299.244
4/16/2023,0:00,299.232
4/16/2023,6:00,291.992
4/16/2023,12:00,291.418
4/16/2023,18:00,297.843
4/17/2023,0:00,298.9
4/17/2023,6:00,292.764
4/17/2023,12:00,290.816
4/17/2023,18:00,297.927
4/18/2023,0:00,298.011
4/18/2023,6:00,288.858
4/18/2023,12:00,289.542
4/18/2023,18:00,296.914
4/19/2023,0:00,296.497
4/19/2023,6:00,286.748
4/19/2023,12:00,287.619
4/19/2023,18:00,293.493
4/20/2023,0:00,292.158
4/20/2023,6:00,284.11
4/20/2023,12:00,286.114
4/20/2023,18:00,294.874
4/21/2023,0:00,295.003
4/21/2023,6:00,285.598
4/21/2023,12:00,287.048
4/21/2023,18:00,299.615
4/22/2023,0:00,299.87
4/22/2023,6:00,289.931
4/22/2023,12:00,289.018
4/22/2023,18:00,299.448
4/23/2023,0:00,299.158
4/23/2023,6:00,291.631
4/23/2023,12:00,290.854
4/23/2023,18:00,300.6
4/24/2023,0:00,301.058
4/24/2023,6:00,293.453
4/24/2023,12:00,292.633
4/24/2023,18:00,300.865
4/25/2023,0:00,300.6
4/25/2023,6:00,294.019
4/25/2023,12:00,291.2
4/25/2023,18:00,295.877
4/26/2023,0:00,296.041
4/26/2023,6:00,290.481
4/26/2023,12:00,291.265
4/26/2023,18:00,297.129
4/27/2023,0:00,296.182
4/27/2023,6:00,292.447
4/27/2023,12:00,290.71
4/27/2023,18:00,298.802
4/28/2023,0:00,298.801
4/28/2023,6:00,290.898
4/28/2023,12:00,291.707
4/28/2023,18:00,300.605
4/29/2023,0:00,300.373
4/29/2023,6:00,290.008
4/29/2023,12:00,292.146
4/29/2023,18:00,302.151
4/30/2023,0:00,302.347
4/30/2023,6:00,293.064
4/30/2023,12:00,293.628
4/30/2023,18:00,303.878
5/1/2023,0:00,304.265
5/1/2023,6:00,296.612
5/1/2023,12:00,296.4
5/1/2023,18:00,294.42
5/2/2023,0:00,290.42
5/2/2023,6:00,289.003
5/2/2023,12:00,288.712
5/2/2023,18:00,287.685
5/3/2023,0:00,287.487
5/3/2023,6:00,287.82
5/3/2023,12:00,288.079
5/3/2023,18:00,288.555
5/4/2023,0:00,288.498
5/4/2023,6:00,288.827
5/4/2023,12:00,289.538
5/4/2023,18:00,291.217
5/5/2023,0:00,292.167
5/5/2023,6:00,291.024
5/5/2023,12:00,291.049
5/5/2023,18:00,293.621
5/6/2023,0:00,294.322
5/6/2023,6:00,292.571
5/6/2023,12:00,291.22
5/6/2023,18:00,292.2
5/7/2023,0:00,291.999
5/7/2023,6:00,291.08
5/7/2023,12:00,291.036
5/7/2023,18:00,291.524
5/8/2023,0:00,289.677
5/8/2023,6:00,287.922
5/8/2023,12:00,287.677
5/8/2023,18:00,293.833
5/9/2023,0:00,293.851
5/9/2023,6:00,287.549
5/9/2023,12:00,287.726
5/9/2023,18:00,293.757
5/10/2023,0:00,294.007
5/10/2023,6:00,286.633
5/10/2023,12:00,287.2
5/10/2023,18:00,293.835
5/11/2023,0:00,293.876
5/11/2023,6:00,286.589
5/11/2023,12:00,284.124
5/11/2023,18:00,289.8
5/12/2023,0:00,289.874
5/12/2023,6:00,284.503
5/12/2023,12:00,284.63
5/12/2023,18:00,291.421
5/13/2023,0:00,291.669
5/13/2023,6:00,285.35
5/13/2023,12:00,285.963
5/13/2023,18:00,293.59
5/14/2023,0:00,293.628
5/14/2023,6:00,287.098
5/14/2023,12:00,287.805
5/14/2023,18:00,295.242
5/15/2023,0:00,295.427
5/15/2023,6:00,288.273
5/15/2023,12:00,288.756
5/15/2023,18:00,296.297
5/16/2023,0:00,296.562
5/16/2023,6:00,289.175
5/16/2023,12:00,289.123
5/16/2023,18:00,296.765
5/17/2023,0:00,296.864
5/17/2023,6:00,288.316
5/17/2023,12:00,288.432
5/17/2023,18:00,297.735
5/18/2023,0:00,298.087
5/18/2023,6:00,290.266
5/18/2023,12:00,289.905
5/18/2023,18:00,297.631
5/19/2023,0:00,297.8
5/19/2023,6:00,290.4
5/19/2023,12:00,290.154
5/19/2023,18:00,297.508
5/20/2023,0:00,297.592
5/20/2023,6:00,291.226
5/20/2023,12:00,291.067
5/20/2023,18:00,296.255
5/21/2023,0:00,296.205
5/21/2023,6:00,291.352
5/21/2023,12:00,290.387
5/21/2023,18:00,290.761
5/22/2023,0:00,291.376
5/22/2023,6:00,289.412
5/22/2023,12:00,290.685
5/22/2023,18:00,296.7
5/23/2023,0:00,296.4
5/23/2023,6:00,292.012
5/23/2023,12:00,291.884
5/23/2023,18:00,299.2
5/24/2023,0:00,299.287
5/24/2023,6:00,293.427
5/24/2023,12:00,293.337
5/24/2023,18:00,299.9
5/25/2023,0:00,299.863
5/25/2023,6:00,293.78
5/25/2023,12:00,292.259
5/25/2023,18:00,299.812
5/26/2023,0:00,299.651
5/26/2023,6:00,292.254
5/26/2023,12:00,293.921
5/26/2023,18:00,300
5/27/2023,0:00,300.4
5/27/2023,6:00,292.401
5/27/2023,12:00,292.216
5/27/2023,18:00,292.019
5/28/2023,0:00,289.976
5/28/2023,6:00,288.705
5/28/2023,12:00,284.443
5/28/2023,18:00,288.682
5/29/2023,0:00,288.285
5/29/2023,6:00,282.302
5/29/2023,12:00,282.6
5/29/2023,18:00,290.263
5/30/2023,0:00,290.103
5/30/2023,6:00,284.659
5/30/2023,12:00,284.624
5/30/2023,18:00,292.339
5/31/2023,0:00,292.681
5/31/2023,6:00,286.7
5/31/2023,12:00,287.529
5/31/2023,18:00,295.536
6/1/2023,0:00,296.112
6/1/2023,6:00,290.212
6/1/2023,12:00,290.412
6/1/2023,18:00,296.422
6/2/2023,0:00,296.653
6/2/2023,6:00,290.438
6/2/2023,12:00,289.603
6/2/2023,18:00,296.907
6/3/2023,0:00,297.331
6/3/2023,6:00,290.775
6/3/2023,12:00,290.071
6/3/2023,18:00,297.355
6/4/2023,0:00,297.055
6/4/2023,6:00,292
6/4/2023,12:00,290.722
6/4/2023,18:00,298.609
6/5/2023,0:00,298.481
6/5/2023,6:00,291.831
6/5/2023,12:00,290.962
6/5/2023,18:00,294.597
6/6/2023,0:00,293.309
6/6/2023,6:00,289.743
6/6/2023,12:00,290.306
6/6/2023,18:00,298.322
6/7/2023,0:00,298.375
6/7/2023,6:00,291.8
6/7/2023,12:00,291.253
6/7/2023,18:00,298.414
6/8/2023,0:00,298.917
6/8/2023,6:00,292.705
6/8/2023,12:00,290.998
6/8/2023,18:00,298.326
6/9/2023,0:00,298.432
6/9/2023,6:00,291.29
6/9/2023,12:00,290.525
6/9/2023,18:00,298.707
6/10/2023,0:00,299.214
6/10/2023,6:00,293.173
6/10/2023,12:00,292.805
6/10/2023,18:00,294.655
6/11/2023,0:00,294.911
6/11/2023,6:00,286.78
6/11/2023,12:00,284.72
6/11/2023,18:00,286.257
6/12/2023,0:00,286.577
6/12/2023,6:00,279.6
6/12/2023,12:00,278.599
6/12/2023,18:00,285.7
6/13/2023,0:00,285.625
6/13/2023,6:00,278.192
6/13/2023,12:00,278.21
6/13/2023,18:00,285.45
6/14/2023,0:00,285.584
6/14/2023,6:00,280.307
6/14/2023,12:00,280.398
6/14/2023,18:00,287.167
6/15/2023,0:00,285.013
6/15/2023,6:00,283.802
6/15/2023,12:00,284.011
6/15/2023,18:00,285.809
6/16/2023,0:00,285.895
6/16/2023,6:00,286.005
6/16/2023,12:00,285.28
6/16/2023,18:00,291.099
6/17/2023,0:00,290.877
6/17/2023,6:00,284.416
6/17/2023,12:00,283.301
6/17/2023,18:00,288.501
6/18/2023,0:00,288.009
6/18/2023,6:00,285.697
6/18/2023,12:00,282.327
6/18/2023,18:00,288.73
6/19/2023,0:00,289.043
6/19/2023,6:00,282.537
6/19/2023,12:00,281.373
6/19/2023,18:00,289.756
6/20/2023,0:00,290.536
6/20/2023,6:00,285.665
6/20/2023,12:00,285.666
6/20/2023,18:00,290.91
6/21/2023,0:00,290.432
6/21/2023,6:00,286.6
6/21/2023,12:00,287.7
6/21/2023,18:00,287.882
6/22/2023,0:00,287.836
6/22/2023,6:00,287.275
6/22/2023,12:00,286.829
6/22/2023,18:00,291.377
6/23/2023,0:00,291.81
6/23/2023,6:00,287.9
6/23/2023,12:00,289.5
6/23/2023,18:00,293.016
6/24/2023,0:00,292.983
6/24/2023,6:00,292.012
6/24/2023,12:00,292.127
6/24/2023,18:00,298.844
6/25/2023,0:00,299.124
6/25/2023,6:00,292.883
6/25/2023,12:00,292.672
6/25/2023,18:00,297.277
6/26/2023,0:00,297.989
6/26/2023,6:00,292.921
6/26/2023,12:00,292.317
6/26/2023,18:00,299.437
6/27/2023,0:00,296.739
6/27/2023,6:00,293.343
6/27/2023,12:00,291.96
6/27/2023,18:00,298.079
6/28/2023,0:00,298.511
6/28/2023,6:00,291.72
6/28/2023,12:00,291.391
6/28/2023,18:00,292.047
6/29/2023,0:00,291.963
6/29/2023,6:00,284.735
6/29/2023,12:00,281.938
6/29/2023,18:00,288.468
6/30/2023,0:00,288.374
6/30/2023,6:00,282.513
6/30/2023,12:00,282.605
6/30/2023,18:00,288.555
7/1/2023,0:00,288.495
7/1/2023,6:00,285.373
7/1/2023,12:00,285.8
7/1/2023,18:00,293.683
7/2/2023,0:00,294.077
7/2/2023,6:00,288.012
7/2/2023,12:00,287.45
7/2/2023,18:00,296.572
7/3/2023,0:00,296.778
7/3/2023,6:00,289.108
7/3/2023,12:00,289.049
7/3/2023,18:00,297.135
7/4/2023,0:00,297.173
7/4/2023,6:00,290.393
7/4/2023,12:00,289.186
7/4/2023,18:00,297.305
7/5/2023,0:00,297.215
7/5/2023,6:00,291.709
7/5/2023,12:00,289.745
7/5/2023,18:00,297.749
7/6/2023,0:00,297.82
7/6/2023,6:00,291.176
7/6/2023,12:00,291.265
7/6/2023,18:00,297.163
7/7/2023,0:00,295.752
7/7/2023,6:00,291.689
7/7/2023,12:00,290.092
7/7/2023,18:00,293.992
7/8/2023,0:00,291.978
7/8/2023,6:00,289.776
7/8/2023,12:00,288.266
7/8/2023,18:00,290.999
7/9/2023,0:00,289.902
7/9/2023,6:00,286.611
7/9/2023,12:00,287.042
7/9/2023,18:00,293.135
7/10/2023,0:00,293.1
7/10/2023,6:00,289.608
7/10/2023,12:00,288.483
7/10/2023,18:00,290.942
7/11/2023,0:00,290.7
7/11/2023,6:00,289.187
7/11/2023,12:00,287.108
7/11/2023,18:00,288.7
7/12/2023,0:00,289.326
7/12/2023,6:00,287.748
7/12/2023,12:00,287.824
7/12/2023,18:00,288.354
7/13/2023,0:00,289.319
7/13/2023,6:00,286.06
7/13/2023,12:00,283.998
7/13/2023,18:00,283.86
7/14/2023,0:00,283.432
7/14/2023,6:00,281.306
7/14/2023,12:00,279.355
7/14/2023,18:00,285.121
7/15/2023,0:00,285.238
7/15/2023,6:00,282.091
7/15/2023,12:00,280.34
7/15/2023,18:00,287.85
7/16/2023,0:00,285.698
7/16/2023,6:00,281.724
7/16/2023,12:00,281.416
7/16/2023,18:00,287.914
7/17/2023,0:00,288.053
7/17/2023,6:00,281.5
7/17/2023,12:00,279.233
7/17/2023,18:00,285.901
7/18/2023,0:00,285.892
7/18/2023,6:00,279.128
7/18/2023,12:00,277.751
7/18/2023,18:00,284.899
7/19/2023,0:00,284.976
7/19/2023,6:00,278.592
7/19/2023,12:00,279.445
7/19/2023,18:00,286.945
7/20/2023,0:00,287.063
7/20/2023,6:00,282.619
7/20/2023,12:00,286.497
7/20/2023,18:00,292.221
7/21/2023,0:00,292.31
7/21/2023,6:00,288.7
7/21/2023,12:00,291.972
7/21/2023,18:00,299.519
7/22/2023,0:00,299.572
7/22/2023,6:00,295.354
7/22/2023,12:00,295.158
7/22/2023,18:00,299.861
7/23/2023,0:00,299.963
7/23/2023,6:00,295.1
7/23/2023,12:00,294.323
7/23/2023,18:00,299.04
7/24/2023,0:00,299.599
7/24/2023,6:00,290.772
7/24/2023,12:00,289.763
7/24/2023,18:00,290.158
7/25/2023,0:00,290.588
7/25/2023,6:00,288.5
7/25/2023,12:00,287.142
7/25/2023,18:00,291.618
7/26/2023,0:00,292.921
7/26/2023,6:00,289.34
7/26/2023,12:00,289.572
7/26/2023,18:00,290.254
7/27/2023,0:00,289.6
7/27/2023,6:00,283.622
7/27/2023,12:00,282.961
7/27/2023,18:00,289.933
7/28/2023,0:00,289.72
7/28/2023,6:00,285.556
7/28/2023,12:00,284.838
7/28/2023,18:00,290.2
7/29/2023,0:00,290.164
7/29/2023,6:00,283.327
7/29/2023,12:00,281.906
7/29/2023,18:00,289.746
7/30/2023,0:00,289.505
7/30/2023,6:00,282.436
7/30/2023,12:00,284.312
7/30/2023,18:00,294.431
7/31/2023,0:00,294.876
7/31/2023,6:00,287.876
7/31/2023,12:00,289.611
7/31/2023,18:00,297.948
8/1/2023,0:00,298.136
8/1/2023,6:00,291.279
8/1/2023,12:00,291.421
8/1/2023,18:00,300.346
8/2/2023,0:00,300.301
8/2/2023,6:00,293.165
8/2/2023,12:00,292.218
8/2/2023,18:00,300.941
8/3/2023,0:00,301.296
8/3/2023,6:00,294.324
8/3/2023,12:00,292.72
8/3/2023,18:00,299.459
8/4/2023,0:00,299.906
8/4/2023,6:00,292.421
8/4/2023,12:00,291.335
8/4/2023,18:00,301.348
8/5/2023,0:00,302.334
8/5/2023,6:00,294.416
8/5/2023,12:00,291.705
8/5/2023,18:00,301.635
8/6/2023,0:00,301.579
8/6/2023,6:00,293.317
8/6/2023,12:00,292.537
8/6/2023,18:00,301.954
8/7/2023,0:00,302.798
8/7/2023,6:00,296.413
8/7/2023,12:00,295.271
8/7/2023,18:00,291.465
8/8/2023,0:00,290.333
8/8/2023,6:00,285.333
8/8/2023,12:00,284.143
8/8/2023,18:00,290.544
8/9/2023,0:00,290.157
8/9/2023,6:00,288.347
8/9/2023,12:00,286.983
8/9/2023,18:00,287.799
8/10/2023,0:00,288.608
8/10/2023,6:00,285.978
8/10/2023,12:00,287.935
8/10/2023,18:00,295.865
8/11/2023,0:00,297.3
8/11/2023,6:00,292.361
8/11/2023,12:00,292.033
8/11/2023,18:00,296.739
8/12/2023,0:00,296.019
8/12/2023,6:00,287.47
8/12/2023,12:00,284.218
8/12/2023,18:00,289.111
8/13/2023,0:00,289.155
8/13/2023,6:00,281.372
8/13/2023,12:00,279.993
8/13/2023,18:00,288.449
8/14/2023,0:00,288.231
8/14/2023,6:00,281.304
8/14/2023,12:00,282.976
8/14/2023,18:00,292.735
8/15/2023,0:00,293.12
8/15/2023,6:00,286.083
8/15/2023,12:00,288.644
8/15/2023,18:00,298.859
8/16/2023,0:00,298.888
8/16/2023,6:00,291.706
8/16/2023,12:00,293.184
8/16/2023,18:00,302.142
8/17/2023,0:00,302.277
8/17/2023,6:00,294.558
8/17/2023,12:00,295.304
8/17/2023,18:00,303.512
8/18/2023,0:00,303.906
8/18/2023,6:00,295.782
8/18/2023,12:00,291.453
8/18/2023,18:00,291.364
8/19/2023,0:00,290.548
8/19/2023,6:00,288.521
8/19/2023,12:00,284.061
8/19/2023,18:00,290.704
8/20/2023,0:00,290.9
8/20/2023,6:00,285.12
8/20/2023,12:00,287.652
8/20/2023,18:00,294.903
8/21/2023,0:00,294.431
8/21/2023,6:00,287.961
8/21/2023,12:00,288.514
8/21/2023,18:00,297.197
8/22/2023,0:00,297.575
8/22/2023,6:00,291.352
8/22/2023,12:00,295.036
8/22/2023,18:00,303.562
8/23/2023,0:00,303.75
8/23/2023,6:00,294.403
8/23/2023,12:00,290.446
8/23/2023,18:00,292.722
8/24/2023,0:00,292.15
8/24/2023,6:00,287.372
8/24/2023,12:00,285.375
8/24/2023,18:00,291.748
8/25/2023,0:00,291.9
8/25/2023,6:00,284.351
8/25/2023,12:00,283.762
8/25/2023,18:00,291
8/26/2023,0:00,291.091
8/26/2023,6:00,283.636
8/26/2023,12:00,282.82
8/26/2023,18:00,289.115
8/27/2023,0:00,288.906
8/27/2023,6:00,281.697
8/27/2023,12:00,281.712
8/27/2023,18:00,288.751
8/28/2023,0:00,288.6
8/28/2023,6:00,280.6
8/28/2023,12:00,280.703
8/28/2023,18:00,289.017
8/29/2023,0:00,288.789
8/29/2023,6:00,281.117
8/29/2023,12:00,283.234
8/29/2023,18:00,293.8
8/30/2023,0:00,294.353
8/30/2023,6:00,286.461
8/30/2023,12:00,288.302
8/30/2023,18:00,298.018
8/31/2023,0:00,298.087
8/31/2023,6:00,290.562
8/31/2023,12:00,291.878
8/31/2023,18:00,299.163
9/1/2023,0:00,299.219
9/1/2023,6:00,289.87
9/1/2023,12:00,289.611
9/1/2023,18:00,295.241
9/2/2023,0:00,294.201
9/2/2023,6:00,292.071
9/2/2023,12:00,292.763
9/2/2023,18:00,297.095
9/3/2023,0:00,297.965
9/3/2023,6:00,294.44
9/3/2023,12:00,293.323
9/3/2023,18:00,300
9/4/2023,0:00,296.401
9/4/2023,6:00,293.695
9/4/2023,12:00,293.405
9/4/2023,18:00,290.195
9/5/2023,0:00,288.145
9/5/2023,6:00,285.537
9/5/2023,12:00,282.108
9/5/2023,18:00,288.746
9/6/2023,0:00,288.483
9/6/2023,6:00,282.937
9/6/2023,12:00,283.74
9/6/2023,18:00,289.497
9/7/2023,0:00,291.331
9/7/2023,6:00,289.235
9/7/2023,12:00,292.144
9/7/2023,18:00,295.072
9/8/2023,0:00,297.237
9/8/2023,6:00,291.937
9/8/2023,12:00,289.611
9/8/2023,18:00,290.929
9/9/2023,0:00,290.2
9/9/2023,6:00,288.765
9/9/2023,12:00,287.168
9/9/2023,18:00,290.268
9/10/2023,0:00,290.73
9/10/2023,6:00,286.765
9/10/2023,12:00,288.581
9/10/2023,18:00,296.046
9/11/2023,0:00,296.522
9/11/2023,6:00,293.8
9/11/2023,12:00,295.875
9/11/2023,18:00,301.863
9/12/2023,0:00,302.664
9/12/2023,6:00,296.807
9/12/2023,12:00,290.838
9/12/2023,18:00,288.558
9/13/2023,0:00,288.705
9/13/2023,6:00,284.755
9/13/2023,12:00,282.645
9/13/2023,18:00,283.407
9/14/2023,0:00,283.04
9/14/2023,6:00,282.153
9/14/2023,12:00,282.7
9/14/2023,18:00,288.735
9/15/2023,0:00,289.044
9/15/2023,6:00,283.039
9/15/2023,12:00,284.951
9/15/2023,18:00,291.907
9/16/2023,0:00,292.267
9/16/2023,6:00,285.685
9/16/2023,12:00,288.771
9/16/2023,18:00,297.856
9/17/2023,0:00,298.571
9/17/2023,6:00,291.657
9/17/2023,12:00,295.292
9/17/2023,18:00,303.359
9/18/2023,0:00,303.629
9/18/2023,6:00,298.763
9/18/2023,12:00,297.744
9/18/2023,18:00,301.217
9/19/2023,0:00,295.015
9/19/2023,6:00,289.522
9/19/2023,12:00,290.988
9/19/2023,18:00,294.409
9/20/2023,0:00,294.668
9/20/2023,6:00,292.829
9/20/2023,12:00,294.635
9/20/2023,18:00,300.515
9/21/2023,0:00,300.943
9/21/2023,6:00,295.601
9/21/2023,12:00,296.488
9/21/2023,18:00,303.328
9/22/2023,0:00,301.717
9/22/2023,6:00,298.08
9/22/2023,12:00,296.258
9/22/2023,18:00,298.144
9/23/2023,0:00,298.26
9/23/2023,6:00,294.835
9/23/2023,12:00,292.977
9/23/2023,18:00,304.212
9/24/2023,0:00,299.9
9/24/2023,6:00,295.098
9/24/2023,12:00,293.429
9/24/2023,18:00,297
9/25/2023,0:00,294.994
9/25/2023,6:00,293.058
9/25/2023,12:00,289.558
9/25/2023,18:00,293.128
9/26/2023,0:00,293.307
9/26/2023,6:00,289.553
9/26/2023,12:00,290.816
9/26/2023,18:00,289.8
9/27/2023,0:00,288.839
9/27/2023,6:00,286.315
9/27/2023,12:00,286.008
9/27/2023,18:00,290.848
9/28/2023,0:00,290.982
9/28/2023,6:00,283.841
9/28/2023,12:00,285.7
9/28/2023,18:00,292.77
9/29/2023,0:00,292.547
9/29/2023,6:00,286.801
9/29/2023,12:00,288.041
9/29/2023,18:00,295.336
9/30/2023,0:00,295.439
9/30/2023,6:00,287.772
9/30/2023,12:00,288.233
9/30/2023,18:00,292.021
10/1/2023,0:00,292.5
10/1/2023,6:00,284.665
10/1/2023,12:00,287.309
10/1/2023,18:00,293.338
10/2/2023,0:00,293.18
10/2/2023,6:00,284.783
10/2/2023,12:00,286.896
10/2/2023,18:00,293.844
10/3/2023,0:00,293.644
10/3/2023,6:00,286.22
10/3/2023,12:00,287.219
10/3/2023,18:00,295.831
10/4/2023,0:00,297.958
10/4/2023,6:00,291.4
10/4/2023,12:00,290.724
10/4/2023,18:00,293.706
10/5/2023,0:00,294.003
10/5/2023,6:00,286.63
10/5/2023,12:00,287.504
10/5/2023,18:00,293.036
10/6/2023,0:00,293.141
10/6/2023,6:00,286.129
10/6/2023,12:00,289.136
10/6/2023,18:00,290.841
10/7/2023,0:00,291.9
10/7/2023,6:00,289.807
10/7/2023,12:00,291.011
10/7/2023,18:00,297.012
10/8/2023,0:00,296.7
10/8/2023,6:00,290.8
10/8/2023,12:00,289.045
10/8/2023,18:00,293.824
10/9/2023,0:00,294.831
10/9/2023,6:00,286.692
10/9/2023,12:00,290.508
10/9/2023,18:00,296.841
10/10/2023,0:00,296.72
10/10/2023,6:00,289.04
10/10/2023,12:00,292.53
10/10/2023,18:00,299.883
10/11/2023,0:00,299.956
10/11/2023,6:00,292.947
10/11/2023,12:00,294.272
10/11/2023,18:00,295
10/12/2023,0:00,292.918
10/12/2023,6:00,286.07
10/12/2023,12:00,281.538
10/12/2023,18:00,289.055
10/13/2023,0:00,289.041
10/13/2023,6:00,282.653
10/13/2023,12:00,284.691
10/13/2023,18:00,290.613
10/14/2023,0:00,290.572
10/14/2023,6:00,284.227
10/14/2023,12:00,287.27
10/14/2023,18:00,294.702
10/15/2023,0:00,294.803
10/15/2023,6:00,289.126
10/15/2023,12:00,290.993
10/15/2023,18:00,299.034
10/16/2023,0:00,300.21
10/16/2023,6:00,293.828
10/16/2023,12:00,297.588
10/16/2023,18:00,300.406
10/17/2023,0:00,297.804
10/17/2023,6:00,293.266
10/17/2023,12:00,292.761
10/17/2023,18:00,293.143
10/18/2023,0:00,291.697
10/18/2023,6:00,290.956
10/18/2023,12:00,287.558
10/18/2023,18:00,291.4
10/19/2023,0:00,290.644
10/19/2023,6:00,288.207
10/19/2023,12:00,289.36
10/19/2023,18:00,294.849
10/20/2023,0:00,294.435
10/20/2023,6:00,291.026
10/20/2023,12:00,289.801
10/20/2023,18:00,296.338
10/21/2023,0:00,295.662
10/21/2023,6:00,291.463
10/21/2023,12:00,292.2
10/21/2023,18:00,301.084
10/22/2023,0:00,300.779
10/22/2023,6:00,295.044
10/22/2023,12:00,297.524
10/22/2023,18:00,301.122
10/23/2023,0:00,298.153
10/23/2023,6:00,293.698
10/23/2023,12:00,293.625
10/23/2023,18:00,293.4
10/24/2023,0:00,296.212
10/24/2023,6:00,292.767
10/24/2023,12:00,294.48
10/24/2023,18:00,296.556
10/25/2023,0:00,296.982
10/25/2023,6:00,290.924
10/25/2023,12:00,290.274
10/25/2023,18:00,294.001
10/26/2023,0:00,294.292
10/26/2023,6:00,289.508
10/26/2023,12:00,289.735
10/26/2023,18:00,295.505
10/27/2023,0:00,295.677
10/27/2023,6:00,289.501
10/27/2023,12:00,290.821
10/27/2023,18:00,297.738
10/28/2023,0:00,297.536
10/28/2023,6:00,293.744
10/28/2023,12:00,293.841
10/28/2023,18:00,297.037
10/29/2023,0:00,297.638
10/29/2023,6:00,292.537
10/29/2023,12:00,294.994
10/29/2023,18:00,301.136
10/30/2023,0:00,301.53
10/30/2023,6:00,294.556
10/30/2023,12:00,296.982
10/30/2023,18:00,297.507
10/31/2023,0:00,299.076
10/31/2023,6:00,293.55
10/31/2023,12:00,292.892
10/31/2023,18:00,296.784
11/1/2023,0:00,297.458
11/1/2023,6:00,291.21
11/1/2023,12:00,292.919
11/1/2023,18:00,296.112
11/2/2023,0:00,295.302
11/2/2023,6:00,291.133
11/2/2023,12:00,289.795
11/2/2023,18:00,291.645
11/3/2023,0:00,293.395
11/3/2023,6:00,291.034
11/3/2023,12:00,290.459
11/3/2023,18:00,286.803
11/4/2023,0:00,286.097
11/4/2023,6:00,285.633
11/4/2023,12:00,287.309
11/4/2023,18:00,292.908
11/5/2023,0:00,293.016
11/5/2023,6:00,286.44
11/5/2023,12:00,289.639
11/5/2023,18:00,295.239
11/6/2023,0:00,295.255
11/6/2023,6:00,289.93
11/6/2023,12:00,291.434
11/6/2023,18:00,299.17
11/7/2023,0:00,299.285
11/7/2023,6:00,292.835
11/7/2023,12:00,297.365
11/7/2023,18:00,303.81
11/8/2023,0:00,303.9
11/8/2023,6:00,296.897
11/8/2023,12:00,296.521
11/8/2023,18:00,302.264
11/9/2023,0:00,301.8
11/9/2023,6:00,296.505
11/9/2023,12:00,293.901
11/9/2023,18:00,295.561
11/10/2023,0:00,292.085
11/10/2023,6:00,291.252
11/10/2023,12:00,292.43
11/10/2023,18:00,301.205
11/11/2023,0:00,302.622
11/11/2023,6:00,298.35
11/11/2023,12:00,300.572
11/11/2023,18:00,303.048
11/12/2023,0:00,302.318
11/12/2023,6:00,299.301
11/12/2023,12:00,300.616
11/12/2023,18:00,302.882
11/13/2023,0:00,298.469
11/13/2023,6:00,294.246
11/13/2023,12:00,294.216
11/13/2023,18:00,294.021
11/14/2023,0:00,295.282
11/14/2023,6:00,293.562
11/14/2023,12:00,293.517
11/14/2023,18:00,294.462
11/15/2023,0:00,296.967
11/15/2023,6:00,292.555
11/15/2023,12:00,293.721
11/15/2023,18:00,296.955
11/16/2023,0:00,299.655
11/16/2023,6:00,295.497
11/16/2023,12:00,296.664
11/16/2023,18:00,300.568
11/17/2023,0:00,300.846
11/17/2023,6:00,295.036
11/17/2023,12:00,296.457
11/17/2023,18:00,297.392
11/18/2023,0:00,297.205
11/18/2023,6:00,295.26
11/18/2023,12:00,294.011
11/18/2023,18:00,297.106
11/19/2023,0:00,298.195
11/19/2023,6:00,291.034
11/19/2023,12:00,290.896
11/19/2023,18:00,297.401
11/20/2023,0:00,297.306
11/20/2023,6:00,290.604
11/20/2023,12:00,294.576
11/20/2023,18:00,300.891
11/21/2023,0:00,301.239
11/21/2023,6:00,293.07
11/21/2023,12:00,299.214
11/21/2023,18:00,303.397
11/22/2023,0:00,303.459
11/22/2023,6:00,297.499
11/22/2023,12:00,294.537
11/22/2023,18:00,296.002
11/23/2023,0:00,296.352
11/23/2023,6:00,291.26
11/23/2023,12:00,291.27
11/23/2023,18:00,298.688
11/24/2023,0:00,298.902
11/24/2023,6:00,292.257
11/24/2023,12:00,294.672
11/24/2023,18:00,299.194
11/25/2023,0:00,298.926
11/25/2023,6:00,290.953
11/25/2023,12:00,291.005
11/25/2023,18:00,296.994
11/26/2023,0:00,297.169
11/26/2023,6:00,292.812
11/26/2023,12:00,294.129
11/26/2023,18:00,301.115
11/27/2023,0:00,301.049
11/27/2023,6:00,295.256
11/27/2023,12:00,295.58
11/27/2023,18:00,298.329
11/28/2023,0:00,299.232
11/28/2023,6:00,293.732
11/28/2023,12:00,296.967
11/28/2023,18:00,300.693
11/29/2023,0:00,300.868
11/29/2023,6:00,293.587
11/29/2023,12:00,295.88
11/29/2023,18:00,302.143
11/30/2023,0:00,302.834
11/30/2023,6:00,295.535
11/30/2023,12:00,298.277
11/30/2023,18:00,302.706
12/1/2023,0:00,302.453
12/1/2023,6:00,296.976
12/1/2023,12:00,301.095
12/1/2023,18:00,307.455
12/2/2023,0:00,307.582
12/2/2023,6:00,299.954
12/2/2023,12:00,295.198
12/2/2023,18:00,297.41
12/3/2023,0:00,296.306
12/3/2023,6:00,293.339
12/3/2023,12:00,294.78
12/3/2023,18:00,295.87
12/4/2023,0:00,295.156
12/4/2023,6:00,293.708
12/4/2023,12:00,290.95
12/4/2023,18:00,294.126
12/5/2023,0:00,293.117
12/5/2023,6:00,290.912
12/5/2023,12:00,292.611
12/5/2023,18:00,299.02
12/6/2023,0:00,300.2
12/6/2023,6:00,295.544
12/6/2023,12:00,298.962
12/6/2023,18:00,301.777
12/7/2023,0:00,302.647
12/7/2023,6:00,297.074
12/7/2023,12:00,295.534
12/7/2023,18:00,300.178
12/8/2023,0:00,300.106
12/8/2023,6:00,293.544
12/8/2023,12:00,291.957
12/8/2023,18:00,297.177
12/9/2023,0:00,297.08
12/9/2023,6:00,290.077
12/9/2023,12:00,291.427
12/9/2023,18:00,297.68
12/10/2023,0:00,297.694
12/10/2023,6:00,293.953
12/10/2023,12:00,294.159
12/10/2023,18:00,300.67
12/11/2023,0:00,301.155
12/11/2023,6:00,292.817
12/11/2023,12:00,295.237
12/11/2023,18:00,301.151
12/12/2023,0:00,301.337
12/12/2023,6:00,294.784
12/12/2023,12:00,296.857
12/12/2023,18:00,304.685
12/13/2023,0:00,304.627
12/13/2023,6:00,297.705
12/13/2023,12:00,299.331
12/13/2023,18:00,301.749
12/14/2023,0:00,300.769
12/14/2023,6:00,294.76
12/14/2023,12:00,296.477
12/14/2023,18:00,302.593
12/15/2023,0:00,303.702
12/15/2023,6:00,298.487
12/15/2023,12:00,300.767
12/15/2023,18:00,299.237
12/16/2023,0:00,297.676
12/16/2023,6:00,295.856
12/16/2023,12:00,297.341
12/16/2023,18:00,306.762
12/17/2023,0:00,305.946
12/17/2023,6:00,300.082
12/17/2023,12:00,302.696
12/17/2023,18:00,308.855
12/18/2023,0:00,308.784
12/18/2023,6:00,302.353
12/18/2023,12:00,303.056
12/18/2023,18:00,307.981
12/19/2023,0:00,305.031
12/19/2023,6:00,295.68
12/19/2023,12:00,294.471
12/19/2023,18:00,295.19
12/20/2023,0:00,294.074
12/20/2023,6:00,292.483
12/20/2023,12:00,293.122
12/20/2023,18:00,294.9
12/21/2023,0:00,297.998
12/21/2023,6:00,294.555
12/21/2023,12:00,297.047
12/21/2023,18:00,302.619
12/22/2023,0:00,303.016
12/22/2023,6:00,299.147
12/22/2023,12:00,299.671
12/22/2023,18:00,303.558
12/23/2023,0:00,303.464
12/23/2023,6:00,295.179
12/23/2023,12:00,297.412
12/23/2023,18:00,303.27
12/24/2023,0:00,302.036
12/24/2023,6:00,296.907
12/24/2023,12:00,297.831
12/24/2023,18:00,303.508
12/25/2023,0:00,302.901
12/25/2023,6:00,297.137
12/25/2023,12:00,297.824
12/25/2023,18:00,302.957
12/26/2023,0:00,303.043
12/26/2023,12:00,290.778
12/26/2023,18:00,297.498
12/27/2023,0:00,297.498
12/27/2023,6:00,290.42
12/27/2023,12:00,293.145
12/27/2023,18:00,299.932
12/28/2023,0:00,300.035
12/28/2023,6:00,292.89
12/28/2023,12:00,296.9
12/28/2023,18:00,304.616
12/29/2023,0:00,305.2
12/29/2023,6:00,299.99
12/29/2023,12:00,294.1
12/29/2023,18:00,297.265
12/30/2023,0:00,297.824
12/30/2023,6:00,294.986
12/30/2023,12:00,290.739
12/30/2023,18:00,296.753
12/31/2023,0:00,297.113
12/31/2023,6:00,290.23
12/31/2023,12:00,290.971
12/31/2023,18:00,297.447
1/1/2024,0:00,297.812
1/1/2024,6:00,292.129
1/1/2024,12:00,292.85
1/1/2024,18:00,299.994
1/2/2024,0:00,299.434
1/2/2024,6:00,294.806
1/2/2024,12:00,296.693
1/2/2024,18:00,302.911
1/3/2024,0:00,303.688
1/3/2024,6:00,295.723
1/3/2024,12:00,293.314
1/3/2024,18:00,298.447
1/4/2024,0:00,300.138
1/4/2024,6:00,294.694
1/4/2024,12:00,293.759
1/4/2024,18:00,298.264
1/5/2024,0:00,299.003
1/5/2024,6:00,294.356
1/5/2024,12:00,295.244
1/5/2024,18:00,300.93
1/6/2024,0:00,301.878
1/6/2024,6:00,295.88
1/6/2024,12:00,297.572
1/6/2024,18:00,304.928
1/7/2024,0:00,305.886
1/7/2024,6:00,299.276
1/7/2024,12:00,300.818
1/7/2024,18:00,305.246
1/8/2024,0:00,299.509
1/8/2024,6:00,295.444
1/8/2024,12:00,295.439
1/8/2024,18:00,298.106
1/9/2024,0:00,295.774
1/9/2024,6:00,293.27
1/9/2024,12:00,297.089
1/9/2024,18:00,302.088
1/10/2024,0:00,300.456
1/10/2024,6:00,295.179
1/10/2024,12:00,294.806
1/10/2024,18:00,295.11
1/11/2024,0:00,294.47
1/11/2024,6:00,294.19
1/11/2024,12:00,296.865
1/11/2024,18:00,300.155
1/12/2024,0:00,298.695
1/12/2024,6:00,295.196
1/12/2024,12:00,294.735
1/12/2024,18:00,300.697
1/13/2024,0:00,300.583
1/13/2024,6:00,293.905
1/13/2024,12:00,293.84
1/13/2024,18:00,303.615
1/14/2024,0:00,304.239
1/14/2024,6:00,297.37
1/14/2024,12:00,301.234
1/14/2024,18:00,306.278
1/15/2024,0:00,304.865
1/15/2024,6:00,295.439
1/15/2024,12:00,298.06
1/15/2024,18:00,304.193
1/16/2024,0:00,305.122
1/16/2024,6:00,298.833
1/16/2024,12:00,300.969
1/16/2024,18:00,307.122
1/17/2024,0:00,307.366
1/17/2024,6:00,299.657
1/17/2024,12:00,295.456
1/17/2024,18:00,295.356
1/18/2024,0:00,294.951
1/18/2024,6:00,294.96
1/18/2024,12:00,296.318
1/18/2024,18:00,302.785
1/19/2024,0:00,302.887
1/19/2024,6:00,296.93
1/19/2024,12:00,298.616
1/19/2024,18:00,304.268
1/20/2024,0:00,303.453
1/20/2024,6:00,297.181
1/20/2024,12:00,295.729
1/20/2024,18:00,299.208
1/21/2024,0:00,299.778
1/21/2024,6:00,294.533
1/21/2024,12:00,294.739
1/21/2024,18:00,297.312
1/22/2024,0:00,299.335
1/22/2024,6:00,293.269
1/22/2024,12:00,292.843
1/22/2024,18:00,298.722
1/23/2024,0:00,298.574
1/23/2024,6:00,293.61
1/23/2024,12:00,292.932
1/23/2024,18:00,298.101
1/24/2024,0:00,298.064
1/24/2024,6:00,293.916
1/24/2024,12:00,293.611
1/24/2024,18:00,300.512
1/25/2024,0:00,300.58
1/25/2024,6:00,293.895
1/25/2024,12:00,293.515
1/25/2024,18:00,300.045
1/26/2024,0:00,299.931
1/26/2024,6:00,292.755
1/26/2024,12:00,293.172
1/26/2024,18:00,300.038
1/27/2024,0:00,299.789
1/27/2024,6:00,292.824
1/27/2024,12:00,293.527
1/27/2024,18:00,300.131
1/28/2024,0:00,300.151
1/28/2024,6:00,293.784
1/28/2024,12:00,294.39
1/28/2024,18:00,300.983
1/29/2024,0:00,300.745
1/29/2024,6:00,295.05
1/29/2024,12:00,296.32
1/29/2024,18:00,302.668
1/30/2024,0:00,303.158
1/30/2024,6:00,298.406
1/30/2024,12:00,297.689
1/30/2024,18:00,303.755
1/31/2024,0:00,303.292
1/31/2024,6:00,297.11
1/31/2024,12:00,296.178
1/31/2024,18:00,304.026
2/1/2024,0:00,304.071
2/1/2024,6:00,296.346
2/1/2024,12:00,297.555
2/1/2024,18:00,304.919
2/2/2024,0:00,304.585
2/2/2024,6:00,297.047
2/2/2024,12:00,296.448
2/2/2024,18:00,305.421
2/3/2024,0:00,305.833
2/3/2024,6:00,298.251
2/3/2024,12:00,298.895
2/3/2024,18:00,307.937
2/4/2024,0:00,307.766
2/4/2024,6:00,300.869
2/4/2024,12:00,300.807
2/4/2024,18:00,308.634
2/5/2024,0:00,309.755
2/5/2024,6:00,297.899
2/5/2024,12:00,298.587
2/5/2024,18:00,306.584
2/6/2024,0:00,307.045
2/6/2024,6:00,299.807
2/6/2024,12:00,299.388
2/6/2024,18:00,307.164
2/7/2024,0:00,307.768
2/7/2024,6:00,300.253
2/7/2024,12:00,299.618
2/7/2024,18:00,307.319
2/8/2024,0:00,307.937
2/8/2024,6:00,301.743
2/8/2024,12:00,300.375
2/8/2024,18:00,307.849
2/9/2024,0:00,308.1
2/9/2024,6:00,301.58
2/9/2024,12:00,301.128
2/9/2024,18:00,308.518
2/10/2024,0:00,308.575
2/10/2024,6:00,297.362
2/10/2024,12:00,300.525
2/10/2024,18:00,308.436
2/11/2024,0:00,308.593
2/11/2024,6:00,301.741
2/11/2024,12:00,301.453
2/11/2024,18:00,308.65
2/12/2024,0:00,308.011
2/12/2024,6:00,299.277
2/12/2024,12:00,302.267
2/12/2024,18:00,311.463
2/13/2024,0:00,310.822
2/13/2024,6:00,296.143
2/13/2024,12:00,295.968
2/13/2024,18:00,293.902
2/14/2024,0:00,295.098
2/14/2024,6:00,293.918
2/14/2024,12:00,292.104
2/14/2024,18:00,299.9
2/15/2024,0:00,299.917
2/15/2024,6:00,293.849
2/15/2024,12:00,293.716
2/15/2024,18:00,300.746
2/16/2024,0:00,297.797
2/16/2024,6:00,294.317
2/16/2024,12:00,293.945
2/16/2024,18:00,299.343
2/17/2024,0:00,297.796
2/17/2024,6:00,294.167
2/17/2024,12:00,294.934
2/17/2024,18:00,302.026
2/18/2024,0:00,302.238
2/18/2024,6:00,296.412
2/18/2024,12:00,297.397
2/18/2024,18:00,305.361
2/19/2024,0:00,305.548
2/19/2024,6:00,298.137
2/19/2024,12:00,297.319
2/19/2024,18:00,305.218
2/20/2024,0:00,304.705
2/20/2024,6:00,296.427
2/20/2024,12:00,296.43
2/20/2024,18:00,304.095
2/21/2024,0:00,303.983
2/21/2024,6:00,295.397
2/21/2024,12:00,294.958
2/21/2024,18:00,304.212
2/22/2024,0:00,304.453
2/22/2024,6:00,296.927
2/22/2024,12:00,297.231
2/22/2024,18:00,305.709
2/23/2024,0:00,306.169
2/23/2024,6:00,297.891
2/23/2024,12:00,299.876
2/23/2024,18:00,308.08
2/24/2024,0:00,308.497
2/24/2024,6:00,300.385
2/24/2024,12:00,300.157
2/24/2024,18:00,309.246
2/25/2024,0:00,309.665
2/25/2024,6:00,301.649
2/25/2024,12:00,298.515
2/25/2024,18:00,308.08
2/26/2024,0:00,308.479
2/26/2024,6:00,301.556
2/26/2024,12:00,296.795
2/26/2024,18:00,302.767
2/27/2024,0:00,305.398
2/27/2024,6:00,298.574
2/27/2024,12:00,297.123
2/27/2024,18:00,304.249
2/28/2024,0:00,303.884
2/28/2024,6:00,297.928
2/28/2024,12:00,298.864
2/28/2024,18:00,301.661
2/29/2024,0:00,297.733
2/29/2024,6:00,296.497
2/29/2024,12:00,298.179
2/29/2024,18:00,303.013
3/1/2024,0:00,304.266
3/1/2024,6:00,297.655
3/1/2024,12:00,298.755
3/1/2024,18:00,305.516
3/2/2024,0:00,305.276
3/2/2024,6:00,297.695
3/2/2024,12:00,298.362
3/2/2024,18:00,306.749
3/3/2024,0:00,307.673
3/3/2024,6:00,301.318
3/3/2024,12:00,297.799
3/3/2024,18:00,299.7
3/4/2024,0:00,300.044
3/4/2024,6:00,293.874
3/4/2024,12:00,293.811
3/4/2024,18:00,298.586
3/5/2024,0:00,301.422
3/5/2024,6:00,293.583
3/5/2024,12:00,292.583
3/5/2024,18:00,299.54
3/6/2024,0:00,299.71
3/6/2024,6:00,291.816
3/6/2024,12:00,292.392
3/6/2024,18:00,301.232
3/7/2024,0:00,300.884
3/7/2024,6:00,292.264
3/7/2024,12:00,293.483
3/7/2024,18:00,304.316
3/8/2024,0:00,305.103
3/8/2024,6:00,298.219
3/8/2024,12:00,294.83
3/8/2024,18:00,303.355
3/9/2024,0:00,303.828
3/9/2024,6:00,297.756
3/9/2024,12:00,300.569
3/9/2024,18:00,308.436
3/10/2024,0:00,306.3
3/10/2024,6:00,299.638
3/10/2024,12:00,299.133
3/10/2024,18:00,308.5
3/11/2024,0:00,308.1
3/11/2024,6:00,297.535
3/11/2024,12:00,297.746
3/11/2024,18:00,308.478
3/12/2024,0:00,308.212
3/12/2024,6:00,296.185
3/12/2024,12:00,298.214
3/12/2024,18:00,312
3/13/2024,0:00,312.224
3/13/2024,6:00,300.527
3/13/2024,12:00,301.314
3/13/2024,18:00,311.092
3/14/2024,0:00,311.407
3/14/2024,6:00,301.163
3/14/2024,12:00,301.568
3/14/2024,18:00,313.712
3/15/2024,0:00,313.046
3/15/2024,6:00,304.415
3/15/2024,12:00,298.093
3/15/2024,18:00,301.421
3/16/2024,0:00,298.037
3/16/2024,6:00,295.609
3/16/2024,12:00,297.745
3/16/2024,18:00,302.934
3/17/2024,0:00,300.597
3/17/2024,6:00,294.864
3/17/2024,12:00,296.168
3/17/2024,18:00,301.908
3/18/2024,0:00,299.996
3/18/2024,6:00,295.667
3/18/2024,12:00,296.561
3/18/2024,18:00,300.163
3/19/2024,0:00,303.765
3/19/2024,6:00,297.537
3/19/2024,12:00,297.452
3/19/2024,18:00,304.032
3/20/2024,0:00,304.369
3/20/2024,6:00,297.565
3/20/2024,12:00,299.169
3/20/2024,18:00,308.858
3/21/2024,0:00,309.363
3/21/2024,6:00,302.148
3/21/2024,12:00,297.767
3/21/2024,18:00,294.5
3/22/2024,0:00,295.665
3/22/2024,6:00,291.917
3/22/2024,12:00,289.015
3/22/2024,18:00,295.01
3/23/2024,0:00,294.922
3/23/2024,6:00,288.837
3/23/2024,12:00,290.352
3/23/2024,18:00,299.937
3/24/2024,0:00,299.859
3/24/2024,6:00,291.955
3/24/2024,12:00,293.811
3/24/2024,18:00,302
3/25/2024,0:00,302.041
3/25/2024,6:00,297.155
3/25/2024,12:00,295.993
3/25/2024,18:00,303.014
3/26/2024,0:00,303.686
3/26/2024,6:00,294.9
3/26/2024,12:00,293.319
3/26/2024,18:00,299.288
3/27/2024,0:00,299.354
3/27/2024,6:00,291.803
3/27/2024,12:00,291.814
3/27/2024,18:00,300.501
3/28/2024,0:00,300.913
3/28/2024,6:00,293.3
3/28/2024,12:00,293.845
3/28/2024,18:00,300.96
3/29/2024,0:00,301.1
3/29/2024,6:00,294.92
3/29/2024,12:00,295.3
3/29/2024,18:00,303.543
3/30/2024,0:00,304.054
3/30/2024,6:00,295.011
3/30/2024,12:00,296.661
3/30/2024,18:00,304.176
3/31/2024,0:00,305.276
3/31/2024,6:00,298.087
3/31/2024,12:00,298.397
3/31/2024,18:00,305.387
4/1/2024,0:00,305.497
4/1/2024,6:00,294.312
4/1/2024,12:00,295.786
4/1/2024,18:00,304.117
4/2/2024,0:00,304.616
4/2/2024,6:00,291.893
4/2/2024,12:00,291.8
4/2/2024,18:00,295.622
4/3/2024,0:00,295.969
4/3/2024,6:00,291.884
4/3/2024,12:00,295.357
4/3/2024,18:00,305.2
4/4/2024,0:00,305.628
4/4/2024,6:00,299.672
4/4/2024,12:00,295.729
4/4/2024,18:00,302.009
4/5/2024,0:00,301.001
4/5/2024,6:00,295.424
4/5/2024,12:00,295.281
4/5/2024,18:00,300.477
4/6/2024,0:00,299.834
4/6/2024,6:00,292.617
4/6/2024,12:00,292.008
4/6/2024,18:00,299.667
4/7/2024,0:00,299.344
4/7/2024,6:00,293.805
4/7/2024,12:00,290.167
4/7/2024,18:00,292.706
4/8/2024,0:00,292.997
4/8/2024,6:00,292.186
4/8/2024,12:00,293.058
4/8/2024,18:00,298.034
4/9/2024,0:00,298.101
4/9/2024,6:00,294.753
4/9/2024,12:00,295.024
4/9/2024,18:00,299.2
4/10/2024,0:00,300.099
4/10/2024,6:00,293.71
4/10/2024,12:00,294.536
4/10/2024,18:00,299.848
4/11/2024,0:00,298.512
4/11/2024,6:00,292.998
4/11/2024,12:00,290.066
4/11/2024,18:00,292.485
4/12/2024,0:00,291.362
4/12/2024,6:00,291.5
4/12/2024,12:00,290.991
4/12/2024,18:00,292.497
4/13/2024,0:00,293.944
4/13/2024,6:00,292.23
4/13/2024,12:00,293.271
4/13/2024,18:00,297.266
4/14/2024,0:00,296.022
4/14/2024,6:00,294.67
4/14/2024,12:00,294.905
4/14/2024,18:00,299.405
4/15/2024,0:00,298.358
4/15/2024,6:00,295.965
4/15/2024,12:00,296.043
4/15/2024,18:00,299.13
4/16/2024,0:00,296.544
4/16/2024,6:00,294.299
4/16/2024,12:00,293.204
4/16/2024,18:00,294.205
4/17/2024,0:00,294.276
4/17/2024,6:00,289.3
4/17/2024,12:00,288.412
4/17/2024,18:00,294.387
4/18/2024,0:00,294.863
4/18/2024,6:00,288.318
4/18/2024,12:00,289.5
4/18/2024,18:00,296.24
4/19/2024,0:00,296.428
4/19/2024,6:00,289.644
4/19/2024,12:00,290.197
4/19/2024,18:00,297.524
4/20/2024,0:00,297.542
4/20/2024,6:00,290.6
4/20/2024,12:00,290.399
4/20/2024,18:00,298.373
4/21/2024,0:00,298.609
4/21/2024,6:00,291.056
4/21/2024,12:00,291.632
4/21/2024,18:00,299.527
4/22/2024,0:00,299.945
4/22/2024,6:00,293.4
4/22/2024,12:00,292.729
4/22/2024,18:00,294.312
4/23/2024,0:00,292.929
4/23/2024,6:00,293.091
4/23/2024,12:00,293.376
4/23/2024,18:00,297.711
4/24/2024,0:00,297.954
4/24/2024,6:00,294.135
4/24/2024,12:00,291.606
4/24/2024,18:00,293.458
4/25/2024,0:00,293.2
4/25/2024,6:00,289.725
4/25/2024,12:00,290.217
4/25/2024,18:00,298.027
4/26/2024,0:00,297.884
4/26/2024,6:00,293.833
4/26/2024,12:00,295.952
4/26/2024,18:00,302.258
4/27/2024,0:00,302.514
4/27/2024,6:00,296.218
4/27/2024,12:00,295.546
4/27/2024,18:00,298.289
4/28/2024,0:00,299.344
4/28/2024,6:00,288.816
4/28/2024,12:00,288.148
4/28/2024,18:00,293.771
4/29/2024,0:00,293.8
4/29/2024,6:00,292.017
4/29/2024,12:00,291.758
4/29/2024,18:00,299.063
4/30/2024,0:00,301.688
4/30/2024,6:00,297.11
4/30/2024,12:00,296.355
4/30/2024,18:00,301.328
5/1/2024,0:00,302.16
5/1/2024,6:00,297.844
5/1/2024,12:00,297.806
5/1/2024,18:00,301.037
5/2/2024,0:00,301.066
5/2/2024,6:00,296.446
5/2/2024,12:00,293.615
5/2/2024,18:00,292.128
5/3/2024,0:00,289.298
5/3/2024,6:00,287.792
5/3/2024,12:00,287.509
5/3/2024,18:00,288.456
5/4/2024,0:00,288.244
5/4/2024,6:00,287.604
5/4/2024,12:00,289.058
5/4/2024,18:00,292.856
5/5/2024,0:00,291.55
5/5/2024,6:00,292.5
5/5/2024,12:00,293.969
5/5/2024,18:00,298.574
5/6/2024,0:00,298.849
5/6/2024,6:00,295.182
5/6/2024,12:00,295.167
5/6/2024,18:00,300.189
5/7/2024,0:00,300.983
5/7/2024,6:00,296.096
5/7/2024,12:00,295.815
5/7/2024,18:00,299.215
5/8/2024,0:00,299.144
5/8/2024,6:00,297.088
5/8/2024,12:00,298.252
5/8/2024,18:00,296.664
5/9/2024,0:00,294.7
5/9/2024,6:00,287.935
5/9/2024,12:00,283.52
5/9/2024,18:00,288.696
5/10/2024,0:00,287.973
5/10/2024,6:00,286.871
5/10/2024,12:00,287.23
5/10/2024,18:00,288.237
5/11/2024,0:00,287.451
5/11/2024,6:00,287.672
5/11/2024,12:00,287.944
5/11/2024,18:00,288.775
5/12/2024,0:00,290.1
5/12/2024,6:00,289.748
5/12/2024,12:00,289.887
5/12/2024,18:00,290.991
5/13/2024,0:00,291.109
5/13/2024,6:00,289.519
5/13/2024,12:00,287.574
5/13/2024,18:00,288.265
5/14/2024,0:00,286.155
5/14/2024,6:00,283.132
5/14/2024,12:00,280.832
5/14/2024,18:00,286.29
5/15/2024,0:00,286.343
5/15/2024,6:00,281.464
5/15/2024,12:00,280.739
5/15/2024,18:00,287.033
5/16/2024,0:00,287.019
5/16/2024,6:00,281.345
5/16/2024,12:00,282.911
5/16/2024,18:00,284.345
5/17/2024,0:00,284.893
5/17/2024,6:00,284.854
5/17/2024,12:00,283.272
5/17/2024,18:00,289.51
5/18/2024,0:00,289.689
5/18/2024,6:00,282.652
5/18/2024,12:00,282.414
5/18/2024,18:00,287.768
5/19/2024,0:00,287.542
5/19/2024,6:00,281.708
5/19/2024,12:00,281.521
5/19/2024,18:00,288.764
5/20/2024,0:00,288.718
5/20/2024,12:00,282.858
5/20/2024,18:00,289.24
5/21/2024,0:00,289.312
5/21/2024,6:00,283.111
5/21/2024,12:00,285.301
5/21/2024,18:00,289.172
5/22/2024,0:00,289.77
5/22/2024,6:00,289.279
5/22/2024,12:00,290.539
5/22/2024,18:00,294.51
5/23/2024,0:00,294.916
5/23/2024,6:00,292.116
5/23/2024,12:00,291.725
5/23/2024,18:00,291.692
5/24/2024,0:00,290.078
5/24/2024,6:00,288.646
5/24/2024,12:00,288.245
5/24/2024,18:00,284.342
5/25/2024,0:00,283.013
5/25/2024,6:00,280.945
5/25/2024,12:00,279.104
5/25/2024,18:00,284.21
5/26/2024,0:00,284.315
5/26/2024,6:00,282.781
5/26/2024,12:00,281.129
5/26/2024,18:00,286.093
5/27/2024,0:00,285.835
5/27/2024,6:00,284.398
5/27/2024,12:00,283.2
5/27/2024,18:00,284.737
5/28/2024,0:00,283.975
5/28/2024,6:00,281.529
5/28/2024,12:00,282.345
5/28/2024,18:00,288.675
5/29/2024,0:00,288.386
5/29/2024,6:00,284.254
5/29/2024,12:00,285.529
5/29/2024,18:00,288.391
5/30/2024,0:00,288.263
5/30/2024,6:00,283.331
5/30/2024,12:00,283.623
5/30/2024,18:00,290.389
5/31/2024,0:00,290.224
5/31/2024,6:00,284.289
5/31/2024,12:00,283.78
5/31/2024,18:00,291.462
6/1/2024,0:00,291.752
6/1/2024,6:00,285.4
6/1/2024,12:00,286.97
6/1/2024,18:00,293.675
6/2/2024,0:00,293.958
6/2/2024,6:00,288.619
6/2/2024,12:00,288.407
6/2/2024,18:00,296.047
6/3/2024,0:00,296.156
6/3/2024,6:00,292.275
6/3/2024,12:00,284.634
6/3/2024,18:00,287.157
6/4/2024,0:00,286.956
6/4/2024,6:00,281.188
6/4/2024,12:00,281.433
6/4/2024,18:00,287.258
6/5/2024,0:00,287.44
6/5/2024,6:00,284.678
6/5/2024,12:00,287.166
6/5/2024,18:00,294.244
6/6/2024,0:00,295.6
6/6/2024,6:00,290.394
6/6/2024,12:00,291.688
6/6/2024,18:00,297.851
6/7/2024,0:00,297.872
6/7/2024,6:00,292.659
6/7/2024,12:00,292.299
6/7/2024,18:00,298.369
6/8/2024,0:00,298.632
6/8/2024,6:00,292.804
6/8/2024,12:00,292.068
6/8/2024,18:00,298.741
6/9/2024,0:00,298.685
6/9/2024,6:00,292.377
6/9/2024,12:00,293.236
6/9/2024,18:00,299.068
6/10/2024,0:00,299.281
6/10/2024,6:00,293.082
6/10/2024,12:00,293.207
6/10/2024,18:00,298.982
6/11/2024,0:00,298.9
6/11/2024,6:00,292.43
6/11/2024,12:00,292.668
6/11/2024,18:00,299.158
6/12/2024,0:00,299.449
6/12/2024,6:00,293.855
6/12/2024,12:00,292.814
6/12/2024,18:00,299.221
6/13/2024,0:00,299.666
6/13/2024,6:00,293.3
6/13/2024,12:00,292.005
6/13/2024,18:00,297.863
6/14/2024,0:00,298.366
6/14/2024,6:00,295.585
6/14/2024,12:00,294.907
6/14/2024,18:00,299.524
6/15/2024,0:00,300.265
6/15/2024,6:00,296.316
6/15/2024,12:00,295.31
6/15/2024,18:00,295.665
6/16/2024,0:00,294.278
6/16/2024,6:00,291.717
6/16/2024,12:00,291.298
6/16/2024,18:00,291.148
6/17/2024,0:00,291.39
6/17/2024,6:00,289.053
6/17/2024,12:00,287.82
6/17/2024,18:00,290.807
6/18/2024,0:00,290.303
6/18/2024,6:00,289.707
6/18/2024,12:00,290.603
6/18/2024,18:00,293.944
6/19/2024,0:00,295.1
6/19/2024,6:00,292.974
6/19/2024,12:00,292.154
6/19/2024,18:00,297.154
6/20/2024,0:00,296.178
6/20/2024,6:00,293.052
6/20/2024,12:00,291.986
6/20/2024,18:00,296.255
6/21/2024,0:00,296.2
6/21/2024,6:00,292.585
6/21/2024,12:00,291.067
6/21/2024,18:00,296.258
6/22/2024,0:00,295.822
6/22/2024,6:00,290.78
6/22/2024,12:00,291.029
6/22/2024,18:00,294.93
6/23/2024,0:00,295.909
6/23/2024,6:00,292.972
6/23/2024,12:00,292.261
6/23/2024,18:00,295.398
6/24/2024,0:00,291.46
6/24/2024,6:00,287.765
6/24/2024,12:00,285.697
6/24/2024,18:00,286.731
6/25/2024,0:00,286.962
6/25/2024,6:00,282.032
6/25/2024,12:00,280.333
6/25/2024,18:00,283.833
6/26/2024,0:00,283.333
6/26/2024,6:00,282.998
6/26/2024,12:00,281.486
6/26/2024,18:00,286.637
6/27/2024,0:00,285.655
6/27/2024,6:00,281.045
6/27/2024,12:00,280.587
6/27/2024,18:00,288.071
6/28/2024,0:00,288.176
6/28/2024,6:00,282.926
6/28/2024,12:00,283.844
6/28/2024,18:00,289.484
6/29/2024,0:00,288.406
6/29/2024,6:00,282.268
6/29/2024,12:00,278.483
6/29/2024,18:00,283.3
6/30/2024,0:00,283.099
6/30/2024,6:00,276.961
6/30/2024,12:00,277.6
6/30/2024,18:00,284.601
7/1/2024,0:00,284.859
7/1/2024,6:00,279.332
7/1/2024,12:00,279.408
7/1/2024,18:00,288.108
7/2/2024,0:00,288.148
7/2/2024,6:00,281.625
7/2/2024,12:00,282.782
7/2/2024,18:00,291.294
7/3/2024,0:00,291.895
7/3/2024,6:00,287.759
7/3/2024,12:00,287.58
7/3/2024,18:00,290.918
7/4/2024,0:00,289.337
7/4/2024,6:00,287.2
7/4/2024,12:00,284.866
7/4/2024,18:00,287.179
7/5/2024,0:00,285.869
7/5/2024,6:00,285.047
7/5/2024,12:00,283.474
7/5/2024,18:00,282.934
7/6/2024,0:00,283.1
7/6/2024,6:00,279.9
7/6/2024,12:00,276.923
7/6/2024,18:00,283.8
7/7/2024,0:00,283.805
7/7/2024,6:00,279.28
7/7/2024,12:00,277.163
7/7/2024,18:00,284.854
7/8/2024,0:00,284.933
7/8/2024,6:00,278.686
7/8/2024,12:00,277.024
7/8/2024,18:00,283.271
7/9/2024,0:00,282.973
7/9/2024,6:00,276.394
7/9/2024,12:00,275.2
7/9/2024,18:00,281.74
7/10/2024,0:00,281.931
7/10/2024,6:00,276.924
7/10/2024,12:00,277.509
7/10/2024,18:00,284.506
7/11/2024,0:00,284.531
7/11/2024,6:00,278.938
7/11/2024,12:00,280.061
7/11/2024,18:00,285.3
7/12/2024,0:00,285.165
7/12/2024,6:00,281.888
7/12/2024,12:00,280.706
7/12/2024,18:00,284.928
7/13/2024,0:00,284.872
7/13/2024,6:00,281.787
7/13/2024,12:00,278.8
7/13/2024,18:00,286.112
7/14/2024,0:00,285.164
7/14/2024,6:00,282.765
7/14/2024,12:00,282.266
7/14/2024,18:00,283.503
7/15/2024,0:00,284.84
7/15/2024,6:00,284.134
7/15/2024,12:00,284.206
7/15/2024,18:00,288.755
7/16/2024,0:00,288.385
7/16/2024,6:00,285.555
7/16/2024,12:00,284.765
7/16/2024,18:00,290.739
7/17/2024,0:00,290.6
7/17/2024,6:00,288.366
7/17/2024,12:00,287.351
7/17/2024,18:00,292.402
7/18/2024,0:00,292.335
7/18/2024,6:00,286.317
7/18/2024,12:00,285.1
7/18/2024,18:00,294.242
7/19/2024,0:00,294.723
7/19/2024,6:00,289.033
7/19/2024,12:00,290.144
7/19/2024,18:00,298.408
7/20/2024,0:00,298.86
7/20/2024,6:00,292.139
7/20/2024,12:00,288.161
7/20/2024,18:00,293.406
7/21/2024,0:00,293.518
7/21/2024,6:00,289.1
7/21/2024,12:00,289.431
7/21/2024,18:00,297.429
7/22/2024,0:00,297.523
7/22/2024,6:00,291.779
7/22/2024,12:00,290.856
7/22/2024,18:00,297.811
7/23/2024,0:00,298.359
7/23/2024,6:00,292.215
7/23/2024,12:00,290.7
7/23/2024,18:00,297.501
7/24/2024,0:00,297.674
7/24/2024,6:00,291.097
7/24/2024,12:00,290.354
7/24/2024,18:00,298.217
7/25/2024,0:00,298.436
7/25/2024,6:00,291.708
7/25/2024,12:00,291.42
7/25/2024,18:00,296.843
7/26/2024,0:00,296.768
7/26/2024,6:00,289.59
7/26/2024,12:00,288.776
7/26/2024,18:00,295.046
7/27/2024,0:00,295.19
7/27/2024,6:00,291.857
7/27/2024,12:00,290.756
7/27/2024,18:00,297.464
7/28/2024,0:00,297.613
7/28/2024,6:00,292.036
7/28/2024,12:00,290.4
7/28/2024,18:00,292.35
7/29/2024,0:00,290.027
7/29/2024,6:00,284.712
7/29/2024,12:00,282.606
7/29/2024,18:00,286.925
7/30/2024,0:00,286.7
7/30/2024,6:00,280.507
7/30/2024,12:00,279.597
7/30/2024,18:00,288.397
7/31/2024,0:00,288.413
7/31/2024,6:00,283.72
7/31/2024,12:00,287.37
7/31/2024,18:00,295.751
8/1/2024,0:00,295.143
8/1/2024,6:00,290.662
8/1/2024,12:00,292.288
8/1/2024,18:00,299.725
8/2/2024,0:00,299.989
8/2/2024,6:00,296.004
8/2/2024,12:00,294.658
8/2/2024,18:00,299.9
8/3/2024,0:00,300.293
8/3/2024,6:00,296.855
8/3/2024,12:00,295.318
8/3/2024,18:00,300.772
8/4/2024,0:00,301.474
8/4/2024,6:00,295.97
8/4/2024,12:00,288.998
8/4/2024,18:00,289.103
8/5/2024,0:00,288.91
8/5/2024,6:00,289.102
8/5/2024,12:00,290.688
8/5/2024,18:00,297.227
8/6/2024,0:00,297.731
8/6/2024,6:00,294.212
8/6/2024,12:00,291.781
8/6/2024,18:00,297.667
8/7/2024,0:00,295.652
8/7/2024,6:00,292.798
8/7/2024,12:00,289.6
8/7/2024,18:00,289.946
8/8/2024,0:00,289.021
8/8/2024,6:00,285.351
8/8/2024,12:00,284.685
8/8/2024,18:00,285.417
8/9/2024,0:00,285.6
8/9/2024,6:00,280.601
8/9/2024,12:00,280.443
8/9/2024,18:00,284.61
8/10/2024,0:00,285.129
8/10/2024,6:00,280.328
8/10/2024,12:00,280.638
8/10/2024,18:00,287.151
8/11/2024,0:00,287.257
8/11/2024,6:00,281.435
8/11/2024,12:00,281.621
8/11/2024,18:00,289.608
8/12/2024,0:00,290.135
8/12/2024,6:00,282.014
8/12/2024,12:00,279.502
8/12/2024,18:00,285.677
8/13/2024,0:00,285.747
8/13/2024,6:00,279.856
8/13/2024,12:00,280.188
8/13/2024,18:00,287.973
8/14/2024,0:00,288.176
8/14/2024,6:00,281.673
8/14/2024,12:00,283.102
8/14/2024,18:00,292.381
8/15/2024,0:00,292.844
8/15/2024,6:00,285.8
8/15/2024,12:00,287.781
8/15/2024,18:00,297.209
8/16/2024,0:00,297.722
8/16/2024,6:00,289.859
8/16/2024,12:00,290.473
8/16/2024,18:00,296.908
8/17/2024,0:00,297.351
8/17/2024,6:00,291.14
8/17/2024,12:00,289.111
8/17/2024,18:00,295.008
8/18/2024,0:00,295.126
8/18/2024,6:00,288.9
8/18/2024,12:00,289.79
8/18/2024,18:00,299.572
8/19/2024,0:00,300.74
8/19/2024,6:00,294.616
8/19/2024,12:00,293.176
8/19/2024,18:00,297.795
8/20/2024,0:00,297.605
8/20/2024,6:00,292.438
8/20/2024,12:00,289.888
8/20/2024,18:00,292.039
8/21/2024,0:00,292.1
8/21/2024,6:00,289.5
8/21/2024,12:00,290.827
8/21/2024,18:00,296.23
8/22/2024,0:00,296.497
8/22/2024,6:00,292.103
8/22/2024,12:00,288.975
8/22/2024,18:00,287.636
8/23/2024,0:00,286.104
8/23/2024,6:00,285.266
8/23/2024,12:00,282.606
8/23/2024,18:00,287.265
8/24/2024,0:00,287.909
8/24/2024,6:00,281.282
8/24/2024,12:00,280.505
8/24/2024,18:00,286.373
8/25/2024,0:00,286.378
8/25/2024,6:00,281.354
8/25/2024,12:00,280.751
8/25/2024,18:00,285.639
8/26/2024,0:00,286.248
8/26/2024,6:00,279.952
8/26/2024,12:00,280.61
8/26/2024,18:00,287.3
8/27/2024,0:00,287.437
8/27/2024,6:00,281.16
8/27/2024,12:00,282.555
8/27/2024,18:00,290.372
8/28/2024,0:00,290.439
8/28/2024,6:00,283.796
8/28/2024,12:00,285.4
8/28/2024,18:00,292.939
8/29/2024,0:00,292.912
8/29/2024,6:00,287.294
8/29/2024,12:00,288.028
8/29/2024,18:00,293.532
8/30/2024,0:00,291.863
8/30/2024,6:00,288.293
8/30/2024,12:00,288.944
8/30/2024,18:00,296.39
8/31/2024,0:00,296.034
8/31/2024,6:00,292.488
8/31/2024,12:00,290.379
8/31/2024,18:00,292.9
9/1/2024,0:00,291.639
9/1/2024,6:00,286.525
9/1/2024,12:00,282.982
9/1/2024,18:00,286.87
9/2/2024,0:00,286.798
9/2/2024,6:00,285.7
9/2/2024,12:00,285.185
9/2/2024,18:00,292.768
9/3/2024,0:00,292.915
9/3/2024,6:00,286.733
9/3/2024,12:00,289.466
9/3/2024,18:00,296.591
9/4/2024,0:00,296.775
9/4/2024,6:00,288.706
9/4/2024,12:00,287.769
9/4/2024,18:00,288.399
9/5/2024,0:00,285.489
9/5/2024,6:00,284.454
9/5/2024,12:00,284.254
9/5/2024,18:00,290.826
9/6/2024,0:00,290.884
9/6/2024,6:00,283.699
9/6/2024,12:00,285.081
9/6/2024,18:00,294.669
9/7/2024,0:00,294.468
9/7/2024,6:00,288.5
9/7/2024,12:00,290.842
9/7/2024,18:00,298.767
9/8/2024,0:00,299.215
9/8/2024,6:00,291.897
9/8/2024,12:00,290.982
9/8/2024,18:00,300.832
9/9/2024,0:00,300.451
9/9/2024,6:00,292.536
9/9/2024,12:00,292.024
9/9/2024,18:00,303.835
9/10/2024,0:00,303.929
9/10/2024,6:00,295.446
9/10/2024,12:00,295.6
9/10/2024,18:00,303.71
9/11/2024,0:00,303.528
9/11/2024,6:00,296.583
9/11/2024,12:00,295.049
9/11/2024,18:00,304.455
9/12/2024,0:00,304.15
9/12/2024,6:00,291.288
9/12/2024,12:00,290.231
9/12/2024,18:00,292.537
9/13/2024,0:00,294.43
9/13/2024,6:00,289.697
9/13/2024,12:00,290.197
9/13/2024,18:00,292.449
9/14/2024,0:00,292.721
9/14/2024,6:00,290.1
9/14/2024,12:00,288.825
9/14/2024,18:00,294.129
9/15/2024,0:00,294.058
9/15/2024,6:00,286.444
9/15/2024,12:00,286.36
9/15/2024,18:00,292.722
9/16/2024,0:00,292.615
9/16/2024,6:00,286.2
9/16/2024,12:00,287.883
9/16/2024,18:00,294.561
9/17/2024,0:00,294.558
9/17/2024,6:00,286.664
9/17/2024,12:00,289.029
9/17/2024,18:00,297.969
9/18/2024,0:00,297.861
9/18/2024,6:00,290.138
9/18/2024,12:00,291.5
9/18/2024,18:00,299.507
9/19/2024,0:00,299.708
9/19/2024,6:00,292.334
9/19/2024,12:00,293.232
9/19/2024,18:00,303.2
9/20/2024,0:00,304.378
9/20/2024,6:00,294.583
9/20/2024,12:00,293.489
9/20/2024,18:00,295.943
9/21/2024,0:00,296.977
9/21/2024,6:00,292.078
9/21/2024,12:00,291.5
9/21/2024,18:00,300.501
9/22/2024,0:00,300.171
9/22/2024,6:00,292
9/22/2024,12:00,296.306
9/22/2024,18:00,305.769
9/23/2024,0:00,305.773
9/23/2024,6:00,299.064
9/23/2024,12:00,298.055
9/23/2024,18:00,308.145
9/24/2024,0:00,307.452
9/24/2024,6:00,297.8
9/24/2024,12:00,295.919
9/24/2024,18:00,306.417
9/25/2024,0:00,303.957
9/25/2024,6:00,295.311
9/25/2024,12:00,295.291
9/25/2024,18:00,299.418
9/26/2024,0:00,297.1
9/26/2024,6:00,293.235
9/26/2024,12:00,292.94
9/26/2024,18:00,290.282
9/27/2024,0:00,290.436
9/27/2024,6:00,287.837
9/27/2024,12:00,287.855
9/27/2024,18:00,294.578
9/28/2024,0:00,294.662
9/28/2024,6:00,287.619
9/28/2024,12:00,290.797
9/28/2024,18:00,297.721
9/29/2024,0:00,297.845
9/29/2024,6:00,291.345
9/29/2024,12:00,293.352
9/29/2024,18:00,301.8
9/30/2024,0:00,301.988
9/30/2024,6:00,294.649
9/30/2024,12:00,297.27
9/30/2024,18:00,305.5
10/1/2024,0:00,305.897
10/1/2024,6:00,298.385
10/1/2024,12:00,297.416
10/1/2024,18:00,303.612
10/2/2024,0:00,301.901
10/2/2024,6:00,292.544
10/2/2024,12:00,289.503
10/2/2024,18:00,294.068
10/3/2024,0:00,293.86
10/3/2024,6:00,286.851
10/3/2024,12:00,286.724
10/3/2024,18:00,291.242
10/4/2024,0:00,291.273
10/4/2024,6:00,283.5
10/4/2024,12:00,286.894
10/4/2024,18:00,294.229
10/5/2024,0:00,294.364
10/5/2024,6:00,287.935
10/5/2024,12:00,290.4
10/5/2024,18:00,299.806
10/6/2024,0:00,300.347
10/6/2024,6:00,292.689
10/6/2024,12:00,292.116
10/6/2024,18:00,298.621
10/7/2024,0:00,298.324
10/7/2024,6:00,294.253
10/7/2024,12:00,292.251
10/7/2024,18:00,297.834
10/8/2024,0:00,292.9
10/8/2024,6:00,290.168
10/8/2024,12:00,289.686
10/8/2024,18:00,292.208
10/9/2024,0:00,294.262
10/9/2024,6:00,291.715
10/9/2024,12:00,289.767
10/9/2024,18:00,291.6
10/10/2024,0:00,291.823
10/10/2024,6:00,289.236
10/10/2024,12:00,289.174
10/10/2024,18:00,291.595
10/11/2024,0:00,293.685
10/11/2024,6:00,291.942
10/11/2024,12:00,292.01
10/11/2024,18:00,297.054
10/12/2024,0:00,296.322
10/12/2024,6:00,290.593
10/12/2024,12:00,293.136
10/12/2024,18:00,298.111
10/13/2024,0:00,297.655
10/13/2024,6:00,290.731
10/13/2024,12:00,291.319
10/13/2024,18:00,299.161
10/14/2024,0:00,299.533
10/14/2024,6:00,293.398
10/14/2024,12:00,294.506
10/14/2024,18:00,302.923
10/15/2024,0:00,302.633
10/15/2024,6:00,296.52
10/15/2024,12:00,293.422
10/15/2024,18:00,297.639
10/16/2024,0:00,296.142
10/16/2024,6:00,293.619
10/16/2024,12:00,293.642
10/16/2024,18:00,298.438
10/17/2024,0:00,298.094
10/17/2024,6:00,290.065
10/17/2024,12:00,292.429
10/17/2024,18:00,298.02
10/18/2024,0:00,298.731
10/18/2024,6:00,293.642
10/18/2024,12:00,292.789
10/18/2024,18:00,298.167
10/19/2024,0:00,298.025
10/19/2024,6:00,290.734
10/19/2024,12:00,292.303
10/19/2024,18:00,297.701
10/20/2024,0:00,298.012
10/20/2024,6:00,291.043
10/20/2024,12:00,294.106
10/20/2024,18:00,302.178
10/21/2024,0:00,302.353
10/21/2024,6:00,294.212
10/21/2024,12:00,297.251
10/21/2024,18:00,303.261
10/22/2024,6:00,297.07
10/22/2024,12:00,299.88
10/22/2024,18:00,305.83
10/23/2024,0:00,306.039
10/23/2024,6:00,298.105
10/23/2024,12:00,299.457
10/23/2024,18:00,307.148
10/24/2024,0:00,306.911
10/24/2024,6:00,299.057
10/24/2024,12:00,295.918
10/24/2024,18:00,298.647
10/25/2024,0:00,296.563
10/25/2024,6:00,291.858
10/25/2024,12:00,291.696
10/25/2024,18:00,299.065
10/26/2024,0:00,299.678
10/26/2024,6:00,293.839
10/26/2024,12:00,288.727
10/26/2024,18:00,294.009
10/27/2024,0:00,294.138
10/27/2024,6:00,286.454
10/27/2024,12:00,290.12
10/27/2024,18:00,296.03
10/28/2024,0:00,295.788
10/28/2024,6:00,288.432
10/28/2024,12:00,291.427
10/28/2024,18:00,299.39
10/29/2024,0:00,299.532
10/29/2024,6:00,290.967
10/29/2024,12:00,294.65
10/29/2024,18:00,301.892
10/30/2024,0:00,301.951
10/30/2024,6:00,291.602
10/30/2024,12:00,295.283
10/30/2024,18:00,300.822
10/31/2024,0:00,300.818
10/31/2024,6:00,293.687
10/31/2024,12:00,296.374
10/31/2024,18:00,305.25
11/1/2024,0:00,305.85
11/1/2024,6:00,297.862
11/1/2024,12:00,297.425
11/1/2024,18:00,299.458
11/2/2024,0:00,295.661
11/2/2024,6:00,294.968
11/2/2024,12:00,296.544
11/2/2024,18:00,300.454
11/3/2024,0:00,298.444
11/3/2024,6:00,293.854
11/3/2024,12:00,297.797
11/3/2024,18:00,301.058
11/4/2024,0:00,300.831
11/4/2024,6:00,296.373
11/4/2024,12:00,297.321
11/4/2024,18:00,303.956
11/5/2024,0:00,303.575
11/5/2024,6:00,297.479
11/5/2024,12:00,296.202
11/5/2024,18:00,300.253
11/6/2024,0:00,298.053
11/6/2024,6:00,294.068
11/6/2024,12:00,293.807
11/6/2024,18:00,299.166
11/7/2024,6:00,295.571
11/7/2024,12:00,293.512
11/7/2024,18:00,298.641
11/8/2024,0:00,295.042
11/8/2024,6:00,291.425
11/8/2024,12:00,290.362
11/8/2024,18:00,297.786
11/9/2024,0:00,298.201
11/9/2024,6:00,290.161
11/9/2024,12:00,292.651
11/9/2024,18:00,298.781
11/10/2024,0:00,298.609
11/10/2024,6:00,290.48
11/10/2024,12:00,293.63
11/10/2024,18:00,302.769
11/11/2024,0:00,303.264
11/11/2024,6:00,293.691
11/11/2024,12:00,296.45
11/11/2024,18:00,296.709
11/12/2024,0:00,296.043
11/12/2024,6:00,288.246
11/12/2024,12:00,289.384
11/12/2024,18:00,296.07
11/13/2024,0:00,296.037
11/13/2024,6:00,287.552
11/13/2024,12:00,292.742
11/13/2024,18:00,299.005
11/14/2024,0:00,299.173
11/14/2024,6:00,291.106
11/14/2024,12:00,295.124
11/14/2024,18:00,300.858
11/15/2024,0:00,300.836
11/15/2024,6:00,292.546
11/15/2024,12:00,296.129
11/15/2024,18:00,304.633
11/16/2024,0:00,305.682
11/16/2024,6:00,296.346
11/16/2024,12:00,300.758
11/16/2024,18:00,308.705
11/17/2024,0:00,309.109
11/17/2024,6:00,299.713
11/17/2024,12:00,302.731
11/17/2024,18:00,310.051
11/18/2024,0:00,307.77
11/18/2024,6:00,294.863
11/18/2024,12:00,298.569
11/18/2024,18:00,303.044
11/19/2024,0:00,301.453
11/19/2024,6:00,294.154
11/19/2024,12:00,291.552
11/19/2024,18:00,290.56
11/20/2024,0:00,290.78
11/20/2024,6:00,290.337
11/20/2024,12:00,289.795
11/20/2024,18:00,295.093
11/21/2024,0:00,295.421
11/21/2024,6:00,290.678
11/21/2024,12:00,291.558
11/21/2024,18:00,296.351
11/22/2024,0:00,296.544
11/22/2024,6:00,293.523
11/22/2024,12:00,294.818
11/22/2024,18:00,300.623
11/23/2024,0:00,299.189
11/23/2024,6:00,294.109
11/23/2024,12:00,295.521
11/23/2024,18:00,302.142
11/24/2024,0:00,302.662
11/24/2024,6:00,295.65
11/24/2024,12:00,297.027
11/24/2024,18:00,306.638
11/25/2024,0:00,306.787
11/25/2024,6:00,298.477
11/25/2024,12:00,297.376
11/25/2024,18:00,298.682
11/26/2024,0:00,296.897
11/26/2024,6:00,294.985
11/26/2024,12:00,295.358
11/26/2024,18:00,299.497
11/27/2024,0:00,297.368
11/27/2024,6:00,294.454
11/27/2024,12:00,296.426
11/27/2024,18:00,301.361
11/28/2024,0:00,295.433
11/28/2024,6:00,294.613
11/28/2024,12:00,294.008
11/28/2024,18:00,296.386
11/29/2024,0:00,297.025
11/29/2024,6:00,293.642
11/29/2024,12:00,296.931
11/29/2024,18:00,302.253
11/30/2024,0:00,303.148
11/30/2024,6:00,296.658
11/30/2024,12:00,294.83
11/30/2024,18:00,303.916
12/1/2024,0:00,303.939
12/1/2024,6:00,297.182
12/1/2024,12:00,296.985
12/1/2024,18:00,307.347
12/2/2024,0:00,305.399
12/2/2024,6:00,294.865
12/2/2024,12:00,293.051
12/2/2024,18:00,298.742
12/3/2024,0:00,299.172
12/3/2024,6:00,290.591
12/3/2024,12:00,293.681
12/3/2024,18:00,297.256
12/4/2024,0:00,296.561
12/4/2024,6:00,289.709
12/4/2024,12:00,291.654
12/4/2024,18:00,300.624
12/5/2024,0:00,300.491
12/5/2024,6:00,291.489
12/5/2024,12:00,296.911
12/5/2024,18:00,306.533
12/6/2024,0:00,306.655
12/6/2024,6:00,299.682
12/6/2024,12:00,300.892
12/6/2024,18:00,307.056
12/7/2024,0:00,297.835
12/7/2024,6:00,294.425
12/7/2024,12:00,293.286
12/7/2024,18:00,299.532
12/8/2024,0:00,299.316
12/8/2024,6:00,293.726
12/8/2024,12:00,289.768
12/8/2024,18:00,297.198
12/9/2024,0:00,297.99
12/9/2024,6:00,291.989
12/9/2024,12:00,292.358
12/9/2024,18:00,298.296
12/10/2024,0:00,298.9
12/10/2024,6:00,291.782
12/10/2024,12:00,293.677
12/10/2024,18:00,301.075
12/11/2024,0:00,301.182
12/11/2024,6:00,293.358
12/11/2024,12:00,293.691
12/11/2024,18:00,302.367
12/12/2024,0:00,302.922
12/12/2024,6:00,296.449
12/12/2024,12:00,297.136
12/12/2024,18:00,306.782
12/13/2024,0:00,307.534
12/13/2024,6:00,299.333
12/13/2024,12:00,296.02
12/13/2024,18:00,296.938
12/14/2024,0:00,298.179
12/14/2024,6:00,294.658
12/14/2024,12:00,296.943
12/14/2024,18:00,303.02
12/15/2024,0:00,303.366
12/15/2024,6:00,296.706
12/15/2024,12:00,293.091
12/15/2024,18:00,299.206
12/16/2024,0:00,298.856
12/16/2024,6:00,291.863
12/16/2024,12:00,293.455
12/16/2024,18:00,301.431
12/17/2024,0:00,301.468
12/17/2024,6:00,293.164
12/17/2024,12:00,294.751
12/17/2024,18:00,300.902
12/18/2024,0:00,300.732
12/18/2024,6:00,292.717
12/18/2024,12:00,295.949
12/18/2024,18:00,304.371
12/19/2024,0:00,304.968
12/19/2024,6:00,297.43
12/19/2024,12:00,294.566
12/19/2024,18:00,297.168
12/20/2024,0:00,295.17
12/20/2024,6:00,293.005
12/20/2024,12:00,296.736
12/20/2024,18:00,304.43
12/21/2024,0:00,305.309
12/21/2024,6:00,297.44
12/21/2024,12:00,297.083
12/21/2024,18:00,303.791
12/22/2024,0:00,304.194
12/22/2024,6:00,293.383
12/22/2024,12:00,293.106
12/22/2024,18:00,301.275
12/23/2024,0:00,301.536
12/23/2024,6:00,292.632
12/23/2024,12:00,293.795
12/23/2024,18:00,302.363
12/24/2024,0:00,302.633
12/24/2024,6:00,293.602
12/24/2024,12:00,296.207
12/24/2024,18:00,304.613
12/25/2024,0:00,302.484
12/25/2024,6:00,295.988
12/25/2024,12:00,295.738
12/25/2024,18:00,301.692
12/26/2024,0:00,301.715
12/26/2024,6:00,293.585
12/26/2024,12:00,293.101
12/26/2024,18:00,302.02
12/27/2024,0:00,302.358
12/27/2024,6:00,292.658
12/27/2024,12:00,296.19
12/27/2024,18:00,303.756
12/28/2024,0:00,303.895
12/28/2024,6:00,294.892
12/28/2024,12:00,296.766
12/28/2024,18:00,305.574
12/29/2024,0:00,305.693
12/29/2024,6:00,295.174
12/29/2024,12:00,296.48
12/29/2024,18:00,304.848
12/30/2024,0:00,304.984
12/30/2024,6:00,295.408
12/30/2024,12:00,296.157
12/30/2024,18:00,306.748
12/31/2024,0:00,307.228
12/31/2024,6:00,298.703
12/31/2024,12:00,299.051
12/31/2024,18:00,308.695
1/1/2025,0:00,310.006
1/1/2025,6:00,302.023
1/1/2025,12:00,301.56
1/1/2025,18:00,311.794
1/2/2025,0:00,310.68
1/2/2025,6:00,302.085
1/2/2025,12:00,304.744
1/2/2025,18:00,311.709
1/3/2025,0:00,311.366
1/3/2025,6:00,300.276
1/3/2025,12:00,300.28
1/3/2025,18:00,308.166
1/4/2025,0:00,307.988
1/4/2025,6:00,296.737
1/4/2025,12:00,296.692
1/4/2025,18:00,306.543
1/5/2025,0:00,306.344
1/5/2025,6:00,295.419
1/5/2025,12:00,297.885
1/5/2025,18:00,307.526
1/6/2025,0:00,307.336
1/6/2025,6:00,295.91
1/6/2025,12:00,297.117
1/6/2025,18:00,307.088
1/7/2025,0:00,306.999
1/7/2025,6:00,297.381
1/7/2025,12:00,297.232
1/7/2025,18:00,307.67
1/8/2025,0:00,307.789
1/8/2025,6:00,297.065
1/8/2025,12:00,297.58
1/8/2025,18:00,308.093
1/9/2025,0:00,308.356
1/9/2025,6:00,297.959
1/9/2025,12:00,296.854
1/9/2025,18:00,309.065
1/10/2025,0:00,309.483
1/10/2025,6:00,301.329
1/10/2025,12:00,298.958
1/10/2025,18:00,309.886
1/11/2025,0:00,309.621
1/11/2025,6:00,299.812
1/11/2025,12:00,298.222
1/11/2025,18:00,308.163
1/12/2025,0:00,308.582
1/12/2025,6:00,298.879
1/12/2025,12:00,296.813
1/12/2025,18:00,307.703
1/13/2025,0:00,307.849
1/13/2025,6:00,297.348
1/13/2025,12:00,296.947
1/13/2025,18:00,308.276
1/14/2025,0:00,308.895
1/14/2025,6:00,299.188
1/14/2025,12:00,298.944
1/14/2025,18:00,308.768
1/15/2025,0:00,310.86
1/15/2025,6:00,298.145
1/15/2025,12:00,300.222
1/15/2025,18:00,309.132
1/16/2025,0:00,310.089
1/16/2025,6:00,300.041
1/16/2025,12:00,302.307
1/16/2025,18:00,308.407
1/17/2025,0:00,308.45
1/17/2025,6:00,298.104
1/17/2025,12:00,301.872
1/17/2025,18:00,312.48
1/18/2025,0:00,312.72
1/18/2025,6:00,302.343
1/18/2025,12:00,304.028
1/18/2025,18:00,312.634
1/19/2025,0:00,312.184
1/19/2025,6:00,303.261
1/19/2025,12:00,302.981
1/19/2025,18:00,311.905
1/20/2025,0:00,309.291
1/20/2025,6:00,295.301
1/20/2025,12:00,298.136
1/20/2025,18:00,305.733
1/21/2025,0:00,306.924
1/21/2025,6:00,298.699
1/21/2025,12:00,297.328
1/21/2025,18:00,308.054
1/22/2025,0:00,308.465
1/22/2025,6:00,298.414
1/22/2025,12:00,301.214
1/22/2025,18:00,310.662
1/23/2025,0:00,311.043
1/23/2025,6:00,300.659
1/23/2025,12:00,303.151
1/23/2025,18:00,313.849
1/24/2025,0:00,314.546
1/24/2025,6:00,298.181
1/24/2025,12:00,298.988
1/24/2025,18:00,308.763
1/25/2025,0:00,306.328
1/25/2025,6:00,295.088
1/25/2025,12:00,299.062
1/25/2025,18:00,311.402
1/26/2025,0:00,310.917
1/26/2025,6:00,302.976
1/26/2025,12:00,300.151
1/26/2025,18:00,309.677
1/27/2025,0:00,309.423
1/27/2025,6:00,299.603
1/27/2025,12:00,298.28
1/27/2025,18:00,306.671
1/28/2025,0:00,308.983
1/28/2025,6:00,300.512
1/28/2025,12:00,300.842
1/28/2025,18:00,311.973
1/29/2025,0:00,312.436
1/29/2025,6:00,304.302
1/29/2025,12:00,300.544
1/29/2025,18:00,309.616
1/30/2025,0:00,309.596
1/30/2025,6:00,297.716
1/30/2025,12:00,298.55
1/30/2025,18:00,307.682
1/31/2025,0:00,308.196
1/31/2025,6:00,297.953
1/31/2025,12:00,298.005
1/31/2025,18:00,307.821
2/1/2025,0:00,307.056
2/1/2025,6:00,297.469
2/1/2025,12:00,299.286
2/1/2025,18:00,309.05
2/2/2025,0:00,309.832
2/2/2025,6:00,299.751
2/2/2025,12:00,301.246
2/2/2025,18:00,310.79
2/3/2025,0:00,311.566
2/3/2025,6:00,301.64
2/3/2025,12:00,303.898
2/3/2025,18:00,314.427
2/4/2025,0:00,314.358
2/4/2025,6:00,303.226
2/4/2025,12:00,306.094
2/4/2025,18:00,314.11
2/5/2025,0:00,314.761
2/5/2025,6:00,305.039
2/5/2025,12:00,306.373
2/5/2025,18:00,316.179
2/6/2025,0:00,316.207
2/6/2025,6:00,307.23
2/6/2025,12:00,303.644
2/6/2025,18:00,314.621
2/7/2025,0:00,313.73
2/7/2025,6:00,302.091
2/7/2025,12:00,301.113
2/7/2025,18:00,312.695
2/8/2025,0:00,312.786
2/8/2025,6:00,300.477
2/8/2025,12:00,299.968
2/8/2025,18:00,311.652
2/9/2025,0:00,312.331
2/9/2025,6:00,302.59
2/9/2025,12:00,303.923
2/9/2025,18:00,313.308
2/10/2025,0:00,314.755
2/10/2025,6:00,302.468
2/10/2025,12:00,305.161
2/10/2025,18:00,314.852
2/11/2025,0:00,315.503
2/11/2025,6:00,306.615
2/11/2025,12:00,306.959
2/11/2025,18:00,315.417
2/12/2025,0:00,314.613
2/12/2025,6:00,304.926
2/12/2025,12:00,305.876
2/12/2025,18:00,314.032
2/13/2025,0:00,311.176
2/13/2025,6:00,297.669
2/13/2025,12:00,295.367
2/13/2025,18:00,306.924
2/14/2025,0:00,306.385
2/14/2025,6:00,300.02
2/14/2025,12:00,299.127
2/14/2025,18:00,309.476
2/15/2025,0:00,309.681
2/15/2025,6:00,300.72
2/15/2025,12:00,301.714
2/15/2025,18:00,311.019
2/16/2025,0:00,311.161
2/16/2025,6:00,297.23
2/16/2025,12:00,302.136
2/16/2025,18:00,311.308
2/17/2025,0:00,312.257
2/17/2025,6:00,296.468
2/17/2025,12:00,296.22
2/17/2025,18:00,297.102
2/18/2025,0:00,296.742
2/18/2025,6:00,295.075
2/18/2025,12:00,293.204
2/18/2025,18:00,302.851
2/19/2025,0:00,303.021
2/19/2025,6:00,294.826
2/19/2025,12:00,295.811
2/19/2025,18:00,303.642
2/20/2025,0:00,304.576
2/20/2025,6:00,296.365
2/20/2025,12:00,297.803
2/20/2025,18:00,304.791
2/21/2025,0:00,305.389
2/21/2025,6:00,298.25
2/21/2025,12:00,299.875
2/21/2025,18:00,309.133
2/22/2025,0:00,308.621
2/22/2025,6:00,302.395
2/22/2025,12:00,301.916
2/22/2025,18:00,310.743
2/23/2025,0:00,311.148
2/23/2025,6:00,301.961
2/23/2025,12:00,300.644
2/23/2025,18:00,309.961
2/24/2025,0:00,309.922
2/24/2025,6:00,300.323
2/24/2025,12:00,301.901
2/24/2025,18:00,309.504
2/25/2025,0:00,309.692
2/25/2025,6:00,304.072
2/25/2025,12:00,302.963
2/25/2025,18:00,313.655
2/26/2025,0:00,313.612
2/26/2025,6:00,303.953
2/26/2025,12:00,304.11
2/26/2025,18:00,313.739
2/27/2025,0:00,312.435
2/27/2025,6:00,297.657
2/27/2025,12:00,300.152
2/27/2025,18:00,309.328
2/28/2025,0:00,309.194
2/28/2025,6:00,298.2
2/28/2025,12:00,300.135
2/28/2025,18:00,307.389
3/1/2025,0:00,305.698
3/1/2025,6:00,300.415
3/1/2025,12:00,302.208
3/1/2025,18:00,307.235
3/2/2025,0:00,308.531
3/2/2025,6:00,300.892
3/2/2025,12:00,302.55
3/2/2025,18:00,312.802
3/3/2025,0:00,312.871
3/3/2025,6:00,303.872
3/3/2025,12:00,305.172
3/3/2025,18:00,315.253
3/4/2025,0:00,315.778
3/4/2025,6:00,305.307
3/4/2025,12:00,305.482
3/4/2025,18:00,313
3/5/2025,0:00,313.492
3/5/2025,6:00,303.158
3/5/2025,12:00,301.801
3/5/2025,18:00,313.303
3/6/2025,0:00,313.246
3/6/2025,6:00,303.599
3/6/2025,12:00,303.61
3/6/2025,18:00,311.836
3/7/2025,0:00,311.461
3/7/2025,6:00,303.189
3/7/2025,12:00,301.754
3/7/2025,18:00,312.897
3/8/2025,0:00,312.094
3/8/2025,6:00,301.905
3/8/2025,12:00,303.671
3/8/2025,18:00,312.334
3/9/2025,0:00,312.036
3/9/2025,6:00,297.77
3/9/2025,12:00,293.657
3/9/2025,18:00,303.376
3/10/2025,0:00,304.454
3/10/2025,6:00,292.736
3/10/2025,12:00,292.845
3/10/2025,18:00,303.7
3/11/2025,0:00,303.95
3/11/2025,6:00,292.86
3/11/2025,12:00,295.041
3/11/2025,18:00,305.5
3/12/2025,0:00,305.728
3/12/2025,6:00,295.636
3/12/2025,12:00,295.747
3/12/2025,18:00,305.125
3/13/2025,0:00,305.528
3/13/2025,6:00,293.297
3/13/2025,12:00,291.361
3/13/2025,18:00,301.027
3/14/2025,0:00,302.141
3/14/2025,6:00,290.675
3/14/2025,12:00,291.3
3/14/2025,18:00,301.22
3/15/2025,0:00,301.745
3/15/2025,6:00,292.574
3/15/2025,12:00,294.37
3/15/2025,18:00,303.479
3/16/2025,0:00,303.106
3/16/2025,6:00,291.9
3/16/2025,12:00,294.821
3/16/2025,18:00,304.6
3/17/2025,0:00,305.007
3/17/2025,6:00,294.837
3/17/2025,12:00,295.907
3/17/2025,18:00,306.512
3/18/2025,0:00,306.203
3/18/2025,6:00,297.875
3/18/2025,12:00,297.278
3/18/2025,18:00,306.868
3/19/2025,0:00,307.017
3/19/2025,6:00,296.613
3/19/2025,12:00,296.36
3/19/2025,18:00,306.6
3/20/2025,0:00,306.9
3/20/2025,6:00,295.828
3/20/2025,12:00,297
3/20/2025,18:00,307.652
3/21/2025,0:00,307.607
3/21/2025,6:00,296.428
3/21/2025,12:00,297.821
3/21/2025,18:00,308.553
3/22/2025,0:00,308.683
3/22/2025,6:00,298.377
3/22/2025,12:00,295.425
3/22/2025,18:00,301.661
3/23/2025,0:00,299.128
3/23/2025,6:00,294.824
3/23/2025,12:00,295.055
3/23/2025,18:00,305.685
3/24/2025,0:00,303.777
3/24/2025,6:00,298.008
3/24/2025,12:00,296.731
3/24/2025,18:00,303.719
3/25/2025,0:00,304.996
3/25/2025,6:00,296.944
3/25/2025,12:00,296.336
3/25/2025,18:00,306.512
3/26/2025,0:00,305.705
3/26/2025,6:00,297.024
3/26/2025,12:00,294.724
3/26/2025,18:00,306.5
3/27/2025,0:00,308
3/27/2025,6:00,299.336
3/27/2025,12:00,294.519
3/27/2025,18:00,300.915
3/28/2025,0:00,295.805
3/28/2025,6:00,293.623
3/28/2025,12:00,295.228
3/28/2025,18:00,302.397
3/29/2025,0:00,300.307
3/29/2025,6:00,294.839
3/29/2025,12:00,296.265
3/29/2025,18:00,302.764
3/30/2025,0:00,303.217
3/30/2025,6:00,296.739
3/30/2025,12:00,297.291
3/30/2025,18:00,306.364
3/31/2025,0:00,306.211
3/31/2025,6:00,297.7
3/31/2025,12:00,296.524
3/31/2025,18:00,299.188
4/1/2025,0:00,291.2
4/1/2025,6:00,288.383
4/1/2025,12:00,289.062
4/1/2025,18:00,291.253
4/2/2025,0:00,292.197
4/2/2025,6:00,291.66
4/2/2025,12:00,292.012
4/2/2025,18:00,292.948
4/3/2025,0:00,292.609
4/3/2025,6:00,291.902
4/3/2025,12:00,293.206
4/3/2025,18:00,298.805
4/4/2025,0:00,297.505
4/4/2025,6:00,291.442
4/4/2025,12:00,286.8
4/4/2025,18:00,291.464
4/5/2025,0:00,291.465
4/5/2025,6:00,284.445
4/5/2025,12:00,285.976
4/5/2025,18:00,295.7
4/6/2025,0:00,295.779
4/6/2025,6:00,288.885
4/6/2025,12:00,290.193
4/6/2025,18:00,299.8
4/7/2025,0:00,299.331
4/7/2025,6:00,293.079
4/7/2025,12:00,291.141
4/7/2025,18:00,293.761
4/8/2025,0:00,291.505
4/8/2025,6:00,290.26
4/8/2025,12:00,290.684
4/8/2025,18:00,293.841
4/9/2025,0:00,293.9
4/9/2025,6:00,290.397
4/9/2025,12:00,290.658
4/9/2025,18:00,295.929
4/10/2025,0:00,295.8
4/10/2025,6:00,290.437
4/10/2025,12:00,291.604
4/10/2025,18:00,297.378
4/11/2025,0:00,296.746
4/11/2025,6:00,293.1
4/11/2025,12:00,292.88
4/11/2025,18:00,298.687
4/12/2025,0:00,298.797
4/12/2025,6:00,292.616
4/12/2025,12:00,292.772
4/12/2025,18:00,299.712
4/13/2025,0:00,299.259
4/13/2025,6:00,294.576
4/13/2025,12:00,292.188
4/13/2025,18:00,297.264
4/14/2025,0:00,297.263
4/14/2025,6:00,288.273
4/14/2025,12:00,288.1
4/14/2025,18:00,296.346
4/15/2025,0:00,296.419
4/15/2025,6:00,287.973
4/15/2025,12:00,288.899
4/15/2025,18:00,297.9
4/16/2025,0:00,298.041
4/16/2025,6:00,289.914
4/16/2025,12:00,290.313
4/16/2025,18:00,298.516
4/17/2025,0:00,298.755
4/17/2025,6:00,289.916
4/17/2025,12:00,291.298
4/17/2025,18:00,300.596
4/18/2025,0:00,300.639
4/18/2025,6:00,292.3
4/18/2025,12:00,293.539
4/18/2025,18:00,302.571
4/19/2025,0:00,302.45
4/19/2025,6:00,294.22
4/19/2025,12:00,290.686
4/19/2025,18:00,296.277
4/20/2025,0:00,296.17
4/20/2025,6:00,286.603
4/20/2025,12:00,286.401
4/20/2025,18:00,293.802
4/21/2025,0:00,294.1
4/21/2025,6:00,288.05
4/21/2025,12:00,287.533
4/21/2025,18:00,296.017
4/22/2025,0:00,296.057
4/22/2025,6:00,287.858
4/22/2025,12:00,288.318
4/22/2025,18:00,298.325
4/23/2025,0:00,298.512
4/23/2025,6:00,289.384
4/23/2025,12:00,290.795
4/23/2025,18:00,300.415
4/24/2025,0:00,300.68
4/24/2025,6:00,292.008
4/24/2025,12:00,292.1
4/24/2025,18:00,297.137
4/25/2025,0:00,297.495
4/25/2025,6:00,291.691
4/25/2025,12:00,292.782
4/25/2025,18:00,301.3
4/26/2025,0:00,300.977
4/26/2025,6:00,292.863
4/26/2025,12:00,293.832
4/26/2025,18:00,301.91
4/27/2025,0:00,301.392
4/27/2025,6:00,295.384
4/27/2025,12:00,293.53
4/27/2025,18:00,295.184
4/28/2025,0:00,292.085
4/28/2025,6:00,287.214
4/28/2025,12:00,287.74
4/28/2025,18:00,295.99
4/29/2025,0:00,295.936
4/29/2025,6:00,286.662
4/29/2025,12:00,287.256
4/29/2025,18:00,295.309
4/30/2025,0:00,295.645
4/30/2025,6:00,286.365
4/30/2025,12:00,287.365
4/30/2025,18:00,297.012
5/1/2025,0:00,297.028
5/1/2025,6:00,286.933
5/1/2025,12:00,288.3
5/1/2025,18:00,299.327
5/2/2025,0:00,299.954
5/2/2025,6:00,290.21
5/2/2025,12:00,291.824
5/2/2025,18:00,295.55
5/3/2025,0:00,296.004
5/3/2025,6:00,290.546
5/3/2025,12:00,291.805
5/3/2025,18:00,300.251
5/4/2025,0:00,300.305
5/4/2025,6:00,291.63
5/4/2025,12:00,292.512
5/4/2025,18:00,303.134
5/5/2025,0:00,303.3
5/5/2025,6:00,292.865
5/5/2025,12:00,295.7
5/5/2025,18:00,303.314
5/6/2025,0:00,303.577
5/6/2025,6:00,294.501
5/6/2025,12:00,294.828
5/6/2025,18:00,303.661
5/7/2025,0:00,304.6
5/7/2025,6:00,293.048
5/7/2025,12:00,294.011
5/7/2025,18:00,298.329
5/8/2025,0:00,299.091
5/8/2025,6:00,293.958
5/8/2025,12:00,294.458
5/8/2025,18:00,303.949
5/9/2025,0:00,303.039
5/9/2025,6:00,295.791
5/9/2025,12:00,294.607
5/9/2025,18:00,294.794
5/10/2025,0:00,294.05
5/10/2025,6:00,289.171
5/10/2025,12:00,288.95
5/10/2025,18:00,295.107
5/11/2025,0:00,295.205
5/11/2025,6:00,288.043
5/11/2025,12:00,286.9
5/11/2025,18:00,293.057
5/12/2025,0:00,292.896
5/12/2025,6:00,285.135
5/12/2025,12:00,285.757
5/12/2025,18:00,296.388
5/13/2025,0:00,296.463
5/13/2025,6:00,287.2
5/13/2025,12:00,288.7
5/13/2025,18:00,297.679
5/14/2025,0:00,297.787
5/14/2025,6:00,290.496
5/14/2025,12:00,291.803
5/14/2025,18:00,299.687
5/15/2025,0:00,299.951
5/15/2025,6:00,294.71
5/15/2025,12:00,294.487
5/15/2025,18:00,299.875
5/16/2025,0:00,300.129
5/16/2025,6:00,294.5
5/16/2025,12:00,292.798
5/16/2025,18:00,298.012
5/17/2025,0:00,297.599
5/17/2025,6:00,292.195
5/17/2025,12:00,292.615
5/17/2025,18:00,300.381
5/18/2025,0:00,301.1
5/18/2025,6:00,295
5/18/2025,12:00,294.3
5/18/2025,18:00,294.339
5/19/2025,0:00,293.106
5/19/2025,6:00,291.704
5/19/2025,12:00,290.603
5/19/2025,18:00,294.399
5/20/2025,0:00,295.905
5/20/2025,6:00,290.848
5/20/2025,12:00,289.944
5/20/2025,18:00,292.607
5/21/2025,0:00,291.885
5/21/2025,6:00,287.106
5/21/2025,12:00,285.302
5/21/2025,18:00,287.2
5/22/2025,0:00,288.826
5/22/2025,6:00,284.566
5/22/2025,12:00,283.894
5/22/2025,18:00,290.759
5/23/2025,0:00,290.92
5/23/2025,6:00,284.182
5/23/2025,12:00,283.534
5/23/2025,18:00,292.002
5/24/2025,0:00,291.876
5/24/2025,6:00,286.676
5/24/2025,12:00,287.139
5/24/2025,18:00,289.088
5/25/2025,0:00,289.552
5/25/2025,6:00,289.722
5/25/2025,12:00,288.979
5/25/2025,18:00,295.196
5/26/2025,0:00,295.245
5/26/2025,6:00,291.399
5/26/2025,12:00,291.699
5/26/2025,18:00,297.118
5/27/2025,0:00,295.612
5/27/2025,6:00,292.001
5/27/2025,12:00,292.417
5/27/2025,18:00,293.421
5/28/2025,0:00,292.843
5/28/2025,6:00,287.707
5/28/2025,12:00,285.632
5/28/2025,18:00,282.704
5/29/2025,0:00,281.395
5/29/2025,6:00,281.492
5/29/2025,12:00,280.828
5/29/2025,18:00,285.621
5/30/2025,0:00,285.028
5/30/2025,6:00,282.358
5/30/2025,12:00,281.194
5/30/2025,18:00,286.6
5/31/2025,0:00,286.396
5/31/2025,6:00,281.49
5/31/2025,12:00,281.583
5/31/2025,18:00,287.993
6/1/2025,0:00,287.958
6/1/2025,6:00,281.8
6/1/2025,12:00,281.705
6/1/2025,18:00,288.41
6/2/2025,0:00,288.2
6/2/2025,6:00,281.922
6/2/2025,12:00,282.045
6/2/2025,18:00,290.78
6/3/2025,0:00,291.263
6/3/2025,6:00,285.968
6/3/2025,12:00,287.614
6/3/2025,18:00,292.803
6/4/2025,0:00,292.733
6/4/2025,6:00,290.285
6/4/2025,12:00,291.03
6/4/2025,18:00,295.216
6/5/2025,0:00,294.9
6/5/2025,6:00,290.341
6/5/2025,12:00,289.372
6/5/2025,18:00,293.081
6/6/2025,0:00,292.663
6/6/2025,6:00,285.883
6/6/2025,12:00,283.941
6/6/2025,18:00,289.555
6/7/2025,0:00,289.415
6/7/2025,6:00,283.313
6/7/2025,12:00,282.439
6/7/2025,18:00,289.356
6/8/2025,0:00,289.419
6/8/2025,6:00,283.416
6/8/2025,12:00,281.904
6/8/2025,18:00,289.834
6/9/2025,0:00,289.885
6/9/2025,6:00,283.471
6/9/2025,12:00,281.773
6/9/2025,18:00,288.048
6/10/2025,0:00,287.962
6/10/2025,6:00,281.395
6/10/2025,12:00,280.027
6/10/2025,18:00,287.182
6/11/2025,0:00,287.161
6/11/2025,6:00,280.854
6/11/2025,12:00,280.339
6/11/2025,18:00,287.3
6/12/2025,0:00,287.113
6/12/2025,6:00,280.191
6/12/2025,12:00,281.24
6/12/2025,18:00,291.1
6/13/2025,0:00,291.097
6/13/2025,6:00,283.328
6/13/2025,12:00,283.534
6/13/2025,18:00,290.853
6/14/2025,0:00,289.074
6/14/2025,6:00,287.694
6/14/2025,12:00,287.618
6/14/2025,18:00,287.847
6/15/2025,0:00,288.102
6/15/2025,6:00,286.309
6/15/2025,12:00,284.332
6/15/2025,18:00,285.919
6/16/2025,0:00,285.871
6/16/2025,6:00,282.974
6/16/2025,12:00,282.697
6/16/2025,18:00,293.237
6/17/2025,0:00,293.878
6/17/2025,6:00,292.537
6/17/2025,12:00,291.966
6/17/2025,18:00,293.732
6/18/2025,0:00,294.756
6/18/2025,6:00,292.542
6/18/2025,12:00,291.741
6/18/2025,18:00,291.664
6/19/2025,0:00,288.929
6/19/2025,6:00,286.452
6/19/2025,12:00,286.093
6/19/2025,18:00,286.483
6/20/2025,0:00,286.499
6/20/2025,6:00,286.646
6/20/2025,12:00,286.021
6/20/2025,18:00,288.2
6/21/2025,0:00,288.595
6/21/2025,6:00,284.364
6/21/2025,12:00,284.431
6/21/2025,18:00,290.135
6/22/2025,0:00,290.105
6/22/2025,6:00,284.343
6/22/2025,12:00,284.207
6/22/2025,18:00,288.098
6/23/2025,0:00,288.056
6/23/2025,6:00,285.188
6/23/2025,12:00,281.835
6/23/2025,18:00,281.063
6/24/2025,0:00,280.929
6/24/2025,6:00,276.627
6/24/2025,12:00,275.261
6/24/2025,18:00,282.066
6/25/2025,0:00,282.442
6/25/2025,6:00,276.661
6/25/2025,12:00,276.822
6/25/2025,18:00,286.215
6/26/2025,0:00,286.487
6/26/2025,6:00,283.403
6/26/2025,12:00,282.523
6/26/2025,18:00,285.407
6/27/2025,0:00,287.1
6/27/2025,6:00,281.806
6/27/2025,12:00,278.932
6/27/2025,18:00,286.251
6/28/2025,0:00,286.3
6/28/2025,6:00,281.124
6/28/2025,12:00,281.615
6/28/2025,18:00,285.617
6/29/2025,0:00,285.874
6/29/2025,6:00,284.298
6/29/2025,12:00,283.113
6/29/2025,18:00,284.013
6/30/2025,0:00,283.82
6/30/2025,6:00,282.341
6/30/2025,12:00,279.1
6/30/2025,18:00,281.238
7/1/2025,0:00,281.21
7/1/2025,6:00,275.533
7/1/2025,12:00,275.056
7/1/2025,18:00,281.012
7/2/2025,0:00,280.942
7/2/2025,6:00,275.148
7/2/2025,12:00,275.83
7/2/2025,18:00,283.465
7/3/2025,0:00,283.431
7/3/2025,6:00,277.239
7/3/2025,12:00,278.123
7/3/2025,18:00,286.736
7/4/2025,0:00,287
7/4/2025,6:00,281.036
7/4/2025,12:00,281.488
7/4/2025,18:00,290.123
7/5/2025,0:00,290.333
7/5/2025,6:00,285.202
7/5/2025,12:00,285.267
7/5/2025,18:00,291.5
7/6/2025,0:00,291.865
7/6/2025,6:00,288.348
7/6/2025,12:00,284.643
7/6/2025,18:00,291.587
7/7/2025,0:00,291.637
7/7/2025,6:00,285.146
7/7/2025,12:00,285.981
7/7/2025,18:00,293.01
7/8/2025,0:00,292.463
7/8/2025,6:00,287.563
7/8/2025,12:00,285.752
7/8/2025,18:00,291.843
7/9/2025,0:00,291.839
7/9/2025,6:00,285.433
7/9/2025,12:00,284.354
7/9/2025,18:00,290.854
7/10/2025,0:00,290.852
7/10/2025,6:00,284.342
7/10/2025,12:00,283.127
7/10/2025,18:00,291.924
7/11/2025,0:00,291.777
7/11/2025,6:00,286.092
7/11/2025,12:00,285.144
7/11/2025,18:00,292.365
7/12/2025,0:00,292.333
7/12/2025,6:00,285.852
7/12/2025,12:00,285.2
7/12/2025,18:00,292.075
7/13/2025,0:00,292.094
7/13/2025,6:00,286.356
7/13/2025,12:00,286.896
7/13/2025,18:00,292.427
7/14/2025,0:00,293.651
7/14/2025,6:00,288.058
7/14/2025,12:00,287.3
7/14/2025,18:00,295.636
7/15/2025,0:00,295.8
7/15/2025,6:00,289.771
7/15/2025,12:00,289.4
7/15/2025,18:00,297.565
7/16/2025,0:00,297.669
7/16/2025,6:00,290.754
7/16/2025,12:00,290.323
7/16/2025,18:00,294.444
7/17/2025,0:00,292
7/17/2025,6:00,287.03
7/17/2025,12:00,282.738
7/17/2025,18:00,281.772
7/18/2025,0:00,282.285
7/18/2025,6:00,282.804
7/18/2025,12:00,282.746
7/18/2025,18:00,288.254
7/19/2025,0:00,288.384
7/19/2025,6:00,282.664
7/19/2025,12:00,283.218
7/19/2025,18:00,290.923
7/20/2025,0:00,291.034
7/20/2025,6:00,284.872
7/20/2025,12:00,284.615
7/20/2025,18:00,292.824
7/21/2025,0:00,293.266
7/21/2025,6:00,286.93
7/21/2025,12:00,287.453
7/21/2025,18:00,294.235
7/22/2025,0:00,294.668
7/22/2025,6:00,289.567
7/22/2025,12:00,289.337
7/22/2025,18:00,295.189
7/23/2025,0:00,295.476
7/23/2025,6:00,290.931
7/23/2025,12:00,285.045
7/23/2025,18:00,288.503
7/24/2025,0:00,288.532
7/24/2025,6:00,285.4
7/24/2025,12:00,282.145
7/24/2025,18:00,288.941
7/25/2025,0:00,289.629
7/25/2025,6:00,286.935
7/25/2025,12:00,287.3
7/25/2025,18:00,293.498
7/26/2025,0:00,294.219
7/26/2025,6:00,290.175
7/26/2025,12:00,289.519
7/26/2025,18:00,294.031
7/27/2025,0:00,293.621
7/27/2025,6:00,290.502
7/27/2025,12:00,288.184
7/27/2025,18:00,290.496
7/28/2025,0:00,289.244
7/28/2025,6:00,285.743
7/28/2025,12:00,285.321
7/28/2025,18:00,287.196
7/29/2025,0:00,286.938
7/29/2025,6:00,282.456
7/29/2025,12:00,281.061
7/29/2025,18:00,287.114
7/30/2025,0:00,287.246
7/30/2025,6:00,281.944
7/30/2025,12:00,282.047
7/30/2025,18:00,290.443
7/31/2025,0:00,290.488
7/31/2025,6:00,283.587
7/31/2025,12:00,284.727
7/31/2025,18:00,293.62
8/1/2025,0:00,293.888
8/1/2025,6:00,288.578
8/1/2025,12:00,288.359
8/1/2025,18:00,294.829
8/2/2025,0:00,295.324
8/2/2025,6:00,291.636
8/2/2025,12:00,291.248
8/2/2025,18:00,296.712
8/3/2025,0:00,295.412
8/3/2025,6:00,290.728
8/3/2025,12:00,290.5
8/3/2025,18:00,289.761
8/4/2025,0:00,291.034
8/4/2025,6:00,287.969
8/4/2025,12:00,285.632
8/4/2025,18:00,288.373
8/5/2025,0:00,287.843
8/5/2025,6:00,283.742
8/5/2025,12:00,281.709
8/5/2025,18:00,288.548
8/6/2025,0:00,288.743
8/6/2025,6:00,282.894
8/6/2025,12:00,282.502
8/6/2025,18:00,290.9
8/7/2025,0:00,291.241
8/7/2025,6:00,286.071
8/7/2025,12:00,285.351
8/7/2025,18:00,289.13
8/8/2025,0:00,288.341
8/8/2025,6:00,285.971
8/8/2025,12:00,283.042
8/8/2025,18:00,285.025
8/9/2025,0:00,284.451
8/9/2025,6:00,281.616
8/9/2025,12:00,281.188
8/9/2025,18:00,286.085
8/10/2025,0:00,286.3
8/10/2025,6:00,281.356
8/10/2025,12:00,281.816
8/10/2025,18:00,287.914
8/11/2025,0:00,288.235
8/11/2025,6:00,282.915
8/11/2025,12:00,283.144
8/11/2025,18:00,289.635
8/12/2025,0:00,289.726
8/12/2025,6:00,283.807
8/12/2025,12:00,284.196
8/12/2025,18:00,291.57
8/13/2025,0:00,291.837
8/13/2025,6:00,285.877
8/13/2025,12:00,286.3
8/13/2025,18:00,292.736
8/14/2025,0:00,292.752
8/14/2025,6:00,288.073
8/14/2025,12:00,282.107
8/14/2025,18:00,287.8
8/15/2025,0:00,287.84
8/15/2025,6:00,282.185
8/15/2025,12:00,281.745
8/15/2025,18:00,289.658
8/16/2025,0:00,288.697
8/16/2025,6:00,286.476
8/16/2025,12:00,285.255
8/16/2025,18:00,294.437
8/17/2025,0:00,293.941
8/17/2025,6:00,287.017
8/17/2025,12:00,285.992
8/17/2025,18:00,293.415
8/18/2025,0:00,293.805
8/18/2025,6:00,288
8/18/2025,12:00,287.332
8/18/2025,18:00,293.145
8/19/2025,0:00,292.096
8/19/2025,6:00,291.198
8/19/2025,12:00,290.976
8/19/2025,18:00,291.394
8/20/2025,0:00,292.612
8/20/2025,6:00,287.121
8/20/2025,12:00,286.427
8/20/2025,18:00,287.618
8/21/2025,0:00,288.21
8/21/2025,6:00,285.248
8/21/2025,12:00,286.133
8/21/2025,18:00,294.148
8/22/2025,0:00,294.433
8/22/2025,6:00,290.5
8/22/2025,12:00,293.923
8/22/2025,18:00,301.7
8/23/2025,0:00,301.49
8/23/2025,6:00,294.414
8/23/2025,12:00,288.635
8/23/2025,18:00,284.15
8/24/2025,0:00,286.5
8/24/2025,6:00,282.781
8/24/2025,12:00,281.277
8/24/2025,18:00,286.927
8/25/2025,0:00,287.094
8/25/2025,6:00,281.591
8/25/2025,12:00,282.394
8/25/2025,18:00,289.835
8/26/2025,0:00,289.989
8/26/2025,6:00,283.885
8/26/2025,12:00,284.742
8/26/2025,18:00,291.649
8/27/2025,0:00,291.977
8/27/2025,6:00,285.278
8/27/2025,12:00,285.676
8/27/2025,18:00,292.182
8/28/2025,0:00,292.181
8/28/2025,6:00,286.821
8/28/2025,12:00,287.784
8/28/2025,18:00,295.2
8/29/2025,0:00,295.572
8/29/2025,6:00,289.544
8/29/2025,12:00,288.665
8/29/2025,18:00,297.658
8/30/2025,0:00,298.042
8/30/2025,6:00,291.109
8/30/2025,12:00,291.26
8/30/2025,18:00,299.589
8/31/2025,0:00,299.833
8/31/2025,6:00,293.318
8/31/2025,12:00,293.064
8/31/2025,18:00,297.439
9/1/2025,0:00,295.897
9/1/2025,6:00,293.504
9/1/2025,12:00,292.722
9/1/2025,18:00,294.417
9/2/2025,0:00,292.7
9/2/2025,6:00,291.154
9/2/2025,12:00,291.045
9/2/2025,18:00,298.23
9/3/2025,0:00,298.331
9/3/2025,6:00,293.81
9/3/2025,12:00,294.217
9/3/2025,18:00,298.041
9/4/2025,0:00,298.219
9/4/2025,6:00,292.7
9/4/2025,12:00,288.816
9/4/2025,18:00,287.942
9/5/2025,0:00,287.288
9/5/2025,6:00,284.218
9/5/2025,12:00,281.095
9/5/2025,18:00,285.728
9/6/2025,0:00,285.461
9/6/2025,6:00,280.386
9/6/2025,12:00,280.716
9/6/2025,18:00,286.948
9/7/2025,0:00,286.924
9/7/2025,6:00,280.848
9/7/2025,12:00,282.597
9/7/2025,18:00,290.494
9/8/2025,0:00,290.631
9/8/2025,6:00,287.6
9/8/2025,12:00,287.152
9/8/2025,18:00,287.419
9/9/2025,0:00,287.403
9/9/2025,6:00,286.724
9/9/2025,12:00,287.862
9/9/2025,18:00,292.467
9/10/2025,0:00,292.536
9/10/2025,6:00,286.939
9/10/2025,12:00,287.823
9/10/2025,18:00,295.892
9/11/2025,0:00,295.845
9/11/2025,6:00,288.583
9/11/2025,12:00,290.043
9/11/2025,18:00,295.314
9/12/2025,0:00,295.205
9/12/2025,6:00,286.51
9/12/2025,12:00,286.225
9/12/2025,18:00,292.402
9/13/2025,0:00,291.855
9/13/2025,6:00,284.843
9/13/2025,12:00,285.251
9/13/2025,18:00,296.208
9/14/2025,0:00,296.339
9/14/2025,6:00,289.294
9/14/2025,12:00,291.1
9/14/2025,18:00,299.113
9/15/2025,0:00,299.475
9/15/2025,6:00,293.497
9/15/2025,12:00,292.509
9/15/2025,18:00,297.241
9/16/2025,0:00,294.1
9/16/2025,6:00,290.743
9/16/2025,12:00,291.51
9/16/2025,18:00,297.1
9/17/2025,0:00,296.604
9/17/2025,6:00,289.42
9/17/2025,12:00,290.166
9/17/2025,18:00,296.895
9/18/2025,0:00,296.83
9/18/2025,6:00,290.388
9/18/2025,12:00,291.042
9/18/2025,18:00,297.958
9/19/2025,0:00,298.145
9/19/2025,6:00,292.63
9/19/2025,12:00,294.767
9/19/2025,18:00,301.998
9/20/2025,0:00,302.034
9/20/2025,6:00,295.793
9/20/2025,12:00,294.006
9/20/2025,18:00,295.58
9/21/2025,0:00,292.816
9/21/2025,6:00,291.967
9/21/2025,12:00,292.502
9/21/2025,18:00,297.552
9/22/2025,0:00,295.435
9/22/2025,6:00,290.436
9/22/2025,12:00,286.784
9/22/2025,18:00,291.671
9/23/2025,0:00,291.8
9/23/2025,6:00,285.523
9/23/2025,12:00,287.079
9/23/2025,18:00,293
9/24/2025,0:00,293.347
9/24/2025,6:00,287.929
9/24/2025,12:00,287.895
9/24/2025,18:00,293.41
9/25/2025,0:00,293.625
9/25/2025,6:00,286.489
9/25/2025,12:00,285.034
9/25/2025,18:00,292.503
9/26/2025,0:00,293.005
9/26/2025,6:00,286.173
9/26/2025,12:00,286.979
9/26/2025,18:00,296.221
9/27/2025,0:00,296.004
9/27/2025,6:00,289.846
9/27/2025,12:00,291.604
9/27/2025,18:00,291.397
9/28/2025,0:00,290.52
9/28/2025,6:00,290
9/28/2025,12:00,287.342
9/28/2025,18:00,293.5
9/29/2025,0:00,293.874
9/29/2025,6:00,287.456
9/29/2025,12:00,289.449
9/29/2025,18:00,297.012
9/30/2025,0:00,297.295
9/30/2025,6:00,290.726
9/30/2025,12:00,290.887
9/30/2025,18:00,292.762
10/1/2025,0:00,291.577
10/1/2025,6:00,290.513
10/1/2025,12:00,289.432
10/1/2025,18:00,294.908
10/2/2025,0:00,294.973
10/2/2025,6:00,289.506
10/2/2025,12:00,290.594
10/2/2025,18:00,294.5
10/3/2025,0:00,295.121
10/3/2025,6:00,292.319
10/3/2025,12:00,293.916
10/3/2025,18:00,298.671
10/4/2025,0:00,298.159
10/4/2025,6:00,292.133
10/4/2025,12:00,295.167
10/4/2025,18:00,300.459
10/5/2025,0:00,301.051
10/5/2025,6:00,294.992
10/5/2025,12:00,295.915
10/5/2025,18:00,303.111
10/6/2025,0:00,304.163
10/6/2025,6:00,297.605
10/6/2025,12:00,291.465
10/6/2025,18:00,287.539
10/7/2025,0:00,290.597
10/7/2025,6:00,286.985
10/7/2025,12:00,286.624
10/7/2025,18:00,291.473
10/8/2025,0:00,291.579
10/8/2025,6:00,285.147
10/8/2025,12:00,287.467
10/8/2025,18:00,293.586
10/9/2025,0:00,293.579
10/9/2025,6:00,286.587
10/9/2025,12:00,288.553
10/9/2025,18:00,296.959
10/10/2025,0:00,297.681
10/10/2025,6:00,290.496
10/10/2025,12:00,292.71
10/10/2025,18:00,298.726
10/11/2025,0:00,298.329
10/11/2025,6:00,291.579
10/11/2025,12:00,294.235
10/11/2025,18:00,300.601
10/12/2025,0:00,300.807
10/12/2025,6:00,295.803
10/12/2025,12:00,293.62
10/12/2025,18:00,296.54
10/13/2025,0:00,295.636
10/13/2025,6:00,288.221
10/13/2025,12:00,289.865
10/13/2025,18:00,294.986
10/14/2025,0:00,295.422
10/14/2025,6:00,288.511
10/14/2025,12:00,290.804
10/14/2025,18:00,296.624
10/15/2025,0:00,296.7
10/15/2025,6:00,289.24
10/15/2025,12:00,291.013
10/15/2025,18:00,300.141
10/16/2025,0:00,300.608
10/16/2025,6:00,295.034
10/16/2025,12:00,293.935
10/16/2025,18:00,297.921
10/17/2025,0:00,296.836
10/17/2025,6:00,293.681
10/17/2025,12:00,293.219
10/17/2025,18:00,294.6
10/18/2025,0:00,293.919
10/18/2025,6:00,293.148
10/18/2025,12:00,289.934
10/18/2025,18:00,294.393
10/19/2025,0:00,294
10/19/2025,6:00,287.244
10/19/2025,12:00,286.992
10/19/2025,18:00,292.545
10/20/2025,0:00,292.456
10/20/2025,6:00,286.094
10/20/2025,12:00,287.992
10/20/2025,18:00,296.426
10/21/2025,0:00,296.317
10/21/2025,6:00,288.66
10/21/2025,12:00,291.029
10/21/2025,18:00,296.534
10/22/2025,0:00,296.392
10/22/2025,6:00,289.706
10/22/2025,12:00,292.642
10/22/2025,18:00,298.489
10/23/2025,0:00,298.602
10/23/2025,6:00,291.389
10/23/2025,12:00,293.815
10/23/2025,18:00,299.763
10/24/2025,0:00,300.083
10/24/2025,6:00,293
10/24/2025,12:00,293.881
10/24/2025,18:00,297.183
10/25/2025,0:00,296.861
10/25/2025,6:00,294.627
10/25/2025,12:00,295.928
10/25/2025,18:00,293.734
10/26/2025,0:00,294.603
10/26/2025,6:00,290.972
10/26/2025,12:00,288.896
10/26/2025,18:00,293.216
10/27/2025,0:00,294.192
10/27/2025,6:00,291.338
10/27/2025,12:00,292.403
10/27/2025,18:00,297.818
10/28/2025,0:00,298.076
10/28/2025,6:00,291.229
10/28/2025,12:00,289.868
10/28/2025,18:00,293.261
10/29/2025,0:00,286.306
10/29/2025,6:00,285.154
10/29/2025,12:00,284.542
10/29/2025,18:00,285.917
10/30/2025,0:00,285.788
10/30/2025,6:00,285.067
10/30/2025,12:00,287.789
10/30/2025,18:00,292.481
10/31/2025,0:00,293.121
10/31/2025,6:00,287.343
10/31/2025,12:00,288.939
10/31/2025,18:00,295.93
11/1/2025,0:00,295.057
11/1/2025,6:00,289.999
11/1/2025,12:00,292.317
11/1/2025,18:00,299.148
11/2/2025,0:00,299.12
11/2/2025,6:00,292.729
11/2/2025,12:00,293.902
11/2/2025,18:00,299.764
11/3/2025,0:00,298.384
11/3/2025,6:00,292.202
11/3/2025,12:00,293.12
11/3/2025,18:00,298.523
11/4/2025,0:00,298.74
11/4/2025,6:00,291.875
11/4/2025,12:00,294.057
11/4/2025,18:00,302.816
11/5/2025,0:00,303.336
11/5/2025,6:00,296.402
11/5/2025,12:00,292.487
11/5/2025,18:00,297.552
11/6/2025,0:00,298.01
11/6/2025,6:00,288.786
11/6/2025,12:00,288.995
11/6/2025,18:00,294.442
11/7/2025,0:00,294.639
11/7/2025,6:00,291.799
11/7/2025,12:00,288.305
11/7/2025,18:00,288.77
11/8/2025,0:00,288.171
11/8/2025,6:00,287.094
11/8/2025,12:00,286.769
11/8/2025,18:00,292.193
11/9/2025,0:00,292.753
11/9/2025,6:00,287.2
11/9/2025,12:00,290.018
11/9/2025,18:00,295.862
11/10/2025,0:00,294.914
11/10/2025,6:00,288.917
11/10/2025,12:00,292.081
11/10/2025,18:00,297.197
11/11/2025,0:00,297.099
11/11/2025,6:00,289.858
11/11/2025,12:00,292.87
11/11/2025,18:00,300.43
11/12/2025,0:00,301.337
11/12/2025,6:00,296.389
11/12/2025,12:00,297.788
11/12/2025,18:00,302.952
11/13/2025,0:00,303.057
11/13/2025,6:00,293.096
11/13/2025,12:00,295.189
11/13/2025,18:00,300.232
11/14/2025,0:00,300.1
11/14/2025,6:00,294.488
11/14/2025,12:00,294.451
11/14/2025,18:00,299.902
11/15/2025,0:00,300.47
11/15/2025,6:00,293.953
11/15/2025,12:00,296.489
11/15/2025,18:00,304.653
11/16/2025,0:00,305.267
11/16/2025,6:00,297.264
11/16/2025,12:00,298.416
11/16/2025,18:00,299.994
11/17/2025,0:00,293.235
11/17/2025,6:00,290.718
11/17/2025,12:00,288.763
11/17/2025,18:00,294.72
11/18/2025,0:00,294.998
11/18/2025,6:00,288.176
11/18/2025,12:00,291.8
11/18/2025,18:00,297.347
11/19/2025,0:00,297.494
11/19/2025,6:00,290.48
11/19/2025,12:00,292.824
11/19/2025,18:00,298.895
11/20/2025,0:00,299.025
11/20/2025,6:00,291.752
11/20/2025,12:00,295.794
11/20/2025,18:00,302.924
11/21/2025,0:00,302.994
11/21/2025,6:00,295.011
11/21/2025,12:00,297.751
11/21/2025,18:00,298.876
11/22/2025,0:00,296.53
11/22/2025,6:00,292.26
11/22/2025,12:00,291.564
11/22/2025,18:00,297.438
11/23/2025,0:00,297.484
11/23/2025,6:00,289.89
11/23/2025,12:00,291.286
11/23/2025,18:00,297
11/24/2025,0:00,297.1
11/24/2025,6:00,289.779
11/24/2025,12:00,291.817
11/24/2025,18:00,299.005
11/25/2025,0:00,299.267
11/25/2025,6:00,294.942
11/25/2025,12:00,295.769
11/25/2025,18:00,303.111
11/26/2025,0:00,303.638
11/26/2025,6:00,295.283
11/26/2025,12:00,297.344
11/26/2025,18:00,303.662
11/27/2025,0:00,303.863
11/27/2025,6:00,295.704
11/27/2025,12:00,297.496
11/27/2025,18:00,305.97
11/28/2025,0:00,306.019
11/28/2025,6:00,298.486
11/28/2025,12:00,300.866
11/28/2025,18:00,307.932
11/29/2025,0:00,307.952
11/29/2025,6:00,298.011
11/29/2025,12:00,297.877
11/29/2025,18:00,306.229
11/30/2025,0:00,307.311
11/30/2025,6:00,296.499
11/30/2025,12:00,294.205
11/30/2025,18:00,295.74
12/1/2025,0:00,297.497
12/1/2025,6:00,293.828
12/1/2025,12:00,296.54
12/1/2025,18:00,302.674
12/2/2025,0:00,302.963
12/2/2025,6:00,295.707
12/2/2025,12:00,297.748
12/2/2025,18:00,304.344
12/3/2025,0:00,304.282
12/3/2025,6:00,294.232
12/3/2025,12:00,296.268
12/3/2025,18:00,303.065
12/4/2025,0:00,303.135
12/4/2025,6:00,293.807
12/4/2025,12:00,296.464
12/4/2025,18:00,303.384
12/5/2025,0:00,303.522
12/5/2025,6:00,294.124
12/5/2025,12:00,298.221
12/5/2025,18:00,305.799
12/6/2025,0:00,305.867
12/6/2025,6:00,297.821
12/6/2025,12:00,302.058
12/6/2025,18:00,308.754
12/7/2025,0:00,308.823
12/7/2025,6:00,301.677
12/7/2025,12:00,303.401
12/7/2025,18:00,310.895
12/8/2025,0:00,310.467
12/8/2025,6:00,299.866
12/8/2025,12:00,297.34
12/8/2025,18:00,300.046
12/9/2025,0:00,296.77
12/9/2025,6:00,293.562
12/9/2025,12:00,293.592
12/9/2025,18:00,297.318
12/10/2025,0:00,298.163
12/10/2025,6:00,292.593
12/10/2025,12:00,291.334
12/10/2025,18:00,294.831
12/11/2025,0:00,295.442
12/11/2025,6:00,291.564
12/11/2025,12:00,296.312
12/11/2025,18:00,303.92
12/12/2025,0:00,303.688
12/12/2025,6:00,297.819
12/12/2025,12:00,297.876
12/12/2025,18:00,302.04
12/13/2025,0:00,301.577
12/13/2025,6:00,292.545
12/13/2025,12:00,297.569
12/13/2025,18:00,304.078
12/14/2025,0:00,304.405
12/14/2025,6:00,297.324
12/14/2025,12:00,300.498
12/14/2025,18:00,307.039
12/15/2025,0:00,307.366
12/15/2025,6:00,299.912
12/15/2025,12:00,298.105
12/15/2025,18:00,300.006
12/16/2025,0:00,292.868
12/16/2025,6:00,291.818
12/16/2025,12:00,294.197
12/16/2025,18:00,299.333
12/17/2025,0:00,299.881
12/17/2025,6:00,291.419
12/17/2025,12:00,293.611
12/17/2025,18:00,299.998
12/18/2025,0:00,299.742
12/18/2025,6:00,291.644
12/18/2025,12:00,295.129
12/18/2025,18:00,304.042
12/19/2025,0:00,304.668
12/19/2025,6:00,295.483
12/19/2025,12:00,300.008
12/19/2025,18:00,307.989
12/20/2025,0:00,308.001
12/20/2025,6:00,298.007
12/20/2025,12:00,300.927
12/20/2025,18:00,309.165
12/21/2025,0:00,309.828
12/21/2025,6:00,301.224
12/21/2025,12:00,298.911
12/21/2025,18:00,298.784
12/22/2025,0:00,300.136
12/22/2025,6:00,296.376
12/22/2025,12:00,298.779
12/22/2025,18:00,303.475
12/23/2025,0:00,300.945
12/23/2025,6:00,296.231
12/23/2025,12:00,295.835
12/23/2025,18:00,302.968
12/24/2025,0:00,303.758
12/24/2025,6:00,297.894
12/24/2025,12:00,299.249
12/24/2025,18:00,304.862
12/25/2025,0:00,304.614
12/25/2025,6:00,298.95
12/25/2025,12:00,301.745
12/25/2025,18:00,303.416
12/26/2025,0:00,302.17
12/26/2025,6:00,296.823
12/26/2025,12:00,296.335
12/26/2025,18:00,302.211
12/27/2025,0:00,299.044
12/27/2025,6:00,296
12/27/2025,12:00,300.247
12/27/2025,18:00,305.242
12/28/2025,0:00,299.956
12/28/2025,6:00,296.644
12/28/2025,12:00,299.179
12/28/2025,18:00,305.982
12/29/2025,0:00,303.453
12/29/2025,6:00,295.449
12/29/2025,12:00,294.837
12/29/2025,18:00,301.396
12/30/2025,0:00,301.061
12/30/2025,6:00,295.896
12/30/2025,12:00,296.488
12/30/2025,18:00,302.734
12/31/2025,0:00,302.708
12/31/2025,6:00,296.708
12/31/2025,12:00,298.909
12/31/2025,18:00,304.575
1/1/2026,0:00,303.692
1/1/2026,6:00,298.932
1/1/2026,12:00,300.813
1/1/2026,18:00,307.827
1/2/2026,0:00,308.314
1/2/2026,6:00,300.488
1/2/2026,12:00,300.221
1/2/2026,18:00,308.06
1/3/2026,0:00,307.781
1/3/2026,6:00,299.176
1/3/2026,12:00,298.216
1/3/2026,18:00,301.858
1/4/2026,0:00,301.548
1/4/2026,6:00,290.895
1/4/2026,12:00,290.373
1/4/2026,18:00,298.674
1/5/2026,0:00,299.265
1/5/2026,6:00,290.123
1/5/2026,12:00,292.126
1/5/2026,18:00,299.349
1/6/2026,0:00,299.593
1/6/2026,6:00,291.08
1/6/2026,12:00,293.883
1/6/2026,18:00,303.49
1/7/2026,0:00,303.806
1/7/2026,6:00,296.532
1/7/2026,12:00,299.767
1/7/2026,18:00,307.016
1/8/2026,0:00,306.124
1/8/2026,6:00,293.754
1/8/2026,12:00,295.19
1/8/2026,18:00,304
1/9/2026,0:00,303.522
1/9/2026,6:00,296.398
1/9/2026,12:00,295.401
1/9/2026,18:00,298.761
1/10/2026,0:00,300.162
1/10/2026,6:00,295.102
1/10/2026,12:00,294.774
1/10/2026,18:00,297.289
1/11/2026,0:00,297.702
1/11/2026,6:00,292.848
1/11/2026,12:00,292.563
1/11/2026,18:00,299.417
1/12/2026,0:00,297.048
1/12/2026,6:00,292.338
1/12/2026,12:00,294.813
1/12/2026,18:00,302.507
1/13/2026,0:00,303.358
1/13/2026,6:00,295.897
1/13/2026,12:00,297.2
1/13/2026,18:00,304.155
1/14/2026,0:00,304.606
1/14/2026,6:00,298.448
1/14/2026,12:00,299.229
1/14/2026,18:00,305.783
1/15/2026,0:00,305.889
1/15/2026,6:00,299.507
1/15/2026,12:00,301.357
1/15/2026,18:00,308.774
1/16/2026,0:00,308.97
1/16/2026,6:00,300.318
1/16/2026,12:00,296.488
1/16/2026,18:00,301.517
1/22/2026,12:00,295.348
1/22/2026,18:00,304.159
1/23/2026,0:00,305.346
1/23/2026,6:00,296.657
1/23/2026,12:00,296.615
1/23/2026,18:00,305.498
1/24/2026,0:00,305.827
1/24/2026,6:00,296.375
1/24/2026,12:00,296.105
1/24/2026,18:00,306.443
1/25/2026,0:00,307.718
1/25/2026,6:00,298.435
1/25/2026,12:00,300.201
1/25/2026,18:00,309.132
1/26/2026,0:00,309.252
1/26/2026,6:00,299.451
1/26/2026,12:00,301.187
1/26/2026,18:00,309.829
1/27/2026,0:00,310.284
1/27/2026,6:00,302.258
1/27/2026,12:00,302.654
1/27/2026,18:00,310.862
1/28/2026,0:00,311.411
1/28/2026,6:00,302.479
1/28/2026,12:00,304.047
1/28/2026,18:00,313.316
1/29/2026,0:00,313.181
1/29/2026,6:00,301.044
1/29/2026,12:00,300.191
1/29/2026,18:00,310.531
1/30/2026,0:00,310.756
1/30/2026,6:00,300.788
1/30/2026,12:00,299.193
1/30/2026,18:00,307.653
1/31/2026,0:00,307.24
1/31/2026,6:00,298.153
1/31/2026,12:00,297.607
1/31/2026,18:00,306.713
2/1/2026,0:00,306.322
2/1/2026,6:00,297.774
2/1/2026,12:00,298.218
2/1/2026,18:00,308.614
2/2/2026,0:00,308.744
2/2/2026,6:00,297.918
2/2/2026,12:00,299.812
2/2/2026,18:00,308.275
2/3/2026,0:00,308.459
2/3/2026,6:00,301.291
2/3/2026,12:00,301.706
2/3/2026,18:00,309.742
2/4/2026,0:00,310.033
2/4/2026,6:00,300.355
2/4/2026,12:00,302.895
2/4/2026,18:00,312.339
2/5/2026,0:00,312.409
2/5/2026,6:00,302.059
2/5/2026,12:00,302.443
2/5/2026,18:00,313.038
2/6/2026,0:00,313.311
2/6/2026,6:00,302.372
2/6/2026,12:00,304.129
2/6/2026,18:00,312.42
2/7/2026,0:00,313.257
2/7/2026,6:00,303.113
2/7/2026,12:00,295.219
2/7/2026,18:00,307.128
2/8/2026,0:00,308.235
2/8/2026,6:00,297.792
2/8/2026,12:00,297.847
2/8/2026,18:00,307.542
2/9/2026,0:00,307.712
2/9/2026,6:00,296.598
2/9/2026,12:00,297.922
2/9/2026,18:00,308.682
2/10/2026,0:00,310.059
2/10/2026,6:00,301.197
2/10/2026,12:00,302.715
2/10/2026,18:00,312.602
2/11/2026,0:00,312.742
2/11/2026,6:00,302.724
2/11/2026,12:00,304.198
2/11/2026,18:00,313.043
2/12/2026,0:00,314.254
2/12/2026,6:00,303.431
2/12/2026,12:00,307.098
2/12/2026,18:00,315.097
2/13/2026,0:00,298.32
2/13/2026,6:00,294.481
2/13/2026,12:00,296.77
2/13/2026,18:00,307.545
2/14/2026,0:00,308.416
2/14/2026,6:00,300.834
2/14/2026,12:00,298.029
2/14/2026,18:00,308.544
2/15/2026,0:00,309.013
2/15/2026,6:00,298.235
2/15/2026,12:00,299.498
2/15/2026,18:00,309.176
2/16/2026,0:00,304.96
2/16/2026,6:00,297.522
2/16/2026,12:00,300.984
2/16/2026,18:00,308.591
2/17/2026,0:00,308.653
2/17/2026,6:00,302.466
2/17/2026,12:00,298.573
2/17/2026,18:00,310.401
2/18/2026,0:00,310.099
2/18/2026,6:00,300.409
2/18/2026,12:00,300.622
2/18/2026,18:00,307.048
2/19/2026,0:00,308.17
2/19/2026,6:00,300.574
2/19/2026,12:00,300.437
2/19/2026,18:00,314.891
2/20/2026,0:00,303.425
2/20/2026,6:00,296.462
2/20/2026,12:00,296.939
2/20/2026,18:00,307.477
2/21/2026,0:00,307.233
2/21/2026,6:00,299.776
2/21/2026,12:00,297.046
2/21/2026,18:00,307.341
2/22/2026,0:00,307.711
2/22/2026,6:00,298.819
2/22/2026,12:00,297.323
2/22/2026,18:00,305.692
2/23/2026,0:00,306.085
2/23/2026,6:00,300.436
2/23/2026,12:00,296.938
2/23/2026,18:00,304.694
2/24/2026,0:00,305.644
2/24/2026,6:00,295.156
2/24/2026,12:00,296.238
2/24/2026,18:00,305.751
2/25/2026,0:00,306.666
2/25/2026,6:00,298.189
2/25/2026,12:00,298.677
2/25/2026,18:00,306.539
2/26/2026,0:00,305.897
2/26/2026,6:00,295.333
2/26/2026,12:00,293.44
2/26/2026,18:00,301.276
2/27/2026,0:00,301.296
2/27/2026,6:00,292.515
2/27/2026,12:00,292.869
2/27/2026,18:00,303.13
2/28/2026,0:00,303.816
2/28/2026,6:00,294.352
2/28/2026,12:00,294.39
2/28/2026,18:00,305.264
3/1/2026,0:00,305.657
3/1/2026,6:00,295.799
3/1/2026,12:00,295.044
3/1/2026,18:00,306.304
3/2/2026,0:00,306.532
3/2/2026,6:00,295.905
3/2/2026,12:00,295.172
3/2/2026,18:00,306.55
3/3/2026,0:00,307.581
3/3/2026,6:00,297.85
3/3/2026,12:00,299.433
3/3/2026,18:00,312.608
3/4/2026,0:00,312.812
3/4/2026,6:00,298.564
3/4/2026,12:00,299.217
3/4/2026,18:00,310.309
3/5/2026,0:00,310.291
3/5/2026,6:00,300.571
3/5/2026,12:00,298.509
3/5/2026,18:00,309.196
3/6/2026,0:00,310.277
3/6/2026,6:00,300.377
3/6/2026,12:00,298.173
3/6/2026,18:00,308.461
3/7/2026,0:00,308.569
3/7/2026,6:00,294.259
3/7/2026,12:00,294.803
3/7/2026,18:00,300.314
3/8/2026,0:00,303.185
3/8/2026,6:00,295.624
3/8/2026,12:00,295.572
3/8/2026,18:00,305.517
3/9/2026,0:00,305.485
3/9/2026,6:00,297.22
3/9/2026,12:00,293.261
3/9/2026,18:00,303.433
3/10/2026,0:00,301.874
3/10/2026,6:00,294.434
3/10/2026,12:00,293.668
3/10/2026,18:00,303.781
3/11/2026,0:00,303.888
3/11/2026,6:00,294.679
3/11/2026,12:00,295.581
3/11/2026,18:00,305.187
3/12/2026,0:00,305.91
3/12/2026,6:00,297.967
3/12/2026,12:00,296.006
3/12/2026,18:00,306.065
3/13/2026,0:00,306.493
3/13/2026,6:00,295.518
3/13/2026,12:00,295.624
3/13/2026,18:00,305.21
3/14/2026,0:00,305.624
3/14/2026,6:00,296.147
3/14/2026,12:00,296.065
3/14/2026,18:00,305.072
3/15/2026,0:00,305.704
3/15/2026,6:00,297.51
3/15/2026,12:00,299
3/15/2026,18:00,309.707
3/16/2026,0:00,309.847
3/16/2026,6:00,300.209
3/16/2026,12:00,301.967
3/16/2026,18:00,311.495
3/17/2026,0:00,308.403
3/17/2026,6:00,298.498
3/17/2026,12:00,295.798
3/17/2026,18:00,301.783
3/18/2026,0:00,304.058
3/18/2026,6:00,297.695
3/18/2026,12:00,298.3
3/18/2026,18:00,305.051
3/19/2026,0:00,300.963
3/19/2026,6:00,295.797
3/19/2026,12:00,296.081
3/19/2026,18:00,307.883
3/20/2026,0:00,308.116
3/20/2026,6:00,297.181
3/20/2026,12:00,297.867
3/20/2026,18:00,309.514
3/21/2026,0:00,310.12
3/21/2026,6:00,299.349
3/21/2026,12:00,301.427
3/21/2026,18:00,310.561
3/22/2026,0:00,304.261
3/22/2026,6:00,293.96
3/22/2026,12:00,293.097
3/22/2026,18:00,302.342
3/23/2026,0:00,303
3/23/2026,6:00,297.128
3/23/2026,12:00,297.565
3/23/2026,18:00,302.193
3/24/2026,0:00,296.955
3/24/2026,6:00,292.772
3/24/2026,12:00,291.061
3/24/2026,18:00,299.678
3/25/2026,0:00,299.298
3/25/2026,6:00,291.014
3/25/2026,12:00,293.208
3/25/2026,18:00,298.208
3/26/2026,0:00,298.837
3/26/2026,12:00,294.377
3/26/2026,18:00,302.548
3/27/2026,0:00,302.516
3/27/2026,6:00,295.777
3/27/2026,12:00,295.834
3/27/2026,18:00,306.347
3/28/2026,0:00,306.613
3/28/2026,6:00,299.039
3/28/2026,12:00,300.602
3/28/2026,18:00,309.218
3/29/2026,0:00,307.553
3/29/2026,6:00,301.412
3/29/2026,12:00,302
3/29/2026,18:00,309.8
3/30/2026,0:00,310.124
3/30/2026,6:00,303.088
3/30/2026,12:00,300.443
3/30/2026,18:00,307.174
3/31/2026,0:00,305.231
3/31/2026,6:00,299.485
3/31/2026,12:00,298.545
3/31/2026,18:00,307.192
4/1/2026,0:00,307.115
4/1/2026,6:00,298.221
4/1/2026,12:00,296.089
4/1/2026,18:00,306.563
4/2/2026,0:00,306.704
4/2/2026,6:00,296.666
4/2/2026,12:00,297.521
4/2/2026,18:00,306.088
4/3/2026,0:00,306.41
4/3/2026,6:00,296.845
4/3/2026,12:00,297.411
4/3/2026,18:00,306.152
4/4/2026,0:00,306.801
4/4/2026,6:00,298.089
4/4/2026,12:00,299.265
4/4/2026,18:00,307.033
4/5/2026,0:00,306.926
4/5/2026,6:00,291.618
4/5/2026,12:00,292.158
4/5/2026,18:00,301.737
4/6/2026,0:00,302.217
4/6/2026,6:00,296.005
4/6/2026,12:00,293.804
4/6/2026,18:00,309.061
4/7/2026,0:00,307.069
4/7/2026,6:00,295.165
4/7/2026,12:00,294.577
4/7/2026,18:00,295.177
4/8/2026,0:00,296.466
4/8/2026,6:00,291.919
4/8/2026,12:00,290.997
4/8/2026,18:00,293.3
4/9/2026,0:00,292.748
4/9/2026,6:00,291.264
4/9/2026,12:00,290.623
4/9/2026,18:00,294.221
4/10/2026,0:00,295.093
4/10/2026,6:00,291.1
4/10/2026,12:00,289.68
4/10/2026,18:00,296.116
4/11/2026,0:00,296.12
4/11/2026,6:00,288.573
4/11/2026,12:00,289.328
4/11/2026,18:00,298.803
4/12/2026,0:00,297.046
4/12/2026,6:00,291.866
4/12/2026,12:00,292.385
4/12/2026,18:00,297.087
4/13/2026,0:00,297.853
4/13/2026,6:00,293.65
4/13/2026,12:00,293.871
4/13/2026,18:00,299.127
4/14/2026,0:00,300.006
4/14/2026,6:00,293.7
4/14/2026,12:00,293.785
4/14/2026,18:00,301.134
4/15/2026,0:00,301.293
4/15/2026,6:00,296.9
4/15/2026,12:00,294.8
4/15/2026,18:00,297.616
4/16/2026,0:00,295.053
4/16/2026,6:00,293.973
4/16/2026,12:00,292.718
4/16/2026,18:00,295.388
4/17/2026,0:00,295.313
4/17/2026,6:00,292.669
4/17/2026,12:00,292.046
4/17/2026,18:00,297.861
4/18/2026,0:00,298.308
4/18/2026,6:00,290.898
4/18/2026,12:00,291.015
4/18/2026,18:00,298.667
4/19/2026,0:00,298.872
4/19/2026,6:00,291.153
4/19/2026,12:00,291.817
4/19/2026,18:00,301.848
4/20/2026,0:00,302.174
4/20/2026,6:00,292.819
4/20/2026,12:00,292.436
4/20/2026,18:00,294.985
4/21/2026,0:00,292.165
4/21/2026,6:00,291.969
4/21/2026,12:00,292.37
4/21/2026,18:00,295.9
4/22/2026,0:00,294.531
4/22/2026,6:00,292.232
4/22/2026,12:00,293.788
4/22/2026,18:00,298.505
4/23/2026,0:00,299.105
4/23/2026,6:00,293.604
4/23/2026,12:00,291.34
4/23/2026,18:00,295.232
4/24/2026,0:00,291.488
4/24/2026,6:00,291.515
4/24/2026,12:00,291.943
4/24/2026,18:00,292.279
4/25/2026,0:00,292.042
4/25/2026,6:00,291.715
4/25/2026,12:00,292.544
4/25/2026,18:00,296.373
4/26/2026,0:00,296.157
4/26/2026,6:00,293.733
4/26/2026,12:00,292.361
4/26/2026,18:00,297.868
4/27/2026,0:00,297.726
4/27/2026,6:00,289.995
4/27/2026,12:00,283.012
4/27/2026,18:00,289.899
4/28/2026,0:00,290.127
4/28/2026,6:00,282.444
4/28/2026,12:00,283.51
4/28/2026,18:00,290.885
4/29/2026,0:00,291.116
4/29/2026,6:00,283.933
4/29/2026,12:00,286
4/29/2026,18:00,293.681
4/30/2026,0:00,294.265
4/30/2026,6:00,286.678
4/30/2026,12:00,287.865
4/30/2026,18:00,297.688
5/1/2026,0:00,297.667
5/1/2026,6:00,290.282
5/1/2026,12:00,291.754
5/1/2026,18:00,299.569
5/2/2026,0:00,299.284
5/2/2026,6:00,293.326
5/2/2026,12:00,292.816
5/2/2026,18:00,293.444
5/3/2026,0:00,292.852
5/3/2026,6:00,283.81
5/3/2026,12:00,282.388
5/3/2026,18:00,289.782
5/4/2026,0:00,289.87
5/4/2026,6:00,282.862
5/4/2026,12:00,286.949
5/4/2026,18:00,291.768
5/5/2026,0:00,293.548
5/5/2026,6:00,291.986
5/5/2026,12:00,294.103
5/5/2026,18:00,301.633
5/6/2026,0:00,301.861
5/6/2026,6:00,295.167
5/6/2026,12:00,295.385
5/6/2026,18:00,301.062
5/7/2026,0:00,301.248
5/7/2026,6:00,298.299
5/7/2026,12:00,297.924
5/7/2026,18:00,301.213
5/8/2026,0:00,300.548
5/8/2026,6:00,285.602
5/8/2026,12:00,283.754
5/8/2026,18:00,287.222
5/9/2026,0:00,287.196
5/9/2026,6:00,280.964
5/9/2026,12:00,281.517
5/9/2026,18:00,284.818
5/10/2026,0:00,284
5/10/2026,6:00,281.733
5/10/2026,12:00,281.576
5/10/2026,18:00,286.735
5/11/2026,0:00,286.713
5/11/2026,6:00,279.858
5/11/2026,12:00,280.635
5/11/2026,18:00,288.317
5/12/2026,0:00,288.673
5/12/2026,6:00,281.536
5/12/2026,12:00,282.049
5/12/2026,18:00,290.908
5/13/2026,0:00,291.026
5/13/2026,6:00,283.063
5/13/2026,12:00,284.157
5/13/2026,18:00,292.361
5/14/2026,0:00,292.664
5/14/2026,6:00,285.309
5/14/2026,12:00,285.036
5/14/2026,18:00,292.221
5/15/2026,0:00,292.195
5/15/2026,6:00,283.186
5/15/2026,12:00,283.523
5/15/2026,18:00,291.019
5/16/2026,0:00,291
5/16/2026,6:00,283.603
5/16/2026,12:00,284.359
5/16/2026,18:00,292.8
5/17/2026,0:00,293.287
5/17/2026,6:00,287.478
5/17/2026,12:00,286.41
5/17/2026,18:00,289.201
5/18/2026,0:00,288.1
5/18/2026,6:00,284.768
5/18/2026,12:00,281.871
5/18/2026,18:00,288.142
5/19/2026,0:00,288.425
5/19/2026,6:00,280.829
5/19/2026,12:00,281.31
5/19/2026,18:00,288.761
5/20/2026,0:00,288.966
5/20/2026,6:00,281.165
5/20/2026,12:00,281.591
5/20/2026,18:00,289.774
5/21/2026,0:00,289.982
5/21/2026,6:00,282.297
5/21/2026,12:00,280.784
5/21/2026,18:00,287.238
5/22/2026,0:00,287.331
5/22/2026,6:00,280.154
5/22/2026,12:00,280.445
5/22/2026,18:00,288.898
5/23/2026,0:00,288.661
5/23/2026,6:00,281.165
5/23/2026,12:00,282.543
5/23/2026,18:00,291.005
5/24/2026,0:00,290.989
5/24/2026,6:00,284.276
5/24/2026,12:00,284.905
5/24/2026,18:00,292.627
5/25/2026,0:00,292.539
5/25/2026,6:00,285.124
5/25/2026,12:00,286.1
5/25/2026,18:00,290.689
5/26/2026,0:00,290.002
5/26/2026,6:00,288.44
5/26/2026,12:00,288.218
5/26/2026,18:00,293.855
5/27/2026,0:00,293.138
5/27/2026,6:00,286.7
5/27/2026,12:00,285.955
5/27/2026,18:00,293.01
5/28/2026,0:00,292.505
5/28/2026,6:00,284.9
5/28/2026,12:00,285.085
5/28/2026,18:00,294
5/29/2026,0:00,294.3
5/29/2026,6:00,289.207
5/29/2026,12:00,287.661
5/29/2026,18:00,289.421
5/30/2026,0:00,288.264
5/30/2026,6:00,287.544
5/30/2026,12:00,288.324
5/30/2026,18:00,293.986
5/31/2026,0:00,293.991
5/31/2026,6:00,289.029
5/31/2026,12:00,286.744
5/31/2026,18:00,293.267
6/1/2026,0:00,292.502
6/1/2026,6:00,285.14
6/1/2026,12:00,284.185
6/1/2026,18:00,291.841
6/2/2026,0:00,291.508
6/2/2026,6:00,284.315
6/2/2026,12:00,283.817
6/2/2026,18:00,291.254
6/3/2026,0:00,291.291
6/3/2026,6:00,285.3
6/3/2026,12:00,285.945
6/3/2026,18:00,294.924
6/4/2026,0:00,294.756
6/4/2026,6:00,287.197
6/4/2026,12:00,288.125
6/4/2026,18:00,296.649
6/5/2026,0:00,296.632
6/5/2026,6:00,288.741
6/5/2026,12:00,288.85
6/5/2026,18:00,297.407
6/6/2026,0:00,297.697
6/6/2026,6:00,290.394
6/6/2026,12:00,289.941
6/6/2026,18:00,295.622
6/7/2026,0:00,295.8
6/7/2026,6:00,291.57
6/7/2026,12:00,289.224
6/7/2026,18:00,294.298
6/8/2026,0:00,292.28
6/8/2026,6:00,288.515
6/8/2026,12:00,288.931
6/8/2026,18:00,290.721
6/9/2026,0:00,291.366
6/9/2026,6:00,287.97
6/9/2026,12:00,288.042
6/9/2026,18:00,291.141
6/10/2026,0:00,291.142
6/10/2026,6:00,288.607
6/10/2026,12:00,285.507
6/10/2026,18:00,292.604
6/11/2026,0:00,292.833
6/11/2026,6:00,287.983
6/11/2026,12:00,286.497
6/11/2026,18:00,287.189
6/12/2026,0:00,285.477
6/12/2026,6:00,285.161
6/12/2026,12:00,285.21
6/12/2026,18:00,290.348
6/13/2026,0:00,289.975
6/13/2026,6:00,287.617
6/13/2026,12:00,285.015
6/13/2026,18:00,287.956
6/14/2026,0:00,288.152
6/14/2026,6:00,287.531
6/14/2026,12:00,284.618
6/14/2026,18:00,288.544
6/15/2026,0:00,286.557
6/15/2026,6:00,282.053
6/15/2026,12:00,279.231
6/15/2026,18:00,285.431
6/16/2026,0:00,285.564
6/16/2026,6:00,280.275
6/16/2026,12:00,280.37
6/16/2026,18:00,288.308
6/17/2026,0:00,288.086
6/17/2026,6:00,281.629
6/17/2026,12:00,282.035
6/17/2026,18:00,289.916
6/18/2026,0:00,290.055
6/18/2026,6:00,283.572
6/18/2026,12:00,283.6
6/18/2026,18:00,290.798
6/19/2026,0:00,291.51
6/19/2026,6:00,290.205
6/19/2026,12:00,286.488
6/19/2026,18:00,287.736
6/20/2026,0:00,286.283
6/20/2026,6:00,285.048
6/20/2026,12:00,280.564
6/20/2026,18:00,286.293
6/21/2026,0:00,286.115
6/21/2026,6:00,280.326
6/21/2026,12:00,280.512
6/21/2026,18:00,288.008
6/22/2026,0:00,287.866
6/22/2026,6:00,284.605
6/22/2026,12:00,283.2
6/22/2026,18:00,285.935
6/23/2026,0:00,286.402
6/23/2026,6:00,279.4
6/23/2026,12:00,278.831
6/23/2026,18:00,284.858
6/24/2026,0:00,285.113
6/24/2026,6:00,278.688
6/24/2026,12:00,278.617
6/24/2026,18:00,286.088
6/25/2026,0:00,286.355
6/25/2026,6:00,280.318
6/25/2026,12:00,281.651
6/25/2026,18:00,288.8
6/26/2026,0:00,288.908
6/26/2026,6:00,281.505
6/26/2026,12:00,280.825
6/26/2026,18:00,289.755
6/27/2026,0:00,289.905
6/27/2026,6:00,281.9
6/27/2026,12:00,283.585
6/27/2026,18:00,292.708
6/28/2026,0:00,292.247
6/28/2026,6:00,289.534
6/28/2026,12:00,289.765
6/28/2026,18:00,290.502
6/29/2026,0:00,291
6/29/2026,6:00,283.255
6/29/2026,12:00,281.319
6/29/2026,18:00,288.159
6/30/2026,0:00,288.1
6/30/2026,6:00,282.054
6/30/2026,12:00,280.895
6/30/2026,18:00,287.371
7/1/2026,0:00,286.385
7/1/2026,6:00,283.508
7/1/2026,12:00,283.556
7/1/2026,18:00,288.248
7/2/2026,0:00,287.091
7/2/2026,6:00,286.784
7/2/2026,12:00,285.171
7/2/2026,18:00,287.156
7/3/2026,0:00,286.863
7/3/2026,6:00,279.934
7/3/2026,12:00,275.734
7/3/2026,18:00,282.986
7/4/2026,0:00,282.86
7/4/2026,6:00,277.644
7/4/2026,12:00,278.467
7/4/2026,18:00,286.3
7/5/2026,0:00,286.012
7/5/2026,6:00,281.527
7/5/2026,12:00,281.642
7/5/2026,18:00,289.739
7/6/2026,0:00,289.6
7/6/2026,6:00,284.685
7/6/2026,12:00,281.058
7/6/2026,18:00,286.362
7/7/2026,0:00,286.322
7/7/2026,6:00,279.199
7/7/2026,12:00,278.666
7/7/2026,18:00,287.428
7/8/2026,0:00,287.5
7/8/2026,6:00,280.584
7/8/2026,12:00,280.7
7/8/2026,18:00,291.208
7/9/2026,0:00,291.533
7/9/2026,6:00,283.836
7/9/2026,12:00,284.5
7/9/2026,18:00,293.963
7/10/2026,0:00,294.156
7/10/2026,6:00,289.655
7/10/2026,12:00,289.117
7/10/2026,18:00,294.999
7/11/2026,0:00,294.821
7/11/2026,6:00,290.667
7/11/2026,12:00,289.085
7/11/2026,18:00,291.412
7/12/2026,0:00,291.624
7/12/2026,6:00,289.352
7/12/2026,12:00,283.394
7/12/2026,18:00,287.873
7/13/2026,0:00,287.822
7/13/2026,6:00,281.452
7/13/2026,12:00,280.365
7/13/2026,18:00,287.825
7/14/2026,0:00,287.609
7/14/2026,6:00,281.181
7/14/2026,12:00,281.661
7/14/2026,18:00,291.602
7/15/2026,0:00,291.8
7/15/2026,6:00,284.336
7/15/2026,12:00,284.381
7/15/2026,18:00,294.504
7/16/2026,0:00,294.898
7/16/2026,6:00,288.042
7/16/2026,12:00,290.6
7/16/2026,18:00,298.442
7/17/2026,0:00,298.757
7/17/2026,6:00,294.749
7/17/2026,12:00,296.741
7/17/2026,18:00,302.535
7/18/2026,0:00,302.598
7/18/2026,6:00,301.447
7/18/2026,12:00,300.331
7/18/2026,18:00,303.335
7/19/2026,0:00,303.1
7/19/2026,6:00,298.533
7/19/2026,12:00,298.218
7/19/2026,18:00,298.918
7/20/2026,0:00,294.86
7/20/2026,6:00,292.46
7/20/2026,12:00,291.289
7/20/2026,18:00,293.1
7/21/2026,0:00,291.937
7/21/2026,6:00,289.582
7/21/2026,12:00,289.188
7/21/2026,18:00,290.21
7/22/2026,0:00,289.645
7/22/2026,6:00,288.755
7/22/2026,12:00,288.356
7/22/2026,18:00,291.7
7/23/2026,0:00,291.891
7/23/2026,6:00,286.998
7/23/2026,12:00,285.681
7/23/2026,18:00,288.065
7/24/2026,0:00,288.258
7/24/2026,6:00,286.8
7/24/2026,12:00,284.581
7/24/2026,18:00,291.09
7/25/2026,0:00,291.472
7/25/2026,6:00,285.902
7/25/2026,12:00,287.15
7/25/2026,18:00,294.301
7/26/2026,0:00,293.285
7/26/2026,6:00,291.101
7/26/2026,12:00,291.202
7/26/2026,18:00,295.187
7/27/2026,0:00,294.703
7/27/2026,6:00,290.344
7/27/2026,12:00,291.088
7/27/2026,18:00,298.074
7/28/2026,0:00,298.735
7/28/2026,6:00,293.475
7/28/2026,12:00,292.9
7/28/2026,18:00,299.214
7/29/2026,0:00,296.423
7/29/2026,6:00,291.927
7/29/2026,12:00,290.624
7/29/2026,18:00,292.457
7/30/2026,0:00,292.69
7/30/2026,6:00,287.7
7/30/2026,12:00,287.254
7/30/2026,18:00,293.665
7/31/2026,0:00,293.117
7/31/2026,6:00,288.683
7/31/2026,12:00,293.115
7/31/2026,18:00,299.877
8/1/2026,0:00,299.801
8/1/2026,6:00,295.961
8/1/2026,12:00,294.769
8/1/2026,18:00,294.268
8/2/2026,0:00,289.664
