"Date","Time","Minimum temperature@Specified height above ground: 2 m"
6/13/2019,12:00,291.3
6/13/2019,18:00,292.804
6/14/2019,0:00,292.758
6/14/2019,6:00,292.648
6/14/2019,12:00,291.321
6/14/2019,18:00,293.061
6/15/2019,0:00,293.4
6/15/2019,6:00,292.778
6/15/2019,12:00,292.051
6/15/2019,18:00,293.4
6/16/2019,0:00,292.781
6/16/2019,6:00,292.683
6/16/2019,12:00,292.693
6/16/2019,18:00,293.181
6/17/2019,0:00,293.265
6/17/2019,6:00,291.6
6/17/2019,12:00,290.446
6/17/2019,18:00,292.733
6/18/2019,0:00,292.052
6/18/2019,6:00,290.752
6/18/2019,12:00,289.9
6/18/2019,18:00,291.61
6/19/2019,0:00,291.028
6/19/2019,6:00,288.1
6/19/2019,12:00,285.446
6/19/2019,18:00,285.927
6/20/2019,0:00,283.645
6/20/2019,6:00,281.707
6/20/2019,12:00,281
6/20/2019,18:00,283.681
6/21/2019,0:00,284.4
6/21/2019,6:00,283.293
6/21/2019,12:00,283.448
6/21/2019,18:00,287.6
6/22/2019,0:00,290.7
6/22/2019,6:00,289.891
6/22/2019,12:00,289.443
6/22/2019,18:00,291.427
6/23/2019,0:00,291.102
6/23/2019,6:00,289.528
6/23/2019,12:00,288.259
6/23/2019,18:00,290.701
6/24/2019,0:00,290.361
6/24/2019,6:00,288.987
6/24/2019,12:00,288.285
6/24/2019,18:00,290.1
6/25/2019,0:00,291.6
6/25/2019,6:00,290.394
6/25/2019,12:00,289.112
6/25/2019,18:00,291
6/26/2019,0:00,284.112
6/26/2019,6:00,280.1
6/26/2019,12:00,277.3
6/26/2019,18:00,279
6/27/2019,0:00,278.549
6/27/2019,6:00,277.941
6/27/2019,12:00,279.206
6/27/2019,18:00,284.136
6/28/2019,0:00,288.853
6/28/2019,6:00,288.304
6/28/2019,12:00,289.846
6/28/2019,18:00,292.177
6/29/2019,0:00,293.661
6/29/2019,6:00,293.059
6/29/2019,12:00,292.723
6/29/2019,18:00,293.686
6/30/2019,0:00,293.349
6/30/2019,6:00,292.723
6/30/2019,12:00,291.7
6/30/2019,18:00,291.9
7/1/2019,0:00,288.881
7/1/2019,6:00,286.79
7/1/2019,12:00,284.2
7/1/2019,18:00,283.914
7/2/2019,0:00,282.972
7/2/2019,6:00,282.29
7/2/2019,12:00,282.3
7/2/2019,18:00,283.934
7/3/2019,0:00,284.794
7/3/2019,6:00,284.523
7/3/2019,12:00,281.718
7/3/2019,18:00,283.019
7/4/2019,0:00,279.219
7/4/2019,6:00,276.552
7/4/2019,12:00,275.744
7/4/2019,18:00,278.1
7/5/2019,0:00,278.208
7/5/2019,6:00,276.098
7/5/2019,12:00,274.6
7/5/2019,18:00,276.603
7/6/2019,0:00,274.781
7/6/2019,6:00,272.714
7/6/2019,12:00,272.345
7/6/2019,18:00,275.352
7/7/2019,0:00,275.316
7/7/2019,6:00,273.38
7/7/2019,12:00,273.2
7/7/2019,18:00,276.5
7/8/2019,0:00,278.597
7/8/2019,6:00,277.521
7/8/2019,12:00,277.3
7/8/2019,18:00,280.324
7/9/2019,0:00,281.729
7/9/2019,6:00,281.133
7/9/2019,12:00,280.7
7/9/2019,18:00,283.5
7/10/2019,0:00,284.729
7/10/2019,6:00,283.827
7/10/2019,12:00,283.7
7/10/2019,18:00,286
7/11/2019,0:00,287.352
7/11/2019,6:00,287.18
7/11/2019,12:00,286.348
7/11/2019,18:00,288.215
7/12/2019,0:00,288.861
7/12/2019,6:00,287.786
7/12/2019,12:00,287.491
7/12/2019,18:00,289.719
7/13/2019,0:00,290.865
7/13/2019,6:00,288.378
7/13/2019,12:00,288.2
7/13/2019,18:00,290.4
7/14/2019,0:00,290.2
7/14/2019,6:00,289.29
7/14/2019,12:00,288.3
7/14/2019,18:00,288.9
7/15/2019,0:00,287.751
7/15/2019,6:00,286.137
7/15/2019,12:00,284.005
7/15/2019,18:00,285.3
7/16/2019,0:00,282.239
7/16/2019,6:00,279.4
7/16/2019,12:00,278.4
7/16/2019,18:00,281.172
7/17/2019,0:00,280.515
7/17/2019,6:00,279.012
7/17/2019,12:00,278.336
7/17/2019,18:00,281.612
7/18/2019,0:00,282.51
7/18/2019,6:00,282.021
7/18/2019,12:00,280.504
7/18/2019,18:00,283.7
7/19/2019,0:00,285.821
7/19/2019,6:00,285
7/19/2019,12:00,286.1
7/19/2019,18:00,287.632
7/20/2019,0:00,287.22
7/20/2019,6:00,286.3
7/20/2019,12:00,286.422
7/20/2019,18:00,289.041
7/21/2019,0:00,290.709
7/21/2019,6:00,289.803
7/21/2019,12:00,288.556
7/21/2019,18:00,290.2
7/22/2019,0:00,291.084
7/22/2019,6:00,290.623
7/22/2019,12:00,290.402
7/22/2019,18:00,291.1
7/23/2019,0:00,292.6
7/23/2019,6:00,291.245
7/23/2019,12:00,291.295
7/23/2019,18:00,292.109
7/24/2019,0:00,291.397
7/24/2019,6:00,289.427
7/24/2019,12:00,289.885
7/24/2019,18:00,290.559
7/25/2019,0:00,289.099
7/25/2019,6:00,287.673
7/25/2019,12:00,287.66
7/25/2019,18:00,288.06
7/26/2019,0:00,287.643
7/26/2019,6:00,286.313
7/26/2019,12:00,284.184
7/26/2019,18:00,283.981
7/27/2019,0:00,279.363
7/27/2019,6:00,278.314
7/27/2019,12:00,277.622
7/27/2019,18:00,280.796
7/28/2019,0:00,282.032
7/28/2019,6:00,280.369
7/28/2019,12:00,279.28
7/28/2019,18:00,282.371
7/29/2019,0:00,285.6
7/29/2019,6:00,285.851
7/29/2019,12:00,286.9
7/29/2019,18:00,290.9
7/30/2019,0:00,288.1
7/30/2019,6:00,288.017
7/30/2019,12:00,286.756
7/30/2019,18:00,289.282
7/31/2019,0:00,286.413
7/31/2019,6:00,284.828
7/31/2019,12:00,285.172
7/31/2019,18:00,288.5
8/1/2019,0:00,289.4
8/1/2019,6:00,288.808
8/1/2019,12:00,287.8
8/1/2019,18:00,290.669
8/2/2019,0:00,288.766
8/2/2019,6:00,281.848
8/2/2019,12:00,279.3
8/2/2019,18:00,279.287
8/3/2019,0:00,278.6
8/3/2019,6:00,276.4
8/3/2019,12:00,275.313
8/3/2019,18:00,279.2
8/4/2019,0:00,278.2
8/4/2019,6:00,276.2
8/4/2019,12:00,275.72
8/4/2019,18:00,279.9
8/5/2019,0:00,278.9
8/5/2019,6:00,278.101
8/5/2019,12:00,278.7
8/5/2019,18:00,282.232
8/6/2019,0:00,283.555
8/6/2019,6:00,283.454
8/6/2019,12:00,284.599
8/6/2019,18:00,287.956
8/7/2019,0:00,289.505
8/7/2019,6:00,288.662
8/7/2019,12:00,287.505
8/7/2019,18:00,290.6
8/8/2019,0:00,291.539
8/8/2019,6:00,289.325
8/8/2019,12:00,289.936
8/8/2019,18:00,291.6
8/9/2019,0:00,292.264
8/9/2019,6:00,290.722
8/9/2019,12:00,289.416
8/9/2019,18:00,292.208
8/10/2019,0:00,288.162
8/10/2019,6:00,286.045
8/10/2019,12:00,283.3
8/10/2019,18:00,283.4
8/11/2019,0:00,281.979
8/11/2019,6:00,280.521
8/11/2019,12:00,279.575
8/11/2019,18:00,283.837
8/12/2019,0:00,289.389
8/12/2019,6:00,290.158
8/12/2019,12:00,287.6
8/12/2019,18:00,290.4
8/13/2019,0:00,287.9
8/13/2019,6:00,283.246
8/13/2019,12:00,277.788
8/13/2019,18:00,280
8/14/2019,0:00,276.968
8/14/2019,6:00,274.935
8/14/2019,12:00,274.531
8/14/2019,18:00,277.908
8/15/2019,0:00,280.1
8/15/2019,6:00,279.5
8/15/2019,12:00,279.1
8/15/2019,18:00,282.203
8/16/2019,0:00,285.501
8/16/2019,6:00,285.5
8/16/2019,12:00,286.065
8/16/2019,18:00,289.948
8/17/2019,0:00,291
8/17/2019,6:00,289.378
8/17/2019,12:00,287.6
8/17/2019,18:00,290.4
8/18/2019,0:00,292.151
8/18/2019,6:00,290.038
8/18/2019,12:00,290.1
8/18/2019,18:00,290
8/19/2019,0:00,283.679
8/19/2019,6:00,280.288
8/19/2019,12:00,278.819
8/19/2019,18:00,280.733
8/20/2019,0:00,280.483
8/20/2019,6:00,277.981
8/20/2019,12:00,277.927
8/20/2019,18:00,281.5
8/21/2019,0:00,281.797
8/21/2019,6:00,278.7
8/21/2019,12:00,278.148
8/21/2019,18:00,282.722
8/22/2019,0:00,282.734
8/22/2019,6:00,280.811
8/22/2019,12:00,280.4
8/22/2019,18:00,285.9
8/23/2019,0:00,286.614
8/23/2019,6:00,281.942
8/23/2019,12:00,280.1
8/23/2019,18:00,283.6
8/24/2019,0:00,282.787
8/24/2019,6:00,280.771
8/24/2019,12:00,280.314
8/24/2019,18:00,285.84
8/25/2019,0:00,286.826
8/25/2019,6:00,285.045
8/25/2019,12:00,284.1
8/25/2019,18:00,286.7
8/26/2019,0:00,287.786
8/26/2019,6:00,287.54
8/26/2019,12:00,285.1
8/26/2019,18:00,288.379
8/27/2019,0:00,289.7
8/27/2019,6:00,287.535
8/27/2019,12:00,287.158
8/27/2019,18:00,292.007
8/28/2019,0:00,289.5
8/28/2019,6:00,287.9
8/28/2019,12:00,287.3
8/28/2019,18:00,291.9
8/29/2019,0:00,291.7
8/29/2019,6:00,289.608
8/29/2019,12:00,289.6
8/29/2019,18:00,293.1
8/30/2019,0:00,292.844
8/30/2019,6:00,291.4
8/30/2019,12:00,289.842
8/30/2019,18:00,293.9
8/31/2019,0:00,294.734
8/31/2019,6:00,290.906
8/31/2019,12:00,289.4
8/31/2019,18:00,288.5
9/1/2019,0:00,287.428
9/1/2019,6:00,283.517
9/1/2019,12:00,281.517
9/1/2019,18:00,284.6
9/2/2019,0:00,281.4
9/2/2019,6:00,278.6
9/2/2019,12:00,277.706
9/2/2019,18:00,283.321
9/3/2019,0:00,282.021
9/3/2019,6:00,279.719
9/3/2019,12:00,278.969
9/3/2019,18:00,284.878
9/4/2019,0:00,282.5
9/4/2019,6:00,279.716
9/4/2019,12:00,278.476
9/4/2019,18:00,282.9
9/5/2019,0:00,280.356
9/5/2019,6:00,278.369
9/5/2019,12:00,277.899
9/5/2019,18:00,281.115
9/6/2019,0:00,284.353
9/6/2019,6:00,285.546
9/6/2019,12:00,285.257
9/6/2019,18:00,288.8
9/7/2019,0:00,292.2
9/7/2019,6:00,290.761
9/7/2019,12:00,290.455
9/7/2019,18:00,293.774
9/8/2019,0:00,294.9
9/8/2019,6:00,294.453
9/8/2019,12:00,292.832
9/8/2019,18:00,295.932
9/9/2019,0:00,297.456
9/9/2019,6:00,296.72
9/9/2019,12:00,294.771
9/9/2019,18:00,296.508
9/10/2019,0:00,293.201
9/10/2019,6:00,291.8
9/10/2019,12:00,289.846
9/10/2019,18:00,294.231
9/11/2019,0:00,290.9
9/11/2019,6:00,289.042
9/11/2019,12:00,289.6
9/11/2019,18:00,293.7
9/12/2019,0:00,290.624
9/12/2019,6:00,289.012
9/12/2019,12:00,287.8
9/12/2019,18:00,288.2
9/13/2019,0:00,286.23
9/13/2019,6:00,284.311
9/13/2019,12:00,282.852
9/13/2019,18:00,286.53
9/14/2019,0:00,286.803
9/14/2019,6:00,286.453
9/14/2019,12:00,287.475
9/14/2019,18:00,293.139
9/15/2019,0:00,293.339
9/15/2019,6:00,292.802
9/15/2019,12:00,291.413
9/15/2019,18:00,296.634
9/16/2019,0:00,297.563
9/16/2019,6:00,295.6
9/16/2019,12:00,294.333
9/16/2019,18:00,298.067
9/17/2019,0:00,296.908
9/17/2019,6:00,289.9
9/17/2019,12:00,288.102
9/17/2019,18:00,289.4
9/18/2019,0:00,287.957
9/18/2019,6:00,287.091
9/18/2019,12:00,285.348
9/18/2019,18:00,283.4
9/19/2019,0:00,284.953
9/19/2019,6:00,284.198
9/19/2019,12:00,284.3
9/19/2019,18:00,292.2
9/20/2019,0:00,290.295
9/20/2019,6:00,286.41
9/20/2019,12:00,284.616
9/20/2019,18:00,289.016
9/21/2019,0:00,285.609
9/21/2019,6:00,281.176
9/21/2019,12:00,279.51
9/21/2019,18:00,285.227
9/22/2019,0:00,282.54
9/22/2019,6:00,279.78
9/22/2019,12:00,279.5
9/22/2019,18:00,286.6
9/23/2019,0:00,284.6
9/23/2019,6:00,281.502
9/23/2019,12:00,281
9/23/2019,18:00,286.9
9/24/2019,0:00,287.233
9/24/2019,6:00,285.433
9/24/2019,12:00,285.107
9/24/2019,18:00,289.5
9/25/2019,0:00,287.34
9/25/2019,6:00,285.254
9/25/2019,12:00,284.355
9/25/2019,18:00,291.345
9/26/2019,0:00,287.129
9/26/2019,6:00,284.558
9/26/2019,12:00,284.332
9/26/2019,18:00,291.492
9/27/2019,0:00,287.733
9/27/2019,6:00,285.36
9/27/2019,12:00,284.6
9/27/2019,18:00,291.004
9/28/2019,0:00,287.782
9/28/2019,6:00,285.109
9/28/2019,12:00,284.859
9/28/2019,18:00,292.355
9/29/2019,0:00,292.659
9/29/2019,6:00,289.831
9/29/2019,12:00,289.004
9/29/2019,18:00,295.7
9/30/2019,0:00,291.823
9/30/2019,6:00,290.305
9/30/2019,12:00,290.161
9/30/2019,18:00,295.733
10/1/2019,0:00,296.339
10/1/2019,6:00,293.642
10/1/2019,12:00,292.664
10/1/2019,18:00,296.591
10/2/2019,0:00,297.997
10/2/2019,6:00,298.177
10/2/2019,12:00,295.97
10/2/2019,18:00,292.949
10/3/2019,0:00,291.392
10/3/2019,6:00,290.349
10/3/2019,12:00,289.206
10/3/2019,18:00,292.167
10/4/2019,0:00,292.044
10/4/2019,6:00,292.588
10/4/2019,12:00,292.453
10/4/2019,18:00,294
10/5/2019,0:00,293.357
10/5/2019,6:00,291.681
10/5/2019,12:00,290.675
10/5/2019,18:00,289.464
10/6/2019,0:00,288.043
10/6/2019,6:00,287.116
10/6/2019,12:00,287.379
10/6/2019,18:00,288.971
10/7/2019,0:00,287.578
10/7/2019,6:00,285.768
10/7/2019,12:00,285.255
10/7/2019,18:00,292.176
10/8/2019,0:00,289.816
10/8/2019,6:00,287.404
10/8/2019,12:00,286.999
10/8/2019,18:00,293.572
10/9/2019,0:00,289.558
10/9/2019,6:00,287.152
10/9/2019,12:00,286.848
10/9/2019,18:00,294.2
10/10/2019,0:00,291.399
10/10/2019,6:00,289.966
10/10/2019,12:00,289.738
10/10/2019,18:00,296.096
10/11/2019,0:00,294.418
10/11/2019,6:00,292.272
10/11/2019,12:00,290.943
10/11/2019,18:00,297.702
10/12/2019,0:00,297.045
10/12/2019,6:00,294.548
10/12/2019,12:00,294.341
10/12/2019,18:00,300.653
10/13/2019,0:00,298.566
10/13/2019,6:00,296.273
10/13/2019,12:00,295.278
10/13/2019,18:00,301.746
10/14/2019,0:00,293.281
10/14/2019,6:00,292.93
10/14/2019,12:00,291.811
10/14/2019,18:00,292.522
10/15/2019,0:00,288.77
10/15/2019,6:00,286.986
10/15/2019,12:00,288.049
10/15/2019,18:00,291.537
10/16/2019,0:00,292.003
10/16/2019,6:00,291.403
10/16/2019,12:00,289.715
10/16/2019,18:00,291.96
10/17/2019,0:00,292.081
10/17/2019,6:00,291.031
10/17/2019,12:00,290.863
10/17/2019,18:00,295.933
10/18/2019,0:00,293.733
10/18/2019,6:00,291.674
10/18/2019,12:00,290.791
10/18/2019,18:00,293.165
10/19/2019,0:00,290.904
10/19/2019,6:00,288.751
10/19/2019,12:00,289.151
10/19/2019,18:00,291.31
10/20/2019,0:00,288.667
10/20/2019,6:00,284.56
10/20/2019,12:00,283.917
10/20/2019,18:00,289.223
10/21/2019,0:00,289.011
10/21/2019,6:00,287.486
10/21/2019,12:00,287.619
10/21/2019,18:00,290.113
10/22/2019,0:00,287.847
10/22/2019,6:00,284.181
10/22/2019,12:00,283.274
10/22/2019,18:00,287.204
10/23/2019,0:00,287.118
10/23/2019,6:00,285.164
10/23/2019,12:00,284.832
10/23/2019,18:00,291.921
10/24/2019,0:00,290.276
10/24/2019,6:00,287.588
10/24/2019,12:00,287.346
10/24/2019,18:00,294.376
10/25/2019,0:00,289.72
10/25/2019,6:00,286.384
10/25/2019,12:00,286
10/25/2019,18:00,292.906
10/26/2019,0:00,289.96
10/26/2019,6:00,287.265
10/26/2019,12:00,287.226
10/26/2019,18:00,296.081
10/27/2019,0:00,296.488
10/27/2019,6:00,294.469
10/27/2019,12:00,293.423
10/27/2019,18:00,293.068
10/28/2019,0:00,292.129
10/28/2019,6:00,291.897
10/28/2019,12:00,292.311
10/28/2019,18:00,298.268
10/29/2019,0:00,295.789
10/29/2019,6:00,296.34
10/29/2019,12:00,295.062
10/29/2019,18:00,300.989
10/30/2019,0:00,299.916
10/30/2019,6:00,297.264
10/30/2019,12:00,295.79
10/30/2019,18:00,302.043
10/31/2019,0:00,299.698
10/31/2019,6:00,295.348
10/31/2019,12:00,293.799
10/31/2019,18:00,296.542
11/1/2019,0:00,293.602
11/1/2019,6:00,291.539
11/1/2019,12:00,291.655
11/1/2019,18:00,297.878
11/2/2019,0:00,297.518
11/2/2019,6:00,294.788
11/2/2019,12:00,293.871
11/2/2019,18:00,298.824
11/3/2019,0:00,294.724
11/3/2019,6:00,294.455
11/3/2019,12:00,293.54
11/3/2019,18:00,298.054
11/4/2019,0:00,293.011
11/4/2019,6:00,292.823
11/4/2019,12:00,292.661
11/4/2019,18:00,294.261
11/5/2019,0:00,296.822
11/5/2019,6:00,293.068
11/5/2019,12:00,292.765
11/5/2019,18:00,293.627
11/6/2019,0:00,292.723
11/6/2019,6:00,288.186
11/6/2019,12:00,287.467
11/6/2019,18:00,292.846
11/7/2019,0:00,294.377
11/7/2019,6:00,293.093
11/7/2019,12:00,292.902
11/7/2019,18:00,294.953
11/8/2019,0:00,294.291
11/8/2019,6:00,292.278
11/8/2019,12:00,291.673
11/8/2019,18:00,296.608
11/9/2019,0:00,295.119
11/9/2019,6:00,292.829
11/9/2019,12:00,292.832
11/9/2019,18:00,297.508
11/10/2019,0:00,295.628
11/10/2019,6:00,294.218
11/10/2019,12:00,292.77
11/10/2019,18:00,296.269
11/11/2019,0:00,293.742
11/11/2019,6:00,291.154
11/11/2019,12:00,290.699
11/11/2019,18:00,295.033
11/12/2019,0:00,294.387
11/12/2019,6:00,291.378
11/12/2019,12:00,291.361
11/12/2019,18:00,295.861
11/13/2019,0:00,296.138
11/13/2019,6:00,293.482
11/13/2019,12:00,292.79
11/13/2019,18:00,292.089
11/14/2019,0:00,292.614
11/14/2019,6:00,292.618
11/14/2019,12:00,292.189
11/14/2019,18:00,292.713
11/15/2019,0:00,292.662
11/15/2019,6:00,289.771
11/15/2019,12:00,289.16
11/15/2019,18:00,294.295
11/16/2019,0:00,289.959
11/16/2019,6:00,287.006
11/16/2019,12:00,286.269
11/16/2019,18:00,292.001
11/17/2019,0:00,290.96
11/17/2019,6:00,287.439
11/17/2019,12:00,287.364
11/17/2019,18:00,294.938
11/18/2019,0:00,293.696
11/18/2019,6:00,290.526
11/18/2019,12:00,290.5
11/18/2019,18:00,297.144
11/19/2019,0:00,296.024
11/19/2019,6:00,293.583
11/19/2019,12:00,293.101
11/19/2019,18:00,298.565
11/20/2019,0:00,297.525
11/20/2019,6:00,293.386
11/20/2019,12:00,293.07
11/20/2019,18:00,298.648
11/21/2019,0:00,297.697
11/21/2019,6:00,294.565
11/21/2019,12:00,293.855
11/21/2019,18:00,299.297
11/22/2019,0:00,297.086
11/22/2019,6:00,295.804
11/22/2019,12:00,294.075
11/22/2019,18:00,299.787
11/23/2019,0:00,294.215
11/23/2019,6:00,292.292
11/23/2019,12:00,291.213
11/23/2019,18:00,295.102
11/24/2019,0:00,290.134
11/24/2019,6:00,286.282
11/24/2019,12:00,285.495
11/24/2019,18:00,291.807
11/25/2019,0:00,293.616
11/25/2019,6:00,291.287
11/25/2019,12:00,290.739
11/25/2019,18:00,295.784
11/26/2019,0:00,296.889
11/26/2019,6:00,294.495
11/26/2019,12:00,293.541
11/26/2019,18:00,294.799
11/27/2019,0:00,293.069
11/27/2019,6:00,292.971
11/27/2019,12:00,292.113
11/27/2019,18:00,292.781
11/28/2019,0:00,292.222
11/28/2019,6:00,288.558
11/28/2019,12:00,286.924
11/28/2019,18:00,292.386
11/29/2019,0:00,290.814
11/29/2019,6:00,289.033
11/29/2019,12:00,289.037
11/29/2019,18:00,294.509
11/30/2019,0:00,296.295
11/30/2019,6:00,293.876
11/30/2019,12:00,293.787
11/30/2019,18:00,299.741
12/1/2019,0:00,296.997
12/1/2019,6:00,293.515
12/1/2019,12:00,292.387
12/1/2019,18:00,296.485
12/2/2019,0:00,291.757
12/2/2019,6:00,288.081
12/2/2019,12:00,286.731
12/2/2019,18:00,292.073
12/3/2019,0:00,290.224
12/3/2019,6:00,287.058
12/3/2019,12:00,287.312
12/3/2019,18:00,294.783
12/4/2019,0:00,295.424
12/4/2019,6:00,292.869
12/4/2019,12:00,292.742
12/4/2019,18:00,298.292
12/5/2019,0:00,293.69
12/5/2019,6:00,290.775
12/5/2019,12:00,289.827
12/5/2019,18:00,293.591
12/6/2019,0:00,290.722
12/6/2019,6:00,286.53
12/6/2019,12:00,286.143
12/6/2019,18:00,292.235
12/7/2019,0:00,291.245
12/7/2019,6:00,288.611
12/7/2019,12:00,288.397
12/7/2019,18:00,295.948
12/8/2019,0:00,292.897
12/8/2019,6:00,289.971
12/8/2019,12:00,289.102
12/8/2019,18:00,297.355
12/9/2019,0:00,294.855
12/9/2019,6:00,291.278
12/9/2019,12:00,291.128
12/9/2019,18:00,297.334
12/10/2019,0:00,294.267
12/10/2019,6:00,291.415
12/10/2019,12:00,290.953
12/10/2019,18:00,298.358
12/11/2019,0:00,296.327
12/11/2019,6:00,292.849
12/11/2019,12:00,292.93
12/11/2019,18:00,299.604
12/12/2019,0:00,297.998
12/12/2019,6:00,294.288
12/12/2019,12:00,294.003
12/12/2019,18:00,301.128
12/13/2019,0:00,295.153
12/13/2019,6:00,291.688
12/13/2019,12:00,290.061
12/13/2019,18:00,294.907
12/14/2019,0:00,294.405
12/14/2019,6:00,290.946
12/14/2019,12:00,291.031
12/14/2019,18:00,298.174
12/15/2019,0:00,295.226
12/15/2019,6:00,294.551
12/15/2019,12:00,294.145
12/15/2019,18:00,299.22
12/16/2019,0:00,291.376
12/16/2019,6:00,291.087
12/16/2019,12:00,289.975
12/16/2019,18:00,291.736
12/17/2019,0:00,292.824
12/17/2019,6:00,289.254
12/17/2019,12:00,289.044
12/17/2019,18:00,294.332
12/18/2019,0:00,292.664
12/18/2019,6:00,289.266
12/18/2019,12:00,288.505
12/18/2019,18:00,294.824
12/19/2019,0:00,294.815
12/19/2019,6:00,291.404
12/19/2019,12:00,291.059
12/19/2019,18:00,296.54
12/20/2019,0:00,295.9
12/20/2019,6:00,293.695
12/20/2019,12:00,293.416
12/20/2019,18:00,298.957
12/21/2019,0:00,297.121
12/21/2019,6:00,294.168
12/21/2019,12:00,292.394
12/21/2019,18:00,292.981
12/22/2019,0:00,291.888
12/22/2019,6:00,287.373
12/22/2019,12:00,285.827
12/22/2019,18:00,290.915
12/23/2019,0:00,289.45
12/23/2019,6:00,286.074
12/23/2019,12:00,285.552
12/23/2019,18:00,292.238
12/24/2019,0:00,291.23
12/24/2019,6:00,288.139
12/24/2019,12:00,287.308
12/24/2019,18:00,295.285
12/25/2019,0:00,294.14
12/25/2019,6:00,291.45
12/25/2019,12:00,290.39
12/25/2019,18:00,298.45
12/26/2019,0:00,297.829
12/26/2019,6:00,295.108
12/26/2019,12:00,294.997
12/26/2019,18:00,301.164
12/27/2019,0:00,299.396
12/27/2019,6:00,293.677
12/27/2019,12:00,294.296
12/27/2019,18:00,299.892
12/28/2019,0:00,294.171
12/28/2019,6:00,295.545
12/28/2019,12:00,294.77
12/28/2019,18:00,299.956
12/29/2019,0:00,299.734
12/29/2019,6:00,296.768
12/29/2019,12:00,295.442
12/29/2019,18:00,301.708
12/30/2019,0:00,295.889
12/30/2019,6:00,295.304
12/30/2019,12:00,294.941
12/30/2019,18:00,301.582
12/31/2019,0:00,300.709
12/31/2019,6:00,294.611
12/31/2019,12:00,295.213
12/31/2019,18:00,300.905
1/1/2020,0:00,294.738
1/1/2020,6:00,294.696
1/1/2020,12:00,293.894
1/1/2020,18:00,298.844
1/2/2020,0:00,296.084
1/2/2020,6:00,292.988
1/2/2020,12:00,292.435
1/2/2020,18:00,294.719
1/3/2020,0:00,293.864
1/3/2020,6:00,290.366
1/3/2020,12:00,289.88
1/3/2020,18:00,294.023
1/4/2020,0:00,294.038
1/4/2020,6:00,290.491
1/4/2020,12:00,290.543
1/4/2020,18:00,294.133
1/5/2020,0:00,294.175
1/5/2020,6:00,291.032
1/5/2020,12:00,290.232
1/5/2020,18:00,296.782
1/6/2020,0:00,295.217
1/6/2020,6:00,293.283
1/6/2020,12:00,293.024
1/6/2020,18:00,299.009
1/7/2020,0:00,295.57
1/7/2020,6:00,292.968
1/7/2020,12:00,292.607
1/7/2020,18:00,297.778
1/8/2020,0:00,295.799
1/8/2020,6:00,291.582
1/8/2020,12:00,291.249
1/8/2020,18:00,299.148
1/9/2020,0:00,297.818
1/9/2020,6:00,295.149
1/9/2020,12:00,294.631
1/9/2020,18:00,300.789
1/10/2020,0:00,297.713
1/10/2020,6:00,295.626
1/10/2020,12:00,294.93
1/10/2020,18:00,298.545
1/11/2020,0:00,296.173
1/11/2020,6:00,295.463
1/11/2020,12:00,294.615
1/11/2020,18:00,299.816
1/12/2020,0:00,297.456
1/12/2020,6:00,293.414
1/12/2020,12:00,292.69
1/12/2020,18:00,299.02
1/13/2020,0:00,296.938
1/13/2020,6:00,295.29
1/13/2020,12:00,294.398
1/13/2020,18:00,298.897
1/14/2020,0:00,297.752
1/14/2020,6:00,292.774
1/14/2020,12:00,292.56
1/14/2020,18:00,295.174
1/15/2020,0:00,295.601
1/15/2020,6:00,294.294
1/15/2020,12:00,294.253
1/15/2020,18:00,297.609
1/16/2020,0:00,298.325
1/16/2020,6:00,293.948
1/16/2020,12:00,293.055
1/16/2020,18:00,293.951
1/17/2020,0:00,293.227
1/17/2020,6:00,287.271
1/17/2020,12:00,286.466
1/17/2020,18:00,290.389
1/18/2020,0:00,292.305
1/18/2020,6:00,290.304
1/18/2020,12:00,290.656
1/18/2020,18:00,295.836
1/19/2020,0:00,295.662
1/19/2020,6:00,292.953
1/19/2020,12:00,292.048
1/19/2020,18:00,297.24
1/20/2020,0:00,296.953
1/20/2020,6:00,293.892
1/20/2020,12:00,292.841
1/20/2020,18:00,296.657
1/21/2020,0:00,297.299
1/21/2020,6:00,295.686
1/21/2020,12:00,294.08
1/21/2020,18:00,294.395
1/22/2020,0:00,293.308
1/22/2020,6:00,292.374
1/22/2020,12:00,292.049
1/22/2020,18:00,290.562
1/23/2020,0:00,288.325
1/23/2020,6:00,288.431
1/23/2020,12:00,289.035
1/23/2020,18:00,291.181
1/24/2020,0:00,292.495
1/24/2020,6:00,288.458
1/24/2020,12:00,286.769
1/24/2020,18:00,292.999
1/25/2020,0:00,292.015
1/25/2020,6:00,288.497
1/25/2020,12:00,287.654
1/25/2020,18:00,294.893
1/26/2020,0:00,292.567
1/26/2020,6:00,289.647
1/26/2020,12:00,288.588
1/26/2020,18:00,296.244
1/27/2020,0:00,294.758
1/27/2020,6:00,292.928
1/27/2020,12:00,292.484
1/27/2020,18:00,297.626
1/28/2020,0:00,295.348
1/28/2020,6:00,291.608
1/28/2020,12:00,290.838
1/28/2020,18:00,296.234
1/29/2020,0:00,295.708
1/29/2020,6:00,293.049
1/29/2020,12:00,293.803
1/29/2020,18:00,294.86
1/30/2020,0:00,294.423
1/30/2020,6:00,293.766
1/30/2020,12:00,292.506
1/30/2020,18:00,293.084
1/31/2020,0:00,293.752
1/31/2020,6:00,292.093
1/31/2020,12:00,290.822
1/31/2020,18:00,294.519
2/1/2020,0:00,292.429
2/1/2020,6:00,290.502
2/1/2020,12:00,289.875
2/1/2020,18:00,296.472
2/2/2020,0:00,294.077
2/2/2020,6:00,290.996
2/2/2020,12:00,291.332
2/2/2020,18:00,297.373
2/3/2020,0:00,295.788
2/3/2020,6:00,291.939
2/3/2020,12:00,291.477
2/3/2020,18:00,296.964
2/4/2020,0:00,295.977
2/4/2020,6:00,292.952
2/4/2020,12:00,290.773
2/4/2020,18:00,295.059
2/5/2020,0:00,296.135
2/5/2020,6:00,294.471
2/5/2020,12:00,292.398
2/5/2020,18:00,297.182
2/6/2020,0:00,295.583
2/6/2020,6:00,293.73
2/6/2020,12:00,291.717
2/6/2020,18:00,296.983
2/7/2020,0:00,296.808
2/7/2020,6:00,293.552
2/7/2020,12:00,292.717
2/7/2020,18:00,297.683
2/8/2020,0:00,295.918
2/8/2020,6:00,295.156
2/8/2020,12:00,293.433
2/8/2020,18:00,297.985
2/9/2020,0:00,294.306
2/9/2020,6:00,293.349
2/9/2020,12:00,292.678
2/9/2020,18:00,295.414
2/10/2020,0:00,293.899
2/10/2020,6:00,289.288
2/10/2020,12:00,288.182
2/10/2020,18:00,293.002
2/11/2020,0:00,292.245
2/11/2020,6:00,288.743
2/11/2020,12:00,287.741
2/11/2020,18:00,293.779
2/12/2020,0:00,292.885
2/12/2020,6:00,288.973
2/12/2020,12:00,289.33
2/12/2020,18:00,293.883
2/13/2020,0:00,292.681
2/13/2020,6:00,290.037
2/13/2020,12:00,290.46
2/13/2020,18:00,295.316
2/14/2020,0:00,295.181
2/14/2020,6:00,293.382
2/14/2020,12:00,291.903
2/14/2020,18:00,296.411
2/15/2020,0:00,296.182
2/15/2020,6:00,293.171
2/15/2020,12:00,293.36
2/15/2020,18:00,294.168
2/16/2020,0:00,295.514
2/16/2020,6:00,294.183
2/16/2020,12:00,293.729
2/16/2020,18:00,297.47
2/17/2020,0:00,291.977
2/17/2020,6:00,294.775
2/17/2020,12:00,294.352
2/17/2020,18:00,298.9
2/18/2020,0:00,296.904
2/18/2020,6:00,295.891
2/18/2020,12:00,295.408
2/18/2020,18:00,293.685
2/19/2020,0:00,293.864
2/19/2020,6:00,292.499
2/19/2020,12:00,291.41
2/19/2020,18:00,295.295
2/20/2020,0:00,293.717
2/20/2020,6:00,290.151
2/20/2020,12:00,289.205
2/20/2020,18:00,294.791
2/21/2020,0:00,293.76
2/21/2020,6:00,287.615
2/21/2020,12:00,285.947
2/21/2020,18:00,289.829
2/22/2020,0:00,286.686
2/22/2020,6:00,283.379
2/22/2020,12:00,281.055
2/22/2020,18:00,286.931
2/23/2020,0:00,286.616
2/23/2020,6:00,285.334
2/23/2020,12:00,283.604
2/23/2020,18:00,290.314
2/24/2020,0:00,292.87
2/24/2020,6:00,290.221
2/24/2020,12:00,289.413
2/24/2020,18:00,293.532
2/25/2020,0:00,295.239
2/25/2020,6:00,292.709
2/25/2020,12:00,292.448
2/25/2020,18:00,295.2
2/26/2020,0:00,292.922
2/26/2020,6:00,291.387
2/26/2020,12:00,288.394
2/26/2020,18:00,292.248
2/27/2020,0:00,289.847
2/27/2020,6:00,286.467
2/27/2020,12:00,285.913
2/27/2020,18:00,292.483
2/28/2020,0:00,290.409
2/28/2020,6:00,287.83
2/28/2020,12:00,286.637
2/28/2020,18:00,293.474
2/29/2020,0:00,291.537
2/29/2020,6:00,288.626
2/29/2020,12:00,287.415
2/29/2020,18:00,294.152
3/1/2020,0:00,292.831
3/1/2020,6:00,289.068
3/1/2020,12:00,287.23
3/1/2020,18:00,293.956
3/2/2020,0:00,291.915
3/2/2020,6:00,290.514
3/2/2020,12:00,289.046
3/2/2020,18:00,293.561
3/3/2020,0:00,293.693
3/3/2020,6:00,291.226
3/3/2020,12:00,288.344
3/3/2020,18:00,294.442
3/4/2020,0:00,293.915
3/4/2020,6:00,289.931
3/4/2020,12:00,287.995
3/4/2020,18:00,295.581
3/5/2020,0:00,293.832
3/5/2020,6:00,288.365
3/5/2020,12:00,286.691
3/5/2020,18:00,293.5
3/6/2020,0:00,292.751
3/6/2020,6:00,288.185
3/6/2020,12:00,288.211
3/6/2020,18:00,294.953
3/7/2020,0:00,294.476
3/7/2020,6:00,290.974
3/7/2020,12:00,290.353
3/7/2020,18:00,295.6
3/8/2020,0:00,291.113
3/8/2020,6:00,290.688
3/8/2020,12:00,290.376
3/8/2020,18:00,296.625
3/9/2020,0:00,295.951
3/9/2020,6:00,292.783
3/9/2020,12:00,290.964
3/9/2020,18:00,298.378
3/10/2020,0:00,296.393
3/10/2020,6:00,294.388
3/10/2020,12:00,291.466
3/10/2020,18:00,298.727
3/11/2020,0:00,297.503
3/11/2020,6:00,293.724
3/11/2020,12:00,292.286
3/11/2020,18:00,298.781
3/12/2020,0:00,297.2
3/12/2020,6:00,294.47
3/12/2020,12:00,293.525
3/12/2020,18:00,298.009
3/13/2020,0:00,298.422
3/13/2020,6:00,295.856
3/13/2020,12:00,294.814
3/13/2020,18:00,301.524
3/14/2020,0:00,299.623
3/14/2020,6:00,295.552
3/14/2020,12:00,294.282
3/14/2020,18:00,300.948
3/15/2020,0:00,300.864
3/15/2020,6:00,296.092
3/15/2020,12:00,293.72
3/15/2020,18:00,300.984
3/16/2020,0:00,295.82
3/16/2020,6:00,292.831
3/16/2020,12:00,291.932
3/16/2020,18:00,297.313
3/17/2020,0:00,293.958
3/17/2020,6:00,291.991
3/17/2020,12:00,291.399
3/17/2020,18:00,299.294
3/18/2020,0:00,300.873
3/18/2020,6:00,296.166
3/18/2020,12:00,295.662
3/18/2020,18:00,299.2
3/19/2020,0:00,293.785
3/19/2020,6:00,293.366
3/19/2020,12:00,293.798
3/19/2020,18:00,295.2
3/20/2020,0:00,292.7
3/20/2020,6:00,286.495
3/20/2020,12:00,284.9
3/20/2020,18:00,291.5
3/21/2020,0:00,290.7
3/21/2020,6:00,286.851
3/21/2020,12:00,285.7
3/21/2020,18:00,293.8
3/22/2020,0:00,292.748
3/22/2020,6:00,288.861
3/22/2020,12:00,287.519
3/22/2020,18:00,295.512
3/23/2020,0:00,294
3/23/2020,6:00,290.034
3/23/2020,12:00,290.4
3/23/2020,18:00,296.594
3/24/2020,0:00,295.319
3/24/2020,6:00,293.187
3/24/2020,12:00,290.471
3/24/2020,18:00,295.495
3/25/2020,0:00,293.643
3/25/2020,6:00,290.825
3/25/2020,12:00,289.882
3/25/2020,18:00,295.751
3/26/2020,0:00,294.611
3/26/2020,6:00,290.683
3/26/2020,12:00,289.825
3/26/2020,18:00,296.534
3/27/2020,0:00,295.3
3/27/2020,6:00,291.981
3/27/2020,12:00,289.926
3/27/2020,18:00,296.154
3/28/2020,0:00,295.197
3/28/2020,6:00,294.356
3/28/2020,12:00,292.432
3/28/2020,18:00,297.326
3/29/2020,0:00,293.007
3/29/2020,6:00,291.937
3/29/2020,12:00,290.937
3/29/2020,18:00,295.316
3/30/2020,0:00,295.042
3/30/2020,6:00,292.86
3/30/2020,12:00,292.044
3/30/2020,18:00,297.689
3/31/2020,0:00,296.158
3/31/2020,6:00,293.62
3/31/2020,12:00,292.724
3/31/2020,18:00,298.8
4/1/2020,0:00,296.511
4/1/2020,6:00,292.688
4/1/2020,12:00,292.889
4/1/2020,18:00,297.866
4/2/2020,0:00,297.211
4/2/2020,6:00,295.536
4/2/2020,12:00,292.325
4/2/2020,18:00,292.926
4/3/2020,0:00,288.241
4/3/2020,6:00,283.706
4/3/2020,12:00,281.937
4/3/2020,18:00,286.004
4/4/2020,0:00,286.539
4/4/2020,6:00,284.692
4/4/2020,12:00,284.106
4/4/2020,18:00,289.803
4/5/2020,0:00,288.868
4/5/2020,6:00,286.528
4/5/2020,12:00,286.147
4/5/2020,18:00,292.2
4/6/2020,0:00,293.748
4/6/2020,6:00,292.92
4/6/2020,12:00,289.177
4/6/2020,18:00,289.205
4/7/2020,0:00,290.216
4/7/2020,6:00,286.15
4/7/2020,12:00,283.155
4/7/2020,18:00,286.542
4/8/2020,0:00,284.367
4/8/2020,6:00,281.113
4/8/2020,12:00,280.269
4/8/2020,18:00,285.4
4/9/2020,0:00,284.2
4/9/2020,6:00,281.673
4/9/2020,12:00,280.856
4/9/2020,18:00,286.351
4/10/2020,0:00,285.766
4/10/2020,6:00,282.805
4/10/2020,12:00,282.673
4/10/2020,18:00,287.682
4/11/2020,0:00,286.3
4/11/2020,6:00,283.953
4/11/2020,12:00,283.3
4/11/2020,18:00,288.528
4/12/2020,0:00,287.902
4/12/2020,6:00,285.295
4/12/2020,12:00,284.3
4/12/2020,18:00,290.542
4/13/2020,0:00,290.562
4/13/2020,6:00,288.34
4/13/2020,12:00,287.315
4/13/2020,18:00,292.558
4/14/2020,0:00,290.239
4/14/2020,6:00,286.839
4/14/2020,12:00,285.245
4/14/2020,18:00,285.902
4/15/2020,0:00,283.185
4/15/2020,6:00,281.172
4/15/2020,12:00,279.995
4/15/2020,18:00,284.793
4/16/2020,0:00,284.195
4/16/2020,6:00,281.531
4/16/2020,12:00,280.68
4/16/2020,18:00,286.167
4/17/2020,0:00,285.115
4/17/2020,6:00,283.296
4/17/2020,12:00,283.212
4/17/2020,18:00,288.287
4/18/2020,0:00,287.931
4/18/2020,6:00,285.882
4/18/2020,12:00,284.668
4/18/2020,18:00,289.234
4/19/2020,0:00,289.986
4/19/2020,6:00,287.747
4/19/2020,12:00,286.803
4/19/2020,18:00,291.24
4/20/2020,0:00,290.142
4/20/2020,6:00,287.563
4/20/2020,12:00,286.619
4/20/2020,18:00,291.83
4/21/2020,0:00,291.652
4/21/2020,6:00,288.83
4/21/2020,12:00,287.88
4/21/2020,18:00,293.172
4/22/2020,0:00,291.829
4/22/2020,6:00,289.164
4/22/2020,12:00,287.681
4/22/2020,18:00,293.256
4/23/2020,0:00,291.62
4/23/2020,6:00,289.188
4/23/2020,12:00,288.232
4/23/2020,18:00,293.431
4/24/2020,0:00,292.675
4/24/2020,6:00,290.797
4/24/2020,12:00,289.412
4/24/2020,18:00,292.735
4/25/2020,0:00,292.176
4/25/2020,6:00,289.17
4/25/2020,12:00,288.599
4/25/2020,18:00,294.066
4/26/2020,0:00,296.261
4/26/2020,6:00,294.066
4/26/2020,12:00,293.69
4/26/2020,18:00,297.117
4/27/2020,0:00,294.321
4/27/2020,6:00,291.975
4/27/2020,12:00,291.919
4/27/2020,18:00,295.407
4/28/2020,0:00,294.753
4/28/2020,6:00,293.131
4/28/2020,12:00,291.684
4/28/2020,18:00,294.261
4/29/2020,0:00,294.531
4/29/2020,6:00,291.794
4/29/2020,12:00,291.571
4/29/2020,18:00,294.285
4/30/2020,0:00,292.554
4/30/2020,6:00,288.72
4/30/2020,12:00,288.023
4/30/2020,18:00,292.249
5/1/2020,0:00,291.966
5/1/2020,6:00,288.745
5/1/2020,12:00,286.569
5/1/2020,18:00,288.729
5/2/2020,0:00,289.166
5/2/2020,6:00,285.282
5/2/2020,12:00,283.81
5/2/2020,18:00,288.003
5/3/2020,0:00,285.95
5/3/2020,6:00,283.608
5/3/2020,12:00,282.447
5/3/2020,18:00,287.22
5/4/2020,0:00,288.304
5/4/2020,6:00,286.087
5/4/2020,12:00,285.793
5/4/2020,18:00,290.172
5/5/2020,0:00,292.052
5/5/2020,6:00,289.598
5/5/2020,12:00,289.273
5/5/2020,18:00,292.094
5/6/2020,0:00,290.138
5/6/2020,6:00,284.612
5/6/2020,12:00,281.454
5/6/2020,18:00,283
5/7/2020,0:00,282.413
5/7/2020,6:00,279.493
5/7/2020,12:00,278.4
5/7/2020,18:00,282.4
5/8/2020,0:00,282.615
5/8/2020,6:00,280.847
5/8/2020,12:00,280.515
5/8/2020,18:00,284.928
5/9/2020,0:00,285.383
5/9/2020,6:00,283.605
5/9/2020,12:00,282.715
5/9/2020,18:00,287.284
5/10/2020,0:00,287.7
5/10/2020,6:00,285.945
5/10/2020,12:00,285.9
5/10/2020,18:00,290.8
5/11/2020,0:00,292.4
5/11/2020,6:00,290.81
5/11/2020,12:00,290.3
5/11/2020,18:00,292.9
5/12/2020,0:00,292.319
5/12/2020,6:00,291.275
5/12/2020,12:00,291.41
5/12/2020,18:00,291.866
5/13/2020,0:00,290.667
5/13/2020,6:00,290.391
5/13/2020,12:00,290.547
5/13/2020,18:00,291.261
5/14/2020,0:00,289.171
5/14/2020,6:00,285.151
5/14/2020,12:00,282.958
5/14/2020,18:00,285.418
5/15/2020,0:00,283.022
5/15/2020,6:00,280.82
5/15/2020,12:00,279.834
5/15/2020,18:00,283.6
5/16/2020,0:00,283.3
5/16/2020,6:00,282.018
5/16/2020,12:00,281.6
5/16/2020,18:00,285.232
5/17/2020,0:00,286.324
5/17/2020,6:00,284.875
5/17/2020,12:00,284.4
5/17/2020,18:00,288
5/18/2020,0:00,288.606
5/18/2020,6:00,286.604
5/18/2020,12:00,285.9
5/18/2020,18:00,289.6
5/19/2020,0:00,290.3
5/19/2020,6:00,288.844
5/19/2020,12:00,287.9
5/19/2020,18:00,290.528
5/20/2020,0:00,290.7
5/20/2020,6:00,289.045
5/20/2020,12:00,289.34
5/20/2020,18:00,292
5/21/2020,0:00,292.561
5/21/2020,6:00,291.702
5/21/2020,12:00,290.967
5/21/2020,18:00,293.3
5/22/2020,0:00,292.252
5/22/2020,6:00,291.253
5/22/2020,12:00,292.264
5/22/2020,18:00,292.394
5/23/2020,0:00,286.879
5/23/2020,6:00,283.197
5/23/2020,12:00,281.915
5/23/2020,18:00,282.738
5/24/2020,0:00,283.575
5/24/2020,6:00,283.439
5/24/2020,12:00,283.1
5/24/2020,18:00,282.972
5/25/2020,0:00,283.416
5/25/2020,6:00,281.867
5/25/2020,12:00,279.7
5/25/2020,18:00,282.799
5/26/2020,0:00,283.023
5/26/2020,6:00,280.831
5/26/2020,12:00,279.949
5/26/2020,18:00,282.777
5/27/2020,0:00,282.905
5/27/2020,6:00,281.251
5/27/2020,12:00,280.958
5/27/2020,18:00,284.258
5/28/2020,0:00,285.804
5/28/2020,6:00,285.156
5/28/2020,12:00,284.607
5/28/2020,18:00,287.6
5/29/2020,0:00,287.8
5/29/2020,6:00,285.838
5/29/2020,12:00,284.501
5/29/2020,18:00,287.601
5/30/2020,0:00,287.3
5/30/2020,6:00,285.706
5/30/2020,12:00,284.6
5/30/2020,18:00,287.984
5/31/2020,0:00,288.624
5/31/2020,6:00,287.611
5/31/2020,12:00,287.045
5/31/2020,18:00,287.788
6/1/2020,0:00,283.253
6/1/2020,6:00,281.833
6/1/2020,12:00,279.942
6/1/2020,18:00,281.737
6/2/2020,0:00,282.837
6/2/2020,6:00,279.749
6/2/2020,12:00,278.229
6/2/2020,18:00,280.809
6/3/2020,0:00,280.977
6/3/2020,6:00,279.308
6/3/2020,12:00,279.166
6/3/2020,18:00,282.805
6/4/2020,0:00,284.5
6/4/2020,6:00,283.372
6/4/2020,12:00,284.188
6/4/2020,18:00,288.22
6/5/2020,0:00,288.571
6/5/2020,6:00,288.89
6/5/2020,12:00,289.5
6/5/2020,18:00,289.918
6/6/2020,0:00,286.305
6/6/2020,6:00,283.605
6/6/2020,12:00,282.536
6/6/2020,18:00,282.794
6/7/2020,0:00,283.851
6/7/2020,6:00,284.55
6/7/2020,12:00,283.4
6/7/2020,18:00,285.7
6/8/2020,0:00,285.062
6/8/2020,6:00,283.962
6/8/2020,12:00,283.861
6/8/2020,18:00,286.834
6/9/2020,0:00,288.653
6/9/2020,6:00,289.164
6/9/2020,12:00,289.9
6/9/2020,18:00,291.481
6/10/2020,0:00,291.081
6/10/2020,6:00,290.919
6/10/2020,12:00,290.8
6/10/2020,18:00,291.8
6/11/2020,0:00,291.805
6/11/2020,6:00,290.824
6/11/2020,12:00,290.812
6/11/2020,18:00,292.4
6/12/2020,0:00,294.003
6/12/2020,6:00,293.676
6/12/2020,12:00,292.5
6/12/2020,18:00,294.175
6/13/2020,0:00,292.5
6/13/2020,6:00,292.084
6/13/2020,12:00,290.301
6/13/2020,18:00,287.166
6/14/2020,0:00,281.346
6/14/2020,6:00,278.87
6/14/2020,12:00,277.6
6/14/2020,18:00,279.5
6/15/2020,0:00,281.9
6/15/2020,6:00,281.7
6/15/2020,12:00,284.8
6/15/2020,18:00,288.6
6/16/2020,0:00,290.6
6/16/2020,6:00,290.1
6/16/2020,12:00,289.447
6/16/2020,18:00,290.7
6/17/2020,0:00,291.371
6/17/2020,6:00,290.28
6/17/2020,12:00,289.6
6/17/2020,18:00,290.9
6/18/2020,0:00,292
6/18/2020,6:00,291.068
6/18/2020,12:00,290.9
6/18/2020,18:00,292.15
6/19/2020,0:00,291.506
6/19/2020,6:00,290.495
6/19/2020,12:00,290.261
6/19/2020,18:00,292.378
6/20/2020,0:00,292.252
6/20/2020,6:00,291.269
6/20/2020,12:00,291.715
6/20/2020,18:00,292.382
6/21/2020,0:00,293.247
6/21/2020,6:00,291.239
6/21/2020,12:00,289.675
6/21/2020,18:00,291.869
6/22/2020,0:00,291.868
6/22/2020,6:00,290.6
6/22/2020,12:00,289.9
6/22/2020,18:00,292
6/23/2020,0:00,292.246
6/23/2020,6:00,291.517
6/23/2020,12:00,290.579
6/23/2020,18:00,291.242
6/24/2020,0:00,292.211
6/24/2020,6:00,290.027
6/24/2020,12:00,289.583
6/24/2020,18:00,290.824
6/25/2020,0:00,292.585
6/25/2020,6:00,291.786
6/25/2020,12:00,290.732
6/25/2020,18:00,286.4
6/26/2020,0:00,282.64
6/26/2020,6:00,279.27
6/26/2020,12:00,278.6
6/26/2020,18:00,280.1
6/27/2020,0:00,279.938
6/27/2020,6:00,277.925
6/27/2020,12:00,277.5
6/27/2020,18:00,279.696
6/28/2020,0:00,281.344
6/28/2020,6:00,279.526
6/28/2020,12:00,279.21
6/28/2020,18:00,282.799
6/29/2020,0:00,284.771
6/29/2020,6:00,283.944
6/29/2020,12:00,284.1
6/29/2020,18:00,285
6/30/2020,0:00,285.171
6/30/2020,6:00,286.789
6/30/2020,12:00,288.376
6/30/2020,18:00,285.8
7/1/2020,0:00,283.501
7/1/2020,6:00,280.821
7/1/2020,12:00,279.997
7/1/2020,18:00,281.3
7/2/2020,0:00,279.848
7/2/2020,6:00,278.711
7/2/2020,12:00,278.2
7/2/2020,18:00,279.6
7/3/2020,0:00,279.548
7/3/2020,6:00,276.129
7/3/2020,12:00,275.137
7/3/2020,18:00,278.105
7/4/2020,0:00,278.9
7/4/2020,6:00,278.2
7/4/2020,12:00,277.9
7/4/2020,18:00,281.708
7/5/2020,0:00,285.992
7/5/2020,6:00,286.503
7/5/2020,12:00,287.7
7/5/2020,18:00,288.2
7/6/2020,0:00,289.601
7/6/2020,6:00,288.498
7/6/2020,12:00,286.4
7/6/2020,18:00,287.428
7/7/2020,0:00,285.332
7/7/2020,6:00,283.834
7/7/2020,12:00,283.901
7/7/2020,18:00,284.7
7/8/2020,0:00,286.575
7/8/2020,6:00,285.6
7/8/2020,12:00,283.668
7/8/2020,18:00,283.311
7/9/2020,0:00,280.7
7/9/2020,6:00,280.401
7/9/2020,12:00,278.8
7/9/2020,18:00,281.036
7/10/2020,0:00,280.1
7/10/2020,6:00,279.606
7/10/2020,12:00,279.759
7/10/2020,18:00,282.767
7/11/2020,0:00,286.8
7/11/2020,6:00,286.842
7/11/2020,12:00,286.58
7/11/2020,18:00,287.608
7/12/2020,0:00,288.7
7/12/2020,6:00,289.464
7/12/2020,12:00,289.6
7/12/2020,18:00,290.021
7/13/2020,0:00,288.302
7/13/2020,6:00,288.229
7/13/2020,12:00,286.5
7/13/2020,18:00,286
7/14/2020,0:00,281.4
7/14/2020,6:00,278.568
7/14/2020,12:00,276.962
7/14/2020,18:00,279.305
7/15/2020,0:00,277.673
7/15/2020,6:00,276.348
7/15/2020,12:00,276.323
7/15/2020,18:00,280.138
7/16/2020,0:00,284.383
7/16/2020,6:00,283.545
7/16/2020,12:00,284.5
7/16/2020,18:00,285.4
7/17/2020,0:00,285.48
7/17/2020,6:00,286.852
7/17/2020,12:00,288.1
7/17/2020,18:00,290.2
7/18/2020,0:00,291.578
7/18/2020,6:00,290.063
7/18/2020,12:00,289.545
7/18/2020,18:00,291.7
7/19/2020,0:00,292
7/19/2020,6:00,290.351
7/19/2020,12:00,290.048
7/19/2020,18:00,291.677
7/20/2020,0:00,292.008
7/20/2020,6:00,290.231
7/20/2020,12:00,289.367
7/20/2020,18:00,291.23
7/21/2020,0:00,290.907
7/21/2020,6:00,289.273
7/21/2020,12:00,288.495
7/21/2020,18:00,290.36
7/22/2020,0:00,290.953
7/22/2020,6:00,290.36
7/22/2020,12:00,289.2
7/22/2020,18:00,291
7/23/2020,0:00,291.126
7/23/2020,6:00,290.528
7/23/2020,12:00,289.533
7/23/2020,18:00,291.748
7/24/2020,0:00,291.312
7/24/2020,6:00,290.543
7/24/2020,12:00,288.125
7/24/2020,18:00,289.9
7/25/2020,0:00,287
7/25/2020,6:00,281.357
7/25/2020,12:00,279.773
7/25/2020,18:00,280.213
7/26/2020,0:00,279.239
7/26/2020,6:00,277.975
7/26/2020,12:00,276.9
7/26/2020,18:00,279.955
7/27/2020,0:00,284.428
7/27/2020,6:00,285.8
7/27/2020,12:00,286.8
7/27/2020,18:00,289.291
7/28/2020,0:00,289.601
7/28/2020,6:00,287.333
7/28/2020,12:00,284.5
7/28/2020,18:00,283.6
7/29/2020,0:00,278.879
7/29/2020,6:00,275.526
7/29/2020,12:00,274.035
7/29/2020,18:00,276.839
7/30/2020,0:00,277.3
7/30/2020,6:00,276.039
7/30/2020,12:00,275.9
7/30/2020,18:00,281.508
7/31/2020,0:00,283.403
7/31/2020,6:00,283.344
7/31/2020,12:00,283.403
7/31/2020,18:00,285.254
8/1/2020,0:00,287
8/1/2020,6:00,285.965
8/1/2020,12:00,285.8
8/1/2020,18:00,289.199
8/2/2020,0:00,289.6
8/2/2020,6:00,288.201
8/2/2020,12:00,287.2
8/2/2020,18:00,289.8
8/3/2020,0:00,289.413
8/3/2020,6:00,287.522
8/3/2020,12:00,286.422
8/3/2020,18:00,289.4
8/4/2020,0:00,288.5
8/4/2020,6:00,287
8/4/2020,12:00,286.048
8/4/2020,18:00,288.655
8/5/2020,0:00,288.6
8/5/2020,6:00,286.94
8/5/2020,12:00,286.322
8/5/2020,18:00,288.435
8/6/2020,0:00,289.457
8/6/2020,6:00,286.734
8/6/2020,12:00,285.879
8/6/2020,18:00,288.755
8/7/2020,0:00,288.9
8/7/2020,6:00,287.387
8/7/2020,12:00,286.5
8/7/2020,18:00,289.779
8/8/2020,0:00,289.219
8/8/2020,6:00,287.069
8/8/2020,12:00,286.58
8/8/2020,18:00,289.8
8/9/2020,0:00,288.684
8/9/2020,6:00,287.1
8/9/2020,12:00,286.4
8/9/2020,18:00,289.6
8/10/2020,0:00,289.3
8/10/2020,6:00,287.715
8/10/2020,12:00,287.1
8/10/2020,18:00,290.4
8/11/2020,0:00,291.1
8/11/2020,6:00,290.1
8/11/2020,12:00,284.4
8/11/2020,18:00,285.066
8/12/2020,0:00,282.552
8/12/2020,6:00,280.4
8/12/2020,12:00,281.593
8/12/2020,18:00,284.1
8/13/2020,0:00,286.154
8/13/2020,6:00,286.4
8/13/2020,12:00,287.1
8/13/2020,18:00,287.108
8/14/2020,0:00,286.4
8/14/2020,6:00,284.6
8/14/2020,12:00,284.222
8/14/2020,18:00,287.9
8/15/2020,0:00,289.5
8/15/2020,6:00,287.952
8/15/2020,12:00,284.629
8/15/2020,18:00,286.2
8/16/2020,0:00,284.972
8/16/2020,6:00,282.345
8/16/2020,12:00,280.045
8/16/2020,18:00,284.145
8/17/2020,0:00,283
8/17/2020,6:00,281.4
8/17/2020,12:00,280.858
8/17/2020,18:00,285.5
8/18/2020,0:00,285.208
8/18/2020,6:00,285.208
8/18/2020,12:00,285.8
8/18/2020,18:00,290.549
8/19/2020,0:00,288.408
8/19/2020,6:00,286.661
8/19/2020,12:00,286.2
8/19/2020,18:00,288.074
8/20/2020,0:00,282.812
8/20/2020,6:00,279.8
8/20/2020,12:00,277.752
8/20/2020,18:00,278.5
8/21/2020,0:00,276.061
8/21/2020,6:00,272.833
8/21/2020,12:00,272.5
8/21/2020,18:00,277.4
8/22/2020,0:00,276.357
8/22/2020,6:00,275.001
8/22/2020,12:00,274.9
8/22/2020,18:00,280.2
8/23/2020,0:00,280.8
8/23/2020,6:00,279.706
8/23/2020,12:00,279.7
8/23/2020,18:00,284.201
8/24/2020,0:00,284.6
8/24/2020,6:00,283.5
8/24/2020,12:00,282.915
8/24/2020,18:00,285.725
8/25/2020,0:00,288.835
8/25/2020,6:00,288.367
8/25/2020,12:00,287.558
8/25/2020,18:00,290
8/26/2020,0:00,291.627
8/26/2020,6:00,289.598
8/26/2020,12:00,288.5
8/26/2020,18:00,290.806
8/27/2020,0:00,292.695
8/27/2020,6:00,289.2
8/27/2020,12:00,288.766
8/27/2020,18:00,291.981
8/28/2020,0:00,293.6
8/28/2020,6:00,291.353
8/28/2020,12:00,290.2
8/28/2020,18:00,293.52
8/29/2020,0:00,293.906
8/29/2020,6:00,291.8
8/29/2020,12:00,291.3
8/29/2020,18:00,294.682
8/30/2020,0:00,293.359
8/30/2020,6:00,290.905
8/30/2020,12:00,290.908
8/30/2020,18:00,289.716
8/31/2020,0:00,285.982
8/31/2020,6:00,285.49
8/31/2020,12:00,285.9
8/31/2020,18:00,286.878
9/1/2020,0:00,284.851
9/1/2020,6:00,283.833
9/1/2020,12:00,284.305
9/1/2020,18:00,288.357
9/2/2020,0:00,288.382
9/2/2020,6:00,288.601
9/2/2020,12:00,289.828
9/2/2020,18:00,292.351
9/3/2020,0:00,290.528
9/3/2020,6:00,285.149
9/3/2020,12:00,284.346
9/3/2020,18:00,285.152
9/4/2020,0:00,284.98
9/4/2020,6:00,281.664
9/4/2020,12:00,280.8
9/4/2020,18:00,286.012
9/5/2020,0:00,286.795
9/5/2020,6:00,286.492
9/5/2020,12:00,287.965
9/5/2020,18:00,293.4
9/6/2020,0:00,292.1
9/6/2020,6:00,289.087
9/6/2020,12:00,288.606
9/6/2020,18:00,289.901
9/7/2020,0:00,288.483
9/7/2020,6:00,287.358
9/7/2020,12:00,286.783
9/7/2020,18:00,286.8
9/8/2020,0:00,286.394
9/8/2020,6:00,284.143
9/8/2020,12:00,285.7
9/8/2020,18:00,289.2
9/9/2020,0:00,290.595
9/9/2020,6:00,291.158
9/9/2020,12:00,290.622
9/9/2020,18:00,293.8
9/10/2020,0:00,292.112
9/10/2020,6:00,290.539
9/10/2020,12:00,289.294
9/10/2020,18:00,292.763
9/11/2020,0:00,290.945
9/11/2020,6:00,290.932
9/11/2020,12:00,292.09
9/11/2020,18:00,297.04
9/12/2020,0:00,296.445
9/12/2020,6:00,294.674
9/12/2020,12:00,292
9/12/2020,18:00,295.532
9/13/2020,0:00,293.92
9/13/2020,6:00,293.306
9/13/2020,12:00,293.027
9/13/2020,18:00,295.806
9/14/2020,0:00,293.1
9/14/2020,6:00,290.671
9/14/2020,12:00,288.461
9/14/2020,18:00,287.9
9/15/2020,0:00,286.125
9/15/2020,6:00,283.532
9/15/2020,12:00,282.722
9/15/2020,18:00,285.212
9/16/2020,0:00,291.042
9/16/2020,6:00,289.593
9/16/2020,12:00,290.2
9/16/2020,18:00,290.4
9/17/2020,0:00,291.075
9/17/2020,6:00,287.88
9/17/2020,12:00,287.2
9/17/2020,18:00,290.6
9/18/2020,0:00,290
9/18/2020,6:00,287.772
9/18/2020,12:00,287
9/18/2020,18:00,291.8
9/19/2020,0:00,288.551
9/19/2020,6:00,286.722
9/19/2020,12:00,286.482
9/19/2020,18:00,291.871
9/20/2020,0:00,284.3
9/20/2020,6:00,280.968
9/20/2020,12:00,279.502
9/20/2020,18:00,283.511
9/21/2020,0:00,281.487
9/21/2020,6:00,278.564
9/21/2020,12:00,277.51
9/21/2020,18:00,283.721
9/22/2020,0:00,281.887
9/22/2020,6:00,278.873
9/22/2020,12:00,279.441
9/22/2020,18:00,287.455
9/23/2020,0:00,287.349
9/23/2020,6:00,286.072
9/23/2020,12:00,286.121
9/23/2020,18:00,291.269
9/24/2020,0:00,290.169
9/24/2020,6:00,288.422
9/24/2020,12:00,287.759
9/24/2020,18:00,293.108
9/25/2020,0:00,291.623
9/25/2020,6:00,289.815
9/25/2020,12:00,289.193
9/25/2020,18:00,294.272
9/26/2020,0:00,293.22
9/26/2020,6:00,292.122
9/26/2020,12:00,292.016
9/26/2020,18:00,297.419
9/27/2020,0:00,296.74
9/27/2020,6:00,295.938
9/27/2020,12:00,294.654
9/27/2020,18:00,297.146
9/28/2020,0:00,292.46
9/28/2020,6:00,287.893
9/28/2020,12:00,286.093
9/28/2020,18:00,288.3
9/29/2020,0:00,286.2
9/29/2020,6:00,283.621
9/29/2020,12:00,283.738
9/29/2020,18:00,289.461
9/30/2020,0:00,294.238
9/30/2020,6:00,293.834
9/30/2020,12:00,292.738
9/30/2020,18:00,298.818
10/1/2020,0:00,298.458
10/1/2020,6:00,296.349
10/1/2020,12:00,294.717
10/1/2020,18:00,297.193
10/2/2020,0:00,299.132
10/2/2020,6:00,297.689
10/2/2020,12:00,295.993
10/2/2020,18:00,301.454
10/3/2020,0:00,293.808
10/3/2020,6:00,290.125
10/3/2020,12:00,288.461
10/3/2020,18:00,289.576
10/4/2020,0:00,287.998
10/4/2020,6:00,287.707
10/4/2020,12:00,289.089
10/4/2020,18:00,293.803
10/5/2020,0:00,294.153
10/5/2020,6:00,291.3
10/5/2020,12:00,289.258
10/5/2020,18:00,292.218
10/6/2020,0:00,287.228
10/6/2020,6:00,285.785
10/6/2020,12:00,286.144
10/6/2020,18:00,291.337
10/7/2020,0:00,293.613
10/7/2020,6:00,291.8
10/7/2020,12:00,290.572
10/7/2020,18:00,297.052
10/8/2020,0:00,291.85
10/8/2020,6:00,288.661
10/8/2020,12:00,288.512
10/8/2020,18:00,290.742
10/9/2020,0:00,289.946
10/9/2020,6:00,287.501
10/9/2020,12:00,285.506
10/9/2020,18:00,291.938
10/10/2020,0:00,287.773
10/10/2020,6:00,285.261
10/10/2020,12:00,284.14
10/10/2020,18:00,290.449
10/11/2020,0:00,286.871
10/11/2020,6:00,284.967
10/11/2020,12:00,284.859
10/11/2020,18:00,293.302
10/12/2020,0:00,290.453
10/12/2020,6:00,287.464
10/12/2020,12:00,287.518
10/12/2020,18:00,294.825
10/13/2020,0:00,289.825
10/13/2020,6:00,284.851
10/13/2020,12:00,284.24
10/13/2020,18:00,291.424
10/14/2020,0:00,289.524
10/14/2020,6:00,286.643
10/14/2020,12:00,287.125
10/14/2020,18:00,295.599
10/15/2020,0:00,292.866
10/15/2020,6:00,289.865
10/15/2020,12:00,287.955
10/15/2020,18:00,292.919
10/16/2020,0:00,290.803
10/16/2020,6:00,289.713
10/16/2020,12:00,290.208
10/16/2020,18:00,295.779
10/17/2020,0:00,292.831
10/17/2020,6:00,290.499
10/17/2020,12:00,288.475
10/17/2020,18:00,293.857
10/18/2020,0:00,292.736
10/18/2020,6:00,291.183
10/18/2020,12:00,289.489
10/18/2020,18:00,295.194
10/19/2020,0:00,294.552
10/19/2020,6:00,291.383
10/19/2020,12:00,291.044
10/19/2020,18:00,296.982
10/20/2020,0:00,295.998
10/20/2020,6:00,293.004
10/20/2020,12:00,291.336
10/20/2020,18:00,298.756
10/21/2020,0:00,296.11
10/21/2020,6:00,290.747
10/21/2020,12:00,289.962
10/21/2020,18:00,296.253
10/22/2020,0:00,294.432
10/22/2020,6:00,292.621
10/22/2020,12:00,292.041
10/22/2020,18:00,297.065
10/23/2020,0:00,297.268
10/23/2020,6:00,295.288
10/23/2020,12:00,293.102
10/23/2020,18:00,295.988
10/24/2020,0:00,293.719
10/24/2020,6:00,291.806
10/24/2020,12:00,291.52
10/24/2020,18:00,298.531
10/25/2020,0:00,294.416
10/25/2020,6:00,291.173
10/25/2020,12:00,290.245
10/25/2020,18:00,298.444
10/26/2020,0:00,297.223
10/26/2020,6:00,296.13
10/26/2020,12:00,293.402
10/26/2020,18:00,293.924
10/27/2020,0:00,290.409
10/27/2020,6:00,286.794
10/27/2020,12:00,287.141
10/27/2020,18:00,292.351
10/28/2020,0:00,289.511
10/28/2020,6:00,286.075
10/28/2020,12:00,285.944
10/28/2020,18:00,293.835
10/29/2020,0:00,291.923
10/29/2020,6:00,288.703
10/29/2020,12:00,287.961
10/29/2020,18:00,291.687
10/30/2020,0:00,288.127
10/30/2020,6:00,285.675
10/30/2020,12:00,285.109
10/30/2020,18:00,289.446
10/31/2020,0:00,288.29
10/31/2020,6:00,286.621
10/31/2020,12:00,285.883
10/31/2020,18:00,293.039
11/1/2020,0:00,289.022
11/1/2020,6:00,285.614
11/1/2020,12:00,284.92
11/1/2020,18:00,292.139
11/2/2020,0:00,289.61
11/2/2020,6:00,285.72
11/2/2020,12:00,284.747
11/2/2020,18:00,292.806
11/3/2020,0:00,290.853
11/3/2020,6:00,286.678
11/3/2020,12:00,285.828
11/3/2020,18:00,293.547
11/4/2020,0:00,289.895
11/4/2020,6:00,285.715
11/4/2020,12:00,284.304
11/4/2020,18:00,289.869
11/5/2020,0:00,287.408
11/5/2020,6:00,283.328
11/5/2020,12:00,282.274
11/5/2020,18:00,289.85
11/6/2020,0:00,289.457
11/6/2020,6:00,285.465
11/6/2020,12:00,284.68
11/6/2020,18:00,293.179
11/7/2020,0:00,293.294
11/7/2020,6:00,290.075
11/7/2020,12:00,289.491
11/7/2020,18:00,297.105
11/8/2020,0:00,295.579
11/8/2020,6:00,291.593
11/8/2020,12:00,290.139
11/8/2020,18:00,297.753
11/9/2020,0:00,295.669
11/9/2020,6:00,292.358
11/9/2020,12:00,291.222
11/9/2020,18:00,291.352
11/10/2020,0:00,293.065
11/10/2020,6:00,290.971
11/10/2020,12:00,290.162
11/10/2020,18:00,296.935
11/11/2020,0:00,294.482
11/11/2020,6:00,291.691
11/11/2020,12:00,291.473
11/11/2020,18:00,299.206
11/12/2020,0:00,294.48
11/12/2020,6:00,291.526
11/12/2020,12:00,291.405
11/12/2020,18:00,298.47
11/13/2020,0:00,294.847
11/13/2020,6:00,291.36
11/13/2020,12:00,290.589
11/13/2020,18:00,298.098
11/14/2020,0:00,295.529
11/14/2020,6:00,292.652
11/14/2020,12:00,292.567
11/14/2020,18:00,300.453
11/15/2020,0:00,298.237
11/15/2020,6:00,293.894
11/15/2020,12:00,293.311
11/15/2020,18:00,295.071
11/16/2020,0:00,294.826
11/16/2020,6:00,293.304
11/16/2020,12:00,291.999
11/16/2020,18:00,297.007
11/17/2020,0:00,291.931
11/17/2020,6:00,289.019
11/17/2020,12:00,287.841
11/17/2020,18:00,293.072
11/18/2020,0:00,290.648
11/18/2020,6:00,287.564
11/18/2020,12:00,287.383
11/18/2020,18:00,290.95
11/19/2020,0:00,289.831
11/19/2020,6:00,286.241
11/19/2020,12:00,285.524
11/19/2020,18:00,293.069
11/20/2020,0:00,292.36
11/20/2020,6:00,287.568
11/20/2020,12:00,287.243
11/20/2020,18:00,294.563
11/21/2020,0:00,290.748
11/21/2020,6:00,286.53
11/21/2020,12:00,285.905
11/21/2020,18:00,295.168
11/22/2020,0:00,292.657
11/22/2020,6:00,289.166
11/22/2020,12:00,288.373
11/22/2020,18:00,296.933
11/23/2020,0:00,294.762
11/23/2020,6:00,290.988
11/23/2020,12:00,291.058
11/23/2020,18:00,298.519
11/24/2020,0:00,297.16
11/24/2020,6:00,294.6
11/24/2020,12:00,293.188
11/24/2020,18:00,298.725
11/25/2020,0:00,296.64
11/25/2020,6:00,294.357
11/25/2020,12:00,293.459
11/25/2020,18:00,301.533
11/26/2020,0:00,298.217
11/26/2020,6:00,293.08
11/26/2020,12:00,292.21
11/26/2020,18:00,293.182
11/27/2020,0:00,291.961
11/27/2020,6:00,291.446
11/27/2020,12:00,291.706
11/27/2020,18:00,297.249
11/28/2020,0:00,295.173
11/28/2020,6:00,293.608
11/28/2020,12:00,293.317
11/28/2020,18:00,298.415
11/29/2020,0:00,297.723
11/29/2020,6:00,294.714
11/29/2020,12:00,293.9
11/29/2020,18:00,298.071
11/30/2020,0:00,296.087
11/30/2020,6:00,293.491
11/30/2020,12:00,292.712
11/30/2020,18:00,293.085
12/1/2020,0:00,292.742
12/1/2020,6:00,290.373
12/1/2020,12:00,290.197
12/1/2020,18:00,296.29
12/2/2020,0:00,294.886
12/2/2020,6:00,293.515
12/2/2020,12:00,293.107
12/2/2020,18:00,298.434
12/3/2020,0:00,290.794
12/3/2020,6:00,292.281
12/3/2020,12:00,292.338
12/3/2020,18:00,293.557
12/4/2020,0:00,293.078
12/4/2020,6:00,290.155
12/4/2020,12:00,289.743
12/4/2020,18:00,295.34
12/5/2020,0:00,294.226
12/5/2020,6:00,291.334
12/5/2020,12:00,289.299
12/5/2020,18:00,292.709
12/6/2020,0:00,290.182
12/6/2020,6:00,287.751
12/6/2020,12:00,287.068
12/6/2020,18:00,292.507
12/7/2020,0:00,290.457
12/7/2020,6:00,287.938
12/7/2020,12:00,288.001
12/7/2020,18:00,294.939
12/8/2020,0:00,292.29
12/8/2020,6:00,289.34
12/8/2020,12:00,288.716
12/8/2020,18:00,296.28
12/9/2020,0:00,293.172
12/9/2020,6:00,289.547
12/9/2020,12:00,288.428
12/9/2020,18:00,296.574
12/10/2020,0:00,293.677
12/10/2020,6:00,290.507
12/10/2020,12:00,289.705
12/10/2020,18:00,298.572
12/11/2020,0:00,297.124
12/11/2020,6:00,294.142
12/11/2020,12:00,292.894
12/11/2020,18:00,300.265
12/12/2020,0:00,298.812
12/12/2020,6:00,295.608
12/12/2020,12:00,294.864
12/12/2020,18:00,301.404
12/13/2020,0:00,297.911
12/13/2020,6:00,296.709
12/13/2020,12:00,294.057
12/13/2020,18:00,300.623
12/14/2020,0:00,294.84
12/14/2020,6:00,293.19
12/14/2020,12:00,291.955
12/14/2020,18:00,297.913
12/15/2020,0:00,295.115
12/15/2020,6:00,292.69
12/15/2020,12:00,291.443
12/15/2020,18:00,298.542
12/16/2020,0:00,297.168
12/16/2020,6:00,294.255
12/16/2020,12:00,293.284
12/16/2020,18:00,300.547
12/17/2020,0:00,294.592
12/17/2020,6:00,292.13
12/17/2020,12:00,291.955
12/17/2020,18:00,295.15
12/18/2020,0:00,296.517
12/18/2020,6:00,292.468
12/18/2020,12:00,292.34
12/18/2020,18:00,299.57
12/19/2020,0:00,298.873
12/19/2020,6:00,296.216
12/19/2020,12:00,294.514
12/19/2020,18:00,300.75
12/20/2020,0:00,294.505
12/20/2020,6:00,293.627
12/20/2020,12:00,292.699
12/20/2020,18:00,292.712
12/21/2020,0:00,292.244
12/21/2020,6:00,289.53
12/21/2020,12:00,287.258
12/21/2020,18:00,293.684
12/22/2020,0:00,290.206
12/22/2020,6:00,285.806
12/22/2020,12:00,285.011
12/22/2020,18:00,292.957
12/23/2020,0:00,291.806
12/23/2020,6:00,287.525
12/23/2020,12:00,287.107
12/23/2020,18:00,296.722
12/24/2020,0:00,295.003
12/24/2020,6:00,291.834
12/24/2020,12:00,291.654
12/24/2020,18:00,298.459
12/25/2020,0:00,296.438
12/25/2020,6:00,294.182
12/25/2020,12:00,292.979
12/25/2020,18:00,297.993
12/26/2020,0:00,292.618
12/26/2020,6:00,292.667
12/26/2020,12:00,292.317
12/26/2020,18:00,297.513
12/27/2020,0:00,292.394
12/27/2020,6:00,292.223
12/27/2020,12:00,292.979
12/27/2020,18:00,297.637
12/28/2020,0:00,294.261
12/28/2020,6:00,292.448
12/28/2020,12:00,292.204
12/28/2020,18:00,297.033
12/29/2020,0:00,292.971
12/29/2020,6:00,292.621
12/29/2020,12:00,292.768
12/29/2020,18:00,298.408
12/30/2020,0:00,295.206
12/30/2020,6:00,293.947
12/30/2020,12:00,293.982
12/30/2020,18:00,298.785
12/31/2020,0:00,297.656
12/31/2020,6:00,294.225
12/31/2020,12:00,292.902
12/31/2020,18:00,294.012
1/1/2021,0:00,291.822
1/1/2021,6:00,287.766
1/1/2021,12:00,286.333
1/1/2021,18:00,294.552
1/2/2021,0:00,293.003
1/2/2021,6:00,289.346
1/2/2021,12:00,288.36
1/2/2021,18:00,295.693
1/3/2021,0:00,293.086
1/3/2021,6:00,289.46
1/3/2021,12:00,288.903
1/3/2021,18:00,296.186
1/4/2021,0:00,295.259
1/4/2021,6:00,292.158
1/4/2021,12:00,291.488
1/4/2021,18:00,296.309
1/5/2021,0:00,294.568
1/5/2021,6:00,292.684
1/5/2021,12:00,292.276
1/5/2021,18:00,294.495
1/6/2021,0:00,292.777
1/6/2021,6:00,290.939
1/6/2021,12:00,290.44
1/6/2021,18:00,296.408
1/7/2021,0:00,296.742
1/7/2021,6:00,293.577
1/7/2021,12:00,293.239
1/7/2021,18:00,296.544
1/8/2021,0:00,294.268
1/8/2021,6:00,291.23
1/8/2021,12:00,290.703
1/8/2021,18:00,297.707
1/9/2021,0:00,295.385
1/9/2021,6:00,292.603
1/9/2021,12:00,291.598
1/9/2021,18:00,298.831
1/10/2021,0:00,291.837
1/10/2021,6:00,290.624
1/10/2021,12:00,292.525
1/10/2021,18:00,298.475
1/11/2021,0:00,297.557
1/11/2021,6:00,295.038
1/11/2021,12:00,294.788
1/11/2021,18:00,300.366
1/12/2021,0:00,298.942
1/12/2021,6:00,292.664
1/12/2021,12:00,293.247
1/12/2021,18:00,296.861
1/13/2021,0:00,295.034
1/13/2021,6:00,293.049
1/13/2021,12:00,292.536
1/13/2021,18:00,295.58
1/14/2021,0:00,295
1/14/2021,6:00,291.877
1/14/2021,12:00,291.984
1/14/2021,18:00,295.208
1/15/2021,0:00,295.629
1/15/2021,6:00,293.36
1/15/2021,12:00,292.321
1/15/2021,18:00,297.745
1/16/2021,0:00,296.067
1/16/2021,6:00,294.843
1/16/2021,12:00,294.127
1/16/2021,18:00,298.453
1/17/2021,0:00,296.688
1/17/2021,6:00,294.075
1/17/2021,12:00,293.746
1/17/2021,18:00,296.425
1/18/2021,0:00,293.526
1/18/2021,6:00,289.502
1/18/2021,12:00,288.018
1/18/2021,18:00,292.148
1/19/2021,0:00,291.723
1/19/2021,6:00,288.421
1/19/2021,12:00,287.745
1/19/2021,18:00,294.791
1/20/2021,0:00,293.435
1/20/2021,6:00,291.473
1/20/2021,12:00,290.388
1/20/2021,18:00,294.183
1/21/2021,0:00,292.851
1/21/2021,6:00,291.749
1/21/2021,12:00,292.106
1/21/2021,18:00,293.486
1/22/2021,0:00,293.077
1/22/2021,6:00,291.794
1/22/2021,12:00,291.716
1/22/2021,18:00,292.38
1/23/2021,0:00,293.882
1/23/2021,6:00,291.535
1/23/2021,12:00,291.222
1/23/2021,18:00,296.621
1/24/2021,0:00,294.683
1/24/2021,6:00,292.515
1/24/2021,12:00,292.188
1/24/2021,18:00,296.378
1/25/2021,0:00,294.713
1/25/2021,6:00,292.746
1/25/2021,12:00,292.209
1/25/2021,18:00,296.16
1/26/2021,0:00,294.088
1/26/2021,6:00,292.673
1/26/2021,12:00,292.613
1/26/2021,18:00,293.906
1/27/2021,0:00,294.763
1/27/2021,6:00,294.636
1/27/2021,12:00,293.592
1/27/2021,18:00,293.733
1/28/2021,0:00,294.356
1/28/2021,6:00,292.827
1/28/2021,12:00,292.621
1/28/2021,18:00,294.99
1/29/2021,0:00,294.472
1/29/2021,6:00,293.54
1/29/2021,12:00,293.031
1/29/2021,18:00,296.375
1/30/2021,0:00,294.672
1/30/2021,6:00,293.859
1/30/2021,12:00,293.18
1/30/2021,18:00,296.99
1/31/2021,0:00,295.254
1/31/2021,6:00,293.556
1/31/2021,12:00,293.513
1/31/2021,18:00,295.278
2/1/2021,0:00,293.265
2/1/2021,6:00,291.389
2/1/2021,12:00,290.416
2/1/2021,18:00,295.288
2/2/2021,0:00,295.654
2/2/2021,6:00,292.873
2/2/2021,12:00,292.555
2/2/2021,18:00,296.617
2/3/2021,0:00,296.078
2/3/2021,6:00,294.149
2/3/2021,12:00,294.627
2/3/2021,18:00,294.484
2/4/2021,0:00,295.77
2/4/2021,6:00,293.987
2/4/2021,12:00,291.17
2/4/2021,18:00,292.066
2/5/2021,0:00,290.713
2/5/2021,6:00,287.231
2/5/2021,12:00,286.204
2/5/2021,18:00,290.746
2/6/2021,0:00,288.082
2/6/2021,6:00,285.335
2/6/2021,12:00,284.729
2/6/2021,18:00,290.548
2/7/2021,0:00,289.7
2/7/2021,6:00,287.189
2/7/2021,12:00,286.443
2/7/2021,18:00,292.323
2/8/2021,0:00,291.919
2/8/2021,6:00,289.671
2/8/2021,12:00,288.437
2/8/2021,18:00,294.421
2/9/2021,0:00,293.065
2/9/2021,6:00,289.722
2/9/2021,12:00,288.978
2/9/2021,18:00,294.763
2/10/2021,0:00,290.125
2/10/2021,6:00,288.297
2/10/2021,12:00,289.19
2/10/2021,18:00,293.973
2/11/2021,0:00,289.724
2/11/2021,6:00,289.311
2/11/2021,12:00,289.43
2/11/2021,18:00,292.56
2/12/2021,0:00,290.646
2/12/2021,6:00,289.477
2/12/2021,12:00,289.515
2/12/2021,18:00,294.275
2/13/2021,0:00,291.945
2/13/2021,6:00,290.57
2/13/2021,12:00,289.696
2/13/2021,18:00,294.999
2/14/2021,0:00,292.449
2/14/2021,6:00,290.438
2/14/2021,12:00,288.96
2/14/2021,18:00,295.526
2/15/2021,0:00,292.353
2/15/2021,6:00,290.498
2/15/2021,12:00,289.864
2/15/2021,18:00,292.911
2/16/2021,0:00,291.999
2/16/2021,6:00,289.87
2/16/2021,12:00,289.311
2/16/2021,18:00,293.691
2/17/2021,0:00,291.386
2/17/2021,6:00,288.934
2/17/2021,12:00,287.563
2/17/2021,18:00,292.81
2/18/2021,0:00,290.016
2/18/2021,6:00,287.093
2/18/2021,12:00,285.899
2/18/2021,18:00,291.922
2/19/2021,0:00,290.258
2/19/2021,6:00,288.519
2/19/2021,12:00,287.777
2/19/2021,18:00,293.698
2/20/2021,0:00,291.157
2/20/2021,6:00,289.178
2/20/2021,12:00,288.151
2/20/2021,18:00,294.355
2/21/2021,0:00,291.737
2/21/2021,6:00,289.615
2/21/2021,12:00,288.257
2/21/2021,18:00,294.362
2/22/2021,0:00,294.326
2/22/2021,6:00,292.415
2/22/2021,12:00,291.619
2/22/2021,18:00,295.209
2/23/2021,0:00,294.921
2/23/2021,6:00,293.57
2/23/2021,12:00,293.321
2/23/2021,18:00,298.334
2/24/2021,0:00,291.105
2/24/2021,6:00,291.276
2/24/2021,12:00,289.31
2/24/2021,18:00,294.972
2/25/2021,0:00,293.498
2/25/2021,6:00,289.2
2/25/2021,12:00,288.347
2/25/2021,18:00,294.142
2/26/2021,0:00,292.917
2/26/2021,6:00,290.803
2/26/2021,12:00,289.543
2/26/2021,18:00,294.405
2/27/2021,0:00,294.409
2/27/2021,6:00,293.366
2/27/2021,12:00,291.79
2/27/2021,18:00,295.474
2/28/2021,0:00,293.693
2/28/2021,6:00,291.553
2/28/2021,12:00,289.801
2/28/2021,18:00,293.745
3/1/2021,0:00,293.481
3/1/2021,6:00,291.622
3/1/2021,12:00,290.803
3/1/2021,18:00,295.957
3/2/2021,0:00,293.667
3/2/2021,6:00,292.567
3/2/2021,12:00,291.754
3/2/2021,18:00,296.156
3/3/2021,0:00,294.621
3/3/2021,6:00,293.049
3/3/2021,12:00,292.35
3/3/2021,18:00,294.445
3/4/2021,0:00,293.461
3/4/2021,6:00,292.321
3/4/2021,12:00,291.975
3/4/2021,18:00,293.272
3/5/2021,0:00,292.81
3/5/2021,6:00,291.091
3/5/2021,12:00,290.795
3/5/2021,18:00,292.614
3/6/2021,0:00,292.073
3/6/2021,6:00,289.489
3/6/2021,12:00,288.583
3/6/2021,18:00,292.846
3/7/2021,0:00,290.226
3/7/2021,6:00,288.006
3/7/2021,12:00,287.974
3/7/2021,18:00,293.775
3/8/2021,0:00,291.311
3/8/2021,6:00,288.557
3/8/2021,12:00,288.052
3/8/2021,18:00,294.5
3/9/2021,0:00,291.657
3/9/2021,6:00,288.092
3/9/2021,12:00,287.576
3/9/2021,18:00,293.071
3/10/2021,0:00,291.811
3/10/2021,6:00,287.357
3/10/2021,12:00,286.517
3/10/2021,18:00,291.892
3/11/2021,0:00,289.394
3/11/2021,6:00,287.119
3/11/2021,12:00,286.284
3/11/2021,18:00,292.791
3/12/2021,0:00,290.397
3/12/2021,6:00,287.711
3/12/2021,12:00,286.899
3/12/2021,18:00,293.444
3/13/2021,0:00,291.768
3/13/2021,6:00,288.502
3/13/2021,12:00,287.441
3/13/2021,18:00,294.171
3/14/2021,0:00,292.468
3/14/2021,6:00,289.909
3/14/2021,12:00,289.579
3/14/2021,18:00,295.314
3/15/2021,0:00,294.353
3/15/2021,6:00,290.914
3/15/2021,12:00,290.053
3/15/2021,18:00,295.599
3/16/2021,0:00,294.877
3/16/2021,6:00,291.457
3/16/2021,12:00,291.68
3/16/2021,18:00,297.515
3/17/2021,0:00,294.11
3/17/2021,6:00,293.243
3/17/2021,12:00,292.435
3/17/2021,18:00,295.593
3/18/2021,0:00,292.514
3/18/2021,6:00,287.642
3/18/2021,12:00,286.723
3/18/2021,18:00,291.255
3/19/2021,0:00,290.521
3/19/2021,6:00,287.711
3/19/2021,12:00,287.574
3/19/2021,18:00,293.873
3/20/2021,0:00,295.682
3/20/2021,6:00,294.853
3/20/2021,12:00,293.233
3/20/2021,18:00,296.72
3/21/2021,0:00,296.257
3/21/2021,6:00,294.123
3/21/2021,12:00,293.976
3/21/2021,18:00,295.016
3/22/2021,0:00,293.916
3/22/2021,6:00,291.376
3/22/2021,12:00,291.316
3/22/2021,18:00,295.387
3/23/2021,0:00,296.064
3/23/2021,6:00,292.328
3/23/2021,12:00,292.317
3/23/2021,18:00,293.602
3/24/2021,0:00,293.77
3/24/2021,6:00,293.06
3/24/2021,12:00,292.208
3/24/2021,18:00,296
3/25/2021,0:00,292.2
3/25/2021,6:00,292.553
3/25/2021,12:00,292.277
3/25/2021,18:00,298.091
3/26/2021,0:00,292.195
3/26/2021,6:00,291.552
3/26/2021,12:00,291.487
3/26/2021,18:00,296.519
3/27/2021,0:00,292.539
3/27/2021,6:00,292.097
3/27/2021,12:00,291.986
3/27/2021,18:00,292.296
3/28/2021,0:00,292.555
3/28/2021,6:00,292.058
3/28/2021,12:00,291.192
3/28/2021,18:00,292.414
3/29/2021,0:00,290.372
3/29/2021,6:00,289.831
3/29/2021,12:00,288.637
3/29/2021,18:00,290
3/30/2021,0:00,288.095
3/30/2021,6:00,286.116
3/30/2021,12:00,286.067
3/30/2021,18:00,291.206
3/31/2021,0:00,287.983
3/31/2021,6:00,286.23
3/31/2021,12:00,285.356
3/31/2021,18:00,290.24
4/1/2021,0:00,288.224
4/1/2021,6:00,284.855
4/1/2021,12:00,284.6
4/1/2021,18:00,290.563
4/2/2021,0:00,289.142
4/2/2021,6:00,286.563
4/2/2021,12:00,285.345
4/2/2021,18:00,292.217
4/3/2021,0:00,294.234
4/3/2021,6:00,288.721
4/3/2021,12:00,287.793
4/3/2021,18:00,295.035
4/4/2021,0:00,293.349
4/4/2021,6:00,291.109
4/4/2021,12:00,289.704
4/4/2021,18:00,295.348
4/5/2021,0:00,295.418
4/5/2021,6:00,292.864
4/5/2021,12:00,290.977
4/5/2021,18:00,294.749
4/6/2021,0:00,293.455
4/6/2021,6:00,290.809
4/6/2021,12:00,290.375
4/6/2021,18:00,291.113
4/7/2021,0:00,292.101
4/7/2021,6:00,290.42
4/7/2021,12:00,288.6
4/7/2021,18:00,294.5
4/8/2021,0:00,293.658
4/8/2021,6:00,291.453
4/8/2021,12:00,289.955
4/8/2021,18:00,294.539
4/9/2021,0:00,295.012
4/9/2021,6:00,293.2
4/9/2021,12:00,292.127
4/9/2021,18:00,297.658
4/10/2021,0:00,297.41
4/10/2021,6:00,294.478
4/10/2021,12:00,292.863
4/10/2021,18:00,299.232
4/11/2021,0:00,296.531
4/11/2021,6:00,294.376
4/11/2021,12:00,292.943
4/11/2021,18:00,299.053
4/12/2021,0:00,290.331
4/12/2021,6:00,286.767
4/12/2021,12:00,285.6
4/12/2021,18:00,290.307
4/13/2021,0:00,289.9
4/13/2021,6:00,286.245
4/13/2021,12:00,284.741
4/13/2021,18:00,291.312
4/14/2021,0:00,292.861
4/14/2021,6:00,289.333
4/14/2021,12:00,288.433
4/14/2021,18:00,291.245
4/15/2021,0:00,289.82
4/15/2021,6:00,289.929
4/15/2021,12:00,290.002
4/15/2021,18:00,294.223
4/16/2021,0:00,291.692
4/16/2021,6:00,290.768
4/16/2021,12:00,289.8
4/16/2021,18:00,291.273
4/17/2021,0:00,289.395
4/17/2021,6:00,288.34
4/17/2021,12:00,288.485
4/17/2021,18:00,293.424
4/18/2021,0:00,291.434
4/18/2021,6:00,289.085
4/18/2021,12:00,287.996
4/18/2021,18:00,292.229
4/19/2021,0:00,291.408
4/19/2021,6:00,288.771
4/19/2021,12:00,287.729
4/19/2021,18:00,293
4/20/2021,0:00,291.912
4/20/2021,6:00,287.717
4/20/2021,12:00,287.026
4/20/2021,18:00,293.246
4/21/2021,0:00,291.5
4/21/2021,6:00,288.367
4/21/2021,12:00,287.778
4/21/2021,18:00,293.306
4/22/2021,0:00,292.006
4/22/2021,6:00,288.918
4/22/2021,12:00,287.585
4/22/2021,18:00,292.714
4/23/2021,0:00,292.484
4/23/2021,6:00,289.92
4/23/2021,12:00,288.4
4/23/2021,18:00,293.6
4/24/2021,0:00,293.576
4/24/2021,6:00,291.312
4/24/2021,12:00,291.093
4/24/2021,18:00,292.497
4/25/2021,0:00,289.493
4/25/2021,6:00,289.275
4/25/2021,12:00,289.583
4/25/2021,18:00,290.641
4/26/2021,0:00,288.03
4/26/2021,6:00,284.664
4/26/2021,12:00,282.654
4/26/2021,18:00,287.481
4/27/2021,0:00,286.691
4/27/2021,6:00,283.192
4/27/2021,12:00,282.196
4/27/2021,18:00,287.472
4/28/2021,0:00,285.315
4/28/2021,6:00,282.245
4/28/2021,12:00,281.036
4/28/2021,18:00,287.211
4/29/2021,0:00,285.841
4/29/2021,6:00,283.013
4/29/2021,12:00,282.058
4/29/2021,18:00,288.367
4/30/2021,0:00,288.73
4/30/2021,6:00,285.909
4/30/2021,12:00,285.121
4/30/2021,18:00,290.837
5/1/2021,0:00,289.724
5/1/2021,6:00,287.588
5/1/2021,12:00,286.625
5/1/2021,18:00,291.958
5/2/2021,0:00,291.863
5/2/2021,6:00,289.154
5/2/2021,12:00,288.212
5/2/2021,18:00,293.108
5/3/2021,0:00,293.517
5/3/2021,6:00,291.109
5/3/2021,12:00,290.712
5/3/2021,18:00,295.997
5/4/2021,0:00,295.145
5/4/2021,6:00,293.8
5/4/2021,12:00,292.129
5/4/2021,18:00,297.499
5/5/2021,0:00,293.108
5/5/2021,6:00,290.744
5/5/2021,12:00,290.549
5/5/2021,18:00,290.2
5/6/2021,0:00,285.2
5/6/2021,6:00,285.275
5/6/2021,12:00,284.4
5/6/2021,18:00,284.152
5/7/2021,0:00,281.536
5/7/2021,6:00,279.363
5/7/2021,12:00,278.701
5/7/2021,18:00,282.914
5/8/2021,0:00,283.308
5/8/2021,6:00,281.511
5/8/2021,12:00,280.82
5/8/2021,18:00,286.211
5/9/2021,0:00,286.699
5/9/2021,6:00,284.717
5/9/2021,12:00,284.208
5/9/2021,18:00,289.254
5/10/2021,0:00,289.747
5/10/2021,6:00,288.528
5/10/2021,12:00,287.637
5/10/2021,18:00,291.998
5/11/2021,0:00,288.882
5/11/2021,6:00,288.101
5/11/2021,12:00,286.796
5/11/2021,18:00,287.495
5/12/2021,0:00,285.986
5/12/2021,6:00,284.43
5/12/2021,12:00,280.512
5/12/2021,18:00,283.396
5/13/2021,0:00,283.134
5/13/2021,6:00,281.188
5/13/2021,12:00,280.064
5/13/2021,18:00,285.069
5/14/2021,0:00,285.619
5/14/2021,6:00,283.704
5/14/2021,12:00,283.948
5/14/2021,18:00,287.8
5/15/2021,0:00,287.624
5/15/2021,6:00,285.499
5/15/2021,12:00,283.773
5/15/2021,18:00,288.55
5/16/2021,0:00,288.004
5/16/2021,6:00,286.405
5/16/2021,12:00,285.638
5/16/2021,18:00,290.09
5/17/2021,0:00,288.535
5/17/2021,6:00,286.606
5/17/2021,12:00,285.1
5/17/2021,18:00,289.048
5/18/2021,0:00,287.206
5/18/2021,6:00,284.102
5/18/2021,12:00,282.911
5/18/2021,18:00,286.93
5/19/2021,0:00,286.168
5/19/2021,6:00,284.198
5/19/2021,12:00,283.331
5/19/2021,18:00,287.94
5/20/2021,0:00,288.995
5/20/2021,6:00,287.862
5/20/2021,12:00,285.28
5/20/2021,18:00,289.415
5/21/2021,0:00,290.182
5/21/2021,6:00,288.7
5/21/2021,12:00,288.6
5/21/2021,18:00,292.373
5/22/2021,0:00,290.304
5/22/2021,6:00,289.852
5/22/2021,12:00,288.615
5/22/2021,18:00,287.792
5/23/2021,0:00,284.024
5/23/2021,6:00,281.588
5/23/2021,12:00,280.042
5/23/2021,18:00,282.103
5/24/2021,0:00,283.596
5/24/2021,6:00,282.312
5/24/2021,12:00,279.8
5/24/2021,18:00,282.71
5/25/2021,0:00,282.288
5/25/2021,6:00,280.763
5/25/2021,12:00,279.819
5/25/2021,18:00,284.081
5/26/2021,0:00,284.5
5/26/2021,6:00,282.503
5/26/2021,12:00,281.48
5/26/2021,18:00,285.703
5/27/2021,0:00,287.489
5/27/2021,6:00,285.9
5/27/2021,12:00,284.8
5/27/2021,18:00,288.915
5/28/2021,0:00,289.855
5/28/2021,6:00,289.368
5/28/2021,12:00,290.111
5/28/2021,18:00,290.361
5/29/2021,0:00,291.864
5/29/2021,6:00,290.3
5/29/2021,12:00,289.443
5/29/2021,18:00,289.424
5/30/2021,0:00,285.065
5/30/2021,6:00,282.037
5/30/2021,12:00,280.303
5/30/2021,18:00,282.6
5/31/2021,0:00,281.408
5/31/2021,6:00,279.337
5/31/2021,12:00,279.56
5/31/2021,18:00,283.542
6/1/2021,0:00,284.481
6/1/2021,6:00,283.1
6/1/2021,12:00,282.315
6/1/2021,18:00,285.687
6/2/2021,0:00,288.198
6/2/2021,6:00,287.102
6/2/2021,12:00,286.625
6/2/2021,18:00,290.003
6/3/2021,0:00,288.6
6/3/2021,6:00,286.1
6/3/2021,12:00,285.558
6/3/2021,18:00,288.803
6/4/2021,0:00,291.161
6/4/2021,6:00,290.519
6/4/2021,12:00,290.146
6/4/2021,18:00,293.415
6/5/2021,0:00,293.163
6/5/2021,6:00,290.869
6/5/2021,12:00,290.479
6/5/2021,18:00,293.471
6/6/2021,0:00,294.336
6/6/2021,6:00,290.224
6/6/2021,12:00,289.6
6/6/2021,18:00,289.751
6/7/2021,0:00,288.234
6/7/2021,6:00,287.231
6/7/2021,12:00,286.803
6/7/2021,18:00,288.502
6/8/2021,0:00,290.584
6/8/2021,6:00,288.907
6/8/2021,12:00,288.327
6/8/2021,18:00,288.506
6/9/2021,0:00,288.4
6/9/2021,6:00,286.841
6/9/2021,12:00,286.463
6/9/2021,18:00,288.482
6/10/2021,0:00,290.097
6/10/2021,6:00,288.297
6/10/2021,12:00,288.295
6/10/2021,18:00,288.92
6/11/2021,0:00,287.152
6/11/2021,6:00,285.117
6/11/2021,12:00,283.2
6/11/2021,18:00,285.413
6/12/2021,0:00,283.528
6/12/2021,6:00,281.651
6/12/2021,12:00,281.203
6/12/2021,18:00,284.268
6/13/2021,0:00,284.5
6/13/2021,6:00,283.029
6/13/2021,12:00,282.249
6/13/2021,18:00,285.151
6/14/2021,0:00,286.501
6/14/2021,6:00,285.101
6/14/2021,12:00,284.114
6/14/2021,18:00,287.22
6/15/2021,0:00,287.635
6/15/2021,6:00,285.524
6/15/2021,12:00,284.373
6/15/2021,18:00,287.42
6/16/2021,0:00,285.51
6/16/2021,6:00,282.3
6/16/2021,12:00,281.637
6/16/2021,18:00,283.319
6/17/2021,0:00,280.658
6/17/2021,6:00,278.458
6/17/2021,12:00,277.015
6/17/2021,18:00,279.524
6/18/2021,0:00,280.362
6/18/2021,6:00,278.645
6/18/2021,12:00,278.506
6/18/2021,18:00,281.077
6/19/2021,0:00,284.279
6/19/2021,6:00,283.096
6/19/2021,12:00,284.4
6/19/2021,18:00,284.733
6/20/2021,0:00,284.971
6/20/2021,6:00,283.502
6/20/2021,12:00,282.124
6/20/2021,18:00,284.365
6/21/2021,0:00,283.225
6/21/2021,6:00,282.302
6/21/2021,12:00,282.063
6/21/2021,18:00,284.601
6/22/2021,0:00,284.795
6/22/2021,6:00,284.782
6/22/2021,12:00,284.605
6/22/2021,18:00,286.637
6/23/2021,0:00,286.119
6/23/2021,6:00,285.018
6/23/2021,12:00,285.488
6/23/2021,18:00,287.393
6/24/2021,0:00,288.316
6/24/2021,6:00,288.634
6/24/2021,12:00,288.423
6/24/2021,18:00,287.963
6/25/2021,0:00,286.468
6/25/2021,6:00,283.077
6/25/2021,12:00,281.558
6/25/2021,18:00,284.131
6/26/2021,0:00,286.766
6/26/2021,6:00,287.52
6/26/2021,12:00,288.103
6/26/2021,18:00,291.29
6/27/2021,0:00,289.717
6/27/2021,6:00,285.364
6/27/2021,12:00,282.418
6/27/2021,18:00,280.657
6/28/2021,0:00,279.535
6/28/2021,6:00,276.652
6/28/2021,12:00,274.3
6/28/2021,18:00,276.533
6/29/2021,0:00,275.937
6/29/2021,6:00,273.988
6/29/2021,12:00,273.429
6/29/2021,18:00,275.291
6/30/2021,0:00,275.366
6/30/2021,6:00,274.865
6/30/2021,12:00,275.194
6/30/2021,18:00,278.067
7/1/2021,0:00,279.367
7/1/2021,6:00,278.405
7/1/2021,12:00,278.142
7/1/2021,18:00,281.196
7/2/2021,0:00,282.235
7/2/2021,6:00,280.838
7/2/2021,12:00,280.055
7/2/2021,18:00,283.152
7/3/2021,0:00,283.905
7/3/2021,6:00,282.654
7/3/2021,12:00,281.095
7/3/2021,18:00,283.642
7/4/2021,0:00,283.586
7/4/2021,6:00,281.494
7/4/2021,12:00,280.984
7/4/2021,18:00,283.592
7/5/2021,0:00,284.808
7/5/2021,6:00,284.399
7/5/2021,12:00,284.089
7/5/2021,18:00,287.446
7/6/2021,0:00,287.803
7/6/2021,6:00,286.165
7/6/2021,12:00,285.533
7/6/2021,18:00,288.286
7/7/2021,0:00,287.451
7/7/2021,6:00,285.448
7/7/2021,12:00,284.744
7/7/2021,18:00,286.364
7/8/2021,0:00,287.45
7/8/2021,6:00,285.753
7/8/2021,12:00,285.144
7/8/2021,18:00,288.363
7/9/2021,0:00,287.528
7/9/2021,6:00,285.173
7/9/2021,12:00,283.673
7/9/2021,18:00,286.634
7/10/2021,0:00,286.881
7/10/2021,6:00,284.757
7/10/2021,12:00,283.899
7/10/2021,18:00,287.3
7/11/2021,0:00,290.137
7/11/2021,6:00,288.283
7/11/2021,12:00,287.187
7/11/2021,18:00,289.988
7/12/2021,0:00,289.922
7/12/2021,6:00,287.742
7/12/2021,12:00,286.424
7/12/2021,18:00,288.208
7/13/2021,0:00,289.039
7/13/2021,6:00,288.436
7/13/2021,12:00,287.918
7/13/2021,18:00,289.835
7/14/2021,0:00,290.938
7/14/2021,6:00,289.801
7/14/2021,12:00,288.543
7/14/2021,18:00,290.821
7/15/2021,0:00,292.902
7/15/2021,6:00,289.1
7/15/2021,12:00,288.31
7/15/2021,18:00,288.073
7/16/2021,0:00,285.291
7/16/2021,6:00,285.035
7/16/2021,12:00,282.7
7/16/2021,18:00,284.229
7/17/2021,0:00,283.905
7/17/2021,6:00,282.929
7/17/2021,12:00,281.805
7/17/2021,18:00,284.42
7/18/2021,0:00,281.896
7/18/2021,6:00,278.382
7/18/2021,12:00,274.8
7/18/2021,18:00,277.829
7/19/2021,0:00,276.252
7/19/2021,6:00,274.099
7/19/2021,12:00,273.302
7/19/2021,18:00,276.838
7/20/2021,0:00,278.069
7/20/2021,6:00,276.289
7/20/2021,12:00,276.302
7/20/2021,18:00,279.412
7/21/2021,0:00,280.486
7/21/2021,6:00,279.473
7/21/2021,12:00,279.274
7/21/2021,18:00,283.957
7/22/2021,0:00,285.141
7/22/2021,6:00,284.181
7/22/2021,12:00,284.181
7/22/2021,18:00,288.097
7/23/2021,0:00,289.135
7/23/2021,6:00,287.774
7/23/2021,12:00,286.438
7/23/2021,18:00,289.235
7/24/2021,0:00,289.3
7/24/2021,6:00,287.439
7/24/2021,12:00,287.24
7/24/2021,18:00,290.286
7/25/2021,0:00,290.8
7/25/2021,6:00,288.699
7/25/2021,12:00,288.466
7/25/2021,18:00,290.761
7/26/2021,0:00,292.506
7/26/2021,6:00,292.411
7/26/2021,12:00,292.002
7/26/2021,18:00,292.531
7/27/2021,0:00,290.002
7/27/2021,6:00,286.426
7/27/2021,12:00,281.815
7/27/2021,18:00,281.924
7/28/2021,0:00,276.735
7/28/2021,6:00,274.595
7/28/2021,12:00,273.309
7/28/2021,18:00,277.156
7/29/2021,0:00,275.892
7/29/2021,6:00,271.901
7/29/2021,12:00,271.155
7/29/2021,18:00,275.395
7/30/2021,0:00,275.774
7/30/2021,6:00,273.624
7/30/2021,12:00,273.192
7/30/2021,18:00,277.878
7/31/2021,0:00,278.839
7/31/2021,6:00,277.9
7/31/2021,12:00,277.959
7/31/2021,18:00,282.517
8/1/2021,0:00,283.822
8/1/2021,6:00,281.951
8/1/2021,12:00,280.655
8/1/2021,18:00,285.034
8/2/2021,0:00,283.535
8/2/2021,6:00,280.544
8/2/2021,12:00,279.56
8/2/2021,18:00,283.535
8/3/2021,0:00,281.401
8/3/2021,6:00,278.845
8/3/2021,12:00,278.504
8/3/2021,18:00,282.8
8/4/2021,0:00,282.7
8/4/2021,6:00,281.114
8/4/2021,12:00,280.895
8/4/2021,18:00,285.291
8/5/2021,0:00,285.77
8/5/2021,6:00,284.308
8/5/2021,12:00,283.694
8/5/2021,18:00,286.644
8/6/2021,0:00,289.012
8/6/2021,6:00,288.1
8/6/2021,12:00,285.941
8/6/2021,18:00,289.2
8/7/2021,0:00,289.502
8/7/2021,6:00,288.401
8/7/2021,12:00,287.753
8/7/2021,18:00,290.371
8/8/2021,0:00,290.788
8/8/2021,6:00,288.9
8/8/2021,12:00,287.739
8/8/2021,18:00,291.281
8/9/2021,0:00,291.099
8/9/2021,6:00,289.2
8/9/2021,12:00,288.861
8/9/2021,18:00,291.39
8/10/2021,0:00,290.279
8/10/2021,6:00,286.7
8/10/2021,12:00,285.842
8/10/2021,18:00,285.5
8/11/2021,0:00,284.679
8/11/2021,6:00,283.285
8/11/2021,12:00,279.796
8/11/2021,18:00,281.485
8/12/2021,0:00,279.787
8/12/2021,6:00,277.137
8/12/2021,12:00,276.656
8/12/2021,18:00,279.549
8/13/2021,0:00,281.194
8/13/2021,6:00,279.804
8/13/2021,12:00,279.969
8/13/2021,18:00,285.013
8/14/2021,0:00,287.8
8/14/2021,6:00,283.52
8/14/2021,12:00,283.81
8/14/2021,18:00,286.434
8/15/2021,0:00,286.466
8/15/2021,6:00,285.643
8/15/2021,12:00,284.824
8/15/2021,18:00,288.903
8/16/2021,0:00,286.752
8/16/2021,6:00,284.853
8/16/2021,12:00,285.236
8/16/2021,18:00,290.627
8/17/2021,0:00,289.913
8/17/2021,6:00,288.608
8/17/2021,12:00,288.147
8/17/2021,18:00,293.42
8/18/2021,0:00,293.765
8/18/2021,6:00,292.855
8/18/2021,12:00,292.485
8/18/2021,18:00,295.031
8/19/2021,0:00,295.138
8/19/2021,6:00,293.223
8/19/2021,12:00,291.45
8/19/2021,18:00,295.397
8/20/2021,0:00,294.727
8/20/2021,6:00,292.877
8/20/2021,12:00,292.707
8/20/2021,18:00,295.075
8/21/2021,0:00,292.985
8/21/2021,6:00,289.816
8/21/2021,12:00,288.439
8/21/2021,18:00,293.915
8/22/2021,0:00,293.598
8/22/2021,6:00,292.402
8/22/2021,12:00,290.301
8/22/2021,18:00,293.704
8/23/2021,0:00,294.048
8/23/2021,6:00,290.061
8/23/2021,12:00,290.475
8/23/2021,18:00,294.378
8/24/2021,0:00,294.104
8/24/2021,6:00,292.142
8/24/2021,12:00,292.978
8/24/2021,18:00,294.698
8/25/2021,0:00,291.48
8/25/2021,6:00,290.132
8/25/2021,12:00,289.763
8/25/2021,18:00,291.663
8/26/2021,0:00,288.239
8/26/2021,6:00,286.475
8/26/2021,12:00,283.461
8/26/2021,18:00,284.582
8/27/2021,0:00,285.828
8/27/2021,6:00,281.568
8/27/2021,12:00,280.591
8/27/2021,18:00,285.449
8/28/2021,0:00,284.618
8/28/2021,6:00,283.088
8/28/2021,12:00,283.385
8/28/2021,18:00,288.966
8/29/2021,0:00,289.723
8/29/2021,6:00,286.828
8/29/2021,12:00,285.845
8/29/2021,18:00,290.984
8/30/2021,0:00,290.829
8/30/2021,6:00,287.864
8/30/2021,12:00,286.018
8/30/2021,18:00,290.4
8/31/2021,0:00,289.798
8/31/2021,6:00,287.741
8/31/2021,12:00,286.743
8/31/2021,18:00,290.7
9/1/2021,0:00,290.704
9/1/2021,6:00,288.734
9/1/2021,12:00,287.431
9/1/2021,18:00,291.02
9/2/2021,0:00,292.106
9/2/2021,6:00,290.095
9/2/2021,12:00,289.295
9/2/2021,18:00,292.68
9/3/2021,0:00,292.434
9/3/2021,6:00,289.738
9/3/2021,12:00,287.496
9/3/2021,18:00,291.996
9/4/2021,0:00,289.544
9/4/2021,6:00,287.39
9/4/2021,12:00,286.816
9/4/2021,18:00,292.1
9/5/2021,0:00,291.104
9/5/2021,6:00,289.216
9/5/2021,12:00,288.28
9/5/2021,18:00,290.449
9/6/2021,0:00,286.52
9/6/2021,6:00,284.79
9/6/2021,12:00,284.833
9/6/2021,18:00,289.261
9/7/2021,0:00,289.667
9/7/2021,6:00,288.365
9/7/2021,12:00,288.877
9/7/2021,18:00,292.745
9/8/2021,0:00,295.953
9/8/2021,6:00,295.358
9/8/2021,12:00,290.126
9/8/2021,18:00,288.846
9/9/2021,0:00,288
9/9/2021,6:00,283.524
9/9/2021,12:00,281.7
9/9/2021,18:00,285
9/10/2021,0:00,283.694
9/10/2021,6:00,282.301
9/10/2021,12:00,280.263
9/10/2021,18:00,285.096
9/11/2021,0:00,283.99
9/11/2021,6:00,281.818
9/11/2021,12:00,281.179
9/11/2021,18:00,287.33
9/12/2021,0:00,287.638
9/12/2021,6:00,287.151
9/12/2021,12:00,287.8
9/12/2021,18:00,294.303
9/13/2021,0:00,295.495
9/13/2021,6:00,293.317
9/13/2021,12:00,291.628
9/13/2021,18:00,297.102
9/14/2021,0:00,293.752
9/14/2021,6:00,292.115
9/14/2021,12:00,291.6
9/14/2021,18:00,290.858
9/15/2021,0:00,287.12
9/15/2021,6:00,282.4
9/15/2021,12:00,280.386
9/15/2021,18:00,283.916
9/16/2021,0:00,284.9
9/16/2021,6:00,283.608
9/16/2021,12:00,282.273
9/16/2021,18:00,288.655
9/17/2021,0:00,289
9/17/2021,6:00,287.767
9/17/2021,12:00,288
9/17/2021,18:00,288.423
9/18/2021,0:00,288.386
9/18/2021,6:00,288.265
9/18/2021,12:00,288.681
9/18/2021,18:00,293.5
9/19/2021,0:00,292.089
9/19/2021,6:00,291.19
9/19/2021,12:00,291.8
9/19/2021,18:00,294.8
9/20/2021,0:00,297.1
9/20/2021,6:00,295.79
9/20/2021,12:00,294.227
9/20/2021,18:00,298.891
9/21/2021,0:00,296.271
9/21/2021,6:00,293.053
9/21/2021,12:00,289.867
9/21/2021,18:00,288.719
9/22/2021,0:00,285.841
9/22/2021,6:00,281.768
9/22/2021,12:00,280.44
9/22/2021,18:00,285.551
9/23/2021,0:00,288.886
9/23/2021,6:00,286.921
9/23/2021,12:00,286.61
9/23/2021,18:00,289
9/24/2021,0:00,288.651
9/24/2021,6:00,286.6
9/24/2021,12:00,285.776
9/24/2021,18:00,287.363
9/25/2021,0:00,284.9
9/25/2021,6:00,282.656
9/25/2021,12:00,282.728
9/25/2021,18:00,289.228
9/26/2021,0:00,287.411
9/26/2021,6:00,285.637
9/26/2021,12:00,285.302
9/26/2021,18:00,293
9/27/2021,0:00,290.118
9/27/2021,6:00,288.059
9/27/2021,12:00,287.816
9/27/2021,18:00,295.727
9/28/2021,0:00,294.891
9/28/2021,6:00,291.84
9/28/2021,12:00,291.639
9/28/2021,18:00,294.602
9/29/2021,0:00,290.897
9/29/2021,6:00,289.708
9/29/2021,12:00,288.8
9/29/2021,18:00,292.154
9/30/2021,0:00,290.272
9/30/2021,6:00,288.8
9/30/2021,12:00,288.8
9/30/2021,18:00,294.157
10/1/2021,0:00,296.176
10/1/2021,6:00,292.166
10/1/2021,12:00,291.524
10/1/2021,18:00,293.144
10/2/2021,0:00,291.46
10/2/2021,6:00,288.376
10/2/2021,12:00,287.755
10/2/2021,18:00,291.417
10/3/2021,0:00,290.478
10/3/2021,6:00,290.259
10/3/2021,12:00,290.666
10/3/2021,18:00,291.343
10/4/2021,0:00,289.666
10/4/2021,6:00,286.835
10/4/2021,12:00,285.609
10/4/2021,18:00,286.6
10/5/2021,0:00,284.456
10/5/2021,6:00,281.845
10/5/2021,12:00,281.428
10/5/2021,18:00,288.525
10/6/2021,0:00,289.588
10/6/2021,6:00,288.355
10/6/2021,12:00,288.791
10/6/2021,18:00,291.953
10/7/2021,0:00,288.95
10/7/2021,6:00,286.724
10/7/2021,12:00,283.958
10/7/2021,18:00,286.304
10/8/2021,0:00,286.181
10/8/2021,6:00,284.639
10/8/2021,12:00,284.34
10/8/2021,18:00,289.833
10/9/2021,0:00,289.579
10/9/2021,6:00,289.543
10/9/2021,12:00,290.364
10/9/2021,18:00,291.726
10/10/2021,0:00,290.265
10/10/2021,6:00,288.749
10/10/2021,12:00,289.066
10/10/2021,18:00,290.561
10/11/2021,0:00,289.693
10/11/2021,6:00,288.905
10/11/2021,12:00,288.351
10/11/2021,18:00,289.395
10/12/2021,0:00,289.297
10/12/2021,6:00,288.942
10/12/2021,12:00,288.76
10/12/2021,18:00,293.286
10/13/2021,0:00,290.971
10/13/2021,6:00,288.953
10/13/2021,12:00,289.027
10/13/2021,18:00,293.971
10/14/2021,0:00,293.071
10/14/2021,6:00,290.989
10/14/2021,12:00,290.5
10/14/2021,18:00,293.459
10/15/2021,0:00,294.608
10/15/2021,6:00,292.055
10/15/2021,12:00,290
10/15/2021,18:00,291.282
10/16/2021,0:00,287.198
10/16/2021,6:00,285.637
10/16/2021,12:00,285.671
10/16/2021,18:00,286.181
10/17/2021,0:00,287.844
10/17/2021,6:00,283.601
10/17/2021,12:00,283.814
10/17/2021,18:00,288.344
10/18/2021,0:00,287.283
10/18/2021,6:00,284.114
10/18/2021,12:00,283.847
10/18/2021,18:00,290.5
10/19/2021,0:00,287.894
10/19/2021,6:00,285.019
10/19/2021,12:00,284.361
10/19/2021,18:00,291.2
10/20/2021,0:00,286.686
10/20/2021,6:00,283.943
10/20/2021,12:00,283.2
10/20/2021,18:00,290.388
10/21/2021,0:00,288.473
10/21/2021,6:00,285.48
10/21/2021,12:00,285.3
10/21/2021,18:00,292.246
10/22/2021,0:00,289.867
10/22/2021,6:00,287.314
10/22/2021,12:00,286.74
10/22/2021,18:00,294.233
10/23/2021,0:00,292.508
10/23/2021,6:00,290.195
10/23/2021,12:00,290.006
10/23/2021,18:00,290.853
10/24/2021,0:00,289.535
10/24/2021,6:00,286.89
10/24/2021,12:00,285.453
10/24/2021,18:00,286.3
10/25/2021,0:00,286.425
10/25/2021,6:00,283.781
10/25/2021,12:00,283.65
10/25/2021,18:00,291.301
10/26/2021,0:00,290.161
10/26/2021,6:00,287.939
10/26/2021,12:00,287.76
10/26/2021,18:00,294.962
10/27/2021,0:00,292.793
10/27/2021,6:00,290.204
10/27/2021,12:00,289.746
10/27/2021,18:00,297.259
10/28/2021,0:00,293.137
10/28/2021,6:00,290.002
10/28/2021,12:00,288.999
10/28/2021,18:00,296.279
10/29/2021,0:00,294.873
10/29/2021,6:00,291.833
10/29/2021,12:00,292.093
10/29/2021,18:00,294.566
10/30/2021,0:00,290.08
10/30/2021,6:00,291.168
10/30/2021,12:00,290.48
10/30/2021,18:00,296.019
10/31/2021,0:00,292.893
10/31/2021,6:00,290.329
10/31/2021,12:00,290.07
10/31/2021,18:00,295.648
11/1/2021,0:00,293.652
11/1/2021,6:00,290.736
11/1/2021,12:00,290.01
11/1/2021,18:00,295.398
11/2/2021,0:00,294.305
11/2/2021,6:00,291.952
11/2/2021,12:00,290.86
11/2/2021,18:00,297.116
11/3/2021,0:00,295.931
11/3/2021,6:00,293.161
11/3/2021,12:00,291.416
11/3/2021,18:00,296.614
11/4/2021,0:00,292.592
11/4/2021,6:00,291.801
11/4/2021,12:00,291.182
11/4/2021,18:00,295.643
11/5/2021,0:00,295.482
11/5/2021,6:00,292.657
11/5/2021,12:00,292.868
11/5/2021,18:00,299.376
11/6/2021,0:00,292.45
11/6/2021,6:00,292.307
11/6/2021,12:00,291.487
11/6/2021,18:00,292.94
11/7/2021,0:00,290.652
11/7/2021,6:00,289.379
11/7/2021,12:00,288.551
11/7/2021,18:00,292.374
11/8/2021,0:00,293.282
11/8/2021,6:00,288.768
11/8/2021,12:00,287.773
11/8/2021,18:00,294.447
11/9/2021,0:00,291.69
11/9/2021,6:00,287.899
11/9/2021,12:00,286.646
11/9/2021,18:00,293.917
11/10/2021,0:00,290.616
11/10/2021,6:00,287.156
11/10/2021,12:00,286.318
11/10/2021,18:00,293.756
11/11/2021,0:00,292.01
11/11/2021,6:00,288.393
11/11/2021,12:00,288.35
11/11/2021,18:00,295.164
11/12/2021,0:00,292.459
11/12/2021,6:00,288.837
11/12/2021,12:00,288.257
11/12/2021,18:00,294.939
11/13/2021,0:00,293.921
11/13/2021,6:00,289.95
11/13/2021,12:00,289.283
11/13/2021,18:00,294.969
11/14/2021,0:00,295.343
11/14/2021,6:00,291.398
11/14/2021,12:00,289.542
11/14/2021,18:00,295.991
11/15/2021,0:00,294.985
11/15/2021,6:00,293.617
11/15/2021,12:00,292.52
11/15/2021,18:00,297.817
11/16/2021,0:00,297.444
11/16/2021,6:00,294.939
11/16/2021,12:00,294.053
11/16/2021,18:00,297.215
11/17/2021,0:00,292.953
11/17/2021,6:00,292.409
11/17/2021,12:00,291.832
11/17/2021,18:00,291.218
11/18/2021,0:00,289.044
11/18/2021,6:00,288.632
11/18/2021,12:00,288.264
11/18/2021,18:00,290.476
11/19/2021,0:00,290.478
11/19/2021,6:00,286.71
11/19/2021,12:00,286.121
11/19/2021,18:00,292.219
11/20/2021,0:00,289.964
11/20/2021,6:00,286.66
11/20/2021,12:00,285.783
11/20/2021,18:00,294.432
11/21/2021,0:00,293.183
11/21/2021,6:00,289.834
11/21/2021,12:00,289.358
11/21/2021,18:00,297.576
11/22/2021,0:00,295.015
11/22/2021,6:00,292.695
11/22/2021,12:00,291.97
11/22/2021,18:00,299.594
11/23/2021,0:00,297.71
11/23/2021,6:00,295.957
11/23/2021,12:00,294.019
11/23/2021,18:00,299.702
11/24/2021,0:00,295.856
11/24/2021,6:00,290.957
11/24/2021,12:00,289.068
11/24/2021,18:00,299.101
11/25/2021,0:00,297.686
11/25/2021,6:00,295.408
11/25/2021,12:00,294.904
11/25/2021,18:00,302.18
11/26/2021,0:00,292.916
11/26/2021,6:00,291.978
11/26/2021,12:00,291.542
11/26/2021,18:00,291.592
11/27/2021,0:00,290.564
11/27/2021,6:00,288.625
11/27/2021,12:00,288.267
11/27/2021,18:00,293.732
11/28/2021,0:00,293.163
11/28/2021,6:00,291.341
11/28/2021,12:00,290.039
11/28/2021,18:00,295.017
11/29/2021,0:00,292.411
11/29/2021,6:00,291.286
11/29/2021,12:00,288.378
11/29/2021,18:00,292.529
11/30/2021,0:00,293.368
11/30/2021,6:00,290.076
11/30/2021,12:00,287.757
11/30/2021,18:00,294.291
12/1/2021,0:00,291.872
12/1/2021,6:00,288.255
12/1/2021,12:00,287.616
12/1/2021,18:00,295.214
12/2/2021,0:00,293.26
12/2/2021,6:00,289.006
12/2/2021,12:00,288.208
12/2/2021,18:00,295.311
12/3/2021,0:00,293.241
12/3/2021,6:00,287.644
12/3/2021,12:00,287.691
12/3/2021,18:00,296.174
12/4/2021,0:00,295.841
12/4/2021,6:00,290.896
12/4/2021,12:00,290.544
12/4/2021,18:00,298.18
12/5/2021,0:00,298.382
12/5/2021,6:00,293.306
12/5/2021,12:00,292.857
12/5/2021,18:00,298.957
12/6/2021,0:00,295.937
12/6/2021,6:00,290.466
12/6/2021,12:00,290.006
12/6/2021,18:00,296.364
12/7/2021,0:00,292.943
12/7/2021,6:00,289.293
12/7/2021,12:00,288.309
12/7/2021,18:00,294.728
12/8/2021,0:00,293.688
12/8/2021,6:00,288.979
12/8/2021,12:00,288.064
12/8/2021,18:00,294.752
12/9/2021,0:00,293.317
12/9/2021,6:00,287.795
12/9/2021,12:00,286.23
12/9/2021,18:00,295.974
12/10/2021,0:00,294.569
12/10/2021,6:00,288.36
12/10/2021,12:00,287.384
12/10/2021,18:00,297.58
12/11/2021,0:00,296.217
12/11/2021,6:00,292.902
12/11/2021,12:00,292.393
12/11/2021,18:00,298.798
12/12/2021,0:00,295.306
12/12/2021,6:00,294.216
12/12/2021,12:00,293.558
12/12/2021,18:00,298.685
12/13/2021,0:00,297.702
12/13/2021,6:00,294.455
12/13/2021,12:00,294.908
12/13/2021,18:00,293.734
12/14/2021,0:00,294.123
12/14/2021,6:00,293.146
12/14/2021,12:00,292.639
12/14/2021,18:00,295.129
12/15/2021,0:00,294.627
12/15/2021,6:00,293.737
12/15/2021,12:00,294.889
12/15/2021,18:00,299.595
12/16/2021,0:00,296.534
12/16/2021,6:00,292.457
12/16/2021,12:00,292.218
12/16/2021,18:00,299.307
12/17/2021,0:00,297.261
12/17/2021,6:00,291.973
12/17/2021,12:00,290.128
12/17/2021,18:00,297.247
12/18/2021,0:00,296.071
12/18/2021,6:00,291.175
12/18/2021,12:00,291.144
12/18/2021,18:00,300.363
12/19/2021,0:00,297.425
12/19/2021,6:00,293.575
12/19/2021,12:00,292.982
12/19/2021,18:00,300.402
12/20/2021,0:00,300.112
12/20/2021,6:00,296.856
12/20/2021,12:00,295.913
12/20/2021,18:00,302.973
12/21/2021,0:00,298.231
12/21/2021,6:00,295.525
12/21/2021,12:00,293.321
12/21/2021,18:00,300.605
12/22/2021,0:00,296.411
12/22/2021,6:00,292.721
12/22/2021,12:00,292.519
12/22/2021,18:00,292.142
12/23/2021,0:00,295.54
12/23/2021,6:00,290.208
12/23/2021,12:00,287.493
12/23/2021,18:00,294.092
12/24/2021,0:00,294.235
12/24/2021,6:00,288.728
12/24/2021,12:00,287.726
12/24/2021,18:00,296.52
12/25/2021,0:00,295.915
12/25/2021,6:00,291.204
12/25/2021,12:00,290.091
12/25/2021,18:00,299.7
12/26/2021,0:00,296.768
12/26/2021,6:00,292.939
12/26/2021,12:00,291.706
12/26/2021,18:00,301.55
12/27/2021,0:00,299.338
12/27/2021,6:00,291.528
12/27/2021,12:00,290.652
12/27/2021,18:00,299.886
12/28/2021,0:00,296.656
12/28/2021,6:00,293.328
12/28/2021,12:00,291.93
12/28/2021,18:00,301.302
12/29/2021,0:00,297.811
12/29/2021,6:00,293.599
12/29/2021,12:00,291.832
12/29/2021,18:00,300.133
12/30/2021,0:00,294.85
12/30/2021,6:00,292.881
12/30/2021,12:00,292.116
12/30/2021,18:00,299.399
12/31/2021,0:00,292.268
12/31/2021,6:00,290.694
12/31/2021,12:00,290.892
12/31/2021,18:00,298.518
1/1/2022,0:00,299.131
1/1/2022,6:00,294.556
1/1/2022,12:00,293.553
1/1/2022,18:00,303.165
1/2/2022,0:00,301.021
1/2/2022,6:00,296.719
1/2/2022,12:00,295.116
1/2/2022,18:00,303.692
1/3/2022,0:00,296.011
1/3/2022,6:00,294.589
1/3/2022,12:00,293.184
1/3/2022,18:00,301.124
1/4/2022,0:00,292.859
1/4/2022,6:00,292.978
1/4/2022,12:00,292.662
1/4/2022,18:00,293.746
1/5/2022,0:00,293.067
1/5/2022,6:00,292.126
1/5/2022,12:00,291.658
1/5/2022,18:00,296.041
1/6/2022,0:00,292.104
1/6/2022,6:00,289.435
1/6/2022,12:00,288.775
1/6/2022,18:00,295.187
1/7/2022,0:00,294.286
1/7/2022,6:00,288.131
1/7/2022,12:00,287.597
1/7/2022,18:00,296.47
1/8/2022,0:00,295.943
1/8/2022,6:00,289.146
1/8/2022,12:00,290.08
1/8/2022,18:00,297.273
1/9/2022,0:00,290.833
1/9/2022,6:00,291.363
1/9/2022,12:00,288.725
1/9/2022,18:00,296.046
1/10/2022,0:00,293.801
1/10/2022,6:00,289.518
1/10/2022,12:00,288.808
1/10/2022,18:00,298.047
1/11/2022,0:00,295.523
1/11/2022,6:00,291.833
1/11/2022,12:00,291.115
1/11/2022,18:00,300.24
1/12/2022,0:00,298.163
1/12/2022,6:00,293.09
1/12/2022,12:00,290.652
1/12/2022,18:00,301.65
1/13/2022,0:00,297.921
1/13/2022,6:00,293.999
1/13/2022,12:00,292.396
1/13/2022,18:00,302.243
1/14/2022,0:00,302.002
1/14/2022,6:00,293.633
1/14/2022,12:00,294.067
1/14/2022,18:00,302.129
1/15/2022,0:00,299.338
1/15/2022,6:00,295.903
1/15/2022,12:00,295.904
1/15/2022,18:00,303.429
1/16/2022,0:00,294.688
1/16/2022,6:00,294.466
1/16/2022,12:00,294.545
1/16/2022,18:00,303.9
1/17/2022,0:00,302.748
1/17/2022,6:00,297.963
1/17/2022,12:00,296.805
1/17/2022,18:00,304.352
1/18/2022,0:00,303.307
1/18/2022,6:00,296.986
1/18/2022,12:00,295.912
1/18/2022,18:00,305.273
1/19/2022,0:00,301.663
1/19/2022,6:00,297.345
1/19/2022,12:00,294.822
1/19/2022,18:00,304.465
1/20/2022,0:00,301.183
1/20/2022,6:00,296.783
1/20/2022,12:00,295.335
1/20/2022,18:00,305.072
1/21/2022,0:00,297.903
1/21/2022,6:00,297.005
1/21/2022,12:00,296.407
1/21/2022,18:00,304.689
1/22/2022,0:00,301.759
1/22/2022,6:00,297.73
1/22/2022,12:00,295.616
1/22/2022,18:00,304.635
1/23/2022,0:00,302.716
1/23/2022,6:00,300.081
1/23/2022,12:00,295.953
1/23/2022,18:00,306.838
1/24/2022,0:00,297.918
1/24/2022,6:00,297.716
1/24/2022,12:00,293.829
1/24/2022,18:00,304.486
1/25/2022,0:00,297.392
1/25/2022,6:00,294.183
1/25/2022,12:00,294.571
1/25/2022,18:00,305.381
1/26/2022,0:00,295.35
1/26/2022,6:00,294.128
1/26/2022,12:00,294.538
1/26/2022,18:00,303.349
1/27/2022,0:00,295.384
1/27/2022,6:00,294.268
1/27/2022,12:00,294.159
1/27/2022,18:00,294.863
1/28/2022,0:00,292.68
1/28/2022,6:00,290.155
1/28/2022,12:00,289.591
1/28/2022,18:00,291.56
1/29/2022,0:00,292.583
1/29/2022,6:00,288.125
1/29/2022,12:00,287.194
1/29/2022,18:00,294.942
1/30/2022,0:00,291.767
1/30/2022,6:00,288.715
1/30/2022,12:00,288.269
1/30/2022,18:00,296.417
1/31/2022,0:00,296.035
1/31/2022,6:00,291.477
1/31/2022,12:00,290.764
1/31/2022,18:00,298.952
2/1/2022,0:00,296.794
2/1/2022,6:00,291.679
2/1/2022,12:00,290.88
2/1/2022,18:00,301.303
2/2/2022,0:00,297.86
2/2/2022,6:00,293.644
2/2/2022,12:00,292.551
2/2/2022,18:00,302.213
2/3/2022,0:00,300.54
2/3/2022,6:00,295.028
2/3/2022,12:00,294.95
2/3/2022,18:00,300.658
2/4/2022,0:00,297.673
2/4/2022,6:00,292.517
2/4/2022,12:00,292.823
2/4/2022,18:00,294.739
2/5/2022,0:00,295.817
2/5/2022,6:00,294.276
2/5/2022,12:00,293.441
2/5/2022,18:00,294.069
2/6/2022,0:00,293.788
2/6/2022,6:00,289.786
2/6/2022,12:00,286.762
2/6/2022,18:00,292.507
2/7/2022,0:00,291.725
2/7/2022,6:00,286.588
2/7/2022,12:00,283.91
2/7/2022,18:00,291.751
2/8/2022,0:00,290.235
2/8/2022,6:00,287.025
2/8/2022,12:00,285.816
2/8/2022,18:00,294.609
2/9/2022,0:00,292.002
2/9/2022,6:00,287.224
2/9/2022,12:00,286.275
2/9/2022,18:00,296.767
2/10/2022,0:00,294.461
2/10/2022,6:00,288.719
2/10/2022,12:00,288.162
2/10/2022,18:00,298.419
2/11/2022,0:00,297.498
2/11/2022,6:00,293.828
2/11/2022,12:00,290.849
2/11/2022,18:00,296.539
2/12/2022,0:00,295.955
2/12/2022,6:00,294.149
2/12/2022,12:00,293.774
2/12/2022,18:00,302.156
2/13/2022,0:00,294.254
2/13/2022,6:00,291.832
2/13/2022,12:00,291.051
2/13/2022,18:00,292.209
2/14/2022,0:00,293.286
2/14/2022,6:00,287.304
2/14/2022,12:00,285.001
2/14/2022,18:00,295.491
2/15/2022,0:00,294.26
2/15/2022,6:00,287.924
2/15/2022,12:00,286.655
2/15/2022,18:00,297.474
2/16/2022,0:00,295.541
2/16/2022,6:00,291.066
2/16/2022,12:00,288.353
2/16/2022,18:00,299.94
2/17/2022,0:00,297.933
2/17/2022,6:00,291.152
2/17/2022,12:00,290.242
2/17/2022,18:00,300.189
2/18/2022,0:00,296.816
2/18/2022,6:00,291.279
2/18/2022,12:00,289.651
2/18/2022,18:00,300.082
2/19/2022,0:00,298.719
2/19/2022,6:00,289.845
2/19/2022,12:00,289.145
2/19/2022,18:00,299.707
2/20/2022,0:00,296.612
2/20/2022,6:00,292.628
2/20/2022,12:00,292.734
2/20/2022,18:00,302.481
2/21/2022,0:00,298.161
2/21/2022,6:00,292.126
2/21/2022,12:00,291.458
2/21/2022,18:00,296.961
2/22/2022,0:00,294.9
2/22/2022,6:00,293.337
2/22/2022,12:00,293.21
2/22/2022,18:00,298.533
2/23/2022,0:00,298.675
2/23/2022,6:00,292.967
2/23/2022,12:00,291.248
2/23/2022,18:00,299.518
2/24/2022,0:00,297.447
2/24/2022,6:00,293.547
2/24/2022,12:00,291.665
2/24/2022,18:00,301.24
2/25/2022,0:00,294.481
2/25/2022,6:00,293.758
2/25/2022,12:00,293.693
2/25/2022,18:00,299.932
2/26/2022,0:00,297.383
2/26/2022,6:00,292.997
2/26/2022,12:00,292.557
2/26/2022,18:00,301.123
2/27/2022,0:00,301.814
2/27/2022,6:00,296.207
2/27/2022,12:00,295.23
2/27/2022,18:00,302.188
2/28/2022,0:00,301.825
2/28/2022,6:00,298.42
2/28/2022,12:00,296.45
2/28/2022,18:00,303.488
3/1/2022,0:00,294.517
3/1/2022,6:00,293.191
3/1/2022,12:00,292.879
3/1/2022,18:00,294.888
3/2/2022,0:00,297.374
3/2/2022,6:00,293.176
3/2/2022,12:00,292.549
3/2/2022,18:00,295.786
3/3/2022,0:00,292.043
3/3/2022,6:00,292.368
3/3/2022,12:00,291.146
3/3/2022,18:00,297.129
3/4/2022,0:00,297.474
3/4/2022,6:00,292.894
3/4/2022,12:00,292.356
3/4/2022,18:00,299.166
3/5/2022,0:00,295.787
3/5/2022,6:00,294.319
3/5/2022,12:00,293.541
3/5/2022,18:00,301.637
3/6/2022,0:00,300.136
3/6/2022,6:00,295.142
3/6/2022,12:00,293.957
3/6/2022,18:00,298.484
3/7/2022,0:00,294.625
3/7/2022,6:00,294.275
3/7/2022,12:00,293.558
3/7/2022,18:00,299.582
3/8/2022,0:00,293.429
3/8/2022,6:00,292.636
3/8/2022,12:00,291.691
3/8/2022,18:00,298.299
3/9/2022,0:00,293.7
3/9/2022,6:00,293.354
3/9/2022,12:00,293.23
3/9/2022,18:00,296.822
3/10/2022,0:00,292.709
3/10/2022,6:00,292.783
3/10/2022,12:00,292.155
3/10/2022,18:00,296.604
3/11/2022,0:00,291.785
3/11/2022,6:00,292.029
3/11/2022,12:00,292.373
3/11/2022,18:00,291.146
3/12/2022,0:00,289.662
3/12/2022,6:00,287.759
3/12/2022,12:00,285.85
3/12/2022,18:00,290.055
3/13/2022,0:00,290.487
3/13/2022,6:00,288.375
3/13/2022,12:00,289.52
3/13/2022,18:00,291.507
3/14/2022,0:00,289.142
3/14/2022,6:00,287.381
3/14/2022,12:00,287.146
3/14/2022,18:00,290.959
3/15/2022,0:00,289.8
3/15/2022,6:00,287.924
3/15/2022,12:00,288.584
3/15/2022,18:00,293.564
3/16/2022,0:00,291.707
3/16/2022,6:00,289.464
3/16/2022,12:00,289.186
3/16/2022,18:00,293.431
3/17/2022,0:00,293.485
3/17/2022,6:00,290.82
3/17/2022,12:00,290.066
3/17/2022,18:00,296.938
3/18/2022,0:00,295.716
3/18/2022,6:00,293.837
3/18/2022,12:00,294.188
3/18/2022,18:00,299.121
3/19/2022,0:00,292.525
3/19/2022,6:00,290.932
3/19/2022,12:00,290.079
3/19/2022,18:00,290.283
3/20/2022,0:00,287.807
3/20/2022,6:00,285.283
3/20/2022,12:00,284.497
3/20/2022,18:00,290.037
3/21/2022,0:00,287.912
3/21/2022,6:00,285.309
3/21/2022,12:00,285.79
3/21/2022,18:00,293.308
3/22/2022,0:00,292.021
3/22/2022,6:00,289.663
3/22/2022,12:00,289.382
3/22/2022,18:00,294.942
3/23/2022,0:00,292.81
3/23/2022,6:00,291.648
3/23/2022,12:00,292.055
3/23/2022,18:00,292.899
3/24/2022,0:00,291.057
3/24/2022,6:00,291.637
3/24/2022,12:00,292.482
3/24/2022,18:00,293.338
3/25/2022,0:00,293.058
3/25/2022,6:00,287.553
3/25/2022,12:00,286.233
3/25/2022,18:00,286.371
3/26/2022,0:00,287.128
3/26/2022,6:00,284.867
3/26/2022,12:00,283.961
3/26/2022,18:00,288.475
3/27/2022,0:00,288.18
3/27/2022,6:00,286.568
3/27/2022,12:00,285.817
3/27/2022,18:00,291.157
3/28/2022,0:00,290.227
3/28/2022,6:00,287.28
3/28/2022,12:00,286.103
3/28/2022,18:00,292.705
3/29/2022,0:00,291.541
3/29/2022,6:00,290.512
3/29/2022,12:00,290.379
3/29/2022,18:00,295.028
3/30/2022,0:00,296.96
3/30/2022,6:00,295.129
3/30/2022,12:00,291.334
3/30/2022,18:00,285.7
3/31/2022,0:00,283.9
3/31/2022,6:00,282.672
3/31/2022,12:00,281.652
3/31/2022,18:00,283.914
4/1/2022,0:00,282.466
4/1/2022,6:00,280.51
4/1/2022,12:00,279.804
4/1/2022,18:00,285.591
4/2/2022,0:00,286.668
4/2/2022,6:00,284.227
4/2/2022,12:00,284.147
4/2/2022,18:00,290.397
4/3/2022,0:00,290.797
4/3/2022,6:00,289.953
4/3/2022,12:00,289.451
4/3/2022,18:00,290.943
4/4/2022,0:00,292.837
4/4/2022,6:00,291.971
4/4/2022,12:00,291.079
4/4/2022,18:00,291.64
4/5/2022,0:00,293.012
4/5/2022,6:00,290.337
4/5/2022,12:00,289
4/5/2022,18:00,292.769
4/6/2022,0:00,292.822
4/6/2022,6:00,291.341
4/6/2022,12:00,290.539
4/6/2022,18:00,293.958
4/7/2022,0:00,294.258
4/7/2022,6:00,293.339
4/7/2022,12:00,292.3
4/7/2022,18:00,290.347
4/8/2022,0:00,289.714
4/8/2022,6:00,289.914
4/8/2022,12:00,289.758
4/8/2022,18:00,292.637
4/9/2022,0:00,291.5
4/9/2022,6:00,289.276
4/9/2022,12:00,288.519
4/9/2022,18:00,292.739
4/10/2022,0:00,290.232
4/10/2022,6:00,288.821
4/10/2022,12:00,288.528
4/10/2022,18:00,292.9
4/11/2022,0:00,291.9
4/11/2022,6:00,290.854
4/11/2022,12:00,290.3
4/11/2022,18:00,290.4
4/12/2022,0:00,289.883
4/12/2022,6:00,288.702
4/12/2022,12:00,288.602
4/12/2022,18:00,289.677
4/13/2022,0:00,291.515
4/13/2022,6:00,290.204
4/13/2022,12:00,289.815
4/13/2022,18:00,292.723
4/14/2022,0:00,289.548
4/14/2022,6:00,287.281
4/14/2022,12:00,284.853
4/14/2022,18:00,287.655
4/15/2022,0:00,284.041
4/15/2022,6:00,282.165
4/15/2022,12:00,281.262
4/15/2022,18:00,285.859
4/16/2022,0:00,285.242
4/16/2022,6:00,283.284
4/16/2022,12:00,282.134
4/16/2022,18:00,286.588
4/17/2022,0:00,286.626
4/17/2022,6:00,284.3
4/17/2022,12:00,283.7
4/17/2022,18:00,288.709
4/18/2022,0:00,288.501
4/18/2022,12:00,285.7
4/18/2022,18:00,290.4
4/19/2022,0:00,289.514
4/19/2022,6:00,287.611
4/19/2022,12:00,286.377
4/19/2022,18:00,291.114
4/20/2022,0:00,290.345
4/20/2022,6:00,287.856
4/20/2022,12:00,286.958
4/20/2022,18:00,292.051
4/21/2022,0:00,290.8
4/21/2022,6:00,288.993
4/21/2022,12:00,289.149
4/21/2022,18:00,293.379
4/22/2022,0:00,291.756
4/22/2022,6:00,288.3
4/22/2022,12:00,286.945
4/22/2022,18:00,290.153
4/23/2022,0:00,289.921
4/23/2022,6:00,288.385
4/23/2022,12:00,287.777
4/23/2022,18:00,288.928
4/24/2022,0:00,286.91
4/24/2022,6:00,285.167
4/24/2022,12:00,285.203
4/24/2022,18:00,290.262
4/25/2022,0:00,293.935
4/25/2022,6:00,292.844
4/25/2022,12:00,292.312
4/25/2022,18:00,294.715
4/26/2022,0:00,295.844
4/26/2022,6:00,294.033
4/26/2022,12:00,291.844
4/26/2022,18:00,295.494
4/27/2022,0:00,296.687
4/27/2022,6:00,295.503
4/27/2022,12:00,294.702
4/27/2022,18:00,297.105
4/28/2022,0:00,295.562
4/28/2022,6:00,295.028
4/28/2022,12:00,294.831
4/28/2022,18:00,294.831
4/29/2022,0:00,291.002
4/29/2022,6:00,289.55
4/29/2022,12:00,287.702
4/29/2022,18:00,288.694
4/30/2022,0:00,286.8
4/30/2022,6:00,285.524
4/30/2022,12:00,285.551
4/30/2022,18:00,290.887
5/1/2022,0:00,290.198
5/1/2022,6:00,290.015
5/1/2022,12:00,289.155
5/1/2022,18:00,291.232
5/2/2022,0:00,290.748
5/2/2022,6:00,290.148
5/2/2022,12:00,289.402
5/2/2022,18:00,289.056
5/3/2022,0:00,286.722
5/3/2022,6:00,286.059
5/3/2022,12:00,286.605
5/3/2022,18:00,286.282
5/4/2022,0:00,287.203
5/4/2022,6:00,285.126
5/4/2022,12:00,286.517
5/4/2022,18:00,287.433
5/5/2022,0:00,288.291
5/5/2022,6:00,286.665
5/5/2022,12:00,287.53
5/5/2022,18:00,288.7
5/6/2022,0:00,285.728
5/6/2022,6:00,283.803
5/6/2022,12:00,283.085
5/6/2022,18:00,286.81
5/7/2022,0:00,286.156
5/7/2022,6:00,284.69
5/7/2022,12:00,283.34
5/7/2022,18:00,287.363
5/8/2022,0:00,287.9
5/8/2022,6:00,286.046
5/8/2022,12:00,285.319
5/8/2022,18:00,288.558
5/9/2022,0:00,286.749
5/9/2022,6:00,285.676
5/9/2022,12:00,285.5
5/9/2022,18:00,289.041
5/10/2022,0:00,289.105
5/10/2022,6:00,287.946
5/10/2022,12:00,287.7
5/10/2022,18:00,288.5
5/11/2022,0:00,287.499
5/11/2022,6:00,285.6
5/11/2022,12:00,283.802
5/11/2022,18:00,286.502
5/12/2022,0:00,285.896
5/12/2022,6:00,283.337
5/12/2022,12:00,282.578
5/12/2022,18:00,285.5
5/13/2022,0:00,285.061
5/13/2022,6:00,283.399
5/13/2022,12:00,283.143
5/13/2022,18:00,286.99
5/14/2022,0:00,288.365
5/14/2022,6:00,287.281
5/14/2022,12:00,287.286
5/14/2022,18:00,288.595
5/15/2022,0:00,288.2
5/15/2022,6:00,288.432
5/15/2022,12:00,288.273
5/15/2022,18:00,287.886
5/16/2022,0:00,285
5/16/2022,6:00,282.122
5/16/2022,12:00,279.072
5/16/2022,18:00,281.159
5/17/2022,0:00,281.66
5/17/2022,6:00,280.788
5/17/2022,12:00,280.257
5/17/2022,18:00,280.741
5/18/2022,0:00,279.948
5/18/2022,6:00,279.912
5/18/2022,12:00,280.493
5/18/2022,18:00,280.348
5/19/2022,0:00,281.835
5/19/2022,6:00,280.029
5/19/2022,12:00,278.441
5/19/2022,18:00,281.259
5/20/2022,0:00,282.017
5/20/2022,6:00,280.175
5/20/2022,12:00,279.052
5/20/2022,18:00,282.451
5/21/2022,0:00,282.598
5/21/2022,6:00,281.071
5/21/2022,12:00,280.3
5/21/2022,18:00,283.982
5/22/2022,0:00,284.5
5/22/2022,6:00,283.565
5/22/2022,12:00,282.875
5/22/2022,18:00,285.773
5/23/2022,0:00,285.935
5/23/2022,6:00,284.564
5/23/2022,12:00,283.633
5/23/2022,18:00,287.136
5/24/2022,0:00,287.44
5/24/2022,6:00,286.115
5/24/2022,12:00,285.14
5/24/2022,18:00,288.656
5/25/2022,0:00,289.184
5/25/2022,6:00,287.63
5/25/2022,12:00,286.949
5/25/2022,18:00,290.355
5/26/2022,0:00,291.55
5/26/2022,6:00,290.877
5/26/2022,12:00,289.7
5/26/2022,18:00,289.7
5/27/2022,0:00,289.003
5/27/2022,6:00,288.793
5/27/2022,12:00,288.063
5/27/2022,18:00,289.746
5/28/2022,0:00,288.943
5/28/2022,6:00,288.959
5/28/2022,12:00,288.795
5/28/2022,18:00,290.191
5/29/2022,0:00,289.856
5/29/2022,6:00,289.759
5/29/2022,12:00,289.225
5/29/2022,18:00,289.6
5/30/2022,0:00,287.637
5/30/2022,6:00,286.316
5/30/2022,12:00,285.684
5/30/2022,18:00,285.514
5/31/2022,0:00,279.529
5/31/2022,6:00,277.21
5/31/2022,12:00,275.989
5/31/2022,18:00,278.8
6/1/2022,0:00,279.363
6/1/2022,6:00,278.268
6/1/2022,12:00,277.683
6/1/2022,18:00,280.6
6/2/2022,0:00,280.865
6/2/2022,6:00,279.781
6/2/2022,12:00,279.454
6/2/2022,18:00,281.615
6/3/2022,0:00,282.008
6/3/2022,6:00,279.616
6/3/2022,12:00,278.358
6/3/2022,18:00,280.472
6/4/2022,0:00,281.687
6/4/2022,6:00,281.096
6/4/2022,12:00,281.823
6/4/2022,18:00,285.61
6/5/2022,0:00,288.117
6/5/2022,6:00,287.976
6/5/2022,12:00,287.588
6/5/2022,18:00,289.375
6/6/2022,0:00,289.47
6/6/2022,6:00,288.971
6/6/2022,12:00,288.8
6/6/2022,18:00,288.828
6/7/2022,0:00,288.435
6/7/2022,6:00,288.045
6/7/2022,12:00,287.545
6/7/2022,18:00,288.56
6/8/2022,0:00,289.704
6/8/2022,6:00,287.894
6/8/2022,12:00,285.797
6/8/2022,18:00,288.31
6/9/2022,0:00,289.851
6/9/2022,6:00,286.778
6/9/2022,12:00,285.336
6/9/2022,18:00,288.164
6/10/2022,0:00,288.497
6/10/2022,6:00,287.15
6/10/2022,12:00,284.343
6/10/2022,18:00,285.8
6/11/2022,0:00,279.527
6/11/2022,6:00,276.304
6/11/2022,12:00,274.784
6/11/2022,18:00,277
6/12/2022,0:00,276.881
6/12/2022,6:00,275.536
6/12/2022,12:00,274.838
6/12/2022,18:00,277.632
6/13/2022,0:00,278.731
6/13/2022,6:00,277.37
6/13/2022,12:00,277.113
6/13/2022,18:00,280.247
6/14/2022,0:00,282.485
6/14/2022,6:00,281.727
6/14/2022,12:00,281.085
6/14/2022,18:00,284.005
6/15/2022,0:00,284.148
6/15/2022,6:00,282.985
6/15/2022,12:00,282.085
6/15/2022,18:00,284.861
6/16/2022,0:00,286.639
6/16/2022,6:00,285.634
6/16/2022,12:00,285.406
6/16/2022,18:00,288.5
6/17/2022,0:00,290.149
6/17/2022,6:00,289.427
6/17/2022,12:00,289.555
6/17/2022,18:00,288.802
6/18/2022,0:00,283.438
6/18/2022,6:00,279.773
6/18/2022,12:00,277.54
6/18/2022,18:00,279.401
6/19/2022,0:00,279.09
6/19/2022,6:00,277.905
6/19/2022,12:00,277.516
6/19/2022,18:00,280.471
6/20/2022,0:00,283.429
6/20/2022,6:00,283.5
6/20/2022,12:00,283.683
6/20/2022,18:00,285.965
6/21/2022,0:00,287.91
6/21/2022,6:00,287.276
6/21/2022,12:00,287.919
6/21/2022,18:00,289.304
6/22/2022,0:00,290.134
6/22/2022,6:00,288.993
6/22/2022,12:00,288.7
6/22/2022,18:00,289.912
6/23/2022,0:00,290.508
6/23/2022,6:00,289.251
6/23/2022,12:00,288.36
6/23/2022,18:00,288.702
6/24/2022,0:00,289.002
6/24/2022,6:00,288.774
6/24/2022,12:00,288.909
6/24/2022,18:00,289.162
6/25/2022,0:00,288.151
6/25/2022,6:00,287.835
6/25/2022,12:00,286.185
6/25/2022,18:00,286.1
6/26/2022,0:00,284.048
6/26/2022,6:00,281.248
6/26/2022,12:00,280.748
6/26/2022,18:00,283.011
6/27/2022,0:00,286.784
6/27/2022,6:00,287.215
6/27/2022,12:00,287.344
6/27/2022,18:00,289.19
6/28/2022,0:00,288.871
6/28/2022,6:00,287.961
6/28/2022,12:00,286.992
6/28/2022,18:00,288.998
6/29/2022,0:00,285.635
6/29/2022,6:00,282.967
6/29/2022,12:00,280.854
6/29/2022,18:00,281.054
6/30/2022,0:00,281.942
6/30/2022,6:00,280.776
6/30/2022,12:00,279.859
6/30/2022,18:00,283.026
7/1/2022,0:00,283.163
7/1/2022,6:00,281.769
7/1/2022,12:00,281.672
7/1/2022,18:00,284.781
7/2/2022,0:00,289.078
7/2/2022,6:00,288.591
7/2/2022,12:00,287.566
7/2/2022,18:00,289.603
7/3/2022,0:00,290.933
7/3/2022,6:00,291.113
7/3/2022,12:00,290.305
7/3/2022,18:00,290.9
7/4/2022,0:00,291.603
7/4/2022,6:00,290.504
7/4/2022,12:00,290.505
7/4/2022,18:00,292.203
7/5/2022,0:00,291.353
7/5/2022,6:00,290.171
7/5/2022,12:00,289.742
7/5/2022,18:00,291.198
7/6/2022,0:00,290.9
7/6/2022,6:00,289.564
7/6/2022,12:00,288.994
7/6/2022,18:00,290.903
7/7/2022,0:00,290.76
7/7/2022,6:00,289.149
7/7/2022,12:00,288.824
7/7/2022,18:00,290.239
7/8/2022,0:00,289.642
7/8/2022,6:00,287.302
7/8/2022,12:00,287.369
7/8/2022,18:00,289.985
7/9/2022,0:00,290.672
7/9/2022,6:00,290
7/9/2022,12:00,288.991
7/9/2022,18:00,290.215
7/10/2022,0:00,292.038
7/10/2022,6:00,290.802
7/10/2022,12:00,289.792
7/10/2022,18:00,290.91
7/11/2022,0:00,292.893
7/11/2022,6:00,291.095
7/11/2022,12:00,290.854
7/11/2022,18:00,292.426
7/12/2022,0:00,290.09
7/12/2022,6:00,283.625
7/12/2022,12:00,282.227
7/12/2022,18:00,282.558
7/13/2022,0:00,280.704
7/13/2022,6:00,278.957
7/13/2022,12:00,278.531
7/13/2022,18:00,281.515
7/14/2022,0:00,284.742
7/14/2022,6:00,284.725
7/14/2022,12:00,287.206
7/14/2022,18:00,289.304
7/15/2022,0:00,291.249
7/15/2022,6:00,290.8
7/15/2022,12:00,289.024
7/15/2022,18:00,289.46
7/16/2022,0:00,291.375
7/16/2022,6:00,291.729
7/16/2022,12:00,290.654
7/16/2022,18:00,290.201
7/17/2022,0:00,282.064
7/17/2022,6:00,280.086
7/17/2022,12:00,279.243
7/17/2022,18:00,280.608
7/18/2022,0:00,280.352
7/18/2022,6:00,279.42
7/18/2022,12:00,278.808
7/18/2022,18:00,282.493
7/19/2022,0:00,286.997
7/19/2022,6:00,285.267
7/19/2022,12:00,285.228
7/19/2022,18:00,287.5
7/20/2022,0:00,287.42
7/20/2022,6:00,287.231
7/20/2022,12:00,287.7
7/20/2022,18:00,290.7
7/21/2022,0:00,291.343
7/21/2022,6:00,289.985
7/21/2022,12:00,289.806
7/21/2022,18:00,291.695
7/22/2022,0:00,291.388
7/22/2022,6:00,290.581
7/22/2022,12:00,290
7/22/2022,18:00,291.766
7/23/2022,0:00,290.691
7/23/2022,6:00,288.9
7/23/2022,12:00,289.016
7/23/2022,18:00,291.913
7/24/2022,0:00,291.417
7/24/2022,6:00,291.068
7/24/2022,12:00,289.946
7/24/2022,18:00,291.846
7/25/2022,0:00,291.905
7/25/2022,6:00,290.731
7/25/2022,12:00,289.236
7/25/2022,18:00,291.761
7/26/2022,0:00,290.817
7/26/2022,6:00,289.424
7/26/2022,12:00,288.445
7/26/2022,18:00,291.4
7/27/2022,0:00,290.823
7/27/2022,6:00,289.638
7/27/2022,12:00,288.514
7/27/2022,18:00,291.617
7/28/2022,0:00,290.662
7/28/2022,6:00,290.018
7/28/2022,12:00,289.33
7/28/2022,18:00,291.778
7/29/2022,0:00,286.573
7/29/2022,6:00,281.673
7/29/2022,12:00,278.8
7/29/2022,18:00,280.707
7/30/2022,0:00,281.281
7/30/2022,6:00,279.205
7/30/2022,12:00,278.33
7/30/2022,18:00,281.877
7/31/2022,0:00,282.625
7/31/2022,6:00,281.27
7/31/2022,12:00,280.718
7/31/2022,18:00,284.766
8/1/2022,0:00,284.822
8/1/2022,6:00,283.469
8/1/2022,12:00,283.365
8/1/2022,18:00,287.116
8/2/2022,0:00,287.99
8/2/2022,6:00,286.883
8/2/2022,12:00,287.016
8/2/2022,18:00,290.4
8/3/2022,0:00,291.233
8/3/2022,6:00,290.048
8/3/2022,12:00,289.05
8/3/2022,18:00,291.81
8/4/2022,0:00,292.521
8/4/2022,6:00,292.252
8/4/2022,12:00,289.785
8/4/2022,18:00,289.215
8/5/2022,0:00,286.404
8/5/2022,6:00,284.1
8/5/2022,12:00,282.709
8/5/2022,18:00,284.5
8/6/2022,0:00,282.127
8/6/2022,6:00,280.456
8/6/2022,12:00,280.022
8/6/2022,18:00,284.219
8/7/2022,0:00,284.245
8/7/2022,6:00,282.956
8/7/2022,12:00,282.903
8/7/2022,18:00,285.105
8/8/2022,0:00,284.79
8/8/2022,6:00,284.599
8/8/2022,12:00,284.523
8/8/2022,18:00,285.661
8/9/2022,0:00,285.366
8/9/2022,6:00,284.119
8/9/2022,12:00,284.019
8/9/2022,18:00,284.781
8/10/2022,0:00,282.541
8/10/2022,6:00,280.526
8/10/2022,12:00,280.717
8/10/2022,18:00,281.332
8/11/2022,0:00,282.921
8/11/2022,6:00,279.074
8/11/2022,12:00,278.253
8/11/2022,18:00,282.411
8/12/2022,0:00,283.111
8/12/2022,6:00,282.209
8/12/2022,12:00,282.389
8/12/2022,18:00,285.134
8/13/2022,0:00,285.387
8/13/2022,6:00,285.113
8/13/2022,12:00,285.051
8/13/2022,18:00,287.611
8/14/2022,0:00,287.142
8/14/2022,6:00,286.497
8/14/2022,12:00,286.365
8/14/2022,18:00,288.566
8/15/2022,0:00,288.361
8/15/2022,6:00,288.369
8/15/2022,12:00,289.567
8/15/2022,18:00,290.818
8/16/2022,0:00,290.3
8/16/2022,6:00,288.304
8/16/2022,12:00,287.384
8/16/2022,18:00,287.591
8/17/2022,0:00,288.029
8/17/2022,6:00,286.527
8/17/2022,12:00,285.801
8/17/2022,18:00,288.901
8/18/2022,0:00,290.404
8/18/2022,6:00,289.108
8/18/2022,12:00,281.3
8/18/2022,18:00,281.573
8/19/2022,0:00,277.882
8/19/2022,6:00,275
8/19/2022,12:00,273.936
8/19/2022,18:00,278.107
8/20/2022,0:00,277.236
8/20/2022,6:00,275.537
8/20/2022,12:00,274.636
8/20/2022,18:00,279.981
8/21/2022,0:00,280.861
8/21/2022,6:00,280.248
8/21/2022,12:00,279.559
8/21/2022,18:00,284.767
8/22/2022,0:00,283.733
8/22/2022,6:00,281.592
8/22/2022,12:00,281.334
8/22/2022,18:00,286.003
8/23/2022,0:00,286.2
8/23/2022,6:00,284.605
8/23/2022,12:00,284.196
8/23/2022,18:00,288.7
8/24/2022,0:00,288.165
8/24/2022,6:00,287.134
8/24/2022,12:00,286.571
8/24/2022,18:00,289.975
8/25/2022,0:00,289.454
8/25/2022,6:00,287.798
8/25/2022,12:00,287.196
8/25/2022,18:00,291
8/26/2022,0:00,290.004
8/26/2022,6:00,288.372
8/26/2022,12:00,287.642
8/26/2022,18:00,291.449
8/27/2022,0:00,290.145
8/27/2022,6:00,288.224
8/27/2022,12:00,287.834
8/27/2022,18:00,291.987
8/28/2022,0:00,291.537
8/28/2022,6:00,289.68
8/28/2022,12:00,282.761
8/28/2022,18:00,282.077
8/29/2022,0:00,280.092
8/29/2022,6:00,277.105
8/29/2022,12:00,275.004
8/29/2022,18:00,278.649
8/30/2022,0:00,279.671
8/30/2022,6:00,278.344
8/30/2022,12:00,278.308
8/30/2022,18:00,283.002
8/31/2022,0:00,284.12
8/31/2022,6:00,281.837
8/31/2022,12:00,281.009
8/31/2022,18:00,285.877
9/1/2022,0:00,286.424
9/1/2022,6:00,285.945
9/1/2022,12:00,286.039
9/1/2022,18:00,290.256
9/2/2022,0:00,291.928
9/2/2022,6:00,289.303
9/2/2022,12:00,288.418
9/2/2022,18:00,289.182
9/3/2022,0:00,286.095
9/3/2022,6:00,281.817
9/3/2022,12:00,279.517
9/3/2022,18:00,283.158
9/4/2022,0:00,278.923
9/4/2022,6:00,277.09
9/4/2022,12:00,275.456
9/4/2022,18:00,280.548
9/5/2022,0:00,281.91
9/5/2022,6:00,280.492
9/5/2022,12:00,281.319
9/5/2022,18:00,287.046
9/6/2022,0:00,287.218
9/6/2022,6:00,286.58
9/6/2022,12:00,285.46
9/6/2022,18:00,287.481
9/7/2022,0:00,286.916
9/7/2022,6:00,285.316
9/7/2022,12:00,284.616
9/7/2022,18:00,289.235
9/8/2022,0:00,287.191
9/8/2022,6:00,286.487
9/8/2022,12:00,286.797
9/8/2022,18:00,293.293
9/9/2022,0:00,293.664
9/9/2022,6:00,294.8
9/9/2022,12:00,293.516
9/9/2022,18:00,293.91
9/10/2022,0:00,285.467
9/10/2022,6:00,282.222
9/10/2022,12:00,279.3
9/10/2022,18:00,281.823
9/11/2022,0:00,280.728
9/11/2022,6:00,278.502
9/11/2022,12:00,277.878
9/11/2022,18:00,284.08
9/12/2022,0:00,287.113
9/12/2022,6:00,286.717
9/12/2022,12:00,287.741
9/12/2022,18:00,291.117
9/13/2022,0:00,286.347
9/13/2022,6:00,283.895
9/13/2022,12:00,282.566
9/13/2022,18:00,287.259
9/14/2022,0:00,284.613
9/14/2022,6:00,282.12
9/14/2022,12:00,281.143
9/14/2022,18:00,286.863
9/15/2022,0:00,283.761
9/15/2022,6:00,281.793
9/15/2022,12:00,281.372
9/15/2022,18:00,286.729
9/16/2022,0:00,285.824
9/16/2022,6:00,282.489
9/16/2022,12:00,283.142
9/16/2022,18:00,285.868
9/17/2022,0:00,286.6
9/17/2022,6:00,284.004
9/17/2022,12:00,282.878
9/17/2022,18:00,287.452
9/18/2022,0:00,286.656
9/18/2022,6:00,283.9
9/18/2022,12:00,281.756
9/18/2022,18:00,286.91
9/19/2022,0:00,289.2
9/19/2022,6:00,287.9
9/19/2022,12:00,286.882
9/19/2022,18:00,287.328
9/20/2022,0:00,287.994
9/20/2022,6:00,286.927
9/20/2022,12:00,284.2
9/20/2022,18:00,289.101
9/21/2022,0:00,287.425
9/21/2022,6:00,284.901
9/21/2022,12:00,284.505
9/21/2022,18:00,290.282
9/22/2022,0:00,287.345
9/22/2022,6:00,286.155
9/22/2022,12:00,285
9/22/2022,18:00,284.961
9/23/2022,0:00,282.633
9/23/2022,6:00,279.464
9/23/2022,12:00,278.268
9/23/2022,18:00,283.823
9/24/2022,0:00,281.693
9/24/2022,6:00,278.848
9/24/2022,12:00,278.482
9/24/2022,18:00,285.156
9/25/2022,0:00,284.317
9/25/2022,6:00,283.631
9/25/2022,12:00,286.229
9/25/2022,18:00,288.443
9/26/2022,0:00,287.519
9/26/2022,6:00,285.621
9/26/2022,12:00,285.355
9/26/2022,18:00,289.886
9/27/2022,0:00,288.444
9/27/2022,6:00,286.814
9/27/2022,12:00,286.4
9/27/2022,18:00,291.744
9/28/2022,0:00,288.439
9/28/2022,6:00,285.13
9/28/2022,12:00,284.488
9/28/2022,18:00,287.017
9/29/2022,0:00,287.702
9/29/2022,6:00,284.967
9/29/2022,12:00,284.308
9/29/2022,18:00,284.639
9/30/2022,0:00,285.202
9/30/2022,6:00,285.712
9/30/2022,12:00,286.187
9/30/2022,18:00,287.32
10/1/2022,0:00,286.433
10/1/2022,6:00,285.914
10/1/2022,12:00,287.421
10/1/2022,18:00,289.215
10/2/2022,0:00,286.683
10/2/2022,6:00,283.989
10/2/2022,12:00,283.352
10/2/2022,18:00,289.605
10/3/2022,0:00,286.584
10/3/2022,6:00,283.269
10/3/2022,12:00,282.397
10/3/2022,18:00,288.706
10/4/2022,0:00,285.9
10/4/2022,6:00,282.37
10/4/2022,12:00,280.938
10/4/2022,18:00,288.195
10/5/2022,0:00,286.372
10/5/2022,6:00,284.266
10/5/2022,12:00,284.29
10/5/2022,18:00,293.533
10/6/2022,0:00,292.004
10/6/2022,6:00,289.641
10/6/2022,12:00,289.778
10/6/2022,18:00,290.578
10/7/2022,0:00,289.769
10/7/2022,6:00,285.295
10/7/2022,12:00,284.993
10/7/2022,18:00,286.253
10/8/2022,0:00,286.193
10/8/2022,6:00,283.909
10/8/2022,12:00,283.318
10/8/2022,18:00,289.838
10/9/2022,0:00,288.757
10/9/2022,6:00,285.555
10/9/2022,12:00,282.078
10/9/2022,18:00,282.7
10/10/2022,0:00,280.311
10/10/2022,6:00,280.611
10/10/2022,12:00,280.819
10/10/2022,18:00,282.487
10/11/2022,0:00,284.419
10/11/2022,6:00,284.821
10/11/2022,12:00,285.783
10/11/2022,18:00,286.776
10/12/2022,0:00,286.081
10/12/2022,6:00,285.445
10/12/2022,12:00,285.654
10/12/2022,18:00,287.206
10/13/2022,0:00,287.345
10/13/2022,6:00,285.386
10/13/2022,12:00,285.154
10/13/2022,18:00,291.619
10/14/2022,0:00,289.928
10/14/2022,6:00,287.678
10/14/2022,12:00,286.602
10/14/2022,18:00,288
10/15/2022,0:00,286.082
10/15/2022,6:00,285.573
10/15/2022,12:00,286.886
10/15/2022,18:00,289.475
10/16/2022,0:00,290.697
10/16/2022,6:00,289.6
10/16/2022,12:00,289.267
10/16/2022,18:00,291.105
10/17/2022,0:00,289.539
10/17/2022,6:00,286.6
10/17/2022,12:00,285.9
10/17/2022,18:00,291.368
10/18/2022,0:00,289.754
10/18/2022,6:00,288.26
10/18/2022,12:00,288.545
10/18/2022,18:00,289.49
10/19/2022,0:00,287.81
10/19/2022,6:00,287.238
10/19/2022,12:00,287.077
10/19/2022,18:00,294.007
10/20/2022,0:00,292.855
10/20/2022,6:00,290.834
10/20/2022,12:00,290.358
10/20/2022,18:00,294.417
10/21/2022,0:00,289.475
10/21/2022,6:00,288.304
10/21/2022,12:00,288.609
10/21/2022,18:00,289.11
10/22/2022,0:00,288.533
10/22/2022,6:00,287.444
10/22/2022,12:00,287.202
10/22/2022,18:00,291.515
10/23/2022,0:00,289.358
10/23/2022,6:00,286.769
10/23/2022,12:00,286.332
10/23/2022,18:00,291.794
10/24/2022,0:00,287.799
10/24/2022,6:00,284.292
10/24/2022,12:00,283.621
10/24/2022,18:00,291.647
10/25/2022,0:00,289.371
10/25/2022,6:00,286.215
10/25/2022,12:00,285.93
10/25/2022,18:00,294.098
10/26/2022,0:00,292.937
10/26/2022,6:00,290.835
10/26/2022,12:00,290.62
10/26/2022,18:00,296.767
10/27/2022,0:00,291.331
10/27/2022,6:00,289.914
10/27/2022,12:00,288.623
10/27/2022,18:00,291.734
10/28/2022,0:00,290.295
10/28/2022,6:00,287.161
10/28/2022,12:00,287.065
10/28/2022,18:00,294.581
10/29/2022,0:00,293.647
10/29/2022,6:00,292.228
10/29/2022,12:00,291.038
10/29/2022,18:00,294.217
10/30/2022,0:00,291.633
10/30/2022,6:00,291.121
10/30/2022,12:00,291.064
10/30/2022,18:00,294.632
10/31/2022,0:00,291.639
10/31/2022,6:00,290.782
10/31/2022,12:00,285.98
10/31/2022,18:00,282.485
11/1/2022,0:00,280.188
11/1/2022,6:00,278.442
11/1/2022,12:00,278.31
11/1/2022,18:00,283.104
11/2/2022,0:00,281.632
11/2/2022,6:00,278.705
11/2/2022,12:00,278.462
11/2/2022,18:00,285.107
11/3/2022,0:00,284.061
11/3/2022,6:00,281.727
11/3/2022,12:00,281.627
11/3/2022,18:00,289.286
11/4/2022,0:00,286.424
11/4/2022,6:00,282.705
11/4/2022,12:00,281.82
11/4/2022,18:00,289.027
11/5/2022,0:00,287.515
11/5/2022,6:00,283.676
11/5/2022,12:00,282.75
11/5/2022,18:00,291.295
11/6/2022,0:00,289.47
11/6/2022,6:00,285.602
11/6/2022,12:00,284.679
11/6/2022,18:00,292.025
11/7/2022,0:00,288.824
11/7/2022,6:00,285.04
11/7/2022,12:00,284.025
11/7/2022,18:00,291.178
11/8/2022,0:00,288.625
11/8/2022,6:00,284.424
11/8/2022,12:00,284.058
11/8/2022,18:00,291.42
11/9/2022,0:00,289.305
11/9/2022,6:00,284.963
11/9/2022,12:00,283.719
11/9/2022,18:00,292.142
11/10/2022,0:00,291.042
11/10/2022,6:00,287.489
11/10/2022,12:00,287.004
11/10/2022,18:00,296.126
11/11/2022,0:00,294.232
11/11/2022,6:00,290.596
11/11/2022,12:00,290.252
11/11/2022,18:00,290.726
11/12/2022,0:00,291.524
11/12/2022,6:00,289.739
11/12/2022,12:00,289.697
11/12/2022,18:00,297.014
11/13/2022,0:00,295.507
11/13/2022,6:00,292.816
11/13/2022,12:00,291.485
11/13/2022,18:00,291.797
11/14/2022,0:00,291.853
11/14/2022,6:00,290.754
11/14/2022,12:00,289.427
11/14/2022,18:00,292.127
11/15/2022,0:00,290.525
11/15/2022,6:00,287.024
11/15/2022,12:00,286.079
11/15/2022,18:00,292.322
11/16/2022,0:00,291.242
11/16/2022,6:00,288.725
11/16/2022,12:00,288.328
11/16/2022,18:00,295.998
11/17/2022,0:00,293.199
11/17/2022,6:00,289.323
11/17/2022,12:00,287.524
11/17/2022,18:00,296.483
11/18/2022,0:00,293.009
11/18/2022,6:00,289.817
11/18/2022,12:00,289.028
11/18/2022,18:00,297.205
11/19/2022,0:00,294.414
11/19/2022,6:00,290.8
11/19/2022,12:00,289.401
11/19/2022,18:00,296.753
11/20/2022,0:00,294.156
11/20/2022,6:00,290.9
11/20/2022,12:00,290.497
11/20/2022,18:00,297.813
11/21/2022,0:00,297.909
11/21/2022,6:00,294.586
11/21/2022,12:00,292.618
11/21/2022,18:00,294.569
11/22/2022,0:00,292.493
11/22/2022,6:00,291.366
11/22/2022,12:00,290.909
11/22/2022,18:00,291.101
11/23/2022,0:00,291.165
11/23/2022,6:00,290.626
11/23/2022,12:00,286.71
11/23/2022,18:00,292.518
11/24/2022,0:00,291.087
11/24/2022,6:00,287.472
11/24/2022,12:00,286.951
11/24/2022,18:00,294.868
11/25/2022,0:00,293.5
11/25/2022,6:00,288.748
11/25/2022,12:00,287.793
11/25/2022,18:00,295.843
11/26/2022,0:00,293.552
11/26/2022,6:00,288.55
11/26/2022,12:00,287.878
11/26/2022,18:00,296.112
11/27/2022,0:00,295.383
11/27/2022,6:00,291.4
11/27/2022,12:00,291.354
11/27/2022,18:00,297.058
11/28/2022,0:00,293.382
11/28/2022,6:00,291.379
11/28/2022,12:00,290.717
11/28/2022,18:00,295.494
11/29/2022,0:00,296.202
11/29/2022,6:00,290.936
11/29/2022,12:00,290.392
11/29/2022,18:00,296.867
11/30/2022,0:00,295.167
11/30/2022,6:00,292.529
11/30/2022,12:00,291.511
11/30/2022,18:00,297.654
12/1/2022,0:00,294.914
12/1/2022,6:00,292.349
12/1/2022,12:00,291.159
12/1/2022,18:00,298.952
12/2/2022,0:00,298.515
12/2/2022,6:00,293.375
12/2/2022,12:00,292.883
12/2/2022,18:00,300.157
12/3/2022,0:00,293.015
12/3/2022,6:00,292.94
12/3/2022,12:00,292.193
12/3/2022,18:00,298.541
12/4/2022,0:00,294.708
12/4/2022,6:00,293.588
12/4/2022,12:00,293.153
12/4/2022,18:00,298.228
12/5/2022,0:00,294.908
12/5/2022,6:00,292.806
12/5/2022,12:00,291.99
12/5/2022,18:00,297.845
12/6/2022,0:00,296.659
12/6/2022,6:00,292.505
12/6/2022,12:00,291.898
12/6/2022,18:00,300.139
12/7/2022,0:00,298.22
12/7/2022,6:00,294.163
12/7/2022,12:00,293.743
12/7/2022,18:00,301.515
12/8/2022,0:00,299.262
12/8/2022,6:00,295.229
12/8/2022,12:00,295.451
12/8/2022,18:00,303.308
12/9/2022,0:00,302.048
12/9/2022,6:00,297.146
12/9/2022,12:00,296.083
12/9/2022,18:00,302.973
12/10/2022,0:00,297.509
12/10/2022,6:00,295.685
12/10/2022,12:00,295.421
12/10/2022,18:00,301.894
12/11/2022,0:00,297.269
12/11/2022,6:00,294.477
12/11/2022,12:00,294.05
12/11/2022,18:00,299.191
12/12/2022,0:00,298.673
12/12/2022,6:00,294.949
12/12/2022,12:00,294.536
12/12/2022,18:00,301.379
12/13/2022,0:00,295.247
12/13/2022,6:00,289.931
12/13/2022,12:00,289.179
12/13/2022,18:00,295.081
12/14/2022,0:00,292.558
12/14/2022,6:00,287.992
12/14/2022,12:00,286.529
12/14/2022,18:00,295.399
12/15/2022,0:00,294.873
12/15/2022,6:00,291.494
12/15/2022,12:00,290.196
12/15/2022,18:00,298.576
12/16/2022,0:00,295.55
12/16/2022,6:00,291.088
12/16/2022,12:00,288.834
12/16/2022,18:00,296.06
12/17/2022,0:00,293.489
12/17/2022,6:00,287.679
12/17/2022,12:00,286.695
12/17/2022,18:00,293.611
12/18/2022,0:00,294.142
12/18/2022,6:00,290.427
12/18/2022,12:00,289.989
12/18/2022,18:00,295.983
12/19/2022,0:00,291.928
12/19/2022,6:00,289.437
12/19/2022,12:00,289.225
12/19/2022,18:00,295.299
12/20/2022,0:00,291.216
12/20/2022,6:00,289.859
12/20/2022,12:00,289.479
12/20/2022,18:00,296.846
12/21/2022,0:00,295.325
12/21/2022,6:00,291.083
12/21/2022,12:00,289.919
12/21/2022,18:00,296.984
12/22/2022,0:00,294.743
12/22/2022,6:00,291.331
12/22/2022,12:00,290.063
12/22/2022,18:00,296.816
12/23/2022,0:00,295.943
12/23/2022,6:00,291.704
12/23/2022,12:00,290.815
12/23/2022,18:00,297.236
12/24/2022,0:00,295.763
12/24/2022,6:00,292.057
12/24/2022,12:00,290.784
12/24/2022,18:00,298.999
12/25/2022,0:00,297.259
12/25/2022,6:00,294.847
12/25/2022,12:00,293.879
12/25/2022,18:00,297.472
12/26/2022,0:00,292.512
12/26/2022,6:00,290.59
12/26/2022,12:00,290.363
12/26/2022,18:00,298.267
12/27/2022,0:00,295.649
12/27/2022,6:00,291.064
12/27/2022,12:00,290.373
12/27/2022,18:00,294.555
12/28/2022,0:00,290.477
12/28/2022,6:00,290.268
12/28/2022,12:00,290.853
12/28/2022,18:00,291.647
12/29/2022,0:00,293.432
12/29/2022,6:00,290.148
12/29/2022,12:00,289.014
12/29/2022,18:00,296.173
12/30/2022,0:00,293.907
12/30/2022,6:00,289.691
12/30/2022,12:00,289.058
12/30/2022,18:00,298.505
12/31/2022,0:00,295.762
12/31/2022,6:00,291.469
12/31/2022,12:00,290.881
12/31/2022,18:00,300.474
1/1/2023,0:00,297.961
1/1/2023,6:00,294.628
1/1/2023,12:00,294.709
1/1/2023,18:00,298.761
1/2/2023,0:00,297.471
1/2/2023,6:00,293.315
1/2/2023,12:00,292.65
1/2/2023,18:00,295.922
1/3/2023,0:00,296.108
1/3/2023,6:00,291.799
1/3/2023,12:00,288.179
1/3/2023,18:00,297.415
1/4/2023,0:00,297.285
1/4/2023,6:00,292.723
1/4/2023,12:00,289.342
1/4/2023,18:00,297.311
1/5/2023,0:00,294.911
1/5/2023,6:00,291.829
1/5/2023,12:00,290.031
1/5/2023,18:00,299.219
1/6/2023,0:00,295.114
1/6/2023,6:00,291.233
1/6/2023,12:00,288.757
1/6/2023,18:00,297.615
1/7/2023,0:00,295.095
1/7/2023,6:00,290.097
1/7/2023,12:00,289.047
1/7/2023,18:00,296.402
1/8/2023,0:00,296.167
1/8/2023,6:00,290.09
1/8/2023,12:00,288.519
1/8/2023,18:00,297.28
1/9/2023,0:00,295.97
1/9/2023,6:00,291.205
1/9/2023,12:00,290.361
1/9/2023,18:00,298.938
1/10/2023,0:00,295.97
1/10/2023,6:00,292.356
1/10/2023,12:00,291.886
1/10/2023,18:00,300.622
1/11/2023,0:00,290.226
1/11/2023,6:00,290.942
1/11/2023,12:00,290.408
1/11/2023,18:00,300.149
1/12/2023,0:00,300.102
1/12/2023,6:00,293.721
1/12/2023,12:00,292.803
1/12/2023,18:00,302.155
1/13/2023,0:00,293.049
1/13/2023,6:00,291.393
1/13/2023,12:00,291.236
1/13/2023,18:00,295.687
1/14/2023,0:00,293.115
1/14/2023,6:00,290.839
1/14/2023,12:00,289.548
1/14/2023,18:00,295.534
1/15/2023,0:00,295.993
1/15/2023,6:00,292.301
1/15/2023,12:00,292.531
1/15/2023,18:00,296.725
1/16/2023,0:00,295.153
1/16/2023,6:00,291.985
1/16/2023,12:00,292.024
1/16/2023,18:00,296.382
1/17/2023,0:00,297.521
1/17/2023,6:00,296.082
1/17/2023,12:00,292.536
1/17/2023,18:00,298.202
1/18/2023,0:00,298.087
1/18/2023,6:00,293.673
1/18/2023,12:00,292.644
1/18/2023,18:00,301.666
1/19/2023,0:00,298.407
1/19/2023,6:00,292.435
1/19/2023,12:00,291.775
1/19/2023,18:00,300.647
1/20/2023,0:00,296.301
1/20/2023,6:00,294.353
1/20/2023,12:00,292.659
1/20/2023,18:00,300.706
1/21/2023,0:00,297.272
1/21/2023,6:00,294.679
1/21/2023,12:00,294.468
1/21/2023,18:00,303.283
1/22/2023,0:00,293.987
1/22/2023,6:00,292.369
1/22/2023,12:00,292.564
1/22/2023,18:00,299.513
1/23/2023,0:00,294.336
1/23/2023,6:00,293.239
1/23/2023,12:00,291.946
1/23/2023,18:00,301.074
1/24/2023,0:00,298.638
1/24/2023,6:00,293.62
1/24/2023,12:00,292.604
1/24/2023,18:00,302.668
1/25/2023,0:00,302.069
1/25/2023,6:00,294.85
1/25/2023,12:00,294.146
1/25/2023,18:00,304.515
1/26/2023,0:00,302.206
1/26/2023,6:00,294.851
1/26/2023,12:00,294.016
1/26/2023,18:00,304.335
1/27/2023,0:00,300.226
1/27/2023,6:00,295.336
1/27/2023,12:00,293.833
1/27/2023,18:00,303.587
1/28/2023,0:00,302.227
1/28/2023,6:00,297.065
1/28/2023,12:00,295.572
1/28/2023,18:00,301.818
1/29/2023,0:00,299.396
1/29/2023,6:00,296.528
1/29/2023,12:00,294.52
1/29/2023,18:00,301.694
1/30/2023,0:00,297.403
1/30/2023,6:00,292.476
1/30/2023,12:00,291.881
1/30/2023,18:00,296.861
1/31/2023,0:00,293.742
1/31/2023,6:00,291.951
1/31/2023,12:00,291.157
1/31/2023,18:00,299.751
2/1/2023,0:00,296.126
2/1/2023,6:00,292.527
2/1/2023,12:00,292.312
2/1/2023,18:00,300.528
2/2/2023,0:00,300.268
2/2/2023,6:00,294.142
2/2/2023,12:00,293.22
2/2/2023,18:00,302.631
2/3/2023,0:00,298.567
2/3/2023,6:00,292.438
2/3/2023,12:00,292.344
2/3/2023,18:00,293.935
2/4/2023,0:00,292.929
2/4/2023,6:00,291.246
2/4/2023,12:00,290.331
2/4/2023,18:00,292.399
2/5/2023,0:00,293.378
2/5/2023,6:00,288.711
2/5/2023,12:00,287.902
2/5/2023,18:00,295.85
2/6/2023,0:00,293.184
2/6/2023,6:00,289.25
2/6/2023,12:00,288.419
2/6/2023,18:00,299.957
2/7/2023,0:00,296.641
2/7/2023,6:00,291.956
2/7/2023,12:00,291.1
2/7/2023,18:00,300.863
2/8/2023,0:00,301.146
2/8/2023,6:00,292.484
2/8/2023,12:00,292.364
2/8/2023,18:00,301.793
2/9/2023,0:00,301.032
2/9/2023,6:00,295.339
2/9/2023,12:00,293.205
2/9/2023,18:00,297.545
2/10/2023,0:00,298.43
2/10/2023,6:00,294.626
2/10/2023,12:00,293.137
2/10/2023,18:00,300.326
2/11/2023,0:00,296.101
2/11/2023,6:00,292.726
2/11/2023,12:00,291.389
2/11/2023,18:00,301.177
2/12/2023,0:00,298.769
2/12/2023,6:00,292.043
2/12/2023,12:00,291.345
2/12/2023,18:00,301.267
2/13/2023,0:00,299.465
2/13/2023,6:00,294.231
2/13/2023,12:00,293.266
2/13/2023,18:00,301.582
2/14/2023,0:00,299.359
2/14/2023,6:00,293.967
2/14/2023,12:00,292.307
2/14/2023,18:00,297.984
2/15/2023,0:00,291.979
2/15/2023,6:00,291.775
2/15/2023,12:00,291.284
2/15/2023,18:00,295.998
2/16/2023,0:00,296.268
2/16/2023,6:00,292.155
2/16/2023,12:00,290.412
2/16/2023,18:00,298.292
2/17/2023,0:00,295.741
2/17/2023,6:00,290.682
2/17/2023,12:00,289.68
2/17/2023,18:00,288.34
2/18/2023,0:00,291.125
2/18/2023,6:00,281.34
2/18/2023,12:00,279.824
2/18/2023,18:00,285.953
2/19/2023,0:00,286.972
2/19/2023,6:00,282.247
2/19/2023,12:00,281.531
2/19/2023,18:00,291.381
2/20/2023,0:00,295.334
2/20/2023,6:00,290.361
2/20/2023,12:00,288.72
2/20/2023,18:00,291.128
2/21/2023,0:00,290.443
2/21/2023,6:00,286.717
2/21/2023,12:00,286.53
2/21/2023,18:00,294.674
2/22/2023,0:00,294.998
2/22/2023,6:00,290.055
2/22/2023,12:00,289.345
2/22/2023,18:00,298.104
2/23/2023,0:00,298.101
2/23/2023,6:00,293.565
2/23/2023,12:00,291.684
2/23/2023,18:00,298.783
2/24/2023,0:00,291.895
2/24/2023,6:00,291.657
2/24/2023,12:00,291.328
2/24/2023,18:00,292.442
2/25/2023,0:00,295.701
2/25/2023,6:00,292.147
2/25/2023,12:00,291.341
2/25/2023,18:00,297.465
2/26/2023,0:00,295.912
2/26/2023,6:00,293.125
2/26/2023,12:00,291.615
2/26/2023,18:00,297.579
2/27/2023,0:00,294.123
2/27/2023,6:00,291.537
2/27/2023,12:00,290.206
2/27/2023,18:00,299.296
2/28/2023,0:00,296.661
2/28/2023,6:00,291.743
2/28/2023,12:00,290.876
2/28/2023,18:00,297.893
3/1/2023,0:00,296.188
3/1/2023,6:00,292.523
3/1/2023,12:00,290.586
3/1/2023,18:00,295.879
3/2/2023,0:00,294.474
3/2/2023,6:00,291.834
3/2/2023,12:00,291.598
3/2/2023,18:00,295.817
3/3/2023,0:00,292.7
3/3/2023,6:00,292.178
3/3/2023,12:00,292.313
3/3/2023,18:00,292.979
3/4/2023,0:00,293.123
3/4/2023,6:00,291.577
3/4/2023,12:00,291.253
3/4/2023,18:00,294.493
3/5/2023,0:00,292.82
3/5/2023,6:00,291.197
3/5/2023,12:00,290.63
3/5/2023,18:00,294.068
3/6/2023,0:00,293.225
3/6/2023,6:00,288.822
3/6/2023,12:00,288.641
3/6/2023,18:00,296.199
3/7/2023,0:00,293.202
3/7/2023,6:00,290.428
3/7/2023,12:00,290.318
3/7/2023,18:00,296.194
3/8/2023,0:00,295.809
3/8/2023,6:00,292.737
3/8/2023,12:00,292.252
3/8/2023,18:00,298.055
3/9/2023,0:00,295.09
3/9/2023,6:00,291.632
3/9/2023,12:00,291.074
3/9/2023,18:00,297.744
3/10/2023,0:00,299.233
3/10/2023,6:00,293.745
3/10/2023,12:00,292.264
3/10/2023,18:00,299.765
3/11/2023,0:00,300.955
3/11/2023,6:00,292.916
3/11/2023,12:00,291.26
3/11/2023,18:00,299.508
3/12/2023,0:00,298.076
3/12/2023,6:00,294.791
3/12/2023,12:00,292.363
3/12/2023,18:00,298.234
3/13/2023,0:00,297.291
3/13/2023,6:00,294.214
3/13/2023,12:00,292.604
3/13/2023,18:00,297.501
3/14/2023,0:00,294.816
3/14/2023,6:00,293.159
3/14/2023,12:00,292.594
3/14/2023,18:00,296.358
3/15/2023,0:00,294.13
3/15/2023,6:00,293.111
3/15/2023,12:00,293.298
3/15/2023,18:00,293.538
3/16/2023,0:00,293.087
3/16/2023,6:00,293.063
3/16/2023,12:00,293.137
3/16/2023,18:00,296.192
3/17/2023,0:00,293.942
3/17/2023,6:00,293.108
3/17/2023,12:00,292.535
3/17/2023,18:00,297.052
3/18/2023,0:00,295.854
3/18/2023,6:00,293.652
3/18/2023,12:00,292.044
3/18/2023,18:00,299.958
3/19/2023,0:00,295.61
3/19/2023,6:00,293.633
3/19/2023,12:00,292.374
3/19/2023,18:00,299.7
3/20/2023,0:00,300.03
3/20/2023,6:00,293.807
3/20/2023,12:00,293.33
3/20/2023,18:00,299.301
3/21/2023,0:00,296.021
3/21/2023,6:00,292.84
3/21/2023,12:00,292.656
3/21/2023,18:00,299.781
3/22/2023,0:00,296.752
3/22/2023,6:00,292.781
3/22/2023,12:00,292.938
3/22/2023,18:00,299.739
3/23/2023,0:00,293.697
3/23/2023,6:00,293.777
3/23/2023,12:00,292.458
3/23/2023,18:00,297.558
3/24/2023,0:00,295.542
3/24/2023,6:00,293.86
3/24/2023,12:00,293.291
3/24/2023,18:00,300.4
3/25/2023,0:00,294.908
3/25/2023,6:00,293.412
3/25/2023,12:00,292.684
3/25/2023,18:00,297.616
3/26/2023,0:00,291.597
3/26/2023,6:00,292.875
3/26/2023,12:00,290.982
3/26/2023,18:00,292.504
3/27/2023,0:00,291.886
3/27/2023,6:00,287.879
3/27/2023,12:00,287.066
3/27/2023,18:00,294.08
3/28/2023,0:00,291.923
3/28/2023,6:00,288.552
3/28/2023,12:00,288.4
3/28/2023,18:00,296.279
3/29/2023,0:00,296.246
3/29/2023,6:00,293.698
3/29/2023,12:00,293.335
3/29/2023,18:00,297.414
3/30/2023,0:00,296.006
3/30/2023,6:00,294.533
3/30/2023,12:00,292.134
3/30/2023,18:00,294.254
3/31/2023,0:00,294.714
3/31/2023,6:00,292.816
3/31/2023,12:00,291.444
3/31/2023,18:00,297.082
4/1/2023,0:00,294.616
4/1/2023,6:00,290.759
4/1/2023,12:00,286.367
4/1/2023,18:00,289.133
4/2/2023,0:00,287.412
4/2/2023,6:00,284.954
4/2/2023,12:00,283.696
4/2/2023,18:00,290.84
4/3/2023,0:00,290.99
4/3/2023,6:00,287.371
4/3/2023,12:00,286.336
4/3/2023,18:00,294.581
4/4/2023,0:00,293.853
4/4/2023,6:00,290.618
4/4/2023,12:00,290.077
4/4/2023,18:00,296.882
4/5/2023,0:00,293.39
4/5/2023,6:00,290.89
4/5/2023,12:00,289.32
4/5/2023,18:00,293.939
4/6/2023,0:00,292.491
4/6/2023,6:00,289.981
4/6/2023,12:00,290.544
4/6/2023,18:00,290.8
4/7/2023,0:00,289.506
4/7/2023,6:00,289.071
4/7/2023,12:00,289.354
4/7/2023,18:00,291.069
4/8/2023,0:00,289.109
4/8/2023,6:00,288.53
4/8/2023,12:00,287.808
4/8/2023,18:00,293.145
4/9/2023,0:00,292.829
4/9/2023,6:00,289.942
4/9/2023,12:00,289.455
4/9/2023,18:00,294.3
4/10/2023,0:00,294.979
4/10/2023,6:00,292.611
4/10/2023,12:00,290.839
4/10/2023,18:00,296.402
4/11/2023,0:00,295.3
4/11/2023,6:00,291.833
4/11/2023,12:00,291.7
4/11/2023,18:00,297.393
4/12/2023,0:00,297.438
4/12/2023,6:00,295.108
4/12/2023,12:00,291.66
4/12/2023,18:00,297.502
4/13/2023,0:00,295.922
4/13/2023,6:00,293.139
4/13/2023,12:00,291.358
4/13/2023,18:00,295.76
4/14/2023,0:00,290.882
4/14/2023,6:00,289.124
4/14/2023,12:00,288.856
4/14/2023,18:00,289.38
4/15/2023,0:00,289.422
4/15/2023,6:00,289.068
4/15/2023,12:00,288.2
4/15/2023,18:00,294.26
4/16/2023,0:00,292.154
4/16/2023,6:00,290.788
4/16/2023,12:00,290.619
4/16/2023,18:00,293.251
4/17/2023,0:00,292.216
4/17/2023,6:00,291.3
4/17/2023,12:00,289.9
4/17/2023,18:00,292.933
4/18/2023,0:00,291.384
4/18/2023,6:00,288.364
4/18/2023,12:00,286.259
4/18/2023,18:00,290.231
4/19/2023,0:00,287.468
4/19/2023,6:00,285.131
4/19/2023,12:00,283.434
4/19/2023,18:00,287.828
4/20/2023,0:00,285.01
4/20/2023,6:00,281.11
4/20/2023,12:00,280.226
4/20/2023,18:00,285.051
4/21/2023,0:00,285.577
4/21/2023,6:00,282.643
4/21/2023,12:00,282.215
4/21/2023,18:00,288.915
4/22/2023,0:00,288.229
4/22/2023,6:00,286.442
4/22/2023,12:00,284.904
4/22/2023,18:00,290.211
4/23/2023,0:00,290.085
4/23/2023,6:00,287.138
4/23/2023,12:00,286.419
4/23/2023,18:00,292.877
4/24/2023,0:00,291.077
4/24/2023,6:00,288.597
4/24/2023,12:00,287.4
4/24/2023,18:00,293.341
4/25/2023,0:00,293.022
4/25/2023,6:00,290.559
4/25/2023,12:00,289.4
4/25/2023,18:00,292.033
4/26/2023,0:00,288.945
4/26/2023,6:00,287.508
4/26/2023,12:00,288.861
4/26/2023,18:00,289.418
4/27/2023,0:00,289.755
4/27/2023,6:00,286.714
4/27/2023,12:00,286.306
4/27/2023,18:00,290.324
4/28/2023,0:00,289.005
4/28/2023,6:00,286.688
4/28/2023,12:00,285.537
4/28/2023,18:00,290.905
4/29/2023,0:00,290.048
4/29/2023,6:00,288.273
4/29/2023,12:00,287.362
4/29/2023,18:00,292.129
4/30/2023,0:00,291.514
4/30/2023,6:00,288.934
4/30/2023,12:00,287.976
4/30/2023,18:00,292.577
5/1/2023,0:00,292.366
5/1/2023,6:00,290.663
5/1/2023,12:00,290.527
5/1/2023,18:00,292.93
5/2/2023,0:00,295.997
5/2/2023,6:00,292.51
5/2/2023,12:00,291.848
5/2/2023,18:00,294.656
5/3/2023,0:00,291.155
5/3/2023,6:00,290.905
5/3/2023,12:00,291.132
5/3/2023,18:00,292.519
5/4/2023,0:00,291.1
5/4/2023,6:00,290.642
5/4/2023,12:00,290.557
5/4/2023,18:00,291.115
5/5/2023,0:00,291.508
5/5/2023,6:00,290.976
5/5/2023,12:00,291.232
5/5/2023,18:00,292.409
5/6/2023,0:00,292.505
5/6/2023,6:00,291.848
5/6/2023,12:00,292.135
5/6/2023,18:00,294.435
5/7/2023,0:00,294.012
5/7/2023,6:00,292.705
5/7/2023,12:00,292.032
5/7/2023,18:00,294.377
5/8/2023,0:00,290.786
5/8/2023,6:00,289.719
5/8/2023,12:00,287.981
5/8/2023,18:00,288.888
5/9/2023,0:00,287.849
5/9/2023,6:00,285.325
5/9/2023,12:00,284.223
5/9/2023,18:00,288.239
5/10/2023,0:00,286.9
5/10/2023,6:00,284.535
5/10/2023,12:00,283.517
5/10/2023,18:00,287.235
5/11/2023,0:00,285.6
5/11/2023,6:00,282.961
5/11/2023,12:00,281.9
5/11/2023,18:00,285.421
5/12/2023,0:00,283.904
5/12/2023,6:00,281.733
5/12/2023,12:00,280.836
5/12/2023,18:00,284.975
5/13/2023,0:00,285.105
5/13/2023,6:00,283.021
5/13/2023,12:00,282.082
5/13/2023,18:00,286.4
5/14/2023,0:00,286.61
5/14/2023,6:00,284.586
5/14/2023,12:00,283.797
5/14/2023,18:00,288.386
5/15/2023,0:00,288.741
5/15/2023,6:00,287.014
5/15/2023,12:00,285.854
5/15/2023,18:00,289.906
5/16/2023,0:00,289.188
5/16/2023,6:00,286.559
5/16/2023,12:00,285.274
5/16/2023,18:00,289.589
5/17/2023,0:00,288.9
5/17/2023,6:00,286.444
5/17/2023,12:00,285.881
5/17/2023,18:00,290.234
5/18/2023,0:00,290.358
5/18/2023,6:00,288.237
5/18/2023,12:00,286.845
5/18/2023,18:00,290.921
5/19/2023,0:00,290.424
5/19/2023,6:00,287.805
5/19/2023,12:00,286.253
5/19/2023,18:00,290.133
5/20/2023,0:00,289.758
5/20/2023,6:00,287.756
5/20/2023,12:00,287.07
5/20/2023,18:00,290.338
5/21/2023,0:00,290.656
5/21/2023,6:00,288.683
5/21/2023,12:00,289.876
5/21/2023,18:00,288.8
5/22/2023,0:00,287.202
5/22/2023,6:00,287.224
5/22/2023,12:00,287.816
5/22/2023,18:00,289.661
5/23/2023,0:00,292.815
5/23/2023,6:00,289.056
5/23/2023,12:00,288.494
5/23/2023,18:00,292.058
5/24/2023,0:00,292.659
5/24/2023,6:00,290.939
5/24/2023,12:00,289.661
5/24/2023,18:00,293.205
5/25/2023,0:00,292.459
5/25/2023,6:00,289.537
5/25/2023,12:00,288.59
5/25/2023,18:00,292.178
5/26/2023,0:00,291.942
5/26/2023,6:00,290.942
5/26/2023,12:00,290.039
5/26/2023,18:00,292.781
5/27/2023,0:00,293.744
5/27/2023,6:00,290.816
5/27/2023,12:00,290.364
5/27/2023,18:00,292.397
5/28/2023,0:00,289.735
5/28/2023,6:00,286.933
5/28/2023,12:00,285.603
5/28/2023,18:00,285.737
5/29/2023,0:00,284.671
5/29/2023,6:00,282.451
5/29/2023,12:00,281.968
5/29/2023,18:00,285.235
5/30/2023,0:00,287.995
5/30/2023,6:00,286.585
5/30/2023,12:00,286.561
5/30/2023,18:00,289.281
5/31/2023,0:00,288.9
5/31/2023,6:00,287.259
5/31/2023,12:00,286.39
5/31/2023,18:00,289.612
6/1/2023,0:00,289.212
6/1/2023,6:00,287.112
6/1/2023,12:00,286.321
6/1/2023,18:00,289.843
6/2/2023,0:00,289.556
6/2/2023,6:00,287.103
6/2/2023,12:00,286.207
6/2/2023,18:00,289.325
6/3/2023,0:00,289.026
6/3/2023,6:00,287.116
6/3/2023,12:00,286.269
6/3/2023,18:00,289.445
6/4/2023,0:00,289.545
6/4/2023,6:00,287.555
6/4/2023,12:00,286.775
6/4/2023,18:00,290.383
6/5/2023,0:00,290.633
6/5/2023,6:00,289.211
6/5/2023,12:00,288.248
6/5/2023,18:00,290.326
6/6/2023,0:00,289.747
6/6/2023,6:00,288.448
6/6/2023,12:00,287.428
6/6/2023,18:00,290.747
6/7/2023,0:00,291.155
6/7/2023,6:00,288.765
6/7/2023,12:00,287.7
6/7/2023,18:00,291
6/8/2023,0:00,290.703
6/8/2023,6:00,289.1
6/8/2023,12:00,287.917
6/8/2023,18:00,290.854
6/9/2023,0:00,290.697
6/9/2023,6:00,288.322
6/9/2023,12:00,287.615
6/9/2023,18:00,290.917
6/10/2023,0:00,291.858
6/10/2023,6:00,289.655
6/10/2023,12:00,289.611
6/10/2023,18:00,292.4
6/11/2023,0:00,293.025
6/11/2023,6:00,290.945
6/11/2023,12:00,282.86
6/11/2023,18:00,282.894
6/12/2023,0:00,282.137
6/12/2023,6:00,278.934
6/12/2023,12:00,276.9
6/12/2023,18:00,278.7
6/13/2023,0:00,278.931
6/13/2023,6:00,276.853
6/13/2023,12:00,276.8
6/13/2023,18:00,278.228
6/14/2023,0:00,280.148
6/14/2023,6:00,280.145
6/14/2023,12:00,281.543
6/14/2023,18:00,282.409
6/15/2023,0:00,282.96
6/15/2023,6:00,283.873
6/15/2023,12:00,284.303
6/15/2023,18:00,284.505
6/16/2023,0:00,283.708
6/16/2023,6:00,283.735
6/16/2023,12:00,284.173
6/16/2023,18:00,284.277
6/17/2023,0:00,285.529
6/17/2023,6:00,281.253
6/17/2023,12:00,280.435
6/17/2023,18:00,283.2
6/18/2023,0:00,284.52
6/18/2023,6:00,280.588
6/18/2023,12:00,279.629
6/18/2023,18:00,282.298
6/19/2023,0:00,281.165
6/19/2023,6:00,279.69
6/19/2023,12:00,279.429
6/19/2023,18:00,282.851
6/20/2023,0:00,285.46
6/20/2023,6:00,284.357
6/20/2023,12:00,283.651
6/20/2023,18:00,286.425
6/21/2023,0:00,287.5
6/21/2023,6:00,286.663
6/21/2023,12:00,286.8
6/21/2023,18:00,287.915
6/22/2023,0:00,288.186
6/22/2023,6:00,288.322
6/22/2023,12:00,287.119
6/22/2023,18:00,288.177
6/23/2023,0:00,288.765
6/23/2023,6:00,289.273
6/23/2023,12:00,289.358
6/23/2023,18:00,289.777
6/24/2023,0:00,291.213
6/24/2023,6:00,289.647
6/24/2023,12:00,288.54
6/24/2023,18:00,291.001
6/25/2023,0:00,291.809
6/25/2023,6:00,289.808
6/25/2023,12:00,289.263
6/25/2023,18:00,291.758
6/26/2023,0:00,292.741
6/26/2023,6:00,289.813
6/26/2023,12:00,288.902
6/26/2023,18:00,291.419
6/27/2023,0:00,290.318
6/27/2023,6:00,288.036
6/27/2023,12:00,287.202
6/27/2023,18:00,289.806
6/28/2023,0:00,289.218
6/28/2023,6:00,287.52
6/28/2023,12:00,286.971
6/28/2023,18:00,289.6
6/29/2023,0:00,287.091
6/29/2023,6:00,284.677
6/29/2023,12:00,281.965
6/29/2023,18:00,284.122
6/30/2023,0:00,284.258
6/30/2023,6:00,283.848
6/30/2023,12:00,285.894
6/30/2023,18:00,287.952
7/1/2023,0:00,287.3
7/1/2023,6:00,286.94
7/1/2023,12:00,286.604
7/1/2023,18:00,289.5
7/2/2023,0:00,289.246
7/2/2023,6:00,287.673
7/2/2023,12:00,286.995
7/2/2023,18:00,289.688
7/3/2023,0:00,289.233
7/3/2023,6:00,287.748
7/3/2023,12:00,286.443
7/3/2023,18:00,289.607
7/4/2023,0:00,288.905
7/4/2023,6:00,286.962
7/4/2023,12:00,285.811
7/4/2023,18:00,288.693
7/5/2023,0:00,288.043
7/5/2023,6:00,286.109
7/5/2023,12:00,285.444
7/5/2023,18:00,288.326
7/6/2023,0:00,288.915
7/6/2023,6:00,287.408
7/6/2023,12:00,287.068
7/6/2023,18:00,290.086
7/7/2023,0:00,292.412
7/7/2023,6:00,289.555
7/7/2023,12:00,288.781
7/7/2023,18:00,291.051
7/8/2023,0:00,290.136
7/8/2023,6:00,289.432
7/8/2023,12:00,285.8
7/8/2023,18:00,286.868
7/9/2023,0:00,287.8
7/9/2023,6:00,286.573
7/9/2023,12:00,286.583
7/9/2023,18:00,290.058
7/10/2023,0:00,290.268
7/10/2023,6:00,289.979
7/10/2023,12:00,289.441
7/10/2023,18:00,290.821
7/11/2023,0:00,290.275
7/11/2023,6:00,288.551
7/11/2023,12:00,287.145
7/11/2023,18:00,287.488
7/12/2023,0:00,288.049
7/12/2023,6:00,288.371
7/12/2023,12:00,289.974
7/12/2023,18:00,291.719
7/13/2023,0:00,288.419
7/13/2023,6:00,281.933
7/13/2023,12:00,281.2
7/13/2023,18:00,281.446
7/14/2023,0:00,279.484
7/14/2023,6:00,279.521
7/14/2023,12:00,278.813
7/14/2023,18:00,280.06
7/15/2023,0:00,280.282
7/15/2023,6:00,278.064
7/15/2023,12:00,278.048
7/15/2023,18:00,281.432
7/16/2023,0:00,285.052
7/16/2023,6:00,282.091
7/16/2023,12:00,281.618
7/16/2023,18:00,283.775
7/17/2023,0:00,283.467
7/17/2023,6:00,281.262
7/17/2023,12:00,279.886
7/17/2023,18:00,281.999
7/18/2023,0:00,279.577
7/18/2023,6:00,277.335
7/18/2023,12:00,275.915
7/18/2023,18:00,278.644
7/19/2023,0:00,279.308
7/19/2023,6:00,277.943
7/19/2023,12:00,277.851
7/19/2023,18:00,282.048
7/20/2023,0:00,287.6
7/20/2023,6:00,286.212
7/20/2023,12:00,286.167
7/20/2023,18:00,287.957
7/21/2023,0:00,289.619
7/21/2023,6:00,288.861
7/21/2023,12:00,288.391
7/21/2023,18:00,290.584
7/22/2023,0:00,292.736
7/22/2023,6:00,291.14
7/22/2023,12:00,290.315
7/22/2023,18:00,291.512
7/23/2023,0:00,292.977
7/23/2023,6:00,289.7
7/23/2023,12:00,290.157
7/23/2023,18:00,292.288
7/24/2023,0:00,291.931
7/24/2023,6:00,290.132
7/24/2023,12:00,289.201
7/24/2023,18:00,292.279
7/25/2023,0:00,291.696
7/25/2023,6:00,289.642
7/25/2023,12:00,289.708
7/25/2023,18:00,291.756
7/26/2023,0:00,290.494
7/26/2023,6:00,290.166
7/26/2023,12:00,289.866
7/26/2023,18:00,290.071
7/27/2023,0:00,286.831
7/27/2023,6:00,282.495
7/27/2023,12:00,280.537
7/27/2023,18:00,283.592
7/28/2023,0:00,286.525
7/28/2023,6:00,286.765
7/28/2023,12:00,285.651
7/28/2023,18:00,286.154
7/29/2023,0:00,281.975
7/29/2023,6:00,279.799
7/29/2023,12:00,278.759
7/29/2023,18:00,282.173
7/30/2023,0:00,282.478
7/30/2023,6:00,281.814
7/30/2023,12:00,281.988
7/30/2023,18:00,286.251
7/31/2023,0:00,288.432
7/31/2023,6:00,287.57
7/31/2023,12:00,286.917
7/31/2023,18:00,290.461
8/1/2023,0:00,289.724
8/1/2023,6:00,288.426
8/1/2023,12:00,287.61
8/1/2023,18:00,291.207
8/2/2023,0:00,290.581
8/2/2023,6:00,288.693
8/2/2023,12:00,287.663
8/2/2023,18:00,291.372
8/3/2023,0:00,291.122
8/3/2023,6:00,289.3
8/3/2023,12:00,288.3
8/3/2023,18:00,292.2
8/4/2023,0:00,291.158
8/4/2023,6:00,289.208
8/4/2023,12:00,288.842
8/4/2023,18:00,292.312
8/5/2023,0:00,292.585
8/5/2023,6:00,290.275
8/5/2023,12:00,289.074
8/5/2023,18:00,292.683
8/6/2023,0:00,292.208
8/6/2023,6:00,289.902
8/6/2023,12:00,287.457
8/6/2023,18:00,291.243
8/7/2023,0:00,292.291
8/7/2023,6:00,291.819
8/7/2023,12:00,291.481
8/7/2023,18:00,292.1
8/8/2023,0:00,285.865
8/8/2023,6:00,285.024
8/8/2023,12:00,284.333
8/8/2023,18:00,286.147
8/9/2023,0:00,287.562
8/9/2023,6:00,286.715
8/9/2023,12:00,286.857
8/9/2023,18:00,287.156
8/10/2023,0:00,288.672
8/10/2023,6:00,287.294
8/10/2023,12:00,287.304
8/10/2023,18:00,291.06
8/11/2023,0:00,292.201
8/11/2023,6:00,290.7
8/11/2023,12:00,288.84
8/11/2023,18:00,291.726
8/12/2023,0:00,291.019
8/12/2023,6:00,288.033
8/12/2023,12:00,284.562
8/12/2023,18:00,284.418
8/13/2023,0:00,280.258
8/13/2023,6:00,277.914
8/13/2023,12:00,276.441
8/13/2023,18:00,280.01
8/14/2023,0:00,280.233
8/14/2023,6:00,279.004
8/14/2023,12:00,279.465
8/14/2023,18:00,284.661
8/15/2023,0:00,285.683
8/15/2023,6:00,284.8
8/15/2023,12:00,285.015
8/15/2023,18:00,289.465
8/16/2023,0:00,290.4
8/16/2023,6:00,289
8/16/2023,12:00,288.433
8/16/2023,18:00,291.796
8/17/2023,0:00,292.661
8/17/2023,6:00,291.285
8/17/2023,12:00,290.783
8/17/2023,18:00,293.904
8/18/2023,0:00,292.934
8/18/2023,6:00,291.792
8/18/2023,12:00,291.5
8/18/2023,18:00,286.228
8/19/2023,0:00,285.412
8/19/2023,6:00,284.467
8/19/2023,12:00,284.616
8/19/2023,18:00,284.999
8/20/2023,0:00,285.044
8/20/2023,6:00,283.945
8/20/2023,12:00,283.399
8/20/2023,18:00,287.9
8/21/2023,0:00,287.13
8/21/2023,6:00,285.612
8/21/2023,12:00,284.942
8/21/2023,18:00,289.53
8/22/2023,0:00,289.838
8/22/2023,6:00,289.81
8/22/2023,12:00,290.051
8/22/2023,18:00,294.188
8/23/2023,0:00,293.892
8/23/2023,6:00,294.595
8/23/2023,12:00,293.958
8/23/2023,18:00,295.724
8/24/2023,0:00,292.9
8/24/2023,6:00,290.422
8/24/2023,12:00,287.805
8/24/2023,18:00,287.162
8/25/2023,0:00,284.3
8/25/2023,6:00,282
8/25/2023,12:00,280.655
8/25/2023,18:00,283.373
8/26/2023,0:00,282.2
8/26/2023,6:00,279.422
8/26/2023,12:00,277.973
8/26/2023,18:00,282.297
8/27/2023,0:00,278.804
8/27/2023,6:00,276.836
8/27/2023,12:00,275.665
8/27/2023,18:00,280.733
8/28/2023,0:00,279.237
8/28/2023,6:00,276.91
8/28/2023,12:00,275.861
8/28/2023,18:00,282.036
8/29/2023,0:00,282.925
8/29/2023,6:00,281.867
8/29/2023,12:00,281.642
8/29/2023,18:00,286.642
8/30/2023,0:00,288
8/30/2023,6:00,285.1
8/30/2023,12:00,284.312
8/30/2023,18:00,289.7
8/31/2023,0:00,289.07
8/31/2023,6:00,287.403
8/31/2023,12:00,286.578
8/31/2023,18:00,292.003
9/1/2023,0:00,289.644
9/1/2023,6:00,289.283
9/1/2023,12:00,289.625
9/1/2023,18:00,290.583
9/2/2023,0:00,289.524
9/2/2023,6:00,288.872
9/2/2023,12:00,289.551
9/2/2023,18:00,291.1
9/3/2023,0:00,291.637
9/3/2023,6:00,291.381
9/3/2023,12:00,291.172
9/3/2023,18:00,292.886
9/4/2023,0:00,294.064
9/4/2023,6:00,293.151
9/4/2023,12:00,293.068
9/4/2023,18:00,289.298
9/5/2023,0:00,285.596
9/5/2023,6:00,284.642
9/5/2023,12:00,284.806
9/5/2023,18:00,285.675
9/6/2023,0:00,284.125
9/6/2023,6:00,282.134
9/6/2023,12:00,282.144
9/6/2023,18:00,289.106
9/7/2023,0:00,291.33
9/7/2023,6:00,288.933
9/7/2023,12:00,288.1
9/7/2023,18:00,289.261
9/8/2023,0:00,291.991
9/8/2023,6:00,289.84
9/8/2023,12:00,288.673
9/8/2023,18:00,288.9
9/9/2023,0:00,287.7
9/9/2023,6:00,288.083
9/9/2023,12:00,289.213
9/9/2023,18:00,290.542
9/10/2023,0:00,289.75
9/10/2023,6:00,288.025
9/10/2023,12:00,288.601
9/10/2023,18:00,293.513
9/11/2023,0:00,292.777
9/11/2023,6:00,291.837
9/11/2023,12:00,291.204
9/11/2023,18:00,295.1
9/12/2023,0:00,294.232
9/12/2023,6:00,293.706
9/12/2023,12:00,291.374
9/12/2023,18:00,294.219
9/13/2023,0:00,294.133
9/13/2023,6:00,291.255
9/13/2023,12:00,290.105
9/13/2023,18:00,287.3
9/14/2023,0:00,283.081
9/14/2023,6:00,281.594
9/14/2023,12:00,280.121
9/14/2023,18:00,280.582
9/15/2023,0:00,279.835
9/15/2023,6:00,278.468
9/15/2023,12:00,278.363
9/15/2023,18:00,284.387
9/16/2023,0:00,284.447
9/16/2023,6:00,283.872
9/16/2023,12:00,283.665
9/16/2023,18:00,289.582
9/17/2023,0:00,290.129
9/17/2023,6:00,289.841
9/17/2023,12:00,289.52
9/17/2023,18:00,295.224
9/18/2023,0:00,295.232
9/18/2023,6:00,294.6
9/18/2023,12:00,293.665
9/18/2023,18:00,296.762
9/19/2023,0:00,293.165
9/19/2023,6:00,292.273
9/19/2023,12:00,291.912
9/19/2023,18:00,296.779
9/20/2023,0:00,292.819
9/20/2023,6:00,291.839
9/20/2023,12:00,290.982
9/20/2023,18:00,295.8
9/21/2023,0:00,293.288
9/21/2023,6:00,292.586
9/21/2023,12:00,292.134
9/21/2023,18:00,297.251
9/22/2023,0:00,297.265
9/22/2023,6:00,295.016
9/22/2023,12:00,294.109
9/22/2023,18:00,295.624
9/23/2023,0:00,293.639
9/23/2023,6:00,293.349
9/23/2023,12:00,293.606
9/23/2023,18:00,298.6
9/24/2023,0:00,298.142
9/24/2023,6:00,294.946
9/24/2023,12:00,294.5
9/24/2023,18:00,299.249
9/25/2023,0:00,293.155
9/25/2023,6:00,291.382
9/25/2023,12:00,290.792
9/25/2023,18:00,295.209
9/26/2023,0:00,290.597
9/26/2023,6:00,290.099
9/26/2023,12:00,291.283
9/26/2023,18:00,299.566
9/27/2023,0:00,291.841
9/27/2023,6:00,288.26
9/27/2023,12:00,285.108
9/27/2023,18:00,285.128
9/28/2023,0:00,283.878
9/28/2023,6:00,281.664
9/28/2023,12:00,280.99
9/28/2023,18:00,286.136
9/29/2023,0:00,288.619
9/29/2023,6:00,286.442
9/29/2023,12:00,285.748
9/29/2023,18:00,292.458
9/30/2023,0:00,291.911
9/30/2023,6:00,287.974
9/30/2023,12:00,288.325
9/30/2023,18:00,292.063
10/1/2023,0:00,288.852
10/1/2023,6:00,286.69
10/1/2023,12:00,284.3
10/1/2023,18:00,288.563
10/2/2023,0:00,285.844
10/2/2023,6:00,282.735
10/2/2023,12:00,282.144
10/2/2023,18:00,289.279
10/3/2023,0:00,286.5
10/3/2023,6:00,284.74
10/3/2023,12:00,285
10/3/2023,18:00,294.343
10/4/2023,0:00,293.727
10/4/2023,6:00,291.824
10/4/2023,12:00,292.048
10/4/2023,18:00,290.6
10/5/2023,0:00,289.427
10/5/2023,6:00,284.906
10/5/2023,12:00,283
10/5/2023,18:00,288.203
10/6/2023,0:00,287.183
10/6/2023,6:00,286.552
10/6/2023,12:00,287.8
10/6/2023,18:00,289.52
10/7/2023,0:00,290.779
10/7/2023,6:00,290.807
10/7/2023,12:00,291.182
10/7/2023,18:00,289.929
10/8/2023,0:00,288.555
10/8/2023,6:00,287.999
10/8/2023,12:00,287.033
10/8/2023,18:00,287.524
10/9/2023,0:00,287.201
10/9/2023,6:00,286.931
10/9/2023,12:00,287.285
10/9/2023,18:00,290.794
10/10/2023,0:00,288.036
10/10/2023,6:00,286.417
10/10/2023,12:00,286.43
10/10/2023,18:00,292.716
10/11/2023,0:00,292.424
10/11/2023,6:00,292.281
10/11/2023,12:00,291.274
10/11/2023,18:00,291.812
10/12/2023,0:00,291.66
10/12/2023,6:00,287.078
10/12/2023,12:00,283.672
10/12/2023,18:00,283.671
10/13/2023,0:00,284.613
10/13/2023,6:00,281.426
10/13/2023,12:00,280.608
10/13/2023,18:00,285.573
10/14/2023,0:00,285.017
10/14/2023,6:00,282.965
10/14/2023,12:00,282.792
10/14/2023,18:00,289.843
10/15/2023,0:00,291.644
10/15/2023,6:00,289.478
10/15/2023,12:00,289.389
10/15/2023,18:00,293.5
10/16/2023,0:00,293.677
10/16/2023,6:00,293.393
10/16/2023,12:00,293.361
10/16/2023,18:00,297.353
10/17/2023,0:00,292.152
10/17/2023,6:00,291.841
10/17/2023,12:00,291.627
10/17/2023,18:00,290.978
10/18/2023,0:00,290.647
10/18/2023,6:00,289.195
10/18/2023,12:00,287.639
10/18/2023,18:00,290.069
10/19/2023,0:00,288.255
10/19/2023,6:00,287.974
10/19/2023,12:00,288.964
10/19/2023,18:00,292.132
10/20/2023,0:00,293.148
10/20/2023,6:00,291.254
10/20/2023,12:00,290.853
10/20/2023,18:00,292.071
10/21/2023,0:00,292.554
10/21/2023,6:00,291.18
10/21/2023,12:00,291.211
10/21/2023,18:00,296.799
10/22/2023,0:00,295.597
10/22/2023,6:00,293.83
10/22/2023,12:00,292.791
10/22/2023,18:00,297.096
10/23/2023,0:00,296.344
10/23/2023,6:00,293.824
10/23/2023,12:00,293.204
10/23/2023,18:00,298.212
10/24/2023,0:00,294.501
10/24/2023,6:00,292.083
10/24/2023,12:00,292.042
10/24/2023,18:00,295.009
10/25/2023,0:00,292.667
10/25/2023,6:00,290.203
10/25/2023,12:00,288.641
10/25/2023,18:00,292.749
10/26/2023,0:00,289.222
10/26/2023,6:00,287.185
10/26/2023,12:00,285.675
10/26/2023,18:00,291.036
10/27/2023,0:00,289.33
10/27/2023,6:00,287.67
10/27/2023,12:00,287.539
10/27/2023,18:00,295.794
10/28/2023,0:00,293.284
10/28/2023,6:00,292.13
10/28/2023,12:00,290.691
10/28/2023,18:00,290.925
10/29/2023,0:00,290.452
10/29/2023,6:00,289.116
10/29/2023,12:00,290.034
10/29/2023,18:00,295.133
10/30/2023,0:00,294.689
10/30/2023,6:00,292.52
10/30/2023,12:00,292.436
10/30/2023,18:00,293.086
10/31/2023,0:00,293.081
10/31/2023,6:00,290.936
10/31/2023,12:00,290.072
10/31/2023,18:00,292.437
11/1/2023,0:00,291.856
11/1/2023,6:00,289.08
11/1/2023,12:00,289.025
11/1/2023,18:00,293.528
11/2/2023,0:00,291.719
11/2/2023,6:00,290.78
11/2/2023,12:00,292.178
11/2/2023,18:00,290.874
11/3/2023,0:00,291.739
11/3/2023,6:00,292.213
11/3/2023,12:00,288.648
11/3/2023,18:00,286.102
11/4/2023,0:00,283.626
11/4/2023,6:00,283.14
11/4/2023,12:00,282.849
11/4/2023,18:00,286.094
11/5/2023,0:00,284.492
11/5/2023,6:00,281.906
11/5/2023,12:00,281.487
11/5/2023,18:00,288.46
11/6/2023,0:00,288.788
11/6/2023,6:00,287.266
11/6/2023,12:00,287.761
11/6/2023,18:00,294.992
11/7/2023,0:00,293.211
11/7/2023,6:00,291.326
11/7/2023,12:00,291.006
11/7/2023,18:00,296.241
11/8/2023,0:00,294.558
11/8/2023,6:00,292.479
11/8/2023,12:00,291.911
11/8/2023,18:00,297.704
11/9/2023,0:00,297.089
11/9/2023,6:00,295.665
11/9/2023,12:00,293.356
11/9/2023,18:00,293.085
11/10/2023,0:00,292.786
11/10/2023,6:00,291.548
11/10/2023,12:00,291.397
11/10/2023,18:00,297.139
11/11/2023,0:00,297.733
11/11/2023,6:00,296.486
11/11/2023,12:00,296.655
11/11/2023,18:00,300.178
11/12/2023,0:00,295.839
11/12/2023,6:00,297.379
11/12/2023,12:00,296.963
11/12/2023,18:00,302.675
11/13/2023,0:00,296.33
11/13/2023,6:00,295.957
11/13/2023,12:00,296.426
11/13/2023,18:00,295.455
11/14/2023,0:00,292.402
11/14/2023,6:00,292.361
11/14/2023,12:00,291.52
11/14/2023,18:00,291.509
11/15/2023,0:00,291.128
11/15/2023,6:00,291.17
11/15/2023,12:00,290.74
11/15/2023,18:00,295.117
11/16/2023,0:00,296.195
11/16/2023,6:00,294.43
11/16/2023,12:00,293.501
11/16/2023,18:00,296.608
11/17/2023,0:00,294.565
11/17/2023,6:00,293.204
11/17/2023,12:00,293.327
11/17/2023,18:00,295.226
11/18/2023,0:00,295.514
11/18/2023,6:00,294.59
11/18/2023,12:00,290.09
11/18/2023,18:00,288.417
11/19/2023,0:00,289.448
11/19/2023,6:00,287.945
11/19/2023,12:00,288.026
11/19/2023,18:00,293.491
11/20/2023,0:00,290.944
11/20/2023,6:00,289.064
11/20/2023,12:00,288.411
11/20/2023,18:00,295.257
11/21/2023,0:00,293.955
11/21/2023,6:00,292.581
11/21/2023,12:00,292.389
11/21/2023,18:00,297.648
11/22/2023,0:00,296.948
11/22/2023,6:00,295.324
11/22/2023,12:00,293.862
11/22/2023,18:00,296.18
11/23/2023,0:00,293.412
11/23/2023,6:00,291.76
11/23/2023,12:00,290.793
11/23/2023,18:00,292.802
11/24/2023,0:00,291.995
11/24/2023,6:00,289.282
11/24/2023,12:00,288.114
11/24/2023,18:00,292.815
11/25/2023,0:00,290.711
11/25/2023,6:00,287.467
11/25/2023,12:00,286.855
11/25/2023,18:00,293.406
11/26/2023,0:00,293.169
11/26/2023,6:00,290.448
11/26/2023,12:00,290.753
11/26/2023,18:00,295.026
11/27/2023,0:00,294.65
11/27/2023,6:00,293.253
11/27/2023,12:00,292.797
11/27/2023,18:00,291.671
11/28/2023,0:00,291.11
11/28/2023,6:00,291.096
11/28/2023,12:00,291.657
11/28/2023,18:00,293.237
11/29/2023,0:00,292.826
11/29/2023,6:00,292.322
11/29/2023,12:00,292.056
11/29/2023,18:00,294.897
11/30/2023,0:00,297.23
11/30/2023,6:00,293.358
11/30/2023,12:00,293.563
11/30/2023,18:00,299.792
12/1/2023,0:00,297.374
12/1/2023,6:00,294.917
12/1/2023,12:00,294.398
12/1/2023,18:00,300.672
12/2/2023,0:00,296.914
12/2/2023,6:00,296.662
12/2/2023,12:00,296.33
12/2/2023,18:00,302.304
12/3/2023,0:00,292.482
12/3/2023,6:00,293.429
12/3/2023,12:00,293.213
12/3/2023,18:00,296.876
12/4/2023,0:00,295.109
12/4/2023,6:00,293.583
12/4/2023,12:00,291.606
12/4/2023,18:00,292.094
12/5/2023,0:00,290.735
12/5/2023,6:00,290.218
12/5/2023,12:00,290.409
12/5/2023,18:00,296.952
12/6/2023,0:00,294.589
12/6/2023,6:00,294.114
12/6/2023,12:00,293.849
12/6/2023,18:00,295.264
12/7/2023,0:00,295.043
12/7/2023,6:00,294.364
12/7/2023,12:00,294.073
12/7/2023,18:00,293.383
12/8/2023,0:00,293.655
12/8/2023,6:00,291.554
12/8/2023,12:00,290.364
12/8/2023,18:00,292.343
12/9/2023,0:00,290.222
12/9/2023,6:00,286.861
12/9/2023,12:00,286.066
12/9/2023,18:00,293.676
12/10/2023,0:00,293.672
12/10/2023,6:00,291.611
12/10/2023,12:00,291.837
12/10/2023,18:00,292.824
12/11/2023,0:00,291.391
12/11/2023,6:00,289.887
12/11/2023,12:00,289.19
12/11/2023,18:00,295.006
12/12/2023,0:00,293.787
12/12/2023,6:00,291.076
12/12/2023,12:00,290.741
12/12/2023,18:00,296.807
12/13/2023,0:00,295.547
12/13/2023,6:00,293.603
12/13/2023,12:00,292.219
12/13/2023,18:00,297.665
12/14/2023,0:00,297.1
12/14/2023,6:00,295.52
12/14/2023,12:00,295.559
12/14/2023,18:00,300.169
12/15/2023,0:00,294.482
12/15/2023,6:00,294.245
12/15/2023,12:00,294.962
12/15/2023,18:00,300.988
12/16/2023,0:00,291.973
12/16/2023,6:00,293.357
12/16/2023,12:00,294.672
12/16/2023,18:00,301.696
12/17/2023,0:00,298.229
12/17/2023,6:00,296.245
12/17/2023,12:00,294.971
12/17/2023,18:00,301.478
12/18/2023,0:00,295.004
12/18/2023,6:00,295.121
12/18/2023,12:00,295.176
12/18/2023,18:00,301.281
12/19/2023,0:00,290.729
12/19/2023,6:00,292.004
12/19/2023,12:00,293.637
12/19/2023,18:00,297.315
12/20/2023,0:00,292.92
12/20/2023,6:00,293.206
12/20/2023,12:00,292.778
12/20/2023,18:00,296.782
12/21/2023,0:00,294.58
12/21/2023,6:00,292.834
12/21/2023,12:00,292.405
12/21/2023,18:00,297.517
12/22/2023,0:00,295.834
12/22/2023,6:00,294.563
12/22/2023,12:00,294.226
12/22/2023,18:00,299.265
12/23/2023,0:00,292.687
12/23/2023,6:00,291.135
12/23/2023,12:00,292.588
12/23/2023,18:00,298.15
12/24/2023,0:00,292.531
12/24/2023,6:00,292.974
12/24/2023,12:00,292.463
12/24/2023,18:00,297.593
12/25/2023,0:00,292.583
12/25/2023,6:00,294.561
12/25/2023,12:00,292.617
12/25/2023,18:00,295.266
12/26/2023,0:00,293.931
12/26/2023,12:00,288.675
12/26/2023,18:00,292.914
12/27/2023,0:00,289.943
12/27/2023,6:00,286.424
12/27/2023,12:00,285.491
12/27/2023,18:00,292.437
12/28/2023,0:00,291.502
12/28/2023,6:00,289.691
12/28/2023,12:00,289.58
12/28/2023,18:00,296.351
12/29/2023,0:00,297.237
12/29/2023,6:00,295.146
12/29/2023,12:00,293.631
12/29/2023,18:00,292.359
12/30/2023,0:00,291.695
12/30/2023,6:00,290.914
12/30/2023,12:00,290.386
12/30/2023,18:00,293.442
12/31/2023,0:00,292.15
12/31/2023,6:00,289.175
12/31/2023,12:00,288.002
12/31/2023,18:00,293.957
1/1/2024,0:00,292.611
1/1/2024,6:00,290.128
1/1/2024,12:00,290.48
1/1/2024,18:00,296.713
1/2/2024,0:00,295.056
1/2/2024,6:00,292.176
1/2/2024,12:00,291.716
1/2/2024,18:00,296.674
1/3/2024,0:00,294.201
1/3/2024,6:00,291.786
1/3/2024,12:00,291.462
1/3/2024,18:00,296.478
1/4/2024,0:00,293.236
1/4/2024,6:00,290.922
1/4/2024,12:00,290.512
1/4/2024,18:00,296.425
1/5/2024,0:00,292.878
1/5/2024,6:00,290.185
1/5/2024,12:00,290.123
1/5/2024,18:00,297.002
1/6/2024,0:00,294.265
1/6/2024,6:00,291.71
1/6/2024,12:00,291.637
1/6/2024,18:00,297.197
1/7/2024,0:00,296.313
1/7/2024,6:00,294.113
1/7/2024,12:00,293.251
1/7/2024,18:00,299.556
1/8/2024,0:00,297.597
1/8/2024,6:00,296.368
1/8/2024,12:00,295.615
1/8/2024,18:00,297.337
1/9/2024,0:00,295.034
1/9/2024,6:00,293.857
1/9/2024,12:00,293.34
1/9/2024,18:00,298.504
1/10/2024,0:00,295.091
1/10/2024,6:00,293.601
1/10/2024,12:00,293.368
1/10/2024,18:00,297.909
1/11/2024,0:00,294.779
1/11/2024,6:00,293.435
1/11/2024,12:00,294.414
1/11/2024,18:00,294.716
1/12/2024,0:00,294.261
1/12/2024,6:00,292.124
1/12/2024,12:00,291.097
1/12/2024,18:00,295.068
1/13/2024,0:00,293.929
1/13/2024,6:00,289.807
1/13/2024,12:00,290.057
1/13/2024,18:00,297.124
1/14/2024,0:00,296.486
1/14/2024,6:00,294.905
1/14/2024,12:00,294.005
1/14/2024,18:00,299.746
1/15/2024,0:00,296.371
1/15/2024,6:00,292.847
1/15/2024,12:00,292.459
1/15/2024,18:00,298.502
1/16/2024,0:00,297.299
1/16/2024,6:00,295.247
1/16/2024,12:00,294.212
1/16/2024,18:00,299.188
1/17/2024,0:00,298.735
1/17/2024,6:00,293.192
1/17/2024,12:00,293.368
1/17/2024,18:00,293.453
1/18/2024,0:00,294.819
1/18/2024,6:00,293.577
1/18/2024,12:00,293.963
1/18/2024,18:00,295.78
1/19/2024,0:00,296.203
1/19/2024,6:00,294.952
1/19/2024,12:00,294.103
1/19/2024,18:00,297.92
1/20/2024,0:00,295.84
1/20/2024,6:00,294.26
1/20/2024,12:00,293.284
1/20/2024,18:00,297.223
1/21/2024,0:00,294.025
1/21/2024,6:00,290.958
1/21/2024,12:00,290.126
1/21/2024,18:00,293.842
1/22/2024,0:00,292.547
1/22/2024,6:00,289.506
1/22/2024,12:00,289.03
1/22/2024,18:00,294.2
1/23/2024,0:00,291.934
1/23/2024,6:00,290.45
1/23/2024,12:00,289.341
1/23/2024,18:00,293.836
1/24/2024,0:00,290.396
1/24/2024,6:00,288.574
1/24/2024,12:00,287.839
1/24/2024,18:00,292.566
1/25/2024,0:00,289.798
1/25/2024,6:00,287.686
1/25/2024,12:00,287.569
1/25/2024,18:00,291.86
1/26/2024,0:00,291.072
1/26/2024,6:00,287.205
1/26/2024,12:00,285.566
1/26/2024,18:00,291.514
1/27/2024,0:00,289.471
1/27/2024,6:00,287.472
1/27/2024,12:00,287.848
1/27/2024,18:00,291.64
1/28/2024,0:00,290.113
1/28/2024,6:00,288.188
1/28/2024,12:00,287.464
1/28/2024,18:00,293.857
1/29/2024,0:00,290.966
1/29/2024,6:00,289.109
1/29/2024,12:00,288.871
1/29/2024,18:00,294.785
1/30/2024,0:00,292.597
1/30/2024,6:00,290.425
1/30/2024,12:00,289.97
1/30/2024,18:00,295.857
1/31/2024,0:00,293.744
1/31/2024,6:00,290.535
1/31/2024,12:00,289.505
1/31/2024,18:00,295.902
2/1/2024,0:00,292.882
2/1/2024,6:00,290.912
2/1/2024,12:00,290.112
2/1/2024,18:00,295.814
2/2/2024,0:00,294.618
2/2/2024,6:00,291.449
2/2/2024,12:00,291.127
2/2/2024,18:00,297.393
2/3/2024,0:00,294.918
2/3/2024,6:00,292.952
2/3/2024,12:00,292.345
2/3/2024,18:00,297.135
2/4/2024,0:00,296.444
2/4/2024,6:00,293.158
2/4/2024,12:00,293.653
2/4/2024,18:00,298.877
2/5/2024,0:00,292.678
2/5/2024,6:00,292.511
2/5/2024,12:00,292.403
2/5/2024,18:00,296.853
2/6/2024,0:00,296.582
2/6/2024,6:00,293.697
2/6/2024,12:00,292.866
2/6/2024,18:00,297.626
2/7/2024,0:00,294.573
2/7/2024,6:00,294.512
2/7/2024,12:00,293.401
2/7/2024,18:00,299.001
2/8/2024,0:00,294.165
2/8/2024,6:00,292.167
2/8/2024,12:00,293.095
2/8/2024,18:00,297.956
2/9/2024,0:00,297.14
2/9/2024,6:00,294.323
2/9/2024,12:00,293.708
2/9/2024,18:00,298.784
2/10/2024,0:00,294.301
2/10/2024,6:00,294.467
2/10/2024,12:00,294.534
2/10/2024,18:00,298.947
2/11/2024,0:00,294.925
2/11/2024,6:00,294.893
2/11/2024,12:00,294.753
2/11/2024,18:00,299.51
2/12/2024,0:00,299
2/12/2024,6:00,295.406
2/12/2024,12:00,295.361
2/12/2024,18:00,299.843
2/13/2024,0:00,301.26
2/13/2024,6:00,293.546
2/13/2024,12:00,293.285
2/13/2024,18:00,294.662
2/14/2024,0:00,291.56
2/14/2024,6:00,290.393
2/14/2024,12:00,290.223
2/14/2024,18:00,291.88
2/15/2024,0:00,292.814
2/15/2024,6:00,289.723
2/15/2024,12:00,290.083
2/15/2024,18:00,293.252
2/16/2024,0:00,292.021
2/16/2024,6:00,292.753
2/16/2024,12:00,293.172
2/16/2024,18:00,294.294
2/17/2024,0:00,293.792
2/17/2024,6:00,292.51
2/17/2024,12:00,292.591
2/17/2024,18:00,297.526
2/18/2024,0:00,293.422
2/18/2024,6:00,292.856
2/18/2024,12:00,291.316
2/18/2024,18:00,296.852
2/19/2024,0:00,294.847
2/19/2024,6:00,292.163
2/19/2024,12:00,291.435
2/19/2024,18:00,295.948
2/20/2024,0:00,291.183
2/20/2024,6:00,290.921
2/20/2024,12:00,290.913
2/20/2024,18:00,292.227
2/21/2024,0:00,292.931
2/21/2024,6:00,289.956
2/21/2024,12:00,289.704
2/21/2024,18:00,295.54
2/22/2024,0:00,294.056
2/22/2024,6:00,291.131
2/22/2024,12:00,290.391
2/22/2024,18:00,296.817
2/23/2024,0:00,295.032
2/23/2024,6:00,293.494
2/23/2024,12:00,293.192
2/23/2024,18:00,298.802
2/24/2024,0:00,294.218
2/24/2024,6:00,293.403
2/24/2024,12:00,292.771
2/24/2024,18:00,298.426
2/25/2024,0:00,297.301
2/25/2024,6:00,293.468
2/25/2024,12:00,292.237
2/25/2024,18:00,298.119
2/26/2024,0:00,296.07
2/26/2024,6:00,294.239
2/26/2024,12:00,293.752
2/26/2024,18:00,294.5
2/27/2024,0:00,295.7
2/27/2024,6:00,293.75
2/27/2024,12:00,293.65
2/27/2024,18:00,295.16
2/28/2024,0:00,295.648
2/28/2024,6:00,293.996
2/28/2024,12:00,293.756
2/28/2024,18:00,296.866
2/29/2024,0:00,295.394
2/29/2024,6:00,293.673
2/29/2024,12:00,293.838
2/29/2024,18:00,296.243
3/1/2024,0:00,294.678
3/1/2024,6:00,292.864
3/1/2024,12:00,291.899
3/1/2024,18:00,296.512
3/2/2024,0:00,295.728
3/2/2024,6:00,292.337
3/2/2024,12:00,291.925
3/2/2024,18:00,297.7
3/3/2024,0:00,296.942
3/3/2024,6:00,294.88
3/3/2024,12:00,294.334
3/3/2024,18:00,299
3/4/2024,0:00,294.837
3/4/2024,6:00,292.409
3/4/2024,12:00,292.709
3/4/2024,18:00,293.379
3/5/2024,0:00,292.098
3/5/2024,6:00,290.406
3/5/2024,12:00,288.305
3/5/2024,18:00,291.281
3/6/2024,0:00,289.788
3/6/2024,6:00,287.272
3/6/2024,12:00,285.971
3/6/2024,18:00,292.055
3/7/2024,0:00,291.552
3/7/2024,6:00,290.446
3/7/2024,12:00,290.828
3/7/2024,18:00,297.407
3/8/2024,0:00,292.39
3/8/2024,6:00,292.079
3/8/2024,12:00,293.288
3/8/2024,18:00,294.036
3/9/2024,0:00,294.696
3/9/2024,6:00,294.197
3/9/2024,12:00,294.104
3/9/2024,18:00,298.034
3/10/2024,0:00,295.514
3/10/2024,6:00,294.5
3/10/2024,12:00,292.799
3/10/2024,18:00,296.687
3/11/2024,0:00,294.5
3/11/2024,6:00,291.667
3/11/2024,12:00,289.291
3/11/2024,18:00,295.193
3/12/2024,0:00,293.664
3/12/2024,6:00,292.18
3/12/2024,12:00,291.644
3/12/2024,18:00,297.032
3/13/2024,0:00,295.808
3/13/2024,6:00,293.442
3/13/2024,12:00,292.632
3/13/2024,18:00,298.159
3/14/2024,0:00,296.997
3/14/2024,6:00,294.716
3/14/2024,12:00,293.225
3/14/2024,18:00,298.369
3/15/2024,0:00,298.208
3/15/2024,6:00,296.884
3/15/2024,12:00,296.252
3/15/2024,18:00,297.289
3/16/2024,0:00,294.351
3/16/2024,6:00,294.981
3/16/2024,12:00,294.716
3/16/2024,18:00,296.93
3/17/2024,0:00,294.159
3/17/2024,6:00,293.404
3/17/2024,12:00,293.368
3/17/2024,18:00,296.955
3/18/2024,0:00,294.446
3/18/2024,6:00,292.828
3/18/2024,12:00,292.802
3/18/2024,18:00,296.957
3/19/2024,0:00,297.827
3/19/2024,6:00,295.082
3/19/2024,12:00,294.003
3/19/2024,18:00,297.821
3/20/2024,0:00,296.472
3/20/2024,6:00,295.086
3/20/2024,12:00,294.643
3/20/2024,18:00,299.551
3/21/2024,0:00,299.207
3/21/2024,6:00,297.376
3/21/2024,12:00,291.567
3/21/2024,18:00,291.577
3/22/2024,0:00,290.858
3/22/2024,6:00,288.962
3/22/2024,12:00,286.916
3/22/2024,18:00,289.842
3/23/2024,0:00,290.158
3/23/2024,6:00,287.47
3/23/2024,12:00,287.506
3/23/2024,18:00,291.83
3/24/2024,0:00,290.756
3/24/2024,6:00,290.011
3/24/2024,12:00,288.345
3/24/2024,18:00,293.495
3/25/2024,0:00,292.728
3/25/2024,6:00,289.488
3/25/2024,12:00,288.957
3/25/2024,18:00,294.027
3/26/2024,0:00,292.097
3/26/2024,6:00,288.619
3/26/2024,12:00,287.224
3/26/2024,18:00,292.765
3/27/2024,0:00,291.46
3/27/2024,6:00,289.276
3/27/2024,12:00,289.269
3/27/2024,18:00,295.603
3/28/2024,0:00,295.602
3/28/2024,6:00,294.071
3/28/2024,12:00,291.403
3/28/2024,18:00,296.53
3/29/2024,0:00,295.649
3/29/2024,6:00,292.692
3/29/2024,12:00,291.928
3/29/2024,18:00,296.443
3/30/2024,0:00,292.395
3/30/2024,6:00,292.803
3/30/2024,12:00,291.576
3/30/2024,18:00,296.824
3/31/2024,0:00,295.4
3/31/2024,6:00,292.838
3/31/2024,12:00,292.658
3/31/2024,18:00,298.033
4/1/2024,0:00,295.836
4/1/2024,6:00,291.586
4/1/2024,12:00,292.183
4/1/2024,18:00,297.507
4/2/2024,0:00,295.919
4/2/2024,6:00,292.458
4/2/2024,12:00,291.531
4/2/2024,18:00,296.3
4/3/2024,0:00,293.812
4/3/2024,6:00,291.817
4/3/2024,12:00,292.031
4/3/2024,18:00,298.077
4/4/2024,0:00,297.628
4/4/2024,6:00,295.729
4/4/2024,12:00,294.512
4/4/2024,18:00,300.344
4/5/2024,0:00,293.908
4/5/2024,6:00,293.326
4/5/2024,12:00,292.329
4/5/2024,18:00,296.169
4/6/2024,0:00,292.559
4/6/2024,6:00,290.694
4/6/2024,12:00,289.959
4/6/2024,18:00,294.656
4/7/2024,0:00,296.426
4/7/2024,6:00,294.022
4/7/2024,12:00,292.312
4/7/2024,18:00,293.136
4/8/2024,0:00,292.695
4/8/2024,6:00,291.683
4/8/2024,12:00,292.5
4/8/2024,18:00,294.147
4/9/2024,0:00,295.031
4/9/2024,6:00,292.626
4/9/2024,12:00,291.956
4/9/2024,18:00,296.528
4/10/2024,0:00,293.5
4/10/2024,6:00,292.304
4/10/2024,12:00,291.743
4/10/2024,18:00,296.261
4/11/2024,0:00,293.227
4/11/2024,6:00,291.388
4/11/2024,12:00,291.261
4/11/2024,18:00,291.236
4/12/2024,0:00,291.206
4/12/2024,6:00,291.313
4/12/2024,12:00,291.929
4/12/2024,18:00,293.663
4/13/2024,0:00,294.479
4/13/2024,6:00,293.689
4/13/2024,12:00,293.116
4/13/2024,18:00,296.02
4/14/2024,0:00,294.434
4/14/2024,6:00,293.404
4/14/2024,12:00,293.628
4/14/2024,18:00,295.98
4/15/2024,0:00,294.745
4/15/2024,6:00,294.29
4/15/2024,12:00,293.857
4/15/2024,18:00,295.71
4/16/2024,0:00,295.307
4/16/2024,6:00,294.104
4/16/2024,12:00,293.436
4/16/2024,18:00,291.747
4/17/2024,0:00,290.133
4/17/2024,6:00,287.248
4/17/2024,12:00,285.286
4/17/2024,18:00,287.337
4/18/2024,0:00,286.442
4/18/2024,6:00,284.782
4/18/2024,12:00,284.373
4/18/2024,18:00,288.965
4/19/2024,0:00,288.145
4/19/2024,6:00,286.23
4/19/2024,12:00,285.32
4/19/2024,18:00,289.749
4/20/2024,0:00,288.412
4/20/2024,6:00,286.999
4/20/2024,12:00,285.968
4/20/2024,18:00,290.612
4/21/2024,0:00,289.909
4/21/2024,6:00,288.244
4/21/2024,12:00,287.3
4/21/2024,18:00,292.237
4/22/2024,0:00,291.645
4/22/2024,6:00,290.385
4/22/2024,12:00,290.053
4/22/2024,18:00,293.702
4/23/2024,0:00,291.472
4/23/2024,6:00,291.38
4/23/2024,12:00,291.7
4/23/2024,18:00,294.963
4/24/2024,0:00,293.164
4/24/2024,6:00,292.414
4/24/2024,12:00,292.69
4/24/2024,18:00,294
4/25/2024,0:00,293.11
4/25/2024,6:00,292.268
4/25/2024,12:00,291.704
4/25/2024,18:00,293.756
4/26/2024,0:00,294.8
4/26/2024,6:00,293.8
4/26/2024,12:00,293.298
4/26/2024,18:00,296.306
4/27/2024,0:00,295.83
4/27/2024,6:00,294.597
4/27/2024,12:00,294.281
4/27/2024,18:00,296.617
4/28/2024,0:00,296.132
4/28/2024,6:00,293.248
4/28/2024,12:00,292.071
4/28/2024,18:00,294.602
4/29/2024,0:00,293.022
4/29/2024,6:00,292.925
4/29/2024,12:00,293.576
4/29/2024,18:00,296.856
4/30/2024,0:00,296.8
4/30/2024,6:00,296.098
4/30/2024,12:00,294.267
4/30/2024,18:00,296.997
5/1/2024,0:00,296.492
5/1/2024,6:00,295.693
5/1/2024,12:00,295.019
5/1/2024,18:00,295.964
5/2/2024,0:00,296.464
5/2/2024,6:00,295.88
5/2/2024,12:00,294.8
5/2/2024,18:00,293.163
5/3/2024,0:00,291.288
5/3/2024,6:00,290.457
5/3/2024,12:00,290.782
5/3/2024,18:00,291.47
5/4/2024,0:00,291.96
5/4/2024,6:00,292.286
5/4/2024,12:00,292.057
5/4/2024,18:00,292.818
5/5/2024,0:00,293.088
5/5/2024,6:00,293.032
5/5/2024,12:00,292.4
5/5/2024,18:00,294.5
5/6/2024,0:00,295.144
5/6/2024,6:00,294.347
5/6/2024,12:00,292.539
5/6/2024,18:00,294.5
5/7/2024,0:00,294
5/7/2024,6:00,293.265
5/7/2024,12:00,292.76
5/7/2024,18:00,294.8
5/8/2024,0:00,295.344
5/8/2024,6:00,294.4
5/8/2024,12:00,293.6
5/8/2024,18:00,294.608
5/9/2024,0:00,292.428
5/9/2024,6:00,287.446
5/9/2024,12:00,285.828
5/9/2024,18:00,286.24
5/10/2024,0:00,289.723
5/10/2024,6:00,289.415
5/10/2024,12:00,290.533
5/10/2024,18:00,292.562
5/11/2024,0:00,292.806
5/11/2024,6:00,291.818
5/11/2024,12:00,291.697
5/11/2024,18:00,293.48
5/12/2024,0:00,292.4
5/12/2024,6:00,292.131
5/12/2024,12:00,292.605
5/12/2024,18:00,293.572
5/13/2024,0:00,292.14
5/13/2024,6:00,288.858
5/13/2024,12:00,287.616
5/13/2024,18:00,285.935
5/14/2024,0:00,284.374
5/14/2024,6:00,283.871
5/14/2024,12:00,281.307
5/14/2024,18:00,281.986
5/15/2024,0:00,281.045
5/15/2024,6:00,280.076
5/15/2024,12:00,279.406
5/15/2024,18:00,281.656
5/16/2024,0:00,283.14
5/16/2024,6:00,283.229
5/16/2024,12:00,285.8
5/16/2024,18:00,286.149
5/17/2024,0:00,286.204
5/17/2024,6:00,286.109
5/17/2024,12:00,285.281
5/17/2024,18:00,285.447
5/18/2024,0:00,284.604
5/18/2024,6:00,284.405
5/18/2024,12:00,283.005
5/18/2024,18:00,283.631
5/19/2024,0:00,282.814
5/19/2024,6:00,282.552
5/19/2024,12:00,281.572
5/19/2024,18:00,284.055
5/20/2024,0:00,284.581
5/20/2024,12:00,280.398
5/20/2024,18:00,283.5
5/21/2024,0:00,284
5/21/2024,6:00,283.255
5/21/2024,12:00,284.427
5/21/2024,18:00,289.275
5/22/2024,0:00,291.664
5/22/2024,6:00,291.258
5/22/2024,12:00,290.783
5/22/2024,18:00,293.683
5/23/2024,0:00,293.607
5/23/2024,6:00,292.3
5/23/2024,12:00,291.703
5/23/2024,18:00,292.8
5/24/2024,0:00,290.411
5/24/2024,6:00,289.378
5/24/2024,12:00,287.901
5/24/2024,18:00,283.568
5/25/2024,0:00,280.595
5/25/2024,6:00,280.158
5/25/2024,12:00,277.429
5/25/2024,18:00,278.744
5/26/2024,0:00,280.088
5/26/2024,6:00,277.955
5/26/2024,12:00,277.844
5/26/2024,18:00,280.436
5/27/2024,0:00,284.668
5/27/2024,6:00,284.778
5/27/2024,12:00,284.7
5/27/2024,18:00,283.7
5/28/2024,0:00,281.278
5/28/2024,6:00,279.473
5/28/2024,12:00,277.351
5/28/2024,18:00,278.604
5/29/2024,0:00,280.161
5/29/2024,6:00,281.489
5/29/2024,12:00,282.004
5/29/2024,18:00,283.888
5/30/2024,0:00,282.939
5/30/2024,6:00,280.997
5/30/2024,12:00,280.2
5/30/2024,18:00,283.516
5/31/2024,0:00,284.024
5/31/2024,6:00,282.776
5/31/2024,12:00,282.007
5/31/2024,18:00,285.19
6/1/2024,0:00,285.85
6/1/2024,6:00,284.513
6/1/2024,12:00,283.562
6/1/2024,18:00,286.131
6/2/2024,0:00,287.108
6/2/2024,6:00,286.453
6/2/2024,12:00,285.605
6/2/2024,18:00,288.911
6/3/2024,0:00,290.3
6/3/2024,6:00,289.3
6/3/2024,12:00,288.457
6/3/2024,18:00,285.438
6/4/2024,0:00,283.099
6/4/2024,6:00,280.444
6/4/2024,12:00,280.478
6/4/2024,18:00,284
6/5/2024,0:00,288.867
6/5/2024,6:00,288.75
6/5/2024,12:00,289.182
6/5/2024,18:00,291.693
6/6/2024,0:00,291.479
6/6/2024,6:00,289.842
6/6/2024,12:00,289.098
6/6/2024,18:00,291.533
6/7/2024,0:00,291.217
6/7/2024,6:00,290.06
6/7/2024,12:00,289.3
6/7/2024,18:00,291.79
6/8/2024,0:00,291.376
6/8/2024,6:00,290.29
6/8/2024,12:00,289.339
6/8/2024,18:00,291.9
6/9/2024,0:00,291.358
6/9/2024,6:00,290.7
6/9/2024,12:00,289.499
6/9/2024,18:00,291.808
6/10/2024,0:00,292.155
6/10/2024,6:00,290.817
6/10/2024,12:00,290.211
6/10/2024,18:00,292.92
6/11/2024,0:00,293.443
6/11/2024,6:00,292.073
6/11/2024,12:00,290.448
6/11/2024,18:00,292.867
6/12/2024,0:00,292.7
6/12/2024,6:00,291.135
6/12/2024,12:00,290.096
6/12/2024,18:00,292.268
6/13/2024,0:00,291.768
6/13/2024,6:00,289.791
6/13/2024,12:00,289.087
6/13/2024,18:00,291.631
6/14/2024,0:00,293.004
6/14/2024,6:00,290.242
6/14/2024,12:00,290.303
6/14/2024,18:00,291.925
6/15/2024,0:00,293.73
6/15/2024,6:00,293.075
6/15/2024,12:00,293.076
6/15/2024,18:00,292.8
6/16/2024,0:00,291.513
6/16/2024,6:00,290.346
6/16/2024,12:00,289.946
6/16/2024,18:00,291.067
6/17/2024,0:00,290.568
6/17/2024,6:00,291.007
6/17/2024,12:00,291.255
6/17/2024,18:00,291.9
6/18/2024,0:00,291.3
6/18/2024,6:00,289.901
6/18/2024,12:00,288.9
6/18/2024,18:00,290.656
6/19/2024,0:00,291.6
6/19/2024,6:00,290.185
6/19/2024,12:00,289.671
6/19/2024,18:00,291.4
6/20/2024,0:00,290.555
6/20/2024,6:00,289.633
6/20/2024,12:00,289.715
6/20/2024,18:00,291.021
6/21/2024,0:00,290.332
6/21/2024,6:00,290.253
6/21/2024,12:00,289.695
6/21/2024,18:00,290.5
6/22/2024,0:00,290.825
6/22/2024,6:00,289.135
6/22/2024,12:00,288.723
6/22/2024,18:00,290.937
6/23/2024,0:00,292.469
6/23/2024,6:00,291.763
6/23/2024,12:00,291.765
6/23/2024,18:00,291.698
6/24/2024,0:00,292.465
6/24/2024,6:00,289.9
6/24/2024,12:00,286.834
6/24/2024,18:00,285.739
6/25/2024,0:00,284.876
6/25/2024,6:00,281.473
6/25/2024,12:00,281.166
6/25/2024,18:00,281.546
6/26/2024,0:00,282.633
6/26/2024,6:00,283.182
6/26/2024,12:00,282.376
6/26/2024,18:00,282.674
6/27/2024,0:00,282.094
6/27/2024,6:00,279.393
6/27/2024,12:00,278.757
6/27/2024,18:00,281.4
6/28/2024,0:00,283.303
6/28/2024,6:00,282.844
6/28/2024,12:00,282.935
6/28/2024,18:00,284.666
6/29/2024,0:00,284.142
6/29/2024,6:00,280.531
6/29/2024,12:00,277.91
6/29/2024,18:00,278.885
6/30/2024,0:00,276.561
6/30/2024,6:00,274.305
6/30/2024,12:00,273.7
6/30/2024,18:00,276.646
7/1/2024,0:00,277.729
7/1/2024,6:00,277.486
7/1/2024,12:00,277.308
7/1/2024,18:00,280.638
7/2/2024,0:00,282.321
7/2/2024,6:00,281.848
7/2/2024,12:00,281.772
7/2/2024,18:00,284.681
7/3/2024,0:00,287.469
7/3/2024,6:00,287.699
7/3/2024,12:00,287.556
7/3/2024,18:00,289.422
7/4/2024,0:00,289.261
7/4/2024,6:00,288.398
7/4/2024,12:00,287.7
7/4/2024,18:00,290.2
7/5/2024,0:00,288.166
7/5/2024,6:00,285.602
7/5/2024,12:00,284.677
7/5/2024,18:00,284.816
7/6/2024,0:00,282.234
7/6/2024,6:00,280.921
7/6/2024,12:00,280.38
7/6/2024,18:00,280.591
7/7/2024,0:00,280.093
7/7/2024,6:00,280.363
7/7/2024,12:00,280.117
7/7/2024,18:00,281.625
7/8/2024,0:00,281.236
7/8/2024,6:00,280.716
7/8/2024,12:00,278.709
7/8/2024,18:00,279.932
7/9/2024,0:00,281.014
7/9/2024,6:00,277.042
7/9/2024,12:00,276.895
7/9/2024,18:00,277.688
7/10/2024,0:00,277.99
7/10/2024,6:00,277.693
7/10/2024,12:00,277.7
7/10/2024,18:00,278.796
7/11/2024,0:00,280.316
7/11/2024,6:00,277.947
7/11/2024,12:00,277.687
7/11/2024,18:00,279.503
7/12/2024,0:00,280.129
7/12/2024,6:00,277.248
7/12/2024,12:00,275.778
7/12/2024,18:00,278.4
7/13/2024,0:00,280.7
7/13/2024,6:00,277.115
7/13/2024,12:00,276.801
7/13/2024,18:00,281.598
7/14/2024,0:00,282.633
7/14/2024,6:00,281.231
7/14/2024,12:00,281.222
7/14/2024,18:00,281.623
7/15/2024,0:00,282.6
7/15/2024,6:00,282.672
7/15/2024,12:00,282.836
7/15/2024,18:00,284.596
7/16/2024,0:00,284.927
7/16/2024,6:00,284.098
7/16/2024,12:00,284.6
7/16/2024,18:00,286.049
7/17/2024,0:00,286.522
7/17/2024,6:00,285.047
7/17/2024,12:00,283.758
7/17/2024,18:00,285.585
7/18/2024,0:00,284.403
7/18/2024,6:00,282.672
7/18/2024,12:00,283.004
7/18/2024,18:00,286.81
7/19/2024,0:00,288.699
7/19/2024,6:00,287.649
7/19/2024,12:00,287.094
7/19/2024,18:00,289.756
7/20/2024,0:00,289.855
7/20/2024,6:00,288.173
7/20/2024,12:00,286.803
7/20/2024,18:00,289.212
7/21/2024,0:00,288.624
7/21/2024,6:00,287.516
7/21/2024,12:00,286.818
7/21/2024,18:00,288.939
7/22/2024,0:00,288.879
7/22/2024,6:00,287.649
7/22/2024,12:00,286.98
7/22/2024,18:00,290.107
7/23/2024,0:00,288.818
7/23/2024,6:00,287.133
7/23/2024,12:00,286.367
7/23/2024,18:00,289.149
7/24/2024,0:00,288.66
7/24/2024,6:00,287.383
7/24/2024,12:00,286.509
7/24/2024,18:00,288.383
7/25/2024,0:00,289.046
7/25/2024,6:00,288.5
7/25/2024,12:00,288.016
7/25/2024,18:00,290.684
7/26/2024,0:00,290.167
7/26/2024,6:00,289.665
7/26/2024,12:00,288.874
7/26/2024,18:00,290.82
7/27/2024,0:00,290.545
7/27/2024,6:00,290.156
7/27/2024,12:00,290.04
7/27/2024,18:00,291.386
7/28/2024,0:00,290.277
7/28/2024,6:00,287.815
7/28/2024,12:00,287.246
7/28/2024,18:00,290.41
7/29/2024,0:00,289.364
7/29/2024,6:00,288.573
7/29/2024,12:00,284.2
7/29/2024,18:00,284.412
7/30/2024,0:00,282.457
7/30/2024,6:00,282.358
7/30/2024,12:00,280.924
7/30/2024,18:00,283.537
7/31/2024,0:00,286.336
7/31/2024,6:00,284.997
7/31/2024,12:00,284.307
7/31/2024,18:00,287.057
8/1/2024,0:00,289.1
8/1/2024,6:00,289.449
8/1/2024,12:00,288.674
8/1/2024,18:00,290.733
8/2/2024,0:00,293
8/2/2024,6:00,291.284
8/2/2024,12:00,290.302
8/2/2024,18:00,291.451
8/3/2024,0:00,292.968
8/3/2024,6:00,291.288
8/3/2024,12:00,290.344
8/3/2024,18:00,291.605
8/4/2024,0:00,294.374
8/4/2024,6:00,292.654
8/4/2024,12:00,290.809
8/4/2024,18:00,292.078
8/5/2024,0:00,288.99
8/5/2024,6:00,288.964
8/5/2024,12:00,288.916
8/5/2024,18:00,291.193
8/6/2024,0:00,290.257
8/6/2024,6:00,290.202
8/6/2024,12:00,289.477
8/6/2024,18:00,292.322
8/7/2024,0:00,292.719
8/7/2024,6:00,291.204
8/7/2024,12:00,288.418
8/7/2024,18:00,287.079
8/8/2024,0:00,287.004
8/8/2024,6:00,286.109
8/8/2024,12:00,284.121
8/8/2024,18:00,282.8
8/9/2024,0:00,279.778
8/9/2024,6:00,276.203
8/9/2024,12:00,274.201
8/9/2024,18:00,277.654
8/10/2024,0:00,278.172
8/10/2024,6:00,278.198
8/10/2024,12:00,278.638
8/10/2024,18:00,279.673
8/11/2024,0:00,279.435
8/11/2024,6:00,277.522
8/11/2024,12:00,276.469
8/11/2024,18:00,280.735
8/12/2024,0:00,280.267
8/12/2024,6:00,277.398
8/12/2024,12:00,275.467
8/12/2024,18:00,278.9
8/13/2024,0:00,276.808
8/13/2024,6:00,274.514
8/13/2024,12:00,274.239
8/13/2024,18:00,278.948
8/14/2024,0:00,280.102
8/14/2024,6:00,279.715
8/14/2024,12:00,279.693
8/14/2024,18:00,284.381
8/15/2024,0:00,284.543
8/15/2024,6:00,284.712
8/15/2024,12:00,284.699
8/15/2024,18:00,288.597
8/16/2024,0:00,289.408
8/16/2024,6:00,288.886
8/16/2024,12:00,288.786
8/16/2024,18:00,292.219
8/17/2024,0:00,293.486
8/17/2024,6:00,291.514
8/17/2024,12:00,290.986
8/17/2024,18:00,292.67
8/18/2024,0:00,294.628
8/18/2024,6:00,291.947
8/18/2024,12:00,290.8
8/18/2024,18:00,294.1
8/19/2024,0:00,294.537
8/19/2024,6:00,293.2
8/19/2024,12:00,290.294
8/19/2024,18:00,293.743
8/20/2024,0:00,293.522
8/20/2024,6:00,292.497
8/20/2024,12:00,292.608
8/20/2024,18:00,294.648
8/21/2024,0:00,292.505
8/21/2024,6:00,292.212
8/21/2024,12:00,291.394
8/21/2024,18:00,293.456
8/22/2024,0:00,293.954
8/22/2024,6:00,293.993
8/22/2024,12:00,290.344
8/22/2024,18:00,291.936
8/23/2024,0:00,285.681
8/23/2024,6:00,283.946
8/23/2024,12:00,282.785
8/23/2024,18:00,282.727
8/24/2024,0:00,283.122
8/24/2024,6:00,280.055
8/24/2024,12:00,277.289
8/24/2024,18:00,280.319
8/25/2024,0:00,277.841
8/25/2024,6:00,275.827
8/25/2024,12:00,275.52
8/25/2024,18:00,279.714
8/26/2024,0:00,277.411
8/26/2024,6:00,275.645
8/26/2024,12:00,275.108
8/26/2024,18:00,279.845
8/27/2024,0:00,279.044
8/27/2024,6:00,277.318
8/27/2024,12:00,277.072
8/27/2024,18:00,282.605
8/28/2024,0:00,282.793
8/28/2024,6:00,284.99
8/28/2024,12:00,284.2
8/28/2024,18:00,285.873
8/29/2024,0:00,287.9
8/29/2024,6:00,286.835
8/29/2024,12:00,286.871
8/29/2024,18:00,291.151
8/30/2024,0:00,290.782
8/30/2024,6:00,289.737
8/30/2024,12:00,289.22
8/30/2024,18:00,293.283
8/31/2024,0:00,293.293
8/31/2024,6:00,290.919
8/31/2024,12:00,289.916
8/31/2024,18:00,294.102
9/1/2024,0:00,288.693
9/1/2024,6:00,284.773
9/1/2024,12:00,284.137
9/1/2024,18:00,284.852
9/2/2024,0:00,281.988
9/2/2024,6:00,279.205
9/2/2024,12:00,278.7
9/2/2024,18:00,284.052
9/3/2024,0:00,286.079
9/3/2024,6:00,286.152
9/3/2024,12:00,286.527
9/3/2024,18:00,292.705
9/4/2024,0:00,289.705
9/4/2024,6:00,287.005
9/4/2024,12:00,286.731
9/4/2024,18:00,292.512
9/5/2024,0:00,284.705
9/5/2024,6:00,281.946
9/5/2024,12:00,281.791
9/5/2024,18:00,284.184
9/6/2024,0:00,282.072
9/6/2024,6:00,280.139
9/6/2024,12:00,280.222
9/6/2024,18:00,287.593
9/7/2024,0:00,288.636
9/7/2024,6:00,288.456
9/7/2024,12:00,289.016
9/7/2024,18:00,294.04
9/8/2024,0:00,293.99
9/8/2024,6:00,292.5
9/8/2024,12:00,292.507
9/8/2024,18:00,295.244
9/9/2024,0:00,296.073
9/9/2024,6:00,295.454
9/9/2024,12:00,292.988
9/9/2024,18:00,296.819
9/10/2024,0:00,296.926
9/10/2024,6:00,295.81
9/10/2024,12:00,292.163
9/10/2024,18:00,297.016
9/11/2024,0:00,296.112
9/11/2024,6:00,294.304
9/11/2024,12:00,292.058
9/11/2024,18:00,295.668
9/12/2024,0:00,296.655
9/12/2024,6:00,292.858
9/12/2024,12:00,290.719
9/12/2024,18:00,296.019
9/13/2024,0:00,290.306
9/13/2024,6:00,289.85
9/13/2024,12:00,287.833
9/13/2024,18:00,292.204
9/14/2024,0:00,289.968
9/14/2024,6:00,287.773
9/14/2024,12:00,287.7
9/14/2024,18:00,289.713
9/15/2024,0:00,286.599
9/15/2024,6:00,284.9
9/15/2024,12:00,283.962
9/15/2024,18:00,285.7
9/16/2024,0:00,285.101
9/16/2024,6:00,283.515
9/16/2024,12:00,282.841
9/16/2024,18:00,288.591
9/17/2024,0:00,286.381
9/17/2024,6:00,284.233
9/17/2024,12:00,283.715
9/17/2024,18:00,290.554
9/18/2024,0:00,287.835
9/18/2024,6:00,286.667
9/18/2024,12:00,286.3
9/18/2024,18:00,290.609
9/19/2024,0:00,290.905
9/19/2024,6:00,290.1
9/19/2024,12:00,289.345
9/19/2024,18:00,294.007
9/20/2024,0:00,296.859
9/20/2024,6:00,292.528
9/20/2024,12:00,291.266
9/20/2024,18:00,289.779
9/21/2024,0:00,288.498
9/21/2024,6:00,287.399
9/21/2024,12:00,287.332
9/21/2024,18:00,292.004
9/22/2024,0:00,291.966
9/22/2024,6:00,290.933
9/22/2024,12:00,291.671
9/22/2024,18:00,297.177
9/23/2024,0:00,297.466
9/23/2024,6:00,295.125
9/23/2024,12:00,294.136
9/23/2024,18:00,299.268
9/24/2024,0:00,298.053
9/24/2024,6:00,296.047
9/24/2024,12:00,294.429
9/24/2024,18:00,299.418
9/25/2024,0:00,300
9/25/2024,6:00,297.251
9/25/2024,12:00,296.2
9/25/2024,18:00,299.853
9/26/2024,0:00,297.528
9/26/2024,6:00,294.13
9/26/2024,12:00,292.456
9/26/2024,18:00,289.346
9/27/2024,0:00,287.513
9/27/2024,6:00,286.297
9/27/2024,12:00,286.119
9/27/2024,18:00,287.919
9/28/2024,0:00,287.413
9/28/2024,6:00,284.962
9/28/2024,12:00,284.454
9/28/2024,18:00,291.615
9/29/2024,0:00,290.015
9/29/2024,6:00,288.645
9/29/2024,12:00,288.19
9/29/2024,18:00,294.612
9/30/2024,0:00,293.237
9/30/2024,6:00,290.855
9/30/2024,12:00,290.58
9/30/2024,18:00,296.352
10/1/2024,0:00,298.137
10/1/2024,6:00,295.218
10/1/2024,12:00,294.093
10/1/2024,18:00,299.357
10/2/2024,0:00,295.6
10/2/2024,6:00,293.094
10/2/2024,12:00,291.177
10/2/2024,18:00,288.845
10/3/2024,0:00,287.563
10/3/2024,6:00,283.842
10/3/2024,12:00,282.799
10/3/2024,18:00,286.739
10/4/2024,0:00,285.056
10/4/2024,6:00,281.716
10/4/2024,12:00,281.484
10/4/2024,18:00,289.208
10/5/2024,0:00,288.13
10/5/2024,6:00,286.109
10/5/2024,12:00,285.4
10/5/2024,18:00,293.073
10/6/2024,0:00,291.845
10/6/2024,6:00,290.562
10/6/2024,12:00,290.153
10/6/2024,18:00,296.945
10/7/2024,0:00,292.933
10/7/2024,6:00,290.236
10/7/2024,12:00,290.372
10/7/2024,18:00,296.7
10/8/2024,0:00,293.815
10/8/2024,6:00,291.509
10/8/2024,12:00,290.163
10/8/2024,18:00,291.873
10/9/2024,0:00,291.407
10/9/2024,6:00,290.07
10/9/2024,12:00,289.959
10/9/2024,18:00,290.022
10/10/2024,0:00,289.715
10/10/2024,6:00,290.018
10/10/2024,12:00,290.236
10/10/2024,18:00,291.854
10/11/2024,0:00,291.904
10/11/2024,6:00,291.641
10/11/2024,12:00,291.291
10/11/2024,18:00,290.508
10/12/2024,0:00,289.863
10/12/2024,6:00,288.917
10/12/2024,12:00,287.905
10/12/2024,18:00,292.435
10/13/2024,0:00,290.873
10/13/2024,6:00,288.04
10/13/2024,12:00,287.834
10/13/2024,18:00,294.8
10/14/2024,0:00,294.277
10/14/2024,6:00,291.533
10/14/2024,12:00,291.017
10/14/2024,18:00,295.6
10/15/2024,0:00,295.364
10/15/2024,6:00,293.318
10/15/2024,12:00,291.655
10/15/2024,18:00,292.731
10/16/2024,0:00,291.458
10/16/2024,6:00,289.59
10/16/2024,12:00,288.885
10/16/2024,18:00,294
10/17/2024,0:00,290.956
10/17/2024,6:00,288.133
10/17/2024,12:00,287.71
10/17/2024,18:00,295.613
10/18/2024,0:00,292.242
10/18/2024,6:00,289.659
10/18/2024,12:00,289.089
10/18/2024,18:00,289.193
10/19/2024,0:00,286.298
10/19/2024,6:00,286.971
10/19/2024,12:00,287.641
10/19/2024,18:00,292.412
10/20/2024,0:00,291.46
10/20/2024,6:00,288.76
10/20/2024,12:00,287.817
10/20/2024,18:00,294.3
10/21/2024,0:00,293.708
10/21/2024,6:00,291.083
10/21/2024,12:00,290.715
10/21/2024,18:00,296
10/22/2024,6:00,295.46
10/22/2024,12:00,295.118
10/22/2024,18:00,300.696
10/23/2024,0:00,296.598
10/23/2024,6:00,295.716
10/23/2024,12:00,293.861
10/23/2024,18:00,299.12
10/24/2024,0:00,294.325
10/24/2024,6:00,293.401
10/24/2024,12:00,293.493
10/24/2024,18:00,299.253
10/25/2024,0:00,291.83
10/25/2024,6:00,287.993
10/25/2024,12:00,286.801
10/25/2024,18:00,291.846
10/26/2024,0:00,291.515
10/26/2024,6:00,286.245
10/26/2024,12:00,284.512
10/26/2024,18:00,288.528
10/27/2024,0:00,286.54
10/27/2024,6:00,283.378
10/27/2024,12:00,283.014
10/27/2024,18:00,290.356
10/28/2024,0:00,289.553
10/28/2024,6:00,286.561
10/28/2024,12:00,287.086
10/28/2024,18:00,295.649
10/29/2024,0:00,293.079
10/29/2024,6:00,290.048
10/29/2024,12:00,289.325
10/29/2024,18:00,297.478
10/30/2024,0:00,293.667
10/30/2024,6:00,289.714
10/30/2024,12:00,289.071
10/30/2024,18:00,297.749
10/31/2024,0:00,294.906
10/31/2024,6:00,292.475
10/31/2024,12:00,291.83
10/31/2024,18:00,297.182
11/1/2024,0:00,296.375
11/1/2024,6:00,293.538
11/1/2024,12:00,292.421
11/1/2024,18:00,297.721
11/2/2024,0:00,293.458
11/2/2024,6:00,293.101
11/2/2024,12:00,292.63
11/2/2024,18:00,292.717
11/3/2024,0:00,292.618
11/3/2024,6:00,292.076
11/3/2024,12:00,291.942
11/3/2024,18:00,292.533
11/4/2024,0:00,292.231
11/4/2024,6:00,290.699
11/4/2024,12:00,290.435
11/4/2024,18:00,295.96
11/5/2024,0:00,296.417
11/5/2024,6:00,293.363
11/5/2024,12:00,293.069
11/5/2024,18:00,299.605
11/6/2024,0:00,294.793
11/6/2024,6:00,293.586
11/6/2024,12:00,293.26
11/6/2024,18:00,298.763
11/7/2024,6:00,294.241
11/7/2024,12:00,293.227
11/7/2024,18:00,297.539
11/8/2024,0:00,292.655
11/8/2024,6:00,290.071
11/8/2024,12:00,289.667
11/8/2024,18:00,290.6
11/9/2024,0:00,289.694
11/9/2024,6:00,286.082
11/9/2024,12:00,284.978
11/9/2024,18:00,291.886
11/10/2024,0:00,290.709
11/10/2024,6:00,287.581
11/10/2024,12:00,286.848
11/10/2024,18:00,296.263
11/11/2024,0:00,296.074
11/11/2024,6:00,293.312
11/11/2024,12:00,292.106
11/11/2024,18:00,300.368
11/12/2024,0:00,290.943
11/12/2024,6:00,287.559
11/12/2024,12:00,286.393
11/12/2024,18:00,287.918
11/13/2024,0:00,287.405
11/13/2024,6:00,284.473
11/13/2024,12:00,283.979
11/13/2024,18:00,290.859
11/14/2024,0:00,290.343
11/14/2024,6:00,286.518
11/14/2024,12:00,285.839
11/14/2024,18:00,294.354
11/15/2024,0:00,293.288
11/15/2024,6:00,291.049
11/15/2024,12:00,291.04
11/15/2024,18:00,296.88
11/16/2024,0:00,296.131
11/16/2024,6:00,294.256
11/16/2024,12:00,292.746
11/16/2024,18:00,299.582
11/17/2024,0:00,298.817
11/17/2024,6:00,296.03
11/17/2024,12:00,294.667
11/17/2024,18:00,301.646
11/18/2024,0:00,301.257
11/18/2024,6:00,295.54
11/18/2024,12:00,294.766
11/18/2024,18:00,302.42
11/19/2024,0:00,297.096
11/19/2024,6:00,292.958
11/19/2024,12:00,292.935
11/19/2024,18:00,294.507
11/20/2024,0:00,292.259
11/20/2024,6:00,291.959
11/20/2024,12:00,291.988
11/20/2024,18:00,292.856
11/21/2024,0:00,290.515
11/21/2024,6:00,288.393
11/21/2024,12:00,288.49
11/21/2024,18:00,294.275
11/22/2024,0:00,293.614
11/22/2024,6:00,292.474
11/22/2024,12:00,291.899
11/22/2024,18:00,292.954
11/23/2024,0:00,294.343
11/23/2024,6:00,290.701
11/23/2024,12:00,289.714
11/23/2024,18:00,297.184
11/24/2024,0:00,295.254
11/24/2024,6:00,291.615
11/24/2024,12:00,290.576
11/24/2024,18:00,297.139
11/25/2024,0:00,297.55
11/25/2024,6:00,293.238
11/25/2024,12:00,292.43
11/25/2024,18:00,297.784
11/26/2024,0:00,298.269
11/26/2024,6:00,295.558
11/26/2024,12:00,294.816
11/26/2024,18:00,301.956
11/27/2024,0:00,296.253
11/27/2024,6:00,295.972
11/27/2024,12:00,295.627
11/27/2024,18:00,296.864
11/28/2024,0:00,292.806
11/28/2024,6:00,293.058
11/28/2024,12:00,293.292
11/28/2024,18:00,292.301
11/29/2024,0:00,292.887
11/29/2024,6:00,292.475
11/29/2024,12:00,292.432
11/29/2024,18:00,297.532
11/30/2024,0:00,296.558
11/30/2024,6:00,293.296
11/30/2024,12:00,293.001
11/30/2024,18:00,298.786
12/1/2024,0:00,297.011
12/1/2024,6:00,293.476
12/1/2024,12:00,293.295
12/1/2024,18:00,300.076
12/2/2024,0:00,299.539
12/2/2024,6:00,293.289
12/2/2024,12:00,290.576
12/2/2024,18:00,288.881
12/3/2024,0:00,290.694
12/3/2024,6:00,287.772
12/3/2024,12:00,286.627
12/3/2024,18:00,292.627
12/4/2024,0:00,290.595
12/4/2024,6:00,287.946
12/4/2024,12:00,287.232
12/4/2024,18:00,294.149
12/5/2024,0:00,294.237
12/5/2024,6:00,291.747
12/5/2024,12:00,291.341
12/5/2024,18:00,297.541
12/6/2024,0:00,298.035
12/6/2024,6:00,295.256
12/6/2024,12:00,295.25
12/6/2024,18:00,298.712
12/7/2024,0:00,295.296
12/7/2024,6:00,294.109
12/7/2024,12:00,293.572
12/7/2024,18:00,293.975
12/8/2024,0:00,290.54
12/8/2024,6:00,289.832
12/8/2024,12:00,287.917
12/8/2024,18:00,288.611
12/9/2024,0:00,290.081
12/9/2024,6:00,288.187
12/9/2024,12:00,287.503
12/9/2024,18:00,292.335
12/10/2024,0:00,292.234
12/10/2024,6:00,289.297
12/10/2024,12:00,288.948
12/10/2024,18:00,293.997
12/11/2024,0:00,292.907
12/11/2024,6:00,289.474
12/11/2024,12:00,288.811
12/11/2024,18:00,296.371
12/12/2024,0:00,294.736
12/12/2024,6:00,292.088
12/12/2024,12:00,291.14
12/12/2024,18:00,296.953
12/13/2024,0:00,295.865
12/13/2024,6:00,294.081
12/13/2024,12:00,293.538
12/13/2024,18:00,293.194
12/14/2024,0:00,292.675
12/14/2024,6:00,291.88
12/14/2024,12:00,291.576
12/14/2024,18:00,292.843
12/15/2024,0:00,292.761
12/15/2024,6:00,290.045
12/15/2024,12:00,288.987
12/15/2024,18:00,293.642
12/16/2024,0:00,290.188
12/16/2024,6:00,287.368
12/16/2024,12:00,286.441
12/16/2024,18:00,292.372
12/17/2024,0:00,290.939
12/17/2024,6:00,288.589
12/17/2024,12:00,289.252
12/17/2024,18:00,294.416
12/18/2024,0:00,292.032
12/18/2024,6:00,289.12
12/18/2024,12:00,288.556
12/18/2024,18:00,296.311
12/19/2024,0:00,295.496
12/19/2024,6:00,291.934
12/19/2024,12:00,292.078
12/19/2024,18:00,291.215
12/20/2024,0:00,292.105
12/20/2024,6:00,291.547
12/20/2024,12:00,291.122
12/20/2024,18:00,293.588
12/21/2024,0:00,294.073
12/21/2024,6:00,291.853
12/21/2024,12:00,291.201
12/21/2024,18:00,298.055
12/22/2024,0:00,295.874
12/22/2024,6:00,290.773
12/22/2024,12:00,289.611
12/22/2024,18:00,291.706
12/23/2024,0:00,291.154
12/23/2024,6:00,286.66
12/23/2024,12:00,285.973
12/23/2024,18:00,293.508
12/24/2024,0:00,292.892
12/24/2024,6:00,289.865
12/24/2024,12:00,289.815
12/24/2024,18:00,296.867
12/25/2024,0:00,294.961
12/25/2024,6:00,291.517
12/25/2024,12:00,289.533
12/25/2024,18:00,294.157
12/26/2024,0:00,291.253
12/26/2024,6:00,288.18
12/26/2024,12:00,286.66
12/26/2024,18:00,292.915
12/27/2024,0:00,291.98
12/27/2024,6:00,287.52
12/27/2024,12:00,286.663
12/27/2024,18:00,294.78
12/28/2024,0:00,292.941
12/28/2024,6:00,289.012
12/28/2024,12:00,288.311
12/28/2024,18:00,295.465
12/29/2024,0:00,293.999
12/29/2024,6:00,289.204
12/29/2024,12:00,287.96
12/29/2024,18:00,295.817
12/30/2024,0:00,294.671
12/30/2024,6:00,289.84
12/30/2024,12:00,288.746
12/30/2024,18:00,297.3
12/31/2024,0:00,296.026
12/31/2024,6:00,292.266
12/31/2024,12:00,291.283
12/31/2024,18:00,298.922
1/1/2025,0:00,296.73
1/1/2025,6:00,294.125
1/1/2025,12:00,293.71
1/1/2025,18:00,300.391
1/2/2025,0:00,298.821
1/2/2025,6:00,295.371
1/2/2025,12:00,294.08
1/2/2025,18:00,299.924
1/3/2025,0:00,298.13
1/3/2025,6:00,294.066
1/3/2025,12:00,292.112
1/3/2025,18:00,298.948
1/4/2025,0:00,295.796
1/4/2025,6:00,290.016
1/4/2025,12:00,287.228
1/4/2025,18:00,294.633
1/5/2025,0:00,293.106
1/5/2025,6:00,288.507
1/5/2025,12:00,287.548
1/5/2025,18:00,296.107
1/6/2025,0:00,293.237
1/6/2025,6:00,289.407
1/6/2025,12:00,287.456
1/6/2025,18:00,295.294
1/7/2025,0:00,294.293
1/7/2025,6:00,287.546
1/7/2025,12:00,286.084
1/7/2025,18:00,295.503
1/8/2025,0:00,294.294
1/8/2025,6:00,288.783
1/8/2025,12:00,287.766
1/8/2025,18:00,297.076
1/9/2025,0:00,296.361
1/9/2025,6:00,289.975
1/9/2025,12:00,288.704
1/9/2025,18:00,297.796
1/10/2025,0:00,296.386
1/10/2025,6:00,291.753
1/10/2025,12:00,291.141
1/10/2025,18:00,300.029
1/11/2025,0:00,294.532
1/11/2025,6:00,291.156
1/11/2025,12:00,290.249
1/11/2025,18:00,297.356
1/12/2025,0:00,295.171
1/12/2025,6:00,290.047
1/12/2025,12:00,287.752
1/12/2025,18:00,296.41
1/13/2025,0:00,294.351
1/13/2025,6:00,288.492
1/13/2025,12:00,287.957
1/13/2025,18:00,297.842
1/14/2025,0:00,297.337
1/14/2025,6:00,290.786
1/14/2025,12:00,290.415
1/14/2025,18:00,299.768
1/15/2025,0:00,291.361
1/15/2025,6:00,291.042
1/15/2025,12:00,290.428
1/15/2025,18:00,296.122
1/16/2025,0:00,292.566
1/16/2025,6:00,291.744
1/16/2025,12:00,290.831
1/16/2025,18:00,298.883
1/17/2025,0:00,292.572
1/17/2025,6:00,292.569
1/17/2025,12:00,293.003
1/17/2025,18:00,300.024
1/18/2025,0:00,298.026
1/18/2025,6:00,294.849
1/18/2025,12:00,293.799
1/18/2025,18:00,301.467
1/19/2025,0:00,301.517
1/19/2025,6:00,294.053
1/19/2025,12:00,293.153
1/19/2025,18:00,301.508
1/20/2025,0:00,298.926
1/20/2025,6:00,291.829
1/20/2025,12:00,291.074
1/20/2025,18:00,294.016
1/21/2025,0:00,296.18
1/21/2025,6:00,290.627
1/21/2025,12:00,289.128
1/21/2025,18:00,297.149
1/22/2025,0:00,296.562
1/22/2025,6:00,292.704
1/22/2025,12:00,291.167
1/22/2025,18:00,301.144
1/23/2025,0:00,299.636
1/23/2025,6:00,293.921
1/23/2025,12:00,293.578
1/23/2025,18:00,303.025
1/24/2025,0:00,296.258
1/24/2025,6:00,293.358
1/24/2025,12:00,293.437
1/24/2025,18:00,294.584
1/25/2025,0:00,294.198
1/25/2025,6:00,292.085
1/25/2025,12:00,291.986
1/25/2025,18:00,297.244
1/26/2025,0:00,298.757
1/26/2025,6:00,293.848
1/26/2025,12:00,291.128
1/26/2025,18:00,297.591
1/27/2025,0:00,298.498
1/27/2025,6:00,292.915
1/27/2025,12:00,291.724
1/27/2025,18:00,300.33
1/28/2025,0:00,293.873
1/28/2025,6:00,292.41
1/28/2025,12:00,292.29
1/28/2025,18:00,298.346
1/29/2025,0:00,297.37
1/29/2025,6:00,293.224
1/29/2025,12:00,292.269
1/29/2025,18:00,300.722
1/30/2025,0:00,299.118
1/30/2025,6:00,291.974
1/30/2025,12:00,291.723
1/30/2025,18:00,298.086
1/31/2025,0:00,292.718
1/31/2025,6:00,290.893
1/31/2025,12:00,290.495
1/31/2025,18:00,298.546
2/1/2025,0:00,297.039
2/1/2025,6:00,291.669
2/1/2025,12:00,290.935
2/1/2025,18:00,299.646
2/2/2025,0:00,298.354
2/2/2025,6:00,293.581
2/2/2025,12:00,292.253
2/2/2025,18:00,301.694
2/3/2025,0:00,299.052
2/3/2025,6:00,294.139
2/3/2025,12:00,293.069
2/3/2025,18:00,302.74
2/4/2025,0:00,298.91
2/4/2025,6:00,295.577
2/4/2025,12:00,295.043
2/4/2025,18:00,303.482
2/5/2025,0:00,300.174
2/5/2025,6:00,297.254
2/5/2025,12:00,295.539
2/5/2025,18:00,303.142
2/6/2025,0:00,301.726
2/6/2025,6:00,298.02
2/6/2025,12:00,295.078
2/6/2025,18:00,301.583
2/7/2025,0:00,295.726
2/7/2025,6:00,293.791
2/7/2025,12:00,293.945
2/7/2025,18:00,301.284
2/8/2025,0:00,302.249
2/8/2025,6:00,292.38
2/8/2025,12:00,291.194
2/8/2025,18:00,301.326
2/9/2025,0:00,299.834
2/9/2025,6:00,296.098
2/9/2025,12:00,294.393
2/9/2025,18:00,302.764
2/10/2025,0:00,298.725
2/10/2025,6:00,295.167
2/10/2025,12:00,294.567
2/10/2025,18:00,304.376
2/11/2025,0:00,301.416
2/11/2025,6:00,296.824
2/11/2025,12:00,295.113
2/11/2025,18:00,304.043
2/12/2025,0:00,292.789
2/12/2025,6:00,293.033
2/12/2025,12:00,294.601
2/12/2025,18:00,303.159
2/13/2025,0:00,294.111
2/13/2025,6:00,293.21
2/13/2025,12:00,293.062
2/13/2025,18:00,294.312
2/14/2025,0:00,293.633
2/14/2025,6:00,291.132
2/14/2025,12:00,291.379
2/14/2025,18:00,298.229
2/15/2025,0:00,299.842
2/15/2025,6:00,294.402
2/15/2025,12:00,293.608
2/15/2025,18:00,298.988
2/16/2025,0:00,294.631
2/16/2025,6:00,293.966
2/16/2025,12:00,294.021
2/16/2025,18:00,300.672
2/17/2025,0:00,300.494
2/17/2025,6:00,294.281
2/17/2025,12:00,294.2
2/17/2025,18:00,298.159
2/18/2025,0:00,292.979
2/18/2025,6:00,291.519
2/18/2025,12:00,290.762
2/18/2025,18:00,294.448
2/19/2025,0:00,293.855
2/19/2025,6:00,290.771
2/19/2025,12:00,290.045
2/19/2025,18:00,296.071
2/20/2025,0:00,294.493
2/20/2025,6:00,290.801
2/20/2025,12:00,290.092
2/20/2025,18:00,297.686
2/21/2025,0:00,295.951
2/21/2025,6:00,294.105
2/21/2025,12:00,293.749
2/21/2025,18:00,300.396
2/22/2025,0:00,298.373
2/22/2025,6:00,295.312
2/22/2025,12:00,294.195
2/22/2025,18:00,301.593
2/23/2025,0:00,299.718
2/23/2025,6:00,294.444
2/23/2025,12:00,293.072
2/23/2025,18:00,301.132
2/24/2025,0:00,293.072
2/24/2025,6:00,293.9
2/24/2025,12:00,293.558
2/24/2025,18:00,300.735
2/25/2025,0:00,300.259
2/25/2025,6:00,296.874
2/25/2025,12:00,295.229
2/25/2025,18:00,303.425
2/26/2025,0:00,300.867
2/26/2025,6:00,295.702
2/26/2025,12:00,294.721
2/26/2025,18:00,302.554
2/27/2025,0:00,294.793
2/27/2025,6:00,293.562
2/27/2025,12:00,293.836
2/27/2025,18:00,298.939
2/28/2025,0:00,294.507
2/28/2025,6:00,294.112
2/28/2025,12:00,293.291
2/28/2025,18:00,300.962
3/1/2025,0:00,296.952
3/1/2025,6:00,295.24
3/1/2025,12:00,294.69
3/1/2025,18:00,301.395
3/2/2025,0:00,296.149
3/2/2025,6:00,296.3
3/2/2025,12:00,294.875
3/2/2025,18:00,302.362
3/3/2025,0:00,299.275
3/3/2025,6:00,297.227
3/3/2025,12:00,296.156
3/3/2025,18:00,304.158
3/4/2025,0:00,301.876
3/4/2025,6:00,299.301
3/4/2025,12:00,295.674
3/4/2025,18:00,302.276
3/5/2025,0:00,300.561
3/5/2025,6:00,295.913
3/5/2025,12:00,294.882
3/5/2025,18:00,300.902
3/6/2025,0:00,299.504
3/6/2025,6:00,296.004
3/6/2025,12:00,294.915
3/6/2025,18:00,301.4
3/7/2025,0:00,297.525
3/7/2025,6:00,295.079
3/7/2025,12:00,294.536
3/7/2025,18:00,301.829
3/8/2025,0:00,299.6
3/8/2025,6:00,296.55
3/8/2025,12:00,294.52
3/8/2025,18:00,302.855
3/9/2025,0:00,301.611
3/9/2025,6:00,294.822
3/9/2025,12:00,293.25
3/9/2025,18:00,297.381
3/10/2025,0:00,291.087
3/10/2025,6:00,289.374
3/10/2025,12:00,286.698
3/10/2025,18:00,292.415
3/11/2025,0:00,292.803
3/11/2025,6:00,289.777
3/11/2025,12:00,289.389
3/11/2025,18:00,295.128
3/12/2025,0:00,294.601
3/12/2025,6:00,291.025
3/12/2025,12:00,289.873
3/12/2025,18:00,296.9
3/13/2025,0:00,296.381
3/13/2025,6:00,291.902
3/13/2025,12:00,288.812
3/13/2025,18:00,294.941
3/14/2025,0:00,291.739
3/14/2025,6:00,285.919
3/14/2025,12:00,285.088
3/14/2025,18:00,292.148
3/15/2025,0:00,291.31
3/15/2025,6:00,288.324
3/15/2025,12:00,287.088
3/15/2025,18:00,294.558
3/16/2025,0:00,291.822
3/16/2025,6:00,287.258
3/16/2025,12:00,286.004
3/16/2025,18:00,295.522
3/17/2025,0:00,293.401
3/17/2025,6:00,288.093
3/17/2025,12:00,287.574
3/17/2025,18:00,297.866
3/18/2025,0:00,295.476
3/18/2025,6:00,290.181
3/18/2025,12:00,289.568
3/18/2025,18:00,296.312
3/19/2025,0:00,296.302
3/19/2025,6:00,289.419
3/19/2025,12:00,286.847
3/19/2025,18:00,296.034
3/20/2025,0:00,295.388
3/20/2025,6:00,289.72
3/20/2025,12:00,287.511
3/20/2025,18:00,297.296
3/21/2025,0:00,295.171
3/21/2025,6:00,290.615
3/21/2025,12:00,289.178
3/21/2025,18:00,298.888
3/22/2025,0:00,297.288
3/22/2025,6:00,293.854
3/22/2025,12:00,290.994
3/22/2025,18:00,297.608
3/23/2025,0:00,292.715
3/23/2025,6:00,289.54
3/23/2025,12:00,290.156
3/23/2025,18:00,297.343
3/24/2025,0:00,296.507
3/24/2025,6:00,292.297
3/24/2025,12:00,291.779
3/24/2025,18:00,295.514
3/25/2025,0:00,294.496
3/25/2025,6:00,294.032
3/25/2025,12:00,291.983
3/25/2025,18:00,297.448
3/26/2025,0:00,296.627
3/26/2025,6:00,291.661
3/26/2025,12:00,290.32
3/26/2025,18:00,296.126
3/27/2025,0:00,295.564
3/27/2025,6:00,294.447
3/27/2025,12:00,292.454
3/27/2025,18:00,296.619
3/28/2025,0:00,292.9
3/28/2025,6:00,291.997
3/28/2025,12:00,291.877
3/28/2025,18:00,297.077
3/29/2025,0:00,295.358
3/29/2025,6:00,292.683
3/29/2025,12:00,292.8
3/29/2025,18:00,297.2
3/30/2025,0:00,296.803
3/30/2025,6:00,294.068
3/30/2025,12:00,292.852
3/30/2025,18:00,297.723
3/31/2025,0:00,297.737
3/31/2025,6:00,295.658
3/31/2025,12:00,294.7
3/31/2025,18:00,300.547
4/1/2025,0:00,294.351
4/1/2025,6:00,293.8
4/1/2025,12:00,292.546
4/1/2025,18:00,293.722
4/2/2025,0:00,292.565
4/2/2025,6:00,291.702
4/2/2025,12:00,292.579
4/2/2025,18:00,293.8
4/3/2025,0:00,293.081
4/3/2025,6:00,292.19
4/3/2025,12:00,292.193
4/3/2025,18:00,292.224
4/4/2025,0:00,292.164
4/4/2025,6:00,289.831
4/4/2025,12:00,283.839
4/4/2025,18:00,286.123
4/5/2025,0:00,283.699
4/5/2025,6:00,282.545
4/5/2025,12:00,281.409
4/5/2025,18:00,287.279
4/6/2025,0:00,289.193
4/6/2025,6:00,287.091
4/6/2025,12:00,286.105
4/6/2025,18:00,291.031
4/7/2025,0:00,291.727
4/7/2025,6:00,289.969
4/7/2025,12:00,288.361
4/7/2025,18:00,292.505
4/8/2025,0:00,293.199
4/8/2025,6:00,291.915
4/8/2025,12:00,291.02
4/8/2025,18:00,289.8
4/9/2025,0:00,289.024
4/9/2025,6:00,286.071
4/9/2025,12:00,284.847
4/9/2025,18:00,288.871
4/10/2025,0:00,287.743
4/10/2025,6:00,286.2
4/10/2025,12:00,285.342
4/10/2025,18:00,290.861
4/11/2025,0:00,289.108
4/11/2025,6:00,287.143
4/11/2025,12:00,286.895
4/11/2025,18:00,291.926
4/12/2025,0:00,292.892
4/12/2025,6:00,290.548
4/12/2025,12:00,289.497
4/12/2025,18:00,294.043
4/13/2025,0:00,291.744
4/13/2025,6:00,290.934
4/13/2025,12:00,290.62
4/13/2025,18:00,290.936
4/14/2025,0:00,289.9
4/14/2025,6:00,285.589
4/14/2025,12:00,286.204
4/14/2025,18:00,290.636
4/15/2025,0:00,289.603
4/15/2025,6:00,288.254
4/15/2025,12:00,288.111
4/15/2025,18:00,293.236
4/16/2025,0:00,291.589
4/16/2025,6:00,289.911
4/16/2025,12:00,289.529
4/16/2025,18:00,293.382
4/17/2025,0:00,292.455
4/17/2025,6:00,289.8
4/17/2025,12:00,289.663
4/17/2025,18:00,294.999
4/18/2025,0:00,294.597
4/18/2025,6:00,292.458
4/18/2025,12:00,291.869
4/18/2025,18:00,295.8
4/19/2025,0:00,296.151
4/19/2025,6:00,292.242
4/19/2025,12:00,291.628
4/19/2025,18:00,293.058
4/20/2025,0:00,290.166
4/20/2025,6:00,286.21
4/20/2025,12:00,284.448
4/20/2025,18:00,288.7
4/21/2025,0:00,287.588
4/21/2025,6:00,285.59
4/21/2025,12:00,284.505
4/21/2025,18:00,289.612
4/22/2025,0:00,289.206
4/22/2025,6:00,286.354
4/22/2025,12:00,284.976
4/22/2025,18:00,290.814
4/23/2025,0:00,290.997
4/23/2025,6:00,288.516
4/23/2025,12:00,287.4
4/23/2025,18:00,292.5
4/24/2025,0:00,292.749
4/24/2025,6:00,290.921
4/24/2025,12:00,290.224
4/24/2025,18:00,291.244
4/25/2025,0:00,292.405
4/25/2025,6:00,290.04
4/25/2025,12:00,288.804
4/25/2025,18:00,293.314
4/26/2025,0:00,294.184
4/26/2025,6:00,290.571
4/26/2025,12:00,289.8
4/26/2025,18:00,294.184
4/27/2025,0:00,291.713
4/27/2025,6:00,290.128
4/27/2025,12:00,290.256
4/27/2025,18:00,292.982
4/28/2025,0:00,291.9
4/28/2025,6:00,286
4/28/2025,12:00,282.922
4/28/2025,18:00,286.722
4/29/2025,0:00,285.839
4/29/2025,6:00,282.806
4/29/2025,12:00,281.9
4/29/2025,18:00,287.128
4/30/2025,0:00,286.499
4/30/2025,6:00,283.393
4/30/2025,12:00,282.365
4/30/2025,18:00,288.252
5/1/2025,0:00,287.652
5/1/2025,6:00,285.549
5/1/2025,12:00,285.2
5/1/2025,18:00,290.7
5/2/2025,0:00,290.734
5/2/2025,6:00,289.129
5/2/2025,12:00,287.898
5/2/2025,18:00,291.344
5/3/2025,0:00,291.613
5/3/2025,6:00,289.185
5/3/2025,12:00,288.502
5/3/2025,18:00,293.254
5/4/2025,0:00,291.963
5/4/2025,6:00,289.535
5/4/2025,12:00,288.564
5/4/2025,18:00,294.073
5/5/2025,0:00,294.481
5/5/2025,6:00,292.576
5/5/2025,12:00,290.828
5/5/2025,18:00,294.366
5/6/2025,0:00,294.743
5/6/2025,6:00,292.357
5/6/2025,12:00,290.993
5/6/2025,18:00,294.549
5/7/2025,0:00,295.424
5/7/2025,6:00,290.23
5/7/2025,12:00,290.858
5/7/2025,18:00,293.161
5/8/2025,0:00,292.733
5/8/2025,6:00,292.174
5/8/2025,12:00,291.849
5/8/2025,18:00,294.951
5/9/2025,0:00,295.73
5/9/2025,6:00,293.642
5/9/2025,12:00,294.535
5/9/2025,18:00,289.7
5/10/2025,0:00,287.543
5/10/2025,6:00,286.89
5/10/2025,12:00,286.504
5/10/2025,18:00,289.103
5/11/2025,0:00,287.486
5/11/2025,6:00,285
5/11/2025,12:00,284.3
5/11/2025,18:00,288.203
5/12/2025,0:00,286.312
5/12/2025,6:00,284.297
5/12/2025,12:00,283.852
5/12/2025,18:00,287.547
5/13/2025,0:00,288.576
5/13/2025,6:00,286.206
5/13/2025,12:00,285.887
5/13/2025,18:00,290.436
5/14/2025,0:00,291.157
5/14/2025,6:00,289.38
5/14/2025,12:00,288.728
5/14/2025,18:00,292.542
5/15/2025,0:00,293.381
5/15/2025,6:00,290.618
5/15/2025,12:00,289.742
5/15/2025,18:00,292.404
5/16/2025,0:00,291.5
5/16/2025,6:00,289.527
5/16/2025,12:00,287.615
5/16/2025,18:00,291.327
5/17/2025,0:00,291.785
5/17/2025,6:00,291.119
5/17/2025,12:00,290
5/17/2025,18:00,293
5/18/2025,0:00,293.47
5/18/2025,6:00,291.812
5/18/2025,12:00,291.37
5/18/2025,18:00,293.994
5/19/2025,0:00,290.412
5/19/2025,6:00,288.519
5/19/2025,12:00,288.199
5/19/2025,18:00,291.4
5/20/2025,0:00,293.303
5/20/2025,6:00,291.948
5/20/2025,12:00,289.7
5/20/2025,18:00,291.222
5/21/2025,0:00,290.102
5/21/2025,6:00,288.536
5/21/2025,12:00,288.313
5/21/2025,18:00,289.759
5/22/2025,0:00,288.304
5/22/2025,6:00,286.1
5/22/2025,12:00,286.059
5/22/2025,18:00,287.2
5/23/2025,0:00,285.92
5/23/2025,6:00,283.501
5/23/2025,12:00,283
5/23/2025,18:00,287.387
5/24/2025,0:00,288.5
5/24/2025,6:00,288
5/24/2025,12:00,288.865
5/24/2025,18:00,289.782
5/25/2025,0:00,288.71
5/25/2025,6:00,288.405
5/25/2025,12:00,288.873
5/25/2025,18:00,291.324
5/26/2025,0:00,292.511
5/26/2025,6:00,291.004
5/26/2025,12:00,290.003
5/26/2025,18:00,292.405
5/27/2025,0:00,293.493
5/27/2025,6:00,293.142
5/27/2025,12:00,292.118
5/27/2025,18:00,293.084
5/28/2025,0:00,291.245
5/28/2025,6:00,286.621
5/28/2025,12:00,284.085
5/28/2025,18:00,281.416
5/29/2025,0:00,278.252
5/29/2025,6:00,278.55
5/29/2025,12:00,278.684
5/29/2025,18:00,279.383
5/30/2025,0:00,281.017
5/30/2025,6:00,280.615
5/30/2025,12:00,277.717
5/30/2025,18:00,280.428
5/31/2025,0:00,281.747
5/31/2025,6:00,280.668
5/31/2025,12:00,279.912
5/31/2025,18:00,283.078
6/1/2025,0:00,282.158
6/1/2025,6:00,280.081
6/1/2025,12:00,279.15
6/1/2025,18:00,282.524
6/2/2025,0:00,283.533
6/2/2025,6:00,282.853
6/2/2025,12:00,283.321
6/2/2025,18:00,285.808
6/3/2025,0:00,286.318
6/3/2025,6:00,286.983
6/3/2025,12:00,287.02
6/3/2025,18:00,287.803
6/4/2025,0:00,288.287
6/4/2025,6:00,288.451
6/4/2025,12:00,289.103
6/4/2025,18:00,289.747
6/5/2025,0:00,290.188
6/5/2025,6:00,289.735
6/5/2025,12:00,290.401
6/5/2025,18:00,290.955
6/6/2025,0:00,290.269
6/6/2025,6:00,286.045
6/6/2025,12:00,284.444
6/6/2025,18:00,286.7
6/7/2025,0:00,285.02
6/7/2025,6:00,283.184
6/7/2025,12:00,282.412
6/7/2025,18:00,285.572
6/8/2025,0:00,284.952
6/8/2025,6:00,284.472
6/8/2025,12:00,282.098
6/8/2025,18:00,283.787
6/9/2025,0:00,283.523
6/9/2025,6:00,281.485
6/9/2025,12:00,280.12
6/9/2025,18:00,282.713
6/10/2025,0:00,281.711
6/10/2025,6:00,279.246
6/10/2025,12:00,278.444
6/10/2025,18:00,281.715
6/11/2025,0:00,281.561
6/11/2025,6:00,279.157
6/11/2025,12:00,278.237
6/11/2025,18:00,281.298
6/12/2025,0:00,281.072
6/12/2025,6:00,279.754
6/12/2025,12:00,279.11
6/12/2025,18:00,281.832
6/13/2025,0:00,283.02
6/13/2025,6:00,281.736
6/13/2025,12:00,281.478
6/13/2025,18:00,283.83
6/14/2025,0:00,286.476
6/14/2025,6:00,286.648
6/14/2025,12:00,286.324
6/14/2025,18:00,287.068
6/15/2025,0:00,287.984
6/15/2025,6:00,285.018
6/15/2025,12:00,283.973
6/15/2025,18:00,284.065
6/16/2025,0:00,282.707
6/16/2025,6:00,281.153
6/16/2025,12:00,281.049
6/16/2025,18:00,286.002
6/17/2025,0:00,291.836
6/17/2025,6:00,291.581
6/17/2025,12:00,290.855
6/17/2025,18:00,292.665
6/18/2025,0:00,291.251
6/18/2025,6:00,290.985
6/18/2025,12:00,289.821
6/18/2025,18:00,289.562
6/19/2025,0:00,289.929
6/19/2025,6:00,289.128
6/19/2025,12:00,289.258
6/19/2025,18:00,287.763
6/20/2025,0:00,288.068
6/20/2025,6:00,287.563
6/20/2025,12:00,286.41
6/20/2025,18:00,286.688
6/21/2025,0:00,284.964
6/21/2025,6:00,285.098
6/21/2025,12:00,285.808
6/21/2025,18:00,286.4
6/22/2025,0:00,283.515
6/22/2025,6:00,283.026
6/22/2025,12:00,282.961
6/22/2025,18:00,285.961
6/23/2025,0:00,287.784
6/23/2025,6:00,284.868
6/23/2025,12:00,281.1
6/23/2025,18:00,280.334
6/24/2025,0:00,275.828
6/24/2025,6:00,273.703
6/24/2025,12:00,272.388
6/24/2025,18:00,275.038
6/25/2025,0:00,276.006
6/25/2025,6:00,274.633
6/25/2025,12:00,274.314
6/25/2025,18:00,278.01
6/26/2025,0:00,282.532
6/26/2025,6:00,282.968
6/26/2025,12:00,282.712
6/26/2025,18:00,283.209
6/27/2025,0:00,284.535
6/27/2025,6:00,281.389
6/27/2025,12:00,280.7
6/27/2025,18:00,283.198
6/28/2025,0:00,284.22
6/28/2025,6:00,284.576
6/28/2025,12:00,285.328
6/28/2025,18:00,287.438
6/29/2025,0:00,287.072
6/29/2025,6:00,285.829
6/29/2025,12:00,283.704
6/29/2025,18:00,283.548
6/30/2025,0:00,282.995
6/30/2025,6:00,281.541
6/30/2025,12:00,279.5
6/30/2025,18:00,278.651
7/1/2025,0:00,275.478
7/1/2025,6:00,272.978
7/1/2025,12:00,272.772
7/1/2025,18:00,275.118
7/2/2025,0:00,274.618
7/2/2025,6:00,273.024
7/2/2025,12:00,272.748
7/2/2025,18:00,276.006
7/3/2025,0:00,276.635
7/3/2025,6:00,275.768
7/3/2025,12:00,275.979
7/3/2025,18:00,279.005
7/4/2025,0:00,281.6
7/4/2025,6:00,280.588
7/4/2025,12:00,280.324
7/4/2025,18:00,282.9
7/5/2025,0:00,283.336
7/5/2025,6:00,282.346
7/5/2025,12:00,282.002
7/5/2025,18:00,284.592
7/6/2025,0:00,284.402
7/6/2025,6:00,283.001
7/6/2025,12:00,281.885
7/6/2025,18:00,284.77
7/7/2025,0:00,284.647
7/7/2025,6:00,283.839
7/7/2025,12:00,283.217
7/7/2025,18:00,286.155
7/8/2025,0:00,287.2
7/8/2025,6:00,285.824
7/8/2025,12:00,284.858
7/8/2025,18:00,287.083
7/9/2025,0:00,285.119
7/9/2025,6:00,283.3
7/9/2025,12:00,281.876
7/9/2025,18:00,284.704
7/10/2025,0:00,284.6
7/10/2025,6:00,283.711
7/10/2025,12:00,282.827
7/10/2025,18:00,285.637
7/11/2025,0:00,285.979
7/11/2025,6:00,285.493
7/11/2025,12:00,284.393
7/11/2025,18:00,287.346
7/12/2025,0:00,287.073
7/12/2025,6:00,285.643
7/12/2025,12:00,284.9
7/12/2025,18:00,287.722
7/13/2025,0:00,288.694
7/13/2025,6:00,288.712
7/13/2025,12:00,286.836
7/13/2025,18:00,289.515
7/14/2025,0:00,288.059
7/14/2025,6:00,287.237
7/14/2025,12:00,286.601
7/14/2025,18:00,289.404
7/15/2025,0:00,288.937
7/15/2025,6:00,287.527
7/15/2025,12:00,286.299
7/15/2025,18:00,289.087
7/16/2025,0:00,289.808
7/16/2025,6:00,288.354
7/16/2025,12:00,287.721
7/16/2025,18:00,290.233
7/17/2025,0:00,291.131
7/17/2025,6:00,286.06
7/17/2025,12:00,282.307
7/17/2025,18:00,280.6
7/18/2025,0:00,280.068
7/18/2025,6:00,280.48
7/18/2025,12:00,280.449
7/18/2025,18:00,282.012
7/19/2025,0:00,282.6
7/19/2025,6:00,280.935
7/19/2025,12:00,280.363
7/19/2025,18:00,283.773
7/20/2025,0:00,284.308
7/20/2025,6:00,283.163
7/20/2025,12:00,282.719
7/20/2025,18:00,286.037
7/21/2025,0:00,286.291
7/21/2025,6:00,284.968
7/21/2025,12:00,284.313
7/21/2025,18:00,287.585
7/22/2025,0:00,287.787
7/22/2025,6:00,286.561
7/22/2025,12:00,286.005
7/22/2025,18:00,289.234
7/23/2025,0:00,288.766
7/23/2025,6:00,286.919
7/23/2025,12:00,285.8
7/23/2025,18:00,288.025
7/24/2025,0:00,284.304
7/24/2025,6:00,282.745
7/24/2025,12:00,281.863
7/24/2025,18:00,284.146
7/25/2025,0:00,286.301
7/25/2025,6:00,285.935
7/25/2025,12:00,286.167
7/25/2025,18:00,288.6
7/26/2025,0:00,288.633
7/26/2025,6:00,288.039
7/26/2025,12:00,287.465
7/26/2025,18:00,290.7
7/27/2025,0:00,292.057
7/27/2025,6:00,288.783
7/27/2025,12:00,288.477
7/27/2025,18:00,289.085
7/28/2025,0:00,288.632
7/28/2025,6:00,285.472
7/28/2025,12:00,282.72
7/28/2025,18:00,282.31
7/29/2025,0:00,279.812
7/29/2025,6:00,278.164
7/29/2025,12:00,276.994
7/29/2025,18:00,279.848
7/30/2025,0:00,279.511
7/30/2025,6:00,278.131
7/30/2025,12:00,277.689
7/30/2025,18:00,281.121
7/31/2025,0:00,282.531
7/31/2025,6:00,282.017
7/31/2025,12:00,282.117
7/31/2025,18:00,284.734
8/1/2025,0:00,286.933
8/1/2025,6:00,286.209
8/1/2025,12:00,285.412
8/1/2025,18:00,286.898
8/2/2025,0:00,290.931
8/2/2025,6:00,290.19
8/2/2025,12:00,288.904
8/2/2025,18:00,291.4
8/3/2025,0:00,292.436
8/3/2025,6:00,290.556
8/3/2025,12:00,288.668
8/3/2025,18:00,289.758
8/4/2025,0:00,289.079
8/4/2025,6:00,289.369
8/4/2025,12:00,288.644
8/4/2025,18:00,287.211
8/5/2025,0:00,285.024
8/5/2025,6:00,284.287
8/5/2025,12:00,284.222
8/5/2025,18:00,284.539
8/6/2025,0:00,285.265
8/6/2025,6:00,282.748
8/6/2025,12:00,283.466
8/6/2025,18:00,286.961
8/7/2025,0:00,286.561
8/7/2025,6:00,285.994
8/7/2025,12:00,285.978
8/7/2025,18:00,287.212
8/8/2025,0:00,285.539
8/8/2025,6:00,283.559
8/8/2025,12:00,280.486
8/8/2025,18:00,282
8/9/2025,0:00,279.982
8/9/2025,6:00,275.4
8/9/2025,12:00,275
8/9/2025,18:00,279.567
8/10/2025,0:00,281.441
8/10/2025,6:00,277.545
8/10/2025,12:00,276.614
8/10/2025,18:00,280.729
8/11/2025,0:00,280.555
8/11/2025,6:00,278.704
8/11/2025,12:00,278.108
8/11/2025,18:00,282.276
8/12/2025,0:00,281.703
8/12/2025,6:00,279.993
8/12/2025,12:00,279.388
8/12/2025,18:00,283.845
8/13/2025,0:00,284.1
8/13/2025,6:00,282.656
8/13/2025,12:00,281.546
8/13/2025,18:00,286.112
8/14/2025,0:00,284.7
8/14/2025,6:00,281.954
8/14/2025,12:00,281.102
8/14/2025,18:00,284.251
8/15/2025,0:00,281.472
8/15/2025,6:00,279.81
8/15/2025,12:00,279.454
8/15/2025,18:00,284.29
8/16/2025,0:00,286.388
8/16/2025,6:00,284.902
8/16/2025,12:00,284.4
8/16/2025,18:00,287.396
8/17/2025,0:00,288.917
8/17/2025,6:00,286.175
8/17/2025,12:00,284.708
8/17/2025,18:00,288.865
8/18/2025,0:00,287.817
8/18/2025,6:00,286.524
8/18/2025,12:00,286.83
8/18/2025,18:00,290.317
8/19/2025,0:00,290.651
8/19/2025,6:00,290.553
8/19/2025,12:00,289.577
8/19/2025,18:00,290.504
8/20/2025,0:00,285.935
8/20/2025,6:00,284.872
8/20/2025,12:00,283.437
8/20/2025,18:00,285.6
8/21/2025,0:00,284.982
8/21/2025,6:00,284.053
8/21/2025,12:00,283.502
8/21/2025,18:00,287.761
8/22/2025,0:00,289.568
8/22/2025,6:00,290.075
8/22/2025,12:00,292.723
8/22/2025,18:00,293.48
8/23/2025,0:00,295.41
8/23/2025,6:00,291.955
8/23/2025,12:00,291.089
8/23/2025,18:00,283.163
8/24/2025,0:00,281.259
8/24/2025,6:00,281.075
8/24/2025,12:00,280.626
8/24/2025,18:00,280.916
8/25/2025,0:00,281.075
8/25/2025,6:00,279.807
8/25/2025,12:00,278.31
8/25/2025,18:00,281.22
8/26/2025,0:00,280.213
8/26/2025,6:00,278.048
8/26/2025,12:00,277.115
8/26/2025,18:00,281.929
8/27/2025,0:00,282.1
8/27/2025,6:00,282.422
8/27/2025,12:00,281.458
8/27/2025,18:00,287.481
8/28/2025,0:00,286.154
8/28/2025,6:00,285.062
8/28/2025,12:00,284.174
8/28/2025,18:00,288.434
8/29/2025,0:00,287.612
8/29/2025,6:00,286.24
8/29/2025,12:00,285.3
8/29/2025,18:00,289.984
8/30/2025,0:00,289.849
8/30/2025,6:00,288.511
8/30/2025,12:00,287.918
8/30/2025,18:00,291.445
8/31/2025,0:00,290.785
8/31/2025,6:00,289.107
8/31/2025,12:00,288.447
8/31/2025,18:00,290.559
9/1/2025,0:00,291.8
9/1/2025,6:00,289.798
9/1/2025,12:00,288.737
9/1/2025,18:00,290.675
9/2/2025,0:00,290.929
9/2/2025,6:00,289.485
9/2/2025,12:00,289.703
9/2/2025,18:00,291.995
9/3/2025,0:00,294.225
9/3/2025,6:00,292.936
9/3/2025,12:00,292.305
9/3/2025,18:00,292.8
9/4/2025,0:00,294.181
9/4/2025,6:00,290.476
9/4/2025,12:00,290.098
9/4/2025,18:00,285.2
9/5/2025,0:00,284.173
9/5/2025,6:00,283.077
9/5/2025,12:00,280.882
9/5/2025,18:00,280.815
9/6/2025,0:00,279.915
9/6/2025,6:00,277.763
9/6/2025,12:00,275.9
9/6/2025,18:00,280.408
9/7/2025,0:00,280.343
9/7/2025,6:00,279.137
9/7/2025,12:00,279.103
9/7/2025,18:00,286.519
9/8/2025,0:00,288.8
9/8/2025,6:00,288.724
9/8/2025,12:00,289.119
9/8/2025,18:00,289.802
9/9/2025,0:00,289.482
9/9/2025,6:00,286.88
9/9/2025,12:00,285.836
9/9/2025,18:00,286.526
9/10/2025,0:00,285.001
9/10/2025,6:00,283.047
9/10/2025,12:00,282.322
9/10/2025,18:00,288.1
9/11/2025,0:00,286.829
9/11/2025,6:00,285.915
9/11/2025,12:00,284.707
9/11/2025,18:00,289.754
9/12/2025,0:00,286.355
9/12/2025,6:00,284.361
9/12/2025,12:00,282.151
9/12/2025,18:00,287.155
9/13/2025,0:00,284.545
9/13/2025,6:00,282.829
9/13/2025,12:00,283.265
9/13/2025,18:00,290.251
9/14/2025,0:00,291.062
9/14/2025,6:00,288.748
9/14/2025,12:00,288.54
9/14/2025,18:00,290.013
9/15/2025,0:00,291.13
9/15/2025,6:00,290.164
9/15/2025,12:00,289.824
9/15/2025,18:00,294.297
9/16/2025,0:00,290.377
9/16/2025,6:00,288.388
9/16/2025,12:00,287.15
9/16/2025,18:00,291.585
9/17/2025,0:00,289.135
9/17/2025,6:00,286.423
9/17/2025,12:00,285.341
9/17/2025,18:00,291.886
9/18/2025,0:00,290.042
9/18/2025,6:00,288.665
9/18/2025,12:00,288.026
9/18/2025,18:00,291.719
9/19/2025,0:00,292.66
9/19/2025,6:00,291.488
9/19/2025,12:00,288.702
9/19/2025,18:00,293.3
9/20/2025,0:00,292.595
9/20/2025,6:00,291.449
9/20/2025,12:00,291.349
9/20/2025,18:00,295.852
9/21/2025,0:00,291.524
9/21/2025,6:00,291.142
9/21/2025,12:00,291.519
9/21/2025,18:00,293.175
9/22/2025,0:00,292.335
9/22/2025,6:00,289.939
9/22/2025,12:00,284.699
9/22/2025,18:00,284.866
9/23/2025,0:00,283.516
9/23/2025,6:00,281.499
9/23/2025,12:00,281.054
9/23/2025,18:00,287.197
9/24/2025,0:00,284.75
9/24/2025,6:00,282.986
9/24/2025,12:00,282.459
9/24/2025,18:00,288.38
9/25/2025,0:00,285.803
9/25/2025,6:00,282.452
9/25/2025,12:00,282.205
9/25/2025,18:00,287.6
9/26/2025,0:00,286.516
9/26/2025,6:00,284.269
9/26/2025,12:00,283.2
9/26/2025,18:00,287.379
9/27/2025,0:00,287.601
9/27/2025,6:00,285.4
9/27/2025,12:00,284.797
9/27/2025,18:00,289.62
9/28/2025,0:00,289.068
9/28/2025,6:00,288.69
9/28/2025,12:00,286.063
9/28/2025,18:00,286.788
9/29/2025,0:00,286.479
9/29/2025,6:00,284.719
9/29/2025,12:00,284.186
9/29/2025,18:00,291.859
9/30/2025,0:00,293.096
9/30/2025,6:00,289.73
9/30/2025,12:00,289.531
9/30/2025,18:00,290.514
10/1/2025,0:00,289.306
10/1/2025,6:00,288.296
10/1/2025,12:00,288.097
10/1/2025,18:00,291.068
10/2/2025,0:00,288.793
10/2/2025,6:00,288.311
10/2/2025,12:00,288.349
10/2/2025,18:00,290.936
10/3/2025,0:00,291.197
10/3/2025,6:00,290.845
10/3/2025,12:00,290.532
10/3/2025,18:00,291.101
10/4/2025,0:00,290.868
10/4/2025,6:00,288.774
10/4/2025,12:00,288.767
10/4/2025,18:00,293.545
10/5/2025,0:00,293.019
10/5/2025,6:00,292.636
10/5/2025,12:00,292.104
10/5/2025,18:00,296.519
10/6/2025,0:00,296.045
10/6/2025,6:00,294.612
10/6/2025,12:00,288.423
10/6/2025,18:00,287.607
10/7/2025,0:00,285.062
10/7/2025,6:00,284.286
10/7/2025,12:00,282.505
10/7/2025,18:00,286.206
10/8/2025,0:00,283.666
10/8/2025,6:00,281.604
10/8/2025,12:00,280.958
10/8/2025,18:00,287.722
10/9/2025,0:00,285.746
10/9/2025,6:00,283.922
10/9/2025,12:00,284.124
10/9/2025,18:00,289.904
10/10/2025,0:00,287.254
10/10/2025,6:00,285.247
10/10/2025,12:00,284.918
10/10/2025,18:00,292.018
10/11/2025,0:00,291.413
10/11/2025,6:00,289.319
10/11/2025,12:00,288.761
10/11/2025,18:00,293.935
10/12/2025,0:00,292.795
10/12/2025,6:00,291.227
10/12/2025,12:00,290.439
10/12/2025,18:00,289.876
10/13/2025,0:00,290.192
10/13/2025,6:00,287.884
10/13/2025,12:00,287.021
10/13/2025,18:00,290.477
10/14/2025,0:00,287.123
10/14/2025,6:00,285.419
10/14/2025,12:00,284.978
10/14/2025,18:00,290.999
10/15/2025,0:00,288.266
10/15/2025,6:00,286.596
10/15/2025,12:00,286.715
10/15/2025,18:00,293.095
10/16/2025,0:00,294.576
10/16/2025,6:00,292.877
10/16/2025,12:00,290.75
10/16/2025,18:00,291.039
10/17/2025,0:00,291.018
10/17/2025,6:00,290.516
10/17/2025,12:00,290.357
10/17/2025,18:00,291.277
10/18/2025,0:00,290.345
10/18/2025,6:00,289.894
10/18/2025,12:00,288.92
10/18/2025,18:00,288.659
10/19/2025,0:00,286.156
10/19/2025,6:00,281.788
10/19/2025,12:00,281.182
10/19/2025,18:00,286.457
10/20/2025,0:00,285.208
10/20/2025,6:00,282.8
10/20/2025,12:00,282.616
10/20/2025,18:00,288.471
10/21/2025,0:00,286.867
10/21/2025,6:00,284.286
10/21/2025,12:00,283.311
10/21/2025,18:00,288.144
10/22/2025,0:00,288.48
10/22/2025,6:00,285.965
10/22/2025,12:00,284.934
10/22/2025,18:00,289.685
10/23/2025,0:00,290.332
10/23/2025,6:00,287.66
10/23/2025,12:00,286.273
10/23/2025,18:00,290.58
10/24/2025,0:00,291.13
10/24/2025,6:00,289.409
10/24/2025,12:00,288.426
10/24/2025,18:00,290.653
10/25/2025,0:00,294.106
10/25/2025,6:00,291.988
10/25/2025,12:00,291.011
10/25/2025,18:00,293.809
10/26/2025,0:00,289.543
10/26/2025,6:00,289.607
10/26/2025,12:00,290.349
10/26/2025,18:00,290.965
10/27/2025,0:00,290.495
10/27/2025,6:00,289.611
10/27/2025,12:00,288.944
10/27/2025,18:00,293.799
10/28/2025,0:00,290.448
10/28/2025,6:00,286.795
10/28/2025,12:00,286.2
10/28/2025,18:00,288.444
10/29/2025,0:00,285.956
10/29/2025,6:00,285.298
10/29/2025,12:00,285.149
10/29/2025,18:00,286.039
10/30/2025,0:00,285.733
10/30/2025,6:00,284.508
10/30/2025,12:00,283.172
10/30/2025,18:00,288.559
10/31/2025,0:00,286.901
10/31/2025,6:00,284.645
10/31/2025,12:00,284.309
10/31/2025,18:00,290.601
11/1/2025,0:00,288.724
11/1/2025,6:00,287.507
11/1/2025,12:00,287.538
11/1/2025,18:00,294.78
11/2/2025,0:00,291.698
11/2/2025,6:00,290.357
11/2/2025,12:00,289.874
11/2/2025,18:00,293.828
11/3/2025,0:00,292.91
11/3/2025,6:00,289.928
11/3/2025,12:00,288.552
11/3/2025,18:00,291.169
11/4/2025,0:00,291.536
11/4/2025,6:00,289.294
11/4/2025,12:00,289.345
11/4/2025,18:00,296.474
11/5/2025,0:00,294.749
11/5/2025,6:00,292.626
11/5/2025,12:00,291.308
11/5/2025,18:00,295.055
11/6/2025,0:00,290.095
11/6/2025,6:00,286.622
11/6/2025,12:00,285.273
11/6/2025,18:00,290.621
11/7/2025,0:00,290.058
11/7/2025,6:00,288.14
11/7/2025,12:00,288.076
11/7/2025,18:00,289.06
11/8/2025,0:00,287.576
11/8/2025,6:00,285.553
11/8/2025,12:00,285.116
11/8/2025,18:00,285.943
11/9/2025,0:00,285.068
11/9/2025,6:00,283.852
11/9/2025,12:00,283.432
11/9/2025,18:00,289.787
11/10/2025,0:00,288.186
11/10/2025,6:00,285.643
11/10/2025,12:00,284.961
11/10/2025,18:00,292.065
11/11/2025,0:00,289.679
11/11/2025,6:00,287.201
11/11/2025,12:00,286.899
11/11/2025,18:00,294.646
11/12/2025,0:00,292.211
11/12/2025,6:00,290.698
11/12/2025,12:00,291.032
11/12/2025,18:00,292.543
11/13/2025,0:00,291.346
11/13/2025,6:00,290.582
11/13/2025,12:00,290.052
11/13/2025,18:00,295.656
11/14/2025,0:00,293.008
11/14/2025,6:00,290.35
11/14/2025,12:00,289.776
11/14/2025,18:00,296.281
11/15/2025,0:00,295.018
11/15/2025,6:00,293.086
11/15/2025,12:00,292.513
11/15/2025,18:00,298.137
11/16/2025,0:00,294.735
11/16/2025,6:00,292.663
11/16/2025,12:00,292.349
11/16/2025,18:00,296.213
11/17/2025,0:00,288.665
11/17/2025,6:00,288.439
11/17/2025,12:00,287.827
11/17/2025,18:00,289.003
11/18/2025,0:00,288.684
11/18/2025,6:00,285.708
11/18/2025,12:00,286.175
11/18/2025,18:00,289.558
11/19/2025,0:00,289.171
11/19/2025,6:00,287.044
11/19/2025,12:00,286.775
11/19/2025,18:00,293.048
11/20/2025,0:00,291.375
11/20/2025,6:00,288.819
11/20/2025,12:00,288.104
11/20/2025,18:00,296.009
11/21/2025,0:00,293.497
11/21/2025,6:00,291.769
11/21/2025,12:00,291.231
11/21/2025,18:00,297.522
11/22/2025,0:00,293.53
11/22/2025,6:00,290.089
11/22/2025,12:00,289.977
11/22/2025,18:00,293.821
11/23/2025,0:00,290.596
11/23/2025,6:00,286.975
11/23/2025,12:00,286.85
11/23/2025,18:00,293.217
11/24/2025,0:00,289.686
11/24/2025,6:00,288.756
11/24/2025,12:00,287.836
11/24/2025,18:00,294.177
11/25/2025,0:00,293.051
11/25/2025,6:00,289.531
11/25/2025,12:00,288.816
11/25/2025,18:00,295.944
11/26/2025,0:00,293.816
11/26/2025,6:00,291.527
11/26/2025,12:00,291.038
11/26/2025,18:00,298.628
11/27/2025,0:00,295.659
11/27/2025,6:00,292.376
11/27/2025,12:00,291.522
11/27/2025,18:00,298.955
11/28/2025,0:00,297.215
11/28/2025,6:00,293.845
11/28/2025,12:00,293.203
11/28/2025,18:00,301.237
11/29/2025,0:00,297.661
11/29/2025,6:00,294.837
11/29/2025,12:00,293.729
11/29/2025,18:00,301.745
11/30/2025,0:00,299.175
11/30/2025,6:00,295.514
11/30/2025,12:00,293.949
11/30/2025,18:00,301.679
12/1/2025,0:00,291.369
12/1/2025,6:00,292.295
12/1/2025,12:00,292.296
12/1/2025,18:00,297.608
12/2/2025,0:00,295.829
12/2/2025,6:00,292.593
12/2/2025,12:00,291.436
12/2/2025,18:00,297.089
12/3/2025,0:00,294.478
12/3/2025,6:00,290.154
12/3/2025,12:00,289.471
12/3/2025,18:00,296.374
12/4/2025,0:00,292.758
12/4/2025,6:00,288.749
12/4/2025,12:00,288.111
12/4/2025,18:00,295.129
12/5/2025,0:00,294.888
12/5/2025,6:00,290.425
12/5/2025,12:00,290.326
12/5/2025,18:00,298.663
12/6/2025,0:00,297.434
12/6/2025,6:00,294.926
12/6/2025,12:00,294.079
12/6/2025,18:00,300.883
12/7/2025,0:00,298.93
12/7/2025,6:00,296.639
12/7/2025,12:00,295.394
12/7/2025,18:00,303.249
12/8/2025,0:00,299.446
12/8/2025,6:00,295.754
12/8/2025,12:00,296.051
12/8/2025,18:00,298.507
12/9/2025,0:00,293.097
12/9/2025,6:00,292.016
12/9/2025,12:00,292.071
12/9/2025,18:00,293.757
12/10/2025,0:00,290.998
12/10/2025,6:00,290.711
12/10/2025,12:00,289.506
12/10/2025,18:00,288.535
12/11/2025,0:00,288.192
12/11/2025,6:00,286.516
12/11/2025,12:00,286.856
12/11/2025,18:00,293.451
12/12/2025,0:00,293.971
12/12/2025,6:00,291.911
12/12/2025,12:00,290.842
12/12/2025,18:00,292.761
12/13/2025,0:00,290.196
12/13/2025,6:00,288.523
12/13/2025,12:00,288.511
12/13/2025,18:00,295.801
12/14/2025,0:00,295.202
12/14/2025,6:00,292.971
12/14/2025,12:00,292.436
12/14/2025,18:00,298.699
12/15/2025,0:00,296.111
12/15/2025,6:00,295.122
12/15/2025,12:00,294.476
12/15/2025,18:00,300.316
12/16/2025,0:00,294.016
12/16/2025,6:00,291.181
12/16/2025,12:00,290.231
12/16/2025,18:00,293.323
12/17/2025,0:00,289.864
12/17/2025,6:00,286.299
12/17/2025,12:00,285.604
12/17/2025,18:00,293.118
12/18/2025,0:00,291.038
12/18/2025,6:00,287.821
12/18/2025,12:00,287.447
12/18/2025,18:00,296.127
12/19/2025,0:00,294.924
12/19/2025,6:00,291.858
12/19/2025,12:00,290.792
12/19/2025,18:00,298.519
12/20/2025,0:00,296.101
12/20/2025,6:00,292.295
12/20/2025,12:00,292.572
12/20/2025,18:00,297.688
12/21/2025,0:00,299
12/21/2025,6:00,295.268
12/21/2025,12:00,295.665
12/21/2025,18:00,294.692
12/22/2025,0:00,293.104
12/22/2025,6:00,294.099
12/22/2025,12:00,293.636
12/22/2025,18:00,295.441
12/23/2025,0:00,294.118
12/23/2025,6:00,293.405
12/23/2025,12:00,293.136
12/23/2025,18:00,297.65
12/24/2025,0:00,294.238
12/24/2025,6:00,294.128
12/24/2025,12:00,293.646
12/24/2025,18:00,294.159
12/25/2025,0:00,295.588
12/25/2025,6:00,294.049
12/25/2025,12:00,294.117
12/25/2025,18:00,294.685
12/26/2025,0:00,293.559
12/26/2025,6:00,293.017
12/26/2025,12:00,292.61
12/26/2025,18:00,297.33
12/27/2025,0:00,295.92
12/27/2025,6:00,294.326
12/27/2025,12:00,293.925
12/27/2025,18:00,299.831
12/28/2025,0:00,295.286
12/28/2025,6:00,293.527
12/28/2025,12:00,294.41
12/28/2025,18:00,300.3
12/29/2025,0:00,294.311
12/29/2025,6:00,293.696
12/29/2025,12:00,293.397
12/29/2025,18:00,298.391
12/30/2025,0:00,294.518
12/30/2025,6:00,293.614
12/30/2025,12:00,293.709
12/30/2025,18:00,294.832
12/31/2025,0:00,294.895
12/31/2025,6:00,294.124
12/31/2025,12:00,293.538
12/31/2025,18:00,297.095
1/1/2026,0:00,295.032
1/1/2026,6:00,293.93
1/1/2026,12:00,293.592
1/1/2026,18:00,297.545
1/2/2026,0:00,295.916
1/2/2026,6:00,293.434
1/2/2026,12:00,293.022
1/2/2026,18:00,298.453
1/3/2026,0:00,296.191
1/3/2026,6:00,293.362
1/3/2026,12:00,292.795
1/3/2026,18:00,294.948
1/4/2026,0:00,290.363
1/4/2026,6:00,284.935
1/4/2026,12:00,284.106
1/4/2026,18:00,289.306
1/5/2026,0:00,286.697
1/5/2026,6:00,284.14
1/5/2026,12:00,283.181
1/5/2026,18:00,290.165
1/6/2026,0:00,289.251
1/6/2026,6:00,286.627
1/6/2026,12:00,286.218
1/6/2026,18:00,293.325
1/7/2026,0:00,293.887
1/7/2026,6:00,291.771
1/7/2026,12:00,291.326
1/7/2026,18:00,297.073
1/8/2026,0:00,295.244
1/8/2026,6:00,291.687
1/8/2026,12:00,292.081
1/8/2026,18:00,297.393
1/9/2026,0:00,293.583
1/9/2026,6:00,292.42
1/9/2026,12:00,292.146
1/9/2026,18:00,297.509
1/10/2026,0:00,293.501
1/10/2026,6:00,292.071
1/10/2026,12:00,292.847
1/10/2026,18:00,294.159
1/11/2026,0:00,292.728
1/11/2026,6:00,291.633
1/11/2026,12:00,291.489
1/11/2026,18:00,293.273
1/12/2026,0:00,289.131
1/12/2026,6:00,287.554
1/12/2026,12:00,286.98
1/12/2026,18:00,291.996
1/13/2026,0:00,292.107
1/13/2026,6:00,289.762
1/13/2026,12:00,289.16
1/13/2026,18:00,295.349
1/14/2026,0:00,294.334
1/14/2026,6:00,292.375
1/14/2026,12:00,292.079
1/14/2026,18:00,296.988
1/15/2026,0:00,295.125
1/15/2026,6:00,292.807
1/15/2026,12:00,292.479
1/15/2026,18:00,298.505
1/16/2026,0:00,296.54
1/16/2026,6:00,294.22
1/16/2026,12:00,292.599
1/16/2026,18:00,294.255
1/22/2026,12:00,287.466
1/22/2026,18:00,293.576
1/23/2026,0:00,292.083
1/23/2026,6:00,288.467
1/23/2026,12:00,287.589
1/23/2026,18:00,294.561
1/24/2026,0:00,291.944
1/24/2026,6:00,288.745
1/24/2026,12:00,287.747
1/24/2026,18:00,294.639
1/25/2026,0:00,293.445
1/25/2026,6:00,291.443
1/25/2026,12:00,289.965
1/25/2026,18:00,296.232
1/26/2026,0:00,294.884
1/26/2026,6:00,292.591
1/26/2026,12:00,291.531
1/26/2026,18:00,296.689
1/27/2026,0:00,296.378
1/27/2026,6:00,293.467
1/27/2026,12:00,294.058
1/27/2026,18:00,299.374
1/28/2026,0:00,296.53
1/28/2026,6:00,294.195
1/28/2026,12:00,293.416
1/28/2026,18:00,299.55
1/29/2026,0:00,292.626
1/29/2026,6:00,292.417
1/29/2026,12:00,291.881
1/29/2026,18:00,298.405
1/30/2026,0:00,289.347
1/30/2026,6:00,290.257
1/30/2026,12:00,288.724
1/30/2026,18:00,294.495
1/31/2026,0:00,293.436
1/31/2026,6:00,289.781
1/31/2026,12:00,289.321
1/31/2026,18:00,295.176
2/1/2026,0:00,292.395
2/1/2026,6:00,289.855
2/1/2026,12:00,289.206
2/1/2026,18:00,296.616
2/2/2026,0:00,294.464
2/2/2026,6:00,289.749
2/2/2026,12:00,288.621
2/2/2026,18:00,296.131
2/3/2026,0:00,294.343
2/3/2026,6:00,291.177
2/3/2026,12:00,290.433
2/3/2026,18:00,295.538
2/4/2026,0:00,294.722
2/4/2026,6:00,292.202
2/4/2026,12:00,291.059
2/4/2026,18:00,297.725
2/5/2026,0:00,295.06
2/5/2026,6:00,292.618
2/5/2026,12:00,292.325
2/5/2026,18:00,298.685
2/6/2026,0:00,297.166
2/6/2026,6:00,293.614
2/6/2026,12:00,292.437
2/6/2026,18:00,300.093
2/7/2026,0:00,298.737
2/7/2026,6:00,292.403
2/7/2026,12:00,291.68
2/7/2026,18:00,297.386
2/8/2026,0:00,292.6
2/8/2026,6:00,289.271
2/8/2026,12:00,288.521
2/8/2026,18:00,294.246
2/9/2026,0:00,294.661
2/9/2026,6:00,290.126
2/9/2026,12:00,290.156
2/9/2026,18:00,298.151
2/10/2026,0:00,296.453
2/10/2026,6:00,293.853
2/10/2026,12:00,293.06
2/10/2026,18:00,300.586
2/11/2026,0:00,294.326
2/11/2026,6:00,294.545
2/11/2026,12:00,293.29
2/11/2026,18:00,301.288
2/12/2026,0:00,296.868
2/12/2026,6:00,295.711
2/12/2026,12:00,295.37
2/12/2026,18:00,302.983
2/13/2026,0:00,294.468
2/13/2026,6:00,292.34
2/13/2026,12:00,291.686
2/13/2026,18:00,296.166
2/14/2026,0:00,296.951
2/14/2026,6:00,294.221
2/14/2026,12:00,292.067
2/14/2026,18:00,298.226
2/15/2026,0:00,293.417
2/15/2026,6:00,293.018
2/15/2026,12:00,294.099
2/15/2026,18:00,295.458
2/16/2026,0:00,295.186
2/16/2026,6:00,293.206
2/16/2026,12:00,292.602
2/16/2026,18:00,297.742
2/17/2026,0:00,295.071
2/17/2026,6:00,294.49
2/17/2026,12:00,294.03
2/17/2026,18:00,297.579
2/18/2026,0:00,295.319
2/18/2026,6:00,293.455
2/18/2026,12:00,292.971
2/18/2026,18:00,299.695
2/19/2026,0:00,296.515
2/19/2026,6:00,294.76
2/19/2026,12:00,293.418
2/19/2026,18:00,300.779
2/20/2026,0:00,294.991
2/20/2026,6:00,294.121
2/20/2026,12:00,292.13
2/20/2026,18:00,294.982
2/21/2026,0:00,295.865
2/21/2026,6:00,290.462
2/21/2026,12:00,289.607
2/21/2026,18:00,296.464
2/22/2026,0:00,297.663
2/22/2026,6:00,293.111
2/22/2026,12:00,291.554
2/22/2026,18:00,296.841
2/23/2026,0:00,295.995
2/23/2026,6:00,294.209
2/23/2026,12:00,292.315
2/23/2026,18:00,292.973
2/24/2026,0:00,292.918
2/24/2026,6:00,292.29
2/24/2026,12:00,291.784
2/24/2026,18:00,295.9
2/25/2026,0:00,293.894
2/25/2026,6:00,292.126
2/25/2026,12:00,291.2
2/25/2026,18:00,295.724
2/26/2026,0:00,293.092
2/26/2026,6:00,288.742
2/26/2026,12:00,287.47
2/26/2026,18:00,293.304
2/27/2026,0:00,291.117
2/27/2026,6:00,286.011
2/27/2026,12:00,284.451
2/27/2026,18:00,293.713
2/28/2026,0:00,292.463
2/28/2026,6:00,287.619
2/28/2026,12:00,286.641
2/28/2026,18:00,295.641
3/1/2026,0:00,294.482
3/1/2026,6:00,288.588
3/1/2026,12:00,287.649
3/1/2026,18:00,296.484
3/2/2026,0:00,295.918
3/2/2026,6:00,289.246
3/2/2026,12:00,289.07
3/2/2026,18:00,298.953
3/3/2026,0:00,299.471
3/3/2026,6:00,293.941
3/3/2026,12:00,292.034
3/3/2026,18:00,300.669
3/4/2026,0:00,297.573
3/4/2026,6:00,293.63
3/4/2026,12:00,294.325
3/4/2026,18:00,301.054
3/5/2026,0:00,295.712
3/5/2026,6:00,294.116
3/5/2026,12:00,292.835
3/5/2026,18:00,299.906
3/6/2026,0:00,296.829
3/6/2026,6:00,292.813
3/6/2026,12:00,292.648
3/6/2026,18:00,298.665
3/7/2026,0:00,291.911
3/7/2026,6:00,291.479
3/7/2026,12:00,292.115
3/7/2026,18:00,296.302
3/8/2026,0:00,295.451
3/8/2026,6:00,291.48
3/8/2026,12:00,290.531
3/8/2026,18:00,295.718
3/9/2026,0:00,294.725
3/9/2026,6:00,290.171
3/9/2026,12:00,289.588
3/9/2026,18:00,292.508
3/10/2026,0:00,292.776
3/10/2026,6:00,291.322
3/10/2026,12:00,291.328
3/10/2026,18:00,295.891
3/11/2026,0:00,294.001
3/11/2026,6:00,291.946
3/11/2026,12:00,291.647
3/11/2026,18:00,296.207
3/12/2026,0:00,290.537
3/12/2026,6:00,291.685
3/12/2026,12:00,290.734
3/12/2026,18:00,295.759
3/13/2026,0:00,296.203
3/13/2026,6:00,290.418
3/13/2026,12:00,289.574
3/13/2026,18:00,296.318
3/14/2026,0:00,294.285
3/14/2026,6:00,289.96
3/14/2026,12:00,288.228
3/14/2026,18:00,296.202
3/15/2026,0:00,295.329
3/15/2026,6:00,290.453
3/15/2026,12:00,289.9
3/15/2026,18:00,299.216
3/16/2026,0:00,296.755
3/16/2026,6:00,294.616
3/16/2026,12:00,294.277
3/16/2026,18:00,301.9
3/17/2026,0:00,293.297
3/17/2026,6:00,292.897
3/17/2026,12:00,292.043
3/17/2026,18:00,293.439
3/18/2026,0:00,292.914
3/18/2026,6:00,292.591
3/18/2026,12:00,292.295
3/18/2026,18:00,295.697
3/19/2026,0:00,295.435
3/19/2026,6:00,292.275
3/19/2026,12:00,291.909
3/19/2026,18:00,297.358
3/20/2026,0:00,297.102
3/20/2026,6:00,291.097
3/20/2026,12:00,291.015
3/20/2026,18:00,299.311
3/21/2026,0:00,297.309
3/21/2026,6:00,294.448
3/21/2026,12:00,293.846
3/21/2026,18:00,300.14
3/22/2026,0:00,296.243
3/22/2026,6:00,293.285
3/22/2026,12:00,292.849
3/22/2026,18:00,295.411
3/23/2026,0:00,295.421
3/23/2026,6:00,294.486
3/23/2026,12:00,294.619
3/23/2026,18:00,298.537
3/24/2026,0:00,294.1
3/24/2026,6:00,293.772
3/24/2026,12:00,292.1
3/24/2026,18:00,292.779
3/25/2026,0:00,293.454
3/25/2026,6:00,292.854
3/25/2026,12:00,292.814
3/25/2026,18:00,297.235
3/26/2026,0:00,295.616
3/26/2026,12:00,292.897
3/26/2026,18:00,298.416
3/27/2026,0:00,297.316
3/27/2026,6:00,294.416
3/27/2026,12:00,294.116
3/27/2026,18:00,299.818
3/28/2026,0:00,298.2
3/28/2026,6:00,295.942
3/28/2026,12:00,295
3/28/2026,18:00,300.518
3/29/2026,0:00,297.877
3/29/2026,6:00,295.821
3/29/2026,12:00,294.371
3/29/2026,18:00,300.924
3/30/2026,0:00,300.224
3/30/2026,6:00,295.512
3/30/2026,12:00,294.956
3/30/2026,18:00,300.99
3/31/2026,0:00,298.071
3/31/2026,6:00,294.091
3/31/2026,12:00,292.964
3/31/2026,18:00,298.877
4/1/2026,0:00,296.523
4/1/2026,6:00,292.05
4/1/2026,12:00,290.862
4/1/2026,18:00,297.325
4/2/2026,0:00,297.433
4/2/2026,6:00,294.625
4/2/2026,12:00,293.044
4/2/2026,18:00,297.876
4/3/2026,0:00,298.6
4/3/2026,6:00,293.273
4/3/2026,12:00,292.274
4/3/2026,18:00,299.014
4/4/2026,0:00,299.711
4/4/2026,6:00,293.906
4/4/2026,12:00,293.221
4/4/2026,18:00,300.481
4/5/2026,0:00,298.222
4/5/2026,6:00,292.414
4/5/2026,12:00,292.036
4/5/2026,18:00,296.8
4/6/2026,0:00,292.1
4/6/2026,6:00,291.735
4/6/2026,12:00,291.806
4/6/2026,18:00,296.9
4/7/2026,0:00,293.875
4/7/2026,6:00,292.911
4/7/2026,12:00,293.28
4/7/2026,18:00,295.55
4/8/2026,0:00,291.961
4/8/2026,6:00,289.842
4/8/2026,12:00,289.458
4/8/2026,18:00,289.799
4/9/2026,0:00,290.405
4/9/2026,6:00,289.343
4/9/2026,12:00,288.881
4/9/2026,18:00,289.93
4/10/2026,0:00,288.058
4/10/2026,6:00,285.356
4/10/2026,12:00,284.823
4/10/2026,18:00,290.223
4/11/2026,0:00,288.609
4/11/2026,6:00,286.48
4/11/2026,12:00,286.358
4/11/2026,18:00,293.431
4/12/2026,0:00,292.113
4/12/2026,6:00,291.617
4/12/2026,12:00,289.541
4/12/2026,18:00,290.324
4/13/2026,0:00,290.202
4/13/2026,6:00,289.102
4/13/2026,12:00,290.402
4/13/2026,18:00,293.278
4/14/2026,0:00,293.144
4/14/2026,6:00,291.459
4/14/2026,12:00,291.448
4/14/2026,18:00,296.072
4/15/2026,0:00,295.426
4/15/2026,6:00,293.307
4/15/2026,12:00,292.111
4/15/2026,18:00,295.908
4/16/2026,0:00,293.2
4/16/2026,6:00,292.373
4/16/2026,12:00,292.112
4/16/2026,18:00,293.2
4/17/2026,0:00,291.377
4/17/2026,6:00,289.51
4/17/2026,12:00,289.125
4/17/2026,18:00,291.245
4/18/2026,0:00,289.877
4/18/2026,6:00,288.1
4/18/2026,12:00,287.222
4/18/2026,18:00,291.701
4/19/2026,0:00,290.966
4/19/2026,6:00,288.563
4/19/2026,12:00,288
4/19/2026,18:00,294.475
4/20/2026,0:00,293.998
4/20/2026,6:00,290.902
4/20/2026,12:00,290.196
4/20/2026,18:00,295.36
4/21/2026,0:00,293.301
4/21/2026,6:00,291.226
4/21/2026,12:00,289.986
4/21/2026,18:00,291.499
4/22/2026,0:00,293.493
4/22/2026,6:00,292.188
4/22/2026,12:00,291.386
4/22/2026,18:00,295.697
4/23/2026,0:00,293.608
4/23/2026,6:00,291.759
4/23/2026,12:00,291.217
4/23/2026,18:00,294.9
4/24/2026,0:00,292.5
4/24/2026,6:00,291.258
4/24/2026,12:00,291.079
4/24/2026,18:00,291.61
4/25/2026,0:00,291.1
4/25/2026,6:00,291.124
4/25/2026,12:00,291.403
4/25/2026,18:00,291.775
4/26/2026,0:00,292.597
4/26/2026,6:00,291.281
4/26/2026,12:00,290.931
4/26/2026,18:00,292.338
4/27/2026,0:00,291.322
4/27/2026,6:00,286.949
4/27/2026,12:00,283.443
4/27/2026,18:00,284.606
4/28/2026,0:00,282.85
4/28/2026,6:00,280.342
4/28/2026,12:00,279.49
4/28/2026,18:00,284.108
4/29/2026,0:00,284.898
4/29/2026,6:00,283.902
4/29/2026,12:00,283.6
4/29/2026,18:00,288.895
4/30/2026,0:00,288.11
4/30/2026,6:00,286.263
4/30/2026,12:00,285.381
4/30/2026,18:00,290.129
5/1/2026,0:00,291.088
5/1/2026,6:00,290.502
5/1/2026,12:00,290.483
5/1/2026,18:00,293.808
5/2/2026,0:00,295.341
5/2/2026,6:00,292.674
5/2/2026,12:00,292.525
5/2/2026,18:00,292.317
5/3/2026,0:00,286.795
5/3/2026,6:00,282.185
5/3/2026,12:00,281.282
5/3/2026,18:00,284.205
5/4/2026,0:00,287.14
5/4/2026,6:00,286.804
5/4/2026,12:00,287.458
5/4/2026,18:00,289.926
5/5/2026,0:00,292.347
5/5/2026,6:00,291.055
5/5/2026,12:00,290.858
5/5/2026,18:00,294.455
5/6/2026,0:00,295.563
5/6/2026,6:00,293.194
5/6/2026,12:00,292.562
5/6/2026,18:00,295.832
5/7/2026,0:00,296.873
5/7/2026,6:00,295.339
5/7/2026,12:00,294.502
5/7/2026,18:00,295.43
5/8/2026,0:00,296.935
5/8/2026,6:00,284.612
5/8/2026,12:00,283.5
5/8/2026,18:00,284.729
5/9/2026,0:00,285.145
5/9/2026,6:00,280.019
5/9/2026,12:00,279.025
5/9/2026,18:00,282.132
5/10/2026,0:00,279.837
5/10/2026,6:00,278.288
5/10/2026,12:00,276.845
5/10/2026,18:00,279.89
5/11/2026,0:00,279.427
5/11/2026,6:00,277.348
5/11/2026,12:00,276.365
5/11/2026,18:00,280.169
5/12/2026,0:00,281.103
5/12/2026,6:00,279.588
5/12/2026,12:00,278.804
5/12/2026,18:00,283.351
5/13/2026,0:00,284.04
5/13/2026,6:00,282.6
5/13/2026,12:00,282.321
5/13/2026,18:00,285.417
5/14/2026,0:00,285.764
5/14/2026,6:00,284.156
5/14/2026,12:00,283.001
5/14/2026,18:00,286.981
5/15/2026,0:00,287.575
5/15/2026,6:00,284.387
5/15/2026,12:00,284.257
5/15/2026,18:00,287.257
5/16/2026,0:00,287.414
5/16/2026,6:00,286.52
5/16/2026,12:00,286.277
5/16/2026,18:00,288.71
5/17/2026,0:00,289.396
5/17/2026,6:00,287.536
5/17/2026,12:00,286.936
5/17/2026,18:00,289.351
5/18/2026,0:00,286.851
5/18/2026,6:00,284.834
5/18/2026,12:00,283.722
5/18/2026,18:00,284.022
5/19/2026,0:00,282.964
5/19/2026,6:00,280.431
5/19/2026,12:00,279.513
5/19/2026,18:00,283.33
5/20/2026,0:00,282.424
5/20/2026,6:00,279.665
5/20/2026,12:00,278.119
5/20/2026,18:00,282.294
5/21/2026,0:00,281.6
5/21/2026,6:00,279.218
5/21/2026,12:00,278.219
5/21/2026,18:00,282.124
5/22/2026,0:00,281.365
5/22/2026,6:00,279.2
5/22/2026,12:00,279.145
5/22/2026,18:00,282.662
5/23/2026,0:00,284.086
5/23/2026,6:00,281.815
5/23/2026,12:00,282.645
5/23/2026,18:00,285.876
5/24/2026,0:00,286.435
5/24/2026,6:00,283.761
5/24/2026,12:00,282.548
5/24/2026,18:00,286.376
5/25/2026,0:00,287.497
5/25/2026,6:00,286.948
5/25/2026,12:00,287.272
5/25/2026,18:00,289.405
5/26/2026,0:00,290.032
5/26/2026,6:00,289.276
5/26/2026,12:00,289.244
5/26/2026,18:00,289.89
5/27/2026,0:00,287.706
5/27/2026,6:00,285.308
5/27/2026,12:00,284.19
5/27/2026,18:00,287.004
5/28/2026,0:00,286.535
5/28/2026,6:00,284.149
5/28/2026,12:00,283.973
5/28/2026,18:00,287.8
5/29/2026,0:00,289.203
5/29/2026,6:00,287.926
5/29/2026,12:00,287.634
5/29/2026,18:00,290.365
5/30/2026,0:00,288.42
5/30/2026,6:00,287.008
5/30/2026,12:00,286.589
5/30/2026,18:00,289.283
5/31/2026,0:00,291.099
5/31/2026,6:00,289.259
5/31/2026,12:00,287.492
5/31/2026,18:00,288.924
6/1/2026,0:00,286.949
6/1/2026,6:00,284.131
6/1/2026,12:00,282.882
6/1/2026,18:00,286.095
6/2/2026,0:00,286.3
6/2/2026,6:00,283.711
6/2/2026,12:00,283.079
6/2/2026,18:00,286.563
6/3/2026,0:00,287.559
6/3/2026,6:00,286.3
6/3/2026,12:00,285.783
6/3/2026,18:00,288.79
6/4/2026,0:00,289.1
6/4/2026,6:00,286.386
6/4/2026,12:00,285.109
6/4/2026,18:00,288.416
6/5/2026,0:00,288.745
6/5/2026,6:00,287.176
6/5/2026,12:00,285.7
6/5/2026,18:00,288.882
6/6/2026,0:00,289.108
6/6/2026,6:00,287.3
6/6/2026,12:00,285.884
6/6/2026,18:00,289.049
6/7/2026,0:00,290.165
6/7/2026,6:00,288.4
6/7/2026,12:00,286.96
6/7/2026,18:00,290.066
6/8/2026,0:00,290.215
6/8/2026,6:00,288.329
6/8/2026,12:00,286.936
6/8/2026,18:00,288.803
6/9/2026,0:00,288.142
6/9/2026,6:00,285.337
6/9/2026,12:00,284.106
6/9/2026,18:00,285.625
6/10/2026,0:00,285.129
6/10/2026,6:00,283.63
6/10/2026,12:00,283.165
6/10/2026,18:00,285.681
6/11/2026,0:00,287.038
6/11/2026,6:00,287.897
6/11/2026,12:00,288.116
6/11/2026,18:00,288.616
6/12/2026,0:00,288.839
6/12/2026,6:00,286.255
6/12/2026,12:00,284.624
6/12/2026,18:00,284.078
6/13/2026,0:00,284.717
6/13/2026,6:00,282.798
6/13/2026,12:00,283.8
6/13/2026,18:00,284.877
6/14/2026,0:00,284.699
6/14/2026,6:00,283.001
6/14/2026,12:00,281.397
6/14/2026,18:00,283.609
6/15/2026,0:00,282.087
6/15/2026,6:00,280.036
6/15/2026,12:00,278.661
6/15/2026,18:00,281.5
6/16/2026,0:00,281.402
6/16/2026,6:00,278.98
6/16/2026,12:00,278.202
6/16/2026,18:00,281.614
6/17/2026,0:00,282.8
6/17/2026,6:00,281.608
6/17/2026,12:00,280.906
6/17/2026,18:00,284.108
6/18/2026,0:00,283.831
6/18/2026,6:00,282.788
6/18/2026,12:00,282.615
6/18/2026,18:00,285.358
6/19/2026,0:00,287.658
6/19/2026,6:00,287.265
6/19/2026,12:00,284.495
6/19/2026,18:00,284.873
6/20/2026,0:00,284.773
6/20/2026,6:00,283.184
6/20/2026,12:00,282.224
6/20/2026,18:00,282.632
6/21/2026,0:00,283.507
6/21/2026,6:00,280.148
6/21/2026,12:00,279.843
6/21/2026,18:00,282.897
6/22/2026,0:00,284.51
6/22/2026,6:00,284.611
6/22/2026,12:00,284.596
6/22/2026,18:00,282.887
6/23/2026,0:00,280.021
6/23/2026,6:00,277.833
6/23/2026,12:00,276.698
6/23/2026,18:00,278.71
6/24/2026,0:00,277.8
6/24/2026,6:00,276.549
6/24/2026,12:00,275.43
6/24/2026,18:00,278.272
6/25/2026,0:00,279.202
6/25/2026,6:00,277.711
6/25/2026,12:00,277.321
6/25/2026,18:00,280.179
6/26/2026,0:00,279.926
6/26/2026,6:00,278.481
6/26/2026,12:00,277.5
6/26/2026,18:00,280.89
6/27/2026,0:00,283.354
6/27/2026,6:00,283.29
6/27/2026,12:00,283.4
6/27/2026,18:00,286.891
6/28/2026,0:00,289.342
6/28/2026,6:00,288.209
6/28/2026,12:00,288.54
6/28/2026,18:00,289.2
6/29/2026,0:00,287.8
6/29/2026,6:00,284.901
6/29/2026,12:00,281.669
6/29/2026,18:00,283.177
6/30/2026,0:00,283.961
6/30/2026,6:00,282.197
6/30/2026,12:00,283.547
6/30/2026,18:00,286.085
7/1/2026,0:00,287.508
7/1/2026,6:00,287.65
7/1/2026,12:00,288.25
7/1/2026,18:00,289.674
7/2/2026,0:00,290.15
7/2/2026,6:00,289.701
7/2/2026,12:00,287.052
7/2/2026,18:00,285.354
7/3/2026,0:00,282.034
7/3/2026,6:00,278.843
7/3/2026,12:00,275.639
7/3/2026,18:00,276.02
7/4/2026,0:00,276.497
7/4/2026,6:00,275.12
7/4/2026,12:00,274.909
7/4/2026,18:00,278.412
7/5/2026,0:00,282.27
7/5/2026,6:00,281.2
7/5/2026,12:00,281.4
7/5/2026,18:00,285.233
7/6/2026,0:00,287.031
7/6/2026,6:00,284.867
7/6/2026,12:00,282.275
7/6/2026,18:00,281.733
7/7/2026,0:00,279.223
7/7/2026,6:00,276.458
7/7/2026,12:00,275.367
7/7/2026,18:00,278.648
7/8/2026,0:00,279.219
7/8/2026,6:00,278.1
7/8/2026,12:00,278.081
7/8/2026,18:00,281.303
7/9/2026,0:00,283.5
7/9/2026,6:00,281.751
7/9/2026,12:00,281.624
7/9/2026,18:00,285.176
7/10/2026,0:00,287.314
7/10/2026,6:00,287.222
7/10/2026,12:00,287.103
7/10/2026,18:00,289.034
7/11/2026,0:00,289.3
7/11/2026,6:00,289.036
7/11/2026,12:00,288.261
7/11/2026,18:00,289.824
7/12/2026,0:00,286.6
7/12/2026,6:00,286.564
7/12/2026,12:00,282.825
7/12/2026,18:00,283.608
7/13/2026,0:00,280.965
7/13/2026,6:00,278.2
7/13/2026,12:00,278.565
7/13/2026,18:00,281.261
7/14/2026,0:00,281.141
7/14/2026,6:00,279.795
7/14/2026,12:00,279.461
7/14/2026,18:00,282.161
7/15/2026,0:00,283.189
7/15/2026,6:00,282.719
7/15/2026,12:00,282.191
7/15/2026,18:00,284.661
7/16/2026,0:00,286.982
7/16/2026,6:00,286.628
7/16/2026,12:00,285.911
7/16/2026,18:00,288.169
7/17/2026,0:00,292.027
7/17/2026,6:00,291.182
7/17/2026,12:00,291.388
7/17/2026,18:00,292.833
7/18/2026,0:00,294.265
7/18/2026,6:00,294.085
7/18/2026,12:00,292.569
7/18/2026,18:00,293.503
7/19/2026,0:00,294.408
7/19/2026,6:00,292.927
7/19/2026,12:00,291.954
7/19/2026,18:00,292.612
7/20/2026,0:00,291.712
7/20/2026,6:00,290.711
7/20/2026,12:00,289.998
7/20/2026,18:00,292.564
7/21/2026,0:00,292.137
7/21/2026,6:00,290.496
7/21/2026,12:00,289.963
7/21/2026,18:00,291.613
7/22/2026,0:00,291.512
7/22/2026,6:00,289.563
7/22/2026,12:00,289.112
7/22/2026,18:00,288.67
7/23/2026,0:00,287.535
7/23/2026,6:00,286.849
7/23/2026,12:00,285.898
7/23/2026,18:00,286.602
7/24/2026,0:00,284.836
7/24/2026,6:00,283.21
7/24/2026,12:00,282.878
7/24/2026,18:00,286.955
7/25/2026,0:00,288.191
7/25/2026,6:00,287.902
7/25/2026,12:00,286.8
7/25/2026,18:00,289.381
7/26/2026,0:00,289.918
7/26/2026,6:00,290.075
7/26/2026,12:00,290.204
7/26/2026,18:00,290.601
7/27/2026,0:00,290.499
7/27/2026,6:00,290.201
7/27/2026,12:00,290
7/27/2026,18:00,292.1
7/28/2026,0:00,293.492
7/28/2026,6:00,292.051
7/28/2026,12:00,291.453
7/28/2026,18:00,291.848
7/29/2026,0:00,293.084
7/29/2026,6:00,291.136
7/29/2026,12:00,288.828
7/29/2026,18:00,290.792
7/30/2026,0:00,289.834
7/30/2026,6:00,288.254
7/30/2026,12:00,287.655
7/30/2026,18:00,289.627
7/31/2026,0:00,292.232
7/31/2026,6:00,291.083
7/31/2026,12:00,290.823
7/31/2026,18:00,292.229
8/1/2026,0:00,293.904
8/1/2026,6:00,291.117
8/1/2026,12:00,290.396
8/1/2026,18:00,291.864
8/2/2026,0:00,286.741
