"Date","Time","Minimum temperature@Specified height above ground: 2 m"
6/13/2019,12:00,293.3
6/13/2019,18:00,294.004
6/14/2019,0:00,294.158
6/14/2019,6:00,294.348
6/14/2019,12:00,294.121
6/14/2019,18:00,295.161
6/15/2019,0:00,294.7
6/15/2019,6:00,293.678
6/15/2019,12:00,293.351
6/15/2019,18:00,294.5
6/16/2019,0:00,294.481
6/16/2019,6:00,292.783
6/16/2019,12:00,291.393
6/16/2019,18:00,293.581
6/17/2019,0:00,293.965
6/17/2019,6:00,293.7
6/17/2019,12:00,292.846
6/17/2019,18:00,293.733
6/18/2019,0:00,294.252
6/18/2019,6:00,292.252
6/18/2019,12:00,290.9
6/18/2019,18:00,288.91
6/19/2019,0:00,286.328
6/19/2019,6:00,284.5
6/19/2019,12:00,281.146
6/19/2019,18:00,283.427
6/20/2019,0:00,283.445
6/20/2019,6:00,281.307
6/20/2019,12:00,280.2
6/20/2019,18:00,282.981
6/21/2019,0:00,284.1
6/21/2019,6:00,282.293
6/21/2019,12:00,282.148
6/21/2019,18:00,284.8
6/22/2019,0:00,291
6/22/2019,6:00,290.581
6/22/2019,12:00,290.243
6/22/2019,18:00,292.027
6/23/2019,0:00,293.402
6/23/2019,6:00,290.988
6/23/2019,12:00,289.559
6/23/2019,18:00,291.401
6/24/2019,0:00,292.191
6/24/2019,6:00,290.577
6/24/2019,12:00,288.985
6/24/2019,18:00,291.4
6/25/2019,0:00,292.2
6/25/2019,6:00,290.894
6/25/2019,12:00,291.012
6/25/2019,18:00,284.2
6/26/2019,0:00,281.012
6/26/2019,6:00,278.3
6/26/2019,12:00,277.2
6/26/2019,18:00,279.2
6/27/2019,0:00,279.249
6/27/2019,6:00,277.511
6/27/2019,12:00,276.506
6/27/2019,18:00,279.436
6/28/2019,0:00,286.693
6/28/2019,6:00,286.234
6/28/2019,12:00,288.746
6/28/2019,18:00,291.877
6/29/2019,0:00,293.001
6/29/2019,6:00,292.159
6/29/2019,12:00,291.323
6/29/2019,18:00,292.956
6/30/2019,0:00,293.509
6/30/2019,6:00,290.423
6/30/2019,12:00,288
6/30/2019,18:00,288
7/1/2019,0:00,286.021
7/1/2019,6:00,284.16
7/1/2019,12:00,282.4
7/1/2019,18:00,282.814
7/2/2019,0:00,281.442
7/2/2019,6:00,279.61
7/2/2019,12:00,279.3
7/2/2019,18:00,281.934
7/3/2019,0:00,284.194
7/3/2019,6:00,280.683
7/3/2019,12:00,278.718
7/3/2019,18:00,280.719
7/4/2019,0:00,278.819
7/4/2019,6:00,276.862
7/4/2019,12:00,276.144
7/4/2019,18:00,278.6
7/5/2019,0:00,278.718
7/5/2019,6:00,276.428
7/5/2019,12:00,274
7/5/2019,18:00,276.303
7/6/2019,0:00,276.651
7/6/2019,6:00,274.554
7/6/2019,12:00,273.345
7/6/2019,18:00,276.152
7/7/2019,0:00,276.916
7/7/2019,6:00,274.95
7/7/2019,12:00,274.4
7/7/2019,18:00,277.3
7/8/2019,0:00,278.587
7/8/2019,6:00,276.791
7/8/2019,12:00,276.4
7/8/2019,18:00,278.924
7/9/2019,0:00,282.439
7/9/2019,6:00,280.773
7/9/2019,12:00,279.8
7/9/2019,18:00,282.5
7/10/2019,0:00,285.569
7/10/2019,6:00,285.147
7/10/2019,12:00,285.2
7/10/2019,18:00,286.9
7/11/2019,0:00,289.072
7/11/2019,6:00,288.81
7/11/2019,12:00,289.648
7/11/2019,18:00,290.115
7/12/2019,0:00,290.531
7/12/2019,6:00,289.396
7/12/2019,12:00,289.291
7/12/2019,18:00,290.319
7/13/2019,0:00,290.465
7/13/2019,6:00,289.048
7/13/2019,12:00,289.1
7/13/2019,18:00,289.3
7/14/2019,0:00,288.2
7/14/2019,6:00,286.13
7/14/2019,12:00,284.1
7/14/2019,18:00,284.6
7/15/2019,0:00,283.651
7/15/2019,6:00,281.347
7/15/2019,12:00,279.805
7/15/2019,18:00,282.1
7/16/2019,0:00,283.339
7/16/2019,6:00,280.8
7/16/2019,12:00,279.3
7/16/2019,18:00,281.472
7/17/2019,0:00,281.415
7/17/2019,6:00,279.412
7/17/2019,12:00,278.436
7/17/2019,18:00,281.312
7/18/2019,0:00,283.51
7/18/2019,6:00,281.641
7/18/2019,12:00,281.104
7/18/2019,18:00,284
7/19/2019,0:00,287.821
7/19/2019,6:00,286.3
7/19/2019,12:00,286.5
7/19/2019,18:00,287.732
7/20/2019,0:00,289.42
7/20/2019,6:00,287.7
7/20/2019,12:00,286.322
7/20/2019,18:00,288.941
7/21/2019,0:00,291.909
7/21/2019,6:00,291.803
7/21/2019,12:00,291.356
7/21/2019,18:00,292.7
7/22/2019,0:00,293.184
7/22/2019,6:00,292.823
7/22/2019,12:00,292.002
7/22/2019,18:00,292.6
7/23/2019,0:00,293
7/23/2019,6:00,290.955
7/23/2019,12:00,290.695
7/23/2019,18:00,290.409
7/24/2019,0:00,290.447
7/24/2019,6:00,287.657
7/24/2019,12:00,285.185
7/24/2019,18:00,285.259
7/25/2019,0:00,285.799
7/25/2019,6:00,286.213
7/25/2019,12:00,285.77
7/25/2019,18:00,286.83
7/26/2019,0:00,285.863
7/26/2019,6:00,284.253
7/26/2019,12:00,282.884
7/26/2019,18:00,282.981
7/27/2019,0:00,282.092
7/27/2019,6:00,282.904
7/27/2019,12:00,281.382
7/27/2019,18:00,283.496
7/28/2019,0:00,284.462
7/28/2019,6:00,282.539
7/28/2019,12:00,281.2
7/28/2019,18:00,283.371
7/29/2019,0:00,283.7
7/29/2019,6:00,283.251
7/29/2019,12:00,284.8
7/29/2019,18:00,285.7
7/30/2019,0:00,286.5
7/30/2019,6:00,284.917
7/30/2019,12:00,283.756
7/30/2019,18:00,286.082
7/31/2019,0:00,285.913
7/31/2019,6:00,283.928
7/31/2019,12:00,283.772
7/31/2019,18:00,286.3
8/1/2019,0:00,290.9
8/1/2019,6:00,289.108
8/1/2019,12:00,288.8
8/1/2019,18:00,289.669
8/2/2019,0:00,284.266
8/2/2019,6:00,282.348
8/2/2019,12:00,279.9
8/2/2019,18:00,282.187
8/3/2019,0:00,280.3
8/3/2019,6:00,278.3
8/3/2019,12:00,277.813
8/3/2019,18:00,280.4
8/4/2019,0:00,280.4
8/4/2019,6:00,278.6
8/4/2019,12:00,277.72
8/4/2019,18:00,280.7
8/5/2019,0:00,280.8
8/5/2019,6:00,278.801
8/5/2019,12:00,277.6
8/5/2019,18:00,280.832
8/6/2019,0:00,284.555
8/6/2019,6:00,282.704
8/6/2019,12:00,283.299
8/6/2019,18:00,287.016
8/7/2019,0:00,289.885
8/7/2019,6:00,288.112
8/7/2019,12:00,287.305
8/7/2019,18:00,290.4
8/8/2019,0:00,292.429
8/8/2019,6:00,290.945
8/8/2019,12:00,290.936
8/8/2019,18:00,292.5
8/9/2019,0:00,291.744
8/9/2019,6:00,290.732
8/9/2019,12:00,289.316
8/9/2019,18:00,290.708
8/10/2019,0:00,286.082
8/10/2019,6:00,284.295
8/10/2019,12:00,283.1
8/10/2019,18:00,283.2
8/11/2019,0:00,285.599
8/11/2019,6:00,281.561
8/11/2019,12:00,280.375
8/11/2019,18:00,283.537
8/12/2019,0:00,287.589
8/12/2019,6:00,286.958
8/12/2019,12:00,286
8/12/2019,18:00,286.6
8/13/2019,0:00,285.1
8/13/2019,6:00,279.896
8/13/2019,12:00,277.688
8/13/2019,18:00,280
8/14/2019,0:00,278.168
8/14/2019,6:00,275.535
8/14/2019,12:00,274.331
8/14/2019,18:00,277.608
8/15/2019,0:00,280.4
8/15/2019,6:00,279.3
8/15/2019,12:00,277.8
8/15/2019,18:00,281.703
8/16/2019,0:00,285.801
8/16/2019,6:00,285.2
8/16/2019,12:00,286.265
8/16/2019,18:00,288.948
8/17/2019,0:00,292.4
8/17/2019,6:00,291.178
8/17/2019,12:00,290.2
8/17/2019,18:00,292.2
8/18/2019,0:00,292.651
8/18/2019,6:00,286.238
8/18/2019,12:00,283
8/18/2019,18:00,284
8/19/2019,0:00,283.579
8/19/2019,6:00,279.788
8/19/2019,12:00,277.519
8/19/2019,18:00,279.233
8/20/2019,0:00,280.083
8/20/2019,6:00,278.681
8/20/2019,12:00,278.427
8/20/2019,18:00,281
8/21/2019,0:00,281.397
8/21/2019,6:00,278.6
8/21/2019,12:00,277.848
8/21/2019,18:00,280.922
8/22/2019,0:00,282.534
8/22/2019,6:00,280.311
8/22/2019,12:00,279.7
8/22/2019,18:00,282.4
8/23/2019,0:00,283.614
8/23/2019,6:00,281.012
8/23/2019,12:00,280.1
8/23/2019,18:00,283.6
8/24/2019,0:00,284.097
8/24/2019,6:00,281.231
8/24/2019,12:00,280.714
8/24/2019,18:00,283.74
8/25/2019,0:00,286.426
8/25/2019,6:00,283.765
8/25/2019,12:00,282.9
8/25/2019,18:00,286.8
8/26/2019,0:00,290.016
8/26/2019,6:00,287.97
8/26/2019,12:00,287
8/26/2019,18:00,287.579
8/27/2019,0:00,289.2
8/27/2019,6:00,286.935
8/27/2019,12:00,286.258
8/27/2019,18:00,289.607
8/28/2019,0:00,289.9
8/28/2019,6:00,287.6
8/28/2019,12:00,286.8
8/28/2019,18:00,291
8/29/2019,0:00,292.4
8/29/2019,6:00,289.908
8/29/2019,12:00,289.3
8/29/2019,18:00,293.4
8/30/2019,0:00,294.444
8/30/2019,6:00,292.1
8/30/2019,12:00,290.042
8/30/2019,18:00,293.9
8/31/2019,0:00,289.934
8/31/2019,6:00,288.606
8/31/2019,12:00,285.6
8/31/2019,18:00,286.8
9/1/2019,0:00,284.628
9/1/2019,6:00,281.417
9/1/2019,12:00,280.617
9/1/2019,18:00,285.1
9/2/2019,0:00,283.6
9/2/2019,6:00,281
9/2/2019,12:00,279.606
9/2/2019,18:00,284.321
9/3/2019,0:00,284.721
9/3/2019,6:00,281.519
9/3/2019,12:00,280.369
9/3/2019,18:00,282.678
9/4/2019,0:00,281.5
9/4/2019,6:00,278.176
9/4/2019,12:00,276.776
9/4/2019,18:00,281.1
9/5/2019,0:00,280.956
9/5/2019,6:00,277.829
9/5/2019,12:00,277.199
9/5/2019,18:00,280.815
9/6/2019,0:00,282.623
9/6/2019,6:00,281.486
9/6/2019,12:00,281.057
9/6/2019,18:00,283.9
9/7/2019,0:00,287.9
9/7/2019,6:00,288.311
9/7/2019,12:00,289.355
9/7/2019,18:00,293.774
9/8/2019,0:00,293.7
9/8/2019,6:00,292.643
9/8/2019,12:00,292.532
9/8/2019,18:00,294.732
9/9/2019,0:00,293.256
9/9/2019,6:00,292.68
9/9/2019,12:00,292.471
9/9/2019,18:00,291.108
9/10/2019,0:00,288.701
9/10/2019,6:00,287
9/10/2019,12:00,286.546
9/10/2019,18:00,287.331
9/11/2019,0:00,287.7
9/11/2019,6:00,286.642
9/11/2019,12:00,286.6
9/11/2019,18:00,288
9/12/2019,0:00,288.324
9/12/2019,6:00,287.112
9/12/2019,12:00,286.7
9/12/2019,18:00,288.4
9/13/2019,0:00,285.33
9/13/2019,6:00,282.771
9/13/2019,12:00,281.852
9/13/2019,18:00,286.23
9/14/2019,0:00,286.903
9/14/2019,6:00,284.393
9/14/2019,12:00,283.175
9/14/2019,18:00,286.939
9/15/2019,0:00,290.439
9/15/2019,6:00,289.212
9/15/2019,12:00,288.613
9/15/2019,18:00,293.634
9/16/2019,0:00,297.263
9/16/2019,6:00,295.2
9/16/2019,12:00,293.033
9/16/2019,18:00,294.867
9/17/2019,0:00,287.608
9/17/2019,6:00,286.1
9/17/2019,12:00,283.502
9/17/2019,18:00,286.9
9/18/2019,0:00,285.757
9/18/2019,6:00,283.161
9/18/2019,12:00,282.348
9/18/2019,18:00,287.9
9/19/2019,0:00,286.753
9/19/2019,6:00,284.058
9/19/2019,12:00,283.1
9/19/2019,18:00,288.7
9/20/2019,0:00,289.375
9/20/2019,6:00,285.83
9/20/2019,12:00,282.916
9/20/2019,18:00,285.216
9/21/2019,0:00,283.229
9/21/2019,6:00,280.446
9/21/2019,12:00,279.31
9/21/2019,18:00,284.827
9/22/2019,0:00,284.74
9/22/2019,6:00,281.5
9/22/2019,12:00,280.6
9/22/2019,18:00,287.4
9/23/2019,0:00,285
9/23/2019,6:00,282.472
9/23/2019,12:00,280.2
9/23/2019,18:00,283.8
9/24/2019,0:00,285.583
9/24/2019,6:00,283.083
9/24/2019,12:00,281.207
9/24/2019,18:00,286.7
9/25/2019,0:00,288.08
9/25/2019,6:00,284.704
9/25/2019,12:00,283.955
9/25/2019,18:00,289.545
9/26/2019,0:00,288.849
9/26/2019,6:00,285.618
9/26/2019,12:00,284.732
9/26/2019,18:00,290.792
9/27/2019,0:00,290.243
9/27/2019,6:00,287.28
9/27/2019,12:00,285.4
9/27/2019,18:00,288.804
9/28/2019,0:00,287.962
9/28/2019,6:00,284.769
9/28/2019,12:00,283.709
9/28/2019,18:00,288.155
9/29/2019,0:00,290.149
9/29/2019,6:00,286.701
9/29/2019,12:00,285.294
9/29/2019,18:00,291.7
9/30/2019,0:00,291.163
9/30/2019,6:00,288.525
9/30/2019,12:00,287.981
9/30/2019,18:00,295.933
10/1/2019,0:00,296.839
10/1/2019,6:00,296.162
10/1/2019,12:00,295.614
10/1/2019,18:00,298.491
10/2/2019,0:00,300.907
10/2/2019,6:00,294.727
10/2/2019,12:00,290.09
10/2/2019,18:00,290.359
10/3/2019,0:00,290.882
10/3/2019,6:00,290.259
10/3/2019,12:00,288.886
10/3/2019,18:00,288.937
10/4/2019,0:00,289.334
10/4/2019,6:00,289.348
10/4/2019,12:00,289.373
10/4/2019,18:00,291.12
10/5/2019,0:00,291.277
10/5/2019,6:00,289.701
10/5/2019,12:00,289.165
10/5/2019,18:00,289.604
10/6/2019,0:00,288.773
10/6/2019,6:00,286.816
10/6/2019,12:00,284.629
10/6/2019,18:00,287.741
10/7/2019,0:00,286.928
10/7/2019,6:00,284.698
10/7/2019,12:00,284.245
10/7/2019,18:00,290.016
10/8/2019,0:00,289.376
10/8/2019,6:00,286.964
10/8/2019,12:00,286.329
10/8/2019,18:00,292.542
10/9/2019,0:00,291.968
10/9/2019,6:00,288.632
10/9/2019,12:00,287.628
10/9/2019,18:00,293.6
10/10/2019,0:00,292.249
10/10/2019,6:00,289.076
10/10/2019,12:00,288.378
10/10/2019,18:00,294.976
10/11/2019,0:00,295.918
10/11/2019,6:00,293.272
10/11/2019,12:00,292.223
10/11/2019,18:00,298.262
10/12/2019,0:00,297.965
10/12/2019,6:00,297.158
10/12/2019,12:00,295.701
10/12/2019,18:00,299.003
10/13/2019,0:00,300.796
10/13/2019,6:00,298.103
10/13/2019,12:00,295.738
10/13/2019,18:00,300.356
10/14/2019,0:00,292.911
10/14/2019,6:00,289.12
10/14/2019,12:00,286.841
10/14/2019,18:00,284.292
10/15/2019,0:00,284.77
10/15/2019,6:00,284.846
10/15/2019,12:00,285.779
10/15/2019,18:00,286.517
10/16/2019,0:00,288.083
10/16/2019,6:00,287.363
10/16/2019,12:00,287.795
10/16/2019,18:00,288.63
10/17/2019,0:00,289.981
10/17/2019,6:00,289.821
10/17/2019,12:00,290.673
10/17/2019,18:00,292.883
10/18/2019,0:00,290.913
10/18/2019,6:00,289.324
10/18/2019,12:00,289.131
10/18/2019,18:00,291.315
10/19/2019,0:00,289.984
10/19/2019,6:00,286.151
10/19/2019,12:00,284.301
10/19/2019,18:00,289.73
10/20/2019,0:00,289.077
10/20/2019,6:00,285.84
10/20/2019,12:00,285.367
10/20/2019,18:00,287.943
10/21/2019,0:00,288.351
10/21/2019,6:00,286.496
10/21/2019,12:00,285.959
10/21/2019,18:00,289.123
10/22/2019,0:00,288.047
10/22/2019,6:00,283.641
10/22/2019,12:00,282.574
10/22/2019,18:00,288.434
10/23/2019,0:00,288.078
10/23/2019,6:00,284.914
10/23/2019,12:00,284.792
10/23/2019,18:00,291.451
10/24/2019,0:00,289.806
10/24/2019,6:00,286.338
10/24/2019,12:00,286.006
10/24/2019,18:00,292.906
10/25/2019,0:00,290.26
10/25/2019,6:00,285.724
10/25/2019,12:00,284.84
10/25/2019,18:00,291.106
10/26/2019,0:00,289.77
10/26/2019,6:00,286.165
10/26/2019,12:00,285.166
10/26/2019,18:00,292.201
10/27/2019,0:00,294.958
10/27/2019,6:00,292.149
10/27/2019,12:00,292.443
10/27/2019,18:00,292.178
10/28/2019,0:00,292.629
10/28/2019,6:00,291.557
10/28/2019,12:00,291.271
10/28/2019,18:00,297.898
10/29/2019,0:00,300.959
10/29/2019,6:00,296.69
10/29/2019,12:00,295.602
10/29/2019,18:00,298.389
10/30/2019,0:00,294.766
10/30/2019,6:00,293.674
10/30/2019,12:00,292.96
10/30/2019,18:00,296.733
10/31/2019,0:00,297.888
10/31/2019,6:00,292.298
10/31/2019,12:00,290.959
10/31/2019,18:00,292.472
11/1/2019,0:00,293.922
11/1/2019,6:00,290.749
11/1/2019,12:00,291.145
11/1/2019,18:00,294.938
11/2/2019,0:00,296.918
11/2/2019,6:00,293.568
11/2/2019,12:00,293.621
11/2/2019,18:00,299.914
11/3/2019,0:00,293.904
11/3/2019,6:00,291.805
11/3/2019,12:00,291.25
11/3/2019,18:00,293.124
11/4/2019,0:00,293.561
11/4/2019,6:00,291.293
11/4/2019,12:00,291.211
11/4/2019,18:00,295.491
11/5/2019,0:00,293.322
11/5/2019,6:00,290.088
11/5/2019,12:00,289.275
11/5/2019,18:00,292.367
11/6/2019,0:00,291.693
11/6/2019,6:00,289.436
11/6/2019,12:00,287.117
11/6/2019,18:00,291.956
11/7/2019,0:00,290.947
11/7/2019,6:00,288.293
11/7/2019,12:00,287.792
11/7/2019,18:00,293.273
11/8/2019,0:00,292.261
11/8/2019,6:00,289.318
11/8/2019,12:00,288.603
11/8/2019,18:00,296.538
11/9/2019,0:00,294.129
11/9/2019,6:00,292.409
11/9/2019,12:00,291.602
11/9/2019,18:00,295.878
11/10/2019,0:00,295.148
11/10/2019,6:00,292.978
11/10/2019,12:00,292.17
11/10/2019,18:00,294.869
11/11/2019,0:00,294.202
11/11/2019,6:00,290.224
11/11/2019,12:00,289.229
11/11/2019,18:00,293.643
11/12/2019,0:00,293.807
11/12/2019,6:00,290.048
11/12/2019,12:00,289.721
11/12/2019,18:00,295.951
11/13/2019,0:00,297.048
11/13/2019,6:00,294.932
11/13/2019,12:00,294.26
11/13/2019,18:00,295.069
11/14/2019,0:00,291.854
11/14/2019,6:00,290.418
11/14/2019,12:00,290.149
11/14/2019,18:00,296.473
11/15/2019,0:00,294.012
11/15/2019,6:00,289.281
11/15/2019,12:00,286.39
11/15/2019,18:00,292.585
11/16/2019,0:00,290.109
11/16/2019,6:00,286.486
11/16/2019,12:00,286.619
11/16/2019,18:00,293.471
11/17/2019,0:00,292.13
11/17/2019,6:00,288.749
11/17/2019,12:00,288.004
11/17/2019,18:00,295.328
11/18/2019,0:00,292.436
11/18/2019,6:00,289.766
11/18/2019,12:00,288.7
11/18/2019,18:00,295.484
11/19/2019,0:00,295.664
11/19/2019,6:00,292.303
11/19/2019,12:00,290.821
11/19/2019,18:00,297.835
11/20/2019,0:00,295.955
11/20/2019,6:00,293.156
11/20/2019,12:00,292.57
11/20/2019,18:00,299.718
11/21/2019,0:00,299.267
11/21/2019,6:00,295.445
11/21/2019,12:00,294.475
11/21/2019,18:00,301.087
11/22/2019,0:00,298.286
11/22/2019,6:00,295.934
11/22/2019,12:00,295.605
11/22/2019,18:00,295.287
11/23/2019,0:00,293.825
11/23/2019,6:00,291.562
11/23/2019,12:00,291.333
11/23/2019,18:00,293.622
11/24/2019,0:00,291.654
11/24/2019,6:00,286.322
11/24/2019,12:00,285.715
11/24/2019,18:00,291.277
11/25/2019,0:00,292.206
11/25/2019,6:00,287.667
11/25/2019,12:00,287.209
11/25/2019,18:00,294.514
11/26/2019,0:00,297.319
11/26/2019,6:00,291.295
11/26/2019,12:00,290.371
11/26/2019,18:00,291.889
11/27/2019,0:00,292.909
11/27/2019,6:00,290.961
11/27/2019,12:00,291.673
11/27/2019,18:00,295.001
11/28/2019,0:00,291.162
11/28/2019,6:00,287.418
11/28/2019,12:00,287.034
11/28/2019,18:00,294.146
11/29/2019,0:00,291.014
11/29/2019,6:00,286.633
11/29/2019,12:00,286.057
11/29/2019,18:00,294.549
11/30/2019,0:00,297.605
11/30/2019,6:00,294.876
11/30/2019,12:00,294.387
11/30/2019,18:00,299.501
12/1/2019,0:00,297.297
12/1/2019,6:00,292.835
12/1/2019,12:00,291.607
12/1/2019,18:00,294.915
12/2/2019,0:00,291.067
12/2/2019,6:00,286.191
12/2/2019,12:00,284.391
12/2/2019,18:00,291.753
12/3/2019,0:00,290.484
12/3/2019,6:00,286.198
12/3/2019,12:00,284.852
12/3/2019,18:00,293.033
12/4/2019,0:00,293.634
12/4/2019,6:00,289.719
12/4/2019,12:00,287.732
12/4/2019,18:00,295.642
12/5/2019,0:00,295.32
12/5/2019,6:00,288.825
12/5/2019,12:00,287.957
12/5/2019,18:00,293.491
12/6/2019,0:00,290.082
12/6/2019,6:00,285.88
12/6/2019,12:00,285.623
12/6/2019,18:00,294.245
12/7/2019,0:00,293.075
12/7/2019,6:00,289.621
12/7/2019,12:00,289.157
12/7/2019,18:00,295.958
12/8/2019,0:00,294.607
12/8/2019,6:00,290.231
12/8/2019,12:00,289.042
12/8/2019,18:00,296.645
12/9/2019,0:00,297.215
12/9/2019,6:00,292.548
12/9/2019,12:00,291.358
12/9/2019,18:00,299.464
12/10/2019,0:00,297.167
12/10/2019,6:00,293.215
12/10/2019,12:00,292.803
12/10/2019,18:00,300.128
12/11/2019,0:00,297.327
12/11/2019,6:00,294.629
12/11/2019,12:00,293.72
12/11/2019,18:00,301.544
12/12/2019,0:00,299.408
12/12/2019,6:00,295.558
12/12/2019,12:00,294.733
12/12/2019,18:00,299.468
12/13/2019,0:00,295.873
12/13/2019,6:00,289.268
12/13/2019,12:00,288.591
12/13/2019,18:00,293.827
12/14/2019,0:00,293.345
12/14/2019,6:00,290.036
12/14/2019,12:00,290.131
12/14/2019,18:00,293.794
12/15/2019,0:00,297.346
12/15/2019,6:00,293.741
12/15/2019,12:00,293.685
12/15/2019,18:00,290.87
12/16/2019,0:00,293.116
12/16/2019,6:00,290.137
12/16/2019,12:00,289.165
12/16/2019,18:00,295.156
12/17/2019,0:00,293.774
12/17/2019,6:00,289.944
12/17/2019,12:00,288.744
12/17/2019,18:00,296.872
12/18/2019,0:00,294.694
12/18/2019,6:00,290.366
12/18/2019,12:00,288.425
12/18/2019,18:00,296.204
12/19/2019,0:00,295.585
12/19/2019,6:00,292.614
12/19/2019,12:00,290.869
12/19/2019,18:00,299.76
12/20/2019,0:00,298.67
12/20/2019,6:00,295.705
12/20/2019,12:00,294.566
12/20/2019,18:00,301.847
12/21/2019,0:00,301.251
12/21/2019,6:00,292.738
12/21/2019,12:00,292.594
12/21/2019,18:00,295.411
12/22/2019,0:00,291.788
12/22/2019,6:00,286.813
12/22/2019,12:00,286.047
12/22/2019,18:00,293.135
12/23/2019,0:00,291.45
12/23/2019,6:00,287.374
12/23/2019,12:00,285.882
12/23/2019,18:00,294.288
12/24/2019,0:00,293.91
12/24/2019,6:00,289.349
12/24/2019,12:00,288.628
12/24/2019,18:00,297.205
12/25/2019,0:00,297.17
12/25/2019,6:00,291.86
12/25/2019,12:00,290.47
12/25/2019,18:00,300.22
12/26/2019,0:00,301.529
12/26/2019,6:00,296.948
12/26/2019,12:00,296.767
12/26/2019,18:00,303.124
12/27/2019,0:00,295.656
12/27/2019,6:00,294.347
12/27/2019,12:00,294.486
12/27/2019,18:00,303.872
12/28/2019,0:00,302.831
12/28/2019,6:00,298.785
12/28/2019,12:00,297.98
12/28/2019,18:00,305.146
12/29/2019,0:00,303.324
12/29/2019,6:00,297.238
12/29/2019,12:00,296.622
12/29/2019,18:00,304.798
12/30/2019,0:00,300.529
12/30/2019,6:00,299.454
12/30/2019,12:00,297.391
12/30/2019,18:00,304.682
12/31/2019,0:00,303.969
12/31/2019,6:00,298.651
12/31/2019,12:00,299.173
12/31/2019,18:00,306.305
1/1/2020,0:00,300.968
1/1/2020,6:00,295.756
1/1/2020,12:00,293.754
1/1/2020,18:00,299.094
1/2/2020,0:00,297.624
1/2/2020,6:00,293.208
1/2/2020,12:00,291.345
1/2/2020,18:00,297.049
1/3/2020,0:00,297.934
1/3/2020,6:00,290.916
1/3/2020,12:00,289.39
1/3/2020,18:00,296.873
1/4/2020,0:00,297.078
1/4/2020,6:00,291.491
1/4/2020,12:00,290.303
1/4/2020,18:00,297.283
1/5/2020,0:00,298.025
1/5/2020,6:00,293.422
1/5/2020,12:00,291.642
1/5/2020,18:00,299.692
1/6/2020,0:00,300.227
1/6/2020,6:00,295.693
1/6/2020,12:00,294.574
1/6/2020,18:00,303.049
1/7/2020,0:00,295.44
1/7/2020,6:00,294.278
1/7/2020,12:00,291.717
1/7/2020,18:00,298.758
1/8/2020,0:00,296.769
1/8/2020,6:00,291.052
1/8/2020,12:00,289.309
1/8/2020,18:00,299.418
1/9/2020,0:00,299.148
1/9/2020,6:00,295.759
1/9/2020,12:00,295.031
1/9/2020,18:00,304.549
1/10/2020,0:00,300.213
1/10/2020,6:00,298.556
1/10/2020,12:00,296.48
1/10/2020,18:00,302.355
1/11/2020,0:00,297.513
1/11/2020,6:00,296.753
1/11/2020,12:00,295.845
1/11/2020,18:00,300.546
1/12/2020,0:00,302.356
1/12/2020,6:00,297.244
1/12/2020,12:00,294.66
1/12/2020,18:00,302.36
1/13/2020,0:00,302.288
1/13/2020,6:00,297.58
1/13/2020,12:00,293.798
1/13/2020,18:00,301.367
1/14/2020,0:00,304.002
1/14/2020,6:00,296.454
1/14/2020,12:00,293.97
1/14/2020,18:00,300.984
1/15/2020,0:00,299.151
1/15/2020,6:00,298.184
1/15/2020,12:00,296.823
1/15/2020,18:00,303.169
1/16/2020,0:00,294.595
1/16/2020,6:00,295.098
1/16/2020,12:00,290.485
1/16/2020,18:00,291.841
1/17/2020,0:00,294.347
1/17/2020,6:00,289.241
1/17/2020,12:00,287.396
1/17/2020,18:00,293.719
1/18/2020,0:00,294.475
1/18/2020,6:00,290.984
1/18/2020,12:00,289.326
1/18/2020,18:00,294.896
1/19/2020,0:00,299.732
1/19/2020,6:00,295.863
1/19/2020,12:00,295.868
1/19/2020,18:00,297.3
1/20/2020,0:00,301.903
1/20/2020,6:00,299.302
1/20/2020,12:00,297.851
1/20/2020,18:00,302.447
1/21/2020,0:00,298.769
1/21/2020,6:00,297.746
1/21/2020,12:00,295.68
1/21/2020,18:00,296.155
1/22/2020,0:00,294.698
1/22/2020,6:00,294.604
1/22/2020,12:00,293.949
1/22/2020,18:00,293.422
1/23/2020,0:00,292.235
1/23/2020,6:00,290.571
1/23/2020,12:00,290.795
1/23/2020,18:00,295.441
1/24/2020,0:00,297.135
1/24/2020,6:00,292.058
1/24/2020,12:00,289.529
1/24/2020,18:00,295.529
1/25/2020,0:00,296.765
1/25/2020,6:00,292.717
1/25/2020,12:00,291.224
1/25/2020,18:00,298.023
1/26/2020,0:00,298.047
1/26/2020,6:00,294.627
1/26/2020,12:00,294.168
1/26/2020,18:00,299.404
1/27/2020,0:00,299.888
1/27/2020,6:00,296.398
1/27/2020,12:00,294.844
1/27/2020,18:00,301.046
1/28/2020,0:00,300.478
1/28/2020,6:00,294.908
1/28/2020,12:00,292.598
1/28/2020,18:00,296.774
1/29/2020,0:00,300.008
1/29/2020,6:00,297.999
1/29/2020,12:00,295.853
1/29/2020,18:00,299.41
1/30/2020,0:00,298.973
1/30/2020,6:00,296.326
1/30/2020,12:00,293.726
1/30/2020,18:00,295.604
1/31/2020,0:00,296.442
1/31/2020,6:00,291.463
1/31/2020,12:00,290.672
1/31/2020,18:00,296.749
2/1/2020,0:00,296.789
2/1/2020,6:00,293.132
2/1/2020,12:00,290.865
2/1/2020,18:00,299.062
2/2/2020,0:00,298.807
2/2/2020,6:00,294.856
2/2/2020,12:00,292.662
2/2/2020,18:00,300.273
2/3/2020,0:00,300.738
2/3/2020,6:00,295.339
2/3/2020,12:00,292.727
2/3/2020,18:00,299.434
2/4/2020,0:00,301.087
2/4/2020,6:00,297.012
2/4/2020,12:00,294.623
2/4/2020,18:00,300.839
2/5/2020,0:00,303.815
2/5/2020,6:00,296.961
2/5/2020,12:00,294.768
2/5/2020,18:00,302.112
2/6/2020,0:00,302.893
2/6/2020,6:00,296.88
2/6/2020,12:00,295.687
2/6/2020,18:00,302.273
2/7/2020,0:00,302.978
2/7/2020,6:00,297.772
2/7/2020,12:00,295.447
2/7/2020,18:00,302.843
2/8/2020,0:00,304.038
2/8/2020,6:00,298.256
2/8/2020,12:00,296.923
2/8/2020,18:00,303.235
2/9/2020,0:00,300.316
2/9/2020,6:00,295.039
2/9/2020,12:00,293.168
2/9/2020,18:00,297.064
2/10/2020,0:00,299.169
2/10/2020,6:00,292.468
2/10/2020,12:00,290.052
2/10/2020,18:00,295.052
2/11/2020,0:00,296.545
2/11/2020,6:00,291.713
2/11/2020,12:00,288.831
2/11/2020,18:00,295.729
2/12/2020,0:00,296.705
2/12/2020,6:00,291.943
2/12/2020,12:00,289.33
2/12/2020,18:00,296.333
2/13/2020,0:00,299.531
2/13/2020,6:00,294.937
2/13/2020,12:00,291.97
2/13/2020,18:00,299.106
2/14/2020,0:00,300.791
2/14/2020,6:00,297.172
2/14/2020,12:00,296.603
2/14/2020,18:00,295.251
2/15/2020,0:00,295.162
2/15/2020,6:00,293.701
2/15/2020,12:00,294.15
2/15/2020,18:00,298.628
2/16/2020,0:00,300.564
2/16/2020,6:00,296.913
2/16/2020,12:00,295.979
2/16/2020,18:00,301.22
2/17/2020,0:00,298.837
2/17/2020,6:00,296.775
2/17/2020,12:00,295.622
2/17/2020,18:00,296.66
2/18/2020,0:00,300.504
2/18/2020,6:00,298.771
2/18/2020,12:00,296.678
2/18/2020,18:00,294.885
2/19/2020,0:00,295.524
2/19/2020,6:00,290.979
2/19/2020,12:00,289.03
2/19/2020,18:00,294.395
2/20/2020,0:00,295.437
2/20/2020,6:00,291.881
2/20/2020,12:00,291.445
2/20/2020,18:00,297.531
2/21/2020,0:00,293.05
2/21/2020,6:00,287.595
2/21/2020,12:00,285.277
2/21/2020,18:00,291.859
2/22/2020,0:00,290.206
2/22/2020,6:00,285.089
2/22/2020,12:00,283.105
2/22/2020,18:00,289.191
2/23/2020,0:00,290.046
2/23/2020,6:00,287.384
2/23/2020,12:00,285.324
2/23/2020,18:00,291.944
2/24/2020,0:00,293.72
2/24/2020,6:00,290.281
2/24/2020,12:00,287.603
2/24/2020,18:00,294.112
2/25/2020,0:00,296.179
2/25/2020,6:00,294.889
2/25/2020,12:00,294.778
2/25/2020,18:00,299
2/26/2020,0:00,296.502
2/26/2020,6:00,291.317
2/26/2020,12:00,287.474
2/26/2020,18:00,293.478
2/27/2020,0:00,293.597
2/27/2020,6:00,290.137
2/27/2020,12:00,287.783
2/27/2020,18:00,294.393
2/28/2020,0:00,295.009
2/28/2020,6:00,291.07
2/28/2020,12:00,289.907
2/28/2020,18:00,296.744
2/29/2020,0:00,296.787
2/29/2020,6:00,292.446
2/29/2020,12:00,290.725
2/29/2020,18:00,296.992
3/1/2020,0:00,298.141
3/1/2020,6:00,291.938
3/1/2020,12:00,290.06
3/1/2020,18:00,297.626
3/2/2020,0:00,297.545
3/2/2020,6:00,292.564
3/2/2020,12:00,288.816
3/2/2020,18:00,295.891
3/3/2020,0:00,297.773
3/3/2020,6:00,293.366
3/3/2020,12:00,289.854
3/3/2020,18:00,296.462
3/4/2020,0:00,298.225
3/4/2020,6:00,292.291
3/4/2020,12:00,290.175
3/4/2020,18:00,297.251
3/5/2020,0:00,297.602
3/5/2020,6:00,292.985
3/5/2020,12:00,289.361
3/5/2020,18:00,295.26
3/6/2020,0:00,296.321
3/6/2020,6:00,291.475
3/6/2020,12:00,288.321
3/6/2020,18:00,295.023
3/7/2020,0:00,299.506
3/7/2020,6:00,293.754
3/7/2020,12:00,290.863
3/7/2020,18:00,296.58
3/8/2020,0:00,299.153
3/8/2020,6:00,293.048
3/8/2020,12:00,292.256
3/8/2020,18:00,299.615
3/9/2020,0:00,300.811
3/9/2020,6:00,295.503
3/9/2020,12:00,294.034
3/9/2020,18:00,301.618
3/10/2020,0:00,301.773
3/10/2020,6:00,296.688
3/10/2020,12:00,295.176
3/10/2020,18:00,301.367
3/11/2020,0:00,302.603
3/11/2020,6:00,295.774
3/11/2020,12:00,293.506
3/11/2020,18:00,299.091
3/12/2020,0:00,302.67
3/12/2020,6:00,298.53
3/12/2020,12:00,296.045
3/12/2020,18:00,303.359
3/13/2020,0:00,302.852
3/13/2020,6:00,297.436
3/13/2020,12:00,296.234
3/13/2020,18:00,304.004
3/14/2020,0:00,302.753
3/14/2020,6:00,297.812
3/14/2020,12:00,296.722
3/14/2020,18:00,304.428
3/15/2020,0:00,301.074
3/15/2020,6:00,297.382
3/15/2020,12:00,295.22
3/15/2020,18:00,297.304
3/16/2020,0:00,296.71
3/16/2020,6:00,293.491
3/16/2020,12:00,292.842
3/16/2020,18:00,295.653
3/17/2020,0:00,297.718
3/17/2020,6:00,292.861
3/17/2020,12:00,290.869
3/17/2020,18:00,295.174
3/18/2020,0:00,299.763
3/18/2020,6:00,295.986
3/18/2020,12:00,293.382
3/18/2020,18:00,294.5
3/19/2020,0:00,297.185
3/19/2020,6:00,293.206
3/19/2020,12:00,291.338
3/19/2020,18:00,296.1
3/20/2020,0:00,293.8
3/20/2020,6:00,289.515
3/20/2020,12:00,287.2
3/20/2020,18:00,292.8
3/21/2020,0:00,293.1
3/21/2020,6:00,289.651
3/21/2020,12:00,288.3
3/21/2020,18:00,294.3
3/22/2020,0:00,295.348
3/22/2020,6:00,290.831
3/22/2020,12:00,288.319
3/22/2020,18:00,295.512
3/23/2020,0:00,295.9
3/23/2020,6:00,291.454
3/23/2020,12:00,290.2
3/23/2020,18:00,295.494
3/24/2020,0:00,296.819
3/24/2020,6:00,293.747
3/24/2020,12:00,291.411
3/24/2020,18:00,298.545
3/25/2020,0:00,299.463
3/25/2020,6:00,294.565
3/25/2020,12:00,292.452
3/25/2020,18:00,298.181
3/26/2020,0:00,299.541
3/26/2020,6:00,295.543
3/26/2020,12:00,292.945
3/26/2020,18:00,298.984
3/27/2020,0:00,298.4
3/27/2020,6:00,294.621
3/27/2020,12:00,291.296
3/27/2020,18:00,297.084
3/28/2020,0:00,300.617
3/28/2020,6:00,297.096
3/28/2020,12:00,293.502
3/28/2020,18:00,300.516
3/29/2020,0:00,294.127
3/29/2020,6:00,292.567
3/29/2020,12:00,292.327
3/29/2020,18:00,295.296
3/30/2020,0:00,297.952
3/30/2020,6:00,293.94
3/30/2020,12:00,292.784
3/30/2020,18:00,297.409
3/31/2020,0:00,297.728
3/31/2020,6:00,294.59
3/31/2020,12:00,292.564
3/31/2020,18:00,298.11
4/1/2020,0:00,299.421
4/1/2020,6:00,294.528
4/1/2020,12:00,293.349
4/1/2020,18:00,297.086
4/2/2020,0:00,299.451
4/2/2020,6:00,294.586
4/2/2020,12:00,293.965
4/2/2020,18:00,295.516
4/3/2020,0:00,290.621
4/3/2020,6:00,286.076
4/3/2020,12:00,284.567
4/3/2020,18:00,289.004
4/4/2020,0:00,289.709
4/4/2020,6:00,286.802
4/4/2020,12:00,285.696
4/4/2020,18:00,290.503
4/5/2020,0:00,291.488
4/5/2020,6:00,288.378
4/5/2020,12:00,286.927
4/5/2020,18:00,292.4
4/6/2020,0:00,295.918
4/6/2020,6:00,291.07
4/6/2020,12:00,290.787
4/6/2020,18:00,293.205
4/7/2020,0:00,291.716
4/7/2020,6:00,284.08
4/7/2020,12:00,282.065
4/7/2020,18:00,287.142
4/8/2020,0:00,286.077
4/8/2020,6:00,282.533
4/8/2020,12:00,280.149
4/8/2020,18:00,285.7
4/9/2020,0:00,286.7
4/9/2020,6:00,282.553
4/9/2020,12:00,280.956
4/9/2020,18:00,286.451
4/10/2020,0:00,288.166
4/10/2020,6:00,284.135
4/10/2020,12:00,283.073
4/10/2020,18:00,287.782
4/11/2020,0:00,288.5
4/11/2020,6:00,285.513
4/11/2020,12:00,284.9
4/11/2020,18:00,289.398
4/12/2020,0:00,290.112
4/12/2020,6:00,285.795
4/12/2020,12:00,285
4/12/2020,18:00,289.732
4/13/2020,0:00,290.262
4/13/2020,6:00,286.65
4/13/2020,12:00,286.015
4/13/2020,18:00,291.058
4/14/2020,0:00,288.839
4/14/2020,6:00,285.459
4/14/2020,12:00,285.445
4/14/2020,18:00,287.102
4/15/2020,0:00,285.405
4/15/2020,6:00,282.362
4/15/2020,12:00,280.795
4/15/2020,18:00,286.773
4/16/2020,0:00,285.615
4/16/2020,6:00,282.771
4/16/2020,12:00,281.14
4/16/2020,18:00,286.317
4/17/2020,0:00,287.215
4/17/2020,6:00,285.096
4/17/2020,12:00,284.562
4/17/2020,18:00,289.077
4/18/2020,0:00,290.101
4/18/2020,6:00,286.222
4/18/2020,12:00,286.058
4/18/2020,18:00,290.124
4/19/2020,0:00,291.466
4/19/2020,6:00,287.747
4/19/2020,12:00,286.223
4/19/2020,18:00,291.45
4/20/2020,0:00,292.842
4/20/2020,6:00,288.843
4/20/2020,12:00,287.679
4/20/2020,18:00,292.92
4/21/2020,0:00,293.442
4/21/2020,6:00,289.6
4/21/2020,12:00,288.29
4/21/2020,18:00,293.862
4/22/2020,0:00,293.779
4/22/2020,6:00,289.884
4/22/2020,12:00,288.341
4/22/2020,18:00,293.686
4/23/2020,0:00,293.96
4/23/2020,6:00,289.998
4/23/2020,12:00,288.272
4/23/2020,18:00,293.711
4/24/2020,0:00,293.945
4/24/2020,6:00,289.887
4/24/2020,12:00,288.872
4/24/2020,18:00,294.835
4/25/2020,0:00,294.676
4/25/2020,6:00,290.47
4/25/2020,12:00,288.819
4/25/2020,18:00,293.966
4/26/2020,0:00,296.131
4/26/2020,6:00,293.436
4/26/2020,12:00,289.75
4/26/2020,18:00,291.987
4/27/2020,0:00,295.231
4/27/2020,6:00,292.385
4/27/2020,12:00,291.319
4/27/2020,18:00,293.767
4/28/2020,0:00,296.833
4/28/2020,6:00,292.981
4/28/2020,12:00,292.784
4/28/2020,18:00,297.031
4/29/2020,0:00,296.801
4/29/2020,6:00,292.514
4/29/2020,12:00,288.861
4/29/2020,18:00,290.875
4/30/2020,0:00,289.044
4/30/2020,6:00,285.09
4/30/2020,12:00,284.573
4/30/2020,18:00,288.439
5/1/2020,0:00,289.326
5/1/2020,6:00,287.015
5/1/2020,12:00,286.289
5/1/2020,18:00,287.859
5/2/2020,0:00,288.296
5/2/2020,6:00,284.992
5/2/2020,12:00,283.31
5/2/2020,18:00,287.213
5/3/2020,0:00,286.25
5/3/2020,6:00,283.418
5/3/2020,12:00,282.917
5/3/2020,18:00,286.93
5/4/2020,0:00,287.834
5/4/2020,6:00,286.077
5/4/2020,12:00,286.663
5/4/2020,18:00,289.912
5/5/2020,0:00,287.962
5/5/2020,6:00,287.858
5/5/2020,12:00,287.503
5/5/2020,18:00,290.124
5/6/2020,0:00,286.878
5/6/2020,6:00,283.022
5/6/2020,12:00,280.454
5/6/2020,18:00,283.6
5/7/2020,0:00,282.613
5/7/2020,6:00,279.523
5/7/2020,12:00,278.5
5/7/2020,18:00,283.1
5/8/2020,0:00,282.615
5/8/2020,6:00,280.457
5/8/2020,12:00,279.815
5/8/2020,18:00,284.328
5/9/2020,0:00,284.783
5/9/2020,6:00,281.865
5/9/2020,12:00,280.715
5/9/2020,18:00,285.584
5/10/2020,0:00,286.8
5/10/2020,6:00,285.165
5/10/2020,12:00,284.8
5/10/2020,18:00,289.5
5/11/2020,0:00,291.5
5/11/2020,6:00,291.35
5/11/2020,12:00,291.6
5/11/2020,18:00,294.3
5/12/2020,0:00,293.359
5/12/2020,6:00,292.275
5/12/2020,12:00,292.45
5/12/2020,18:00,292.386
5/13/2020,0:00,291.277
5/13/2020,6:00,290.411
5/13/2020,12:00,289.217
5/13/2020,18:00,289.391
5/14/2020,0:00,285.961
5/14/2020,6:00,282.711
5/14/2020,12:00,281.108
5/14/2020,18:00,284.398
5/15/2020,0:00,283.062
5/15/2020,6:00,280.56
5/15/2020,12:00,279.834
5/15/2020,18:00,284
5/16/2020,0:00,284.31
5/16/2020,6:00,282.768
5/16/2020,12:00,281.9
5/16/2020,18:00,285.232
5/17/2020,0:00,286.744
5/17/2020,6:00,284.395
5/17/2020,12:00,283.4
5/17/2020,18:00,287.1
5/18/2020,0:00,288.306
5/18/2020,6:00,285.914
5/18/2020,12:00,285.2
5/18/2020,18:00,288.6
5/19/2020,0:00,289.4
5/19/2020,6:00,286.984
5/19/2020,12:00,286.4
5/19/2020,18:00,290.428
5/20/2020,0:00,290.9
5/20/2020,6:00,288.925
5/20/2020,12:00,288.94
5/20/2020,18:00,292.9
5/21/2020,0:00,294.161
5/21/2020,6:00,292.542
5/21/2020,12:00,292.067
5/21/2020,18:00,293.39
5/22/2020,0:00,293.722
5/22/2020,6:00,292.753
5/22/2020,12:00,290.184
5/22/2020,18:00,290.154
5/23/2020,0:00,285.909
5/23/2020,6:00,284.567
5/23/2020,12:00,284.215
5/23/2020,18:00,285.508
5/24/2020,0:00,286.005
5/24/2020,6:00,282.569
5/24/2020,12:00,280.9
5/24/2020,18:00,283.572
5/25/2020,0:00,283.216
5/25/2020,6:00,282.037
5/25/2020,12:00,280.8
5/25/2020,18:00,283.599
5/26/2020,0:00,285.413
5/26/2020,6:00,282.221
5/26/2020,12:00,280.649
5/26/2020,18:00,283.577
5/27/2020,0:00,284.085
5/27/2020,6:00,282.421
5/27/2020,12:00,281.958
5/27/2020,18:00,285.078
5/28/2020,0:00,285.974
5/28/2020,6:00,284.316
5/28/2020,12:00,283.607
5/28/2020,18:00,286.6
5/29/2020,0:00,288.4
5/29/2020,6:00,286.258
5/29/2020,12:00,285.101
5/29/2020,18:00,287.901
5/30/2020,0:00,288.8
5/30/2020,6:00,286.916
5/30/2020,12:00,285.4
5/30/2020,18:00,287.794
5/31/2020,0:00,289.894
5/31/2020,6:00,288.351
5/31/2020,12:00,283.545
5/31/2020,18:00,283.618
6/1/2020,0:00,281.873
6/1/2020,6:00,279.633
6/1/2020,12:00,278.282
6/1/2020,18:00,281.167
6/2/2020,0:00,282.577
6/2/2020,6:00,278.919
6/2/2020,12:00,277.429
6/2/2020,18:00,280.609
6/3/2020,0:00,281.527
6/3/2020,6:00,279.858
6/3/2020,12:00,279.066
6/3/2020,18:00,282.005
6/4/2020,0:00,283.4
6/4/2020,6:00,282.382
6/4/2020,12:00,282.188
6/4/2020,18:00,285.22
6/5/2020,0:00,287.071
6/5/2020,6:00,288.19
6/5/2020,12:00,288.4
6/5/2020,18:00,289.318
6/6/2020,0:00,286.405
6/6/2020,6:00,284.315
6/6/2020,12:00,284.236
6/6/2020,18:00,284.394
6/7/2020,0:00,287.791
6/7/2020,6:00,285.9
6/7/2020,12:00,285.7
6/7/2020,18:00,285.9
6/8/2020,0:00,286.142
6/8/2020,6:00,283.972
6/8/2020,12:00,283.261
6/8/2020,18:00,285.734
6/9/2020,0:00,287.323
6/9/2020,6:00,286.654
6/9/2020,12:00,285.2
6/9/2020,18:00,286.981
6/10/2020,0:00,286.681
6/10/2020,6:00,285.759
6/10/2020,12:00,286.2
6/10/2020,18:00,288.4
6/11/2020,0:00,289.105
6/11/2020,6:00,288.354
6/11/2020,12:00,286.912
6/11/2020,18:00,289.6
6/12/2020,0:00,292.803
6/12/2020,6:00,292.096
6/12/2020,12:00,293.7
6/12/2020,18:00,294.275
6/13/2020,0:00,293.6
6/13/2020,6:00,290.804
6/13/2020,12:00,283.701
6/13/2020,18:00,284.166
6/14/2020,0:00,280.946
6/14/2020,6:00,278.14
6/14/2020,12:00,276.7
6/14/2020,18:00,279
6/15/2020,0:00,280.3
6/15/2020,6:00,279.6
6/15/2020,12:00,278.9
6/15/2020,18:00,281.7
6/16/2020,0:00,287.1
6/16/2020,6:00,287.1
6/16/2020,12:00,287.647
6/16/2020,18:00,291.2
6/17/2020,0:00,292.871
6/17/2020,6:00,291.31
6/17/2020,12:00,290.6
6/17/2020,18:00,292.3
6/18/2020,0:00,293.7
6/18/2020,6:00,293.298
6/18/2020,12:00,293.4
6/18/2020,18:00,293.55
6/19/2020,0:00,288.506
6/19/2020,6:00,287.525
6/19/2020,12:00,287.461
6/19/2020,18:00,291.578
6/20/2020,0:00,294.022
6/20/2020,6:00,293.489
6/20/2020,12:00,292.995
6/20/2020,18:00,294.752
6/21/2020,0:00,294.257
6/21/2020,6:00,293.319
6/21/2020,12:00,293.375
6/21/2020,18:00,293.669
6/22/2020,0:00,293.778
6/22/2020,6:00,291.62
6/22/2020,12:00,290.2
6/22/2020,18:00,291.2
6/23/2020,0:00,293.676
6/23/2020,6:00,292.847
6/23/2020,12:00,292.979
6/23/2020,18:00,294.142
6/24/2020,0:00,293.321
6/24/2020,6:00,292.287
6/24/2020,12:00,293.283
6/24/2020,18:00,293.194
6/25/2020,0:00,294.105
6/25/2020,6:00,291.596
6/25/2020,12:00,287.002
6/25/2020,18:00,284
6/26/2020,0:00,281.97
6/26/2020,6:00,279.28
6/26/2020,12:00,277.8
6/26/2020,18:00,279.9
6/27/2020,0:00,280.938
6/27/2020,6:00,279.085
6/27/2020,12:00,278
6/27/2020,18:00,280.396
6/28/2020,0:00,280.434
6/28/2020,6:00,278.626
6/28/2020,12:00,277.81
6/28/2020,18:00,280.299
6/29/2020,0:00,282.581
6/29/2020,6:00,281.764
6/29/2020,12:00,281.6
6/29/2020,18:00,283.3
6/30/2020,0:00,285.921
6/30/2020,6:00,286.159
6/30/2020,12:00,287.276
6/30/2020,18:00,287.4
7/1/2020,0:00,284.291
7/1/2020,6:00,283.131
7/1/2020,12:00,282.397
7/1/2020,18:00,283.2
7/2/2020,0:00,281.528
7/2/2020,6:00,279.391
7/2/2020,12:00,277.3
7/2/2020,18:00,279.1
7/3/2020,0:00,278.818
7/3/2020,6:00,276.899
7/3/2020,12:00,275.937
7/3/2020,18:00,278.805
7/4/2020,0:00,279.6
7/4/2020,6:00,277.8
7/4/2020,12:00,277.6
7/4/2020,18:00,280.708
7/5/2020,0:00,285.392
7/5/2020,6:00,284.863
7/5/2020,12:00,285
7/5/2020,18:00,287.6
7/6/2020,0:00,287.501
7/6/2020,6:00,282.728
7/6/2020,12:00,281.6
7/6/2020,18:00,282.828
7/7/2020,0:00,282.632
7/7/2020,6:00,282.114
7/7/2020,12:00,282.101
7/7/2020,18:00,282.3
7/8/2020,0:00,283.075
7/8/2020,6:00,282.2
7/8/2020,12:00,281.668
7/8/2020,18:00,281.711
7/9/2020,0:00,282.8
7/9/2020,6:00,279.701
7/9/2020,12:00,277.9
7/9/2020,18:00,280.236
7/10/2020,0:00,281
7/10/2020,6:00,279.406
7/10/2020,12:00,278.859
7/10/2020,18:00,281.467
7/11/2020,0:00,287.3
7/11/2020,6:00,286.902
7/11/2020,12:00,286.08
7/11/2020,18:00,287.008
7/12/2020,0:00,284.9
7/12/2020,6:00,285.514
7/12/2020,12:00,286.7
7/12/2020,18:00,287.921
7/13/2020,0:00,283.602
7/13/2020,6:00,280.929
7/13/2020,12:00,279.5
7/13/2020,18:00,281
7/14/2020,0:00,280.8
7/14/2020,6:00,277.258
7/14/2020,12:00,274.962
7/14/2020,18:00,277.705
7/15/2020,0:00,278.013
7/15/2020,6:00,275.718
7/15/2020,12:00,274.623
7/15/2020,18:00,277.558
7/16/2020,0:00,280.963
7/16/2020,6:00,281.455
7/16/2020,12:00,281.2
7/16/2020,18:00,279.9
7/17/2020,0:00,281.84
7/17/2020,6:00,281.572
7/17/2020,12:00,282.3
7/17/2020,18:00,284.5
7/18/2020,0:00,289.018
7/18/2020,6:00,289.223
7/18/2020,12:00,290.445
7/18/2020,18:00,292.2
7/19/2020,0:00,293.1
7/19/2020,6:00,292.181
7/19/2020,12:00,290.848
7/19/2020,18:00,292.677
7/20/2020,0:00,293.008
7/20/2020,6:00,291.231
7/20/2020,12:00,291.167
7/20/2020,18:00,292.63
7/21/2020,0:00,292.907
7/21/2020,6:00,292.083
7/21/2020,12:00,290.695
7/21/2020,18:00,292.26
7/22/2020,0:00,292.773
7/22/2020,6:00,293.28
7/22/2020,12:00,291.7
7/22/2020,18:00,293
7/23/2020,0:00,293.326
7/23/2020,6:00,293.498
7/23/2020,12:00,291.933
7/23/2020,18:00,293.448
7/24/2020,0:00,291.512
7/24/2020,6:00,287.683
7/24/2020,12:00,284.525
7/24/2020,18:00,283.1
7/25/2020,0:00,281.3
7/25/2020,6:00,280.617
7/25/2020,12:00,277.873
7/25/2020,18:00,279.913
7/26/2020,0:00,280.739
7/26/2020,6:00,279.055
7/26/2020,12:00,277.9
7/26/2020,18:00,280.855
7/27/2020,0:00,282.528
7/27/2020,6:00,282.7
7/27/2020,12:00,285.2
7/27/2020,18:00,286.491
7/28/2020,0:00,286.201
7/28/2020,6:00,284.833
7/28/2020,12:00,278.5
7/28/2020,18:00,280
7/29/2020,0:00,278.579
7/29/2020,6:00,276.326
7/29/2020,12:00,274.935
7/29/2020,18:00,277.939
7/30/2020,0:00,278.5
7/30/2020,6:00,276.439
7/30/2020,12:00,275.4
7/30/2020,18:00,278.308
7/31/2020,0:00,281.903
7/31/2020,6:00,280.844
7/31/2020,12:00,280.803
7/31/2020,18:00,284.754
8/1/2020,0:00,287.1
8/1/2020,6:00,286.565
8/1/2020,12:00,286.7
8/1/2020,18:00,289.399
8/2/2020,0:00,291.3
8/2/2020,6:00,289.701
8/2/2020,12:00,288.7
8/2/2020,18:00,291.3
8/3/2020,0:00,292.413
8/3/2020,6:00,290.022
8/3/2020,12:00,288.822
8/3/2020,18:00,291.7
8/4/2020,0:00,291.4
8/4/2020,6:00,288.9
8/4/2020,12:00,287.248
8/4/2020,18:00,290.155
8/5/2020,0:00,291.5
8/5/2020,6:00,289.24
8/5/2020,12:00,288.122
8/5/2020,18:00,290.735
8/6/2020,0:00,291.057
8/6/2020,6:00,288.534
8/6/2020,12:00,287.579
8/6/2020,18:00,290.655
8/7/2020,0:00,292
8/7/2020,6:00,289.447
8/7/2020,12:00,288.2
8/7/2020,18:00,291.079
8/8/2020,0:00,292.219
8/8/2020,6:00,289.369
8/8/2020,12:00,288.38
8/8/2020,18:00,290.8
8/9/2020,0:00,291.084
8/9/2020,6:00,288.7
8/9/2020,12:00,287.6
8/9/2020,18:00,290.4
8/10/2020,0:00,291.5
8/10/2020,6:00,289.115
8/10/2020,12:00,288.1
8/10/2020,18:00,290.8
8/11/2020,0:00,294
8/11/2020,6:00,285.8
8/11/2020,12:00,282.3
8/11/2020,18:00,282.266
8/12/2020,0:00,281.052
8/12/2020,6:00,279.4
8/12/2020,12:00,277.993
8/12/2020,18:00,280.5
8/13/2020,0:00,284.054
8/13/2020,6:00,282.2
8/13/2020,12:00,282.7
8/13/2020,18:00,283.908
8/14/2020,0:00,287.7
8/14/2020,6:00,284.8
8/14/2020,12:00,283.922
8/14/2020,18:00,286.8
8/15/2020,0:00,287.2
8/15/2020,6:00,285.452
8/15/2020,12:00,284.329
8/15/2020,18:00,287.2
8/16/2020,0:00,283.172
8/16/2020,6:00,279.945
8/16/2020,12:00,278.545
8/16/2020,18:00,282.345
8/17/2020,0:00,282.9
8/17/2020,6:00,280.4
8/17/2020,12:00,278.758
8/17/2020,18:00,282.8
8/18/2020,0:00,283.708
8/18/2020,6:00,281.308
8/18/2020,12:00,280.3
8/18/2020,18:00,284.049
8/19/2020,0:00,287.608
8/19/2020,6:00,284.261
8/19/2020,12:00,281.4
8/19/2020,18:00,284.474
8/20/2020,0:00,280.412
8/20/2020,6:00,277.8
8/20/2020,12:00,275.552
8/20/2020,18:00,279.2
8/21/2020,0:00,277.861
8/21/2020,6:00,275.333
8/21/2020,12:00,274.8
8/21/2020,18:00,279.3
8/22/2020,0:00,279.857
8/22/2020,6:00,277.501
8/22/2020,12:00,276.5
8/22/2020,18:00,281.1
8/23/2020,0:00,282
8/23/2020,6:00,279.506
8/23/2020,12:00,278.8
8/23/2020,18:00,283.701
8/24/2020,0:00,286.3
8/24/2020,6:00,284.7
8/24/2020,12:00,284.815
8/24/2020,18:00,288.225
8/25/2020,0:00,290.745
8/25/2020,6:00,289.687
8/25/2020,12:00,289.808
8/25/2020,18:00,292.6
8/26/2020,0:00,293.457
8/26/2020,6:00,292.048
8/26/2020,12:00,291.1
8/26/2020,18:00,294.206
8/27/2020,0:00,295.495
8/27/2020,6:00,293.6
8/27/2020,12:00,292.766
8/27/2020,18:00,293.881
8/28/2020,0:00,294.6
8/28/2020,6:00,292.453
8/28/2020,12:00,290.1
8/28/2020,18:00,291.32
8/29/2020,0:00,292.606
8/29/2020,6:00,292.2
8/29/2020,12:00,291.3
8/29/2020,18:00,294.082
8/30/2020,0:00,292.859
8/30/2020,6:00,286.705
8/30/2020,12:00,285.008
8/30/2020,18:00,282.916
8/31/2020,0:00,284.232
8/31/2020,6:00,282.47
8/31/2020,12:00,281.9
8/31/2020,18:00,283.188
9/1/2020,0:00,284.331
9/1/2020,6:00,282.733
9/1/2020,12:00,281.705
9/1/2020,18:00,283.087
9/2/2020,0:00,286.102
9/2/2020,6:00,286.891
9/2/2020,12:00,288.048
9/2/2020,18:00,289.651
9/3/2020,0:00,286.568
9/3/2020,6:00,282.299
9/3/2020,12:00,281.656
9/3/2020,18:00,284.262
9/4/2020,0:00,285.92
9/4/2020,6:00,282.134
9/4/2020,12:00,280.6
9/4/2020,18:00,284.912
9/5/2020,0:00,284.695
9/5/2020,6:00,283.392
9/5/2020,12:00,284.265
9/5/2020,18:00,287.2
9/6/2020,0:00,287.2
9/6/2020,6:00,287.087
9/6/2020,12:00,287.706
9/6/2020,18:00,287.901
9/7/2020,0:00,287.183
9/7/2020,6:00,284.558
9/7/2020,12:00,283.883
9/7/2020,18:00,286.9
9/8/2020,0:00,286.494
9/8/2020,6:00,284.873
9/8/2020,12:00,285.1
9/8/2020,18:00,287.9
9/9/2020,0:00,288.795
9/9/2020,6:00,287.458
9/9/2020,12:00,288.722
9/9/2020,18:00,292.1
9/10/2020,0:00,290.912
9/10/2020,6:00,288.039
9/10/2020,12:00,286.294
9/10/2020,18:00,290.663
9/11/2020,0:00,289.945
9/11/2020,6:00,288.632
9/11/2020,12:00,288.49
9/11/2020,18:00,293.04
9/12/2020,0:00,292.245
9/12/2020,6:00,290.074
9/12/2020,12:00,289.6
9/12/2020,18:00,290.232
9/13/2020,0:00,291.12
9/13/2020,6:00,290.706
9/13/2020,12:00,290.327
9/13/2020,18:00,291.206
9/14/2020,0:00,292.3
9/14/2020,6:00,287.391
9/14/2020,12:00,283.461
9/14/2020,18:00,285
9/15/2020,0:00,283.025
9/15/2020,6:00,281.532
9/15/2020,12:00,280.422
9/15/2020,18:00,282.912
9/16/2020,0:00,284.992
9/16/2020,6:00,285.193
9/16/2020,12:00,285.3
9/16/2020,18:00,287.6
9/17/2020,0:00,288.225
9/17/2020,6:00,286.1
9/17/2020,12:00,285.6
9/17/2020,18:00,289.9
9/18/2020,0:00,289.4
9/18/2020,6:00,286.982
9/18/2020,12:00,286.4
9/18/2020,18:00,291.1
9/19/2020,0:00,290.451
9/19/2020,6:00,288.252
9/19/2020,12:00,286.482
9/19/2020,18:00,287.271
9/20/2020,0:00,283.4
9/20/2020,6:00,279.478
9/20/2020,12:00,277.732
9/20/2020,18:00,282.701
9/21/2020,0:00,281.907
9/21/2020,6:00,279.164
9/21/2020,12:00,278.34
9/21/2020,18:00,284.661
9/22/2020,0:00,283.267
9/22/2020,6:00,279.893
9/22/2020,12:00,278.511
9/22/2020,18:00,284.095
9/23/2020,0:00,285.539
9/23/2020,6:00,282.792
9/23/2020,12:00,281.821
9/23/2020,18:00,288.529
9/24/2020,0:00,291.899
9/24/2020,6:00,289.822
9/24/2020,12:00,289.239
9/24/2020,18:00,294.968
9/25/2020,0:00,293.323
9/25/2020,6:00,291.275
9/25/2020,12:00,290.173
9/25/2020,18:00,294.512
9/26/2020,0:00,295.57
9/26/2020,6:00,291.662
9/26/2020,12:00,290.616
9/26/2020,18:00,296.319
9/27/2020,0:00,294.84
9/27/2020,6:00,292.218
9/27/2020,12:00,291.154
9/27/2020,18:00,292.546
9/28/2020,0:00,289.48
9/28/2020,6:00,284.243
9/28/2020,12:00,282.333
9/28/2020,18:00,287
9/29/2020,0:00,286.1
9/29/2020,6:00,283.521
9/29/2020,12:00,282.468
9/29/2020,18:00,287.631
9/30/2020,0:00,289.538
9/30/2020,6:00,289.004
9/30/2020,12:00,290.218
9/30/2020,18:00,296.418
10/1/2020,0:00,297.898
10/1/2020,6:00,295.439
10/1/2020,12:00,293.857
10/1/2020,18:00,297.793
10/2/2020,0:00,297.922
10/2/2020,6:00,293.919
10/2/2020,12:00,292.563
10/2/2020,18:00,291.984
10/3/2020,0:00,289.298
10/3/2020,6:00,285.445
10/3/2020,12:00,285.481
10/3/2020,18:00,285.716
10/4/2020,0:00,284.818
10/4/2020,6:00,285.887
10/4/2020,12:00,286.649
10/4/2020,18:00,287.643
10/5/2020,0:00,288.373
10/5/2020,6:00,287.64
10/5/2020,12:00,287.298
10/5/2020,18:00,288.118
10/6/2020,0:00,285.788
10/6/2020,6:00,282.755
10/6/2020,12:00,281.734
10/6/2020,18:00,287.787
10/7/2020,0:00,289.293
10/7/2020,6:00,286.56
10/7/2020,12:00,285.442
10/7/2020,18:00,290.992
10/8/2020,0:00,289.99
10/8/2020,6:00,287.071
10/8/2020,12:00,286.062
10/8/2020,18:00,292.052
10/9/2020,0:00,289.586
10/9/2020,6:00,286.231
10/9/2020,12:00,284.486
10/9/2020,18:00,290.148
10/10/2020,0:00,289.913
10/10/2020,6:00,284.781
10/10/2020,12:00,282.51
10/10/2020,18:00,288.529
10/11/2020,0:00,286.421
10/11/2020,6:00,282.827
10/11/2020,12:00,282.039
10/11/2020,18:00,289.612
10/12/2020,0:00,291.663
10/12/2020,6:00,287.204
10/12/2020,12:00,285.418
10/12/2020,18:00,291.365
10/13/2020,0:00,287.615
10/13/2020,6:00,283.091
10/13/2020,12:00,282.58
10/13/2020,18:00,289.514
10/14/2020,0:00,288.634
10/14/2020,6:00,285.343
10/14/2020,12:00,284.705
10/14/2020,18:00,291.239
10/15/2020,0:00,291.866
10/15/2020,6:00,288.355
10/15/2020,12:00,286.345
10/15/2020,18:00,291.479
10/16/2020,0:00,291.483
10/16/2020,6:00,287.633
10/16/2020,12:00,286.808
10/16/2020,18:00,291.999
10/17/2020,0:00,294.181
10/17/2020,6:00,288.569
10/17/2020,12:00,287.715
10/17/2020,18:00,295.167
10/18/2020,0:00,295.466
10/18/2020,6:00,291.392
10/18/2020,12:00,290.519
10/18/2020,18:00,296.314
10/19/2020,0:00,296.062
10/19/2020,6:00,291.443
10/19/2020,12:00,290.524
10/19/2020,18:00,297.922
10/20/2020,0:00,297.158
10/20/2020,6:00,293.374
10/20/2020,12:00,291.716
10/20/2020,18:00,296.806
10/21/2020,0:00,292.98
10/21/2020,6:00,290.417
10/21/2020,12:00,290.582
10/21/2020,18:00,293.783
10/22/2020,0:00,293.692
10/22/2020,6:00,291.211
10/22/2020,12:00,290.921
10/22/2020,18:00,295.535
10/23/2020,0:00,294.878
10/23/2020,6:00,292.128
10/23/2020,12:00,291.572
10/23/2020,18:00,293.838
10/24/2020,0:00,294.169
10/24/2020,6:00,293.226
10/24/2020,12:00,291
10/24/2020,18:00,296.011
10/25/2020,0:00,295.186
10/25/2020,6:00,292.463
10/25/2020,12:00,291.275
10/25/2020,18:00,297.724
10/26/2020,0:00,297.843
10/26/2020,6:00,295.16
10/26/2020,12:00,292.782
10/26/2020,18:00,291.414
10/27/2020,0:00,289.429
10/27/2020,6:00,287.054
10/27/2020,12:00,284.731
10/27/2020,18:00,288.801
10/28/2020,0:00,288.331
10/28/2020,6:00,285.025
10/28/2020,12:00,284.914
10/28/2020,18:00,291.685
10/29/2020,0:00,291.693
10/29/2020,6:00,286.163
10/29/2020,12:00,285.581
10/29/2020,18:00,289.267
10/30/2020,0:00,288.337
10/30/2020,6:00,284.825
10/30/2020,12:00,284.429
10/30/2020,18:00,288.116
10/31/2020,0:00,288.99
10/31/2020,6:00,286.921
10/31/2020,12:00,284.043
10/31/2020,18:00,290.729
11/1/2020,0:00,289.542
11/1/2020,6:00,284.544
11/1/2020,12:00,283.03
11/1/2020,18:00,290.069
11/2/2020,0:00,288.32
11/2/2020,6:00,285.44
11/2/2020,12:00,283.927
11/2/2020,18:00,291.006
11/3/2020,0:00,288.473
11/3/2020,6:00,285.588
11/3/2020,12:00,284.588
11/3/2020,18:00,291.467
11/4/2020,0:00,290.005
11/4/2020,6:00,285.145
11/4/2020,12:00,283.914
11/4/2020,18:00,289.879
11/5/2020,0:00,288.488
11/5/2020,6:00,283.608
11/5/2020,12:00,282.344
11/5/2020,18:00,290.07
11/6/2020,0:00,290.617
11/6/2020,6:00,286.535
11/6/2020,12:00,285.31
11/6/2020,18:00,291.779
11/7/2020,0:00,292.144
11/7/2020,6:00,288.375
11/7/2020,12:00,287.211
11/7/2020,18:00,292.745
11/8/2020,0:00,293.899
11/8/2020,6:00,289.813
11/8/2020,12:00,288.579
11/8/2020,18:00,294.133
11/9/2020,0:00,294.719
11/9/2020,6:00,290.858
11/9/2020,12:00,290.912
11/9/2020,18:00,293.192
11/10/2020,0:00,292.845
11/10/2020,6:00,289.581
11/10/2020,12:00,289.692
11/10/2020,18:00,293.675
11/11/2020,0:00,292.062
11/11/2020,6:00,288.601
11/11/2020,12:00,287.353
11/11/2020,18:00,292.376
11/12/2020,0:00,292.19
11/12/2020,6:00,288.666
11/12/2020,12:00,287.615
11/12/2020,18:00,294.99
11/13/2020,0:00,292.077
11/13/2020,6:00,288.94
11/13/2020,12:00,288.459
11/13/2020,18:00,295.818
11/14/2020,0:00,293.889
11/14/2020,6:00,289.642
11/14/2020,12:00,289.407
11/14/2020,18:00,298.103
11/15/2020,0:00,297.147
11/15/2020,6:00,291.404
11/15/2020,12:00,291.571
11/15/2020,18:00,295.741
11/16/2020,0:00,295.406
11/16/2020,6:00,291.594
11/16/2020,12:00,291.289
11/16/2020,18:00,295.467
11/17/2020,0:00,291.901
11/17/2020,6:00,286.289
11/17/2020,12:00,284.571
11/17/2020,18:00,292.042
11/18/2020,0:00,290.958
11/18/2020,6:00,286.894
11/18/2020,12:00,286.223
11/18/2020,18:00,292.83
11/19/2020,0:00,290.571
11/19/2020,6:00,288.721
11/19/2020,12:00,287.934
11/19/2020,18:00,293.849
11/20/2020,0:00,290.21
11/20/2020,6:00,287.438
11/20/2020,12:00,286.303
11/20/2020,18:00,292.153
11/21/2020,0:00,290.898
11/21/2020,6:00,287.73
11/21/2020,12:00,286.245
11/21/2020,18:00,292.978
11/22/2020,0:00,291.757
11/22/2020,6:00,287.886
11/22/2020,12:00,286.353
11/22/2020,18:00,293.443
11/23/2020,0:00,292.632
11/23/2020,6:00,289.178
11/23/2020,12:00,287.748
11/23/2020,18:00,294.979
11/24/2020,0:00,298.3
11/24/2020,6:00,292.69
11/24/2020,12:00,292.248
11/24/2020,18:00,301.115
11/25/2020,0:00,299.46
11/25/2020,6:00,295.607
11/25/2020,12:00,295.709
11/25/2020,18:00,302.763
11/26/2020,0:00,293.747
11/26/2020,6:00,293.19
11/26/2020,12:00,293.51
11/26/2020,18:00,295.702
11/27/2020,0:00,294.171
11/27/2020,6:00,292.216
11/27/2020,12:00,292.316
11/27/2020,18:00,295.559
11/28/2020,0:00,295.533
11/28/2020,6:00,293.068
11/28/2020,12:00,292.247
11/28/2020,18:00,297.695
11/29/2020,0:00,296.513
11/29/2020,6:00,293.404
11/29/2020,12:00,293.36
11/29/2020,18:00,298.251
11/30/2020,0:00,298.177
11/30/2020,6:00,294.361
11/30/2020,12:00,294.592
11/30/2020,18:00,297.945
12/1/2020,0:00,294.562
12/1/2020,6:00,290.503
12/1/2020,12:00,290.867
12/1/2020,18:00,294.38
12/2/2020,0:00,295.596
12/2/2020,6:00,292.385
12/2/2020,12:00,291.107
12/2/2020,18:00,297.364
12/3/2020,0:00,292.974
12/3/2020,6:00,293.381
12/3/2020,12:00,292.528
12/3/2020,18:00,293.867
12/4/2020,0:00,294.038
12/4/2020,6:00,290.365
12/4/2020,12:00,288.113
12/4/2020,18:00,295.64
12/5/2020,0:00,293.616
12/5/2020,6:00,288.784
12/5/2020,12:00,288.139
12/5/2020,18:00,291.399
12/6/2020,0:00,290.092
12/6/2020,6:00,287.201
12/6/2020,12:00,286.018
12/6/2020,18:00,291.777
12/7/2020,0:00,290.227
12/7/2020,6:00,287.018
12/7/2020,12:00,286.621
12/7/2020,18:00,292.789
12/8/2020,0:00,291.91
12/8/2020,6:00,287.91
12/8/2020,12:00,287.096
12/8/2020,18:00,294.18
12/9/2020,0:00,294.032
12/9/2020,6:00,290.107
12/9/2020,12:00,289.018
12/9/2020,18:00,296.104
12/10/2020,0:00,294.717
12/10/2020,6:00,290.077
12/10/2020,12:00,289.625
12/10/2020,18:00,298.062
12/11/2020,0:00,297.094
12/11/2020,6:00,292.852
12/11/2020,12:00,292.684
12/11/2020,18:00,300.405
12/12/2020,0:00,300.162
12/12/2020,6:00,294.638
12/12/2020,12:00,292.424
12/12/2020,18:00,300.284
12/13/2020,0:00,296.891
12/13/2020,6:00,296.849
12/13/2020,12:00,295.807
12/13/2020,18:00,296.543
12/14/2020,0:00,295.13
12/14/2020,6:00,290.35
12/14/2020,12:00,287.885
12/14/2020,18:00,294.663
12/15/2020,0:00,294.705
12/15/2020,6:00,290.59
12/15/2020,12:00,289.243
12/15/2020,18:00,297.872
12/16/2020,0:00,297.108
12/16/2020,6:00,293.035
12/16/2020,12:00,291.344
12/16/2020,18:00,299.157
12/17/2020,0:00,298.782
12/17/2020,6:00,292.75
12/17/2020,12:00,291.075
12/17/2020,18:00,296.96
12/18/2020,0:00,297.167
12/18/2020,6:00,293.298
12/18/2020,12:00,292.43
12/18/2020,18:00,300.69
12/19/2020,0:00,299.733
12/19/2020,6:00,297.636
12/19/2020,12:00,294.964
12/19/2020,18:00,294.91
12/20/2020,0:00,295.795
12/20/2020,6:00,290.407
12/20/2020,12:00,287.469
12/20/2020,18:00,293.792
12/21/2020,0:00,292.624
12/21/2020,6:00,288.22
12/21/2020,12:00,286.648
12/21/2020,18:00,294.424
12/22/2020,0:00,291.316
12/22/2020,6:00,287.476
12/22/2020,12:00,285.361
12/22/2020,18:00,293.737
12/23/2020,0:00,293.236
12/23/2020,6:00,288.785
12/23/2020,12:00,287.517
12/23/2020,18:00,296.252
12/24/2020,0:00,295.703
12/24/2020,6:00,292.044
12/24/2020,12:00,290.104
12/24/2020,18:00,298.579
12/25/2020,0:00,299.608
12/25/2020,6:00,295.782
12/25/2020,12:00,293.309
12/25/2020,18:00,300.333
12/26/2020,0:00,299.568
12/26/2020,6:00,295.037
12/26/2020,12:00,293.387
12/26/2020,18:00,299.313
12/27/2020,0:00,294.054
12/27/2020,6:00,291.393
12/27/2020,12:00,291.589
12/27/2020,18:00,298.507
12/28/2020,0:00,298.851
12/28/2020,6:00,294.298
12/28/2020,12:00,292.834
12/28/2020,18:00,299.323
12/29/2020,0:00,300.431
12/29/2020,6:00,295.281
12/29/2020,12:00,293.448
12/29/2020,18:00,300.428
12/30/2020,0:00,300.066
12/30/2020,6:00,296.187
12/30/2020,12:00,295.352
12/30/2020,18:00,302.785
12/31/2020,0:00,299.996
12/31/2020,6:00,293.895
12/31/2020,12:00,287.602
12/31/2020,18:00,294.002
1/1/2021,0:00,293.222
1/1/2021,6:00,288.846
1/1/2021,12:00,287.553
1/1/2021,18:00,296.482
1/2/2021,0:00,295.903
1/2/2021,6:00,291.556
1/2/2021,12:00,289.83
1/2/2021,18:00,299.293
1/3/2021,0:00,296.896
1/3/2021,6:00,291.18
1/3/2021,12:00,289.043
1/3/2021,18:00,296.246
1/4/2021,0:00,298.699
1/4/2021,6:00,293.428
1/4/2021,12:00,291.638
1/4/2021,18:00,299.959
1/5/2021,0:00,299.918
1/5/2021,6:00,294.374
1/5/2021,12:00,294.536
1/5/2021,18:00,298.335
1/6/2021,0:00,297.887
1/6/2021,6:00,294.409
1/6/2021,12:00,293.63
1/6/2021,18:00,299.608
1/7/2021,0:00,300.242
1/7/2021,6:00,295.517
1/7/2021,12:00,293.919
1/7/2021,18:00,300.714
1/8/2021,0:00,298.868
1/8/2021,6:00,293.82
1/8/2021,12:00,292.793
1/8/2021,18:00,301.187
1/9/2021,0:00,299.355
1/9/2021,6:00,293.863
1/9/2021,12:00,292.168
1/9/2021,18:00,301.271
1/10/2021,0:00,299.017
1/10/2021,6:00,293.214
1/10/2021,12:00,293.655
1/10/2021,18:00,301.195
1/11/2021,0:00,302.527
1/11/2021,6:00,298.928
1/11/2021,12:00,297.848
1/11/2021,18:00,305.516
1/12/2021,0:00,294.642
1/12/2021,6:00,293.724
1/12/2021,12:00,294.367
1/12/2021,18:00,297.271
1/13/2021,0:00,295.984
1/13/2021,6:00,292.329
1/13/2021,12:00,291.326
1/13/2021,18:00,295.96
1/14/2021,0:00,297.36
1/14/2021,6:00,290.957
1/14/2021,12:00,289.724
1/14/2021,18:00,295.338
1/15/2021,0:00,298.759
1/15/2021,6:00,293.29
1/15/2021,12:00,292.481
1/15/2021,18:00,301.085
1/16/2021,0:00,302.947
1/16/2021,6:00,294.213
1/16/2021,12:00,294.457
1/16/2021,18:00,299.963
1/17/2021,0:00,299.148
1/17/2021,6:00,294.245
1/17/2021,12:00,293.786
1/17/2021,18:00,297.595
1/18/2021,0:00,294.436
1/18/2021,6:00,290.622
1/18/2021,12:00,288.618
1/18/2021,18:00,296.008
1/19/2021,0:00,295.023
1/19/2021,6:00,291.601
1/19/2021,12:00,289.715
1/19/2021,18:00,296.221
1/20/2021,0:00,296.705
1/20/2021,6:00,291.653
1/20/2021,12:00,290.058
1/20/2021,18:00,296.073
1/21/2021,0:00,298.011
1/21/2021,6:00,293.169
1/21/2021,12:00,292.946
1/21/2021,18:00,298.276
1/22/2021,0:00,297.517
1/22/2021,6:00,294.514
1/22/2021,12:00,293.176
1/22/2021,18:00,298.26
1/23/2021,0:00,300.442
1/23/2021,6:00,295.645
1/23/2021,12:00,293.652
1/23/2021,18:00,299.221
1/24/2021,0:00,302.783
1/24/2021,6:00,297.355
1/24/2021,12:00,295.538
1/24/2021,18:00,299.708
1/25/2021,0:00,300.923
1/25/2021,6:00,296.846
1/25/2021,12:00,295.619
1/25/2021,18:00,301.07
1/26/2021,0:00,301.278
1/26/2021,6:00,296.423
1/26/2021,12:00,295.353
1/26/2021,18:00,296.736
1/27/2021,0:00,296.083
1/27/2021,6:00,295.226
1/27/2021,12:00,294.852
1/27/2021,18:00,297.383
1/28/2021,0:00,295.096
1/28/2021,6:00,293.517
1/28/2021,12:00,292.721
1/28/2021,18:00,297.25
1/29/2021,0:00,296.042
1/29/2021,6:00,294.17
1/29/2021,12:00,293.881
1/29/2021,18:00,297.975
1/30/2021,0:00,300.282
1/30/2021,6:00,295.839
1/30/2021,12:00,295.22
1/30/2021,18:00,300.21
1/31/2021,0:00,298.384
1/31/2021,6:00,293.886
1/31/2021,12:00,294.033
1/31/2021,18:00,298.078
2/1/2021,0:00,296.815
2/1/2021,6:00,294.679
2/1/2021,12:00,293.486
2/1/2021,18:00,297.298
2/2/2021,0:00,295.724
2/2/2021,6:00,295.903
2/2/2021,12:00,295.175
2/2/2021,18:00,298.627
2/3/2021,0:00,298.148
2/3/2021,6:00,296.519
2/3/2021,12:00,296.027
2/3/2021,18:00,298.564
2/4/2021,0:00,293.84
2/4/2021,6:00,292.637
2/4/2021,12:00,291.44
2/4/2021,18:00,294.406
2/5/2021,0:00,292.823
2/5/2021,6:00,288.901
2/5/2021,12:00,287.654
2/5/2021,18:00,292.516
2/6/2021,0:00,291.852
2/6/2021,6:00,288.675
2/6/2021,12:00,287.339
2/6/2021,18:00,292.788
2/7/2021,0:00,293.95
2/7/2021,6:00,290.639
2/7/2021,12:00,289.243
2/7/2021,18:00,295.783
2/8/2021,0:00,296.029
2/8/2021,6:00,292.531
2/8/2021,12:00,290.417
2/8/2021,18:00,296.211
2/9/2021,0:00,297.175
2/9/2021,6:00,291.822
2/9/2021,12:00,290.668
2/9/2021,18:00,296.003
2/10/2021,0:00,294.255
2/10/2021,6:00,291.517
2/10/2021,12:00,291.09
2/10/2021,18:00,295.773
2/11/2021,0:00,294.334
2/11/2021,6:00,292.251
2/11/2021,12:00,292.36
2/11/2021,18:00,294.78
2/12/2021,0:00,293.156
2/12/2021,6:00,293.077
2/12/2021,12:00,293.375
2/12/2021,18:00,294.625
2/13/2021,0:00,294.745
2/13/2021,6:00,292.23
2/13/2021,12:00,291.536
2/13/2021,18:00,296.569
2/14/2021,0:00,295.679
2/14/2021,6:00,293.008
2/14/2021,12:00,292.16
2/14/2021,18:00,294.986
2/15/2021,0:00,296.553
2/15/2021,6:00,293.258
2/15/2021,12:00,292.644
2/15/2021,18:00,296.281
2/16/2021,0:00,295.309
2/16/2021,6:00,291.96
2/16/2021,12:00,290.161
2/16/2021,18:00,295.371
2/17/2021,0:00,294.276
2/17/2021,6:00,289.704
2/17/2021,12:00,288.003
2/17/2021,18:00,294.13
2/18/2021,0:00,293.856
2/18/2021,6:00,290.363
2/18/2021,12:00,289.769
2/18/2021,18:00,295.012
2/19/2021,0:00,294.478
2/19/2021,6:00,291.079
2/19/2021,12:00,289.997
2/19/2021,18:00,296.148
2/20/2021,0:00,296.637
2/20/2021,6:00,293.238
2/20/2021,12:00,291.811
2/20/2021,18:00,297.325
2/21/2021,0:00,297.297
2/21/2021,6:00,292.525
2/21/2021,12:00,290.927
2/21/2021,18:00,297.652
2/22/2021,0:00,297.466
2/22/2021,6:00,293.595
2/22/2021,12:00,291.869
2/22/2021,18:00,298.019
2/23/2021,0:00,299.431
2/23/2021,6:00,297.34
2/23/2021,12:00,295.761
2/23/2021,18:00,300.854
2/24/2021,0:00,295.625
2/24/2021,6:00,293.226
2/24/2021,12:00,291.21
2/24/2021,18:00,295.982
2/25/2021,0:00,295.508
2/25/2021,6:00,290.28
2/25/2021,12:00,288.697
2/25/2021,18:00,296.212
2/26/2021,0:00,295.357
2/26/2021,6:00,291.183
2/26/2021,12:00,288.873
2/26/2021,18:00,295.185
2/27/2021,0:00,298.839
2/27/2021,6:00,292.736
2/27/2021,12:00,291.13
2/27/2021,18:00,296.584
2/28/2021,0:00,299.313
2/28/2021,6:00,293.503
2/28/2021,12:00,292.731
2/28/2021,18:00,297.045
3/1/2021,0:00,298.081
3/1/2021,6:00,293.632
3/1/2021,12:00,292.543
3/1/2021,18:00,297.497
3/2/2021,0:00,298.867
3/2/2021,6:00,294.397
3/2/2021,12:00,292.994
3/2/2021,18:00,298.066
3/3/2021,0:00,300.261
3/3/2021,6:00,296.429
3/3/2021,12:00,294.36
3/3/2021,18:00,299.555
3/4/2021,0:00,300.341
3/4/2021,6:00,295.171
3/4/2021,12:00,294.295
3/4/2021,18:00,295.682
3/5/2021,0:00,294.67
3/5/2021,6:00,292.901
3/5/2021,12:00,292.365
3/5/2021,18:00,297.304
3/6/2021,0:00,296.123
3/6/2021,6:00,291.219
3/6/2021,12:00,287.873
3/6/2021,18:00,293.416
3/7/2021,0:00,292.946
3/7/2021,6:00,289.276
3/7/2021,12:00,288.054
3/7/2021,18:00,294.355
3/8/2021,0:00,294.821
3/8/2021,6:00,290.677
3/8/2021,12:00,288.542
3/8/2021,18:00,295.44
3/9/2021,0:00,296.477
3/9/2021,6:00,293.402
3/9/2021,12:00,290.786
3/9/2021,18:00,296.951
3/10/2021,0:00,295.271
3/10/2021,6:00,290.617
3/10/2021,12:00,289.017
3/10/2021,18:00,295.722
3/11/2021,0:00,294.564
3/11/2021,6:00,289.059
3/11/2021,12:00,287.414
3/11/2021,18:00,295.081
3/12/2021,0:00,294.867
3/12/2021,6:00,291.021
3/12/2021,12:00,289.969
3/12/2021,18:00,296.984
3/13/2021,0:00,296.438
3/13/2021,6:00,292.932
3/13/2021,12:00,291.261
3/13/2021,18:00,297.501
3/14/2021,0:00,299.078
3/14/2021,6:00,293.779
3/14/2021,12:00,291.669
3/14/2021,18:00,297.784
3/15/2021,0:00,298.543
3/15/2021,6:00,293.084
3/15/2021,12:00,290.493
3/15/2021,18:00,295.829
3/16/2021,0:00,297.487
3/16/2021,6:00,293.227
3/16/2021,12:00,291.11
3/16/2021,18:00,296.935
3/17/2021,0:00,295.98
3/17/2021,6:00,293.733
3/17/2021,12:00,292.735
3/17/2021,18:00,296.973
3/18/2021,0:00,293.284
3/18/2021,6:00,289.532
3/18/2021,12:00,287.033
3/18/2021,18:00,292.345
3/19/2021,0:00,293.751
3/19/2021,6:00,288.771
3/19/2021,12:00,288.094
3/19/2021,18:00,293.663
3/20/2021,0:00,298.312
3/20/2021,6:00,294.563
3/20/2021,12:00,292.653
3/20/2021,18:00,301.22
3/21/2021,0:00,294.357
3/21/2021,6:00,293.053
3/21/2021,12:00,293.146
3/21/2021,18:00,293.296
3/22/2021,0:00,293.716
3/22/2021,6:00,291.436
3/22/2021,12:00,290.916
3/22/2021,18:00,294.537
3/23/2021,0:00,293.434
3/23/2021,6:00,292.388
3/23/2021,12:00,291.997
3/23/2021,18:00,293.002
3/24/2021,0:00,293.86
3/24/2021,6:00,291.47
3/24/2021,12:00,290.968
3/24/2021,18:00,294.6
3/25/2021,0:00,296
3/25/2021,6:00,293.093
3/25/2021,12:00,292.157
3/25/2021,18:00,297.791
3/26/2021,0:00,300.265
3/26/2021,6:00,294.332
3/26/2021,12:00,293.767
3/26/2021,18:00,295.539
3/27/2021,0:00,293.369
3/27/2021,6:00,292.777
3/27/2021,12:00,292.616
3/27/2021,18:00,293.366
3/28/2021,0:00,292.845
3/28/2021,6:00,289.368
3/28/2021,12:00,287.912
3/28/2021,18:00,291.114
3/29/2021,0:00,289.692
3/29/2021,6:00,287.101
3/29/2021,12:00,286.337
3/29/2021,18:00,290.9
3/30/2021,0:00,292.785
3/30/2021,6:00,289.656
3/30/2021,12:00,288.867
3/30/2021,18:00,292.006
3/31/2021,0:00,290.883
3/31/2021,6:00,287.85
3/31/2021,12:00,286.656
3/31/2021,18:00,291.14
4/1/2021,0:00,290.524
4/1/2021,6:00,287.335
4/1/2021,12:00,286.8
4/1/2021,18:00,291.563
4/2/2021,0:00,290.642
4/2/2021,6:00,288.113
4/2/2021,12:00,287.145
4/2/2021,18:00,291.817
4/3/2021,0:00,294.514
4/3/2021,6:00,289.091
4/3/2021,12:00,287.923
4/3/2021,18:00,292.635
4/4/2021,0:00,293.849
4/4/2021,6:00,290.159
4/4/2021,12:00,289.104
4/4/2021,18:00,294.448
4/5/2021,0:00,294.778
4/5/2021,6:00,292.564
4/5/2021,12:00,291.677
4/5/2021,18:00,295.249
4/6/2021,0:00,293.255
4/6/2021,6:00,291.829
4/6/2021,12:00,291.475
4/6/2021,18:00,294.313
4/7/2021,0:00,294.901
4/7/2021,6:00,291.7
4/7/2021,12:00,290.5
4/7/2021,18:00,295.7
4/8/2021,0:00,295.358
4/8/2021,6:00,291.653
4/8/2021,12:00,290.855
4/8/2021,18:00,296.839
4/9/2021,0:00,297.012
4/9/2021,6:00,294.6
4/9/2021,12:00,293.627
4/9/2021,18:00,298.058
4/10/2021,0:00,298.51
4/10/2021,6:00,296.578
4/10/2021,12:00,294.063
4/10/2021,18:00,296.232
4/11/2021,0:00,298.031
4/11/2021,6:00,295.676
4/11/2021,12:00,293.143
4/11/2021,18:00,292.153
4/12/2021,0:00,290.931
4/12/2021,6:00,286.667
4/12/2021,12:00,285
4/12/2021,18:00,289.807
4/13/2021,0:00,289.5
4/13/2021,6:00,286.245
4/13/2021,12:00,285.341
4/13/2021,18:00,290.712
4/14/2021,0:00,293.461
4/14/2021,6:00,288.933
4/14/2021,12:00,287.233
4/14/2021,18:00,291.545
4/15/2021,0:00,292.22
4/15/2021,6:00,291.039
4/15/2021,12:00,291.202
4/15/2021,18:00,294.023
4/16/2021,0:00,293.492
4/16/2021,6:00,292.148
4/16/2021,12:00,291.5
4/16/2021,18:00,293.773
4/17/2021,0:00,292.695
4/17/2021,6:00,291.48
4/17/2021,12:00,290.785
4/17/2021,18:00,294.024
4/18/2021,0:00,293.734
4/18/2021,6:00,291.045
4/18/2021,12:00,288.296
4/18/2021,18:00,292.329
4/19/2021,0:00,292.008
4/19/2021,6:00,289.671
4/19/2021,12:00,288.129
4/19/2021,18:00,291.8
4/20/2021,0:00,291.512
4/20/2021,6:00,288.917
4/20/2021,12:00,286.926
4/20/2021,18:00,290.846
4/21/2021,0:00,293
4/21/2021,6:00,289.367
4/21/2021,12:00,287.778
4/21/2021,18:00,291.806
4/22/2021,0:00,292.706
4/22/2021,6:00,289.618
4/22/2021,12:00,288.285
4/22/2021,18:00,292.414
4/23/2021,0:00,293.584
4/23/2021,6:00,290.12
4/23/2021,12:00,288.3
4/23/2021,18:00,293.4
4/24/2021,0:00,295.876
4/24/2021,6:00,292.912
4/24/2021,12:00,290.793
4/24/2021,18:00,293.597
4/25/2021,0:00,290.993
4/25/2021,6:00,289.075
4/25/2021,12:00,288.183
4/25/2021,18:00,290.141
4/26/2021,0:00,287.13
4/26/2021,6:00,283.384
4/26/2021,12:00,283.254
4/26/2021,18:00,287.981
4/27/2021,0:00,286.891
4/27/2021,6:00,283.842
4/27/2021,12:00,282.796
4/27/2021,18:00,287.772
4/28/2021,0:00,286.915
4/28/2021,6:00,283.535
4/28/2021,12:00,281.936
4/28/2021,18:00,287.211
4/29/2021,0:00,287.941
4/29/2021,6:00,283.713
4/29/2021,12:00,281.858
4/29/2021,18:00,287.267
4/30/2021,0:00,288.03
4/30/2021,6:00,284.909
4/30/2021,12:00,283.521
4/30/2021,18:00,289.237
5/1/2021,0:00,290.624
5/1/2021,6:00,286.988
5/1/2021,12:00,286.125
5/1/2021,18:00,291.458
5/2/2021,0:00,291.963
5/2/2021,6:00,289.054
5/2/2021,12:00,288.412
5/2/2021,18:00,293.108
5/3/2021,0:00,295.217
5/3/2021,6:00,291.809
5/3/2021,12:00,291.012
5/3/2021,18:00,296.097
5/4/2021,0:00,298.045
5/4/2021,6:00,295.6
5/4/2021,12:00,293.729
5/4/2021,18:00,290.199
5/5/2021,0:00,288.808
5/5/2021,6:00,285.344
5/5/2021,12:00,284.449
5/5/2021,18:00,284.5
5/6/2021,0:00,285.3
5/6/2021,6:00,284.475
5/6/2021,12:00,281.5
5/6/2021,18:00,284.452
5/7/2021,0:00,282.836
5/7/2021,6:00,280.063
5/7/2021,12:00,278.901
5/7/2021,18:00,283.314
5/8/2021,0:00,283.708
5/8/2021,6:00,281.011
5/8/2021,12:00,280.02
5/8/2021,18:00,284.611
5/9/2021,0:00,285.999
5/9/2021,6:00,283.117
5/9/2021,12:00,282.408
5/9/2021,18:00,287.354
5/10/2021,0:00,291.447
5/10/2021,6:00,290.628
5/10/2021,12:00,289.437
5/10/2021,18:00,290.098
5/11/2021,0:00,288.182
5/11/2021,6:00,286.501
5/11/2021,12:00,283.296
5/11/2021,18:00,285.495
5/12/2021,0:00,283.686
5/12/2021,6:00,280.23
5/12/2021,12:00,278.712
5/12/2021,18:00,283.196
5/13/2021,0:00,283.834
5/13/2021,6:00,281.088
5/13/2021,12:00,279.664
5/13/2021,18:00,284.469
5/14/2021,0:00,285.019
5/14/2021,6:00,283.204
5/14/2021,12:00,281.148
5/14/2021,18:00,285
5/15/2021,0:00,285.824
5/15/2021,6:00,283.199
5/15/2021,12:00,281.673
5/15/2021,18:00,286.35
5/16/2021,0:00,288.104
5/16/2021,6:00,285.605
5/16/2021,12:00,283.838
5/16/2021,18:00,287.79
5/17/2021,0:00,288.235
5/17/2021,6:00,288.906
5/17/2021,12:00,286.6
5/17/2021,18:00,289.848
5/18/2021,0:00,286.446
5/18/2021,6:00,282.082
5/18/2021,12:00,280.611
5/18/2021,18:00,284.83
5/19/2021,0:00,285.568
5/19/2021,6:00,282.098
5/19/2021,12:00,281.431
5/19/2021,18:00,284.94
5/20/2021,0:00,289.095
5/20/2021,6:00,285.162
5/20/2021,12:00,285.88
5/20/2021,18:00,287.715
5/21/2021,0:00,287.482
5/21/2021,6:00,286.7
5/21/2021,12:00,287.6
5/21/2021,18:00,288.773
5/22/2021,0:00,288.104
5/22/2021,6:00,288.052
5/22/2021,12:00,285.315
5/22/2021,18:00,285.592
5/23/2021,0:00,285.724
5/23/2021,6:00,284.688
5/23/2021,12:00,283.742
5/23/2021,18:00,284.603
5/24/2021,0:00,282.396
5/24/2021,6:00,280.812
5/24/2021,12:00,279.9
5/24/2021,18:00,283.01
5/25/2021,0:00,282.988
5/25/2021,6:00,280.913
5/25/2021,12:00,279.919
5/25/2021,18:00,283.181
5/26/2021,0:00,284.8
5/26/2021,6:00,282.643
5/26/2021,12:00,281.58
5/26/2021,18:00,285.203
5/27/2021,0:00,286.189
5/27/2021,6:00,284.2
5/27/2021,12:00,283.3
5/27/2021,18:00,287.015
5/28/2021,0:00,287.555
5/28/2021,6:00,287.268
5/28/2021,12:00,288.211
5/28/2021,18:00,289.561
5/29/2021,0:00,291.464
5/29/2021,6:00,289.7
5/29/2021,12:00,284.543
5/29/2021,18:00,286.024
5/30/2021,0:00,283.165
5/30/2021,6:00,280.037
5/30/2021,12:00,278.203
5/30/2021,18:00,281.2
5/31/2021,0:00,281.808
5/31/2021,6:00,279.437
5/31/2021,12:00,279.06
5/31/2021,18:00,282.542
6/1/2021,0:00,283.381
6/1/2021,6:00,282.1
6/1/2021,12:00,281.715
6/1/2021,18:00,284.787
6/2/2021,0:00,286.898
6/2/2021,6:00,285.802
6/2/2021,12:00,285.025
6/2/2021,18:00,288.203
6/3/2021,0:00,286.7
6/3/2021,6:00,285.2
6/3/2021,12:00,283.558
6/3/2021,18:00,286.303
6/4/2021,0:00,288.561
6/4/2021,6:00,288.319
6/4/2021,12:00,288.746
6/4/2021,18:00,293.015
6/5/2021,0:00,294.063
6/5/2021,6:00,293.269
6/5/2021,12:00,291.479
6/5/2021,18:00,294.871
6/6/2021,0:00,289.636
6/6/2021,6:00,287.924
6/6/2021,12:00,287.3
6/6/2021,18:00,289.051
6/7/2021,0:00,287.034
6/7/2021,6:00,285.231
6/7/2021,12:00,285.503
6/7/2021,18:00,286.102
6/8/2021,0:00,288.384
6/8/2021,6:00,287.407
6/8/2021,12:00,285.827
6/8/2021,18:00,287.606
6/9/2021,0:00,288.2
6/9/2021,6:00,287.241
6/9/2021,12:00,287.163
6/9/2021,18:00,288.282
6/10/2021,0:00,290.197
6/10/2021,6:00,287.097
6/10/2021,12:00,286.395
6/10/2021,18:00,287.62
6/11/2021,0:00,285.952
6/11/2021,6:00,284.917
6/11/2021,12:00,282.5
6/11/2021,18:00,284.613
6/12/2021,0:00,283.428
6/12/2021,6:00,282.151
6/12/2021,12:00,281.503
6/12/2021,18:00,284.368
6/13/2021,0:00,285.4
6/13/2021,6:00,283.429
6/13/2021,12:00,282.749
6/13/2021,18:00,285.551
6/14/2021,0:00,286.301
6/14/2021,6:00,284.701
6/14/2021,12:00,283.814
6/14/2021,18:00,286.62
6/15/2021,0:00,288.335
6/15/2021,6:00,285.724
6/15/2021,12:00,282.973
6/15/2021,18:00,284.52
6/16/2021,0:00,283.01
6/16/2021,6:00,280.2
6/16/2021,12:00,278.037
6/16/2021,18:00,280.319
6/17/2021,0:00,281.458
6/17/2021,6:00,277.658
6/17/2021,12:00,276.315
6/17/2021,18:00,279.124
6/18/2021,0:00,280.262
6/18/2021,6:00,278.245
6/18/2021,12:00,277.506
6/18/2021,18:00,280.177
6/19/2021,0:00,283.179
6/19/2021,6:00,282.896
6/19/2021,12:00,282.3
6/19/2021,18:00,282.833
6/20/2021,0:00,283.071
6/20/2021,6:00,281.102
6/20/2021,12:00,280.724
6/20/2021,18:00,282.865
6/21/2021,0:00,282.625
6/21/2021,6:00,281.002
6/21/2021,12:00,280.663
6/21/2021,18:00,282.901
6/22/2021,0:00,283.995
6/22/2021,6:00,282.182
6/22/2021,12:00,281.605
6/22/2021,18:00,283.537
6/23/2021,0:00,286.819
6/23/2021,6:00,284.718
6/23/2021,12:00,284.188
6/23/2021,18:00,286.193
6/24/2021,0:00,288.516
6/24/2021,6:00,289.334
6/24/2021,12:00,287.223
6/24/2021,18:00,287.763
6/25/2021,0:00,286.568
6/25/2021,6:00,282.977
6/25/2021,12:00,281.858
6/25/2021,18:00,284.031
6/26/2021,0:00,284.666
6/26/2021,6:00,283.72
6/26/2021,12:00,284.803
6/26/2021,18:00,287.19
6/27/2021,0:00,284.917
6/27/2021,6:00,282.064
6/27/2021,12:00,281.318
6/27/2021,18:00,281.257
6/28/2021,0:00,278.635
6/28/2021,6:00,275.752
6/28/2021,12:00,274.9
6/28/2021,18:00,277.233
6/29/2021,0:00,279.437
6/29/2021,6:00,279.188
6/29/2021,12:00,274.829
6/29/2021,18:00,276.991
6/30/2021,0:00,278.766
6/30/2021,6:00,277.265
6/30/2021,12:00,276.794
6/30/2021,18:00,279.067
7/1/2021,0:00,280.267
7/1/2021,6:00,279.305
7/1/2021,12:00,278.342
7/1/2021,18:00,280.896
7/2/2021,0:00,283.335
7/2/2021,6:00,281.238
7/2/2021,12:00,280.255
7/2/2021,18:00,282.452
7/3/2021,0:00,284.405
7/3/2021,6:00,281.754
7/3/2021,12:00,280.295
7/3/2021,18:00,282.642
7/4/2021,0:00,283.586
7/4/2021,6:00,280.394
7/4/2021,12:00,279.684
7/4/2021,18:00,281.792
7/5/2021,0:00,283.308
7/5/2021,6:00,282.039
7/5/2021,12:00,281.489
7/5/2021,18:00,284.046
7/6/2021,0:00,285.903
7/6/2021,6:00,284.465
7/6/2021,12:00,283.733
7/6/2021,18:00,286.086
7/7/2021,0:00,288.351
7/7/2021,6:00,286.048
7/7/2021,12:00,284.944
7/7/2021,18:00,286.864
7/8/2021,0:00,289.95
7/8/2021,6:00,287.353
7/8/2021,12:00,286.544
7/8/2021,18:00,288.763
7/9/2021,0:00,289.528
7/9/2021,6:00,287.173
7/9/2021,12:00,285.773
7/9/2021,18:00,288.034
7/10/2021,0:00,288.481
7/10/2021,6:00,285.857
7/10/2021,12:00,285.699
7/10/2021,18:00,287.9
7/11/2021,0:00,288.837
7/11/2021,6:00,286.283
7/11/2021,12:00,285.587
7/11/2021,18:00,287.988
7/12/2021,0:00,291.222
7/12/2021,6:00,290.142
7/12/2021,12:00,288.424
7/12/2021,18:00,290.108
7/13/2021,0:00,289.639
7/13/2021,6:00,288.636
7/13/2021,12:00,289.118
7/13/2021,18:00,290.835
7/14/2021,0:00,291.838
7/14/2021,6:00,290.101
7/14/2021,12:00,289.243
7/14/2021,18:00,290.721
7/15/2021,0:00,289.602
7/15/2021,6:00,288
7/15/2021,12:00,287.11
7/15/2021,18:00,286.973
7/16/2021,0:00,284.791
7/16/2021,6:00,282.735
7/16/2021,12:00,281.8
7/16/2021,18:00,284.229
7/17/2021,0:00,284.505
7/17/2021,6:00,282.529
7/17/2021,12:00,280.905
7/17/2021,18:00,283.52
7/18/2021,0:00,280.496
7/18/2021,6:00,277.282
7/18/2021,12:00,276.2
7/18/2021,18:00,278.829
7/19/2021,0:00,278.052
7/19/2021,6:00,275.899
7/19/2021,12:00,274.802
7/19/2021,18:00,277.838
7/20/2021,0:00,279.769
7/20/2021,6:00,277.589
7/20/2021,12:00,276.502
7/20/2021,18:00,279.612
7/21/2021,0:00,280.886
7/21/2021,6:00,278.473
7/21/2021,12:00,277.374
7/21/2021,18:00,281.057
7/22/2021,0:00,282.741
7/22/2021,6:00,281.881
7/22/2021,12:00,281.381
7/22/2021,18:00,284.597
7/23/2021,0:00,287.635
7/23/2021,6:00,286.874
7/23/2021,12:00,286.038
7/23/2021,18:00,289.135
7/24/2021,0:00,289.9
7/24/2021,6:00,287.439
7/24/2021,12:00,286.94
7/24/2021,18:00,289.886
7/25/2021,0:00,292.4
7/25/2021,6:00,291.399
7/25/2021,12:00,289.966
7/25/2021,18:00,292.161
7/26/2021,0:00,294.406
7/26/2021,6:00,290.111
7/26/2021,12:00,289.502
7/26/2021,18:00,290.231
7/27/2021,0:00,287.602
7/27/2021,6:00,281.526
7/27/2021,12:00,279.015
7/27/2021,18:00,280.224
7/28/2021,0:00,278.435
7/28/2021,6:00,276.395
7/28/2021,12:00,275.009
7/28/2021,18:00,278.056
7/29/2021,0:00,277.092
7/29/2021,6:00,274.001
7/29/2021,12:00,273.355
7/29/2021,18:00,276.995
7/30/2021,0:00,278.374
7/30/2021,6:00,276.424
7/30/2021,12:00,275.692
7/30/2021,18:00,279.278
7/31/2021,0:00,280.239
7/31/2021,6:00,278.3
7/31/2021,12:00,277.559
7/31/2021,18:00,281.217
8/1/2021,0:00,284.022
8/1/2021,6:00,281.751
8/1/2021,12:00,280.755
8/1/2021,18:00,284.134
8/2/2021,0:00,284.135
8/2/2021,6:00,280.944
8/2/2021,12:00,278.96
8/2/2021,18:00,282.235
8/3/2021,0:00,282.701
8/3/2021,6:00,280.045
8/3/2021,12:00,278.804
8/3/2021,18:00,282.3
8/4/2021,0:00,284
8/4/2021,6:00,281.514
8/4/2021,12:00,280.495
8/4/2021,18:00,283.291
8/5/2021,0:00,285.87
8/5/2021,6:00,284.508
8/5/2021,12:00,284.494
8/5/2021,18:00,286.844
8/6/2021,0:00,289.112
8/6/2021,6:00,287.6
8/6/2021,12:00,286.441
8/6/2021,18:00,290.1
8/7/2021,0:00,291.302
8/7/2021,6:00,288.901
8/7/2021,12:00,287.953
8/7/2021,18:00,291.171
8/8/2021,0:00,292.288
8/8/2021,6:00,290.2
8/8/2021,12:00,289.039
8/8/2021,18:00,292.381
8/9/2021,0:00,293.099
8/9/2021,6:00,291.1
8/9/2021,12:00,292.561
8/9/2021,18:00,293.49
8/10/2021,0:00,286.879
8/10/2021,6:00,284.9
8/10/2021,12:00,284.542
8/10/2021,18:00,284.7
8/11/2021,0:00,285.879
8/11/2021,6:00,279.385
8/11/2021,12:00,276.796
8/11/2021,18:00,280.485
8/12/2021,0:00,280.087
8/12/2021,6:00,277.037
8/12/2021,12:00,276.456
8/12/2021,18:00,280.149
8/13/2021,0:00,281.994
8/13/2021,6:00,281.004
8/13/2021,12:00,278.969
8/13/2021,18:00,282.613
8/14/2021,0:00,285.6
8/14/2021,6:00,283.82
8/14/2021,12:00,283.81
8/14/2021,18:00,286.634
8/15/2021,0:00,287.166
8/15/2021,6:00,285.643
8/15/2021,12:00,284.324
8/15/2021,18:00,288.203
8/16/2021,0:00,287.352
8/16/2021,6:00,284.553
8/16/2021,12:00,282.936
8/16/2021,18:00,287.227
8/17/2021,0:00,287.913
8/17/2021,6:00,286.908
8/17/2021,12:00,286.647
8/17/2021,18:00,290.52
8/18/2021,0:00,294.065
8/18/2021,6:00,292.455
8/18/2021,12:00,293.685
8/18/2021,18:00,297.231
8/19/2021,0:00,298.238
8/19/2021,6:00,294.823
8/19/2021,12:00,294.55
8/19/2021,18:00,297.297
8/20/2021,0:00,297.447
8/20/2021,6:00,293.997
8/20/2021,12:00,290.107
8/20/2021,18:00,291.375
8/21/2021,0:00,287.685
8/21/2021,6:00,286.216
8/21/2021,12:00,286.239
8/21/2021,18:00,288.615
8/22/2021,0:00,292.298
8/22/2021,6:00,290.002
8/22/2021,12:00,290.401
8/22/2021,18:00,294.704
8/23/2021,0:00,290.348
8/23/2021,6:00,290.161
8/23/2021,12:00,288.475
8/23/2021,18:00,288.578
8/24/2021,0:00,288.304
8/24/2021,6:00,286.542
8/24/2021,12:00,284.778
8/24/2021,18:00,286.198
8/25/2021,0:00,286.48
8/25/2021,6:00,286.532
8/25/2021,12:00,286.563
8/25/2021,18:00,286.363
8/26/2021,0:00,285.739
8/26/2021,6:00,284.875
8/26/2021,12:00,282.361
8/26/2021,18:00,284.682
8/27/2021,0:00,284.128
8/27/2021,6:00,281.868
8/27/2021,12:00,280.691
8/27/2021,18:00,285.349
8/28/2021,0:00,284.718
8/28/2021,6:00,282.088
8/28/2021,12:00,281.685
8/28/2021,18:00,286.666
8/29/2021,0:00,288.923
8/29/2021,6:00,285.728
8/29/2021,12:00,284.945
8/29/2021,18:00,289.384
8/30/2021,0:00,290.129
8/30/2021,6:00,288.264
8/30/2021,12:00,287.418
8/30/2021,18:00,291.8
8/31/2021,0:00,292.398
8/31/2021,6:00,288.641
8/31/2021,12:00,287.243
8/31/2021,18:00,291.7
9/1/2021,0:00,292.104
9/1/2021,6:00,289.834
9/1/2021,12:00,289.131
9/1/2021,18:00,293.52
9/2/2021,0:00,293.906
9/2/2021,6:00,291.895
9/2/2021,12:00,291.495
9/2/2021,18:00,294.68
9/3/2021,0:00,289.734
9/3/2021,6:00,288.938
9/3/2021,12:00,287.596
9/3/2021,18:00,290.296
9/4/2021,0:00,288.644
9/4/2021,6:00,286.59
9/4/2021,12:00,285.916
9/4/2021,18:00,289.5
9/5/2021,0:00,289.604
9/5/2021,6:00,288.216
9/5/2021,12:00,289.08
9/5/2021,18:00,290.849
9/6/2021,0:00,289.02
9/6/2021,6:00,285.89
9/6/2021,12:00,285.833
9/6/2021,18:00,289.661
9/7/2021,0:00,290.367
9/7/2021,6:00,289.065
9/7/2021,12:00,288.877
9/7/2021,18:00,290.145
9/8/2021,0:00,290.853
9/8/2021,6:00,289.358
9/8/2021,12:00,289.726
9/8/2021,18:00,288.846
9/9/2021,0:00,285.1
9/9/2021,6:00,283.224
9/9/2021,12:00,282.6
9/9/2021,18:00,284.1
9/10/2021,0:00,285.894
9/10/2021,6:00,282.301
9/10/2021,12:00,283.363
9/10/2021,18:00,285.896
9/11/2021,0:00,286.89
9/11/2021,6:00,284.918
9/11/2021,12:00,283.279
9/11/2021,18:00,287.53
9/12/2021,0:00,287.138
9/12/2021,6:00,285.751
9/12/2021,12:00,285.9
9/12/2021,18:00,292.303
9/13/2021,0:00,296.595
9/13/2021,6:00,292.217
9/13/2021,12:00,292.628
9/13/2021,18:00,293.802
9/14/2021,0:00,294.352
9/14/2021,6:00,291.315
9/14/2021,12:00,290.2
9/14/2021,18:00,288.858
9/15/2021,0:00,284.52
9/15/2021,6:00,281.7
9/15/2021,12:00,280.686
9/15/2021,18:00,285.516
9/16/2021,0:00,284.5
9/16/2021,6:00,282.008
9/16/2021,12:00,280.773
9/16/2021,18:00,286.255
9/17/2021,0:00,285.9
9/17/2021,6:00,283.667
9/17/2021,12:00,282.6
9/17/2021,18:00,287.223
9/18/2021,0:00,287.386
9/18/2021,6:00,286.965
9/18/2021,12:00,288.081
9/18/2021,18:00,290.5
9/19/2021,0:00,290.689
9/19/2021,6:00,289.99
9/19/2021,12:00,289.1
9/19/2021,18:00,292.9
9/20/2021,0:00,294.4
9/20/2021,6:00,293.49
9/20/2021,12:00,294.427
9/20/2021,18:00,298.391
9/21/2021,0:00,292.971
9/21/2021,6:00,288.853
9/21/2021,12:00,285.967
9/21/2021,18:00,286.419
9/22/2021,0:00,285.841
9/22/2021,6:00,282.568
9/22/2021,12:00,280.64
9/22/2021,18:00,285.351
9/23/2021,0:00,287.386
9/23/2021,6:00,285.621
9/23/2021,12:00,285.81
9/23/2021,18:00,285.8
9/24/2021,0:00,289.251
9/24/2021,6:00,284.4
9/24/2021,12:00,283.376
9/24/2021,18:00,288.663
9/25/2021,0:00,285.8
9/25/2021,6:00,284.056
9/25/2021,12:00,282.828
9/25/2021,18:00,288.728
9/26/2021,0:00,287.911
9/26/2021,6:00,284.937
9/26/2021,12:00,284.502
9/26/2021,18:00,290.6
9/27/2021,0:00,290.018
9/27/2021,6:00,287.059
9/27/2021,12:00,286.316
9/27/2021,18:00,292.927
9/28/2021,0:00,293.191
9/28/2021,6:00,290.04
9/28/2021,12:00,289.539
9/28/2021,18:00,290.102
9/29/2021,0:00,289.197
9/29/2021,6:00,289.508
9/29/2021,12:00,287.3
9/29/2021,18:00,290.354
9/30/2021,0:00,291.572
9/30/2021,6:00,289.1
9/30/2021,12:00,288.1
9/30/2021,18:00,291.057
10/1/2021,0:00,293.276
10/1/2021,6:00,291.566
10/1/2021,12:00,290.924
10/1/2021,18:00,290.444
10/2/2021,0:00,289.46
10/2/2021,6:00,286.876
10/2/2021,12:00,286.255
10/2/2021,18:00,290.317
10/3/2021,0:00,292.478
10/3/2021,6:00,289.559
10/3/2021,12:00,287.466
10/3/2021,18:00,290.243
10/4/2021,0:00,287.166
10/4/2021,6:00,283.295
10/4/2021,12:00,280.079
10/4/2021,18:00,285.7
10/5/2021,0:00,284.156
10/5/2021,6:00,281.145
10/5/2021,12:00,280.728
10/5/2021,18:00,287.425
10/6/2021,0:00,287.548
10/6/2021,6:00,285.015
10/6/2021,12:00,284.561
10/6/2021,18:00,289.933
10/7/2021,0:00,290.94
10/7/2021,6:00,283.814
10/7/2021,12:00,281.488
10/7/2021,18:00,285.564
10/8/2021,0:00,285.071
10/8/2021,6:00,283.179
10/8/2021,12:00,282.87
10/8/2021,18:00,286.423
10/9/2021,0:00,290.589
10/9/2021,6:00,287.893
10/9/2021,12:00,286.904
10/9/2021,18:00,290.526
10/10/2021,0:00,290.645
10/10/2021,6:00,289.669
10/10/2021,12:00,288.856
10/10/2021,18:00,290.061
10/11/2021,0:00,290.903
10/11/2021,6:00,290.445
10/11/2021,12:00,289.901
10/11/2021,18:00,291.095
10/12/2021,0:00,288.997
10/12/2021,6:00,286.902
10/12/2021,12:00,286.22
10/12/2021,18:00,292.086
10/13/2021,0:00,291.671
10/13/2021,6:00,289.453
10/13/2021,12:00,288.997
10/13/2021,18:00,294.671
10/14/2021,0:00,292.571
10/14/2021,6:00,291.549
10/14/2021,12:00,290.36
10/14/2021,18:00,293.199
10/15/2021,0:00,292.868
10/15/2021,6:00,290.885
10/15/2021,12:00,287.74
10/15/2021,18:00,287.682
10/16/2021,0:00,287.258
10/16/2021,6:00,282.597
10/16/2021,12:00,281.551
10/16/2021,18:00,286.781
10/17/2021,0:00,286.244
10/17/2021,6:00,284.101
10/17/2021,12:00,283.014
10/17/2021,18:00,287.944
10/18/2021,0:00,286.683
10/18/2021,6:00,282.814
10/18/2021,12:00,282.547
10/18/2021,18:00,289.5
10/19/2021,0:00,287.894
10/19/2021,6:00,284.819
10/19/2021,12:00,284.261
10/19/2021,18:00,291.2
10/20/2021,0:00,289.736
10/20/2021,6:00,285.143
10/20/2021,12:00,283.7
10/20/2021,18:00,290.888
10/21/2021,0:00,288.673
10/21/2021,6:00,284.68
10/21/2021,12:00,283.8
10/21/2021,18:00,291.246
10/22/2021,0:00,288.767
10/22/2021,6:00,285.014
10/22/2021,12:00,284.42
10/22/2021,18:00,292.233
10/23/2021,0:00,291.608
10/23/2021,6:00,289.395
10/23/2021,12:00,288.296
10/23/2021,18:00,290.553
10/24/2021,0:00,288.535
10/24/2021,6:00,285.5
10/24/2021,12:00,283.813
10/24/2021,18:00,289.8
10/25/2021,0:00,288.925
10/25/2021,6:00,285.131
10/25/2021,12:00,284.55
10/25/2021,18:00,292.101
10/26/2021,0:00,291.461
10/26/2021,6:00,288.289
10/26/2021,12:00,287.64
10/26/2021,18:00,295.742
10/27/2021,0:00,294.003
10/27/2021,6:00,290.694
10/27/2021,12:00,289.946
10/27/2021,18:00,297.659
10/28/2021,0:00,294.737
10/28/2021,6:00,291.372
10/28/2021,12:00,289.759
10/28/2021,18:00,296.549
10/29/2021,0:00,293.653
10/29/2021,6:00,290.713
10/29/2021,12:00,289.173
10/29/2021,18:00,295.826
10/30/2021,0:00,296.63
10/30/2021,6:00,291.048
10/30/2021,12:00,289.98
10/30/2021,18:00,296.879
10/31/2021,0:00,295.493
10/31/2021,6:00,292.329
10/31/2021,12:00,291.44
10/31/2021,18:00,298.228
11/1/2021,0:00,296.502
11/1/2021,6:00,292.536
11/1/2021,12:00,292.15
11/1/2021,18:00,298.778
11/2/2021,0:00,297.595
11/2/2021,6:00,294.212
11/2/2021,12:00,293.69
11/2/2021,18:00,299.876
11/3/2021,0:00,292.661
11/3/2021,6:00,292.231
11/3/2021,12:00,291.946
11/3/2021,18:00,294.564
11/4/2021,0:00,294.942
11/4/2021,6:00,291.891
11/4/2021,12:00,291.232
11/4/2021,18:00,296.933
11/5/2021,0:00,298.922
11/5/2021,6:00,292.757
11/5/2021,12:00,292.078
11/5/2021,18:00,296.906
11/6/2021,0:00,293.1
11/6/2021,6:00,288.567
11/6/2021,12:00,287.017
11/6/2021,18:00,288.65
11/7/2021,0:00,290.392
11/7/2021,6:00,289.019
11/7/2021,12:00,288.391
11/7/2021,18:00,291.724
11/8/2021,0:00,291.502
11/8/2021,6:00,287.148
11/8/2021,12:00,285.733
11/8/2021,18:00,292.907
11/9/2021,0:00,291.31
11/9/2021,6:00,287.649
11/9/2021,12:00,285.636
11/9/2021,18:00,293.957
11/10/2021,0:00,292.076
11/10/2021,6:00,288.256
11/10/2021,12:00,286.968
11/10/2021,18:00,292.566
11/11/2021,0:00,292.58
11/11/2021,6:00,287.543
11/11/2021,12:00,286.27
11/11/2021,18:00,292.504
11/12/2021,0:00,292.479
11/12/2021,6:00,287.457
11/12/2021,12:00,286.837
11/12/2021,18:00,292.979
11/13/2021,0:00,294.471
11/13/2021,6:00,287.82
11/13/2021,12:00,286.773
11/13/2021,18:00,294.559
11/14/2021,0:00,298.543
11/14/2021,6:00,292.278
11/14/2021,12:00,291.972
11/14/2021,18:00,297.921
11/15/2021,0:00,292.825
11/15/2021,6:00,290.727
11/15/2021,12:00,291.86
11/15/2021,18:00,298.877
11/16/2021,0:00,298.484
11/16/2021,6:00,295.839
11/16/2021,12:00,293.653
11/16/2021,18:00,291.535
11/17/2021,0:00,293.163
11/17/2021,6:00,288.959
11/17/2021,12:00,286.842
11/17/2021,18:00,286.838
11/18/2021,0:00,288.674
11/18/2021,6:00,285.442
11/18/2021,12:00,284.704
11/18/2021,18:00,292.026
11/19/2021,0:00,290.478
11/19/2021,6:00,286.18
11/19/2021,12:00,285.291
11/19/2021,18:00,293.189
11/20/2021,0:00,291.854
11/20/2021,6:00,287.25
11/20/2021,12:00,286.583
11/20/2021,18:00,295.362
11/21/2021,0:00,293.783
11/21/2021,6:00,290.674
11/21/2021,12:00,289.978
11/21/2021,18:00,299.376
11/22/2021,0:00,296.315
11/22/2021,6:00,292.785
11/22/2021,12:00,291.76
11/22/2021,18:00,301.794
11/23/2021,0:00,301.22
11/23/2021,6:00,295.957
11/23/2021,12:00,291.719
11/23/2021,18:00,295.832
11/24/2021,0:00,292.116
11/24/2021,6:00,288.477
11/24/2021,12:00,286.258
11/24/2021,18:00,296.081
11/25/2021,0:00,296.006
11/25/2021,6:00,292.008
11/25/2021,12:00,291.614
11/25/2021,18:00,293.11
11/26/2021,0:00,294.216
11/26/2021,6:00,291.338
11/26/2021,12:00,290.362
11/26/2021,18:00,293.502
11/27/2021,0:00,294.444
11/27/2021,6:00,289.285
11/27/2021,12:00,288.387
11/27/2021,18:00,295.832
11/28/2021,0:00,294.323
11/28/2021,6:00,293.481
11/28/2021,12:00,291.859
11/28/2021,18:00,292.317
11/29/2021,0:00,292.251
11/29/2021,6:00,287.626
11/29/2021,12:00,287.618
11/29/2021,18:00,291.799
11/30/2021,0:00,293.558
11/30/2021,6:00,289.006
11/30/2021,12:00,287.797
11/30/2021,18:00,295.791
12/1/2021,0:00,292.722
12/1/2021,6:00,287.865
12/1/2021,12:00,287.156
12/1/2021,18:00,295.434
12/2/2021,0:00,293.89
12/2/2021,6:00,289.106
12/2/2021,12:00,287.898
12/2/2021,18:00,294.911
12/3/2021,0:00,292.761
12/3/2021,6:00,288.414
12/3/2021,12:00,286.931
12/3/2021,18:00,294.544
12/4/2021,0:00,295.851
12/4/2021,6:00,289.966
12/4/2021,12:00,288.824
12/4/2021,18:00,296.43
12/5/2021,0:00,299.042
12/5/2021,6:00,292.876
12/5/2021,12:00,290.797
12/5/2021,18:00,297.767
12/6/2021,0:00,296.857
12/6/2021,6:00,291.146
12/6/2021,12:00,289.926
12/6/2021,18:00,297.654
12/7/2021,0:00,296.833
12/7/2021,6:00,290.863
12/7/2021,12:00,289.239
12/7/2021,18:00,296.088
12/8/2021,0:00,295.118
12/8/2021,6:00,289.469
12/8/2021,12:00,287.964
12/8/2021,18:00,296.122
12/9/2021,0:00,295.477
12/9/2021,6:00,290.085
12/9/2021,12:00,287.49
12/9/2021,18:00,295.454
12/10/2021,0:00,296.209
12/10/2021,6:00,291.05
12/10/2021,12:00,288.264
12/10/2021,18:00,296.05
12/11/2021,0:00,296.977
12/11/2021,6:00,293.002
12/11/2021,12:00,289.623
12/11/2021,18:00,298.488
12/12/2021,0:00,298.336
12/12/2021,6:00,294.676
12/12/2021,12:00,293.718
12/12/2021,18:00,301.275
12/13/2021,0:00,299.652
12/13/2021,6:00,294.175
12/13/2021,12:00,293.818
12/13/2021,18:00,297.604
12/14/2021,0:00,293.953
12/14/2021,6:00,293.326
12/14/2021,12:00,293.719
12/14/2021,18:00,292.729
12/15/2021,0:00,294.237
12/15/2021,6:00,292.507
12/15/2021,12:00,292.279
12/15/2021,18:00,295.095
12/16/2021,0:00,295.684
12/16/2021,6:00,291.017
12/16/2021,12:00,290.318
12/16/2021,18:00,297.587
12/17/2021,0:00,297.271
12/17/2021,6:00,291.833
12/17/2021,12:00,289.958
12/17/2021,18:00,296.867
12/18/2021,0:00,297.581
12/18/2021,6:00,291.495
12/18/2021,12:00,291.384
12/18/2021,18:00,297.503
12/19/2021,0:00,298.465
12/19/2021,6:00,292.005
12/19/2021,12:00,290.602
12/19/2021,18:00,298.902
12/20/2021,0:00,302.562
12/20/2021,6:00,297.126
12/20/2021,12:00,296.173
12/20/2021,18:00,305.373
12/21/2021,0:00,304.961
12/21/2021,6:00,296.905
12/21/2021,12:00,294.671
12/21/2021,18:00,303.185
12/22/2021,0:00,296.341
12/22/2021,6:00,294.041
12/22/2021,12:00,292.779
12/22/2021,18:00,299.492
12/23/2021,0:00,300.52
12/23/2021,6:00,291.878
12/23/2021,12:00,288.973
12/23/2021,18:00,296.852
12/24/2021,0:00,296.965
12/24/2021,6:00,290.908
12/24/2021,12:00,288.156
12/24/2021,18:00,297.5
12/25/2021,0:00,298.605
12/25/2021,6:00,291.314
12/25/2021,12:00,289.351
12/25/2021,18:00,301.07
12/26/2021,0:00,302.828
12/26/2021,6:00,294.889
12/26/2021,12:00,293.356
12/26/2021,18:00,300.69
12/27/2021,0:00,300.128
12/27/2021,6:00,292.048
12/27/2021,12:00,290.642
12/27/2021,18:00,301.626
12/28/2021,0:00,300.836
12/28/2021,6:00,294.508
12/28/2021,12:00,292.13
12/28/2021,18:00,301.992
12/29/2021,0:00,301.121
12/29/2021,6:00,293.879
12/29/2021,12:00,290.682
12/29/2021,18:00,300.243
12/30/2021,0:00,302.57
12/30/2021,6:00,294.171
12/30/2021,12:00,291.206
12/30/2021,18:00,300.999
12/31/2021,0:00,303.368
12/31/2021,6:00,297.554
12/31/2021,12:00,295.012
12/31/2021,18:00,301.898
1/1/2022,0:00,304.111
1/1/2022,6:00,296.006
1/1/2022,12:00,296.053
1/1/2022,18:00,306.335
1/2/2022,0:00,306.541
1/2/2022,6:00,296.809
1/2/2022,12:00,295.296
1/2/2022,18:00,306.332
1/3/2022,0:00,303.541
1/3/2022,6:00,295.999
1/3/2022,12:00,295.834
1/3/2022,18:00,303.784
1/4/2022,0:00,297.459
1/4/2022,6:00,295.568
1/4/2022,12:00,296.072
1/4/2022,18:00,301.886
1/5/2022,0:00,298.937
1/5/2022,6:00,293.466
1/5/2022,12:00,293.788
1/5/2022,18:00,293.731
1/6/2022,0:00,298.844
1/6/2022,6:00,290.335
1/6/2022,12:00,288.105
1/6/2022,18:00,295.797
1/7/2022,0:00,298.736
1/7/2022,6:00,291.301
1/7/2022,12:00,289.307
1/7/2022,18:00,296.34
1/8/2022,0:00,298.143
1/8/2022,6:00,291.286
1/8/2022,12:00,289.48
1/8/2022,18:00,296.303
1/9/2022,0:00,297.933
1/9/2022,6:00,292.223
1/9/2022,12:00,290.585
1/9/2022,18:00,298.546
1/10/2022,0:00,301.441
1/10/2022,6:00,293.028
1/10/2022,12:00,289.808
1/10/2022,18:00,298.647
1/11/2022,0:00,301.003
1/11/2022,6:00,293.453
1/11/2022,12:00,291.025
1/11/2022,18:00,301.36
1/12/2022,0:00,302.913
1/12/2022,6:00,296.01
1/12/2022,12:00,293.942
1/12/2022,18:00,303.97
1/13/2022,0:00,304.781
1/13/2022,6:00,296.189
1/13/2022,12:00,293.686
1/13/2022,18:00,304.193
1/14/2022,0:00,304.412
1/14/2022,6:00,297.543
1/14/2022,12:00,296.207
1/14/2022,18:00,305.249
1/15/2022,0:00,303.918
1/15/2022,6:00,299.963
1/15/2022,12:00,299.214
1/15/2022,18:00,305.529
1/16/2022,0:00,305.038
1/16/2022,6:00,297.016
1/16/2022,12:00,297.605
1/16/2022,18:00,305.11
1/17/2022,0:00,307.858
1/17/2022,6:00,299.053
1/17/2022,12:00,296.255
1/17/2022,18:00,307.522
1/18/2022,0:00,298.477
1/18/2022,6:00,296.316
1/18/2022,12:00,296.202
1/18/2022,18:00,306.433
1/19/2022,0:00,304.533
1/19/2022,6:00,299.615
1/19/2022,12:00,298.712
1/19/2022,18:00,306.965
1/20/2022,0:00,304.183
1/20/2022,6:00,300.543
1/20/2022,12:00,299.525
1/20/2022,18:00,307.402
1/21/2022,0:00,303.123
1/21/2022,6:00,299.755
1/21/2022,12:00,298.437
1/21/2022,18:00,306.579
1/22/2022,0:00,306.539
1/22/2022,6:00,302.1
1/22/2022,12:00,298.456
1/22/2022,18:00,308.225
1/23/2022,0:00,306.806
1/23/2022,6:00,304.211
1/23/2022,12:00,301.393
1/23/2022,18:00,308.938
1/24/2022,0:00,306.658
1/24/2022,6:00,301.446
1/24/2022,12:00,299.179
1/24/2022,18:00,307.526
1/25/2022,0:00,301.472
1/25/2022,6:00,296.253
1/25/2022,12:00,297.731
1/25/2022,18:00,305.621
1/26/2022,0:00,298.11
1/26/2022,6:00,296.478
1/26/2022,12:00,297.908
1/26/2022,18:00,301.079
1/27/2022,0:00,296.904
1/27/2022,6:00,294.338
1/27/2022,12:00,293.989
1/27/2022,18:00,293.733
1/28/2022,0:00,296.19
1/28/2022,6:00,291.135
1/28/2022,12:00,289.301
1/28/2022,18:00,295.35
1/29/2022,0:00,296.493
1/29/2022,6:00,290.665
1/29/2022,12:00,289.014
1/29/2022,18:00,295.952
1/30/2022,0:00,296.717
1/30/2022,6:00,291.925
1/30/2022,12:00,289.159
1/30/2022,18:00,296.777
1/31/2022,0:00,298.155
1/31/2022,6:00,294.367
1/31/2022,12:00,293.164
1/31/2022,18:00,301.022
2/1/2022,0:00,301.224
2/1/2022,6:00,294.309
2/1/2022,12:00,291.74
2/1/2022,18:00,298.273
2/2/2022,0:00,302.42
2/2/2022,6:00,296.184
2/2/2022,12:00,294.031
2/2/2022,18:00,303.203
2/3/2022,0:00,304.62
2/3/2022,6:00,298.068
2/3/2022,12:00,296.37
2/3/2022,18:00,301.948
2/4/2022,0:00,294.153
2/4/2022,6:00,293.647
2/4/2022,12:00,293.813
2/4/2022,18:00,297.349
2/5/2022,0:00,301.387
2/5/2022,6:00,298.316
2/5/2022,12:00,294.671
2/5/2022,18:00,300.409
2/6/2022,0:00,299.328
2/6/2022,6:00,291.436
2/6/2022,12:00,290.012
2/6/2022,18:00,294.627
2/7/2022,0:00,293.405
2/7/2022,6:00,287.988
2/7/2022,12:00,286.64
2/7/2022,18:00,294.541
2/8/2022,0:00,296.325
2/8/2022,6:00,289.725
2/8/2022,12:00,287.436
2/8/2022,18:00,295.239
2/9/2022,0:00,295.602
2/9/2022,6:00,289.144
2/9/2022,12:00,287.685
2/9/2022,18:00,295.727
2/10/2022,0:00,297.251
2/10/2022,6:00,291.609
2/10/2022,12:00,288.562
2/10/2022,18:00,296.909
2/11/2022,0:00,301.198
2/11/2022,6:00,293.698
2/11/2022,12:00,293.209
2/11/2022,18:00,300.619
2/12/2022,0:00,303.455
2/12/2022,6:00,298.369
2/12/2022,12:00,297.184
2/12/2022,18:00,296.436
2/13/2022,0:00,297.424
2/13/2022,6:00,291.862
2/13/2022,12:00,289.351
2/13/2022,18:00,295.379
2/14/2022,0:00,294.536
2/14/2022,6:00,288.004
2/14/2022,12:00,286.811
2/14/2022,18:00,294.791
2/15/2022,0:00,297.41
2/15/2022,6:00,290.894
2/15/2022,12:00,289.785
2/15/2022,18:00,299.404
2/16/2022,0:00,299.741
2/16/2022,6:00,293.016
2/16/2022,12:00,290.133
2/16/2022,18:00,299.61
2/17/2022,0:00,301.053
2/17/2022,6:00,294.812
2/17/2022,12:00,292.192
2/17/2022,18:00,301.249
2/18/2022,0:00,302.506
2/18/2022,6:00,294.699
2/18/2022,12:00,290.831
2/18/2022,18:00,298.442
2/19/2022,0:00,300.379
2/19/2022,6:00,293.535
2/19/2022,12:00,290.335
2/19/2022,18:00,298.797
2/20/2022,0:00,300.662
2/20/2022,6:00,295.728
2/20/2022,12:00,293.564
2/20/2022,18:00,300.551
2/21/2022,0:00,297.031
2/21/2022,6:00,295.116
2/21/2022,12:00,293.318
2/21/2022,18:00,298.761
2/22/2022,0:00,301.25
2/22/2022,6:00,295.877
2/22/2022,12:00,293.04
2/22/2022,18:00,296.493
2/23/2022,0:00,299.145
2/23/2022,6:00,292.927
2/23/2022,12:00,290.968
2/23/2022,18:00,298.558
2/24/2022,0:00,300.347
2/24/2022,6:00,294.137
2/24/2022,12:00,292.505
2/24/2022,18:00,300.45
2/25/2022,0:00,302.811
2/25/2022,6:00,295.488
2/25/2022,12:00,293.403
2/25/2022,18:00,299.932
2/26/2022,0:00,299.113
2/26/2022,6:00,296.857
2/26/2022,12:00,296.237
2/26/2022,18:00,302.893
2/27/2022,0:00,305.334
2/27/2022,6:00,299.417
2/27/2022,12:00,297.77
2/27/2022,18:00,304.828
2/28/2022,0:00,294.975
2/28/2022,6:00,295.62
2/28/2022,12:00,296.06
2/28/2022,18:00,299.388
3/1/2022,0:00,294.827
3/1/2022,6:00,293.781
3/1/2022,12:00,291.989
3/1/2022,18:00,294.568
3/2/2022,0:00,297.554
3/2/2022,6:00,293.666
3/2/2022,12:00,292.289
3/2/2022,18:00,297.986
3/3/2022,0:00,296.963
3/3/2022,6:00,292.868
3/3/2022,12:00,292.716
3/3/2022,18:00,297.929
3/4/2022,0:00,297.594
3/4/2022,6:00,293.474
3/4/2022,12:00,293.076
3/4/2022,18:00,300.546
3/5/2022,0:00,301.537
3/5/2022,6:00,297.769
3/5/2022,12:00,296.931
3/5/2022,18:00,303.807
3/6/2022,0:00,296.716
3/6/2022,6:00,294.582
3/6/2022,12:00,294.647
3/6/2022,18:00,295.794
3/7/2022,0:00,294.365
3/7/2022,6:00,294.545
3/7/2022,12:00,294.358
3/7/2022,18:00,298.682
3/8/2022,0:00,293.729
3/8/2022,6:00,293.676
3/8/2022,12:00,292.611
3/8/2022,18:00,295.099
3/9/2022,0:00,296.3
3/9/2022,6:00,293.924
3/9/2022,12:00,293.68
3/9/2022,18:00,296.522
3/10/2022,0:00,295.109
3/10/2022,6:00,294.343
3/10/2022,12:00,293.765
3/10/2022,18:00,293.904
3/11/2022,0:00,292.875
3/11/2022,6:00,292.799
3/11/2022,12:00,292.053
3/11/2022,18:00,293.246
3/12/2022,0:00,289.962
3/12/2022,6:00,287.279
3/12/2022,12:00,286.33
3/12/2022,18:00,290.955
3/13/2022,0:00,291.347
3/13/2022,6:00,289.335
3/13/2022,12:00,287.42
3/13/2022,18:00,292.207
3/14/2022,0:00,289.442
3/14/2022,6:00,287.781
3/14/2022,12:00,288.246
3/14/2022,18:00,292.859
3/15/2022,0:00,292.3
3/15/2022,6:00,289.124
3/15/2022,12:00,288.674
3/15/2022,18:00,293.264
3/16/2022,0:00,293.807
3/16/2022,6:00,290.564
3/16/2022,12:00,290.506
3/16/2022,18:00,295.081
3/17/2022,0:00,296.505
3/17/2022,6:00,293.16
3/17/2022,12:00,292.846
3/17/2022,18:00,297.508
3/18/2022,0:00,298.066
3/18/2022,6:00,294.667
3/18/2022,12:00,294.858
3/18/2022,18:00,299.461
3/19/2022,0:00,291.625
3/19/2022,6:00,287.772
3/19/2022,12:00,287.209
3/19/2022,18:00,288.833
3/20/2022,0:00,287.877
3/20/2022,6:00,285.623
3/20/2022,12:00,284.007
3/20/2022,18:00,288.747
3/21/2022,0:00,289.242
3/21/2022,6:00,286.389
3/21/2022,12:00,286.16
3/21/2022,18:00,291.208
3/22/2022,0:00,296.231
3/22/2022,6:00,290.473
3/22/2022,12:00,288.992
3/22/2022,18:00,294.842
3/23/2022,0:00,292.23
3/23/2022,6:00,291.418
3/23/2022,12:00,291.405
3/23/2022,18:00,294.899
3/24/2022,0:00,293.067
3/24/2022,6:00,291.847
3/24/2022,12:00,292.202
3/24/2022,18:00,293.138
3/25/2022,0:00,286.878
3/25/2022,6:00,284.493
3/25/2022,12:00,284.142
3/25/2022,18:00,287.771
3/26/2022,0:00,290.758
3/26/2022,6:00,289.587
3/26/2022,12:00,289.151
3/26/2022,18:00,291.075
3/27/2022,0:00,291.74
3/27/2022,6:00,289.088
3/27/2022,12:00,288.117
3/27/2022,18:00,292.557
3/28/2022,0:00,292.627
3/28/2022,6:00,289.89
3/28/2022,12:00,288.303
3/28/2022,18:00,293.405
3/29/2022,0:00,292.841
3/29/2022,6:00,289.972
3/29/2022,12:00,288.879
3/29/2022,18:00,294.528
3/30/2022,0:00,296.76
3/30/2022,6:00,293.509
3/30/2022,12:00,285.334
3/30/2022,18:00,285.4
3/31/2022,0:00,286.4
3/31/2022,6:00,282.552
3/31/2022,12:00,280.152
3/31/2022,18:00,284.814
4/1/2022,0:00,285.366
4/1/2022,6:00,281.96
4/1/2022,12:00,281.004
4/1/2022,18:00,285.991
4/2/2022,0:00,286.668
4/2/2022,6:00,283.237
4/2/2022,12:00,282.747
4/2/2022,18:00,287.497
4/3/2022,0:00,290.397
4/3/2022,6:00,289.443
4/3/2022,12:00,289.251
4/3/2022,18:00,290.043
4/4/2022,0:00,290.837
4/4/2022,6:00,290.991
4/4/2022,12:00,290.979
4/4/2022,18:00,293.34
4/5/2022,0:00,292.612
4/5/2022,6:00,289.337
4/5/2022,12:00,288.8
4/5/2022,18:00,291.869
4/6/2022,0:00,293.622
4/6/2022,6:00,290.241
4/6/2022,12:00,289.239
4/6/2022,18:00,292.358
4/7/2022,0:00,293.458
4/7/2022,6:00,291.939
4/7/2022,12:00,291.3
4/7/2022,18:00,292.647
4/8/2022,0:00,291.914
4/8/2022,6:00,290.314
4/8/2022,12:00,290.758
4/8/2022,18:00,293.238
4/9/2022,0:00,292.4
4/9/2022,6:00,290.046
4/9/2022,12:00,289.119
4/9/2022,18:00,292.139
4/10/2022,0:00,291.232
4/10/2022,6:00,289.221
4/10/2022,12:00,288.928
4/10/2022,18:00,292.3
4/11/2022,0:00,293
4/11/2022,6:00,292.254
4/11/2022,12:00,291.5
4/11/2022,18:00,292.4
4/12/2022,0:00,292.783
4/12/2022,6:00,292.502
4/12/2022,12:00,291.602
4/12/2022,18:00,292.277
4/13/2022,0:00,292.015
4/13/2022,6:00,289.004
4/13/2022,12:00,286.815
4/13/2022,18:00,289.823
4/14/2022,0:00,288.548
4/14/2022,6:00,283.281
4/14/2022,12:00,281.853
4/14/2022,18:00,286.255
4/15/2022,0:00,285.741
4/15/2022,6:00,283.065
4/15/2022,12:00,281.062
4/15/2022,18:00,285.759
4/16/2022,0:00,286.342
4/16/2022,6:00,284.474
4/16/2022,12:00,283.534
4/16/2022,18:00,287.688
4/17/2022,0:00,287.226
4/17/2022,6:00,285.3
4/17/2022,12:00,284.2
4/17/2022,18:00,288.009
4/18/2022,0:00,288.401
4/18/2022,12:00,285.1
4/18/2022,18:00,289.6
4/19/2022,0:00,290.314
4/19/2022,6:00,287.911
4/19/2022,12:00,287.177
4/19/2022,18:00,291.614
4/20/2022,0:00,291.445
4/20/2022,6:00,288.656
4/20/2022,12:00,287.658
4/20/2022,18:00,291.851
4/21/2022,0:00,291.5
4/21/2022,6:00,289.193
4/21/2022,12:00,288.749
4/21/2022,18:00,292.779
4/22/2022,0:00,293.456
4/22/2022,6:00,289.5
4/22/2022,12:00,288.445
4/22/2022,18:00,292.053
4/23/2022,0:00,289.621
4/23/2022,6:00,284.685
4/23/2022,12:00,281.977
4/23/2022,18:00,285.828
4/24/2022,0:00,286.71
4/24/2022,6:00,283.967
4/24/2022,12:00,283.303
4/24/2022,18:00,288.662
4/25/2022,0:00,294.335
4/25/2022,6:00,293.744
4/25/2022,12:00,294.412
4/25/2022,18:00,294.815
4/26/2022,0:00,296.044
4/26/2022,6:00,293.873
4/26/2022,12:00,291.344
4/26/2022,18:00,295.094
4/27/2022,0:00,296.387
4/27/2022,6:00,295.803
4/27/2022,12:00,296.802
4/27/2022,18:00,298.805
4/28/2022,0:00,295.362
4/28/2022,6:00,292.928
4/28/2022,12:00,292.631
4/28/2022,18:00,291.331
4/29/2022,0:00,288.302
4/29/2022,6:00,284.95
4/29/2022,12:00,281.902
4/29/2022,18:00,284.094
4/30/2022,0:00,283.6
4/30/2022,6:00,282.824
4/30/2022,12:00,283.851
4/30/2022,18:00,284.487
5/1/2022,0:00,287.898
5/1/2022,6:00,287.315
5/1/2022,12:00,287.855
5/1/2022,18:00,288.032
5/2/2022,0:00,287.948
5/2/2022,6:00,286.348
5/2/2022,12:00,284.802
5/2/2022,18:00,284.956
5/3/2022,0:00,285.922
5/3/2022,6:00,285.459
5/3/2022,12:00,285.005
5/3/2022,18:00,285.482
5/4/2022,0:00,285.103
5/4/2022,6:00,284.926
5/4/2022,12:00,285.617
5/4/2022,18:00,286.733
5/5/2022,0:00,289.091
5/5/2022,6:00,286.265
5/5/2022,12:00,285.13
5/5/2022,18:00,288.1
5/6/2022,0:00,288.528
5/6/2022,6:00,285.103
5/6/2022,12:00,284.185
5/6/2022,18:00,287.51
5/7/2022,0:00,287.556
5/7/2022,6:00,286.09
5/7/2022,12:00,284.34
5/7/2022,18:00,287.363
5/8/2022,0:00,286.3
5/8/2022,6:00,284.046
5/8/2022,12:00,284.119
5/8/2022,18:00,288.058
5/9/2022,0:00,289.249
5/9/2022,6:00,286.676
5/9/2022,12:00,284.5
5/9/2022,18:00,288.241
5/10/2022,0:00,288.705
5/10/2022,6:00,288.046
5/10/2022,12:00,287.9
5/10/2022,18:00,288.7
5/11/2022,0:00,287.899
5/11/2022,6:00,285.5
5/11/2022,12:00,284.602
5/11/2022,18:00,287.602
5/12/2022,0:00,285.796
5/12/2022,6:00,283.437
5/12/2022,12:00,281.678
5/12/2022,18:00,285
5/13/2022,0:00,284.561
5/13/2022,6:00,282.399
5/13/2022,12:00,281.543
5/13/2022,18:00,285.09
5/14/2022,0:00,286.065
5/14/2022,6:00,285.281
5/14/2022,12:00,285.086
5/14/2022,18:00,286.995
5/15/2022,0:00,289.3
5/15/2022,6:00,288.132
5/15/2022,12:00,287.273
5/15/2022,18:00,286.986
5/16/2022,0:00,283.1
5/16/2022,6:00,279.422
5/16/2022,12:00,277.672
5/16/2022,18:00,280.759
5/17/2022,0:00,283.86
5/17/2022,6:00,282.688
5/17/2022,12:00,277.957
5/17/2022,18:00,280.041
5/18/2022,0:00,282.248
5/18/2022,6:00,282.712
5/18/2022,12:00,282.593
5/18/2022,18:00,283.748
5/19/2022,0:00,281.935
5/19/2022,6:00,279.629
5/19/2022,12:00,278.741
5/19/2022,18:00,282.259
5/20/2022,0:00,282.517
5/20/2022,6:00,280.575
5/20/2022,12:00,279.452
5/20/2022,18:00,282.751
5/21/2022,0:00,282.798
5/21/2022,6:00,280.871
5/21/2022,12:00,279.8
5/21/2022,18:00,283.382
5/22/2022,0:00,285
5/22/2022,6:00,283.365
5/22/2022,12:00,282.775
5/22/2022,18:00,285.473
5/23/2022,0:00,285.335
5/23/2022,6:00,283.464
5/23/2022,12:00,282.633
5/23/2022,18:00,285.936
5/24/2022,0:00,286.84
5/24/2022,6:00,285.315
5/24/2022,12:00,285.04
5/24/2022,18:00,288.356
5/25/2022,0:00,290.284
5/25/2022,6:00,288.53
5/25/2022,12:00,287.949
5/25/2022,18:00,291.555
5/26/2022,0:00,291.55
5/26/2022,6:00,290.777
5/26/2022,12:00,289.9
5/26/2022,18:00,289
5/27/2022,0:00,289.803
5/27/2022,6:00,290.393
5/27/2022,12:00,289.963
5/27/2022,18:00,290.446
5/28/2022,0:00,290.343
5/28/2022,6:00,289.159
5/28/2022,12:00,289.195
5/28/2022,18:00,289.891
5/29/2022,0:00,290.856
5/29/2022,6:00,290.559
5/29/2022,12:00,288.025
5/29/2022,18:00,288.3
5/30/2022,0:00,283.937
5/30/2022,6:00,279.866
5/30/2022,12:00,277.384
5/30/2022,18:00,279.914
5/31/2022,0:00,278.629
5/31/2022,6:00,276.71
5/31/2022,12:00,275.689
5/31/2022,18:00,278.3
6/1/2022,0:00,278.163
6/1/2022,6:00,276.468
6/1/2022,12:00,275.583
6/1/2022,18:00,278.7
6/2/2022,0:00,278.965
6/2/2022,6:00,277.481
6/2/2022,12:00,276.754
6/2/2022,18:00,279.815
6/3/2022,0:00,279.108
6/3/2022,6:00,277.116
6/3/2022,12:00,276.458
6/3/2022,18:00,279.372
6/4/2022,0:00,279.287
6/4/2022,6:00,278.796
6/4/2022,12:00,278.723
6/4/2022,18:00,281.61
6/5/2022,0:00,288.117
6/5/2022,6:00,287.876
6/5/2022,12:00,287.988
6/5/2022,18:00,288.875
6/6/2022,0:00,290.67
6/6/2022,6:00,290.471
6/6/2022,12:00,290.5
6/6/2022,18:00,289.628
6/7/2022,0:00,288.235
6/7/2022,6:00,287.845
6/7/2022,12:00,287.345
6/7/2022,18:00,288.46
6/8/2022,0:00,288.604
6/8/2022,6:00,287.794
6/8/2022,12:00,288.197
6/8/2022,18:00,288.91
6/9/2022,0:00,288.251
6/9/2022,6:00,286.168
6/9/2022,12:00,285.136
6/9/2022,18:00,287.164
6/10/2022,0:00,287.797
6/10/2022,6:00,286.84
6/10/2022,12:00,282.743
6/10/2022,18:00,283.6
6/11/2022,0:00,278.227
6/11/2022,6:00,275.304
6/11/2022,12:00,274.284
6/11/2022,18:00,277
6/12/2022,0:00,278.481
6/12/2022,6:00,276.736
6/12/2022,12:00,275.838
6/12/2022,18:00,278.732
6/13/2022,0:00,281.031
6/13/2022,6:00,278.56
6/13/2022,12:00,277.713
6/13/2022,18:00,280.747
6/14/2022,0:00,282.185
6/14/2022,6:00,281.377
6/14/2022,12:00,280.785
6/14/2022,18:00,283.205
6/15/2022,0:00,285.738
6/15/2022,6:00,283.575
6/15/2022,12:00,282.185
6/15/2022,18:00,284.761
6/16/2022,0:00,286.669
6/16/2022,6:00,285.394
6/16/2022,12:00,285.006
6/16/2022,18:00,287.3
6/17/2022,0:00,289.309
6/17/2022,6:00,289.377
6/17/2022,12:00,288.655
6/17/2022,18:00,286.002
6/18/2022,0:00,281.738
6/18/2022,6:00,278.373
6/18/2022,12:00,276.04
6/18/2022,18:00,278.201
6/19/2022,0:00,279.29
6/19/2022,6:00,277.405
6/19/2022,12:00,276.516
6/19/2022,18:00,279.471
6/20/2022,0:00,281.229
6/20/2022,6:00,279.7
6/20/2022,12:00,279.583
6/20/2022,18:00,282.165
6/21/2022,0:00,286.3
6/21/2022,6:00,286.376
6/21/2022,12:00,286.819
6/21/2022,18:00,288.704
6/22/2022,0:00,288.734
6/22/2022,6:00,287.493
6/22/2022,12:00,285.4
6/22/2022,18:00,285.612
6/23/2022,0:00,284.908
6/23/2022,6:00,283.651
6/23/2022,12:00,282.96
6/23/2022,18:00,282.802
6/24/2022,0:00,285.702
6/24/2022,6:00,285.674
6/24/2022,12:00,285.609
6/24/2022,18:00,285.762
6/25/2022,0:00,285.651
6/25/2022,6:00,285.035
6/25/2022,12:00,282.985
6/25/2022,18:00,282.8
6/26/2022,0:00,281.848
6/26/2022,6:00,280.548
6/26/2022,12:00,280.048
6/26/2022,18:00,280.811
6/27/2022,0:00,282.784
6/27/2022,6:00,282.415
6/27/2022,12:00,282.944
6/27/2022,18:00,285.39
6/28/2022,0:00,288.471
6/28/2022,6:00,287.961
6/28/2022,12:00,288.092
6/28/2022,18:00,286.598
6/29/2022,0:00,281.835
6/29/2022,6:00,279.867
6/29/2022,12:00,279.054
6/29/2022,18:00,281.254
6/30/2022,0:00,282.642
6/30/2022,6:00,281.176
6/30/2022,12:00,279.859
6/30/2022,18:00,282.426
7/1/2022,0:00,283.363
7/1/2022,6:00,281.269
7/1/2022,12:00,280.672
7/1/2022,18:00,282.981
7/2/2022,0:00,289.678
7/2/2022,6:00,288.891
7/2/2022,12:00,288.966
7/2/2022,18:00,289.703
7/3/2022,0:00,287.233
7/3/2022,6:00,285.513
7/3/2022,12:00,285.205
7/3/2022,18:00,285.9
7/4/2022,0:00,287.103
7/4/2022,6:00,287.004
7/4/2022,12:00,287.405
7/4/2022,18:00,290.403
7/5/2022,0:00,292.253
7/5/2022,6:00,290.571
7/5/2022,12:00,290.042
7/5/2022,18:00,289.398
7/6/2022,0:00,289.4
7/6/2022,6:00,289.064
7/6/2022,12:00,289.694
7/6/2022,18:00,290.903
7/7/2022,0:00,290.76
7/7/2022,6:00,290.749
7/7/2022,12:00,288.024
7/7/2022,18:00,290.239
7/8/2022,0:00,287.442
7/8/2022,6:00,285.702
7/8/2022,12:00,284.369
7/8/2022,18:00,286.785
7/9/2022,0:00,289.372
7/9/2022,6:00,288.5
7/9/2022,12:00,289.191
7/9/2022,18:00,290.715
7/10/2022,0:00,292.438
7/10/2022,6:00,292.302
7/10/2022,12:00,292.792
7/10/2022,18:00,293.41
7/11/2022,0:00,294.193
7/11/2022,6:00,293.695
7/11/2022,12:00,293.054
7/11/2022,18:00,291.726
7/12/2022,0:00,284.79
7/12/2022,6:00,283.125
7/12/2022,12:00,280.127
7/12/2022,18:00,282.658
7/13/2022,0:00,281.804
7/13/2022,6:00,279.657
7/13/2022,12:00,278.331
7/13/2022,18:00,280.615
7/14/2022,0:00,282.742
7/14/2022,6:00,282.825
7/14/2022,12:00,285.206
7/14/2022,18:00,287.904
7/15/2022,0:00,290.849
7/15/2022,6:00,289.7
7/15/2022,12:00,290.124
7/15/2022,18:00,291.26
7/16/2022,0:00,291.975
7/16/2022,6:00,290.129
7/16/2022,12:00,290.054
7/16/2022,18:00,285.601
7/17/2022,0:00,282.164
7/17/2022,6:00,281.686
7/17/2022,12:00,279.943
7/17/2022,18:00,280.508
7/18/2022,0:00,281.152
7/18/2022,6:00,279.72
7/18/2022,12:00,278.508
7/18/2022,18:00,280.993
7/19/2022,0:00,283.797
7/19/2022,6:00,282.667
7/19/2022,12:00,283.128
7/19/2022,18:00,283.9
7/20/2022,0:00,284.42
7/20/2022,6:00,283.531
7/20/2022,12:00,283.8
7/20/2022,18:00,287
7/21/2022,0:00,292.343
7/21/2022,6:00,291.385
7/21/2022,12:00,291.106
7/21/2022,18:00,292.295
7/22/2022,0:00,292.588
7/22/2022,6:00,291.181
7/22/2022,12:00,289.7
7/22/2022,18:00,291.466
7/23/2022,0:00,291.991
7/23/2022,6:00,289.8
7/23/2022,12:00,289.316
7/23/2022,18:00,291.513
7/24/2022,0:00,292.917
7/24/2022,6:00,292.068
7/24/2022,12:00,291.246
7/24/2022,18:00,292.146
7/25/2022,0:00,292.805
7/25/2022,6:00,293.331
7/25/2022,12:00,290.936
7/25/2022,18:00,293.261
7/26/2022,0:00,293.117
7/26/2022,6:00,291.124
7/26/2022,12:00,290.045
7/26/2022,18:00,292.4
7/27/2022,0:00,293.223
7/27/2022,6:00,292.038
7/27/2022,12:00,291.014
7/27/2022,18:00,293.017
7/28/2022,0:00,293.062
7/28/2022,6:00,291.718
7/28/2022,12:00,291.33
7/28/2022,18:00,288.978
7/29/2022,0:00,284.873
7/29/2022,6:00,280.773
7/29/2022,12:00,279.1
7/29/2022,18:00,281.307
7/30/2022,0:00,282.481
7/30/2022,6:00,280.135
7/30/2022,12:00,279.33
7/30/2022,18:00,282.177
7/31/2022,0:00,283.625
7/31/2022,6:00,281.57
7/31/2022,12:00,280.918
7/31/2022,18:00,283.566
8/1/2022,0:00,285.522
8/1/2022,6:00,283.269
8/1/2022,12:00,282.265
8/1/2022,18:00,285.216
8/2/2022,0:00,286.29
8/2/2022,6:00,284.983
8/2/2022,12:00,285.216
8/2/2022,18:00,287.1
8/3/2022,0:00,289.933
8/3/2022,6:00,288.848
8/3/2022,12:00,288.25
8/3/2022,18:00,290.31
8/4/2022,0:00,290.721
8/4/2022,6:00,289.652
8/4/2022,12:00,289.185
8/4/2022,18:00,285.515
8/5/2022,0:00,285.004
8/5/2022,6:00,280.9
8/5/2022,12:00,279.609
8/5/2022,18:00,282
8/6/2022,0:00,281.927
8/6/2022,6:00,279.356
8/6/2022,12:00,278.522
8/6/2022,18:00,281.319
8/7/2022,0:00,282.645
8/7/2022,6:00,280.656
8/7/2022,12:00,280.103
8/7/2022,18:00,283.005
8/8/2022,0:00,285.39
8/8/2022,6:00,283.899
8/8/2022,12:00,284.523
8/8/2022,18:00,285.061
8/9/2022,0:00,285.766
8/9/2022,6:00,284.419
8/9/2022,12:00,283.419
8/9/2022,18:00,283.081
8/10/2022,0:00,283.441
8/10/2022,6:00,279.926
8/10/2022,12:00,277.917
8/10/2022,18:00,280.532
8/11/2022,0:00,282.621
8/11/2022,6:00,280.674
8/11/2022,12:00,279.853
8/11/2022,18:00,283.211
8/12/2022,0:00,284.311
8/12/2022,6:00,283.309
8/12/2022,12:00,283.089
8/12/2022,18:00,285.934
8/13/2022,0:00,287.387
8/13/2022,6:00,286.613
8/13/2022,12:00,286.551
8/13/2022,18:00,289.211
8/14/2022,0:00,289.242
8/14/2022,6:00,287.797
8/14/2022,12:00,287.065
8/14/2022,18:00,289.866
8/15/2022,0:00,290.461
8/15/2022,6:00,290.369
8/15/2022,12:00,289.667
8/15/2022,18:00,290.518
8/16/2022,0:00,289.3
8/16/2022,6:00,283.504
8/16/2022,12:00,281.684
8/16/2022,18:00,284.291
8/17/2022,0:00,285.329
8/17/2022,6:00,284.327
8/17/2022,12:00,284.901
8/17/2022,18:00,289.401
8/18/2022,0:00,289.604
8/18/2022,6:00,282.908
8/18/2022,12:00,279.4
8/18/2022,18:00,281.173
8/19/2022,0:00,278.882
8/19/2022,6:00,276.9
8/19/2022,12:00,275.736
8/19/2022,18:00,279.207
8/20/2022,0:00,280.136
8/20/2022,6:00,277.637
8/20/2022,12:00,276.436
8/20/2022,18:00,280.481
8/21/2022,0:00,281.661
8/21/2022,6:00,279.648
8/21/2022,12:00,278.659
8/21/2022,18:00,282.767
8/22/2022,0:00,284.133
8/22/2022,6:00,281.092
8/22/2022,12:00,280.234
8/22/2022,18:00,284.103
8/23/2022,0:00,285.2
8/23/2022,6:00,282.905
8/23/2022,12:00,282.396
8/23/2022,18:00,286.5
8/24/2022,0:00,289.665
8/24/2022,6:00,288.834
8/24/2022,12:00,288.071
8/24/2022,18:00,290.175
8/25/2022,0:00,290.554
8/25/2022,6:00,289.698
8/25/2022,12:00,288.896
8/25/2022,18:00,291.8
8/26/2022,0:00,293.104
8/26/2022,6:00,290.572
8/26/2022,12:00,289.442
8/26/2022,18:00,290.949
8/27/2022,0:00,292.145
8/27/2022,6:00,290.024
8/27/2022,12:00,288.634
8/27/2022,18:00,292.787
8/28/2022,0:00,292.637
8/28/2022,6:00,283.28
8/28/2022,12:00,280.261
8/28/2022,18:00,281.577
8/29/2022,0:00,280.192
8/29/2022,6:00,277.805
8/29/2022,12:00,276.104
8/29/2022,18:00,279.949
8/30/2022,0:00,280.871
8/30/2022,6:00,279.344
8/30/2022,12:00,278.008
8/30/2022,18:00,282.302
8/31/2022,0:00,285.32
8/31/2022,6:00,283.237
8/31/2022,12:00,283.009
8/31/2022,18:00,286.877
9/1/2022,0:00,288.724
9/1/2022,6:00,286.545
9/1/2022,12:00,286.639
9/1/2022,18:00,291.656
9/2/2022,0:00,290.028
9/2/2022,6:00,289.103
9/2/2022,12:00,287.018
9/2/2022,18:00,289.382
9/3/2022,0:00,285.095
9/3/2022,6:00,280.217
9/3/2022,12:00,277.117
9/3/2022,18:00,281.258
9/4/2022,0:00,281.623
9/4/2022,6:00,278.69
9/4/2022,12:00,277.856
9/4/2022,18:00,282.548
9/5/2022,0:00,282.61
9/5/2022,6:00,280.592
9/5/2022,12:00,279.719
9/5/2022,18:00,284.546
9/6/2022,0:00,287.218
9/6/2022,6:00,285.08
9/6/2022,12:00,285.06
9/6/2022,18:00,287.681
9/7/2022,0:00,288.516
9/7/2022,6:00,286.716
9/7/2022,12:00,285.416
9/7/2022,18:00,289.635
9/8/2022,0:00,289.091
9/8/2022,6:00,286.887
9/8/2022,12:00,286.497
9/8/2022,18:00,291.493
9/9/2022,0:00,294.764
9/9/2022,6:00,294.8
9/9/2022,12:00,290.316
9/9/2022,18:00,287.41
9/10/2022,0:00,283.367
9/10/2022,6:00,279.422
9/10/2022,12:00,277.2
9/10/2022,18:00,282.223
9/11/2022,0:00,281.928
9/11/2022,6:00,278.702
9/11/2022,12:00,277.978
9/11/2022,18:00,283.28
9/12/2022,0:00,286.213
9/12/2022,6:00,281.417
9/12/2022,12:00,280.641
9/12/2022,18:00,285.517
9/13/2022,0:00,285.247
9/13/2022,6:00,282.995
9/13/2022,12:00,282.266
9/13/2022,18:00,287.659
9/14/2022,0:00,286.513
9/14/2022,6:00,283.32
9/14/2022,12:00,282.543
9/14/2022,18:00,287.163
9/15/2022,0:00,286.461
9/15/2022,6:00,282.893
9/15/2022,12:00,283.572
9/15/2022,18:00,287.029
9/16/2022,0:00,287.124
9/16/2022,6:00,284.289
9/16/2022,12:00,283.742
9/16/2022,18:00,286.268
9/17/2022,0:00,289.8
9/17/2022,6:00,285.704
9/17/2022,12:00,284.378
9/17/2022,18:00,289.052
9/18/2022,0:00,289.356
9/18/2022,6:00,286.1
9/18/2022,12:00,284.856
9/18/2022,18:00,289.61
9/19/2022,0:00,290.4
9/19/2022,6:00,288.7
9/19/2022,12:00,288.382
9/19/2022,18:00,289.728
9/20/2022,0:00,288.594
9/20/2022,6:00,285.827
9/20/2022,12:00,285.9
9/20/2022,18:00,290.001
9/21/2022,0:00,288.825
9/21/2022,6:00,286.601
9/21/2022,12:00,286.005
9/21/2022,18:00,288.682
9/22/2022,0:00,286.845
9/22/2022,6:00,285.155
9/22/2022,12:00,283.2
9/22/2022,18:00,284.961
9/23/2022,0:00,284.133
9/23/2022,6:00,280.764
9/23/2022,12:00,280.168
9/23/2022,18:00,285.623
9/24/2022,0:00,285.193
9/24/2022,6:00,281.548
9/24/2022,12:00,280.682
9/24/2022,18:00,286.656
9/25/2022,0:00,285.317
9/25/2022,6:00,283.731
9/25/2022,12:00,282.129
9/25/2022,18:00,286.243
9/26/2022,0:00,287.219
9/26/2022,6:00,286.721
9/26/2022,12:00,287.055
9/26/2022,18:00,289.786
9/27/2022,0:00,289.244
9/27/2022,6:00,286.314
9/27/2022,12:00,285.7
9/27/2022,18:00,291.544
9/28/2022,0:00,288.539
9/28/2022,6:00,285.73
9/28/2022,12:00,284.388
9/28/2022,18:00,288.417
9/29/2022,0:00,288.702
9/29/2022,6:00,284.267
9/29/2022,12:00,283.308
9/29/2022,18:00,286.139
9/30/2022,0:00,287.202
9/30/2022,6:00,286.412
9/30/2022,12:00,285.387
9/30/2022,18:00,286.92
10/1/2022,0:00,286.933
10/1/2022,6:00,286.014
10/1/2022,12:00,286.521
10/1/2022,18:00,290.515
10/2/2022,0:00,286.683
10/2/2022,6:00,284.289
10/2/2022,12:00,283.552
10/2/2022,18:00,290.005
10/3/2022,0:00,287.784
10/3/2022,6:00,284.269
10/3/2022,12:00,283.697
10/3/2022,18:00,289.906
10/4/2022,0:00,286.2
10/4/2022,6:00,282.17
10/4/2022,12:00,280.888
10/4/2022,18:00,286.795
10/5/2022,0:00,286.272
10/5/2022,6:00,284.206
10/5/2022,12:00,282.35
10/5/2022,18:00,288.933
10/6/2022,0:00,293.134
10/6/2022,6:00,290.431
10/6/2022,12:00,290.688
10/6/2022,18:00,290.678
10/7/2022,0:00,286.739
10/7/2022,6:00,285.205
10/7/2022,12:00,283.723
10/7/2022,18:00,288.953
10/8/2022,0:00,288.383
10/8/2022,6:00,285.429
10/8/2022,12:00,284.398
10/8/2022,18:00,291.268
10/9/2022,0:00,289.877
10/9/2022,6:00,283.235
10/9/2022,12:00,282.008
10/9/2022,18:00,283.9
10/10/2022,0:00,282.711
10/10/2022,6:00,279.911
10/10/2022,12:00,279.509
10/10/2022,18:00,285.487
10/11/2022,0:00,285.019
10/11/2022,6:00,284.161
10/11/2022,12:00,284.893
10/11/2022,18:00,285.976
10/12/2022,0:00,287.781
10/12/2022,6:00,283.645
10/12/2022,12:00,282.964
10/12/2022,18:00,288.506
10/13/2022,0:00,288.445
10/13/2022,6:00,285.086
10/13/2022,12:00,284.314
10/13/2022,18:00,291.919
10/14/2022,0:00,289.928
10/14/2022,6:00,283.308
10/14/2022,12:00,282.972
10/14/2022,18:00,287.4
10/15/2022,0:00,287.682
10/15/2022,6:00,284.773
10/15/2022,12:00,284.576
10/15/2022,18:00,288.775
10/16/2022,0:00,288.697
10/16/2022,6:00,286.6
10/16/2022,12:00,286.437
10/16/2022,18:00,292.105
10/17/2022,0:00,288.839
10/17/2022,6:00,284.3
10/17/2022,12:00,284.07
10/17/2022,18:00,290.438
10/18/2022,0:00,290.184
10/18/2022,6:00,289.74
10/18/2022,12:00,289.345
10/18/2022,18:00,292.5
10/19/2022,0:00,291.91
10/19/2022,6:00,288.148
10/19/2022,12:00,288.737
10/19/2022,18:00,292.917
10/20/2022,0:00,294.005
10/20/2022,6:00,290.074
10/20/2022,12:00,289.278
10/20/2022,18:00,293.927
10/21/2022,0:00,291.665
10/21/2022,6:00,289.714
10/21/2022,12:00,289.629
10/21/2022,18:00,289.98
10/22/2022,0:00,288.863
10/22/2022,6:00,286.774
10/22/2022,12:00,285.822
10/22/2022,18:00,291.975
10/23/2022,0:00,290.608
10/23/2022,6:00,284.549
10/23/2022,12:00,282.712
10/23/2022,18:00,287.894
10/24/2022,0:00,287.979
10/24/2022,6:00,284.892
10/24/2022,12:00,284.061
10/24/2022,18:00,291.617
10/25/2022,0:00,290.021
10/25/2022,6:00,286.575
10/25/2022,12:00,285.69
10/25/2022,18:00,292.318
10/26/2022,0:00,293.057
10/26/2022,6:00,289.755
10/26/2022,12:00,289.91
10/26/2022,18:00,293.437
10/27/2022,0:00,291.821
10/27/2022,6:00,289.954
10/27/2022,12:00,288.253
10/27/2022,18:00,294.144
10/28/2022,0:00,289.885
10/28/2022,6:00,286.981
10/28/2022,12:00,286.025
10/28/2022,18:00,294.431
10/29/2022,0:00,293.157
10/29/2022,6:00,289.388
10/29/2022,12:00,289.098
10/29/2022,18:00,296.617
10/30/2022,0:00,297.053
10/30/2022,6:00,293.681
10/30/2022,12:00,293.324
10/30/2022,18:00,298.292
10/31/2022,0:00,288.229
10/31/2022,6:00,286.202
10/31/2022,12:00,282.14
10/31/2022,18:00,282.625
11/1/2022,0:00,284.268
11/1/2022,6:00,279.732
11/1/2022,12:00,278.52
11/1/2022,18:00,285.414
11/2/2022,0:00,283.092
11/2/2022,6:00,280.255
11/2/2022,12:00,279.692
11/2/2022,18:00,287.467
11/3/2022,0:00,286.281
11/3/2022,6:00,282.677
11/3/2022,12:00,282.287
11/3/2022,18:00,290.866
11/4/2022,0:00,288.264
11/4/2022,6:00,284.875
11/4/2022,12:00,283.42
11/4/2022,18:00,290.147
11/5/2022,0:00,288.055
11/5/2022,6:00,284.956
11/5/2022,12:00,283.55
11/5/2022,18:00,291.235
11/6/2022,0:00,289.56
11/6/2022,6:00,286.832
11/6/2022,12:00,285.399
11/6/2022,18:00,292.115
11/7/2022,0:00,291.604
11/7/2022,6:00,286.67
11/7/2022,12:00,285.345
11/7/2022,18:00,292.008
11/8/2022,0:00,289.135
11/8/2022,6:00,284.244
11/8/2022,12:00,283.908
11/8/2022,18:00,291.14
11/9/2022,0:00,290.845
11/9/2022,6:00,285.373
11/9/2022,12:00,284.209
11/9/2022,18:00,292.612
11/10/2022,0:00,291.492
11/10/2022,6:00,287.859
11/10/2022,12:00,285.874
11/10/2022,18:00,295.146
11/11/2022,0:00,295.122
11/11/2022,6:00,291.956
11/11/2022,12:00,290.892
11/11/2022,18:00,295.576
11/12/2022,0:00,292.834
11/12/2022,6:00,289.059
11/12/2022,12:00,290.077
11/12/2022,18:00,297.694
11/13/2022,0:00,296.617
11/13/2022,6:00,292.746
11/13/2022,12:00,292.065
11/13/2022,18:00,292.717
11/14/2022,0:00,291.333
11/14/2022,6:00,290.944
11/14/2022,12:00,288.417
11/14/2022,18:00,291.217
11/15/2022,0:00,288.735
11/15/2022,6:00,287.434
11/15/2022,12:00,286.659
11/15/2022,18:00,295.912
11/16/2022,0:00,293.592
11/16/2022,6:00,289.895
11/16/2022,12:00,288.698
11/16/2022,18:00,297.308
11/17/2022,0:00,296.509
11/17/2022,6:00,291.523
11/17/2022,12:00,290.354
11/17/2022,18:00,299.433
11/18/2022,0:00,295.889
11/18/2022,6:00,290.627
11/18/2022,12:00,289.188
11/18/2022,18:00,298.795
11/19/2022,0:00,296.634
11/19/2022,6:00,291.42
11/19/2022,12:00,290.401
11/19/2022,18:00,300.593
11/20/2022,0:00,298.106
11/20/2022,6:00,293.97
11/20/2022,12:00,292.967
11/20/2022,18:00,302.153
11/21/2022,0:00,298.329
11/21/2022,6:00,292.696
11/21/2022,12:00,291.928
11/21/2022,18:00,292.519
11/22/2022,0:00,292.883
11/22/2022,6:00,290.986
11/22/2022,12:00,290.269
11/22/2022,18:00,291.431
11/23/2022,0:00,291.015
11/23/2022,6:00,287.406
11/23/2022,12:00,286.05
11/23/2022,18:00,292.728
11/24/2022,0:00,292.077
11/24/2022,6:00,287.862
11/24/2022,12:00,287.171
11/24/2022,18:00,295.748
11/25/2022,0:00,295.67
11/25/2022,6:00,291.458
11/25/2022,12:00,290.013
11/25/2022,18:00,298.603
11/26/2022,0:00,296.562
11/26/2022,6:00,291.09
11/26/2022,12:00,288.708
11/26/2022,18:00,296.722
11/27/2022,0:00,298.033
11/27/2022,6:00,293.32
11/27/2022,12:00,291.424
11/27/2022,18:00,298.168
11/28/2022,0:00,298.532
11/28/2022,6:00,292.539
11/28/2022,12:00,290.857
11/28/2022,18:00,298.544
11/29/2022,0:00,297.942
11/29/2022,6:00,291.676
11/29/2022,12:00,290.132
11/29/2022,18:00,298.897
11/30/2022,0:00,299.387
11/30/2022,6:00,293.529
11/30/2022,12:00,291.721
11/30/2022,18:00,300.624
12/1/2022,0:00,299.784
12/1/2022,6:00,293.779
12/1/2022,12:00,292.609
12/1/2022,18:00,301.222
12/2/2022,0:00,300.225
12/2/2022,6:00,293.265
12/2/2022,12:00,291.653
12/2/2022,18:00,299.227
12/3/2022,0:00,294.205
12/3/2022,6:00,293.63
12/3/2022,12:00,293.783
12/3/2022,18:00,296.391
12/4/2022,0:00,294.798
12/4/2022,6:00,293.478
12/4/2022,12:00,292.713
12/4/2022,18:00,299.168
12/5/2022,0:00,297.858
12/5/2022,6:00,293.236
12/5/2022,12:00,292.67
12/5/2022,18:00,299.585
12/6/2022,0:00,298.419
12/6/2022,6:00,293.335
12/6/2022,12:00,291.248
12/6/2022,18:00,300.489
12/7/2022,0:00,300.85
12/7/2022,6:00,294.713
12/7/2022,12:00,292.633
12/7/2022,18:00,302.885
12/8/2022,0:00,302.732
12/8/2022,6:00,294.759
12/8/2022,12:00,293.801
12/8/2022,18:00,304.218
12/9/2022,0:00,303.858
12/9/2022,6:00,298.066
12/9/2022,12:00,295.703
12/9/2022,18:00,306.433
12/10/2022,0:00,303.559
12/10/2022,6:00,299.275
12/10/2022,12:00,297.941
12/10/2022,18:00,303.444
12/11/2022,0:00,302.389
12/11/2022,6:00,298.617
12/11/2022,12:00,296.12
12/11/2022,18:00,303.501
12/12/2022,0:00,302.173
12/12/2022,6:00,298.289
12/12/2022,12:00,296.566
12/12/2022,18:00,304.259
12/13/2022,0:00,294.407
12/13/2022,6:00,292.441
12/13/2022,12:00,289.269
12/13/2022,18:00,298.081
12/14/2022,0:00,296.438
12/14/2022,6:00,289.312
12/14/2022,12:00,287.589
12/14/2022,18:00,298.979
12/15/2022,0:00,298.303
12/15/2022,6:00,291.264
12/15/2022,12:00,289.846
12/15/2022,18:00,300.866
12/16/2022,0:00,300.1
12/16/2022,6:00,292.088
12/16/2022,12:00,288.194
12/16/2022,18:00,295.06
12/17/2022,0:00,295.169
12/17/2022,6:00,289.289
12/17/2022,12:00,286.935
12/17/2022,18:00,294.831
12/18/2022,0:00,296.792
12/18/2022,6:00,291.367
12/18/2022,12:00,290.329
12/18/2022,18:00,297.113
12/19/2022,0:00,297.218
12/19/2022,6:00,291.247
12/19/2022,12:00,290.025
12/19/2022,18:00,297.899
12/20/2022,0:00,297.286
12/20/2022,6:00,290.069
12/20/2022,12:00,289.309
12/20/2022,18:00,297.296
12/21/2022,0:00,299.645
12/21/2022,6:00,292.523
12/21/2022,12:00,290.689
12/21/2022,18:00,298.894
12/22/2022,0:00,300.103
12/22/2022,6:00,292.941
12/22/2022,12:00,290.993
12/22/2022,18:00,299.916
12/23/2022,0:00,303.543
12/23/2022,6:00,294.854
12/23/2022,12:00,292.505
12/23/2022,18:00,303.366
12/24/2022,0:00,297.113
12/24/2022,6:00,295.677
12/24/2022,12:00,294.404
12/24/2022,18:00,297.599
12/25/2022,0:00,298.619
12/25/2022,6:00,293.207
12/25/2022,12:00,292.629
12/25/2022,18:00,295.732
12/26/2022,0:00,294.452
12/26/2022,6:00,291.21
12/26/2022,12:00,290.383
12/26/2022,18:00,295.707
12/27/2022,0:00,298.449
12/27/2022,6:00,291.684
12/27/2022,12:00,290.053
12/27/2022,18:00,296.585
12/28/2022,0:00,293.597
12/28/2022,6:00,290.648
12/28/2022,12:00,288.953
12/28/2022,18:00,296.547
12/29/2022,0:00,299.312
12/29/2022,6:00,292.618
12/29/2022,12:00,289.634
12/29/2022,18:00,297.973
12/30/2022,0:00,297.737
12/30/2022,6:00,291.751
12/30/2022,12:00,290.888
12/30/2022,18:00,300.965
12/31/2022,0:00,300.722
12/31/2022,6:00,295.409
12/31/2022,12:00,293.781
12/31/2022,18:00,304.534
1/1/2023,0:00,302.521
1/1/2023,6:00,297.628
1/1/2023,12:00,295.809
1/1/2023,18:00,307.721
1/2/2023,0:00,298.381
1/2/2023,6:00,295.395
1/2/2023,12:00,294.63
1/2/2023,18:00,299.222
1/3/2023,0:00,298.548
1/3/2023,6:00,291.409
1/3/2023,12:00,289.929
1/3/2023,18:00,299.645
1/4/2023,0:00,299.205
1/4/2023,6:00,293.303
1/4/2023,12:00,291.512
1/4/2023,18:00,301.461
1/5/2023,0:00,299.851
1/5/2023,6:00,292.439
1/5/2023,12:00,291.041
1/5/2023,18:00,301.059
1/6/2023,0:00,301.464
1/6/2023,6:00,295.193
1/6/2023,12:00,291.717
1/6/2023,18:00,301.135
1/7/2023,0:00,302.005
1/7/2023,6:00,292.807
1/7/2023,12:00,290.657
1/7/2023,18:00,299.202
1/8/2023,0:00,300.317
1/8/2023,6:00,293.37
1/8/2023,12:00,290.449
1/8/2023,18:00,298.54
1/9/2023,0:00,300.54
1/9/2023,6:00,293.775
1/9/2023,12:00,291.241
1/9/2023,18:00,299.768
1/10/2023,0:00,301.97
1/10/2023,6:00,295.836
1/10/2023,12:00,293.686
1/10/2023,18:00,302.392
1/11/2023,0:00,299.136
1/11/2023,6:00,293.762
1/11/2023,12:00,292.908
1/11/2023,18:00,303.589
1/12/2023,0:00,304.512
1/12/2023,6:00,298.461
1/12/2023,12:00,296.793
1/12/2023,18:00,299.825
1/13/2023,0:00,296.209
1/13/2023,6:00,292.403
1/13/2023,12:00,292.036
1/13/2023,18:00,292.887
1/14/2023,0:00,292.915
1/14/2023,6:00,290.539
1/14/2023,12:00,290.248
1/14/2023,18:00,295.814
1/15/2023,0:00,297.503
1/15/2023,6:00,293.781
1/15/2023,12:00,293.091
1/15/2023,18:00,300.265
1/16/2023,0:00,302.043
1/16/2023,6:00,295.235
1/16/2023,12:00,293.044
1/16/2023,18:00,300.542
1/17/2023,0:00,301.301
1/17/2023,6:00,296.802
1/17/2023,12:00,294.206
1/17/2023,18:00,301.252
1/18/2023,0:00,303.097
1/18/2023,6:00,296.013
1/18/2023,12:00,293.774
1/18/2023,18:00,300.586
1/19/2023,0:00,303.767
1/19/2023,6:00,295.705
1/19/2023,12:00,294.875
1/19/2023,18:00,301.207
1/20/2023,0:00,301.891
1/20/2023,6:00,295.943
1/20/2023,12:00,294.469
1/20/2023,18:00,302.156
1/21/2023,0:00,305.732
1/21/2023,6:00,298.459
1/21/2023,12:00,296.668
1/21/2023,18:00,301.423
1/22/2023,0:00,299.497
1/22/2023,6:00,295.559
1/22/2023,12:00,293.794
1/22/2023,18:00,300.643
1/23/2023,0:00,302.736
1/23/2023,6:00,296.959
1/23/2023,12:00,294.706
1/23/2023,18:00,302.824
1/24/2023,0:00,302.818
1/24/2023,6:00,295.07
1/24/2023,12:00,293.164
1/24/2023,18:00,302.757
1/25/2023,0:00,304.329
1/25/2023,6:00,296.86
1/25/2023,12:00,295.106
1/25/2023,18:00,305.025
1/26/2023,0:00,303.996
1/26/2023,6:00,299.481
1/26/2023,12:00,298.006
1/26/2023,18:00,300.375
1/27/2023,0:00,297.856
1/27/2023,6:00,295.776
1/27/2023,12:00,295.513
1/27/2023,18:00,303.607
1/28/2023,0:00,305.417
1/28/2023,6:00,299.225
1/28/2023,12:00,298.502
1/28/2023,18:00,305.078
1/29/2023,0:00,301.206
1/29/2023,6:00,299.638
1/29/2023,12:00,295.83
1/29/2023,18:00,302.284
1/30/2023,0:00,302.453
1/30/2023,6:00,295.696
1/30/2023,12:00,292.541
1/30/2023,18:00,300.751
1/31/2023,0:00,301.532
1/31/2023,6:00,295.881
1/31/2023,12:00,294.107
1/31/2023,18:00,300.871
2/1/2023,0:00,302.006
2/1/2023,6:00,296.947
2/1/2023,12:00,294.342
2/1/2023,18:00,303.328
2/2/2023,0:00,305.518
2/2/2023,6:00,298.202
2/2/2023,12:00,296.52
2/2/2023,18:00,301.261
2/3/2023,0:00,295.187
2/3/2023,6:00,294.018
2/3/2023,12:00,292.414
2/3/2023,18:00,297.615
2/4/2023,0:00,294.739
2/4/2023,6:00,292.316
2/4/2023,12:00,291.061
2/4/2023,18:00,296.529
2/5/2023,0:00,296.568
2/5/2023,6:00,290.771
2/5/2023,12:00,288.872
2/5/2023,18:00,297.37
2/6/2023,0:00,297.854
2/6/2023,6:00,292.59
2/6/2023,12:00,291.829
2/6/2023,18:00,300.057
2/7/2023,0:00,299.871
2/7/2023,6:00,293.996
2/7/2023,12:00,292.11
2/7/2023,18:00,301.373
2/8/2023,0:00,302.506
2/8/2023,6:00,295.364
2/8/2023,12:00,293.474
2/8/2023,18:00,303.933
2/9/2023,0:00,303.972
2/9/2023,6:00,300.459
2/9/2023,12:00,296.205
2/9/2023,18:00,298.295
2/10/2023,0:00,300.79
2/10/2023,6:00,297.486
2/10/2023,12:00,296.707
2/10/2023,18:00,302.906
2/11/2023,0:00,302.851
2/11/2023,6:00,296.216
2/11/2023,12:00,295.669
2/11/2023,18:00,303.197
2/12/2023,0:00,304.109
2/12/2023,6:00,295.903
2/12/2023,12:00,294.145
2/12/2023,18:00,303.777
2/13/2023,0:00,303.505
2/13/2023,6:00,296.151
2/13/2023,12:00,296.246
2/13/2023,18:00,304.812
2/14/2023,0:00,304.069
2/14/2023,6:00,301.507
2/14/2023,12:00,297.427
2/14/2023,18:00,301.554
2/15/2023,0:00,293.879
2/15/2023,6:00,293.875
2/15/2023,12:00,293.624
2/15/2023,18:00,297.668
2/16/2023,0:00,303.788
2/16/2023,6:00,296.795
2/16/2023,12:00,294.342
2/16/2023,18:00,301.112
2/17/2023,0:00,292.911
2/17/2023,6:00,292.162
2/17/2023,12:00,287.56
2/17/2023,18:00,288.77
2/18/2023,0:00,291.315
2/18/2023,6:00,282.75
2/18/2023,12:00,280.804
2/18/2023,18:00,287.923
2/19/2023,0:00,289.622
2/19/2023,6:00,284.647
2/19/2023,12:00,283.731
2/19/2023,18:00,291.281
2/20/2023,0:00,293.654
2/20/2023,6:00,291.831
2/20/2023,12:00,290.21
2/20/2023,18:00,295.008
2/21/2023,0:00,295.693
2/21/2023,6:00,292.067
2/21/2023,12:00,289.67
2/21/2023,18:00,296.654
2/22/2023,0:00,298.068
2/22/2023,6:00,292.655
2/22/2023,12:00,290.835
2/22/2023,18:00,298.944
2/23/2023,0:00,300.351
2/23/2023,6:00,295.145
2/23/2023,12:00,292.914
2/23/2023,18:00,297.833
2/24/2023,0:00,295.425
2/24/2023,6:00,294.027
2/24/2023,12:00,293.038
2/24/2023,18:00,296.362
2/25/2023,0:00,294.141
2/25/2023,6:00,293.087
2/25/2023,12:00,291.961
2/25/2023,18:00,296.695
2/26/2023,0:00,297.902
2/26/2023,6:00,294.765
2/26/2023,12:00,293.165
2/26/2023,18:00,299.539
2/27/2023,0:00,301.753
2/27/2023,6:00,295.927
2/27/2023,12:00,293.786
2/27/2023,18:00,300.306
2/28/2023,0:00,300.651
2/28/2023,6:00,296.023
2/28/2023,12:00,293.956
2/28/2023,18:00,300.813
3/1/2023,0:00,298.548
3/1/2023,6:00,296.523
3/1/2023,12:00,294.696
3/1/2023,18:00,300.649
3/2/2023,0:00,299.774
3/2/2023,6:00,295.524
3/2/2023,12:00,294.798
3/2/2023,18:00,296.017
3/3/2023,0:00,295.3
3/3/2023,6:00,294.128
3/3/2023,12:00,293.423
3/3/2023,18:00,296.979
3/4/2023,0:00,294.723
3/4/2023,6:00,294.077
3/4/2023,12:00,294.173
3/4/2023,18:00,295.193
3/5/2023,0:00,296.72
3/5/2023,6:00,293.587
3/5/2023,12:00,292.16
3/5/2023,18:00,296.668
3/6/2023,0:00,297.725
3/6/2023,6:00,293.122
3/6/2023,12:00,290.161
3/6/2023,18:00,295.099
3/7/2023,0:00,297.902
3/7/2023,6:00,292.978
3/7/2023,12:00,292.538
3/7/2023,18:00,296.994
3/8/2023,0:00,298.629
3/8/2023,6:00,295.367
3/8/2023,12:00,294.912
3/8/2023,18:00,300.455
3/9/2023,0:00,301.54
3/9/2023,6:00,296.432
3/9/2023,12:00,293.954
3/9/2023,18:00,299.104
3/10/2023,0:00,301.503
3/10/2023,6:00,296.205
3/10/2023,12:00,295.004
3/10/2023,18:00,300.625
3/11/2023,0:00,302.425
3/11/2023,6:00,296.126
3/11/2023,12:00,294.5
3/11/2023,18:00,300.168
3/12/2023,0:00,301.686
3/12/2023,6:00,296.431
3/12/2023,12:00,294.023
3/12/2023,18:00,299.874
3/13/2023,0:00,303.541
3/13/2023,6:00,296.814
3/13/2023,12:00,294.264
3/13/2023,18:00,300.401
3/14/2023,0:00,300.146
3/14/2023,6:00,296.959
3/14/2023,12:00,295.834
3/14/2023,18:00,300.908
3/15/2023,0:00,296.57
3/15/2023,6:00,295.031
3/15/2023,12:00,295.288
3/15/2023,18:00,295.878
3/16/2023,0:00,295.307
3/16/2023,6:00,294.873
3/16/2023,12:00,295.177
3/16/2023,18:00,295.302
3/17/2023,0:00,297.482
3/17/2023,6:00,296.148
3/17/2023,12:00,295.465
3/17/2023,18:00,298.302
3/18/2023,0:00,297.554
3/18/2023,6:00,295.232
3/18/2023,12:00,294.274
3/18/2023,18:00,297.758
3/19/2023,0:00,297.26
3/19/2023,6:00,296.583
3/19/2023,12:00,295.504
3/19/2023,18:00,299.7
3/20/2023,0:00,297.09
3/20/2023,6:00,296.337
3/20/2023,12:00,296
3/20/2023,18:00,299.901
3/21/2023,0:00,294.551
3/21/2023,6:00,293.94
3/21/2023,12:00,293.756
3/21/2023,18:00,296.681
3/22/2023,0:00,298.252
3/22/2023,6:00,293.731
3/22/2023,12:00,292.338
3/22/2023,18:00,294.039
3/23/2023,0:00,296.997
3/23/2023,6:00,293.877
3/23/2023,12:00,293.158
3/23/2023,18:00,297.258
3/24/2023,0:00,296.342
3/24/2023,6:00,294.94
3/24/2023,12:00,293.591
3/24/2023,18:00,296.9
3/25/2023,0:00,299.008
3/25/2023,6:00,296.002
3/25/2023,12:00,294.594
3/25/2023,18:00,294.616
3/26/2023,0:00,295.097
3/26/2023,6:00,291.695
3/26/2023,12:00,290.412
3/26/2023,18:00,294.064
3/27/2023,0:00,293.376
3/27/2023,6:00,288.599
3/27/2023,12:00,287.106
3/27/2023,18:00,292.58
3/28/2023,0:00,292.623
3/28/2023,6:00,288.462
3/28/2023,12:00,286.9
3/28/2023,18:00,293.179
3/29/2023,0:00,297.246
3/29/2023,6:00,294.138
3/29/2023,12:00,293.435
3/29/2023,18:00,299.314
3/30/2023,0:00,296.306
3/30/2023,6:00,294.283
3/30/2023,12:00,293.634
3/30/2023,18:00,295.754
3/31/2023,0:00,296.814
3/31/2023,6:00,294.656
3/31/2023,12:00,294.474
3/31/2023,18:00,296.582
4/1/2023,0:00,292.616
4/1/2023,6:00,286.179
4/1/2023,12:00,282.977
4/1/2023,18:00,287.533
4/2/2023,0:00,289.012
4/2/2023,6:00,285.904
4/2/2023,12:00,284.606
4/2/2023,18:00,290.44
4/3/2023,0:00,290.64
4/3/2023,6:00,287.441
4/3/2023,12:00,285.506
4/3/2023,18:00,291.641
4/4/2023,0:00,294.333
4/4/2023,6:00,290.438
4/4/2023,12:00,290.247
4/4/2023,18:00,292.912
4/5/2023,0:00,292.51
4/5/2023,6:00,291.83
4/5/2023,12:00,291.67
4/5/2023,18:00,293.079
4/6/2023,0:00,295.491
4/6/2023,6:00,291.111
4/6/2023,12:00,290.144
4/6/2023,18:00,291.8
4/7/2023,0:00,292.446
4/7/2023,6:00,288.821
4/7/2023,12:00,287.804
4/7/2023,18:00,292.149
4/8/2023,0:00,292.359
4/8/2023,6:00,290.39
4/8/2023,12:00,290.238
4/8/2023,18:00,291.595
4/9/2023,0:00,295.049
4/9/2023,6:00,289.492
4/9/2023,12:00,288.355
4/9/2023,18:00,293
4/10/2023,0:00,294.779
4/10/2023,6:00,291.751
4/10/2023,12:00,290.339
4/10/2023,18:00,295.302
4/11/2023,0:00,295
4/11/2023,6:00,291.933
4/11/2023,12:00,290.7
4/11/2023,18:00,296.293
4/12/2023,0:00,297.738
4/12/2023,6:00,294.808
4/12/2023,12:00,293.56
4/12/2023,18:00,295.802
4/13/2023,0:00,296.422
4/13/2023,6:00,291.439
4/13/2023,12:00,288.458
4/13/2023,18:00,288.46
4/14/2023,0:00,290.382
4/14/2023,6:00,286.124
4/14/2023,12:00,284.956
4/14/2023,18:00,288.78
4/15/2023,0:00,288.922
4/15/2023,6:00,286.788
4/15/2023,12:00,285.5
4/15/2023,18:00,289.86
4/16/2023,0:00,293.754
4/16/2023,6:00,289.068
4/16/2023,12:00,288.819
4/16/2023,18:00,291.451
4/17/2023,0:00,293.216
4/17/2023,6:00,288.8
4/17/2023,12:00,287.3
4/17/2023,18:00,290.733
4/18/2023,0:00,289.384
4/18/2023,6:00,285.754
4/18/2023,12:00,284.459
4/18/2023,18:00,289.331
4/19/2023,0:00,286.768
4/19/2023,6:00,284.431
4/19/2023,12:00,282.634
4/19/2023,18:00,287.328
4/20/2023,0:00,283.61
4/20/2023,6:00,281.41
4/20/2023,12:00,280.826
4/20/2023,18:00,286.151
4/21/2023,0:00,286.377
4/21/2023,6:00,282.643
4/21/2023,12:00,281.115
4/21/2023,18:00,287.115
4/22/2023,0:00,290.129
4/22/2023,6:00,286.842
4/22/2023,12:00,285.904
4/22/2023,18:00,290.011
4/23/2023,0:00,291.985
4/23/2023,6:00,288.338
4/23/2023,12:00,287.019
4/23/2023,18:00,291.177
4/24/2023,0:00,293.377
4/24/2023,6:00,288.997
4/24/2023,12:00,287.1
4/24/2023,18:00,292.741
4/25/2023,0:00,293.922
4/25/2023,6:00,290.109
4/25/2023,12:00,289.5
4/25/2023,18:00,291.333
4/26/2023,0:00,291.145
4/26/2023,6:00,288.018
4/26/2023,12:00,287.661
4/26/2023,18:00,291.418
4/27/2023,0:00,292.055
4/27/2023,6:00,287.274
4/27/2023,12:00,286.506
4/27/2023,18:00,290.924
4/28/2023,0:00,291.405
4/28/2023,6:00,288.348
4/28/2023,12:00,286.837
4/28/2023,18:00,291.905
4/29/2023,0:00,290.348
4/29/2023,6:00,287.603
4/29/2023,12:00,286.682
4/29/2023,18:00,292.129
4/30/2023,0:00,293.674
4/30/2023,6:00,289.904
4/30/2023,12:00,288.576
4/30/2023,18:00,293.677
5/1/2023,0:00,296.726
5/1/2023,6:00,295.193
5/1/2023,12:00,289.827
5/1/2023,18:00,291.43
5/2/2023,0:00,288.597
5/2/2023,6:00,288.01
5/2/2023,12:00,287.148
5/2/2023,18:00,287.256
5/3/2023,0:00,286.855
5/3/2023,6:00,287.305
5/3/2023,12:00,287.532
5/3/2023,18:00,287.719
5/4/2023,0:00,288.2
5/4/2023,6:00,288.642
5/4/2023,12:00,288.457
5/4/2023,18:00,289.615
5/5/2023,0:00,290.808
5/5/2023,6:00,290.576
5/5/2023,12:00,290.632
5/5/2023,18:00,291.109
5/6/2023,0:00,292.405
5/6/2023,6:00,291.148
5/6/2023,12:00,289.935
5/6/2023,18:00,291.035
5/7/2023,0:00,291.212
5/7/2023,6:00,290.705
5/7/2023,12:00,290.632
5/7/2023,18:00,290.477
5/8/2023,0:00,287.786
5/8/2023,6:00,285.819
5/8/2023,12:00,284.581
5/8/2023,18:00,287.788
5/9/2023,0:00,287.749
5/9/2023,6:00,286.125
5/9/2023,12:00,284.923
5/9/2023,18:00,287.739
5/10/2023,0:00,286.8
5/10/2023,6:00,284.335
5/10/2023,12:00,283.817
5/10/2023,18:00,287.035
5/11/2023,0:00,286.7
5/11/2023,6:00,283.461
5/11/2023,12:00,281.2
5/11/2023,18:00,284.221
5/12/2023,0:00,284.604
5/12/2023,6:00,281.533
5/12/2023,12:00,281.036
5/12/2023,18:00,284.675
5/13/2023,0:00,285.405
5/13/2023,6:00,283.421
5/13/2023,12:00,282.482
5/13/2023,18:00,286.2
5/14/2023,0:00,287.11
5/14/2023,6:00,285.386
5/14/2023,12:00,284.097
5/14/2023,18:00,287.886
5/15/2023,0:00,288.241
5/15/2023,6:00,286.214
5/15/2023,12:00,285.254
5/15/2023,18:00,288.906
5/16/2023,0:00,289.388
5/16/2023,6:00,286.759
5/16/2023,12:00,285.974
5/16/2023,18:00,289.189
5/17/2023,0:00,288.6
5/17/2023,6:00,286.494
5/17/2023,12:00,285.181
5/17/2023,18:00,288.834
5/18/2023,0:00,290.358
5/18/2023,6:00,287.937
5/18/2023,12:00,286.645
5/18/2023,18:00,290.021
5/19/2023,0:00,290.524
5/19/2023,6:00,287.905
5/19/2023,12:00,287.653
5/19/2023,18:00,290.233
5/20/2023,0:00,291.158
5/20/2023,6:00,289.256
5/20/2023,12:00,288.37
5/20/2023,18:00,291.038
5/21/2023,0:00,291.056
5/21/2023,6:00,290.183
5/21/2023,12:00,289.276
5/21/2023,18:00,289.8
5/22/2023,0:00,289.802
5/22/2023,6:00,288.324
5/22/2023,12:00,288.216
5/22/2023,18:00,290.361
5/23/2023,0:00,291.815
5/23/2023,6:00,290.756
5/23/2023,12:00,289.294
5/23/2023,18:00,292.058
5/24/2023,0:00,293.459
5/24/2023,6:00,291.439
5/24/2023,12:00,290.461
5/24/2023,18:00,293.405
5/25/2023,0:00,293.759
5/25/2023,6:00,290.837
5/25/2023,12:00,289.59
5/25/2023,18:00,292.678
5/26/2023,0:00,292.342
5/26/2023,6:00,290.642
5/26/2023,12:00,290.839
5/26/2023,18:00,293.781
5/27/2023,0:00,292.344
5/27/2023,6:00,291.116
5/27/2023,12:00,290.664
5/27/2023,18:00,288.997
5/28/2023,0:00,288.635
5/28/2023,6:00,284.863
5/28/2023,12:00,283.203
5/28/2023,18:00,283.337
5/29/2023,0:00,282.171
5/29/2023,6:00,280.551
5/29/2023,12:00,279.568
5/29/2023,18:00,282.835
5/30/2023,0:00,284.695
5/30/2023,6:00,282.185
5/30/2023,12:00,281.961
5/30/2023,18:00,284.981
5/31/2023,0:00,286.7
5/31/2023,6:00,285.359
5/31/2023,12:00,284.69
5/31/2023,18:00,287.512
6/1/2023,0:00,290.812
6/1/2023,6:00,288.512
6/1/2023,12:00,287.921
6/1/2023,18:00,290.443
6/2/2023,0:00,290.556
6/2/2023,6:00,288.703
6/2/2023,12:00,287.207
6/2/2023,18:00,289.825
6/3/2023,0:00,290.826
6/3/2023,6:00,288.316
6/3/2023,12:00,287.669
6/3/2023,18:00,289.945
6/4/2023,0:00,291.845
6/4/2023,6:00,290.155
6/4/2023,12:00,288.675
6/4/2023,18:00,291.083
6/5/2023,0:00,291.433
6/5/2023,6:00,289.211
6/5/2023,12:00,289.348
6/5/2023,18:00,290.126
6/6/2023,0:00,289.747
6/6/2023,6:00,287.948
6/6/2023,12:00,287.428
6/6/2023,18:00,290.547
6/7/2023,0:00,291.955
6/7/2023,6:00,290.165
6/7/2023,12:00,289
6/7/2023,18:00,291.5
6/8/2023,0:00,292.803
6/8/2023,6:00,290.6
6/8/2023,12:00,288.917
6/8/2023,18:00,291.254
6/9/2023,0:00,291.397
6/9/2023,6:00,289.122
6/9/2023,12:00,288.015
6/9/2023,18:00,290.617
6/10/2023,0:00,293.158
6/10/2023,6:00,291.755
6/10/2023,12:00,291.511
6/10/2023,18:00,291.8
6/11/2023,0:00,287.125
6/11/2023,6:00,284.515
6/11/2023,12:00,282.46
6/11/2023,18:00,282.594
6/12/2023,0:00,279.837
6/12/2023,6:00,277.034
6/12/2023,12:00,276
6/12/2023,18:00,278.7
6/13/2023,0:00,278.431
6/13/2023,6:00,276.253
6/13/2023,12:00,275.3
6/13/2023,18:00,278.228
6/14/2023,0:00,280.448
6/14/2023,6:00,278.465
6/14/2023,12:00,277.743
6/14/2023,18:00,280.509
6/15/2023,0:00,283.34
6/15/2023,6:00,283.413
6/15/2023,12:00,283.303
6/15/2023,18:00,283.605
6/16/2023,0:00,285.508
6/16/2023,6:00,285.235
6/16/2023,12:00,283.273
6/16/2023,18:00,284.677
6/17/2023,0:00,284.329
6/17/2023,6:00,282.173
6/17/2023,12:00,281.035
6/17/2023,18:00,283.2
6/18/2023,0:00,285.62
6/18/2023,6:00,281.288
6/18/2023,12:00,280.129
6/18/2023,18:00,282.398
6/19/2023,0:00,282.565
6/19/2023,6:00,280.01
6/19/2023,12:00,279.129
6/19/2023,18:00,281.251
6/20/2023,0:00,284.66
6/20/2023,6:00,284.627
6/20/2023,12:00,283.551
6/20/2023,18:00,286.125
6/21/2023,0:00,286.7
6/21/2023,6:00,285.563
6/21/2023,12:00,286.3
6/21/2023,18:00,286.715
6/22/2023,0:00,287.286
6/22/2023,6:00,285.622
6/22/2023,12:00,285.619
6/22/2023,18:00,286.877
6/23/2023,0:00,287.265
6/23/2023,6:00,286.873
6/23/2023,12:00,287.358
6/23/2023,18:00,289.277
6/24/2023,0:00,291.613
6/24/2023,6:00,291.547
6/24/2023,12:00,290.84
6/24/2023,18:00,292.301
6/25/2023,0:00,292.909
6/25/2023,6:00,291.208
6/25/2023,12:00,290.563
6/25/2023,18:00,292.158
6/26/2023,0:00,292.741
6/26/2023,6:00,291.413
6/26/2023,12:00,290.502
6/26/2023,18:00,292.619
6/27/2023,0:00,293.318
6/27/2023,6:00,290.836
6/27/2023,12:00,290.302
6/27/2023,18:00,291.106
6/28/2023,0:00,292.018
6/28/2023,6:00,289.52
6/28/2023,12:00,289.071
6/28/2023,18:00,288.2
6/29/2023,0:00,284.791
6/29/2023,6:00,281.177
6/29/2023,12:00,279.665
6/29/2023,18:00,281.922
6/30/2023,0:00,282.358
6/30/2023,6:00,280.948
6/30/2023,12:00,280.594
6/30/2023,18:00,282.452
7/1/2023,0:00,285.1
7/1/2023,6:00,283.94
7/1/2023,12:00,283.404
7/1/2023,18:00,285.8
7/2/2023,0:00,287.946
7/2/2023,6:00,285.973
7/2/2023,12:00,285.395
7/2/2023,18:00,287.588
7/3/2023,0:00,289.133
7/3/2023,6:00,287.448
7/3/2023,12:00,286.843
7/3/2023,18:00,289.307
7/4/2023,0:00,290.605
7/4/2023,6:00,288.562
7/4/2023,12:00,287.111
7/4/2023,18:00,289.393
7/5/2023,0:00,290.743
7/5/2023,6:00,289.509
7/5/2023,12:00,287.144
7/5/2023,18:00,289.326
7/6/2023,0:00,291.315
7/6/2023,6:00,289.308
7/6/2023,12:00,288.968
7/6/2023,18:00,290.786
7/7/2023,0:00,291.512
7/7/2023,6:00,289.655
7/7/2023,12:00,288.681
7/7/2023,18:00,290.251
7/8/2023,0:00,290.336
7/8/2023,6:00,287.832
7/8/2023,12:00,287.1
7/8/2023,18:00,287.568
7/9/2023,0:00,286.6
7/9/2023,6:00,285.573
7/9/2023,12:00,285.083
7/9/2023,18:00,287.058
7/10/2023,0:00,288.868
7/10/2023,6:00,288.179
7/10/2023,12:00,287.241
7/10/2023,18:00,288.221
7/11/2023,0:00,289.575
7/11/2023,6:00,287.551
7/11/2023,12:00,285.945
7/11/2023,18:00,285.988
7/12/2023,0:00,287.449
7/12/2023,6:00,286.471
7/12/2023,12:00,286.974
7/12/2023,18:00,287.319
7/13/2023,0:00,285.619
7/13/2023,6:00,283.833
7/13/2023,12:00,282.3
7/13/2023,18:00,282.846
7/14/2023,0:00,281.984
7/14/2023,6:00,278.921
7/14/2023,12:00,277.413
7/14/2023,18:00,279.56
7/15/2023,0:00,283.382
7/15/2023,6:00,278.764
7/15/2023,12:00,277.948
7/15/2023,18:00,280.532
7/16/2023,0:00,281.552
7/16/2023,6:00,280.191
7/16/2023,12:00,279.218
7/16/2023,18:00,281.475
7/17/2023,0:00,281.467
7/17/2023,6:00,278.362
7/17/2023,12:00,276.986
7/17/2023,18:00,279.299
7/18/2023,0:00,279.177
7/18/2023,6:00,276.435
7/18/2023,12:00,275.315
7/18/2023,18:00,277.844
7/19/2023,0:00,278.708
7/19/2023,6:00,277.643
7/19/2023,12:00,277.451
7/19/2023,18:00,279.448
7/20/2023,0:00,282.6
7/20/2023,6:00,281.912
7/20/2023,12:00,282.267
7/20/2023,18:00,286.457
7/21/2023,0:00,288.319
7/21/2023,6:00,287.961
7/21/2023,12:00,288.491
7/21/2023,18:00,292.184
7/22/2023,0:00,294.436
7/22/2023,6:00,294.54
7/22/2023,12:00,293.415
7/22/2023,18:00,294.212
7/23/2023,0:00,293.677
7/23/2023,6:00,293.8
7/23/2023,12:00,290.957
7/23/2023,18:00,293.288
7/24/2023,0:00,290.731
7/24/2023,6:00,289.732
7/24/2023,12:00,287.601
7/24/2023,18:00,287.279
7/25/2023,0:00,288.596
7/25/2023,6:00,287.342
7/25/2023,12:00,286.608
7/25/2023,18:00,286.656
7/26/2023,0:00,289.094
7/26/2023,6:00,288.766
7/26/2023,12:00,287.466
7/26/2023,18:00,288.571
7/27/2023,0:00,283.931
7/27/2023,6:00,281.995
7/27/2023,12:00,280.537
7/27/2023,18:00,283.092
7/28/2023,0:00,283.925
7/28/2023,6:00,283.565
7/28/2023,12:00,282.751
7/28/2023,18:00,284.154
7/29/2023,0:00,283.275
7/29/2023,6:00,280.699
7/29/2023,12:00,279.159
7/29/2023,18:00,281.973
7/30/2023,0:00,282.478
7/30/2023,6:00,281.214
7/30/2023,12:00,281.088
7/30/2023,18:00,284.651
7/31/2023,0:00,287.832
7/31/2023,6:00,286.57
7/31/2023,12:00,286.417
7/31/2023,18:00,289.661
8/1/2023,0:00,291.224
8/1/2023,6:00,289.826
8/1/2023,12:00,288.71
8/1/2023,18:00,291.607
8/2/2023,0:00,293.281
8/2/2023,6:00,290.593
8/2/2023,12:00,289.363
8/2/2023,18:00,292.372
8/3/2023,0:00,294.122
8/3/2023,6:00,291.6
8/3/2023,12:00,289.9
8/3/2023,18:00,292.6
8/4/2023,0:00,292.358
8/4/2023,6:00,290.108
8/4/2023,12:00,288.242
8/4/2023,18:00,291.512
8/5/2023,0:00,294.485
8/5/2023,6:00,290.875
8/5/2023,12:00,289.074
8/5/2023,18:00,291.883
8/6/2023,0:00,293.408
8/6/2023,6:00,291.402
8/6/2023,12:00,289.957
8/6/2023,18:00,292.843
8/7/2023,0:00,295.691
8/7/2023,6:00,294.119
8/7/2023,12:00,289.681
8/7/2023,18:00,289.6
8/8/2023,0:00,285.365
8/8/2023,6:00,282.324
8/8/2023,12:00,281.333
8/8/2023,18:00,283.947
8/9/2023,0:00,287.862
8/9/2023,6:00,285.515
8/9/2023,12:00,285.557
8/9/2023,18:00,286.356
8/10/2023,0:00,286.672
8/10/2023,6:00,285.094
8/10/2023,12:00,285.304
8/10/2023,18:00,288.26
8/11/2023,0:00,292.201
8/11/2023,6:00,291.1
8/11/2023,12:00,289.44
8/11/2023,18:00,291.926
8/12/2023,0:00,287.519
8/12/2023,6:00,284.433
8/12/2023,12:00,280.762
8/12/2023,18:00,283.118
8/13/2023,0:00,281.858
8/13/2023,6:00,278.714
8/13/2023,12:00,276.841
8/13/2023,18:00,280.41
8/14/2023,0:00,281.333
8/14/2023,6:00,279.804
8/14/2023,12:00,279.165
8/14/2023,18:00,283.261
8/15/2023,0:00,285.883
8/15/2023,6:00,285
8/15/2023,12:00,285.015
8/15/2023,18:00,288.965
8/16/2023,0:00,291.8
8/16/2023,6:00,290.2
8/16/2023,12:00,290.133
8/16/2023,18:00,293.496
8/17/2023,0:00,294.961
8/17/2023,6:00,292.685
8/17/2023,12:00,291.883
8/17/2023,18:00,295.804
8/18/2023,0:00,295.734
8/18/2023,6:00,291.392
8/18/2023,12:00,289.3
8/18/2023,18:00,288.328
8/19/2023,0:00,288.112
8/19/2023,6:00,283.467
8/19/2023,12:00,280.916
8/19/2023,18:00,284.099
8/20/2023,0:00,285.244
8/20/2023,6:00,283.545
8/20/2023,12:00,283.499
8/20/2023,18:00,287.7
8/21/2023,0:00,288.33
8/21/2023,6:00,286.112
8/21/2023,12:00,285.042
8/21/2023,18:00,288.73
8/22/2023,0:00,291.438
8/22/2023,6:00,290.21
8/22/2023,12:00,289.751
8/22/2023,18:00,295.488
8/23/2023,0:00,294.092
8/23/2023,6:00,289.595
8/23/2023,12:00,289.058
8/23/2023,18:00,289.524
8/24/2023,0:00,287.1
8/24/2023,6:00,284.422
8/24/2023,12:00,282.105
8/24/2023,18:00,285.362
8/25/2023,0:00,284.8
8/25/2023,6:00,281.6
8/25/2023,12:00,280.055
8/25/2023,18:00,284.173
8/26/2023,0:00,283.6
8/26/2023,6:00,280.622
8/26/2023,12:00,278.773
8/26/2023,18:00,283.197
8/27/2023,0:00,281.704
8/27/2023,6:00,278.736
8/27/2023,12:00,277.465
8/27/2023,18:00,281.833
8/28/2023,0:00,280.837
8/28/2023,6:00,277.81
8/28/2023,12:00,276.461
8/28/2023,18:00,280.636
8/29/2023,0:00,281.325
8/29/2023,6:00,279.167
8/29/2023,12:00,278.142
8/29/2023,18:00,283.542
8/30/2023,0:00,286.6
8/30/2023,6:00,283.5
8/30/2023,12:00,283.212
8/30/2023,18:00,288.4
8/31/2023,0:00,290.77
8/31/2023,6:00,287.803
8/31/2023,12:00,287.078
8/31/2023,18:00,292.003
9/1/2023,0:00,290.044
9/1/2023,6:00,288.183
9/1/2023,12:00,287.225
9/1/2023,18:00,289.583
9/2/2023,0:00,291.324
9/2/2023,6:00,291.372
9/2/2023,12:00,291.151
9/2/2023,18:00,292.3
9/3/2023,0:00,294.937
9/3/2023,6:00,292.881
9/3/2023,12:00,292.272
9/3/2023,18:00,293.486
9/4/2023,0:00,293.464
9/4/2023,6:00,292.751
9/4/2023,12:00,289.568
9/4/2023,18:00,287.298
9/5/2023,0:00,285.496
9/5/2023,6:00,281.442
9/5/2023,12:00,279.406
9/5/2023,18:00,282.475
9/6/2023,0:00,282.925
9/6/2023,6:00,282.234
9/6/2023,12:00,281.044
9/6/2023,18:00,283.806
9/7/2023,0:00,289.13
9/7/2023,6:00,287.233
9/7/2023,12:00,288.1
9/7/2023,18:00,292.461
9/8/2023,0:00,289.291
9/8/2023,6:00,289.54
9/8/2023,12:00,287.273
9/8/2023,18:00,287.7
9/9/2023,0:00,288.5
9/9/2023,6:00,286.683
9/9/2023,12:00,286.213
9/9/2023,18:00,287.442
9/10/2023,0:00,286.55
9/10/2023,6:00,285.325
9/10/2023,12:00,284.901
9/10/2023,18:00,288.113
9/11/2023,0:00,293.077
9/11/2023,6:00,292.437
9/11/2023,12:00,292.104
9/11/2023,18:00,296.1
9/12/2023,0:00,296.332
9/12/2023,6:00,291.106
9/12/2023,12:00,286.174
9/12/2023,18:00,285.719
9/13/2023,0:00,284.133
9/13/2023,6:00,281.755
9/13/2023,12:00,281.605
9/13/2023,18:00,282.1
9/14/2023,0:00,281.901
9/14/2023,6:00,279.954
9/14/2023,12:00,278.461
9/14/2023,18:00,282.682
9/15/2023,0:00,283.175
9/15/2023,6:00,280.758
9/15/2023,12:00,280.063
9/15/2023,18:00,285.187
9/16/2023,0:00,285.757
9/16/2023,6:00,283.732
9/16/2023,12:00,283.365
9/16/2023,18:00,289.082
9/17/2023,0:00,291.829
9/17/2023,6:00,290.241
9/17/2023,12:00,290.02
9/17/2023,18:00,295.724
9/18/2023,0:00,296.832
9/18/2023,6:00,296.6
9/18/2023,12:00,293.965
9/18/2023,18:00,293.962
9/19/2023,0:00,288.965
9/19/2023,6:00,288.473
9/19/2023,12:00,289.412
9/19/2023,18:00,290.579
9/20/2023,0:00,292.019
9/20/2023,6:00,291.939
9/20/2023,12:00,292.282
9/20/2023,18:00,295.2
9/21/2023,0:00,296.088
9/21/2023,6:00,293.786
9/21/2023,12:00,293.064
9/21/2023,18:00,296.751
9/22/2023,0:00,297.065
9/22/2023,6:00,293.376
9/22/2023,12:00,293.409
9/22/2023,18:00,294.924
9/23/2023,0:00,294.519
9/23/2023,6:00,292.599
9/23/2023,12:00,291.406
9/23/2023,18:00,292.3
9/24/2023,0:00,294.542
9/24/2023,6:00,292.146
9/24/2023,12:00,291.7
9/24/2023,18:00,293.849
9/25/2023,0:00,292.555
9/25/2023,6:00,289.712
9/25/2023,12:00,288.092
9/25/2023,18:00,289.309
9/26/2023,0:00,289.197
9/26/2023,6:00,287.319
9/26/2023,12:00,287.753
9/26/2023,18:00,288.466
9/27/2023,0:00,286.341
9/27/2023,6:00,284.12
9/27/2023,12:00,283.908
9/27/2023,18:00,286.228
9/28/2023,0:00,283.478
9/28/2023,6:00,280.764
9/28/2023,12:00,280.29
9/28/2023,18:00,285.736
9/29/2023,0:00,286.519
9/29/2023,6:00,284.642
9/29/2023,12:00,282.948
9/29/2023,18:00,288.258
9/30/2023,0:00,288.011
9/30/2023,6:00,285.074
9/30/2023,12:00,283.625
9/30/2023,18:00,288.663
10/1/2023,0:00,284.752
10/1/2023,6:00,282.49
10/1/2023,12:00,281.7
10/1/2023,18:00,287.263
10/2/2023,0:00,285.244
10/2/2023,6:00,281.335
10/2/2023,12:00,280.644
10/2/2023,18:00,286.979
10/3/2023,0:00,286.2
10/3/2023,6:00,283.14
10/3/2023,12:00,281.6
10/3/2023,18:00,287.443
10/4/2023,0:00,290.827
10/4/2023,6:00,290.124
10/4/2023,12:00,289.548
10/4/2023,18:00,289.4
10/5/2023,0:00,287.027
10/5/2023,6:00,283.306
10/5/2023,12:00,281.7
10/5/2023,18:00,287.603
10/6/2023,0:00,286.083
10/6/2023,6:00,283.752
10/6/2023,12:00,283.2
10/6/2023,18:00,288.92
10/7/2023,0:00,288.879
10/7/2023,6:00,286.207
10/7/2023,12:00,286.582
10/7/2023,18:00,291.329
10/8/2023,0:00,289.755
10/8/2023,6:00,286.499
10/8/2023,12:00,285.733
10/8/2023,18:00,289.524
10/9/2023,0:00,286.501
10/9/2023,6:00,284.931
10/9/2023,12:00,284.725
10/9/2023,18:00,290.554
10/10/2023,0:00,289.126
10/10/2023,6:00,286.287
10/10/2023,12:00,285.99
10/10/2023,18:00,292.716
10/11/2023,0:00,292.724
10/11/2023,6:00,291.511
10/11/2023,12:00,292.434
10/11/2023,18:00,292.212
10/12/2023,0:00,284.86
10/12/2023,6:00,281.358
10/12/2023,12:00,279.892
10/12/2023,18:00,281.771
10/13/2023,0:00,282.873
10/13/2023,6:00,280.856
10/13/2023,12:00,279.328
10/13/2023,18:00,284.773
10/14/2023,0:00,284.017
10/14/2023,6:00,282.385
10/14/2023,12:00,281.602
10/14/2023,18:00,287.543
10/15/2023,0:00,288.944
10/15/2023,6:00,286.048
10/15/2023,12:00,285.479
10/15/2023,18:00,291.1
10/16/2023,0:00,293.677
10/16/2023,6:00,292.003
10/16/2023,12:00,292.241
10/16/2023,18:00,295.673
10/17/2023,0:00,293.152
10/17/2023,6:00,292.361
10/17/2023,12:00,292.007
10/17/2023,18:00,290.758
10/18/2023,0:00,290.427
10/18/2023,6:00,287.325
10/18/2023,12:00,284.409
10/18/2023,18:00,285.369
10/19/2023,0:00,288.355
10/19/2023,6:00,286.774
10/19/2023,12:00,285.894
10/19/2023,18:00,289.132
10/20/2023,0:00,291.248
10/20/2023,6:00,288.774
10/20/2023,12:00,288.463
10/20/2023,18:00,289.271
10/21/2023,0:00,291.154
10/21/2023,6:00,289.23
10/21/2023,12:00,288.601
10/21/2023,18:00,291.399
10/22/2023,0:00,295.097
10/22/2023,6:00,292.85
10/22/2023,12:00,292.721
10/22/2023,18:00,296.196
10/23/2023,0:00,294.144
10/23/2023,6:00,292.744
10/23/2023,12:00,293.184
10/23/2023,18:00,292.612
10/24/2023,0:00,292.501
10/24/2023,6:00,291.483
10/24/2023,12:00,290.812
10/24/2023,18:00,293.339
10/25/2023,0:00,291.867
10/25/2023,6:00,288.603
10/25/2023,12:00,286.791
10/25/2023,18:00,290.249
10/26/2023,0:00,288.972
10/26/2023,6:00,285.365
10/26/2023,12:00,284.325
10/26/2023,18:00,289.756
10/27/2023,0:00,289.26
10/27/2023,6:00,286
10/27/2023,12:00,285.139
10/27/2023,18:00,290.994
10/28/2023,0:00,293.434
10/28/2023,6:00,291.34
10/28/2023,12:00,292.241
10/28/2023,18:00,293.415
10/29/2023,0:00,292.942
10/29/2023,6:00,289.486
10/29/2023,12:00,289.624
10/29/2023,18:00,294.833
10/30/2023,0:00,294.789
10/30/2023,6:00,292.6
10/30/2023,12:00,292.766
10/30/2023,18:00,295.366
10/31/2023,0:00,293.741
10/31/2023,6:00,291.286
10/31/2023,12:00,290.702
10/31/2023,18:00,292.717
11/1/2023,0:00,290.226
11/1/2023,6:00,288.64
11/1/2023,12:00,289.765
11/1/2023,18:00,293.128
11/2/2023,0:00,289.989
11/2/2023,6:00,289.15
11/2/2023,12:00,289.228
11/2/2023,18:00,289.814
11/3/2023,0:00,290.789
11/3/2023,6:00,290.493
11/3/2023,12:00,286.248
11/3/2023,18:00,284.602
11/4/2023,0:00,285.296
11/4/2023,6:00,284.58
11/4/2023,12:00,282.149
11/4/2023,18:00,287.414
11/5/2023,0:00,286.992
11/5/2023,6:00,283.066
11/5/2023,12:00,282.797
11/5/2023,18:00,289.68
11/6/2023,0:00,288.828
11/6/2023,6:00,285.576
11/6/2023,12:00,284.901
11/6/2023,18:00,291.612
11/7/2023,0:00,292.551
11/7/2023,6:00,289.776
11/7/2023,12:00,289.226
11/7/2023,18:00,297.451
11/8/2023,0:00,296.818
11/8/2023,6:00,294.599
11/8/2023,12:00,293.901
11/8/2023,18:00,295.494
11/9/2023,0:00,296.989
11/9/2023,6:00,293.325
11/9/2023,12:00,292.516
11/9/2023,18:00,293.365
11/10/2023,0:00,290.866
11/10/2023,6:00,290.728
11/10/2023,12:00,289.997
11/10/2023,18:00,292.919
11/11/2023,0:00,296.333
11/11/2023,6:00,295.416
11/11/2023,12:00,298.065
11/11/2023,18:00,297.588
11/12/2023,0:00,298.229
11/12/2023,6:00,297.119
11/12/2023,12:00,296.543
11/12/2023,18:00,296.235
11/13/2023,0:00,294.98
11/13/2023,6:00,293.167
11/13/2023,12:00,293.486
11/13/2023,18:00,293.045
11/14/2023,0:00,293.592
11/14/2023,6:00,292.541
11/14/2023,12:00,292.97
11/14/2023,18:00,293.119
11/15/2023,0:00,292.788
11/15/2023,6:00,290.65
11/15/2023,12:00,290.76
11/15/2023,18:00,294.087
11/16/2023,0:00,295.445
11/16/2023,6:00,293.37
11/16/2023,12:00,292.701
11/16/2023,18:00,296.158
11/17/2023,0:00,294.745
11/17/2023,6:00,291.984
11/17/2023,12:00,291.877
11/17/2023,18:00,294.986
11/18/2023,0:00,294.124
11/18/2023,6:00,293.77
11/18/2023,12:00,291.58
11/18/2023,18:00,290.107
11/19/2023,0:00,291.128
11/19/2023,6:00,286.495
11/19/2023,12:00,285.536
11/19/2023,18:00,291.101
11/20/2023,0:00,290.604
11/20/2023,6:00,287.704
11/20/2023,12:00,287.341
11/20/2023,18:00,294.847
11/21/2023,0:00,292.745
11/21/2023,6:00,292.121
11/21/2023,12:00,292.619
11/21/2023,18:00,299.078
11/22/2023,0:00,298.338
11/22/2023,6:00,295.294
11/22/2023,12:00,292.682
11/22/2023,18:00,292.65
11/23/2023,0:00,291.282
11/23/2023,6:00,290.04
11/23/2023,12:00,288.243
11/23/2023,18:00,291.752
11/24/2023,0:00,292.425
11/24/2023,6:00,289.432
11/24/2023,12:00,288.884
11/24/2023,18:00,295.065
11/25/2023,0:00,290.761
11/25/2023,6:00,288.077
11/25/2023,12:00,286.485
11/25/2023,18:00,290.686
11/26/2023,0:00,292.739
11/26/2023,6:00,289.608
11/26/2023,12:00,288.293
11/26/2023,18:00,294.416
11/27/2023,0:00,295.15
11/27/2023,6:00,293.253
11/27/2023,12:00,292.387
11/27/2023,18:00,295.341
11/28/2023,0:00,293.73
11/28/2023,6:00,291.346
11/28/2023,12:00,291.647
11/28/2023,18:00,296.647
11/29/2023,0:00,293.696
11/29/2023,6:00,289.912
11/29/2023,12:00,289.976
11/29/2023,18:00,295.907
11/30/2023,0:00,296.02
11/30/2023,6:00,292.508
11/30/2023,12:00,292.223
11/30/2023,18:00,298.442
12/1/2023,0:00,297.134
12/1/2023,6:00,296.047
12/1/2023,12:00,294.908
12/1/2023,18:00,301.452
12/2/2023,0:00,300.624
12/2/2023,6:00,294.872
12/2/2023,12:00,293.8
12/2/2023,18:00,294.244
12/3/2023,0:00,293.872
12/3/2023,6:00,292.369
12/3/2023,12:00,291.843
12/3/2023,18:00,294.896
12/4/2023,0:00,293.239
12/4/2023,6:00,290.593
12/4/2023,12:00,289.366
12/4/2023,18:00,290.884
12/5/2023,0:00,290.595
12/5/2023,6:00,289.708
12/5/2023,12:00,288.999
12/5/2023,18:00,292.842
12/6/2023,0:00,295.319
12/6/2023,6:00,293.674
12/6/2023,12:00,294.299
12/6/2023,18:00,298.664
12/7/2023,0:00,296.803
12/7/2023,6:00,294.884
12/7/2023,12:00,293.923
12/7/2023,18:00,296.213
12/8/2023,0:00,293.065
12/8/2023,6:00,289.654
12/8/2023,12:00,287.844
12/8/2023,18:00,291.913
12/9/2023,0:00,290.262
12/9/2023,6:00,288.361
12/9/2023,12:00,286.376
12/9/2023,18:00,291.606
12/10/2023,0:00,293.182
12/10/2023,6:00,290.231
12/10/2023,12:00,288.927
12/10/2023,18:00,294.724
12/11/2023,0:00,293.121
12/11/2023,6:00,289.457
12/11/2023,12:00,289.39
12/11/2023,18:00,295.196
12/12/2023,0:00,294.647
12/12/2023,6:00,291.246
12/12/2023,12:00,290.621
12/12/2023,18:00,297.107
12/13/2023,0:00,297.777
12/13/2023,6:00,295.583
12/13/2023,12:00,294.579
12/13/2023,18:00,296.175
12/14/2023,0:00,293.85
12/14/2023,6:00,293.94
12/14/2023,12:00,293.749
12/14/2023,18:00,296.409
12/15/2023,0:00,298.182
12/15/2023,6:00,296.855
12/15/2023,12:00,296.582
12/15/2023,18:00,297.138
12/16/2023,0:00,295.243
12/16/2023,6:00,294.837
12/16/2023,12:00,295.242
12/16/2023,18:00,300.736
12/17/2023,0:00,299.859
12/17/2023,6:00,297.195
12/17/2023,12:00,296.331
12/17/2023,18:00,302.068
12/18/2023,0:00,302.324
12/18/2023,6:00,299.741
12/18/2023,12:00,298.476
12/18/2023,18:00,303.221
12/19/2023,0:00,293.969
12/19/2023,6:00,294.814
12/19/2023,12:00,291.467
12/19/2023,18:00,291.755
12/20/2023,0:00,292.11
12/20/2023,6:00,291.596
12/20/2023,12:00,291.578
12/20/2023,18:00,293.082
12/21/2023,0:00,294.47
12/21/2023,6:00,293.674
12/21/2023,12:00,292.785
12/21/2023,18:00,296.437
12/22/2023,0:00,298.654
12/22/2023,6:00,296.053
12/22/2023,12:00,294.786
12/22/2023,18:00,300.175
12/23/2023,0:00,294.957
12/23/2023,6:00,293.315
12/23/2023,12:00,292.358
12/23/2023,18:00,297.3
12/24/2023,0:00,296.891
12/24/2023,6:00,294.484
12/24/2023,12:00,293.953
12/24/2023,18:00,298.093
12/25/2023,0:00,297.353
12/25/2023,6:00,295.341
12/25/2023,12:00,294.057
12/25/2023,18:00,297.366
12/26/2023,0:00,294.201
12/26/2023,12:00,286.875
12/26/2023,18:00,291.124
12/27/2023,0:00,291.083
12/27/2023,6:00,287.724
12/27/2023,12:00,286.791
12/27/2023,18:00,293.527
12/28/2023,0:00,293.112
12/28/2023,6:00,290.221
12/28/2023,12:00,290.03
12/28/2023,18:00,296.781
12/29/2023,0:00,299.577
12/29/2023,6:00,295.036
12/29/2023,12:00,292.931
12/29/2023,18:00,293.829
12/30/2023,0:00,294.805
12/30/2023,6:00,289.644
12/30/2023,12:00,287.296
12/30/2023,18:00,290.882
12/31/2023,0:00,290.66
12/31/2023,6:00,287.495
12/31/2023,12:00,286.592
12/31/2023,18:00,291.177
1/1/2024,0:00,291.391
1/1/2024,6:00,289.108
1/1/2024,12:00,287.51
1/1/2024,18:00,293.153
1/2/2024,0:00,294.246
1/2/2024,6:00,291.876
1/2/2024,12:00,291.016
1/2/2024,18:00,296.944
1/3/2024,0:00,297.701
1/3/2024,6:00,292.276
1/3/2024,12:00,291.622
1/3/2024,18:00,293.538
1/4/2024,0:00,294.906
1/4/2024,6:00,291.952
1/4/2024,12:00,291.112
1/4/2024,18:00,293.985
1/5/2024,0:00,294.488
1/5/2024,6:00,291.385
1/5/2024,12:00,290.863
1/5/2024,18:00,295.482
1/6/2024,0:00,295.575
1/6/2024,6:00,292.65
1/6/2024,12:00,291.697
1/6/2024,18:00,297.657
1/7/2024,0:00,299.253
1/7/2024,6:00,296.072
1/7/2024,12:00,295.901
1/7/2024,18:00,300.546
1/8/2024,0:00,294.647
1/8/2024,6:00,294.358
1/8/2024,12:00,293.835
1/8/2024,18:00,294.087
1/9/2024,0:00,293.044
1/9/2024,6:00,292.607
1/9/2024,12:00,292.73
1/9/2024,18:00,295.944
1/10/2024,0:00,295.591
1/10/2024,6:00,293.941
1/10/2024,12:00,293.708
1/10/2024,18:00,293.669
1/11/2024,0:00,294.229
1/11/2024,6:00,293.585
1/11/2024,12:00,293.094
1/11/2024,18:00,294.866
1/12/2024,0:00,295.531
1/12/2024,6:00,293.064
1/12/2024,12:00,290.727
1/12/2024,18:00,294.878
1/13/2024,0:00,294.189
1/13/2024,6:00,290.957
1/13/2024,12:00,289.607
1/13/2024,18:00,293.924
1/14/2024,0:00,297.386
1/14/2024,6:00,295.035
1/14/2024,12:00,295.475
1/14/2024,18:00,301.156
1/15/2024,0:00,295.161
1/15/2024,6:00,294.607
1/15/2024,12:00,294.119
1/15/2024,18:00,297.932
1/16/2024,0:00,299.439
1/16/2024,6:00,296.277
1/16/2024,12:00,295.873
1/16/2024,18:00,300.918
1/17/2024,0:00,298.385
1/17/2024,6:00,293.782
1/17/2024,12:00,294.148
1/17/2024,18:00,294.903
1/18/2024,0:00,294.529
1/18/2024,6:00,294.247
1/18/2024,12:00,294.133
1/18/2024,18:00,295.41
1/19/2024,0:00,296.733
1/19/2024,6:00,295.112
1/19/2024,12:00,294.673
1/19/2024,18:00,298.9
1/20/2024,0:00,297.61
1/20/2024,6:00,294.79
1/20/2024,12:00,292.644
1/20/2024,18:00,295.563
1/21/2024,0:00,295.005
1/21/2024,6:00,292.508
1/21/2024,12:00,291.086
1/21/2024,18:00,294.792
1/22/2024,0:00,293.557
1/22/2024,6:00,290.436
1/22/2024,12:00,288.97
1/22/2024,18:00,292.92
1/23/2024,0:00,293.684
1/23/2024,6:00,289.96
1/23/2024,12:00,289.131
1/23/2024,18:00,293.156
1/24/2024,0:00,293.576
1/24/2024,6:00,289.894
1/24/2024,12:00,288.899
1/24/2024,18:00,293.656
1/25/2024,0:00,293.967
1/25/2024,6:00,290.126
1/25/2024,12:00,289.039
1/25/2024,18:00,293.67
1/26/2024,0:00,293.422
1/26/2024,6:00,289.615
1/26/2024,12:00,288.386
1/26/2024,18:00,293.104
1/27/2024,0:00,293.651
1/27/2024,6:00,289.722
1/27/2024,12:00,289.068
1/27/2024,18:00,293.74
1/28/2024,0:00,294.033
1/28/2024,6:00,290.868
1/28/2024,12:00,289.504
1/28/2024,18:00,294.367
1/29/2024,0:00,295.676
1/29/2024,6:00,291.839
1/29/2024,12:00,290.981
1/29/2024,18:00,296.235
1/30/2024,0:00,298.527
1/30/2024,6:00,294.225
1/30/2024,12:00,292.94
1/30/2024,18:00,297.707
1/31/2024,0:00,297.684
1/31/2024,6:00,293.905
1/31/2024,12:00,291.425
1/31/2024,18:00,296.652
2/1/2024,0:00,296.542
2/1/2024,6:00,293.572
2/1/2024,12:00,291.652
2/1/2024,18:00,297.674
2/2/2024,0:00,297.648
2/2/2024,6:00,293.829
2/2/2024,12:00,290.737
2/2/2024,18:00,296.733
2/3/2024,0:00,298.638
2/3/2024,6:00,293.672
2/3/2024,12:00,292.735
2/3/2024,18:00,298.335
2/4/2024,0:00,301.354
2/4/2024,6:00,296.838
2/4/2024,12:00,296.843
2/4/2024,18:00,301.227
2/5/2024,0:00,294.488
2/5/2024,6:00,293.991
2/5/2024,12:00,294.543
2/5/2024,18:00,298.813
2/6/2024,0:00,299.602
2/6/2024,6:00,297.307
2/6/2024,12:00,295.256
2/6/2024,18:00,299.476
2/7/2024,0:00,300.303
2/7/2024,6:00,296.102
2/7/2024,12:00,293.981
2/7/2024,18:00,300.001
2/8/2024,0:00,300.825
2/8/2024,6:00,294.707
2/8/2024,12:00,294.975
2/8/2024,18:00,300.626
2/9/2024,0:00,299
2/9/2024,6:00,297.293
2/9/2024,12:00,296.608
2/9/2024,18:00,301.174
2/10/2024,0:00,296.451
2/10/2024,6:00,295.947
2/10/2024,12:00,295.454
2/10/2024,18:00,300.957
2/11/2024,0:00,299.675
2/11/2024,6:00,296.353
2/11/2024,12:00,297.123
2/11/2024,18:00,301.47
2/12/2024,0:00,297.18
2/12/2024,6:00,297.316
2/12/2024,12:00,297.351
2/12/2024,18:00,302.733
2/13/2024,0:00,296.32
2/13/2024,6:00,294.976
2/13/2024,12:00,294.585
2/13/2024,18:00,291.302
2/14/2024,0:00,293.19
2/14/2024,6:00,289.653
2/14/2024,12:00,287.523
2/14/2024,18:00,292.42
2/15/2024,0:00,294.114
2/15/2024,6:00,291.803
2/15/2024,12:00,289.993
2/15/2024,18:00,293.982
2/16/2024,0:00,294.991
2/16/2024,6:00,293.713
2/16/2024,12:00,293.132
2/16/2024,18:00,294.114
2/17/2024,0:00,294.592
2/17/2024,6:00,291.79
2/17/2024,12:00,293.331
2/17/2024,18:00,294.576
2/18/2024,0:00,297.012
2/18/2024,6:00,293.056
2/18/2024,12:00,292.436
2/18/2024,18:00,297.312
2/19/2024,0:00,297.847
2/19/2024,6:00,294.213
2/19/2024,12:00,293.515
2/19/2024,18:00,297.598
2/20/2024,0:00,295.233
2/20/2024,6:00,294.031
2/20/2024,12:00,292.363
2/20/2024,18:00,296.677
2/21/2024,0:00,296.731
2/21/2024,6:00,292.006
2/21/2024,12:00,289.744
2/21/2024,18:00,294.85
2/22/2024,0:00,297.696
2/22/2024,6:00,293.251
2/22/2024,12:00,291.241
2/22/2024,18:00,297.097
2/23/2024,0:00,298.472
2/23/2024,6:00,295.114
2/23/2024,12:00,294.392
2/23/2024,18:00,300.032
2/24/2024,0:00,300.438
2/24/2024,6:00,296.563
2/24/2024,12:00,295.411
2/24/2024,18:00,300.786
2/25/2024,0:00,300.681
2/25/2024,6:00,296.708
2/25/2024,12:00,294.797
2/25/2024,18:00,298.659
2/26/2024,0:00,299.35
2/26/2024,6:00,295.359
2/26/2024,12:00,294.312
2/26/2024,18:00,296.78
2/27/2024,0:00,297.41
2/27/2024,6:00,296.79
2/27/2024,12:00,295.8
2/27/2024,18:00,298.64
2/28/2024,0:00,298.358
2/28/2024,6:00,296.386
2/28/2024,12:00,296.146
2/28/2024,18:00,297.426
2/29/2024,0:00,296.034
2/29/2024,6:00,295.443
2/29/2024,12:00,295.278
2/29/2024,18:00,298.413
3/1/2024,0:00,298.338
3/1/2024,6:00,295.504
3/1/2024,12:00,294.369
3/1/2024,18:00,298.532
3/2/2024,0:00,298.618
3/2/2024,6:00,294.527
3/2/2024,12:00,293.565
3/2/2024,18:00,298.8
3/3/2024,0:00,301.942
3/3/2024,6:00,296.63
3/3/2024,12:00,295.924
3/3/2024,18:00,297.69
3/4/2024,0:00,294.017
3/4/2024,6:00,292.329
3/4/2024,12:00,292.639
3/4/2024,18:00,294.869
3/5/2024,0:00,294.858
3/5/2024,6:00,290.306
3/5/2024,12:00,287.445
3/5/2024,18:00,292.331
3/6/2024,0:00,292.468
3/6/2024,6:00,288.622
3/6/2024,12:00,286.941
3/6/2024,18:00,292.945
3/7/2024,0:00,292.742
3/7/2024,6:00,288.486
3/7/2024,12:00,287.608
3/7/2024,18:00,293.687
3/8/2024,0:00,298.52
3/8/2024,6:00,294.749
3/8/2024,12:00,293.838
3/8/2024,18:00,295.936
3/9/2024,0:00,297.536
3/9/2024,6:00,295.757
3/9/2024,12:00,295.464
3/9/2024,18:00,299.434
3/10/2024,0:00,300.914
3/10/2024,6:00,297.3
3/10/2024,12:00,294.819
3/10/2024,18:00,299.387
3/11/2024,0:00,298.6
3/11/2024,6:00,293.767
3/11/2024,12:00,292.611
3/11/2024,18:00,297.193
3/12/2024,0:00,296.864
3/12/2024,6:00,293.13
3/12/2024,12:00,291.894
3/12/2024,18:00,298.532
3/13/2024,0:00,301.308
3/13/2024,6:00,296.082
3/13/2024,12:00,295.532
3/13/2024,18:00,300.959
3/14/2024,0:00,301.897
3/14/2024,6:00,297.516
3/14/2024,12:00,296.285
3/14/2024,18:00,302.369
3/15/2024,0:00,304.608
3/15/2024,6:00,299.554
3/15/2024,12:00,296.542
3/15/2024,18:00,296.789
3/16/2024,0:00,295.841
3/16/2024,6:00,295.221
3/16/2024,12:00,294.166
3/16/2024,18:00,297.83
3/17/2024,0:00,295.209
3/17/2024,6:00,294.344
3/17/2024,12:00,293.588
3/17/2024,18:00,296.255
3/18/2024,0:00,296.486
3/18/2024,6:00,294.528
3/18/2024,12:00,293.842
3/18/2024,18:00,296.857
3/19/2024,0:00,297.767
3/19/2024,6:00,296.292
3/19/2024,12:00,295.643
3/19/2024,18:00,297.321
3/20/2024,0:00,299.072
3/20/2024,6:00,296.306
3/20/2024,12:00,294.873
3/20/2024,18:00,299.251
3/21/2024,0:00,302.807
3/21/2024,6:00,296.516
3/21/2024,12:00,292.877
3/21/2024,18:00,292.377
3/22/2024,0:00,292.058
3/22/2024,6:00,288.352
3/22/2024,12:00,285.936
3/22/2024,18:00,288.542
3/23/2024,0:00,288.958
3/23/2024,6:00,287.56
3/23/2024,12:00,286.806
3/23/2024,18:00,290.33
3/24/2024,0:00,292.056
3/24/2024,6:00,289.371
3/24/2024,12:00,288.645
3/24/2024,18:00,294.295
3/25/2024,0:00,298.328
3/25/2024,6:00,293.618
3/25/2024,12:00,291.957
3/25/2024,18:00,296.027
3/26/2024,0:00,295.797
3/26/2024,6:00,290.419
3/26/2024,12:00,288.924
3/26/2024,18:00,292.965
3/27/2024,0:00,292.56
3/27/2024,6:00,288.476
3/27/2024,12:00,287.169
3/27/2024,18:00,292.103
3/28/2024,0:00,293.602
3/28/2024,6:00,290.941
3/28/2024,12:00,290.503
3/28/2024,18:00,294.23
3/29/2024,0:00,295.049
3/29/2024,6:00,291.942
3/29/2024,12:00,291.128
3/29/2024,18:00,295.343
3/30/2024,0:00,295.395
3/30/2024,6:00,293.193
3/30/2024,12:00,292.176
3/30/2024,18:00,296.224
3/31/2024,0:00,297.8
3/31/2024,6:00,295.648
3/31/2024,12:00,294.558
3/31/2024,18:00,298.633
4/1/2024,0:00,293.936
4/1/2024,6:00,292.466
4/1/2024,12:00,292.283
4/1/2024,18:00,295.807
4/2/2024,0:00,291.519
4/2/2024,6:00,289.958
4/2/2024,12:00,290.331
4/2/2024,18:00,291.1
4/3/2024,0:00,292.612
4/3/2024,6:00,290.717
4/3/2024,12:00,289.931
4/3/2024,18:00,294.977
4/4/2024,0:00,299.428
4/4/2024,6:00,295.429
4/4/2024,12:00,293.812
4/4/2024,18:00,295.544
4/5/2024,0:00,295.308
4/5/2024,6:00,293.426
4/5/2024,12:00,292.629
4/5/2024,18:00,295.569
4/6/2024,0:00,292.959
4/6/2024,6:00,290.094
4/6/2024,12:00,288.159
4/6/2024,18:00,291.656
4/7/2024,0:00,295.326
4/7/2024,6:00,289.722
4/7/2024,12:00,289.012
4/7/2024,18:00,290.236
4/8/2024,0:00,291.795
4/8/2024,6:00,291.683
4/8/2024,12:00,291.6
4/8/2024,18:00,293.147
4/9/2024,0:00,294.831
4/9/2024,6:00,294.326
4/9/2024,12:00,294.156
4/9/2024,18:00,294.828
4/10/2024,0:00,293.7
4/10/2024,6:00,291.404
4/10/2024,12:00,290.843
4/10/2024,18:00,294.661
4/11/2024,0:00,293.227
4/11/2024,6:00,290.188
4/11/2024,12:00,289.561
4/11/2024,18:00,289.736
4/12/2024,0:00,290.606
4/12/2024,6:00,290.713
4/12/2024,12:00,290.629
4/12/2024,18:00,290.563
4/13/2024,0:00,291.729
4/13/2024,6:00,291.869
4/13/2024,12:00,292.116
4/13/2024,18:00,293.02
4/14/2024,0:00,294.534
4/14/2024,6:00,293.874
4/14/2024,12:00,293.528
4/14/2024,18:00,294.28
4/15/2024,0:00,295.645
4/15/2024,6:00,295.35
4/15/2024,12:00,294.657
4/15/2024,18:00,295.91
4/16/2024,0:00,294.007
4/16/2024,6:00,293.104
4/16/2024,12:00,290.736
4/16/2024,18:00,291.347
4/17/2024,0:00,289.033
4/17/2024,6:00,285.548
4/17/2024,12:00,284.786
4/17/2024,18:00,288.437
4/18/2024,0:00,288.342
4/18/2024,6:00,286.582
4/18/2024,12:00,285.873
4/18/2024,18:00,289.465
4/19/2024,0:00,289.945
4/19/2024,6:00,287.13
4/19/2024,12:00,286.72
4/19/2024,18:00,290.449
4/20/2024,0:00,290.512
4/20/2024,6:00,287.899
4/20/2024,12:00,286.468
4/20/2024,18:00,290.612
4/21/2024,0:00,291.209
4/21/2024,6:00,288.344
4/21/2024,12:00,287.9
4/21/2024,18:00,291.837
4/22/2024,0:00,293.545
4/22/2024,6:00,291.685
4/22/2024,12:00,292.053
4/22/2024,18:00,291.402
4/23/2024,0:00,292.172
4/23/2024,6:00,292.88
4/23/2024,12:00,292.5
4/23/2024,18:00,293.663
4/24/2024,0:00,294.764
4/24/2024,6:00,291.614
4/24/2024,12:00,288.69
4/24/2024,18:00,289.6
4/25/2024,0:00,289.21
4/25/2024,6:00,287.568
4/25/2024,12:00,288.504
4/25/2024,18:00,290.256
4/26/2024,0:00,292.9
4/26/2024,6:00,292.8
4/26/2024,12:00,292.998
4/26/2024,18:00,295.906
4/27/2024,0:00,296.23
4/27/2024,6:00,294.797
4/27/2024,12:00,294.081
4/27/2024,18:00,295.317
4/28/2024,0:00,288.632
4/28/2024,6:00,287.248
4/28/2024,12:00,285.571
4/28/2024,18:00,287.002
4/29/2024,0:00,291.122
4/29/2024,6:00,289.825
4/29/2024,12:00,288.876
4/29/2024,18:00,291.756
4/30/2024,0:00,296.5
4/30/2024,6:00,295.298
4/30/2024,12:00,294.467
4/30/2024,18:00,295.697
5/1/2024,0:00,297.592
5/1/2024,6:00,297.333
5/1/2024,12:00,295.619
5/1/2024,18:00,296.764
5/2/2024,0:00,295.764
5/2/2024,6:00,293.73
5/2/2024,12:00,290.4
5/2/2024,18:00,289.363
5/3/2024,0:00,287.988
5/3/2024,6:00,287.457
5/3/2024,12:00,286.782
5/3/2024,18:00,287.17
5/4/2024,0:00,287.26
5/4/2024,6:00,287.196
5/4/2024,12:00,287.657
5/4/2024,18:00,289.118
5/5/2024,0:00,290.988
5/5/2024,6:00,291.232
5/5/2024,12:00,292.3
5/5/2024,18:00,293.9
5/6/2024,0:00,295.044
5/6/2024,6:00,294.447
5/6/2024,12:00,293.439
5/6/2024,18:00,295.6
5/7/2024,0:00,295.9
5/7/2024,6:00,295.285
5/7/2024,12:00,293.06
5/7/2024,18:00,294.6
5/8/2024,0:00,295.744
5/8/2024,6:00,295.6
5/8/2024,12:00,293.8
5/8/2024,18:00,293.508
5/9/2024,0:00,288.328
5/9/2024,6:00,282.746
5/9/2024,12:00,280.828
5/9/2024,18:00,283.34
5/10/2024,0:00,284.423
5/10/2024,6:00,285.415
5/10/2024,12:00,285.433
5/10/2024,18:00,287.262
5/11/2024,0:00,287.206
5/11/2024,6:00,286.918
5/11/2024,12:00,287.397
5/11/2024,18:00,287.98
5/12/2024,0:00,289.3
5/12/2024,6:00,288.731
5/12/2024,12:00,289.005
5/12/2024,18:00,289.972
5/13/2024,0:00,289.44
5/13/2024,6:00,288.158
5/13/2024,12:00,283.616
5/13/2024,18:00,283.935
5/14/2024,0:00,282.674
5/14/2024,6:00,279.971
5/14/2024,12:00,277.907
5/14/2024,18:00,280.986
5/15/2024,0:00,281.345
5/15/2024,6:00,279.026
5/15/2024,12:00,278.106
5/15/2024,18:00,281.056
5/16/2024,0:00,281.14
5/16/2024,6:00,280.229
5/16/2024,12:00,281.7
5/16/2024,18:00,283.049
5/17/2024,0:00,284.604
5/17/2024,6:00,283.709
5/17/2024,12:00,280.281
5/17/2024,18:00,283.247
5/18/2024,0:00,282.804
5/18/2024,6:00,280.605
5/18/2024,12:00,279.605
5/18/2024,18:00,282.831
5/19/2024,0:00,282.214
5/19/2024,6:00,279.352
5/19/2024,12:00,278.672
5/19/2024,18:00,281.655
5/20/2024,0:00,283.081
5/20/2024,12:00,279.798
5/20/2024,18:00,282.8
5/21/2024,0:00,283.4
5/21/2024,6:00,281.855
5/21/2024,12:00,281.827
5/21/2024,18:00,285.775
5/22/2024,0:00,288.064
5/22/2024,6:00,288.758
5/22/2024,12:00,288.983
5/22/2024,18:00,290.583
5/23/2024,0:00,291.507
5/23/2024,6:00,290.8
5/23/2024,12:00,290.903
5/23/2024,18:00,290.4
5/24/2024,0:00,288.811
5/24/2024,6:00,288.278
5/24/2024,12:00,284.801
5/24/2024,18:00,281.068
5/25/2024,0:00,280.795
5/25/2024,6:00,277.858
5/25/2024,12:00,276.529
5/25/2024,18:00,279.244
5/26/2024,0:00,280.688
5/26/2024,6:00,279.355
5/26/2024,12:00,278.744
5/26/2024,18:00,280.636
5/27/2024,0:00,284.268
5/27/2024,6:00,283.378
5/27/2024,12:00,282.4
5/27/2024,18:00,283
5/28/2024,0:00,281.378
5/28/2024,6:00,278.073
5/28/2024,12:00,278.551
5/28/2024,18:00,282.404
5/29/2024,0:00,283.161
5/29/2024,6:00,282.369
5/29/2024,12:00,284.204
5/29/2024,18:00,285.688
5/30/2024,0:00,283.339
5/30/2024,6:00,282.397
5/30/2024,12:00,281.3
5/30/2024,18:00,283.816
5/31/2024,0:00,284.524
5/31/2024,6:00,282.496
5/31/2024,12:00,281.307
5/31/2024,18:00,283.85
6/1/2024,0:00,285.27
6/1/2024,6:00,284.853
6/1/2024,12:00,284.562
6/1/2024,18:00,286.931
6/2/2024,0:00,288.308
6/2/2024,6:00,287.053
6/2/2024,12:00,286.105
6/2/2024,18:00,288.611
6/3/2024,0:00,291.7
6/3/2024,6:00,284.6
6/3/2024,12:00,283.157
6/3/2024,18:00,283.538
6/4/2024,0:00,281.599
6/4/2024,6:00,280.544
6/4/2024,12:00,279.978
6/4/2024,18:00,281.3
6/5/2024,0:00,283.767
6/5/2024,6:00,283.85
6/5/2024,12:00,284.482
6/5/2024,18:00,287.093
6/6/2024,0:00,290.079
6/6/2024,6:00,289.642
6/6/2024,12:00,289.898
6/6/2024,18:00,291.833
6/7/2024,0:00,292.417
6/7/2024,6:00,291.36
6/7/2024,12:00,290.4
6/7/2024,18:00,292.29
6/8/2024,0:00,292.876
6/8/2024,6:00,291.19
6/8/2024,12:00,290.139
6/8/2024,18:00,292.3
6/9/2024,0:00,292.458
6/9/2024,6:00,291.3
6/9/2024,12:00,291.199
6/9/2024,18:00,293.408
6/10/2024,0:00,292.955
6/10/2024,6:00,291.717
6/10/2024,12:00,291.311
6/10/2024,18:00,293.42
6/11/2024,0:00,292.743
6/11/2024,6:00,291.173
6/11/2024,12:00,290.948
6/11/2024,18:00,292.667
6/12/2024,0:00,293.9
6/12/2024,6:00,291.835
6/12/2024,12:00,291.196
6/12/2024,18:00,292.768
6/13/2024,0:00,293.468
6/13/2024,6:00,290.791
6/13/2024,12:00,290.987
6/13/2024,18:00,291.931
6/14/2024,0:00,294.004
6/14/2024,6:00,294.242
6/14/2024,12:00,293.403
6/14/2024,18:00,293.725
6/15/2024,0:00,295.33
6/15/2024,6:00,294.375
6/15/2024,12:00,292.276
6/15/2024,18:00,292.6
6/16/2024,0:00,291.313
6/16/2024,6:00,290.646
6/16/2024,12:00,290.446
6/16/2024,18:00,290.567
6/17/2024,0:00,289.168
6/17/2024,6:00,287.707
6/17/2024,12:00,287.355
6/17/2024,18:00,287.8
6/18/2024,0:00,289.2
6/18/2024,6:00,289.301
6/18/2024,12:00,289.4
6/18/2024,18:00,290.656
6/19/2024,0:00,292.1
6/19/2024,6:00,291.785
6/19/2024,12:00,290.971
6/19/2024,18:00,292.4
6/20/2024,0:00,292.655
6/20/2024,6:00,292.233
6/20/2024,12:00,291.215
6/20/2024,18:00,291.521
6/21/2024,0:00,292.532
6/21/2024,6:00,290.853
6/21/2024,12:00,290.695
6/21/2024,18:00,290.9
6/22/2024,0:00,291.025
6/22/2024,6:00,290.135
6/22/2024,12:00,289.623
6/22/2024,18:00,291.237
6/23/2024,0:00,292.369
6/23/2024,6:00,291.463
6/23/2024,12:00,290.565
6/23/2024,18:00,290.598
6/24/2024,0:00,287.365
6/24/2024,6:00,285.7
6/24/2024,12:00,282.734
6/24/2024,18:00,282.939
6/25/2024,0:00,282.076
6/25/2024,6:00,280.173
6/25/2024,12:00,279.366
6/25/2024,18:00,280.346
6/26/2024,0:00,282.633
6/26/2024,6:00,281.682
6/26/2024,12:00,279.676
6/26/2024,18:00,280.774
6/27/2024,0:00,280.694
6/27/2024,6:00,279.593
6/27/2024,12:00,278.557
6/27/2024,18:00,280.5
6/28/2024,0:00,283.003
6/28/2024,6:00,282.144
6/28/2024,12:00,282.135
6/28/2024,18:00,283.966
6/29/2024,0:00,282.142
6/29/2024,6:00,277.531
6/29/2024,12:00,276.21
6/29/2024,18:00,278.685
6/30/2024,0:00,277.061
6/30/2024,6:00,275.805
6/30/2024,12:00,275.2
6/30/2024,18:00,277.646
7/1/2024,0:00,279.229
7/1/2024,6:00,277.486
7/1/2024,12:00,276.608
7/1/2024,18:00,279.638
7/2/2024,0:00,281.621
7/2/2024,6:00,280.548
7/2/2024,12:00,280.172
7/2/2024,18:00,282.981
7/3/2024,0:00,286.369
7/3/2024,6:00,286.299
7/3/2024,12:00,286.756
7/3/2024,18:00,287.122
7/4/2024,0:00,286.061
7/4/2024,6:00,284.798
7/4/2024,12:00,284
7/4/2024,18:00,284.8
7/5/2024,0:00,284.666
7/5/2024,6:00,283.202
7/5/2024,12:00,282.677
7/5/2024,18:00,281.616
7/6/2024,0:00,279.834
7/6/2024,6:00,276.421
7/6/2024,12:00,274.78
7/6/2024,18:00,277.091
7/7/2024,0:00,278.293
7/7/2024,6:00,276.263
7/7/2024,12:00,275.217
7/7/2024,18:00,277.525
7/8/2024,0:00,278.736
7/8/2024,6:00,276.416
7/8/2024,12:00,275.009
7/8/2024,18:00,277.332
7/9/2024,0:00,276.314
7/9/2024,6:00,273.842
7/9/2024,12:00,273.395
7/9/2024,18:00,275.288
7/10/2024,0:00,277.09
7/10/2024,6:00,275.493
7/10/2024,12:00,275.1
7/10/2024,18:00,277.896
7/11/2024,0:00,278.916
7/11/2024,6:00,278.447
7/11/2024,12:00,278.387
7/11/2024,18:00,280.003
7/12/2024,0:00,281.429
7/12/2024,6:00,281.048
7/12/2024,12:00,279.778
7/12/2024,18:00,280.1
7/13/2024,0:00,282.3
7/13/2024,6:00,278.915
7/13/2024,12:00,276.701
7/13/2024,18:00,278.898
7/14/2024,0:00,282.833
7/14/2024,6:00,281.731
7/14/2024,12:00,281.522
7/14/2024,18:00,282.123
7/15/2024,0:00,283.6
7/15/2024,6:00,283.472
7/15/2024,12:00,283.036
7/15/2024,18:00,283.596
7/16/2024,0:00,286.327
7/16/2024,6:00,284.498
7/16/2024,12:00,282.7
7/16/2024,18:00,284.649
7/17/2024,0:00,288.122
7/17/2024,6:00,285.847
7/17/2024,12:00,284.758
7/17/2024,18:00,286.685
7/18/2024,0:00,286.603
7/18/2024,6:00,283.972
7/18/2024,12:00,282.904
7/18/2024,18:00,285.21
7/19/2024,0:00,289.099
7/19/2024,6:00,288.449
7/19/2024,12:00,287.994
7/19/2024,18:00,290.356
7/20/2024,0:00,292.055
7/20/2024,6:00,288.173
7/20/2024,12:00,286.903
7/20/2024,18:00,287.112
7/21/2024,0:00,288.424
7/21/2024,6:00,287.916
7/21/2024,12:00,287.218
7/21/2024,18:00,289.539
7/22/2024,0:00,291.679
7/22/2024,6:00,289.679
7/22/2024,12:00,288.88
7/22/2024,18:00,290.807
7/23/2024,0:00,292.018
7/23/2024,6:00,290.233
7/23/2024,12:00,288.867
7/23/2024,18:00,290.849
7/24/2024,0:00,290.86
7/24/2024,6:00,289.383
7/24/2024,12:00,288.209
7/24/2024,18:00,290.483
7/25/2024,0:00,291.146
7/25/2024,6:00,290.7
7/25/2024,12:00,289.316
7/25/2024,18:00,291.184
7/26/2024,0:00,289.967
7/26/2024,6:00,287.465
7/26/2024,12:00,286.674
7/26/2024,18:00,288.52
7/27/2024,0:00,290.745
7/27/2024,6:00,289.356
7/27/2024,12:00,288.74
7/27/2024,18:00,290.886
7/28/2024,0:00,291.077
7/28/2024,6:00,289.005
7/28/2024,12:00,288.446
7/28/2024,18:00,289.81
7/29/2024,0:00,284.364
7/29/2024,6:00,282.643
7/29/2024,12:00,281.5
7/29/2024,18:00,281.812
7/30/2024,0:00,280.657
7/30/2024,6:00,278.458
7/30/2024,12:00,277.624
7/30/2024,18:00,279.837
7/31/2024,0:00,285.136
7/31/2024,6:00,282.997
7/31/2024,12:00,283.907
7/31/2024,18:00,287.657
8/1/2024,0:00,290.4
8/1/2024,6:00,289.649
8/1/2024,12:00,289.674
8/1/2024,18:00,292.333
8/2/2024,0:00,295.4
8/2/2024,6:00,294.584
8/2/2024,12:00,293.702
8/2/2024,18:00,294.351
8/3/2024,0:00,296.868
8/3/2024,6:00,295.348
8/3/2024,12:00,293.544
8/3/2024,18:00,294.505
8/4/2024,0:00,295.134
8/4/2024,6:00,289.004
8/4/2024,12:00,287.809
8/4/2024,18:00,287.878
8/5/2024,0:00,287.27
8/5/2024,6:00,288.164
8/5/2024,12:00,289.816
8/5/2024,18:00,290.693
8/6/2024,0:00,293.557
8/6/2024,6:00,291.702
8/6/2024,12:00,290.777
8/6/2024,18:00,292.022
8/7/2024,0:00,292.819
8/7/2024,6:00,288.704
8/7/2024,12:00,288.718
8/7/2024,18:00,289.079
8/8/2024,0:00,285.304
8/8/2024,6:00,284.609
8/8/2024,12:00,280.321
8/8/2024,18:00,282
8/9/2024,0:00,280.578
8/9/2024,6:00,278.803
8/9/2024,12:00,279.401
8/9/2024,18:00,280.454
8/10/2024,0:00,279.372
8/10/2024,6:00,278.898
8/10/2024,12:00,277.638
8/10/2024,18:00,280.773
8/11/2024,0:00,281.635
8/11/2024,6:00,279.322
8/11/2024,12:00,278.469
8/11/2024,18:00,281.735
8/12/2024,0:00,282.167
8/12/2024,6:00,278.798
8/12/2024,12:00,276.767
8/12/2024,18:00,279.6
8/13/2024,0:00,280.108
8/13/2024,6:00,277.614
8/13/2024,12:00,276.839
8/13/2024,18:00,280.248
8/14/2024,0:00,281.702
8/14/2024,6:00,279.815
8/14/2024,12:00,279.293
8/14/2024,18:00,283.181
8/15/2024,0:00,285.743
8/15/2024,6:00,284.712
8/15/2024,12:00,284.199
8/15/2024,18:00,287.997
8/16/2024,0:00,289.808
8/16/2024,6:00,288.286
8/16/2024,12:00,287.786
8/16/2024,18:00,290.619
8/17/2024,0:00,291.086
8/17/2024,6:00,289.814
8/17/2024,12:00,287.686
8/17/2024,18:00,287.67
8/18/2024,0:00,289.128
8/18/2024,6:00,287.547
8/18/2024,12:00,287.2
8/18/2024,18:00,290.1
8/19/2024,0:00,294.337
8/19/2024,6:00,291.9
8/19/2024,12:00,291.094
8/19/2024,18:00,292.543
8/20/2024,0:00,292.422
8/20/2024,6:00,290.007
8/20/2024,12:00,289.308
8/20/2024,18:00,289.448
8/21/2024,0:00,289.405
8/21/2024,6:00,288.512
8/21/2024,12:00,288.094
8/21/2024,18:00,291.256
8/22/2024,0:00,292.354
8/22/2024,6:00,288.593
8/22/2024,12:00,287.544
8/22/2024,18:00,284.736
8/23/2024,0:00,284.781
8/23/2024,6:00,282.846
8/23/2024,12:00,280.585
8/23/2024,18:00,283.127
8/24/2024,0:00,281.322
8/24/2024,6:00,278.655
8/24/2024,12:00,276.789
8/24/2024,18:00,280.319
8/25/2024,0:00,280.641
8/25/2024,6:00,278.027
8/25/2024,12:00,277.22
8/25/2024,18:00,280.914
8/26/2024,0:00,280.211
8/26/2024,6:00,277.545
8/26/2024,12:00,276.808
8/26/2024,18:00,280.745
8/27/2024,0:00,281.244
8/27/2024,6:00,278.818
8/27/2024,12:00,278.572
8/27/2024,18:00,282.805
8/28/2024,0:00,283.693
8/28/2024,6:00,282.14
8/28/2024,12:00,282.6
8/28/2024,18:00,285.273
8/29/2024,0:00,287.4
8/29/2024,6:00,284.515
8/29/2024,12:00,284.471
8/29/2024,18:00,288.651
8/30/2024,0:00,288.382
8/30/2024,6:00,286.837
8/30/2024,12:00,286.12
8/30/2024,18:00,289.283
8/31/2024,0:00,292.193
8/31/2024,6:00,289.619
8/31/2024,12:00,288.916
8/31/2024,18:00,289.502
9/1/2024,0:00,286.593
9/1/2024,6:00,282.173
9/1/2024,12:00,279.937
9/1/2024,18:00,281.352
9/2/2024,0:00,285.588
9/2/2024,6:00,281.805
9/2/2024,12:00,281
9/2/2024,18:00,285.252
9/3/2024,0:00,286.779
9/3/2024,6:00,285.312
9/3/2024,12:00,284.927
9/3/2024,18:00,289.705
9/4/2024,0:00,288.905
9/4/2024,6:00,286.605
9/4/2024,12:00,286.131
9/4/2024,18:00,285.912
9/5/2024,0:00,283.405
9/5/2024,6:00,281.346
9/5/2024,12:00,279.991
9/5/2024,18:00,284.284
9/6/2024,0:00,283.972
9/6/2024,6:00,281.139
9/6/2024,12:00,280.222
9/6/2024,18:00,285.393
9/7/2024,0:00,288.036
9/7/2024,6:00,286.456
9/7/2024,12:00,286.116
9/7/2024,18:00,291.14
9/8/2024,0:00,291.79
9/8/2024,6:00,289.1
9/8/2024,12:00,288.307
9/8/2024,18:00,290.744
9/9/2024,0:00,292.573
9/9/2024,6:00,289.754
9/9/2024,12:00,288.988
9/9/2024,18:00,292.219
9/10/2024,0:00,295.726
9/10/2024,6:00,291.91
9/10/2024,12:00,291.163
9/10/2024,18:00,295.616
9/11/2024,0:00,296.412
9/11/2024,6:00,294.404
9/11/2024,12:00,292.358
9/11/2024,18:00,295.868
9/12/2024,0:00,291.955
9/12/2024,6:00,288.358
9/12/2024,12:00,289.219
9/12/2024,18:00,289.019
9/13/2024,0:00,290.006
9/13/2024,6:00,289.05
9/13/2024,12:00,288.733
9/13/2024,18:00,290.304
9/14/2024,0:00,289.568
9/14/2024,6:00,286.973
9/14/2024,12:00,286.9
9/14/2024,18:00,288.913
9/15/2024,0:00,286.699
9/15/2024,6:00,283.5
9/15/2024,12:00,282.762
9/15/2024,18:00,286.4
9/16/2024,0:00,286.001
9/16/2024,6:00,283.315
9/16/2024,12:00,282.541
9/16/2024,18:00,287.991
9/17/2024,0:00,286.981
9/17/2024,6:00,284.133
9/17/2024,12:00,283.415
9/17/2024,18:00,289.054
9/18/2024,0:00,290.035
9/18/2024,6:00,286.267
9/18/2024,12:00,285.7
9/18/2024,18:00,291.409
9/19/2024,0:00,292.305
9/19/2024,6:00,289.9
9/19/2024,12:00,289.245
9/19/2024,18:00,292.307
9/20/2024,0:00,293.559
9/20/2024,6:00,292.528
9/20/2024,12:00,291.766
9/20/2024,18:00,293.679
9/21/2024,0:00,290.898
9/21/2024,6:00,290.099
9/21/2024,12:00,286.732
9/21/2024,18:00,291.204
9/22/2024,0:00,292.066
9/22/2024,6:00,289.833
9/22/2024,12:00,290.071
9/22/2024,18:00,296.677
9/23/2024,0:00,299.166
9/23/2024,6:00,297.025
9/23/2024,12:00,294.436
9/23/2024,18:00,297.468
9/24/2024,0:00,297.953
9/24/2024,6:00,294.947
9/24/2024,12:00,294.629
9/24/2024,18:00,296.118
9/25/2024,0:00,295.7
9/25/2024,6:00,293.491
9/25/2024,12:00,292.2
9/25/2024,18:00,294.783
9/26/2024,0:00,293.028
9/26/2024,6:00,292.37
9/26/2024,12:00,288.556
9/26/2024,18:00,287.546
9/27/2024,0:00,287.613
9/27/2024,6:00,286.997
9/27/2024,12:00,286.619
9/27/2024,18:00,287.819
9/28/2024,0:00,287.813
9/28/2024,6:00,285.862
9/28/2024,12:00,285.554
9/28/2024,18:00,290.915
9/29/2024,0:00,290.515
9/29/2024,6:00,288.445
9/29/2024,12:00,287.69
9/29/2024,18:00,293.312
9/30/2024,0:00,295.137
9/30/2024,6:00,292.455
9/30/2024,12:00,292.08
9/30/2024,18:00,297.452
10/1/2024,0:00,298.637
10/1/2024,6:00,296.218
10/1/2024,12:00,294.093
10/1/2024,18:00,295.557
10/2/2024,0:00,292.9
10/2/2024,6:00,289.194
10/2/2024,12:00,287.777
10/2/2024,18:00,288.745
10/3/2024,0:00,286.763
10/3/2024,6:00,282.042
10/3/2024,12:00,281.499
10/3/2024,18:00,286.539
10/4/2024,0:00,283.756
10/4/2024,6:00,282.016
10/4/2024,12:00,281.184
10/4/2024,18:00,287.208
10/5/2024,0:00,286.83
10/5/2024,6:00,284.709
10/5/2024,12:00,283
10/5/2024,18:00,290.673
10/6/2024,0:00,292.445
10/6/2024,6:00,290.062
10/6/2024,12:00,288.773
10/6/2024,18:00,292.245
10/7/2024,0:00,293.133
10/7/2024,6:00,289.536
10/7/2024,12:00,288.512
10/7/2024,18:00,292.3
10/8/2024,0:00,290.015
10/8/2024,6:00,289.109
10/8/2024,12:00,288.853
10/8/2024,18:00,289.873
10/9/2024,0:00,291.607
10/9/2024,6:00,289.07
10/9/2024,12:00,288.889
10/9/2024,18:00,289.322
10/10/2024,0:00,289.515
10/10/2024,6:00,288.818
10/10/2024,12:00,288.686
10/10/2024,18:00,289.154
10/11/2024,0:00,291.504
10/11/2024,6:00,291.141
10/11/2024,12:00,290.781
10/11/2024,18:00,290.908
10/12/2024,0:00,291.363
10/12/2024,6:00,288.317
10/12/2024,12:00,287.445
10/12/2024,18:00,293.235
10/13/2024,0:00,291.273
10/13/2024,6:00,288.04
10/13/2024,12:00,286.174
10/13/2024,18:00,291.4
10/14/2024,0:00,293.237
10/14/2024,6:00,289.553
10/14/2024,12:00,288.677
10/14/2024,18:00,295
10/15/2024,0:00,295.764
10/15/2024,6:00,293.528
10/15/2024,12:00,292.925
10/15/2024,18:00,293.431
10/16/2024,0:00,292.498
10/16/2024,6:00,291.69
10/16/2024,12:00,288.525
10/16/2024,18:00,293.6
10/17/2024,0:00,290.256
10/17/2024,6:00,287.133
10/17/2024,12:00,286.41
10/17/2024,18:00,293.213
10/18/2024,0:00,293.072
10/18/2024,6:00,291.349
10/18/2024,12:00,289.189
10/18/2024,18:00,292.293
10/19/2024,0:00,290.277
10/19/2024,6:00,287.571
10/19/2024,12:00,286.861
10/19/2024,18:00,292.212
10/20/2024,0:00,291.16
10/20/2024,6:00,289.37
10/20/2024,12:00,288.137
10/20/2024,18:00,294.1
10/21/2024,0:00,294.478
10/21/2024,6:00,290.903
10/21/2024,12:00,290.195
10/21/2024,18:00,297.7
10/22/2024,6:00,294.68
10/22/2024,12:00,294.038
10/22/2024,18:00,299.896
10/23/2024,0:00,298.578
10/23/2024,6:00,295.416
10/23/2024,12:00,294.881
10/23/2024,18:00,299.46
10/24/2024,0:00,297.595
10/24/2024,6:00,295.461
10/24/2024,12:00,294.743
10/24/2024,18:00,293.753
10/25/2024,0:00,291.76
10/25/2024,6:00,287.753
10/25/2024,12:00,289.931
10/25/2024,18:00,292.006
10/26/2024,0:00,293.155
10/26/2024,6:00,284.465
10/26/2024,12:00,282.782
10/26/2024,18:00,288.478
10/27/2024,0:00,286.68
10/27/2024,6:00,283.428
10/27/2024,12:00,283.034
10/27/2024,18:00,289.986
10/28/2024,0:00,288.663
10/28/2024,6:00,285.611
10/28/2024,12:00,284.536
10/28/2024,18:00,291.879
10/29/2024,0:00,291.099
10/29/2024,6:00,287.618
10/29/2024,12:00,287.215
10/29/2024,18:00,294.958
10/30/2024,0:00,291.987
10/30/2024,6:00,289.434
10/30/2024,12:00,289.251
10/30/2024,18:00,295.319
10/31/2024,0:00,293.876
10/31/2024,6:00,290.495
10/31/2024,12:00,289.56
10/31/2024,18:00,296.342
11/1/2024,0:00,297.255
11/1/2024,6:00,293.808
11/1/2024,12:00,293.081
11/1/2024,18:00,294.121
11/2/2024,0:00,293.638
11/2/2024,6:00,294.171
11/2/2024,12:00,294.45
11/2/2024,18:00,297.717
11/3/2024,0:00,294.018
11/3/2024,6:00,292.966
11/3/2024,12:00,292.882
11/3/2024,18:00,297.503
11/4/2024,0:00,296.551
11/4/2024,6:00,292.339
11/4/2024,12:00,291.785
11/4/2024,18:00,297.29
11/5/2024,0:00,298.017
11/5/2024,6:00,292.713
11/5/2024,12:00,292.129
11/5/2024,18:00,295.425
11/6/2024,0:00,294.033
11/6/2024,6:00,291.506
11/6/2024,12:00,291.57
11/6/2024,18:00,293.743
11/7/2024,6:00,291.751
11/7/2024,12:00,292.557
11/7/2024,18:00,294.319
11/8/2024,0:00,291.225
11/8/2024,6:00,288.741
11/8/2024,12:00,286.747
11/8/2024,18:00,290.7
11/9/2024,0:00,290.244
11/9/2024,6:00,286.682
11/9/2024,12:00,285.978
11/9/2024,18:00,293.036
11/10/2024,0:00,290.869
11/10/2024,6:00,286.791
11/10/2024,12:00,285.438
11/10/2024,18:00,294.133
11/11/2024,0:00,293.984
11/11/2024,6:00,290.582
11/11/2024,12:00,290.436
11/11/2024,18:00,293.038
11/12/2024,0:00,288.273
11/12/2024,6:00,285.569
11/12/2024,12:00,283.213
11/12/2024,18:00,289.528
11/13/2024,0:00,287.915
11/13/2024,6:00,284.963
11/13/2024,12:00,284.439
11/13/2024,18:00,292.869
11/14/2024,0:00,291.783
11/14/2024,6:00,287.408
11/14/2024,12:00,287.379
11/14/2024,18:00,295.564
11/15/2024,0:00,293.168
11/15/2024,6:00,290.529
11/15/2024,12:00,288.47
11/15/2024,18:00,296.05
11/16/2024,0:00,296.471
11/16/2024,6:00,292.336
11/16/2024,12:00,291.436
11/16/2024,18:00,300.612
11/17/2024,0:00,300.087
11/17/2024,6:00,296.26
11/17/2024,12:00,295.427
11/17/2024,18:00,303.316
11/18/2024,0:00,294.687
11/18/2024,6:00,293.13
11/18/2024,12:00,292.816
11/18/2024,18:00,298.69
11/19/2024,0:00,294.426
11/19/2024,6:00,291.248
11/19/2024,12:00,290.785
11/19/2024,18:00,290.167
11/20/2024,0:00,290.059
11/20/2024,6:00,288.639
11/20/2024,12:00,288.778
11/20/2024,18:00,290.146
11/21/2024,0:00,290.795
11/21/2024,6:00,288.393
11/21/2024,12:00,289.38
11/21/2024,18:00,291.785
11/22/2024,0:00,293.114
11/22/2024,6:00,291.244
11/22/2024,12:00,289.799
11/22/2024,18:00,295.474
11/23/2024,0:00,294.833
11/23/2024,6:00,290.151
11/23/2024,12:00,290.434
11/23/2024,18:00,295.484
11/24/2024,0:00,295.824
11/24/2024,6:00,291.235
11/24/2024,12:00,289.956
11/24/2024,18:00,297.059
11/25/2024,0:00,298.62
11/25/2024,6:00,294.978
11/25/2024,12:00,295.35
11/25/2024,18:00,296.614
11/26/2024,0:00,294.169
11/26/2024,6:00,294.378
11/26/2024,12:00,294.096
11/26/2024,18:00,296.346
11/27/2024,0:00,293.243
11/27/2024,6:00,293.122
11/27/2024,12:00,293.487
11/27/2024,18:00,296.514
11/28/2024,0:00,293.916
11/28/2024,6:00,293.328
11/28/2024,12:00,292.752
11/28/2024,18:00,293.911
11/29/2024,0:00,293.537
11/29/2024,6:00,292.215
11/29/2024,12:00,291.592
11/29/2024,18:00,297.362
11/30/2024,0:00,296.718
11/30/2024,6:00,293.996
11/30/2024,12:00,293.201
11/30/2024,18:00,296.556
12/1/2024,0:00,297.671
12/1/2024,6:00,292.846
12/1/2024,12:00,291.085
12/1/2024,18:00,297.316
12/2/2024,0:00,295.829
12/2/2024,6:00,290.939
12/2/2024,12:00,290.406
12/2/2024,18:00,293.691
12/3/2024,0:00,291.104
12/3/2024,6:00,287.582
12/3/2024,12:00,286.307
12/3/2024,18:00,293.567
12/4/2024,0:00,289.245
12/4/2024,6:00,285.406
12/4/2024,12:00,284.832
12/4/2024,18:00,292.289
12/5/2024,0:00,292.157
12/5/2024,6:00,287.897
12/5/2024,12:00,287.191
12/5/2024,18:00,296.261
12/6/2024,0:00,298.725
12/6/2024,6:00,296.376
12/6/2024,12:00,295.68
12/6/2024,18:00,299.472
12/7/2024,0:00,293.996
12/7/2024,6:00,293.059
12/7/2024,12:00,292.422
12/7/2024,18:00,292.485
12/8/2024,0:00,294.75
12/8/2024,6:00,289.742
12/8/2024,12:00,286.807
12/8/2024,18:00,290.071
12/9/2024,0:00,291.341
12/9/2024,6:00,288.407
12/9/2024,12:00,286.663
12/9/2024,18:00,292.015
12/10/2024,0:00,291.954
12/10/2024,6:00,287.107
12/10/2024,12:00,286.678
12/10/2024,18:00,293.847
12/11/2024,0:00,293.777
12/11/2024,6:00,288.954
12/11/2024,12:00,288.661
12/11/2024,18:00,294.601
12/12/2024,0:00,296.736
12/12/2024,6:00,292.138
12/12/2024,12:00,290.35
12/12/2024,18:00,297.953
12/13/2024,0:00,299.265
12/13/2024,6:00,294.961
12/13/2024,12:00,293.478
12/13/2024,18:00,294.834
12/14/2024,0:00,294.275
12/14/2024,6:00,293.88
12/14/2024,12:00,292.256
12/14/2024,18:00,296.953
12/15/2024,0:00,297.541
12/15/2024,6:00,290.145
12/15/2024,12:00,289.187
12/15/2024,18:00,294.242
12/16/2024,0:00,291.798
12/16/2024,6:00,288.398
12/16/2024,12:00,287.281
12/16/2024,18:00,293.902
12/17/2024,0:00,293.869
12/17/2024,6:00,288.729
12/17/2024,12:00,288.332
12/17/2024,18:00,294.456
12/18/2024,0:00,293.162
12/18/2024,6:00,289.96
12/18/2024,12:00,288.596
12/18/2024,18:00,296.051
12/19/2024,0:00,297.456
12/19/2024,6:00,293.754
12/19/2024,12:00,293.068
12/19/2024,18:00,293.005
12/20/2024,0:00,292.655
12/20/2024,6:00,291.517
12/20/2024,12:00,291.132
12/20/2024,18:00,296.998
12/21/2024,0:00,297.993
12/21/2024,6:00,293.543
12/21/2024,12:00,291.861
12/21/2024,18:00,296.215
12/22/2024,0:00,292.274
12/22/2024,6:00,288.833
12/22/2024,12:00,288.131
12/22/2024,18:00,293.866
12/23/2024,0:00,293.634
12/23/2024,6:00,289.01
12/23/2024,12:00,286.233
12/23/2024,18:00,293.638
12/24/2024,0:00,294.112
12/24/2024,6:00,290.055
12/24/2024,12:00,288.215
12/24/2024,18:00,297.267
12/25/2024,0:00,296.221
12/25/2024,6:00,289.977
12/25/2024,12:00,288.093
12/25/2024,18:00,295.537
12/26/2024,0:00,294.073
12/26/2024,6:00,289.03
12/26/2024,12:00,286.34
12/26/2024,18:00,294.085
12/27/2024,0:00,293.19
12/27/2024,6:00,289.98
12/27/2024,12:00,288.643
12/27/2024,18:00,295.83
12/28/2024,0:00,295.721
12/28/2024,6:00,290.992
12/28/2024,12:00,289.181
12/28/2024,18:00,297.405
12/29/2024,0:00,296.659
12/29/2024,6:00,290.084
12/29/2024,12:00,288.56
12/29/2024,18:00,296.147
12/30/2024,0:00,296.541
12/30/2024,6:00,291.43
12/30/2024,12:00,288.596
12/30/2024,18:00,296.49
12/31/2024,0:00,299.066
12/31/2024,6:00,293.176
12/31/2024,12:00,291.423
12/31/2024,18:00,298.962
1/1/2025,0:00,302.61
1/1/2025,6:00,294.135
1/1/2025,12:00,293.12
1/1/2025,18:00,302.251
1/2/2025,0:00,301.751
1/2/2025,6:00,295.571
1/2/2025,12:00,295.7
1/2/2025,18:00,303.894
1/3/2025,0:00,301.61
1/3/2025,6:00,293.266
1/3/2025,12:00,291.062
1/3/2025,18:00,300.698
1/4/2025,0:00,298.306
1/4/2025,6:00,290.706
1/4/2025,12:00,288.658
1/4/2025,18:00,296.963
1/5/2025,0:00,296.536
1/5/2025,6:00,291.207
1/5/2025,12:00,288.848
1/5/2025,18:00,298.487
1/6/2025,0:00,297.477
1/6/2025,6:00,290.137
1/6/2025,12:00,288.466
1/6/2025,18:00,296.884
1/7/2025,0:00,298.503
1/7/2025,6:00,291.556
1/7/2025,12:00,289.024
1/7/2025,18:00,297.903
1/8/2025,0:00,297.914
1/8/2025,6:00,292.213
1/8/2025,12:00,288.926
1/8/2025,18:00,297.696
1/9/2025,0:00,298.991
1/9/2025,6:00,291.875
1/9/2025,12:00,289.754
1/9/2025,18:00,297.376
1/10/2025,0:00,301.606
1/10/2025,6:00,294.553
1/10/2025,12:00,291.791
1/10/2025,18:00,299.209
1/11/2025,0:00,301.312
1/11/2025,6:00,294.286
1/11/2025,12:00,291.139
1/11/2025,18:00,298.296
1/12/2025,0:00,300.201
1/12/2025,6:00,292.257
1/12/2025,12:00,289.322
1/12/2025,18:00,296.92
1/13/2025,0:00,298.651
1/13/2025,6:00,292.442
1/13/2025,12:00,289.467
1/13/2025,18:00,297.172
1/14/2025,0:00,300.617
1/14/2025,6:00,293.546
1/14/2025,12:00,290.825
1/14/2025,18:00,298.958
1/15/2025,0:00,299.831
1/15/2025,6:00,294.162
1/15/2025,12:00,293.768
1/15/2025,18:00,299.742
1/16/2025,0:00,301.446
1/16/2025,6:00,295.744
1/16/2025,12:00,294.261
1/16/2025,18:00,302.343
1/17/2025,0:00,297.402
1/17/2025,6:00,293.779
1/17/2025,12:00,293.343
1/17/2025,18:00,301.924
1/18/2025,0:00,304.176
1/18/2025,6:00,296.969
1/18/2025,12:00,295.419
1/18/2025,18:00,303.877
1/19/2025,0:00,303.727
1/19/2025,6:00,297.693
1/19/2025,12:00,295.803
1/19/2025,18:00,303.328
1/20/2025,0:00,294.736
1/20/2025,6:00,292.569
1/20/2025,12:00,291.254
1/20/2025,18:00,298.666
1/21/2025,0:00,297.06
1/21/2025,6:00,293.667
1/21/2025,12:00,290.528
1/21/2025,18:00,296.819
1/22/2025,0:00,300.552
1/22/2025,6:00,293.844
1/22/2025,12:00,292.597
1/22/2025,18:00,301.574
1/23/2025,0:00,302.816
1/23/2025,6:00,296.121
1/23/2025,12:00,294.108
1/23/2025,18:00,303.915
1/24/2025,0:00,300.148
1/24/2025,6:00,295.788
1/24/2025,12:00,294.627
1/24/2025,18:00,298.484
1/25/2025,0:00,296.618
1/25/2025,6:00,293.825
1/25/2025,12:00,293.546
1/25/2025,18:00,299.474
1/26/2025,0:00,303.577
1/26/2025,6:00,297.578
1/26/2025,12:00,294.358
1/26/2025,18:00,300.321
1/27/2025,0:00,300.828
1/27/2025,6:00,294.555
1/27/2025,12:00,292.584
1/27/2025,18:00,295.76
1/28/2025,0:00,301.833
1/28/2025,6:00,294.75
1/28/2025,12:00,293.85
1/28/2025,18:00,301.066
1/29/2025,0:00,305.29
1/29/2025,6:00,297.894
1/29/2025,12:00,295.269
1/29/2025,18:00,301.222
1/30/2025,0:00,294.888
1/30/2025,6:00,294.634
1/30/2025,12:00,293.033
1/30/2025,18:00,299.076
1/31/2025,0:00,300.658
1/31/2025,6:00,293.683
1/31/2025,12:00,291.775
1/31/2025,18:00,297.876
2/1/2025,0:00,300.089
2/1/2025,6:00,293.409
2/1/2025,12:00,291.345
2/1/2025,18:00,299.756
2/2/2025,0:00,301.174
2/2/2025,6:00,294.171
2/2/2025,12:00,292.723
2/2/2025,18:00,301.644
2/3/2025,0:00,303.242
2/3/2025,6:00,296.209
2/3/2025,12:00,294.669
2/3/2025,18:00,304.21
2/4/2025,0:00,304.74
2/4/2025,6:00,299.247
2/4/2025,12:00,297.073
2/4/2025,18:00,306.572
2/5/2025,0:00,307.124
2/5/2025,6:00,300.334
2/5/2025,12:00,297.499
2/5/2025,18:00,306.462
2/6/2025,0:00,307.236
2/6/2025,6:00,302.25
2/6/2025,12:00,298.068
2/6/2025,18:00,301.313
2/7/2025,0:00,303.726
2/7/2025,6:00,295.381
2/7/2025,12:00,293.545
2/7/2025,18:00,300.954
2/8/2025,0:00,302.399
2/8/2025,6:00,295.92
2/8/2025,12:00,292.294
2/8/2025,18:00,299.886
2/9/2025,0:00,303.244
2/9/2025,6:00,297.698
2/9/2025,12:00,295.393
2/9/2025,18:00,304.264
2/10/2025,0:00,304.095
2/10/2025,6:00,297.517
2/10/2025,12:00,295.367
2/10/2025,18:00,305.156
2/11/2025,0:00,307.696
2/11/2025,6:00,302.054
2/11/2025,12:00,299.843
2/11/2025,18:00,307.243
2/12/2025,0:00,305.339
2/12/2025,6:00,299.083
2/12/2025,12:00,297.281
2/12/2025,18:00,305.609
2/13/2025,0:00,298.221
2/13/2025,6:00,294.93
2/13/2025,12:00,294.692
2/13/2025,18:00,296.832
2/14/2025,0:00,302.003
2/14/2025,6:00,295.832
2/14/2025,12:00,294.179
2/14/2025,18:00,299.359
2/15/2025,0:00,302.442
2/15/2025,6:00,296.402
2/15/2025,12:00,295.158
2/15/2025,18:00,302.188
2/16/2025,0:00,297.811
2/16/2025,6:00,295.346
2/16/2025,12:00,296.051
2/16/2025,18:00,302.092
2/17/2025,0:00,295.724
2/17/2025,6:00,295.591
2/17/2025,12:00,295.52
2/17/2025,18:00,295.269
2/18/2025,0:00,294.319
2/18/2025,6:00,293.319
2/18/2025,12:00,292.052
2/18/2025,18:00,293.888
2/19/2025,0:00,295.515
2/19/2025,6:00,291.541
2/19/2025,12:00,290.105
2/19/2025,18:00,295.721
2/20/2025,0:00,297.423
2/20/2025,6:00,293.971
2/20/2025,12:00,292.043
2/20/2025,18:00,297.086
2/21/2025,0:00,298.481
2/21/2025,6:00,295.825
2/21/2025,12:00,295.109
2/21/2025,18:00,301.176
2/22/2025,0:00,301.713
2/22/2025,6:00,297.542
2/22/2025,12:00,296.085
2/22/2025,18:00,302.733
2/23/2025,0:00,303.678
2/23/2025,6:00,296.954
2/23/2025,12:00,294.642
2/23/2025,18:00,300.282
2/24/2025,0:00,301.532
2/24/2025,6:00,296.85
2/24/2025,12:00,295.408
2/24/2025,18:00,301.195
2/25/2025,0:00,303.659
2/25/2025,6:00,300.784
2/25/2025,12:00,298.619
2/25/2025,18:00,303.955
2/26/2025,0:00,302.857
2/26/2025,6:00,302.642
2/26/2025,12:00,298.561
2/26/2025,18:00,304.634
2/27/2025,0:00,297.193
2/27/2025,6:00,296.402
2/27/2025,12:00,295.616
2/27/2025,18:00,300.579
2/28/2025,0:00,295.727
2/28/2025,6:00,296.712
2/28/2025,12:00,296.001
2/28/2025,18:00,300.072
3/1/2025,0:00,297.762
3/1/2025,6:00,297.81
3/1/2025,12:00,297.27
3/1/2025,18:00,300.695
3/2/2025,0:00,297.629
3/2/2025,6:00,298.06
3/2/2025,12:00,296.165
3/2/2025,18:00,302.952
3/3/2025,0:00,300.165
3/3/2025,6:00,298.997
3/3/2025,12:00,298.346
3/3/2025,18:00,305.968
3/4/2025,0:00,304.296
3/4/2025,6:00,300.271
3/4/2025,12:00,298.844
3/4/2025,18:00,304.306
3/5/2025,0:00,304.421
3/5/2025,6:00,298.383
3/5/2025,12:00,295.912
3/5/2025,18:00,303.102
3/6/2025,0:00,305.104
3/6/2025,6:00,299.504
3/6/2025,12:00,297.505
3/6/2025,18:00,303.8
3/7/2025,0:00,303.825
3/7/2025,6:00,297.789
3/7/2025,12:00,296.086
3/7/2025,18:00,302.029
3/8/2025,0:00,298.89
3/8/2025,6:00,298.35
3/8/2025,12:00,296.5
3/8/2025,18:00,303.195
3/9/2025,0:00,297.591
3/9/2025,6:00,293.002
3/9/2025,12:00,291.48
3/9/2025,18:00,291.871
3/10/2025,0:00,294.767
3/10/2025,6:00,289.174
3/10/2025,12:00,286.268
3/10/2025,18:00,292.705
3/11/2025,0:00,294.313
3/11/2025,6:00,289.327
3/11/2025,12:00,287.249
3/11/2025,18:00,295.228
3/12/2025,0:00,296.571
3/12/2025,6:00,291.635
3/12/2025,12:00,289.713
3/12/2025,18:00,295.7
3/13/2025,0:00,292.781
3/13/2025,6:00,288.802
3/13/2025,12:00,287.682
3/13/2025,18:00,291.441
3/14/2025,0:00,292.539
3/14/2025,6:00,286.219
3/14/2025,12:00,284.418
3/14/2025,18:00,291.348
3/15/2025,0:00,293.41
3/15/2025,6:00,289.234
3/15/2025,12:00,286.818
3/15/2025,18:00,294.458
3/16/2025,0:00,293.522
3/16/2025,6:00,289.458
3/16/2025,12:00,288.114
3/16/2025,18:00,294.622
3/17/2025,0:00,296.201
3/17/2025,6:00,291.683
3/17/2025,12:00,289.824
3/17/2025,18:00,296.166
3/18/2025,0:00,298.886
3/18/2025,6:00,292.471
3/18/2025,12:00,290.468
3/18/2025,18:00,297.312
3/19/2025,0:00,298.192
3/19/2025,6:00,291.129
3/19/2025,12:00,289.227
3/19/2025,18:00,296.434
3/20/2025,0:00,296.608
3/20/2025,6:00,291.31
3/20/2025,12:00,289.511
3/20/2025,18:00,297.096
3/21/2025,0:00,297.971
3/21/2025,6:00,293.035
3/21/2025,12:00,289.878
3/21/2025,18:00,297.988
3/22/2025,0:00,299.088
3/22/2025,6:00,294.174
3/22/2025,12:00,293.794
3/22/2025,18:00,293.108
3/23/2025,0:00,293.315
3/23/2025,6:00,291.97
3/23/2025,12:00,291.026
3/23/2025,18:00,295.343
3/24/2025,0:00,298.607
3/24/2025,6:00,293.397
3/24/2025,12:00,293.539
3/24/2025,18:00,296.314
3/25/2025,0:00,296.896
3/25/2025,6:00,293.542
3/25/2025,12:00,293.183
3/25/2025,18:00,296.848
3/26/2025,0:00,299.627
3/26/2025,6:00,293.961
3/26/2025,12:00,293.22
3/26/2025,18:00,295.526
3/27/2025,0:00,299.164
3/27/2025,6:00,294.507
3/27/2025,12:00,292.554
3/27/2025,18:00,294.319
3/28/2025,0:00,293.1
3/28/2025,6:00,292.887
3/28/2025,12:00,292.877
3/28/2025,18:00,295.277
3/29/2025,0:00,296.558
3/29/2025,6:00,293.383
3/29/2025,12:00,293.4
3/29/2025,18:00,296.4
3/30/2025,0:00,297.303
3/30/2025,6:00,294.508
3/30/2025,12:00,292.752
3/30/2025,18:00,297.323
3/31/2025,0:00,298.537
3/31/2025,6:00,296.558
3/31/2025,12:00,294
3/31/2025,18:00,293.647
4/1/2025,0:00,287.851
4/1/2025,6:00,287.7
4/1/2025,12:00,288.246
4/1/2025,18:00,288.922
4/2/2025,0:00,291.165
4/2/2025,6:00,291.202
4/2/2025,12:00,291.279
4/2/2025,18:00,291.6
4/3/2025,0:00,291.581
4/3/2025,6:00,291.59
4/3/2025,12:00,291.793
4/3/2025,18:00,293.524
4/4/2025,0:00,291.664
4/4/2025,6:00,287.331
4/4/2025,12:00,282.139
4/4/2025,18:00,284.923
4/5/2025,0:00,284.899
4/5/2025,6:00,281.545
4/5/2025,12:00,280.609
4/5/2025,18:00,286.179
4/6/2025,0:00,288.893
4/6/2025,6:00,287.791
4/6/2025,12:00,286.105
4/6/2025,18:00,290.331
4/7/2025,0:00,293.427
4/7/2025,6:00,291.169
4/7/2025,12:00,289.361
4/7/2025,18:00,288.805
4/8/2025,0:00,289.499
4/8/2025,6:00,289.415
4/8/2025,12:00,287.62
4/8/2025,18:00,290.3
4/9/2025,0:00,290.324
4/9/2025,6:00,289.671
4/9/2025,12:00,289.347
4/9/2025,18:00,290.471
4/10/2025,0:00,290.843
4/10/2025,6:00,288.2
4/10/2025,12:00,287.342
4/10/2025,18:00,291.361
4/11/2025,0:00,293.908
4/11/2025,6:00,288.743
4/11/2025,12:00,289.495
4/11/2025,18:00,292.926
4/12/2025,0:00,292.292
4/12/2025,6:00,290.448
4/12/2025,12:00,290.097
4/12/2025,18:00,293.843
4/13/2025,0:00,294.844
4/13/2025,6:00,290.834
4/13/2025,12:00,288.72
4/13/2025,18:00,291.936
4/14/2025,0:00,288.4
4/14/2025,6:00,284.919
4/14/2025,12:00,283.504
4/14/2025,18:00,288.336
4/15/2025,0:00,288.303
4/15/2025,6:00,286.054
4/15/2025,12:00,284.311
4/15/2025,18:00,289.136
4/16/2025,0:00,290.089
4/16/2025,6:00,286.511
4/16/2025,12:00,285.729
4/16/2025,18:00,290.382
4/17/2025,0:00,290.355
4/17/2025,6:00,287.4
4/17/2025,12:00,286.263
4/17/2025,18:00,291.299
4/18/2025,0:00,292.897
4/18/2025,6:00,290.858
4/18/2025,12:00,290.769
4/18/2025,18:00,293.8
4/19/2025,0:00,294.451
4/19/2025,6:00,289.892
4/19/2025,12:00,288.328
4/19/2025,18:00,290.458
4/20/2025,0:00,287.066
4/20/2025,6:00,282.91
4/20/2025,12:00,281.748
4/20/2025,18:00,286.7
4/21/2025,0:00,286.988
4/21/2025,6:00,285.09
4/21/2025,12:00,283.805
4/21/2025,18:00,287.512
4/22/2025,0:00,288.106
4/22/2025,6:00,284.554
4/22/2025,12:00,283.576
4/22/2025,18:00,288.614
4/23/2025,0:00,289.397
4/23/2025,6:00,286.516
4/23/2025,12:00,285.1
4/23/2025,18:00,290.8
4/24/2025,0:00,292.249
4/24/2025,6:00,289.721
4/24/2025,12:00,289.624
4/24/2025,18:00,292.244
4/25/2025,0:00,291.405
4/25/2025,6:00,288.44
4/25/2025,12:00,287.904
4/25/2025,18:00,292.914
4/26/2025,0:00,293.484
4/26/2025,6:00,290.231
4/26/2025,12:00,289.5
4/26/2025,18:00,294.084
4/27/2025,0:00,295.613
4/27/2025,6:00,293.808
4/27/2025,12:00,289.356
4/27/2025,18:00,289.982
4/28/2025,0:00,287.8
4/28/2025,6:00,284
4/28/2025,12:00,282.722
4/28/2025,18:00,287.822
4/29/2025,0:00,287.039
4/29/2025,6:00,283.606
4/29/2025,12:00,282.3
4/29/2025,18:00,287.228
4/30/2025,0:00,286.909
4/30/2025,6:00,283.893
4/30/2025,12:00,282.465
4/30/2025,18:00,287.952
5/1/2025,0:00,287.452
5/1/2025,6:00,284.199
5/1/2025,12:00,282.9
5/1/2025,18:00,288.2
5/2/2025,0:00,290.234
5/2/2025,6:00,287.979
5/2/2025,12:00,287.998
5/2/2025,18:00,288.644
5/3/2025,0:00,290.413
5/3/2025,6:00,288.635
5/3/2025,12:00,287.802
5/3/2025,18:00,291.754
5/4/2025,0:00,292.263
5/4/2025,6:00,289.215
5/4/2025,12:00,287.664
5/4/2025,18:00,292.873
5/5/2025,0:00,293.281
5/5/2025,6:00,290.826
5/5/2025,12:00,291.828
5/5/2025,18:00,295.866
5/6/2025,0:00,294.243
5/6/2025,6:00,291.557
5/6/2025,12:00,290.893
5/6/2025,18:00,294.949
5/7/2025,0:00,293.824
5/7/2025,6:00,291.13
5/7/2025,12:00,291.758
5/7/2025,18:00,293.361
5/8/2025,0:00,293.833
5/8/2025,6:00,292.964
5/8/2025,12:00,292.549
5/8/2025,18:00,294.251
5/9/2025,0:00,295.33
5/9/2025,6:00,294.042
5/9/2025,12:00,293.435
5/9/2025,18:00,292.6
5/10/2025,0:00,289.143
5/10/2025,6:00,287.29
5/10/2025,12:00,286.004
5/10/2025,18:00,289.003
5/11/2025,0:00,288.086
5/11/2025,6:00,285.9
5/11/2025,12:00,284
5/11/2025,18:00,287.003
5/12/2025,0:00,285.412
5/12/2025,6:00,283.797
5/12/2025,12:00,282.152
5/12/2025,18:00,286.147
5/13/2025,0:00,287.276
5/13/2025,6:00,285.206
5/13/2025,12:00,284.887
5/13/2025,18:00,288.736
5/14/2025,0:00,290.757
5/14/2025,6:00,288.98
5/14/2025,12:00,288.428
5/14/2025,18:00,292.042
5/15/2025,0:00,293.781
5/15/2025,6:00,294.118
5/15/2025,12:00,291.742
5/15/2025,18:00,293.204
5/16/2025,0:00,294.3
5/16/2025,6:00,291.027
5/16/2025,12:00,290.015
5/16/2025,18:00,292.227
5/17/2025,0:00,291.785
5/17/2025,6:00,290.719
5/17/2025,12:00,290
5/17/2025,18:00,292.8
5/18/2025,0:00,294.37
5/18/2025,6:00,293.712
5/18/2025,12:00,291.87
5/18/2025,18:00,292.294
5/19/2025,0:00,290.712
5/19/2025,6:00,289.919
5/19/2025,12:00,289.499
5/19/2025,18:00,289.8
5/20/2025,0:00,290.503
5/20/2025,6:00,290.148
5/20/2025,12:00,288.9
5/20/2025,18:00,289.822
5/21/2025,0:00,288.402
5/21/2025,6:00,283.836
5/21/2025,12:00,283.613
5/21/2025,18:00,285.259
5/22/2025,0:00,284.204
5/22/2025,6:00,282.7
5/22/2025,12:00,281.859
5/22/2025,18:00,283.9
5/23/2025,0:00,284.02
5/23/2025,6:00,282.401
5/23/2025,12:00,281.5
5/23/2025,18:00,283.787
5/24/2025,0:00,285.1
5/24/2025,6:00,283.9
5/24/2025,12:00,284.865
5/24/2025,18:00,286.982
5/25/2025,0:00,288.51
5/25/2025,6:00,288.605
5/25/2025,12:00,287.573
5/25/2025,18:00,289.024
5/26/2025,0:00,291.311
5/26/2025,6:00,290.604
5/26/2025,12:00,290.403
5/26/2025,18:00,291.805
5/27/2025,0:00,291.893
5/27/2025,6:00,291.142
5/27/2025,12:00,290.618
5/27/2025,18:00,291.684
5/28/2025,0:00,287.545
5/28/2025,6:00,285.421
5/28/2025,12:00,282.085
5/28/2025,18:00,281.216
5/29/2025,0:00,280.652
5/29/2025,6:00,280.05
5/29/2025,12:00,278.884
5/29/2025,18:00,280.483
5/30/2025,0:00,281.517
5/30/2025,6:00,279.615
5/30/2025,12:00,278.517
5/30/2025,18:00,281.228
5/31/2025,0:00,281.547
5/31/2025,6:00,280.158
5/31/2025,12:00,279.012
5/31/2025,18:00,281.678
6/1/2025,0:00,282.058
6/1/2025,6:00,280.181
6/1/2025,12:00,279.05
6/1/2025,18:00,281.824
6/2/2025,0:00,281.833
6/2/2025,6:00,280.553
6/2/2025,12:00,280.021
6/2/2025,18:00,282.308
6/3/2025,0:00,286.018
6/3/2025,6:00,284.983
6/3/2025,12:00,285.12
6/3/2025,18:00,287.503
6/4/2025,0:00,289.587
6/4/2025,6:00,289.751
6/4/2025,12:00,289.403
6/4/2025,18:00,290.747
6/5/2025,0:00,290.188
6/5/2025,6:00,289.535
6/5/2025,12:00,286.601
6/5/2025,18:00,288.255
6/6/2025,0:00,286.069
6/6/2025,6:00,283.245
6/6/2025,12:00,281.744
6/6/2025,18:00,283.9
6/7/2025,0:00,283.62
6/7/2025,6:00,281.184
6/7/2025,12:00,280.212
6/7/2025,18:00,282.572
6/8/2025,0:00,283.052
6/8/2025,6:00,280.872
6/8/2025,12:00,279.698
6/8/2025,18:00,282.187
6/9/2025,0:00,283.623
6/9/2025,6:00,281.085
6/9/2025,12:00,279.52
6/9/2025,18:00,281.713
6/10/2025,0:00,281.611
6/10/2025,6:00,278.846
6/10/2025,12:00,277.544
6/10/2025,18:00,280.015
6/11/2025,0:00,281.161
6/11/2025,6:00,279.167
6/11/2025,12:00,277.937
6/11/2025,18:00,280.398
6/12/2025,0:00,280.372
6/12/2025,6:00,279.654
6/12/2025,12:00,279.21
6/12/2025,18:00,281.532
6/13/2025,0:00,283.62
6/13/2025,6:00,281.536
6/13/2025,12:00,280.678
6/13/2025,18:00,283.63
6/14/2025,0:00,287.176
6/14/2025,6:00,286.278
6/14/2025,12:00,286.524
6/14/2025,18:00,286.968
6/15/2025,0:00,286.284
6/15/2025,6:00,284.518
6/15/2025,12:00,283.773
6/15/2025,18:00,283.965
6/16/2025,0:00,282.807
6/16/2025,6:00,281.153
6/16/2025,12:00,280.349
6/16/2025,18:00,283.002
6/17/2025,0:00,291.036
6/17/2025,6:00,290.781
6/17/2025,12:00,290.955
6/17/2025,18:00,291.365
6/18/2025,0:00,291.751
6/18/2025,6:00,291.685
6/18/2025,12:00,291.221
6/18/2025,18:00,288.462
6/19/2025,0:00,286.429
6/19/2025,6:00,285.628
6/19/2025,12:00,285.858
6/19/2025,18:00,285.863
6/20/2025,0:00,286.068
6/20/2025,6:00,286.063
6/20/2025,12:00,285.01
6/20/2025,18:00,285.188
6/21/2025,0:00,284.264
6/21/2025,6:00,282.998
6/21/2025,12:00,282.208
6/21/2025,18:00,284.8
6/22/2025,0:00,284.415
6/22/2025,6:00,282.626
6/22/2025,12:00,282.061
6/22/2025,18:00,284.161
6/23/2025,0:00,285.184
6/23/2025,6:00,281.968
6/23/2025,12:00,277.5
6/23/2025,18:00,278.134
6/24/2025,0:00,276.628
6/24/2025,6:00,273.903
6/24/2025,12:00,273.088
6/24/2025,18:00,275.238
6/25/2025,0:00,276.706
6/25/2025,6:00,275.233
6/25/2025,12:00,274.414
6/25/2025,18:00,277.11
6/26/2025,0:00,281.532
6/26/2025,6:00,281.968
6/26/2025,12:00,282.112
6/26/2025,18:00,282.409
6/27/2025,0:00,281.735
6/27/2025,6:00,278.689
6/27/2025,12:00,277
6/27/2025,18:00,278.898
6/28/2025,0:00,280.02
6/28/2025,6:00,280.076
6/28/2025,12:00,279.528
6/28/2025,18:00,281.938
6/29/2025,0:00,284.572
6/29/2025,6:00,282.829
6/29/2025,12:00,282.504
6/29/2025,18:00,282.748
6/30/2025,0:00,281.895
6/30/2025,6:00,278.941
6/30/2025,12:00,274.7
6/30/2025,18:00,276.151
7/1/2025,0:00,275.578
7/1/2025,6:00,273.478
7/1/2025,12:00,272.872
7/1/2025,18:00,275.218
7/2/2025,0:00,275.318
7/2/2025,6:00,273.924
7/2/2025,12:00,273.348
7/2/2025,18:00,275.906
7/3/2025,0:00,277.435
7/3/2025,6:00,275.968
7/3/2025,12:00,275.879
7/3/2025,18:00,278.305
7/4/2025,0:00,281.1
7/4/2025,6:00,279.888
7/4/2025,12:00,279.324
7/4/2025,18:00,281.6
7/5/2025,0:00,285.236
7/5/2025,6:00,283.746
7/5/2025,12:00,283.202
7/5/2025,18:00,285.392
7/6/2025,0:00,286.702
7/6/2025,6:00,284.701
7/6/2025,12:00,283.085
7/6/2025,18:00,284.67
7/7/2025,0:00,284.947
7/7/2025,6:00,283.439
7/7/2025,12:00,283.517
7/7/2025,18:00,286.255
7/8/2025,0:00,287.6
7/8/2025,6:00,285.324
7/8/2025,12:00,283.958
7/8/2025,18:00,285.783
7/9/2025,0:00,285.619
7/9/2025,6:00,283.6
7/9/2025,12:00,282.476
7/9/2025,18:00,284.304
7/10/2025,0:00,284.6
7/10/2025,6:00,282.211
7/10/2025,12:00,281.127
7/10/2025,18:00,283.437
7/11/2025,0:00,285.779
7/11/2025,6:00,284.393
7/11/2025,12:00,283.193
7/11/2025,18:00,285.146
7/12/2025,0:00,286.273
7/12/2025,6:00,284.043
7/12/2025,12:00,283.1
7/12/2025,18:00,285.222
7/13/2025,0:00,285.794
7/13/2025,6:00,285.712
7/13/2025,12:00,284.736
7/13/2025,18:00,286.915
7/14/2025,0:00,288.159
7/14/2025,6:00,286.537
7/14/2025,12:00,285.401
7/14/2025,18:00,287.504
7/15/2025,0:00,289.837
7/15/2025,6:00,288.027
7/15/2025,12:00,287.299
7/15/2025,18:00,289.487
7/16/2025,0:00,290.808
7/16/2025,6:00,288.954
7/16/2025,12:00,288.421
7/16/2025,18:00,290.733
7/17/2025,0:00,286.931
7/17/2025,6:00,282.86
7/17/2025,12:00,281.007
7/17/2025,18:00,281
7/18/2025,0:00,281.868
7/18/2025,6:00,282.28
7/18/2025,12:00,279.349
7/18/2025,18:00,281.312
7/19/2025,0:00,282.7
7/19/2025,6:00,281.135
7/19/2025,12:00,280.763
7/19/2025,18:00,283.373
7/20/2025,0:00,284.808
7/20/2025,6:00,283.263
7/20/2025,12:00,282.319
7/20/2025,18:00,284.737
7/21/2025,0:00,286.891
7/21/2025,6:00,285.368
7/21/2025,12:00,285.113
7/21/2025,18:00,287.485
7/22/2025,0:00,289.487
7/22/2025,6:00,287.961
7/22/2025,12:00,287.505
7/22/2025,18:00,289.234
7/23/2025,0:00,288.666
7/23/2025,6:00,285.519
7/23/2025,12:00,283
7/23/2025,18:00,283.425
7/24/2025,0:00,285.704
7/24/2025,6:00,282.645
7/24/2025,12:00,281.363
7/24/2025,18:00,282.146
7/25/2025,0:00,286.701
7/25/2025,6:00,285.035
7/25/2025,12:00,284.967
7/25/2025,18:00,287.8
7/26/2025,0:00,289.933
7/26/2025,6:00,288.739
7/26/2025,12:00,288.165
7/26/2025,18:00,289.6
7/27/2025,0:00,290.157
7/27/2025,6:00,288.183
7/27/2025,12:00,287.277
7/27/2025,18:00,288.085
7/28/2025,0:00,285.732
7/28/2025,6:00,285.272
7/28/2025,12:00,282.92
7/28/2025,18:00,283.51
7/29/2025,0:00,282.212
7/29/2025,6:00,279.864
7/29/2025,12:00,278.794
7/29/2025,18:00,281.148
7/30/2025,0:00,281.711
7/30/2025,6:00,280.031
7/30/2025,12:00,279.489
7/30/2025,18:00,282.121
7/31/2025,0:00,283.631
7/31/2025,6:00,282.017
7/31/2025,12:00,281.617
7/31/2025,18:00,284.934
8/1/2025,0:00,288.233
8/1/2025,6:00,286.709
8/1/2025,12:00,287.312
8/1/2025,18:00,288.598
8/2/2025,0:00,289.531
8/2/2025,6:00,289.29
8/2/2025,12:00,288.104
8/2/2025,18:00,291.5
8/3/2025,0:00,290.736
8/3/2025,6:00,289.956
8/3/2025,12:00,288.868
8/3/2025,18:00,287.758
8/4/2025,0:00,288.179
8/4/2025,6:00,286.069
8/4/2025,12:00,283.544
8/4/2025,18:00,284.011
8/5/2025,0:00,283.524
8/5/2025,6:00,281.387
8/5/2025,12:00,279.722
8/5/2025,18:00,281.739
8/6/2025,0:00,282.965
8/6/2025,6:00,281.548
8/6/2025,12:00,279.866
8/6/2025,18:00,282.661
8/7/2025,0:00,286.461
8/7/2025,6:00,284.894
8/7/2025,12:00,284.378
8/7/2025,18:00,285.412
8/8/2025,0:00,284.539
8/8/2025,6:00,281.259
8/8/2025,12:00,280.486
8/8/2025,18:00,283.1
8/9/2025,0:00,279.682
8/9/2025,6:00,280.9
8/9/2025,12:00,277.5
8/9/2025,18:00,280.267
8/10/2025,0:00,281.441
8/10/2025,6:00,279.345
8/10/2025,12:00,278.814
8/10/2025,18:00,281.929
8/11/2025,0:00,282.755
8/11/2025,6:00,281.004
8/11/2025,12:00,280.008
8/11/2025,18:00,283.176
8/12/2025,0:00,283.803
8/12/2025,6:00,281.893
8/12/2025,12:00,280.888
8/12/2025,18:00,284.245
8/13/2025,0:00,285.7
8/13/2025,6:00,283.956
8/13/2025,12:00,282.946
8/13/2025,18:00,286.412
8/14/2025,0:00,287.1
8/14/2025,6:00,281.954
8/14/2025,12:00,279.402
8/14/2025,18:00,281.451
8/15/2025,0:00,282.172
8/15/2025,6:00,280.81
8/15/2025,12:00,279.454
8/15/2025,18:00,281.69
8/16/2025,0:00,286.388
8/16/2025,6:00,283.702
8/16/2025,12:00,282.4
8/16/2025,18:00,285.096
8/17/2025,0:00,287.217
8/17/2025,6:00,284.675
8/17/2025,12:00,283.208
8/17/2025,18:00,286.365
8/18/2025,0:00,287.917
8/18/2025,6:00,286.524
8/18/2025,12:00,286.03
8/18/2025,18:00,287.717
8/19/2025,0:00,290.251
8/19/2025,6:00,289.953
8/19/2025,12:00,289.777
8/19/2025,18:00,289.604
8/20/2025,0:00,287.635
8/20/2025,6:00,285.962
8/20/2025,12:00,285.837
8/20/2025,18:00,286.2
8/21/2025,0:00,285.282
8/21/2025,6:00,283.153
8/21/2025,12:00,282.302
8/21/2025,18:00,286.161
8/22/2025,0:00,289.668
8/22/2025,6:00,289.075
8/22/2025,12:00,289.223
8/22/2025,18:00,294.38
8/23/2025,0:00,293.71
8/23/2025,6:00,288.955
8/23/2025,12:00,283.189
8/23/2025,18:00,282.763
8/24/2025,0:00,282.739
8/24/2025,6:00,279.875
8/24/2025,12:00,277.926
8/24/2025,18:00,281.316
8/25/2025,0:00,281.775
8/25/2025,6:00,279.607
8/25/2025,12:00,278.91
8/25/2025,18:00,282.42
8/26/2025,0:00,283.713
8/26/2025,6:00,281.548
8/26/2025,12:00,280.615
8/26/2025,18:00,284.929
8/27/2025,0:00,285.3
8/27/2025,6:00,283.222
8/27/2025,12:00,282.358
8/27/2025,18:00,285.781
8/28/2025,0:00,286.854
8/28/2025,6:00,285.522
8/28/2025,12:00,284.274
8/28/2025,18:00,288.034
8/29/2025,0:00,289.612
8/29/2025,6:00,287.04
8/29/2025,12:00,285.7
8/29/2025,18:00,288.884
8/30/2025,0:00,291.049
8/30/2025,6:00,288.611
8/30/2025,12:00,287.618
8/30/2025,18:00,291.545
8/31/2025,0:00,292.985
8/31/2025,6:00,290.907
8/31/2025,12:00,289.847
8/31/2025,18:00,293.559
9/1/2025,0:00,293.9
9/1/2025,6:00,291.798
9/1/2025,12:00,289.737
9/1/2025,18:00,291.475
9/2/2025,0:00,290.629
9/2/2025,6:00,289.885
9/2/2025,12:00,290.603
9/2/2025,18:00,291.195
9/3/2025,0:00,293.825
9/3/2025,6:00,291.736
9/3/2025,12:00,291.005
9/3/2025,18:00,294.3
9/4/2025,0:00,292.581
9/4/2025,6:00,288.576
9/4/2025,12:00,284.198
9/4/2025,18:00,284.1
9/5/2025,0:00,283.473
9/5/2025,6:00,279.177
9/5/2025,12:00,278.182
9/5/2025,18:00,281.115
9/6/2025,0:00,280.515
9/6/2025,6:00,277.763
9/6/2025,12:00,276.5
9/6/2025,18:00,280.908
9/7/2025,0:00,280.843
9/7/2025,6:00,278.627
9/7/2025,12:00,278.103
9/7/2025,18:00,282.519
9/8/2025,0:00,287.1
9/8/2025,6:00,286.524
9/8/2025,12:00,286.419
9/8/2025,18:00,286.802
9/9/2025,0:00,286.682
9/9/2025,6:00,285.98
9/9/2025,12:00,285.136
9/9/2025,18:00,287.626
9/10/2025,0:00,287.001
9/10/2025,6:00,284.647
9/10/2025,12:00,283.222
9/10/2025,18:00,288.1
9/11/2025,0:00,288.629
9/11/2025,6:00,286.415
9/11/2025,12:00,285.807
9/11/2025,18:00,289.954
9/12/2025,0:00,286.455
9/12/2025,6:00,283.461
9/12/2025,12:00,282.051
9/12/2025,18:00,286.355
9/13/2025,0:00,285.245
9/13/2025,6:00,282.829
9/13/2025,12:00,281.365
9/13/2025,18:00,285.351
9/14/2025,0:00,289.262
9/14/2025,6:00,287.248
9/14/2025,12:00,287.54
9/14/2025,18:00,290.913
9/15/2025,0:00,293.43
9/15/2025,6:00,291.464
9/15/2025,12:00,290.524
9/15/2025,18:00,292.597
9/16/2025,0:00,290.477
9/16/2025,6:00,289.888
9/16/2025,12:00,287.85
9/16/2025,18:00,290.985
9/17/2025,0:00,289.735
9/17/2025,6:00,287.023
9/17/2025,12:00,286.541
9/17/2025,18:00,290.286
9/18/2025,0:00,289.942
9/18/2025,6:00,288.525
9/18/2025,12:00,287.926
9/18/2025,18:00,291.319
9/19/2025,0:00,292.76
9/19/2025,6:00,291.888
9/19/2025,12:00,291.402
9/19/2025,18:00,295.6
9/20/2025,0:00,296.195
9/20/2025,6:00,293.439
9/20/2025,12:00,292.349
9/20/2025,18:00,292.752
9/21/2025,0:00,292.034
9/21/2025,6:00,290.622
9/21/2025,12:00,290.719
9/21/2025,18:00,292.775
9/22/2025,0:00,289.215
9/22/2025,6:00,285.609
9/22/2025,12:00,283.609
9/22/2025,18:00,286.766
9/23/2025,0:00,285.546
9/23/2025,6:00,283.539
9/23/2025,12:00,282.404
9/23/2025,18:00,287.047
9/24/2025,0:00,287.22
9/24/2025,6:00,284.526
9/24/2025,12:00,283.649
9/24/2025,18:00,288.18
9/25/2025,0:00,286.733
9/25/2025,6:00,283.652
9/25/2025,12:00,281.605
9/25/2025,18:00,285.3
9/26/2025,0:00,286.416
9/26/2025,6:00,283.199
9/26/2025,12:00,282.4
9/26/2025,18:00,287.279
9/27/2025,0:00,289.701
9/27/2025,6:00,286.6
9/27/2025,12:00,286.397
9/27/2025,18:00,289.32
9/28/2025,0:00,289.168
9/28/2025,6:00,283.99
9/28/2025,12:00,282.963
9/28/2025,18:00,287.788
9/29/2025,0:00,287.479
9/29/2025,6:00,284.779
9/29/2025,12:00,283.986
9/29/2025,18:00,289.559
9/30/2025,0:00,290.996
9/30/2025,6:00,289.01
9/30/2025,12:00,289.031
9/30/2025,18:00,290.814
10/1/2025,0:00,290.226
10/1/2025,6:00,286.876
10/1/2025,12:00,287.037
10/1/2025,18:00,290.068
10/2/2025,0:00,289.563
10/2/2025,6:00,288.031
10/2/2025,12:00,287.529
10/2/2025,18:00,290.736
10/3/2025,0:00,291.397
10/3/2025,6:00,290.485
10/3/2025,12:00,290.302
10/3/2025,18:00,294.001
10/4/2025,0:00,292.808
10/4/2025,6:00,291.284
10/4/2025,12:00,290.877
10/4/2025,18:00,294.745
10/5/2025,0:00,295.099
10/5/2025,6:00,293.586
10/5/2025,12:00,293.414
10/5/2025,18:00,297.559
10/6/2025,0:00,297.295
10/6/2025,6:00,292.242
10/6/2025,12:00,286.923
10/6/2025,18:00,284.907
10/7/2025,0:00,287.132
10/7/2025,6:00,282.666
10/7/2025,12:00,281.485
10/7/2025,18:00,286.806
10/8/2025,0:00,285.156
10/8/2025,6:00,282.544
10/8/2025,12:00,281.598
10/8/2025,18:00,287.732
10/9/2025,0:00,286.406
10/9/2025,6:00,283.732
10/9/2025,12:00,282.244
10/9/2025,18:00,288.394
10/10/2025,0:00,290.324
10/10/2025,6:00,287.687
10/10/2025,12:00,287.048
10/10/2025,18:00,292.818
10/11/2025,0:00,291.513
10/11/2025,6:00,289.569
10/11/2025,12:00,288.801
10/11/2025,18:00,294.535
10/12/2025,0:00,295.595
10/12/2025,6:00,292.527
10/12/2025,12:00,291.909
10/12/2025,18:00,292.796
10/13/2025,0:00,288.372
10/13/2025,6:00,285.854
10/13/2025,12:00,284.901
10/13/2025,18:00,289.747
10/14/2025,0:00,288.723
10/14/2025,6:00,285.489
10/14/2025,12:00,284.688
10/14/2025,18:00,291.059
10/15/2025,0:00,289.166
10/15/2025,6:00,286.096
10/15/2025,12:00,285.585
10/15/2025,18:00,291.195
10/16/2025,0:00,295.076
10/16/2025,6:00,292.397
10/16/2025,12:00,292.21
10/16/2025,18:00,293.839
10/17/2025,0:00,293.118
10/17/2025,6:00,291.716
10/17/2025,12:00,291.857
10/17/2025,18:00,292.777
10/18/2025,0:00,292.525
10/18/2025,6:00,288.954
10/18/2025,12:00,287.09
10/18/2025,18:00,290.089
10/19/2025,0:00,287.276
10/19/2025,6:00,282.507
10/19/2025,12:00,281.342
10/19/2025,18:00,286.998
10/20/2025,0:00,286.048
10/20/2025,6:00,284.16
10/20/2025,12:00,282.466
10/20/2025,18:00,288.291
10/21/2025,0:00,288.487
10/21/2025,6:00,285.306
10/21/2025,12:00,284.591
10/21/2025,18:00,290.964
10/22/2025,0:00,289.5
10/22/2025,6:00,287.285
10/22/2025,12:00,287.144
10/22/2025,18:00,293.115
10/23/2025,0:00,291.192
10/23/2025,6:00,288.52
10/23/2025,12:00,288.453
10/23/2025,18:00,294.05
10/24/2025,0:00,292.69
10/24/2025,6:00,290.759
10/24/2025,12:00,290.096
10/24/2025,18:00,294.623
10/25/2025,0:00,292.456
10/25/2025,6:00,292.338
10/25/2025,12:00,291.371
10/25/2025,18:00,291.619
10/26/2025,0:00,291.813
10/26/2025,6:00,287.957
10/26/2025,12:00,286.559
10/26/2025,18:00,289.285
10/27/2025,0:00,290.235
10/27/2025,6:00,287.851
10/27/2025,12:00,286.844
10/27/2025,18:00,292.729
10/28/2025,0:00,291.148
10/28/2025,6:00,286.855
10/28/2025,12:00,286.01
10/28/2025,18:00,288.344
10/29/2025,0:00,285.196
10/29/2025,6:00,284.048
10/29/2025,12:00,284.009
10/29/2025,18:00,284.159
10/30/2025,0:00,285.173
10/30/2025,6:00,282.608
10/30/2025,12:00,282.462
10/30/2025,18:00,287.819
10/31/2025,0:00,287.461
10/31/2025,6:00,284.705
10/31/2025,12:00,284.169
10/31/2025,18:00,289.271
11/1/2025,0:00,289.624
11/1/2025,6:00,286.077
11/1/2025,12:00,285.608
11/1/2025,18:00,292.65
11/2/2025,0:00,292.808
11/2/2025,6:00,291.117
11/2/2025,12:00,289.504
11/2/2025,18:00,292.488
11/3/2025,0:00,292.74
11/3/2025,6:00,288.798
11/3/2025,12:00,287.422
11/3/2025,18:00,293.269
11/4/2025,0:00,292.086
11/4/2025,6:00,289.214
11/4/2025,12:00,287.685
11/4/2025,18:00,294.624
11/5/2025,0:00,296.839
11/5/2025,6:00,290.836
11/5/2025,12:00,288.218
11/5/2025,18:00,292.635
11/6/2025,0:00,289.645
11/6/2025,6:00,285.152
11/6/2025,12:00,283.963
11/6/2025,18:00,288.941
11/7/2025,0:00,288.638
11/7/2025,6:00,288.39
11/7/2025,12:00,285.576
11/7/2025,18:00,286.04
11/8/2025,0:00,287.336
11/8/2025,6:00,285.793
11/8/2025,12:00,285.946
11/8/2025,18:00,286.553
11/9/2025,0:00,286.898
11/9/2025,6:00,285.142
11/9/2025,12:00,283.922
11/9/2025,18:00,290.367
11/10/2025,0:00,289.106
11/10/2025,6:00,285.453
11/10/2025,12:00,284.741
11/10/2025,18:00,291.935
11/11/2025,0:00,289.859
11/11/2025,6:00,286.351
11/11/2025,12:00,285.399
11/11/2025,18:00,292.956
11/12/2025,0:00,295.571
11/12/2025,6:00,293.028
11/12/2025,12:00,291.812
11/12/2025,18:00,298.163
11/13/2025,0:00,292.186
11/13/2025,6:00,290.032
11/13/2025,12:00,288.902
11/13/2025,18:00,295.196
11/14/2025,0:00,293.618
11/14/2025,6:00,290.97
11/14/2025,12:00,288.756
11/14/2025,18:00,294.281
11/15/2025,0:00,293.158
11/15/2025,6:00,290.386
11/15/2025,12:00,288.953
11/15/2025,18:00,296.487
11/16/2025,0:00,297.875
11/16/2025,6:00,294.313
11/16/2025,12:00,294.449
11/16/2025,18:00,291.513
11/17/2025,0:00,290.485
11/17/2025,6:00,286.729
11/17/2025,12:00,284.347
11/17/2025,18:00,288.933
11/18/2025,0:00,288.894
11/18/2025,6:00,285.208
11/18/2025,12:00,284.465
11/18/2025,18:00,291.818
11/19/2025,0:00,290.711
11/19/2025,6:00,287.884
11/19/2025,12:00,286.555
11/19/2025,18:00,292.318
11/20/2025,0:00,291.975
11/20/2025,6:00,289.009
11/20/2025,12:00,288.494
11/20/2025,18:00,296.379
11/21/2025,0:00,295.077
11/21/2025,6:00,293.089
11/21/2025,12:00,291.761
11/21/2025,18:00,295.872
11/22/2025,0:00,292.24
11/22/2025,6:00,287.789
11/22/2025,12:00,285.907
11/22/2025,18:00,291.431
11/23/2025,0:00,290.286
11/23/2025,6:00,286.655
11/23/2025,12:00,285.54
11/23/2025,18:00,291.137
11/24/2025,0:00,289.866
11/24/2025,6:00,285.556
11/24/2025,12:00,285.526
11/24/2025,18:00,292.147
11/25/2025,0:00,293.221
11/25/2025,6:00,289.461
11/25/2025,12:00,288.216
11/25/2025,18:00,296.154
11/26/2025,0:00,295.696
11/26/2025,6:00,291.187
11/26/2025,12:00,289.798
11/26/2025,18:00,296.908
11/27/2025,0:00,295.999
11/27/2025,6:00,290.926
11/27/2025,12:00,290.052
11/27/2025,18:00,297.695
11/28/2025,0:00,298.505
11/28/2025,6:00,294.955
11/28/2025,12:00,294.173
11/28/2025,18:00,301.437
11/29/2025,0:00,296.441
11/29/2025,6:00,295.097
11/29/2025,12:00,293.369
11/29/2025,18:00,297.965
11/30/2025,0:00,300.475
11/30/2025,6:00,293.054
11/30/2025,12:00,291.329
11/30/2025,18:00,293.909
12/1/2025,0:00,294.229
12/1/2025,6:00,292.175
12/1/2025,12:00,291.236
12/1/2025,18:00,296.558
12/2/2025,0:00,295.829
12/2/2025,6:00,291.743
12/2/2025,12:00,292.186
12/2/2025,18:00,298.209
12/3/2025,0:00,295.008
12/3/2025,6:00,290.594
12/3/2025,12:00,288.431
12/3/2025,18:00,296.574
12/4/2025,0:00,294.468
12/4/2025,6:00,288.989
12/4/2025,12:00,287.911
12/4/2025,18:00,296.199
12/5/2025,0:00,294.828
12/5/2025,6:00,290.515
12/5/2025,12:00,289.116
12/5/2025,18:00,298.133
12/6/2025,0:00,297.354
12/6/2025,6:00,294.716
12/6/2025,12:00,293.469
12/6/2025,18:00,302.963
12/7/2025,0:00,301.94
12/7/2025,6:00,297.569
12/7/2025,12:00,295.544
12/7/2025,18:00,304.179
12/8/2025,0:00,299.276
12/8/2025,6:00,295.574
12/8/2025,12:00,293.991
12/8/2025,18:00,296.187
12/9/2025,0:00,293.557
12/9/2025,6:00,292.946
12/9/2025,12:00,292.831
12/9/2025,18:00,293.377
12/10/2025,0:00,292.018
12/10/2025,6:00,290.841
12/10/2025,12:00,289.596
12/10/2025,18:00,289.755
12/11/2025,0:00,291.712
12/11/2025,6:00,289.216
12/11/2025,12:00,288.686
12/11/2025,18:00,296.541
12/12/2025,0:00,296.581
12/12/2025,6:00,291.181
12/12/2025,12:00,292.492
12/12/2025,18:00,294.821
12/13/2025,0:00,293.626
12/13/2025,6:00,291.293
12/13/2025,12:00,291.121
12/13/2025,18:00,297.591
12/14/2025,0:00,297.462
12/14/2025,6:00,294.491
12/14/2025,12:00,293.586
12/14/2025,18:00,300.799
12/15/2025,0:00,300.361
12/15/2025,6:00,296.602
12/15/2025,12:00,295.706
12/15/2025,18:00,291.436
12/16/2025,0:00,291.106
12/16/2025,6:00,288.941
12/16/2025,12:00,287.451
12/16/2025,18:00,293.893
12/17/2025,0:00,292.034
12/17/2025,6:00,287.449
12/17/2025,12:00,286.524
12/17/2025,18:00,293.578
12/18/2025,0:00,292.008
12/18/2025,6:00,288.701
12/18/2025,12:00,287.277
12/18/2025,18:00,295.687
12/19/2025,0:00,296.084
12/19/2025,6:00,291.998
12/19/2025,12:00,291.352
12/19/2025,18:00,300.219
12/20/2025,0:00,298.131
12/20/2025,6:00,294.305
12/20/2025,12:00,293.052
12/20/2025,18:00,300.658
12/21/2025,0:00,301.83
12/21/2025,6:00,298.228
12/21/2025,12:00,293.445
12/21/2025,18:00,293.882
12/22/2025,0:00,295.764
12/22/2025,6:00,295.039
12/22/2025,12:00,294.786
12/22/2025,18:00,296.821
12/23/2025,0:00,295.908
12/23/2025,6:00,295.185
12/23/2025,12:00,294.656
12/23/2025,18:00,296.79
12/24/2025,0:00,297.358
12/24/2025,6:00,295.228
12/24/2025,12:00,294.786
12/24/2025,18:00,299.709
12/25/2025,0:00,298.718
12/25/2025,6:00,296.089
12/25/2025,12:00,296.827
12/25/2025,18:00,301.145
12/26/2025,0:00,296.519
12/26/2025,6:00,295.537
12/26/2025,12:00,295.12
12/26/2025,18:00,296.55
12/27/2025,0:00,296.14
12/27/2025,6:00,295.566
12/27/2025,12:00,295.175
12/27/2025,18:00,300.401
12/28/2025,0:00,295.166
12/28/2025,6:00,294.697
12/28/2025,12:00,294.89
12/28/2025,18:00,298.87
12/29/2025,0:00,294.911
12/29/2025,6:00,294.306
12/29/2025,12:00,294.277
12/29/2025,18:00,295.781
12/30/2025,0:00,296.108
12/30/2025,6:00,294.074
12/30/2025,12:00,292.709
12/30/2025,18:00,296.952
12/31/2025,0:00,296.945
12/31/2025,6:00,293.914
12/31/2025,12:00,293.328
12/31/2025,18:00,299.585
1/1/2026,0:00,299.162
1/1/2026,6:00,296.34
1/1/2026,12:00,295.682
1/1/2026,18:00,300.825
1/2/2026,0:00,301.026
1/2/2026,6:00,295.794
1/2/2026,12:00,294.752
1/2/2026,18:00,299.673
1/3/2026,0:00,299.771
1/3/2026,6:00,295.712
1/3/2026,12:00,293.335
1/3/2026,18:00,295.548
1/4/2026,0:00,292.253
1/4/2026,6:00,287.145
1/4/2026,12:00,284.186
1/4/2026,18:00,291.026
1/5/2026,0:00,290.837
1/5/2026,6:00,287.36
1/5/2026,12:00,284.591
1/5/2026,18:00,291.995
1/6/2026,0:00,291.691
1/6/2026,6:00,287.607
1/6/2026,12:00,285.558
1/6/2026,18:00,293.665
1/7/2026,0:00,297.187
1/7/2026,6:00,294.241
1/7/2026,12:00,293.616
1/7/2026,18:00,299.823
1/8/2026,0:00,293.014
1/8/2026,6:00,292.417
1/8/2026,12:00,292.181
1/8/2026,18:00,296.563
1/9/2026,0:00,296.563
1/9/2026,6:00,293.66
1/9/2026,12:00,292.716
1/9/2026,18:00,294.589
1/10/2026,0:00,294.741
1/10/2026,6:00,292.911
1/10/2026,12:00,292.987
1/10/2026,18:00,294.669
1/11/2026,0:00,292.708
1/11/2026,6:00,289.883
1/11/2026,12:00,288.529
1/11/2026,18:00,292.833
1/12/2026,0:00,291.911
1/12/2026,6:00,290.094
1/12/2026,12:00,289.32
1/12/2026,18:00,294.996
1/13/2026,0:00,296.327
1/13/2026,6:00,292.902
1/13/2026,12:00,291.77
1/13/2026,18:00,297.399
1/14/2026,0:00,298.704
1/14/2026,6:00,295.505
1/14/2026,12:00,294.249
1/14/2026,18:00,298.888
1/15/2026,0:00,299.895
1/15/2026,6:00,295.877
1/15/2026,12:00,295.029
1/15/2026,18:00,301.545
1/16/2026,0:00,301.52
1/16/2026,6:00,296.28
1/16/2026,12:00,295.909
1/16/2026,18:00,295.935
1/22/2026,12:00,288.846
1/22/2026,18:00,295.326
1/23/2026,0:00,297.303
1/23/2026,6:00,292.037
1/23/2026,12:00,290.539
1/23/2026,18:00,296.911
1/24/2026,0:00,297.264
1/24/2026,6:00,291.925
1/24/2026,12:00,289.567
1/24/2026,18:00,296.989
1/25/2026,0:00,298.905
1/25/2026,6:00,295.463
1/25/2026,12:00,291.905
1/25/2026,18:00,300.282
1/26/2026,0:00,300.054
1/26/2026,6:00,295.941
1/26/2026,12:00,294.601
1/26/2026,18:00,300.749
1/27/2026,0:00,300.938
1/27/2026,6:00,297.367
1/27/2026,12:00,296.148
1/27/2026,18:00,302.144
1/28/2026,0:00,303.77
1/28/2026,6:00,298.315
1/28/2026,12:00,297.426
1/28/2026,18:00,305.07
1/29/2026,0:00,299.896
1/29/2026,6:00,296.167
1/29/2026,12:00,294.671
1/29/2026,18:00,300.225
1/30/2026,0:00,302.007
1/30/2026,6:00,294.117
1/30/2026,12:00,293.134
1/30/2026,18:00,298.895
1/31/2026,0:00,298.536
1/31/2026,6:00,294.271
1/31/2026,12:00,291.571
1/31/2026,18:00,297.606
2/1/2026,0:00,297.435
2/1/2026,6:00,293.085
2/1/2026,12:00,291.356
2/1/2026,18:00,299.146
2/2/2026,0:00,299.584
2/2/2026,6:00,294.269
2/2/2026,12:00,292.281
2/2/2026,18:00,299.481
2/3/2026,0:00,302.253
2/3/2026,6:00,295.537
2/3/2026,12:00,294.273
2/3/2026,18:00,301.568
2/4/2026,0:00,301.352
2/4/2026,6:00,296.292
2/4/2026,12:00,294.909
2/4/2026,18:00,303.185
2/5/2026,0:00,302.2
2/5/2026,6:00,296.678
2/5/2026,12:00,294.835
2/5/2026,18:00,302.715
2/6/2026,0:00,303.346
2/6/2026,6:00,297.204
2/6/2026,12:00,296.207
2/6/2026,18:00,303.663
2/7/2026,0:00,300.587
2/7/2026,6:00,294.923
2/7/2026,12:00,291.95
2/7/2026,18:00,295.066
2/8/2026,0:00,298.8
2/8/2026,6:00,292.891
2/8/2026,12:00,289.861
2/8/2026,18:00,297.886
2/9/2026,0:00,297.771
2/9/2026,6:00,292.406
2/9/2026,12:00,289.646
2/9/2026,18:00,298.281
2/10/2026,0:00,301.313
2/10/2026,6:00,296.303
2/10/2026,12:00,294.7
2/10/2026,18:00,303.186
2/11/2026,0:00,304.316
2/11/2026,6:00,298.415
2/11/2026,12:00,296.8
2/11/2026,18:00,304.078
2/12/2026,0:00,303.648
2/12/2026,6:00,300.571
2/12/2026,12:00,298.42
2/12/2026,18:00,307.683
2/13/2026,0:00,294.608
2/13/2026,6:00,293.41
2/13/2026,12:00,293.056
2/13/2026,18:00,297.236
2/14/2026,0:00,301.241
2/14/2026,6:00,294.701
2/14/2026,12:00,292.497
2/14/2026,18:00,298.246
2/15/2026,0:00,299.067
2/15/2026,6:00,293.458
2/15/2026,12:00,292.679
2/15/2026,18:00,299.568
2/16/2026,0:00,298.336
2/16/2026,6:00,296.236
2/16/2026,12:00,295.762
2/16/2026,18:00,300.272
2/17/2026,0:00,296.851
2/17/2026,6:00,297.62
2/17/2026,12:00,295.8
2/17/2026,18:00,299.349
2/18/2026,0:00,298.479
2/18/2026,6:00,297.915
2/18/2026,12:00,296.981
2/18/2026,18:00,300.735
2/19/2026,0:00,301.735
2/19/2026,6:00,297.57
2/19/2026,12:00,295.048
2/19/2026,18:00,301.379
2/20/2026,0:00,295.601
2/20/2026,6:00,293.291
2/20/2026,12:00,293.07
2/20/2026,18:00,297.192
2/21/2026,0:00,299.935
2/21/2026,6:00,294.152
2/21/2026,12:00,291.847
2/21/2026,18:00,297.344
2/22/2026,0:00,300.213
2/22/2026,6:00,294.221
2/22/2026,12:00,292.484
2/22/2026,18:00,294.231
2/23/2026,0:00,299.285
2/23/2026,6:00,295.469
2/23/2026,12:00,293.255
2/23/2026,18:00,297.043
2/24/2026,0:00,293.048
2/24/2026,6:00,294.06
2/24/2026,12:00,293.384
2/24/2026,18:00,296
2/25/2026,0:00,297.394
2/25/2026,6:00,294.626
2/25/2026,12:00,294
2/25/2026,18:00,298.924
2/26/2026,0:00,295.962
2/26/2026,6:00,289.962
2/26/2026,12:00,287.87
2/26/2026,18:00,292.804
2/27/2026,0:00,294.517
2/27/2026,6:00,288.501
2/27/2026,12:00,286.821
2/27/2026,18:00,293.073
2/28/2026,0:00,295.673
2/28/2026,6:00,289.589
2/28/2026,12:00,288.121
2/28/2026,18:00,294.701
3/1/2026,0:00,297.212
3/1/2026,6:00,291.308
3/1/2026,12:00,288.529
3/1/2026,18:00,295.214
3/2/2026,0:00,296.958
3/2/2026,6:00,292.066
3/2/2026,12:00,289.13
3/2/2026,18:00,294.663
3/3/2026,0:00,299.391
3/3/2026,6:00,294.271
3/3/2026,12:00,292.314
3/3/2026,18:00,300.529
3/4/2026,0:00,297.073
3/4/2026,6:00,294.9
3/4/2026,12:00,294.525
3/4/2026,18:00,298.864
3/5/2026,0:00,301.533
3/5/2026,6:00,294.506
3/5/2026,12:00,292.985
3/5/2026,18:00,298.606
3/6/2026,0:00,300.679
3/6/2026,6:00,295.393
3/6/2026,12:00,292.888
3/6/2026,18:00,298.065
3/7/2026,0:00,294.281
3/7/2026,6:00,293.209
3/7/2026,12:00,293.075
3/7/2026,18:00,295.872
3/8/2026,0:00,294.791
3/8/2026,6:00,292.01
3/8/2026,12:00,290.741
3/8/2026,18:00,295.648
3/9/2026,0:00,297.365
3/9/2026,6:00,290.851
3/9/2026,12:00,289.628
3/9/2026,18:00,292.888
3/10/2026,0:00,295.146
3/10/2026,6:00,291.172
3/10/2026,12:00,292.148
3/10/2026,18:00,294.241
3/11/2026,0:00,294.651
3/11/2026,6:00,291.016
3/11/2026,12:00,290.537
3/11/2026,18:00,295.957
3/12/2026,0:00,299.167
3/12/2026,6:00,291.945
3/12/2026,12:00,290.274
3/12/2026,18:00,295.999
3/13/2026,0:00,297.153
3/13/2026,6:00,290.948
3/13/2026,12:00,289.824
3/13/2026,18:00,295.618
3/14/2026,0:00,297.385
3/14/2026,6:00,291.32
3/14/2026,12:00,289.748
3/14/2026,18:00,296.102
3/15/2026,0:00,297.929
3/15/2026,6:00,292.663
3/15/2026,12:00,291.4
3/15/2026,18:00,296.916
3/16/2026,0:00,301.655
3/16/2026,6:00,296.416
3/16/2026,12:00,295.677
3/16/2026,18:00,302.5
3/17/2026,0:00,297.997
3/17/2026,6:00,296.697
3/17/2026,12:00,293.543
3/17/2026,18:00,296.139
3/18/2026,0:00,297.914
3/18/2026,6:00,296.391
3/18/2026,12:00,294.295
3/18/2026,18:00,298.397
3/19/2026,0:00,296.835
3/19/2026,6:00,291.775
3/19/2026,12:00,291.309
3/19/2026,18:00,296.358
3/20/2026,0:00,298.002
3/20/2026,6:00,292.397
3/20/2026,12:00,291.315
3/20/2026,18:00,297.811
3/21/2026,0:00,300.309
3/21/2026,6:00,295.238
3/21/2026,12:00,293.446
3/21/2026,18:00,301.34
3/22/2026,0:00,293.943
3/22/2026,6:00,292.285
3/22/2026,12:00,290.849
3/22/2026,18:00,293.311
3/23/2026,0:00,298.021
3/23/2026,6:00,294.986
3/23/2026,12:00,294.419
3/23/2026,18:00,296.337
3/24/2026,0:00,292.6
3/24/2026,6:00,290.172
3/24/2026,12:00,288.3
3/24/2026,18:00,291.579
3/25/2026,0:00,291.254
3/25/2026,6:00,289.054
3/25/2026,12:00,289.314
3/25/2026,18:00,292.935
3/26/2026,0:00,293.016
3/26/2026,12:00,289.997
3/26/2026,18:00,294.416
3/27/2026,0:00,296.416
3/27/2026,6:00,293.516
3/27/2026,12:00,292.916
3/27/2026,18:00,296.518
3/28/2026,0:00,296.7
3/28/2026,6:00,296.882
3/28/2026,12:00,296.3
3/28/2026,18:00,301.218
3/29/2026,0:00,301.527
3/29/2026,6:00,298.331
3/29/2026,12:00,297.171
3/29/2026,18:00,302.224
3/30/2026,0:00,302.724
3/30/2026,6:00,298.632
3/30/2026,12:00,296.056
3/30/2026,18:00,300.29
3/31/2026,0:00,297.901
3/31/2026,6:00,295.991
3/31/2026,12:00,294.244
3/31/2026,18:00,298.857
4/1/2026,0:00,298.863
4/1/2026,6:00,294.01
4/1/2026,12:00,290.962
4/1/2026,18:00,296.525
4/2/2026,0:00,296.833
4/2/2026,6:00,292.375
4/2/2026,12:00,291.944
4/2/2026,18:00,297.276
4/3/2026,0:00,297.3
4/3/2026,6:00,293.173
4/3/2026,12:00,292.234
4/3/2026,18:00,297.314
4/4/2026,0:00,298.851
4/4/2026,6:00,295.006
4/4/2026,12:00,294.401
4/4/2026,18:00,299.581
4/5/2026,0:00,291.622
4/5/2026,6:00,289.414
4/5/2026,12:00,289.236
4/5/2026,18:00,292.1
4/6/2026,0:00,295.8
4/6/2026,6:00,290.805
4/6/2026,12:00,290.906
4/6/2026,18:00,293.8
4/7/2026,0:00,295.275
4/7/2026,6:00,293.471
4/7/2026,12:00,293.08
4/7/2026,18:00,293.95
4/8/2026,0:00,292.161
4/8/2026,6:00,290.782
4/8/2026,12:00,289.758
4/8/2026,18:00,290.299
4/9/2026,0:00,291.405
4/9/2026,6:00,290.163
4/9/2026,12:00,289.881
4/9/2026,18:00,290.23
4/10/2026,0:00,291.058
4/10/2026,6:00,286.476
4/10/2026,12:00,285.623
4/10/2026,18:00,289.623
4/11/2026,0:00,288.919
4/11/2026,6:00,285.47
4/11/2026,12:00,284.308
4/11/2026,18:00,289.781
4/12/2026,0:00,291.143
4/12/2026,6:00,291.097
4/12/2026,12:00,291.941
4/12/2026,18:00,292.064
4/13/2026,0:00,293.902
4/13/2026,6:00,291.282
4/13/2026,12:00,292.602
4/13/2026,18:00,293.778
4/14/2026,0:00,293.444
4/14/2026,6:00,291.989
4/14/2026,12:00,291.548
4/14/2026,18:00,294.272
4/15/2026,0:00,296.926
4/15/2026,6:00,294.497
4/15/2026,12:00,292.311
4/15/2026,18:00,293.608
4/16/2026,0:00,293.8
4/16/2026,6:00,292.843
4/16/2026,12:00,292.012
4/16/2026,18:00,292.2
4/17/2026,0:00,292.477
4/17/2026,6:00,290.29
4/17/2026,12:00,289.825
4/17/2026,18:00,292.145
4/18/2026,0:00,291.077
4/18/2026,6:00,288.41
4/18/2026,12:00,287.522
4/18/2026,18:00,291.201
4/19/2026,0:00,291.506
4/19/2026,6:00,288.543
4/19/2026,12:00,287.4
4/19/2026,18:00,292.385
4/20/2026,0:00,292.758
4/20/2026,6:00,290.792
4/20/2026,12:00,290.096
4/20/2026,18:00,291.76
4/21/2026,0:00,290.771
4/21/2026,6:00,291.606
4/21/2026,12:00,290.586
4/21/2026,18:00,291.899
4/22/2026,0:00,291.293
4/22/2026,6:00,290.568
4/22/2026,12:00,290.786
4/22/2026,18:00,293.997
4/23/2026,0:00,292.558
4/23/2026,6:00,291.369
4/23/2026,12:00,288.817
4/23/2026,18:00,289.1
4/24/2026,0:00,289.8
4/24/2026,6:00,290.558
4/24/2026,12:00,290.779
4/24/2026,18:00,291.41
4/25/2026,0:00,291.4
4/25/2026,6:00,290.224
4/25/2026,12:00,290.903
4/25/2026,18:00,292.775
4/26/2026,0:00,293.697
4/26/2026,6:00,291.181
4/26/2026,12:00,289.731
4/26/2026,18:00,292.438
4/27/2026,0:00,289.322
4/27/2026,6:00,282.949
4/27/2026,12:00,279.243
4/27/2026,18:00,282.406
4/28/2026,0:00,282.65
4/28/2026,6:00,279.842
4/28/2026,12:00,278.79
4/28/2026,18:00,283.308
4/29/2026,0:00,284.198
4/29/2026,6:00,281.702
4/29/2026,12:00,281.1
4/29/2026,18:00,285.495
4/30/2026,0:00,286.81
4/30/2026,6:00,284.663
4/30/2026,12:00,283.781
4/30/2026,18:00,288.029
5/1/2026,0:00,288.488
5/1/2026,6:00,288.002
5/1/2026,12:00,288.683
5/1/2026,18:00,292.308
5/2/2026,0:00,292.941
5/2/2026,6:00,292.174
5/2/2026,12:00,290.725
5/2/2026,18:00,290.817
5/3/2026,0:00,284.295
5/3/2026,6:00,279.985
5/3/2026,12:00,278.582
5/3/2026,18:00,282.005
5/4/2026,0:00,283.04
5/4/2026,6:00,281.804
5/4/2026,12:00,281.758
5/4/2026,18:00,287.326
5/5/2026,0:00,291.047
5/5/2026,6:00,291.255
5/5/2026,12:00,291.258
5/5/2026,18:00,294.355
5/6/2026,0:00,295.163
5/6/2026,6:00,293.394
5/6/2026,12:00,293.062
5/6/2026,18:00,295.232
5/7/2026,0:00,296.373
5/7/2026,6:00,296.159
5/7/2026,12:00,296.702
5/7/2026,18:00,297.03
5/8/2026,0:00,285.635
5/8/2026,6:00,282.412
5/8/2026,12:00,281.9
5/8/2026,18:00,284.029
5/9/2026,0:00,281.245
5/9/2026,6:00,279.219
5/9/2026,12:00,278.625
5/9/2026,18:00,281.632
5/10/2026,0:00,281.637
5/10/2026,6:00,281.388
5/10/2026,12:00,278.145
5/10/2026,18:00,280.79
5/11/2026,0:00,279.927
5/11/2026,6:00,277.498
5/11/2026,12:00,276.665
5/11/2026,18:00,280.569
5/12/2026,0:00,281.603
5/12/2026,6:00,279.488
5/12/2026,12:00,278.304
5/12/2026,18:00,281.951
5/13/2026,0:00,283.34
5/13/2026,6:00,281.1
5/13/2026,12:00,280.121
5/13/2026,18:00,284.317
5/14/2026,0:00,285.264
5/14/2026,6:00,282.556
5/14/2026,12:00,281.401
5/14/2026,18:00,284.981
5/15/2026,0:00,283.075
5/15/2026,6:00,281.307
5/15/2026,12:00,280.257
5/15/2026,18:00,283.257
5/16/2026,0:00,284.014
5/16/2026,6:00,282.18
5/16/2026,12:00,281.177
5/16/2026,18:00,284.51
5/17/2026,0:00,286.896
5/17/2026,6:00,286.036
5/17/2026,12:00,285.536
5/17/2026,18:00,286.151
5/18/2026,0:00,284.451
5/18/2026,6:00,281.734
5/18/2026,12:00,279.122
5/18/2026,18:00,281.822
5/19/2026,0:00,280.964
5/19/2026,6:00,278.431
5/19/2026,12:00,277.513
5/19/2026,18:00,281.33
5/20/2026,0:00,281.524
5/20/2026,6:00,278.965
5/20/2026,12:00,277.919
5/20/2026,18:00,281.694
5/21/2026,0:00,282.4
5/21/2026,6:00,279.218
5/21/2026,12:00,277.619
5/21/2026,18:00,280.824
5/22/2026,0:00,280.165
5/22/2026,6:00,277.7
5/22/2026,12:00,277.045
5/22/2026,18:00,280.462
5/23/2026,0:00,281.686
5/23/2026,6:00,279.815
5/23/2026,12:00,279.445
5/23/2026,18:00,282.576
5/24/2026,0:00,284.535
5/24/2026,6:00,282.761
5/24/2026,12:00,282.448
5/24/2026,18:00,284.876
5/25/2026,0:00,285.297
5/25/2026,6:00,284.048
5/25/2026,12:00,284.572
5/25/2026,18:00,286.105
5/26/2026,0:00,288.032
5/26/2026,6:00,287.876
5/26/2026,12:00,285.444
5/26/2026,18:00,287.99
5/27/2026,0:00,287.106
5/27/2026,6:00,284.208
5/27/2026,12:00,283.19
5/27/2026,18:00,285.904
5/28/2026,0:00,285.235
5/28/2026,6:00,283.649
5/28/2026,12:00,282.173
5/28/2026,18:00,285.1
5/29/2026,0:00,289.703
5/29/2026,6:00,287.826
5/29/2026,12:00,286.634
5/29/2026,18:00,286.265
5/30/2026,0:00,287.02
5/30/2026,6:00,287.308
5/30/2026,12:00,287.189
5/30/2026,18:00,288.183
5/31/2026,0:00,288.599
5/31/2026,6:00,286.159
5/31/2026,12:00,284.192
5/31/2026,18:00,286.624
6/1/2026,0:00,285.549
6/1/2026,6:00,282.731
6/1/2026,12:00,281.282
6/1/2026,18:00,284.195
6/2/2026,0:00,284.8
6/2/2026,6:00,281.911
6/2/2026,12:00,281.379
6/2/2026,18:00,283.863
6/3/2026,0:00,285.559
6/3/2026,6:00,283.4
6/3/2026,12:00,283.083
6/3/2026,18:00,285.89
6/4/2026,0:00,287.5
6/4/2026,6:00,285.686
6/4/2026,12:00,285.309
6/4/2026,18:00,288.316
6/5/2026,0:00,288.845
6/5/2026,6:00,286.976
6/5/2026,12:00,286.5
6/5/2026,18:00,288.982
6/6/2026,0:00,290.508
6/6/2026,6:00,288.1
6/6/2026,12:00,287.384
6/6/2026,18:00,289.949
6/7/2026,0:00,291.665
6/7/2026,6:00,288.1
6/7/2026,12:00,287.46
6/7/2026,18:00,288.866
6/8/2026,0:00,288.915
6/8/2026,6:00,287.529
6/8/2026,12:00,288.136
6/8/2026,18:00,288.103
6/9/2026,0:00,286.442
6/9/2026,6:00,286.737
6/9/2026,12:00,287.106
6/9/2026,18:00,286.625
6/10/2026,0:00,289.429
6/10/2026,6:00,284.33
6/10/2026,12:00,283.465
6/10/2026,18:00,285.381
6/11/2026,0:00,287.538
6/11/2026,6:00,286.197
6/11/2026,12:00,284.816
6/11/2026,18:00,285.716
6/12/2026,0:00,284.639
6/12/2026,6:00,284.655
6/12/2026,12:00,284.524
6/12/2026,18:00,284.978
6/13/2026,0:00,287.217
6/13/2026,6:00,285.698
6/13/2026,12:00,283.1
6/13/2026,18:00,285.077
6/14/2026,0:00,287.299
6/14/2026,6:00,284.201
6/14/2026,12:00,282.497
6/14/2026,18:00,284.509
6/15/2026,0:00,281.887
6/15/2026,6:00,278.236
6/15/2026,12:00,276.761
6/15/2026,18:00,279.1
6/16/2026,0:00,280.402
6/16/2026,6:00,278.48
6/16/2026,12:00,277.502
6/16/2026,18:00,280.314
6/17/2026,0:00,281.8
6/17/2026,6:00,280.308
6/17/2026,12:00,279.206
6/17/2026,18:00,282.108
6/18/2026,0:00,283.631
6/18/2026,6:00,282.488
6/18/2026,12:00,281.915
6/18/2026,18:00,283.658
6/19/2026,0:00,287.858
6/19/2026,6:00,284.965
6/19/2026,12:00,285.095
6/19/2026,18:00,286.073
6/20/2026,0:00,284.973
6/20/2026,6:00,279.884
6/20/2026,12:00,278.224
6/20/2026,18:00,280.432
6/21/2026,0:00,280.707
6/21/2026,6:00,278.648
6/21/2026,12:00,278.143
6/21/2026,18:00,280.797
6/22/2026,0:00,284.71
6/22/2026,6:00,283.011
6/22/2026,12:00,281.496
6/22/2026,18:00,281.587
6/23/2026,0:00,279.821
6/23/2026,6:00,277.633
6/23/2026,12:00,276.598
6/23/2026,18:00,278.71
6/24/2026,0:00,278.8
6/24/2026,6:00,276.849
6/24/2026,12:00,276.23
6/24/2026,18:00,278.472
6/25/2026,0:00,280.402
6/25/2026,6:00,279.611
6/25/2026,12:00,279.921
6/25/2026,18:00,281.579
6/26/2026,0:00,281.626
6/26/2026,6:00,278.981
6/26/2026,12:00,278.1
6/26/2026,18:00,280.89
6/27/2026,0:00,281.854
6/27/2026,6:00,280.79
6/27/2026,12:00,280.9
6/27/2026,18:00,283.691
6/28/2026,0:00,288.742
6/28/2026,6:00,288.709
6/28/2026,12:00,289.34
6/28/2026,18:00,288.4
6/29/2026,0:00,283.3
6/29/2026,6:00,280.701
6/29/2026,12:00,279.569
6/29/2026,18:00,281.477
6/30/2026,0:00,282.161
6/30/2026,6:00,279.897
6/30/2026,12:00,278.747
6/30/2026,18:00,280.885
7/1/2026,0:00,284.008
7/1/2026,6:00,281.95
7/1/2026,12:00,281.35
7/1/2026,18:00,283.674
7/2/2026,0:00,286.15
7/2/2026,6:00,285.401
7/2/2026,12:00,283.352
7/2/2026,18:00,283.554
7/3/2026,0:00,280.334
7/3/2026,6:00,275.843
7/3/2026,12:00,273.239
7/3/2026,18:00,275.82
7/4/2026,0:00,277.897
7/4/2026,6:00,276.12
7/4/2026,12:00,276.109
7/4/2026,18:00,278.412
7/5/2026,0:00,281.17
7/5/2026,6:00,279.6
7/5/2026,12:00,279.4
7/5/2026,18:00,281.533
7/6/2026,0:00,284.431
7/6/2026,6:00,279.967
7/6/2026,12:00,278.475
7/6/2026,18:00,280.133
7/7/2026,0:00,279.523
7/7/2026,6:00,277.358
7/7/2026,12:00,275.967
7/7/2026,18:00,278.848
7/8/2026,0:00,280.719
7/8/2026,6:00,278.9
7/8/2026,12:00,277.981
7/8/2026,18:00,280.903
7/9/2026,0:00,283.9
7/9/2026,6:00,281.451
7/9/2026,12:00,281.124
7/9/2026,18:00,284.676
7/10/2026,0:00,289.114
7/10/2026,6:00,288.522
7/10/2026,12:00,287.203
7/10/2026,18:00,288.634
7/11/2026,0:00,290.2
7/11/2026,6:00,289.036
7/11/2026,12:00,287.161
7/11/2026,18:00,287.824
7/12/2026,0:00,289.5
7/12/2026,6:00,283.664
7/12/2026,12:00,281.425
7/12/2026,18:00,282.708
7/13/2026,0:00,281.565
7/13/2026,6:00,279.3
7/13/2026,12:00,277.965
7/13/2026,18:00,280.261
7/14/2026,0:00,281.741
7/14/2026,6:00,279.795
7/14/2026,12:00,279.061
7/14/2026,18:00,281.861
7/15/2026,0:00,284.489
7/15/2026,6:00,282.419
7/15/2026,12:00,281.691
7/15/2026,18:00,284.461
7/16/2026,0:00,287.782
7/16/2026,6:00,286.828
7/16/2026,12:00,287.311
7/16/2026,18:00,291.069
7/17/2026,0:00,294.627
7/17/2026,6:00,294.182
7/17/2026,12:00,295.988
7/17/2026,18:00,297.233
7/18/2026,0:00,299.765
7/18/2026,6:00,298.085
7/18/2026,12:00,298.769
7/18/2026,18:00,299.803
7/19/2026,0:00,297.808
7/19/2026,6:00,295.227
7/19/2026,12:00,295.154
7/19/2026,18:00,293.612
7/20/2026,0:00,290.912
7/20/2026,6:00,290.711
7/20/2026,12:00,290.798
7/20/2026,18:00,291.564
7/21/2026,0:00,289.337
7/21/2026,6:00,288.196
7/21/2026,12:00,287.563
7/21/2026,18:00,288.613
7/22/2026,0:00,288.912
7/22/2026,6:00,288.063
7/22/2026,12:00,287.812
7/22/2026,18:00,288.37
7/23/2026,0:00,286.735
7/23/2026,6:00,285.449
7/23/2026,12:00,284.898
7/23/2026,18:00,285.402
7/24/2026,0:00,287.036
7/24/2026,6:00,284.51
7/24/2026,12:00,283.078
7/24/2026,18:00,284.855
7/25/2026,0:00,285.791
7/25/2026,6:00,284.602
7/25/2026,12:00,284.6
7/25/2026,18:00,287.181
7/26/2026,0:00,290.918
7/26/2026,6:00,290.675
7/26/2026,12:00,290.804
7/26/2026,18:00,291.101
7/27/2026,0:00,291.399
7/27/2026,6:00,288.601
7/27/2026,12:00,288.8
7/27/2026,18:00,291.2
7/28/2026,0:00,293.692
7/28/2026,6:00,291.451
7/28/2026,12:00,291.153
7/28/2026,18:00,292.948
7/29/2026,0:00,291.884
7/29/2026,6:00,290.536
7/29/2026,12:00,289.728
7/29/2026,18:00,289.492
7/30/2026,0:00,287.734
7/30/2026,6:00,286.454
7/30/2026,12:00,285.755
7/30/2026,18:00,286.827
7/31/2026,0:00,288.632
7/31/2026,6:00,288.283
7/31/2026,12:00,288.423
7/31/2026,18:00,293.329
8/1/2026,0:00,294.704
8/1/2026,6:00,294.217
8/1/2026,12:00,291.696
8/1/2026,18:00,288.864
8/2/2026,0:00,287.441
