"Date","Time","Minimum temperature@Specified height above ground: 2 m"
6/13/2019,6:00,292.166
6/13/2019,12:00,291.405
6/13/2019,18:00,292.721
6/14/2019,0:00,293.5
6/14/2019,6:00,292.442
6/14/2019,12:00,291.3
6/14/2019,18:00,293.3
6/15/2019,0:00,293.439
6/15/2019,6:00,292.751
6/15/2019,12:00,292.3
6/15/2019,18:00,293.4
6/16/2019,0:00,292.833
6/16/2019,6:00,292.7
6/16/2019,12:00,292.7
6/16/2019,18:00,292.89
6/17/2019,0:00,292.733
6/17/2019,6:00,291.481
6/17/2019,12:00,290.7
6/17/2019,18:00,292.865
6/18/2019,0:00,292.1
6/18/2019,6:00,290.761
6/18/2019,12:00,290.439
6/18/2019,18:00,291.688
6/19/2019,0:00,291.019
6/19/2019,6:00,288.506
6/19/2019,12:00,285.827
6/19/2019,18:00,285.414
6/20/2019,0:00,283.645
6/20/2019,6:00,282.039
6/20/2019,12:00,281
6/20/2019,18:00,283.8
6/21/2019,0:00,284.2
6/21/2019,6:00,283.425
6/21/2019,12:00,283.403
6/21/2019,18:00,287.9
6/22/2019,0:00,290.869
6/22/2019,6:00,290.111
6/22/2019,12:00,289.561
6/22/2019,18:00,291.557
6/23/2019,0:00,291.07
6/23/2019,6:00,289.478
6/23/2019,12:00,288.3
6/23/2019,18:00,290.7
6/24/2019,0:00,290.571
6/24/2019,6:00,289.153
6/24/2019,12:00,288.192
6/24/2019,18:00,290.404
6/25/2019,0:00,291.7
6/25/2019,6:00,290.633
6/25/2019,12:00,289.2
6/25/2019,18:00,291.6
6/26/2019,0:00,284.203
6/26/2019,6:00,279.652
6/26/2019,12:00,277.426
6/26/2019,18:00,278.7
6/27/2019,0:00,278.3
6/27/2019,6:00,277.93
6/27/2019,12:00,279.2
6/27/2019,18:00,284.3
6/28/2019,0:00,288.354
6/28/2019,6:00,288.505
6/28/2019,12:00,290.003
6/28/2019,18:00,292.317
6/29/2019,0:00,293.859
6/29/2019,6:00,292.96
6/29/2019,12:00,292.634
6/29/2019,18:00,293.816
6/30/2019,0:00,293.525
6/30/2019,6:00,293.34
6/30/2019,12:00,292.4
6/30/2019,18:00,292.1
7/1/2019,0:00,288.81
7/1/2019,6:00,286
7/1/2019,12:00,284
7/1/2019,18:00,283.701
7/2/2019,0:00,283.133
7/2/2019,6:00,282.215
7/2/2019,12:00,282.087
7/2/2019,18:00,283.869
7/3/2019,0:00,284.71
7/3/2019,6:00,284.533
7/3/2019,12:00,281.6
7/3/2019,18:00,282.947
7/4/2019,0:00,278.919
7/4/2019,6:00,276.615
7/4/2019,12:00,275.7
7/4/2019,18:00,278.195
7/5/2019,0:00,278.317
7/5/2019,6:00,276.112
7/5/2019,12:00,274.5
7/5/2019,18:00,276.6
7/6/2019,0:00,274.812
7/6/2019,6:00,272.94
7/6/2019,12:00,272.351
7/6/2019,18:00,275.278
7/7/2019,0:00,275.113
7/7/2019,6:00,273.376
7/7/2019,12:00,273.101
7/7/2019,18:00,276.5
7/8/2019,0:00,278.241
7/8/2019,6:00,277.725
7/8/2019,12:00,277.162
7/8/2019,18:00,280.675
7/9/2019,0:00,281.622
7/9/2019,6:00,281.175
7/9/2019,12:00,280.605
7/9/2019,18:00,283.732
7/10/2019,0:00,284.964
7/10/2019,6:00,284.146
7/10/2019,12:00,283.6
7/10/2019,18:00,286.211
7/11/2019,0:00,288.982
7/11/2019,6:00,286.919
7/11/2019,12:00,286.2
7/11/2019,18:00,288.423
7/12/2019,0:00,288.972
7/12/2019,6:00,287.923
7/12/2019,12:00,287.541
7/12/2019,18:00,289.958
7/13/2019,0:00,290.555
7/13/2019,6:00,288.581
7/13/2019,12:00,288.278
7/13/2019,18:00,290.5
7/14/2019,0:00,289.5
7/14/2019,6:00,289
7/14/2019,12:00,288.596
7/14/2019,18:00,289.3
7/15/2019,0:00,288.005
7/15/2019,6:00,285.6
7/15/2019,12:00,284.037
7/15/2019,18:00,285.3
7/16/2019,0:00,282.3
7/16/2019,6:00,279.82
7/16/2019,12:00,278.365
7/16/2019,18:00,281.078
7/17/2019,0:00,280.203
7/17/2019,6:00,279.152
7/17/2019,12:00,278.351
7/17/2019,18:00,281.806
7/18/2019,0:00,282.4
7/18/2019,6:00,282.183
7/18/2019,12:00,280.607
7/18/2019,18:00,283.812
7/19/2019,0:00,285.347
7/19/2019,6:00,285.739
7/19/2019,12:00,286.025
7/19/2019,18:00,287.748
7/20/2019,0:00,287.2
7/20/2019,6:00,286.431
7/20/2019,12:00,286.171
7/20/2019,18:00,289.041
7/21/2019,0:00,290.534
7/21/2019,6:00,289.883
7/21/2019,12:00,288.6
7/21/2019,18:00,290.267
7/22/2019,0:00,291.53
7/22/2019,6:00,290.505
7/22/2019,12:00,290.522
7/22/2019,18:00,291.295
7/23/2019,0:00,292.042
7/23/2019,6:00,292.078
7/23/2019,12:00,291.148
7/23/2019,18:00,291.962
7/24/2019,0:00,291.614
7/24/2019,6:00,289.969
7/24/2019,12:00,289.844
7/24/2019,18:00,290.259
7/25/2019,0:00,288.022
7/25/2019,6:00,287.217
7/25/2019,12:00,287.499
7/25/2019,18:00,288.271
7/26/2019,0:00,286.858
7/26/2019,6:00,285.821
7/26/2019,12:00,283.935
7/26/2019,18:00,283.5
7/27/2019,0:00,279.206
7/27/2019,6:00,278.267
7/27/2019,12:00,277.502
7/27/2019,18:00,280.867
7/28/2019,0:00,282.496
7/28/2019,6:00,280.031
7/28/2019,12:00,279.311
7/28/2019,18:00,282.47
7/29/2019,0:00,285.8
7/29/2019,6:00,285.962
7/29/2019,12:00,287.12
7/29/2019,18:00,290.9
7/30/2019,0:00,288.356
7/30/2019,6:00,287.817
7/30/2019,12:00,287
7/30/2019,18:00,289.195
7/31/2019,0:00,286.527
7/31/2019,6:00,285.2
7/31/2019,12:00,284.9
7/31/2019,18:00,288.8
8/1/2019,0:00,289.2
8/1/2019,6:00,289.2
8/1/2019,12:00,287.626
8/1/2019,18:00,291.061
8/2/2019,0:00,288.6
8/2/2019,6:00,281.5
8/2/2019,12:00,278.7
8/2/2019,18:00,279.4
8/3/2019,0:00,278.8
8/3/2019,6:00,276.494
8/3/2019,12:00,275.406
8/3/2019,18:00,279.3
8/4/2019,0:00,278.3
8/4/2019,6:00,276.4
8/4/2019,12:00,275.788
8/4/2019,18:00,280.2
8/5/2019,0:00,278.7
8/5/2019,6:00,278.3
8/5/2019,12:00,278.3
8/5/2019,18:00,282.3
8/6/2019,0:00,283.443
8/6/2019,6:00,283.695
8/6/2019,12:00,284.5
8/6/2019,18:00,288.12
8/7/2019,0:00,289.646
8/7/2019,6:00,288.916
8/7/2019,12:00,287.269
8/7/2019,18:00,290.67
8/8/2019,0:00,291.729
8/8/2019,6:00,289.759
8/8/2019,12:00,289.816
8/8/2019,18:00,292.192
8/9/2019,0:00,292.292
8/9/2019,6:00,290.393
8/9/2019,12:00,289.908
8/9/2019,18:00,292.01
8/10/2019,0:00,288.887
8/10/2019,6:00,286.157
8/10/2019,12:00,283.3
8/10/2019,18:00,283.4
8/11/2019,0:00,283.278
8/11/2019,6:00,280.157
8/11/2019,12:00,279.475
8/11/2019,18:00,283.688
8/12/2019,0:00,289.382
8/12/2019,6:00,290.115
8/12/2019,12:00,288.285
8/12/2019,18:00,290.733
8/13/2019,0:00,288.108
8/13/2019,6:00,282.91
8/13/2019,12:00,277.824
8/13/2019,18:00,279.8
8/14/2019,0:00,277.1
8/14/2019,6:00,275
8/14/2019,12:00,274.4
8/14/2019,18:00,277.9
8/15/2019,0:00,280.1
8/15/2019,6:00,279.359
8/15/2019,12:00,279.032
8/15/2019,18:00,282.112
8/16/2019,0:00,285.3
8/16/2019,6:00,285.824
8/16/2019,12:00,286
8/16/2019,18:00,290.1
8/17/2019,0:00,291.758
8/17/2019,6:00,289.1
8/17/2019,12:00,287.678
8/17/2019,18:00,290.495
8/18/2019,0:00,292.262
8/18/2019,6:00,291.377
8/18/2019,12:00,289.661
8/18/2019,18:00,289.775
8/19/2019,0:00,283.834
8/19/2019,6:00,280.314
8/19/2019,12:00,278.482
8/19/2019,18:00,280.797
8/20/2019,0:00,280.6
8/20/2019,6:00,278.086
8/20/2019,12:00,277.881
8/20/2019,18:00,281.726
8/21/2019,0:00,281.553
8/21/2019,6:00,278.9
8/21/2019,12:00,277.966
8/21/2019,18:00,282.8
8/22/2019,0:00,282.715
8/22/2019,6:00,280.986
8/22/2019,12:00,280.454
8/22/2019,18:00,285.964
8/23/2019,0:00,285.754
8/23/2019,6:00,282.232
8/23/2019,12:00,279.873
8/23/2019,18:00,283.754
8/24/2019,0:00,282.762
8/24/2019,6:00,281.035
8/24/2019,12:00,280.4
8/24/2019,18:00,285.869
8/25/2019,0:00,286.78
8/25/2019,6:00,285.291
8/25/2019,12:00,283.818
8/25/2019,18:00,286.7
8/26/2019,0:00,287.888
8/26/2019,6:00,287.593
8/26/2019,12:00,285.6
8/26/2019,18:00,287.278
8/27/2019,0:00,289.035
8/27/2019,6:00,287.4
8/27/2019,12:00,287.1
8/27/2019,18:00,292.041
8/28/2019,0:00,289.1
8/28/2019,6:00,287.6
8/28/2019,12:00,287.1
8/28/2019,18:00,291.928
8/29/2019,0:00,291.1
8/29/2019,6:00,289.7
8/29/2019,12:00,289.2
8/29/2019,18:00,293.2
8/30/2019,0:00,293.1
8/30/2019,6:00,291.484
8/30/2019,12:00,289.9
8/30/2019,18:00,294.134
8/31/2019,0:00,295.5
8/31/2019,6:00,290.601
8/31/2019,12:00,289.277
8/31/2019,18:00,288.819
9/1/2019,0:00,287.2
9/1/2019,6:00,283.696
9/1/2019,12:00,281.2
9/1/2019,18:00,284.499
9/2/2019,0:00,281.505
9/2/2019,6:00,278.717
9/2/2019,12:00,277.681
9/2/2019,18:00,283.479
9/3/2019,0:00,282.042
9/3/2019,6:00,279.733
9/3/2019,12:00,279.016
9/3/2019,18:00,285.281
9/4/2019,0:00,282.539
9/4/2019,6:00,279.925
9/4/2019,12:00,278.7
9/4/2019,18:00,283.4
9/5/2019,0:00,280.4
9/5/2019,6:00,278.685
9/5/2019,12:00,278.115
9/5/2019,18:00,281.229
9/6/2019,0:00,285.661
9/6/2019,6:00,286.116
9/6/2019,12:00,285.151
9/6/2019,18:00,288.8
9/7/2019,0:00,292.559
9/7/2019,6:00,290.819
9/7/2019,12:00,290.178
9/7/2019,18:00,293.448
9/8/2019,0:00,294.7
9/8/2019,6:00,294.655
9/8/2019,12:00,293.3
9/8/2019,18:00,296.103
9/9/2019,0:00,296.928
9/9/2019,6:00,296.546
9/9/2019,12:00,294.934
9/9/2019,18:00,296.8
9/10/2019,0:00,292.511
9/10/2019,6:00,291.853
9/10/2019,12:00,289.981
9/10/2019,18:00,293.267
9/11/2019,0:00,291.4
9/11/2019,6:00,290.215
9/11/2019,12:00,290.348
9/11/2019,18:00,295.1
9/12/2019,0:00,291.159
9/12/2019,6:00,289.103
9/12/2019,12:00,288.136
9/12/2019,18:00,288.471
9/13/2019,0:00,286.149
9/13/2019,6:00,284.245
9/13/2019,12:00,282.668
9/13/2019,18:00,286.5
9/14/2019,0:00,286.719
9/14/2019,6:00,286.918
9/14/2019,12:00,287.434
9/14/2019,18:00,293.325
9/15/2019,0:00,293.143
9/15/2019,6:00,291.983
9/15/2019,12:00,291.9
9/15/2019,18:00,297.034
9/16/2019,0:00,297.242
9/16/2019,6:00,295.59
9/16/2019,12:00,294.646
9/16/2019,18:00,298.5
9/17/2019,0:00,294.7
9/17/2019,6:00,289.218
9/17/2019,12:00,287.702
9/17/2019,18:00,289.516
9/18/2019,0:00,288.356
9/18/2019,6:00,286.895
9/18/2019,12:00,284.642
9/18/2019,18:00,284.188
9/19/2019,0:00,284.512
9/19/2019,6:00,284.381
9/19/2019,12:00,284.438
9/19/2019,18:00,292.211
9/20/2019,0:00,289.485
9/20/2019,6:00,286.209
9/20/2019,12:00,284.632
9/20/2019,18:00,288.716
9/21/2019,0:00,285.254
9/21/2019,6:00,281.419
9/21/2019,12:00,279.346
9/21/2019,18:00,285.573
9/22/2019,0:00,282.4
9/22/2019,6:00,280.258
9/22/2019,12:00,279.6
9/22/2019,18:00,286.9
9/23/2019,0:00,284.2
9/23/2019,6:00,281.429
9/23/2019,12:00,281.023
9/23/2019,18:00,286.969
9/24/2019,0:00,286.7
9/24/2019,6:00,285.843
9/24/2019,12:00,285.006
9/24/2019,18:00,289.4
9/25/2019,0:00,287.242
9/25/2019,6:00,285.031
9/25/2019,12:00,284.4
9/25/2019,18:00,291.223
9/26/2019,0:00,286.962
9/26/2019,6:00,285.011
9/26/2019,12:00,284.372
9/26/2019,18:00,291.6
9/27/2019,0:00,287.308
9/27/2019,6:00,285.638
9/27/2019,12:00,284.6
9/27/2019,18:00,291.052
9/28/2019,0:00,287.816
9/28/2019,6:00,284.848
9/28/2019,12:00,284.736
9/28/2019,18:00,292.618
9/29/2019,0:00,291.786
9/29/2019,6:00,289.99
9/29/2019,12:00,288.97
9/29/2019,18:00,296
9/30/2019,0:00,291.715
9/30/2019,6:00,290.402
9/30/2019,12:00,290.282
9/30/2019,18:00,296
10/1/2019,0:00,296.56
10/1/2019,6:00,293.033
10/1/2019,12:00,292.474
10/1/2019,18:00,297.3
10/2/2019,0:00,298.169
10/2/2019,6:00,298.116
10/2/2019,12:00,295.772
10/2/2019,18:00,291.595
10/3/2019,0:00,291.426
10/3/2019,6:00,289.427
10/3/2019,12:00,289.18
10/3/2019,18:00,292.049
10/4/2019,0:00,292.301
10/4/2019,6:00,292.386
10/4/2019,12:00,292.752
10/4/2019,18:00,293.125
10/5/2019,0:00,293.282
10/5/2019,6:00,291.458
10/5/2019,12:00,291.019
10/5/2019,18:00,289.153
10/6/2019,0:00,287.88
10/6/2019,6:00,287.523
10/6/2019,12:00,287.4
10/6/2019,18:00,288.862
10/7/2019,0:00,287.678
10/7/2019,6:00,285.682
10/7/2019,12:00,285.311
10/7/2019,18:00,292.306
10/8/2019,0:00,289.568
10/8/2019,6:00,287.353
10/8/2019,12:00,286.991
10/8/2019,18:00,293.959
10/9/2019,0:00,289.766
10/9/2019,6:00,287.366
10/9/2019,12:00,286.968
10/9/2019,18:00,294.564
10/10/2019,0:00,291.322
10/10/2019,6:00,290.01
10/10/2019,12:00,289.925
10/10/2019,18:00,296.396
10/11/2019,0:00,294.447
10/11/2019,6:00,291.982
10/11/2019,12:00,291.162
10/11/2019,18:00,298.003
10/12/2019,0:00,297.384
10/12/2019,6:00,294.784
10/12/2019,12:00,294.657
10/12/2019,18:00,300.968
10/13/2019,0:00,298.1
10/13/2019,6:00,296.629
10/13/2019,12:00,295.254
10/13/2019,18:00,295.159
10/14/2019,0:00,294.081
10/14/2019,6:00,293.319
10/14/2019,12:00,292.015
10/14/2019,18:00,293.165
10/15/2019,0:00,288.22
10/15/2019,6:00,287.389
10/15/2019,12:00,287.951
10/15/2019,18:00,291.433
10/16/2019,0:00,292.191
10/16/2019,6:00,290.845
10/16/2019,12:00,289.56
10/16/2019,18:00,293.307
10/17/2019,0:00,291.823
10/17/2019,6:00,290.92
10/17/2019,12:00,290.846
10/17/2019,18:00,295.944
10/18/2019,0:00,293.535
10/18/2019,6:00,291.408
10/18/2019,12:00,291.234
10/18/2019,18:00,292.707
10/19/2019,0:00,291.071
10/19/2019,6:00,289.433
10/19/2019,12:00,289.291
10/19/2019,18:00,291.158
10/20/2019,0:00,288.08
10/20/2019,6:00,284.784
10/20/2019,12:00,283.892
10/20/2019,18:00,289.506
10/21/2019,0:00,289.21
10/21/2019,6:00,287.903
10/21/2019,12:00,287.966
10/21/2019,18:00,289.991
10/22/2019,0:00,287.761
10/22/2019,6:00,284.606
10/22/2019,12:00,283.11
10/22/2019,18:00,287.248
10/23/2019,0:00,287.204
10/23/2019,6:00,285.429
10/23/2019,12:00,284.824
10/23/2019,18:00,291.81
10/24/2019,0:00,290.496
10/24/2019,6:00,288.087
10/24/2019,12:00,287.327
10/24/2019,18:00,294.678
10/25/2019,0:00,289.396
10/25/2019,6:00,286.876
10/25/2019,12:00,286.031
10/25/2019,18:00,292.991
10/26/2019,0:00,289.782
10/26/2019,6:00,287.381
10/26/2019,12:00,287.369
10/26/2019,18:00,296.123
10/27/2019,0:00,296.653
10/27/2019,6:00,294.73
10/27/2019,12:00,294.334
10/27/2019,18:00,292.672
10/28/2019,0:00,291.789
10/28/2019,6:00,291.92
10/28/2019,12:00,291.937
10/28/2019,18:00,296.939
10/29/2019,0:00,297.462
10/29/2019,6:00,295.881
10/29/2019,12:00,294.835
10/29/2019,18:00,300.944
10/30/2019,0:00,299.701
10/30/2019,6:00,296.042
10/30/2019,12:00,296.45
10/30/2019,18:00,302.182
10/31/2019,0:00,298.818
10/31/2019,6:00,295.51
10/31/2019,12:00,293.829
10/31/2019,18:00,294.072
11/1/2019,0:00,294.073
11/1/2019,6:00,291.804
11/1/2019,12:00,291.533
11/1/2019,18:00,297.476
11/2/2019,0:00,297.148
11/2/2019,6:00,294.895
11/2/2019,12:00,293.671
11/2/2019,18:00,298.506
11/3/2019,0:00,295.873
11/3/2019,6:00,293.568
11/3/2019,12:00,293.483
11/3/2019,18:00,294.542
11/4/2019,0:00,292.88
11/4/2019,6:00,292.674
11/4/2019,12:00,292.657
11/4/2019,18:00,294.355
11/5/2019,0:00,296.205
11/5/2019,6:00,293.302
11/5/2019,12:00,292.652
11/5/2019,18:00,293.646
11/6/2019,0:00,292.618
11/6/2019,6:00,287.991
11/6/2019,12:00,287.575
11/6/2019,18:00,293.051
11/7/2019,0:00,294.325
11/7/2019,6:00,293.138
11/7/2019,12:00,292.951
11/7/2019,18:00,295.461
11/8/2019,0:00,294.17
11/8/2019,6:00,292.226
11/8/2019,12:00,291.63
11/8/2019,18:00,296.546
11/9/2019,0:00,295.269
11/9/2019,6:00,292.759
11/9/2019,12:00,292.905
11/9/2019,18:00,297.683
11/10/2019,0:00,295.869
11/10/2019,6:00,293.806
11/10/2019,12:00,292.851
11/10/2019,18:00,295.83
11/11/2019,0:00,293.609
11/11/2019,6:00,291.146
11/11/2019,12:00,290.661
11/11/2019,18:00,295.166
11/12/2019,0:00,294.322
11/12/2019,6:00,292.174
11/12/2019,12:00,291.308
11/12/2019,18:00,295.961
11/13/2019,0:00,295.846
11/13/2019,6:00,293.855
11/13/2019,12:00,292.67
11/13/2019,18:00,292.03
11/14/2019,0:00,292.012
11/14/2019,6:00,292.386
11/14/2019,12:00,292.195
11/14/2019,18:00,292.292
11/15/2019,0:00,292.566
11/15/2019,6:00,290.141
11/15/2019,12:00,289.231
11/15/2019,18:00,294.58
11/16/2019,0:00,290.033
11/16/2019,6:00,287.15
11/16/2019,12:00,286.241
11/16/2019,18:00,292.301
11/17/2019,0:00,290.554
11/17/2019,6:00,287.568
11/17/2019,12:00,287.317
11/17/2019,18:00,294.62
11/18/2019,0:00,293.476
11/18/2019,6:00,290.69
11/18/2019,12:00,290.518
11/18/2019,18:00,296.913
11/19/2019,0:00,296.11
11/19/2019,6:00,293.812
11/19/2019,12:00,292.938
11/19/2019,18:00,298.554
11/20/2019,0:00,294.368
11/20/2019,6:00,293.738
11/20/2019,12:00,293.259
11/20/2019,18:00,298.53
11/21/2019,0:00,297.89
11/21/2019,6:00,294.938
11/21/2019,12:00,293.841
11/21/2019,18:00,297.888
11/22/2019,0:00,297.18
11/22/2019,6:00,295.42
11/22/2019,12:00,294.217
11/22/2019,18:00,299.504
11/23/2019,0:00,294.028
11/23/2019,6:00,292.892
11/23/2019,12:00,291.318
11/23/2019,18:00,295.083
11/24/2019,0:00,289.909
11/24/2019,6:00,286.372
11/24/2019,12:00,285.51
11/24/2019,18:00,291.831
11/25/2019,0:00,293.404
11/25/2019,6:00,291.185
11/25/2019,12:00,290.674
11/25/2019,18:00,295.552
11/26/2019,0:00,296.663
11/26/2019,6:00,294.509
11/26/2019,12:00,293.7
11/26/2019,18:00,294.153
11/27/2019,0:00,293.497
11/27/2019,6:00,291.922
11/27/2019,12:00,292
11/27/2019,18:00,293.098
11/28/2019,0:00,291.868
11/28/2019,6:00,288.644
11/28/2019,12:00,286.945
11/28/2019,18:00,292.142
11/29/2019,0:00,290.143
11/29/2019,6:00,289.04
11/29/2019,12:00,289.152
11/29/2019,18:00,294.896
11/30/2019,0:00,296.349
11/30/2019,6:00,293.815
11/30/2019,12:00,293.607
11/30/2019,18:00,299.902
12/1/2019,0:00,296.993
12/1/2019,6:00,294.271
12/1/2019,12:00,292.633
12/1/2019,18:00,295.14
12/2/2019,0:00,291.994
12/2/2019,6:00,288.267
12/2/2019,12:00,286.88
12/2/2019,18:00,292
12/3/2019,0:00,289.79
12/3/2019,6:00,287.564
12/3/2019,12:00,287.525
12/3/2019,18:00,295.121
12/4/2019,0:00,295.712
12/4/2019,6:00,293.247
12/4/2019,12:00,292.504
12/4/2019,18:00,298.299
12/5/2019,0:00,295.149
12/5/2019,6:00,290.497
12/5/2019,12:00,289.634
12/5/2019,18:00,293.67
12/6/2019,0:00,290.948
12/6/2019,6:00,286.945
12/6/2019,12:00,286.079
12/6/2019,18:00,292.539
12/7/2019,0:00,290.9
12/7/2019,6:00,289.049
12/7/2019,12:00,288.264
12/7/2019,18:00,296.246
12/8/2019,0:00,292.721
12/8/2019,6:00,290.179
12/8/2019,12:00,289.5
12/8/2019,18:00,297.813
12/9/2019,0:00,294.925
12/9/2019,6:00,291.173
12/9/2019,12:00,291.318
12/9/2019,18:00,295.999
12/10/2019,0:00,293.684
12/10/2019,6:00,291.98
12/10/2019,12:00,291.056
12/10/2019,18:00,298.356
12/11/2019,0:00,296.124
12/11/2019,6:00,293.386
12/11/2019,12:00,293.054
12/11/2019,18:00,299.883
12/12/2019,0:00,297.575
12/12/2019,6:00,294.515
12/12/2019,12:00,293.801
12/12/2019,18:00,294.993
12/13/2019,0:00,295.387
12/13/2019,6:00,291.89
12/13/2019,12:00,289.87
12/13/2019,18:00,294.747
12/14/2019,0:00,294.121
12/14/2019,6:00,290.994
12/14/2019,12:00,291.244
12/14/2019,18:00,298.544
12/15/2019,0:00,296.268
12/15/2019,6:00,294.717
12/15/2019,12:00,294.189
12/15/2019,18:00,299.278
12/16/2019,0:00,290.8
12/16/2019,6:00,290.679
12/16/2019,12:00,290.192
12/16/2019,18:00,292.892
12/17/2019,0:00,292.515
12/17/2019,6:00,289.86
12/17/2019,12:00,289.13
12/17/2019,18:00,294.535
12/18/2019,0:00,292.901
12/18/2019,6:00,289.202
12/18/2019,12:00,288.455
12/18/2019,18:00,294.274
12/19/2019,0:00,294.464
12/19/2019,6:00,291.634
12/19/2019,12:00,291.095
12/19/2019,18:00,296.694
12/20/2019,0:00,295.484
12/20/2019,6:00,293.82
12/20/2019,12:00,293.316
12/20/2019,18:00,298.817
12/21/2019,0:00,297.429
12/21/2019,6:00,293.549
12/21/2019,12:00,292.516
12/21/2019,18:00,292.334
12/22/2019,0:00,291.255
12/22/2019,6:00,287.235
12/22/2019,12:00,285.914
12/22/2019,18:00,291.044
12/23/2019,0:00,288.961
12/23/2019,6:00,286.345
12/23/2019,12:00,285.346
12/23/2019,18:00,292.553
12/24/2019,0:00,290.764
12/24/2019,6:00,288.1
12/24/2019,12:00,287.308
12/24/2019,18:00,295.406
12/25/2019,0:00,293.593
12/25/2019,6:00,291.65
12/25/2019,12:00,290.486
12/25/2019,18:00,298.433
12/26/2019,0:00,297.63
12/26/2019,6:00,295.116
12/26/2019,12:00,295.157
12/26/2019,18:00,301.557
12/27/2019,0:00,294.202
12/27/2019,6:00,294.613
12/27/2019,12:00,294.345
12/27/2019,18:00,299.982
12/28/2019,0:00,295.701
12/28/2019,6:00,296.034
12/28/2019,12:00,295.158
12/28/2019,18:00,299.877
12/29/2019,0:00,300.13
12/29/2019,6:00,296.783
12/29/2019,12:00,295.53
12/29/2019,18:00,301.731
12/30/2019,0:00,298.81
12/30/2019,6:00,296.246
12/30/2019,12:00,294.979
12/30/2019,18:00,301.486
12/31/2019,0:00,297.411
12/31/2019,6:00,295.486
12/31/2019,12:00,295.151
12/31/2019,18:00,300.634
1/1/2020,0:00,296.144
1/1/2020,6:00,295.009
1/1/2020,12:00,293.744
1/1/2020,18:00,298.865
1/2/2020,0:00,295.853
1/2/2020,6:00,292.903
1/2/2020,12:00,292.212
1/2/2020,18:00,294.663
1/3/2020,0:00,294.105
1/3/2020,6:00,290.403
1/3/2020,12:00,289.732
1/3/2020,18:00,294.105
1/4/2020,0:00,293.934
1/4/2020,6:00,291.969
1/4/2020,12:00,290.426
1/4/2020,18:00,294.561
1/5/2020,0:00,293.722
1/5/2020,6:00,291.442
1/5/2020,12:00,290.142
1/5/2020,18:00,296.111
1/6/2020,0:00,294.981
1/6/2020,6:00,293.143
1/6/2020,12:00,293.169
1/6/2020,18:00,299.011
1/7/2020,0:00,297.376
1/7/2020,6:00,293.377
1/7/2020,12:00,292.664
1/7/2020,18:00,297.385
1/8/2020,0:00,295.351
1/8/2020,6:00,291.856
1/8/2020,12:00,291.226
1/8/2020,18:00,299.368
1/9/2020,0:00,297.57
1/9/2020,6:00,295.487
1/9/2020,12:00,294.982
1/9/2020,18:00,300.6
1/10/2020,0:00,297.454
1/10/2020,6:00,295.595
1/10/2020,12:00,295.008
1/10/2020,18:00,299.176
1/11/2020,0:00,297.508
1/11/2020,6:00,295.075
1/11/2020,12:00,294.573
1/11/2020,18:00,299.497
1/12/2020,0:00,297.002
1/12/2020,6:00,293.306
1/12/2020,12:00,292.616
1/12/2020,18:00,298.981
1/13/2020,0:00,297.072
1/13/2020,6:00,295.029
1/13/2020,12:00,294.326
1/13/2020,18:00,299.062
1/14/2020,0:00,296.641
1/14/2020,6:00,292.641
1/14/2020,12:00,292.481
1/14/2020,18:00,296.08
1/15/2020,0:00,295.694
1/15/2020,6:00,294.348
1/15/2020,12:00,293.694
1/15/2020,18:00,297.131
1/16/2020,0:00,297.268
1/16/2020,6:00,293.363
1/16/2020,12:00,293.382
1/16/2020,18:00,293.945
1/17/2020,0:00,292.846
1/17/2020,6:00,287.226
1/17/2020,12:00,286.192
1/17/2020,18:00,290.258
1/18/2020,0:00,292.62
1/18/2020,6:00,290.803
1/18/2020,12:00,290.59
1/18/2020,18:00,295.553
1/19/2020,0:00,295.444
1/19/2020,6:00,292.741
1/19/2020,12:00,291.912
1/19/2020,18:00,297.182
1/20/2020,0:00,296.63
1/20/2020,6:00,293.667
1/20/2020,12:00,292.713
1/20/2020,18:00,297.172
1/21/2020,0:00,297.125
1/21/2020,6:00,295.064
1/21/2020,12:00,293.935
1/21/2020,18:00,293.979
1/22/2020,0:00,292.851
1/22/2020,6:00,292.353
1/22/2020,12:00,292.054
1/22/2020,18:00,289.808
1/23/2020,0:00,288.266
1/23/2020,6:00,288.07
1/23/2020,12:00,288.987
1/23/2020,18:00,291.344
1/24/2020,0:00,292.769
1/24/2020,6:00,288.581
1/24/2020,12:00,286.673
1/24/2020,18:00,293.031
1/25/2020,0:00,291.853
1/25/2020,6:00,288.35
1/25/2020,12:00,287.434
1/25/2020,18:00,295.028
1/26/2020,0:00,291.923
1/26/2020,6:00,289.427
1/26/2020,12:00,288.622
1/26/2020,18:00,296.46
1/27/2020,0:00,294.414
1/27/2020,6:00,292.698
1/27/2020,12:00,292.552
1/27/2020,18:00,297.673
1/28/2020,0:00,294.971
1/28/2020,6:00,291.574
1/28/2020,12:00,290.625
1/28/2020,18:00,296.128
1/29/2020,0:00,294.905
1/29/2020,6:00,293.317
1/29/2020,12:00,294.085
1/29/2020,18:00,295.283
1/30/2020,0:00,294.98
1/30/2020,6:00,292.518
1/30/2020,12:00,292.535
1/30/2020,18:00,294.255
1/31/2020,0:00,293.396
1/31/2020,6:00,291.618
1/31/2020,12:00,290.502
1/31/2020,18:00,294.56
2/1/2020,0:00,292.44
2/1/2020,6:00,290.364
2/1/2020,12:00,289.938
2/1/2020,18:00,296.47
2/2/2020,0:00,294.351
2/2/2020,6:00,291.651
2/2/2020,12:00,291.372
2/2/2020,18:00,297.38
2/3/2020,0:00,295.126
2/3/2020,6:00,291.601
2/3/2020,12:00,291.479
2/3/2020,18:00,297.031
2/4/2020,0:00,295.494
2/4/2020,6:00,293.125
2/4/2020,12:00,291.278
2/4/2020,18:00,295.181
2/5/2020,0:00,295.859
2/5/2020,6:00,293.905
2/5/2020,12:00,292.799
2/5/2020,18:00,297.122
2/6/2020,0:00,295.794
2/6/2020,6:00,293.849
2/6/2020,12:00,291.758
2/6/2020,18:00,297.172
2/7/2020,0:00,296.128
2/7/2020,6:00,293.458
2/7/2020,12:00,292.421
2/7/2020,18:00,297.774
2/8/2020,0:00,296.75
2/8/2020,6:00,295.293
2/8/2020,12:00,292.994
2/8/2020,18:00,298.114
2/9/2020,0:00,294.257
2/9/2020,6:00,294.048
2/9/2020,12:00,292.464
2/9/2020,18:00,295.634
2/10/2020,0:00,294.129
2/10/2020,6:00,289.319
2/10/2020,12:00,288.281
2/10/2020,18:00,293.211
2/11/2020,0:00,292.014
2/11/2020,6:00,288.399
2/11/2020,12:00,287.841
2/11/2020,18:00,293.548
2/12/2020,0:00,292.779
2/12/2020,6:00,288.892
2/12/2020,12:00,289.19
2/12/2020,18:00,294.065
2/13/2020,0:00,292.43
2/13/2020,6:00,290.473
2/13/2020,12:00,290.191
2/13/2020,18:00,294.163
2/14/2020,0:00,294.85
2/14/2020,6:00,293.446
2/14/2020,12:00,292.236
2/14/2020,18:00,296.517
2/15/2020,0:00,294.531
2/15/2020,6:00,293.072
2/15/2020,12:00,293.526
2/15/2020,18:00,293.969
2/16/2020,0:00,295.541
2/16/2020,6:00,294.093
2/16/2020,12:00,293.496
2/16/2020,18:00,297.784
2/17/2020,0:00,295.023
2/17/2020,6:00,294.782
2/17/2020,12:00,294.341
2/17/2020,18:00,298.983
2/18/2020,0:00,297.229
2/18/2020,6:00,295.761
2/18/2020,12:00,295.508
2/18/2020,18:00,294.821
2/19/2020,0:00,293.452
2/19/2020,6:00,292.786
2/19/2020,12:00,291.12
2/19/2020,18:00,295.276
2/20/2020,0:00,293.43
2/20/2020,6:00,290.192
2/20/2020,12:00,289.363
2/20/2020,18:00,294.85
2/21/2020,0:00,293.062
2/21/2020,6:00,287.919
2/21/2020,12:00,285.917
2/21/2020,18:00,289.887
2/22/2020,0:00,286.819
2/22/2020,6:00,283.575
2/22/2020,12:00,280.707
2/22/2020,18:00,287.144
2/23/2020,0:00,285.942
2/23/2020,6:00,285.071
2/23/2020,12:00,283.375
2/23/2020,18:00,290.569
2/24/2020,0:00,292.241
2/24/2020,6:00,290.091
2/24/2020,12:00,289.307
2/24/2020,18:00,294.581
2/25/2020,0:00,294.711
2/25/2020,6:00,293.139
2/25/2020,12:00,292.665
2/25/2020,18:00,295.308
2/26/2020,0:00,292.555
2/26/2020,6:00,291.185
2/26/2020,12:00,288.416
2/26/2020,18:00,292.707
2/27/2020,0:00,289.417
2/27/2020,6:00,286.52
2/27/2020,12:00,285.821
2/27/2020,18:00,292.282
2/28/2020,0:00,289.807
2/28/2020,6:00,287.491
2/28/2020,12:00,286.463
2/28/2020,18:00,293.463
2/29/2020,0:00,291.053
2/29/2020,6:00,288.582
2/29/2020,12:00,287.562
2/29/2020,18:00,294.533
3/1/2020,0:00,292.192
3/1/2020,6:00,288.836
3/1/2020,12:00,287.333
3/1/2020,18:00,294.074
3/2/2020,0:00,291.774
3/2/2020,6:00,290.59
3/2/2020,12:00,288.931
3/2/2020,18:00,293.735
3/3/2020,0:00,293.582
3/3/2020,6:00,290.931
3/3/2020,12:00,288.181
3/3/2020,18:00,294.286
3/4/2020,0:00,293.054
3/4/2020,6:00,289.65
3/4/2020,12:00,288.205
3/4/2020,18:00,295.68
3/5/2020,0:00,292.937
3/5/2020,6:00,288.107
3/5/2020,12:00,286.559
3/5/2020,18:00,293.34
3/6/2020,0:00,292.748
3/6/2020,6:00,288.202
3/6/2020,12:00,288.146
3/6/2020,18:00,295.362
3/7/2020,0:00,293.97
3/7/2020,6:00,291.291
3/7/2020,12:00,290.136
3/7/2020,18:00,296.107
3/8/2020,0:00,294.086
3/8/2020,6:00,290.757
3/8/2020,12:00,290.125
3/8/2020,18:00,296.438
3/9/2020,0:00,296.025
3/9/2020,6:00,292.593
3/9/2020,12:00,290.967
3/9/2020,18:00,298.482
3/10/2020,0:00,296.528
3/10/2020,6:00,292.816
3/10/2020,12:00,291.356
3/10/2020,18:00,299.148
3/11/2020,0:00,297.194
3/11/2020,6:00,293.378
3/11/2020,12:00,292.393
3/11/2020,18:00,299.037
3/12/2020,0:00,297.332
3/12/2020,6:00,294.444
3/12/2020,12:00,293.56
3/12/2020,18:00,298.094
3/13/2020,0:00,298.045
3/13/2020,6:00,295.635
3/13/2020,12:00,294.642
3/13/2020,18:00,301.766
3/14/2020,0:00,299.576
3/14/2020,6:00,295.274
3/14/2020,12:00,294.651
3/14/2020,18:00,301.245
3/15/2020,0:00,300.355
3/15/2020,6:00,294.923
3/15/2020,12:00,293.852
3/15/2020,18:00,300.957
3/16/2020,0:00,294.993
3/16/2020,6:00,293.087
3/16/2020,12:00,292.034
3/16/2020,18:00,297.091
3/17/2020,0:00,293.381
3/17/2020,6:00,291.764
3/17/2020,12:00,291.417
3/17/2020,18:00,299.355
3/18/2020,0:00,298.616
3/18/2020,6:00,296.653
3/18/2020,12:00,295.382
3/18/2020,18:00,298.822
3/19/2020,0:00,293
3/19/2020,6:00,293.312
3/19/2020,12:00,293.605
3/19/2020,18:00,294.7
3/20/2020,0:00,293.4
3/20/2020,6:00,286.415
3/20/2020,12:00,284.7
3/20/2020,18:00,291.85
3/21/2020,0:00,290.189
3/21/2020,6:00,286.851
3/21/2020,12:00,285.7
3/21/2020,18:00,293.947
3/22/2020,0:00,292.4
3/22/2020,6:00,288.869
3/22/2020,12:00,287.539
3/22/2020,18:00,295.812
3/23/2020,0:00,293.719
3/23/2020,6:00,290.396
3/23/2020,12:00,290.394
3/23/2020,18:00,296.707
3/24/2020,0:00,295.6
3/24/2020,6:00,292.857
3/24/2020,12:00,290.386
3/24/2020,18:00,295.466
3/25/2020,0:00,293.899
3/25/2020,6:00,290.495
3/25/2020,12:00,289.968
3/25/2020,18:00,295.828
3/26/2020,0:00,294.843
3/26/2020,6:00,290.945
3/26/2020,12:00,289.698
3/26/2020,18:00,296.571
3/27/2020,0:00,294.911
3/27/2020,6:00,291.342
3/27/2020,12:00,289.826
3/27/2020,18:00,296.266
3/28/2020,0:00,294.997
3/28/2020,6:00,294.382
3/28/2020,12:00,291.972
3/28/2020,18:00,296.284
3/29/2020,0:00,292.292
3/29/2020,6:00,291.787
3/29/2020,12:00,291.002
3/29/2020,18:00,295.343
3/30/2020,0:00,294.899
3/30/2020,6:00,293.143
3/30/2020,12:00,291.947
3/30/2020,18:00,297.886
3/31/2020,0:00,295.65
3/31/2020,6:00,294.028
3/31/2020,12:00,292.589
3/31/2020,18:00,298.932
4/1/2020,0:00,296.112
4/1/2020,6:00,292.884
4/1/2020,12:00,292.889
4/1/2020,18:00,297.943
4/2/2020,0:00,296.9
4/2/2020,6:00,294.698
4/2/2020,12:00,292.58
4/2/2020,18:00,292.823
4/3/2020,0:00,287.501
4/3/2020,6:00,283.935
4/3/2020,12:00,282.128
4/3/2020,18:00,286.2
4/4/2020,0:00,286.369
4/4/2020,6:00,284.821
4/4/2020,12:00,283.944
4/4/2020,18:00,290.005
4/5/2020,0:00,288.527
4/5/2020,6:00,286.571
4/5/2020,12:00,286.061
4/5/2020,18:00,292.336
4/6/2020,0:00,294.173
4/6/2020,6:00,293.017
4/6/2020,12:00,289.232
4/6/2020,18:00,289.001
4/7/2020,0:00,290.242
4/7/2020,6:00,286.284
4/7/2020,12:00,283.204
4/7/2020,18:00,286.627
4/8/2020,0:00,284.2
4/8/2020,6:00,281.362
4/8/2020,12:00,280.305
4/8/2020,18:00,285.584
4/9/2020,0:00,283.911
4/9/2020,6:00,281.614
4/9/2020,12:00,280.872
4/9/2020,18:00,286.741
4/10/2020,0:00,285.444
4/10/2020,6:00,283.243
4/10/2020,12:00,282.658
4/10/2020,18:00,287.845
4/11/2020,0:00,286.4
4/11/2020,6:00,283.926
4/11/2020,12:00,283.148
4/11/2020,18:00,288.698
4/12/2020,0:00,287.631
4/12/2020,6:00,285.236
4/12/2020,12:00,284.2
4/12/2020,18:00,290.668
4/13/2020,0:00,290.362
4/13/2020,6:00,288.402
4/13/2020,12:00,287.315
4/13/2020,18:00,292.539
4/14/2020,0:00,291.039
4/14/2020,6:00,287.061
4/14/2020,12:00,284.422
4/14/2020,18:00,285.69
4/15/2020,0:00,283.201
4/15/2020,6:00,281.061
4/15/2020,12:00,279.84
4/15/2020,18:00,285.078
4/16/2020,0:00,284.005
4/16/2020,6:00,281.779
4/16/2020,12:00,280.668
4/16/2020,18:00,286.134
4/17/2020,0:00,284.842
4/17/2020,6:00,283.488
4/17/2020,12:00,283.18
4/17/2020,18:00,288.493
4/18/2020,0:00,287.908
4/18/2020,6:00,286.027
4/18/2020,12:00,284.502
4/18/2020,18:00,289.38
4/19/2020,0:00,289.849
4/19/2020,6:00,287.489
4/19/2020,12:00,286.729
4/19/2020,18:00,291.287
4/20/2020,0:00,290.277
4/20/2020,6:00,287.828
4/20/2020,12:00,286.677
4/20/2020,18:00,291.963
4/21/2020,0:00,291.622
4/21/2020,6:00,288.919
4/21/2020,12:00,287.849
4/21/2020,18:00,293.574
4/22/2020,0:00,291.624
4/22/2020,6:00,288.983
4/22/2020,12:00,287.834
4/22/2020,18:00,293.435
4/23/2020,0:00,291.576
4/23/2020,6:00,289.393
4/23/2020,12:00,288.305
4/23/2020,18:00,293.61
4/24/2020,0:00,292.672
4/24/2020,6:00,290.321
4/24/2020,12:00,289.362
4/24/2020,18:00,292.988
4/25/2020,0:00,292.094
4/25/2020,6:00,289.407
4/25/2020,12:00,288.588
4/25/2020,18:00,294.455
4/26/2020,0:00,295.494
4/26/2020,6:00,294.143
4/26/2020,12:00,292.88
4/26/2020,18:00,296.529
4/27/2020,0:00,294.564
4/27/2020,6:00,292.245
4/27/2020,12:00,291.921
4/27/2020,18:00,295.489
4/28/2020,0:00,294.663
4/28/2020,6:00,293.118
4/28/2020,12:00,291.597
4/28/2020,18:00,294.396
4/29/2020,0:00,294.359
4/29/2020,6:00,292.143
4/29/2020,12:00,291.245
4/29/2020,18:00,294.108
4/30/2020,0:00,292.342
4/30/2020,6:00,288.836
4/30/2020,12:00,288.013
4/30/2020,18:00,292.498
5/1/2020,0:00,292.459
5/1/2020,6:00,288.902
5/1/2020,12:00,286.599
5/1/2020,18:00,288.343
5/2/2020,0:00,289.152
5/2/2020,6:00,285.572
5/2/2020,12:00,283.716
5/2/2020,18:00,288.288
5/3/2020,0:00,285.846
5/3/2020,6:00,283.501
5/3/2020,12:00,282.349
5/3/2020,18:00,287.418
5/4/2020,0:00,288.313
5/4/2020,6:00,286.224
5/4/2020,12:00,285.671
5/4/2020,18:00,289.972
5/5/2020,0:00,291.662
5/5/2020,6:00,289.325
5/5/2020,12:00,288.782
5/5/2020,18:00,291.7
5/6/2020,0:00,290.098
5/6/2020,6:00,285.067
5/6/2020,12:00,281.3
5/6/2020,18:00,283
5/7/2020,0:00,282.346
5/7/2020,6:00,279.547
5/7/2020,12:00,278.4
5/7/2020,18:00,282.6
5/8/2020,0:00,282.49
5/8/2020,6:00,281.069
5/8/2020,12:00,280.6
5/8/2020,18:00,285.2
5/9/2020,0:00,285.239
5/9/2020,6:00,283.462
5/9/2020,12:00,282.585
5/9/2020,18:00,287.415
5/10/2020,0:00,287.704
5/10/2020,6:00,286.353
5/10/2020,12:00,286
5/10/2020,18:00,291.1
5/11/2020,0:00,292.5
5/11/2020,6:00,291.306
5/11/2020,12:00,290.28
5/11/2020,18:00,293.269
5/12/2020,0:00,292.049
5/12/2020,6:00,291.39
5/12/2020,12:00,291.467
5/12/2020,18:00,291.724
5/13/2020,0:00,290.888
5/13/2020,6:00,290.043
5/13/2020,12:00,290.478
5/13/2020,18:00,291.049
5/14/2020,0:00,288.514
5/14/2020,6:00,284.644
5/14/2020,12:00,283.061
5/14/2020,18:00,285.539
5/15/2020,0:00,282.965
5/15/2020,6:00,280.925
5/15/2020,12:00,279.9
5/15/2020,18:00,283.9
5/16/2020,0:00,283.427
5/16/2020,6:00,281.872
5/16/2020,12:00,281.418
5/16/2020,18:00,285.5
5/17/2020,0:00,286.219
5/17/2020,6:00,284.886
5/17/2020,12:00,284.39
5/17/2020,18:00,288.4
5/18/2020,0:00,288.5
5/18/2020,6:00,286.764
5/18/2020,12:00,285.849
5/18/2020,18:00,290
5/19/2020,0:00,290.1
5/19/2020,6:00,289.016
5/19/2020,12:00,287.78
5/19/2020,18:00,290.7
5/20/2020,0:00,290.8
5/20/2020,6:00,289.48
5/20/2020,12:00,289.403
5/20/2020,18:00,292.2
5/21/2020,0:00,292.739
5/21/2020,6:00,291.632
5/21/2020,12:00,291.067
5/21/2020,18:00,293.479
5/22/2020,0:00,292.378
5/22/2020,6:00,292.256
5/22/2020,12:00,292.436
5/22/2020,18:00,292.499
5/23/2020,0:00,286.331
5/23/2020,6:00,283.153
5/23/2020,12:00,282.037
5/23/2020,18:00,282.621
5/24/2020,0:00,283.542
5/24/2020,6:00,283.448
5/24/2020,12:00,282.681
5/24/2020,18:00,283.008
5/25/2020,0:00,282.716
5/25/2020,6:00,281.34
5/25/2020,12:00,279.785
5/25/2020,18:00,283.2
5/26/2020,0:00,283.04
5/26/2020,6:00,280.976
5/26/2020,12:00,279.989
5/26/2020,18:00,282.913
5/27/2020,0:00,282.904
5/27/2020,6:00,281.318
5/27/2020,12:00,280.993
5/27/2020,18:00,284.341
5/28/2020,0:00,285.829
5/28/2020,6:00,285.355
5/28/2020,12:00,284.5
5/28/2020,18:00,287.9
5/29/2020,0:00,287.9
5/29/2020,6:00,286.045
5/29/2020,12:00,284.501
5/29/2020,18:00,287.8
5/30/2020,0:00,287.304
5/30/2020,6:00,285.69
5/30/2020,12:00,284.5
5/30/2020,18:00,288.253
5/31/2020,0:00,288.89
5/31/2020,6:00,287.738
5/31/2020,12:00,286.922
5/31/2020,18:00,287.654
6/1/2020,0:00,283.452
6/1/2020,6:00,281.962
6/1/2020,12:00,279.829
6/1/2020,18:00,281.656
6/2/2020,0:00,282.992
6/2/2020,6:00,280.076
6/2/2020,12:00,278.248
6/2/2020,18:00,280.882
6/3/2020,0:00,280.95
6/3/2020,6:00,279.343
6/3/2020,12:00,279.271
6/3/2020,18:00,283.09
6/4/2020,0:00,284.095
6/4/2020,6:00,283.702
6/4/2020,12:00,284.42
6/4/2020,18:00,288.029
6/5/2020,0:00,288.864
6/5/2020,6:00,288.461
6/5/2020,12:00,289.5
6/5/2020,18:00,290.2
6/6/2020,0:00,285.901
6/6/2020,6:00,283.277
6/6/2020,12:00,282.524
6/6/2020,18:00,282.739
6/7/2020,0:00,283.7
6/7/2020,6:00,284.525
6/7/2020,12:00,284.577
6/7/2020,18:00,285.655
6/8/2020,0:00,285.091
6/8/2020,6:00,284.01
6/8/2020,12:00,283.948
6/8/2020,18:00,286.979
6/9/2020,0:00,288.902
6/9/2020,6:00,289.288
6/9/2020,12:00,289.924
6/9/2020,18:00,291.607
6/10/2020,0:00,291.117
6/10/2020,6:00,290.949
6/10/2020,12:00,290.839
6/10/2020,18:00,291.839
6/11/2020,0:00,292.212
6/11/2020,6:00,291.746
6/11/2020,12:00,291.107
6/11/2020,18:00,292.501
6/12/2020,0:00,294
6/12/2020,6:00,293.609
6/12/2020,12:00,292.878
6/12/2020,18:00,294.4
6/13/2020,0:00,292.832
6/13/2020,6:00,292.621
6/13/2020,12:00,290.201
6/13/2020,18:00,287.666
6/14/2020,0:00,281.517
6/14/2020,6:00,278.993
6/14/2020,12:00,277.718
6/14/2020,18:00,279.539
6/15/2020,0:00,281.9
6/15/2020,6:00,281.724
6/15/2020,12:00,284.969
6/15/2020,18:00,288.562
6/16/2020,0:00,290.6
6/16/2020,6:00,290.118
6/16/2020,12:00,289.4
6/16/2020,18:00,290.8
6/17/2020,0:00,291.5
6/17/2020,6:00,290.484
6/17/2020,12:00,289.5
6/17/2020,18:00,290.9
6/18/2020,0:00,292.2
6/18/2020,6:00,291.334
6/18/2020,12:00,290.956
6/18/2020,18:00,292.651
6/19/2020,0:00,291.907
6/19/2020,6:00,290.765
6/19/2020,12:00,290.461
6/19/2020,18:00,292.2
6/20/2020,0:00,292.391
6/20/2020,6:00,292.197
6/20/2020,12:00,292.038
6/20/2020,18:00,292.588
6/21/2020,0:00,293.375
6/21/2020,6:00,291.613
6/21/2020,12:00,289.793
6/21/2020,18:00,292.234
6/22/2020,0:00,292.196
6/22/2020,6:00,290.972
6/22/2020,12:00,289.9
6/22/2020,18:00,292.078
6/23/2020,0:00,292.112
6/23/2020,6:00,291.72
6/23/2020,12:00,290.696
6/23/2020,18:00,291.181
6/24/2020,0:00,291.781
6/24/2020,6:00,290.263
6/24/2020,12:00,289.542
6/24/2020,18:00,291.006
6/25/2020,0:00,292.319
6/25/2020,6:00,291.7
6/25/2020,12:00,290.651
6/25/2020,18:00,285.79
6/26/2020,0:00,282.88
6/26/2020,6:00,279.29
6/26/2020,12:00,278.4
6/26/2020,18:00,280.095
6/27/2020,0:00,280.2
6/27/2020,6:00,277.582
6/27/2020,12:00,277.6
6/27/2020,18:00,280.132
6/28/2020,0:00,280.813
6/28/2020,6:00,279.518
6/28/2020,12:00,279.459
6/28/2020,18:00,283.027
6/29/2020,0:00,284.676
6/29/2020,6:00,283.754
6/29/2020,12:00,284
6/29/2020,18:00,284.934
6/30/2020,0:00,285.417
6/30/2020,6:00,287.095
6/30/2020,12:00,288
6/30/2020,18:00,285.7
7/1/2020,0:00,283.279
7/1/2020,6:00,280.48
7/1/2020,12:00,280.1
7/1/2020,18:00,281.5
7/2/2020,0:00,279.912
7/2/2020,6:00,279.321
7/2/2020,12:00,277.585
7/2/2020,18:00,279.792
7/3/2020,0:00,279.463
7/3/2020,6:00,275.895
7/3/2020,12:00,275.1
7/3/2020,18:00,278.1
7/4/2020,0:00,278.7
7/4/2020,6:00,278.455
7/4/2020,12:00,278.1
7/4/2020,18:00,281.9
7/5/2020,0:00,286.008
7/5/2020,6:00,286.633
7/5/2020,12:00,287.216
7/5/2020,18:00,288.5
7/6/2020,0:00,289.501
7/6/2020,6:00,287.69
7/6/2020,12:00,286
7/6/2020,18:00,287.328
7/7/2020,0:00,285.3
7/7/2020,6:00,283.933
7/7/2020,12:00,283.9
7/7/2020,18:00,284.882
7/8/2020,0:00,286.259
7/8/2020,6:00,285.665
7/8/2020,12:00,283.6
7/8/2020,18:00,283.5
7/9/2020,0:00,281.1
7/9/2020,6:00,280.601
7/9/2020,12:00,278.9
7/9/2020,18:00,281.012
7/10/2020,0:00,280.052
7/10/2020,6:00,279.597
7/10/2020,12:00,279.659
7/10/2020,18:00,282.8
7/11/2020,0:00,286.9
7/11/2020,6:00,287.024
7/11/2020,12:00,286.998
7/11/2020,18:00,287.5
7/12/2020,0:00,289.035
7/12/2020,6:00,289.742
7/12/2020,12:00,289.6
7/12/2020,18:00,290.158
7/13/2020,0:00,288.604
7/13/2020,6:00,288.365
7/13/2020,12:00,286.557
7/13/2020,18:00,287.4
7/14/2020,0:00,282.311
7/14/2020,6:00,278.627
7/14/2020,12:00,277.078
7/14/2020,18:00,279.71
7/15/2020,0:00,277.638
7/15/2020,6:00,276.295
7/15/2020,12:00,276.4
7/15/2020,18:00,280.424
7/16/2020,0:00,284.553
7/16/2020,6:00,284.13
7/16/2020,12:00,284.8
7/16/2020,18:00,285.932
7/17/2020,0:00,286.184
7/17/2020,6:00,287.18
7/17/2020,12:00,288.225
7/17/2020,18:00,290.4
7/18/2020,0:00,291.598
7/18/2020,6:00,290.496
7/18/2020,12:00,289.5
7/18/2020,18:00,291.835
7/19/2020,0:00,291.967
7/19/2020,6:00,290.359
7/19/2020,12:00,290
7/19/2020,18:00,292.1
7/20/2020,0:00,292
7/20/2020,6:00,290.53
7/20/2020,12:00,289.438
7/20/2020,18:00,291.516
7/21/2020,0:00,291.2
7/21/2020,6:00,289.522
7/21/2020,12:00,288.448
7/21/2020,18:00,290.487
7/22/2020,0:00,291.781
7/22/2020,6:00,290.264
7/22/2020,12:00,289.4
7/22/2020,18:00,291.101
7/23/2020,0:00,291.9
7/23/2020,6:00,290.386
7/23/2020,12:00,289.746
7/23/2020,18:00,291.848
7/24/2020,0:00,291.412
7/24/2020,6:00,290.58
7/24/2020,12:00,288.5
7/24/2020,18:00,290.011
7/25/2020,0:00,286.711
7/25/2020,6:00,281.718
7/25/2020,12:00,280.173
7/25/2020,18:00,279.654
7/26/2020,0:00,279.423
7/26/2020,6:00,277.686
7/26/2020,12:00,276.9
7/26/2020,18:00,279.981
7/27/2020,0:00,284.6
7/27/2020,6:00,286.3
7/27/2020,12:00,287
7/27/2020,18:00,289.391
7/28/2020,0:00,288.701
7/28/2020,6:00,287.761
7/28/2020,12:00,284.739
7/28/2020,18:00,282.766
7/29/2020,0:00,278.769
7/29/2020,6:00,275.121
7/29/2020,12:00,273.893
7/29/2020,18:00,276.921
7/30/2020,0:00,277.437
7/30/2020,6:00,275.939
7/30/2020,12:00,275.563
7/30/2020,18:00,281.804
7/31/2020,0:00,283.497
7/31/2020,6:00,283.112
7/31/2020,12:00,283.501
7/31/2020,18:00,285.299
8/1/2020,0:00,286.5
8/1/2020,6:00,286
8/1/2020,12:00,285.9
8/1/2020,18:00,289.1
8/2/2020,0:00,289.706
8/2/2020,6:00,288.4
8/2/2020,12:00,287
8/2/2020,18:00,290
8/3/2020,0:00,289.5
8/3/2020,6:00,287.422
8/3/2020,12:00,286.343
8/3/2020,18:00,289.708
8/4/2020,0:00,288.6
8/4/2020,6:00,287.064
8/4/2020,12:00,286
8/4/2020,18:00,288.9
8/5/2020,0:00,288.9
8/5/2020,6:00,286.979
8/5/2020,12:00,285.991
8/5/2020,18:00,288.549
8/6/2020,0:00,289.451
8/6/2020,6:00,286.865
8/6/2020,12:00,285.658
8/6/2020,18:00,288.9
8/7/2020,0:00,288.9
8/7/2020,6:00,287.345
8/7/2020,12:00,286.6
8/7/2020,18:00,289.9
8/8/2020,0:00,289.339
8/8/2020,6:00,287.034
8/8/2020,12:00,286.58
8/8/2020,18:00,289.749
8/9/2020,0:00,288.6
8/9/2020,6:00,287.2
8/9/2020,12:00,286.2
8/9/2020,18:00,289.8
8/10/2020,0:00,289.348
8/10/2020,6:00,287.929
8/10/2020,12:00,287.4
8/10/2020,18:00,290.5
8/11/2020,0:00,291.471
8/11/2020,6:00,290.446
8/11/2020,12:00,284.904
8/11/2020,18:00,285.1
8/12/2020,0:00,282.9
8/12/2020,6:00,280.488
8/12/2020,12:00,281.219
8/12/2020,18:00,284.4
8/13/2020,0:00,286.402
8/13/2020,6:00,286.771
8/13/2020,12:00,286.7
8/13/2020,18:00,286.808
8/14/2020,0:00,285.6
8/14/2020,6:00,284.624
8/14/2020,12:00,284.2
8/14/2020,18:00,288
8/15/2020,0:00,289.161
8/15/2020,6:00,288.6
8/15/2020,12:00,284
8/15/2020,18:00,286.5
8/16/2020,0:00,284.585
8/16/2020,6:00,281.955
8/16/2020,12:00,280.2
8/16/2020,18:00,284.545
8/17/2020,0:00,282.9
8/17/2020,6:00,281.2
8/17/2020,12:00,280.7
8/17/2020,18:00,285.7
8/18/2020,0:00,285.6
8/18/2020,6:00,285.5
8/18/2020,12:00,285.743
8/18/2020,18:00,290.322
8/19/2020,0:00,288.3
8/19/2020,6:00,286.5
8/19/2020,12:00,286.5
8/19/2020,18:00,288.312
8/20/2020,0:00,282.924
8/20/2020,6:00,279.412
8/20/2020,12:00,277.382
8/20/2020,18:00,278.6
8/21/2020,0:00,276.135
8/21/2020,6:00,273.036
8/21/2020,12:00,272.5
8/21/2020,18:00,277.5
8/22/2020,0:00,276.3
8/22/2020,6:00,275.15
8/22/2020,12:00,274.807
8/22/2020,18:00,280.3
8/23/2020,0:00,280.8
8/23/2020,6:00,279.8
8/23/2020,12:00,279.503
8/23/2020,18:00,284.401
8/24/2020,0:00,284.812
8/24/2020,6:00,283.409
8/24/2020,12:00,283
8/24/2020,18:00,285.717
8/25/2020,0:00,288.968
8/25/2020,6:00,288.946
8/25/2020,12:00,287.691
8/25/2020,18:00,290.319
8/26/2020,0:00,291.722
8/26/2020,6:00,289.713
8/26/2020,12:00,288.52
8/26/2020,18:00,291
8/27/2020,0:00,292.652
8/27/2020,6:00,289.877
8/27/2020,12:00,288.866
8/27/2020,18:00,292.202
8/28/2020,0:00,293.7
8/28/2020,6:00,291.4
8/28/2020,12:00,290.42
8/28/2020,18:00,293.994
8/29/2020,0:00,293.8
8/29/2020,6:00,292.1
8/29/2020,12:00,291.147
8/29/2020,18:00,294.839
8/30/2020,0:00,293.846
8/30/2020,6:00,291.4
8/30/2020,12:00,290.608
8/30/2020,18:00,288.508
8/31/2020,0:00,285.898
8/31/2020,6:00,285.407
8/31/2020,12:00,285.6
8/31/2020,18:00,286.6
9/1/2020,0:00,285.137
9/1/2020,6:00,284.144
9/1/2020,12:00,284.461
9/1/2020,18:00,288.771
9/2/2020,0:00,288.59
9/2/2020,6:00,289.026
9/2/2020,12:00,289.635
9/2/2020,18:00,292.536
9/3/2020,0:00,289.868
9/3/2020,6:00,284.848
9/3/2020,12:00,283.89
9/3/2020,18:00,285.08
9/4/2020,0:00,284.652
9/4/2020,6:00,281.732
9/4/2020,12:00,280.792
9/4/2020,18:00,286.11
9/5/2020,0:00,286.5
9/5/2020,6:00,286.7
9/5/2020,12:00,287.722
9/5/2020,18:00,293.365
9/6/2020,0:00,289
9/6/2020,6:00,288.9
9/6/2020,12:00,288.207
9/6/2020,18:00,289.841
9/7/2020,0:00,288.515
9/7/2020,6:00,287.715
9/7/2020,12:00,286.761
9/7/2020,18:00,286.834
9/8/2020,0:00,286.139
9/8/2020,6:00,285.185
9/8/2020,12:00,285.5
9/8/2020,18:00,289.2
9/9/2020,0:00,291.055
9/9/2020,6:00,291.2
9/9/2020,12:00,290.9
9/9/2020,18:00,294.102
9/10/2020,0:00,291.602
9/10/2020,6:00,290.6
9/10/2020,12:00,289.8
9/10/2020,18:00,292.863
9/11/2020,0:00,291
9/11/2020,6:00,291.1
9/11/2020,12:00,292.082
9/11/2020,18:00,297.293
9/12/2020,0:00,296.345
9/12/2020,6:00,296.4
9/12/2020,12:00,291.4
9/12/2020,18:00,293.947
9/13/2020,0:00,294.693
9/13/2020,6:00,293.17
9/13/2020,12:00,292.327
9/13/2020,18:00,294.5
9/14/2020,0:00,292.9
9/14/2020,6:00,290.66
9/14/2020,12:00,288.252
9/14/2020,18:00,288.3
9/15/2020,0:00,285.5
9/15/2020,6:00,283.592
9/15/2020,12:00,282.518
9/15/2020,18:00,285.118
9/16/2020,0:00,290.89
9/16/2020,6:00,290.062
9/16/2020,12:00,290.154
9/16/2020,18:00,290.4
9/17/2020,0:00,290.05
9/17/2020,6:00,287.418
9/17/2020,12:00,287
9/17/2020,18:00,290.5
9/18/2020,0:00,289.935
9/18/2020,6:00,288.071
9/18/2020,12:00,286.7
9/18/2020,18:00,291.851
9/19/2020,0:00,288.651
9/19/2020,6:00,287.043
9/19/2020,12:00,286.43
9/19/2020,18:00,292.671
9/20/2020,0:00,284.45
9/20/2020,6:00,280.874
9/20/2020,12:00,279.38
9/20/2020,18:00,283.626
9/21/2020,0:00,281.66
9/21/2020,6:00,278.176
9/21/2020,12:00,277.355
9/21/2020,18:00,283.976
9/22/2020,0:00,281.257
9/22/2020,6:00,279.167
9/22/2020,12:00,279.301
9/22/2020,18:00,287.276
9/23/2020,0:00,287.414
9/23/2020,6:00,286.228
9/23/2020,12:00,286.273
9/23/2020,18:00,291.083
9/24/2020,0:00,290.364
9/24/2020,6:00,288.629
9/24/2020,12:00,287.814
9/24/2020,18:00,293.222
9/25/2020,0:00,291.678
9/25/2020,6:00,289.806
9/25/2020,12:00,289.587
9/25/2020,18:00,294.447
9/26/2020,0:00,293.4
9/26/2020,6:00,292.628
9/26/2020,12:00,292.014
9/26/2020,18:00,297.494
9/27/2020,0:00,296.922
9/27/2020,6:00,296.323
9/27/2020,12:00,295.346
9/27/2020,18:00,297.338
9/28/2020,0:00,292.396
9/28/2020,6:00,288.157
9/28/2020,12:00,286.265
9/28/2020,18:00,288.3
9/29/2020,0:00,286.247
9/29/2020,6:00,283.781
9/29/2020,12:00,283.827
9/29/2020,18:00,289.567
9/30/2020,0:00,294.494
9/30/2020,6:00,293.052
9/30/2020,12:00,292.732
9/30/2020,18:00,298.619
10/1/2020,0:00,298.573
10/1/2020,6:00,296.232
10/1/2020,12:00,294.582
10/1/2020,18:00,297.72
10/2/2020,0:00,299.736
10/2/2020,6:00,297.067
10/2/2020,12:00,295.873
10/2/2020,18:00,301.922
10/3/2020,0:00,293.14
10/3/2020,6:00,289.22
10/3/2020,12:00,288.593
10/3/2020,18:00,288.813
10/4/2020,0:00,287.802
10/4/2020,6:00,287.588
10/4/2020,12:00,289.27
10/4/2020,18:00,293.719
10/5/2020,0:00,293.779
10/5/2020,6:00,291.262
10/5/2020,12:00,289.221
10/5/2020,18:00,292.455
10/6/2020,0:00,287.307
10/6/2020,6:00,285.869
10/6/2020,12:00,286.507
10/6/2020,18:00,291.674
10/7/2020,0:00,293.784
10/7/2020,6:00,291.847
10/7/2020,12:00,290.7
10/7/2020,18:00,296.065
10/8/2020,0:00,290.52
10/8/2020,6:00,288.802
10/8/2020,12:00,288.682
10/8/2020,18:00,291.094
10/9/2020,0:00,291.17
10/9/2020,6:00,286.547
10/9/2020,12:00,285.573
10/9/2020,18:00,292.623
10/10/2020,0:00,287.611
10/10/2020,6:00,285.925
10/10/2020,12:00,284.434
10/10/2020,18:00,290.464
10/11/2020,0:00,286.771
10/11/2020,6:00,285.211
10/11/2020,12:00,284.884
10/11/2020,18:00,293.36
10/12/2020,0:00,290.582
10/12/2020,6:00,287.632
10/12/2020,12:00,287.512
10/12/2020,18:00,295.232
10/13/2020,0:00,289.559
10/13/2020,6:00,285.306
10/13/2020,12:00,284.627
10/13/2020,18:00,291.709
10/14/2020,0:00,289.165
10/14/2020,6:00,287.134
10/14/2020,12:00,286.962
10/14/2020,18:00,295.032
10/15/2020,0:00,292.162
10/15/2020,6:00,289.286
10/15/2020,12:00,287.559
10/15/2020,18:00,293.082
10/16/2020,0:00,291.172
10/16/2020,6:00,288.929
10/16/2020,12:00,290.064
10/16/2020,18:00,295.727
10/17/2020,0:00,292.657
10/17/2020,6:00,290.651
10/17/2020,12:00,288.919
10/17/2020,18:00,293.479
10/18/2020,0:00,292.083
10/18/2020,6:00,290.683
10/18/2020,12:00,289.194
10/18/2020,18:00,295.263
10/19/2020,0:00,294.22
10/19/2020,6:00,291.621
10/19/2020,12:00,290.868
10/19/2020,18:00,296.91
10/20/2020,0:00,296.2
10/20/2020,6:00,293.019
10/20/2020,12:00,291.402
10/20/2020,18:00,298.952
10/21/2020,0:00,296.06
10/21/2020,6:00,290.811
10/21/2020,12:00,290.002
10/21/2020,18:00,296.092
10/22/2020,0:00,294.623
10/22/2020,6:00,292.692
10/22/2020,12:00,292.112
10/22/2020,18:00,297.041
10/23/2020,0:00,297.479
10/23/2020,6:00,295.33
10/23/2020,12:00,293.222
10/23/2020,18:00,295.526
10/24/2020,0:00,293.641
10/24/2020,6:00,291.321
10/24/2020,12:00,291.459
10/24/2020,18:00,298.091
10/25/2020,0:00,293.865
10/25/2020,6:00,291.21
10/25/2020,12:00,290.413
10/25/2020,18:00,298.9
10/26/2020,0:00,297.406
10/26/2020,6:00,296.297
10/26/2020,12:00,293.288
10/26/2020,18:00,294.294
10/27/2020,0:00,289.921
10/27/2020,6:00,287.352
10/27/2020,12:00,286.991
10/27/2020,18:00,292.791
10/28/2020,0:00,289.469
10/28/2020,6:00,286.267
10/28/2020,12:00,286.098
10/28/2020,18:00,293.795
10/29/2020,0:00,291.797
10/29/2020,6:00,289.328
10/29/2020,12:00,288.271
10/29/2020,18:00,291.694
10/30/2020,0:00,288.128
10/30/2020,6:00,285.5
10/30/2020,12:00,284.856
10/30/2020,18:00,289.352
10/31/2020,0:00,288.591
10/31/2020,6:00,286.469
10/31/2020,12:00,285.623
10/31/2020,18:00,293.462
11/1/2020,0:00,289.018
11/1/2020,6:00,285.596
11/1/2020,12:00,284.99
11/1/2020,18:00,292.15
11/2/2020,0:00,289.216
11/2/2020,6:00,285.901
11/2/2020,12:00,284.569
11/2/2020,18:00,292.969
11/3/2020,0:00,290.819
11/3/2020,6:00,286.885
11/3/2020,12:00,286.036
11/3/2020,18:00,293.52
11/4/2020,0:00,290.007
11/4/2020,6:00,285.68
11/4/2020,12:00,284.249
11/4/2020,18:00,289.819
11/5/2020,0:00,287.802
11/5/2020,6:00,283.496
11/5/2020,12:00,282.253
11/5/2020,18:00,289.835
11/6/2020,0:00,289.336
11/6/2020,6:00,285.526
11/6/2020,12:00,284.803
11/6/2020,18:00,293.31
11/7/2020,0:00,293.191
11/7/2020,6:00,290.118
11/7/2020,12:00,289.548
11/7/2020,18:00,297.281
11/8/2020,0:00,295.428
11/8/2020,6:00,291.52
11/8/2020,12:00,290.249
11/8/2020,18:00,297.829
11/9/2020,0:00,295.902
11/9/2020,6:00,291.937
11/9/2020,12:00,291.333
11/9/2020,18:00,291.598
11/10/2020,0:00,292.144
11/10/2020,6:00,290.887
11/10/2020,12:00,290.014
11/10/2020,18:00,296.572
11/11/2020,0:00,294.202
11/11/2020,6:00,291.457
11/11/2020,12:00,291.594
11/11/2020,18:00,299.283
11/12/2020,0:00,294.384
11/12/2020,6:00,292.09
11/12/2020,12:00,291.209
11/12/2020,18:00,298.283
11/13/2020,0:00,294.291
11/13/2020,6:00,291.216
11/13/2020,12:00,290.565
11/13/2020,18:00,298.121
11/14/2020,0:00,295.247
11/14/2020,6:00,292.869
11/14/2020,12:00,292.533
11/14/2020,18:00,300.576
11/15/2020,0:00,298.58
11/15/2020,6:00,294.268
11/15/2020,12:00,293.978
11/15/2020,18:00,295.566
11/16/2020,0:00,294.941
11/16/2020,6:00,292.852
11/16/2020,12:00,291.981
11/16/2020,18:00,297.221
11/17/2020,0:00,291.762
11/17/2020,6:00,289.021
11/17/2020,12:00,287.639
11/17/2020,18:00,293.362
11/18/2020,0:00,290.406
11/18/2020,6:00,287.838
11/18/2020,12:00,287.341
11/18/2020,18:00,291.027
11/19/2020,0:00,289.58
11/19/2020,6:00,286.297
11/19/2020,12:00,285.446
11/19/2020,18:00,293.236
11/20/2020,0:00,291.542
11/20/2020,6:00,287.83
11/20/2020,12:00,286.983
11/20/2020,18:00,294.725
11/21/2020,0:00,289.742
11/21/2020,6:00,286.793
11/21/2020,12:00,285.996
11/21/2020,18:00,295.161
11/22/2020,0:00,292.721
11/22/2020,6:00,289.213
11/22/2020,12:00,288.514
11/22/2020,18:00,296.83
11/23/2020,0:00,294.877
11/23/2020,6:00,291.592
11/23/2020,12:00,291.478
11/23/2020,18:00,298.556
11/24/2020,0:00,297.049
11/24/2020,6:00,294.453
11/24/2020,12:00,293.252
11/24/2020,18:00,298.51
11/25/2020,0:00,297.003
11/25/2020,6:00,294.627
11/25/2020,12:00,293.688
11/25/2020,18:00,301.495
11/26/2020,0:00,295.806
11/26/2020,6:00,292.734
11/26/2020,12:00,292.141
11/26/2020,18:00,291.744
11/27/2020,0:00,291.754
11/27/2020,6:00,291.861
11/27/2020,12:00,291.517
11/27/2020,18:00,297.287
11/28/2020,0:00,294.287
11/28/2020,6:00,293.496
11/28/2020,12:00,293.234
11/28/2020,18:00,298.361
11/29/2020,0:00,299.403
11/29/2020,6:00,294.729
11/29/2020,12:00,293.843
11/29/2020,18:00,294.402
11/30/2020,0:00,294.452
11/30/2020,6:00,292.874
11/30/2020,12:00,292.729
11/30/2020,18:00,293.143
12/1/2020,0:00,292.418
12/1/2020,6:00,290.881
12/1/2020,12:00,290.252
12/1/2020,18:00,296.194
12/2/2020,0:00,294.715
12/2/2020,6:00,293.799
12/2/2020,12:00,293.207
12/2/2020,18:00,298.096
12/3/2020,0:00,291.765
12/3/2020,6:00,291.325
12/3/2020,12:00,292.193
12/3/2020,18:00,293.752
12/4/2020,0:00,293.204
12/4/2020,6:00,290.264
12/4/2020,12:00,289.597
12/4/2020,18:00,295.37
12/5/2020,0:00,294.21
12/5/2020,6:00,290.782
12/5/2020,12:00,289.995
12/5/2020,18:00,292.757
12/6/2020,0:00,290.149
12/6/2020,6:00,287.611
12/6/2020,12:00,286.927
12/6/2020,18:00,292.772
12/7/2020,0:00,290.636
12/7/2020,6:00,288.17
12/7/2020,12:00,287.98
12/7/2020,18:00,294.914
12/8/2020,0:00,292.077
12/8/2020,6:00,289.346
12/8/2020,12:00,288.672
12/8/2020,18:00,296.147
12/9/2020,0:00,292.901
12/9/2020,6:00,289.68
12/9/2020,12:00,288.496
12/9/2020,18:00,296.76
12/10/2020,0:00,293.581
12/10/2020,6:00,290.404
12/10/2020,12:00,289.724
12/10/2020,18:00,298.726
12/11/2020,0:00,297.003
12/11/2020,6:00,294.047
12/11/2020,12:00,292.918
12/11/2020,18:00,300.511
12/12/2020,0:00,298.931
12/12/2020,6:00,295.46
12/12/2020,12:00,294.643
12/12/2020,18:00,301.809
12/13/2020,0:00,297.432
12/13/2020,6:00,294.35
12/13/2020,12:00,293.843
12/13/2020,18:00,298.916
12/14/2020,0:00,295.39
12/14/2020,6:00,292.373
12/14/2020,12:00,291.682
12/14/2020,18:00,297.178
12/15/2020,0:00,295.096
12/15/2020,6:00,292.222
12/15/2020,12:00,291.164
12/15/2020,18:00,298.256
12/16/2020,0:00,297.144
12/16/2020,6:00,294.385
12/16/2020,12:00,293.835
12/16/2020,18:00,300.646
12/17/2020,0:00,294.662
12/17/2020,6:00,293.338
12/17/2020,12:00,292.172
12/17/2020,18:00,295.18
12/18/2020,0:00,295.453
12/18/2020,6:00,293.284
12/18/2020,12:00,292.428
12/18/2020,18:00,299.649
12/19/2020,0:00,298.142
12/19/2020,6:00,295.306
12/19/2020,12:00,294.895
12/19/2020,18:00,300.234
12/20/2020,0:00,295.163
12/20/2020,6:00,294
12/20/2020,12:00,292.806
12/20/2020,18:00,292.626
12/21/2020,0:00,291.133
12/21/2020,6:00,289.201
12/21/2020,12:00,288.183
12/21/2020,18:00,293.619
12/22/2020,0:00,289.754
12/22/2020,6:00,286.059
12/22/2020,12:00,285.061
12/22/2020,18:00,293.489
12/23/2020,0:00,291.443
12/23/2020,6:00,287.76
12/23/2020,12:00,287.08
12/23/2020,18:00,296.831
12/24/2020,0:00,295.082
12/24/2020,6:00,292.376
12/24/2020,12:00,291.745
12/24/2020,18:00,298.426
12/25/2020,0:00,296.589
12/25/2020,6:00,294.362
12/25/2020,12:00,293.1
12/25/2020,18:00,297.946
12/26/2020,0:00,293.247
12/26/2020,6:00,292.59
12/26/2020,12:00,292.246
12/26/2020,18:00,297.67
12/27/2020,0:00,294.19
12/27/2020,6:00,293.098
12/27/2020,12:00,292.721
12/27/2020,18:00,296.301
12/28/2020,0:00,294.891
12/28/2020,6:00,293.026
12/28/2020,12:00,292.386
12/28/2020,18:00,297.466
12/29/2020,0:00,293.489
12/29/2020,6:00,292.823
12/29/2020,12:00,293.309
12/29/2020,18:00,298.372
12/30/2020,0:00,295.311
12/30/2020,6:00,294.094
12/30/2020,12:00,293.383
12/30/2020,18:00,296.978
12/31/2020,0:00,296.588
12/31/2020,6:00,294.188
12/31/2020,12:00,292.928
12/31/2020,18:00,293.817
1/1/2021,0:00,291.361
1/1/2021,6:00,287.483
1/1/2021,12:00,286.323
1/1/2021,18:00,294.225
1/2/2021,0:00,292.291
1/2/2021,6:00,289.402
1/2/2021,12:00,288.072
1/2/2021,18:00,296.16
1/3/2021,0:00,292.864
1/3/2021,6:00,289.608
1/3/2021,12:00,288.936
1/3/2021,18:00,296.135
1/4/2021,0:00,295.261
1/4/2021,6:00,292.626
1/4/2021,12:00,291.567
1/4/2021,18:00,296.267
1/5/2021,0:00,295.017
1/5/2021,6:00,292.541
1/5/2021,12:00,292.456
1/5/2021,18:00,294.4
1/6/2021,0:00,292.552
1/6/2021,6:00,290.836
1/6/2021,12:00,290.102
1/6/2021,18:00,296.485
1/7/2021,0:00,296.699
1/7/2021,6:00,293.968
1/7/2021,12:00,292.797
1/7/2021,18:00,296.599
1/8/2021,0:00,294.805
1/8/2021,6:00,291.424
1/8/2021,12:00,290.285
1/8/2021,18:00,297.973
1/9/2021,0:00,295.079
1/9/2021,6:00,292.792
1/9/2021,12:00,291.184
1/9/2021,18:00,298.994
1/10/2021,0:00,290.419
1/10/2021,6:00,291.548
1/10/2021,12:00,292.776
1/10/2021,18:00,298.408
1/11/2021,0:00,296.827
1/11/2021,6:00,295.173
1/11/2021,12:00,294.676
1/11/2021,18:00,300.473
1/12/2021,0:00,298.141
1/12/2021,6:00,293.861
1/12/2021,12:00,293.438
1/12/2021,18:00,296.166
1/13/2021,0:00,293.563
1/13/2021,6:00,293.118
1/13/2021,12:00,292.413
1/13/2021,18:00,295.175
1/14/2021,0:00,294.742
1/14/2021,6:00,292.03
1/14/2021,12:00,292.026
1/14/2021,18:00,295.524
1/15/2021,0:00,295.229
1/15/2021,6:00,293.47
1/15/2021,12:00,292.691
1/15/2021,18:00,297.485
1/16/2021,0:00,295.994
1/16/2021,6:00,295.009
1/16/2021,12:00,294.231
1/16/2021,18:00,298.37
1/17/2021,0:00,296.431
1/17/2021,6:00,294.045
1/17/2021,12:00,293.727
1/17/2021,18:00,295.724
1/18/2021,0:00,294.263
1/18/2021,6:00,289.328
1/18/2021,12:00,288.366
1/18/2021,18:00,291.742
1/19/2021,0:00,291.058
1/19/2021,6:00,288.639
1/19/2021,12:00,287.843
1/19/2021,18:00,293.832
1/20/2021,0:00,292.676
1/20/2021,6:00,290.506
1/20/2021,12:00,290.718
1/20/2021,18:00,296.034
1/21/2021,0:00,292.785
1/21/2021,6:00,292.273
1/21/2021,12:00,291.942
1/21/2021,18:00,293.427
1/22/2021,0:00,292.353
1/22/2021,6:00,291.83
1/22/2021,12:00,291.652
1/22/2021,18:00,293.513
1/23/2021,0:00,293.75
1/23/2021,6:00,291.384
1/23/2021,12:00,291.052
1/23/2021,18:00,296.454
1/24/2021,0:00,294.874
1/24/2021,6:00,292.508
1/24/2021,12:00,292.198
1/24/2021,18:00,296.447
1/25/2021,0:00,294.743
1/25/2021,6:00,292.884
1/25/2021,12:00,292.159
1/25/2021,18:00,296.14
1/26/2021,0:00,293.681
1/26/2021,6:00,292.918
1/26/2021,12:00,292.833
1/26/2021,18:00,294.301
1/27/2021,0:00,294.976
1/27/2021,6:00,294.093
1/27/2021,12:00,293.109
1/27/2021,18:00,293.914
1/28/2021,0:00,294.167
1/28/2021,6:00,292.729
1/28/2021,12:00,291.96
1/28/2021,18:00,295.127
1/29/2021,0:00,294.411
1/29/2021,6:00,293.551
1/29/2021,12:00,293.012
1/29/2021,18:00,296.254
1/30/2021,0:00,294.886
1/30/2021,6:00,293.856
1/30/2021,12:00,293.533
1/30/2021,18:00,296.846
1/31/2021,0:00,295.199
1/31/2021,6:00,294.166
1/31/2021,12:00,293.859
1/31/2021,18:00,295.08
2/1/2021,0:00,292.856
2/1/2021,6:00,290.799
2/1/2021,12:00,290.256
2/1/2021,18:00,295.292
2/2/2021,0:00,293.964
2/2/2021,6:00,292.669
2/2/2021,12:00,292.431
2/2/2021,18:00,296.634
2/3/2021,0:00,294.831
2/3/2021,6:00,294.648
2/3/2021,12:00,294.309
2/3/2021,18:00,295.275
2/4/2021,0:00,296.289
2/4/2021,6:00,294.775
2/4/2021,12:00,290.752
2/4/2021,18:00,291.148
2/5/2021,0:00,290.427
2/5/2021,6:00,287.336
2/5/2021,12:00,286.442
2/5/2021,18:00,290.855
2/6/2021,0:00,288.018
2/6/2021,6:00,285.465
2/6/2021,12:00,284.747
2/6/2021,18:00,290.667
2/7/2021,0:00,289.213
2/7/2021,6:00,286.453
2/7/2021,12:00,286.504
2/7/2021,18:00,292.457
2/8/2021,0:00,291.676
2/8/2021,6:00,289.485
2/8/2021,12:00,288.433
2/8/2021,18:00,294.603
2/9/2021,0:00,293.14
2/9/2021,6:00,289.298
2/9/2021,12:00,288.896
2/9/2021,18:00,294.866
2/10/2021,0:00,290.343
2/10/2021,6:00,289.343
2/10/2021,12:00,289.188
2/10/2021,18:00,293.762
2/11/2021,0:00,290.345
2/11/2021,6:00,289.425
2/11/2021,12:00,289.568
2/11/2021,18:00,292.589
2/12/2021,0:00,290.969
2/12/2021,6:00,289.662
2/12/2021,12:00,289.835
2/12/2021,18:00,294.388
2/13/2021,0:00,292.085
2/13/2021,6:00,290.282
2/13/2021,12:00,290.343
2/13/2021,18:00,295.015
2/14/2021,0:00,292.193
2/14/2021,6:00,290.749
2/14/2021,12:00,289.069
2/14/2021,18:00,295.961
2/15/2021,0:00,292.136
2/15/2021,6:00,290.06
2/15/2021,12:00,289.759
2/15/2021,18:00,293.466
2/16/2021,0:00,291.714
2/16/2021,6:00,290.12
2/16/2021,12:00,289.494
2/16/2021,18:00,293.878
2/17/2021,0:00,290.977
2/17/2021,6:00,289.004
2/17/2021,12:00,287.459
2/17/2021,18:00,292.833
2/18/2021,0:00,289.396
2/18/2021,6:00,286.853
2/18/2021,12:00,286.037
2/18/2021,18:00,292.227
2/19/2021,0:00,290.255
2/19/2021,6:00,288.265
2/19/2021,12:00,287.748
2/19/2021,18:00,293.815
2/20/2021,0:00,291.001
2/20/2021,6:00,289.728
2/20/2021,12:00,288.54
2/20/2021,18:00,294.449
2/21/2021,0:00,291.107
2/21/2021,6:00,289.55
2/21/2021,12:00,288.297
2/21/2021,18:00,294.558
2/22/2021,0:00,294.526
2/22/2021,6:00,292.285
2/22/2021,12:00,291.515
2/22/2021,18:00,296.017
2/23/2021,0:00,294.943
2/23/2021,6:00,293.865
2/23/2021,12:00,293.211
2/23/2021,18:00,298.396
2/24/2021,0:00,291.901
2/24/2021,6:00,290.635
2/24/2021,12:00,289.337
2/24/2021,18:00,294.9
2/25/2021,0:00,292.656
2/25/2021,6:00,289.237
2/25/2021,12:00,288.247
2/25/2021,18:00,294.167
2/26/2021,0:00,292.522
2/26/2021,6:00,291.04
2/26/2021,12:00,289.591
2/26/2021,18:00,294.468
2/27/2021,0:00,294.342
2/27/2021,6:00,293.505
2/27/2021,12:00,291.85
2/27/2021,18:00,295.564
2/28/2021,0:00,293.65
2/28/2021,6:00,291.601
2/28/2021,12:00,289.574
2/28/2021,18:00,293.666
3/1/2021,0:00,293.332
3/1/2021,6:00,291.634
3/1/2021,12:00,290.988
3/1/2021,18:00,296.021
3/2/2021,0:00,293.702
3/2/2021,6:00,292.759
3/2/2021,12:00,291.596
3/2/2021,18:00,296.293
3/3/2021,0:00,294.597
3/3/2021,6:00,293.171
3/3/2021,12:00,292.308
3/3/2021,18:00,294.833
3/4/2021,0:00,293.493
3/4/2021,6:00,292.323
3/4/2021,12:00,292.076
3/4/2021,18:00,293.912
3/5/2021,0:00,293.239
3/5/2021,6:00,291.373
3/5/2021,12:00,290.686
3/5/2021,18:00,292.642
3/6/2021,0:00,292.041
3/6/2021,6:00,289.668
3/6/2021,12:00,288.689
3/6/2021,18:00,292.922
3/7/2021,0:00,290.176
3/7/2021,6:00,287.862
3/7/2021,12:00,288.063
3/7/2021,18:00,293.72
3/8/2021,0:00,291.204
3/8/2021,6:00,288.309
3/8/2021,12:00,288.005
3/8/2021,18:00,294.624
3/9/2021,0:00,291.533
3/9/2021,6:00,287.937
3/9/2021,12:00,287.567
3/9/2021,18:00,293.161
3/10/2021,0:00,291.3
3/10/2021,6:00,287.661
3/10/2021,12:00,286.635
3/10/2021,18:00,291.743
3/11/2021,0:00,288.894
3/11/2021,6:00,287.189
3/11/2021,12:00,286.204
3/11/2021,18:00,292.875
3/12/2021,0:00,289.751
3/12/2021,6:00,287.646
3/12/2021,12:00,287.268
3/12/2021,18:00,293.482
3/13/2021,0:00,291.037
3/13/2021,6:00,288.143
3/13/2021,12:00,287.61
3/13/2021,18:00,293.994
3/14/2021,0:00,292.24
3/14/2021,6:00,290.022
3/14/2021,12:00,289.826
3/14/2021,18:00,295.428
3/15/2021,0:00,293.971
3/15/2021,6:00,291.327
3/15/2021,12:00,290.16
3/15/2021,18:00,295.704
3/16/2021,0:00,294.49
3/16/2021,6:00,291.631
3/16/2021,12:00,291.842
3/16/2021,18:00,297.866
3/17/2021,0:00,294.889
3/17/2021,6:00,293.445
3/17/2021,12:00,292.441
3/17/2021,18:00,295.411
3/18/2021,0:00,291.892
3/18/2021,6:00,287.32
3/18/2021,12:00,286.641
3/18/2021,18:00,291.183
3/19/2021,0:00,290.119
3/19/2021,6:00,287.653
3/19/2021,12:00,287.81
3/19/2021,18:00,293.912
3/20/2021,0:00,295.363
3/20/2021,6:00,294.288
3/20/2021,12:00,293.148
3/20/2021,18:00,296.753
3/21/2021,0:00,295.611
3/21/2021,6:00,294.367
3/21/2021,12:00,293.951
3/21/2021,18:00,293.806
3/22/2021,0:00,292.98
3/22/2021,6:00,291.643
3/22/2021,12:00,291.153
3/22/2021,18:00,294.66
3/23/2021,0:00,295.162
3/23/2021,6:00,292.71
3/23/2021,12:00,292.32
3/23/2021,18:00,293.848
3/24/2021,0:00,294.001
3/24/2021,6:00,292.556
3/24/2021,12:00,291.919
3/24/2021,18:00,296.1
3/25/2021,0:00,293.819
3/25/2021,6:00,292.894
3/25/2021,12:00,292.1
3/25/2021,18:00,298.18
3/26/2021,0:00,292.227
3/26/2021,6:00,291.68
3/26/2021,12:00,291.775
3/26/2021,18:00,296.177
3/27/2021,0:00,292.263
3/27/2021,6:00,291.922
3/27/2021,12:00,291.958
3/27/2021,18:00,292.286
3/28/2021,0:00,292.308
3/28/2021,6:00,292.174
3/28/2021,12:00,291.092
3/28/2021,18:00,292.578
3/29/2021,0:00,290.55
3/29/2021,6:00,289.988
3/29/2021,12:00,288.9
3/29/2021,18:00,290.5
3/30/2021,0:00,288.104
3/30/2021,6:00,286.201
3/30/2021,12:00,286.014
3/30/2021,18:00,291.3
3/31/2021,0:00,287.621
3/31/2021,6:00,286.274
3/31/2021,12:00,285.407
3/31/2021,18:00,290.224
4/1/2021,0:00,287.948
4/1/2021,6:00,285.044
4/1/2021,12:00,284.668
4/1/2021,18:00,290.585
4/2/2021,0:00,288.815
4/2/2021,6:00,286.652
4/2/2021,12:00,285.545
4/2/2021,18:00,292.385
4/3/2021,0:00,294.307
4/3/2021,6:00,288.478
4/3/2021,12:00,287.911
4/3/2021,18:00,294.955
4/4/2021,0:00,293.057
4/4/2021,6:00,291.08
4/4/2021,12:00,289.708
4/4/2021,18:00,295.342
4/5/2021,0:00,296.113
4/5/2021,6:00,291.704
4/5/2021,12:00,290.742
4/5/2021,18:00,294.779
4/6/2021,0:00,292.871
4/6/2021,6:00,290.602
4/6/2021,12:00,290.438
4/6/2021,18:00,291.316
4/7/2021,0:00,294.1
4/7/2021,6:00,290.36
4/7/2021,12:00,288.681
4/7/2021,18:00,294.519
4/8/2021,0:00,293.458
4/8/2021,6:00,291.144
4/8/2021,12:00,289.999
4/8/2021,18:00,294.724
4/9/2021,0:00,295.112
4/9/2021,6:00,292.99
4/9/2021,12:00,292.256
4/9/2021,18:00,297.689
4/10/2021,0:00,296.482
4/10/2021,6:00,294.485
4/10/2021,12:00,293.002
4/10/2021,18:00,299.163
4/11/2021,0:00,296.495
4/11/2021,6:00,294.445
4/11/2021,12:00,293.094
4/11/2021,18:00,299.017
4/12/2021,0:00,290.1
4/12/2021,6:00,286.646
4/12/2021,12:00,285.727
4/12/2021,18:00,290.454
4/13/2021,0:00,289.6
4/13/2021,6:00,286.003
4/13/2021,12:00,284.706
4/13/2021,18:00,291.304
4/14/2021,0:00,292.661
4/14/2021,6:00,288.765
4/14/2021,12:00,288.5
4/14/2021,18:00,291.425
4/15/2021,0:00,290.165
4/15/2021,6:00,289.935
4/15/2021,12:00,289.802
4/15/2021,18:00,294.202
4/16/2021,0:00,291.046
4/16/2021,6:00,290.409
4/16/2021,12:00,289.7
4/16/2021,18:00,290.902
4/17/2021,0:00,289.081
4/17/2021,6:00,288.706
4/17/2021,12:00,288.583
4/17/2021,18:00,293.383
4/18/2021,0:00,291.201
4/18/2021,6:00,289.035
4/18/2021,12:00,288
4/18/2021,18:00,292.306
4/19/2021,0:00,291.313
4/19/2021,6:00,288.735
4/19/2021,12:00,287.629
4/19/2021,18:00,293.145
4/20/2021,0:00,291.429
4/20/2021,6:00,287.921
4/20/2021,12:00,287
4/20/2021,18:00,293.343
4/21/2021,0:00,291.332
4/21/2021,6:00,288.4
4/21/2021,12:00,287.63
4/21/2021,18:00,293.218
4/22/2021,0:00,291.716
4/22/2021,6:00,288.928
4/22/2021,12:00,287.628
4/22/2021,18:00,292.876
4/23/2021,0:00,292.3
4/23/2021,6:00,289.988
4/23/2021,12:00,288.6
4/23/2021,18:00,293.669
4/24/2021,0:00,293.601
4/24/2021,6:00,291.683
4/24/2021,12:00,290.874
4/24/2021,18:00,291.497
4/25/2021,0:00,289.3
4/25/2021,6:00,289.569
4/25/2021,12:00,289.311
4/25/2021,18:00,290.43
4/26/2021,0:00,288.03
4/26/2021,6:00,284.53
4/26/2021,12:00,282.754
4/26/2021,18:00,287.42
4/27/2021,0:00,285.994
4/27/2021,6:00,283.102
4/27/2021,12:00,281.82
4/27/2021,18:00,287.528
4/28/2021,0:00,285.048
4/28/2021,6:00,281.996
4/28/2021,12:00,281.048
4/28/2021,18:00,287.125
4/29/2021,0:00,285.644
4/29/2021,6:00,282.942
4/29/2021,12:00,281.9
4/29/2021,18:00,288.374
4/30/2021,0:00,288.152
4/30/2021,6:00,285.801
4/30/2021,12:00,285.042
4/30/2021,18:00,290.8
5/1/2021,0:00,289.724
5/1/2021,6:00,287.712
5/1/2021,12:00,286.477
5/1/2021,18:00,292.019
5/2/2021,0:00,291.615
5/2/2021,6:00,288.806
5/2/2021,12:00,287.905
5/2/2021,18:00,293.112
5/3/2021,0:00,293.115
5/3/2021,6:00,291.114
5/3/2021,12:00,290.828
5/3/2021,18:00,296.1
5/4/2021,0:00,295.245
5/4/2021,6:00,293.491
5/4/2021,12:00,292.149
5/4/2021,18:00,297.449
5/5/2021,0:00,293.785
5/5/2021,6:00,291.1
5/5/2021,12:00,290.398
5/5/2021,18:00,290.286
5/6/2021,0:00,285.732
5/6/2021,6:00,285.345
5/6/2021,12:00,284.347
5/6/2021,18:00,284.356
5/7/2021,0:00,281.412
5/7/2021,6:00,279.297
5/7/2021,12:00,278.759
5/7/2021,18:00,282.915
5/8/2021,0:00,283.105
5/8/2021,6:00,281.461
5/8/2021,12:00,280.673
5/8/2021,18:00,286.159
5/9/2021,0:00,286.503
5/9/2021,6:00,284.653
5/9/2021,12:00,284.205
5/9/2021,18:00,289.17
5/10/2021,0:00,289.694
5/10/2021,6:00,288.613
5/10/2021,12:00,287.445
5/10/2021,18:00,291.998
5/11/2021,0:00,288.903
5/11/2021,6:00,287.9
5/11/2021,12:00,286.896
5/11/2021,18:00,286.895
5/12/2021,0:00,285.8
5/12/2021,6:00,284.058
5/12/2021,12:00,280.712
5/12/2021,18:00,283.356
5/13/2021,0:00,283.044
5/13/2021,6:00,280.888
5/13/2021,12:00,280.108
5/13/2021,18:00,285.045
5/14/2021,0:00,285.467
5/14/2021,6:00,283.826
5/14/2021,12:00,284.048
5/14/2021,18:00,287.894
5/15/2021,0:00,287.612
5/15/2021,6:00,285.124
5/15/2021,12:00,284.026
5/15/2021,18:00,288.471
5/16/2021,0:00,287.905
5/16/2021,6:00,286.307
5/16/2021,12:00,285.605
5/16/2021,18:00,289.99
5/17/2021,0:00,288.447
5/17/2021,6:00,286.527
5/17/2021,12:00,285.014
5/17/2021,18:00,289.151
5/18/2021,0:00,286.964
5/18/2021,6:00,284.18
5/18/2021,12:00,282.735
5/18/2021,18:00,286.948
5/19/2021,0:00,286.136
5/19/2021,6:00,284.171
5/19/2021,12:00,283.271
5/19/2021,18:00,287.998
5/20/2021,0:00,289.11
5/20/2021,6:00,287.949
5/20/2021,12:00,285.184
5/20/2021,18:00,289.8
5/21/2021,0:00,289.844
5/21/2021,6:00,288.727
5/21/2021,12:00,288.852
5/21/2021,18:00,292.165
5/22/2021,0:00,291.264
5/22/2021,6:00,290.147
5/22/2021,12:00,287.768
5/22/2021,18:00,287.768
5/23/2021,0:00,284.315
5/23/2021,6:00,281.6
5/23/2021,12:00,280.111
5/23/2021,18:00,282.299
5/24/2021,0:00,283.452
5/24/2021,6:00,282.048
5/24/2021,12:00,280.044
5/24/2021,18:00,282.8
5/25/2021,0:00,282.4
5/25/2021,6:00,280.423
5/25/2021,12:00,279.639
5/25/2021,18:00,284.102
5/26/2021,0:00,284.501
5/26/2021,6:00,282.476
5/26/2021,12:00,281.478
5/26/2021,18:00,285.911
5/27/2021,0:00,287.382
5/27/2021,6:00,285.8
5/27/2021,12:00,284.767
5/27/2021,18:00,289.004
5/28/2021,0:00,290.006
5/28/2021,6:00,289.627
5/28/2021,12:00,290.055
5/28/2021,18:00,291.301
5/29/2021,0:00,292.437
5/29/2021,6:00,290.107
5/29/2021,12:00,289.612
5/29/2021,18:00,289.378
5/30/2021,0:00,285.065
5/30/2021,6:00,281.989
5/30/2021,12:00,280.203
5/30/2021,18:00,282.661
5/31/2021,0:00,281.142
5/31/2021,6:00,279.621
5/31/2021,12:00,279.56
5/31/2021,18:00,283.623
6/1/2021,0:00,284.364
6/1/2021,6:00,283.102
6/1/2021,12:00,282.2
6/1/2021,18:00,285.713
6/2/2021,0:00,288.3
6/2/2021,6:00,287.102
6/2/2021,12:00,286.814
6/2/2021,18:00,289.302
6/3/2021,0:00,288.7
6/3/2021,6:00,286.142
6/3/2021,12:00,285.605
6/3/2021,18:00,288.861
6/4/2021,0:00,290.861
6/4/2021,6:00,290.242
6/4/2021,12:00,290.181
6/4/2021,18:00,293.515
6/5/2021,0:00,293.039
6/5/2021,6:00,291.232
6/5/2021,12:00,290.516
6/5/2021,18:00,293.591
6/6/2021,0:00,294.427
6/6/2021,6:00,289.988
6/6/2021,12:00,289.537
6/6/2021,18:00,289.752
6/7/2021,0:00,288.003
6/7/2021,6:00,287.106
6/7/2021,12:00,286.197
6/7/2021,18:00,288.361
6/8/2021,0:00,290.365
6/8/2021,6:00,288
6/8/2021,12:00,288.512
6/8/2021,18:00,288.718
6/9/2021,0:00,288.205
6/9/2021,6:00,286.2
6/9/2021,12:00,286.506
6/9/2021,18:00,288.48
6/10/2021,0:00,290.436
6/10/2021,6:00,288.733
6/10/2021,12:00,288.17
6/10/2021,18:00,288.959
6/11/2021,0:00,286.895
6/11/2021,6:00,285.36
6/11/2021,12:00,283.3
6/11/2021,18:00,285.558
6/12/2021,0:00,283.4
6/12/2021,6:00,281.753
6/12/2021,12:00,281.213
6/12/2021,18:00,284.309
6/13/2021,0:00,284.355
6/13/2021,6:00,283.01
6/13/2021,12:00,282.169
6/13/2021,18:00,285.103
6/14/2021,0:00,286.401
6/14/2021,6:00,285.102
6/14/2021,12:00,284.2
6/14/2021,18:00,287.217
6/15/2021,0:00,287.428
6/15/2021,6:00,285.648
6/15/2021,12:00,284.536
6/15/2021,18:00,287.539
6/16/2021,0:00,284.79
6/16/2021,6:00,281.805
6/16/2021,12:00,281.7
6/16/2021,18:00,283.256
6/17/2021,0:00,280.458
6/17/2021,6:00,278.2
6/17/2021,12:00,276.946
6/17/2021,18:00,279.581
6/18/2021,0:00,280.474
6/18/2021,6:00,278.526
6/18/2021,12:00,278.472
6/18/2021,18:00,281.14
6/19/2021,0:00,283.753
6/19/2021,6:00,283.205
6/19/2021,12:00,284.265
6/19/2021,18:00,285.07
6/20/2021,0:00,285.177
6/20/2021,6:00,284.467
6/20/2021,12:00,282.135
6/20/2021,18:00,284.409
6/21/2021,0:00,282.931
6/21/2021,6:00,282.344
6/21/2021,12:00,281.986
6/21/2021,18:00,284.565
6/22/2021,0:00,284.763
6/22/2021,6:00,284.97
6/22/2021,12:00,285.224
6/22/2021,18:00,286.7
6/23/2021,0:00,286.805
6/23/2021,6:00,285.355
6/23/2021,12:00,285.498
6/23/2021,18:00,287.24
6/24/2021,0:00,288.302
6/24/2021,6:00,288.9
6/24/2021,12:00,288.9
6/24/2021,18:00,288.748
6/25/2021,0:00,286.289
6/25/2021,6:00,282.632
6/25/2021,12:00,281.605
6/25/2021,18:00,283.984
6/26/2021,0:00,286.443
6/26/2021,6:00,287.496
6/26/2021,12:00,288.402
6/26/2021,18:00,291.049
6/27/2021,0:00,290.154
6/27/2021,6:00,285.329
6/27/2021,12:00,282.214
6/27/2021,18:00,280.803
6/28/2021,0:00,279.501
6/28/2021,6:00,276.635
6/28/2021,12:00,274.371
6/28/2021,18:00,276.601
6/29/2021,0:00,275.97
6/29/2021,6:00,273.851
6/29/2021,12:00,273.566
6/29/2021,18:00,275.163
6/30/2021,0:00,275.199
6/30/2021,6:00,275.068
6/30/2021,12:00,275.014
6/30/2021,18:00,277.731
7/1/2021,0:00,279.033
7/1/2021,6:00,278.236
7/1/2021,12:00,278.005
7/1/2021,18:00,281.293
7/2/2021,0:00,282.125
7/2/2021,6:00,280.755
7/2/2021,12:00,279.811
7/2/2021,18:00,283.42
7/3/2021,0:00,284.045
7/3/2021,6:00,282.654
7/3/2021,12:00,281.069
7/3/2021,18:00,283.5
7/4/2021,0:00,283.403
7/4/2021,6:00,281.494
7/4/2021,12:00,280.792
7/4/2021,18:00,283.6
7/5/2021,0:00,284.908
7/5/2021,6:00,284.508
7/5/2021,12:00,284.315
7/5/2021,18:00,287.5
7/6/2021,0:00,287.8
7/6/2021,6:00,286.092
7/6/2021,12:00,285.481
7/6/2021,18:00,288.686
7/7/2021,0:00,287.252
7/7/2021,6:00,285.382
7/7/2021,12:00,284.648
7/7/2021,18:00,286.331
7/8/2021,0:00,287.36
7/8/2021,6:00,285.961
7/8/2021,12:00,284.99
7/8/2021,18:00,288.521
7/9/2021,0:00,287.222
7/9/2021,6:00,285.189
7/9/2021,12:00,283.528
7/9/2021,18:00,286.79
7/10/2021,0:00,286.619
7/10/2021,6:00,284.815
7/10/2021,12:00,283.915
7/10/2021,18:00,287.362
7/11/2021,0:00,290.282
7/11/2021,6:00,288.2
7/11/2021,12:00,287.212
7/11/2021,18:00,290
7/12/2021,0:00,290.002
7/12/2021,6:00,287.242
7/12/2021,12:00,286.424
7/12/2021,18:00,288.32
7/13/2021,0:00,289.4
7/13/2021,6:00,288.74
7/13/2021,12:00,287.973
7/13/2021,18:00,290.052
7/14/2021,0:00,290.703
7/14/2021,6:00,289.966
7/14/2021,12:00,288.62
7/14/2021,18:00,290.853
7/15/2021,0:00,292.153
7/15/2021,6:00,289.063
7/15/2021,12:00,287.933
7/15/2021,18:00,288.073
7/16/2021,0:00,285.049
7/16/2021,6:00,285.035
7/16/2021,12:00,281.899
7/16/2021,18:00,283.274
7/17/2021,0:00,283.915
7/17/2021,6:00,282.758
7/17/2021,12:00,281.848
7/17/2021,18:00,284.442
7/18/2021,0:00,281.901
7/18/2021,6:00,277.857
7/18/2021,12:00,274.715
7/18/2021,18:00,277.885
7/19/2021,0:00,276.121
7/19/2021,6:00,274.543
7/19/2021,12:00,273.436
7/19/2021,18:00,276.935
7/20/2021,0:00,277.767
7/20/2021,6:00,276.241
7/20/2021,12:00,276.101
7/20/2021,18:00,279.543
7/21/2021,0:00,280.502
7/21/2021,6:00,279.732
7/21/2021,12:00,279.418
7/21/2021,18:00,283.836
7/22/2021,0:00,285.086
7/22/2021,6:00,284.262
7/22/2021,12:00,284.2
7/22/2021,18:00,288.135
7/23/2021,0:00,289.098
7/23/2021,6:00,287.732
7/23/2021,12:00,286.522
7/23/2021,18:00,289.516
7/24/2021,0:00,289.3
7/24/2021,6:00,287.645
7/24/2021,12:00,287.183
7/24/2021,18:00,290.512
7/25/2021,0:00,290.821
7/25/2021,6:00,288.602
7/25/2021,12:00,288.482
7/25/2021,18:00,290.736
7/26/2021,0:00,293.984
7/26/2021,6:00,292.2
7/26/2021,12:00,291.902
7/26/2021,18:00,292.909
7/27/2021,0:00,290.399
7/27/2021,6:00,286
7/27/2021,12:00,281.864
7/27/2021,18:00,282.027
7/28/2021,0:00,276.863
7/28/2021,6:00,274.63
7/28/2021,12:00,273.441
7/28/2021,18:00,277.224
7/29/2021,0:00,275.895
7/29/2021,6:00,271.991
7/29/2021,12:00,271.6
7/29/2021,18:00,275.408
7/30/2021,0:00,275.536
7/30/2021,6:00,273.712
7/30/2021,12:00,273.157
7/30/2021,18:00,277.917
7/31/2021,0:00,278.9
7/31/2021,6:00,278.001
7/31/2021,12:00,278.008
7/31/2021,18:00,282.672
8/1/2021,0:00,284.095
8/1/2021,6:00,282.212
8/1/2021,12:00,280.649
8/1/2021,18:00,284.866
8/2/2021,0:00,283.351
8/2/2021,6:00,280.629
8/2/2021,12:00,279.571
8/2/2021,18:00,283.447
8/3/2021,0:00,281.171
8/3/2021,6:00,278.79
8/3/2021,12:00,278.427
8/3/2021,18:00,282.784
8/4/2021,0:00,282.865
8/4/2021,6:00,281.297
8/4/2021,12:00,280.828
8/4/2021,18:00,285.304
8/5/2021,0:00,285.5
8/5/2021,6:00,284.27
8/5/2021,12:00,283.722
8/5/2021,18:00,286.841
8/6/2021,0:00,288.565
8/6/2021,6:00,287.861
8/6/2021,12:00,285.845
8/6/2021,18:00,289.202
8/7/2021,0:00,289.738
8/7/2021,6:00,287.901
8/7/2021,12:00,287.753
8/7/2021,18:00,290.401
8/8/2021,0:00,290.588
8/8/2021,6:00,288.712
8/8/2021,12:00,287.646
8/8/2021,18:00,291.263
8/9/2021,0:00,290.878
8/9/2021,6:00,289.473
8/9/2021,12:00,288.898
8/9/2021,18:00,291.638
8/10/2021,0:00,290.385
8/10/2021,6:00,287.315
8/10/2021,12:00,285.864
8/10/2021,18:00,286.057
8/11/2021,0:00,284.4
8/11/2021,6:00,283.2
8/11/2021,12:00,279.246
8/11/2021,18:00,281.551
8/12/2021,0:00,279.754
8/12/2021,6:00,276.737
8/12/2021,12:00,276.084
8/12/2021,18:00,279.61
8/13/2021,0:00,280.711
8/13/2021,6:00,280.104
8/13/2021,12:00,279.942
8/13/2021,18:00,285.163
8/14/2021,0:00,287.675
8/14/2021,6:00,283.695
8/14/2021,12:00,283.662
8/14/2021,18:00,286.534
8/15/2021,0:00,286.774
8/15/2021,6:00,286.5
8/15/2021,12:00,284.92
8/15/2021,18:00,289.01
8/16/2021,0:00,286.725
8/16/2021,6:00,285.011
8/16/2021,12:00,285.236
8/16/2021,18:00,290.602
8/17/2021,0:00,289.631
8/17/2021,6:00,288.252
8/17/2021,12:00,288.188
8/17/2021,18:00,293.602
8/18/2021,0:00,293.953
8/18/2021,6:00,293.008
8/18/2021,12:00,292.863
8/18/2021,18:00,294.921
8/19/2021,0:00,294.781
8/19/2021,6:00,292.981
8/19/2021,12:00,291.529
8/19/2021,18:00,295.516
8/20/2021,0:00,294.546
8/20/2021,6:00,293.412
8/20/2021,12:00,292.885
8/20/2021,18:00,295.224
8/21/2021,0:00,292.786
8/21/2021,6:00,290.582
8/21/2021,12:00,288.112
8/21/2021,18:00,293.903
8/22/2021,0:00,293.39
8/22/2021,6:00,292.94
8/22/2021,12:00,290.282
8/22/2021,18:00,293.901
8/23/2021,0:00,294.561
8/23/2021,6:00,290.461
8/23/2021,12:00,290.526
8/23/2021,18:00,294.526
8/24/2021,0:00,294.348
8/24/2021,6:00,291.717
8/24/2021,12:00,293.527
8/24/2021,18:00,294.794
8/25/2021,0:00,291.995
8/25/2021,6:00,289.963
8/25/2021,12:00,289.6
8/25/2021,18:00,291.7
8/26/2021,0:00,288.26
8/26/2021,6:00,286.302
8/26/2021,12:00,283.525
8/26/2021,18:00,284.494
8/27/2021,0:00,285.941
8/27/2021,6:00,282.232
8/27/2021,12:00,280.691
8/27/2021,18:00,285.286
8/28/2021,0:00,284.349
8/28/2021,6:00,283.116
8/28/2021,12:00,283.285
8/28/2021,18:00,288.844
8/29/2021,0:00,289.87
8/29/2021,6:00,286.616
8/29/2021,12:00,285.769
8/29/2021,18:00,291
8/30/2021,0:00,290.216
8/30/2021,6:00,287.028
8/30/2021,12:00,285.918
8/30/2021,18:00,290.246
8/31/2021,0:00,289.6
8/31/2021,6:00,287.5
8/31/2021,12:00,286.659
8/31/2021,18:00,290.566
9/1/2021,0:00,290.555
9/1/2021,6:00,288.803
9/1/2021,12:00,287.61
9/1/2021,18:00,291.08
9/2/2021,0:00,292.139
9/2/2021,6:00,290.697
9/2/2021,12:00,289.6
9/2/2021,18:00,292.692
9/3/2021,0:00,292.605
9/3/2021,6:00,290.036
9/3/2021,12:00,287.515
9/3/2021,18:00,292.058
9/4/2021,0:00,289.044
9/4/2021,6:00,287.044
9/4/2021,12:00,286.658
9/4/2021,18:00,292.094
9/5/2021,0:00,290.815
9/5/2021,6:00,288.893
9/5/2021,12:00,288.261
9/5/2021,18:00,291.56
9/6/2021,0:00,286.363
9/6/2021,6:00,284.921
9/6/2021,12:00,284.91
9/6/2021,18:00,289.203
9/7/2021,0:00,288.646
9/7/2021,6:00,288.86
9/7/2021,12:00,289.03
9/7/2021,18:00,292.171
9/8/2021,0:00,294.416
9/8/2021,6:00,295.021
9/8/2021,12:00,289.851
9/8/2021,18:00,289.865
9/9/2021,0:00,287.673
9/9/2021,6:00,283.751
9/9/2021,12:00,281.761
9/9/2021,18:00,285.1
9/10/2021,0:00,283.678
9/10/2021,6:00,282.359
9/10/2021,12:00,280.272
9/10/2021,18:00,285.102
9/11/2021,0:00,283.719
9/11/2021,6:00,281.755
9/11/2021,12:00,281.221
9/11/2021,18:00,287.355
9/12/2021,0:00,287.442
9/12/2021,6:00,287.348
9/12/2021,12:00,287.599
9/12/2021,18:00,294.201
9/13/2021,0:00,295.737
9/13/2021,6:00,293.666
9/13/2021,12:00,293.672
9/13/2021,18:00,295.684
9/14/2021,0:00,293.735
9/14/2021,6:00,292.237
9/14/2021,12:00,291.312
9/14/2021,18:00,290.877
9/15/2021,0:00,287.465
9/15/2021,6:00,282.343
9/15/2021,12:00,280.051
9/15/2021,18:00,284.228
9/16/2021,0:00,286.865
9/16/2021,6:00,284.556
9/16/2021,12:00,282.329
9/16/2021,18:00,288.9
9/17/2021,0:00,288.874
9/17/2021,6:00,288.367
9/17/2021,12:00,287.681
9/17/2021,18:00,288.434
9/18/2021,0:00,288.436
9/18/2021,6:00,287.898
9/18/2021,12:00,288.718
9/18/2021,18:00,292.741
9/19/2021,0:00,292.377
9/19/2021,6:00,291.666
9/19/2021,12:00,291.838
9/19/2021,18:00,295
9/20/2021,0:00,297.492
9/20/2021,6:00,295.984
9/20/2021,12:00,293.966
9/20/2021,18:00,298.971
9/21/2021,0:00,295.773
9/21/2021,6:00,292.261
9/21/2021,12:00,289.389
9/21/2021,18:00,288.539
9/22/2021,0:00,285.839
9/22/2021,6:00,281.539
9/22/2021,12:00,280.46
9/22/2021,18:00,285.5
9/23/2021,0:00,288.368
9/23/2021,6:00,287.024
9/23/2021,12:00,287.1
9/23/2021,18:00,288.771
9/24/2021,0:00,288.1
9/24/2021,6:00,285.505
9/24/2021,12:00,285.724
9/24/2021,18:00,287.351
9/25/2021,0:00,284.765
9/25/2021,6:00,282.896
9/25/2021,12:00,282.473
9/25/2021,18:00,289.158
9/26/2021,0:00,287.317
9/26/2021,6:00,285.645
9/26/2021,12:00,285.229
9/26/2021,18:00,292.941
9/27/2021,0:00,289.943
9/27/2021,6:00,288.118
9/27/2021,12:00,287.629
9/27/2021,18:00,295.893
9/28/2021,0:00,295.061
9/28/2021,6:00,292.24
9/28/2021,12:00,290.739
9/28/2021,18:00,293.297
9/29/2021,0:00,290.677
9/29/2021,6:00,289.59
9/29/2021,12:00,288.742
9/29/2021,18:00,292.344
9/30/2021,0:00,290.204
9/30/2021,6:00,288.735
9/30/2021,12:00,288.769
9/30/2021,18:00,293.866
10/1/2021,0:00,296.279
10/1/2021,6:00,291.981
10/1/2021,12:00,291.836
10/1/2021,18:00,292.9
10/2/2021,0:00,291.62
10/2/2021,6:00,287.748
10/2/2021,12:00,288.041
10/2/2021,18:00,292.255
10/3/2021,0:00,291.343
10/3/2021,6:00,290.756
10/3/2021,12:00,290.552
10/3/2021,18:00,291.7
10/4/2021,0:00,289.302
10/4/2021,6:00,286.61
10/4/2021,12:00,285.611
10/4/2021,18:00,286.474
10/5/2021,0:00,284.639
10/5/2021,6:00,282.656
10/5/2021,12:00,281.356
10/5/2021,18:00,288.4
10/6/2021,0:00,289.559
10/6/2021,6:00,288.699
10/6/2021,12:00,288.484
10/6/2021,18:00,291.914
10/7/2021,0:00,289.348
10/7/2021,6:00,286.688
10/7/2021,12:00,284.267
10/7/2021,18:00,286.531
10/8/2021,0:00,286.364
10/8/2021,6:00,284.165
10/8/2021,12:00,284.488
10/8/2021,18:00,290.035
10/9/2021,0:00,289.634
10/9/2021,6:00,290.362
10/9/2021,12:00,290.351
10/9/2021,18:00,291.117
10/10/2021,0:00,290.305
10/10/2021,6:00,289.141
10/10/2021,12:00,289.073
10/10/2021,18:00,290.441
10/11/2021,0:00,289.509
10/11/2021,6:00,289.079
10/11/2021,12:00,288.131
10/11/2021,18:00,289.478
10/12/2021,0:00,289.266
10/12/2021,6:00,288.5
10/12/2021,12:00,289.283
10/12/2021,18:00,293.455
10/13/2021,0:00,290.691
10/13/2021,6:00,289.481
10/13/2021,12:00,289.094
10/13/2021,18:00,294.216
10/14/2021,0:00,293.214
10/14/2021,6:00,290.669
10/14/2021,12:00,290.423
10/14/2021,18:00,293.899
10/15/2021,0:00,293.874
10/15/2021,6:00,291.403
10/15/2021,12:00,290.265
10/15/2021,18:00,290.777
10/16/2021,0:00,286.984
10/16/2021,6:00,285.88
10/16/2021,12:00,285.757
10/16/2021,18:00,286.209
10/17/2021,0:00,287.558
10/17/2021,6:00,284.284
10/17/2021,12:00,283.58
10/17/2021,18:00,288.447
10/18/2021,0:00,288.08
10/18/2021,6:00,284.253
10/18/2021,12:00,283.747
10/18/2021,18:00,290.627
10/19/2021,0:00,287.913
10/19/2021,6:00,285.114
10/19/2021,12:00,284.393
10/19/2021,18:00,291.213
10/20/2021,0:00,286.608
10/20/2021,6:00,284.206
10/20/2021,12:00,283.079
10/20/2021,18:00,290.362
10/21/2021,0:00,288.8
10/21/2021,6:00,285.466
10/21/2021,12:00,285.367
10/21/2021,18:00,292.127
10/22/2021,0:00,289.834
10/22/2021,6:00,287.353
10/22/2021,12:00,286.579
10/22/2021,18:00,294.268
10/23/2021,0:00,292.212
10/23/2021,6:00,290.626
10/23/2021,12:00,289.954
10/23/2021,18:00,289.981
10/24/2021,0:00,289.499
10/24/2021,6:00,286.512
10/24/2021,12:00,285.302
10/24/2021,18:00,286.8
10/25/2021,0:00,286.325
10/25/2021,6:00,284.387
10/25/2021,12:00,283.818
10/25/2021,18:00,291.366
10/26/2021,0:00,290.145
10/26/2021,6:00,288.184
10/26/2021,12:00,287.91
10/26/2021,18:00,294.937
10/27/2021,0:00,292.755
10/27/2021,6:00,290.415
10/27/2021,12:00,289.439
10/27/2021,18:00,297.296
10/28/2021,0:00,293.177
10/28/2021,6:00,290.63
10/28/2021,12:00,288.991
10/28/2021,18:00,296.197
10/29/2021,0:00,295.039
10/29/2021,6:00,292.181
10/29/2021,12:00,291.653
10/29/2021,18:00,295.115
10/30/2021,0:00,292.043
10/30/2021,6:00,291.087
10/30/2021,12:00,290.76
10/30/2021,18:00,294.941
10/31/2021,0:00,293.03
10/31/2021,6:00,290.421
10/31/2021,12:00,290.36
10/31/2021,18:00,296.185
11/1/2021,0:00,293.612
11/1/2021,6:00,291.027
11/1/2021,12:00,290.013
11/1/2021,18:00,295.464
11/2/2021,0:00,294.343
11/2/2021,6:00,292.251
11/2/2021,12:00,290.76
11/2/2021,18:00,297.117
11/3/2021,0:00,295.953
11/3/2021,6:00,293.394
11/3/2021,12:00,291.383
11/3/2021,18:00,296.283
11/4/2021,0:00,291.993
11/4/2021,6:00,291.546
11/4/2021,12:00,291.087
11/4/2021,18:00,296.274
11/5/2021,0:00,295.769
11/5/2021,6:00,293.107
11/5/2021,12:00,292.784
11/5/2021,18:00,299.365
11/6/2021,0:00,294.461
11/6/2021,6:00,292.588
11/6/2021,12:00,291.596
11/6/2021,18:00,293.153
11/7/2021,0:00,291.195
11/7/2021,6:00,289.147
11/7/2021,12:00,288.522
11/7/2021,18:00,292.483
11/8/2021,0:00,293.054
11/8/2021,6:00,288.793
11/8/2021,12:00,287.772
11/8/2021,18:00,294.459
11/9/2021,0:00,291.477
11/9/2021,6:00,287.837
11/9/2021,12:00,286.678
11/9/2021,18:00,293.992
11/10/2021,0:00,290.527
11/10/2021,6:00,287.221
11/10/2021,12:00,286.272
11/10/2021,18:00,293.879
11/11/2021,0:00,292.043
11/11/2021,6:00,288.504
11/11/2021,12:00,288.284
11/11/2021,18:00,294.968
11/12/2021,0:00,292.417
11/12/2021,6:00,289.435
11/12/2021,12:00,288.266
11/12/2021,18:00,295.089
11/13/2021,0:00,293.563
11/13/2021,6:00,290.247
11/13/2021,12:00,289.132
11/13/2021,18:00,295.176
11/14/2021,0:00,295.16
11/14/2021,6:00,291.087
11/14/2021,12:00,289.628
11/14/2021,18:00,295.947
11/15/2021,0:00,295.048
11/15/2021,6:00,293.861
11/15/2021,12:00,292.838
11/15/2021,18:00,296.886
11/16/2021,0:00,296.712
11/16/2021,6:00,295.22
11/16/2021,12:00,294.143
11/16/2021,18:00,300.544
11/17/2021,0:00,293.797
11/17/2021,6:00,291.54
11/17/2021,12:00,292.214
11/17/2021,18:00,292.221
11/18/2021,0:00,289.183
11/18/2021,6:00,288.597
11/18/2021,12:00,288.648
11/18/2021,18:00,290.46
11/19/2021,0:00,290.844
11/19/2021,6:00,286.889
11/19/2021,12:00,286.056
11/19/2021,18:00,292.099
11/20/2021,0:00,289.809
11/20/2021,6:00,286.706
11/20/2021,12:00,285.746
11/20/2021,18:00,294.391
11/21/2021,0:00,292.897
11/21/2021,6:00,289.875
11/21/2021,12:00,289.115
11/21/2021,18:00,297.59
11/22/2021,0:00,295.278
11/22/2021,6:00,292.689
11/22/2021,12:00,292.083
11/22/2021,18:00,299.683
11/23/2021,0:00,297.321
11/23/2021,6:00,295.398
11/23/2021,12:00,293.843
11/23/2021,18:00,299.762
11/24/2021,0:00,295.681
11/24/2021,6:00,290.878
11/24/2021,12:00,289.145
11/24/2021,18:00,299.067
11/25/2021,0:00,297.581
11/25/2021,6:00,295.67
11/25/2021,12:00,294.828
11/25/2021,18:00,300.939
11/26/2021,0:00,292.694
11/26/2021,6:00,291.565
11/26/2021,12:00,290.998
11/26/2021,18:00,291.566
11/27/2021,0:00,290.034
11/27/2021,6:00,288.738
11/27/2021,12:00,288.025
11/27/2021,18:00,293.427
11/28/2021,0:00,293.173
11/28/2021,6:00,291.12
11/28/2021,12:00,290.057
11/28/2021,18:00,295.536
11/29/2021,0:00,291.853
11/29/2021,6:00,290.63
11/29/2021,12:00,288.319
11/29/2021,18:00,292.451
11/30/2021,0:00,292.914
11/30/2021,6:00,289.01
11/30/2021,12:00,287.823
11/30/2021,18:00,294.223
12/1/2021,0:00,291.412
12/1/2021,6:00,288.337
12/1/2021,12:00,287.703
12/1/2021,18:00,295.206
12/2/2021,0:00,292.617
12/2/2021,6:00,289.199
12/2/2021,12:00,287.961
12/2/2021,18:00,295.343
12/3/2021,0:00,292.566
12/3/2021,6:00,288.088
12/3/2021,12:00,287.591
12/3/2021,18:00,296.337
12/4/2021,0:00,295.113
12/4/2021,6:00,291.118
12/4/2021,12:00,290.596
12/4/2021,18:00,298.189
12/5/2021,0:00,297.881
12/5/2021,6:00,293.032
12/5/2021,12:00,292.707
12/5/2021,18:00,299.011
12/6/2021,0:00,294.522
12/6/2021,6:00,291.019
12/6/2021,12:00,290.041
12/6/2021,18:00,296.108
12/7/2021,0:00,292.727
12/7/2021,6:00,289.105
12/7/2021,12:00,288.317
12/7/2021,18:00,294.694
12/8/2021,0:00,292.781
12/8/2021,6:00,289.335
12/8/2021,12:00,287.881
12/8/2021,18:00,294.389
12/9/2021,0:00,293.027
12/9/2021,6:00,287.157
12/9/2021,12:00,286.319
12/9/2021,18:00,296.113
12/10/2021,0:00,294.042
12/10/2021,6:00,288.293
12/10/2021,12:00,287.467
12/10/2021,18:00,297.851
12/11/2021,0:00,296.827
12/11/2021,6:00,293.072
12/11/2021,12:00,292.302
12/11/2021,18:00,299.413
12/12/2021,0:00,295.962
12/12/2021,6:00,293.568
12/12/2021,12:00,293.245
12/12/2021,18:00,299.747
12/13/2021,0:00,296.956
12/13/2021,6:00,295.548
12/13/2021,12:00,295.216
12/13/2021,18:00,294.617
12/14/2021,0:00,295.033
12/14/2021,6:00,293.551
12/14/2021,12:00,292.702
12/14/2021,18:00,294.872
12/15/2021,0:00,294.882
12/15/2021,6:00,294.75
12/15/2021,12:00,294.252
12/15/2021,18:00,299.532
12/16/2021,0:00,296.85
12/16/2021,6:00,292.478
12/16/2021,12:00,292.295
12/16/2021,18:00,299.185
12/17/2021,0:00,296.212
12/17/2021,6:00,291.349
12/17/2021,12:00,289.996
12/17/2021,18:00,297.258
12/18/2021,0:00,295.468
12/18/2021,6:00,291.356
12/18/2021,12:00,291.153
12/18/2021,18:00,300.451
12/19/2021,0:00,297.145
12/19/2021,6:00,294.03
12/19/2021,12:00,293.199
12/19/2021,18:00,300.385
12/20/2021,0:00,300.018
12/20/2021,6:00,296.478
12/20/2021,12:00,296.611
12/20/2021,18:00,302.632
12/21/2021,0:00,295.466
12/21/2021,6:00,294.309
12/21/2021,12:00,293.13
12/21/2021,18:00,300.461
12/22/2021,0:00,296.313
12/22/2021,6:00,292.585
12/22/2021,12:00,292.43
12/22/2021,18:00,299.025
12/23/2021,0:00,295.254
12/23/2021,6:00,290.06
12/23/2021,12:00,287.595
12/23/2021,18:00,294.033
12/24/2021,0:00,293.5
12/24/2021,6:00,288.688
12/24/2021,12:00,287.638
12/24/2021,18:00,296.455
12/25/2021,0:00,294.665
12/25/2021,6:00,291.122
12/25/2021,12:00,290.217
12/25/2021,18:00,299.72
12/26/2021,0:00,295.923
12/26/2021,6:00,292.784
12/26/2021,12:00,291.957
12/26/2021,18:00,301.535
12/27/2021,0:00,298.702
12/27/2021,6:00,291.07
12/27/2021,12:00,290.727
12/27/2021,18:00,299.784
12/28/2021,0:00,295.562
12/28/2021,6:00,292.446
12/28/2021,12:00,291.936
12/28/2021,18:00,301.246
12/29/2021,0:00,297.405
12/29/2021,6:00,292.867
12/29/2021,12:00,291.995
12/29/2021,18:00,299.956
12/30/2021,0:00,295.237
12/30/2021,6:00,293.658
12/30/2021,12:00,291.851
12/30/2021,18:00,299.389
12/31/2021,0:00,292.68
12/31/2021,6:00,291.567
12/31/2021,12:00,290.526
12/31/2021,18:00,298.473
1/1/2022,0:00,297.501
1/1/2022,6:00,294.382
1/1/2022,12:00,293.67
1/1/2022,18:00,303.068
1/2/2022,0:00,301.983
1/2/2022,6:00,295.955
1/2/2022,12:00,295.568
1/2/2022,18:00,303.092
1/3/2022,0:00,298.39
1/3/2022,6:00,293.808
1/3/2022,12:00,292.928
1/3/2022,18:00,300.799
1/4/2022,0:00,292.607
1/4/2022,6:00,293.322
1/4/2022,12:00,292.998
1/4/2022,18:00,295.35
1/5/2022,0:00,293.399
1/5/2022,6:00,292.591
1/5/2022,12:00,291.422
1/5/2022,18:00,296.949
1/6/2022,0:00,291.916
1/6/2022,6:00,289.607
1/6/2022,12:00,288.754
1/6/2022,18:00,295.165
1/7/2022,0:00,293.444
1/7/2022,6:00,288.379
1/7/2022,12:00,287.654
1/7/2022,18:00,296.449
1/8/2022,0:00,294.57
1/8/2022,6:00,289.996
1/8/2022,12:00,290.31
1/8/2022,18:00,297.543
1/9/2022,0:00,293.503
1/9/2022,6:00,290.147
1/9/2022,12:00,288.902
1/9/2022,18:00,295.796
1/10/2022,0:00,293.673
1/10/2022,6:00,289.241
1/10/2022,12:00,288.893
1/10/2022,18:00,297.953
1/11/2022,0:00,295.234
1/11/2022,6:00,291.636
1/11/2022,12:00,291.092
1/11/2022,18:00,299.983
1/12/2022,0:00,297.103
1/12/2022,6:00,292.626
1/12/2022,12:00,290.805
1/12/2022,18:00,301.829
1/13/2022,0:00,296.416
1/13/2022,6:00,294.061
1/13/2022,12:00,292.178
1/13/2022,18:00,302.011
1/14/2022,0:00,300.549
1/14/2022,6:00,294.065
1/14/2022,12:00,293.848
1/14/2022,18:00,301.996
1/15/2022,0:00,300.416
1/15/2022,6:00,296.482
1/15/2022,12:00,296.029
1/15/2022,18:00,302.561
1/16/2022,0:00,294.639
1/16/2022,6:00,294.458
1/16/2022,12:00,294.469
1/16/2022,18:00,304.233
1/17/2022,0:00,302.573
1/17/2022,6:00,297.375
1/17/2022,12:00,297.003
1/17/2022,18:00,304.354
1/18/2022,0:00,302.434
1/18/2022,6:00,295.846
1/18/2022,12:00,295.818
1/18/2022,18:00,304.692
1/19/2022,0:00,300.405
1/19/2022,6:00,295.97
1/19/2022,12:00,294.56
1/19/2022,18:00,304.454
1/20/2022,0:00,300.544
1/20/2022,6:00,296.52
1/20/2022,12:00,295.565
1/20/2022,18:00,304.872
1/21/2022,0:00,298.505
1/21/2022,6:00,296.266
1/21/2022,12:00,296.159
1/21/2022,18:00,304.454
1/22/2022,0:00,301.726
1/22/2022,6:00,297.641
1/22/2022,12:00,295.189
1/22/2022,18:00,304.831
1/23/2022,0:00,302.381
1/23/2022,6:00,300.288
1/23/2022,12:00,297.053
1/23/2022,18:00,306.689
1/24/2022,0:00,300.063
1/24/2022,6:00,295.173
1/24/2022,12:00,295.18
1/24/2022,18:00,305.587
1/25/2022,0:00,299.642
1/25/2022,6:00,294.951
1/25/2022,12:00,294.677
1/25/2022,18:00,305.196
1/26/2022,0:00,295.76
1/26/2022,6:00,294.696
1/26/2022,12:00,294.852
1/26/2022,18:00,303.46
1/27/2022,0:00,295.71
1/27/2022,6:00,294.476
1/27/2022,12:00,293.847
1/27/2022,18:00,293.838
1/28/2022,0:00,293.256
1/28/2022,6:00,290.223
1/28/2022,12:00,288.735
1/28/2022,18:00,291.1
1/29/2022,0:00,291.735
1/29/2022,6:00,288.016
1/29/2022,12:00,287.164
1/29/2022,18:00,295.118
1/30/2022,0:00,292.061
1/30/2022,6:00,288.515
1/30/2022,12:00,288.154
1/30/2022,18:00,296.514
1/31/2022,0:00,297.619
1/31/2022,6:00,291.447
1/31/2022,12:00,290.464
1/31/2022,18:00,298.886
2/1/2022,0:00,295.525
2/1/2022,6:00,291.898
2/1/2022,12:00,291.101
2/1/2022,18:00,301.274
2/2/2022,0:00,296.907
2/2/2022,6:00,293.319
2/2/2022,12:00,292.458
2/2/2022,18:00,302.069
2/3/2022,0:00,299.122
2/3/2022,6:00,295.411
2/3/2022,12:00,295.079
2/3/2022,18:00,300.054
2/4/2022,0:00,299.237
2/4/2022,6:00,292.62
2/4/2022,12:00,292.683
2/4/2022,18:00,294.789
2/5/2022,0:00,295.555
2/5/2022,6:00,294.493
2/5/2022,12:00,293.917
2/5/2022,18:00,293.872
2/6/2022,0:00,293.516
2/6/2022,6:00,289.126
2/6/2022,12:00,287.433
2/6/2022,18:00,292.523
2/7/2022,0:00,290.665
2/7/2022,6:00,286.04
2/7/2022,12:00,283.904
2/7/2022,18:00,291.645
2/8/2022,0:00,288.789
2/8/2022,6:00,287.046
2/8/2022,12:00,285.937
2/8/2022,18:00,294.596
2/9/2022,0:00,290.538
2/9/2022,6:00,287.399
2/9/2022,12:00,286.339
2/9/2022,18:00,296.553
2/10/2022,0:00,293.043
2/10/2022,6:00,288.256
2/10/2022,12:00,288.284
2/10/2022,18:00,298.34
2/11/2022,0:00,296.677
2/11/2022,6:00,294.104
2/11/2022,12:00,290.631
2/11/2022,18:00,298.084
2/12/2022,0:00,296.861
2/12/2022,6:00,294.726
2/12/2022,12:00,293.14
2/12/2022,18:00,301.948
2/13/2022,0:00,293.191
2/13/2022,6:00,291.59
2/13/2022,12:00,290.904
2/13/2022,18:00,292.508
2/14/2022,0:00,293.483
2/14/2022,6:00,286.824
2/14/2022,12:00,285.34
2/14/2022,18:00,295.319
2/15/2022,0:00,292.005
2/15/2022,6:00,287.756
2/15/2022,12:00,286.635
2/15/2022,18:00,297.572
2/16/2022,0:00,294.253
2/16/2022,6:00,289.814
2/16/2022,12:00,288.218
2/16/2022,18:00,299.839
2/17/2022,0:00,296.626
2/17/2022,6:00,291.085
2/17/2022,12:00,290.204
2/17/2022,18:00,300.076
2/18/2022,0:00,295.837
2/18/2022,6:00,290.383
2/18/2022,12:00,289.539
2/18/2022,18:00,299.532
2/19/2022,0:00,295.566
2/19/2022,6:00,290.033
2/19/2022,12:00,288.911
2/19/2022,18:00,299.294
2/20/2022,0:00,295.637
2/20/2022,6:00,293.723
2/20/2022,12:00,292.829
2/20/2022,18:00,302.403
2/21/2022,0:00,297.559
2/21/2022,6:00,291.089
2/21/2022,12:00,291.476
2/21/2022,18:00,296.596
2/22/2022,0:00,294.936
2/22/2022,6:00,293.668
2/22/2022,12:00,292.522
2/22/2022,18:00,299.031
2/23/2022,0:00,297.293
2/23/2022,6:00,292.848
2/23/2022,12:00,291.223
2/23/2022,18:00,299.364
2/24/2022,0:00,296.336
2/24/2022,6:00,292.724
2/24/2022,12:00,291.782
2/24/2022,18:00,301.034
2/25/2022,0:00,299.07
2/25/2022,6:00,294.306
2/25/2022,12:00,293.563
2/25/2022,18:00,299.845
2/26/2022,0:00,295.93
2/26/2022,6:00,292.512
2/26/2022,12:00,291.629
2/26/2022,18:00,301.088
2/27/2022,0:00,300.199
2/27/2022,6:00,296.144
2/27/2022,12:00,295.579
2/27/2022,18:00,302.261
2/28/2022,0:00,300.974
2/28/2022,6:00,297.466
2/28/2022,12:00,296.676
2/28/2022,18:00,302.653
3/1/2022,0:00,294.125
3/1/2022,6:00,293.454
3/1/2022,12:00,293.059
3/1/2022,18:00,294.883
3/2/2022,0:00,296.773
3/2/2022,6:00,292.868
3/2/2022,12:00,292.348
3/2/2022,18:00,296.351
3/3/2022,0:00,294.647
3/3/2022,6:00,291.367
3/3/2022,12:00,290.839
3/3/2022,18:00,297.232
3/4/2022,0:00,296.368
3/4/2022,6:00,292.54
3/4/2022,12:00,292.456
3/4/2022,18:00,299.023
3/5/2022,0:00,295.862
3/5/2022,6:00,293.997
3/5/2022,12:00,293.912
3/5/2022,18:00,301.642
3/6/2022,0:00,299.466
3/6/2022,6:00,294.495
3/6/2022,12:00,293.59
3/6/2022,18:00,298.727
3/7/2022,0:00,294.73
3/7/2022,6:00,294.002
3/7/2022,12:00,293.623
3/7/2022,18:00,300.719
3/8/2022,0:00,293.627
3/8/2022,6:00,291.642
3/8/2022,12:00,291.65
3/8/2022,18:00,298.117
3/9/2022,0:00,294.482
3/9/2022,6:00,293.162
3/9/2022,12:00,293.381
3/9/2022,18:00,297.4
3/10/2022,0:00,294.122
3/10/2022,6:00,292.243
3/10/2022,12:00,292.406
3/10/2022,18:00,296.761
3/11/2022,0:00,292.116
3/11/2022,6:00,292.076
3/11/2022,12:00,292.15
3/11/2022,18:00,291.477
3/12/2022,0:00,290.351
3/12/2022,6:00,287.192
3/12/2022,12:00,286.054
3/12/2022,18:00,290.2
3/13/2022,0:00,290.222
3/13/2022,6:00,289.59
3/13/2022,12:00,289.3
3/13/2022,18:00,292.206
3/14/2022,0:00,289.439
3/14/2022,6:00,287.667
3/14/2022,12:00,287.746
3/14/2022,18:00,290.973
3/15/2022,0:00,289.812
3/15/2022,6:00,288.618
3/15/2022,12:00,288.401
3/15/2022,18:00,293.355
3/16/2022,0:00,292.333
3/16/2022,6:00,289.438
3/16/2022,12:00,289.061
3/16/2022,18:00,293.289
3/17/2022,0:00,293.027
3/17/2022,6:00,290.708
3/17/2022,12:00,290.131
3/17/2022,18:00,296.946
3/18/2022,0:00,295.218
3/18/2022,6:00,293.826
3/18/2022,12:00,294.379
3/18/2022,18:00,299.232
3/19/2022,0:00,293.211
3/19/2022,6:00,291.33
3/19/2022,12:00,290.04
3/19/2022,18:00,290.4
3/20/2022,0:00,287.799
3/20/2022,6:00,285.035
3/20/2022,12:00,284.343
3/20/2022,18:00,289.917
3/21/2022,0:00,287.867
3/21/2022,6:00,285.558
3/21/2022,12:00,286.023
3/21/2022,18:00,293.086
3/22/2022,0:00,291.491
3/22/2022,6:00,289.889
3/22/2022,12:00,289.686
3/22/2022,18:00,294.902
3/23/2022,0:00,292.472
3/23/2022,6:00,291.922
3/23/2022,12:00,291.855
3/23/2022,18:00,293.178
3/24/2022,0:00,290.397
3/24/2022,6:00,291.688
3/24/2022,12:00,292.841
3/24/2022,18:00,292.7
3/25/2022,0:00,292.247
3/25/2022,6:00,288.407
3/25/2022,12:00,285.785
3/25/2022,18:00,286.524
3/26/2022,0:00,286.675
3/26/2022,6:00,284.714
3/26/2022,12:00,283.779
3/26/2022,18:00,288.811
3/27/2022,0:00,287.544
3/27/2022,6:00,286.383
3/27/2022,12:00,285.832
3/27/2022,18:00,291.176
3/28/2022,0:00,289.544
3/28/2022,6:00,287.061
3/28/2022,12:00,286.212
3/28/2022,18:00,292.645
3/29/2022,0:00,291.435
3/29/2022,6:00,290.502
3/29/2022,12:00,290.274
3/29/2022,18:00,295
3/30/2022,0:00,297.46
3/30/2022,6:00,295.503
3/30/2022,12:00,291.675
3/30/2022,18:00,286.969
3/31/2022,0:00,283.922
3/31/2022,6:00,283.213
3/31/2022,12:00,280.961
3/31/2022,18:00,283.909
4/1/2022,0:00,282.184
4/1/2022,6:00,280.462
4/1/2022,12:00,279.505
4/1/2022,18:00,285.635
4/2/2022,0:00,286.08
4/2/2022,6:00,284.266
4/2/2022,12:00,284.064
4/2/2022,18:00,290.503
4/3/2022,0:00,291.02
4/3/2022,6:00,290.179
4/3/2022,12:00,289.551
4/3/2022,18:00,291.413
4/4/2022,0:00,293.336
4/4/2022,6:00,292.093
4/4/2022,12:00,291.081
4/4/2022,18:00,292.119
4/5/2022,0:00,292.612
4/5/2022,6:00,289.77
4/5/2022,12:00,288.938
4/5/2022,18:00,292.665
4/6/2022,0:00,293.268
4/6/2022,6:00,291.208
4/6/2022,12:00,290.428
4/6/2022,18:00,294.577
4/7/2022,0:00,294.977
4/7/2022,6:00,293.019
4/7/2022,12:00,292.405
4/7/2022,18:00,290.533
4/8/2022,0:00,290.167
4/8/2022,6:00,289.582
4/8/2022,12:00,289.139
4/8/2022,18:00,292.772
4/9/2022,0:00,291.172
4/9/2022,6:00,289.282
4/9/2022,12:00,288.519
4/9/2022,18:00,292.596
4/10/2022,0:00,289.921
4/10/2022,6:00,288.834
4/10/2022,12:00,288.494
4/10/2022,18:00,293.1
4/11/2022,0:00,291.9
4/11/2022,6:00,290.146
4/11/2022,12:00,289.954
4/11/2022,18:00,290.4
4/12/2022,0:00,289.802
4/12/2022,6:00,289.127
4/12/2022,12:00,288.002
4/12/2022,18:00,289.955
4/13/2022,0:00,291.714
4/13/2022,6:00,290.582
4/13/2022,12:00,288.968
4/13/2022,18:00,292.763
4/14/2022,0:00,289.596
4/14/2022,6:00,286.932
4/14/2022,12:00,284.073
4/14/2022,18:00,287.908
4/15/2022,0:00,284.051
4/15/2022,6:00,282.202
4/15/2022,12:00,281.334
4/15/2022,18:00,285.952
4/16/2022,0:00,285.115
4/16/2022,6:00,283.086
4/16/2022,12:00,281.904
4/16/2022,18:00,286.686
4/17/2022,0:00,286.696
4/17/2022,6:00,284.5
4/17/2022,12:00,283.701
4/17/2022,18:00,288.794
4/18/2022,6:00,286.42
4/18/2022,12:00,285.8
4/18/2022,18:00,290.455
4/19/2022,0:00,289.511
4/19/2022,6:00,287.587
4/19/2022,12:00,286.266
4/19/2022,18:00,291.089
4/20/2022,0:00,290.044
4/20/2022,6:00,288.12
4/20/2022,12:00,287
4/20/2022,18:00,292.036
4/21/2022,0:00,290.854
4/21/2022,6:00,289.963
4/21/2022,12:00,288.979
4/21/2022,18:00,293.461
4/22/2022,0:00,290.581
4/22/2022,6:00,287.765
4/22/2022,12:00,286.992
4/22/2022,18:00,291.291
4/23/2022,0:00,289.462
4/23/2022,6:00,288.572
4/23/2022,12:00,288.399
4/23/2022,18:00,288.648
4/24/2022,0:00,286.585
4/24/2022,6:00,285.3
4/24/2022,12:00,285.026
4/24/2022,18:00,290.382
4/25/2022,0:00,293.724
4/25/2022,6:00,292.949
4/25/2022,12:00,292.185
4/25/2022,18:00,294.727
4/26/2022,0:00,295.861
4/26/2022,6:00,292.903
4/26/2022,12:00,292
4/26/2022,18:00,294.741
4/27/2022,0:00,296.704
4/27/2022,6:00,295.305
4/27/2022,12:00,294.818
4/27/2022,18:00,297.508
4/28/2022,0:00,295.54
4/28/2022,6:00,295.219
4/28/2022,12:00,294.65
4/28/2022,18:00,295.168
4/29/2022,0:00,291.317
4/29/2022,6:00,288.848
4/29/2022,12:00,286.871
4/29/2022,18:00,288.708
4/30/2022,0:00,286.734
4/30/2022,6:00,285.724
4/30/2022,12:00,285.62
4/30/2022,18:00,291.147
5/1/2022,0:00,290.227
5/1/2022,6:00,289.603
5/1/2022,12:00,289.331
5/1/2022,18:00,291.361
5/2/2022,0:00,290.661
5/2/2022,6:00,289.405
5/2/2022,12:00,289.291
5/2/2022,18:00,287.2
5/3/2022,0:00,286.623
5/3/2022,6:00,287.065
5/3/2022,12:00,286.715
5/3/2022,18:00,286.456
5/4/2022,0:00,286.479
5/4/2022,6:00,286.138
5/4/2022,12:00,286.315
5/4/2022,18:00,287.71
5/5/2022,0:00,287.881
5/5/2022,6:00,287.165
5/5/2022,12:00,286.917
5/5/2022,18:00,288.61
5/6/2022,0:00,285.745
5/6/2022,6:00,283.8
5/6/2022,12:00,283.104
5/6/2022,18:00,286.884
5/7/2022,0:00,286.466
5/7/2022,6:00,284.57
5/7/2022,12:00,283.351
5/7/2022,18:00,287.334
5/8/2022,0:00,288.088
5/8/2022,6:00,286.208
5/8/2022,12:00,285.1
5/8/2022,18:00,288.539
5/9/2022,0:00,286.858
5/9/2022,6:00,285.919
5/9/2022,12:00,285.438
5/9/2022,18:00,289.041
5/10/2022,0:00,289.063
5/10/2022,6:00,287.968
5/10/2022,12:00,288
5/10/2022,18:00,288.548
5/11/2022,0:00,287.448
5/11/2022,6:00,285.434
5/11/2022,12:00,284.166
5/11/2022,18:00,286.584
5/12/2022,0:00,285.836
5/12/2022,6:00,283.393
5/12/2022,12:00,282.379
5/12/2022,18:00,285.499
5/13/2022,0:00,284.936
5/13/2022,6:00,283.5
5/13/2022,12:00,283.216
5/13/2022,18:00,287.09
5/14/2022,0:00,288.41
5/14/2022,6:00,287.658
5/14/2022,12:00,287.374
5/14/2022,18:00,288.857
5/15/2022,0:00,288.381
5/15/2022,6:00,288.446
5/15/2022,12:00,287.9
5/15/2022,18:00,287.756
5/16/2022,0:00,285.351
5/16/2022,6:00,282.312
5/16/2022,12:00,278.98
5/16/2022,18:00,281.225
5/17/2022,0:00,281.703
5/17/2022,6:00,280.8
5/17/2022,12:00,280.152
5/17/2022,18:00,280.7
5/18/2022,0:00,279.824
5/18/2022,6:00,280.012
5/18/2022,12:00,280.366
5/18/2022,18:00,280.3
5/19/2022,0:00,282.264
5/19/2022,6:00,279.391
5/19/2022,12:00,278.668
5/19/2022,18:00,281.024
5/20/2022,0:00,282.3
5/20/2022,6:00,280.299
5/20/2022,12:00,278.897
5/20/2022,18:00,282.4
5/21/2022,0:00,282.5
5/21/2022,6:00,280.889
5/21/2022,12:00,280.205
5/21/2022,18:00,284.1
5/22/2022,0:00,284.4
5/22/2022,6:00,283.519
5/22/2022,12:00,282.681
5/22/2022,18:00,285.608
5/23/2022,0:00,286.061
5/23/2022,6:00,284.197
5/23/2022,12:00,283.435
5/23/2022,18:00,287.284
5/24/2022,0:00,287.411
5/24/2022,6:00,286.341
5/24/2022,12:00,285.128
5/24/2022,18:00,288.678
5/25/2022,0:00,289.256
5/25/2022,6:00,287.735
5/25/2022,12:00,286.877
5/25/2022,18:00,290.511
5/26/2022,0:00,291.968
5/26/2022,6:00,290.69
5/26/2022,12:00,289.683
5/26/2022,18:00,289.615
5/27/2022,0:00,288.801
5/27/2022,6:00,288.63
5/27/2022,12:00,288.167
5/27/2022,18:00,289.532
5/28/2022,0:00,288.796
5/28/2022,6:00,288.8
5/28/2022,12:00,288.712
5/28/2022,18:00,290.094
5/29/2022,0:00,289.7
5/29/2022,6:00,289.741
5/29/2022,12:00,289.536
5/29/2022,18:00,289.8
5/30/2022,0:00,287.872
5/30/2022,6:00,286.384
5/30/2022,12:00,285.584
5/30/2022,18:00,285.464
5/31/2022,0:00,279.602
5/31/2022,6:00,277.112
5/31/2022,12:00,276.089
5/31/2022,18:00,278.862
6/1/2022,0:00,279.2
6/1/2022,6:00,277.898
6/1/2022,12:00,277.72
6/1/2022,18:00,280.555
6/2/2022,0:00,281.002
6/2/2022,6:00,280.09
6/2/2022,12:00,279.74
6/2/2022,18:00,280.815
6/3/2022,0:00,282.146
6/3/2022,6:00,279.8
6/3/2022,12:00,278.28
6/3/2022,18:00,280.507
6/4/2022,0:00,281.903
6/4/2022,6:00,281.035
6/4/2022,12:00,281.71
6/4/2022,18:00,285.755
6/5/2022,0:00,288.22
6/5/2022,6:00,288.075
6/5/2022,12:00,287.522
6/5/2022,18:00,289.543
6/6/2022,0:00,289.543
6/6/2022,6:00,289.345
6/6/2022,12:00,288.727
6/6/2022,18:00,289.145
6/7/2022,0:00,288.366
6/7/2022,6:00,287.771
6/7/2022,12:00,287.135
6/7/2022,18:00,288.485
6/8/2022,0:00,289.536
6/8/2022,6:00,286.596
6/8/2022,12:00,286.192
6/8/2022,18:00,288.008
6/9/2022,0:00,290.073
6/9/2022,6:00,286.539
6/9/2022,12:00,285.491
6/9/2022,18:00,288.113
6/10/2022,0:00,288.201
6/10/2022,6:00,287.213
6/10/2022,12:00,284.398
6/10/2022,18:00,285.586
6/11/2022,0:00,279.614
6/11/2022,6:00,276.554
6/11/2022,12:00,274.752
6/11/2022,18:00,277.051
6/12/2022,0:00,276.825
6/12/2022,6:00,275.44
6/12/2022,12:00,274.65
6/12/2022,18:00,277.7
6/13/2022,0:00,278.465
6/13/2022,6:00,277.619
6/13/2022,12:00,277.098
6/13/2022,18:00,280.3
6/14/2022,0:00,282.5
6/14/2022,6:00,281.731
6/14/2022,12:00,281.085
6/14/2022,18:00,283.837
6/15/2022,0:00,284.141
6/15/2022,6:00,282.837
6/15/2022,12:00,281.897
6/15/2022,18:00,285.339
6/16/2022,0:00,286.528
6/16/2022,6:00,285.757
6/16/2022,12:00,285.407
6/16/2022,18:00,288.558
6/17/2022,0:00,290.261
6/17/2022,6:00,289.781
6/17/2022,12:00,289.656
6/17/2022,18:00,288.618
6/18/2022,0:00,283.376
6/18/2022,6:00,279.691
6/18/2022,12:00,277.431
6/18/2022,18:00,279.348
6/19/2022,0:00,279.128
6/19/2022,6:00,277.921
6/19/2022,12:00,277.522
6/19/2022,18:00,280.439
6/20/2022,0:00,283.673
6/20/2022,6:00,283.9
6/20/2022,12:00,283.842
6/20/2022,18:00,285.688
6/21/2022,0:00,287.832
6/21/2022,6:00,287.389
6/21/2022,12:00,288.168
6/21/2022,18:00,289.177
6/22/2022,0:00,290.041
6/22/2022,6:00,288.772
6/22/2022,12:00,288.508
6/22/2022,18:00,289.663
6/23/2022,0:00,289.906
6/23/2022,6:00,289.356
6/23/2022,12:00,288.468
6/23/2022,18:00,289.305
6/24/2022,0:00,288.9
6/24/2022,6:00,288.762
6/24/2022,12:00,289.019
6/24/2022,18:00,289.351
6/25/2022,0:00,288.324
6/25/2022,6:00,288
6/25/2022,12:00,286.122
6/25/2022,18:00,286.248
6/26/2022,0:00,284.162
6/26/2022,6:00,281.188
6/26/2022,12:00,280.735
6/26/2022,18:00,283.125
6/27/2022,0:00,287.314
6/27/2022,6:00,287.523
6/27/2022,12:00,287.444
6/27/2022,18:00,289.432
6/28/2022,0:00,289.1
6/28/2022,6:00,287.658
6/28/2022,12:00,287.042
6/28/2022,18:00,289.354
6/29/2022,0:00,285.272
6/29/2022,6:00,282.346
6/29/2022,12:00,280.235
6/29/2022,18:00,281
6/30/2022,0:00,281.786
6/30/2022,6:00,280.358
6/30/2022,12:00,279.853
6/30/2022,18:00,283.043
7/1/2022,0:00,283.242
7/1/2022,6:00,282.017
7/1/2022,12:00,281.695
7/1/2022,18:00,284.903
7/2/2022,0:00,289.055
7/2/2022,6:00,288.373
7/2/2022,12:00,287.931
7/2/2022,18:00,290.153
7/3/2022,0:00,291.084
7/3/2022,6:00,291.206
7/3/2022,12:00,289.936
7/3/2022,18:00,291.103
7/4/2022,0:00,291.203
7/4/2022,6:00,291.004
7/4/2022,12:00,290.522
7/4/2022,18:00,292.203
7/5/2022,0:00,291.7
7/5/2022,6:00,290.143
7/5/2022,12:00,289.774
7/5/2022,18:00,291.4
7/6/2022,0:00,290.921
7/6/2022,6:00,289.804
7/6/2022,12:00,289.061
7/6/2022,18:00,290.848
7/7/2022,0:00,291.296
7/7/2022,6:00,288.909
7/7/2022,12:00,288.84
7/7/2022,18:00,290.425
7/8/2022,0:00,287.9
7/8/2022,6:00,287.588
7/8/2022,12:00,287.482
7/8/2022,18:00,290.289
7/9/2022,0:00,290.943
7/9/2022,6:00,290.2
7/9/2022,12:00,288.7
7/9/2022,18:00,290.641
7/10/2022,0:00,292.329
7/10/2022,6:00,290.632
7/10/2022,12:00,289.814
7/10/2022,18:00,290.901
7/11/2022,0:00,292.778
7/11/2022,6:00,291.178
7/11/2022,12:00,291.033
7/11/2022,18:00,292.745
7/12/2022,0:00,288.741
7/12/2022,6:00,283.942
7/12/2022,12:00,282.446
7/12/2022,18:00,282.665
7/13/2022,0:00,280.704
7/13/2022,6:00,279.342
7/13/2022,12:00,278.523
7/13/2022,18:00,281.688
7/14/2022,0:00,284.451
7/14/2022,6:00,284.781
7/14/2022,12:00,287.361
7/14/2022,18:00,289.304
7/15/2022,6:00,290.832
7/15/2022,12:00,289.051
7/15/2022,18:00,289.573
7/16/2022,0:00,291.694
7/16/2022,6:00,290.891
7/16/2022,12:00,290.799
7/16/2022,18:00,289.255
7/17/2022,0:00,281.978
7/17/2022,6:00,280.008
7/17/2022,12:00,280.108
7/17/2022,18:00,280.192
7/18/2022,0:00,280.167
7/18/2022,6:00,278.855
7/18/2022,12:00,278.809
7/18/2022,18:00,282.616
7/19/2022,0:00,286.516
7/19/2022,6:00,285.582
7/19/2022,12:00,284.943
7/19/2022,18:00,287.526
7/20/2022,0:00,287.231
7/20/2022,6:00,287.031
7/20/2022,12:00,287.844
7/20/2022,18:00,290.843
7/21/2022,0:00,291.294
7/21/2022,6:00,290.151
7/21/2022,12:00,289.805
7/21/2022,18:00,291.594
7/22/2022,0:00,291.681
7/22/2022,6:00,290.469
7/22/2022,12:00,289.918
7/22/2022,18:00,291.761
7/23/2022,0:00,291.025
7/23/2022,6:00,289.729
7/23/2022,12:00,289.229
7/23/2022,18:00,291.9
7/24/2022,0:00,291.284
7/24/2022,6:00,291.2
7/24/2022,12:00,290.002
7/24/2022,18:00,291.765
7/25/2022,0:00,292.216
7/25/2022,6:00,290.552
7/25/2022,12:00,289.33
7/25/2022,18:00,291.756
7/26/2022,0:00,290.715
7/26/2022,6:00,289.075
7/26/2022,12:00,288.449
7/26/2022,18:00,291.419
7/27/2022,0:00,291.562
7/27/2022,6:00,289.429
7/27/2022,12:00,288.7
7/27/2022,18:00,291.5
7/28/2022,0:00,290.858
7/28/2022,6:00,290.018
7/28/2022,12:00,289.304
7/28/2022,18:00,291.973
7/29/2022,0:00,287.829
7/29/2022,6:00,280.937
7/29/2022,12:00,278.571
7/29/2022,18:00,280.649
7/30/2022,0:00,280.833
7/30/2022,6:00,279.024
7/30/2022,12:00,278.479
7/30/2022,18:00,281.999
7/31/2022,0:00,282.468
7/31/2022,6:00,281.302
7/31/2022,12:00,280.624
7/31/2022,18:00,284.868
8/1/2022,0:00,284.794
8/1/2022,6:00,283.473
8/1/2022,12:00,283.332
8/1/2022,18:00,287.216
8/2/2022,0:00,288.168
8/2/2022,6:00,287.099
8/2/2022,12:00,286.835
8/2/2022,18:00,290.517
8/3/2022,0:00,291.2
8/3/2022,6:00,290.137
8/3/2022,12:00,288.9
8/3/2022,18:00,291.768
8/4/2022,0:00,293.3
8/4/2022,6:00,292.437
8/4/2022,12:00,291.138
8/4/2022,18:00,289.461
8/5/2022,0:00,286.3
8/5/2022,6:00,284.414
8/5/2022,12:00,282.528
8/5/2022,18:00,284.307
8/6/2022,0:00,282.17
8/6/2022,6:00,280.058
8/6/2022,12:00,279.853
8/6/2022,18:00,284.135
8/7/2022,0:00,284.1
8/7/2022,6:00,282.69
8/7/2022,12:00,283.301
8/7/2022,18:00,285.302
8/8/2022,0:00,284.668
8/8/2022,6:00,284.351
8/8/2022,12:00,284.637
8/8/2022,18:00,285.565
8/9/2022,0:00,285.322
8/9/2022,6:00,284.345
8/9/2022,12:00,284.319
8/9/2022,18:00,284.761
8/10/2022,0:00,282.444
8/10/2022,6:00,280.782
8/10/2022,12:00,280.657
8/10/2022,18:00,281.379
8/11/2022,0:00,283.445
8/11/2022,6:00,279.163
8/11/2022,12:00,278.215
8/11/2022,18:00,282.516
8/12/2022,0:00,282.905
8/12/2022,6:00,282.517
8/12/2022,12:00,282.395
8/12/2022,18:00,285.136
8/13/2022,0:00,286.055
8/13/2022,6:00,285.409
8/13/2022,12:00,285.2
8/13/2022,18:00,287.683
8/14/2022,0:00,287.4
8/14/2022,6:00,286.697
8/14/2022,12:00,286.436
8/14/2022,18:00,288.373
8/15/2022,0:00,288.248
8/15/2022,6:00,288.535
8/15/2022,12:00,289.168
8/15/2022,18:00,291.316
8/16/2022,0:00,290.6
8/16/2022,6:00,287.604
8/16/2022,12:00,287.216
8/16/2022,18:00,287.516
8/17/2022,0:00,288.072
8/17/2022,6:00,286.402
8/17/2022,12:00,285.701
8/17/2022,18:00,289.011
8/18/2022,0:00,289.609
8/18/2022,6:00,287.706
8/18/2022,12:00,281.305
8/18/2022,18:00,281.605
8/19/2022,0:00,278.055
8/19/2022,6:00,274.886
8/19/2022,12:00,273.874
8/19/2022,18:00,278.1
8/20/2022,0:00,277.142
8/20/2022,6:00,275.359
8/20/2022,12:00,274.754
8/20/2022,18:00,279.869
8/21/2022,0:00,281.147
8/21/2022,6:00,280.183
8/21/2022,12:00,279.427
8/21/2022,18:00,284.868
8/22/2022,0:00,283.702
8/22/2022,6:00,281.56
8/22/2022,12:00,281.215
8/22/2022,18:00,285.955
8/23/2022,0:00,286.021
8/23/2022,6:00,284.563
8/23/2022,12:00,284.244
8/23/2022,18:00,288.559
8/24/2022,0:00,288.24
8/24/2022,6:00,287.323
8/24/2022,12:00,286.478
8/24/2022,18:00,290.029
8/25/2022,0:00,289.358
8/25/2022,6:00,288.058
8/25/2022,12:00,287.184
8/25/2022,18:00,291
8/26/2022,0:00,290.024
8/26/2022,6:00,288.225
8/26/2022,12:00,287.729
8/26/2022,18:00,291.528
8/27/2022,0:00,290.194
8/27/2022,6:00,288.424
8/27/2022,12:00,287.812
8/27/2022,18:00,292.242
8/28/2022,0:00,291.44
8/28/2022,6:00,289.681
8/28/2022,12:00,283.192
8/28/2022,18:00,282.192
8/29/2022,0:00,279.86
8/29/2022,6:00,275.984
8/29/2022,12:00,274.904
8/29/2022,18:00,278.624
8/30/2022,0:00,279.571
8/30/2022,6:00,278.501
8/30/2022,12:00,278.179
8/30/2022,18:00,282.879
8/31/2022,0:00,284.418
8/31/2022,6:00,281.3
8/31/2022,12:00,281.191
8/31/2022,18:00,285.843
9/1/2022,0:00,286.536
9/1/2022,6:00,286.044
9/1/2022,12:00,286.126
9/1/2022,18:00,290.407
9/2/2022,0:00,292.228
9/2/2022,6:00,288.955
9/2/2022,12:00,288.873
9/2/2022,18:00,288.5
9/3/2022,0:00,285.875
9/3/2022,6:00,281.719
9/3/2022,12:00,279.517
9/3/2022,18:00,283.019
9/4/2022,0:00,278.761
9/4/2022,6:00,276.966
9/4/2022,12:00,275.4
9/4/2022,18:00,280.634
9/5/2022,0:00,282.09
9/5/2022,6:00,280.485
9/5/2022,12:00,281.554
9/5/2022,18:00,286.954
9/6/2022,0:00,287.188
9/6/2022,6:00,286.519
9/6/2022,12:00,285.5
9/6/2022,18:00,287.437
9/7/2022,0:00,287.086
9/7/2022,6:00,285.316
9/7/2022,12:00,284.516
9/7/2022,18:00,289.13
9/8/2022,0:00,287.179
9/8/2022,6:00,286.338
9/8/2022,12:00,286.665
9/8/2022,18:00,293.454
9/9/2022,0:00,294.054
9/9/2022,6:00,294.649
9/9/2022,12:00,293.8
9/9/2022,18:00,294.467
9/10/2022,0:00,285.539
9/10/2022,6:00,282.081
9/10/2022,12:00,279.083
9/10/2022,18:00,281.897
9/11/2022,0:00,280.514
9/11/2022,6:00,278.402
9/11/2022,12:00,277.8
9/11/2022,18:00,284.08
9/12/2022,0:00,287.168
9/12/2022,6:00,287.117
9/12/2022,12:00,287.441
9/12/2022,18:00,291.333
9/13/2022,0:00,286.299
9/13/2022,6:00,283.805
9/13/2022,12:00,282.427
9/13/2022,18:00,287.1
9/14/2022,0:00,284.708
9/14/2022,6:00,281.9
9/14/2022,12:00,281.195
9/14/2022,18:00,286.897
9/15/2022,0:00,283.47
9/15/2022,6:00,282.041
9/15/2022,12:00,281.277
9/15/2022,18:00,286.633
9/16/2022,0:00,285.949
9/16/2022,6:00,283.005
9/16/2022,12:00,283
9/16/2022,18:00,287.233
9/17/2022,0:00,286.401
9/17/2022,6:00,284.1
9/17/2022,12:00,282.9
9/17/2022,18:00,287.488
9/18/2022,0:00,286.756
9/18/2022,6:00,284.128
9/18/2022,12:00,281.647
9/18/2022,18:00,286.755
9/19/2022,0:00,289.8
9/19/2022,6:00,287.8
9/19/2022,12:00,287.063
9/19/2022,18:00,287.3
9/20/2022,0:00,287.956
9/20/2022,6:00,284.61
9/20/2022,12:00,284.272
9/20/2022,18:00,288.938
9/21/2022,0:00,287.208
9/21/2022,6:00,284.963
9/21/2022,12:00,284.603
9/21/2022,18:00,290.384
9/22/2022,0:00,287.246
9/22/2022,6:00,285.149
9/22/2022,12:00,285
9/22/2022,18:00,284.996
9/23/2022,0:00,282.756
9/23/2022,6:00,279.4
9/23/2022,12:00,277.927
9/23/2022,18:00,283.839
9/24/2022,0:00,281.251
9/24/2022,6:00,279.1
9/24/2022,12:00,278.561
9/24/2022,18:00,285.256
9/25/2022,0:00,284.542
9/25/2022,6:00,283.681
9/25/2022,12:00,286.267
9/25/2022,18:00,288.43
9/26/2022,0:00,287.523
9/26/2022,6:00,285.725
9/26/2022,12:00,285.2
9/26/2022,18:00,289.7
9/27/2022,0:00,288.157
9/27/2022,6:00,287.014
9/27/2022,12:00,286.272
9/27/2022,18:00,291.647
9/28/2022,0:00,288.477
9/28/2022,6:00,285.163
9/28/2022,12:00,284.603
9/28/2022,18:00,287.131
9/29/2022,0:00,286.835
9/29/2022,6:00,285.292
9/29/2022,12:00,284.1
9/29/2022,18:00,284.719
9/30/2022,0:00,285.512
9/30/2022,6:00,285.676
9/30/2022,12:00,286.245
9/30/2022,18:00,288.664
10/1/2022,0:00,286.936
10/1/2022,6:00,286.136
10/1/2022,12:00,287.424
10/1/2022,18:00,289.556
10/2/2022,0:00,286.556
10/2/2022,6:00,284.059
10/2/2022,12:00,283.424
10/2/2022,18:00,289.729
10/3/2022,0:00,286.224
10/3/2022,6:00,283.171
10/3/2022,12:00,282.301
10/3/2022,18:00,288.781
10/4/2022,0:00,285.7
10/4/2022,6:00,282.128
10/4/2022,12:00,281.01
10/4/2022,18:00,288.032
10/5/2022,0:00,286.4
10/5/2022,6:00,284.427
10/5/2022,12:00,284.374
10/5/2022,18:00,293.559
10/6/2022,0:00,292.055
10/6/2022,6:00,289.679
10/6/2022,12:00,289.791
10/6/2022,18:00,290.043
10/7/2022,0:00,289.822
10/7/2022,6:00,285.95
10/7/2022,12:00,284.331
10/7/2022,18:00,286.259
10/8/2022,0:00,286.153
10/8/2022,6:00,284.072
10/8/2022,12:00,283.303
10/8/2022,18:00,289.825
10/9/2022,0:00,289.093
10/9/2022,6:00,285.617
10/9/2022,12:00,282.169
10/9/2022,18:00,281.942
10/10/2022,0:00,280.108
10/10/2022,6:00,280.27
10/10/2022,12:00,280.817
10/10/2022,18:00,282.954
10/11/2022,0:00,284.408
10/11/2022,6:00,285.161
10/11/2022,12:00,285.568
10/11/2022,18:00,287
10/12/2022,0:00,285.8
10/12/2022,6:00,285.765
10/12/2022,12:00,285.688
10/12/2022,18:00,287.306
10/13/2022,0:00,287.437
10/13/2022,6:00,285.55
10/13/2022,12:00,285.035
10/13/2022,18:00,291.562
10/14/2022,0:00,289.856
10/14/2022,6:00,288.188
10/14/2022,12:00,286.677
10/14/2022,18:00,288.5
10/15/2022,0:00,286.062
10/15/2022,6:00,285.838
10/15/2022,12:00,286.652
10/15/2022,18:00,289.782
10/16/2022,0:00,290.069
10/16/2022,6:00,289.3
10/16/2022,12:00,289.171
10/16/2022,18:00,291.9
10/17/2022,0:00,289.53
10/17/2022,6:00,286.939
10/17/2022,12:00,285.952
10/17/2022,18:00,291.645
10/18/2022,0:00,289.901
10/18/2022,6:00,288.689
10/18/2022,12:00,288.573
10/18/2022,18:00,289.81
10/19/2022,0:00,287.663
10/19/2022,6:00,286.802
10/19/2022,12:00,287.082
10/19/2022,18:00,293.887
10/20/2022,0:00,293.035
10/20/2022,6:00,291.186
10/20/2022,12:00,290.327
10/20/2022,18:00,292.393
10/21/2022,0:00,288.744
10/21/2022,6:00,288.37
10/21/2022,12:00,288.417
10/21/2022,18:00,289.224
10/22/2022,0:00,288.658
10/22/2022,6:00,287.705
10/22/2022,12:00,286.352
10/22/2022,18:00,291.572
10/23/2022,0:00,288.51
10/23/2022,6:00,286.918
10/23/2022,12:00,286.249
10/23/2022,18:00,291.976
10/24/2022,0:00,287.44
10/24/2022,6:00,284.428
10/24/2022,12:00,283.752
10/24/2022,18:00,291.81
10/25/2022,0:00,289.174
10/25/2022,6:00,286.361
10/25/2022,12:00,285.847
10/25/2022,18:00,294.192
10/26/2022,0:00,292.892
10/26/2022,6:00,291.161
10/26/2022,12:00,290.549
10/26/2022,18:00,296.921
10/27/2022,0:00,291.239
10/27/2022,6:00,289.119
10/27/2022,12:00,288.632
10/27/2022,18:00,291.686
10/28/2022,0:00,290.072
10/28/2022,6:00,287.546
10/28/2022,12:00,287.05
10/28/2022,18:00,294.681
10/29/2022,0:00,293.363
10/29/2022,6:00,292.214
10/29/2022,12:00,290.856
10/29/2022,18:00,293.4
10/30/2022,0:00,292.101
10/30/2022,6:00,291.178
10/30/2022,12:00,291.444
10/30/2022,18:00,292.841
10/31/2022,0:00,291.088
10/31/2022,6:00,290.618
10/31/2022,12:00,286.351
10/31/2022,18:00,282.27
11/1/2022,0:00,280.516
11/1/2022,6:00,279.122
11/1/2022,12:00,278.22
11/1/2022,18:00,282.961
11/2/2022,0:00,281.179
11/2/2022,6:00,279.012
11/2/2022,12:00,278.349
11/2/2022,18:00,285.003
11/3/2022,0:00,283.976
11/3/2022,6:00,282.417
11/3/2022,12:00,281.613
11/3/2022,18:00,289.226
11/4/2022,0:00,286.223
11/4/2022,6:00,283.242
11/4/2022,12:00,281.768
11/4/2022,18:00,288.984
11/5/2022,0:00,287.372
11/5/2022,6:00,283.87
11/5/2022,12:00,282.856
11/5/2022,18:00,291.446
11/6/2022,0:00,289.579
11/6/2022,6:00,285.77
11/6/2022,12:00,284.831
11/6/2022,18:00,291.977
11/7/2022,0:00,288.663
11/7/2022,6:00,285.217
11/7/2022,12:00,283.931
11/7/2022,18:00,291.23
11/8/2022,0:00,288.202
11/8/2022,6:00,284.719
11/8/2022,12:00,283.999
11/8/2022,18:00,291.518
11/9/2022,0:00,289.069
11/9/2022,6:00,284.995
11/9/2022,12:00,283.755
11/9/2022,18:00,292.074
11/10/2022,0:00,290.808
11/10/2022,6:00,287.421
11/10/2022,12:00,286.678
11/10/2022,18:00,296.182
11/11/2022,0:00,292.29
11/11/2022,6:00,291.767
11/11/2022,12:00,289.352
11/11/2022,18:00,290.34
11/12/2022,0:00,291.339
11/12/2022,6:00,289.904
11/12/2022,12:00,289.368
11/12/2022,18:00,297.117
11/13/2022,0:00,294.894
11/13/2022,6:00,291.942
11/13/2022,12:00,291.825
11/13/2022,18:00,291.555
11/14/2022,0:00,292.244
11/14/2022,6:00,290.625
11/14/2022,12:00,289.519
11/14/2022,18:00,292.389
11/15/2022,0:00,290.372
11/15/2022,6:00,287.044
11/15/2022,12:00,285.929
11/15/2022,18:00,292.345
11/16/2022,0:00,290.838
11/16/2022,6:00,288.978
11/16/2022,12:00,288.158
11/16/2022,18:00,295.963
11/17/2022,0:00,293.018
11/17/2022,6:00,289.005
11/17/2022,12:00,287.496
11/17/2022,18:00,296.505
11/18/2022,0:00,292.848
11/18/2022,6:00,290.235
11/18/2022,12:00,288.92
11/18/2022,18:00,297.375
11/19/2022,0:00,294.359
11/19/2022,6:00,290.635
11/19/2022,12:00,289.336
11/19/2022,18:00,296.814
11/20/2022,0:00,294.136
11/20/2022,6:00,291.232
11/20/2022,12:00,290.582
11/20/2022,18:00,297.733
11/21/2022,0:00,298.12
11/21/2022,6:00,294.297
11/21/2022,12:00,292.575
11/21/2022,18:00,293.417
11/22/2022,0:00,292.534
11/22/2022,6:00,291.227
11/22/2022,12:00,291.051
11/22/2022,18:00,291.613
11/23/2022,0:00,290.654
11/23/2022,6:00,289.036
11/23/2022,12:00,286.607
11/23/2022,18:00,292.641
11/24/2022,0:00,290.79
11/24/2022,6:00,287.573
11/24/2022,12:00,286.905
11/24/2022,18:00,294.981
11/25/2022,0:00,292.685
11/25/2022,6:00,288.927
11/25/2022,12:00,287.655
11/25/2022,18:00,295.853
11/26/2022,0:00,293.091
11/26/2022,6:00,288.74
11/26/2022,12:00,287.886
11/26/2022,18:00,296.08
11/27/2022,0:00,295.434
11/27/2022,6:00,291.687
11/27/2022,12:00,291.141
11/27/2022,18:00,297.103
11/28/2022,0:00,293.633
11/28/2022,6:00,291.747
11/28/2022,12:00,290.863
11/28/2022,18:00,295.288
11/29/2022,0:00,296.474
11/29/2022,6:00,291.42
11/29/2022,12:00,290.27
11/29/2022,18:00,296.795
11/30/2022,0:00,296.65
11/30/2022,6:00,292.5
11/30/2022,12:00,291.559
11/30/2022,18:00,297.646
12/1/2022,0:00,295.02
12/1/2022,6:00,291.944
12/1/2022,12:00,290.928
12/1/2022,18:00,298.852
12/2/2022,0:00,298.844
12/2/2022,6:00,293.583
12/2/2022,12:00,293.006
12/2/2022,18:00,300.293
12/3/2022,0:00,293.534
12/3/2022,6:00,292.604
12/3/2022,12:00,292.079
12/3/2022,18:00,298.629
12/4/2022,0:00,295.64
12/4/2022,6:00,293.828
12/4/2022,12:00,293.222
12/4/2022,18:00,297.92
12/5/2022,0:00,294.855
12/5/2022,6:00,292.991
12/5/2022,12:00,291.938
12/5/2022,18:00,297.259
12/6/2022,0:00,297.136
12/6/2022,6:00,292.657
12/6/2022,12:00,292.067
12/6/2022,18:00,300.322
12/7/2022,0:00,297.731
12/7/2022,6:00,294.274
12/7/2022,12:00,293.697
12/7/2022,18:00,301.542
12/8/2022,0:00,298.741
12/8/2022,6:00,295.674
12/8/2022,12:00,295.768
12/8/2022,18:00,303.413
12/9/2022,0:00,301.054
12/9/2022,6:00,297.156
12/9/2022,12:00,295.811
12/9/2022,18:00,302.846
12/10/2022,0:00,298.589
12/10/2022,6:00,296.405
12/10/2022,12:00,294.823
12/10/2022,18:00,301.614
12/11/2022,0:00,296.063
12/11/2022,6:00,294.958
12/11/2022,12:00,294.402
12/11/2022,18:00,299.434
12/12/2022,0:00,298.284
12/12/2022,6:00,295.229
12/12/2022,12:00,294.522
12/12/2022,18:00,301.069
12/13/2022,0:00,295.283
12/13/2022,6:00,290.474
12/13/2022,12:00,289.034
12/13/2022,18:00,295.007
12/14/2022,0:00,291.264
12/14/2022,6:00,287.474
12/14/2022,12:00,286.342
12/14/2022,18:00,295.34
12/15/2022,0:00,294.552
12/15/2022,6:00,291.33
12/15/2022,12:00,290.273
12/15/2022,18:00,298.48
12/16/2022,0:00,296.167
12/16/2022,6:00,290.473
12/16/2022,12:00,289.01
12/16/2022,18:00,296.02
12/17/2022,0:00,292.905
12/17/2022,6:00,287.871
12/17/2022,12:00,286.576
12/17/2022,18:00,293.785
12/18/2022,0:00,293.774
12/18/2022,6:00,290.283
12/18/2022,12:00,289.854
12/18/2022,18:00,296.029
12/19/2022,0:00,291.731
12/19/2022,6:00,289.381
12/19/2022,12:00,289.163
12/19/2022,18:00,295.337
12/20/2022,0:00,291.419
12/20/2022,6:00,290.083
12/20/2022,12:00,289.676
12/20/2022,18:00,296.822
12/21/2022,0:00,294.378
12/21/2022,6:00,291.007
12/21/2022,12:00,289.798
12/21/2022,18:00,296.831
12/22/2022,0:00,294.411
12/22/2022,6:00,291.252
12/22/2022,12:00,290.056
12/22/2022,18:00,296.836
12/23/2022,0:00,295.129
12/23/2022,6:00,292.657
12/23/2022,12:00,290.8
12/23/2022,18:00,297.241
12/24/2022,0:00,295.319
12/24/2022,6:00,291.09
12/24/2022,12:00,290.738
12/24/2022,18:00,298.791
12/25/2022,0:00,297.335
12/25/2022,6:00,294.587
12/25/2022,12:00,293.812
12/25/2022,18:00,297.21
12/26/2022,0:00,291.617
12/26/2022,6:00,290.76
12/26/2022,12:00,290.296
12/26/2022,18:00,298.312
12/27/2022,0:00,297.381
12/27/2022,6:00,290.809
12/27/2022,12:00,290.179
12/27/2022,18:00,293.451
12/28/2022,0:00,290.266
12/28/2022,6:00,290.529
12/28/2022,12:00,290.58
12/28/2022,18:00,291.617
12/29/2022,0:00,292.195
12/29/2022,6:00,289.784
12/29/2022,12:00,289.03
12/29/2022,18:00,296.25
12/30/2022,0:00,292.632
12/30/2022,6:00,289.534
12/30/2022,12:00,289.232
12/30/2022,18:00,298.586
12/31/2022,0:00,295.006
12/31/2022,6:00,291.248
12/31/2022,12:00,290.966
12/31/2022,18:00,300.56
1/1/2023,0:00,297.616
1/1/2023,6:00,294.949
1/1/2023,12:00,294.649
1/1/2023,18:00,298.909
1/2/2023,0:00,297.047
1/2/2023,6:00,292.533
1/2/2023,12:00,292.672
1/2/2023,18:00,297.615
1/3/2023,0:00,295.069
1/3/2023,6:00,290.307
1/3/2023,12:00,287.953
1/3/2023,18:00,297.43
1/4/2023,0:00,296.416
1/4/2023,6:00,292.019
1/4/2023,12:00,289.505
1/4/2023,18:00,297.314
1/5/2023,0:00,294.216
1/5/2023,6:00,291.84
1/5/2023,12:00,290.089
1/5/2023,18:00,299.094
1/6/2023,0:00,294.833
1/6/2023,6:00,290.672
1/6/2023,12:00,288.684
1/6/2023,18:00,297.468
1/7/2023,0:00,293.836
1/7/2023,6:00,290.112
1/7/2023,12:00,289.061
1/7/2023,18:00,296.207
1/8/2023,0:00,295.148
1/8/2023,6:00,289.542
1/8/2023,12:00,288.272
1/8/2023,18:00,297.321
1/9/2023,0:00,294.91
1/9/2023,6:00,290.656
1/9/2023,12:00,290.392
1/9/2023,18:00,298.853
1/10/2023,0:00,295.892
1/10/2023,6:00,293.72
1/10/2023,12:00,292.113
1/10/2023,18:00,300.41
1/11/2023,0:00,290.684
1/11/2023,6:00,290.465
1/11/2023,12:00,290.368
1/11/2023,18:00,299.876
1/12/2023,0:00,299.278
1/12/2023,6:00,293.878
1/12/2023,12:00,292.522
1/12/2023,18:00,301.96
1/13/2023,0:00,293.252
1/13/2023,6:00,291.786
1/13/2023,12:00,291.416
1/13/2023,18:00,293.944
1/14/2023,0:00,291.977
1/14/2023,6:00,289.831
1/14/2023,12:00,289.425
1/14/2023,18:00,295.279
1/15/2023,0:00,295.13
1/15/2023,6:00,292.35
1/15/2023,12:00,291.914
1/15/2023,18:00,297.187
1/16/2023,0:00,295.107
1/16/2023,6:00,292.365
1/16/2023,12:00,292.685
1/16/2023,18:00,296.459
1/17/2023,0:00,297.303
1/17/2023,6:00,294.422
1/17/2023,12:00,294.78
1/17/2023,18:00,299.007
1/18/2023,0:00,297.311
1/18/2023,6:00,293.137
1/18/2023,12:00,292.752
1/18/2023,18:00,301.372
1/19/2023,0:00,299.388
1/19/2023,6:00,292.178
1/19/2023,12:00,291.741
1/19/2023,18:00,300.63
1/20/2023,0:00,299.67
1/20/2023,6:00,294.505
1/20/2023,12:00,292.546
1/20/2023,18:00,300.357
1/21/2023,0:00,298.025
1/21/2023,6:00,295.256
1/21/2023,12:00,294.621
1/21/2023,18:00,302.768
1/22/2023,0:00,293.279
1/22/2023,6:00,292.654
1/22/2023,12:00,292.577
1/22/2023,18:00,299
1/23/2023,0:00,295.078
1/23/2023,6:00,293.112
1/23/2023,12:00,292.588
1/23/2023,18:00,300.863
1/24/2023,0:00,298.096
1/24/2023,6:00,293.108
1/24/2023,12:00,292.434
1/24/2023,18:00,302.395
1/25/2023,0:00,298.023
1/25/2023,6:00,295.005
1/25/2023,12:00,294.395
1/25/2023,18:00,304.279
1/26/2023,0:00,301.175
1/26/2023,6:00,296.027
1/26/2023,12:00,294.225
1/26/2023,18:00,304.269
1/27/2023,0:00,297.681
1/27/2023,6:00,293.557
1/27/2023,12:00,293.835
1/27/2023,18:00,303.514
1/28/2023,0:00,301.135
1/28/2023,6:00,296.661
1/28/2023,12:00,295.343
1/28/2023,18:00,305.686
1/29/2023,0:00,300.621
1/29/2023,6:00,295.635
1/29/2023,12:00,294.019
1/29/2023,18:00,301.3
1/30/2023,0:00,299.458
1/30/2023,6:00,292.183
1/30/2023,12:00,291.601
1/30/2023,18:00,298.819
1/31/2023,0:00,294.315
1/31/2023,6:00,291.311
1/31/2023,12:00,291.156
1/31/2023,18:00,299.796
2/1/2023,0:00,296.142
2/1/2023,6:00,292.841
2/1/2023,12:00,292.3
2/1/2023,18:00,300.521
2/2/2023,0:00,299.137
2/2/2023,6:00,294.656
2/2/2023,12:00,293.918
2/2/2023,18:00,303.018
2/3/2023,0:00,297.036
2/3/2023,6:00,293.109
2/3/2023,12:00,291.61
2/3/2023,18:00,294.153
2/4/2023,0:00,292.582
2/4/2023,6:00,291.009
2/4/2023,12:00,289.712
2/4/2023,18:00,292.349
2/5/2023,0:00,291.132
2/5/2023,6:00,288.675
2/5/2023,12:00,287.951
2/5/2023,18:00,295.852
2/6/2023,0:00,292.113
2/6/2023,6:00,288.938
2/6/2023,12:00,288.017
2/6/2023,18:00,299.969
2/7/2023,0:00,295.593
2/7/2023,6:00,291.705
2/7/2023,12:00,291.303
2/7/2023,18:00,300.711
2/8/2023,0:00,296.666
2/8/2023,6:00,292.595
2/8/2023,12:00,292.225
2/8/2023,18:00,301.734
2/9/2023,0:00,299.346
2/9/2023,6:00,296.735
2/9/2023,12:00,293.537
2/9/2023,18:00,296.959
2/10/2023,0:00,298.026
2/10/2023,6:00,294.36
2/10/2023,12:00,294.097
2/10/2023,18:00,299.361
2/11/2023,0:00,297.652
2/11/2023,6:00,292.524
2/11/2023,12:00,291.205
2/11/2023,18:00,300.935
2/12/2023,0:00,297.812
2/12/2023,6:00,291.854
2/12/2023,12:00,291.145
2/12/2023,18:00,301.152
2/13/2023,0:00,297.724
2/13/2023,6:00,294.065
2/13/2023,12:00,293.05
2/13/2023,18:00,301.24
2/14/2023,0:00,299.681
2/14/2023,6:00,294.146
2/14/2023,12:00,292.566
2/14/2023,18:00,297.517
2/15/2023,0:00,292.391
2/15/2023,6:00,291.771
2/15/2023,12:00,291.45
2/15/2023,18:00,295.788
2/16/2023,0:00,295.379
2/16/2023,6:00,291.275
2/16/2023,12:00,290.413
2/16/2023,18:00,297.994
2/17/2023,0:00,295.594
2/17/2023,6:00,290.386
2/17/2023,12:00,289.786
2/17/2023,18:00,290.4
2/18/2023,0:00,288.225
2/18/2023,6:00,281.459
2/18/2023,12:00,280.056
2/18/2023,18:00,286.042
2/19/2023,0:00,284.696
2/19/2023,6:00,282.06
2/19/2023,12:00,281.364
2/19/2023,18:00,291.141
2/20/2023,0:00,293.692
2/20/2023,6:00,289.644
2/20/2023,12:00,288.987
2/20/2023,18:00,291.797
2/21/2023,0:00,289.941
2/21/2023,6:00,286.665
2/21/2023,12:00,286.271
2/21/2023,18:00,294.589
2/22/2023,0:00,295.31
2/22/2023,6:00,289.941
2/22/2023,12:00,289.568
2/22/2023,18:00,298.054
2/23/2023,0:00,296.433
2/23/2023,6:00,293.747
2/23/2023,12:00,291.642
2/23/2023,18:00,297.091
2/24/2023,0:00,291.793
2/24/2023,6:00,291.397
2/24/2023,12:00,291.18
2/24/2023,18:00,292.296
2/25/2023,0:00,294.889
2/25/2023,6:00,292.686
2/25/2023,12:00,291.232
2/25/2023,18:00,297.066
2/26/2023,0:00,298.203
2/26/2023,6:00,292.762
2/26/2023,12:00,290.417
2/26/2023,18:00,298.005
2/27/2023,0:00,294.179
2/27/2023,6:00,291.541
2/27/2023,12:00,290.197
2/27/2023,18:00,298.971
2/28/2023,0:00,295.903
2/28/2023,6:00,291.708
2/28/2023,12:00,290.737
2/28/2023,18:00,297.8
3/1/2023,0:00,296.022
3/1/2023,6:00,291.999
3/1/2023,12:00,290.79
3/1/2023,18:00,295.809
3/2/2023,0:00,293.2
3/2/2023,6:00,291.744
3/2/2023,12:00,291.59
3/2/2023,18:00,293.446
3/3/2023,0:00,292.942
3/3/2023,6:00,292.55
3/3/2023,12:00,292.352
3/3/2023,18:00,293.058
3/4/2023,0:00,292.8
3/4/2023,6:00,291.691
3/4/2023,12:00,291.159
3/4/2023,18:00,295.183
3/5/2023,0:00,292.91
3/5/2023,6:00,291.444
3/5/2023,12:00,290.164
3/5/2023,18:00,294.034
3/6/2023,0:00,292.502
3/6/2023,6:00,289.145
3/6/2023,12:00,288.68
3/6/2023,18:00,296.106
3/7/2023,0:00,292.721
3/7/2023,6:00,290.636
3/7/2023,12:00,290.108
3/7/2023,18:00,296.4
3/8/2023,0:00,297.223
3/8/2023,6:00,292.656
3/8/2023,12:00,291.951
3/8/2023,18:00,298.122
3/9/2023,0:00,294.49
3/9/2023,6:00,292.544
3/9/2023,12:00,290.646
3/9/2023,18:00,297.814
3/10/2023,0:00,296.536
3/10/2023,6:00,293.273
3/10/2023,12:00,292.299
3/10/2023,18:00,299.648
3/11/2023,0:00,297.466
3/11/2023,6:00,292.356
3/11/2023,12:00,291.174
3/11/2023,18:00,299.455
3/12/2023,0:00,297.594
3/12/2023,6:00,294.755
3/12/2023,12:00,291.938
3/12/2023,18:00,298.075
3/13/2023,0:00,296.589
3/13/2023,6:00,294.083
3/13/2023,12:00,292.847
3/13/2023,18:00,298.742
3/14/2023,0:00,294.668
3/14/2023,6:00,293.026
3/14/2023,12:00,292.373
3/14/2023,18:00,294.922
3/15/2023,0:00,293.801
3/15/2023,6:00,293.912
3/15/2023,12:00,293.112
3/15/2023,18:00,293.658
3/16/2023,0:00,293.525
3/16/2023,6:00,293.429
3/16/2023,12:00,292.909
3/16/2023,18:00,296.183
3/17/2023,0:00,294.785
3/17/2023,6:00,293.544
3/17/2023,12:00,292.387
3/17/2023,18:00,296.977
3/18/2023,0:00,296.692
3/18/2023,6:00,293.706
3/18/2023,12:00,291.978
3/18/2023,18:00,300.044
3/19/2023,0:00,298.363
3/19/2023,6:00,293.317
3/19/2023,12:00,292.442
3/19/2023,18:00,299.772
3/20/2023,0:00,299.099
3/20/2023,6:00,294.284
3/20/2023,12:00,293.218
3/20/2023,18:00,297.385
3/21/2023,0:00,294.804
3/21/2023,6:00,293.909
3/21/2023,12:00,292.656
3/21/2023,18:00,300.081
3/22/2023,0:00,295.739
3/22/2023,6:00,293.239
3/22/2023,12:00,293.138
3/22/2023,18:00,300.791
3/23/2023,0:00,294.197
3/23/2023,6:00,293.634
3/23/2023,12:00,292.239
3/23/2023,18:00,297.94
3/24/2023,0:00,296.427
3/24/2023,6:00,293.588
3/24/2023,12:00,293.202
3/24/2023,18:00,300.131
3/25/2023,0:00,294.671
3/25/2023,6:00,292.831
3/25/2023,12:00,292.825
3/25/2023,18:00,297.558
3/26/2023,0:00,292.588
3/26/2023,6:00,292.107
3/26/2023,12:00,290.131
3/26/2023,18:00,292.215
3/27/2023,0:00,291.022
3/27/2023,6:00,288.017
3/27/2023,12:00,286.829
3/27/2023,18:00,293.88
3/28/2023,0:00,291.043
3/28/2023,6:00,288.515
3/28/2023,12:00,288.101
3/28/2023,18:00,296.382
3/29/2023,0:00,295.737
3/29/2023,6:00,293.547
3/29/2023,12:00,293.212
3/29/2023,18:00,297.118
3/30/2023,0:00,298.232
3/30/2023,6:00,292.812
3/30/2023,12:00,291.962
3/30/2023,18:00,293.519
3/31/2023,0:00,294.203
3/31/2023,6:00,292.266
3/31/2023,12:00,291.293
3/31/2023,18:00,297.011
4/1/2023,0:00,294.532
4/1/2023,6:00,291.568
4/1/2023,12:00,286.179
4/1/2023,18:00,289.3
4/2/2023,0:00,286.676
4/2/2023,6:00,284.841
4/2/2023,12:00,283.765
4/2/2023,18:00,290.848
4/3/2023,0:00,290.342
4/3/2023,6:00,287.095
4/3/2023,12:00,286.681
4/3/2023,18:00,294.417
4/4/2023,0:00,293.04
4/4/2023,6:00,290.497
4/4/2023,12:00,289.909
4/4/2023,18:00,296.926
4/5/2023,0:00,293.931
4/5/2023,6:00,290.312
4/5/2023,12:00,290.398
4/5/2023,18:00,294.271
4/6/2023,0:00,291.538
4/6/2023,6:00,290.548
4/6/2023,12:00,290.459
4/6/2023,18:00,290.742
4/7/2023,0:00,289.668
4/7/2023,6:00,288.699
4/7/2023,12:00,289.306
4/7/2023,18:00,290.617
4/8/2023,0:00,289.158
4/8/2023,6:00,288.375
4/8/2023,12:00,287.585
4/8/2023,18:00,293.201
4/9/2023,0:00,291.617
4/9/2023,6:00,289.836
4/9/2023,12:00,289.296
4/9/2023,18:00,294.248
4/10/2023,0:00,294.358
4/10/2023,6:00,292.089
4/10/2023,12:00,290.7
4/10/2023,18:00,296.377
4/11/2023,0:00,295.136
4/11/2023,6:00,292.32
4/11/2023,12:00,291.604
4/11/2023,18:00,297.331
4/12/2023,0:00,296.959
4/12/2023,6:00,294.946
4/12/2023,12:00,291.36
4/12/2023,18:00,297.589
4/13/2023,0:00,296.586
4/13/2023,6:00,293.061
4/13/2023,12:00,292.2
4/13/2023,18:00,291.49
4/14/2023,0:00,290.782
4/14/2023,6:00,288.935
4/14/2023,12:00,288.77
4/14/2023,18:00,289.436
4/15/2023,0:00,289.78
4/15/2023,6:00,288.946
4/15/2023,12:00,287.958
4/15/2023,18:00,294.497
4/16/2023,0:00,292.432
4/16/2023,6:00,290.871
4/16/2023,12:00,290.594
4/16/2023,18:00,293.512
4/17/2023,0:00,292.029
4/17/2023,6:00,290.595
4/17/2023,12:00,290.1
4/17/2023,18:00,292.933
4/18/2023,0:00,290.79
4/18/2023,6:00,287.027
4/18/2023,12:00,285.903
4/18/2023,18:00,290.132
4/19/2023,0:00,287.218
4/19/2023,6:00,286.36
4/19/2023,12:00,283.214
4/19/2023,18:00,287.972
4/20/2023,0:00,285.2
4/20/2023,6:00,281.211
4/20/2023,12:00,280.109
4/20/2023,18:00,284.905
4/21/2023,0:00,284.864
4/21/2023,6:00,282.529
4/21/2023,12:00,282.229
4/21/2023,18:00,289.001
4/22/2023,0:00,288.136
4/22/2023,6:00,286.264
4/22/2023,12:00,284.903
4/22/2023,18:00,290.189
4/23/2023,0:00,289.809
4/23/2023,6:00,287
4/23/2023,12:00,286.26
4/23/2023,18:00,292.877
4/24/2023,0:00,290.797
4/24/2023,6:00,288.197
4/24/2023,12:00,287.33
4/24/2023,18:00,293.52
4/25/2023,0:00,292.293
4/25/2023,6:00,290.807
4/25/2023,12:00,289.461
4/25/2023,18:00,292.007
4/26/2023,0:00,289.255
4/26/2023,6:00,288.728
4/26/2023,12:00,287.265
4/26/2023,18:00,289.394
4/27/2023,0:00,289.255
4/27/2023,6:00,287.997
4/27/2023,12:00,286.098
4/27/2023,18:00,290.158
4/28/2023,0:00,288.661
4/28/2023,6:00,286.466
4/28/2023,12:00,285.378
4/28/2023,18:00,290.935
4/29/2023,0:00,289.671
4/29/2023,6:00,288.112
4/29/2023,12:00,287.222
4/29/2023,18:00,292.107
4/30/2023,0:00,291.238
4/30/2023,6:00,289.137
4/30/2023,12:00,287.86
4/30/2023,18:00,292.558
5/1/2023,0:00,292.142
5/1/2023,6:00,290.845
5/1/2023,12:00,290.527
5/1/2023,18:00,293.09
5/2/2023,0:00,295.104
5/2/2023,6:00,292.933
5/2/2023,12:00,291.6
5/2/2023,18:00,294.872
5/3/2023,0:00,291.194
5/3/2023,6:00,290.786
5/3/2023,12:00,291.034
5/3/2023,18:00,292.453
5/4/2023,0:00,291.305
5/4/2023,6:00,290.68
5/4/2023,12:00,290.183
5/4/2023,18:00,291.145
5/5/2023,0:00,291.421
5/5/2023,6:00,291.265
5/5/2023,12:00,291.516
5/5/2023,18:00,292.6
5/6/2023,0:00,292.409
5/6/2023,6:00,291.918
5/6/2023,12:00,291.977
5/6/2023,18:00,294.352
5/7/2023,0:00,293.802
5/7/2023,6:00,292.805
5/7/2023,12:00,292.13
5/7/2023,18:00,294.599
5/8/2023,0:00,290.319
5/8/2023,6:00,289.419
5/8/2023,12:00,287.946
5/8/2023,18:00,288.696
5/9/2023,0:00,287.674
5/9/2023,6:00,284.877
5/9/2023,12:00,284.2
5/9/2023,18:00,288.4
5/10/2023,0:00,286.8
5/10/2023,6:00,284.491
5/10/2023,12:00,283.402
5/10/2023,18:00,287.467
5/11/2023,0:00,285.649
5/11/2023,6:00,283.168
5/11/2023,12:00,281.766
5/11/2023,18:00,285.479
5/12/2023,0:00,284.103
5/12/2023,6:00,281.756
5/12/2023,12:00,280.717
5/12/2023,18:00,285.083
5/13/2023,0:00,285.072
5/13/2023,6:00,282.913
5/13/2023,12:00,282.042
5/13/2023,18:00,286.438
5/14/2023,0:00,286.484
5/14/2023,6:00,284.65
5/14/2023,12:00,283.8
5/14/2023,18:00,288.516
5/15/2023,0:00,288.827
5/15/2023,6:00,287.158
5/15/2023,12:00,285.8
5/15/2023,18:00,289.903
5/16/2023,0:00,289.106
5/16/2023,6:00,286.605
5/16/2023,12:00,285.21
5/16/2023,18:00,289.676
5/17/2023,0:00,288.776
5/17/2023,6:00,286.427
5/17/2023,12:00,285.893
5/17/2023,18:00,290.372
5/18/2023,0:00,290.445
5/18/2023,6:00,288.569
5/18/2023,12:00,286.792
5/18/2023,18:00,290.895
5/19/2023,0:00,290.28
5/19/2023,6:00,287.718
5/19/2023,12:00,286.158
5/19/2023,18:00,290.132
5/20/2023,0:00,289.763
5/20/2023,6:00,287.817
5/20/2023,12:00,286.955
5/20/2023,18:00,290.434
5/21/2023,0:00,290.837
5/21/2023,6:00,290.005
5/21/2023,12:00,289.7
5/21/2023,18:00,288.824
5/22/2023,0:00,287.215
5/22/2023,6:00,287.5
5/22/2023,12:00,287.656
5/22/2023,18:00,290.355
5/23/2023,0:00,292.4
5/23/2023,6:00,289.055
5/23/2023,12:00,288.556
5/23/2023,18:00,292.1
5/24/2023,0:00,292.637
5/24/2023,6:00,290.8
5/24/2023,12:00,289.743
5/24/2023,18:00,293.209
5/25/2023,0:00,292.34
5/25/2023,6:00,289.718
5/25/2023,12:00,288.563
5/25/2023,18:00,292.2
5/26/2023,0:00,292
5/26/2023,6:00,290.714
5/26/2023,12:00,290.161
5/26/2023,18:00,292.958
5/27/2023,0:00,294.021
5/27/2023,6:00,291.045
5/27/2023,12:00,290.397
5/27/2023,18:00,292.384
5/28/2023,0:00,290.097
5/28/2023,6:00,287.138
5/28/2023,12:00,285.658
5/28/2023,18:00,285.484
5/29/2023,0:00,284.608
5/29/2023,6:00,282.351
5/29/2023,12:00,281.8
5/29/2023,18:00,285.185
5/30/2023,0:00,287.538
5/30/2023,6:00,286.619
5/30/2023,12:00,286.54
5/30/2023,18:00,289.241
5/31/2023,0:00,288.8
5/31/2023,6:00,287.244
5/31/2023,12:00,286.424
5/31/2023,18:00,289.615
6/1/2023,0:00,289.1
6/1/2023,6:00,287.124
6/1/2023,12:00,286.363
6/1/2023,18:00,289.984
6/2/2023,0:00,289.349
6/2/2023,6:00,287.195
6/2/2023,12:00,286.1
6/2/2023,18:00,289.376
6/3/2023,0:00,289
6/3/2023,6:00,286.965
6/3/2023,12:00,286.216
6/3/2023,18:00,289.618
6/4/2023,0:00,289.545
6/4/2023,6:00,287.735
6/4/2023,12:00,287.017
6/4/2023,18:00,290.4
6/5/2023,0:00,290.691
6/5/2023,6:00,289.359
6/5/2023,12:00,288.34
6/5/2023,18:00,290.286
6/6/2023,0:00,289.708
6/6/2023,6:00,288.171
6/6/2023,12:00,287.477
6/6/2023,18:00,290.796
6/7/2023,0:00,290.75
6/7/2023,6:00,288.865
6/7/2023,12:00,287.698
6/7/2023,18:00,291.115
6/8/2023,0:00,290.637
6/8/2023,6:00,289
6/8/2023,12:00,287.948
6/8/2023,18:00,290.861
6/9/2023,0:00,290.597
6/9/2023,6:00,288.372
6/9/2023,12:00,287.617
6/9/2023,18:00,290.898
6/10/2023,0:00,291.975
6/10/2023,6:00,289.821
6/10/2023,12:00,289.497
6/10/2023,18:00,292.822
6/11/2023,0:00,292.524
6/11/2023,6:00,291.385
6/11/2023,12:00,282.824
6/11/2023,18:00,282.422
6/12/2023,0:00,282.503
6/12/2023,6:00,278.677
6/12/2023,12:00,276.835
6/12/2023,18:00,278.742
6/13/2023,0:00,278.8
6/13/2023,6:00,276.946
6/13/2023,12:00,276.44
6/13/2023,18:00,278.3
6/14/2023,0:00,280.157
6/14/2023,6:00,280.098
6/14/2023,12:00,281.456
6/14/2023,18:00,282.518
6/15/2023,0:00,282.968
6/15/2023,6:00,284.044
6/15/2023,12:00,284.207
6/15/2023,18:00,284.685
6/16/2023,0:00,284.065
6/16/2023,6:00,284.185
6/16/2023,12:00,284.166
6/16/2023,18:00,284.319
6/17/2023,0:00,285.419
6/17/2023,6:00,281.41
6/17/2023,12:00,280.344
6/17/2023,18:00,283.378
6/18/2023,0:00,284.117
6/18/2023,6:00,280.807
6/18/2023,12:00,279.495
6/18/2023,18:00,282.234
6/19/2023,0:00,281.051
6/19/2023,6:00,279.689
6/19/2023,12:00,279.451
6/19/2023,18:00,282.948
6/20/2023,0:00,285.534
6/20/2023,6:00,284.486
6/20/2023,12:00,283.709
6/20/2023,18:00,286.427
6/21/2023,0:00,287.275
6/21/2023,6:00,286.749
6/21/2023,12:00,286.801
6/21/2023,18:00,287.99
6/22/2023,0:00,288.109
6/22/2023,6:00,287.501
6/22/2023,12:00,287.076
6/22/2023,18:00,287.9
6/23/2023,0:00,288.84
6/23/2023,6:00,289.381
6/23/2023,12:00,289.258
6/23/2023,18:00,289.877
6/24/2023,0:00,291.212
6/24/2023,6:00,289.578
6/24/2023,12:00,288.647
6/24/2023,18:00,291.084
6/25/2023,0:00,291.609
6/25/2023,6:00,290.218
6/25/2023,12:00,289.431
6/25/2023,18:00,292
6/26/2023,0:00,292.207
6/26/2023,6:00,290.135
6/26/2023,12:00,288.949
6/26/2023,18:00,291.515
6/27/2023,0:00,290.312
6/27/2023,6:00,288.584
6/27/2023,12:00,287.078
6/27/2023,18:00,289.811
6/28/2023,0:00,289.119
6/28/2023,6:00,288.01
6/28/2023,12:00,286.793
6/28/2023,18:00,289.871
6/29/2023,0:00,287.253
6/29/2023,6:00,284.442
6/29/2023,12:00,282.142
6/29/2023,18:00,284.074
6/30/2023,0:00,283.983
6/30/2023,6:00,284.056
6/30/2023,12:00,285.901
6/30/2023,18:00,288.244
7/1/2023,0:00,287.173
7/1/2023,6:00,286.937
7/1/2023,12:00,286.473
7/1/2023,18:00,289.672
7/2/2023,0:00,289.302
7/2/2023,6:00,287.622
7/2/2023,12:00,286.917
7/2/2023,18:00,289.763
7/3/2023,0:00,289.241
7/3/2023,6:00,287.595
7/3/2023,12:00,286.575
7/3/2023,18:00,289.561
7/4/2023,0:00,288.854
7/4/2023,6:00,286.949
7/4/2023,12:00,285.778
7/4/2023,18:00,288.675
7/5/2023,0:00,288.009
7/5/2023,6:00,286.277
7/5/2023,12:00,285.578
7/5/2023,18:00,288.417
7/6/2023,0:00,288.788
7/6/2023,6:00,287.765
7/6/2023,12:00,287.1
7/6/2023,18:00,290.116
7/7/2023,0:00,291.624
7/7/2023,6:00,289.536
7/7/2023,12:00,288.946
7/7/2023,18:00,291.278
7/8/2023,0:00,289.914
7/8/2023,6:00,288.8
7/8/2023,12:00,286.1
7/8/2023,18:00,287
7/9/2023,0:00,287.583
7/9/2023,6:00,286.401
7/9/2023,12:00,286.471
7/9/2023,18:00,290.107
7/10/2023,0:00,290.342
7/10/2023,6:00,290.264
7/10/2023,12:00,289.418
7/10/2023,18:00,291.105
7/11/2023,0:00,290.451
7/11/2023,6:00,288.501
7/11/2023,12:00,287.188
7/11/2023,18:00,287.617
7/12/2023,0:00,288.312
7/12/2023,6:00,288.602
7/12/2023,12:00,289.856
7/12/2023,18:00,291.519
7/13/2023,0:00,288.36
7/13/2023,6:00,281.738
7/13/2023,12:00,281.181
7/13/2023,18:00,281.362
7/14/2023,0:00,279.697
7/14/2023,6:00,279.621
7/14/2023,12:00,278.339
7/14/2023,18:00,279.76
7/15/2023,0:00,280.56
7/15/2023,6:00,278.095
7/15/2023,12:00,278.037
7/15/2023,18:00,281.425
7/16/2023,0:00,284.955
7/16/2023,6:00,282.19
7/16/2023,12:00,281.479
7/16/2023,18:00,283.674
7/17/2023,0:00,283.712
7/17/2023,6:00,282.216
7/17/2023,12:00,279.756
7/17/2023,18:00,282.033
7/18/2023,0:00,279.831
7/18/2023,6:00,277.104
7/18/2023,12:00,275.8
7/18/2023,18:00,278.602
7/19/2023,0:00,279.292
7/19/2023,6:00,277.851
7/19/2023,12:00,277.751
7/19/2023,18:00,282.158
7/20/2023,0:00,287.5
7/20/2023,6:00,286.318
7/20/2023,12:00,286.178
7/20/2023,18:00,288.219
7/21/2023,0:00,289.581
7/21/2023,6:00,289
7/21/2023,12:00,288.419
7/21/2023,18:00,290.609
7/22/2023,0:00,292.771
7/22/2023,6:00,291.494
7/22/2023,12:00,290.255
7/22/2023,18:00,291.712
7/23/2023,0:00,293.255
7/23/2023,6:00,290.2
7/23/2023,12:00,290.065
7/23/2023,18:00,292.488
7/24/2023,0:00,291.731
7/24/2023,6:00,290.157
7/24/2023,12:00,289.252
7/24/2023,18:00,292.339
7/25/2023,0:00,291.74
7/25/2023,6:00,290.07
7/25/2023,12:00,289.596
7/25/2023,18:00,291.992
7/26/2023,0:00,291.343
7/26/2023,6:00,290.557
7/26/2023,12:00,289.662
7/26/2023,18:00,290.337
7/27/2023,0:00,287.303
7/27/2023,6:00,281.931
7/27/2023,12:00,280.61
7/27/2023,18:00,283.6
7/28/2023,0:00,286.698
7/28/2023,6:00,286.757
7/28/2023,12:00,284.8
7/28/2023,18:00,286.049
7/29/2023,0:00,281.6
7/29/2023,6:00,279.453
7/29/2023,12:00,278.783
7/29/2023,18:00,282.124
7/30/2023,0:00,282.354
7/30/2023,6:00,281.927
7/30/2023,12:00,282.031
7/30/2023,18:00,286.377
7/31/2023,0:00,288.279
7/31/2023,6:00,287.669
7/31/2023,12:00,287.026
7/31/2023,18:00,290.524
8/1/2023,0:00,289.575
8/1/2023,6:00,288.371
8/1/2023,12:00,287.604
8/1/2023,18:00,291.267
8/2/2023,0:00,290.599
8/2/2023,6:00,288.627
8/2/2023,12:00,287.633
8/2/2023,18:00,291.518
8/3/2023,0:00,291.008
8/3/2023,6:00,289.418
8/3/2023,12:00,288.324
8/3/2023,18:00,292.057
8/4/2023,0:00,290.892
8/4/2023,6:00,289.217
8/4/2023,12:00,289.029
8/4/2023,18:00,292.412
8/5/2023,0:00,292.548
8/5/2023,6:00,290.5
8/5/2023,12:00,289.158
8/5/2023,18:00,292.779
8/6/2023,0:00,292.188
8/6/2023,6:00,289.603
8/6/2023,12:00,287.496
8/6/2023,18:00,291.455
8/7/2023,0:00,292.406
8/7/2023,6:00,292.405
8/7/2023,12:00,290.727
8/7/2023,18:00,291.446
8/8/2023,0:00,286.033
8/8/2023,6:00,284.217
8/8/2023,12:00,284.233
8/8/2023,18:00,285.932
8/9/2023,0:00,287.743
8/9/2023,6:00,287.034
8/9/2023,12:00,286.708
8/9/2023,18:00,287.039
8/10/2023,0:00,288.582
8/10/2023,6:00,287.317
8/10/2023,12:00,287.288
8/10/2023,18:00,291.025
8/11/2023,0:00,292.442
8/11/2023,6:00,291.133
8/11/2023,12:00,288.939
8/11/2023,18:00,291.819
8/12/2023,0:00,290.9
8/12/2023,6:00,287.981
8/12/2023,12:00,283.867
8/12/2023,18:00,284.436
8/13/2023,0:00,280.219
8/13/2023,6:00,277.952
8/13/2023,12:00,276.188
8/13/2023,18:00,279.975
8/14/2023,0:00,280.133
8/14/2023,6:00,279.304
8/14/2023,12:00,279.424
8/14/2023,18:00,284.775
8/15/2023,0:00,285.442
8/15/2023,6:00,284.97
8/15/2023,12:00,284.929
8/15/2023,18:00,289.65
8/16/2023,0:00,290.197
8/16/2023,6:00,289.096
8/16/2023,12:00,288.567
8/16/2023,18:00,291.773
8/17/2023,0:00,292.367
8/17/2023,6:00,291.4
8/17/2023,12:00,290.825
8/17/2023,18:00,294.04
8/18/2023,0:00,292.606
8/18/2023,6:00,291.593
8/18/2023,12:00,291.834
8/18/2023,18:00,286.164
8/19/2023,0:00,285.032
8/19/2023,6:00,284.736
8/19/2023,12:00,284.259
8/19/2023,18:00,284.641
8/20/2023,0:00,284.857
8/20/2023,6:00,283.845
8/20/2023,12:00,283.474
8/20/2023,18:00,287.868
8/21/2023,0:00,286.93
8/21/2023,6:00,285.726
8/21/2023,12:00,284.836
8/21/2023,18:00,289.594
8/22/2023,0:00,289.61
8/22/2023,6:00,290.046
8/22/2023,12:00,290.608
8/22/2023,18:00,294.461
8/23/2023,0:00,294.77
8/23/2023,6:00,294.2
8/23/2023,12:00,294.17
8/23/2023,18:00,295.9
8/24/2023,0:00,292.441
8/24/2023,6:00,290.39
8/24/2023,12:00,287.289
8/24/2023,18:00,287.6
8/25/2023,0:00,283.838
8/25/2023,6:00,281
8/25/2023,12:00,280.037
8/25/2023,18:00,283.373
8/26/2023,0:00,281.824
8/26/2023,6:00,279.138
8/26/2023,12:00,277.999
8/26/2023,18:00,282.303
8/27/2023,0:00,279.312
8/27/2023,6:00,276.7
8/27/2023,12:00,275.713
8/27/2023,18:00,280.711
8/28/2023,0:00,278.842
8/28/2023,6:00,276.791
8/28/2023,12:00,275.761
8/28/2023,18:00,281.942
8/29/2023,0:00,282.817
8/29/2023,6:00,281.807
8/29/2023,12:00,281.583
8/29/2023,18:00,286.624
8/30/2023,0:00,288.346
8/30/2023,6:00,285
8/30/2023,12:00,284.306
8/30/2023,18:00,289.591
8/31/2023,0:00,288.748
8/31/2023,6:00,287.435
8/31/2023,12:00,286.44
8/31/2023,18:00,292.169
9/1/2023,0:00,289.533
9/1/2023,6:00,289.497
9/1/2023,12:00,289.507
9/1/2023,18:00,289.701
9/2/2023,0:00,289.548
9/2/2023,6:00,288.797
9/2/2023,12:00,290.303
9/2/2023,18:00,291.288
9/3/2023,0:00,291.725
9/3/2023,6:00,290.582
9/3/2023,12:00,291.372
9/3/2023,18:00,293.528
9/4/2023,0:00,293.688
9/4/2023,6:00,293.384
9/4/2023,12:00,292.994
9/4/2023,18:00,289.5
9/5/2023,0:00,285.251
9/5/2023,6:00,285.1
9/5/2023,12:00,284.945
9/5/2023,18:00,285.842
9/6/2023,0:00,284.078
9/6/2023,6:00,282.195
9/6/2023,12:00,282.085
9/6/2023,18:00,289.148
9/7/2023,0:00,290.93
9/7/2023,6:00,289.029
9/7/2023,12:00,288.248
9/7/2023,18:00,289.748
9/8/2023,0:00,292.961
9/8/2023,6:00,289.515
9/8/2023,12:00,288.868
9/8/2023,18:00,288.1
9/9/2023,0:00,288.768
9/9/2023,6:00,288.919
9/9/2023,12:00,289.322
9/9/2023,18:00,290.676
9/10/2023,0:00,288.878
9/10/2023,6:00,287.881
9/10/2023,12:00,288.422
9/10/2023,18:00,293.302
9/11/2023,0:00,292.697
9/11/2023,6:00,291.702
9/11/2023,12:00,290.994
9/11/2023,18:00,295.204
9/12/2023,0:00,294.167
9/12/2023,6:00,294.018
9/12/2023,12:00,291.752
9/12/2023,18:00,294.361
9/13/2023,0:00,293.519
9/13/2023,6:00,291.158
9/13/2023,12:00,290.3
9/13/2023,18:00,285.268
9/14/2023,0:00,283.427
9/14/2023,6:00,281.435
9/14/2023,12:00,279.901
9/14/2023,18:00,280.468
9/15/2023,0:00,279.885
9/15/2023,6:00,279.014
9/15/2023,12:00,278.398
9/15/2023,18:00,284.5
9/16/2023,0:00,284.354
9/16/2023,6:00,284.039
9/16/2023,12:00,283.626
9/16/2023,18:00,289.806
9/17/2023,0:00,290.1
9/17/2023,6:00,289.952
9/17/2023,12:00,289.635
9/17/2023,18:00,295.324
9/18/2023,0:00,295.391
9/18/2023,6:00,293.61
9/18/2023,12:00,293.655
9/18/2023,18:00,296.792
9/19/2023,0:00,292.865
9/19/2023,6:00,291.376
9/19/2023,12:00,291.612
9/19/2023,18:00,296.218
9/20/2023,0:00,292.639
9/20/2023,6:00,291.339
9/20/2023,12:00,290.938
9/20/2023,18:00,295.969
9/21/2023,0:00,294.645
9/21/2023,6:00,292.643
9/21/2023,12:00,292.315
9/21/2023,18:00,297.298
9/22/2023,0:00,296.771
9/22/2023,6:00,294.978
9/22/2023,12:00,294.159
9/22/2023,18:00,295.818
9/23/2023,0:00,295.095
9/23/2023,6:00,293.17
9/23/2023,12:00,293.812
9/23/2023,18:00,298.581
9/24/2023,0:00,297.798
9/24/2023,6:00,295.344
9/24/2023,12:00,294.548
9/24/2023,18:00,299.636
9/25/2023,0:00,293.949
9/25/2023,6:00,291.233
9/25/2023,12:00,290.798
9/25/2023,18:00,294.917
9/26/2023,0:00,291.097
9/26/2023,6:00,290.609
9/26/2023,12:00,291.307
9/26/2023,18:00,299.514
9/27/2023,0:00,292.085
9/27/2023,6:00,288.199
9/27/2023,12:00,285.364
9/27/2023,18:00,285.296
9/28/2023,0:00,285.543
9/28/2023,6:00,281.958
9/28/2023,12:00,281.096
9/28/2023,18:00,285.969
9/29/2023,0:00,289.423
9/29/2023,6:00,285.997
9/29/2023,12:00,285.748
9/29/2023,18:00,292.339
9/30/2023,0:00,291.139
9/30/2023,6:00,288.035
9/30/2023,12:00,288.7
9/30/2023,18:00,292.093
10/1/2023,0:00,288.33
10/1/2023,6:00,286.594
10/1/2023,12:00,284.238
10/1/2023,18:00,288.506
10/2/2023,0:00,285.644
10/2/2023,6:00,282.893
10/2/2023,12:00,282.123
10/2/2023,18:00,289.116
10/3/2023,0:00,286.5
10/3/2023,6:00,284.7
10/3/2023,12:00,284.971
10/3/2023,18:00,294.627
10/4/2023,0:00,292.702
10/4/2023,6:00,291.736
10/4/2023,12:00,291.302
10/4/2023,18:00,290.9
10/5/2023,0:00,288.695
10/5/2023,6:00,284.904
10/5/2023,12:00,282.936
10/5/2023,18:00,288.299
10/6/2023,0:00,287.083
10/6/2023,6:00,286.3
10/6/2023,12:00,287.4
10/6/2023,18:00,289.8
10/7/2023,0:00,290.918
10/7/2023,6:00,290.922
10/7/2023,12:00,291.114
10/7/2023,18:00,290.108
10/8/2023,0:00,288.604
10/8/2023,6:00,288.159
10/8/2023,12:00,286.939
10/8/2023,18:00,287.409
10/9/2023,0:00,287.804
10/9/2023,6:00,287.205
10/9/2023,12:00,287.089
10/9/2023,18:00,290.777
10/10/2023,0:00,288.004
10/10/2023,6:00,286.645
10/10/2023,12:00,286.365
10/10/2023,18:00,292.755
10/11/2023,0:00,292.585
10/11/2023,6:00,292.391
10/11/2023,12:00,291.324
10/11/2023,18:00,291.412
10/12/2023,0:00,291.484
10/12/2023,6:00,285.994
10/12/2023,12:00,284.004
10/12/2023,18:00,284.1
10/13/2023,0:00,284.589
10/13/2023,6:00,281.378
10/13/2023,12:00,280.534
10/13/2023,18:00,285.3
10/14/2023,0:00,285.1
10/14/2023,6:00,282.936
10/14/2023,12:00,282.786
10/14/2023,18:00,289.84
10/15/2023,0:00,290.615
10/15/2023,6:00,289.176
10/15/2023,12:00,289.298
10/15/2023,18:00,293.8
10/16/2023,0:00,293.5
10/16/2023,6:00,293.533
10/16/2023,12:00,293.464
10/16/2023,18:00,297.109
10/17/2023,0:00,291.721
10/17/2023,6:00,291.643
10/17/2023,12:00,291.583
10/17/2023,18:00,290.52
10/18/2023,0:00,290.555
10/18/2023,6:00,289.046
10/18/2023,12:00,287.347
10/18/2023,18:00,288.923
10/19/2023,0:00,288.264
10/19/2023,6:00,288.163
10/19/2023,12:00,289.228
10/19/2023,18:00,292.169
10/20/2023,0:00,292.748
10/20/2023,6:00,291.145
10/20/2023,12:00,290.683
10/20/2023,18:00,291.776
10/21/2023,0:00,292.659
10/21/2023,6:00,291.332
10/21/2023,12:00,291.039
10/21/2023,18:00,296.837
10/22/2023,0:00,295.552
10/22/2023,6:00,293.789
10/22/2023,12:00,292.685
10/22/2023,18:00,296.868
10/23/2023,0:00,295.865
10/23/2023,6:00,293.659
10/23/2023,12:00,293.683
10/23/2023,18:00,296.79
10/24/2023,0:00,292.824
10/24/2023,6:00,292.3
10/24/2023,12:00,291.636
10/24/2023,18:00,294.657
10/25/2023,0:00,292.658
10/25/2023,6:00,289.517
10/25/2023,12:00,288.256
10/25/2023,18:00,292.591
10/26/2023,0:00,289.727
10/26/2023,6:00,286.136
10/26/2023,12:00,285.517
10/26/2023,18:00,291.191
10/27/2023,0:00,289.667
10/27/2023,6:00,287.788
10/27/2023,12:00,287.658
10/27/2023,18:00,295.9
10/28/2023,0:00,293.301
10/28/2023,6:00,292.458
10/28/2023,12:00,290.448
10/28/2023,18:00,291.598
10/29/2023,0:00,289.751
10/29/2023,6:00,289.812
10/29/2023,12:00,290.051
10/29/2023,18:00,295.444
10/30/2023,0:00,294.705
10/30/2023,6:00,293.126
10/30/2023,12:00,292.536
10/30/2023,18:00,293.133
10/31/2023,0:00,292.582
10/31/2023,6:00,290.516
10/31/2023,12:00,289.35
10/31/2023,18:00,292.946
11/1/2023,0:00,291.452
11/1/2023,6:00,289.263
11/1/2023,12:00,288.632
11/1/2023,18:00,293.369
11/2/2023,0:00,291.665
11/2/2023,6:00,290.825
11/2/2023,12:00,291.864
11/2/2023,18:00,291.681
11/3/2023,0:00,291.704
11/3/2023,6:00,292.09
11/3/2023,12:00,289.246
11/3/2023,18:00,287.128
11/4/2023,0:00,283.587
11/4/2023,6:00,282.808
11/4/2023,12:00,282.898
11/4/2023,18:00,286.011
11/5/2023,0:00,284.107
11/5/2023,6:00,282.172
11/5/2023,12:00,281.524
11/5/2023,18:00,288.398
11/6/2023,0:00,289.038
11/6/2023,6:00,287.588
11/6/2023,12:00,288.164
11/6/2023,18:00,295.015
11/7/2023,0:00,293.43
11/7/2023,6:00,291.611
11/7/2023,12:00,290.977
11/7/2023,18:00,296.195
11/8/2023,0:00,294.9
11/8/2023,6:00,293.011
11/8/2023,12:00,291.866
11/8/2023,18:00,297.656
11/9/2023,0:00,296.703
11/9/2023,6:00,295.48
11/9/2023,12:00,292.831
11/9/2023,18:00,292.579
11/10/2023,0:00,292.636
11/10/2023,6:00,291.57
11/10/2023,12:00,291.314
11/10/2023,18:00,297.258
11/11/2023,0:00,297.533
11/11/2023,6:00,296.671
11/11/2023,12:00,296.573
11/11/2023,18:00,300.546
11/12/2023,0:00,298.509
11/12/2023,6:00,296.853
11/12/2023,12:00,297.5
11/12/2023,18:00,302.665
11/13/2023,0:00,295.909
11/13/2023,6:00,295.268
11/13/2023,12:00,295.735
11/13/2023,18:00,291.718
11/14/2023,0:00,292.708
11/14/2023,6:00,292.301
11/14/2023,12:00,291.319
11/14/2023,18:00,291.272
11/15/2023,0:00,290.611
11/15/2023,6:00,291.137
11/15/2023,12:00,290.45
11/15/2023,18:00,295.187
11/16/2023,0:00,295.691
11/16/2023,6:00,294.102
11/16/2023,12:00,292.231
11/16/2023,18:00,297.071
11/17/2023,0:00,294.979
11/17/2023,6:00,292.99
11/17/2023,12:00,293.276
11/17/2023,18:00,294.746
11/18/2023,0:00,297.703
11/18/2023,6:00,296.388
11/18/2023,12:00,291.739
11/18/2023,18:00,288.702
11/19/2023,0:00,289.517
11/19/2023,6:00,288.333
11/19/2023,12:00,288.051
11/19/2023,18:00,293.552
11/20/2023,0:00,290.733
11/20/2023,6:00,288.657
11/20/2023,12:00,288.249
11/20/2023,18:00,295.118
11/21/2023,0:00,294.019
11/21/2023,6:00,292.684
11/21/2023,12:00,292.473
11/21/2023,18:00,297.581
11/22/2023,0:00,297.047
11/22/2023,6:00,295.425
11/22/2023,12:00,293.926
11/22/2023,18:00,295.664
11/23/2023,0:00,293.008
11/23/2023,6:00,290.875
11/23/2023,12:00,290.802
11/23/2023,18:00,292.297
11/24/2023,0:00,291.479
11/24/2023,6:00,289.348
11/24/2023,12:00,287.787
11/24/2023,18:00,292.91
11/25/2023,0:00,290.934
11/25/2023,6:00,288.038
11/25/2023,12:00,286.684
11/25/2023,18:00,293.625
11/26/2023,0:00,293.086
11/26/2023,6:00,290.678
11/26/2023,12:00,290.551
11/26/2023,18:00,295.392
11/27/2023,0:00,294.77
11/27/2023,6:00,293.282
11/27/2023,12:00,292.686
11/27/2023,18:00,291.997
11/28/2023,0:00,290.677
11/28/2023,6:00,291.33
11/28/2023,12:00,291.602
11/28/2023,18:00,293.182
11/29/2023,0:00,293.437
11/29/2023,6:00,292.164
11/29/2023,12:00,292.086
11/29/2023,18:00,294.9
11/30/2023,0:00,297.073
11/30/2023,6:00,293.661
11/30/2023,12:00,293.563
11/30/2023,18:00,300.084
12/1/2023,0:00,297.153
12/1/2023,6:00,294.687
12/1/2023,12:00,294.396
12/1/2023,18:00,300.66
12/2/2023,0:00,296.834
12/2/2023,6:00,296.817
12/2/2023,12:00,296.125
12/2/2023,18:00,297.261
12/3/2023,0:00,291.826
12/3/2023,6:00,293.877
12/3/2023,12:00,293.467
12/3/2023,18:00,298.218
12/4/2023,0:00,295.213
12/4/2023,6:00,293.827
12/4/2023,12:00,291.863
12/4/2023,18:00,292.06
12/5/2023,0:00,290.763
12/5/2023,6:00,290.205
12/5/2023,12:00,290.387
12/5/2023,18:00,296.909
12/6/2023,0:00,294.343
12/6/2023,6:00,294.022
12/6/2023,12:00,293.931
12/6/2023,18:00,295.288
12/7/2023,0:00,295.34
12/7/2023,6:00,294.439
12/7/2023,12:00,293.991
12/7/2023,18:00,294.316
12/8/2023,0:00,293.697
12/8/2023,6:00,292.311
12/8/2023,12:00,290.224
12/8/2023,18:00,292.125
12/9/2023,0:00,290.18
12/9/2023,6:00,286.616
12/9/2023,12:00,286.091
12/9/2023,18:00,293.61
12/10/2023,0:00,293.524
12/10/2023,6:00,291.739
12/10/2023,12:00,292.047
12/10/2023,18:00,292.609
12/11/2023,0:00,292.037
12/11/2023,6:00,290.133
12/11/2023,12:00,289.124
12/11/2023,18:00,294.982
12/12/2023,0:00,293.561
12/12/2023,6:00,291.113
12/12/2023,12:00,290.795
12/12/2023,18:00,296.863
12/13/2023,0:00,295.226
12/13/2023,6:00,293.312
12/13/2023,12:00,292.523
12/13/2023,18:00,297.569
12/14/2023,0:00,297.142
12/14/2023,6:00,295.528
12/14/2023,12:00,295.483
12/14/2023,18:00,300.429
12/15/2023,0:00,294.927
12/15/2023,6:00,294.929
12/15/2023,12:00,294.896
12/15/2023,18:00,300.616
12/16/2023,0:00,294.333
12/16/2023,6:00,294.153
12/16/2023,12:00,294.92
12/16/2023,18:00,300.554
12/17/2023,0:00,297.599
12/17/2023,6:00,295.996
12/17/2023,12:00,295.044
12/17/2023,18:00,301.576
12/18/2023,0:00,295.636
12/18/2023,6:00,295.603
12/18/2023,12:00,295.365
12/18/2023,18:00,301.886
12/19/2023,0:00,292.309
12/19/2023,6:00,293.277
12/19/2023,12:00,293.995
12/19/2023,18:00,298.04
12/20/2023,0:00,293.387
12/20/2023,6:00,292.972
12/20/2023,12:00,292.533
12/20/2023,18:00,296.693
12/21/2023,0:00,293.938
12/21/2023,6:00,292.597
12/21/2023,12:00,292.665
12/21/2023,18:00,297.455
12/22/2023,0:00,297.248
12/22/2023,6:00,294.681
12/22/2023,12:00,294.2
12/22/2023,18:00,299.448
12/23/2023,0:00,292.953
12/23/2023,6:00,291.992
12/23/2023,12:00,292.704
12/23/2023,18:00,298.136
12/24/2023,0:00,292.84
12/24/2023,6:00,292.748
12/24/2023,12:00,292.12
12/24/2023,18:00,297.672
12/25/2023,0:00,295.477
12/25/2023,6:00,293.022
12/25/2023,12:00,292.949
12/25/2023,18:00,295.125
12/26/2023,6:00,290.165
12/26/2023,12:00,289.002
12/26/2023,18:00,292.924
12/27/2023,0:00,289.499
12/27/2023,6:00,286.438
12/27/2023,12:00,285.395
12/27/2023,18:00,292.483
12/28/2023,0:00,291.271
12/28/2023,6:00,289.98
12/28/2023,12:00,289.604
12/28/2023,18:00,296.339
12/29/2023,0:00,297.502
12/29/2023,6:00,295.098
12/29/2023,12:00,292.892
12/29/2023,18:00,292.283
12/30/2023,0:00,291.209
12/30/2023,6:00,290.523
12/30/2023,12:00,290.398
12/30/2023,18:00,293.54
12/31/2023,0:00,291.741
12/31/2023,6:00,288.872
12/31/2023,12:00,288.047
12/31/2023,18:00,294.027
1/1/2024,0:00,292.764
1/1/2024,6:00,290.499
1/1/2024,12:00,290.32
1/1/2024,18:00,296.62
1/2/2024,0:00,295.108
1/2/2024,6:00,292.084
1/2/2024,12:00,291.791
1/2/2024,18:00,296.751
1/3/2024,0:00,293.694
1/3/2024,6:00,291.611
1/3/2024,12:00,291.461
1/3/2024,18:00,296.337
1/4/2024,0:00,293.015
1/4/2024,6:00,290.908
1/4/2024,12:00,290.335
1/4/2024,18:00,296.145
1/5/2024,0:00,292.849
1/5/2024,6:00,290.436
1/5/2024,12:00,290.095
1/5/2024,18:00,296.996
1/6/2024,0:00,293.757
1/6/2024,6:00,291.977
1/6/2024,12:00,291.812
1/6/2024,18:00,297.155
1/7/2024,0:00,296.119
1/7/2024,6:00,294.123
1/7/2024,12:00,293.326
1/7/2024,18:00,299.749
1/8/2024,0:00,297.147
1/8/2024,6:00,296.202
1/8/2024,12:00,296.087
1/8/2024,18:00,296.761
1/9/2024,0:00,295.085
1/9/2024,6:00,293.272
1/9/2024,12:00,293.409
1/9/2024,18:00,297.181
1/10/2024,0:00,293.829
1/10/2024,6:00,293.162
1/10/2024,12:00,292.946
1/10/2024,18:00,296.154
1/11/2024,0:00,294.784
1/11/2024,6:00,293.77
1/11/2024,12:00,294.41
1/11/2024,18:00,294.91
1/12/2024,0:00,294.556
1/12/2024,6:00,291.547
1/12/2024,12:00,291.224
1/12/2024,18:00,295.034
1/13/2024,0:00,293.805
1/13/2024,6:00,290.32
1/13/2024,12:00,290.174
1/13/2024,18:00,297.065
1/14/2024,0:00,296.302
1/14/2024,6:00,294.911
1/14/2024,12:00,294.089
1/14/2024,18:00,299.897
1/15/2024,0:00,293.344
1/15/2024,6:00,292.822
1/15/2024,12:00,292.657
1/15/2024,18:00,298.473
1/16/2024,0:00,296.877
1/16/2024,6:00,294.993
1/16/2024,12:00,294.178
1/16/2024,18:00,299.156
1/17/2024,0:00,298.926
1/17/2024,6:00,292.822
1/17/2024,12:00,293.518
1/17/2024,18:00,293.467
1/18/2024,0:00,294.513
1/18/2024,6:00,293.863
1/18/2024,12:00,293.481
1/18/2024,18:00,295.748
1/19/2024,0:00,295.956
1/19/2024,6:00,294.538
1/19/2024,12:00,293.995
1/19/2024,18:00,298.095
1/20/2024,0:00,295.947
1/20/2024,6:00,294.272
1/20/2024,12:00,293.362
1/20/2024,18:00,297.306
1/21/2024,0:00,293.777
1/21/2024,6:00,290.772
1/21/2024,12:00,290.111
1/21/2024,18:00,293.931
1/22/2024,0:00,292.487
1/22/2024,6:00,289.558
1/22/2024,12:00,288.798
1/22/2024,18:00,294.301
1/23/2024,0:00,291.641
1/23/2024,6:00,290.347
1/23/2024,12:00,288.989
1/23/2024,18:00,293.838
1/24/2024,0:00,290.612
1/24/2024,6:00,288.494
1/24/2024,12:00,287.315
1/24/2024,18:00,292.541
1/25/2024,0:00,289.573
1/25/2024,6:00,287.692
1/25/2024,12:00,287.426
1/25/2024,18:00,291.671
1/26/2024,0:00,290.487
1/26/2024,6:00,287.226
1/26/2024,12:00,285.286
1/26/2024,18:00,291.476
1/27/2024,0:00,289.225
1/27/2024,6:00,287.753
1/27/2024,12:00,287.865
1/27/2024,18:00,291.536
1/28/2024,0:00,289.931
1/28/2024,6:00,287.899
1/28/2024,12:00,287.168
1/28/2024,18:00,293.812
1/29/2024,0:00,291.009
1/29/2024,6:00,289
1/29/2024,12:00,288.734
1/29/2024,18:00,294.64
1/30/2024,0:00,292.435
1/30/2024,6:00,290.706
1/30/2024,12:00,289.741
1/30/2024,18:00,295.827
1/31/2024,0:00,294.334
1/31/2024,6:00,290.533
1/31/2024,12:00,289.609
1/31/2024,18:00,295.834
2/1/2024,0:00,292.828
2/1/2024,6:00,290.526
2/1/2024,12:00,289.85
2/1/2024,18:00,295.858
2/2/2024,0:00,294.572
2/2/2024,6:00,291.248
2/2/2024,12:00,291.219
2/2/2024,18:00,297.328
2/3/2024,0:00,294.725
2/3/2024,6:00,292.862
2/3/2024,12:00,292.155
2/3/2024,18:00,297.027
2/4/2024,0:00,295.232
2/4/2024,6:00,293.472
2/4/2024,12:00,293.768
2/4/2024,18:00,298.782
2/5/2024,0:00,295.234
2/5/2024,6:00,293.277
2/5/2024,12:00,292.254
2/5/2024,18:00,296.804
2/6/2024,0:00,296.688
2/6/2024,6:00,293.309
2/6/2024,12:00,292.883
2/6/2024,18:00,297.952
2/7/2024,0:00,296.871
2/7/2024,6:00,294.164
2/7/2024,12:00,293.147
2/7/2024,18:00,298.931
2/8/2024,0:00,293.305
2/8/2024,6:00,293.254
2/8/2024,12:00,293.299
2/8/2024,18:00,297.827
2/9/2024,0:00,297.73
2/9/2024,6:00,294.36
2/9/2024,12:00,294.006
2/9/2024,18:00,298.646
2/10/2024,0:00,298.472
2/10/2024,6:00,295.15
2/10/2024,12:00,295.439
2/10/2024,18:00,298.848
2/11/2024,0:00,294.467
2/11/2024,6:00,294.557
2/11/2024,12:00,294.902
2/11/2024,18:00,299.565
2/12/2024,0:00,296.998
2/12/2024,6:00,295.309
2/12/2024,12:00,295.286
2/12/2024,18:00,300.458
2/13/2024,0:00,302.12
2/13/2024,6:00,293.471
2/13/2024,12:00,293.678
2/13/2024,18:00,294.822
2/14/2024,0:00,291.684
2/14/2024,6:00,290.343
2/14/2024,12:00,290.192
2/14/2024,18:00,291.662
2/15/2024,0:00,293.157
2/15/2024,6:00,290.203
2/15/2024,12:00,289.784
2/15/2024,18:00,293.256
2/16/2024,0:00,292.754
2/16/2024,6:00,292.945
2/16/2024,12:00,293.195
2/16/2024,18:00,294.138
2/17/2024,0:00,292.871
2/17/2024,6:00,292.16
2/17/2024,12:00,292.58
2/17/2024,18:00,297.068
2/18/2024,0:00,294.653
2/18/2024,6:00,292.115
2/18/2024,12:00,290.859
2/18/2024,18:00,296.868
2/19/2024,0:00,294.881
2/19/2024,6:00,292.287
2/19/2024,12:00,291.511
2/19/2024,18:00,295.828
2/20/2024,0:00,291.413
2/20/2024,6:00,290.302
2/20/2024,12:00,290.747
2/20/2024,18:00,292.339
2/21/2024,0:00,292.753
2/21/2024,6:00,289.842
2/21/2024,12:00,289.371
2/21/2024,18:00,295.661
2/22/2024,0:00,293.425
2/22/2024,6:00,291.011
2/22/2024,12:00,290.634
2/22/2024,18:00,296.65
2/23/2024,0:00,294.619
2/23/2024,6:00,293.489
2/23/2024,12:00,293.203
2/23/2024,18:00,298.923
2/24/2024,0:00,294.354
2/24/2024,6:00,293.557
2/24/2024,12:00,292.741
2/24/2024,18:00,298.506
2/25/2024,0:00,297.227
2/25/2024,6:00,293.376
2/25/2024,12:00,292.422
2/25/2024,18:00,298.445
2/26/2024,0:00,295.751
2/26/2024,6:00,294.21
2/26/2024,12:00,293.789
2/26/2024,18:00,294.871
2/27/2024,0:00,295.749
2/27/2024,6:00,293.43
2/27/2024,12:00,293.683
2/27/2024,18:00,295.374
2/28/2024,0:00,295.106
2/28/2024,6:00,293.945
2/28/2024,12:00,293.616
2/28/2024,18:00,297.103
2/29/2024,0:00,295.169
2/29/2024,6:00,293.918
2/29/2024,12:00,293.568
2/29/2024,18:00,296.05
3/1/2024,0:00,294.232
3/1/2024,6:00,292.586
3/1/2024,12:00,292.052
3/1/2024,18:00,296.401
3/2/2024,0:00,294.758
3/2/2024,6:00,292.257
3/2/2024,12:00,291.94
3/2/2024,18:00,297.765
3/3/2024,0:00,296.603
3/3/2024,6:00,294.405
3/3/2024,12:00,294.594
3/3/2024,18:00,298.719
3/4/2024,0:00,293.967
3/4/2024,6:00,292.467
3/4/2024,12:00,292.494
3/4/2024,18:00,292.961
3/5/2024,0:00,291.721
3/5/2024,6:00,290.05
3/5/2024,12:00,288.406
3/5/2024,18:00,291.363
3/6/2024,0:00,289.391
3/6/2024,6:00,287.034
3/6/2024,12:00,285.894
3/6/2024,18:00,292.014
3/7/2024,0:00,291.034
3/7/2024,6:00,290.527
3/7/2024,12:00,290.685
3/7/2024,18:00,297.494
3/8/2024,0:00,292.322
3/8/2024,6:00,292.32
3/8/2024,12:00,293.294
3/8/2024,18:00,294.1
3/9/2024,0:00,295.101
3/9/2024,6:00,294.425
3/9/2024,12:00,293.82
3/9/2024,18:00,298.034
3/10/2024,0:00,296.667
3/10/2024,6:00,293.564
3/10/2024,12:00,292.17
3/10/2024,18:00,296.485
3/11/2024,0:00,293.6
3/11/2024,6:00,291.078
3/11/2024,12:00,289.856
3/11/2024,18:00,295.006
3/12/2024,0:00,293.815
3/12/2024,6:00,292.119
3/12/2024,12:00,291.76
3/12/2024,18:00,297.013
3/13/2024,0:00,295.521
3/13/2024,6:00,293.538
3/13/2024,12:00,292.55
3/13/2024,18:00,298.158
3/14/2024,0:00,296.497
3/14/2024,6:00,294.53
3/14/2024,12:00,293.344
3/14/2024,18:00,298.209
3/15/2024,0:00,298.538
3/15/2024,6:00,297.291
3/15/2024,12:00,296.413
3/15/2024,18:00,297.682
3/16/2024,0:00,295.14
3/16/2024,6:00,295.225
3/16/2024,12:00,294.643
3/16/2024,18:00,298.519
3/17/2024,0:00,293.952
3/17/2024,6:00,293.275
3/17/2024,12:00,293.679
3/17/2024,18:00,296.605
3/18/2024,0:00,293.035
3/18/2024,6:00,292.785
3/18/2024,12:00,293.071
3/18/2024,18:00,297.924
3/19/2024,0:00,297.902
3/19/2024,6:00,295.01
3/19/2024,12:00,293.884
3/19/2024,18:00,297.967
3/20/2024,0:00,296.019
3/20/2024,6:00,294.793
3/20/2024,12:00,294.718
3/20/2024,18:00,299.553
3/21/2024,0:00,299.523
3/21/2024,6:00,297.557
3/21/2024,12:00,292.032
3/21/2024,18:00,290.368
3/22/2024,0:00,291.065
3/22/2024,6:00,289.887
3/22/2024,12:00,286.694
3/22/2024,18:00,289.75
3/23/2024,0:00,290.156
3/23/2024,6:00,287.418
3/23/2024,12:00,287.385
3/23/2024,18:00,291.447
3/24/2024,0:00,290.664
3/24/2024,6:00,289.434
3/24/2024,12:00,288.415
3/24/2024,18:00,293.61
3/25/2024,0:00,292.055
3/25/2024,6:00,289.437
3/25/2024,12:00,288.628
3/25/2024,18:00,294.1
3/26/2024,0:00,291.213
3/26/2024,6:00,288.112
3/26/2024,12:00,287.124
3/26/2024,18:00,292.898
3/27/2024,0:00,291.031
3/27/2024,6:00,289.234
3/27/2024,12:00,289.338
3/27/2024,18:00,295.603
3/28/2024,0:00,296
3/28/2024,6:00,294.173
3/28/2024,12:00,291.5
3/28/2024,18:00,296.61
3/29/2024,0:00,296.211
3/29/2024,6:00,292.269
3/29/2024,12:00,291.62
3/29/2024,18:00,296.51
3/30/2024,0:00,295.377
3/30/2024,6:00,292.515
3/30/2024,12:00,291.453
3/30/2024,18:00,297.014
3/31/2024,0:00,295.5
3/31/2024,6:00,292.83
3/31/2024,12:00,292.881
3/31/2024,18:00,297.963
4/1/2024,0:00,295.03
4/1/2024,6:00,293.086
4/1/2024,12:00,292.363
4/1/2024,18:00,297.516
4/2/2024,0:00,295.558
4/2/2024,6:00,292.658
4/2/2024,12:00,291.4
4/2/2024,18:00,296.449
4/3/2024,0:00,293.093
4/3/2024,6:00,291.965
4/3/2024,12:00,291.902
4/3/2024,18:00,298.285
4/4/2024,0:00,297.071
4/4/2024,6:00,295.529
4/4/2024,12:00,294.524
4/4/2024,18:00,295.108
4/5/2024,0:00,294.112
4/5/2024,6:00,293.5
4/5/2024,12:00,292
4/5/2024,18:00,296.358
4/6/2024,0:00,292.155
4/6/2024,6:00,290.452
4/6/2024,12:00,289.6
4/6/2024,18:00,294.697
4/7/2024,0:00,296.004
4/7/2024,6:00,294.668
4/7/2024,12:00,292.435
4/7/2024,18:00,292.754
4/8/2024,0:00,292.861
4/8/2024,6:00,292.33
4/8/2024,12:00,291.583
4/8/2024,18:00,294.368
4/9/2024,0:00,294.701
4/9/2024,6:00,292.671
4/9/2024,12:00,291.891
4/9/2024,18:00,296.528
4/10/2024,0:00,293.503
4/10/2024,6:00,292.503
4/10/2024,12:00,291.848
4/10/2024,18:00,296.244
4/11/2024,0:00,293.092
4/11/2024,6:00,291.841
4/11/2024,12:00,291.031
4/11/2024,18:00,290.725
4/12/2024,0:00,291.106
4/12/2024,6:00,291.164
4/12/2024,12:00,291.634
4/12/2024,18:00,293.832
4/13/2024,0:00,294.345
4/13/2024,6:00,293.239
4/13/2024,12:00,293.3
4/13/2024,18:00,295.82
4/14/2024,0:00,294.285
4/14/2024,6:00,293.596
4/14/2024,12:00,293.685
4/14/2024,18:00,295.936
4/15/2024,0:00,294.697
4/15/2024,6:00,293.895
4/15/2024,12:00,293.927
4/15/2024,18:00,295.715
4/16/2024,0:00,294.6
4/16/2024,6:00,294.119
4/16/2024,12:00,293.148
4/16/2024,18:00,291.859
4/17/2024,0:00,290.395
4/17/2024,6:00,287.294
4/17/2024,12:00,285.281
4/17/2024,18:00,287.547
4/18/2024,0:00,286.542
4/18/2024,6:00,284.995
4/18/2024,12:00,284.31
4/18/2024,18:00,289.239
4/19/2024,0:00,287.959
4/19/2024,6:00,286.181
4/19/2024,12:00,285.216
4/19/2024,18:00,289.815
4/20/2024,0:00,288.299
4/20/2024,6:00,287.068
4/20/2024,12:00,285.919
4/20/2024,18:00,290.534
4/21/2024,0:00,289.629
4/21/2024,6:00,288.344
4/21/2024,12:00,287.332
4/21/2024,18:00,292.323
4/22/2024,0:00,291.511
4/22/2024,6:00,290.544
4/22/2024,12:00,290.439
4/22/2024,18:00,291.395
4/23/2024,0:00,291.391
4/23/2024,6:00,291.466
4/23/2024,12:00,291.758
4/23/2024,18:00,294.89
4/24/2024,0:00,292.855
4/24/2024,6:00,292.301
4/24/2024,12:00,292.635
4/24/2024,18:00,293.905
4/25/2024,0:00,292.645
4/25/2024,6:00,291.9
4/25/2024,12:00,291.761
4/25/2024,18:00,293.816
4/26/2024,0:00,294.279
4/26/2024,6:00,293.693
4/26/2024,12:00,293.206
4/26/2024,18:00,296.458
4/27/2024,0:00,295.705
4/27/2024,6:00,294.581
4/27/2024,12:00,294.174
4/27/2024,18:00,296.914
4/28/2024,0:00,296.005
4/28/2024,6:00,293.5
4/28/2024,12:00,291.771
4/28/2024,18:00,294.699
4/29/2024,0:00,293.231
4/29/2024,6:00,292.782
4/29/2024,12:00,293.495
4/29/2024,18:00,296.796
4/30/2024,0:00,296.8
4/30/2024,6:00,295.1
4/30/2024,12:00,294.396
4/30/2024,18:00,296.819
5/1/2024,0:00,296.537
5/1/2024,6:00,295.67
5/1/2024,12:00,295.2
5/1/2024,18:00,296.402
5/2/2024,0:00,297.234
5/2/2024,6:00,296.016
5/2/2024,12:00,294.338
5/2/2024,18:00,292.4
5/3/2024,0:00,290.567
5/3/2024,6:00,290.684
5/3/2024,12:00,290.591
5/3/2024,18:00,291.365
5/4/2024,0:00,291.773
5/4/2024,6:00,292.414
5/4/2024,12:00,292.556
5/4/2024,18:00,292.915
5/5/2024,0:00,293.056
5/5/2024,6:00,292.844
5/5/2024,12:00,292.369
5/5/2024,18:00,295.044
5/6/2024,0:00,295.269
5/6/2024,6:00,294.318
5/6/2024,12:00,292.651
5/6/2024,18:00,294.6
5/7/2024,0:00,294
5/7/2024,6:00,293.312
5/7/2024,12:00,292.828
5/7/2024,18:00,294.92
5/8/2024,0:00,295.335
5/8/2024,6:00,294.139
5/8/2024,12:00,294.069
5/8/2024,18:00,294.84
5/9/2024,0:00,291.728
5/9/2024,6:00,287.344
5/9/2024,12:00,285.04
5/9/2024,18:00,286.175
5/10/2024,0:00,289.682
5/10/2024,6:00,289.615
5/10/2024,12:00,290.507
5/10/2024,18:00,292.658
5/11/2024,0:00,292.557
5/11/2024,6:00,291.79
5/11/2024,12:00,292.041
5/11/2024,18:00,293.585
5/12/2024,0:00,292.604
5/12/2024,6:00,292.709
5/12/2024,12:00,292.38
5/12/2024,18:00,293.781
5/13/2024,0:00,292.312
5/13/2024,6:00,288.839
5/13/2024,12:00,287.835
5/13/2024,18:00,286.374
5/14/2024,0:00,284.746
5/14/2024,6:00,283.895
5/14/2024,12:00,281.5
5/14/2024,18:00,282.041
5/15/2024,0:00,281.275
5/15/2024,6:00,280.022
5/15/2024,12:00,279.158
5/15/2024,18:00,281.684
5/16/2024,0:00,283.288
5/16/2024,6:00,283.272
5/16/2024,12:00,285.746
5/16/2024,18:00,286.429
5/17/2024,0:00,286.385
5/17/2024,6:00,286.047
5/17/2024,12:00,285.11
5/17/2024,18:00,285.479
5/18/2024,0:00,284.748
5/18/2024,6:00,284.192
5/18/2024,12:00,283.1
5/18/2024,18:00,283.559
5/19/2024,0:00,283.272
5/19/2024,6:00,282.453
5/19/2024,12:00,281.564
5/19/2024,18:00,283.924
5/20/2024,6:00,281.377
5/20/2024,12:00,280.4
5/20/2024,18:00,283.365
5/21/2024,0:00,283.6
5/21/2024,6:00,283.067
5/21/2024,12:00,284.556
5/21/2024,18:00,289.385
5/22/2024,0:00,291.462
5/22/2024,6:00,291.3
5/22/2024,12:00,290.837
5/22/2024,18:00,293.859
5/23/2024,0:00,293.679
5/23/2024,6:00,292.2
5/23/2024,12:00,291.739
5/23/2024,18:00,292.831
5/24/2024,0:00,290.662
5/24/2024,6:00,289.524
5/24/2024,12:00,287.5
5/24/2024,18:00,282.968
5/25/2024,0:00,280.67
5/25/2024,6:00,279.899
5/25/2024,12:00,277.385
5/25/2024,18:00,278.809
5/26/2024,0:00,280.097
5/26/2024,6:00,277.984
5/26/2024,12:00,277.859
5/26/2024,18:00,280.563
5/27/2024,0:00,284.668
5/27/2024,6:00,284.85
5/27/2024,12:00,284.543
5/27/2024,18:00,283.537
5/28/2024,0:00,281.153
5/28/2024,6:00,279.43
5/28/2024,12:00,277.322
5/28/2024,18:00,278.556
5/29/2024,0:00,280.143
5/29/2024,6:00,281.573
5/29/2024,12:00,281.842
5/29/2024,18:00,283.821
5/30/2024,0:00,282.936
5/30/2024,6:00,280.819
5/30/2024,12:00,280.3
5/30/2024,18:00,283.445
5/31/2024,0:00,284.02
5/31/2024,6:00,282.711
5/31/2024,12:00,282
5/31/2024,18:00,285.244
6/1/2024,0:00,285.881
6/1/2024,6:00,284.6
6/1/2024,12:00,283.378
6/1/2024,18:00,286.085
6/2/2024,0:00,287.308
6/2/2024,6:00,286.589
6/2/2024,12:00,285.6
6/2/2024,18:00,288.998
6/3/2024,0:00,290.306
6/3/2024,6:00,289.496
6/3/2024,12:00,288.546
6/3/2024,18:00,284.643
6/4/2024,0:00,283.012
6/4/2024,6:00,280.541
6/4/2024,12:00,280.517
6/4/2024,18:00,284.229
6/5/2024,0:00,288.766
6/5/2024,6:00,288.677
6/5/2024,12:00,289.024
6/5/2024,18:00,291.685
6/6/2024,0:00,291.459
6/6/2024,6:00,290.058
6/6/2024,12:00,289.168
6/6/2024,18:00,291.497
6/7/2024,0:00,291.292
6/7/2024,6:00,290.199
6/7/2024,12:00,289.269
6/7/2024,18:00,291.8
6/8/2024,0:00,291.39
6/8/2024,6:00,290.32
6/8/2024,12:00,289.417
6/8/2024,18:00,291.9
6/9/2024,0:00,291.475
6/9/2024,6:00,290.815
6/9/2024,12:00,289.435
6/9/2024,18:00,291.908
6/10/2024,0:00,292.266
6/10/2024,6:00,290.914
6/10/2024,12:00,290.468
6/10/2024,18:00,293.011
6/11/2024,0:00,293.95
6/11/2024,6:00,291.951
6/11/2024,12:00,291.439
6/11/2024,18:00,293.205
6/12/2024,0:00,292.8
6/12/2024,6:00,291.3
6/12/2024,12:00,289.902
6/12/2024,18:00,292.486
6/13/2024,0:00,291.552
6/13/2024,6:00,289.605
6/13/2024,12:00,289.242
6/13/2024,18:00,291.701
6/14/2024,0:00,293.494
6/14/2024,6:00,290.721
6/14/2024,12:00,290.561
6/14/2024,18:00,292.492
6/15/2024,0:00,294.041
6/15/2024,6:00,293.124
6/15/2024,12:00,292.69
6/15/2024,18:00,293.522
6/16/2024,0:00,291.708
6/16/2024,6:00,290.333
6/16/2024,12:00,289.946
6/16/2024,18:00,291.592
6/17/2024,0:00,290.707
6/17/2024,6:00,291.104
6/17/2024,12:00,291.044
6/17/2024,18:00,291.799
6/18/2024,0:00,291.3
6/18/2024,6:00,288.801
6/18/2024,12:00,288.644
6/18/2024,18:00,290.501
6/19/2024,0:00,292.188
6/19/2024,6:00,290.6
6/19/2024,12:00,289.7
6/19/2024,18:00,291.435
6/20/2024,0:00,290.744
6/20/2024,6:00,289.7
6/20/2024,12:00,289.763
6/20/2024,18:00,290.736
6/21/2024,0:00,290.263
6/21/2024,6:00,289.685
6/21/2024,12:00,289.78
6/21/2024,18:00,290.228
6/22/2024,0:00,290.405
6/22/2024,6:00,289.035
6/22/2024,12:00,288.813
6/22/2024,18:00,291.217
6/23/2024,0:00,292.757
6/23/2024,6:00,291.898
6/23/2024,12:00,291.231
6/23/2024,18:00,292
6/24/2024,0:00,292.3
6/24/2024,6:00,290.198
6/24/2024,12:00,286.917
6/24/2024,18:00,285.848
6/25/2024,0:00,285.055
6/25/2024,6:00,281.744
6/25/2024,12:00,280.888
6/25/2024,18:00,281.417
6/26/2024,0:00,283.133
6/26/2024,6:00,283.3
6/26/2024,12:00,283.038
6/26/2024,18:00,282.838
6/27/2024,0:00,282.044
6/27/2024,6:00,279.291
6/27/2024,12:00,278.556
6/27/2024,18:00,281.241
6/28/2024,0:00,283.308
6/28/2024,6:00,282.744
6/28/2024,12:00,282.988
6/28/2024,18:00,284.631
6/29/2024,0:00,284.285
6/29/2024,6:00,280.458
6/29/2024,12:00,277.685
6/29/2024,18:00,278.742
6/30/2024,0:00,276.457
6/30/2024,6:00,274.405
6/30/2024,12:00,273.804
6/30/2024,18:00,276.754
7/1/2024,0:00,277.916
7/1/2024,6:00,277.273
7/1/2024,12:00,277.324
7/1/2024,18:00,280.624
7/2/2024,0:00,282.349
7/2/2024,6:00,281.8
7/2/2024,12:00,281.757
7/2/2024,18:00,284.702
7/3/2024,0:00,287.816
7/3/2024,6:00,287.496
7/3/2024,12:00,287.587
7/3/2024,18:00,289.7
7/4/2024,0:00,289.883
7/4/2024,6:00,288.61
7/4/2024,12:00,287.79
7/4/2024,18:00,290.358
7/5/2024,0:00,288.631
7/5/2024,6:00,284.989
7/5/2024,12:00,284.558
7/5/2024,18:00,284.1
7/6/2024,0:00,282
7/6/2024,6:00,281.227
7/6/2024,12:00,280.139
7/6/2024,18:00,280.381
7/7/2024,0:00,280.288
7/7/2024,6:00,280.648
7/7/2024,12:00,280.792
7/7/2024,18:00,281.728
7/8/2024,0:00,281.452
7/8/2024,6:00,279.9
7/8/2024,12:00,279.051
7/8/2024,18:00,279.651
7/9/2024,0:00,281.262
7/9/2024,6:00,277.331
7/9/2024,12:00,276.344
7/9/2024,18:00,277.735
7/10/2024,0:00,278.083
7/10/2024,6:00,277.408
7/10/2024,12:00,277.612
7/10/2024,18:00,278.866
7/11/2024,0:00,280.273
7/11/2024,6:00,277.822
7/11/2024,12:00,277.672
7/11/2024,18:00,279.43
7/12/2024,0:00,279.929
7/12/2024,6:00,276.673
7/12/2024,12:00,275.673
7/12/2024,18:00,278.366
7/13/2024,0:00,280.568
7/13/2024,6:00,276.966
7/13/2024,12:00,276.801
7/13/2024,18:00,281.564
7/14/2024,0:00,282.333
7/14/2024,6:00,281.3
7/14/2024,12:00,281.315
7/14/2024,18:00,281.638
7/15/2024,0:00,282.652
7/15/2024,6:00,282.588
7/15/2024,12:00,283.129
7/15/2024,18:00,284.68
7/16/2024,0:00,285.323
7/16/2024,6:00,284.11
7/16/2024,12:00,283.856
7/16/2024,18:00,286.1
7/17/2024,0:00,286.078
7/17/2024,6:00,285.115
7/17/2024,12:00,283.71
7/17/2024,18:00,285.5
7/18/2024,0:00,284.044
7/18/2024,6:00,283.104
7/18/2024,12:00,283
7/18/2024,18:00,286.875
7/19/2024,0:00,288.709
7/19/2024,6:00,287.699
7/19/2024,12:00,287.111
7/19/2024,18:00,289.911
7/20/2024,0:00,289.979
7/20/2024,6:00,288.148
7/20/2024,12:00,286.806
7/20/2024,18:00,289.118
7/21/2024,0:00,288.618
7/21/2024,6:00,287.626
7/21/2024,12:00,286.758
7/21/2024,18:00,288.939
7/22/2024,0:00,289.097
7/22/2024,6:00,287.691
7/22/2024,12:00,286.831
7/22/2024,18:00,290.054
7/23/2024,0:00,288.744
7/23/2024,6:00,287.272
7/23/2024,12:00,286.302
7/23/2024,18:00,289.154
7/24/2024,0:00,288.849
7/24/2024,6:00,287.3
7/24/2024,12:00,286.5
7/24/2024,18:00,288.336
7/25/2024,0:00,289.254
7/25/2024,6:00,288.916
7/25/2024,12:00,288.016
7/25/2024,18:00,290.676
7/26/2024,0:00,290.061
7/26/2024,6:00,289.511
7/26/2024,12:00,288.823
7/26/2024,18:00,290.67
7/27/2024,0:00,291.46
7/27/2024,6:00,290.237
7/27/2024,12:00,290.137
7/27/2024,18:00,291.372
7/28/2024,0:00,289.464
7/28/2024,6:00,287.603
7/28/2024,12:00,287.273
7/28/2024,18:00,290.49
7/29/2024,0:00,289.108
7/29/2024,6:00,288.454
7/29/2024,12:00,284.51
7/29/2024,18:00,283.998
7/30/2024,0:00,282.465
7/30/2024,6:00,282.258
7/30/2024,12:00,281.026
7/30/2024,18:00,283.404
7/31/2024,0:00,285.9
7/31/2024,6:00,284.468
7/31/2024,12:00,284.284
7/31/2024,18:00,286.879
8/1/2024,0:00,289.629
8/1/2024,6:00,289.504
8/1/2024,12:00,288.763
8/1/2024,18:00,290.893
8/2/2024,0:00,292.922
8/2/2024,6:00,291.222
8/2/2024,12:00,290.249
8/2/2024,18:00,291.443
8/3/2024,0:00,293.208
8/3/2024,6:00,291.104
8/3/2024,12:00,290.409
8/3/2024,18:00,292.039
8/4/2024,0:00,294.164
8/4/2024,6:00,292.799
8/4/2024,12:00,290.906
8/4/2024,18:00,291.477
8/5/2024,0:00,289.341
8/5/2024,6:00,288.844
8/5/2024,12:00,289.157
8/5/2024,18:00,291.45
8/6/2024,0:00,290.438
8/6/2024,6:00,289.769
8/6/2024,12:00,289.131
8/6/2024,18:00,292.331
8/7/2024,0:00,292.621
8/7/2024,6:00,290.8
8/7/2024,12:00,287.012
8/7/2024,18:00,287.314
8/8/2024,0:00,287.07
8/8/2024,6:00,287.221
8/8/2024,12:00,284.417
8/8/2024,18:00,282.7
8/9/2024,0:00,279.625
8/9/2024,6:00,276.3
8/9/2024,12:00,274.156
8/9/2024,18:00,277.709
8/10/2024,0:00,278.258
8/10/2024,6:00,278.236
8/10/2024,12:00,278.386
8/10/2024,18:00,279.505
8/11/2024,0:00,279.114
8/11/2024,6:00,277.371
8/11/2024,12:00,276.434
8/11/2024,18:00,280.78
8/12/2024,0:00,280.32
8/12/2024,6:00,277.672
8/12/2024,12:00,275.5
8/12/2024,18:00,278.891
8/13/2024,0:00,276.608
8/13/2024,6:00,274.9
8/13/2024,12:00,274.203
8/13/2024,18:00,278.976
8/14/2024,0:00,279.973
8/14/2024,6:00,279.802
8/14/2024,12:00,279.658
8/14/2024,18:00,284.486
8/15/2024,0:00,284.715
8/15/2024,6:00,284.728
8/15/2024,12:00,284.768
8/15/2024,18:00,288.726
8/16/2024,0:00,289.573
8/16/2024,6:00,289.108
8/16/2024,12:00,289.022
8/16/2024,18:00,292.408
8/17/2024,0:00,293.886
8/17/2024,6:00,292.008
8/17/2024,12:00,290.835
8/17/2024,18:00,293.11
8/18/2024,0:00,294.521
8/18/2024,6:00,292.197
8/18/2024,12:00,291.095
8/18/2024,18:00,294.237
8/19/2024,0:00,294.756
8/19/2024,6:00,293.245
8/19/2024,12:00,290.273
8/19/2024,18:00,293.932
8/20/2024,0:00,294.022
8/20/2024,6:00,293.289
8/20/2024,12:00,292.061
8/20/2024,18:00,294.448
8/21/2024,0:00,292.423
8/21/2024,6:00,291.333
8/21/2024,12:00,291.219
8/21/2024,18:00,293.584
8/22/2024,0:00,294.004
8/22/2024,6:00,293.629
8/22/2024,12:00,289.9
8/22/2024,18:00,290.724
8/23/2024,0:00,285.558
8/23/2024,6:00,283.55
8/23/2024,12:00,282.527
8/23/2024,18:00,282.648
8/24/2024,0:00,283.069
8/24/2024,6:00,278.103
8/24/2024,12:00,277.127
8/24/2024,18:00,280.421
8/25/2024,0:00,277.768
8/25/2024,6:00,275.715
8/25/2024,12:00,275.315
8/25/2024,18:00,279.791
8/26/2024,0:00,277.26
8/26/2024,6:00,275.8
8/26/2024,12:00,275.121
8/26/2024,18:00,279.9
8/27/2024,0:00,279.015
8/27/2024,6:00,277.658
8/27/2024,12:00,277.339
8/27/2024,18:00,282.739
8/28/2024,0:00,284.868
8/28/2024,6:00,284.724
8/28/2024,12:00,284.6
8/28/2024,18:00,286.212
8/29/2024,0:00,287.939
8/29/2024,6:00,287.234
8/29/2024,12:00,287.199
8/29/2024,18:00,290.206
8/30/2024,0:00,291.14
8/30/2024,6:00,290.238
8/30/2024,12:00,289.272
8/30/2024,18:00,293.295
8/31/2024,0:00,293.578
8/31/2024,6:00,291.015
8/31/2024,12:00,290.566
8/31/2024,18:00,293.972
9/1/2024,0:00,288.38
9/1/2024,6:00,285.202
9/1/2024,12:00,284.018
9/1/2024,18:00,284.925
9/2/2024,0:00,281.827
9/2/2024,6:00,278.818
9/2/2024,12:00,278.696
9/2/2024,18:00,284.077
9/3/2024,0:00,286
9/3/2024,6:00,286.037
9/3/2024,12:00,286.528
9/3/2024,18:00,292.822
9/4/2024,0:00,289.431
9/4/2024,6:00,287.135
9/4/2024,12:00,287.233
9/4/2024,18:00,291.616
9/5/2024,0:00,284.291
9/5/2024,6:00,281.822
9/5/2024,12:00,281.808
9/5/2024,18:00,284.003
9/6/2024,0:00,281.839
9/6/2024,6:00,280.188
9/6/2024,12:00,280.379
9/6/2024,18:00,287.505
9/7/2024,0:00,288.422
9/7/2024,6:00,288.342
9/7/2024,12:00,288.932
9/7/2024,18:00,294.162
9/8/2024,0:00,293.317
9/8/2024,6:00,292.617
9/8/2024,12:00,292.288
9/8/2024,18:00,295.556
9/9/2024,0:00,296.5
9/9/2024,6:00,295.116
9/9/2024,12:00,293.08
9/9/2024,18:00,296.898
9/10/2024,0:00,297.146
9/10/2024,6:00,295.11
9/10/2024,12:00,292.134
9/10/2024,18:00,296.945
9/11/2024,0:00,296.805
9/11/2024,6:00,294.504
9/11/2024,12:00,292
9/11/2024,18:00,295.968
9/12/2024,0:00,296.72
9/12/2024,6:00,293.381
9/12/2024,12:00,290.819
9/12/2024,18:00,296.209
9/13/2024,0:00,291.802
9/13/2024,6:00,289.042
9/13/2024,12:00,287.8
9/13/2024,18:00,292.1
9/14/2024,0:00,289.2
9/14/2024,6:00,288.525
9/14/2024,12:00,288
9/14/2024,18:00,289.658
9/15/2024,0:00,286.556
9/15/2024,6:00,285.112
9/15/2024,12:00,283.988
9/15/2024,18:00,285.715
9/16/2024,0:00,284.806
9/16/2024,6:00,283.507
9/16/2024,12:00,282.903
9/16/2024,18:00,288.727
9/17/2024,0:00,286.231
9/17/2024,6:00,284.2
9/17/2024,12:00,283.78
9/17/2024,18:00,290.5
9/18/2024,0:00,287.5
9/18/2024,6:00,286.862
9/18/2024,12:00,286.2
9/18/2024,18:00,291.264
9/19/2024,0:00,290.984
9/19/2024,6:00,289.572
9/19/2024,12:00,289.061
9/19/2024,18:00,293.739
9/20/2024,0:00,297.053
9/20/2024,6:00,293.309
9/20/2024,12:00,291.686
9/20/2024,18:00,289.031
9/21/2024,0:00,288.323
9/21/2024,6:00,287.434
9/21/2024,12:00,287.168
9/21/2024,18:00,292.021
9/22/2024,0:00,291.148
9/22/2024,6:00,291.137
9/22/2024,12:00,291.437
9/22/2024,18:00,297.023
9/23/2024,0:00,296.9
9/23/2024,6:00,295.3
9/23/2024,12:00,294.147
9/23/2024,18:00,299.224
9/24/2024,0:00,298.153
9/24/2024,6:00,296.046
9/24/2024,12:00,295.102
9/24/2024,18:00,299.365
9/25/2024,0:00,300.611
9/25/2024,6:00,297.515
9/25/2024,12:00,296.505
9/25/2024,18:00,300.261
9/26/2024,0:00,296.871
9/26/2024,6:00,293.293
9/26/2024,12:00,291.611
9/26/2024,18:00,288.637
9/27/2024,0:00,288.33
9/27/2024,6:00,285.997
9/27/2024,12:00,286.176
9/27/2024,18:00,288.008
9/28/2024,0:00,287.178
9/28/2024,6:00,285.141
9/28/2024,12:00,284.473
9/28/2024,18:00,291.66
9/29/2024,0:00,289.845
9/29/2024,6:00,288.845
9/29/2024,12:00,287.9
9/29/2024,18:00,294.5
9/30/2024,0:00,292.437
9/30/2024,6:00,291.255
9/30/2024,12:00,290.804
9/30/2024,18:00,296.524
10/1/2024,0:00,297.518
10/1/2024,6:00,294.734
10/1/2024,12:00,294.656
10/1/2024,18:00,299.826
10/2/2024,0:00,294.969
10/2/2024,6:00,291.59
10/2/2024,12:00,291.168
10/2/2024,18:00,289.145
10/3/2024,0:00,287.897
10/3/2024,6:00,284.122
10/3/2024,12:00,282.641
10/3/2024,18:00,286.641
10/4/2024,0:00,284.808
10/4/2024,6:00,281.889
10/4/2024,12:00,281.444
10/4/2024,18:00,289.403
10/5/2024,0:00,287.893
10/5/2024,6:00,286.165
10/5/2024,12:00,285.4
10/5/2024,18:00,292.997
10/6/2024,0:00,291.96
10/6/2024,6:00,290.279
10/6/2024,12:00,290.268
10/6/2024,18:00,296.825
10/7/2024,0:00,292.836
10/7/2024,6:00,290.436
10/7/2024,12:00,290.38
10/7/2024,18:00,296.192
10/8/2024,0:00,291.175
10/8/2024,6:00,290.795
10/8/2024,12:00,289.632
10/8/2024,18:00,292.162
10/9/2024,0:00,291.67
10/9/2024,6:00,290.103
10/9/2024,12:00,289.787
10/9/2024,18:00,290.244
10/10/2024,0:00,290.4
10/10/2024,6:00,290.256
10/10/2024,12:00,289.906
10/10/2024,18:00,292.058
10/11/2024,0:00,292.16
10/11/2024,6:00,291.428
10/11/2024,12:00,290.604
10/11/2024,18:00,290.2
10/12/2024,0:00,289.511
10/12/2024,6:00,288.42
10/12/2024,12:00,288.031
10/12/2024,18:00,292.4
10/13/2024,0:00,291.01
10/13/2024,6:00,288.258
10/13/2024,12:00,287.809
10/13/2024,18:00,294.938
10/14/2024,0:00,294.462
10/14/2024,6:00,291.493
10/14/2024,12:00,291.129
10/14/2024,18:00,295.6
10/15/2024,0:00,295.128
10/15/2024,6:00,293.043
10/15/2024,12:00,291.811
10/15/2024,18:00,291.409
10/16/2024,0:00,290.937
10/16/2024,6:00,289.291
10/16/2024,12:00,288.54
10/16/2024,18:00,293.806
10/17/2024,0:00,290.824
10/17/2024,6:00,288.439
10/17/2024,12:00,287.857
10/17/2024,18:00,295.813
10/18/2024,0:00,292.119
10/18/2024,6:00,289.414
10/18/2024,12:00,288.977
10/18/2024,18:00,288.018
10/19/2024,0:00,288.32
10/19/2024,6:00,287.843
10/19/2024,12:00,287.66
10/19/2024,18:00,292.312
10/20/2024,0:00,291.594
10/20/2024,6:00,289.059
10/20/2024,12:00,287.577
10/20/2024,18:00,294.251
10/21/2024,0:00,293.35
10/21/2024,6:00,291.268
10/21/2024,12:00,291.111
10/22/2024,0:00,296.436
10/22/2024,6:00,296.113
10/22/2024,12:00,295.09
10/22/2024,18:00,300.601
10/23/2024,0:00,297.943
10/23/2024,6:00,294.616
10/23/2024,12:00,294.016
10/23/2024,18:00,299.504
10/24/2024,0:00,293.705
10/24/2024,6:00,293.419
10/24/2024,12:00,293.588
10/24/2024,18:00,298.259
10/25/2024,0:00,291.702
10/25/2024,6:00,287.824
10/25/2024,12:00,286.633
10/25/2024,18:00,291.861
10/26/2024,0:00,291.277
10/26/2024,6:00,286.355
10/26/2024,12:00,284.608
10/26/2024,18:00,288.557
10/27/2024,0:00,286.393
10/27/2024,6:00,283.624
10/27/2024,12:00,282.897
10/27/2024,18:00,290.287
10/28/2024,0:00,289.313
10/28/2024,6:00,286.945
10/28/2024,12:00,287.082
10/28/2024,18:00,295.733
10/29/2024,0:00,292.851
10/29/2024,6:00,290.29
10/29/2024,12:00,289.26
10/29/2024,18:00,297.694
10/30/2024,0:00,293.62
10/30/2024,6:00,289.65
10/30/2024,12:00,289.049
10/30/2024,18:00,297.839
10/31/2024,0:00,294.83
10/31/2024,6:00,292.76
10/31/2024,12:00,291.345
10/31/2024,18:00,297.167
11/1/2024,0:00,296.503
11/1/2024,6:00,293.515
11/1/2024,12:00,292.801
11/1/2024,18:00,297.831
11/2/2024,0:00,292.261
11/2/2024,6:00,293.95
11/2/2024,12:00,292.566
11/2/2024,18:00,292.655
11/3/2024,0:00,292.403
11/3/2024,6:00,291.982
11/3/2024,12:00,291.551
11/3/2024,18:00,292.785
11/4/2024,0:00,292.079
11/4/2024,6:00,290.908
11/4/2024,12:00,290.484
11/4/2024,18:00,296.014
11/5/2024,0:00,295.7
11/5/2024,6:00,293.389
11/5/2024,12:00,293.12
11/5/2024,18:00,299.585
11/6/2024,0:00,294.982
11/6/2024,6:00,293.981
11/6/2024,12:00,293.109
11/7/2024,0:00,296.238
11/7/2024,6:00,294.682
11/7/2024,12:00,293.2
11/7/2024,18:00,297.278
11/8/2024,0:00,292.811
11/8/2024,6:00,290.264
11/8/2024,12:00,289.584
11/8/2024,18:00,290.936
11/9/2024,0:00,289.712
11/9/2024,6:00,286.257
11/9/2024,12:00,284.947
11/9/2024,18:00,291.832
11/10/2024,0:00,290.367
11/10/2024,6:00,287.445
11/10/2024,12:00,286.891
11/10/2024,18:00,296.189
11/11/2024,0:00,295.75
11/11/2024,6:00,293.518
11/11/2024,12:00,292.124
11/11/2024,18:00,300.07
11/12/2024,0:00,291.063
11/12/2024,6:00,287.511
11/12/2024,12:00,286.339
11/12/2024,18:00,287.856
11/13/2024,0:00,287.186
11/13/2024,6:00,284.703
11/13/2024,12:00,283.719
11/13/2024,18:00,290.867
11/14/2024,0:00,289.598
11/14/2024,6:00,286.628
11/14/2024,12:00,285.845
11/14/2024,18:00,294.501
11/15/2024,0:00,292.901
11/15/2024,6:00,291.148
11/15/2024,12:00,290.742
11/15/2024,18:00,296.651
11/16/2024,0:00,294.853
11/16/2024,6:00,293.85
11/16/2024,12:00,292.709
11/16/2024,18:00,299.619
11/17/2024,0:00,298.772
11/17/2024,6:00,296.093
11/17/2024,12:00,294.674
11/17/2024,18:00,301.642
11/18/2024,0:00,300.776
11/18/2024,6:00,294.74
11/18/2024,12:00,294.94
11/18/2024,18:00,301.213
11/19/2024,0:00,296.506
11/19/2024,6:00,293.207
11/19/2024,12:00,292.673
11/19/2024,18:00,294.775
11/20/2024,0:00,291.817
11/20/2024,6:00,291.779
11/20/2024,12:00,291.799
11/20/2024,18:00,292.639
11/21/2024,0:00,290.429
11/21/2024,6:00,288.483
11/21/2024,12:00,288.561
11/21/2024,18:00,294.699
11/22/2024,0:00,293.491
11/22/2024,6:00,292.605
11/22/2024,12:00,291.899
11/22/2024,18:00,292.935
11/23/2024,0:00,293.131
11/23/2024,6:00,290.477
11/23/2024,12:00,289.642
11/23/2024,18:00,297.236
11/24/2024,0:00,295.549
11/24/2024,6:00,291.971
11/24/2024,12:00,290.551
11/24/2024,18:00,297.038
11/25/2024,0:00,297.3
11/25/2024,6:00,293.606
11/25/2024,12:00,292.585
11/25/2024,18:00,297.74
11/26/2024,0:00,299.164
11/26/2024,6:00,295.722
11/26/2024,12:00,294.864
11/26/2024,18:00,301.298
11/27/2024,0:00,296.172
11/27/2024,6:00,294.837
11/27/2024,12:00,295.32
11/27/2024,18:00,294.989
11/28/2024,0:00,293.493
11/28/2024,6:00,293.583
11/28/2024,12:00,293.461
11/28/2024,18:00,293.116
11/29/2024,0:00,292.716
11/29/2024,6:00,293.038
11/29/2024,12:00,292.215
11/29/2024,18:00,297.675
11/30/2024,0:00,295.792
11/30/2024,6:00,293.471
11/30/2024,12:00,292.821
11/30/2024,18:00,298.966
12/1/2024,0:00,296.568
12/1/2024,6:00,293.369
12/1/2024,12:00,293.192
12/1/2024,18:00,299.628
12/2/2024,0:00,299.946
12/2/2024,6:00,292.5
12/2/2024,12:00,290.211
12/2/2024,18:00,290.08
12/3/2024,0:00,290.713
12/3/2024,6:00,288.184
12/3/2024,12:00,286.443
12/3/2024,18:00,292.748
12/4/2024,0:00,290.695
12/4/2024,6:00,289.087
12/4/2024,12:00,287.231
12/4/2024,18:00,293.975
12/5/2024,0:00,293.83
12/5/2024,6:00,292.039
12/5/2024,12:00,291.127
12/5/2024,18:00,297.484
12/6/2024,0:00,297.769
12/6/2024,6:00,295.43
12/6/2024,12:00,295.398
12/6/2024,18:00,299.078
12/7/2024,0:00,295.304
12/7/2024,6:00,294.095
12/7/2024,12:00,293.895
12/7/2024,18:00,293.339
12/8/2024,0:00,291.38
12/8/2024,6:00,289.712
12/8/2024,12:00,288.164
12/8/2024,18:00,288.901
12/9/2024,0:00,290.025
12/9/2024,6:00,287.432
12/9/2024,12:00,287.6
12/9/2024,18:00,293.298
12/10/2024,0:00,291.7
12/10/2024,6:00,289.467
12/10/2024,12:00,289.016
12/10/2024,18:00,294.157
12/11/2024,0:00,292.311
12/11/2024,6:00,289.427
12/11/2024,12:00,289.11
12/11/2024,18:00,296.406
12/12/2024,0:00,295.067
12/12/2024,6:00,292.059
12/12/2024,12:00,291.237
12/12/2024,18:00,296.92
12/13/2024,0:00,296.064
12/13/2024,6:00,294.103
12/13/2024,12:00,293.19
12/13/2024,18:00,293.608
12/14/2024,0:00,292.573
12/14/2024,6:00,291.762
12/14/2024,12:00,291.448
12/14/2024,18:00,292.814
12/15/2024,0:00,292.399
12/15/2024,6:00,289.637
12/15/2024,12:00,288.838
12/15/2024,18:00,293.535
12/16/2024,0:00,290.24
12/16/2024,6:00,287.394
12/16/2024,12:00,286.572
12/16/2024,18:00,292.401
12/17/2024,0:00,290.09
12/17/2024,6:00,289.273
12/17/2024,12:00,288.021
12/17/2024,18:00,294.32
12/18/2024,0:00,291.716
12/18/2024,6:00,289.19
12/18/2024,12:00,288.436
12/18/2024,18:00,296.271
12/19/2024,0:00,295.073
12/19/2024,6:00,292.048
12/19/2024,12:00,292.042
12/19/2024,18:00,291.933
12/20/2024,0:00,292.043
12/20/2024,6:00,291.464
12/20/2024,12:00,291.244
12/20/2024,18:00,293.45
12/21/2024,0:00,293.608
12/21/2024,6:00,292.23
12/21/2024,12:00,291.29
12/21/2024,18:00,298.107
12/22/2024,0:00,295.443
12/22/2024,6:00,290.915
12/22/2024,12:00,289.401
12/22/2024,18:00,291.319
12/23/2024,0:00,290.322
12/23/2024,6:00,286.779
12/23/2024,12:00,286.084
12/23/2024,18:00,293.556
12/24/2024,0:00,292.381
12/24/2024,6:00,289.767
12/24/2024,12:00,289.883
12/24/2024,18:00,296.737
12/25/2024,0:00,295.834
12/25/2024,6:00,291.592
12/25/2024,12:00,290.246
12/25/2024,18:00,294.336
12/26/2024,0:00,290.583
12/26/2024,6:00,287.874
12/26/2024,12:00,286.784
12/26/2024,18:00,292.966
12/27/2024,0:00,290.907
12/27/2024,6:00,287.421
12/27/2024,12:00,286.632
12/27/2024,18:00,294.756
12/28/2024,0:00,291.94
12/28/2024,6:00,288.942
12/28/2024,12:00,288.281
12/28/2024,18:00,295.388
12/29/2024,0:00,293.299
12/29/2024,6:00,288.347
12/29/2024,12:00,288.023
12/29/2024,18:00,295.687
12/30/2024,0:00,294.111
12/30/2024,6:00,289.677
12/30/2024,12:00,288.821
12/30/2024,18:00,297.622
12/31/2024,0:00,296.495
12/31/2024,6:00,292.258
12/31/2024,12:00,291.085
12/31/2024,18:00,299.189
1/1/2025,0:00,295.695
1/1/2025,6:00,294.266
1/1/2025,12:00,293.761
1/1/2025,18:00,300.25
1/2/2025,0:00,297.642
1/2/2025,6:00,295.417
1/2/2025,12:00,293.724
1/2/2025,18:00,299.856
1/3/2025,0:00,297.566
1/3/2025,6:00,293.462
1/3/2025,12:00,292.172
1/3/2025,18:00,298.564
1/4/2025,0:00,295.235
1/4/2025,6:00,289.602
1/4/2025,12:00,287.341
1/4/2025,18:00,294.786
1/5/2025,0:00,291.707
1/5/2025,6:00,287.931
1/5/2025,12:00,287.516
1/5/2025,18:00,296.084
1/6/2025,0:00,292.785
1/6/2025,6:00,289.247
1/6/2025,12:00,287.446
1/6/2025,18:00,295.235
1/7/2025,0:00,292.408
1/7/2025,6:00,287.309
1/7/2025,12:00,286.249
1/7/2025,18:00,295.721
1/8/2025,0:00,293.674
1/8/2025,6:00,288.477
1/8/2025,12:00,287.894
1/8/2025,18:00,297.256
1/9/2025,0:00,295.526
1/9/2025,6:00,289.976
1/9/2025,12:00,288.911
1/9/2025,18:00,297.876
1/10/2025,0:00,296.223
1/10/2025,6:00,292.003
1/10/2025,12:00,291.297
1/10/2025,18:00,299.932
1/11/2025,0:00,294.184
1/11/2025,6:00,291.709
1/11/2025,12:00,290.239
1/11/2025,18:00,297.083
1/12/2025,0:00,293.185
1/12/2025,6:00,290.141
1/12/2025,12:00,287.801
1/12/2025,18:00,296.475
1/13/2025,0:00,293.901
1/13/2025,6:00,288.427
1/13/2025,12:00,287.966
1/13/2025,18:00,297.776
1/14/2025,0:00,297.239
1/14/2025,6:00,290.399
1/14/2025,12:00,290.462
1/14/2025,18:00,299.85
1/15/2025,0:00,289.982
1/15/2025,6:00,290.904
1/15/2025,12:00,291.022
1/15/2025,18:00,296.357
1/16/2025,0:00,292.103
1/16/2025,6:00,291.45
1/16/2025,12:00,291.002
1/16/2025,18:00,297.599
1/17/2025,0:00,293.323
1/17/2025,6:00,292.3
1/17/2025,12:00,293.201
1/17/2025,18:00,299.977
1/18/2025,0:00,298.228
1/18/2025,6:00,294.712
1/18/2025,12:00,293.52
1/18/2025,18:00,301.402
1/19/2025,0:00,299.04
1/19/2025,6:00,294.242
1/19/2025,12:00,293.185
1/19/2025,18:00,301.628
1/20/2025,0:00,299.274
1/20/2025,6:00,291.895
1/20/2025,12:00,291.145
1/20/2025,18:00,294.222
1/21/2025,0:00,294.938
1/21/2025,6:00,290.271
1/21/2025,12:00,288.864
1/21/2025,18:00,297.036
1/22/2025,0:00,295.688
1/22/2025,6:00,293.196
1/22/2025,12:00,291.24
1/22/2025,18:00,301.296
1/23/2025,0:00,297.959
1/23/2025,6:00,293.62
1/23/2025,12:00,293.193
1/23/2025,18:00,303.103
1/24/2025,0:00,293.736
1/24/2025,6:00,293.491
1/24/2025,12:00,293.159
1/24/2025,18:00,295.24
1/25/2025,0:00,291.268
1/25/2025,6:00,292.097
1/25/2025,12:00,292.164
1/25/2025,18:00,296.952
1/26/2025,0:00,296.789
1/26/2025,6:00,292.549
1/26/2025,12:00,291.082
1/26/2025,18:00,297.577
1/27/2025,0:00,298.284
1/27/2025,6:00,292.5
1/27/2025,12:00,291.991
1/27/2025,18:00,300.742
1/28/2025,0:00,293.918
1/28/2025,6:00,292.471
1/28/2025,12:00,292.357
1/28/2025,18:00,297.792
1/29/2025,0:00,299.011
1/29/2025,6:00,292.653
1/29/2025,12:00,292.554
1/29/2025,18:00,300.702
1/30/2025,0:00,295.338
1/30/2025,6:00,292.759
1/30/2025,12:00,291.312
1/30/2025,18:00,298.001
1/31/2025,0:00,293.478
1/31/2025,6:00,291.034
1/31/2025,12:00,290.543
1/31/2025,18:00,298.236
2/1/2025,0:00,296.263
2/1/2025,6:00,291.973
2/1/2025,12:00,291.105
2/1/2025,18:00,299.634
2/2/2025,0:00,297.652
2/2/2025,6:00,292.918
2/2/2025,12:00,291.95
2/2/2025,18:00,301.656
2/3/2025,0:00,297.589
2/3/2025,6:00,293.839
2/3/2025,12:00,293.254
2/3/2025,18:00,302.432
2/4/2025,0:00,301.919
2/4/2025,6:00,295.281
2/4/2025,12:00,294.984
2/4/2025,18:00,303.471
2/5/2025,0:00,299.068
2/5/2025,6:00,297.682
2/5/2025,12:00,294.638
2/5/2025,18:00,302.874
2/6/2025,0:00,303.844
2/6/2025,6:00,296.499
2/6/2025,12:00,294.731
2/6/2025,18:00,300.561
2/7/2025,0:00,295.269
2/7/2025,6:00,294.076
2/7/2025,12:00,293.75
2/7/2025,18:00,301.18
2/8/2025,0:00,300.165
2/8/2025,6:00,291.52
2/8/2025,12:00,291.003
2/8/2025,18:00,301.159
2/9/2025,0:00,299.556
2/9/2025,6:00,295.682
2/9/2025,12:00,294.343
2/9/2025,18:00,302.765
2/10/2025,0:00,300.36
2/10/2025,6:00,294.783
2/10/2025,12:00,294.343
2/10/2025,18:00,304.261
2/11/2025,0:00,301.004
2/11/2025,6:00,296.649
2/11/2025,12:00,295.441
2/11/2025,18:00,303.947
2/12/2025,0:00,293.467
2/12/2025,6:00,293.422
2/12/2025,12:00,294.785
2/12/2025,18:00,299.884
2/13/2025,0:00,293.593
2/13/2025,6:00,292.342
2/13/2025,12:00,293.164
2/13/2025,18:00,293.59
2/14/2025,0:00,292.786
2/14/2025,6:00,291.442
2/14/2025,12:00,291.327
2/14/2025,18:00,298.25
2/15/2025,0:00,299.817
2/15/2025,6:00,294.094
2/15/2025,12:00,292.686
2/15/2025,18:00,299.223
2/16/2025,0:00,294.996
2/16/2025,6:00,293.85
2/16/2025,12:00,294.047
2/16/2025,18:00,301.079
2/17/2025,0:00,300.172
2/17/2025,6:00,294.182
2/17/2025,12:00,294.262
2/17/2025,18:00,298.64
2/18/2025,0:00,292.516
2/18/2025,6:00,290.561
2/18/2025,12:00,290.832
2/18/2025,18:00,294.379
2/19/2025,0:00,293.67
2/19/2025,6:00,290.643
2/19/2025,12:00,290.244
2/19/2025,18:00,296.104
2/20/2025,0:00,293.753
2/20/2025,6:00,290.723
2/20/2025,12:00,289.777
2/20/2025,18:00,297.562
2/21/2025,0:00,296.948
2/21/2025,6:00,294.208
2/21/2025,12:00,293.903
2/21/2025,18:00,300.505
2/22/2025,0:00,298.68
2/22/2025,6:00,294.989
2/22/2025,12:00,294.512
2/22/2025,18:00,301.461
2/23/2025,0:00,298.478
2/23/2025,6:00,294.234
2/23/2025,12:00,293.274
2/23/2025,18:00,301.118
2/24/2025,0:00,295.06
2/24/2025,6:00,293.989
2/24/2025,12:00,293.55
2/24/2025,18:00,300.561
2/25/2025,0:00,299.551
2/25/2025,6:00,296.586
2/25/2025,12:00,295.122
2/25/2025,18:00,303.471
2/26/2025,0:00,300.62
2/26/2025,6:00,295.711
2/26/2025,12:00,294.932
2/26/2025,18:00,302.519
2/27/2025,0:00,298.742
2/27/2025,6:00,293.483
2/27/2025,12:00,293.654
2/27/2025,18:00,299.056
2/28/2025,0:00,294.24
2/28/2025,6:00,294.248
2/28/2025,12:00,293.569
2/28/2025,18:00,301.052
3/1/2025,0:00,298.371
3/1/2025,6:00,294.408
3/1/2025,12:00,295
3/1/2025,18:00,300.622
3/2/2025,0:00,299.034
3/2/2025,6:00,294.935
3/2/2025,12:00,295.922
3/2/2025,18:00,302.332
3/3/2025,0:00,298.852
3/3/2025,6:00,296.838
3/3/2025,12:00,296.034
3/3/2025,18:00,304.229
3/4/2025,0:00,301.284
3/4/2025,6:00,298.457
3/4/2025,12:00,295.174
3/4/2025,18:00,301.918
3/5/2025,0:00,299.415
3/5/2025,6:00,295.381
3/5/2025,12:00,294.601
3/5/2025,18:00,300.831
3/6/2025,0:00,300.138
3/6/2025,6:00,296.004
3/6/2025,12:00,294.885
3/6/2025,18:00,301.106
3/7/2025,0:00,295.511
3/7/2025,6:00,295.023
3/7/2025,12:00,294.79
3/7/2025,18:00,301.713
3/8/2025,0:00,298.149
3/8/2025,6:00,296.543
3/8/2025,12:00,294.6
3/8/2025,18:00,302.64
3/9/2025,0:00,301.628
3/9/2025,6:00,294.527
3/9/2025,12:00,293.456
3/9/2025,18:00,293.889
3/10/2025,0:00,290.295
3/10/2025,6:00,288.854
3/10/2025,12:00,286.356
3/10/2025,18:00,292.412
3/11/2025,0:00,292.162
3/11/2025,6:00,289.803
3/11/2025,12:00,289.838
3/11/2025,18:00,295.028
3/12/2025,0:00,296.531
3/12/2025,6:00,290.769
3/12/2025,12:00,289.742
3/12/2025,18:00,297.013
3/13/2025,0:00,295.181
3/13/2025,6:00,289.508
3/13/2025,12:00,288.787
3/13/2025,18:00,294.535
3/14/2025,0:00,290.6
3/14/2025,6:00,285.483
3/14/2025,12:00,284.724
3/14/2025,18:00,292.455
3/15/2025,0:00,290.255
3/15/2025,6:00,287.812
3/15/2025,12:00,287.229
3/15/2025,18:00,294.242
3/16/2025,0:00,290.258
3/16/2025,6:00,286.848
3/16/2025,12:00,285.787
3/16/2025,18:00,295.325
3/17/2025,0:00,293.017
3/17/2025,6:00,287.827
3/17/2025,12:00,287.573
3/17/2025,18:00,297.661
3/18/2025,0:00,293.45
3/18/2025,6:00,289.865
3/18/2025,12:00,289.547
3/18/2025,18:00,295.994
3/19/2025,0:00,295.1
3/19/2025,6:00,288.871
3/19/2025,12:00,286.615
3/19/2025,18:00,295.863
3/20/2025,0:00,293.865
3/20/2025,6:00,289.219
3/20/2025,12:00,287.708
3/20/2025,18:00,297.221
3/21/2025,0:00,293.745
3/21/2025,6:00,290.748
3/21/2025,12:00,289.166
3/21/2025,18:00,298.715
3/22/2025,0:00,296.091
3/22/2025,6:00,293.392
3/22/2025,12:00,291.161
3/22/2025,18:00,297.209
3/23/2025,0:00,292.623
3/23/2025,6:00,290.311
3/23/2025,12:00,289.972
3/23/2025,18:00,297.319
3/24/2025,0:00,295.791
3/24/2025,6:00,293.645
3/24/2025,12:00,292.234
3/24/2025,18:00,296.496
3/25/2025,0:00,293.929
3/25/2025,6:00,293.656
3/25/2025,12:00,292.303
3/25/2025,18:00,297.348
3/26/2025,0:00,295.648
3/26/2025,6:00,291.561
3/26/2025,12:00,290.157
3/26/2025,18:00,297.718
3/27/2025,0:00,296.378
3/27/2025,6:00,293.898
3/27/2025,12:00,292.818
3/27/2025,18:00,297.259
3/28/2025,0:00,292.814
3/28/2025,6:00,292.141
3/28/2025,12:00,291.916
3/28/2025,18:00,297.04
3/29/2025,0:00,295.366
3/29/2025,6:00,293.1
3/29/2025,12:00,293.381
3/29/2025,18:00,297.398
3/30/2025,0:00,295.89
3/30/2025,6:00,293.574
3/30/2025,12:00,292.46
3/30/2025,18:00,297.684
3/31/2025,0:00,297.189
3/31/2025,6:00,295.614
3/31/2025,12:00,294.879
3/31/2025,18:00,300.192
4/1/2025,0:00,294.156
4/1/2025,6:00,293.291
4/1/2025,12:00,292.065
4/1/2025,18:00,293.459
4/2/2025,0:00,292.958
4/2/2025,6:00,292.077
4/2/2025,12:00,292.287
4/2/2025,18:00,294.704
4/3/2025,0:00,292.929
4/3/2025,6:00,292.334
4/3/2025,12:00,292.18
4/3/2025,18:00,292.412
4/4/2025,0:00,292.064
4/4/2025,6:00,289.064
4/4/2025,12:00,283.539
4/4/2025,18:00,286.088
4/5/2025,0:00,283.406
4/5/2025,6:00,282.102
4/5/2025,12:00,281.4
4/5/2025,18:00,287.239
4/6/2025,0:00,289.02
4/6/2025,6:00,287.205
4/6/2025,12:00,286.105
4/6/2025,18:00,291.004
4/7/2025,0:00,291.34
4/7/2025,6:00,289.803
4/7/2025,12:00,288.461
4/7/2025,18:00,292.699
4/8/2025,0:00,292.599
4/8/2025,6:00,291.485
4/8/2025,12:00,291.224
4/8/2025,18:00,290.42
4/9/2025,0:00,287.971
4/9/2025,6:00,286.147
4/9/2025,12:00,284.663
4/9/2025,18:00,288.886
4/10/2025,0:00,287.481
4/10/2025,6:00,285.804
4/10/2025,12:00,285.351
4/10/2025,18:00,290.856
4/11/2025,0:00,288.9
4/11/2025,6:00,287.257
4/11/2025,12:00,286.8
4/11/2025,18:00,292.134
4/12/2025,0:00,292.202
4/12/2025,6:00,290.448
4/12/2025,12:00,289.916
4/12/2025,18:00,293.846
4/13/2025,0:00,291.532
4/13/2025,6:00,290.769
4/13/2025,12:00,290.476
4/13/2025,18:00,291.135
4/14/2025,0:00,289.8
4/14/2025,6:00,286.239
4/14/2025,12:00,286.032
4/14/2025,18:00,290.636
4/15/2025,0:00,289.519
4/15/2025,6:00,287.853
4/15/2025,12:00,288.173
4/15/2025,18:00,293.206
4/16/2025,0:00,291.603
4/16/2025,6:00,289.837
4/16/2025,12:00,289.285
4/16/2025,18:00,293.408
4/17/2025,0:00,292.051
4/17/2025,6:00,290.013
4/17/2025,12:00,289.744
4/17/2025,18:00,294.996
4/18/2025,0:00,294.6
4/18/2025,6:00,292.362
4/18/2025,12:00,291.43
4/18/2025,18:00,294.693
4/19/2025,0:00,296.079
4/19/2025,6:00,292.038
4/19/2025,12:00,290.972
4/19/2025,18:00,293.261
4/20/2025,0:00,290.102
4/20/2025,6:00,285.84
4/20/2025,12:00,284.394
4/20/2025,18:00,288.897
4/21/2025,0:00,287.861
4/21/2025,6:00,285.3
4/21/2025,12:00,284.618
4/21/2025,18:00,289.757
4/22/2025,0:00,289.1
4/22/2025,6:00,285.849
4/22/2025,12:00,285.005
4/22/2025,18:00,290.805
4/23/2025,0:00,290.848
4/23/2025,6:00,288.2
4/23/2025,12:00,287.602
4/23/2025,18:00,292.512
4/24/2025,0:00,292.61
4/24/2025,6:00,290.833
4/24/2025,12:00,289.933
4/24/2025,18:00,291.466
4/25/2025,0:00,291.999
4/25/2025,6:00,289.787
4/25/2025,12:00,288.84
4/25/2025,18:00,293.506
4/26/2025,0:00,293.082
4/26/2025,6:00,290.246
4/26/2025,12:00,289.416
4/26/2025,18:00,294.201
4/27/2025,0:00,291.648
4/27/2025,6:00,290.364
4/27/2025,12:00,290.2
4/27/2025,18:00,293.328
4/28/2025,0:00,291.515
4/28/2025,6:00,286.029
4/28/2025,12:00,282.746
4/28/2025,18:00,286.722
4/29/2025,0:00,285.04
4/29/2025,6:00,282.703
4/29/2025,12:00,281.83
4/29/2025,18:00,287.255
4/30/2025,0:00,286.036
4/30/2025,6:00,283.206
4/30/2025,12:00,282.333
4/30/2025,18:00,288.252
5/1/2025,0:00,287.312
5/1/2025,6:00,285.69
5/1/2025,12:00,285.1
5/1/2025,18:00,290.754
5/2/2025,0:00,290.699
5/2/2025,6:00,289.068
5/2/2025,12:00,288.171
5/2/2025,18:00,291.29
5/3/2025,0:00,291.349
5/3/2025,6:00,289.447
5/3/2025,12:00,288.305
5/3/2025,18:00,293.262
5/4/2025,0:00,291.629
5/4/2025,6:00,289.509
5/4/2025,12:00,288.434
5/4/2025,18:00,294.1
5/5/2025,0:00,293.966
5/5/2025,6:00,292.402
5/5/2025,12:00,290.942
5/5/2025,18:00,294.443
5/6/2025,0:00,294.186
5/6/2025,6:00,292.215
5/6/2025,12:00,291.161
5/6/2025,18:00,294.8
5/7/2025,0:00,292.53
5/7/2025,6:00,290.318
5/7/2025,12:00,291.256
5/7/2025,18:00,293.165
5/8/2025,0:00,293.069
5/8/2025,6:00,292.199
5/8/2025,12:00,291.924
5/8/2025,18:00,295.109
5/9/2025,0:00,295.624
5/9/2025,6:00,293.967
5/9/2025,12:00,294.565
5/9/2025,18:00,287.316
5/10/2025,0:00,288.078
5/10/2025,6:00,286.894
5/10/2025,12:00,286.128
5/10/2025,18:00,288.925
5/11/2025,0:00,287.411
5/11/2025,6:00,285.019
5/11/2025,12:00,284.18
5/11/2025,18:00,288.301
5/12/2025,0:00,286.399
5/12/2025,6:00,284.1
5/12/2025,12:00,283.688
5/12/2025,18:00,287.644
5/13/2025,0:00,288.359
5/13/2025,6:00,285.914
5/13/2025,12:00,285.9
5/13/2025,18:00,290.5
5/14/2025,0:00,290.908
5/14/2025,6:00,289.5
5/14/2025,12:00,288.955
5/14/2025,18:00,292.659
5/15/2025,0:00,293.772
5/15/2025,6:00,290.456
5/15/2025,12:00,289.728
5/15/2025,18:00,292.644
5/16/2025,0:00,291.509
5/16/2025,6:00,289.581
5/16/2025,12:00,287.428
5/16/2025,18:00,291.382
5/17/2025,0:00,292.044
5/17/2025,6:00,291.015
5/17/2025,12:00,290.015
5/17/2025,18:00,293.029
5/18/2025,0:00,293.859
5/18/2025,6:00,291.91
5/18/2025,12:00,291.581
5/18/2025,18:00,292.64
5/19/2025,0:00,290.418
5/19/2025,6:00,288.847
5/19/2025,12:00,287.899
5/19/2025,18:00,291.347
5/20/2025,0:00,292.91
5/20/2025,6:00,291.612
5/20/2025,12:00,290.035
5/20/2025,18:00,291.215
5/21/2025,0:00,289.96
5/21/2025,6:00,288.303
5/21/2025,12:00,288.259
5/21/2025,18:00,289.839
5/22/2025,0:00,287.424
5/22/2025,6:00,286.358
5/22/2025,12:00,285.968
5/22/2025,18:00,287.312
5/23/2025,0:00,285.92
5/23/2025,6:00,283.468
5/23/2025,12:00,282.994
5/23/2025,18:00,287.152
5/24/2025,0:00,288.392
5/24/2025,6:00,288.16
5/24/2025,12:00,288.888
5/24/2025,18:00,289.561
5/25/2025,0:00,288.807
5/25/2025,6:00,288.027
5/25/2025,12:00,288.735
5/25/2025,18:00,291.249
5/26/2025,0:00,292.978
5/26/2025,6:00,290.9
5/26/2025,12:00,289.904
5/26/2025,18:00,292.169
5/27/2025,0:00,293.8
5/27/2025,6:00,293.037
5/27/2025,12:00,292.139
5/27/2025,18:00,292.689
5/28/2025,0:00,291.743
5/28/2025,6:00,289.121
5/28/2025,12:00,284.204
5/28/2025,18:00,280.877
5/29/2025,0:00,278.387
5/29/2025,6:00,278.616
5/29/2025,12:00,278.33
5/29/2025,18:00,279.3
5/30/2025,0:00,281.275
5/30/2025,6:00,279.417
5/30/2025,12:00,277.522
5/30/2025,18:00,280.505
5/31/2025,0:00,281.857
5/31/2025,6:00,280.496
5/31/2025,12:00,279.901
5/31/2025,18:00,282.993
6/1/2025,0:00,281.981
6/1/2025,6:00,279.81
6/1/2025,12:00,279.17
6/1/2025,18:00,282.595
6/2/2025,0:00,283.722
6/2/2025,6:00,283.104
6/2/2025,12:00,283.251
6/2/2025,18:00,286.326
6/3/2025,0:00,286.4
6/3/2025,6:00,287.048
6/3/2025,12:00,287.1
6/3/2025,18:00,288.043
6/4/2025,0:00,288.031
6/4/2025,6:00,288.529
6/4/2025,12:00,289.103
6/4/2025,18:00,289.705
6/5/2025,0:00,289.6
6/5/2025,6:00,290.296
6/5/2025,12:00,290.334
6/5/2025,18:00,290.954
6/6/2025,0:00,290.043
6/6/2025,6:00,285.972
6/6/2025,12:00,284.229
6/6/2025,18:00,286.522
6/7/2025,0:00,284.755
6/7/2025,6:00,283
6/7/2025,12:00,282.184
6/7/2025,18:00,285.589
6/8/2025,0:00,285.449
6/8/2025,6:00,284.204
6/8/2025,12:00,281.998
6/8/2025,18:00,283.862
6/9/2025,0:00,283.423
6/9/2025,6:00,281.485
6/9/2025,12:00,279.952
6/9/2025,18:00,282.7
6/10/2025,0:00,281.645
6/10/2025,6:00,279.146
6/10/2025,12:00,278.404
6/10/2025,18:00,281.617
6/11/2025,0:00,281.448
6/11/2025,6:00,279.053
6/11/2025,12:00,278.319
6/11/2025,18:00,281.138
6/12/2025,0:00,280.821
6/12/2025,6:00,279.753
6/12/2025,12:00,278.948
6/12/2025,18:00,281.894
6/13/2025,0:00,282.9
6/13/2025,6:00,281.62
6/13/2025,12:00,281.528
6/13/2025,18:00,283.899
6/14/2025,0:00,286.432
6/14/2025,6:00,286.624
6/14/2025,12:00,286.412
6/14/2025,18:00,286.908
6/15/2025,0:00,288.375
6/15/2025,6:00,284.712
6/15/2025,12:00,284.035
6/15/2025,18:00,284.142
6/16/2025,0:00,282.525
6/16/2025,6:00,281.09
6/16/2025,12:00,281.244
6/16/2025,18:00,286.038
6/17/2025,0:00,291.846
6/17/2025,6:00,291.932
6/17/2025,12:00,290.808
6/17/2025,18:00,292.443
6/18/2025,0:00,291.463
6/18/2025,6:00,290.904
6/18/2025,12:00,289.631
6/18/2025,18:00,290.064
6/19/2025,0:00,290.164
6/19/2025,6:00,289.433
6/19/2025,12:00,289.277
6/19/2025,18:00,288.3
6/20/2025,0:00,288.32
6/20/2025,6:00,287.668
6/20/2025,12:00,286.825
6/20/2025,18:00,286.765
6/21/2025,0:00,285.7
6/21/2025,6:00,285.133
6/21/2025,12:00,286.008
6/21/2025,18:00,286.3
6/22/2025,0:00,283.623
6/22/2025,6:00,282.922
6/22/2025,12:00,282.81
6/22/2025,18:00,286.064
6/23/2025,0:00,287.884
6/23/2025,6:00,284.837
6/23/2025,12:00,280.7
6/23/2025,18:00,280.002
6/24/2025,0:00,275.709
6/24/2025,6:00,273.7
6/24/2025,12:00,272.239
6/24/2025,18:00,275.158
6/25/2025,0:00,275.904
6/25/2025,6:00,274.629
6/25/2025,12:00,274.378
6/25/2025,18:00,278.049
6/26/2025,0:00,282.543
6/26/2025,6:00,282.905
6/26/2025,12:00,283.009
6/26/2025,18:00,283.211
6/27/2025,0:00,284.9
6/27/2025,6:00,281.305
6/27/2025,12:00,280.673
6/27/2025,18:00,283.204
6/28/2025,0:00,284.354
6/28/2025,6:00,283.715
6/28/2025,12:00,285.344
6/28/2025,18:00,287.656
6/29/2025,0:00,287.4
6/29/2025,6:00,285.529
6/29/2025,12:00,283.8
6/29/2025,18:00,283.507
6/30/2025,0:00,282.822
6/30/2025,6:00,281.274
6/30/2025,12:00,279.269
6/30/2025,18:00,278.268
7/1/2025,0:00,275.515
7/1/2025,6:00,273.078
7/1/2025,12:00,272.708
7/1/2025,18:00,275.112
7/2/2025,0:00,274.224
7/2/2025,6:00,272.935
7/2/2025,12:00,272.814
7/2/2025,18:00,276.006
7/3/2025,0:00,276.615
7/3/2025,6:00,276.112
7/3/2025,12:00,276.004
7/3/2025,18:00,279.024
7/4/2025,0:00,281.548
7/4/2025,6:00,280.6
7/4/2025,12:00,280.184
7/4/2025,18:00,283
7/5/2025,0:00,283.336
7/5/2025,6:00,282.502
7/5/2025,12:00,282.091
7/5/2025,18:00,284.638
7/6/2025,0:00,284.623
7/6/2025,6:00,283.111
7/6/2025,12:00,282.008
7/6/2025,18:00,284.642
7/7/2025,0:00,284.844
7/7/2025,6:00,283.992
7/7/2025,12:00,283.296
7/7/2025,18:00,286.241
7/8/2025,0:00,287.151
7/8/2025,6:00,285.8
7/8/2025,12:00,284.703
7/8/2025,18:00,287
7/9/2025,0:00,285.117
7/9/2025,6:00,283.353
7/9/2025,12:00,281.787
7/9/2025,18:00,284.732
7/10/2025,0:00,284.4
7/10/2025,6:00,283.574
7/10/2025,12:00,282.815
7/10/2025,18:00,285.66
7/11/2025,0:00,286.806
7/11/2025,6:00,285.187
7/11/2025,12:00,284.493
7/11/2025,18:00,287.38
7/12/2025,0:00,286.981
7/12/2025,6:00,285.192
7/12/2025,12:00,284.9
7/12/2025,18:00,287.681
7/13/2025,0:00,288.878
7/13/2025,6:00,288.318
7/13/2025,12:00,286.761
7/13/2025,18:00,289.509
7/14/2025,0:00,288.247
7/14/2025,6:00,287.621
7/14/2025,12:00,286.548
7/14/2025,18:00,289.425
7/15/2025,0:00,288.737
7/15/2025,6:00,287.444
7/15/2025,12:00,286.251
7/15/2025,18:00,289.258
7/16/2025,0:00,290.354
7/16/2025,6:00,288.734
7/16/2025,12:00,287.867
7/16/2025,18:00,290.433
7/17/2025,0:00,290.815
7/17/2025,6:00,285.675
7/17/2025,12:00,282.24
7/17/2025,18:00,280.913
7/18/2025,0:00,280.48
7/18/2025,6:00,280.421
7/18/2025,12:00,280.397
7/18/2025,18:00,282.034
7/19/2025,0:00,282.231
7/19/2025,6:00,280.612
7/19/2025,12:00,280.352
7/19/2025,18:00,283.665
7/20/2025,0:00,284.296
7/20/2025,6:00,283.083
7/20/2025,12:00,282.605
7/20/2025,18:00,286.043
7/21/2025,0:00,286.313
7/21/2025,6:00,284.981
7/21/2025,12:00,284.263
7/21/2025,18:00,287.695
7/22/2025,0:00,287.724
7/22/2025,6:00,286.482
7/22/2025,12:00,285.893
7/22/2025,18:00,289.569
7/23/2025,0:00,288.374
7/23/2025,6:00,286.876
7/23/2025,12:00,285.856
7/23/2025,18:00,287.855
7/24/2025,0:00,284.208
7/24/2025,6:00,282.263
7/24/2025,12:00,281.9
7/24/2025,18:00,284.261
7/25/2025,0:00,286.012
7/25/2025,6:00,286.014
7/25/2025,12:00,285.967
7/25/2025,18:00,288.533
7/26/2025,0:00,288.8
7/26/2025,6:00,288.3
7/26/2025,12:00,287.61
7/26/2025,18:00,290.888
7/27/2025,0:00,291.657
7/27/2025,6:00,288.483
7/27/2025,12:00,288.465
7/27/2025,18:00,288.852
7/28/2025,0:00,288.691
7/28/2025,6:00,285.02
7/28/2025,12:00,282.72
7/28/2025,18:00,282.569
7/29/2025,0:00,280.091
7/29/2025,6:00,278.297
7/29/2025,12:00,277.06
7/29/2025,18:00,280.038
7/30/2025,0:00,279.55
7/30/2025,6:00,278.476
7/30/2025,12:00,277.612
7/30/2025,18:00,281.1
7/31/2025,0:00,282.549
7/31/2025,6:00,282.125
7/31/2025,12:00,282.384
7/31/2025,18:00,284.852
8/1/2025,0:00,286.944
8/1/2025,6:00,286.448
8/1/2025,12:00,285.611
8/1/2025,18:00,287.055
8/2/2025,0:00,291.036
8/2/2025,6:00,289.758
8/2/2025,12:00,288.861
8/2/2025,18:00,291.2
8/3/2025,0:00,293.324
8/3/2025,6:00,291.509
8/3/2025,12:00,288.547
8/3/2025,18:00,289.469
8/4/2025,0:00,289.669
8/4/2025,6:00,289.331
8/4/2025,12:00,288.488
8/4/2025,18:00,288.6
8/5/2025,0:00,285.438
8/5/2025,6:00,284.316
8/5/2025,12:00,284.282
8/5/2025,18:00,284.524
8/6/2025,0:00,285.23
8/6/2025,6:00,282.894
8/6/2025,12:00,283.488
8/6/2025,18:00,287.081
8/7/2025,0:00,286.241
8/7/2025,6:00,285.946
8/7/2025,12:00,286.196
8/7/2025,18:00,287.663
8/8/2025,0:00,285.439
8/8/2025,6:00,283.743
8/8/2025,12:00,280.695
8/8/2025,18:00,282.105
8/9/2025,0:00,278.328
8/9/2025,6:00,275.308
8/9/2025,12:00,275.002
8/9/2025,18:00,279.585
8/10/2025,0:00,281.235
8/10/2025,6:00,277.796
8/10/2025,12:00,276.614
8/10/2025,18:00,280.832
8/11/2025,0:00,280.7
8/11/2025,6:00,278.879
8/11/2025,12:00,277.959
8/11/2025,18:00,282.353
8/12/2025,0:00,281.578
8/12/2025,6:00,279.775
8/12/2025,12:00,279.388
8/12/2025,18:00,284.078
8/13/2025,0:00,284.177
8/13/2025,6:00,282.611
8/13/2025,12:00,281.651
8/13/2025,18:00,286.104
8/14/2025,0:00,284.71
8/14/2025,6:00,282.034
8/14/2025,12:00,281.103
8/14/2025,18:00,284.324
8/15/2025,0:00,281.477
8/15/2025,6:00,279.8
8/15/2025,12:00,279.49
8/15/2025,18:00,284.882
8/16/2025,0:00,286.473
8/16/2025,6:00,285.116
8/16/2025,12:00,284.27
8/16/2025,18:00,287.407
8/17/2025,0:00,288.382
8/17/2025,6:00,285.765
8/17/2025,12:00,284.841
8/17/2025,18:00,289.188
8/18/2025,0:00,287.915
8/18/2025,6:00,286.724
8/18/2025,12:00,286.903
8/18/2025,18:00,290.263
8/19/2025,0:00,289.522
8/19/2025,6:00,289.719
8/19/2025,12:00,289.777
8/19/2025,18:00,290.261
8/20/2025,0:00,285.705
8/20/2025,6:00,285.038
8/20/2025,12:00,283.6
8/20/2025,18:00,285.56
8/21/2025,0:00,284.907
8/21/2025,6:00,283.942
8/21/2025,12:00,283.441
8/21/2025,18:00,287.802
8/22/2025,0:00,289.173
8/22/2025,6:00,290.334
8/22/2025,12:00,292.6
8/22/2025,18:00,293.585
8/23/2025,0:00,294.958
8/23/2025,6:00,291.517
8/23/2025,12:00,291.147
8/23/2025,18:00,283.678
8/24/2025,0:00,281.175
8/24/2025,6:00,281.096
8/24/2025,12:00,280.428
8/24/2025,18:00,280.957
8/25/2025,0:00,281.065
8/25/2025,6:00,279.499
8/25/2025,12:00,278.527
8/25/2025,18:00,281.145
8/26/2025,0:00,280.71
8/26/2025,6:00,277.529
8/26/2025,12:00,276.899
8/26/2025,18:00,282.129
8/27/2025,0:00,282.305
8/27/2025,6:00,282.045
8/27/2025,12:00,281.694
8/27/2025,18:00,287.539
8/28/2025,0:00,286.211
8/28/2025,6:00,285.261
8/28/2025,12:00,284.269
8/28/2025,18:00,288.406
8/29/2025,0:00,287.842
8/29/2025,6:00,286.129
8/29/2025,12:00,285.332
8/29/2025,18:00,290.138
8/30/2025,0:00,289.786
8/30/2025,6:00,288.651
8/30/2025,12:00,288.174
8/30/2025,18:00,291.474
8/31/2025,0:00,290.999
8/31/2025,6:00,289.023
8/31/2025,12:00,288.531
8/31/2025,18:00,290.577
9/1/2025,0:00,291.8
9/1/2025,6:00,290.102
9/1/2025,12:00,288.605
9/1/2025,18:00,290.652
9/2/2025,0:00,290.222
9/2/2025,6:00,289.903
9/2/2025,12:00,289.585
9/2/2025,18:00,291.925
9/3/2025,0:00,293.563
9/3/2025,6:00,292.798
9/3/2025,12:00,291.568
9/3/2025,18:00,293.2
9/4/2025,0:00,294.781
9/4/2025,6:00,290.681
9/4/2025,12:00,290.496
9/4/2025,18:00,285.832
9/5/2025,0:00,284.869
9/5/2025,6:00,283.012
9/5/2025,12:00,280.782
9/5/2025,18:00,280.815
9/6/2025,0:00,279.758
9/6/2025,6:00,277.29
9/6/2025,12:00,275.939
9/6/2025,18:00,280.411
9/7/2025,0:00,280.645
9/7/2025,6:00,278.741
9/7/2025,12:00,279.2
9/7/2025,18:00,286.678
9/8/2025,0:00,288.784
9/8/2025,6:00,288.704
9/8/2025,12:00,289.1
9/8/2025,18:00,289.901
9/9/2025,0:00,289.629
9/9/2025,6:00,286.765
9/9/2025,12:00,286.102
9/9/2025,18:00,286.322
9/10/2025,0:00,285.011
9/10/2025,6:00,283.035
9/10/2025,12:00,282.496
9/10/2025,18:00,288.045
9/11/2025,0:00,286.715
9/11/2025,6:00,286.129
9/11/2025,12:00,284.828
9/11/2025,18:00,289.938
9/12/2025,0:00,286.353
9/12/2025,6:00,284.273
9/12/2025,12:00,282.079
9/12/2025,18:00,287.055
9/13/2025,0:00,284.059
9/13/2025,6:00,282.829
9/13/2025,12:00,283.3
9/13/2025,18:00,290.4
9/14/2025,0:00,291.16
9/14/2025,6:00,289.756
9/14/2025,12:00,288.356
9/14/2025,18:00,291.23
9/15/2025,0:00,290.924
9/15/2025,6:00,290.733
9/15/2025,12:00,289.941
9/15/2025,18:00,294.058
9/16/2025,0:00,289.377
9/16/2025,6:00,287.862
9/16/2025,12:00,286.674
9/16/2025,18:00,291.415
9/17/2025,0:00,288.602
9/17/2025,6:00,286.189
9/17/2025,12:00,285.366
9/17/2025,18:00,291.958
9/18/2025,0:00,289.751
9/18/2025,6:00,288.675
9/18/2025,12:00,288.058
9/18/2025,18:00,291.858
9/19/2025,0:00,292.49
9/19/2025,6:00,291.32
9/19/2025,12:00,288.862
9/19/2025,18:00,293.406
9/20/2025,0:00,292.546
9/20/2025,6:00,291.986
9/20/2025,12:00,291.18
9/20/2025,18:00,295.333
9/21/2025,0:00,291.41
9/21/2025,6:00,291.115
9/21/2025,12:00,291.39
9/21/2025,18:00,292.075
9/22/2025,0:00,291.462
9/22/2025,6:00,290.4
9/22/2025,12:00,284.678
9/22/2025,18:00,285.366
9/23/2025,0:00,283.238
9/23/2025,6:00,281.818
9/23/2025,12:00,281.102
9/23/2025,18:00,287.235
9/24/2025,0:00,284.724
9/24/2025,6:00,283.134
9/24/2025,12:00,282.287
9/24/2025,18:00,288.293
9/25/2025,0:00,285.743
9/25/2025,6:00,282.465
9/25/2025,12:00,282.195
9/25/2025,18:00,287.6
9/26/2025,0:00,286.591
9/26/2025,6:00,284.469
9/26/2025,12:00,283.3
9/26/2025,18:00,287.279
9/27/2025,0:00,287.6
9/27/2025,6:00,285.306
9/27/2025,12:00,285.1
9/27/2025,18:00,289.62
9/28/2025,0:00,289.268
9/28/2025,6:00,289.345
9/28/2025,12:00,286.434
9/28/2025,18:00,286.815
9/29/2025,0:00,286.72
9/29/2025,6:00,285.136
9/29/2025,12:00,284.248
9/29/2025,18:00,292.027
9/30/2025,0:00,292.951
9/30/2025,6:00,289.973
9/30/2025,12:00,289.163
9/30/2025,18:00,290.909
10/1/2025,0:00,289.185
10/1/2025,6:00,288.236
10/1/2025,12:00,287.628
10/1/2025,18:00,290.903
10/2/2025,0:00,288.724
10/2/2025,6:00,288.218
10/2/2025,12:00,288.009
10/2/2025,18:00,291.108
10/3/2025,0:00,291.397
10/3/2025,6:00,290.719
10/3/2025,12:00,290.436
10/3/2025,18:00,291.405
10/4/2025,0:00,291.348
10/4/2025,6:00,289.155
10/4/2025,12:00,288.699
10/4/2025,18:00,294.054
10/5/2025,0:00,293.231
10/5/2025,6:00,292.827
10/5/2025,12:00,292.072
10/5/2025,18:00,296.994
10/6/2025,0:00,296.64
10/6/2025,6:00,294.589
10/6/2025,12:00,288.051
10/6/2025,18:00,287.856
10/7/2025,0:00,285.104
10/7/2025,6:00,284.045
10/7/2025,12:00,282.812
10/7/2025,18:00,286.388
10/8/2025,0:00,283.782
10/8/2025,6:00,281.539
10/8/2025,12:00,280.838
10/8/2025,18:00,288.007
10/9/2025,0:00,286.086
10/9/2025,6:00,283.838
10/9/2025,12:00,283.928
10/9/2025,18:00,290.073
10/10/2025,0:00,287.355
10/10/2025,6:00,285.28
10/10/2025,12:00,284.887
10/10/2025,18:00,292.018
10/11/2025,0:00,291.307
10/11/2025,6:00,289.422
10/11/2025,12:00,288.73
10/11/2025,18:00,293.904
10/12/2025,0:00,292.723
10/12/2025,6:00,291.327
10/12/2025,12:00,291.033
10/12/2025,18:00,289.785
10/13/2025,0:00,289.768
10/13/2025,6:00,289.023
10/13/2025,12:00,287.027
10/13/2025,18:00,290.128
10/14/2025,0:00,287.116
10/14/2025,6:00,285.687
10/14/2025,12:00,285.174
10/14/2025,18:00,291.112
10/15/2025,0:00,288.185
10/15/2025,6:00,286.8
10/15/2025,12:00,286.605
10/15/2025,18:00,293.147
10/16/2025,0:00,294.507
10/16/2025,6:00,292.706
10/16/2025,12:00,291.028
10/16/2025,18:00,290.998
10/17/2025,0:00,290.609
10/17/2025,6:00,290.255
10/17/2025,12:00,290.495
10/17/2025,18:00,291.065
10/18/2025,0:00,290.022
10/18/2025,6:00,289.191
10/18/2025,12:00,288.716
10/18/2025,18:00,289.374
10/19/2025,0:00,286.269
10/19/2025,6:00,281.965
10/19/2025,12:00,281.263
10/19/2025,18:00,286.384
10/20/2025,0:00,285.376
10/20/2025,6:00,283.078
10/20/2025,12:00,282.636
10/20/2025,18:00,288.366
10/21/2025,0:00,286.875
10/21/2025,6:00,284.886
10/21/2025,12:00,283.104
10/21/2025,18:00,288.158
10/22/2025,0:00,288.632
10/22/2025,6:00,286.265
10/22/2025,12:00,285.135
10/22/2025,18:00,289.754
10/23/2025,0:00,290.338
10/23/2025,6:00,287.554
10/23/2025,12:00,286.287
10/23/2025,18:00,290.759
10/24/2025,0:00,291.362
10/24/2025,6:00,289.589
10/24/2025,12:00,288.632
10/24/2025,18:00,290.54
10/25/2025,0:00,294.031
10/25/2025,6:00,292.304
10/25/2025,12:00,291.357
10/25/2025,18:00,293.801
10/26/2025,0:00,289.253
10/26/2025,6:00,289.373
10/26/2025,12:00,290.353
10/26/2025,18:00,290.909
10/27/2025,0:00,290.686
10/27/2025,6:00,290.018
10/27/2025,12:00,288.918
10/27/2025,18:00,293.743
10/28/2025,0:00,290.567
10/28/2025,6:00,287.05
10/28/2025,12:00,286.246
10/28/2025,18:00,290.376
10/29/2025,0:00,286.057
10/29/2025,6:00,285.242
10/29/2025,12:00,285.173
10/29/2025,18:00,286.216
10/30/2025,0:00,285.897
10/30/2025,6:00,285.074
10/30/2025,12:00,283.312
10/30/2025,18:00,288.407
10/31/2025,0:00,286.902
10/31/2025,6:00,284.932
10/31/2025,12:00,284.12
10/31/2025,18:00,291.044
11/1/2025,0:00,288.903
11/1/2025,6:00,287.594
11/1/2025,12:00,287.448
11/1/2025,18:00,295.074
11/2/2025,0:00,292.026
11/2/2025,6:00,290.391
11/2/2025,12:00,289.803
11/2/2025,18:00,293.729
11/3/2025,0:00,292.031
11/3/2025,6:00,289.936
11/3/2025,12:00,288.923
11/3/2025,18:00,291.215
11/4/2025,0:00,291.414
11/4/2025,6:00,289.535
11/4/2025,12:00,289.432
11/4/2025,18:00,296.602
11/5/2025,0:00,294.491
11/5/2025,6:00,293.103
11/5/2025,12:00,291.517
11/5/2025,18:00,294.667
11/6/2025,0:00,289.674
11/6/2025,6:00,286.639
11/6/2025,12:00,285.264
11/6/2025,18:00,290.644
11/7/2025,0:00,289.98
11/7/2025,6:00,288.248
11/7/2025,12:00,288.082
11/7/2025,18:00,289.001
11/8/2025,0:00,288.074
11/8/2025,6:00,285.998
11/8/2025,12:00,284.763
11/8/2025,18:00,285.902
11/9/2025,0:00,285.649
11/9/2025,6:00,283.893
11/9/2025,12:00,283.371
11/9/2025,18:00,289.837
11/10/2025,0:00,288.139
11/10/2025,6:00,285.554
11/10/2025,12:00,284.943
11/10/2025,18:00,292.027
11/11/2025,0:00,289.663
11/11/2025,6:00,287.242
11/11/2025,12:00,286.859
11/11/2025,18:00,294.633
11/12/2025,0:00,292.261
11/12/2025,6:00,291.106
11/12/2025,12:00,290.857
11/12/2025,18:00,292.819
11/13/2025,0:00,291.781
11/13/2025,6:00,290.561
11/13/2025,12:00,290.148
11/13/2025,18:00,295.592
11/14/2025,0:00,294.074
11/14/2025,6:00,290.507
11/14/2025,12:00,289.865
11/14/2025,18:00,296.36
11/15/2025,0:00,295.777
11/15/2025,6:00,292.852
11/15/2025,12:00,292.593
11/15/2025,18:00,298.182
11/16/2025,0:00,294.632
11/16/2025,6:00,293.136
11/16/2025,12:00,292.173
11/16/2025,18:00,296.469
11/17/2025,0:00,288.645
11/17/2025,6:00,288.254
11/17/2025,12:00,287.992
11/17/2025,18:00,288.227
11/18/2025,0:00,288.959
11/18/2025,6:00,285.937
11/18/2025,12:00,286.097
11/18/2025,18:00,289.797
11/19/2025,0:00,288.869
11/19/2025,6:00,287.15
11/19/2025,12:00,286.661
11/19/2025,18:00,293.006
11/20/2025,0:00,291.341
11/20/2025,6:00,289.525
11/20/2025,12:00,288.204
11/20/2025,18:00,296.11
11/21/2025,0:00,293.386
11/21/2025,6:00,292.116
11/21/2025,12:00,291.266
11/21/2025,18:00,297.647
11/22/2025,0:00,293.677
11/22/2025,6:00,289.877
11/22/2025,12:00,289.957
11/22/2025,18:00,294.169
11/23/2025,0:00,290.302
11/23/2025,6:00,287.213
11/23/2025,12:00,286.995
11/23/2025,18:00,293.595
11/24/2025,0:00,290.008
11/24/2025,6:00,288.777
11/24/2025,12:00,288.006
11/24/2025,18:00,294.414
11/25/2025,0:00,293.02
11/25/2025,6:00,289.893
11/25/2025,12:00,288.998
11/25/2025,18:00,295.974
11/26/2025,0:00,294.507
11/26/2025,6:00,291.86
11/26/2025,12:00,290.91
11/26/2025,18:00,298.612
11/27/2025,0:00,295.932
11/27/2025,6:00,292.498
11/27/2025,12:00,291.668
11/27/2025,18:00,299.025
11/28/2025,0:00,296.958
11/28/2025,6:00,294.105
11/28/2025,12:00,293.344
11/28/2025,18:00,301.086
11/29/2025,0:00,297.83
11/29/2025,6:00,294.636
11/29/2025,12:00,293.519
11/29/2025,18:00,301.615
11/30/2025,0:00,298.81
11/30/2025,6:00,295.117
11/30/2025,12:00,293.861
11/30/2025,18:00,301.329
12/1/2025,0:00,292.687
12/1/2025,6:00,292.947
12/1/2025,12:00,292.209
12/1/2025,18:00,297.893
12/2/2025,0:00,295.797
12/2/2025,6:00,292.091
12/2/2025,12:00,291.139
12/2/2025,18:00,297.158
12/3/2025,0:00,293.826
12/3/2025,6:00,290.44
12/3/2025,12:00,289.547
12/3/2025,18:00,296.27
12/4/2025,0:00,292.096
12/4/2025,6:00,289.105
12/4/2025,12:00,287.83
12/4/2025,18:00,295.148
12/5/2025,0:00,294.254
12/5/2025,6:00,290.538
12/5/2025,12:00,290.139
12/5/2025,18:00,298.577
12/6/2025,0:00,297.251
12/6/2025,6:00,294.695
12/6/2025,12:00,294.05
12/6/2025,18:00,300.924
12/7/2025,0:00,298.802
12/7/2025,6:00,296.227
12/7/2025,12:00,295.529
12/7/2025,18:00,303.337
12/8/2025,0:00,298.536
12/8/2025,6:00,296.172
12/8/2025,12:00,296.085
12/8/2025,18:00,296.98
12/9/2025,0:00,292.137
12/9/2025,6:00,292.145
12/9/2025,12:00,292.069
12/9/2025,18:00,294.616
12/10/2025,0:00,291.012
12/10/2025,6:00,291.102
12/10/2025,12:00,288.866
12/10/2025,18:00,288.618
12/11/2025,0:00,288.955
12/11/2025,6:00,287.283
12/11/2025,12:00,286.697
12/11/2025,18:00,293.527
12/12/2025,0:00,295.179
12/12/2025,6:00,291.637
12/12/2025,12:00,290.975
12/12/2025,18:00,292.522
12/13/2025,0:00,289.754
12/13/2025,6:00,288.932
12/13/2025,12:00,288.616
12/13/2025,18:00,295.927
12/14/2025,0:00,294.882
12/14/2025,6:00,292.822
12/14/2025,12:00,292.268
12/14/2025,18:00,298.855
12/15/2025,0:00,297.449
12/15/2025,6:00,295.304
12/15/2025,12:00,294.386
12/15/2025,18:00,300.519
12/16/2025,0:00,293.429
12/16/2025,6:00,291.413
12/16/2025,12:00,289.87
12/16/2025,18:00,293.227
12/17/2025,0:00,289.74
12/17/2025,6:00,286.47
12/17/2025,12:00,285.494
12/17/2025,18:00,293.032
12/18/2025,0:00,290.588
12/18/2025,6:00,288.012
12/18/2025,12:00,287.673
12/18/2025,18:00,296.112
12/19/2025,0:00,294.629
12/19/2025,6:00,291.919
12/19/2025,12:00,290.688
12/19/2025,18:00,298.541
12/20/2025,0:00,295.335
12/20/2025,6:00,292.767
12/20/2025,12:00,292.29
12/20/2025,18:00,297.678
12/21/2025,0:00,298.365
12/21/2025,6:00,295.641
12/21/2025,12:00,295.833
12/21/2025,18:00,295.892
12/22/2025,0:00,292.425
12/22/2025,6:00,294.02
12/22/2025,12:00,294.21
12/22/2025,18:00,294.859
12/23/2025,0:00,294.198
12/23/2025,6:00,293.14
12/23/2025,12:00,293.71
12/23/2025,18:00,297.685
12/24/2025,0:00,294.265
12/24/2025,6:00,294.051
12/24/2025,12:00,293.611
12/24/2025,18:00,295.42
12/25/2025,0:00,295.733
12/25/2025,6:00,294.825
12/25/2025,12:00,294.279
12/25/2025,18:00,294.882
12/26/2025,0:00,293.773
12/26/2025,6:00,292.82
12/26/2025,12:00,292.771
12/26/2025,18:00,297.314
12/27/2025,0:00,295.581
12/27/2025,6:00,294.324
12/27/2025,12:00,293.973
12/27/2025,18:00,299.839
12/28/2025,0:00,296.317
12/28/2025,6:00,293.744
12/28/2025,12:00,294.426
12/28/2025,18:00,299.517
12/29/2025,0:00,295.2
12/29/2025,6:00,293.248
12/29/2025,12:00,293.65
12/29/2025,18:00,296.706
12/30/2025,0:00,294.226
12/30/2025,6:00,293.751
12/30/2025,12:00,293.732
12/30/2025,18:00,295.153
12/31/2025,0:00,295.464
12/31/2025,6:00,293.936
12/31/2025,12:00,293.323
12/31/2025,18:00,296.733
1/1/2026,0:00,294.946
1/1/2026,6:00,294.123
1/1/2026,12:00,293.691
1/1/2026,18:00,297.671
1/2/2026,0:00,295.919
1/2/2026,6:00,293.594
1/2/2026,12:00,292.963
1/2/2026,18:00,298.424
1/3/2026,0:00,295.816
1/3/2026,6:00,293.43
1/3/2026,12:00,292.758
1/3/2026,18:00,293.155
1/4/2026,0:00,290.585
1/4/2026,6:00,284.561
1/4/2026,12:00,284.145
1/4/2026,18:00,289.445
1/5/2026,0:00,286.058
1/5/2026,6:00,284.082
1/5/2026,12:00,283.316
1/5/2026,18:00,290.313
1/6/2026,0:00,288.757
1/6/2026,6:00,286.552
1/6/2026,12:00,286.061
1/6/2026,18:00,293.343
1/7/2026,0:00,293.746
1/7/2026,6:00,291.82
1/7/2026,12:00,291.182
1/7/2026,18:00,297.165
1/8/2026,0:00,294.85
1/8/2026,6:00,292.888
1/8/2026,12:00,291.538
1/8/2026,18:00,297.453
1/9/2026,0:00,293.431
1/9/2026,6:00,292.703
1/9/2026,12:00,292.126
1/9/2026,18:00,297.517
1/10/2026,0:00,294.007
1/10/2026,6:00,292.587
1/10/2026,12:00,292.206
1/10/2026,18:00,294.628
1/11/2026,0:00,292.441
1/11/2026,6:00,291.383
1/11/2026,12:00,291.34
1/11/2026,18:00,293.282
1/12/2026,0:00,288.973
1/12/2026,6:00,287.29
1/12/2026,12:00,286.664
1/12/2026,18:00,292.286
1/13/2026,0:00,291.769
1/13/2026,6:00,289.801
1/13/2026,12:00,289.091
1/13/2026,18:00,295.601
1/14/2026,0:00,294.245
1/14/2026,6:00,292.007
1/14/2026,12:00,291.087
1/14/2026,18:00,296.959
1/15/2026,0:00,295.028
1/15/2026,6:00,293.156
1/15/2026,12:00,292.569
1/15/2026,18:00,298.53
1/16/2026,0:00,295.875
1/16/2026,6:00,294.209
1/16/2026,12:00,293.186
1/22/2026,6:00,287.642
1/22/2026,12:00,287.448
1/22/2026,18:00,293.587
1/23/2026,0:00,291.813
1/23/2026,6:00,288.615
1/23/2026,12:00,287.523
1/23/2026,18:00,294.513
1/24/2026,0:00,291.407
1/24/2026,6:00,288.474
1/24/2026,12:00,287.778
1/24/2026,18:00,294.666
1/25/2026,0:00,293.187
1/25/2026,6:00,291.303
1/25/2026,12:00,290.117
1/25/2026,18:00,296.242
1/26/2026,0:00,294.732
1/26/2026,6:00,292.464
1/26/2026,12:00,291.253
1/26/2026,18:00,296.707
1/27/2026,0:00,295.651
1/27/2026,6:00,293.747
1/27/2026,12:00,293.453
1/27/2026,18:00,299.471
1/28/2026,0:00,296.478
1/28/2026,6:00,294.172
1/28/2026,12:00,293.352
1/28/2026,18:00,299.522
1/29/2026,0:00,293.825
1/29/2026,6:00,292.162
1/29/2026,12:00,292.241
1/29/2026,18:00,298.314
1/30/2026,0:00,292.465
1/30/2026,6:00,289.295
1/30/2026,12:00,288.601
1/30/2026,18:00,294.485
1/31/2026,0:00,292.711
1/31/2026,6:00,290.005
1/31/2026,12:00,289.197
1/31/2026,18:00,295.321
2/1/2026,0:00,292.42
2/1/2026,6:00,289.647
2/1/2026,12:00,289.336
2/1/2026,18:00,296.68
2/2/2026,0:00,293.279
2/2/2026,6:00,289.684
2/2/2026,12:00,288.708
2/2/2026,18:00,296.038
2/3/2026,0:00,293.23
2/3/2026,6:00,290.665
2/3/2026,12:00,290.453
2/3/2026,18:00,295.6
2/4/2026,0:00,294.707
2/4/2026,6:00,291.829
2/4/2026,12:00,290.765
2/4/2026,18:00,297.517
2/5/2026,0:00,294.576
2/5/2026,6:00,292.63
2/5/2026,12:00,291.896
2/5/2026,18:00,298.547
2/6/2026,0:00,295.561
2/6/2026,6:00,293.203
2/6/2026,12:00,292.355
2/6/2026,18:00,300.201
2/7/2026,0:00,297.462
2/7/2026,6:00,292.547
2/7/2026,12:00,291.668
2/7/2026,18:00,297.398
2/8/2026,0:00,292.958
2/8/2026,6:00,288.918
2/8/2026,12:00,287.643
2/8/2026,18:00,294.344
2/9/2026,0:00,293.894
2/9/2026,6:00,290.151
2/9/2026,12:00,289.9
2/9/2026,18:00,298.171
2/10/2026,0:00,296.774
2/10/2026,6:00,293.83
2/10/2026,12:00,293.149
2/10/2026,18:00,300.607
2/11/2026,0:00,296.755
2/11/2026,6:00,294.217
2/11/2026,12:00,293.166
2/11/2026,18:00,301.256
2/12/2026,0:00,298.665
2/12/2026,6:00,295.945
2/12/2026,12:00,295.287
2/12/2026,18:00,302.986
2/13/2026,0:00,293.672
2/13/2026,6:00,291.592
2/13/2026,12:00,291.472
2/13/2026,18:00,296.618
2/14/2026,0:00,298.749
2/14/2026,6:00,293.931
2/14/2026,12:00,292.819
2/14/2026,18:00,298.321
2/15/2026,0:00,293.462
2/15/2026,6:00,293.287
2/15/2026,12:00,293.583
2/15/2026,18:00,296.036
2/16/2026,0:00,294.294
2/16/2026,6:00,292.719
2/16/2026,12:00,292.76
2/16/2026,18:00,297.971
2/17/2026,0:00,296.114
2/17/2026,6:00,294.384
2/17/2026,12:00,294.274
2/17/2026,18:00,298.789
2/18/2026,0:00,295.428
2/18/2026,6:00,292.817
2/18/2026,12:00,293.075
2/18/2026,18:00,299.905
2/19/2026,0:00,298.042
2/19/2026,6:00,294.584
2/19/2026,12:00,293.515
2/19/2026,18:00,300.45
2/20/2026,0:00,298.016
2/20/2026,6:00,292.433
2/20/2026,12:00,291.543
2/20/2026,18:00,295.062
2/21/2026,0:00,295.395
2/21/2026,6:00,290.429
2/21/2026,12:00,289.346
2/21/2026,18:00,296.422
2/22/2026,0:00,297.493
2/22/2026,6:00,293.04
2/22/2026,12:00,292.579
2/22/2026,18:00,296.954
2/23/2026,0:00,295.468
2/23/2026,6:00,294.693
2/23/2026,12:00,292.161
2/23/2026,18:00,294.287
2/24/2026,0:00,292.921
2/24/2026,6:00,292.371
2/24/2026,12:00,292.11
2/24/2026,18:00,296.004
2/25/2026,0:00,293.447
2/25/2026,6:00,291.993
2/25/2026,12:00,291.34
2/25/2026,18:00,295.633
2/26/2026,0:00,292.382
2/26/2026,6:00,288.613
2/26/2026,12:00,287.127
2/26/2026,18:00,293.3
2/27/2026,0:00,289.417
2/27/2026,6:00,285.702
2/27/2026,12:00,284.417
2/28/2026,0:00,291.104
2/28/2026,6:00,287.563
2/28/2026,12:00,286.678
2/28/2026,18:00,295.754
3/1/2026,0:00,294.147
3/1/2026,6:00,288.453
3/1/2026,12:00,287.486
3/1/2026,18:00,296.379
3/2/2026,6:00,289.184
3/2/2026,12:00,289.015
3/2/2026,18:00,298.845
3/3/2026,0:00,298.652
3/3/2026,6:00,293.912
3/3/2026,12:00,292.015
3/3/2026,18:00,300.776
3/4/2026,0:00,298.651
3/4/2026,6:00,294.726
3/4/2026,12:00,294.171
3/4/2026,18:00,299.127
3/5/2026,0:00,296.982
3/5/2026,6:00,293.172
3/5/2026,12:00,292.698
3/5/2026,18:00,299.733
3/6/2026,0:00,296.741
3/6/2026,6:00,292.764
3/6/2026,12:00,292.536
3/6/2026,18:00,299.041
3/7/2026,0:00,292.337
3/7/2026,6:00,291.658
3/7/2026,12:00,292.022
3/7/2026,18:00,296.016
3/8/2026,0:00,293.881
3/8/2026,6:00,291.377
3/8/2026,12:00,290.353
3/8/2026,18:00,295.678
3/9/2026,0:00,294.251
3/9/2026,6:00,290.179
3/9/2026,12:00,289.209
3/9/2026,18:00,292.795
3/10/2026,0:00,292.953
3/10/2026,6:00,291.33
3/10/2026,12:00,291.094
3/10/2026,18:00,295.845
3/11/2026,0:00,293.463
3/11/2026,6:00,292.209
3/11/2026,12:00,291.843
3/11/2026,18:00,296.329
3/12/2026,0:00,292.124
3/12/2026,6:00,291.41
3/12/2026,12:00,290.58
3/12/2026,18:00,295.811
3/13/2026,0:00,294.666
3/13/2026,6:00,290.228
3/13/2026,12:00,289.351
3/13/2026,18:00,296.416
3/14/2026,0:00,295.444
3/14/2026,6:00,289.348
3/14/2026,12:00,287.871
3/14/2026,18:00,296.328
3/15/2026,0:00,294.301
3/15/2026,6:00,290.363
3/15/2026,12:00,290.115
3/15/2026,18:00,299.093
3/16/2026,0:00,296.455
3/16/2026,6:00,294.8
3/16/2026,12:00,294.322
3/16/2026,18:00,299.353
3/17/2026,0:00,293.077
3/17/2026,6:00,293.416
3/17/2026,12:00,292.367
3/17/2026,18:00,294.319
3/18/2026,0:00,292.561
3/18/2026,6:00,292.452
3/18/2026,12:00,292.095
3/18/2026,18:00,296.058
3/19/2026,0:00,294.242
3/19/2026,6:00,292.625
3/19/2026,12:00,291.583
3/19/2026,18:00,297.371
3/20/2026,0:00,295.058
3/20/2026,6:00,291.257
3/20/2026,12:00,290.982
3/20/2026,18:00,299.255
3/21/2026,0:00,297.089
3/21/2026,6:00,294.295
3/21/2026,12:00,294.246
3/21/2026,18:00,300.361
3/22/2026,0:00,296.723
3/22/2026,6:00,292.785
3/22/2026,12:00,292.95
3/22/2026,18:00,295.404
3/23/2026,0:00,295.913
3/23/2026,6:00,294.586
3/23/2026,12:00,294.333
3/23/2026,18:00,298.562
3/24/2026,0:00,294.2
3/24/2026,6:00,293.512
3/24/2026,12:00,292.609
3/24/2026,18:00,292.433
3/25/2026,0:00,293.038
3/25/2026,6:00,292.714
3/25/2026,12:00,293.092
3/25/2026,18:00,297.041
3/26/2026,0:00,295.635
3/26/2026,6:00,293.277
3/26/2026,12:00,293.046
3/26/2026,18:00,298.416
3/27/2026,0:00,296.616
3/27/2026,6:00,294.516
3/27/2026,12:00,294.058
3/27/2026,18:00,299.902
3/28/2026,0:00,297.99
3/28/2026,6:00,296.278
3/28/2026,12:00,295.059
3/28/2026,18:00,300.496
3/29/2026,0:00,298.018
3/29/2026,6:00,295.68
3/29/2026,12:00,294.824
3/29/2026,18:00,301.005
3/30/2026,0:00,299.565
3/30/2026,6:00,295.781
3/30/2026,12:00,294.807
3/30/2026,18:00,300.941
3/31/2026,0:00,297.571
3/31/2026,6:00,294.03
3/31/2026,12:00,292.861
3/31/2026,18:00,298.719
4/1/2026,0:00,298.22
4/1/2026,6:00,291.741
4/1/2026,12:00,291
4/1/2026,18:00,297.24
4/2/2026,0:00,297.847
4/2/2026,6:00,294.221
4/2/2026,12:00,293.088
4/2/2026,18:00,297.617
4/3/2026,0:00,296.415
4/3/2026,6:00,293.576
4/3/2026,18:00,298.92
4/4/2026,0:00,299.528
4/4/2026,6:00,293.754
4/4/2026,12:00,293.219
4/4/2026,18:00,300.708
4/5/2026,0:00,297.1
4/5/2026,6:00,292.558
4/5/2026,12:00,291.937
4/5/2026,18:00,296.802
4/6/2026,6:00,291.817
4/6/2026,12:00,291.712
4/6/2026,18:00,296.71
4/7/2026,0:00,294.375
4/7/2026,6:00,293.17
4/7/2026,12:00,293.38
4/7/2026,18:00,295.063
4/8/2026,0:00,291.602
4/8/2026,6:00,290.272
4/8/2026,12:00,289.658
4/8/2026,18:00,289.822
4/9/2026,0:00,289.839
4/9/2026,6:00,289.295
4/9/2026,12:00,288.888
4/9/2026,18:00,289.876
4/10/2026,0:00,288.376
4/10/2026,6:00,285.547
4/10/2026,12:00,284.623
4/10/2026,18:00,290.489
4/11/2026,0:00,288.28
4/11/2026,6:00,286.401
4/11/2026,12:00,286.385
4/11/2026,18:00,293.459
4/12/2026,0:00,292.675
4/12/2026,6:00,290.762
4/12/2026,12:00,289.907
4/12/2026,18:00,290.49
4/13/2026,0:00,290.502
4/13/2026,6:00,289.369
4/13/2026,12:00,290.326
4/13/2026,18:00,293.1
4/14/2026,0:00,293.641
4/14/2026,6:00,291.676
4/14/2026,12:00,291.252
4/14/2026,18:00,296.182
4/15/2026,0:00,295.038
4/15/2026,6:00,293.035
4/15/2026,12:00,292.216
4/15/2026,18:00,295.904
4/16/2026,0:00,294.8
4/16/2026,6:00,292.632
4/16/2026,12:00,291.937
4/16/2026,18:00,293.019
4/17/2026,0:00,291.739
4/17/2026,6:00,289.401
4/17/2026,12:00,289.057
4/17/2026,18:00,291.213
4/18/2026,0:00,289.773
4/18/2026,6:00,288.108
4/18/2026,12:00,287.101
4/18/2026,18:00,291.83
4/19/2026,0:00,290.534
4/19/2026,6:00,288.607
4/19/2026,12:00,288.124
4/19/2026,18:00,294.547
4/20/2026,0:00,293.661
4/20/2026,6:00,290.701
4/20/2026,12:00,289.78
4/20/2026,18:00,295.428
4/21/2026,0:00,292.783
4/21/2026,6:00,291.207
4/21/2026,12:00,289.833
4/21/2026,18:00,291.532
4/22/2026,0:00,294.379
4/22/2026,6:00,292.266
4/22/2026,12:00,291.184
4/22/2026,18:00,295.675
4/23/2026,0:00,293.515
4/23/2026,6:00,292.055
4/23/2026,12:00,291.255
4/23/2026,18:00,295.088
4/24/2026,0:00,292
4/24/2026,6:00,291.133
4/24/2026,12:00,290.979
4/24/2026,18:00,291.523
4/25/2026,0:00,291.268
4/25/2026,6:00,291.345
4/25/2026,12:00,291.401
4/25/2026,18:00,291.89
4/26/2026,0:00,291.891
4/26/2026,6:00,291.523
4/26/2026,12:00,291.098
4/26/2026,18:00,292.5
4/27/2026,0:00,291.877
4/27/2026,6:00,286.994
4/27/2026,12:00,283.375
4/27/2026,18:00,284.447
4/28/2026,0:00,282.883
4/28/2026,6:00,280.23
4/28/2026,12:00,279.357
4/28/2026,18:00,284.2
4/29/2026,0:00,284.765
4/29/2026,6:00,283.902
4/29/2026,12:00,283.5
4/29/2026,18:00,288.9
4/30/2026,0:00,288.016
4/30/2026,6:00,285.915
4/30/2026,12:00,285.085
4/30/2026,18:00,290.202
5/1/2026,0:00,290.702
5/1/2026,6:00,290.37
5/1/2026,12:00,290.246
5/1/2026,18:00,294.177
5/2/2026,0:00,295.662
5/2/2026,6:00,293.3
5/2/2026,12:00,292.317
5/2/2026,18:00,292.398
5/3/2026,0:00,286.653
5/3/2026,6:00,282.532
5/3/2026,12:00,280.682
5/3/2026,18:00,284.151
5/4/2026,0:00,286.842
5/4/2026,6:00,286.707
5/4/2026,12:00,287.361
5/4/2026,18:00,290.539
5/5/2026,0:00,292.2
5/5/2026,6:00,291.083
5/5/2026,12:00,290.766
5/5/2026,18:00,294.51
5/6/2026,0:00,295.2
5/6/2026,6:00,293.225
5/6/2026,12:00,292.521
5/6/2026,18:00,296.015
5/7/2026,0:00,297.109
5/7/2026,6:00,295.232
5/7/2026,12:00,294.601
5/7/2026,18:00,295.844
5/8/2026,0:00,297.268
5/8/2026,6:00,285.921
5/8/2026,12:00,283.396
5/8/2026,18:00,284.743
5/9/2026,0:00,284.209
5/9/2026,6:00,280.455
5/9/2026,12:00,279.023
5/9/2026,18:00,282.018
5/10/2026,0:00,279.999
5/10/2026,6:00,278.217
5/10/2026,12:00,276.69
5/10/2026,18:00,279.9
5/11/2026,0:00,279.055
5/11/2026,6:00,277.256
5/11/2026,12:00,276.2
5/11/2026,18:00,280.219
5/12/2026,0:00,280.989
5/12/2026,6:00,279.524
5/12/2026,12:00,278.673
5/12/2026,18:00,283.433
5/13/2026,0:00,283.804
5/13/2026,6:00,282.505
5/13/2026,12:00,282.247
5/13/2026,18:00,285.479
5/14/2026,0:00,285.988
5/14/2026,6:00,284.239
5/14/2026,12:00,282.909
5/14/2026,18:00,287.142
5/15/2026,0:00,287.586
5/15/2026,6:00,285.701
5/15/2026,12:00,284.3
5/15/2026,18:00,286.943
5/16/2026,0:00,287.179
5/16/2026,6:00,286.541
5/16/2026,12:00,286.223
5/16/2026,18:00,288.725
5/17/2026,0:00,289.478
5/17/2026,6:00,287.673
5/17/2026,12:00,287.075
5/17/2026,18:00,289.555
5/18/2026,0:00,286.684
5/18/2026,6:00,284.875
5/18/2026,12:00,283.751
5/19/2026,0:00,282.81
5/19/2026,6:00,280.508
5/19/2026,12:00,279.365
5/19/2026,18:00,283.283
5/20/2026,0:00,282.233
5/20/2026,6:00,279.633
5/20/2026,12:00,278.039
5/20/2026,18:00,282.477
5/21/2026,0:00,281.456
5/21/2026,6:00,279.397
5/21/2026,12:00,278.1
5/21/2026,18:00,282.261
5/22/2026,0:00,281.398
5/22/2026,6:00,279.017
5/22/2026,12:00,278.9
5/22/2026,18:00,282.77
5/23/2026,0:00,283.898
5/23/2026,6:00,282.019
5/23/2026,12:00,282.442
5/23/2026,18:00,285.699
5/24/2026,0:00,285.611
5/24/2026,6:00,283.84
5/24/2026,12:00,282.58
5/24/2026,18:00,286.214
5/25/2026,0:00,287.467
5/25/2026,6:00,286.844
5/25/2026,12:00,287.115
5/25/2026,18:00,289.3
5/26/2026,0:00,289.624
5/26/2026,6:00,289.313
5/26/2026,12:00,289.376
5/26/2026,18:00,289.791
5/27/2026,0:00,288.3
5/27/2026,6:00,285.049
5/27/2026,12:00,284.206
5/27/2026,18:00,286.853
5/28/2026,0:00,286.269
5/28/2026,6:00,284.07
5/28/2026,12:00,283.746
5/28/2026,18:00,288.082
5/29/2026,0:00,288.968
5/29/2026,6:00,287.926
5/29/2026,12:00,287.341
5/29/2026,18:00,290.301
5/30/2026,0:00,288.238
5/30/2026,6:00,287.028
5/30/2026,12:00,286.383
5/30/2026,18:00,289.157
5/31/2026,0:00,290.877
5/31/2026,6:00,289.159
5/31/2026,12:00,286.983
5/31/2026,18:00,288.503
6/1/2026,0:00,286.895
6/1/2026,6:00,284.056
6/1/2026,12:00,282.8
6/1/2026,18:00,286.15
6/2/2026,0:00,286.041
6/2/2026,6:00,283.619
6/2/2026,12:00,282.979
6/2/2026,18:00,286.742
6/3/2026,0:00,287.559
6/3/2026,6:00,286.401
6/3/2026,12:00,285.6
6/3/2026,18:00,288.69
6/4/2026,0:00,288.797
6/4/2026,6:00,286.359
6/4/2026,12:00,284.993
6/4/2026,18:00,288.476
6/5/2026,0:00,288.594
6/5/2026,6:00,287.453
6/5/2026,12:00,285.6
6/5/2026,18:00,289.128
6/6/2026,0:00,289.053
6/6/2026,6:00,287.125
6/6/2026,12:00,285.818
6/6/2026,18:00,289.1
6/7/2026,0:00,290.365
6/7/2026,6:00,288.4
6/7/2026,12:00,286.959
6/7/2026,18:00,289.988
6/8/2026,0:00,289.831
6/8/2026,6:00,287.515
6/8/2026,12:00,287.324
6/8/2026,18:00,288.703
6/9/2026,0:00,287.483
6/9/2026,6:00,285.3
6/9/2026,12:00,283.706
6/9/2026,18:00,285.283
6/10/2026,0:00,284.938
6/10/2026,6:00,283.23
6/10/2026,12:00,283
6/10/2026,18:00,285.909
6/11/2026,0:00,286.863
6/11/2026,6:00,287.997
6/11/2026,12:00,288.216
6/11/2026,18:00,288.541
6/12/2026,0:00,288.832
6/12/2026,6:00,287.7
6/12/2026,12:00,284.624
6/12/2026,18:00,284.557
6/13/2026,0:00,284.675
6/13/2026,6:00,283.317
6/13/2026,12:00,283.683
6/13/2026,18:00,284.849
6/14/2026,0:00,284.403
6/14/2026,6:00,282.747
6/14/2026,12:00,281.094
6/14/2026,18:00,283.597
6/15/2026,0:00,282.109
6/15/2026,6:00,280.03
6/15/2026,12:00,278.364
6/15/2026,18:00,281.435
6/16/2026,0:00,281.3
6/16/2026,6:00,278.802
6/16/2026,12:00,278.063
6/16/2026,18:00,281.542
6/17/2026,0:00,282.622
6/17/2026,6:00,281.608
6/17/2026,12:00,280.886
6/17/2026,18:00,284.108
6/18/2026,0:00,283.5
6/18/2026,6:00,282.694
6/18/2026,12:00,282.509
6/18/2026,18:00,285.277
6/19/2026,0:00,287.743
6/19/2026,6:00,287.166
6/19/2026,12:00,284.278
6/19/2026,18:00,284.851
6/20/2026,0:00,284.643
6/20/2026,6:00,282.548
6/20/2026,12:00,281.824
6/20/2026,18:00,282.488
6/21/2026,0:00,283.184
6/21/2026,6:00,279.971
6/21/2026,12:00,279.848
6/21/2026,18:00,282.886
6/22/2026,0:00,284.537
6/22/2026,6:00,284.626
6/22/2026,12:00,284.496
6/22/2026,18:00,283.6
6/23/2026,0:00,280.528
6/23/2026,6:00,278.3
6/23/2026,12:00,276.433
6/23/2026,18:00,278.648
6/24/2026,0:00,277.738
6/24/2026,6:00,276.7
6/24/2026,12:00,275.272
6/24/2026,18:00,278.277
6/25/2026,0:00,279.282
6/25/2026,6:00,277.666
6/25/2026,12:00,277.106
6/25/2026,18:00,280.226
6/26/2026,0:00,279.825
6/26/2026,6:00,278.372
6/26/2026,12:00,277.482
6/26/2026,18:00,281.009
6/27/2026,0:00,283.545
6/27/2026,6:00,283.49
6/27/2026,12:00,283.291
6/27/2026,18:00,286.72
6/28/2026,0:00,288.994
6/28/2026,6:00,288.413
6/28/2026,12:00,288.317
6/28/2026,18:00,289.211
6/29/2026,0:00,287.319
6/29/2026,6:00,285.021
6/29/2026,12:00,281.235
6/29/2026,18:00,283.077
6/30/2026,0:00,283.208
6/30/2026,6:00,282.319
6/30/2026,12:00,283.219
6/30/2026,18:00,286.361
7/1/2026,0:00,288.058
7/1/2026,6:00,287.221
7/1/2026,12:00,287.98
7/1/2026,18:00,289.749
7/2/2026,0:00,290.25
7/2/2026,6:00,289.649
7/2/2026,12:00,287.065
7/2/2026,18:00,284.933
7/3/2026,0:00,281.631
7/3/2026,6:00,278.452
7/3/2026,12:00,275.145
7/3/2026,18:00,275.945
7/4/2026,0:00,276.658
7/4/2026,6:00,274.852
7/4/2026,12:00,274.8
7/4/2026,18:00,278.414
7/5/2026,0:00,282.212
7/5/2026,6:00,281.121
7/5/2026,12:00,281.361
7/5/2026,18:00,285.239
7/6/2026,0:00,287.568
7/6/2026,6:00,284.461
7/6/2026,12:00,282.164
7/6/2026,18:00,281.833
7/7/2026,0:00,278.933
7/7/2026,6:00,276.137
7/7/2026,12:00,275.345
7/7/2026,18:00,278.696
7/8/2026,0:00,279.236
7/8/2026,6:00,278.2
7/8/2026,12:00,277.939
7/8/2026,18:00,281.247
7/9/2026,0:00,283.345
7/9/2026,6:00,281.735
7/9/2026,12:00,281.588
7/9/2026,18:00,285.336
7/10/2026,0:00,287.339
7/10/2026,6:00,287.373
7/10/2026,12:00,287.107
7/10/2026,18:00,289.132
7/11/2026,0:00,289.235
7/11/2026,6:00,288.836
7/11/2026,12:00,288.208
7/11/2026,18:00,289.871
7/12/2026,0:00,287.312
7/12/2026,6:00,284.476
7/12/2026,12:00,282.364
7/12/2026,18:00,283.565
7/13/2026,0:00,280.265
7/13/2026,6:00,278.102
7/13/2026,12:00,278.298
7/13/2026,18:00,281.161
7/14/2026,0:00,280.881
7/14/2026,6:00,279.661
7/14/2026,12:00,279.461
7/14/2026,18:00,282.261
7/15/2026,0:00,283.181
7/15/2026,6:00,282.939
7/15/2026,12:00,282.174
7/15/2026,18:00,284.661
7/16/2026,0:00,286.842
7/16/2026,6:00,286.9
7/16/2026,12:00,285.971
7/16/2026,18:00,288.3
7/17/2026,0:00,292.057
7/17/2026,6:00,291.456
7/17/2026,12:00,291.517
7/17/2026,18:00,293.4
7/18/2026,0:00,294.576
7/18/2026,6:00,294.07
7/18/2026,12:00,292.767
7/18/2026,18:00,294.254
7/19/2026,0:00,294.108
7/19/2026,6:00,292.954
7/19/2026,12:00,292.1
7/19/2026,18:00,293.13
7/20/2026,0:00,292.412
7/20/2026,6:00,290.676
7/20/2026,12:00,290
7/20/2026,18:00,292.765
7/21/2026,0:00,292.182
7/21/2026,6:00,290.258
7/21/2026,12:00,289.91
7/21/2026,18:00,291.555
7/22/2026,0:00,291.73
7/22/2026,6:00,290.106
7/22/2026,12:00,289.026
7/22/2026,18:00,288.673
7/23/2026,0:00,287.569
7/23/2026,6:00,287.069
7/23/2026,12:00,285.638
7/23/2026,18:00,286.243
7/24/2026,0:00,285.1
7/24/2026,6:00,283.013
7/24/2026,12:00,283.083
7/24/2026,18:00,286.937
7/25/2026,0:00,288.199
7/25/2026,6:00,287.138
7/25/2026,12:00,286.5
7/25/2026,18:00,289.3
7/26/2026,0:00,289.767
7/26/2026,6:00,289.884
7/26/2026,12:00,290.208
7/26/2026,18:00,290.599
7/27/2026,0:00,291.9
7/27/2026,6:00,290.1
7/27/2026,12:00,290.017
7/27/2026,18:00,292.174
7/28/2026,0:00,292.351
7/28/2026,6:00,292.43
7/28/2026,12:00,291.962
7/28/2026,18:00,291.599
7/29/2026,0:00,293.612
7/29/2026,6:00,291.136
7/29/2026,12:00,288.502
7/29/2026,18:00,290.643
7/30/2026,0:00,289.222
7/30/2026,6:00,287.6
7/30/2026,12:00,287.51
7/30/2026,18:00,289.379
7/31/2026,0:00,292.129
7/31/2026,6:00,291.221
7/31/2026,12:00,290.729
7/31/2026,18:00,292.203
8/1/2026,0:00,293.917
8/1/2026,6:00,291.052
8/1/2026,12:00,290.756
8/1/2026,18:00,292.177
