"Date","Time","Downward shortwave radiation flux@Ground or water surface"
6/13/2019,0:00,23
6/13/2019,6:00,0
6/13/2019,12:00,10
6/13/2019,18:00,306
6/14/2019,0:00,87
6/14/2019,6:00,0
6/14/2019,12:00,12
6/14/2019,18:00,189
6/15/2019,0:00,41
6/15/2019,6:00,0
6/15/2019,12:00,13
6/15/2019,18:00,247
6/16/2019,0:00,64
6/16/2019,6:00,0
6/16/2019,12:00,17
6/16/2019,18:00,305
6/17/2019,0:00,3
6/17/2019,6:00,0
6/17/2019,12:00,4
6/17/2019,18:00,327
6/18/2019,0:00,56
6/18/2019,6:00,0
6/18/2019,12:00,17
6/18/2019,18:00,187
6/19/2019,0:00,6
6/19/2019,6:00,0
6/19/2019,12:00,20
6/19/2019,18:00,486
6/20/2019,0:00,99
6/20/2019,6:00,0
6/20/2019,12:00,19
6/20/2019,18:00,486
6/21/2019,0:00,99
6/21/2019,6:00,0
6/21/2019,12:00,20
6/21/2019,18:00,444
6/22/2019,0:00,69
6/22/2019,6:00,0
6/22/2019,12:00,14
6/22/2019,18:00,412
6/23/2019,0:00,46
6/23/2019,6:00,0
6/23/2019,12:00,18
6/23/2019,18:00,466
6/24/2019,0:00,86
6/24/2019,6:00,0
6/24/2019,12:00,11
6/24/2019,18:00,239
6/25/2019,0:00,74
6/25/2019,6:00,0
6/25/2019,12:00,3
6/25/2019,18:00,79
6/26/2019,0:00,5
6/26/2019,6:00,0
6/26/2019,12:00,18
6/26/2019,18:00,503
6/27/2019,0:00,105
6/27/2019,6:00,0
6/27/2019,12:00,19
6/27/2019,18:00,485
6/28/2019,0:00,99
6/28/2019,6:00,0
6/28/2019,12:00,15
6/28/2019,18:00,253
6/29/2019,0:00,7
6/29/2019,6:00,0
6/29/2019,12:00,16
6/29/2019,18:00,306
6/30/2019,0:00,44
6/30/2019,6:00,0
6/30/2019,12:00,2
6/30/2019,18:00,148
7/1/2019,0:00,65
7/1/2019,6:00,0
7/1/2019,12:00,4
7/1/2019,18:00,356
7/2/2019,0:00,93
7/2/2019,6:00,0
7/2/2019,12:00,19
7/2/2019,18:00,490
7/3/2019,0:00,76
7/3/2019,6:00,0
7/3/2019,12:00,19
7/3/2019,18:00,498
7/4/2019,0:00,106
7/4/2019,6:00,0
7/4/2019,12:00,19
7/4/2019,18:00,486
7/5/2019,0:00,103
7/5/2019,6:00,0
7/5/2019,12:00,20
7/5/2019,18:00,507
7/6/2019,0:00,108
7/6/2019,6:00,0
7/6/2019,12:00,19
7/6/2019,18:00,507
7/7/2019,0:00,109
7/7/2019,6:00,0
7/7/2019,12:00,19
7/7/2019,18:00,506
7/8/2019,0:00,110
7/8/2019,6:00,0
7/8/2019,12:00,19
7/8/2019,18:00,502
7/9/2019,0:00,109
7/9/2019,6:00,0
7/9/2019,12:00,15
7/9/2019,18:00,438
7/10/2019,0:00,90
7/10/2019,6:00,0
7/10/2019,12:00,12
7/10/2019,18:00,126
7/11/2019,0:00,26
7/11/2019,6:00,0
7/11/2019,12:00,5
7/11/2019,18:00,222
7/12/2019,0:00,90
7/12/2019,6:00,0
7/12/2019,12:00,2
7/12/2019,18:00,58
7/13/2019,0:00,99
7/13/2019,6:00,0
7/13/2019,12:00,12
7/13/2019,18:00,122
7/14/2019,0:00,20
7/14/2019,6:00,0
7/14/2019,12:00,15
7/14/2019,18:00,422
7/15/2019,0:00,104
7/15/2019,6:00,0
7/15/2019,12:00,20
7/15/2019,18:00,504
7/16/2019,0:00,113
7/16/2019,6:00,0
7/16/2019,12:00,21
7/16/2019,18:00,520
7/17/2019,0:00,118
7/17/2019,6:00,0
7/17/2019,12:00,21
7/17/2019,18:00,525
7/18/2019,0:00,119
7/18/2019,6:00,0
7/18/2019,12:00,21
7/18/2019,18:00,520
7/19/2019,0:00,113
7/19/2019,6:00,0
7/19/2019,12:00,18
7/19/2019,18:00,323
7/20/2019,0:00,70
7/20/2019,6:00,0
7/20/2019,12:00,20
7/20/2019,18:00,457
7/21/2019,0:00,77
7/21/2019,6:00,0
7/21/2019,12:00,20
7/21/2019,18:00,495
7/22/2019,0:00,94
7/22/2019,6:00,0
7/22/2019,12:00,6
7/22/2019,18:00,251
7/23/2019,0:00,34
7/23/2019,6:00,0
7/23/2019,12:00,1
7/23/2019,18:00,109
7/24/2019,0:00,8
7/24/2019,6:00,0
7/24/2019,12:00,2
7/24/2019,18:00,39
7/25/2019,0:00,5
7/25/2019,6:00,0
7/25/2019,12:00,1
7/25/2019,18:00,44
7/26/2019,0:00,2
7/26/2019,6:00,0
7/26/2019,12:00,6
7/26/2019,18:00,243
7/27/2019,0:00,13
7/27/2019,6:00,0
7/27/2019,12:00,6
7/27/2019,18:00,373
7/28/2019,0:00,79
7/28/2019,6:00,0
7/28/2019,12:00,24
7/28/2019,18:00,362
7/29/2019,0:00,78
7/29/2019,6:00,0
7/29/2019,12:00,18
7/29/2019,18:00,118
7/30/2019,0:00,17
7/30/2019,6:00,0
7/30/2019,12:00,24
7/30/2019,18:00,543
7/31/2019,0:00,129
7/31/2019,6:00,0
7/31/2019,12:00,26
7/31/2019,18:00,549
8/1/2019,0:00,129
8/1/2019,6:00,0
8/1/2019,12:00,5
8/1/2019,18:00,162
8/2/2019,0:00,5
8/2/2019,6:00,0
8/2/2019,12:00,26
8/2/2019,18:00,576
8/3/2019,0:00,138
8/3/2019,6:00,0
8/3/2019,12:00,29
8/3/2019,18:00,575
8/4/2019,0:00,139
8/4/2019,6:00,0
8/4/2019,12:00,29
8/4/2019,18:00,581
8/5/2019,0:00,142
8/5/2019,6:00,0
8/5/2019,12:00,31
8/5/2019,18:00,592
8/6/2019,0:00,144
8/6/2019,6:00,0
8/6/2019,12:00,29
8/6/2019,18:00,564
8/7/2019,0:00,130
8/7/2019,6:00,0
8/7/2019,12:00,30
8/7/2019,18:00,477
8/8/2019,0:00,32
8/8/2019,6:00,0
8/8/2019,12:00,10
8/8/2019,18:00,296
8/9/2019,0:00,88
8/9/2019,6:00,0
8/9/2019,12:00,12
8/9/2019,18:00,178
8/10/2019,0:00,16
8/10/2019,6:00,0
8/10/2019,12:00,8
8/10/2019,18:00,179
8/11/2019,0:00,72
8/11/2019,6:00,0
8/11/2019,12:00,34
8/11/2019,18:00,537
8/12/2019,0:00,21
8/12/2019,6:00,0
8/12/2019,12:00,6
8/12/2019,18:00,135
8/13/2019,0:00,31
8/13/2019,6:00,0
8/13/2019,12:00,36
8/13/2019,18:00,603
8/14/2019,0:00,156
8/14/2019,6:00,0
8/14/2019,12:00,38
8/14/2019,18:00,637
8/15/2019,0:00,158
8/15/2019,6:00,0
8/15/2019,12:00,39
8/15/2019,18:00,623
8/16/2019,0:00,147
8/16/2019,6:00,0
8/16/2019,12:00,20
8/16/2019,18:00,493
8/17/2019,0:00,55
8/17/2019,6:00,0
8/17/2019,12:00,33
8/17/2019,18:00,575
8/18/2019,0:00,128
8/18/2019,6:00,0
8/18/2019,12:00,30
8/18/2019,18:00,618
8/19/2019,0:00,160
8/19/2019,6:00,0
8/19/2019,12:00,42
8/19/2019,18:00,647
8/20/2019,0:00,153
8/20/2019,6:00,0
8/20/2019,12:00,34
8/20/2019,18:00,637
8/21/2019,0:00,157
8/21/2019,6:00,0
8/21/2019,12:00,43
8/21/2019,18:00,643
8/22/2019,0:00,163
8/22/2019,6:00,0
8/22/2019,12:00,42
8/22/2019,18:00,637
8/23/2019,0:00,134
8/23/2019,6:00,0
8/23/2019,12:00,45
8/23/2019,18:00,661
8/24/2019,0:00,169
8/24/2019,6:00,0
8/24/2019,12:00,38
8/24/2019,18:00,571
8/25/2019,0:00,134
8/25/2019,6:00,0
8/25/2019,12:00,45
8/25/2019,18:00,613
8/26/2019,0:00,130
8/26/2019,6:00,0
8/26/2019,12:00,2
8/26/2019,18:00,303
8/27/2019,0:00,137
8/27/2019,6:00,0
8/27/2019,12:00,48
8/27/2019,18:00,654
8/28/2019,0:00,168
8/28/2019,6:00,0
8/28/2019,12:00,51
8/28/2019,18:00,678
8/29/2019,0:00,175
8/29/2019,6:00,0
8/29/2019,12:00,50
8/29/2019,18:00,668
8/30/2019,0:00,170
8/30/2019,6:00,0
8/30/2019,12:00,40
8/30/2019,18:00,285
8/31/2019,0:00,87
8/31/2019,6:00,0
8/31/2019,12:00,28
8/31/2019,18:00,637
9/1/2019,0:00,182
9/1/2019,6:00,0
9/1/2019,12:00,57
9/1/2019,18:00,709
9/2/2019,0:00,185
9/2/2019,6:00,0
9/2/2019,12:00,59
9/2/2019,18:00,711
9/3/2019,0:00,182
9/3/2019,6:00,0
9/3/2019,12:00,57
9/3/2019,18:00,642
9/4/2019,0:00,181
9/4/2019,6:00,0
9/4/2019,12:00,62
9/4/2019,18:00,732
9/5/2019,0:00,192
9/5/2019,6:00,0
9/5/2019,12:00,53
9/5/2019,18:00,726
9/6/2019,0:00,185
9/6/2019,6:00,0
9/6/2019,12:00,11
9/6/2019,18:00,184
9/7/2019,0:00,92
9/7/2019,6:00,0
9/7/2019,12:00,22
9/7/2019,18:00,383
9/8/2019,0:00,153
9/8/2019,6:00,0
9/8/2019,12:00,31
9/8/2019,18:00,231
9/9/2019,0:00,57
9/9/2019,6:00,0
9/9/2019,12:00,50
9/9/2019,18:00,350
9/10/2019,0:00,51
9/10/2019,6:00,0
9/10/2019,12:00,16
9/10/2019,18:00,189
9/11/2019,0:00,12
9/11/2019,6:00,0
9/11/2019,12:00,6
9/11/2019,18:00,47
9/12/2019,0:00,13
9/12/2019,6:00,0
9/12/2019,12:00,34
9/12/2019,18:00,376
9/13/2019,0:00,82
9/13/2019,6:00,0
9/13/2019,12:00,73
9/13/2019,18:00,703
9/14/2019,0:00,192
9/14/2019,6:00,0
9/14/2019,12:00,49
9/14/2019,18:00,411
9/15/2019,0:00,184
9/15/2019,6:00,0
9/15/2019,12:00,74
9/15/2019,18:00,567
9/16/2019,0:00,193
9/16/2019,6:00,0
9/16/2019,12:00,22
9/16/2019,18:00,500
9/17/2019,0:00,182
9/17/2019,6:00,0
9/17/2019,12:00,76
9/17/2019,18:00,517
9/18/2019,0:00,54
9/18/2019,6:00,0
9/18/2019,12:00,69
9/18/2019,18:00,784
9/19/2019,0:00,210
9/19/2019,6:00,0
9/19/2019,12:00,87
9/19/2019,18:00,783
9/20/2019,0:00,202
9/20/2019,6:00,0
9/20/2019,12:00,85
9/20/2019,18:00,800
9/21/2019,0:00,215
9/21/2019,6:00,0
9/21/2019,12:00,94
9/21/2019,18:00,826
9/22/2019,0:00,221
9/22/2019,6:00,0
9/22/2019,12:00,95
9/22/2019,18:00,810
9/23/2019,0:00,214
9/23/2019,6:00,0
9/23/2019,12:00,98
9/23/2019,18:00,819
9/24/2019,0:00,198
9/24/2019,6:00,0
9/24/2019,12:00,69
9/24/2019,18:00,799
9/25/2019,0:00,213
9/25/2019,6:00,0
9/25/2019,12:00,98
9/25/2019,18:00,821
9/26/2019,0:00,218
9/26/2019,6:00,0
9/26/2019,12:00,99
9/26/2019,18:00,818
9/27/2019,0:00,217
9/27/2019,6:00,0
9/27/2019,12:00,98
9/27/2019,18:00,762
9/28/2019,0:00,202
9/28/2019,6:00,0
9/28/2019,12:00,101
9/28/2019,18:00,819
9/29/2019,0:00,218
9/29/2019,6:00,0
9/29/2019,12:00,105
9/29/2019,18:00,835
9/30/2019,0:00,224
9/30/2019,6:00,0
9/30/2019,12:00,106
9/30/2019,18:00,814
10/1/2019,0:00,215
10/1/2019,6:00,0
10/1/2019,12:00,101
10/1/2019,18:00,804
10/2/2019,0:00,215
10/2/2019,6:00,0
10/2/2019,12:00,7
10/2/2019,18:00,73
10/3/2019,0:00,23
10/3/2019,6:00,0
10/3/2019,12:00,3
10/3/2019,18:00,64
10/4/2019,0:00,6
10/4/2019,6:00,0
10/4/2019,12:00,12
10/4/2019,18:00,266
10/5/2019,0:00,83
10/5/2019,6:00,0
10/5/2019,12:00,33
10/5/2019,18:00,223
10/6/2019,0:00,61
10/6/2019,6:00,0
10/6/2019,12:00,94
10/6/2019,18:00,800
10/7/2019,0:00,210
10/7/2019,6:00,0
10/7/2019,12:00,119
10/7/2019,18:00,860
10/8/2019,0:00,235
10/8/2019,6:00,0
10/8/2019,12:00,119
10/8/2019,18:00,850
10/9/2019,0:00,224
10/9/2019,6:00,0
10/9/2019,12:00,120
10/9/2019,18:00,850
10/10/2019,0:00,232
10/10/2019,6:00,0
10/10/2019,12:00,119
10/10/2019,18:00,860
10/11/2019,0:00,231
10/11/2019,6:00,0
10/11/2019,12:00,122
10/11/2019,18:00,840
10/12/2019,0:00,218
10/12/2019,6:00,0
10/12/2019,12:00,39
10/12/2019,18:00,770
10/13/2019,0:00,230
10/13/2019,6:00,0
10/13/2019,12:00,124
10/13/2019,18:00,600
10/14/2019,0:00,209
10/14/2019,6:00,0
10/14/2019,12:00,13
10/14/2019,18:00,20
10/15/2019,0:00,28
10/15/2019,6:00,0
10/15/2019,12:00,30
10/15/2019,18:00,160
10/16/2019,0:00,34
10/16/2019,6:00,0
10/16/2019,12:00,21
10/16/2019,18:00,160
10/17/2019,0:00,36
10/17/2019,6:00,0
10/17/2019,12:00,70
10/17/2019,18:00,220
10/18/2019,0:00,57
10/18/2019,6:00,0
10/18/2019,12:00,130
10/18/2019,18:00,440
10/19/2019,0:00,169
10/19/2019,6:00,0
10/19/2019,12:00,140
10/19/2019,18:00,880
10/20/2019,0:00,235
10/20/2019,6:00,0
10/20/2019,12:00,100
10/20/2019,18:00,410
10/21/2019,0:00,21
10/21/2019,6:00,0
10/21/2019,12:00,132
10/21/2019,18:00,470
10/22/2019,0:00,168
10/22/2019,6:00,0
10/22/2019,12:00,148
10/22/2019,18:00,900
10/23/2019,0:00,256
10/23/2019,6:00,0
10/23/2019,12:00,146
10/23/2019,18:00,910
10/24/2019,0:00,255
10/24/2019,6:00,0
10/24/2019,12:00,150
10/24/2019,18:00,910
10/25/2019,0:00,228
10/25/2019,6:00,0
10/25/2019,12:00,150
10/25/2019,18:00,930
10/26/2019,0:00,265
10/26/2019,6:00,0
10/26/2019,12:00,160
10/26/2019,18:00,940
10/27/2019,0:00,168
10/27/2019,6:00,0
10/27/2019,12:00,110
10/27/2019,18:00,100
10/28/2019,0:00,103
10/28/2019,6:00,0
10/28/2019,12:00,150
10/28/2019,18:00,870
10/29/2019,0:00,250
10/29/2019,6:00,0
10/29/2019,12:00,70
10/29/2019,18:00,640
10/30/2019,0:00,250
10/30/2019,6:00,0
10/30/2019,12:00,70
10/30/2019,18:00,700
10/31/2019,0:00,254
10/31/2019,6:00,0
10/31/2019,12:00,40
10/31/2019,18:00,660
11/1/2019,0:00,121
11/1/2019,6:00,0
11/1/2019,12:00,150
11/1/2019,18:00,900
11/2/2019,0:00,259
11/2/2019,6:00,0
11/2/2019,12:00,150
11/2/2019,18:00,790
11/3/2019,0:00,197
11/3/2019,6:00,0
11/3/2019,12:00,30
11/3/2019,18:00,330
11/4/2019,0:00,90
11/4/2019,6:00,0
11/4/2019,12:00,140
11/4/2019,18:00,270
11/5/2019,0:00,75
11/5/2019,6:00,0
11/5/2019,12:00,150
11/5/2019,18:00,520
11/6/2019,0:00,246
11/6/2019,6:00,0
11/6/2019,12:00,170
11/6/2019,18:00,960
11/7/2019,0:00,282
11/7/2019,6:00,0
11/7/2019,12:00,160
11/7/2019,18:00,930
11/8/2019,0:00,281
11/8/2019,6:00,0
11/8/2019,12:00,170
11/8/2019,18:00,960
11/9/2019,0:00,285
11/9/2019,6:00,0
11/9/2019,12:00,160
11/9/2019,18:00,840
11/10/2019,0:00,241
11/10/2019,6:00,0
11/10/2019,12:00,140
11/10/2019,18:00,850
11/11/2019,0:00,267
11/11/2019,6:00,0
11/11/2019,12:00,160
11/11/2019,18:00,890
11/12/2019,0:00,133
11/12/2019,6:00,0
11/12/2019,12:00,150
11/12/2019,18:00,840
11/13/2019,0:00,214
11/13/2019,6:00,0
11/13/2019,12:00,80
11/13/2019,18:00,260
11/14/2019,0:00,67
11/14/2019,6:00,0
11/14/2019,12:00,170
11/14/2019,18:00,950
11/15/2019,0:00,288
11/15/2019,6:00,0
11/15/2019,12:00,190
11/15/2019,18:00,990
11/16/2019,0:00,300
11/16/2019,6:00,0
11/16/2019,12:00,180
11/16/2019,18:00,970
11/17/2019,0:00,297
11/17/2019,6:00,0
11/17/2019,12:00,180
11/17/2019,18:00,980
11/18/2019,0:00,300
11/18/2019,6:00,0
11/18/2019,12:00,180
11/18/2019,18:00,970
11/19/2019,0:00,298
11/19/2019,6:00,0
11/19/2019,12:00,180
11/19/2019,18:00,950
11/20/2019,0:00,294
11/20/2019,6:00,0
11/20/2019,12:00,170
11/20/2019,18:00,950
11/21/2019,0:00,296
11/21/2019,6:00,0
11/21/2019,12:00,160
11/21/2019,18:00,860
11/22/2019,0:00,165
11/22/2019,6:00,0
11/22/2019,12:00,90
11/22/2019,18:00,260
11/23/2019,0:00,239
11/23/2019,6:00,0
11/23/2019,12:00,110
11/23/2019,18:00,950
11/24/2019,0:00,310
11/24/2019,6:00,0
11/24/2019,12:00,190
11/24/2019,18:00,1000
11/25/2019,0:00,320
11/25/2019,6:00,0
11/25/2019,12:00,180
11/25/2019,18:00,950
11/26/2019,0:00,240
11/26/2019,6:00,0
11/26/2019,12:00,30
11/26/2019,18:00,90
11/27/2019,0:00,92
11/27/2019,6:00,0
11/27/2019,12:00,160
11/27/2019,18:00,970
11/28/2019,0:00,299
11/28/2019,6:00,0
11/28/2019,12:00,190
11/28/2019,18:00,1000
11/29/2019,0:00,330
11/29/2019,6:00,0
11/29/2019,12:00,190
11/29/2019,18:00,980
11/30/2019,0:00,310
11/30/2019,6:00,0
11/30/2019,12:00,170
11/30/2019,18:00,720
12/1/2019,0:00,170
12/1/2019,6:00,0
12/1/2019,12:00,180
12/1/2019,18:00,990
12/2/2019,0:00,328
12/2/2019,6:00,0
12/2/2019,12:00,190
12/2/2019,18:00,920
12/3/2019,0:00,200
12/3/2019,6:00,0
12/3/2019,12:00,190
12/3/2019,18:00,990
12/4/2019,0:00,300
12/4/2019,6:00,0
12/4/2019,12:00,180
12/4/2019,18:00,800
12/5/2019,0:00,320
12/5/2019,6:00,0
12/5/2019,12:00,170
12/5/2019,18:00,1000
12/6/2019,0:00,340
12/6/2019,6:00,0
12/6/2019,12:00,190
12/6/2019,18:00,1000
12/7/2019,0:00,340
12/7/2019,6:00,0
12/7/2019,12:00,180
12/7/2019,18:00,980
12/8/2019,0:00,310
12/8/2019,6:00,0
12/8/2019,12:00,180
12/8/2019,18:00,980
12/9/2019,0:00,270
12/9/2019,6:00,0
12/9/2019,12:00,180
12/9/2019,18:00,980
12/10/2019,0:00,330
12/10/2019,6:00,0
12/10/2019,12:00,180
12/10/2019,18:00,940
12/11/2019,0:00,220
12/11/2019,6:00,0
12/11/2019,12:00,180
12/11/2019,18:00,990
12/12/2019,0:00,350
12/12/2019,6:00,0
12/12/2019,12:00,170
12/12/2019,18:00,470
12/13/2019,0:00,190
12/13/2019,6:00,0
12/13/2019,12:00,180
12/13/2019,18:00,1000
12/14/2019,0:00,350
12/14/2019,6:00,0
12/14/2019,12:00,60
12/14/2019,18:00,740
12/15/2019,0:00,320
12/15/2019,6:00,0
12/15/2019,12:00,120
12/15/2019,18:00,500
12/16/2019,0:00,120
12/16/2019,6:00,0
12/16/2019,12:00,150
12/16/2019,18:00,920
12/17/2019,0:00,250
12/17/2019,6:00,0
12/17/2019,12:00,170
12/17/2019,18:00,980
12/18/2019,0:00,350
12/18/2019,6:00,0
12/18/2019,12:00,180
12/18/2019,18:00,1010
12/19/2019,0:00,360
12/19/2019,6:00,0
12/19/2019,12:00,170
12/19/2019,18:00,970
12/20/2019,0:00,350
12/20/2019,6:00,0
12/20/2019,12:00,170
12/20/2019,18:00,680
12/21/2019,0:00,320
12/21/2019,6:00,0
12/21/2019,12:00,80
12/21/2019,18:00,660
12/22/2019,0:00,360
12/22/2019,6:00,0
12/22/2019,12:00,180
12/22/2019,18:00,1010
12/23/2019,0:00,370
12/23/2019,6:00,0
12/23/2019,12:00,180
12/23/2019,18:00,1020
12/24/2019,0:00,370
12/24/2019,6:00,0
12/24/2019,12:00,180
12/24/2019,18:00,1010
12/25/2019,0:00,370
12/25/2019,6:00,0
12/25/2019,12:00,170
12/25/2019,18:00,980
12/26/2019,0:00,280
12/26/2019,6:00,0
12/26/2019,12:00,140
12/26/2019,18:00,650
12/27/2019,0:00,150
12/27/2019,6:00,0
12/27/2019,12:00,160
12/27/2019,18:00,930
12/28/2019,0:00,180
12/28/2019,6:00,0
12/28/2019,12:00,160
12/28/2019,18:00,740
12/29/2019,0:00,342
12/29/2019,6:00,0
12/29/2019,12:00,150
12/29/2019,18:00,710
12/30/2019,0:00,179
12/30/2019,6:00,0
12/30/2019,12:00,140
12/30/2019,18:00,840
12/31/2019,0:00,172
12/31/2019,6:00,0
12/31/2019,12:00,150
12/31/2019,18:00,690
1/1/2020,0:00,144
1/1/2020,6:00,0
1/1/2020,12:00,150
1/1/2020,18:00,470
1/2/2020,0:00,277
1/2/2020,6:00,0
1/2/2020,12:00,160
1/2/2020,18:00,970
1/3/2020,0:00,370
1/3/2020,6:00,0
1/3/2020,12:00,160
1/3/2020,18:00,970
1/4/2020,0:00,364
1/4/2020,6:00,0
1/4/2020,12:00,140
1/4/2020,18:00,870
1/5/2020,0:00,360
1/5/2020,6:00,0
1/5/2020,12:00,150
1/5/2020,18:00,730
1/6/2020,0:00,340
1/6/2020,6:00,0
1/6/2020,12:00,110
1/6/2020,18:00,540
1/7/2020,0:00,310
1/7/2020,6:00,0
1/7/2020,12:00,156
1/7/2020,18:00,1000
1/8/2020,0:00,380
1/8/2020,6:00,0
1/8/2020,12:00,150
1/8/2020,18:00,990
1/9/2020,0:00,370
1/9/2020,6:00,0
1/9/2020,12:00,140
1/9/2020,18:00,530
1/10/2020,0:00,120
1/10/2020,6:00,0
1/10/2020,12:00,140
1/10/2020,18:00,680
1/11/2020,0:00,243
1/11/2020,6:00,0
1/11/2020,12:00,130
1/11/2020,18:00,840
1/12/2020,0:00,329
1/12/2020,6:00,0
1/12/2020,12:00,120
1/12/2020,18:00,940
1/13/2020,0:00,350
1/13/2020,6:00,0
1/13/2020,12:00,144
1/13/2020,18:00,940
1/14/2020,0:00,310
1/14/2020,6:00,0
1/14/2020,12:00,130
1/14/2020,18:00,600
1/15/2020,0:00,240
1/15/2020,6:00,0
1/15/2020,12:00,120
1/15/2020,18:00,540
1/16/2020,0:00,200
1/16/2020,6:00,0
1/16/2020,12:00,30
1/16/2020,18:00,860
1/17/2020,0:00,330
1/17/2020,6:00,0
1/17/2020,12:00,140
1/17/2020,18:00,980
1/18/2020,0:00,380
1/18/2020,6:00,0
1/18/2020,12:00,120
1/18/2020,18:00,930
1/19/2020,0:00,345
1/19/2020,6:00,0
1/19/2020,12:00,25
1/19/2020,18:00,790
1/20/2020,0:00,256
1/20/2020,6:00,0
1/20/2020,12:00,90
1/20/2020,18:00,230
1/21/2020,0:00,59
1/21/2020,6:00,0
1/21/2020,12:00,30
1/21/2020,18:00,90
1/22/2020,0:00,6
1/22/2020,6:00,0
1/22/2020,12:00,0
1/22/2020,18:00,510
1/23/2020,0:00,169
1/23/2020,6:00,0
1/23/2020,12:00,130
1/23/2020,18:00,940
1/24/2020,0:00,360
1/24/2020,6:00,0
1/24/2020,12:00,133
1/24/2020,18:00,960
1/25/2020,0:00,374
1/25/2020,6:00,0
1/25/2020,12:00,130
1/25/2020,18:00,950
1/26/2020,0:00,366
1/26/2020,6:00,0
1/26/2020,12:00,120
1/26/2020,18:00,930
1/27/2020,0:00,351
1/27/2020,6:00,0
1/27/2020,12:00,110
1/27/2020,18:00,930
1/28/2020,0:00,174
1/28/2020,6:00,0
1/28/2020,12:00,110
1/28/2020,18:00,890
1/29/2020,0:00,299
1/29/2020,6:00,0
1/29/2020,12:00,60
1/29/2020,18:00,620
1/30/2020,0:00,311
1/30/2020,6:00,0
1/30/2020,12:00,64
1/30/2020,18:00,530
1/31/2020,0:00,296
1/31/2020,6:00,0
1/31/2020,12:00,120
1/31/2020,18:00,660
2/1/2020,0:00,311
2/1/2020,6:00,0
2/1/2020,12:00,120
2/1/2020,18:00,930
2/2/2020,0:00,356
2/2/2020,6:00,0
2/2/2020,12:00,120
2/2/2020,18:00,930
2/3/2020,0:00,358
2/3/2020,6:00,0
2/3/2020,12:00,120
2/3/2020,18:00,920
2/4/2020,0:00,310
2/4/2020,6:00,0
2/4/2020,12:00,110
2/4/2020,18:00,800
2/5/2020,0:00,177
2/5/2020,6:00,0
2/5/2020,12:00,110
2/5/2020,18:00,780
2/6/2020,0:00,306
2/6/2020,6:00,0
2/6/2020,12:00,110
2/6/2020,18:00,720
2/7/2020,0:00,192
2/7/2020,6:00,0
2/7/2020,12:00,110
2/7/2020,18:00,910
2/8/2020,0:00,305
2/8/2020,6:00,0
2/8/2020,12:00,110
2/8/2020,18:00,870
2/9/2020,0:00,146
2/9/2020,6:00,0
2/9/2020,12:00,100
2/9/2020,18:00,890
2/10/2020,0:00,323
2/10/2020,6:00,0
2/10/2020,12:00,110
2/10/2020,18:00,930
2/11/2020,0:00,353
2/11/2020,6:00,0
2/11/2020,12:00,110
2/11/2020,18:00,920
2/12/2020,0:00,347
2/12/2020,6:00,0
2/12/2020,12:00,110
2/12/2020,18:00,910
2/13/2020,0:00,343
2/13/2020,6:00,0
2/13/2020,12:00,104
2/13/2020,18:00,720
2/14/2020,0:00,299
2/14/2020,6:00,0
2/14/2020,12:00,22
2/14/2020,18:00,195
2/15/2020,0:00,46
2/15/2020,6:00,0
2/15/2020,12:00,43
2/15/2020,18:00,601
2/16/2020,0:00,187
2/16/2020,6:00,0
2/16/2020,12:00,98
2/16/2020,18:00,736
2/17/2020,0:00,215
2/17/2020,6:00,0
2/17/2020,12:00,53
2/17/2020,18:00,304
2/18/2020,0:00,165
2/18/2020,6:00,0
2/18/2020,12:00,49
2/18/2020,18:00,340
2/19/2020,0:00,129
2/19/2020,6:00,0
2/19/2020,12:00,100
2/19/2020,18:00,915
2/20/2020,0:00,334
2/20/2020,6:00,0
2/20/2020,12:00,99
2/20/2020,18:00,696
2/21/2020,0:00,323
2/21/2020,6:00,0
2/21/2020,12:00,100
2/21/2020,18:00,916
2/22/2020,0:00,332
2/22/2020,6:00,0
2/22/2020,12:00,101
2/22/2020,18:00,909
2/23/2020,0:00,327
2/23/2020,6:00,0
2/23/2020,12:00,98
2/23/2020,18:00,897
2/24/2020,0:00,320
2/24/2020,6:00,0
2/24/2020,12:00,80
2/24/2020,18:00,612
2/25/2020,0:00,297
2/25/2020,6:00,0
2/25/2020,12:00,54
2/25/2020,18:00,489
2/26/2020,0:00,83
2/26/2020,6:00,0
2/26/2020,12:00,97
2/26/2020,18:00,895
2/27/2020,0:00,315
2/27/2020,6:00,0
2/27/2020,12:00,94
2/27/2020,18:00,878
2/28/2020,0:00,307
2/28/2020,6:00,0
2/28/2020,12:00,90
2/28/2020,18:00,870
2/29/2020,0:00,303
2/29/2020,6:00,0
2/29/2020,12:00,91
2/29/2020,18:00,868
3/1/2020,0:00,302
3/1/2020,6:00,0
3/1/2020,12:00,89
3/1/2020,18:00,865
3/2/2020,0:00,298
3/2/2020,6:00,0
3/2/2020,12:00,89
3/2/2020,18:00,858
3/3/2020,0:00,294
3/3/2020,6:00,0
3/3/2020,12:00,86
3/3/2020,18:00,848
3/4/2020,0:00,278
3/4/2020,6:00,0
3/4/2020,12:00,86
3/4/2020,18:00,849
3/5/2020,0:00,289
3/5/2020,6:00,0
3/5/2020,12:00,86
3/5/2020,18:00,866
3/6/2020,0:00,295
3/6/2020,6:00,0
3/6/2020,12:00,85
3/6/2020,18:00,831
3/7/2020,0:00,273
3/7/2020,6:00,0
3/7/2020,12:00,76
3/7/2020,18:00,824
3/8/2020,0:00,281
3/8/2020,6:00,0
3/8/2020,12:00,82
3/8/2020,18:00,819
3/9/2020,0:00,274
3/9/2020,6:00,0
3/9/2020,12:00,81
3/9/2020,18:00,825
3/10/2020,0:00,271
3/10/2020,6:00,0
3/10/2020,12:00,80
3/10/2020,18:00,811
3/11/2020,0:00,258
3/11/2020,6:00,0
3/11/2020,12:00,80
3/11/2020,18:00,802
3/12/2020,0:00,236
3/12/2020,6:00,0
3/12/2020,12:00,74
3/12/2020,18:00,799
3/13/2020,0:00,254
3/13/2020,6:00,0
3/13/2020,12:00,75
3/13/2020,18:00,803
3/14/2020,0:00,221
3/14/2020,6:00,0
3/14/2020,12:00,73
3/14/2020,18:00,666
3/15/2020,0:00,35
3/15/2020,6:00,0
3/15/2020,12:00,40
3/15/2020,18:00,196
3/16/2020,0:00,56
3/16/2020,6:00,0
3/16/2020,12:00,27
3/16/2020,18:00,650
3/17/2020,0:00,170
3/17/2020,6:00,0
3/17/2020,12:00,73
3/17/2020,18:00,786
3/18/2020,0:00,242
3/18/2020,6:00,0
3/18/2020,12:00,28
3/18/2020,18:00,674
3/19/2020,0:00,137
3/19/2020,6:00,0
3/19/2020,12:00,72
3/19/2020,18:00,791
3/20/2020,0:00,247
3/20/2020,6:00,0
3/20/2020,12:00,73
3/20/2020,18:00,793
3/21/2020,0:00,243
3/21/2020,6:00,0
3/21/2020,12:00,70
3/21/2020,18:00,787
3/22/2020,0:00,240
3/22/2020,6:00,0
3/22/2020,12:00,70
3/22/2020,18:00,792
3/23/2020,0:00,239
3/23/2020,6:00,0
3/23/2020,12:00,70
3/23/2020,18:00,780
3/24/2020,0:00,233
3/24/2020,6:00,0
3/24/2020,12:00,68
3/24/2020,18:00,766
3/25/2020,0:00,227
3/25/2020,6:00,0
3/25/2020,12:00,63
3/25/2020,18:00,724
3/26/2020,0:00,218
3/26/2020,6:00,0
3/26/2020,12:00,66
3/26/2020,18:00,704
3/27/2020,0:00,169
3/27/2020,6:00,0
3/27/2020,12:00,64
3/27/2020,18:00,714
3/28/2020,0:00,60
3/28/2020,6:00,0
3/28/2020,12:00,59
3/28/2020,18:00,612
3/29/2020,0:00,32
3/29/2020,6:00,0
3/29/2020,12:00,19
3/29/2020,18:00,482
3/30/2020,0:00,187
3/30/2020,6:00,0
3/30/2020,12:00,20
3/30/2020,18:00,588
3/31/2020,0:00,203
3/31/2020,6:00,0
3/31/2020,12:00,60
3/31/2020,18:00,571
4/1/2020,0:00,110
4/1/2020,6:00,0
4/1/2020,12:00,50
4/1/2020,18:00,635
4/2/2020,0:00,66
4/2/2020,6:00,0
4/2/2020,12:00,20
4/2/2020,18:00,719
4/3/2020,0:00,209
4/3/2020,6:00,0
4/3/2020,12:00,61
4/3/2020,18:00,703
4/4/2020,0:00,121
4/4/2020,6:00,0
4/4/2020,12:00,60
4/4/2020,18:00,729
4/5/2020,0:00,199
4/5/2020,6:00,0
4/5/2020,12:00,60
4/5/2020,18:00,705
4/6/2020,0:00,147
4/6/2020,6:00,0
4/6/2020,12:00,20
4/6/2020,18:00,639
4/7/2020,0:00,190
4/7/2020,6:00,0
4/7/2020,12:00,60
4/7/2020,18:00,736
4/8/2020,0:00,198
4/8/2020,6:00,0
4/8/2020,12:00,60
4/8/2020,18:00,725
4/9/2020,0:00,193
4/9/2020,6:00,0
4/9/2020,12:00,57
4/9/2020,18:00,708
4/10/2020,0:00,185
4/10/2020,6:00,0
4/10/2020,12:00,60
4/10/2020,18:00,707
4/11/2020,0:00,183
4/11/2020,6:00,0
4/11/2020,12:00,54
4/11/2020,18:00,696
4/12/2020,0:00,181
4/12/2020,6:00,0
4/12/2020,12:00,51
4/12/2020,18:00,678
4/13/2020,0:00,180
4/13/2020,6:00,0
4/13/2020,12:00,40
4/13/2020,18:00,487
4/14/2020,0:00,92
4/14/2020,6:00,0
4/14/2020,12:00,39
4/14/2020,18:00,531
4/15/2020,0:00,176
4/15/2020,6:00,0
4/15/2020,12:00,54
4/15/2020,18:00,701
4/16/2020,0:00,176
4/16/2020,6:00,0
4/16/2020,12:00,52
4/16/2020,18:00,686
4/17/2020,0:00,170
4/17/2020,6:00,0
4/17/2020,12:00,48
4/17/2020,18:00,653
4/18/2020,0:00,131
4/18/2020,6:00,0
4/18/2020,12:00,49
4/18/2020,18:00,662
4/19/2020,0:00,161
4/19/2020,6:00,0
4/19/2020,12:00,48
4/19/2020,18:00,656
4/20/2020,0:00,159
4/20/2020,6:00,0
4/20/2020,12:00,48
4/20/2020,18:00,652
4/21/2020,0:00,157
4/21/2020,6:00,0
4/21/2020,12:00,47
4/21/2020,18:00,648
4/22/2020,0:00,155
4/22/2020,6:00,0
4/22/2020,12:00,50
4/22/2020,18:00,601
4/23/2020,0:00,147
4/23/2020,6:00,0
4/23/2020,12:00,45
4/23/2020,18:00,622
4/24/2020,0:00,144
4/24/2020,6:00,0
4/24/2020,12:00,44
4/24/2020,18:00,631
4/25/2020,0:00,148
4/25/2020,6:00,0
4/25/2020,12:00,39
4/25/2020,18:00,595
4/26/2020,0:00,140
4/26/2020,6:00,0
4/26/2020,12:00,25
4/26/2020,18:00,185
4/27/2020,0:00,84
4/27/2020,6:00,0
4/27/2020,12:00,39
4/27/2020,18:00,459
4/28/2020,0:00,71
4/28/2020,6:00,0
4/28/2020,12:00,40
4/28/2020,18:00,583
4/29/2020,0:00,127
4/29/2020,6:00,0
4/29/2020,12:00,35
4/29/2020,18:00,416
4/30/2020,0:00,140
4/30/2020,6:00,0
4/30/2020,12:00,34
4/30/2020,18:00,392
5/1/2020,0:00,78
5/1/2020,6:00,0
5/1/2020,12:00,9
5/1/2020,18:00,565
5/2/2020,0:00,133
5/2/2020,6:00,0
5/2/2020,12:00,40
5/2/2020,18:00,615
5/3/2020,0:00,137
5/3/2020,6:00,0
5/3/2020,12:00,39
5/3/2020,18:00,604
5/4/2020,0:00,124
5/4/2020,6:00,0
5/4/2020,12:00,34
5/4/2020,18:00,243
5/5/2020,0:00,20
5/5/2020,6:00,0
5/5/2020,12:00,22
5/5/2020,18:00,336
5/6/2020,0:00,115
5/6/2020,6:00,0
5/6/2020,12:00,38
5/6/2020,18:00,598
5/7/2020,0:00,128
5/7/2020,6:00,0
5/7/2020,12:00,37
5/7/2020,18:00,559
5/8/2020,0:00,126
5/8/2020,6:00,0
5/8/2020,12:00,37
5/8/2020,18:00,589
5/9/2020,0:00,126
5/9/2020,6:00,0
5/9/2020,12:00,36
5/9/2020,18:00,588
5/10/2020,0:00,125
5/10/2020,6:00,0
5/10/2020,12:00,32
5/10/2020,18:00,502
5/11/2020,0:00,106
5/11/2020,6:00,0
5/11/2020,12:00,19
5/11/2020,18:00,305
5/12/2020,0:00,65
5/12/2020,6:00,0
5/12/2020,12:00,2
5/12/2020,18:00,50
5/13/2020,0:00,4
5/13/2020,6:00,0
5/13/2020,12:00,4
5/13/2020,18:00,394
5/14/2020,0:00,109
5/14/2020,6:00,0
5/14/2020,12:00,33
5/14/2020,18:00,567
5/15/2020,0:00,119
5/15/2020,6:00,0
5/15/2020,12:00,33
5/15/2020,18:00,562
5/16/2020,0:00,96
5/16/2020,6:00,0
5/16/2020,12:00,31
5/16/2020,18:00,542
5/17/2020,0:00,111
5/17/2020,6:00,0
5/17/2020,12:00,30
5/17/2020,18:00,541
5/18/2020,0:00,111
5/18/2020,6:00,0
5/18/2020,12:00,30
5/18/2020,18:00,537
5/19/2020,0:00,110
5/19/2020,6:00,0
5/19/2020,12:00,29
5/19/2020,18:00,531
5/20/2020,0:00,108
5/20/2020,6:00,0
5/20/2020,12:00,27
5/20/2020,18:00,509
5/21/2020,0:00,19
5/21/2020,6:00,0
5/21/2020,12:00,19
5/21/2020,18:00,66
5/22/2020,0:00,23
5/22/2020,6:00,0
5/22/2020,12:00,3
5/22/2020,18:00,134
5/23/2020,0:00,6
5/23/2020,6:00,0
5/23/2020,12:00,3
5/23/2020,18:00,105
5/24/2020,0:00,21
5/24/2020,6:00,0
5/24/2020,12:00,27
5/24/2020,18:00,506
5/25/2020,0:00,50
5/25/2020,6:00,0
5/25/2020,12:00,26
5/25/2020,18:00,526
5/26/2020,0:00,104
5/26/2020,6:00,0
5/26/2020,12:00,30
5/26/2020,18:00,516
5/27/2020,0:00,103
5/27/2020,6:00,0
5/27/2020,12:00,26
5/27/2020,18:00,515
5/28/2020,0:00,103
5/28/2020,6:00,0
5/28/2020,12:00,30
5/28/2020,18:00,513
5/29/2020,0:00,102
5/29/2020,6:00,0
5/29/2020,12:00,20
5/29/2020,18:00,508
5/30/2020,0:00,101
5/30/2020,6:00,0
5/30/2020,12:00,20
5/30/2020,18:00,440
5/31/2020,0:00,96
5/31/2020,6:00,0
5/31/2020,12:00,0
5/31/2020,18:00,238
6/1/2020,0:00,40
6/1/2020,6:00,0
6/1/2020,12:00,21
6/1/2020,18:00,499
6/2/2020,0:00,74
6/2/2020,6:00,0
6/2/2020,12:00,23
6/2/2020,18:00,497
6/3/2020,0:00,84
6/3/2020,6:00,0
6/3/2020,12:00,23
6/3/2020,18:00,503
6/4/2020,0:00,100
6/4/2020,6:00,0
6/4/2020,12:00,8
6/4/2020,18:00,285
6/5/2020,0:00,78
6/5/2020,6:00,0
6/5/2020,12:00,1
6/5/2020,18:00,19
6/6/2020,0:00,5
6/6/2020,6:00,0
6/6/2020,12:00,0
6/6/2020,18:00,44
6/7/2020,0:00,5
6/7/2020,6:00,0
6/7/2020,12:00,0
6/7/2020,18:00,195
6/8/2020,0:00,50
6/8/2020,6:00,0
6/8/2020,12:00,21
6/8/2020,18:00,253
6/9/2020,0:00,15
6/9/2020,6:00,0
6/9/2020,12:00,19
6/9/2020,18:00,106
6/10/2020,0:00,9
6/10/2020,6:00,0
6/10/2020,12:00,11
6/10/2020,18:00,124
6/11/2020,0:00,10
6/11/2020,6:00,0
6/11/2020,12:00,10
6/11/2020,18:00,182
6/12/2020,0:00,55
6/12/2020,6:00,0
6/12/2020,12:00,3
6/12/2020,18:00,266
6/13/2020,0:00,77
6/13/2020,6:00,0
6/13/2020,12:00,15
6/13/2020,18:00,456
6/14/2020,0:00,99
6/14/2020,6:00,0
6/14/2020,12:00,21
6/14/2020,18:00,498
6/15/2020,0:00,100
6/15/2020,6:00,0
6/15/2020,12:00,6
6/15/2020,18:00,261
6/16/2020,0:00,87
6/16/2020,6:00,0
6/16/2020,12:00,18
6/16/2020,18:00,379
6/17/2020,0:00,66
6/17/2020,6:00,0
6/17/2020,12:00,18
6/17/2020,18:00,458
6/18/2020,0:00,92
6/18/2020,6:00,0
6/18/2020,12:00,10
6/18/2020,18:00,275
6/19/2020,0:00,85
6/19/2020,6:00,0
6/19/2020,12:00,17
6/19/2020,18:00,67
6/20/2020,0:00,8
6/20/2020,6:00,0
6/20/2020,12:00,13
6/20/2020,18:00,191
6/21/2020,0:00,48
6/21/2020,6:00,0
6/21/2020,12:00,11
6/21/2020,18:00,68
6/22/2020,0:00,20
6/22/2020,6:00,0
6/22/2020,12:00,6
6/22/2020,18:00,193
6/23/2020,0:00,35
6/23/2020,6:00,0
6/23/2020,12:00,0
6/23/2020,18:00,338
6/24/2020,0:00,94
6/24/2020,6:00,0
6/24/2020,12:00,0
6/24/2020,18:00,286
6/25/2020,0:00,41
6/25/2020,6:00,0
6/25/2020,12:00,1
6/25/2020,18:00,157
6/26/2020,0:00,101
6/26/2020,6:00,0
6/26/2020,12:00,19
6/26/2020,18:00,385
6/27/2020,0:00,57
6/27/2020,6:00,0
6/27/2020,12:00,19
6/27/2020,18:00,490
6/28/2020,0:00,103
6/28/2020,6:00,0
6/28/2020,12:00,18
6/28/2020,18:00,459
6/29/2020,0:00,97
6/29/2020,6:00,0
6/29/2020,12:00,4
6/29/2020,18:00,12
6/30/2020,0:00,2
6/30/2020,6:00,0
6/30/2020,12:00,2
6/30/2020,18:00,137
7/1/2020,0:00,18
7/1/2020,6:00,0
7/1/2020,12:00,17
7/1/2020,18:00,237
7/2/2020,0:00,16
7/2/2020,6:00,0
7/2/2020,12:00,18
7/2/2020,18:00,491
7/3/2020,0:00,105
7/3/2020,6:00,0
7/3/2020,12:00,19
7/3/2020,18:00,491
7/4/2020,0:00,105
7/4/2020,6:00,0
7/4/2020,12:00,19
7/4/2020,18:00,385
7/5/2020,0:00,11
7/5/2020,6:00,0
7/5/2020,12:00,3
7/5/2020,18:00,342
7/6/2020,0:00,53
7/6/2020,6:00,0
7/6/2020,12:00,18
7/6/2020,18:00,432
7/7/2020,0:00,106
7/7/2020,6:00,0
7/7/2020,12:00,2
7/7/2020,18:00,42
7/8/2020,0:00,8
7/8/2020,6:00,0
7/8/2020,12:00,2
7/8/2020,18:00,301
7/9/2020,0:00,46
7/9/2020,6:00,0
7/9/2020,12:00,19
7/9/2020,18:00,496
7/10/2020,0:00,109
7/10/2020,6:00,0
7/10/2020,12:00,20
7/10/2020,18:00,508
7/11/2020,0:00,106
7/11/2020,6:00,0
7/11/2020,12:00,14
7/11/2020,18:00,177
7/12/2020,0:00,40
7/12/2020,6:00,0
7/12/2020,12:00,5
7/12/2020,18:00,99
7/13/2020,0:00,75
7/13/2020,6:00,0
7/13/2020,12:00,15
7/13/2020,18:00,496
7/14/2020,0:00,113
7/14/2020,6:00,0
7/14/2020,12:00,22
7/14/2020,18:00,536
7/15/2020,0:00,121
7/15/2020,6:00,0
7/15/2020,12:00,22
7/15/2020,18:00,530
7/16/2020,0:00,118
7/16/2020,6:00,0
7/16/2020,12:00,2
7/16/2020,18:00,189
7/17/2020,0:00,20
7/17/2020,6:00,0
7/17/2020,12:00,5
7/17/2020,18:00,272
7/18/2020,0:00,89
7/18/2020,6:00,0
7/18/2020,12:00,20
7/18/2020,18:00,498
7/19/2020,0:00,113
7/19/2020,6:00,0
7/19/2020,12:00,20
7/19/2020,18:00,491
7/20/2020,0:00,107
7/20/2020,6:00,0
7/20/2020,12:00,16
7/20/2020,18:00,275
7/21/2020,0:00,12
7/21/2020,6:00,0
7/21/2020,12:00,17
7/21/2020,18:00,261
7/22/2020,0:00,9
7/22/2020,6:00,0
7/22/2020,12:00,16
7/22/2020,18:00,412
7/23/2020,0:00,14
7/23/2020,6:00,0
7/23/2020,12:00,7
7/23/2020,18:00,336
7/24/2020,0:00,49
7/24/2020,6:00,0
7/24/2020,12:00,4
7/24/2020,18:00,39
7/25/2020,0:00,2
7/25/2020,6:00,0
7/25/2020,12:00,24
7/25/2020,18:00,546
7/26/2020,0:00,128
7/26/2020,6:00,0
7/26/2020,12:00,25
7/26/2020,18:00,535
7/27/2020,0:00,125
7/27/2020,6:00,0
7/27/2020,12:00,12
7/27/2020,18:00,158
7/28/2020,0:00,30
7/28/2020,6:00,0
7/28/2020,12:00,25
7/28/2020,18:00,560
7/29/2020,0:00,135
7/29/2020,6:00,0
7/29/2020,12:00,27
7/29/2020,18:00,572
7/30/2020,0:00,136
7/30/2020,6:00,0
7/30/2020,12:00,28
7/30/2020,18:00,578
7/31/2020,0:00,136
7/31/2020,6:00,0
7/31/2020,12:00,4
7/31/2020,18:00,250
8/1/2020,0:00,35
8/1/2020,6:00,0
8/1/2020,12:00,26
8/1/2020,18:00,539
8/2/2020,0:00,127
8/2/2020,6:00,0
8/2/2020,12:00,27
8/2/2020,18:00,518
8/3/2020,0:00,132
8/3/2020,6:00,0
8/3/2020,12:00,28
8/3/2020,18:00,556
8/4/2020,0:00,135
8/4/2020,6:00,0
8/4/2020,12:00,29
8/4/2020,18:00,568
8/5/2020,0:00,136
8/5/2020,6:00,0
8/5/2020,12:00,29
8/5/2020,18:00,570
8/6/2020,0:00,139
8/6/2020,6:00,0
8/6/2020,12:00,30
8/6/2020,18:00,574
8/7/2020,0:00,138
8/7/2020,6:00,0
8/7/2020,12:00,31
8/7/2020,18:00,579
8/8/2020,0:00,141
8/8/2020,6:00,0
8/8/2020,12:00,23
8/8/2020,18:00,561
8/9/2020,0:00,140
8/9/2020,6:00,0
8/9/2020,12:00,32
8/9/2020,18:00,580
8/10/2020,0:00,143
8/10/2020,6:00,0
8/10/2020,12:00,32
8/10/2020,18:00,454
8/11/2020,0:00,19
8/11/2020,6:00,0
8/11/2020,12:00,1
8/11/2020,18:00,87
8/12/2020,0:00,11
8/12/2020,6:00,0
8/12/2020,12:00,28
8/12/2020,18:00,379
8/13/2020,0:00,32
8/13/2020,6:00,0
8/13/2020,12:00,27
8/13/2020,18:00,356
8/14/2020,0:00,102
8/14/2020,6:00,0
8/14/2020,12:00,35
8/14/2020,18:00,462
8/15/2020,0:00,62
8/15/2020,6:00,0
8/15/2020,12:00,37
8/15/2020,18:00,618
8/16/2020,0:00,155
8/16/2020,6:00,0
8/16/2020,12:00,41
8/16/2020,18:00,647
8/17/2020,0:00,161
8/17/2020,6:00,0
8/17/2020,12:00,42
8/17/2020,18:00,651
8/18/2020,0:00,164
8/18/2020,6:00,0
8/18/2020,12:00,30
8/18/2020,18:00,583
8/19/2020,0:00,153
8/19/2020,6:00,0
8/19/2020,12:00,42
8/19/2020,18:00,641
8/20/2020,0:00,161
8/20/2020,6:00,0
8/20/2020,12:00,44
8/20/2020,18:00,659
8/21/2020,0:00,170
8/21/2020,6:00,0
8/21/2020,12:00,46
8/21/2020,18:00,666
8/22/2020,0:00,168
8/22/2020,6:00,0
8/22/2020,12:00,47
8/22/2020,18:00,668
8/23/2020,0:00,170
8/23/2020,6:00,0
8/23/2020,12:00,46
8/23/2020,18:00,658
8/24/2020,0:00,168
8/24/2020,6:00,0
8/24/2020,12:00,46
8/24/2020,18:00,644
8/25/2020,0:00,157
8/25/2020,6:00,0
8/25/2020,12:00,26
8/25/2020,18:00,483
8/26/2020,0:00,120
8/26/2020,6:00,0
8/26/2020,12:00,31
8/26/2020,18:00,222
8/27/2020,0:00,45
8/27/2020,6:00,0
8/27/2020,12:00,13
8/27/2020,18:00,417
8/28/2020,0:00,138
8/28/2020,6:00,0
8/28/2020,12:00,26
8/28/2020,18:00,285
8/29/2020,0:00,126
8/29/2020,6:00,0
8/29/2020,12:00,35
8/29/2020,18:00,578
8/30/2020,0:00,162
8/30/2020,6:00,0
8/30/2020,12:00,7
8/30/2020,18:00,78
8/31/2020,0:00,24
8/31/2020,6:00,0
8/31/2020,12:00,41
8/31/2020,18:00,485
9/1/2020,0:00,126
9/1/2020,6:00,0
9/1/2020,12:00,4
9/1/2020,18:00,98
9/2/2020,0:00,17
9/2/2020,6:00,0
9/2/2020,12:00,15
9/2/2020,18:00,194
9/3/2020,0:00,42
9/3/2020,6:00,0
9/3/2020,12:00,13
9/3/2020,18:00,324
9/4/2020,0:00,54
9/4/2020,6:00,0
9/4/2020,12:00,63
9/4/2020,18:00,729
9/5/2020,0:00,190
9/5/2020,6:00,0
9/5/2020,12:00,56
9/5/2020,18:00,329
9/6/2020,0:00,40
9/6/2020,6:00,0
9/6/2020,12:00,3
9/6/2020,18:00,166
9/7/2020,0:00,32
9/7/2020,6:00,0
9/7/2020,12:00,51
9/7/2020,18:00,322
9/8/2020,0:00,35
9/8/2020,6:00,0
9/8/2020,12:00,14
9/8/2020,18:00,328
9/9/2020,0:00,80
9/9/2020,6:00,0
9/9/2020,12:00,62
9/9/2020,18:00,664
9/10/2020,0:00,104
9/10/2020,6:00,0
9/10/2020,12:00,70
9/10/2020,18:00,736
9/11/2020,0:00,194
9/11/2020,6:00,0
9/11/2020,12:00,69
9/11/2020,18:00,311
9/12/2020,0:00,121
9/12/2020,6:00,0
9/12/2020,12:00,14
9/12/2020,18:00,335
9/13/2020,0:00,85
9/13/2020,6:00,0
9/13/2020,12:00,25
9/13/2020,18:00,604
9/14/2020,0:00,155
9/14/2020,6:00,0
9/14/2020,12:00,65
9/14/2020,18:00,707
9/15/2020,0:00,171
9/15/2020,6:00,0
9/15/2020,12:00,50
9/15/2020,18:00,560
9/16/2020,0:00,23
9/16/2020,6:00,0
9/16/2020,12:00,29
9/16/2020,18:00,250
9/17/2020,0:00,38
9/17/2020,6:00,0
9/17/2020,12:00,79
9/17/2020,18:00,698
9/18/2020,0:00,106
9/18/2020,6:00,0
9/18/2020,12:00,84
9/18/2020,18:00,778
9/19/2020,0:00,205
9/19/2020,6:00,0
9/19/2020,12:00,45
9/19/2020,18:00,71
9/20/2020,0:00,36
9/20/2020,6:00,0
9/20/2020,12:00,94
9/20/2020,18:00,828
9/21/2020,0:00,219
9/21/2020,6:00,0
9/21/2020,12:00,95
9/21/2020,18:00,821
9/22/2020,0:00,217
9/22/2020,6:00,0
9/22/2020,12:00,96
9/22/2020,18:00,828
9/23/2020,0:00,219
9/23/2020,6:00,0
9/23/2020,12:00,94
9/23/2020,18:00,763
9/24/2020,0:00,206
9/24/2020,6:00,0
9/24/2020,12:00,89
9/24/2020,18:00,786
9/25/2020,0:00,187
9/25/2020,6:00,0
9/25/2020,12:00,74
9/25/2020,18:00,740
9/26/2020,0:00,16
9/26/2020,6:00,0
9/26/2020,12:00,94
9/26/2020,18:00,265
9/27/2020,0:00,136
9/27/2020,6:00,0
9/27/2020,12:00,19
9/27/2020,18:00,240
9/28/2020,0:00,26
9/28/2020,6:00,0
9/28/2020,12:00,94
9/28/2020,18:00,803
9/29/2020,0:00,229
9/29/2020,6:00,0
9/29/2020,12:00,62
9/29/2020,18:00,542
9/30/2020,0:00,167
9/30/2020,6:00,0
9/30/2020,12:00,92
9/30/2020,18:00,730
10/1/2020,0:00,211
10/1/2020,6:00,0
10/1/2020,12:00,69
10/1/2020,18:00,765
10/2/2020,0:00,152
10/2/2020,6:00,0
10/2/2020,12:00,15
10/2/2020,18:00,445
10/3/2020,0:00,100
10/3/2020,6:00,0
10/3/2020,12:00,12
10/3/2020,18:00,160
10/4/2020,0:00,35
10/4/2020,6:00,0
10/4/2020,12:00,18
10/4/2020,18:00,397
10/5/2020,0:00,94
10/5/2020,6:00,0
10/5/2020,12:00,39
10/5/2020,18:00,164
10/6/2020,0:00,59
10/6/2020,6:00,0
10/6/2020,12:00,118
10/6/2020,18:00,841
10/7/2020,0:00,218
10/7/2020,6:00,0
10/7/2020,12:00,102
10/7/2020,18:00,680
10/8/2020,0:00,121
10/8/2020,6:00,0
10/8/2020,12:00,114
10/8/2020,18:00,857
10/9/2020,0:00,235
10/9/2020,6:00,0
10/9/2020,12:00,110
10/9/2020,18:00,820
10/10/2020,0:00,237
10/10/2020,6:00,0
10/10/2020,12:00,130
10/10/2020,18:00,900
10/11/2020,0:00,246
10/11/2020,6:00,0
10/11/2020,12:00,131
10/11/2020,18:00,876
10/12/2020,0:00,237
10/12/2020,6:00,0
10/12/2020,12:00,129
10/12/2020,18:00,887
10/13/2020,0:00,246
10/13/2020,6:00,0
10/13/2020,12:00,134
10/13/2020,18:00,900
10/14/2020,0:00,248
10/14/2020,6:00,0
10/14/2020,12:00,116
10/14/2020,18:00,620
10/15/2020,0:00,165
10/15/2020,6:00,0
10/15/2020,12:00,114
10/15/2020,18:00,840
10/16/2020,0:00,248
10/16/2020,6:00,0
10/16/2020,12:00,130
10/16/2020,18:00,880
10/17/2020,0:00,241
10/17/2020,6:00,0
10/17/2020,12:00,130
10/17/2020,18:00,800
10/18/2020,0:00,161
10/18/2020,6:00,0
10/18/2020,12:00,140
10/18/2020,18:00,880
10/19/2020,0:00,246
10/19/2020,6:00,0
10/19/2020,12:00,140
10/19/2020,18:00,900
10/20/2020,0:00,247
10/20/2020,6:00,0
10/20/2020,12:00,140
10/20/2020,18:00,880
10/21/2020,0:00,243
10/21/2020,6:00,0
10/21/2020,12:00,120
10/21/2020,18:00,780
10/22/2020,0:00,244
10/22/2020,6:00,0
10/22/2020,12:00,140
10/22/2020,18:00,420
10/23/2020,0:00,236
10/23/2020,6:00,0
10/23/2020,12:00,90
10/23/2020,18:00,580
10/24/2020,0:00,148
10/24/2020,6:00,0
10/24/2020,12:00,120
10/24/2020,18:00,820
10/25/2020,0:00,237
10/25/2020,6:00,0
10/25/2020,12:00,147
10/25/2020,18:00,870
10/26/2020,0:00,220
10/26/2020,6:00,0
10/26/2020,12:00,16
10/26/2020,18:00,160
10/27/2020,0:00,27
10/27/2020,6:00,0
10/27/2020,12:00,80
10/27/2020,18:00,870
10/28/2020,0:00,272
10/28/2020,6:00,0
10/28/2020,12:00,160
10/28/2020,18:00,950
10/29/2020,0:00,270
10/29/2020,6:00,0
10/29/2020,12:00,130
10/29/2020,18:00,800
10/30/2020,0:00,214
10/30/2020,6:00,0
10/30/2020,12:00,160
10/30/2020,18:00,960
10/31/2020,0:00,254
10/31/2020,6:00,0
10/31/2020,12:00,160
10/31/2020,18:00,870
11/1/2020,0:00,219
11/1/2020,6:00,0
11/1/2020,12:00,160
11/1/2020,18:00,960
11/2/2020,0:00,278
11/2/2020,6:00,0
11/2/2020,12:00,170
11/2/2020,18:00,950
11/3/2020,0:00,277
11/3/2020,6:00,0
11/3/2020,12:00,170
11/3/2020,18:00,950
11/4/2020,0:00,275
11/4/2020,6:00,0
11/4/2020,12:00,170
11/4/2020,18:00,970
11/5/2020,0:00,285
11/5/2020,6:00,0
11/5/2020,12:00,170
11/5/2020,18:00,970
11/6/2020,0:00,283
11/6/2020,6:00,0
11/6/2020,12:00,170
11/6/2020,18:00,970
11/7/2020,0:00,284
11/7/2020,6:00,0
11/7/2020,12:00,150
11/7/2020,18:00,940
11/8/2020,0:00,229
11/8/2020,6:00,0
11/8/2020,12:00,160
11/8/2020,18:00,910
11/9/2020,0:00,215
11/9/2020,6:00,0
11/9/2020,12:00,80
11/9/2020,18:00,490
11/10/2020,0:00,164
11/10/2020,6:00,0
11/10/2020,12:00,50
11/10/2020,18:00,710
11/11/2020,0:00,239
11/11/2020,6:00,0
11/11/2020,12:00,60
11/11/2020,18:00,690
11/12/2020,0:00,162
11/12/2020,6:00,0
11/12/2020,12:00,170
11/12/2020,18:00,950
11/13/2020,0:00,290
11/13/2020,6:00,0
11/13/2020,12:00,180
11/13/2020,18:00,960
11/14/2020,0:00,290
11/14/2020,6:00,0
11/14/2020,12:00,170
11/14/2020,18:00,950
11/15/2020,0:00,65
11/15/2020,6:00,0
11/15/2020,12:00,80
11/15/2020,18:00,720
11/16/2020,0:00,185
11/16/2020,6:00,0
11/16/2020,12:00,140
11/16/2020,18:00,880
11/17/2020,0:00,294
11/17/2020,6:00,0
11/17/2020,12:00,190
11/17/2020,18:00,960
11/18/2020,0:00,261
11/18/2020,6:00,0
11/18/2020,12:00,120
11/18/2020,18:00,870
11/19/2020,0:00,166
11/19/2020,6:00,0
11/19/2020,12:00,180
11/19/2020,18:00,900
11/20/2020,0:00,199
11/20/2020,6:00,0
11/20/2020,12:00,180
11/20/2020,18:00,970
11/21/2020,0:00,243
11/21/2020,6:00,0
11/21/2020,12:00,180
11/21/2020,18:00,980
11/22/2020,0:00,310
11/22/2020,6:00,0
11/22/2020,12:00,180
11/22/2020,18:00,990
11/23/2020,0:00,310
11/23/2020,6:00,0
11/23/2020,12:00,180
11/23/2020,18:00,970
11/24/2020,0:00,310
11/24/2020,6:00,0
11/24/2020,12:00,180
11/24/2020,18:00,940
11/25/2020,0:00,309
11/25/2020,6:00,0
11/25/2020,12:00,140
11/25/2020,18:00,580
11/26/2020,0:00,37
11/26/2020,6:00,0
11/26/2020,12:00,60
11/26/2020,18:00,270
11/27/2020,0:00,289
11/27/2020,6:00,0
11/27/2020,12:00,170
11/27/2020,18:00,950
11/28/2020,0:00,304
11/28/2020,6:00,0
11/28/2020,12:00,170
11/28/2020,18:00,810
11/29/2020,0:00,168
11/29/2020,6:00,0
11/29/2020,12:00,160
11/29/2020,18:00,900
11/30/2020,0:00,270
11/30/2020,6:00,0
11/30/2020,12:00,110
11/30/2020,18:00,850
12/1/2020,0:00,297
12/1/2020,6:00,0
12/1/2020,12:00,140
12/1/2020,18:00,970
12/2/2020,0:00,319
12/2/2020,6:00,0
12/2/2020,12:00,170
12/2/2020,18:00,710
12/3/2020,0:00,22
12/3/2020,6:00,0
12/3/2020,12:00,120
12/3/2020,18:00,920
12/4/2020,0:00,320
12/4/2020,6:00,0
12/4/2020,12:00,190
12/4/2020,18:00,990
12/5/2020,0:00,175
12/5/2020,6:00,0
12/5/2020,12:00,120
12/5/2020,18:00,930
12/6/2020,0:00,330
12/6/2020,6:00,0
12/6/2020,12:00,180
12/6/2020,18:00,910
12/7/2020,0:00,330
12/7/2020,6:00,0
12/7/2020,12:00,140
12/7/2020,18:00,820
12/8/2020,0:00,340
12/8/2020,6:00,0
12/8/2020,12:00,180
12/8/2020,18:00,990
12/9/2020,0:00,337
12/9/2020,6:00,0
12/9/2020,12:00,180
12/9/2020,18:00,980
12/10/2020,0:00,338
12/10/2020,6:00,0
12/10/2020,12:00,180
12/10/2020,18:00,990
12/11/2020,0:00,345
12/11/2020,6:00,0
12/11/2020,12:00,180
12/11/2020,18:00,990
12/12/2020,0:00,320
12/12/2020,6:00,0
12/12/2020,12:00,170
12/12/2020,18:00,970
12/13/2020,0:00,180
12/13/2020,6:00,0
12/13/2020,12:00,140
12/13/2020,18:00,230
12/14/2020,0:00,190
12/14/2020,6:00,0
12/14/2020,12:00,140
12/14/2020,18:00,940
12/15/2020,0:00,350
12/15/2020,6:00,0
12/15/2020,12:00,180
12/15/2020,18:00,980
12/16/2020,0:00,340
12/16/2020,6:00,0
12/16/2020,12:00,150
12/16/2020,18:00,750
12/17/2020,0:00,60
12/17/2020,6:00,0
12/17/2020,12:00,170
12/17/2020,18:00,990
12/18/2020,0:00,350
12/18/2020,6:00,0
12/18/2020,12:00,170
12/18/2020,18:00,970
12/19/2020,0:00,350
12/19/2020,6:00,0
12/19/2020,12:00,30
12/19/2020,18:00,420
12/20/2020,0:00,176
12/20/2020,6:00,0
12/20/2020,12:00,160
12/20/2020,18:00,890
12/21/2020,0:00,290
12/21/2020,6:00,0
12/21/2020,12:00,180
12/21/2020,18:00,1020
12/22/2020,0:00,370
12/22/2020,6:00,0
12/22/2020,12:00,180
12/22/2020,18:00,1020
12/23/2020,0:00,371
12/23/2020,6:00,0
12/23/2020,12:00,170
12/23/2020,18:00,1000
12/24/2020,0:00,370
12/24/2020,6:00,0
12/24/2020,12:00,170
12/24/2020,18:00,1000
12/25/2020,0:00,367
12/25/2020,6:00,0
12/25/2020,12:00,160
12/25/2020,18:00,960
12/26/2020,0:00,283
12/26/2020,6:00,0
12/26/2020,12:00,140
12/26/2020,18:00,800
12/27/2020,0:00,99
12/27/2020,6:00,0
12/27/2020,12:00,160
12/27/2020,18:00,950
12/28/2020,0:00,350
12/28/2020,6:00,0
12/28/2020,12:00,160
12/28/2020,18:00,970
12/29/2020,0:00,360
12/29/2020,6:00,0
12/29/2020,12:00,160
12/29/2020,18:00,950
12/30/2020,0:00,280
12/30/2020,6:00,0
12/30/2020,12:00,160
12/30/2020,18:00,790
12/31/2020,0:00,140
12/31/2020,6:00,0
12/31/2020,12:00,170
12/31/2020,18:00,1010
1/1/2021,0:00,380
1/1/2021,6:00,0
1/1/2021,12:00,160
1/1/2021,18:00,990
1/2/2021,0:00,370
1/2/2021,6:00,0
1/2/2021,12:00,160
1/2/2021,18:00,990
1/3/2021,0:00,370
1/3/2021,6:00,0
1/3/2021,12:00,160
1/3/2021,18:00,990
1/4/2021,0:00,370
1/4/2021,6:00,0
1/4/2021,12:00,130
1/4/2021,18:00,720
1/5/2021,0:00,140
1/5/2021,6:00,0
1/5/2021,12:00,110
1/5/2021,18:00,880
1/6/2021,0:00,300
1/6/2021,6:00,0
1/6/2021,12:00,135
1/6/2021,18:00,750
1/7/2021,0:00,349
1/7/2021,6:00,0
1/7/2021,12:00,150
1/7/2021,18:00,970
1/8/2021,0:00,370
1/8/2021,6:00,0
1/8/2021,12:00,160
1/8/2021,18:00,990
1/9/2021,0:00,383
1/9/2021,6:00,0
1/9/2021,12:00,150
1/9/2021,18:00,840
1/10/2021,0:00,131
1/10/2021,6:00,0
1/10/2021,12:00,140
1/10/2021,18:00,960
1/11/2021,0:00,369
1/11/2021,6:00,0
1/11/2021,12:00,110
1/11/2021,18:00,900
1/12/2021,0:00,203
1/12/2021,6:00,0
1/12/2021,12:00,50
1/12/2021,18:00,390
1/13/2021,0:00,117
1/13/2021,6:00,0
1/13/2021,12:00,130
1/13/2021,18:00,950
1/14/2021,0:00,367
1/14/2021,6:00,0
1/14/2021,12:00,140
1/14/2021,18:00,960
1/15/2021,0:00,369
1/15/2021,6:00,0
1/15/2021,12:00,140
1/15/2021,18:00,860
1/16/2021,0:00,221
1/16/2021,6:00,0
1/16/2021,12:00,130
1/16/2021,18:00,890
1/17/2021,0:00,250
1/17/2021,6:00,0
1/17/2021,12:00,130
1/17/2021,18:00,810
1/18/2021,0:00,370
1/18/2021,6:00,0
1/18/2021,12:00,140
1/18/2021,18:00,980
1/19/2021,0:00,382
1/19/2021,6:00,0
1/19/2021,12:00,140
1/19/2021,18:00,990
1/20/2021,0:00,385
1/20/2021,6:00,0
1/20/2021,12:00,130
1/20/2021,18:00,940
1/21/2021,0:00,341
1/21/2021,6:00,0
1/21/2021,12:00,127
1/21/2021,18:00,870
1/22/2021,0:00,324
1/22/2021,6:00,0
1/22/2021,12:00,130
1/22/2021,18:00,720
1/23/2021,0:00,159
1/23/2021,6:00,0
1/23/2021,12:00,130
1/23/2021,18:00,930
1/24/2021,0:00,249
1/24/2021,6:00,0
1/24/2021,12:00,120
1/24/2021,18:00,810
1/25/2021,0:00,233
1/25/2021,6:00,0
1/25/2021,12:00,120
1/25/2021,18:00,740
1/26/2021,0:00,215
1/26/2021,6:00,0
1/26/2021,12:00,90
1/26/2021,18:00,300
1/27/2021,0:00,15
1/27/2021,6:00,0
1/27/2021,12:00,60
1/27/2021,18:00,590
1/28/2021,0:00,111
1/28/2021,6:00,0
1/28/2021,12:00,120
1/28/2021,18:00,900
1/29/2021,0:00,345
1/29/2021,6:00,0
1/29/2021,12:00,50
1/29/2021,18:00,870
1/30/2021,0:00,218
1/30/2021,6:00,0
1/30/2021,12:00,120
1/30/2021,18:00,910
1/31/2021,0:00,279
1/31/2021,6:00,0
1/31/2021,12:00,110
1/31/2021,18:00,620
2/1/2021,0:00,327
2/1/2021,6:00,0
2/1/2021,12:00,110
2/1/2021,18:00,900
2/2/2021,0:00,224
2/2/2021,6:00,0
2/2/2021,12:00,60
2/2/2021,18:00,720
2/3/2021,0:00,109
2/3/2021,6:00,0
2/3/2021,12:00,80
2/3/2021,18:00,450
2/4/2021,0:00,60
2/4/2021,6:00,0
2/4/2021,12:00,19
2/4/2021,18:00,850
2/5/2021,0:00,333
2/5/2021,6:00,0
2/5/2021,12:00,116
2/5/2021,18:00,940
2/6/2021,0:00,356
2/6/2021,6:00,0
2/6/2021,12:00,116
2/6/2021,18:00,940
2/7/2021,0:00,355
2/7/2021,6:00,0
2/7/2021,12:00,114
2/7/2021,18:00,930
2/8/2021,0:00,349
2/8/2021,6:00,0
2/8/2021,12:00,110
2/8/2021,18:00,920
2/9/2021,0:00,347
2/9/2021,6:00,0
2/9/2021,12:00,93
2/9/2021,18:00,590
2/10/2021,0:00,147
2/10/2021,6:00,0
2/10/2021,12:00,94
2/10/2021,18:00,800
2/11/2021,0:00,294
2/11/2021,6:00,0
2/11/2021,12:00,55
2/11/2021,18:00,360
2/12/2021,0:00,268
2/12/2021,6:00,0
2/12/2021,12:00,32
2/12/2021,18:00,780
2/13/2021,0:00,260
2/13/2021,6:00,0
2/13/2021,12:00,103
2/13/2021,18:00,760
2/14/2021,0:00,140
2/14/2021,6:00,0
2/14/2021,12:00,53
2/14/2021,18:00,789
2/15/2021,0:00,244
2/15/2021,6:00,0
2/15/2021,12:00,91
2/15/2021,18:00,840
2/16/2021,0:00,322
2/16/2021,6:00,0
2/16/2021,12:00,101
2/16/2021,18:00,880
2/17/2021,0:00,329
2/17/2021,6:00,0
2/17/2021,12:00,104
2/17/2021,18:00,910
2/18/2021,0:00,282
2/18/2021,6:00,0
2/18/2021,12:00,98
2/18/2021,18:00,676
2/19/2021,0:00,155
2/19/2021,6:00,0
2/19/2021,12:00,102
2/19/2021,18:00,899
2/20/2021,0:00,318
2/20/2021,6:00,0
2/20/2021,12:00,91
2/20/2021,18:00,797
2/21/2021,0:00,228
2/21/2021,6:00,0
2/21/2021,12:00,98
2/21/2021,18:00,886
2/22/2021,0:00,318
2/22/2021,6:00,0
2/22/2021,12:00,87
2/22/2021,18:00,556
2/23/2021,0:00,308
2/23/2021,6:00,0
2/23/2021,12:00,82
2/23/2021,18:00,560
2/24/2021,0:00,31
2/24/2021,6:00,0
2/24/2021,12:00,93
2/24/2021,18:00,872
2/25/2021,0:00,301
2/25/2021,6:00,0
2/25/2021,12:00,96
2/25/2021,18:00,891
2/26/2021,0:00,316
2/26/2021,6:00,0
2/26/2021,12:00,90
2/26/2021,18:00,859
2/27/2021,0:00,299
2/27/2021,6:00,0
2/27/2021,12:00,90
2/27/2021,18:00,836
2/28/2021,0:00,288
2/28/2021,6:00,0
2/28/2021,12:00,89
2/28/2021,18:00,863
3/1/2021,0:00,298
3/1/2021,6:00,0
3/1/2021,12:00,86
3/1/2021,18:00,846
3/2/2021,0:00,285
3/2/2021,6:00,0
3/2/2021,12:00,79
3/2/2021,18:00,807
3/3/2021,0:00,227
3/3/2021,6:00,0
3/3/2021,12:00,75
3/3/2021,18:00,743
3/4/2021,0:00,172
3/4/2021,6:00,0
3/4/2021,12:00,30
3/4/2021,18:00,110
3/5/2021,0:00,179
3/5/2021,6:00,0
3/5/2021,12:00,80
3/5/2021,18:00,680
3/6/2021,0:00,283
3/6/2021,6:00,0
3/6/2021,12:00,85
3/6/2021,18:00,858
3/7/2021,0:00,290
3/7/2021,6:00,0
3/7/2021,12:00,80
3/7/2021,18:00,852
3/8/2021,0:00,283
3/8/2021,6:00,0
3/8/2021,12:00,80
3/8/2021,18:00,839
3/9/2021,0:00,261
3/9/2021,6:00,0
3/9/2021,12:00,80
3/9/2021,18:00,834
3/10/2021,0:00,273
3/10/2021,6:00,0
3/10/2021,12:00,80
3/10/2021,18:00,828
3/11/2021,0:00,273
3/11/2021,6:00,0
3/11/2021,12:00,80
3/11/2021,18:00,824
3/12/2021,0:00,270
3/12/2021,6:00,0
3/12/2021,12:00,80
3/12/2021,18:00,786
3/13/2021,0:00,264
3/13/2021,6:00,0
3/13/2021,12:00,80
3/13/2021,18:00,803
3/14/2021,0:00,224
3/14/2021,6:00,0
3/14/2021,12:00,70
3/14/2021,18:00,794
3/15/2021,0:00,88
3/15/2021,6:00,0
3/15/2021,12:00,73
3/15/2021,18:00,795
3/16/2021,0:00,252
3/16/2021,6:00,0
3/16/2021,12:00,60
3/16/2021,18:00,678
3/17/2021,0:00,116
3/17/2021,6:00,0
3/17/2021,12:00,64
3/17/2021,18:00,604
3/18/2021,0:00,227
3/18/2021,6:00,0
3/18/2021,12:00,73
3/18/2021,18:00,758
3/19/2021,0:00,247
3/19/2021,6:00,0
3/19/2021,12:00,57
3/19/2021,18:00,730
3/20/2021,0:00,222
3/20/2021,6:00,0
3/20/2021,12:00,70
3/20/2021,18:00,759
3/21/2021,0:00,68
3/21/2021,6:00,0
3/21/2021,12:00,0
3/21/2021,18:00,300
3/22/2021,0:00,116
3/22/2021,6:00,0
3/22/2021,12:00,50
3/22/2021,18:00,370.624
3/23/2021,0:00,31.968
3/23/2021,6:00,0
3/23/2021,12:00,12.84
3/23/2021,18:00,307.584
3/24/2021,0:00,139.104
3/24/2021,6:00,0
3/24/2021,12:00,64.88
3/24/2021,18:00,745.088
3/25/2021,0:00,219.2
3/25/2021,6:00,0
3/25/2021,12:00,64.7
3/25/2021,18:00,731.312
3/26/2021,0:00,201.392
3/26/2021,6:00,0
3/26/2021,12:00,53.22
3/26/2021,18:00,155.44
3/27/2021,0:00,42.512
3/27/2021,6:00,0
3/27/2021,12:00,3.16
3/27/2021,18:00,48.576
3/28/2021,0:00,8.592
3/28/2021,6:00,0
3/28/2021,12:00,63.48
3/28/2021,18:00,756.576
3/29/2021,0:00,218.656
3/29/2021,6:00,0
3/29/2021,12:00,63.952
3/29/2021,18:00,750.464
3/30/2021,0:00,209.072
3/30/2021,6:00,0
3/30/2021,12:00,54.576
3/30/2021,18:00,419.696
3/31/2021,0:00,83.04
3/31/2021,6:00,0
3/31/2021,12:00,62.96
3/31/2021,18:00,746.976
4/1/2021,0:00,210.544
4/1/2021,6:00,0
4/1/2021,12:00,61.14
4/1/2021,18:00,737.264
4/2/2021,0:00,205.936
4/2/2021,6:00,0
4/2/2021,12:00,58.064
4/2/2021,18:00,717.536
4/3/2021,0:00,126.896
4/3/2021,6:00,0
4/3/2021,12:00,53.216
4/3/2021,18:00,690.432
4/4/2021,0:00,190.784
4/4/2021,6:00,0
4/4/2021,12:00,49.1
4/4/2021,18:00,627.408
4/5/2021,0:00,171.984
4/5/2021,6:00,0
4/5/2021,12:00,48.912
4/5/2021,18:00,277.744
4/6/2021,0:00,51.392
4/6/2021,6:00,0
4/6/2021,12:00,37.56
4/6/2021,18:00,666.16
4/7/2021,0:00,133.136
4/7/2021,6:00,0
4/7/2021,12:00,55.56
4/7/2021,18:00,699.584
4/8/2021,0:00,186.848
4/8/2021,6:00,0
4/8/2021,12:00,53.02
4/8/2021,18:00,554.16
4/9/2021,0:00,148.08
4/9/2021,6:00,0
4/9/2021,12:00,52.6
4/9/2021,18:00,619.904
4/10/2021,0:00,170.736
4/10/2021,6:00,0
4/10/2021,12:00,33
4/10/2021,18:00,632.928
4/11/2021,0:00,170.432
4/11/2021,6:00,0
4/11/2021,12:00,47.52
4/11/2021,18:00,203.248
4/12/2021,0:00,136.272
4/12/2021,6:00,0
4/12/2021,12:00,53.856
4/12/2021,18:00,701.472
4/13/2021,0:00,179.808
4/13/2021,6:00,0
4/13/2021,12:00,52.208
4/13/2021,18:00,672.416
4/14/2021,0:00,37.264
4/14/2021,6:00,0
4/14/2021,12:00,49.776
4/14/2021,18:00,652.288
4/15/2021,0:00,161.52
4/15/2021,6:00,0
4/15/2021,12:00,42.832
4/15/2021,18:00,617.872
4/16/2021,0:00,148.816
4/16/2021,6:00,0
4/16/2021,12:00,37.888
4/16/2021,18:00,333.024
4/17/2021,0:00,139.92
4/17/2021,6:00,0
4/17/2021,12:00,47.52
4/17/2021,18:00,640.224
4/18/2021,0:00,89.824
4/18/2021,6:00,0
4/18/2021,12:00,48.704
4/18/2021,18:00,652.864
4/19/2021,0:00,160.592
4/19/2021,6:00,0
4/19/2021,12:00,46.96
4/19/2021,18:00,649.168
4/20/2021,0:00,157.648
4/20/2021,6:00,0
4/20/2021,12:00,47.424
4/20/2021,18:00,647.056
4/21/2021,0:00,154.96
4/21/2021,6:00,0
4/21/2021,12:00,46.256
4/21/2021,18:00,644.352
4/22/2021,0:00,153.856
4/22/2021,6:00,0
4/22/2021,12:00,44.96
4/22/2021,18:00,542.832
4/23/2021,0:00,99.872
4/23/2021,6:00,0
4/23/2021,12:00,44.576
4/23/2021,18:00,625.248
4/24/2021,0:00,144.272
4/24/2021,6:00,0
4/24/2021,12:00,17.6
4/24/2021,18:00,179.6
4/25/2021,0:00,35.216
4/25/2021,6:00,0
4/25/2021,12:00,24.944
4/25/2021,18:00,608.224
4/26/2021,0:00,147.072
4/26/2021,6:00,0
4/26/2021,12:00,41.824
4/26/2021,18:00,628.432
4/27/2021,0:00,146.144
4/27/2021,6:00,0
4/27/2021,12:00,42.88
4/27/2021,18:00,625.744
4/28/2021,0:00,143.216
4/28/2021,6:00,0
4/28/2021,12:00,43.28
4/28/2021,18:00,630.208
4/29/2021,0:00,143.84
4/29/2021,6:00,0
4/29/2021,12:00,43.264
4/29/2021,18:00,631.92
4/30/2021,0:00,143.168
4/30/2021,6:00,0
4/30/2021,12:00,41.792
4/30/2021,18:00,619.104
5/1/2021,0:00,139.088
5/1/2021,6:00,0
5/1/2021,12:00,40.224
5/1/2021,18:00,605.28
5/2/2021,0:00,134.144
5/2/2021,6:00,0
5/2/2021,12:00,34.736
5/2/2021,18:00,483.04
5/3/2021,0:00,118.128
5/3/2021,6:00,0
5/3/2021,12:00,36.704
5/3/2021,18:00,573.008
5/4/2021,0:00,113.68
5/4/2021,6:00,0
5/4/2021,12:00,10.592
5/4/2021,18:00,67.008
5/5/2021,0:00,22.816
5/5/2021,6:00,0
5/5/2021,12:00,5.456
5/5/2021,18:00,40.368
5/6/2021,0:00,7.072
5/6/2021,6:00,0
5/6/2021,12:00,22.432
5/6/2021,18:00,563.36
5/7/2021,0:00,128.032
5/7/2021,6:00,0
5/7/2021,12:00,37.552
5/7/2021,18:00,595.696
5/8/2021,0:00,128.416
5/8/2021,6:00,0
5/8/2021,12:00,36.464
5/8/2021,18:00,589.344
5/9/2021,0:00,125.376
5/9/2021,6:00,0
5/9/2021,12:00,34.448
5/9/2021,18:00,294.752
5/10/2021,0:00,11.84
5/10/2021,6:00,0
5/10/2021,12:00,5.904
5/10/2021,18:00,126
5/11/2021,0:00,4.736
5/11/2021,6:00,0
5/11/2021,12:00,27.68
5/11/2021,18:00,497.952
5/12/2021,0:00,94.256
5/12/2021,6:00,0
5/12/2021,12:00,34.384
5/12/2021,18:00,577.36
5/13/2021,0:00,121.568
5/13/2021,6:00,0
5/13/2021,12:00,34.336
5/13/2021,18:00,575.712
5/14/2021,0:00,110.88
5/14/2021,6:00,0
5/14/2021,12:00,26.064
5/14/2021,18:00,573.792
5/15/2021,0:00,118.432
5/15/2021,6:00,0
5/15/2021,12:00,31.52
5/15/2021,18:00,546.864
5/16/2021,0:00,111.824
5/16/2021,6:00,0
5/16/2021,12:00,23.536
5/16/2021,18:00,461.776
5/17/2021,0:00,107.888
5/17/2021,6:00,0
5/17/2021,12:00,26.94
5/17/2021,18:00,537.792
5/18/2021,0:00,111.968
5/18/2021,6:00,0
5/18/2021,12:00,30.656
5/18/2021,18:00,549.92
5/19/2021,0:00,112.48
5/19/2021,6:00,0
5/19/2021,12:00,20.432
5/19/2021,18:00,400.608
5/20/2021,0:00,93.008
5/20/2021,6:00,0
5/20/2021,12:00,19.056
5/20/2021,18:00,194.784
5/21/2021,0:00,60.096
5/21/2021,6:00,0
5/21/2021,12:00,5.248
5/21/2021,18:00,80.016
5/22/2021,0:00,3.12
5/22/2021,6:00,0
5/22/2021,12:00,7.18
5/22/2021,18:00,227.632
5/23/2021,0:00,84.288
5/23/2021,6:00,0
5/23/2021,12:00,2.784
5/23/2021,18:00,212.432
5/24/2021,0:00,49.68
5/24/2021,6:00,0
5/24/2021,12:00,27.12
5/24/2021,18:00,528.624
5/25/2021,0:00,105.408
5/25/2021,6:00,0
5/25/2021,12:00,27.184
5/25/2021,18:00,531.088
5/26/2021,0:00,106.864
5/26/2021,6:00,0
5/26/2021,12:00,26.432
5/26/2021,18:00,523.904
5/27/2021,0:00,105.264
5/27/2021,6:00,0
5/27/2021,12:00,25.328
5/27/2021,18:00,512.16
5/28/2021,0:00,101.408
5/28/2021,6:00,0
5/28/2021,12:00,3.152
5/28/2021,18:00,68
5/29/2021,0:00,25.856
5/29/2021,6:00,0
5/29/2021,12:00,24
5/29/2021,18:00,510.96
5/30/2021,0:00,101.808
5/30/2021,6:00,0
5/30/2021,12:00,25.088
5/30/2021,18:00,514.688
5/31/2021,0:00,102.832
5/31/2021,6:00,0
5/31/2021,12:00,24.4
5/31/2021,18:00,508.288
6/1/2021,0:00,100.464
6/1/2021,6:00,0
6/1/2021,12:00,23.216
6/1/2021,18:00,494.72
6/2/2021,0:00,87.008
6/2/2021,6:00,0
6/2/2021,12:00,19.664
6/2/2021,18:00,382.256
6/3/2021,0:00,76.336
6/3/2021,6:00,0
6/3/2021,12:00,22.48
6/3/2021,18:00,494.688
6/4/2021,0:00,98.048
6/4/2021,6:00,0
6/4/2021,12:00,20.672
6/4/2021,18:00,471.856
6/5/2021,0:00,92.864
6/5/2021,6:00,0
6/5/2021,12:00,20.4
6/5/2021,18:00,344.256
6/6/2021,0:00,6.464
6/6/2021,6:00,0
6/6/2021,12:00,9.584
6/6/2021,18:00,312.032
6/7/2021,0:00,79.152
6/7/2021,6:00,0
6/7/2021,12:00,8.92
6/7/2021,18:00,463.632
6/8/2021,0:00,67.616
6/8/2021,6:00,0
6/8/2021,12:00,3.88
6/8/2021,18:00,101.728
6/9/2021,0:00,27.328
6/9/2021,6:00,0
6/9/2021,12:00,3.664
6/9/2021,18:00,177.136
6/10/2021,0:00,25.248
6/10/2021,6:00,0
6/10/2021,12:00,8.336
6/10/2021,18:00,374.672
6/11/2021,0:00,33.78
6/11/2021,6:00,0
6/11/2021,12:00,20.512
6/11/2021,18:00,468.32
6/12/2021,0:00,80.064
6/12/2021,6:00,0
6/12/2021,12:00,19.584
6/12/2021,18:00,476.688
6/13/2021,0:00,94.736
6/13/2021,6:00,0
6/13/2021,12:00,19.84
6/13/2021,18:00,483.648
6/14/2021,0:00,96.752
6/14/2021,6:00,0
6/14/2021,12:00,19.46
6/14/2021,18:00,477.408
6/15/2021,0:00,95.472
6/15/2021,6:00,0
6/15/2021,12:00,16.096
6/15/2021,18:00,227.2
6/16/2021,0:00,20.416
6/16/2021,6:00,0
6/16/2021,12:00,19.52
6/16/2021,18:00,479.712
6/17/2021,0:00,92.368
6/17/2021,6:00,0
6/17/2021,12:00,18.88
6/17/2021,18:00,477.744
6/18/2021,0:00,96.592
6/18/2021,6:00,0
6/18/2021,12:00,16.12
6/18/2021,18:00,428.944
6/19/2021,0:00,59.888
6/19/2021,6:00,0
6/19/2021,12:00,1.92
6/19/2021,18:00,55.056
6/20/2021,0:00,32.88
6/20/2021,6:00,0
6/20/2021,12:00,18.02
6/20/2021,18:00,470.256
6/21/2021,0:00,95.856
6/21/2021,6:00,0
6/21/2021,12:00,15.232
6/21/2021,18:00,446.112
6/22/2021,0:00,95.344
6/22/2021,6:00,0
6/22/2021,12:00,17.312
6/22/2021,18:00,409.984
6/23/2021,0:00,43.04
6/23/2021,6:00,0
6/23/2021,12:00,1.856
6/23/2021,18:00,63.056
6/24/2021,0:00,17.296
6/24/2021,6:00,0
6/24/2021,12:00,2.016
6/24/2021,18:00,178.256
6/25/2021,0:00,83.728
6/25/2021,6:00,0
6/25/2021,12:00,18.208
6/25/2021,18:00,482.16
6/26/2021,0:00,88.304
6/26/2021,6:00,0
6/26/2021,12:00,0.864
6/26/2021,18:00,29.168
6/27/2021,0:00,1.776
6/27/2021,6:00,0
6/27/2021,12:00,2.592
6/27/2021,18:00,225.328
6/28/2021,0:00,86.096
6/28/2021,6:00,0
6/28/2021,12:00,18.848
6/28/2021,18:00,491.536
6/29/2021,0:00,58
6/29/2021,6:00,0
6/29/2021,12:00,18.208
6/29/2021,18:00,465.408
6/30/2021,0:00,53.056
6/30/2021,6:00,0
6/30/2021,12:00,17.84
6/30/2021,18:00,485.2
7/1/2021,0:00,94.624
7/1/2021,6:00,0
7/1/2021,12:00,17.152
7/1/2021,18:00,491.056
7/2/2021,0:00,102.944
7/2/2021,6:00,0
7/2/2021,12:00,14.336
7/2/2021,18:00,441.648
7/3/2021,0:00,84.464
7/3/2021,6:00,0
7/3/2021,12:00,18.64
7/3/2021,18:00,487.408
7/4/2021,0:00,79.696
7/4/2021,6:00,0
7/4/2021,12:00,16.096
7/4/2021,18:00,398.432
7/5/2021,0:00,86.656
7/5/2021,6:00,0
7/5/2021,12:00,17.52
7/5/2021,18:00,472.224
7/6/2021,0:00,99.392
7/6/2021,6:00,0
7/6/2021,12:00,17.472
7/6/2021,18:00,476.416
7/7/2021,0:00,102.72
7/7/2021,6:00,0
7/7/2021,12:00,17.856
7/7/2021,18:00,447.072
7/8/2021,0:00,86.736
7/8/2021,6:00,0
7/8/2021,12:00,17.696
7/8/2021,18:00,477.664
7/9/2021,0:00,103.744
7/9/2021,6:00,0
7/9/2021,12:00,18.512
7/9/2021,18:00,492.416
7/10/2021,0:00,107.744
7/10/2021,6:00,0
7/10/2021,12:00,13.568
7/10/2021,18:00,319.984
7/11/2021,0:00,63.456
7/11/2021,6:00,0
7/11/2021,12:00,17.76
7/11/2021,18:00,351.808
7/12/2021,0:00,96.208
7/12/2021,6:00,0
7/12/2021,12:00,14.848
7/12/2021,18:00,452.368
7/13/2021,0:00,107.76
7/13/2021,6:00,0
7/13/2021,12:00,8.656
7/13/2021,18:00,312.992
7/14/2021,0:00,80.416
7/14/2021,6:00,0
7/14/2021,12:00,14.08
7/14/2021,18:00,218.288
7/15/2021,0:00,20.656
7/15/2021,6:00,0
7/15/2021,12:00,2.656
7/15/2021,18:00,300.32
7/16/2021,0:00,91.792
7/16/2021,6:00,0
7/16/2021,12:00,19.936
7/16/2021,18:00,510.368
7/17/2021,0:00,114.464
7/17/2021,6:00,0
7/17/2021,12:00,20.416
7/17/2021,18:00,508.96
7/18/2021,0:00,41.824
7/18/2021,6:00,0
7/18/2021,12:00,21.776
7/18/2021,18:00,533.76
7/19/2021,0:00,121.696
7/19/2021,6:00,0
7/19/2021,12:00,21.68
7/19/2021,18:00,531.552
7/20/2021,0:00,121.84
7/20/2021,6:00,0
7/20/2021,12:00,21.92
7/20/2021,18:00,454.256
7/21/2021,0:00,113.488
7/21/2021,6:00,0
7/21/2021,12:00,23.184
7/21/2021,18:00,546.528
7/22/2021,0:00,125.76
7/22/2021,6:00,0
7/22/2021,12:00,21.904
7/22/2021,18:00,521.904
7/23/2021,0:00,94.368
7/23/2021,6:00,0
7/23/2021,12:00,22.208
7/23/2021,18:00,527.312
7/24/2021,0:00,123.328
7/24/2021,6:00,0
7/24/2021,12:00,22.192
7/24/2021,18:00,514.56
7/25/2021,0:00,119.632
7/25/2021,6:00,0
7/25/2021,12:00,21.824
7/25/2021,18:00,432.08
7/26/2021,0:00,119.568
7/26/2021,6:00,0
7/26/2021,12:00,6.352
7/26/2021,18:00,252.688
7/27/2021,0:00,30.304
7/27/2021,6:00,0
7/27/2021,12:00,25.12
7/27/2021,18:00,568.24
7/28/2021,0:00,132.576
7/28/2021,6:00,0
7/28/2021,12:00,25.344
7/28/2021,18:00,421.872
7/29/2021,0:00,30.944
7/29/2021,6:00,0
7/29/2021,12:00,25.92
7/29/2021,18:00,561.408
7/30/2021,0:00,133.072
7/30/2021,6:00,0
7/30/2021,12:00,26.272
7/30/2021,18:00,561.232
7/31/2021,0:00,133.92
7/31/2021,6:00,0
7/31/2021,12:00,24.688
7/31/2021,18:00,560.896
8/1/2021,0:00,132.816
8/1/2021,6:00,0
8/1/2021,12:00,26.56
8/1/2021,18:00,557.728
8/2/2021,0:00,134.24
8/2/2021,6:00,0
8/2/2021,12:00,28.4
8/2/2021,18:00,579.36
8/3/2021,0:00,140.384
8/3/2021,6:00,0
8/3/2021,12:00,29.184
8/3/2021,18:00,561.52
8/4/2021,0:00,140.832
8/4/2021,6:00,0
8/4/2021,12:00,25.552
8/4/2021,18:00,521.984
8/5/2021,0:00,103.152
8/5/2021,6:00,0
8/5/2021,12:00,26.704
8/5/2021,18:00,567.008
8/6/2021,0:00,123.728
8/6/2021,6:00,0
8/6/2021,12:00,20.864
8/6/2021,18:00,545.376
8/7/2021,0:00,116.352
8/7/2021,6:00,0
8/7/2021,12:00,29.456
8/7/2021,18:00,568.432
8/8/2021,0:00,138.768
8/8/2021,6:00,0
8/8/2021,12:00,30.56
8/8/2021,18:00,575.216
8/9/2021,0:00,140.72
8/9/2021,6:00,0
8/9/2021,12:00,11.104
8/9/2021,18:00,394.704
8/10/2021,0:00,107.744
8/10/2021,6:00,0
8/10/2021,12:00,3.296
8/10/2021,18:00,125.184
8/11/2021,0:00,38.08
8/11/2021,6:00,0
8/11/2021,12:00,35.28
8/11/2021,18:00,622.32
8/12/2021,0:00,156.064
8/12/2021,6:00,0
8/12/2021,12:00,25.296
8/12/2021,18:00,496.24
8/13/2021,0:00,103.184
8/13/2021,6:00,0
8/13/2021,12:00,34.576
8/13/2021,18:00,603.152
8/14/2021,0:00,132.4
8/14/2021,6:00,0
8/14/2021,12:00,33.024
8/14/2021,18:00,554.496
8/15/2021,0:00,142.688
8/15/2021,6:00,0
8/15/2021,12:00,36.288
8/15/2021,18:00,585.6
8/16/2021,0:00,153.808
8/16/2021,6:00,0
8/16/2021,12:00,38.096
8/16/2021,18:00,612.144
8/17/2021,0:00,142.784
8/17/2021,6:00,0
8/17/2021,12:00,36.656
8/17/2021,18:00,605.152
8/18/2021,0:00,150.176
8/18/2021,6:00,0
8/18/2021,12:00,31.664
8/18/2021,18:00,609.072
8/19/2021,0:00,152.16
8/19/2021,6:00,0
8/19/2021,12:00,39.92
8/19/2021,18:00,624.432
8/20/2021,0:00,156.448
8/20/2021,6:00,0
8/20/2021,12:00,21.76
8/20/2021,18:00,420.944
8/21/2021,0:00,57.968
8/21/2021,6:00,0
8/21/2021,12:00,23.808
8/21/2021,18:00,397.936
8/22/2021,0:00,157.296
8/22/2021,6:00,0
8/22/2021,12:00,42.464
8/22/2021,18:00,207.264
8/23/2021,0:00,59.344
8/23/2021,6:00,0
8/23/2021,12:00,5.84
8/23/2021,18:00,413.648
8/24/2021,0:00,158.64
8/24/2021,6:00,0
8/24/2021,12:00,9.488
8/24/2021,18:00,505.712
8/25/2021,0:00,89.584
8/25/2021,6:00,0
8/25/2021,12:00,6.384
8/25/2021,18:00,59.648
8/26/2021,0:00,3.92
8/26/2021,6:00,0
8/26/2021,12:00,49.616
8/26/2021,18:00,682.272
8/27/2021,0:00,175.68
8/27/2021,6:00,0
8/27/2021,12:00,52.272
8/27/2021,18:00,691.248
8/28/2021,0:00,176.144
8/28/2021,6:00,0
8/28/2021,12:00,51.728
8/28/2021,18:00,674.448
8/29/2021,0:00,144.432
8/29/2021,6:00,0
8/29/2021,12:00,51.792
8/29/2021,18:00,675.44
8/30/2021,0:00,171.072
8/30/2021,6:00,0
8/30/2021,12:00,52.064
8/30/2021,18:00,673.072
8/31/2021,0:00,172.624
8/31/2021,6:00,0
8/31/2021,12:00,54.16
8/31/2021,18:00,683.232
9/1/2021,0:00,172.736
9/1/2021,6:00,0
9/1/2021,12:00,47.744
9/1/2021,18:00,627.856
9/2/2021,0:00,153.408
9/2/2021,6:00,0
9/2/2021,12:00,31.648
9/2/2021,18:00,324.944
9/3/2021,0:00,15.328
9/3/2021,6:00,0
9/3/2021,12:00,22.928
9/3/2021,18:00,404.208
9/4/2021,0:00,148.432
9/4/2021,6:00,0
9/4/2021,12:00,53.088
9/4/2021,18:00,611.232
9/5/2021,0:00,29.392
9/5/2021,6:00,0
9/5/2021,12:00,19.936
9/5/2021,18:00,578.672
9/6/2021,0:00,183.024
9/6/2021,6:00,0
9/6/2021,12:00,45.28
9/6/2021,18:00,592.208
9/7/2021,0:00,28.56
9/7/2021,6:00,0
9/7/2021,12:00,23.056
9/7/2021,18:00,376.528
9/8/2021,0:00,121.328
9/8/2021,6:00,0
9/8/2021,12:00,7.264
9/8/2021,18:00,35.52
9/9/2021,0:00,36.48
9/9/2021,6:00,0
9/9/2021,12:00,10.768
9/9/2021,18:00,218.576
9/10/2021,0:00,144.416
9/10/2021,6:00,0
9/10/2021,12:00,16.448
9/10/2021,18:00,299.936
9/11/2021,0:00,78.112
9/11/2021,6:00,0
9/11/2021,12:00,72.304
9/11/2021,18:00,751.744
9/12/2021,0:00,196.96
9/12/2021,6:00,0
9/12/2021,12:00,67.712
9/12/2021,18:00,678.848
9/13/2021,0:00,182.624
9/13/2021,6:00,0
9/13/2021,12:00,27.648
9/13/2021,18:00,354.912
9/14/2021,0:00,110.864
9/14/2021,6:00,0
9/14/2021,12:00,8.08
9/14/2021,18:00,220.816
9/15/2021,0:00,127.584
9/15/2021,6:00,0
9/15/2021,12:00,82.896
9/15/2021,18:00,791.984
9/16/2021,0:00,206.912
9/16/2021,6:00,0
9/16/2021,12:00,83.504
9/16/2021,18:00,786.64
9/17/2021,0:00,205.232
9/17/2021,6:00,0
9/17/2021,12:00,79.808
9/17/2021,18:00,236.544
9/18/2021,0:00,22.192
9/18/2021,6:00,0
9/18/2021,12:00,46.416
9/18/2021,18:00,726.8
9/19/2021,0:00,134.64
9/19/2021,6:00,0
9/19/2021,12:00,66.368
9/19/2021,18:00,473.056
9/20/2021,0:00,144.368
9/20/2021,6:00,0
9/20/2021,12:00,70.512
9/20/2021,18:00,536.16
9/21/2021,0:00,114.688
9/21/2021,6:00,0
9/21/2021,12:00,62.912
9/21/2021,18:00,719.696
9/22/2021,0:00,188.784
9/22/2021,6:00,0
9/22/2021,12:00,77.136
9/22/2021,18:00,784.032
9/23/2021,0:00,211.008
9/23/2021,6:00,0
9/23/2021,12:00,3.28
9/23/2021,18:00,357.728
9/24/2021,0:00,160
9/24/2021,6:00,0
9/24/2021,12:00,94.032
9/24/2021,18:00,765.408
9/25/2021,0:00,201.936
9/25/2021,6:00,0
9/25/2021,12:00,98.304
9/25/2021,18:00,823.152
9/26/2021,0:00,218.496
9/26/2021,6:00,0
9/26/2021,12:00,100.928
9/26/2021,18:00,830.432
9/27/2021,0:00,221.536
9/27/2021,6:00,0
9/27/2021,12:00,102.512
9/27/2021,18:00,835.024
9/28/2021,0:00,219.184
9/28/2021,6:00,0
9/28/2021,12:00,39.184
9/28/2021,18:00,153.648
9/29/2021,0:00,16.048
9/29/2021,6:00,0
9/29/2021,12:00,79.776
9/29/2021,18:00,342.496
9/30/2021,0:00,92.208
9/30/2021,6:00,0
9/30/2021,12:00,88.48
9/30/2021,18:00,766.48
10/1/2021,0:00,28.432
10/1/2021,6:00,0
10/1/2021,12:00,28.144
10/1/2021,18:00,569.44
10/2/2021,0:00,221.584
10/2/2021,6:00,0
10/2/2021,12:00,88.688
10/2/2021,18:00,761.808
10/3/2021,0:00,95.856
10/3/2021,6:00,0
10/3/2021,12:00,77.216
10/3/2021,18:00,629.26
10/4/2021,0:00,174.784
10/4/2021,6:00,0
10/4/2021,12:00,118.832
10/4/2021,18:00,872.82
10/5/2021,0:00,235.184
10/5/2021,6:00,0
10/5/2021,12:00,119.84
10/5/2021,18:00,877.552
10/6/2021,0:00,235.328
10/6/2021,6:00,0
10/6/2021,12:00,51.344
10/6/2021,18:00,334.128
10/7/2021,0:00,76.496
10/7/2021,6:00,0
10/7/2021,12:00,120.24
10/7/2021,18:00,857.68
10/8/2021,0:00,237.52
10/8/2021,6:00,0
10/8/2021,12:00,72.288
10/8/2021,18:00,617.472
10/9/2021,0:00,184.736
10/9/2021,6:00,0
10/9/2021,12:00,104.02
10/9/2021,18:00,545.264
10/10/2021,0:00,90.32
10/10/2021,6:00,0
10/10/2021,12:00,15.648
10/10/2021,18:00,353.54
10/11/2021,0:00,111.008
10/11/2021,6:00,0
10/11/2021,12:00,17
10/11/2021,18:00,238.66
10/12/2021,0:00,56.432
10/12/2021,6:00,0
10/12/2021,12:00,128.22
10/12/2021,18:00,877.7
10/13/2021,0:00,239.36
10/13/2021,6:00,0
10/13/2021,12:00,103.78
10/13/2021,18:00,747.62
10/14/2021,0:00,23.728
10/14/2021,6:00,0
10/14/2021,12:00,42.416
10/14/2021,18:00,831.92
10/15/2021,0:00,239.584
10/15/2021,6:00,0
10/15/2021,12:00,12.08
10/15/2021,18:00,132.32
10/16/2021,0:00,74.192
10/16/2021,6:00,0
10/16/2021,12:00,125.08
10/16/2021,18:00,873.12
10/17/2021,0:00,245.504
10/17/2021,6:00,0
10/17/2021,12:00,127.04
10/17/2021,18:00,907
10/18/2021,0:00,252.56
10/18/2021,6:00,0
10/18/2021,12:00,143.08
10/18/2021,18:00,915.16
10/19/2021,0:00,253.152
10/19/2021,6:00,0
10/19/2021,12:00,143.104
10/19/2021,18:00,913.72
10/20/2021,0:00,252.752
10/20/2021,6:00,0
10/20/2021,12:00,143.66
10/20/2021,18:00,913.8
10/21/2021,0:00,254.368
10/21/2021,6:00,0
10/21/2021,12:00,145.056
10/21/2021,18:00,916.38
10/22/2021,0:00,256.448
10/22/2021,6:00,0
10/22/2021,12:00,149.1
10/22/2021,18:00,923.48
10/23/2021,0:00,255.936
10/23/2021,6:00,0
10/23/2021,12:00,63.84
10/23/2021,18:00,76.44
10/24/2021,0:00,71.856
10/24/2021,6:00,0
10/24/2021,12:00,153.92
10/24/2021,18:00,936.62
10/25/2021,0:00,264.768
10/25/2021,6:00,0
10/25/2021,12:00,153.5
10/25/2021,18:00,931.92
10/26/2021,0:00,263.28
10/26/2021,6:00,0
10/26/2021,12:00,155.48
10/26/2021,18:00,932.36
10/27/2021,0:00,262.736
10/27/2021,6:00,0
10/27/2021,12:00,154.816
10/27/2021,18:00,929.28
10/28/2021,0:00,264.368
10/28/2021,6:00,0
10/28/2021,12:00,158.528
10/28/2021,18:00,929.92
10/29/2021,0:00,253.024
10/29/2021,6:00,0
10/29/2021,12:00,153.1
10/29/2021,18:00,903.4
10/30/2021,0:00,229.984
10/30/2021,6:00,0
10/30/2021,12:00,130.9
10/30/2021,18:00,873.46
10/31/2021,0:00,115.04
10/31/2021,6:00,0
10/31/2021,12:00,155.6
10/31/2021,18:00,904.3
11/1/2021,0:00,122.72
11/1/2021,6:00,0
11/1/2021,12:00,145.4
11/1/2021,18:00,869.56
11/2/2021,0:00,111.936
11/2/2021,6:00,0
11/2/2021,12:00,146.88
11/2/2021,18:00,896.94
11/3/2021,0:00,223.856
11/3/2021,6:00,0
11/3/2021,12:00,61.28
11/3/2021,18:00,753.34
11/4/2021,0:00,177.152
11/4/2021,6:00,0
11/4/2021,12:00,162.86
11/4/2021,18:00,925.78
11/5/2021,0:00,200.448
11/5/2021,6:00,0
11/5/2021,12:00,99.4
11/5/2021,18:00,447.06
11/6/2021,0:00,101.936
11/6/2021,6:00,0
11/6/2021,12:00,26.48
11/6/2021,18:00,188.58
11/7/2021,0:00,85.264
11/7/2021,6:00,0
11/7/2021,12:00,107.52
11/7/2021,18:00,921.32
11/8/2021,0:00,273.872
11/8/2021,6:00,0
11/8/2021,12:00,164.16
11/8/2021,18:00,949.9
11/9/2021,0:00,281.04
11/9/2021,6:00,0
11/9/2021,12:00,174.06
11/9/2021,18:00,966.34
11/10/2021,0:00,286.528
11/10/2021,6:00,0
11/10/2021,12:00,142.42
11/10/2021,18:00,849.66
11/11/2021,0:00,218.928
11/11/2021,6:00,0
11/11/2021,12:00,172.3
11/11/2021,18:00,951.06
11/12/2021,0:00,284.88
11/12/2021,6:00,0
11/12/2021,12:00,169.84
11/12/2021,18:00,943.6
11/13/2021,0:00,256.976
11/13/2021,6:00,0
11/13/2021,12:00,172.48
11/13/2021,18:00,944.58
11/14/2021,0:00,275.68
11/14/2021,6:00,0
11/14/2021,12:00,129.18
11/14/2021,18:00,337.78
11/15/2021,0:00,61.248
11/15/2021,6:00,0
11/15/2021,12:00,126.32
11/15/2021,18:00,859.82
11/16/2021,0:00,254.272
11/16/2021,6:00,0
11/16/2021,12:00,138.14
11/16/2021,18:00,235.24
11/17/2021,0:00,86.368
11/17/2021,6:00,0
11/17/2021,12:00,10.16
11/17/2021,18:00,713.46
11/18/2021,0:00,287.952
11/18/2021,6:00,0
11/18/2021,12:00,167.4
11/18/2021,18:00,979
11/19/2021,0:00,304.4
11/19/2021,6:00,0
11/19/2021,12:00,182.64
11/19/2021,18:00,983.74
11/20/2021,0:00,306.896
11/20/2021,6:00,0
11/20/2021,12:00,182.92
11/20/2021,18:00,981.88
11/21/2021,0:00,308.304
11/21/2021,6:00,0
11/21/2021,12:00,182.68
11/21/2021,18:00,982.28
11/22/2021,0:00,310.368
11/22/2021,6:00,0
11/22/2021,12:00,181.16
11/22/2021,18:00,968.7
11/23/2021,0:00,296.72
11/23/2021,6:00,0
11/23/2021,12:00,160.72
11/23/2021,18:00,920.4
11/24/2021,0:00,313.856
11/24/2021,6:00,0
11/24/2021,12:00,188.18
11/24/2021,18:00,1004.7
11/25/2021,0:00,321.376
11/25/2021,6:00,0
11/25/2021,12:00,164.74
11/25/2021,18:00,84.84
11/26/2021,0:00,52.816
11/26/2021,6:00,0
11/26/2021,12:00,76.64
11/26/2021,18:00,941.6
11/27/2021,0:00,180.656
11/27/2021,6:00,0
11/27/2021,12:00,177.36
11/27/2021,18:00,969.6
11/28/2021,0:00,309.312
11/28/2021,6:00,0
11/28/2021,12:00,33.6
11/28/2021,18:00,207.78
11/29/2021,0:00,101.02
11/29/2021,6:00,0
11/29/2021,12:00,152.54
11/29/2021,18:00,921.06
11/30/2021,0:00,300.032
11/30/2021,6:00,0
11/30/2021,12:00,182.26
11/30/2021,18:00,990.64
12/1/2021,0:00,328.688
12/1/2021,6:00,0
12/1/2021,12:00,183.66
12/1/2021,18:00,984.78
12/2/2021,0:00,316.688
12/2/2021,6:00,0
12/2/2021,12:00,180.62
12/2/2021,18:00,985.2
12/3/2021,0:00,328.848
12/3/2021,6:00,0
12/3/2021,12:00,184.56
12/3/2021,18:00,995.02
12/4/2021,0:00,328.8
12/4/2021,6:00,0
12/4/2021,12:00,162.48
12/4/2021,18:00,903.36
12/5/2021,0:00,288.68
12/5/2021,6:00,0
12/5/2021,12:00,174.9
12/5/2021,18:00,966.42
12/6/2021,0:00,323.66
12/6/2021,6:00,0
12/6/2021,12:00,178.12
12/6/2021,18:00,978.48
12/7/2021,0:00,326.74
12/7/2021,6:00,0
12/7/2021,12:00,181.68
12/7/2021,18:00,994.3
12/8/2021,0:00,342.74
12/8/2021,6:00,0
12/8/2021,12:00,181.74
12/8/2021,18:00,996.44
12/9/2021,0:00,344.02
12/9/2021,6:00,0
12/9/2021,12:00,184.74
12/9/2021,18:00,1005.6
12/10/2021,0:00,344.5
12/10/2021,6:00,0
12/10/2021,12:00,178.4
12/10/2021,18:00,973.42
12/11/2021,0:00,216.592
12/11/2021,6:00,0
12/11/2021,12:00,169.82
12/11/2021,18:00,902.26
12/12/2021,0:00,287.648
12/12/2021,6:00,0
12/12/2021,12:00,125.18
12/12/2021,18:00,712.06
12/13/2021,0:00,314.976
12/13/2021,6:00,0
12/13/2021,12:00,141.28
12/13/2021,18:00,578.7
12/14/2021,0:00,123.92
12/14/2021,6:00,0
12/14/2021,12:00,5.12
12/14/2021,18:00,73.9
12/15/2021,0:00,193.5
12/15/2021,6:00,0
12/15/2021,12:00,76.94
12/15/2021,18:00,788.36
12/16/2021,0:00,339.38
12/16/2021,6:00,0
12/16/2021,12:00,169.16
12/16/2021,18:00,992.56
12/17/2021,0:00,351.48
12/17/2021,6:00,0
12/17/2021,12:00,175.08
12/17/2021,18:00,990.8
12/18/2021,0:00,348.72
12/18/2021,6:00,0
12/18/2021,12:00,157.58
12/18/2021,18:00,973.52
12/19/2021,0:00,345.98
12/19/2021,6:00,0
12/19/2021,12:00,161.72
12/19/2021,18:00,968.66
12/20/2021,0:00,347.12
12/20/2021,6:00,0
12/20/2021,12:00,167.48
12/20/2021,18:00,959.18
12/21/2021,0:00,299.24
12/21/2021,6:00,0
12/21/2021,12:00,165.5
12/21/2021,18:00,910.92
12/22/2021,0:00,236.38
12/22/2021,6:00,0
12/22/2021,12:00,164.04
12/22/2021,18:00,927
12/23/2021,0:00,316.88
12/23/2021,6:00,0
12/23/2021,12:00,174.84
12/23/2021,18:00,1006.82
12/24/2021,0:00,366.56
12/24/2021,6:00,0
12/24/2021,12:00,172.44
12/24/2021,18:00,1004.5
12/25/2021,0:00,366.9
12/25/2021,6:00,0
12/25/2021,12:00,170.06
12/25/2021,18:00,988.44
12/26/2021,0:00,312.38
12/26/2021,6:00,0
12/26/2021,12:00,153.4
12/26/2021,18:00,977.88
12/27/2021,0:00,366.336
12/27/2021,6:00,0
12/27/2021,12:00,167.86
12/27/2021,18:00,996.06
12/28/2021,0:00,362.592
12/28/2021,6:00,0
12/28/2021,12:00,168
12/28/2021,18:00,1003.56
12/29/2021,0:00,370.56
12/29/2021,6:00,0
12/29/2021,12:00,124.78
12/29/2021,18:00,876.16
12/30/2021,0:00,363.568
12/30/2021,6:00,0
12/30/2021,12:00,155.7
12/30/2021,18:00,931
12/31/2021,0:00,202.784
12/31/2021,6:00,0
12/31/2021,12:00,156
12/31/2021,18:00,967.1
1/1/2022,0:00,365.18
1/1/2022,6:00,0
1/1/2022,12:00,158
1/1/2022,18:00,974.46
1/2/2022,0:00,359.88
1/2/2022,6:00,0
1/2/2022,12:00,107.9
1/2/2022,18:00,698.12
1/3/2022,0:00,236.336
1/3/2022,6:00,0
1/3/2022,12:00,150.76
1/3/2022,18:00,872.5
1/4/2022,0:00,203.136
1/4/2022,6:00,0
1/4/2022,12:00,113.96
1/4/2022,18:00,622.96
1/5/2022,0:00,178.18
1/5/2022,6:00,0
1/5/2022,12:00,16.16
1/5/2022,18:00,790.04
1/6/2022,0:00,365.76
1/6/2022,6:00,0
1/6/2022,12:00,156.44
1/6/2022,18:00,992.5
1/7/2022,0:00,376.74
1/7/2022,6:00,0
1/7/2022,12:00,154.04
1/7/2022,18:00,988.76
1/8/2022,0:00,376.848
1/8/2022,6:00,0
1/8/2022,12:00,130.592
1/8/2022,18:00,836.02
1/9/2022,0:00,306.432
1/9/2022,6:00,0
1/9/2022,12:00,145.936
1/9/2022,18:00,968.32
1/10/2022,0:00,371.904
1/10/2022,6:00,0
1/10/2022,12:00,149.54
1/10/2022,18:00,979.24
1/11/2022,0:00,376.112
1/11/2022,6:00,0
1/11/2022,12:00,148.704
1/11/2022,18:00,981.64
1/12/2022,0:00,376.64
1/12/2022,6:00,0
1/12/2022,12:00,148.784
1/12/2022,18:00,978.02
1/13/2022,0:00,373.18
1/13/2022,6:00,0
1/13/2022,12:00,144.864
1/13/2022,18:00,979
1/14/2022,0:00,377.48
1/14/2022,6:00,0
1/14/2022,12:00,137.82
1/14/2022,18:00,843.66
1/15/2022,0:00,215.92
1/15/2022,6:00,0
1/15/2022,12:00,115.968
1/15/2022,18:00,861.24
1/16/2022,0:00,321.232
1/16/2022,6:00,0
1/16/2022,12:00,129.328
1/16/2022,18:00,575.58
1/17/2022,0:00,235.04
1/17/2022,6:00,0
1/17/2022,12:00,130.68
1/17/2022,18:00,814.16
1/18/2022,0:00,186.352
1/18/2022,6:00,0
1/18/2022,12:00,112.032
1/18/2022,18:00,746.9
1/19/2022,0:00,125.344
1/19/2022,6:00,0
1/19/2022,12:00,131.54
1/19/2022,18:00,795.74
1/20/2022,0:00,152.496
1/20/2022,6:00,0
1/20/2022,12:00,130
1/20/2022,18:00,917.52
1/21/2022,0:00,261.088
1/21/2022,6:00,0
1/21/2022,12:00,127.66
1/21/2022,18:00,841.34
1/22/2022,0:00,92.704
1/22/2022,6:00,0
1/22/2022,12:00,127
1/22/2022,18:00,925.56
1/23/2022,0:00,339.648
1/23/2022,6:00,0
1/23/2022,12:00,125.58
1/23/2022,18:00,752.94
1/24/2022,0:00,146.336
1/24/2022,6:00,0
1/24/2022,12:00,123.568
1/24/2022,18:00,744.9
1/25/2022,0:00,154
1/25/2022,6:00,0
1/25/2022,12:00,122.08
1/25/2022,18:00,809.62
1/26/2022,0:00,85.792
1/26/2022,6:00,0
1/26/2022,12:00,92.34
1/26/2022,18:00,361.62
1/27/2022,0:00,22.512
1/27/2022,6:00,0
1/27/2022,12:00,6.24
1/27/2022,18:00,404.92
1/28/2022,0:00,321.488
1/28/2022,6:00,0
1/28/2022,12:00,124.82
1/28/2022,18:00,954.96
1/29/2022,0:00,368
1/29/2022,6:00,0
1/29/2022,12:00,125.96
1/29/2022,18:00,958.48
1/30/2022,0:00,370.256
1/30/2022,6:00,0
1/30/2022,12:00,122.68
1/30/2022,18:00,943.78
1/31/2022,0:00,360.08
1/31/2022,6:00,0
1/31/2022,12:00,122.66
1/31/2022,18:00,944.6
2/1/2022,0:00,357.92
2/1/2022,6:00,0
2/1/2022,12:00,117.36
2/1/2022,18:00,927.74
2/2/2022,0:00,354.336
2/2/2022,6:00,0
2/2/2022,12:00,116.58
2/2/2022,18:00,919.94
2/3/2022,0:00,351.952
2/3/2022,6:00,0
2/3/2022,12:00,30.6
2/3/2022,18:00,577.08
2/4/2022,0:00,43.2
2/4/2022,6:00,0
2/4/2022,12:00,100.46
2/4/2022,18:00,801.68
2/5/2022,0:00,132.224
2/5/2022,6:00,0
2/5/2022,12:00,92.752
2/5/2022,18:00,904.62
2/6/2022,0:00,350.096
2/6/2022,6:00,0
2/6/2022,12:00,113.06
2/6/2022,18:00,935.52
2/7/2022,0:00,359.008
2/7/2022,6:00,0
2/7/2022,12:00,116.6
2/7/2022,18:00,936.34
2/8/2022,0:00,352.256
2/8/2022,6:00,0
2/8/2022,12:00,112.56
2/8/2022,18:00,932.86
2/9/2022,0:00,354
2/9/2022,6:00,0
2/9/2022,12:00,112.224
2/9/2022,18:00,932.9
2/10/2022,0:00,353.232
2/10/2022,6:00,0
2/10/2022,12:00,110.48
2/10/2022,18:00,928.62
2/11/2022,0:00,349.808
2/11/2022,6:00,0
2/11/2022,12:00,96.82
2/11/2022,18:00,739.08
2/12/2022,0:00,262.64
2/12/2022,6:00,0
2/12/2022,12:00,10.9
2/12/2022,18:00,378.78
2/13/2022,0:00,276.8
2/13/2022,6:00,0
2/13/2022,12:00,105.792
2/13/2022,18:00,932.18
2/14/2022,0:00,354.24
2/14/2022,6:00,0
2/14/2022,12:00,107.856
2/14/2022,18:00,925.84
2/15/2022,0:00,345.088
2/15/2022,6:00,0
2/15/2022,12:00,107.392
2/15/2022,18:00,926.16
2/16/2022,0:00,342.432
2/16/2022,6:00,0
2/16/2022,12:00,105.36
2/16/2022,18:00,920.992
2/17/2022,0:00,338.752
2/17/2022,6:00,0
2/17/2022,12:00,102.448
2/17/2022,18:00,905.86
2/18/2022,0:00,333.28
2/18/2022,6:00,0
2/18/2022,12:00,100.92
2/18/2022,18:00,900.96
2/19/2022,0:00,329.36
2/19/2022,6:00,0
2/19/2022,12:00,100.3
2/19/2022,18:00,902.4
2/20/2022,0:00,324.864
2/20/2022,6:00,0
2/20/2022,12:00,62.18
2/20/2022,18:00,723.5
2/21/2022,0:00,114.416
2/21/2022,6:00,0
2/21/2022,12:00,93.088
2/21/2022,18:00,873.7
2/22/2022,0:00,306.784
2/22/2022,6:00,0
2/22/2022,12:00,67.088
2/22/2022,18:00,794.14
2/23/2022,0:00,314.784
2/23/2022,6:00,0
2/23/2022,12:00,95.472
2/23/2022,18:00,886.32
2/24/2022,0:00,317.504
2/24/2022,6:00,0
2/24/2022,12:00,92.528
2/24/2022,18:00,800.52
2/25/2022,0:00,195.328
2/25/2022,6:00,0
2/25/2022,12:00,73.328
2/25/2022,18:00,517.88
2/26/2022,0:00,213.424
2/26/2022,6:00,0
2/26/2022,12:00,88.496
2/26/2022,18:00,845.072
2/27/2022,0:00,295.904
2/27/2022,6:00,0
2/27/2022,12:00,85.872
2/27/2022,18:00,698.944
2/28/2022,0:00,133.392
2/28/2022,6:00,0
2/28/2022,12:00,47.856
2/28/2022,18:00,264.144
3/1/2022,0:00,32.176
3/1/2022,6:00,0
3/1/2022,12:00,72.94
3/1/2022,18:00,813.536
3/2/2022,0:00,180.384
3/2/2022,6:00,0
3/2/2022,12:00,85.36
3/2/2022,18:00,847.552
3/3/2022,0:00,288.96
3/3/2022,6:00,0
3/3/2022,12:00,86.98
3/3/2022,18:00,853.488
3/4/2022,0:00,292.624
3/4/2022,6:00,0
3/4/2022,12:00,86.28
3/4/2022,18:00,838.848
3/5/2022,0:00,280.064
3/5/2022,6:00,0
3/5/2022,12:00,81.36
3/5/2022,18:00,712.032
3/6/2022,0:00,96.336
3/6/2022,6:00,0
3/6/2022,12:00,4.9
3/6/2022,18:00,310.72
3/7/2022,0:00,31.12
3/7/2022,6:00,0
3/7/2022,12:00,78.94
3/7/2022,18:00,769.376
3/8/2022,0:00,44.464
3/8/2022,6:00,0
3/8/2022,12:00,65
3/8/2022,18:00,772.832
3/9/2022,0:00,201.392
3/9/2022,6:00,0
3/9/2022,12:00,43.46
3/9/2022,18:00,773.344
3/10/2022,0:00,232.016
3/10/2022,6:00,0
3/10/2022,12:00,24.5
3/10/2022,18:00,275.744
3/11/2022,0:00,114.928
3/11/2022,6:00,0
3/11/2022,12:00,71.04
3/11/2022,18:00,788.8
3/12/2022,0:00,263.28
3/12/2022,6:00,0
3/12/2022,12:00,81.22
3/12/2022,18:00,833.984
3/13/2022,0:00,236.592
3/13/2022,6:00,0
3/13/2022,12:00,78.1
3/13/2022,18:00,818.512
3/14/2022,0:00,254.592
3/14/2022,6:00,0
3/14/2022,12:00,76.36
3/14/2022,18:00,682.768
3/15/2022,0:00,130.24
3/15/2022,6:00,0
3/15/2022,12:00,75.44
3/15/2022,18:00,800.624
3/16/2022,0:00,246.88
3/16/2022,6:00,0
3/16/2022,12:00,71.88
3/16/2022,18:00,570.784
3/17/2022,0:00,201.28
3/17/2022,6:00,0
3/17/2022,12:00,54.336
3/17/2022,18:00,676.416
3/18/2022,0:00,203.584
3/18/2022,6:00,0
3/18/2022,12:00,59.84
3/18/2022,18:00,744.32
3/19/2022,0:00,221.392
3/19/2022,6:00,0
3/19/2022,12:00,64.704
3/19/2022,18:00,826.16
3/20/2022,0:00,257.344
3/20/2022,6:00,0
3/20/2022,12:00,74.256
3/20/2022,18:00,807.04
3/21/2022,0:00,245.344
3/21/2022,6:00,0
3/21/2022,12:00,71.16
3/21/2022,18:00,779.248
3/22/2022,0:00,234.992
3/22/2022,6:00,0
3/22/2022,12:00,11.376
3/22/2022,18:00,209.568
3/23/2022,0:00,33.184
3/23/2022,6:00,0
3/23/2022,12:00,43.64
3/23/2022,18:00,106.368
3/24/2022,0:00,13.376
3/24/2022,6:00,0
3/24/2022,12:00,10.608
3/24/2022,18:00,236.544
3/25/2022,0:00,91.392
3/25/2022,6:00,0
3/25/2022,12:00,68.24
3/25/2022,18:00,677.728
3/26/2022,0:00,192.368
3/26/2022,6:00,0
3/26/2022,12:00,52.016
3/26/2022,18:00,459.952
3/27/2022,0:00,58.736
3/27/2022,6:00,0
3/27/2022,12:00,66.2
3/27/2022,18:00,763.664
3/28/2022,0:00,221.504
3/28/2022,6:00,0
3/28/2022,12:00,67.02
3/28/2022,18:00,771.824
3/29/2022,0:00,223.584
3/29/2022,6:00,0
3/29/2022,12:00,63.248
3/29/2022,18:00,727.792
3/30/2022,0:00,148.832
3/30/2022,6:00,0
3/30/2022,12:00,2.432
3/30/2022,18:00,345.92
3/31/2022,0:00,70.416
3/31/2022,6:00,0
3/31/2022,12:00,67.5
3/31/2022,18:00,776.928
4/1/2022,0:00,218.448
4/1/2022,6:00,0
4/1/2022,12:00,64.56
4/1/2022,18:00,759.136
4/2/2022,0:00,213.056
4/2/2022,6:00,0
4/2/2022,12:00,63.008
4/2/2022,18:00,745.488
4/3/2022,0:00,204.704
4/3/2022,6:00,0
4/3/2022,12:00,0.816
4/3/2022,18:00,28.352
4/4/2022,0:00,14.496
4/4/2022,6:00,0
4/4/2022,12:00,24.34
4/4/2022,18:00,208.656
4/5/2022,0:00,86.256
4/5/2022,6:00,0
4/5/2022,12:00,55.24
4/5/2022,18:00,441.968
4/6/2022,0:00,43.792
4/6/2022,6:00,0
4/6/2022,12:00,54.86
4/6/2022,18:00,691.68
4/7/2022,0:00,183.68
4/7/2022,6:00,0
4/7/2022,12:00,6.5
4/7/2022,18:00,124.784
4/8/2022,0:00,53.008
4/8/2022,6:00,0
4/8/2022,12:00,52.38
4/8/2022,18:00,524.592
4/9/2022,0:00,75.136
4/9/2022,6:00,0
4/9/2022,12:00,55.456
4/9/2022,18:00,703.552
4/10/2022,0:00,184.16
4/10/2022,6:00,0
4/10/2022,12:00,53.328
4/10/2022,18:00,562.944
4/11/2022,0:00,47.568
4/11/2022,6:00,0
4/11/2022,12:00,4.016
4/11/2022,18:00,264.256
4/12/2022,0:00,60.256
4/12/2022,6:00,0
4/12/2022,12:00,22.576
4/12/2022,18:00,510.288
4/13/2022,0:00,158.288
4/13/2022,6:00,0
4/13/2022,12:00,51.008
4/13/2022,18:00,671.824
4/14/2022,0:00,160.192
4/14/2022,6:00,0
4/14/2022,12:00,54.72
4/14/2022,18:00,704.352
4/15/2022,0:00,178.256
4/15/2022,6:00,0
4/15/2022,12:00,53.02
4/15/2022,18:00,689.536
4/16/2022,0:00,173.68
4/16/2022,6:00,0
4/16/2022,12:00,51.136
4/16/2022,18:00,678.528
4/17/2022,0:00,168.592
4/17/2022,6:00,0
4/17/2022,12:00,31.584
4/17/2022,18:00,597.248
4/18/2022,6:00,0
4/18/2022,12:00,47.568
4/18/2022,18:00,650.992
4/19/2022,0:00,143.552
4/19/2022,6:00,0
4/19/2022,12:00,47.776
4/19/2022,18:00,651.712
4/20/2022,0:00,148.096
4/20/2022,6:00,0
4/20/2022,12:00,47.744
4/20/2022,18:00,650.88
4/21/2022,0:00,151.456
4/21/2022,6:00,0
4/21/2022,12:00,45.4
4/21/2022,18:00,630.272
4/22/2022,0:00,147.456
4/22/2022,6:00,0
4/22/2022,12:00,43.76
4/22/2022,18:00,509.856
4/23/2022,0:00,45.648
4/23/2022,6:00,0
4/23/2022,12:00,47.44
4/23/2022,18:00,656.736
4/24/2022,0:00,155.328
4/24/2022,6:00,0
4/24/2022,12:00,46.208
4/24/2022,18:00,629.056
4/25/2022,0:00,140.272
4/25/2022,6:00,0
4/25/2022,12:00,20.512
4/25/2022,18:00,374.992
4/26/2022,0:00,24.672
4/26/2022,6:00,0
4/26/2022,12:00,39.088
4/26/2022,18:00,562.88
4/27/2022,0:00,113.024
4/27/2022,6:00,0
4/27/2022,12:00,38.816
4/27/2022,18:00,576.592
4/28/2022,0:00,118.32
4/28/2022,6:00,0
4/28/2022,12:00,2.112
4/28/2022,18:00,228.944
4/29/2022,0:00,37.84
4/29/2022,6:00,0
4/29/2022,12:00,44.24
4/29/2022,18:00,640.064
4/30/2022,0:00,144.448
4/30/2022,6:00,0
4/30/2022,12:00,5.6
4/30/2022,18:00,350.496
5/1/2022,0:00,14.08
5/1/2022,6:00,0
5/1/2022,12:00,2.496
5/1/2022,18:00,75.088
5/2/2022,0:00,26.432
5/2/2022,6:00,0
5/2/2022,12:00,1.952
5/2/2022,18:00,43.296
5/3/2022,0:00,25.312
5/3/2022,6:00,0
5/3/2022,12:00,1.776
5/3/2022,18:00,21.072
5/4/2022,0:00,3.104
5/4/2022,6:00,0
5/4/2022,12:00,10.976
5/4/2022,18:00,339.728
5/5/2022,0:00,93.84
5/5/2022,6:00,0
5/5/2022,12:00,35.776
5/5/2022,18:00,550.416
5/6/2022,0:00,48.864
5/6/2022,6:00,0
5/6/2022,12:00,34.544
5/6/2022,18:00,508.432
5/7/2022,0:00,91.168
5/7/2022,6:00,0
5/7/2022,12:00,36.304
5/7/2022,18:00,586.064
5/8/2022,0:00,120.336
5/8/2022,6:00,0
5/8/2022,12:00,35.872
5/8/2022,18:00,571.04
5/9/2022,0:00,116.32
5/9/2022,6:00,0
5/9/2022,12:00,35.184
5/9/2022,18:00,571.088
5/10/2022,0:00,114.896
5/10/2022,6:00,0
5/10/2022,12:00,3.504
5/10/2022,18:00,334.048
5/11/2022,0:00,93.776
5/11/2022,6:00,0
5/11/2022,12:00,32.192
5/11/2022,18:00,425.328
5/12/2022,0:00,79.056
5/12/2022,6:00,0
5/12/2022,12:00,32.912
5/12/2022,18:00,560.096
5/13/2022,0:00,117.44
5/13/2022,6:00,0
5/13/2022,12:00,32.432
5/13/2022,18:00,486.464
5/14/2022,0:00,93.264
5/14/2022,6:00,0
5/14/2022,12:00,3.232
5/14/2022,18:00,403.6
5/15/2022,0:00,23.648
5/15/2022,6:00,0
5/15/2022,12:00,5.728
5/15/2022,18:00,449.184
5/16/2022,0:00,90.256
5/16/2022,6:00,0
5/16/2022,12:00,32.34
5/16/2022,18:00,462.704
5/17/2022,0:00,19.136
5/17/2022,6:00,0
5/17/2022,12:00,31.42
5/17/2022,18:00,225.472
5/18/2022,0:00,14.8
5/18/2022,6:00,0
5/18/2022,12:00,7.552
5/18/2022,18:00,385.328
5/19/2022,0:00,46.464
5/19/2022,6:00,0
5/19/2022,12:00,29.904
5/19/2022,18:00,546.512
5/20/2022,0:00,110.576
5/20/2022,6:00,0
5/20/2022,12:00,29.776
5/20/2022,18:00,547.776
5/21/2022,0:00,111.6
5/21/2022,6:00,0
5/21/2022,12:00,28.62
5/21/2022,18:00,525.264
5/22/2022,0:00,59.904
5/22/2022,6:00,0
5/22/2022,12:00,21.12
5/22/2022,18:00,492.416
5/23/2022,0:00,106.96
5/23/2022,6:00,0
5/23/2022,12:00,27.744
5/23/2022,18:00,530.736
5/24/2022,0:00,104.384
5/24/2022,6:00,0
5/24/2022,12:00,26.3
5/24/2022,18:00,515.744
5/25/2022,0:00,99.04
5/25/2022,6:00,0
5/25/2022,12:00,25.24
5/25/2022,18:00,453.632
5/26/2022,0:00,15.392
5/26/2022,6:00,0
5/26/2022,12:00,2.1
5/26/2022,18:00,38.64
5/27/2022,0:00,6.304
5/27/2022,6:00,0
5/27/2022,12:00,1.296
5/27/2022,18:00,33.68
5/28/2022,0:00,14.672
5/28/2022,6:00,0
5/28/2022,12:00,2.896
5/28/2022,18:00,64.016
5/29/2022,0:00,14.176
5/29/2022,6:00,0
5/29/2022,12:00,4.176
5/29/2022,18:00,136.704
5/30/2022,0:00,12.256
5/30/2022,6:00,0
5/30/2022,12:00,25.344
5/30/2022,18:00,524.64
5/31/2022,0:00,104.912
5/31/2022,6:00,0
5/31/2022,12:00,17.648
5/31/2022,18:00,491.84
6/1/2022,0:00,103.136
6/1/2022,6:00,0
6/1/2022,12:00,23.92
6/1/2022,18:00,510.368
6/2/2022,0:00,101.104
6/2/2022,6:00,0
6/2/2022,12:00,21.344
6/2/2022,18:00,498.224
6/3/2022,0:00,99.232
6/3/2022,6:00,0
6/3/2022,12:00,23.04
6/3/2022,18:00,507.2
6/4/2022,0:00,101.68
6/4/2022,6:00,0
6/4/2022,12:00,22.512
6/4/2022,18:00,494.112
6/5/2022,0:00,56.624
6/5/2022,6:00,0
6/5/2022,12:00,0.336
6/5/2022,18:00,146.08
6/6/2022,0:00,19.984
6/6/2022,6:00,0
6/6/2022,12:00,0.704
6/6/2022,18:00,21.2
6/7/2022,0:00,9.328
6/7/2022,6:00,0
6/7/2022,12:00,5.76
6/7/2022,18:00,201.824
6/8/2022,0:00,28.304
6/8/2022,6:00,0
6/8/2022,12:00,6.976
6/8/2022,18:00,446.672
6/9/2022,0:00,74.128
6/9/2022,6:00,0
6/9/2022,12:00,18.832
6/9/2022,18:00,448.496
6/10/2022,0:00,77.152
6/10/2022,6:00,0
6/10/2022,12:00,20.624
6/10/2022,18:00,506.992
6/11/2022,0:00,103.184
6/11/2022,6:00,0
6/11/2022,12:00,22.304
6/11/2022,18:00,510.832
6/12/2022,0:00,100.64
6/12/2022,6:00,0
6/12/2022,12:00,21.104
6/12/2022,18:00,498.464
6/13/2022,0:00,99.552
6/13/2022,6:00,0
6/13/2022,12:00,20.736
6/13/2022,18:00,494.848
6/14/2022,0:00,99.232
6/14/2022,6:00,0
6/14/2022,12:00,20.304
6/14/2022,18:00,491.152
6/15/2022,0:00,98.736
6/15/2022,6:00,0
6/15/2022,12:00,20.192
6/15/2022,18:00,486.592
6/16/2022,0:00,94.624
6/16/2022,6:00,0
6/16/2022,12:00,7.136
6/16/2022,18:00,104.528
6/17/2022,0:00,11.712
6/17/2022,6:00,0
6/17/2022,12:00,0.624
6/17/2022,18:00,45.616
6/18/2022,0:00,77.872
6/18/2022,6:00,0
6/18/2022,12:00,20.592
6/18/2022,18:00,503.216
6/19/2022,0:00,101.424
6/19/2022,6:00,0
6/19/2022,12:00,20.032
6/19/2022,18:00,500.384
6/20/2022,0:00,101.52
6/20/2022,6:00,0
6/20/2022,12:00,18.8
6/20/2022,18:00,478.944
6/21/2022,0:00,91.04
6/21/2022,6:00,0
6/21/2022,12:00,6.64
6/21/2022,18:00,40.752
6/22/2022,0:00,6.976
6/22/2022,6:00,0
6/22/2022,12:00,1.488
6/22/2022,18:00,54.48
6/23/2022,0:00,3.36
6/23/2022,6:00,0
6/23/2022,12:00,1.4
6/23/2022,18:00,88.288
6/24/2022,0:00,26.816
6/24/2022,6:00,0
6/24/2022,12:00,1.168
6/24/2022,18:00,34.656
6/25/2022,0:00,3.888
6/25/2022,6:00,0
6/25/2022,12:00,11.056
6/25/2022,18:00,459.28
6/26/2022,0:00,97.248
6/26/2022,6:00,0
6/26/2022,12:00,11.552
6/26/2022,18:00,147.888
6/27/2022,0:00,19.776
6/27/2022,6:00,0
6/27/2022,12:00,7.216
6/27/2022,18:00,196.464
6/28/2022,0:00,52.272
6/28/2022,6:00,0
6/28/2022,12:00,1.856
6/28/2022,18:00,16.672
6/29/2022,0:00,3.184
6/29/2022,6:00,0
6/29/2022,12:00,18
6/29/2022,18:00,481.648
6/30/2022,0:00,100.336
6/30/2022,6:00,0
6/30/2022,12:00,18.336
6/30/2022,18:00,486.368
7/1/2022,0:00,102.656
7/1/2022,6:00,0
7/1/2022,12:00,17.744
7/1/2022,18:00,259.648
7/2/2022,0:00,68.288
7/2/2022,6:00,0
7/2/2022,12:00,1.648
7/2/2022,18:00,334.144
7/3/2022,0:00,80.384
7/3/2022,6:00,0
7/3/2022,12:00,11.2
7/3/2022,18:00,161.68
7/4/2022,0:00,70.976
7/4/2022,6:00,0
7/4/2022,12:00,13.44
7/4/2022,18:00,153.488
7/5/2022,0:00,61.344
7/5/2022,6:00,0
7/5/2022,12:00,5.088
7/5/2022,18:00,200.752
7/6/2022,0:00,60.912
7/6/2022,6:00,0
7/6/2022,12:00,0.976
7/6/2022,18:00,181.024
7/7/2022,0:00,46.096
7/7/2022,6:00,0
7/7/2022,12:00,13.552
7/7/2022,18:00,351.776
7/8/2022,0:00,32.432
7/8/2022,6:00,0
7/8/2022,12:00,13.36
7/8/2022,18:00,285.392
7/9/2022,0:00,38.928
7/9/2022,6:00,0
7/9/2022,12:00,6.304
7/9/2022,18:00,396.032
7/10/2022,0:00,99.28
7/10/2022,6:00,0
7/10/2022,12:00,14.512
7/10/2022,18:00,438.832
7/11/2022,0:00,78.784
7/11/2022,6:00,0
7/11/2022,12:00,2.56
7/11/2022,18:00,207.28
7/12/2022,0:00,2.336
7/12/2022,6:00,0
7/12/2022,12:00,13.68
7/12/2022,18:00,360.224
7/13/2022,0:00,111.984
7/13/2022,6:00,0
7/13/2022,12:00,20
7/13/2022,18:00,513.072
7/14/2022,0:00,114.288
7/14/2022,6:00,0
7/14/2022,12:00,12.672
7/14/2022,18:00,159.44
7/15/2022,6:00,0
7/15/2022,12:00,14.928
7/15/2022,18:00,247.296
7/16/2022,0:00,84.064
7/16/2022,6:00,0
7/16/2022,12:00,0.864
7/16/2022,18:00,55.952
7/17/2022,0:00,4.128
7/17/2022,6:00,0
7/17/2022,12:00,19.952
7/17/2022,18:00,516.608
7/18/2022,0:00,117.456
7/18/2022,6:00,0
7/18/2022,12:00,21.136
7/18/2022,18:00,524.304
7/19/2022,0:00,116.288
7/19/2022,6:00,0
7/19/2022,12:00,20.56
7/19/2022,18:00,510.24
7/20/2022,0:00,100.368
7/20/2022,6:00,0
7/20/2022,12:00,6.464
7/20/2022,18:00,482.272
7/21/2022,0:00,87.984
7/21/2022,6:00,0
7/21/2022,12:00,6.688
7/21/2022,18:00,316.8
7/22/2022,0:00,78.096
7/22/2022,6:00,0
7/22/2022,12:00,16.832
7/22/2022,18:00,386.496
7/23/2022,0:00,5.712
7/23/2022,6:00,0
7/23/2022,12:00,20.496
7/23/2022,18:00,469.152
7/24/2022,0:00,37.68
7/24/2022,6:00,0
7/24/2022,12:00,10.448
7/24/2022,18:00,117.904
7/25/2022,0:00,11.84
7/25/2022,6:00,0
7/25/2022,12:00,21.664
7/25/2022,18:00,511.728
7/26/2022,0:00,118.544
7/26/2022,6:00,0
7/26/2022,12:00,22.448
7/26/2022,18:00,498.992
7/27/2022,0:00,120.928
7/27/2022,6:00,0
7/27/2022,12:00,19.088
7/27/2022,18:00,463.168
7/28/2022,0:00,112.256
7/28/2022,6:00,0
7/28/2022,12:00,9.152
7/28/2022,18:00,77.072
7/29/2022,0:00,6.016
7/29/2022,6:00,0
7/29/2022,12:00,25.424
7/29/2022,18:00,551.984
7/30/2022,0:00,131.424
7/30/2022,6:00,0
7/30/2022,12:00,26.416
7/30/2022,18:00,558.816
7/31/2022,0:00,132.88
7/31/2022,6:00,0
7/31/2022,12:00,22.304
7/31/2022,18:00,559.808
8/1/2022,0:00,133.136
8/1/2022,6:00,0
8/1/2022,12:00,26.496
8/1/2022,18:00,554.928
8/2/2022,0:00,131.968
8/2/2022,6:00,0
8/2/2022,12:00,12.064
8/2/2022,18:00,74.56
8/3/2022,0:00,56.144
8/3/2022,6:00,0
8/3/2022,12:00,17.664
8/3/2022,18:00,61.136
8/4/2022,0:00,18.544
8/4/2022,6:00,0
8/4/2022,12:00,10.544
8/4/2022,18:00,105.472
8/5/2022,0:00,34.464
8/5/2022,6:00,0
8/5/2022,12:00,30.192
8/5/2022,18:00,592.032
8/6/2022,0:00,144.176
8/6/2022,6:00,0
8/6/2022,12:00,21.888
8/6/2022,18:00,379.776
8/7/2022,0:00,86.288
8/7/2022,6:00,0
8/7/2022,12:00,29.312
8/7/2022,18:00,408.448
8/8/2022,0:00,25.36
8/8/2022,6:00,0
8/8/2022,12:00,7.936
8/8/2022,18:00,140.32
8/9/2022,0:00,21.6
8/9/2022,6:00,0
8/9/2022,12:00,3.92
8/9/2022,18:00,40.8
8/10/2022,0:00,7.856
8/10/2022,6:00,0
8/10/2022,12:00,33.888
8/10/2022,18:00,608.528
8/11/2022,0:00,148.88
8/11/2022,6:00,0
8/11/2022,12:00,34.192
8/11/2022,18:00,609.52
8/12/2022,0:00,151.136
8/12/2022,6:00,0
8/12/2022,12:00,24.112
8/12/2022,18:00,474.224
8/13/2022,0:00,108.976
8/13/2022,6:00,0
8/13/2022,12:00,25.824
8/13/2022,18:00,510.352
8/14/2022,0:00,146.368
8/14/2022,6:00,0
8/14/2022,12:00,34.352
8/14/2022,18:00,456.288
8/15/2022,0:00,144.32
8/15/2022,6:00,0
8/15/2022,12:00,6.448
8/15/2022,18:00,324.768
8/16/2022,0:00,117.616
8/16/2022,6:00,0
8/16/2022,12:00,39.664
8/16/2022,18:00,637.968
8/17/2022,0:00,159.696
8/17/2022,6:00,0
8/17/2022,12:00,36.656
8/17/2022,18:00,471.184
8/18/2022,0:00,20.88
8/18/2022,6:00,0
8/18/2022,12:00,42.016
8/18/2022,18:00,650.192
8/19/2022,0:00,160.672
8/19/2022,6:00,0
8/19/2022,12:00,43.648
8/19/2022,18:00,663.184
8/20/2022,0:00,167.584
8/20/2022,6:00,0
8/20/2022,12:00,44.688
8/20/2022,18:00,666.32
8/21/2022,0:00,168.24
8/21/2022,6:00,0
8/21/2022,12:00,44.368
8/21/2022,18:00,660.416
8/22/2022,0:00,166.912
8/22/2022,6:00,0
8/22/2022,12:00,45.104
8/22/2022,18:00,661.584
8/23/2022,0:00,156.448
8/23/2022,6:00,0
8/23/2022,12:00,27.296
8/23/2022,18:00,633.952
8/24/2022,0:00,154.512
8/24/2022,6:00,0
8/24/2022,12:00,21.744
8/24/2022,18:00,275.968
8/25/2022,0:00,156.384
8/25/2022,6:00,0
8/25/2022,12:00,42.352
8/25/2022,18:00,420.08
8/26/2022,0:00,161.152
8/26/2022,6:00,0
8/26/2022,12:00,5.84
8/26/2022,18:00,464.928
8/27/2022,0:00,59.248
8/27/2022,6:00,0
8/27/2022,12:00,48.784
8/27/2022,18:00,562.592
8/28/2022,0:00,143.792
8/28/2022,6:00,0
8/28/2022,12:00,48.832
8/28/2022,18:00,673.632
8/29/2022,0:00,179.504
8/29/2022,6:00,0
8/29/2022,12:00,42.384
8/29/2022,18:00,689.552
8/30/2022,0:00,182.464
8/30/2022,6:00,0
8/30/2022,12:00,54.992
8/30/2022,18:00,699.904
8/31/2022,0:00,178.176
8/31/2022,6:00,0
8/31/2022,12:00,44.56
8/31/2022,18:00,436.128
9/1/2022,0:00,174.224
9/1/2022,6:00,0
9/1/2022,12:00,54.08
9/1/2022,18:00,433.824
9/2/2022,0:00,46.272
9/2/2022,6:00,0
9/2/2022,12:00,54.832
9/2/2022,18:00,492.144
9/3/2022,0:00,178.544
9/3/2022,6:00,0
9/3/2022,12:00,64.176
9/3/2022,18:00,745.104
9/4/2022,0:00,193.312
9/4/2022,6:00,0
9/4/2022,12:00,65.168
9/4/2022,18:00,745.552
9/5/2022,0:00,193.68
9/5/2022,6:00,0
9/5/2022,12:00,63.168
9/5/2022,18:00,699.632
9/6/2022,0:00,177.472
9/6/2022,6:00,0
9/6/2022,12:00,11.648
9/6/2022,18:00,641.68
9/7/2022,0:00,72.304
9/7/2022,6:00,0
9/7/2022,12:00,63.296
9/7/2022,18:00,724.048
9/8/2022,0:00,190.016
9/8/2022,6:00,0
9/8/2022,12:00,51.952
9/8/2022,18:00,628.032
9/9/2022,0:00,151.36
9/9/2022,6:00,0
9/9/2022,12:00,10.864
9/9/2022,18:00,184.272
9/10/2022,0:00,31.088
9/10/2022,6:00,0
9/10/2022,12:00,74.608
9/10/2022,18:00,771.872
9/11/2022,0:00,201.616
9/11/2022,6:00,0
9/11/2022,12:00,72.912
9/11/2022,18:00,731.776
9/12/2022,0:00,179.104
9/12/2022,6:00,0
9/12/2022,12:00,70.992
9/12/2022,18:00,725.824
9/13/2022,0:00,198.656
9/13/2022,6:00,0
9/13/2022,12:00,76.144
9/13/2022,18:00,761.632
9/14/2022,0:00,183.456
9/14/2022,6:00,0
9/14/2022,12:00,75.472
9/14/2022,18:00,757.76
9/15/2022,0:00,197.296
9/15/2022,6:00,0
9/15/2022,12:00,77.744
9/15/2022,18:00,763.024
9/16/2022,0:00,191.968
9/16/2022,6:00,0
9/16/2022,12:00,46.832
9/16/2022,18:00,704.368
9/17/2022,0:00,157.632
9/17/2022,6:00,0
9/17/2022,12:00,71.696
9/17/2022,18:00,748.032
9/18/2022,0:00,201.616
9/18/2022,6:00,0
9/18/2022,12:00,72.752
9/18/2022,18:00,670.592
9/19/2022,0:00,46.384
9/19/2022,6:00,0
9/19/2022,12:00,9.888
9/19/2022,18:00,186.432
9/20/2022,0:00,131.264
9/20/2022,6:00,0
9/20/2022,12:00,72.576
9/20/2022,18:00,576.256
9/21/2022,0:00,101.728
9/21/2022,6:00,0
9/21/2022,12:00,37.84
9/21/2022,18:00,535.648
9/22/2022,0:00,32.048
9/22/2022,6:00,0
9/22/2022,12:00,40.32
9/22/2022,18:00,624.768
9/23/2022,0:00,61.056
9/23/2022,6:00,0
9/23/2022,12:00,94.256
9/23/2022,18:00,813.2
9/24/2022,0:00,215.136
9/24/2022,6:00,0
9/24/2022,12:00,96.208
9/24/2022,18:00,820.112
9/25/2022,0:00,217.872
9/25/2022,6:00,0
9/25/2022,12:00,45.6
9/25/2022,18:00,469.648
9/26/2022,0:00,120.864
9/26/2022,6:00,0
9/26/2022,12:00,64.88
9/26/2022,18:00,727.904
9/27/2022,0:00,216.4
9/27/2022,6:00,0
9/27/2022,12:00,101.488
9/27/2022,18:00,829.168
9/28/2022,0:00,218.816
9/28/2022,6:00,0
9/28/2022,12:00,89.888
9/28/2022,18:00,768.16
9/29/2022,0:00,169.456
9/29/2022,6:00,0
9/29/2022,12:00,48.448
9/29/2022,18:00,155.664
9/30/2022,0:00,16.032
9/30/2022,6:00,0
9/30/2022,12:00,25.856
9/30/2022,18:00,489.38
10/1/2022,0:00,49.408
10/1/2022,6:00,0
10/1/2022,12:00,41.472
10/1/2022,18:00,813.936
10/2/2022,0:00,223.808
10/2/2022,6:00,0
10/2/2022,12:00,110.58
10/2/2022,18:00,850.368
10/3/2022,0:00,227.168
10/3/2022,6:00,0
10/3/2022,12:00,111.86
10/3/2022,18:00,847.6
10/4/2022,0:00,230.608
10/4/2022,6:00,0
10/4/2022,12:00,111.94
10/4/2022,18:00,878.76
10/5/2022,0:00,237.104
10/5/2022,6:00,0
10/5/2022,12:00,117.72
10/5/2022,18:00,830.02
10/6/2022,0:00,111.552
10/6/2022,6:00,0
10/6/2022,12:00,14.1
10/6/2022,18:00,41.52
10/7/2022,0:00,7.424
10/7/2022,6:00,0
10/7/2022,12:00,118.9
10/7/2022,18:00,872.36
10/8/2022,0:00,236.064
10/8/2022,6:00,0
10/8/2022,12:00,122.82
10/8/2022,18:00,818.14
10/9/2022,0:00,226.24
10/9/2022,6:00,0
10/9/2022,12:00,55.46
10/9/2022,18:00,810.6
10/10/2022,0:00,222.24
10/10/2022,6:00,0
10/10/2022,12:00,129.22
10/10/2022,18:00,758.64
10/11/2022,0:00,124.672
10/11/2022,6:00,0
10/11/2022,12:00,15.44
10/11/2022,18:00,280.9
10/12/2022,0:00,28.352
10/12/2022,6:00,0
10/12/2022,12:00,127.5
10/12/2022,18:00,893.16
10/13/2022,0:00,244.64
10/13/2022,6:00,0
10/13/2022,12:00,132.46
10/13/2022,18:00,885.34
10/14/2022,0:00,240.256
10/14/2022,6:00,0
10/14/2022,12:00,131.22
10/14/2022,18:00,884.34
10/15/2022,0:00,241.344
10/15/2022,6:00,0
10/15/2022,12:00,80.4
10/15/2022,18:00,594.58
10/16/2022,0:00,145.024
10/16/2022,6:00,0
10/16/2022,12:00,114.416
10/16/2022,18:00,550.98
10/17/2022,0:00,136.048
10/17/2022,6:00,0
10/17/2022,12:00,124
10/17/2022,18:00,646.48
10/18/2022,0:00,180.848
10/18/2022,6:00,0
10/18/2022,12:00,121.6
10/18/2022,18:00,363.02
10/19/2022,0:00,195.424
10/19/2022,6:00,0
10/19/2022,12:00,80.128
10/19/2022,18:00,868.78
10/20/2022,0:00,201.104
10/20/2022,6:00,0
10/20/2022,12:00,104.62
10/20/2022,18:00,170.82
10/21/2022,0:00,13.696
10/21/2022,6:00,0
10/21/2022,12:00,75.34
10/21/2022,18:00,434.22
10/22/2022,0:00,183.456
10/22/2022,6:00,0
10/22/2022,12:00,143.4
10/22/2022,18:00,899.8
10/23/2022,0:00,184.24
10/23/2022,6:00,0
10/23/2022,12:00,148.544
10/23/2022,18:00,940.02
10/24/2022,0:00,264.08
10/24/2022,6:00,0
10/24/2022,12:00,153.68
10/24/2022,18:00,941.14
10/25/2022,0:00,264.944
10/25/2022,6:00,0
10/25/2022,12:00,154.208
10/25/2022,18:00,938.34
10/26/2022,0:00,260.096
10/26/2022,6:00,0
10/26/2022,12:00,105.552
10/26/2022,18:00,207.58
10/27/2022,0:00,27.344
10/27/2022,6:00,0
10/27/2022,12:00,159.14
10/27/2022,18:00,943.48
10/28/2022,0:00,269.024
10/28/2022,6:00,0
10/28/2022,12:00,161.74
10/28/2022,18:00,950.02
10/29/2022,0:00,270.56
10/29/2022,6:00,0
10/29/2022,12:00,154.336
10/29/2022,18:00,897.98
10/30/2022,0:00,218.752
10/30/2022,6:00,0
10/30/2022,12:00,116.608
10/30/2022,18:00,624.28
10/31/2022,0:00,164.976
10/31/2022,6:00,0
10/31/2022,12:00,16.96
10/31/2022,18:00,434.08
11/1/2022,0:00,164.688
11/1/2022,6:00,0
11/1/2022,12:00,169.26
11/1/2022,18:00,963.94
11/2/2022,0:00,248.72
11/2/2022,6:00,0
11/2/2022,12:00,170.52
11/2/2022,18:00,970.92
11/3/2022,0:00,281.456
11/3/2022,6:00,0
11/3/2022,12:00,167.936
11/3/2022,18:00,967.66
11/4/2022,0:00,281.744
11/4/2022,6:00,0
11/4/2022,12:00,168.336
11/4/2022,18:00,961
11/5/2022,0:00,282.816
11/5/2022,6:00,0
11/5/2022,12:00,172.1
11/5/2022,18:00,970.78
11/6/2022,0:00,285.296
11/6/2022,6:00,0
11/6/2022,12:00,169.78
11/6/2022,18:00,957.3
11/7/2022,0:00,284.416
11/7/2022,6:00,0
11/7/2022,12:00,171.696
11/7/2022,18:00,965.66
11/8/2022,0:00,285.456
11/8/2022,6:00,0
11/8/2022,12:00,171.008
11/8/2022,18:00,956.18
11/9/2022,0:00,283.904
11/9/2022,6:00,0
11/9/2022,12:00,172.74
11/9/2022,18:00,970.86
11/10/2022,0:00,282.128
11/10/2022,6:00,0
11/10/2022,12:00,174.432
11/10/2022,18:00,896.02
11/11/2022,0:00,146.8
11/11/2022,6:00,0
11/11/2022,12:00,103.24
11/11/2022,18:00,877.52
11/12/2022,0:00,283.168
11/12/2022,6:00,0
11/12/2022,12:00,89.36
11/12/2022,18:00,577.28
11/13/2022,0:00,113.824
11/13/2022,6:00,0
11/13/2022,12:00,16.1
11/13/2022,18:00,256.54
11/14/2022,0:00,14.016
11/14/2022,6:00,0
11/14/2022,12:00,71.54
11/14/2022,18:00,745.68
11/15/2022,0:00,239.968
11/15/2022,6:00,0
11/15/2022,12:00,178.6
11/15/2022,18:00,972.4
11/16/2022,0:00,299.04
11/16/2022,6:00,0
11/16/2022,12:00,175.98
11/16/2022,18:00,972.74
11/17/2022,0:00,298.864
11/17/2022,6:00,0
11/17/2022,12:00,177.96
11/17/2022,18:00,971.8
11/18/2022,0:00,301.152
11/18/2022,6:00,0
11/18/2022,12:00,182.18
11/18/2022,18:00,979.56
11/19/2022,0:00,302.64
11/19/2022,6:00,0
11/19/2022,12:00,179.2
11/19/2022,18:00,974.56
11/20/2022,0:00,303.92
11/20/2022,6:00,0
11/20/2022,12:00,170.3
11/20/2022,18:00,828.98
11/21/2022,0:00,101.152
11/21/2022,6:00,0
11/21/2022,12:00,6.76
11/21/2022,18:00,117.68
11/22/2022,0:00,43.32
11/22/2022,6:00,0
11/22/2022,12:00,35.9
11/22/2022,18:00,515.54
11/23/2022,0:00,291.264
11/23/2022,6:00,0
11/23/2022,12:00,183.74
11/23/2022,18:00,981.42
11/24/2022,0:00,314.848
11/24/2022,6:00,0
11/24/2022,12:00,182.84
11/24/2022,18:00,979.7
11/25/2022,0:00,312.016
11/25/2022,6:00,0
11/25/2022,12:00,182.84
11/25/2022,18:00,983.76
11/26/2022,0:00,315.248
11/26/2022,6:00,0
11/26/2022,12:00,186.04
11/26/2022,18:00,986.84
11/27/2022,0:00,314.336
11/27/2022,6:00,0
11/27/2022,12:00,178.3
11/27/2022,18:00,964.84
11/28/2022,0:00,310.992
11/28/2022,6:00,0
11/28/2022,12:00,177.7
11/28/2022,18:00,973.56
11/29/2022,0:00,320.3
11/29/2022,6:00,0
11/29/2022,12:00,178.38
11/29/2022,18:00,966.14
11/30/2022,0:00,315.12
11/30/2022,6:00,0
11/30/2022,12:00,176.82
11/30/2022,18:00,962.14
12/1/2022,0:00,302.52
12/1/2022,6:00,0
12/1/2022,12:00,176.78
12/1/2022,18:00,785.3
12/2/2022,0:00,42.4
12/2/2022,6:00,0
12/2/2022,12:00,144.1
12/2/2022,18:00,560.02
12/3/2022,0:00,222.592
12/3/2022,6:00,0
12/3/2022,12:00,43.12
12/3/2022,18:00,451.78
12/4/2022,0:00,264.384
12/4/2022,6:00,0
12/4/2022,12:00,173.84
12/4/2022,18:00,891.7
12/5/2022,0:00,225.392
12/5/2022,6:00,0
12/5/2022,12:00,178.26
12/5/2022,18:00,976
12/6/2022,0:00,329.02
12/6/2022,6:00,0
12/6/2022,12:00,177.88
12/6/2022,18:00,971.04
12/7/2022,0:00,328.98
12/7/2022,6:00,0
12/7/2022,12:00,179.36
12/7/2022,18:00,980.1
12/8/2022,0:00,337.62
12/8/2022,6:00,0
12/8/2022,12:00,173.16
12/8/2022,18:00,969.94
12/9/2022,0:00,332.352
12/9/2022,6:00,0
12/9/2022,12:00,178.4
12/9/2022,18:00,987.4
12/10/2022,0:00,328.78
12/10/2022,6:00,0
12/10/2022,12:00,85.16
12/10/2022,18:00,422.98
12/11/2022,0:00,93.52
12/11/2022,6:00,0
12/11/2022,12:00,163.28
12/11/2022,18:00,964.78
12/12/2022,0:00,342.784
12/12/2022,6:00,0
12/12/2022,12:00,170.9
12/12/2022,18:00,653.12
12/13/2022,0:00,193.96
12/13/2022,6:00,0
12/13/2022,12:00,183.16
12/13/2022,18:00,1009.2
12/14/2022,0:00,353.9
12/14/2022,6:00,0
12/14/2022,12:00,182.32
12/14/2022,18:00,1008.98
12/15/2022,0:00,355.808
12/15/2022,6:00,0
12/15/2022,12:00,178.66
12/15/2022,18:00,814.1
12/16/2022,0:00,228.28
12/16/2022,6:00,0
12/16/2022,12:00,174.88
12/16/2022,18:00,1014.18
12/17/2022,0:00,359.56
12/17/2022,6:00,0
12/17/2022,12:00,166.72
12/17/2022,18:00,920.86
12/18/2022,0:00,275.08
12/18/2022,6:00,0
12/18/2022,12:00,171.88
12/18/2022,18:00,973.46
12/19/2022,0:00,297.62
12/19/2022,6:00,0
12/19/2022,12:00,167.74
12/19/2022,18:00,876.38
12/20/2022,0:00,207.696
12/20/2022,6:00,0
12/20/2022,12:00,170.72
12/20/2022,18:00,987.84
12/21/2022,0:00,355.76
12/21/2022,6:00,0
12/21/2022,12:00,169.18
12/21/2022,18:00,979.18
12/22/2022,0:00,353.04
12/22/2022,6:00,0
12/22/2022,12:00,168.06
12/22/2022,18:00,973.16
12/23/2022,0:00,337.08
12/23/2022,6:00,0
12/23/2022,12:00,132.06
12/23/2022,18:00,818
12/24/2022,0:00,265.3
12/24/2022,6:00,0
12/24/2022,12:00,38.9
12/24/2022,18:00,618.62
12/25/2022,0:00,52.16
12/25/2022,6:00,0
12/25/2022,12:00,86.76
12/25/2022,18:00,665.64
12/26/2022,0:00,250.352
12/26/2022,6:00,0
12/26/2022,12:00,158.64
12/26/2022,18:00,896.2
12/27/2022,0:00,354.832
12/27/2022,6:00,0
12/27/2022,12:00,95.66
12/27/2022,18:00,315.34
12/28/2022,0:00,100.56
12/28/2022,6:00,0
12/28/2022,12:00,158.84
12/28/2022,18:00,984.06
12/29/2022,0:00,363.24
12/29/2022,6:00,0
12/29/2022,12:00,164.98
12/29/2022,18:00,993.58
12/30/2022,0:00,370.94
12/30/2022,6:00,0
12/30/2022,12:00,164.54
12/30/2022,18:00,989.6
12/31/2022,0:00,369.24
12/31/2022,6:00,0
12/31/2022,12:00,161.9
12/31/2022,18:00,984.98
1/1/2023,0:00,369.04
1/1/2023,6:00,0
1/1/2023,12:00,157.66
1/1/2023,18:00,958.18
1/2/2023,0:00,243.54
1/2/2023,6:00,0
1/2/2023,12:00,47.38
1/2/2023,18:00,877.38
1/3/2023,0:00,378.928
1/3/2023,6:00,0
1/3/2023,12:00,160.04
1/3/2023,18:00,952.16
1/4/2023,0:00,265.776
1/4/2023,6:00,0
1/4/2023,12:00,159.06
1/4/2023,18:00,991.1
1/5/2023,0:00,374.544
1/5/2023,6:00,0
1/5/2023,12:00,154.64
1/5/2023,18:00,980.02
1/6/2023,0:00,371.26
1/6/2023,6:00,0
1/6/2023,12:00,153.32
1/6/2023,18:00,978.76
1/7/2023,0:00,373.76
1/7/2023,6:00,0
1/7/2023,12:00,153.34
1/7/2023,18:00,981.14
1/8/2023,0:00,374.06
1/8/2023,6:00,0
1/8/2023,12:00,150.92
1/8/2023,18:00,973.48
1/9/2023,0:00,371.88
1/9/2023,6:00,0
1/9/2023,12:00,147.04
1/9/2023,18:00,965.62
1/10/2023,0:00,369.024
1/10/2023,6:00,0
1/10/2023,12:00,142.1
1/10/2023,18:00,782.9
1/11/2023,0:00,226.8
1/11/2023,6:00,0
1/11/2023,12:00,143.92
1/11/2023,18:00,917.76
1/12/2023,0:00,298.496
1/12/2023,6:00,0
1/12/2023,12:00,53.3
1/12/2023,18:00,715.04
1/13/2023,0:00,268.544
1/13/2023,6:00,0
1/13/2023,12:00,11.58
1/13/2023,18:00,213.46
1/14/2023,0:00,88.976
1/14/2023,6:00,0
1/14/2023,12:00,131.78
1/14/2023,18:00,939.04
1/15/2023,0:00,287.14
1/15/2023,6:00,0
1/15/2023,12:00,140.48
1/15/2023,18:00,959.14
1/16/2023,0:00,348.88
1/16/2023,6:00,0
1/16/2023,12:00,135.88
1/16/2023,18:00,734.18
1/17/2023,0:00,367.12
1/17/2023,6:00,0
1/17/2023,12:00,107.68
1/17/2023,18:00,947.56
1/18/2023,0:00,367.632
1/18/2023,6:00,0
1/18/2023,12:00,132.94
1/18/2023,18:00,931.36
1/19/2023,0:00,338.736
1/19/2023,6:00,0
1/19/2023,12:00,129.88
1/19/2023,18:00,868.64
1/20/2023,0:00,195.6
1/20/2023,6:00,0
1/20/2023,12:00,131.744
1/20/2023,18:00,944.44
1/21/2023,0:00,366.688
1/21/2023,6:00,0
1/21/2023,12:00,56.672
1/21/2023,18:00,607.48
1/22/2023,0:00,146.16
1/22/2023,6:00,0
1/22/2023,12:00,129.9
1/22/2023,18:00,943.6
1/23/2023,0:00,359.76
1/23/2023,6:00,0
1/23/2023,12:00,130.72
1/23/2023,18:00,949.18
1/24/2023,0:00,368.016
1/24/2023,6:00,0
1/24/2023,12:00,130.512
1/24/2023,18:00,952.08
1/25/2023,0:00,368.336
1/25/2023,6:00,0
1/25/2023,12:00,126.768
1/25/2023,18:00,879.14
1/26/2023,0:00,280.016
1/26/2023,6:00,0
1/26/2023,12:00,20.16
1/26/2023,18:00,646.52
1/27/2023,0:00,250.464
1/27/2023,6:00,0
1/27/2023,12:00,123.904
1/27/2023,18:00,883.38
1/28/2023,0:00,261.184
1/28/2023,6:00,0
1/28/2023,12:00,113.424
1/28/2023,18:00,548.5
1/29/2023,0:00,184.72
1/29/2023,6:00,0
1/29/2023,12:00,119.52
1/29/2023,18:00,926.5
1/30/2023,0:00,363.28
1/30/2023,6:00,0
1/30/2023,12:00,122.34
1/30/2023,18:00,940.12
1/31/2023,0:00,361.584
1/31/2023,6:00,0
1/31/2023,12:00,119.296
1/31/2023,18:00,942.66
2/1/2023,0:00,369.088
2/1/2023,6:00,0
2/1/2023,12:00,119.456
2/1/2023,18:00,933.7
2/2/2023,0:00,357.536
2/2/2023,6:00,0
2/2/2023,12:00,83.84
2/2/2023,18:00,711.88
2/3/2023,0:00,77.504
2/3/2023,6:00,0
2/3/2023,12:00,102.32
2/3/2023,18:00,780.46
2/4/2023,0:00,102.416
2/4/2023,6:00,0
2/4/2023,12:00,111.98
2/4/2023,18:00,828.96
2/5/2023,0:00,353.936
2/5/2023,6:00,0
2/5/2023,12:00,116.1
2/5/2023,18:00,945.44
2/6/2023,0:00,335.568
2/6/2023,6:00,0
2/6/2023,12:00,118.528
2/6/2023,18:00,957.24
2/7/2023,0:00,364.976
2/7/2023,6:00,0
2/7/2023,12:00,115.728
2/7/2023,18:00,939.34
2/8/2023,0:00,355.904
2/8/2023,6:00,0
2/8/2023,12:00,112.336
2/8/2023,18:00,927.6
2/9/2023,0:00,284.368
2/9/2023,6:00,0
2/9/2023,12:00,33.984
2/9/2023,18:00,686
2/10/2023,0:00,120.048
2/10/2023,6:00,0
2/10/2023,12:00,66.496
2/10/2023,18:00,779.2
2/11/2023,0:00,244.56
2/11/2023,6:00,0
2/11/2023,12:00,106.18
2/11/2023,18:00,900.704
2/12/2023,0:00,340.624
2/12/2023,6:00,0
2/12/2023,12:00,109.24
2/12/2023,18:00,928.144
2/13/2023,0:00,347.36
2/13/2023,6:00,0
2/13/2023,12:00,103.22
2/13/2023,18:00,754.48
2/14/2023,0:00,216.048
2/14/2023,6:00,0
2/14/2023,12:00,99.7
2/14/2023,18:00,755.54
2/15/2023,0:00,66.512
2/15/2023,6:00,0
2/15/2023,12:00,96.464
2/15/2023,18:00,884.688
2/16/2023,0:00,283.552
2/16/2023,6:00,0
2/16/2023,12:00,100.688
2/16/2023,18:00,876.2
2/17/2023,0:00,276.624
2/17/2023,6:00,0
2/17/2023,12:00,81.728
2/17/2023,18:00,910.704
2/18/2023,0:00,146.208
2/18/2023,6:00,0
2/18/2023,12:00,105.936
2/18/2023,18:00,937.52
2/19/2023,0:00,345.376
2/19/2023,6:00,0
2/19/2023,12:00,89.04
2/19/2023,18:00,915.18
2/20/2023,0:00,315.168
2/20/2023,6:00,0
2/20/2023,12:00,68.98
2/20/2023,18:00,844
2/21/2023,0:00,277.856
2/21/2023,6:00,0
2/21/2023,12:00,95.952
2/21/2023,18:00,882.32
2/22/2023,0:00,318.24
2/22/2023,6:00,0
2/22/2023,12:00,93.68
2/22/2023,18:00,851.056
2/23/2023,0:00,220.32
2/23/2023,6:00,0
2/23/2023,12:00,52.048
2/23/2023,18:00,725.184
2/24/2023,0:00,180.72
2/24/2023,6:00,0
2/24/2023,12:00,87.776
2/24/2023,18:00,306.688
2/25/2023,0:00,277.6
2/25/2023,6:00,0
2/25/2023,12:00,90.752
2/25/2023,18:00,865.728
2/26/2023,0:00,309.664
2/26/2023,6:00,0
2/26/2023,12:00,92.288
2/26/2023,18:00,869.344
2/27/2023,0:00,304.128
2/27/2023,6:00,0
2/27/2023,12:00,89.904
2/27/2023,18:00,861.632
2/28/2023,0:00,303.664
2/28/2023,6:00,0
2/28/2023,12:00,89.04
2/28/2023,18:00,848.976
3/1/2023,0:00,183.136
3/1/2023,6:00,0
3/1/2023,12:00,87.328
3/1/2023,18:00,758.272
3/2/2023,0:00,63.888
3/2/2023,6:00,0
3/2/2023,12:00,16.704
3/2/2023,18:00,117.072
3/3/2023,0:00,158.592
3/3/2023,6:00,0
3/3/2023,12:00,38.304
3/3/2023,18:00,644.656
3/4/2023,0:00,210.768
3/4/2023,6:00,0
3/4/2023,12:00,18.288
3/4/2023,18:00,598.24
3/5/2023,0:00,177.456
3/5/2023,6:00,0
3/5/2023,12:00,85
3/5/2023,18:00,841.872
3/6/2023,0:00,285.168
3/6/2023,6:00,0
3/6/2023,12:00,87.28
3/6/2023,18:00,861.584
3/7/2023,0:00,284.256
3/7/2023,6:00,0
3/7/2023,12:00,80.42
3/7/2023,18:00,622.944
3/8/2023,0:00,116.256
3/8/2023,6:00,0
3/8/2023,12:00,79.104
3/8/2023,18:00,798.848
3/9/2023,0:00,267.36
3/9/2023,6:00,0
3/9/2023,12:00,80.192
3/9/2023,18:00,819.024
3/10/2023,0:00,271.456
3/10/2023,6:00,0
3/10/2023,12:00,78.992
3/10/2023,18:00,813.568
3/11/2023,0:00,267.84
3/11/2023,6:00,0
3/11/2023,12:00,78.752
3/11/2023,18:00,820.832
3/12/2023,0:00,267.728
3/12/2023,6:00,0
3/12/2023,12:00,77.792
3/12/2023,18:00,812.448
3/13/2023,0:00,261.552
3/13/2023,6:00,0
3/13/2023,12:00,75.856
3/13/2023,18:00,798.4
3/14/2023,0:00,178.496
3/14/2023,6:00,0
3/14/2023,12:00,71.696
3/14/2023,18:00,480.576
3/15/2023,0:00,73.632
3/15/2023,6:00,0
3/15/2023,12:00,29.776
3/15/2023,18:00,160.96
3/16/2023,0:00,16.384
3/16/2023,6:00,0
3/16/2023,12:00,6.672
3/16/2023,18:00,583.216
3/17/2023,0:00,186.16
3/17/2023,6:00,0
3/17/2023,12:00,26.416
3/17/2023,18:00,650.864
3/18/2023,0:00,227.28
3/18/2023,6:00,0
3/18/2023,12:00,60.192
3/18/2023,18:00,482.272
3/19/2023,0:00,228.624
3/19/2023,6:00,0
3/19/2023,12:00,64.736
3/19/2023,18:00,766.24
3/20/2023,0:00,148.64
3/20/2023,6:00,0
3/20/2023,12:00,45.872
3/20/2023,18:00,683.872
3/21/2023,0:00,80
3/21/2023,6:00,0
3/21/2023,12:00,67.664
3/21/2023,18:00,755.584
3/22/2023,0:00,226.96
3/22/2023,6:00,0
3/22/2023,12:00,28.384
3/22/2023,18:00,746.752
3/23/2023,0:00,218.896
3/23/2023,6:00,0
3/23/2023,12:00,62.464
3/23/2023,18:00,748.752
3/24/2023,0:00,129.312
3/24/2023,6:00,0
3/24/2023,12:00,64.624
3/24/2023,18:00,718.32
3/25/2023,0:00,206.576
3/25/2023,6:00,0
3/25/2023,12:00,2.976
3/25/2023,18:00,259.232
3/26/2023,0:00,188.432
3/26/2023,6:00,0
3/26/2023,12:00,66.576
3/26/2023,18:00,760.016
3/27/2023,0:00,223.024
3/27/2023,6:00,0
3/27/2023,12:00,69.024
3/27/2023,18:00,783.552
3/28/2023,0:00,229.456
3/28/2023,6:00,0
3/28/2023,12:00,67.296
3/28/2023,18:00,762
3/29/2023,0:00,216.832
3/29/2023,6:00,0
3/29/2023,12:00,62.272
3/29/2023,18:00,643.632
3/30/2023,0:00,92.896
3/30/2023,6:00,0
3/30/2023,12:00,29.12
3/30/2023,18:00,390.624
3/31/2023,0:00,131.216
3/31/2023,6:00,0
3/31/2023,12:00,54.848
3/31/2023,18:00,546.208
4/1/2023,0:00,172.064
4/1/2023,6:00,0
4/1/2023,12:00,65.728
4/1/2023,18:00,768.112
4/2/2023,0:00,215.728
4/2/2023,6:00,0
4/2/2023,12:00,64.24
4/2/2023,18:00,758.896
4/3/2023,0:00,211.232
4/3/2023,6:00,0
4/3/2023,12:00,63.328
4/3/2023,18:00,745.152
4/4/2023,0:00,201.12
4/4/2023,6:00,0
4/4/2023,12:00,12.704
4/4/2023,18:00,275.872
4/5/2023,0:00,80.736
4/5/2023,6:00,0
4/5/2023,12:00,27.52
4/5/2023,18:00,577.792
4/6/2023,0:00,95.088
4/6/2023,6:00,0
4/6/2023,12:00,22
4/6/2023,18:00,362.016
4/7/2023,0:00,34.096
4/7/2023,6:00,0
4/7/2023,12:00,55.104
4/7/2023,18:00,618.48
4/8/2023,0:00,111.552
4/8/2023,6:00,0
4/8/2023,12:00,11.536
4/8/2023,18:00,511.232
4/9/2023,0:00,183.296
4/9/2023,6:00,0
4/9/2023,12:00,54.28
4/9/2023,18:00,690.736
4/10/2023,0:00,181.344
4/10/2023,6:00,0
4/10/2023,12:00,54.64
4/10/2023,18:00,692.992
4/11/2023,0:00,180.592
4/11/2023,6:00,0
4/11/2023,12:00,53.264
4/11/2023,18:00,621.856
4/12/2023,0:00,173.616
4/12/2023,6:00,0
4/12/2023,12:00,9.9
4/12/2023,18:00,528.096
4/13/2023,0:00,108.448
4/13/2023,6:00,0
4/13/2023,12:00,4.896
4/13/2023,18:00,107.264
4/14/2023,0:00,23.552
4/14/2023,6:00,0
4/14/2023,12:00,51.68
4/14/2023,18:00,675.856
4/15/2023,0:00,170.912
4/15/2023,6:00,0
4/15/2023,12:00,49.488
4/15/2023,18:00,657.984
4/16/2023,0:00,164.016
4/16/2023,6:00,0
4/16/2023,12:00,10.08
4/16/2023,18:00,425.872
4/17/2023,0:00,94.464
4/17/2023,6:00,0
4/17/2023,12:00,48.032
4/17/2023,18:00,644.576
4/18/2023,0:00,163.568
4/18/2023,6:00,0
4/18/2023,12:00,50.224
4/18/2023,18:00,671.76
4/19/2023,0:00,162.4
4/19/2023,6:00,0
4/19/2023,12:00,45.44
4/19/2023,18:00,483.552
4/20/2023,0:00,94.496
4/20/2023,6:00,0
4/20/2023,12:00,48.704
4/20/2023,18:00,668.96
4/21/2023,0:00,163.264
4/21/2023,6:00,0
4/21/2023,12:00,49.584
4/21/2023,18:00,669.312
4/22/2023,0:00,158.96
4/22/2023,6:00,0
4/22/2023,12:00,16.464
4/22/2023,18:00,543.296
4/23/2023,0:00,146.016
4/23/2023,6:00,0
4/23/2023,12:00,31.168
4/23/2023,18:00,536.368
4/24/2023,0:00,129.472
4/24/2023,6:00,0
4/24/2023,12:00,44.432
4/24/2023,18:00,350.112
4/25/2023,0:00,77.312
4/25/2023,6:00,0
4/25/2023,12:00,4.88
4/25/2023,18:00,279.088
4/26/2023,0:00,44.72
4/26/2023,6:00,0
4/26/2023,12:00,41.536
4/26/2023,18:00,443.312
4/27/2023,0:00,26.848
4/27/2023,6:00,0
4/27/2023,12:00,42.144
4/27/2023,18:00,615.616
4/28/2023,0:00,141.504
4/28/2023,6:00,0
4/28/2023,12:00,42
4/28/2023,18:00,619.52
4/29/2023,0:00,142.464
4/29/2023,6:00,0
4/29/2023,12:00,41.936
4/29/2023,18:00,614.144
4/30/2023,0:00,138.864
4/30/2023,6:00,0
4/30/2023,12:00,40.992
4/30/2023,18:00,598.416
5/1/2023,0:00,129.712
5/1/2023,6:00,0
5/1/2023,12:00,17.84
5/1/2023,18:00,100.528
5/2/2023,0:00,10.72
5/2/2023,6:00,0
5/2/2023,12:00,2.544
5/2/2023,18:00,21.072
5/3/2023,0:00,3.184
5/3/2023,6:00,0
5/3/2023,12:00,1.52
5/3/2023,18:00,26.224
5/4/2023,0:00,5.808
5/4/2023,6:00,0
5/4/2023,12:00,9.552
5/4/2023,18:00,90.672
5/5/2023,0:00,3.84
5/5/2023,6:00,0
5/5/2023,12:00,0.592
5/5/2023,18:00,43.2
5/6/2023,0:00,18.976
5/6/2023,6:00,0
5/6/2023,12:00,11.904
5/6/2023,18:00,107.856
5/7/2023,0:00,3.408
5/7/2023,6:00,0
5/7/2023,12:00,0.912
5/7/2023,18:00,48.144
5/8/2023,0:00,12.848
5/8/2023,6:00,0
5/8/2023,12:00,35.776
5/8/2023,18:00,580.528
5/9/2023,0:00,123.984
5/9/2023,6:00,0
5/9/2023,12:00,35.664
5/9/2023,18:00,584.512
5/10/2023,0:00,124
5/10/2023,6:00,0
5/10/2023,12:00,25.792
5/10/2023,18:00,523.008
5/11/2023,0:00,120.448
5/11/2023,6:00,0
5/11/2023,12:00,33.68
5/11/2023,18:00,526.96
5/12/2023,0:00,93.84
5/12/2023,6:00,0
5/12/2023,12:00,33.12
5/12/2023,18:00,563.28
5/13/2023,0:00,117.136
5/13/2023,6:00,0
5/13/2023,12:00,32.208
5/13/2023,18:00,554.592
5/14/2023,0:00,115.568
5/14/2023,6:00,0
5/14/2023,12:00,31.824
5/14/2023,18:00,552.352
5/15/2023,0:00,114.288
5/15/2023,6:00,0
5/15/2023,12:00,31.984
5/15/2023,18:00,554.464
5/16/2023,0:00,114.896
5/16/2023,6:00,0
5/16/2023,12:00,31.584
5/16/2023,18:00,554.784
5/17/2023,0:00,114.544
5/17/2023,6:00,0
5/17/2023,12:00,31.36
5/17/2023,18:00,547.104
5/18/2023,0:00,113.552
5/18/2023,6:00,0
5/18/2023,12:00,29.792
5/18/2023,18:00,538.656
5/19/2023,0:00,108.976
5/19/2023,6:00,0
5/19/2023,12:00,20.592
5/19/2023,18:00,521.152
5/20/2023,0:00,105.808
5/20/2023,6:00,0
5/20/2023,12:00,22.848
5/20/2023,18:00,391.472
5/21/2023,0:00,69.296
5/21/2023,6:00,0
5/21/2023,12:00,4.08
5/21/2023,18:00,104.704
5/22/2023,0:00,26.384
5/22/2023,6:00,0
5/22/2023,12:00,7.888
5/22/2023,18:00,341.36
5/23/2023,0:00,47.568
5/23/2023,6:00,0
5/23/2023,12:00,25.664
5/23/2023,18:00,505.632
5/24/2023,0:00,100.32
5/24/2023,6:00,0
5/24/2023,12:00,25.696
5/24/2023,18:00,505.408
5/25/2023,0:00,101.12
5/25/2023,6:00,0
5/25/2023,12:00,25.648
5/25/2023,18:00,509.552
5/26/2023,0:00,102.192
5/26/2023,6:00,0
5/26/2023,12:00,23.088
5/26/2023,18:00,416.48
5/27/2023,0:00,93.824
5/27/2023,6:00,0
5/27/2023,12:00,3.456
5/27/2023,18:00,109.424
5/28/2023,0:00,19.824
5/28/2023,6:00,0
5/28/2023,12:00,3.36
5/28/2023,18:00,488.128
5/29/2023,0:00,102.208
5/29/2023,6:00,0
5/29/2023,12:00,25.68
5/29/2023,18:00,514.4
5/30/2023,0:00,99.136
5/30/2023,6:00,0
5/30/2023,12:00,23.2
5/30/2023,18:00,425.392
5/31/2023,0:00,96.976
5/31/2023,6:00,0
5/31/2023,12:00,19.616
5/31/2023,18:00,472.288
6/1/2023,0:00,94.624
6/1/2023,6:00,0
6/1/2023,12:00,21.936
6/1/2023,18:00,472.24
6/2/2023,0:00,94.656
6/2/2023,6:00,0
6/2/2023,12:00,22.512
6/2/2023,18:00,488.768
6/3/2023,0:00,95.808
6/3/2023,6:00,0
6/3/2023,12:00,19.232
6/3/2023,18:00,376.256
6/4/2023,0:00,47.28
6/4/2023,6:00,0
6/4/2023,12:00,21.168
6/4/2023,18:00,469.84
6/5/2023,0:00,78.704
6/5/2023,6:00,0
6/5/2023,12:00,19.84
6/5/2023,18:00,284.464
6/6/2023,0:00,31.552
6/6/2023,6:00,0
6/6/2023,12:00,20.112
6/6/2023,18:00,469.648
6/7/2023,0:00,92.224
6/7/2023,6:00,0
6/7/2023,12:00,19.808
6/7/2023,18:00,464.576
6/8/2023,0:00,86.88
6/8/2023,6:00,0
6/8/2023,12:00,19.984
6/8/2023,18:00,473.024
6/9/2023,0:00,94.448
6/9/2023,6:00,0
6/9/2023,12:00,20.272
6/9/2023,18:00,472.352
6/10/2023,0:00,92.704
6/10/2023,6:00,0
6/10/2023,12:00,7.888
6/10/2023,18:00,170.992
6/11/2023,0:00,65.696
6/11/2023,6:00,0
6/11/2023,12:00,2.72
6/11/2023,18:00,302.16
6/12/2023,0:00,98.736
6/12/2023,6:00,0
6/12/2023,12:00,20.896
6/12/2023,18:00,502.912
6/13/2023,0:00,102.224
6/13/2023,6:00,0
6/13/2023,12:00,19.536
6/13/2023,18:00,464.608
6/14/2023,0:00,88.624
6/14/2023,6:00,0
6/14/2023,12:00,18.96
6/14/2023,18:00,320.704
6/15/2023,0:00,8.992
6/15/2023,6:00,0
6/15/2023,12:00,1.2
6/15/2023,18:00,45.92
6/16/2023,0:00,4.304
6/16/2023,6:00,0
6/16/2023,12:00,18.272
6/16/2023,18:00,454.656
6/17/2023,0:00,48.64
6/17/2023,6:00,0
6/17/2023,12:00,18.624
6/17/2023,18:00,214.64
6/18/2023,0:00,26
6/18/2023,6:00,0
6/18/2023,12:00,19.136
6/18/2023,18:00,483.312
6/19/2023,0:00,97.248
6/19/2023,6:00,0
6/19/2023,12:00,14.24
6/19/2023,18:00,412.992
6/20/2023,0:00,83.408
6/20/2023,6:00,0
6/20/2023,12:00,8.78
6/20/2023,18:00,209.376
6/21/2023,0:00,51.36
6/21/2023,6:00,0
6/21/2023,12:00,8.4
6/21/2023,18:00,20.624
6/22/2023,0:00,3.92
6/22/2023,6:00,0
6/22/2023,12:00,11.344
6/22/2023,18:00,381.728
6/23/2023,0:00,90.112
6/23/2023,6:00,0
6/23/2023,12:00,6.816
6/23/2023,18:00,133.472
6/24/2023,0:00,30.544
6/24/2023,6:00,0
6/24/2023,12:00,14.272
6/24/2023,18:00,383.888
6/25/2023,0:00,92.304
6/25/2023,6:00,0
6/25/2023,12:00,2.496
6/25/2023,18:00,309.408
6/26/2023,0:00,87.952
6/26/2023,6:00,0
6/26/2023,12:00,16.66
6/26/2023,18:00,121.984
6/27/2023,0:00,26.464
6/27/2023,6:00,0
6/27/2023,12:00,13.4
6/27/2023,18:00,412.752
6/28/2023,0:00,94.016
6/28/2023,6:00,0
6/28/2023,12:00,4.2
6/28/2023,18:00,236.72
6/29/2023,0:00,82.08
6/29/2023,6:00,0
6/29/2023,12:00,18.8
6/29/2023,18:00,490.432
6/30/2023,0:00,72.224
6/30/2023,6:00,0
6/30/2023,12:00,8.272
6/30/2023,18:00,187.52
7/1/2023,0:00,12.736
7/1/2023,6:00,0
7/1/2023,12:00,16.7
7/1/2023,18:00,460.432
7/2/2023,0:00,96.176
7/2/2023,6:00,0
7/2/2023,12:00,17.104
7/2/2023,18:00,469.52
7/3/2023,0:00,98.832
7/3/2023,6:00,0
7/3/2023,12:00,16.944
7/3/2023,18:00,477.888
7/4/2023,0:00,101.2
7/4/2023,6:00,0
7/4/2023,12:00,17.552
7/4/2023,18:00,475.968
7/5/2023,0:00,101.088
7/5/2023,6:00,0
7/5/2023,12:00,17.344
7/5/2023,18:00,472.048
7/6/2023,0:00,100.8
7/6/2023,6:00,0
7/6/2023,12:00,0.48
7/6/2023,18:00,224.144
7/7/2023,0:00,73.488
7/7/2023,6:00,0
7/7/2023,12:00,16.24
7/7/2023,18:00,311.296
7/8/2023,0:00,7.344
7/8/2023,6:00,0
7/8/2023,12:00,4.08
7/8/2023,18:00,234.864
7/9/2023,0:00,43.488
7/9/2023,6:00,0
7/9/2023,12:00,8.048
7/9/2023,18:00,419.696
7/10/2023,0:00,83.728
7/10/2023,6:00,0
7/10/2023,12:00,8.624
7/10/2023,18:00,135.92
7/11/2023,0:00,26.432
7/11/2023,6:00,0
7/11/2023,12:00,7.488
7/11/2023,18:00,259.056
7/12/2023,0:00,22.816
7/12/2023,6:00,0
7/12/2023,12:00,0.4
7/12/2023,18:00,14.8
7/13/2023,0:00,8.336
7/13/2023,6:00,0
7/13/2023,12:00,4.464
7/13/2023,18:00,27.36
7/14/2023,0:00,18.752
7/14/2023,6:00,0
7/14/2023,12:00,19.38
7/14/2023,18:00,493.84
7/15/2023,0:00,78.96
7/15/2023,6:00,0
7/15/2023,12:00,19.872
7/15/2023,18:00,281.84
7/16/2023,0:00,61.344
7/16/2023,6:00,0
7/16/2023,12:00,19.744
7/16/2023,18:00,506.288
7/17/2023,0:00,113.728
7/17/2023,6:00,0
7/17/2023,12:00,20.704
7/17/2023,18:00,519.232
7/18/2023,0:00,117.344
7/18/2023,6:00,0
7/18/2023,12:00,20.96
7/18/2023,18:00,515.024
7/19/2023,0:00,118.288
7/19/2023,6:00,0
7/19/2023,12:00,21.12
7/19/2023,18:00,500.784
7/20/2023,0:00,105.328
7/20/2023,6:00,0
7/20/2023,12:00,10.288
7/20/2023,18:00,155.808
7/21/2023,0:00,49.248
7/21/2023,6:00,0
7/21/2023,12:00,19.84
7/21/2023,18:00,497.456
7/22/2023,0:00,105.888
7/22/2023,6:00,0
7/22/2023,12:00,14.656
7/22/2023,18:00,483.152
7/23/2023,0:00,115.056
7/23/2023,6:00,0
7/23/2023,12:00,20.8
7/23/2023,18:00,494.512
7/24/2023,0:00,48.192
7/24/2023,6:00,0
7/24/2023,12:00,2.96
7/24/2023,18:00,135.52
7/25/2023,0:00,17.184
7/25/2023,6:00,0
7/25/2023,12:00,1.568
7/25/2023,18:00,336.784
7/26/2023,0:00,71.696
7/26/2023,6:00,0
7/26/2023,12:00,13.008
7/26/2023,18:00,186.432
7/27/2023,0:00,42.896
7/27/2023,6:00,0
7/27/2023,12:00,24.08
7/27/2023,18:00,540.464
7/28/2023,0:00,102.224
7/28/2023,6:00,0
7/28/2023,12:00,18.976
7/28/2023,18:00,543.424
7/29/2023,0:00,125.536
7/29/2023,6:00,0
7/29/2023,12:00,24.752
7/29/2023,18:00,549.712
7/30/2023,0:00,130.336
7/30/2023,6:00,0
7/30/2023,12:00,25.872
7/30/2023,18:00,547.04
7/31/2023,0:00,130.96
7/31/2023,6:00,0
7/31/2023,12:00,24.416
7/31/2023,18:00,533.824
8/1/2023,0:00,115.68
8/1/2023,6:00,0
8/1/2023,12:00,25.84
8/1/2023,18:00,545.136
8/2/2023,0:00,129.696
8/2/2023,6:00,0
8/2/2023,12:00,26.368
8/2/2023,18:00,550.784
8/3/2023,0:00,131.6
8/3/2023,6:00,0
8/3/2023,12:00,26.192
8/3/2023,18:00,541.376
8/4/2023,0:00,129.664
8/4/2023,6:00,0
8/4/2023,12:00,26.704
8/4/2023,18:00,546.16
8/5/2023,0:00,131.28
8/5/2023,6:00,0
8/5/2023,12:00,26.64
8/5/2023,18:00,544.912
8/6/2023,0:00,132.96
8/6/2023,6:00,0
8/6/2023,12:00,28.944
8/6/2023,18:00,557.952
8/7/2023,0:00,120.336
8/7/2023,6:00,0
8/7/2023,12:00,6.4
8/7/2023,18:00,266.896
8/8/2023,0:00,135.776
8/8/2023,6:00,0
8/8/2023,12:00,31.008
8/8/2023,18:00,502.624
8/9/2023,0:00,63.232
8/9/2023,6:00,0
8/9/2023,12:00,15.6
8/9/2023,18:00,48.544
8/10/2023,0:00,78.608
8/10/2023,6:00,0
8/10/2023,12:00,6.752
8/10/2023,18:00,293.248
8/11/2023,0:00,100.688
8/11/2023,6:00,0
8/11/2023,12:00,31.424
8/11/2023,18:00,582.64
8/12/2023,0:00,142.784
8/12/2023,6:00,0
8/12/2023,12:00,31.088
8/12/2023,18:00,595.104
8/13/2023,0:00,146.928
8/13/2023,6:00,0
8/13/2023,12:00,36.896
8/13/2023,18:00,624.192
8/14/2023,0:00,153.696
8/14/2023,6:00,0
8/14/2023,12:00,36.464
8/14/2023,18:00,597.296
8/15/2023,0:00,147.776
8/15/2023,6:00,0
8/15/2023,12:00,34.656
8/15/2023,18:00,561.216
8/16/2023,0:00,149.104
8/16/2023,6:00,0
8/16/2023,12:00,28.736
8/16/2023,18:00,555.232
8/17/2023,0:00,136.176
8/17/2023,6:00,0
8/17/2023,12:00,35.344
8/17/2023,18:00,598.032
8/18/2023,0:00,149.552
8/18/2023,6:00,0
8/18/2023,12:00,8.192
8/18/2023,18:00,151.904
8/19/2023,0:00,39.824
8/19/2023,6:00,0
8/19/2023,12:00,41.984
8/19/2023,18:00,640.896
8/20/2023,0:00,138.272
8/20/2023,6:00,0
8/20/2023,12:00,39.36
8/20/2023,18:00,590.992
8/21/2023,0:00,107.776
8/21/2023,6:00,0
8/21/2023,12:00,41.152
8/21/2023,18:00,629.312
8/22/2023,0:00,159.552
8/22/2023,6:00,0
8/22/2023,12:00,41.12
8/22/2023,18:00,625.088
8/23/2023,0:00,157.792
8/23/2023,6:00,0
8/23/2023,12:00,13.12
8/23/2023,18:00,456.4
8/24/2023,0:00,37.6
8/24/2023,6:00,0
8/24/2023,12:00,46.624
8/24/2023,18:00,667.568
8/25/2023,0:00,170.464
8/25/2023,6:00,0
8/25/2023,12:00,47.968
8/25/2023,18:00,669.808
8/26/2023,0:00,170.304
8/26/2023,6:00,0
8/26/2023,12:00,48.736
8/26/2023,18:00,637.344
8/27/2023,0:00,170.624
8/27/2023,6:00,0
8/27/2023,12:00,50.16
8/27/2023,18:00,686.656
8/28/2023,0:00,176.944
8/28/2023,6:00,0
8/28/2023,12:00,53.696
8/28/2023,18:00,706.8
8/29/2023,0:00,181.6
8/29/2023,6:00,0
8/29/2023,12:00,52.048
8/29/2023,18:00,681.088
8/30/2023,0:00,174
8/30/2023,6:00,0
8/30/2023,12:00,52.416
8/30/2023,18:00,680.032
8/31/2023,0:00,174.208
8/31/2023,6:00,0
8/31/2023,12:00,53.216
8/31/2023,18:00,682.704
9/1/2023,0:00,176.688
9/1/2023,6:00,0
9/1/2023,12:00,36.352
9/1/2023,18:00,232.928
9/2/2023,0:00,25.44
9/2/2023,6:00,0
9/2/2023,12:00,5.552
9/2/2023,18:00,265.408
9/3/2023,0:00,91.968
9/3/2023,6:00,0
9/3/2023,12:00,12.736
9/3/2023,18:00,204.96
9/4/2023,0:00,88.272
9/4/2023,6:00,0
9/4/2023,12:00,3.76
9/4/2023,18:00,58.608
9/5/2023,0:00,4.4
9/5/2023,6:00,0
9/5/2023,12:00,61.664
9/5/2023,18:00,726.784
9/6/2023,0:00,188.992
9/6/2023,6:00,0
9/6/2023,12:00,62.144
9/6/2023,18:00,418.64
9/7/2023,0:00,45.216
9/7/2023,6:00,0
9/7/2023,12:00,34.096
9/7/2023,18:00,445.12
9/8/2023,0:00,17.888
9/8/2023,6:00,0
9/8/2023,12:00,8.08
9/8/2023,18:00,209.424
9/9/2023,0:00,9.68
9/9/2023,6:00,0
9/9/2023,12:00,26.4
9/9/2023,18:00,318.672
9/10/2023,0:00,58.176
9/10/2023,6:00,0
9/10/2023,12:00,36.24
9/10/2023,18:00,444.096
9/11/2023,0:00,65.504
9/11/2023,6:00,0
9/11/2023,12:00,66.176
9/11/2023,18:00,572.88
9/12/2023,0:00,177.856
9/12/2023,6:00,0
9/12/2023,12:00,31.2
9/12/2023,18:00,199.84
9/13/2023,0:00,12.528
9/13/2023,6:00,0
9/13/2023,12:00,0.976
9/13/2023,18:00,48.752
9/14/2023,0:00,19.024
9/14/2023,6:00,0
9/14/2023,12:00,78.688
9/14/2023,18:00,779.456
9/15/2023,0:00,202.704
9/15/2023,6:00,0
9/15/2023,12:00,77.984
9/15/2023,18:00,762.272
9/16/2023,0:00,199.008
9/16/2023,6:00,0
9/16/2023,12:00,81.424
9/16/2023,18:00,774.8
9/17/2023,0:00,200.528
9/17/2023,6:00,0
9/17/2023,12:00,77.44
9/17/2023,18:00,743.696
9/18/2023,0:00,195.536
9/18/2023,6:00,0
9/18/2023,12:00,59.344
9/18/2023,18:00,672.352
9/19/2023,0:00,137.552
9/19/2023,6:00,0
9/19/2023,12:00,14.688
9/19/2023,18:00,228.256
9/20/2023,0:00,26.16
9/20/2023,6:00,0
9/20/2023,12:00,44.368
9/20/2023,18:00,624.272
9/21/2023,0:00,153.6
9/21/2023,6:00,0
9/21/2023,12:00,79.792
9/21/2023,18:00,577.328
9/22/2023,0:00,128.896
9/22/2023,6:00,0
9/22/2023,12:00,67.296
9/22/2023,18:00,300.4
9/23/2023,0:00,117.296
9/23/2023,6:00,0
9/23/2023,12:00,13.248
9/23/2023,18:00,594.848
9/24/2023,0:00,196.272
9/24/2023,6:00,0
9/24/2023,12:00,54.016
9/24/2023,18:00,368.992
9/25/2023,0:00,47.712
9/25/2023,6:00,0
9/25/2023,12:00,81.024
9/25/2023,18:00,545.376
9/26/2023,0:00,150.288
9/26/2023,6:00,0
9/26/2023,12:00,53.392
9/26/2023,18:00,128.288
9/27/2023,0:00,10.992
9/27/2023,6:00,0
9/27/2023,12:00,82.592
9/27/2023,18:00,821.216
9/28/2023,0:00,220.848
9/28/2023,6:00,0
9/28/2023,12:00,104.368
9/28/2023,18:00,838.32
9/29/2023,0:00,219.776
9/29/2023,6:00,0
9/29/2023,12:00,102.336
9/29/2023,18:00,822.928
9/30/2023,0:00,212.384
9/30/2023,6:00,0
9/30/2023,12:00,100.208
9/30/2023,18:00,819.168
10/1/2023,0:00,219.376
10/1/2023,6:00,0
10/1/2023,12:00,110.72
10/1/2023,18:00,865.12
10/2/2023,0:00,234.624
10/2/2023,6:00,0
10/2/2023,12:00,115.328
10/2/2023,18:00,869.152
10/3/2023,0:00,232.432
10/3/2023,6:00,0
10/3/2023,12:00,112.44
10/3/2023,18:00,610.736
10/4/2023,0:00,206.832
10/4/2023,6:00,0
10/4/2023,12:00,35.72
10/4/2023,18:00,676.976
10/5/2023,0:00,210.24
10/5/2023,6:00,0
10/5/2023,12:00,120.58
10/5/2023,18:00,883.2
10/6/2023,0:00,235.632
10/6/2023,6:00,0
10/6/2023,12:00,116.82
10/6/2023,18:00,138.84
10/7/2023,0:00,80.48
10/7/2023,6:00,0
10/7/2023,12:00,108.48
10/7/2023,18:00,726.24
10/8/2023,0:00,183.264
10/8/2023,6:00,0
10/8/2023,12:00,80.5
10/8/2023,18:00,827.76
10/9/2023,0:00,233.44
10/9/2023,6:00,0
10/9/2023,12:00,123.12
10/9/2023,18:00,875.16
10/10/2023,0:00,237.2
10/10/2023,6:00,0
10/10/2023,12:00,124.76
10/10/2023,18:00,877.66
10/11/2023,0:00,237.296
10/11/2023,6:00,0
10/11/2023,12:00,35.488
10/11/2023,18:00,42.78
10/12/2023,0:00,39.36
10/12/2023,6:00,0
10/12/2023,12:00,54.16
10/12/2023,18:00,890.92
10/13/2023,0:00,245.152
10/13/2023,6:00,0
10/13/2023,12:00,135.072
10/13/2023,18:00,912.24
10/14/2023,0:00,250.112
10/14/2023,6:00,0
10/14/2023,12:00,133.824
10/14/2023,18:00,896.5
10/15/2023,0:00,243.2
10/15/2023,6:00,0
10/15/2023,12:00,126.78
10/15/2023,18:00,851.14
10/16/2023,0:00,195.104
10/16/2023,6:00,0
10/16/2023,12:00,56.544
10/16/2023,18:00,190.56
10/17/2023,0:00,107.792
10/17/2023,6:00,0
10/17/2023,12:00,5.648
10/17/2023,18:00,76.896
10/18/2023,0:00,25.568
10/18/2023,6:00,0
10/18/2023,12:00,37.152
10/18/2023,18:00,570.38
10/19/2023,0:00,75.376
10/19/2023,6:00,0
10/19/2023,12:00,129.824
10/19/2023,18:00,679.824
10/20/2023,0:00,60.192
10/20/2023,6:00,0
10/20/2023,12:00,22.272
10/20/2023,18:00,616.92
10/21/2023,0:00,236.72
10/21/2023,6:00,0
10/21/2023,12:00,35.856
10/21/2023,18:00,611.36
10/22/2023,0:00,232.528
10/22/2023,6:00,0
10/22/2023,12:00,75.26
10/22/2023,18:00,391.52
10/23/2023,0:00,50.624
10/23/2023,6:00,0
10/23/2023,12:00,2.86
10/23/2023,18:00,27.7
10/24/2023,0:00,127.68
10/24/2023,6:00,0
10/24/2023,12:00,111.5
10/24/2023,18:00,247.22
10/25/2023,0:00,126.032
10/25/2023,6:00,0
10/25/2023,12:00,147.44
10/25/2023,18:00,438.82
10/26/2023,0:00,212.896
10/26/2023,6:00,0
10/26/2023,12:00,152.38
10/26/2023,18:00,912.76
10/27/2023,0:00,178.544
10/27/2023,6:00,0
10/27/2023,12:00,151.6
10/27/2023,18:00,833.54
10/28/2023,0:00,197.2
10/28/2023,6:00,0
10/28/2023,12:00,16.14
10/28/2023,18:00,380.94
10/29/2023,0:00,119.552
10/29/2023,6:00,0
10/29/2023,12:00,153.776
10/29/2023,18:00,921.78
10/30/2023,0:00,262.048
10/30/2023,6:00,0
10/30/2023,12:00,70.38
10/30/2023,18:00,348.88
10/31/2023,0:00,219.376
10/31/2023,6:00,0
10/31/2023,12:00,108.464
10/31/2023,18:00,744.76
11/1/2023,0:00,199.312
11/1/2023,6:00,0
11/1/2023,12:00,125.2
11/1/2023,18:00,725.26
11/2/2023,0:00,39.424
11/2/2023,6:00,0
11/2/2023,12:00,17.184
11/2/2023,18:00,65.74
11/3/2023,0:00,62.592
11/3/2023,6:00,0
11/3/2023,12:00,15.12
11/3/2023,18:00,255.36
11/4/2023,0:00,60
11/4/2023,6:00,0
11/4/2023,12:00,169.16
11/4/2023,18:00,966.1
11/5/2023,0:00,283.456
11/5/2023,6:00,0
11/5/2023,12:00,172.56
11/5/2023,18:00,960.48
11/6/2023,0:00,251.264
11/6/2023,6:00,0
11/6/2023,12:00,168.608
11/6/2023,18:00,951.48
11/7/2023,0:00,277.744
11/7/2023,6:00,0
11/7/2023,12:00,166.688
11/7/2023,18:00,935.94
11/8/2023,0:00,272.624
11/8/2023,6:00,0
11/8/2023,12:00,24.62
11/8/2023,18:00,523.86
11/9/2023,0:00,204.928
11/9/2023,6:00,0
11/9/2023,12:00,70.1
11/9/2023,18:00,143.16
11/10/2023,0:00,29.984
11/10/2023,6:00,0
11/10/2023,12:00,134.7
11/10/2023,18:00,521.78
11/11/2023,0:00,250.592
11/11/2023,6:00,0
11/11/2023,12:00,12.72
11/11/2023,18:00,315.4
11/12/2023,0:00,152.784
11/12/2023,6:00,0
11/12/2023,12:00,70.52
11/12/2023,18:00,246.74
11/13/2023,0:00,123.504
11/13/2023,6:00,0
11/13/2023,12:00,3.24
11/13/2023,18:00,94.94
11/14/2023,0:00,27.856
11/14/2023,6:00,0
11/14/2023,12:00,8.82
11/14/2023,18:00,223.96
11/15/2023,0:00,86.048
11/15/2023,6:00,0
11/15/2023,12:00,61.14
11/15/2023,18:00,379.3
11/16/2023,0:00,215.36
11/16/2023,6:00,0
11/16/2023,12:00,121.16
11/16/2023,18:00,838.76
11/17/2023,0:00,267.392
11/17/2023,6:00,0
11/17/2023,12:00,157.78
11/17/2023,18:00,422.54
11/18/2023,0:00,114.576
11/18/2023,6:00,0
11/18/2023,12:00,6.22
11/18/2023,18:00,612.02
11/19/2023,0:00,280.064
11/19/2023,6:00,0
11/19/2023,12:00,184.4
11/19/2023,18:00,981.34
11/20/2023,0:00,305.264
11/20/2023,6:00,0
11/20/2023,12:00,184.62
11/20/2023,18:00,943.78
11/21/2023,0:00,294.96
11/21/2023,6:00,0
11/21/2023,12:00,172.1
11/21/2023,18:00,766.2
11/22/2023,0:00,259.04
11/22/2023,6:00,0
11/22/2023,12:00,52.04
11/22/2023,18:00,258.02
11/23/2023,0:00,89.6
11/23/2023,6:00,0
11/23/2023,12:00,67.48
11/23/2023,18:00,925.06
11/24/2023,0:00,299.904
11/24/2023,6:00,0
11/24/2023,12:00,174.28
11/24/2023,18:00,956.72
11/25/2023,0:00,252.176
11/25/2023,6:00,0
11/25/2023,12:00,176.88
11/25/2023,18:00,981.64
11/26/2023,0:00,299.984
11/26/2023,6:00,0
11/26/2023,12:00,174.12
11/26/2023,18:00,914.66
11/27/2023,0:00,181.712
11/27/2023,6:00,0
11/27/2023,12:00,51.58
11/27/2023,18:00,434.34
11/28/2023,0:00,93.68
11/28/2023,6:00,0
11/28/2023,12:00,171.84
11/28/2023,18:00,861.5
11/29/2023,0:00,291.62
11/29/2023,6:00,0
11/29/2023,12:00,177.78
11/29/2023,18:00,929.24
11/30/2023,0:00,310.06
11/30/2023,6:00,0
11/30/2023,12:00,174.54
11/30/2023,18:00,557.26
12/1/2023,0:00,254.9
12/1/2023,6:00,0
12/1/2023,12:00,172.14
12/1/2023,18:00,891.2
12/2/2023,0:00,305.42
12/2/2023,6:00,0
12/2/2023,12:00,85.64
12/2/2023,18:00,109.3
12/3/2023,0:00,98.02
12/3/2023,6:00,0
12/3/2023,12:00,94.5
12/3/2023,18:00,173.62
12/4/2023,0:00,47.92
12/4/2023,6:00,0
12/4/2023,12:00,66.82
12/4/2023,18:00,630
12/5/2023,0:00,98.8
12/5/2023,6:00,0
12/5/2023,12:00,150.2
12/5/2023,18:00,518.06
12/6/2023,0:00,126.74
12/6/2023,6:00,0
12/6/2023,12:00,134.74
12/6/2023,18:00,676.1
12/7/2023,0:00,234.656
12/7/2023,6:00,0
12/7/2023,12:00,137.04
12/7/2023,18:00,607.58
12/8/2023,0:00,330.74
12/8/2023,6:00,0
12/8/2023,12:00,183.82
12/8/2023,18:00,1001.28
12/9/2023,0:00,339.1
12/9/2023,6:00,0
12/9/2023,12:00,183.96
12/9/2023,18:00,999.42
12/10/2023,0:00,338.74
12/10/2023,6:00,0
12/10/2023,12:00,172.92
12/10/2023,18:00,649.24
12/11/2023,0:00,335.66
12/11/2023,6:00,0
12/11/2023,12:00,179.74
12/11/2023,18:00,976.1
12/12/2023,0:00,325.3
12/12/2023,6:00,0
12/12/2023,12:00,176.56
12/12/2023,18:00,981.04
12/13/2023,0:00,339.68
12/13/2023,6:00,0
12/13/2023,12:00,91.32
12/13/2023,18:00,305.78
12/14/2023,0:00,40.38
12/14/2023,6:00,0
12/14/2023,12:00,64.54
12/14/2023,18:00,578.78
12/15/2023,0:00,142.3
12/15/2023,6:00,0
12/15/2023,12:00,26.36
12/15/2023,18:00,147.72
12/16/2023,0:00,191.536
12/16/2023,6:00,0
12/16/2023,12:00,164.92
12/16/2023,18:00,902.96
12/17/2023,0:00,305.04
12/17/2023,6:00,0
12/17/2023,12:00,154.14
12/17/2023,18:00,946.68
12/18/2023,0:00,332.96
12/18/2023,6:00,0
12/18/2023,12:00,126.66
12/18/2023,18:00,555.26
12/19/2023,0:00,32.976
12/19/2023,6:00,0
12/19/2023,12:00,26.3
12/19/2023,18:00,291.26
12/20/2023,0:00,83.68
12/20/2023,6:00,0
12/20/2023,12:00,83.36
12/20/2023,18:00,307.62
12/21/2023,0:00,225.1
12/21/2023,6:00,0
12/21/2023,12:00,98.48
12/21/2023,18:00,842.3
12/22/2023,0:00,175.08
12/22/2023,6:00,0
12/22/2023,12:00,156.66
12/22/2023,18:00,721.34
12/23/2023,0:00,209.72
12/23/2023,6:00,0
12/23/2023,12:00,161.48
12/23/2023,18:00,696.26
12/24/2023,0:00,194.92
12/24/2023,6:00,0
12/24/2023,12:00,141.8
12/24/2023,18:00,918.36
12/25/2023,0:00,339.92
12/25/2023,6:00,0
12/25/2023,12:00,105.94
12/25/2023,18:00,847.36
12/26/2023,6:00,0
12/26/2023,12:00,177.5
12/26/2023,18:00,1019.52
12/27/2023,0:00,371.62
12/27/2023,6:00,0
12/27/2023,12:00,169.44
12/27/2023,18:00,993.64
12/28/2023,0:00,364.2
12/28/2023,6:00,0
12/28/2023,12:00,144.74
12/28/2023,18:00,958.04
12/29/2023,0:00,319.44
12/29/2023,6:00,0
12/29/2023,12:00,5.24
12/29/2023,18:00,268.14
12/30/2023,0:00,211.44
12/30/2023,6:00,0
12/30/2023,12:00,161.52
12/30/2023,18:00,981.02
12/31/2023,0:00,326.88
12/31/2023,6:00,0
12/31/2023,12:00,107.58
12/31/2023,18:00,712.58
1/1/2024,0:00,319.9
1/1/2024,6:00,0
1/1/2024,12:00,135.4
1/1/2024,18:00,790.94
1/2/2024,0:00,162.64
1/2/2024,6:00,0
1/2/2024,12:00,156
1/2/2024,18:00,959.02
1/3/2024,0:00,288.6
1/3/2024,6:00,0
1/3/2024,12:00,44.16
1/3/2024,18:00,644.96
1/4/2024,0:00,198.74
1/4/2024,6:00,0
1/4/2024,12:00,92.56
1/4/2024,18:00,536.74
1/5/2024,0:00,225.42
1/5/2024,6:00,0
1/5/2024,12:00,91.82
1/5/2024,18:00,933.74
1/6/2024,0:00,355.36
1/6/2024,6:00,0
1/6/2024,12:00,149.68
1/6/2024,18:00,955.84
1/7/2024,0:00,350.32
1/7/2024,6:00,0
1/7/2024,12:00,114.352
1/7/2024,18:00,347.08
1/8/2024,0:00,142.576
1/8/2024,6:00,0
1/8/2024,12:00,6.72
1/8/2024,18:00,99.26
1/9/2024,0:00,138.176
1/9/2024,6:00,0
1/9/2024,12:00,75.38
1/9/2024,18:00,265.2
1/10/2024,0:00,284.112
1/10/2024,6:00,0
1/10/2024,12:00,27.84
1/10/2024,18:00,42.12
1/11/2024,0:00,8.64
1/11/2024,6:00,0
1/11/2024,12:00,16.52
1/11/2024,18:00,168.22
1/12/2024,0:00,168.736
1/12/2024,6:00,0
1/12/2024,12:00,142.18
1/12/2024,18:00,966.94
1/13/2024,0:00,369.52
1/13/2024,6:00,0
1/13/2024,12:00,145.46
1/13/2024,18:00,959.68
1/14/2024,0:00,362.12
1/14/2024,6:00,0
1/14/2024,12:00,136.26
1/14/2024,18:00,859.92
1/15/2024,0:00,165.68
1/15/2024,6:00,0
1/15/2024,12:00,137.6
1/15/2024,18:00,945.08
1/16/2024,0:00,362.54
1/16/2024,6:00,0
1/16/2024,12:00,122.74
1/16/2024,18:00,803.02
1/17/2024,0:00,340
1/17/2024,6:00,0
1/17/2024,12:00,11.04
1/17/2024,18:00,38.56
1/18/2024,0:00,10.544
1/18/2024,6:00,0
1/18/2024,12:00,23.3
1/18/2024,18:00,631.3
1/19/2024,0:00,359.232
1/19/2024,6:00,0
1/19/2024,12:00,131.84
1/19/2024,18:00,787.48
1/20/2024,0:00,336.016
1/20/2024,6:00,0
1/20/2024,12:00,126.28
1/20/2024,18:00,570.54
1/21/2024,0:00,175.184
1/21/2024,6:00,0
1/21/2024,12:00,115.14
1/21/2024,18:00,457.08
1/22/2024,0:00,271.744
1/22/2024,6:00,0
1/22/2024,12:00,133.328
1/22/2024,18:00,817.56
1/23/2024,0:00,271.696
1/23/2024,6:00,0
1/23/2024,12:00,128.848
1/23/2024,18:00,732.06
1/24/2024,0:00,299.152
1/24/2024,6:00,0
1/24/2024,12:00,129.22
1/24/2024,18:00,948.9
1/25/2024,0:00,364.624
1/25/2024,6:00,0
1/25/2024,12:00,128.18
1/25/2024,18:00,950.3
1/26/2024,0:00,370.544
1/26/2024,6:00,0
1/26/2024,12:00,130.28
1/26/2024,18:00,954.54
1/27/2024,0:00,344.272
1/27/2024,6:00,0
1/27/2024,12:00,122.96
1/27/2024,18:00,935.96
1/28/2024,0:00,345.008
1/28/2024,6:00,0
1/28/2024,12:00,120.94
1/28/2024,18:00,883.5
1/29/2024,0:00,220.624
1/29/2024,6:00,0
1/29/2024,12:00,121.02
1/29/2024,18:00,927.36
1/30/2024,0:00,351.088
1/30/2024,6:00,0
1/30/2024,12:00,119.26
1/30/2024,18:00,881.56
1/31/2024,0:00,100.512
1/31/2024,6:00,0
1/31/2024,12:00,123.1
1/31/2024,18:00,942.88
2/1/2024,0:00,360.944
2/1/2024,6:00,0
2/1/2024,12:00,120.624
2/1/2024,18:00,938.72
2/2/2024,0:00,357.92
2/2/2024,6:00,0
2/2/2024,12:00,120.528
2/2/2024,18:00,930.2
2/3/2024,0:00,351.936
2/3/2024,6:00,0
2/3/2024,12:00,115.008
2/3/2024,18:00,913.6
2/4/2024,0:00,345.984
2/4/2024,6:00,0
2/4/2024,12:00,73.696
2/4/2024,18:00,897.78
2/5/2024,0:00,293.472
2/5/2024,6:00,0
2/5/2024,12:00,84.096
2/5/2024,18:00,825.02
2/6/2024,0:00,308.864
2/6/2024,6:00,0
2/6/2024,12:00,109.872
2/6/2024,18:00,877.536
2/7/2024,0:00,290.608
2/7/2024,6:00,0
2/7/2024,12:00,107.536
2/7/2024,18:00,891.888
2/8/2024,0:00,335.12
2/8/2024,6:00,0
2/8/2024,12:00,107.056
2/8/2024,18:00,891.02
2/9/2024,0:00,331.632
2/9/2024,6:00,0
2/9/2024,12:00,105.616
2/9/2024,18:00,857.12
2/10/2024,0:00,286.48
2/10/2024,6:00,0
2/10/2024,12:00,99.28
2/10/2024,18:00,802.66
2/11/2024,0:00,201.296
2/11/2024,6:00,0
2/11/2024,12:00,102.32
2/11/2024,18:00,776.6
2/12/2024,0:00,317.968
2/12/2024,6:00,0
2/12/2024,12:00,101.008
2/12/2024,18:00,863.488
2/13/2024,0:00,310.704
2/13/2024,6:00,0
2/13/2024,12:00,17.104
2/13/2024,18:00,144.32
2/14/2024,0:00,50.416
2/14/2024,6:00,0
2/14/2024,12:00,105.904
2/14/2024,18:00,912.608
2/15/2024,0:00,338.032
2/15/2024,6:00,0
2/15/2024,12:00,100.672
2/15/2024,18:00,593.2
2/16/2024,0:00,177.36
2/16/2024,6:00,0
2/16/2024,12:00,18.032
2/16/2024,18:00,379.44
2/17/2024,0:00,95.216
2/17/2024,6:00,0
2/17/2024,12:00,45.28
2/17/2024,18:00,687.088
2/18/2024,0:00,318.256
2/18/2024,6:00,0
2/18/2024,12:00,97.792
2/18/2024,18:00,877.664
2/19/2024,0:00,236.08
2/19/2024,6:00,0
2/19/2024,12:00,84.688
2/19/2024,18:00,839.504
2/20/2024,0:00,135.248
2/20/2024,6:00,0
2/20/2024,12:00,95.376
2/20/2024,18:00,878.24
2/21/2024,0:00,320.464
2/21/2024,6:00,0
2/21/2024,12:00,97.904
2/21/2024,18:00,887.504
2/22/2024,0:00,318.496
2/22/2024,6:00,0
2/22/2024,12:00,92.112
2/22/2024,18:00,859.36
2/23/2024,0:00,278.368
2/23/2024,6:00,0
2/23/2024,12:00,94.64
2/23/2024,18:00,871.424
2/24/2024,0:00,309.568
2/24/2024,6:00,0
2/24/2024,12:00,91.728
2/24/2024,18:00,854.576
2/25/2024,0:00,268.368
2/25/2024,6:00,0
2/25/2024,12:00,88.26
2/25/2024,18:00,837.52
2/26/2024,0:00,164.144
2/26/2024,6:00,0
2/26/2024,12:00,65.472
2/26/2024,18:00,624.576
2/27/2024,0:00,224.464
2/27/2024,6:00,0
2/27/2024,12:00,74.752
2/27/2024,18:00,570.496
2/28/2024,0:00,195.472
2/28/2024,6:00,0
2/28/2024,12:00,31.872
2/28/2024,18:00,489.584
2/29/2024,0:00,64.912
2/29/2024,6:00,0
2/29/2024,12:00,70.4
2/29/2024,18:00,690.4
3/1/2024,0:00,166.848
3/1/2024,6:00,0
3/1/2024,12:00,84.864
3/1/2024,18:00,832.608
3/2/2024,0:00,253.264
3/2/2024,6:00,0
3/2/2024,12:00,84.72
3/2/2024,18:00,832.912
3/3/2024,0:00,275.344
3/3/2024,6:00,0
3/3/2024,12:00,29.76
3/3/2024,18:00,281.952
3/4/2024,0:00,89.44
3/4/2024,6:00,0
3/4/2024,12:00,73.488
3/4/2024,18:00,729.6
3/5/2024,0:00,234.064
3/5/2024,6:00,0
3/5/2024,12:00,87.184
3/5/2024,18:00,861.824
3/6/2024,0:00,289.808
3/6/2024,6:00,0
3/6/2024,12:00,88
3/6/2024,18:00,864.912
3/7/2024,0:00,287.392
3/7/2024,6:00,0
3/7/2024,12:00,84.528
3/7/2024,18:00,810.624
3/8/2024,0:00,269.408
3/8/2024,6:00,0
3/8/2024,12:00,31.312
3/8/2024,18:00,499.952
3/9/2024,0:00,254.784
3/9/2024,6:00,0
3/9/2024,12:00,75.856
3/9/2024,18:00,487.008
3/10/2024,0:00,258.512
3/10/2024,6:00,0
3/10/2024,12:00,74.44
3/10/2024,18:00,811.856
3/11/2024,0:00,264.896
3/11/2024,6:00,0
3/11/2024,12:00,78.34
3/11/2024,18:00,819.12
3/12/2024,0:00,266.96
3/12/2024,6:00,0
3/12/2024,12:00,78.76
3/12/2024,18:00,811.488
3/13/2024,0:00,259.776
3/13/2024,6:00,0
3/13/2024,12:00,77.936
3/13/2024,18:00,811.264
3/14/2024,0:00,258.416
3/14/2024,6:00,0
3/14/2024,12:00,75.52
3/14/2024,18:00,773.152
3/15/2024,0:00,234.656
3/15/2024,6:00,0
3/15/2024,12:00,28.64
3/15/2024,18:00,77.968
3/16/2024,0:00,42.864
3/16/2024,6:00,0
3/16/2024,12:00,51.16
3/16/2024,18:00,513.312
3/17/2024,0:00,168.432
3/17/2024,6:00,0
3/17/2024,12:00,62.32
3/17/2024,18:00,412.912
3/18/2024,0:00,91.904
3/18/2024,6:00,0
3/18/2024,12:00,64.864
3/18/2024,18:00,610.88
3/19/2024,0:00,207.872
3/19/2024,6:00,0
3/19/2024,12:00,23.36
3/19/2024,18:00,528.768
3/20/2024,0:00,212.864
3/20/2024,6:00,0
3/20/2024,12:00,66.42
3/20/2024,18:00,736.112
3/21/2024,0:00,200.928
3/21/2024,6:00,0
3/21/2024,12:00,1.84
3/21/2024,18:00,172.96
3/22/2024,0:00,28.928
3/22/2024,6:00,0
3/22/2024,12:00,73.54
3/22/2024,18:00,807.824
3/23/2024,0:00,241.872
3/23/2024,6:00,0
3/23/2024,12:00,69.024
3/23/2024,18:00,770.096
3/24/2024,0:00,228.016
3/24/2024,6:00,0
3/24/2024,12:00,67.744
3/24/2024,18:00,732.576
3/25/2024,0:00,218.704
3/25/2024,6:00,0
3/25/2024,12:00,65.072
3/25/2024,18:00,749.504
3/26/2024,0:00,201.696
3/26/2024,6:00,0
3/26/2024,12:00,67.248
3/26/2024,18:00,769.488
3/27/2024,0:00,225.12
3/27/2024,6:00,0
3/27/2024,12:00,66.8
3/27/2024,18:00,764.08
3/28/2024,0:00,220.656
3/28/2024,6:00,0
3/28/2024,12:00,40.432
3/28/2024,18:00,525.776
3/29/2024,0:00,117.168
3/29/2024,6:00,0
3/29/2024,12:00,62.72
3/29/2024,18:00,735.6
3/30/2024,0:00,209.424
3/30/2024,6:00,0
3/30/2024,12:00,62.496
3/30/2024,18:00,734.096
3/31/2024,0:00,198.272
3/31/2024,6:00,0
3/31/2024,12:00,50.192
3/31/2024,18:00,632.992
4/1/2024,0:00,136
4/1/2024,6:00,0
4/1/2024,12:00,57.968
4/1/2024,18:00,707.392
4/2/2024,0:00,182.64
4/2/2024,6:00,0
4/2/2024,12:00,30.32
4/2/2024,18:00,302.704
4/3/2024,0:00,130.32
4/3/2024,6:00,0
4/3/2024,12:00,56.768
4/3/2024,18:00,698.464
4/4/2024,0:00,190.496
4/4/2024,6:00,0
4/4/2024,12:00,37.952
4/4/2024,18:00,531.76
4/5/2024,0:00,149.616
4/5/2024,6:00,0
4/5/2024,12:00,52.912
4/5/2024,18:00,557.808
4/6/2024,0:00,120.96
4/6/2024,6:00,0
4/6/2024,12:00,59.536
4/6/2024,18:00,686.992
4/7/2024,0:00,110.752
4/7/2024,6:00,0
4/7/2024,12:00,4.416
4/7/2024,18:00,100.208
4/8/2024,0:00,72.896
4/8/2024,6:00,0
4/8/2024,12:00,20.048
4/8/2024,18:00,355.632
4/9/2024,0:00,63.84
4/9/2024,6:00,0
4/9/2024,12:00,9.52
4/9/2024,18:00,366.032
4/10/2024,0:00,160.72
4/10/2024,6:00,0
4/10/2024,12:00,51.904
4/10/2024,18:00,563.104
4/11/2024,0:00,74
4/11/2024,6:00,0
4/11/2024,12:00,3.14
4/11/2024,18:00,99.28
4/12/2024,0:00,19.024
4/12/2024,6:00,0
4/12/2024,12:00,1.88
4/12/2024,18:00,138.976
4/13/2024,0:00,69.872
4/13/2024,6:00,0
4/13/2024,12:00,15
4/13/2024,18:00,46.512
4/14/2024,0:00,31.872
4/14/2024,6:00,0
4/14/2024,12:00,12.24
4/14/2024,18:00,281.232
4/15/2024,0:00,23.984
4/15/2024,6:00,0
4/15/2024,12:00,11.744
4/15/2024,18:00,252.528
4/16/2024,0:00,2.384
4/16/2024,6:00,0
4/16/2024,12:00,13.504
4/16/2024,18:00,256.768
4/17/2024,0:00,94.96
4/17/2024,6:00,0
4/17/2024,12:00,49.888
4/17/2024,18:00,670.704
4/18/2024,0:00,164.24
4/18/2024,6:00,0
4/18/2024,12:00,48.416
4/18/2024,18:00,655.376
4/19/2024,0:00,159.6
4/19/2024,6:00,0
4/19/2024,12:00,45.936
4/19/2024,18:00,659.552
4/20/2024,0:00,159.984
4/20/2024,6:00,0
4/20/2024,12:00,48.816
4/20/2024,18:00,660.848
4/21/2024,0:00,158.64
4/21/2024,6:00,0
4/21/2024,12:00,46.56
4/21/2024,18:00,633.776
4/22/2024,0:00,148.224
4/22/2024,6:00,0
4/22/2024,12:00,6.688
4/22/2024,18:00,78.752
4/23/2024,0:00,48.016
4/23/2024,6:00,0
4/23/2024,12:00,39.808
4/23/2024,18:00,328.56
4/24/2024,0:00,120.432
4/24/2024,6:00,0
4/24/2024,12:00,41.728
4/24/2024,18:00,562.976
4/25/2024,0:00,76.224
4/25/2024,6:00,0
4/25/2024,12:00,40.88
4/25/2024,18:00,553.728
4/26/2024,0:00,39.664
4/26/2024,6:00,0
4/26/2024,12:00,34.096
4/26/2024,18:00,535.888
4/27/2024,0:00,136.032
4/27/2024,6:00,0
4/27/2024,12:00,10.336
4/27/2024,18:00,158.112
4/28/2024,0:00,100.224
4/28/2024,6:00,0
4/28/2024,12:00,39.376
4/28/2024,18:00,597.056
4/29/2024,0:00,128.528
4/29/2024,6:00,0
4/29/2024,12:00,29.728
4/29/2024,18:00,348.208
4/30/2024,0:00,120.832
4/30/2024,6:00,0
4/30/2024,12:00,3.056
4/30/2024,18:00,253.04
5/1/2024,0:00,125.376
5/1/2024,6:00,0
5/1/2024,12:00,21.664
5/1/2024,18:00,456.672
5/2/2024,0:00,96.432
5/2/2024,6:00,0
5/2/2024,12:00,11.04
5/2/2024,18:00,65.504
5/3/2024,0:00,10.4
5/3/2024,6:00,0
5/3/2024,12:00,8.752
5/3/2024,18:00,117.504
5/4/2024,0:00,19.936
5/4/2024,6:00,0
5/4/2024,12:00,12.48
5/4/2024,18:00,131.744
5/5/2024,0:00,4.784
5/5/2024,6:00,0
5/5/2024,12:00,21.44
5/5/2024,18:00,364.336
5/6/2024,0:00,60.992
5/6/2024,6:00,0
5/6/2024,12:00,34.048
5/6/2024,18:00,444.752
5/7/2024,0:00,104.56
5/7/2024,6:00,0
5/7/2024,12:00,12.32
5/7/2024,18:00,323.424
5/8/2024,0:00,78.992
5/8/2024,6:00,0
5/8/2024,12:00,17.12
5/8/2024,18:00,215.184
5/9/2024,0:00,80.176
5/9/2024,6:00,0
5/9/2024,12:00,32.128
5/9/2024,18:00,487.424
5/10/2024,0:00,22.016
5/10/2024,6:00,0
5/10/2024,12:00,1.296
5/10/2024,18:00,35.12
5/11/2024,0:00,4.592
5/11/2024,6:00,0
5/11/2024,12:00,1.008
5/11/2024,18:00,19.04
5/12/2024,0:00,8.384
5/12/2024,6:00,0
5/12/2024,12:00,1.312
5/12/2024,18:00,24.816
5/13/2024,0:00,6.768
5/13/2024,6:00,0
5/13/2024,12:00,5.92
5/13/2024,18:00,257.328
5/14/2024,0:00,29.072
5/14/2024,6:00,0
5/14/2024,12:00,32.88
5/14/2024,18:00,558.352
5/15/2024,0:00,108.208
5/15/2024,6:00,0
5/15/2024,12:00,29.856
5/15/2024,18:00,564
5/16/2024,0:00,117.2
5/16/2024,6:00,0
5/16/2024,12:00,2.544
5/16/2024,18:00,41.984
5/17/2024,0:00,10.944
5/17/2024,6:00,0
5/17/2024,12:00,29.52
5/17/2024,18:00,543.696
5/18/2024,0:00,111.84
5/18/2024,6:00,0
5/18/2024,12:00,29.344
5/18/2024,18:00,506.704
5/19/2024,0:00,73.92
5/19/2024,6:00,0
5/19/2024,12:00,28.784
5/19/2024,18:00,536.912
5/20/2024,6:00,0
5/20/2024,12:00,29.376
5/20/2024,18:00,543.456
5/21/2024,0:00,110.336
5/21/2024,6:00,0
5/21/2024,12:00,4.336
5/21/2024,18:00,151.44
5/22/2024,0:00,13.168
5/22/2024,6:00,0
5/22/2024,12:00,14.992
5/22/2024,18:00,152.112
5/23/2024,0:00,94.224
5/23/2024,6:00,0
5/23/2024,12:00,1.968
5/23/2024,18:00,88.352
5/24/2024,0:00,7.696
5/24/2024,6:00,0
5/24/2024,12:00,0.72
5/24/2024,18:00,91.584
5/25/2024,0:00,30.944
5/25/2024,6:00,0
5/25/2024,12:00,26.752
5/25/2024,18:00,530.192
5/26/2024,0:00,101.264
5/26/2024,6:00,0
5/26/2024,12:00,25.792
5/26/2024,18:00,502.32
5/27/2024,0:00,59.472
5/27/2024,6:00,0
5/27/2024,12:00,5.408
5/27/2024,18:00,128.48
5/28/2024,0:00,16.736
5/28/2024,6:00,0
5/28/2024,12:00,14.96
5/28/2024,18:00,218.976
5/29/2024,0:00,24.784
5/29/2024,6:00,0
5/29/2024,12:00,4.816
5/29/2024,18:00,185.424
5/30/2024,0:00,92
5/30/2024,6:00,0
5/30/2024,12:00,24.128
5/30/2024,18:00,503.632
5/31/2024,0:00,93.744
5/31/2024,6:00,0
5/31/2024,12:00,24.176
5/31/2024,18:00,471.248
6/1/2024,0:00,100.192
6/1/2024,6:00,0
6/1/2024,12:00,20.08
6/1/2024,18:00,482.576
6/2/2024,0:00,95.392
6/2/2024,6:00,0
6/2/2024,12:00,22.224
6/2/2024,18:00,472.512
6/3/2024,0:00,73.792
6/3/2024,6:00,0
6/3/2024,12:00,13.76
6/3/2024,18:00,490.064
6/4/2024,0:00,101.952
6/4/2024,6:00,0
6/4/2024,12:00,18.08
6/4/2024,18:00,389.344
6/5/2024,0:00,87.952
6/5/2024,6:00,0
6/5/2024,12:00,7.968
6/5/2024,18:00,276.528
6/6/2024,0:00,90.288
6/6/2024,6:00,0
6/6/2024,12:00,19.104
6/6/2024,18:00,449.136
6/7/2024,0:00,89.776
6/7/2024,6:00,0
6/7/2024,12:00,19.92
6/7/2024,18:00,469.232
6/8/2024,0:00,92.576
6/8/2024,6:00,0
6/8/2024,12:00,20.032
6/8/2024,18:00,456.96
6/9/2024,0:00,82.288
6/9/2024,6:00,0
6/9/2024,12:00,19.952
6/9/2024,18:00,467.616
6/10/2024,0:00,93.616
6/10/2024,6:00,0
6/10/2024,12:00,17.216
6/10/2024,18:00,462.912
6/11/2024,0:00,91.104
6/11/2024,6:00,0
6/11/2024,12:00,18.352
6/11/2024,18:00,446.032
6/12/2024,0:00,89.856
6/12/2024,6:00,0
6/12/2024,12:00,18.928
6/12/2024,18:00,457.712
6/13/2024,0:00,58.4
6/13/2024,6:00,0
6/13/2024,12:00,14.368
6/13/2024,18:00,396.784
6/14/2024,0:00,68.528
6/14/2024,6:00,0
6/14/2024,12:00,6.592
6/14/2024,18:00,396.48
6/15/2024,0:00,47.808
6/15/2024,6:00,0
6/15/2024,12:00,2.288
6/15/2024,18:00,286.672
6/16/2024,0:00,56.416
6/16/2024,6:00,0
6/16/2024,12:00,1.04
6/16/2024,18:00,18.528
6/17/2024,0:00,2.768
6/17/2024,6:00,0
6/17/2024,12:00,2.496
6/17/2024,18:00,116.464
6/18/2024,0:00,13.056
6/18/2024,6:00,0
6/18/2024,12:00,1.904
6/18/2024,18:00,167.632
6/19/2024,0:00,42.816
6/19/2024,6:00,0
6/19/2024,12:00,13.632
6/19/2024,18:00,201.648
6/20/2024,0:00,84.8
6/20/2024,6:00,0
6/20/2024,12:00,4.608
6/20/2024,18:00,145.472
6/21/2024,0:00,50.416
6/21/2024,6:00,0
6/21/2024,12:00,2.448
6/21/2024,18:00,216.464
6/22/2024,0:00,88.176
6/22/2024,6:00,0
6/22/2024,12:00,10.256
6/22/2024,18:00,241.488
6/23/2024,0:00,88.688
6/23/2024,6:00,0
6/23/2024,12:00,16.768
6/23/2024,18:00,267.712
6/24/2024,0:00,9.712
6/24/2024,6:00,0
6/24/2024,12:00,7.088
6/24/2024,18:00,299.056
6/25/2024,0:00,98.72
6/25/2024,6:00,0
6/25/2024,12:00,17.984
6/25/2024,18:00,118.608
6/26/2024,0:00,18.848
6/26/2024,6:00,0
6/26/2024,12:00,15.744
6/26/2024,18:00,422.16
6/27/2024,0:00,29.536
6/27/2024,6:00,0
6/27/2024,12:00,18.032
6/27/2024,18:00,481.984
6/28/2024,0:00,96.704
6/28/2024,6:00,0
6/28/2024,12:00,14.672
6/28/2024,18:00,417.504
6/29/2024,0:00,86.368
6/29/2024,6:00,0
6/29/2024,12:00,19.024
6/29/2024,18:00,502.336
6/30/2024,0:00,106.016
6/30/2024,6:00,0
6/30/2024,12:00,18.416
6/30/2024,18:00,491.2
7/1/2024,0:00,104.144
7/1/2024,6:00,0
7/1/2024,12:00,18.928
7/1/2024,18:00,499.184
7/2/2024,0:00,106.08
7/2/2024,6:00,0
7/2/2024,12:00,18.576
7/2/2024,18:00,487.968
7/3/2024,0:00,102.32
7/3/2024,6:00,0
7/3/2024,12:00,16.896
7/3/2024,18:00,194.88
7/4/2024,0:00,18.176
7/4/2024,6:00,0
7/4/2024,12:00,0.944
7/4/2024,18:00,94.032
7/5/2024,0:00,26.24
7/5/2024,6:00,0
7/5/2024,12:00,1.344
7/5/2024,18:00,26.496
7/6/2024,0:00,28.368
7/6/2024,6:00,0
7/6/2024,12:00,19.408
7/6/2024,18:00,504.192
7/7/2024,0:00,92.304
7/7/2024,6:00,0
7/7/2024,12:00,18.928
7/7/2024,18:00,500.032
7/8/2024,0:00,108.608
7/8/2024,6:00,0
7/8/2024,12:00,18.768
7/8/2024,18:00,501.92
7/9/2024,0:00,110.48
7/9/2024,6:00,0
7/9/2024,12:00,15.008
7/9/2024,18:00,416.768
7/10/2024,0:00,102.16
7/10/2024,6:00,0
7/10/2024,12:00,19.2
7/10/2024,18:00,479.696
7/11/2024,0:00,82.128
7/11/2024,6:00,0
7/11/2024,12:00,13.36
7/11/2024,18:00,419.056
7/12/2024,0:00,75.568
7/12/2024,6:00,0
7/12/2024,12:00,4.416
7/12/2024,18:00,358.736
7/13/2024,0:00,86.384
7/13/2024,6:00,0
7/13/2024,12:00,19.472
7/13/2024,18:00,430.32
7/14/2024,0:00,11.28
7/14/2024,6:00,0
7/14/2024,12:00,0.48
7/14/2024,18:00,31.312
7/15/2024,0:00,12.032
7/15/2024,6:00,0
7/15/2024,12:00,17.152
7/15/2024,18:00,435.344
7/16/2024,0:00,36.304
7/16/2024,6:00,0
7/16/2024,12:00,19.136
7/16/2024,18:00,396.784
7/17/2024,0:00,23.568
7/17/2024,6:00,0
7/17/2024,12:00,20.16
7/17/2024,18:00,490.672
7/18/2024,0:00,111.632
7/18/2024,6:00,0
7/18/2024,12:00,20.72
7/18/2024,18:00,508.688
7/19/2024,0:00,114.384
7/19/2024,6:00,0
7/19/2024,12:00,19.824
7/19/2024,18:00,496.768
7/20/2024,0:00,112.224
7/20/2024,6:00,0
7/20/2024,12:00,6.528
7/20/2024,18:00,291.936
7/21/2024,0:00,72.464
7/21/2024,6:00,0
7/21/2024,12:00,16.752
7/21/2024,18:00,443.52
7/22/2024,0:00,100.032
7/22/2024,6:00,0
7/22/2024,12:00,20.8
7/22/2024,18:00,506.768
7/23/2024,0:00,116.176
7/23/2024,6:00,0
7/23/2024,12:00,19.872
7/23/2024,18:00,502.72
7/24/2024,0:00,100.16
7/24/2024,6:00,0
7/24/2024,12:00,19.632
7/24/2024,18:00,505.632
7/25/2024,0:00,120.528
7/25/2024,6:00,0
7/25/2024,12:00,22.208
7/25/2024,18:00,525.472
7/26/2024,0:00,124.704
7/26/2024,6:00,0
7/26/2024,12:00,16.64
7/26/2024,18:00,294.656
7/27/2024,0:00,99.2
7/27/2024,6:00,0
7/27/2024,12:00,18.592
7/27/2024,18:00,505.232
7/28/2024,0:00,115.088
7/28/2024,6:00,0
7/28/2024,12:00,14.4
7/28/2024,18:00,121.232
7/29/2024,0:00,19.952
7/29/2024,6:00,0
7/29/2024,12:00,16.64
7/29/2024,18:00,508.464
7/30/2024,0:00,132.048
7/30/2024,6:00,0
7/30/2024,12:00,25.152
7/30/2024,18:00,551.728
7/31/2024,0:00,130.736
7/31/2024,6:00,0
7/31/2024,12:00,24.64
7/31/2024,18:00,487.92
8/1/2024,0:00,54.992
8/1/2024,6:00,0
8/1/2024,12:00,25.648
8/1/2024,18:00,540.4
8/2/2024,0:00,128.752
8/2/2024,6:00,0
8/2/2024,12:00,26.656
8/2/2024,18:00,550.416
8/3/2024,0:00,132.128
8/3/2024,6:00,0
8/3/2024,12:00,26.624
8/3/2024,18:00,539.504
8/4/2024,0:00,112.512
8/4/2024,6:00,0
8/4/2024,12:00,3.024
8/4/2024,18:00,16.016
8/5/2024,0:00,5.408
8/5/2024,6:00,0
8/5/2024,12:00,10.32
8/5/2024,18:00,487.376
8/6/2024,0:00,87.408
8/6/2024,6:00,0
8/6/2024,12:00,12.288
8/6/2024,18:00,306.64
8/7/2024,0:00,40.512
8/7/2024,6:00,0
8/7/2024,12:00,6.784
8/7/2024,18:00,114.832
8/8/2024,0:00,31.616
8/8/2024,6:00,0
8/8/2024,12:00,32.064
8/8/2024,18:00,592.176
8/9/2024,0:00,139.632
8/9/2024,6:00,0
8/9/2024,12:00,25.52
8/9/2024,18:00,395.056
8/10/2024,0:00,31.152
8/10/2024,6:00,0
8/10/2024,12:00,33.76
8/10/2024,18:00,607.488
8/11/2024,0:00,149.072
8/11/2024,6:00,0
8/11/2024,12:00,34.768
8/11/2024,18:00,607.968
8/12/2024,0:00,149.728
8/12/2024,6:00,0
8/12/2024,12:00,36.432
8/12/2024,18:00,624.96
8/13/2024,0:00,154.352
8/13/2024,6:00,0
8/13/2024,12:00,36.672
8/13/2024,18:00,621.488
8/14/2024,0:00,155.28
8/14/2024,6:00,0
8/14/2024,12:00,37.92
8/14/2024,18:00,629.632
8/15/2024,0:00,157.04
8/15/2024,6:00,0
8/15/2024,12:00,37.008
8/15/2024,18:00,606.096
8/16/2024,0:00,152.88
8/16/2024,6:00,0
8/16/2024,12:00,26.144
8/16/2024,18:00,469.216
8/17/2024,0:00,119.328
8/17/2024,6:00,0
8/17/2024,12:00,3.824
8/17/2024,18:00,335.44
8/18/2024,0:00,139.376
8/18/2024,6:00,0
8/18/2024,12:00,21.408
8/18/2024,18:00,591.024
8/19/2024,0:00,149.216
8/19/2024,6:00,0
8/19/2024,12:00,27.568
8/19/2024,18:00,282.576
8/20/2024,0:00,91.088
8/20/2024,6:00,0
8/20/2024,12:00,10.192
8/20/2024,18:00,186.88
8/21/2024,0:00,75.12
8/21/2024,6:00,0
8/21/2024,12:00,31.664
8/21/2024,18:00,272.336
8/22/2024,0:00,20.912
8/22/2024,6:00,0
8/22/2024,12:00,3.216
8/22/2024,18:00,60.544
8/23/2024,0:00,65.472
8/23/2024,6:00,0
8/23/2024,12:00,36.432
8/23/2024,18:00,394.128
8/24/2024,0:00,163.44
8/24/2024,6:00,0
8/24/2024,12:00,48.112
8/24/2024,18:00,670.064
8/25/2024,0:00,169.84
8/25/2024,6:00,0
8/25/2024,12:00,47.552
8/25/2024,18:00,460.08
8/26/2024,0:00,154.112
8/26/2024,6:00,0
8/26/2024,12:00,50.224
8/26/2024,18:00,685.984
8/27/2024,0:00,176.224
8/27/2024,6:00,0
8/27/2024,12:00,46.4
8/27/2024,18:00,692.016
8/28/2024,0:00,177.072
8/28/2024,6:00,0
8/28/2024,12:00,50.08
8/28/2024,18:00,677.456
8/29/2024,0:00,171.728
8/29/2024,6:00,0
8/29/2024,12:00,21.728
8/29/2024,18:00,237.744
8/30/2024,0:00,21.76
8/30/2024,6:00,0
8/30/2024,12:00,35.488
8/30/2024,18:00,310.672
8/31/2024,0:00,83.568
8/31/2024,6:00,0
8/31/2024,12:00,7.328
8/31/2024,18:00,111.2
9/1/2024,0:00,90.656
9/1/2024,6:00,0
9/1/2024,12:00,16.752
9/1/2024,18:00,226.976
9/2/2024,0:00,44.016
9/2/2024,6:00,0
9/2/2024,12:00,57.728
9/2/2024,18:00,705.84
9/3/2024,0:00,183.168
9/3/2024,6:00,0
9/3/2024,12:00,58.208
9/3/2024,18:00,697.136
9/4/2024,0:00,179.856
9/4/2024,6:00,0
9/4/2024,12:00,21.888
9/4/2024,18:00,99.312
9/5/2024,0:00,8.336
9/5/2024,6:00,0
9/5/2024,12:00,65.6
9/5/2024,18:00,737.888
9/6/2024,0:00,191.152
9/6/2024,6:00,0
9/6/2024,12:00,67.904
9/6/2024,18:00,712.304
9/7/2024,0:00,164.88
9/7/2024,6:00,0
9/7/2024,12:00,62.736
9/7/2024,18:00,695.248
9/8/2024,0:00,182.864
9/8/2024,6:00,0
9/8/2024,12:00,25.44
9/8/2024,18:00,653.552
9/9/2024,0:00,183.664
9/9/2024,6:00,0
9/9/2024,12:00,22.8
9/9/2024,18:00,599.728
9/10/2024,0:00,154.48
9/10/2024,6:00,0
9/10/2024,12:00,68.048
9/10/2024,18:00,724.224
9/11/2024,0:00,187.552
9/11/2024,6:00,0
9/11/2024,12:00,59.968
9/11/2024,18:00,644.928
9/12/2024,0:00,162.816
9/12/2024,6:00,0
9/12/2024,12:00,14.064
9/12/2024,18:00,501.28
9/13/2024,0:00,32.496
9/13/2024,6:00,0
9/13/2024,12:00,30.368
9/13/2024,18:00,207.296
9/14/2024,0:00,25.232
9/14/2024,6:00,0
9/14/2024,12:00,13.22
9/14/2024,18:00,557.776
9/15/2024,0:00,200.976
9/15/2024,6:00,0
9/15/2024,12:00,80
9/15/2024,18:00,775.312
9/16/2024,0:00,204.704
9/16/2024,6:00,0
9/16/2024,12:00,82.432
9/16/2024,18:00,786.48
9/17/2024,0:00,208.768
9/17/2024,6:00,0
9/17/2024,12:00,84.944
9/17/2024,18:00,772.72
9/18/2024,0:00,197.152
9/18/2024,6:00,0
9/18/2024,12:00,81.392
9/18/2024,18:00,765.024
9/19/2024,0:00,201.744
9/19/2024,6:00,0
9/19/2024,12:00,26.192
9/19/2024,18:00,578.816
9/20/2024,0:00,184.384
9/20/2024,6:00,0
9/20/2024,12:00,19.2
9/20/2024,18:00,453.536
9/21/2024,0:00,170.592
9/21/2024,6:00,0
9/21/2024,12:00,89.264
9/21/2024,18:00,777.744
9/22/2024,0:00,203.392
9/22/2024,6:00,0
9/22/2024,12:00,85.568
9/22/2024,18:00,768.032
9/23/2024,0:00,201.824
9/23/2024,6:00,0
9/23/2024,12:00,48.016
9/23/2024,18:00,542.304
9/24/2024,0:00,203.776
9/24/2024,6:00,0
9/24/2024,12:00,16.928
9/24/2024,18:00,699.264
9/25/2024,0:00,194.544
9/25/2024,6:00,0
9/25/2024,12:00,48.624
9/25/2024,18:00,302.72
9/26/2024,0:00,41.424
9/26/2024,6:00,0
9/26/2024,12:00,2.544
9/26/2024,18:00,176.496
9/27/2024,0:00,25.904
9/27/2024,6:00,0
9/27/2024,12:00,19.376
9/27/2024,18:00,612.752
9/28/2024,0:00,157.504
9/28/2024,6:00,0
9/28/2024,12:00,102.736
9/28/2024,18:00,825.168
9/29/2024,0:00,215.04
9/29/2024,6:00,0
9/29/2024,12:00,105.152
9/29/2024,18:00,825.6
9/30/2024,0:00,216.88
9/30/2024,6:00,0
9/30/2024,12:00,102.4
9/30/2024,18:00,771.008
10/1/2024,0:00,215.44
10/1/2024,6:00,0
10/1/2024,12:00,37.2
10/1/2024,18:00,584.176
10/2/2024,0:00,214.576
10/2/2024,6:00,0
10/2/2024,12:00,14.496
10/2/2024,18:00,843.056
10/3/2024,0:00,229.2
10/3/2024,6:00,0
10/3/2024,12:00,116.304
10/3/2024,18:00,867.632
10/4/2024,0:00,234.56
10/4/2024,6:00,0
10/4/2024,12:00,118.064
10/4/2024,18:00,871.824
10/5/2024,0:00,235.536
10/5/2024,6:00,0
10/5/2024,12:00,118.24
10/5/2024,18:00,851.824
10/6/2024,0:00,190.432
10/6/2024,6:00,0
10/6/2024,12:00,58.32
10/6/2024,18:00,753.376
10/7/2024,0:00,152.912
10/7/2024,6:00,0
10/7/2024,12:00,86.416
10/7/2024,18:00,467.76
10/8/2024,0:00,108.88
10/8/2024,6:00,0
10/8/2024,12:00,5.552
10/8/2024,18:00,94.832
10/9/2024,0:00,53.536
10/9/2024,6:00,0
10/9/2024,12:00,20.528
10/9/2024,18:00,276.3
10/10/2024,0:00,29.808
10/10/2024,6:00,0
10/10/2024,12:00,6.992
10/10/2024,18:00,139.38
10/11/2024,0:00,39.12
10/11/2024,6:00,0
10/11/2024,12:00,41.312
10/11/2024,18:00,229.08
10/12/2024,0:00,56.816
10/12/2024,6:00,0
10/12/2024,12:00,127.952
10/12/2024,18:00,880.32
10/13/2024,0:00,238
10/13/2024,6:00,0
10/13/2024,12:00,129.26
10/13/2024,18:00,872.16
10/14/2024,0:00,234.8
10/14/2024,6:00,0
10/14/2024,12:00,122.16
10/14/2024,18:00,764.56
10/15/2024,0:00,121.504
10/15/2024,6:00,0
10/15/2024,12:00,8.832
10/15/2024,18:00,225.24
10/16/2024,0:00,72.704
10/16/2024,6:00,0
10/16/2024,12:00,137.408
10/16/2024,18:00,907.4
10/17/2024,0:00,251.696
10/17/2024,6:00,0
10/17/2024,12:00,116.912
10/17/2024,18:00,780.14
10/18/2024,0:00,154.288
10/18/2024,6:00,0
10/18/2024,12:00,58.48
10/18/2024,18:00,696.4
10/19/2024,0:00,204.512
10/19/2024,6:00,0
10/19/2024,12:00,142.864
10/19/2024,18:00,910.76
10/20/2024,0:00,254.384
10/20/2024,6:00,0
10/20/2024,12:00,141.632
10/20/2024,18:00,898.04
10/21/2024,0:00,250.192
10/21/2024,6:00,0
10/21/2024,12:00,139.78
10/22/2024,0:00,243.184
10/22/2024,6:00,0
10/22/2024,12:00,140.096
10/22/2024,18:00,878.36
10/23/2024,0:00,243.856
10/23/2024,6:00,0
10/23/2024,12:00,134.12
10/23/2024,18:00,860.28
10/24/2024,0:00,240.768
10/24/2024,6:00,0
10/24/2024,12:00,83.24
10/24/2024,18:00,119.94
10/25/2024,0:00,147.28
10/25/2024,6:00,0
10/25/2024,12:00,79.216
10/25/2024,18:00,903.46
10/26/2024,0:00,256.576
10/26/2024,6:00,0
10/26/2024,12:00,156.912
10/26/2024,18:00,944.52
10/27/2024,0:00,269.232
10/27/2024,6:00,0
10/27/2024,12:00,159.04
10/27/2024,18:00,939.46
10/28/2024,0:00,267.52
10/28/2024,6:00,0
10/28/2024,12:00,157.56
10/28/2024,18:00,936.28
10/29/2024,0:00,266.752
10/29/2024,6:00,0
10/29/2024,12:00,157.54
10/29/2024,18:00,931.54
10/30/2024,0:00,267.232
10/30/2024,6:00,0
10/30/2024,12:00,160.24
10/30/2024,18:00,940.22
10/31/2024,0:00,270.24
10/31/2024,6:00,0
10/31/2024,12:00,158.86
10/31/2024,18:00,915.56
11/1/2024,0:00,253.424
11/1/2024,6:00,0
11/1/2024,12:00,116.064
11/1/2024,18:00,349.6
11/2/2024,0:00,45.376
11/2/2024,6:00,0
11/2/2024,12:00,139.08
11/2/2024,18:00,390.96
11/3/2024,0:00,28.704
11/3/2024,6:00,0
11/3/2024,12:00,149.6
11/3/2024,18:00,571.2
11/4/2024,0:00,177.392
11/4/2024,6:00,0
11/4/2024,12:00,157.26
11/4/2024,18:00,808.98
11/5/2024,0:00,60.96
11/5/2024,6:00,0
11/5/2024,12:00,149.38
11/5/2024,18:00,572.34
11/6/2024,0:00,106.736
11/6/2024,6:00,0
11/6/2024,12:00,49.9
11/7/2024,0:00,115.504
11/7/2024,6:00,0
11/7/2024,12:00,38.08
11/7/2024,18:00,429
11/8/2024,0:00,112.72
11/8/2024,6:00,0
11/8/2024,12:00,50.98
11/8/2024,18:00,543.26
11/9/2024,0:00,283.024
11/9/2024,6:00,0
11/9/2024,12:00,173.1
11/9/2024,18:00,965.8
11/10/2024,0:00,289.872
11/10/2024,6:00,0
11/10/2024,12:00,176.72
11/10/2024,18:00,974
11/11/2024,0:00,291.904
11/11/2024,6:00,0
11/11/2024,12:00,87.82
11/11/2024,18:00,220.38
11/12/2024,0:00,68.992
11/12/2024,6:00,0
11/12/2024,12:00,183.56
11/12/2024,18:00,982.02
11/13/2024,0:00,281.808
11/13/2024,6:00,0
11/13/2024,12:00,177.38
11/13/2024,18:00,965.54
11/14/2024,0:00,292.144
11/14/2024,6:00,0
11/14/2024,12:00,174.78
11/14/2024,18:00,959.84
11/15/2024,0:00,287.424
11/15/2024,6:00,0
11/15/2024,12:00,175.9
11/15/2024,18:00,958.56
11/16/2024,0:00,290.88
11/16/2024,6:00,0
11/16/2024,12:00,174.8
11/16/2024,18:00,949.78
11/17/2024,0:00,290.9
11/17/2024,6:00,0
11/17/2024,12:00,172.98
11/17/2024,18:00,785.72
11/18/2024,0:00,53.024
11/18/2024,6:00,0
11/18/2024,12:00,168.04
11/18/2024,18:00,790.48
11/19/2024,0:00,208.208
11/19/2024,6:00,0
11/19/2024,12:00,5.7
11/19/2024,18:00,22.7
11/20/2024,0:00,6.976
11/20/2024,6:00,0
11/20/2024,12:00,28.98
11/20/2024,18:00,641.42
11/21/2024,0:00,186.352
11/21/2024,6:00,0
11/21/2024,12:00,57.72
11/21/2024,18:00,356.18
11/22/2024,0:00,78.848
11/22/2024,6:00,0
11/22/2024,12:00,161.88
11/22/2024,18:00,827.92
11/23/2024,0:00,177.36
11/23/2024,6:00,0
11/23/2024,12:00,144.52
11/23/2024,18:00,961.66
11/24/2024,0:00,304.4
11/24/2024,6:00,0
11/24/2024,12:00,179.28
11/24/2024,18:00,964.94
11/25/2024,0:00,306.304
11/25/2024,6:00,0
11/25/2024,12:00,47.12
11/25/2024,18:00,231.2
11/26/2024,0:00,61.104
11/26/2024,6:00,0
11/26/2024,12:00,31.94
11/26/2024,18:00,209.52
11/27/2024,0:00,82.832
11/27/2024,6:00,0
11/27/2024,12:00,79.62
11/27/2024,18:00,130.22
11/28/2024,0:00,43.168
11/28/2024,6:00,0
11/28/2024,12:00,13.26
11/28/2024,18:00,149.14
11/29/2024,0:00,156.352
11/29/2024,6:00,0
11/29/2024,12:00,173.26
11/29/2024,18:00,821.76
11/30/2024,0:00,306.52
11/30/2024,6:00,0
11/30/2024,12:00,92.14
11/30/2024,18:00,950.68
12/1/2024,0:00,310.736
12/1/2024,6:00,0
12/1/2024,12:00,171.34
12/1/2024,18:00,785.62
12/2/2024,0:00,47.568
12/2/2024,6:00,0
12/2/2024,12:00,113.38
12/2/2024,18:00,938.56
12/3/2024,0:00,331.104
12/3/2024,6:00,0
12/3/2024,12:00,189.54
12/3/2024,18:00,918.78
12/4/2024,0:00,190.34
12/4/2024,6:00,0
12/4/2024,12:00,186.88
12/4/2024,18:00,1004.3
12/5/2024,0:00,337.74
12/5/2024,6:00,0
12/5/2024,12:00,179.12
12/5/2024,18:00,964.42
12/6/2024,0:00,321
12/6/2024,6:00,0
12/6/2024,12:00,106.6
12/6/2024,18:00,793.5
12/7/2024,0:00,225.408
12/7/2024,6:00,0
12/7/2024,12:00,16.56
12/7/2024,18:00,629.8
12/8/2024,0:00,64.06
12/8/2024,6:00,0
12/8/2024,12:00,106.46
12/8/2024,18:00,872.6
12/9/2024,0:00,263.072
12/9/2024,6:00,0
12/9/2024,12:00,152.2
12/9/2024,18:00,847.76
12/10/2024,0:00,122.6
12/10/2024,6:00,0
12/10/2024,12:00,178.86
12/10/2024,18:00,993.76
12/11/2024,0:00,341.8
12/11/2024,6:00,0
12/11/2024,12:00,174.16
12/11/2024,18:00,943.64
12/12/2024,0:00,288.224
12/12/2024,6:00,0
12/12/2024,12:00,156.1
12/12/2024,18:00,929.8
12/13/2024,0:00,326.48
12/13/2024,6:00,0
12/13/2024,12:00,38.52
12/13/2024,18:00,204.14
12/14/2024,0:00,94.496
12/14/2024,6:00,0
12/14/2024,12:00,170.34
12/14/2024,18:00,862.88
12/15/2024,0:00,319.94
12/15/2024,6:00,0
12/15/2024,12:00,172.1
12/15/2024,18:00,725.14
12/16/2024,0:00,71.68
12/16/2024,6:00,0
12/16/2024,12:00,176.16
12/16/2024,18:00,993.56
12/17/2024,0:00,351.1
12/17/2024,6:00,0
12/17/2024,12:00,174.96
12/17/2024,18:00,999.24
12/18/2024,0:00,360.1
12/18/2024,6:00,0
12/18/2024,12:00,175.08
12/18/2024,18:00,965.58
12/19/2024,0:00,327.88
12/19/2024,6:00,0
12/19/2024,12:00,39.36
12/19/2024,18:00,114
12/20/2024,0:00,41.68
12/20/2024,6:00,0
12/20/2024,12:00,168.22
12/20/2024,18:00,973.2
12/21/2024,0:00,349.5
12/21/2024,6:00,0
12/21/2024,12:00,167.7
12/21/2024,18:00,959.5
12/22/2024,0:00,226.68
12/22/2024,6:00,0
12/22/2024,12:00,160.12
12/22/2024,18:00,979.04
12/23/2024,0:00,356.112
12/23/2024,6:00,0
12/23/2024,12:00,174.52
12/23/2024,18:00,1008.8
12/24/2024,0:00,367.98
12/24/2024,6:00,0
12/24/2024,12:00,166.7
12/24/2024,18:00,652.92
12/25/2024,0:00,129.168
12/25/2024,6:00,0
12/25/2024,12:00,170.42
12/25/2024,18:00,996.3
12/26/2024,0:00,364.672
12/26/2024,6:00,0
12/26/2024,12:00,169.3
12/26/2024,18:00,999.76
12/27/2024,0:00,366.128
12/27/2024,6:00,0
12/27/2024,12:00,166.38
12/27/2024,18:00,988.62
12/28/2024,0:00,365.952
12/28/2024,6:00,0
12/28/2024,12:00,164.6
12/28/2024,18:00,994.66
12/29/2024,0:00,365.136
12/29/2024,6:00,0
12/29/2024,12:00,162.08
12/29/2024,18:00,980.94
12/30/2024,0:00,363.872
12/30/2024,6:00,0
12/30/2024,12:00,162.94
12/30/2024,18:00,982.02
12/31/2024,0:00,346.14
12/31/2024,6:00,0
12/31/2024,12:00,156.6
12/31/2024,18:00,962.76
1/1/2025,0:00,360.44
1/1/2025,6:00,0
1/1/2025,12:00,154.58
1/1/2025,18:00,886.7
1/2/2025,0:00,196.48
1/2/2025,6:00,0
1/2/2025,12:00,155.2
1/2/2025,18:00,975.98
1/3/2025,0:00,366.88
1/3/2025,6:00,0
1/3/2025,12:00,158.46
1/3/2025,18:00,988.1
1/4/2025,0:00,359.82
1/4/2025,6:00,0
1/4/2025,12:00,159.38
1/4/2025,18:00,996.98
1/5/2025,0:00,379.24
1/5/2025,6:00,0
1/5/2025,12:00,155.78
1/5/2025,18:00,975.58
1/6/2025,0:00,374.18
1/6/2025,6:00,0
1/6/2025,12:00,143.7
1/6/2025,18:00,930.28
1/7/2025,0:00,304.384
1/7/2025,6:00,0
1/7/2025,12:00,151.46
1/7/2025,18:00,981.28
1/8/2025,0:00,374.64
1/8/2025,6:00,0
1/8/2025,12:00,150.36
1/8/2025,18:00,978.2
1/9/2025,0:00,372.816
1/9/2025,6:00,0
1/9/2025,12:00,148.84
1/9/2025,18:00,971.4
1/10/2025,0:00,366.736
1/10/2025,6:00,0
1/10/2025,12:00,144.42
1/10/2025,18:00,911.88
1/11/2025,0:00,232.68
1/11/2025,6:00,0
1/11/2025,12:00,146.44
1/11/2025,18:00,975.16
1/12/2025,0:00,371.14
1/12/2025,6:00,0
1/12/2025,12:00,148.36
1/12/2025,18:00,985.36
1/13/2025,0:00,377.312
1/13/2025,6:00,0
1/13/2025,12:00,144.32
1/13/2025,18:00,978.38
1/14/2025,0:00,375.472
1/14/2025,6:00,0
1/14/2025,12:00,141.2
1/14/2025,18:00,956.9
1/15/2025,0:00,314.224
1/15/2025,6:00,0
1/15/2025,12:00,108.18
1/15/2025,18:00,684.72
1/16/2025,0:00,314.688
1/16/2025,6:00,0
1/16/2025,12:00,133.54
1/16/2025,18:00,428.64
1/17/2025,0:00,336.288
1/17/2025,6:00,0
1/17/2025,12:00,134.58
1/17/2025,18:00,945
1/18/2025,0:00,331.472
1/18/2025,6:00,0
1/18/2025,12:00,134.82
1/18/2025,18:00,897.94
1/19/2025,0:00,91.84
1/19/2025,6:00,0
1/19/2025,12:00,130.864
1/19/2025,18:00,713.96
1/20/2025,0:00,45.344
1/20/2025,6:00,0
1/20/2025,12:00,130.9
1/20/2025,18:00,535.12
1/21/2025,0:00,218.896
1/21/2025,6:00,0
1/21/2025,12:00,130.704
1/21/2025,18:00,950.18
1/22/2025,0:00,367.072
1/22/2025,6:00,0
1/22/2025,12:00,131.52
1/22/2025,18:00,954.38
1/23/2025,0:00,321.984
1/23/2025,6:00,0
1/23/2025,12:00,105.44
1/23/2025,18:00,939
1/24/2025,0:00,243.008
1/24/2025,6:00,0
1/24/2025,12:00,106.864
1/24/2025,18:00,682.38
1/25/2025,0:00,153.344
1/25/2025,6:00,0
1/25/2025,12:00,123.776
1/25/2025,18:00,917.62
1/26/2025,0:00,358.24
1/26/2025,6:00,0
1/26/2025,12:00,124.752
1/26/2025,18:00,917.7
1/27/2025,0:00,298.448
1/27/2025,6:00,0
1/27/2025,12:00,25.78
1/27/2025,18:00,661.12
1/28/2025,0:00,282.384
1/28/2025,6:00,0
1/28/2025,12:00,122.688
1/28/2025,18:00,920.06
1/29/2025,0:00,317.36
1/29/2025,6:00,0
1/29/2025,12:00,117.584
1/29/2025,18:00,575.44
1/30/2025,0:00,307.584
1/30/2025,6:00,0
1/30/2025,12:00,116.624
1/30/2025,18:00,915.16
1/31/2025,0:00,309.632
1/31/2025,6:00,0
1/31/2025,12:00,115.76
1/31/2025,18:00,840.56
2/1/2025,0:00,234.64
2/1/2025,6:00,0
2/1/2025,12:00,118.848
2/1/2025,18:00,937.8
2/2/2025,0:00,359.104
2/2/2025,6:00,0
2/2/2025,12:00,118.352
2/2/2025,18:00,940.98
2/3/2025,0:00,361.264
2/3/2025,6:00,0
2/3/2025,12:00,116.68
2/3/2025,18:00,930.8
2/4/2025,0:00,353.92
2/4/2025,6:00,0
2/4/2025,12:00,114.64
2/4/2025,18:00,920.24
2/5/2025,0:00,349.584
2/5/2025,6:00,0
2/5/2025,12:00,112.352
2/5/2025,18:00,906.5
2/6/2025,0:00,316.352
2/6/2025,6:00,0
2/6/2025,12:00,102.128
2/6/2025,18:00,894.192
2/7/2025,0:00,341.056
2/7/2025,6:00,0
2/7/2025,12:00,112.576
2/7/2025,18:00,923.74
2/8/2025,0:00,352.416
2/8/2025,6:00,0
2/8/2025,12:00,111.456
2/8/2025,18:00,927.7
2/9/2025,0:00,351.712
2/9/2025,6:00,0
2/9/2025,12:00,111.36
2/9/2025,18:00,934.08
2/10/2025,0:00,355.056
2/10/2025,6:00,0
2/10/2025,12:00,110.56
2/10/2025,18:00,903.376
2/11/2025,0:00,314.48
2/11/2025,6:00,0
2/11/2025,12:00,98.384
2/11/2025,18:00,724.928
2/12/2025,0:00,129.968
2/12/2025,6:00,0
2/12/2025,12:00,102.688
2/12/2025,18:00,709.408
2/13/2025,0:00,143.648
2/13/2025,6:00,0
2/13/2025,12:00,72.096
2/13/2025,18:00,727.648
2/14/2025,0:00,189.536
2/14/2025,6:00,0
2/14/2025,12:00,100.176
2/14/2025,18:00,883.968
2/15/2025,0:00,323.904
2/15/2025,6:00,0
2/15/2025,12:00,94.272
2/15/2025,18:00,766.912
2/16/2025,0:00,120.432
2/16/2025,6:00,0
2/16/2025,12:00,94.032
2/16/2025,18:00,704.32
2/17/2025,0:00,93.712
2/17/2025,6:00,0
2/17/2025,12:00,5.04
2/17/2025,18:00,118.592
2/18/2025,0:00,55.952
2/18/2025,6:00,0
2/18/2025,12:00,41.4
2/18/2025,18:00,856.8
2/19/2025,0:00,318.848
2/19/2025,6:00,0
2/19/2025,12:00,96.42
2/19/2025,18:00,888.2
2/20/2025,0:00,319.904
2/20/2025,6:00,0
2/20/2025,12:00,97.24
2/20/2025,18:00,883.952
2/21/2025,0:00,320.928
2/21/2025,6:00,0
2/21/2025,12:00,91.7
2/21/2025,18:00,761.264
2/22/2025,0:00,143.744
2/22/2025,6:00,0
2/22/2025,12:00,91.92
2/22/2025,18:00,846.544
2/23/2025,0:00,288.32
2/23/2025,6:00,0
2/23/2025,12:00,92.72
2/23/2025,18:00,866.384
2/24/2025,0:00,307.248
2/24/2025,6:00,0
2/24/2025,12:00,91.64
2/24/2025,18:00,855.664
2/25/2025,0:00,301.376
2/25/2025,6:00,0
2/25/2025,12:00,81.62
2/25/2025,18:00,712.064
2/26/2025,0:00,205.376
2/26/2025,6:00,0
2/26/2025,12:00,87.82
2/26/2025,18:00,720.368
2/27/2025,0:00,211.76
2/27/2025,6:00,0
2/27/2025,12:00,84.9
2/27/2025,18:00,654.544
2/28/2025,0:00,120.848
2/28/2025,6:00,0
2/28/2025,12:00,76.528
2/28/2025,18:00,393.232
3/1/2025,0:00,196.864
3/1/2025,6:00,0
3/1/2025,12:00,70.22
3/1/2025,18:00,595.36
3/2/2025,0:00,136.608
3/2/2025,6:00,0
3/2/2025,12:00,76.84
3/2/2025,18:00,779.472
3/3/2025,0:00,165.296
3/3/2025,6:00,0
3/3/2025,12:00,83.64
3/3/2025,18:00,830.368
3/4/2025,0:00,283.088
3/4/2025,6:00,0
3/4/2025,12:00,83.36
3/4/2025,18:00,833.504
3/5/2025,0:00,282.848
3/5/2025,6:00,0
3/5/2025,12:00,85.34
3/5/2025,18:00,839.648
3/6/2025,0:00,282.032
3/6/2025,6:00,0
3/6/2025,12:00,81.088
3/6/2025,18:00,774.144
3/7/2025,0:00,204.736
3/7/2025,6:00,0
3/7/2025,12:00,74.704
3/7/2025,18:00,709.424
3/8/2025,0:00,105.12
3/8/2025,6:00,0
3/8/2025,12:00,80.96
3/8/2025,18:00,815.408
3/9/2025,0:00,124.464
3/9/2025,6:00,0
3/9/2025,12:00,9.168
3/9/2025,18:00,701.232
3/10/2025,0:00,278.864
3/10/2025,6:00,0
3/10/2025,12:00,83.472
3/10/2025,18:00,854.896
3/11/2025,0:00,281.456
3/11/2025,6:00,0
3/11/2025,12:00,80.672
3/11/2025,18:00,825.888
3/12/2025,0:00,267.632
3/12/2025,6:00,0
3/12/2025,12:00,75.248
3/12/2025,18:00,808.688
3/13/2025,0:00,225.344
3/13/2025,6:00,0
3/13/2025,12:00,33.728
3/13/2025,18:00,490.144
3/14/2025,0:00,259.2
3/14/2025,6:00,0
3/14/2025,12:00,80.58
3/14/2025,18:00,835.648
3/15/2025,0:00,267.504
3/15/2025,6:00,0
3/15/2025,12:00,79.3
3/15/2025,18:00,827.408
3/16/2025,0:00,262.16
3/16/2025,6:00,0
3/16/2025,12:00,74.24
3/16/2025,18:00,798.416
3/17/2025,0:00,249.328
3/17/2025,6:00,0
3/17/2025,12:00,72.368
3/17/2025,18:00,766.64
3/18/2025,0:00,244.352
3/18/2025,6:00,0
3/18/2025,12:00,72.4
3/18/2025,18:00,790.352
3/19/2025,0:00,245.92
3/19/2025,6:00,0
3/19/2025,12:00,73.856
3/19/2025,18:00,801.344
3/20/2025,0:00,248.32
3/20/2025,6:00,0
3/20/2025,12:00,73.184
3/20/2025,18:00,797.472
3/21/2025,0:00,241.952
3/21/2025,6:00,0
3/21/2025,12:00,71.952
3/21/2025,18:00,792.624
3/22/2025,0:00,236.32
3/22/2025,6:00,0
3/22/2025,12:00,5.28
3/22/2025,18:00,142.848
3/23/2025,0:00,23.728
3/23/2025,6:00,0
3/23/2025,12:00,66.448
3/23/2025,18:00,597.376
3/24/2025,0:00,56.096
3/24/2025,6:00,0
3/24/2025,12:00,39.36
3/24/2025,18:00,272.064
3/25/2025,0:00,218.368
3/25/2025,6:00,0
3/25/2025,12:00,36.576
3/25/2025,18:00,548.464
3/26/2025,0:00,139.808
3/26/2025,6:00,0
3/26/2025,12:00,61.44
3/26/2025,18:00,637.776
3/27/2025,0:00,157.12
3/27/2025,6:00,0
3/27/2025,12:00,15.936
3/27/2025,18:00,117.424
3/28/2025,0:00,136.928
3/28/2025,6:00,0
3/28/2025,12:00,38.032
3/28/2025,18:00,406.704
3/29/2025,0:00,79.792
3/29/2025,6:00,0
3/29/2025,12:00,55.984
3/29/2025,18:00,651.664
3/30/2025,0:00,182.688
3/30/2025,6:00,0
3/30/2025,12:00,60.352
3/30/2025,18:00,720.176
3/31/2025,0:00,203.488
3/31/2025,6:00,0
3/31/2025,12:00,43.168
3/31/2025,18:00,126.064
4/1/2025,0:00,10.192
4/1/2025,6:00,0
4/1/2025,12:00,7.12
4/1/2025,18:00,141.696
4/2/2025,0:00,46.496
4/2/2025,6:00,0
4/2/2025,12:00,9.34
4/2/2025,18:00,57.536
4/3/2025,0:00,6.416
4/3/2025,6:00,0
4/3/2025,12:00,24.72
4/3/2025,18:00,255.296
4/4/2025,0:00,127.632
4/4/2025,6:00,0
4/4/2025,12:00,63.08
4/4/2025,18:00,751.76
4/5/2025,0:00,205.312
4/5/2025,6:00,0
4/5/2025,12:00,60.624
4/5/2025,18:00,735.424
4/6/2025,0:00,200.592
4/6/2025,6:00,0
4/6/2025,12:00,57.536
4/6/2025,18:00,701.328
4/7/2025,0:00,185.424
4/7/2025,6:00,0
4/7/2025,12:00,3.52
4/7/2025,18:00,159.952
4/8/2025,0:00,11.808
4/8/2025,6:00,0
4/8/2025,12:00,25.66
4/8/2025,18:00,260.128
4/9/2025,0:00,72.944
4/9/2025,6:00,0
4/9/2025,12:00,11.48
4/9/2025,18:00,516.336
4/10/2025,0:00,100.512
4/10/2025,6:00,0
4/10/2025,12:00,53.96
4/10/2025,18:00,620
4/11/2025,0:00,44.432
4/11/2025,6:00,0
4/11/2025,12:00,47.488
4/11/2025,18:00,604.064
4/12/2025,0:00,150.192
4/12/2025,6:00,0
4/12/2025,12:00,44.624
4/12/2025,18:00,575.168
4/13/2025,0:00,143.696
4/13/2025,6:00,0
4/13/2025,12:00,50.416
4/13/2025,18:00,678.432
4/14/2025,0:00,178.928
4/14/2025,6:00,0
4/14/2025,12:00,54.016
4/14/2025,18:00,696.192
4/15/2025,0:00,175.472
4/15/2025,6:00,0
4/15/2025,12:00,50.176
4/15/2025,18:00,668.928
4/16/2025,0:00,168.032
4/16/2025,6:00,0
4/16/2025,12:00,50.112
4/16/2025,18:00,665.36
4/17/2025,0:00,164.864
4/17/2025,6:00,0
4/17/2025,12:00,49.376
4/17/2025,18:00,659.712
4/18/2025,0:00,161.456
4/18/2025,6:00,0
4/18/2025,12:00,36.096
4/18/2025,18:00,592.432
4/19/2025,0:00,156.208
4/19/2025,6:00,0
4/19/2025,12:00,46.192
4/19/2025,18:00,644.304
4/20/2025,0:00,159.008
4/20/2025,6:00,0
4/20/2025,12:00,47.968
4/20/2025,18:00,640.16
4/21/2025,0:00,98.192
4/21/2025,6:00,0
4/21/2025,12:00,36.86
4/21/2025,18:00,608.768
4/22/2025,0:00,154.576
4/22/2025,6:00,0
4/22/2025,12:00,33.408
4/22/2025,18:00,580.336
4/23/2025,0:00,148.736
4/23/2025,6:00,0
4/23/2025,12:00,44.912
4/23/2025,18:00,630.112
4/24/2025,0:00,139.408
4/24/2025,6:00,0
4/24/2025,12:00,19.712
4/24/2025,18:00,248.192
4/25/2025,0:00,78.624
4/25/2025,6:00,0
4/25/2025,12:00,42.896
4/25/2025,18:00,616.752
4/26/2025,0:00,142.288
4/26/2025,6:00,0
4/26/2025,12:00,41.104
4/26/2025,18:00,534.4
4/27/2025,0:00,109.936
4/27/2025,6:00,0
4/27/2025,12:00,18.704
4/27/2025,18:00,342.576
4/28/2025,0:00,62.288
4/28/2025,6:00,0
4/28/2025,12:00,43.36
4/28/2025,18:00,628.016
4/29/2025,0:00,142.944
4/29/2025,6:00,0
4/29/2025,12:00,41.904
4/29/2025,18:00,621.504
4/30/2025,0:00,140.8
4/30/2025,6:00,0
4/30/2025,12:00,42.016
4/30/2025,18:00,623.984
5/1/2025,0:00,140.528
5/1/2025,6:00,0
5/1/2025,12:00,41.088
5/1/2025,18:00,604.112
5/2/2025,0:00,132.336
5/2/2025,6:00,0
5/2/2025,12:00,25.776
5/2/2025,18:00,204.256
5/3/2025,0:00,102.976
5/3/2025,6:00,0
5/3/2025,12:00,36.992
5/3/2025,18:00,581.888
5/4/2025,0:00,128.176
5/4/2025,6:00,0
5/4/2025,12:00,37.92
5/4/2025,18:00,592.192
5/5/2025,0:00,128.944
5/5/2025,6:00,0
5/5/2025,12:00,34.608
5/5/2025,18:00,525.36
5/6/2025,0:00,118.32
5/6/2025,6:00,0
5/6/2025,12:00,34.384
5/6/2025,18:00,553.328
5/7/2025,0:00,94.944
5/7/2025,6:00,0
5/7/2025,12:00,7.36
5/7/2025,18:00,225.312
5/8/2025,0:00,75.904
5/8/2025,6:00,0
5/8/2025,12:00,21.232
5/8/2025,18:00,461.824
5/9/2025,0:00,75.024
5/9/2025,6:00,0
5/9/2025,12:00,2.896
5/9/2025,18:00,140.192
5/10/2025,0:00,78.848
5/10/2025,6:00,0
5/10/2025,12:00,34.192
5/10/2025,18:00,568.384
5/11/2025,0:00,120.384
5/11/2025,6:00,0
5/11/2025,12:00,33.824
5/11/2025,18:00,570.464
5/12/2025,0:00,121.008
5/12/2025,6:00,0
5/12/2025,12:00,33.744
5/12/2025,18:00,567.088
5/13/2025,0:00,118.288
5/13/2025,6:00,0
5/13/2025,12:00,32.576
5/13/2025,18:00,554.432
5/14/2025,0:00,113.952
5/14/2025,6:00,0
5/14/2025,12:00,30.496
5/14/2025,18:00,531.472
5/15/2025,0:00,102.624
5/15/2025,6:00,0
5/15/2025,12:00,13.84
5/15/2025,18:00,319.424
5/16/2025,0:00,92.816
5/16/2025,6:00,0
5/16/2025,12:00,18.832
5/16/2025,18:00,357.824
5/17/2025,0:00,60.8
5/17/2025,6:00,0
5/17/2025,12:00,23.12
5/17/2025,18:00,451.728
5/18/2025,0:00,95.936
5/18/2025,6:00,0
5/18/2025,12:00,5.696
5/18/2025,18:00,74.416
5/19/2025,0:00,25.072
5/19/2025,6:00,0
5/19/2025,12:00,17.74
5/19/2025,18:00,277.44
5/20/2025,0:00,63.232
5/20/2025,6:00,0
5/20/2025,12:00,14.6
5/20/2025,18:00,338.464
5/21/2025,0:00,68.976
5/21/2025,6:00,0
5/21/2025,12:00,4.288
5/21/2025,18:00,164.416
5/22/2025,0:00,78.064
5/22/2025,6:00,0
5/22/2025,12:00,26.4
5/22/2025,18:00,524.656
5/23/2025,0:00,107.392
5/23/2025,6:00,0
5/23/2025,12:00,25.632
5/23/2025,18:00,519.648
5/24/2025,0:00,107.344
5/24/2025,6:00,0
5/24/2025,12:00,2.592
5/24/2025,18:00,13.68
5/25/2025,0:00,2.16
5/25/2025,6:00,0
5/25/2025,12:00,3.92
5/25/2025,18:00,363.824
5/26/2025,0:00,59.216
5/26/2025,6:00,0
5/26/2025,12:00,5.136
5/26/2025,18:00,225.376
5/27/2025,0:00,37.648
5/27/2025,6:00,0
5/27/2025,12:00,1.376
5/27/2025,18:00,35.024
5/28/2025,0:00,8.64
5/28/2025,6:00,0
5/28/2025,12:00,0.64
5/28/2025,18:00,24.944
5/29/2025,0:00,5.6
5/29/2025,6:00,0
5/29/2025,12:00,23.96
5/29/2025,18:00,440.112
5/30/2025,0:00,24.144
5/30/2025,6:00,0
5/30/2025,12:00,24.192
5/30/2025,18:00,492.272
5/31/2025,0:00,77.632
5/31/2025,6:00,0
5/31/2025,12:00,23.82
5/31/2025,18:00,506.08
6/1/2025,0:00,100.224
6/1/2025,6:00,0
6/1/2025,12:00,24.208
6/1/2025,18:00,514.304
6/2/2025,0:00,99.728
6/2/2025,6:00,0
6/2/2025,12:00,15.1
6/2/2025,18:00,453.104
6/3/2025,0:00,32.032
6/3/2025,6:00,0
6/3/2025,12:00,1.9
6/3/2025,18:00,182.96
6/4/2025,0:00,81.12
6/4/2025,6:00,0
6/4/2025,12:00,21.36
6/4/2025,18:00,358.64
6/5/2025,0:00,70.768
6/5/2025,6:00,0
6/5/2025,12:00,13.14
6/5/2025,18:00,482.928
6/6/2025,0:00,96.944
6/6/2025,6:00,0
6/6/2025,12:00,21.18
6/6/2025,18:00,443.984
6/7/2025,0:00,70.592
6/7/2025,6:00,0
6/7/2025,12:00,21.664
6/7/2025,18:00,474.576
6/8/2025,0:00,98.96
6/8/2025,6:00,0
6/8/2025,12:00,21.52
6/8/2025,18:00,495.376
6/9/2025,0:00,97.952
6/9/2025,6:00,0
6/9/2025,12:00,20.608
6/9/2025,18:00,487.584
6/10/2025,0:00,96.848
6/10/2025,6:00,0
6/10/2025,12:00,21.12
6/10/2025,18:00,496.912
6/11/2025,0:00,98.992
6/11/2025,6:00,0
6/11/2025,12:00,20.592
6/11/2025,18:00,494.32
6/12/2025,0:00,99.712
6/12/2025,6:00,0
6/12/2025,12:00,21.024
6/12/2025,18:00,495.168
6/13/2025,0:00,99.056
6/13/2025,6:00,0
6/13/2025,12:00,17.824
6/13/2025,18:00,277.616
6/14/2025,0:00,8.768
6/14/2025,6:00,0
6/14/2025,12:00,0.3
6/14/2025,18:00,9.056
6/15/2025,0:00,9.424
6/15/2025,6:00,0
6/15/2025,12:00,3.68
6/15/2025,18:00,149.504
6/16/2025,0:00,22.544
6/16/2025,6:00,0
6/16/2025,12:00,19.584
6/16/2025,18:00,338
6/17/2025,0:00,85.44
6/17/2025,6:00,0
6/17/2025,12:00,5.26
6/17/2025,18:00,233.504
6/18/2025,0:00,45.488
6/18/2025,6:00,0
6/18/2025,12:00,1.76
6/18/2025,18:00,16.368
6/19/2025,0:00,3.168
6/19/2025,6:00,0
6/19/2025,12:00,1
6/19/2025,18:00,38.192
6/20/2025,0:00,6.8
6/20/2025,6:00,0
6/20/2025,12:00,1.66
6/20/2025,18:00,267.504
6/21/2025,0:00,27.12
6/21/2025,6:00,0
6/21/2025,12:00,18.208
6/21/2025,18:00,472.32
6/22/2025,0:00,97.12
6/22/2025,6:00,0
6/22/2025,12:00,11.904
6/22/2025,18:00,214.704
6/23/2025,0:00,13.12
6/23/2025,6:00,0
6/23/2025,12:00,19.024
6/23/2025,18:00,489.232
6/24/2025,0:00,102.288
6/24/2025,6:00,0
6/24/2025,12:00,19.456
6/24/2025,18:00,500.832
6/25/2025,0:00,103.536
6/25/2025,6:00,0
6/25/2025,12:00,19.392
6/25/2025,18:00,501.104
6/26/2025,0:00,74.88
6/26/2025,6:00,0
6/26/2025,12:00,1.056
6/26/2025,18:00,262.688
6/27/2025,0:00,87.632
6/27/2025,6:00,0
6/27/2025,12:00,19.248
6/27/2025,18:00,498.928
6/28/2025,0:00,103.936
6/28/2025,6:00,0
6/28/2025,12:00,6.544
6/28/2025,18:00,141.28
6/29/2025,0:00,4.24
6/29/2025,6:00,0
6/29/2025,12:00,2.96
6/29/2025,18:00,51.744
6/30/2025,0:00,30.352
6/30/2025,6:00,0
6/30/2025,12:00,18.736
6/30/2025,18:00,501.456
7/1/2025,0:00,106.112
7/1/2025,6:00,0
7/1/2025,12:00,14.864
7/1/2025,18:00,439.84
7/2/2025,0:00,106.464
7/2/2025,6:00,0
7/2/2025,12:00,18.64
7/2/2025,18:00,497.232
7/3/2025,0:00,106.48
7/3/2025,6:00,0
7/3/2025,12:00,18.496
7/3/2025,18:00,498.32
7/4/2025,0:00,106
7/4/2025,6:00,0
7/4/2025,12:00,13.728
7/4/2025,18:00,439.632
7/5/2025,0:00,81.376
7/5/2025,6:00,0
7/5/2025,12:00,14.976
7/5/2025,18:00,480.88
7/6/2025,0:00,98.768
7/6/2025,6:00,0
7/6/2025,12:00,17.728
7/6/2025,18:00,489.68
7/7/2025,0:00,106.112
7/7/2025,6:00,0
7/7/2025,12:00,17.84
7/7/2025,18:00,415.472
7/8/2025,0:00,39.04
7/8/2025,6:00,0
7/8/2025,12:00,18.144
7/8/2025,18:00,490.016
7/9/2025,0:00,107.648
7/9/2025,6:00,0
7/9/2025,12:00,19.152
7/9/2025,18:00,504.528
7/10/2025,0:00,97.168
7/10/2025,6:00,0
7/10/2025,12:00,18.72
7/10/2025,18:00,488.304
7/11/2025,0:00,105.008
7/11/2025,6:00,0
7/11/2025,12:00,18.608
7/11/2025,18:00,496.912
7/12/2025,0:00,109.76
7/12/2025,6:00,0
7/12/2025,12:00,16.4
7/12/2025,18:00,491.264
7/13/2025,0:00,109.04
7/13/2025,6:00,0
7/13/2025,12:00,17.84
7/13/2025,18:00,430.032
7/14/2025,0:00,84.32
7/14/2025,6:00,0
7/14/2025,12:00,18.448
7/14/2025,18:00,479.456
7/15/2025,0:00,107.024
7/15/2025,6:00,0
7/15/2025,12:00,19.28
7/15/2025,18:00,497.04
7/16/2025,0:00,110.384
7/16/2025,6:00,0
7/16/2025,12:00,18.816
7/16/2025,18:00,261.568
7/17/2025,0:00,13.888
7/17/2025,6:00,0
7/17/2025,12:00,2.832
7/17/2025,18:00,35.568
7/18/2025,0:00,7.664
7/18/2025,6:00,0
7/18/2025,12:00,20.992
7/18/2025,18:00,521.312
7/19/2025,0:00,118.608
7/19/2025,6:00,0
7/19/2025,12:00,21.184
7/19/2025,18:00,522.56
7/20/2025,0:00,119.488
7/20/2025,6:00,0
7/20/2025,12:00,21.728
7/20/2025,18:00,525.056
7/21/2025,0:00,119.536
7/21/2025,6:00,0
7/21/2025,12:00,20.656
7/21/2025,18:00,467.968
7/22/2025,0:00,114.016
7/22/2025,6:00,0
7/22/2025,12:00,15.856
7/22/2025,18:00,497.68
7/23/2025,0:00,112.72
7/23/2025,6:00,0
7/23/2025,12:00,10.048
7/23/2025,18:00,367.456
7/24/2025,0:00,87.408
7/24/2025,6:00,0
7/24/2025,12:00,2.976
7/24/2025,18:00,438.368
7/25/2025,0:00,104.752
7/25/2025,6:00,0
7/25/2025,12:00,4.304
7/25/2025,18:00,457.008
7/26/2025,0:00,92.544
7/26/2025,6:00,0
7/26/2025,12:00,11.68
7/26/2025,18:00,226.064
7/27/2025,0:00,55.92
7/27/2025,6:00,0
7/27/2025,12:00,0.96
7/27/2025,18:00,32.368
7/28/2025,0:00,9.008
7/28/2025,6:00,0
7/28/2025,12:00,3.184
7/28/2025,18:00,342.752
7/29/2025,0:00,49.136
7/29/2025,6:00,0
7/29/2025,12:00,25.008
7/29/2025,18:00,548.816
7/30/2025,0:00,129.968
7/30/2025,6:00,0
7/30/2025,12:00,25.408
7/30/2025,18:00,550.208
7/31/2025,0:00,130.832
7/31/2025,6:00,0
7/31/2025,12:00,25.904
7/31/2025,18:00,502.064
8/1/2025,0:00,99.072
8/1/2025,6:00,0
8/1/2025,12:00,14.816
8/1/2025,18:00,348.672
8/2/2025,0:00,125.456
8/2/2025,6:00,0
8/2/2025,12:00,25.6
8/2/2025,18:00,373.504
8/3/2025,0:00,61.6
8/3/2025,6:00,0
8/3/2025,12:00,1.984
8/3/2025,18:00,172.768
8/4/2025,0:00,73.6
8/4/2025,6:00,0
8/4/2025,12:00,16.016
8/4/2025,18:00,365.984
8/5/2025,0:00,44.624
8/5/2025,6:00,0
8/5/2025,12:00,29.424
8/5/2025,18:00,574.048
8/6/2025,0:00,138.608
8/6/2025,6:00,0
8/6/2025,12:00,24.736
8/6/2025,18:00,549.344
8/7/2025,0:00,123.888
8/7/2025,6:00,0
8/7/2025,12:00,7.504
8/7/2025,18:00,213.168
8/8/2025,0:00,68.096
8/8/2025,6:00,0
8/8/2025,12:00,9.44
8/8/2025,18:00,332.608
8/9/2025,0:00,41.248
8/9/2025,6:00,0
8/9/2025,12:00,32.56
8/9/2025,18:00,601.76
8/10/2025,0:00,147.168
8/10/2025,6:00,0
8/10/2025,12:00,33.6
8/10/2025,18:00,603.232
8/11/2025,0:00,148.128
8/11/2025,6:00,0
8/11/2025,12:00,34.144
8/11/2025,18:00,605.184
8/12/2025,0:00,140.688
8/12/2025,6:00,0
8/12/2025,12:00,34.752
8/12/2025,18:00,607.696
8/13/2025,0:00,150.208
8/13/2025,6:00,0
8/13/2025,12:00,35.296
8/13/2025,18:00,584.432
8/14/2025,0:00,137.44
8/14/2025,6:00,0
8/14/2025,12:00,35.36
8/14/2025,18:00,617.216
8/15/2025,0:00,154.592
8/15/2025,6:00,0
8/15/2025,12:00,35.184
8/15/2025,18:00,501.12
8/16/2025,0:00,89.6
8/16/2025,6:00,0
8/16/2025,12:00,36.24
8/16/2025,18:00,558.096
8/17/2025,0:00,47.008
8/17/2025,6:00,0
8/17/2025,12:00,38.016
8/17/2025,18:00,613.216
8/18/2025,0:00,152.72
8/18/2025,6:00,0
8/18/2025,12:00,15.008
8/18/2025,18:00,147.6
8/19/2025,0:00,11.28
8/19/2025,6:00,0
8/19/2025,12:00,1.792
8/19/2025,18:00,101.344
8/20/2025,0:00,9.072
8/20/2025,6:00,0
8/20/2025,12:00,0.8
8/20/2025,18:00,49.616
8/21/2025,0:00,48.288
8/21/2025,6:00,0
8/21/2025,12:00,43.456
8/21/2025,18:00,643.472
8/22/2025,0:00,159.344
8/22/2025,6:00,0
8/22/2025,12:00,39.52
8/22/2025,18:00,612.352
8/23/2025,0:00,134.336
8/23/2025,6:00,0
8/23/2025,12:00,2.208
8/23/2025,18:00,194.128
8/24/2025,0:00,76.624
8/24/2025,6:00,0
8/24/2025,12:00,48.528
8/24/2025,18:00,683.76
8/25/2025,0:00,174.72
8/25/2025,6:00,0
8/25/2025,12:00,38
8/25/2025,18:00,672.112
8/26/2025,0:00,171.552
8/26/2025,6:00,0
8/26/2025,12:00,49.232
8/26/2025,18:00,672.944
8/27/2025,0:00,171.168
8/27/2025,6:00,0
8/27/2025,12:00,49.696
8/27/2025,18:00,674.544
8/28/2025,0:00,168.592
8/28/2025,6:00,0
8/28/2025,12:00,49.056
8/28/2025,18:00,664.928
8/29/2025,0:00,169.152
8/29/2025,6:00,0
8/29/2025,12:00,51.36
8/29/2025,18:00,677.68
8/30/2025,0:00,174.752
8/30/2025,6:00,0
8/30/2025,12:00,51.808
8/30/2025,18:00,654.624
8/31/2025,0:00,160.912
8/31/2025,6:00,0
8/31/2025,12:00,53.392
8/31/2025,18:00,271.6
9/1/2025,0:00,47.488
9/1/2025,6:00,0
9/1/2025,12:00,14.256
9/1/2025,18:00,181.568
9/2/2025,0:00,24.032
9/2/2025,6:00,0
9/2/2025,12:00,11.008
9/2/2025,18:00,361.712
9/3/2025,0:00,123.424
9/3/2025,6:00,0
9/3/2025,12:00,48.272
9/3/2025,18:00,555.552
9/4/2025,0:00,141.664
9/4/2025,6:00,0
9/4/2025,12:00,2.912
9/4/2025,18:00,164.464
9/5/2025,0:00,93.568
9/5/2025,6:00,0
9/5/2025,12:00,63.968
9/5/2025,18:00,734.336
9/6/2025,0:00,191.184
9/6/2025,6:00,0
9/6/2025,12:00,66.816
9/6/2025,18:00,743.536
9/7/2025,0:00,191.712
9/7/2025,6:00,0
9/7/2025,12:00,56.352
9/7/2025,18:00,648.112
9/8/2025,0:00,104.08
9/8/2025,6:00,0
9/8/2025,12:00,2.656
9/8/2025,18:00,16.304
9/9/2025,0:00,9.184
9/9/2025,6:00,0
9/9/2025,12:00,66.912
9/9/2025,18:00,741.488
9/10/2025,0:00,193.472
9/10/2025,6:00,0
9/10/2025,12:00,73.04
9/10/2025,18:00,757.376
9/11/2025,0:00,197.456
9/11/2025,6:00,0
9/11/2025,12:00,70.272
9/11/2025,18:00,742.288
9/12/2025,0:00,195.52
9/12/2025,6:00,0
9/12/2025,12:00,77.12
9/12/2025,18:00,774.864
9/13/2025,0:00,203.792
9/13/2025,6:00,0
9/13/2025,12:00,78.256
9/13/2025,18:00,762.56
9/14/2025,0:00,187.824
9/14/2025,6:00,0
9/14/2025,12:00,47.28
9/14/2025,18:00,724.096
9/15/2025,0:00,189.424
9/15/2025,6:00,0
9/15/2025,12:00,41.488
9/15/2025,18:00,338.016
9/16/2025,0:00,27.84
9/16/2025,6:00,0
9/16/2025,12:00,78.656
9/16/2025,18:00,765.648
9/17/2025,0:00,201.728
9/17/2025,6:00,0
9/17/2025,12:00,82.4
9/17/2025,18:00,781.104
9/18/2025,0:00,185.616
9/18/2025,6:00,0
9/18/2025,12:00,44.272
9/18/2025,18:00,510.4
9/19/2025,0:00,122.272
9/19/2025,6:00,0
9/19/2025,12:00,80.88
9/19/2025,18:00,751.072
9/20/2025,0:00,112.544
9/20/2025,6:00,0
9/20/2025,12:00,7.104
9/20/2025,18:00,62.864
9/21/2025,0:00,49.936
9/21/2025,6:00,0
9/21/2025,12:00,24.768
9/21/2025,18:00,378.48
9/22/2025,0:00,105.264
9/22/2025,6:00,0
9/22/2025,12:00,92.56
9/22/2025,18:00,805.232
9/23/2025,0:00,213.344
9/23/2025,6:00,0
9/23/2025,12:00,94
9/23/2025,18:00,810.224
9/24/2025,0:00,214.864
9/24/2025,6:00,0
9/24/2025,12:00,95.232
9/24/2025,18:00,809.472
9/25/2025,0:00,214.016
9/25/2025,6:00,0
9/25/2025,12:00,100.48
9/25/2025,18:00,826.528
9/26/2025,0:00,216.528
9/26/2025,6:00,0
9/26/2025,12:00,100.224
9/26/2025,18:00,825.568
9/27/2025,0:00,216.688
9/27/2025,6:00,0
9/27/2025,12:00,74.272
9/27/2025,18:00,28.384
9/28/2025,0:00,37.024
9/28/2025,6:00,0
9/28/2025,12:00,101.04
9/28/2025,18:00,834.272
9/29/2025,0:00,224.16
9/29/2025,6:00,0
9/29/2025,12:00,108.608
9/29/2025,18:00,846.32
9/30/2025,0:00,214.16
9/30/2025,6:00,0
9/30/2025,12:00,17.94
9/30/2025,18:00,57.856
10/1/2025,0:00,34.576
10/1/2025,6:00,0
10/1/2025,12:00,41.984
10/1/2025,18:00,525.696
10/2/2025,0:00,190.016
10/2/2025,6:00,0
10/2/2025,12:00,51.056
10/2/2025,18:00,329.3
10/3/2025,0:00,63.664
10/3/2025,6:00,0
10/3/2025,12:00,98.1
10/3/2025,18:00,565.54
10/4/2025,0:00,112.272
10/4/2025,6:00,0
10/4/2025,12:00,106.72
10/4/2025,18:00,771.14
10/5/2025,0:00,219.696
10/5/2025,6:00,0
10/5/2025,12:00,108.58
10/5/2025,18:00,821.14
10/6/2025,0:00,215.12
10/6/2025,6:00,0
10/6/2025,12:00,21.712
10/6/2025,18:00,120.98
10/7/2025,0:00,146.832
10/7/2025,6:00,0
10/7/2025,12:00,123.808
10/7/2025,18:00,886.624
10/8/2025,0:00,240.24
10/8/2025,6:00,0
10/8/2025,12:00,126.304
10/8/2025,18:00,889.4
10/9/2025,0:00,240.272
10/9/2025,6:00,0
10/9/2025,12:00,126.464
10/9/2025,18:00,875.7
10/10/2025,0:00,234.688
10/10/2025,6:00,0
10/10/2025,12:00,124.688
10/10/2025,18:00,866.62
10/11/2025,0:00,237.68
10/11/2025,6:00,0
10/11/2025,12:00,95.6
10/11/2025,18:00,368.26
10/12/2025,0:00,189.856
10/12/2025,6:00,0
10/12/2025,12:00,98.688
10/12/2025,18:00,571.36
10/13/2025,0:00,169.936
10/13/2025,6:00,0
10/13/2025,12:00,130.12
10/13/2025,18:00,882.58
10/14/2025,0:00,240.72
10/14/2025,6:00,0
10/14/2025,12:00,136.02
10/14/2025,18:00,902.2
10/15/2025,0:00,247.152
10/15/2025,6:00,0
10/15/2025,12:00,136.52
10/15/2025,18:00,834.56
10/16/2025,0:00,194.368
10/16/2025,6:00,0
10/16/2025,12:00,31.04
10/16/2025,18:00,292.52
10/17/2025,0:00,117.824
10/17/2025,6:00,0
10/17/2025,12:00,7.92
10/17/2025,18:00,51.32
10/18/2025,0:00,37.472
10/18/2025,6:00,0
10/18/2025,12:00,134.4
10/18/2025,18:00,895.16
10/19/2025,0:00,253.616
10/19/2025,6:00,0
10/19/2025,12:00,147
10/19/2025,18:00,925.72
10/20/2025,0:00,255.232
10/20/2025,6:00,0
10/20/2025,12:00,146.64
10/20/2025,18:00,915.48
10/21/2025,0:00,251.984
10/21/2025,6:00,0
10/21/2025,12:00,142.272
10/21/2025,18:00,916.72
10/22/2025,0:00,258.064
10/22/2025,6:00,0
10/22/2025,12:00,137.5
10/22/2025,18:00,900.48
10/23/2025,0:00,229.984
10/23/2025,6:00,0
10/23/2025,12:00,129.44
10/23/2025,18:00,877.76
10/24/2025,0:00,254.432
10/24/2025,6:00,0
10/24/2025,12:00,102.864
10/24/2025,18:00,368.82
10/25/2025,0:00,128.496
10/25/2025,6:00,0
10/25/2025,12:00,5.54
10/25/2025,18:00,192.8
10/26/2025,0:00,155.056
10/26/2025,6:00,0
10/26/2025,12:00,95.52
10/26/2025,18:00,475.32
10/27/2025,0:00,102.976
10/27/2025,6:00,0
10/27/2025,12:00,153.32
10/27/2025,18:00,924.24
10/28/2025,0:00,260.928
10/28/2025,6:00,0
10/28/2025,12:00,148.92
10/28/2025,18:00,314.56
10/29/2025,0:00,16.672
10/29/2025,6:00,0
10/29/2025,12:00,6.9
10/29/2025,18:00,68.34
10/30/2025,0:00,35.04
10/30/2025,6:00,0
10/30/2025,12:00,70.12
10/30/2025,18:00,602.74
10/31/2025,0:00,185.696
10/31/2025,6:00,0
10/31/2025,12:00,68.46
10/31/2025,18:00,731.28
11/1/2025,0:00,116.16
11/1/2025,6:00,0
11/1/2025,12:00,161.18
11/1/2025,18:00,893.92
11/2/2025,0:00,124.624
11/2/2025,6:00,0
11/2/2025,12:00,59.32
11/2/2025,18:00,647.88
11/3/2025,0:00,262.496
11/3/2025,6:00,0
11/3/2025,12:00,159.26
11/3/2025,18:00,926.18
11/4/2025,0:00,271.504
11/4/2025,6:00,0
11/4/2025,12:00,162.64
11/4/2025,18:00,929.38
11/5/2025,0:00,269.472
11/5/2025,6:00,0
11/5/2025,12:00,165.568
11/5/2025,18:00,945.48
11/6/2025,0:00,276.112
11/6/2025,6:00,0
11/6/2025,12:00,170.112
11/6/2025,18:00,919.14
11/7/2025,0:00,248.992
11/7/2025,6:00,0
11/7/2025,12:00,10.928
11/7/2025,18:00,53.24
11/8/2025,0:00,17.904
11/8/2025,6:00,0
11/8/2025,12:00,27.664
11/8/2025,18:00,512.3
11/9/2025,0:00,186.368
11/9/2025,6:00,0
11/9/2025,12:00,170.36
11/9/2025,18:00,875.62
11/10/2025,0:00,149.52
11/10/2025,6:00,0
11/10/2025,12:00,176.432
11/10/2025,18:00,970.74
11/11/2025,0:00,290.032
11/11/2025,6:00,0
11/11/2025,12:00,176.624
11/11/2025,18:00,891.02
11/12/2025,0:00,143.024
11/12/2025,6:00,0
11/12/2025,12:00,164.4
11/12/2025,18:00,843.88
11/13/2025,0:00,141.984
11/13/2025,6:00,0
11/13/2025,12:00,138.04
11/13/2025,18:00,867
11/14/2025,0:00,248.944
11/14/2025,6:00,0
11/14/2025,12:00,168.16
11/14/2025,18:00,913.26
11/15/2025,0:00,273.872
11/15/2025,6:00,0
11/15/2025,12:00,172.34
11/15/2025,18:00,939.04
11/16/2025,0:00,283.424
11/16/2025,6:00,0
11/16/2025,12:00,139.58
11/16/2025,18:00,222.02
11/17/2025,0:00,62.352
11/17/2025,6:00,0
11/17/2025,12:00,159.36
11/17/2025,18:00,972.46
11/18/2025,0:00,302.256
11/18/2025,6:00,0
11/18/2025,12:00,184.8
11/18/2025,18:00,987.62
11/19/2025,0:00,304.38
11/19/2025,6:00,0
11/19/2025,12:00,181.14
11/19/2025,18:00,982.16
11/20/2025,0:00,305.16
11/20/2025,6:00,0
11/20/2025,12:00,180.68
11/20/2025,18:00,969.2
11/21/2025,0:00,301.56
11/21/2025,6:00,0
11/21/2025,12:00,146.56
11/21/2025,18:00,529.2
11/22/2025,0:00,166
11/22/2025,6:00,0
11/22/2025,12:00,182.02
11/22/2025,18:00,980.8
11/23/2025,0:00,306.352
11/23/2025,6:00,0
11/23/2025,12:00,180.9
11/23/2025,18:00,979.94
11/24/2025,0:00,309.552
11/24/2025,6:00,0
11/24/2025,12:00,178.94
11/24/2025,18:00,914.88
11/25/2025,0:00,85.216
11/25/2025,6:00,0
11/25/2025,12:00,179.36
11/25/2025,18:00,970.46
11/26/2025,0:00,310.128
11/26/2025,6:00,0
11/26/2025,12:00,179.74
11/26/2025,18:00,965.98
11/27/2025,0:00,309.648
11/27/2025,6:00,0
11/27/2025,12:00,177.664
11/27/2025,18:00,960.06
11/28/2025,0:00,310.76
11/28/2025,6:00,0
11/28/2025,12:00,176.82
11/28/2025,18:00,915.9
11/29/2025,0:00,242.64
11/29/2025,6:00,0
11/29/2025,12:00,151.16
11/29/2025,18:00,882.14
11/30/2025,0:00,218.72
11/30/2025,6:00,0
11/30/2025,12:00,127.88
11/30/2025,18:00,405.46
12/1/2025,0:00,79.8
12/1/2025,6:00,0
12/1/2025,12:00,165.92
12/1/2025,18:00,925.08
12/2/2025,0:00,126.46
12/2/2025,6:00,0
12/2/2025,12:00,177.76
12/2/2025,18:00,974.24
12/3/2025,0:00,329.392
12/3/2025,6:00,0
12/3/2025,12:00,181.72
12/3/2025,18:00,980.34
12/4/2025,0:00,329.6
12/4/2025,6:00,0
12/4/2025,12:00,185.9
12/4/2025,18:00,1000.74
12/5/2025,0:00,336.416
12/5/2025,6:00,0
12/5/2025,12:00,185.2
12/5/2025,18:00,999.9
12/6/2025,0:00,318.624
12/6/2025,6:00,0
12/6/2025,12:00,167.02
12/6/2025,18:00,908.86
12/7/2025,0:00,232.8
12/7/2025,6:00,0
12/7/2025,12:00,177.22
12/7/2025,18:00,905.46
12/8/2025,0:00,184.032
12/8/2025,6:00,0
12/8/2025,12:00,106.06
12/8/2025,18:00,320.2
12/9/2025,0:00,21.68
12/9/2025,6:00,0
12/9/2025,12:00,15.02
12/9/2025,18:00,305.08
12/10/2025,0:00,296.74
12/10/2025,6:00,0
12/10/2025,12:00,12.84
12/10/2025,18:00,121.34
12/11/2025,0:00,224.06
12/11/2025,6:00,0
12/11/2025,12:00,175.82
12/11/2025,18:00,931.62
12/12/2025,0:00,183.2
12/12/2025,6:00,0
12/12/2025,12:00,40.42
12/12/2025,18:00,614.18
12/13/2025,0:00,176.9
12/13/2025,6:00,0
12/13/2025,12:00,176.98
12/13/2025,18:00,985.68
12/14/2025,0:00,341.9
12/14/2025,6:00,0
12/14/2025,12:00,172.38
12/14/2025,18:00,970.1
12/15/2025,0:00,339.9
12/15/2025,6:00,0
12/15/2025,12:00,94.04
12/15/2025,18:00,151.96
12/16/2025,0:00,65.24
12/16/2025,6:00,0
12/16/2025,12:00,183.06
12/16/2025,18:00,1011.78
12/17/2025,0:00,358.08
12/17/2025,6:00,0
12/17/2025,12:00,180.86
12/17/2025,18:00,1011.02
12/18/2025,0:00,360.04
12/18/2025,6:00,0
12/18/2025,12:00,179.76
12/18/2025,18:00,1006.04
12/19/2025,0:00,360.48
12/19/2025,6:00,0
12/19/2025,12:00,175.44
12/19/2025,18:00,985.34
12/20/2025,0:00,351.64
12/20/2025,6:00,0
12/20/2025,12:00,174.3
12/20/2025,18:00,973.88
12/21/2025,0:00,293.68
12/21/2025,6:00,0
12/21/2025,12:00,2.08
12/21/2025,18:00,150.9
12/22/2025,0:00,230.06
12/22/2025,6:00,0
12/22/2025,12:00,125.42
12/22/2025,18:00,505.3
12/23/2025,0:00,66.32
12/23/2025,6:00,0
12/23/2025,12:00,54.52
12/23/2025,18:00,598.62
12/24/2025,0:00,321.48
12/24/2025,6:00,0
12/24/2025,12:00,156.5
12/24/2025,18:00,885.34
12/25/2025,0:00,280.7
12/25/2025,6:00,0
12/25/2025,12:00,146.22
12/25/2025,18:00,668.06
12/26/2025,0:00,116.22
12/26/2025,6:00,0
12/26/2025,12:00,23.64
12/26/2025,18:00,236.1
12/27/2025,0:00,74.06
12/27/2025,6:00,0
12/27/2025,12:00,151.82
12/27/2025,18:00,849.34
12/28/2025,0:00,88.9
12/28/2025,6:00,0
12/28/2025,12:00,143.76
12/28/2025,18:00,857.74
12/29/2025,0:00,179.88
12/29/2025,6:00,0
12/29/2025,12:00,35.58
12/29/2025,18:00,479.5
12/30/2025,0:00,319.344
12/30/2025,6:00,0
12/30/2025,12:00,131.96
12/30/2025,18:00,804.44
12/31/2025,0:00,213.504
12/31/2025,6:00,0
12/31/2025,12:00,150.94
12/31/2025,18:00,898.74
1/1/2026,0:00,342.5
1/1/2026,6:00,0
1/1/2026,12:00,157.36
1/1/2026,18:00,963.48
1/2/2026,0:00,346.58
1/2/2026,6:00,0
1/2/2026,12:00,154.92
1/2/2026,18:00,962.18
1/3/2026,0:00,273.8
1/3/2026,6:00,0
1/3/2026,12:00,85.22
1/3/2026,18:00,875.96
1/4/2026,0:00,373.856
1/4/2026,6:00,0
1/4/2026,12:00,163.664
1/4/2026,18:00,1005.06
1/5/2026,0:00,378
1/5/2026,6:00,0
1/5/2026,12:00,157.58
1/5/2026,18:00,988.06
1/6/2026,0:00,374.56
1/6/2026,6:00,0
1/6/2026,12:00,157.78
1/6/2026,18:00,987.88
1/7/2026,0:00,370.832
1/7/2026,6:00,0
1/7/2026,12:00,148.5
1/7/2026,18:00,896.76
1/8/2026,0:00,312.256
1/8/2026,6:00,0
1/8/2026,12:00,145.1
1/8/2026,18:00,850.54
1/9/2026,0:00,236.272
1/9/2026,6:00,0
1/9/2026,12:00,54.72
1/9/2026,18:00,248.14
1/10/2026,0:00,120.688
1/10/2026,6:00,0
1/10/2026,12:00,64.38
1/10/2026,18:00,505.96
1/11/2026,0:00,90.368
1/11/2026,6:00,0
1/11/2026,12:00,142.68
1/11/2026,18:00,381
1/12/2026,0:00,275.248
1/12/2026,6:00,0
1/12/2026,12:00,145.32
1/12/2026,18:00,968.44
1/13/2026,0:00,368.432
1/13/2026,6:00,0
1/13/2026,12:00,142.64
1/13/2026,18:00,957.9
1/14/2026,0:00,366.256
1/14/2026,6:00,0
1/14/2026,12:00,133.7
1/14/2026,18:00,901.84
1/15/2026,0:00,345.536
1/15/2026,6:00,0
1/15/2026,12:00,138.784
1/15/2026,18:00,942.48
1/16/2026,0:00,357.184
1/16/2026,6:00,0
1/16/2026,12:00,24.864
1/22/2026,6:00,0
1/22/2026,12:00,133.008
1/22/2026,18:00,952.58
1/23/2026,0:00,366.992
1/23/2026,6:00,0
1/23/2026,12:00,129.84
1/23/2026,18:00,949.06
1/24/2026,0:00,366.976
1/24/2026,6:00,0
1/24/2026,12:00,129.32
1/24/2026,18:00,950.36
1/25/2026,0:00,356.128
1/25/2026,6:00,0
1/25/2026,12:00,127.98
1/25/2026,18:00,957.04
1/26/2026,0:00,368.656
1/26/2026,6:00,0
1/26/2026,12:00,86.256
1/26/2026,18:00,917.92
1/27/2026,0:00,343.984
1/27/2026,6:00,0
1/27/2026,12:00,123.696
1/27/2026,18:00,884.56
1/28/2026,0:00,270.384
1/28/2026,6:00,0
1/28/2026,12:00,119.792
1/28/2026,18:00,900.96
1/29/2026,0:00,337.28
1/29/2026,6:00,0
1/29/2026,12:00,119.3
1/29/2026,18:00,923.488
1/30/2026,0:00,309.712
1/30/2026,6:00,0
1/30/2026,12:00,119.52
1/30/2026,18:00,935.5
1/31/2026,0:00,358.08
1/31/2026,6:00,0
1/31/2026,12:00,118.288
1/31/2026,18:00,729.4
2/1/2026,0:00,189.2
2/1/2026,6:00,0
2/1/2026,12:00,119.328
2/1/2026,18:00,938.94
2/2/2026,0:00,361.36
2/2/2026,6:00,0
2/2/2026,12:00,104.08
2/2/2026,18:00,887.86
2/3/2026,0:00,350.16
2/3/2026,6:00,0
2/3/2026,12:00,115.408
2/3/2026,18:00,920.26
2/4/2026,0:00,353.84
2/4/2026,6:00,0
2/4/2026,12:00,117.088
2/4/2026,18:00,929.14
2/5/2026,0:00,352.448
2/5/2026,6:00,0
2/5/2026,12:00,115.18
2/5/2026,18:00,927.9
2/6/2026,0:00,351.488
2/6/2026,6:00,0
2/6/2026,12:00,104.24
2/6/2026,18:00,807.904
2/7/2026,0:00,226.992
2/7/2026,6:00,0
2/7/2026,12:00,86.62
2/7/2026,18:00,759.82
2/8/2026,0:00,347.648
2/8/2026,6:00,0
2/8/2026,12:00,115.02
2/8/2026,18:00,951.8
2/9/2026,0:00,359.888
2/9/2026,6:00,0
2/9/2026,12:00,111.28
2/9/2026,18:00,923.48
2/10/2026,0:00,349.36
2/10/2026,6:00,0
2/10/2026,12:00,107.14
2/10/2026,18:00,904.58
2/11/2026,0:00,340.304
2/11/2026,6:00,0
2/11/2026,12:00,104.576
2/11/2026,18:00,888.864
2/12/2026,0:00,211.056
2/12/2026,6:00,0
2/12/2026,12:00,104.128
2/12/2026,18:00,487.06
2/13/2026,0:00,92.016
2/13/2026,6:00,0
2/13/2026,12:00,77.712
2/13/2026,18:00,792.3
2/14/2026,0:00,260.192
2/14/2026,6:00,0
2/14/2026,12:00,100.24
2/14/2026,18:00,882
2/15/2026,0:00,326.368
2/15/2026,6:00,0
2/15/2026,12:00,97.84
2/15/2026,18:00,607.72
2/16/2026,0:00,192.832
2/16/2026,6:00,0
2/16/2026,12:00,93.056
2/16/2026,18:00,783.24
2/17/2026,0:00,209.824
2/17/2026,6:00,0
2/17/2026,12:00,84.096
2/17/2026,18:00,634.896
2/18/2026,0:00,214.064
2/18/2026,6:00,0
2/18/2026,12:00,95.84
2/18/2026,18:00,677.84
2/19/2026,0:00,312.816
2/19/2026,6:00,0
2/19/2026,12:00,84.864
2/19/2026,18:00,442.768
2/20/2026,0:00,131.392
2/20/2026,6:00,0
2/20/2026,12:00,86.784
2/20/2026,18:00,869.712
2/21/2026,0:00,311.152
2/21/2026,6:00,0
2/21/2026,12:00,97.104
2/21/2026,18:00,854.16
2/22/2026,0:00,297.696
2/22/2026,6:00,0
2/22/2026,12:00,22.672
2/22/2026,18:00,622.72
2/23/2026,0:00,238.96
2/23/2026,6:00,0
2/23/2026,12:00,82.544
2/23/2026,18:00,726.256
2/24/2026,0:00,108.368
2/24/2026,6:00,0
2/24/2026,12:00,73.28
2/24/2026,18:00,782.608
2/25/2026,0:00,266.384
2/25/2026,6:00,0
2/25/2026,12:00,88.656
2/25/2026,18:00,867.232
2/26/2026,0:00,307.216
2/26/2026,6:00,0
2/26/2026,12:00,94.848
2/26/2026,18:00,887.328
2/27/2026,0:00,312.416
2/27/2026,6:00,0
2/27/2026,12:00,82.208
2/28/2026,0:00,305.408
2/28/2026,6:00,0
2/28/2026,12:00,84.56
2/28/2026,18:00,825.808
3/1/2026,0:00,297.6
3/1/2026,6:00,0
3/1/2026,12:00,89.808
3/1/2026,18:00,870.16
3/2/2026,6:00,0
3/2/2026,12:00,87.264
3/2/2026,18:00,856.72
3/3/2026,0:00,295.888
3/3/2026,6:00,0
3/3/2026,12:00,83.184
3/3/2026,18:00,825.904
3/4/2026,0:00,270.32
3/4/2026,6:00,0
3/4/2026,12:00,81.616
3/4/2026,18:00,818.256
3/5/2026,0:00,279.152
3/5/2026,6:00,0
3/5/2026,12:00,85.472
3/5/2026,18:00,848.8
3/6/2026,0:00,284.576
3/6/2026,6:00,0
3/6/2026,12:00,81.216
3/6/2026,18:00,780.464
3/7/2026,0:00,161.056
3/7/2026,6:00,0
3/7/2026,12:00,42.176
3/7/2026,18:00,425.568
3/8/2026,0:00,221.632
3/8/2026,6:00,0
3/8/2026,12:00,80.352
3/8/2026,18:00,820.4
3/9/2026,0:00,263.12
3/9/2026,6:00,0
3/9/2026,12:00,46.496
3/9/2026,18:00,669.712
3/10/2026,0:00,108.016
3/10/2026,6:00,0
3/10/2026,12:00,29.68
3/10/2026,18:00,786.976
3/11/2026,0:00,233.376
3/11/2026,6:00,0
3/11/2026,12:00,62.304
3/11/2026,18:00,667.968
3/12/2026,0:00,224.352
3/12/2026,6:00,0
3/12/2026,12:00,77.76
3/12/2026,18:00,818.992
3/13/2026,0:00,264.672
3/13/2026,6:00,0
3/13/2026,12:00,76.672
3/13/2026,18:00,766.64
3/14/2026,0:00,260.224
3/14/2026,6:00,0
3/14/2026,12:00,76.816
3/14/2026,18:00,812.832
3/15/2026,0:00,251.824
3/15/2026,6:00,0
3/15/2026,12:00,44.56
3/15/2026,18:00,662.304
3/16/2026,0:00,244.128
3/16/2026,6:00,0
3/16/2026,12:00,63.36
3/16/2026,18:00,592.8
3/17/2026,0:00,92.096
3/17/2026,6:00,0
3/17/2026,12:00,22.96
3/17/2026,18:00,480.72
3/18/2026,0:00,119.552
3/18/2026,6:00,0
3/18/2026,12:00,69.104
3/18/2026,18:00,725.504
3/19/2026,0:00,64.24
3/19/2026,6:00,0
3/19/2026,12:00,71.328
3/19/2026,18:00,786.432
3/20/2026,0:00,242.688
3/20/2026,6:00,0
3/20/2026,12:00,71.584
3/20/2026,18:00,786.352
3/21/2026,0:00,240.704
3/21/2026,6:00,0
3/21/2026,12:00,53.216
3/21/2026,18:00,519.344
3/22/2026,0:00,11.184
3/22/2026,6:00,0
3/22/2026,12:00,65.728
3/22/2026,18:00,744.608
3/23/2026,0:00,186.368
3/23/2026,6:00,0
3/23/2026,12:00,34.672
3/23/2026,18:00,204.448
3/24/2026,0:00,39.392
3/24/2026,6:00,0
3/24/2026,12:00,67.392
3/24/2026,18:00,784.48
3/25/2026,0:00,234.208
3/25/2026,6:00,0
3/25/2026,12:00,10.768
3/25/2026,18:00,482.176
3/26/2026,0:00,68.144
3/26/2026,6:00,0
3/26/2026,12:00,26.336
3/26/2026,18:00,627.84
3/27/2026,0:00,130.336
3/27/2026,6:00,0
3/27/2026,12:00,48.992
3/27/2026,18:00,717.28
3/28/2026,0:00,69.552
3/28/2026,6:00,0
3/28/2026,12:00,61.536
3/28/2026,18:00,574.704
3/29/2026,0:00,55.168
3/29/2026,6:00,0
3/29/2026,12:00,61.488
3/29/2026,18:00,718.416
3/30/2026,0:00,166.656
3/30/2026,6:00,0
3/30/2026,12:00,60.064
3/30/2026,18:00,623.28
3/31/2026,0:00,126.48
3/31/2026,6:00,0
3/31/2026,12:00,59.696
3/31/2026,18:00,717.712
4/1/2026,0:00,201.888
4/1/2026,6:00,0
4/1/2026,12:00,61.52
4/1/2026,18:00,734.48
4/2/2026,0:00,205.744
4/2/2026,6:00,0
4/2/2026,12:00,59.824
4/2/2026,18:00,717.952
4/3/2026,0:00,198.016
4/3/2026,6:00,0
4/3/2026,18:00,706.752
4/4/2026,0:00,193.52
4/4/2026,6:00,0
4/4/2026,12:00,56.78
4/4/2026,18:00,688.096
4/5/2026,0:00,188.096
4/5/2026,6:00,0
4/5/2026,12:00,47.1
4/5/2026,18:00,658.624
4/6/2026,6:00,0
4/6/2026,12:00,50.16
4/6/2026,18:00,552.88
4/7/2026,0:00,74.16
4/7/2026,6:00,0
4/7/2026,12:00,15.76
4/7/2026,18:00,90.832
4/8/2026,0:00,129.664
4/8/2026,6:00,0
4/8/2026,12:00,18.608
4/8/2026,18:00,255.76
4/9/2026,0:00,30.432
4/9/2026,6:00,0
4/9/2026,12:00,10.464
4/9/2026,18:00,433.168
4/10/2026,0:00,124.512
4/10/2026,6:00,0
4/10/2026,12:00,56.18
4/10/2026,18:00,711.424
4/11/2026,0:00,186.72
4/11/2026,6:00,0
4/11/2026,12:00,55.64
4/11/2026,18:00,507.04
4/12/2026,0:00,11.648
4/12/2026,6:00,0
4/12/2026,12:00,2
4/12/2026,18:00,320.4
4/13/2026,0:00,78.048
4/13/2026,6:00,0
4/13/2026,12:00,15.632
4/13/2026,18:00,471.072
4/14/2026,0:00,162.272
4/14/2026,6:00,0
4/14/2026,12:00,35.088
4/14/2026,18:00,349.52
4/15/2026,0:00,105.68
4/15/2026,6:00,0
4/15/2026,12:00,13.04
4/15/2026,18:00,192.176
4/16/2026,0:00,12.848
4/16/2026,6:00,0
4/16/2026,12:00,3.376
4/16/2026,18:00,189.552
4/17/2026,0:00,53.888
4/17/2026,6:00,0
4/17/2026,12:00,47.712
4/17/2026,18:00,546.896
4/18/2026,0:00,159.2
4/18/2026,6:00,0
4/18/2026,12:00,49.184
4/18/2026,18:00,661.28
4/19/2026,0:00,162.096
4/19/2026,6:00,0
4/19/2026,12:00,48.832
4/19/2026,18:00,659.6
4/20/2026,0:00,159.168
4/20/2026,6:00,0
4/20/2026,12:00,14.944
4/20/2026,18:00,147.104
4/21/2026,0:00,7.52
4/21/2026,6:00,0
4/21/2026,12:00,8.544
4/21/2026,18:00,83.904
4/22/2026,0:00,33.664
4/22/2026,6:00,0
4/22/2026,12:00,10.496
4/22/2026,18:00,340.336
4/23/2026,0:00,136.688
4/23/2026,6:00,0
4/23/2026,12:00,13.312
4/23/2026,18:00,136.8
4/24/2026,0:00,9.92
4/24/2026,6:00,0
4/24/2026,12:00,5.472
4/24/2026,18:00,66.16
4/25/2026,0:00,8.72
4/25/2026,6:00,0
4/25/2026,12:00,37.168
4/25/2026,18:00,450.848
4/26/2026,0:00,28.464
4/26/2026,6:00,0
4/26/2026,12:00,41.392
4/26/2026,18:00,617.2
4/27/2026,0:00,142.608
4/27/2026,6:00,0
4/27/2026,12:00,45.648
4/27/2026,18:00,649.12
4/28/2026,0:00,149.664
4/28/2026,6:00,0
4/28/2026,12:00,44.224
4/28/2026,18:00,635.6
4/29/2026,0:00,144.608
4/29/2026,6:00,0
4/29/2026,12:00,42.48
4/29/2026,18:00,620.736
4/30/2026,0:00,140.176
4/30/2026,6:00,0
4/30/2026,12:00,41.504
4/30/2026,18:00,618.288
5/1/2026,0:00,138.784
5/1/2026,6:00,0
5/1/2026,12:00,32.08
5/1/2026,18:00,302.992
5/2/2026,0:00,88.336
5/2/2026,6:00,0
5/2/2026,12:00,37.856
5/2/2026,18:00,592.32
5/3/2026,0:00,135.136
5/3/2026,6:00,0
5/3/2026,12:00,41.904
5/3/2026,18:00,626.88
5/4/2026,0:00,137.968
5/4/2026,6:00,0
5/4/2026,12:00,36.272
5/4/2026,18:00,217.792
5/5/2026,0:00,75.2
5/5/2026,6:00,0
5/5/2026,12:00,34.704
5/5/2026,18:00,543.664
5/6/2026,0:00,120.672
5/6/2026,6:00,0
5/6/2026,12:00,25.936
5/6/2026,18:00,407.072
5/7/2026,0:00,87.616
5/7/2026,6:00,0
5/7/2026,12:00,17.328
5/7/2026,18:00,499.088
5/8/2026,0:00,70.112
5/8/2026,6:00,0
5/8/2026,12:00,28.144
5/8/2026,18:00,540.208
5/9/2026,0:00,121.312
5/9/2026,6:00,0
5/9/2026,12:00,35.36
5/9/2026,18:00,345.184
5/10/2026,0:00,20.432
5/10/2026,6:00,0
5/10/2026,12:00,35.024
5/10/2026,18:00,584.304
5/11/2026,0:00,123.328
5/11/2026,6:00,0
5/11/2026,12:00,35.44
5/11/2026,18:00,582.576
5/12/2026,0:00,122.544
5/12/2026,6:00,0
5/12/2026,12:00,34.704
5/12/2026,18:00,576.8
5/13/2026,0:00,121.584
5/13/2026,6:00,0
5/13/2026,12:00,33.92
5/13/2026,18:00,571.408
5/14/2026,0:00,119.552
5/14/2026,6:00,0
5/14/2026,12:00,32.416
5/14/2026,18:00,550.512
5/15/2026,0:00,109.872
5/15/2026,6:00,0
5/15/2026,12:00,31.872
5/15/2026,18:00,557.68
5/16/2026,0:00,115.6
5/16/2026,6:00,0
5/16/2026,12:00,29.296
5/16/2026,18:00,488.144
5/17/2026,0:00,106.128
5/17/2026,6:00,0
5/17/2026,12:00,8.736
5/17/2026,18:00,189.696
5/18/2026,0:00,19.872
5/18/2026,6:00,0
5/18/2026,12:00,29.584
5/19/2026,0:00,112.288
5/19/2026,6:00,0
5/19/2026,12:00,30.528
5/19/2026,18:00,552.928
5/20/2026,0:00,113.104
5/20/2026,6:00,0
5/20/2026,12:00,29.936
5/20/2026,18:00,547.04
5/21/2026,0:00,111.088
5/21/2026,6:00,0
5/21/2026,12:00,28.624
5/21/2026,18:00,514.224
5/22/2026,0:00,89.776
5/22/2026,6:00,0
5/22/2026,12:00,21.6
5/22/2026,18:00,467.52
5/23/2026,0:00,92.544
5/23/2026,6:00,0
5/23/2026,12:00,27.36
5/23/2026,18:00,526.928
5/24/2026,0:00,102.336
5/24/2026,6:00,0
5/24/2026,12:00,20.704
5/24/2026,18:00,492.672
5/25/2026,0:00,104.928
5/25/2026,6:00,0
5/25/2026,12:00,3.072
5/25/2026,18:00,128.656
5/26/2026,0:00,6.752
5/26/2026,6:00,0
5/26/2026,12:00,9.824
5/26/2026,18:00,348.576
5/27/2026,0:00,56.608
5/27/2026,6:00,0
5/27/2026,12:00,25.424
5/27/2026,18:00,516.192
5/28/2026,0:00,102.864
5/28/2026,6:00,0
5/28/2026,12:00,24.896
5/28/2026,18:00,493.472
5/29/2026,0:00,71.264
5/29/2026,6:00,0
5/29/2026,12:00,5.072
5/29/2026,18:00,38.56
5/30/2026,0:00,27.168
5/30/2026,6:00,0
5/30/2026,12:00,22.112
5/30/2026,18:00,446.752
5/31/2026,0:00,69.056
5/31/2026,6:00,0
5/31/2026,12:00,17.6
5/31/2026,18:00,506.48
6/1/2026,0:00,101.552
6/1/2026,6:00,0
6/1/2026,12:00,23.664
6/1/2026,18:00,492.352
6/2/2026,0:00,68.064
6/2/2026,6:00,0
6/2/2026,12:00,22.74
6/2/2026,18:00,416.976
6/3/2026,0:00,72.208
6/3/2026,6:00,0
6/3/2026,12:00,22.02
6/3/2026,18:00,488.768
6/4/2026,0:00,96.48
6/4/2026,6:00,0
6/4/2026,12:00,21.24
6/4/2026,18:00,487.168
6/5/2026,0:00,74.4
6/5/2026,6:00,0
6/5/2026,12:00,14.24
6/5/2026,18:00,468.88
6/6/2026,0:00,79.872
6/6/2026,6:00,0
6/6/2026,12:00,15.648
6/6/2026,18:00,389.6
6/7/2026,0:00,61.296
6/7/2026,6:00,0
6/7/2026,12:00,11.584
6/7/2026,18:00,225.696
6/8/2026,0:00,25.728
6/8/2026,6:00,0
6/8/2026,12:00,9.728
6/8/2026,18:00,149.056
6/9/2026,0:00,23.232
6/9/2026,6:00,0
6/9/2026,12:00,8.768
6/9/2026,18:00,441.136
6/10/2026,0:00,34.048
6/10/2026,6:00,0
6/10/2026,12:00,18.16
6/10/2026,18:00,449.984
6/11/2026,0:00,93.664
6/11/2026,6:00,0
6/11/2026,12:00,2.784
6/11/2026,18:00,32.992
6/12/2026,0:00,2.96
6/12/2026,6:00,0
6/12/2026,12:00,15.424
6/12/2026,18:00,273.136
6/13/2026,0:00,44.72
6/13/2026,6:00,0
6/13/2026,12:00,18.672
6/13/2026,18:00,176.896
6/14/2026,0:00,22.96
6/14/2026,6:00,0
6/14/2026,12:00,18.144
6/14/2026,18:00,246.976
6/15/2026,0:00,31.648
6/15/2026,6:00,0
6/15/2026,12:00,18.784
6/15/2026,18:00,415.392
6/16/2026,0:00,76.24
6/16/2026,6:00,0
6/16/2026,12:00,19.3
6/16/2026,18:00,478.176
6/17/2026,0:00,96.784
6/17/2026,6:00,0
6/17/2026,12:00,15.104
6/17/2026,18:00,449.248
6/18/2026,0:00,97.008
6/18/2026,6:00,0
6/18/2026,12:00,12.848
6/18/2026,18:00,270.256
6/19/2026,0:00,41.744
6/19/2026,6:00,0
6/19/2026,12:00,0.6
6/19/2026,18:00,157.728
6/20/2026,0:00,17.664
6/20/2026,6:00,0
6/20/2026,12:00,19.3
6/20/2026,18:00,491.856
6/21/2026,0:00,98.24
6/21/2026,6:00,0
6/21/2026,12:00,14.272
6/21/2026,18:00,424.272
6/22/2026,0:00,60.256
6/22/2026,6:00,0
6/22/2026,12:00,1.68
6/22/2026,18:00,325.344
6/23/2026,0:00,65.92
6/23/2026,6:00,0
6/23/2026,12:00,18.72
6/23/2026,18:00,491.728
6/24/2026,0:00,101.36
6/24/2026,6:00,0
6/24/2026,12:00,18.4
6/24/2026,18:00,487.168
6/25/2026,0:00,100.08
6/25/2026,6:00,0
6/25/2026,12:00,13.16
6/25/2026,18:00,456.16
6/26/2026,0:00,99.488
6/26/2026,6:00,0
6/26/2026,12:00,18.96
6/26/2026,18:00,498.112
6/27/2026,0:00,104.192
6/27/2026,6:00,0
6/27/2026,12:00,17.392
6/27/2026,18:00,399.2
6/28/2026,0:00,58.496
6/28/2026,6:00,0
6/28/2026,12:00,0.336
6/28/2026,18:00,87.872
6/29/2026,0:00,97.76
6/29/2026,6:00,0
6/29/2026,12:00,18.368
6/29/2026,18:00,489.52
6/30/2026,0:00,103.072
6/30/2026,6:00,0
6/30/2026,12:00,13.824
6/30/2026,18:00,243.312
7/1/2026,0:00,15.36
7/1/2026,6:00,0
7/1/2026,12:00,16.912
7/1/2026,18:00,76.896
7/2/2026,0:00,22.64
7/2/2026,6:00,0
7/2/2026,12:00,1.8
7/2/2026,18:00,328.608
7/3/2026,0:00,61.648
7/3/2026,6:00,0
7/3/2026,12:00,19.504
7/3/2026,18:00,502.736
7/4/2026,0:00,107.056
7/4/2026,6:00,0
7/4/2026,12:00,17.568
7/4/2026,18:00,448.4
7/5/2026,0:00,86.88
7/5/2026,6:00,0
7/5/2026,12:00,17.152
7/5/2026,18:00,441.776
7/6/2026,0:00,17.072
7/6/2026,6:00,0
7/6/2026,12:00,16.608
7/6/2026,18:00,498.864
7/7/2026,0:00,109.424
7/7/2026,6:00,0
7/7/2026,12:00,19.392
7/7/2026,18:00,506
7/8/2026,0:00,109.408
7/8/2026,6:00,0
7/8/2026,12:00,19.056
7/8/2026,18:00,499.312
7/9/2026,0:00,102.528
7/9/2026,6:00,0
7/9/2026,12:00,16.128
7/9/2026,18:00,381.632
7/10/2026,0:00,80.56
7/10/2026,6:00,0
7/10/2026,12:00,5.44
7/10/2026,18:00,331.296
7/11/2026,0:00,47.136
7/11/2026,6:00,0
7/11/2026,12:00,14.1
7/11/2026,18:00,264.496
7/12/2026,0:00,28.128
7/12/2026,6:00,0
7/12/2026,12:00,16.016
7/12/2026,18:00,406.464
7/13/2026,0:00,107.584
7/13/2026,6:00,0
7/13/2026,12:00,19.552
7/13/2026,18:00,509.632
7/14/2026,0:00,114.128
7/14/2026,6:00,0
7/14/2026,12:00,20.32
7/14/2026,18:00,516.064
7/15/2026,0:00,115.28
7/15/2026,6:00,0
7/15/2026,12:00,20.048
7/15/2026,18:00,503.04
7/16/2026,0:00,110.816
7/16/2026,6:00,0
7/16/2026,12:00,8.48
7/16/2026,18:00,454.448
7/17/2026,0:00,107.776
7/17/2026,6:00,0
7/17/2026,12:00,14.592
7/17/2026,18:00,468.304
7/18/2026,0:00,107.76
7/18/2026,6:00,0
7/18/2026,12:00,8
7/18/2026,18:00,472.096
7/19/2026,0:00,52.304
7/19/2026,6:00,0
7/19/2026,12:00,11.888
7/19/2026,18:00,85.12
7/20/2026,0:00,13.856
7/20/2026,6:00,0
7/20/2026,12:00,0.816
7/20/2026,18:00,45.36
7/21/2026,0:00,12.88
7/21/2026,6:00,0
7/21/2026,12:00,7.584
7/21/2026,18:00,90.752
7/22/2026,0:00,7.232
7/22/2026,6:00,0
7/22/2026,12:00,5.12
7/22/2026,18:00,359.008
7/23/2026,0:00,65.12
7/23/2026,6:00,0
7/23/2026,12:00,14.88
7/23/2026,18:00,197.76
7/24/2026,0:00,34.528
7/24/2026,6:00,0
7/24/2026,12:00,16.096
7/24/2026,18:00,400.688
7/25/2026,0:00,75.408
7/25/2026,6:00,0
7/25/2026,12:00,21.696
7/25/2026,18:00,381.008
7/26/2026,0:00,16.512
7/26/2026,6:00,0
7/26/2026,12:00,1.552
7/26/2026,18:00,294.352
7/27/2026,0:00,74.128
7/27/2026,6:00,0
7/27/2026,12:00,7.168
7/27/2026,18:00,288.848
7/28/2026,0:00,88.48
7/28/2026,6:00,0
7/28/2026,12:00,21.12
7/28/2026,18:00,336.368
7/29/2026,0:00,109.952
7/29/2026,6:00,0
7/29/2026,12:00,22.352
7/29/2026,18:00,408.784
7/30/2026,0:00,74.432
7/30/2026,6:00,0
7/30/2026,12:00,11.776
7/30/2026,18:00,471.2
7/31/2026,0:00,122.896
7/31/2026,6:00,0
7/31/2026,12:00,23.984
7/31/2026,18:00,490.912
8/1/2026,0:00,125.072
8/1/2026,6:00,0
8/1/2026,12:00,19.216
