"Date","Time","Downward shortwave radiation flux@Ground or water surface"
6/13/2019,0:00,90
6/13/2019,6:00,0
6/13/2019,12:00,30
6/13/2019,18:00,418
6/14/2019,0:00,73
6/14/2019,6:00,0
6/14/2019,12:00,20
6/14/2019,18:00,455
6/15/2019,0:00,92
6/15/2019,6:00,0
6/15/2019,12:00,18
6/15/2019,18:00,408
6/16/2019,0:00,68
6/16/2019,6:00,0
6/16/2019,12:00,8
6/16/2019,18:00,105
6/17/2019,0:00,21
6/17/2019,6:00,0
6/17/2019,12:00,27
6/17/2019,18:00,494
6/18/2019,0:00,76
6/18/2019,6:00,0
6/18/2019,12:00,23
6/18/2019,18:00,477
6/19/2019,0:00,94
6/19/2019,6:00,0
6/19/2019,12:00,4
6/19/2019,18:00,268
6/20/2019,0:00,102
6/20/2019,6:00,0
6/20/2019,12:00,29
6/20/2019,18:00,528
6/21/2019,0:00,101
6/21/2019,6:00,0
6/21/2019,12:00,30
6/21/2019,18:00,495
6/22/2019,0:00,95
6/22/2019,6:00,0
6/22/2019,12:00,20
6/22/2019,18:00,485
6/23/2019,0:00,96
6/23/2019,6:00,0
6/23/2019,12:00,27
6/23/2019,18:00,510
6/24/2019,0:00,98
6/24/2019,6:00,0
6/24/2019,12:00,22
6/24/2019,18:00,471
6/25/2019,0:00,80
6/25/2019,6:00,0
6/25/2019,12:00,27
6/25/2019,18:00,442
6/26/2019,0:00,37
6/26/2019,6:00,0
6/26/2019,12:00,28
6/26/2019,18:00,509
6/27/2019,0:00,108
6/27/2019,6:00,0
6/27/2019,12:00,28
6/27/2019,18:00,520
6/28/2019,0:00,99
6/28/2019,6:00,0
6/28/2019,12:00,20
6/28/2019,18:00,237
6/29/2019,0:00,88
6/29/2019,6:00,0
6/29/2019,12:00,25
6/29/2019,18:00,207
6/30/2019,0:00,43
6/30/2019,6:00,0
6/30/2019,12:00,17
6/30/2019,18:00,110
7/1/2019,0:00,15
7/1/2019,6:00,0
7/1/2019,12:00,1
7/1/2019,18:00,71
7/2/2019,0:00,13
7/2/2019,6:00,0
7/2/2019,12:00,3
7/2/2019,18:00,16
7/3/2019,0:00,2
7/3/2019,6:00,0
7/3/2019,12:00,27
7/3/2019,18:00,535
7/4/2019,0:00,107
7/4/2019,6:00,0
7/4/2019,12:00,28
7/4/2019,18:00,538
7/5/2019,0:00,107
7/5/2019,6:00,0
7/5/2019,12:00,28
7/5/2019,18:00,548
7/6/2019,0:00,111
7/6/2019,6:00,0
7/6/2019,12:00,29
7/6/2019,18:00,551
7/7/2019,0:00,111
7/7/2019,6:00,0
7/7/2019,12:00,30
7/7/2019,18:00,556
7/8/2019,0:00,113
7/8/2019,6:00,0
7/8/2019,12:00,29
7/8/2019,18:00,550
7/9/2019,0:00,112
7/9/2019,6:00,0
7/9/2019,12:00,29
7/9/2019,18:00,546
7/10/2019,0:00,108
7/10/2019,6:00,0
7/10/2019,12:00,24
7/10/2019,18:00,502
7/11/2019,0:00,83
7/11/2019,6:00,0
7/11/2019,12:00,19
7/11/2019,18:00,466
7/12/2019,0:00,110
7/12/2019,6:00,0
7/12/2019,12:00,22
7/12/2019,18:00,351
7/13/2019,0:00,14
7/13/2019,6:00,0
7/13/2019,12:00,4
7/13/2019,18:00,182
7/14/2019,0:00,40
7/14/2019,6:00,0
7/14/2019,12:00,3
7/14/2019,18:00,57
7/15/2019,0:00,27
7/15/2019,6:00,0
7/15/2019,12:00,13
7/15/2019,18:00,421
7/16/2019,0:00,116
7/16/2019,6:00,0
7/16/2019,12:00,30
7/16/2019,18:00,564
7/17/2019,0:00,119
7/17/2019,6:00,0
7/17/2019,12:00,32
7/17/2019,18:00,572
7/18/2019,0:00,121
7/18/2019,6:00,0
7/18/2019,12:00,31
7/18/2019,18:00,568
7/19/2019,0:00,120
7/19/2019,6:00,0
7/19/2019,12:00,19
7/19/2019,18:00,349
7/20/2019,0:00,38
7/20/2019,6:00,0
7/20/2019,12:00,29
7/20/2019,18:00,538
7/21/2019,0:00,115
7/21/2019,6:00,0
7/21/2019,12:00,30
7/21/2019,18:00,442
7/22/2019,0:00,68
7/22/2019,6:00,0
7/22/2019,12:00,4
7/22/2019,18:00,149
7/23/2019,0:00,7
7/23/2019,6:00,0
7/23/2019,12:00,17
7/23/2019,18:00,175
7/24/2019,0:00,18
7/24/2019,6:00,0
7/24/2019,12:00,6
7/24/2019,18:00,188
7/25/2019,0:00,19
7/25/2019,6:00,0
7/25/2019,12:00,6
7/25/2019,18:00,224
7/26/2019,0:00,39
7/26/2019,6:00,0
7/26/2019,12:00,3
7/26/2019,18:00,255
7/27/2019,0:00,63
7/27/2019,6:00,0
7/27/2019,12:00,34
7/27/2019,18:00,388
7/28/2019,0:00,60
7/28/2019,6:00,0
7/28/2019,12:00,35
7/28/2019,18:00,593
7/29/2019,0:00,126
7/29/2019,6:00,0
7/29/2019,12:00,33
7/29/2019,18:00,560
7/30/2019,0:00,113
7/30/2019,6:00,0
7/30/2019,12:00,32
7/30/2019,18:00,569
7/31/2019,0:00,124
7/31/2019,6:00,0
7/31/2019,12:00,32
7/31/2019,18:00,566
8/1/2019,0:00,131
8/1/2019,6:00,0
8/1/2019,12:00,36
8/1/2019,18:00,567
8/2/2019,0:00,128
8/2/2019,6:00,0
8/2/2019,12:00,3
8/2/2019,18:00,231
8/3/2019,0:00,133
8/3/2019,6:00,0
8/3/2019,12:00,40
8/3/2019,18:00,621
8/4/2019,0:00,139
8/4/2019,6:00,0
8/4/2019,12:00,41
8/4/2019,18:00,627
8/5/2019,0:00,143
8/5/2019,6:00,0
8/5/2019,12:00,42
8/5/2019,18:00,635
8/6/2019,0:00,144
8/6/2019,6:00,0
8/6/2019,12:00,39
8/6/2019,18:00,603
8/7/2019,0:00,136
8/7/2019,6:00,0
8/7/2019,12:00,40
8/7/2019,18:00,604
8/8/2019,0:00,135
8/8/2019,6:00,0
8/8/2019,12:00,18
8/8/2019,18:00,452
8/9/2019,0:00,63
8/9/2019,6:00,0
8/9/2019,12:00,27
8/9/2019,18:00,215
8/10/2019,0:00,9
8/10/2019,6:00,0
8/10/2019,12:00,13
8/10/2019,18:00,327
8/11/2019,0:00,46
8/11/2019,6:00,0
8/11/2019,12:00,47
8/11/2019,18:00,632
8/12/2019,0:00,138
8/12/2019,6:00,0
8/12/2019,12:00,10
8/12/2019,18:00,283
8/13/2019,0:00,134
8/13/2019,6:00,0
8/13/2019,12:00,48
8/13/2019,18:00,665
8/14/2019,0:00,155
8/14/2019,6:00,0
8/14/2019,12:00,51
8/14/2019,18:00,677
8/15/2019,0:00,156
8/15/2019,6:00,0
8/15/2019,12:00,46
8/15/2019,18:00,675
8/16/2019,0:00,155
8/16/2019,6:00,0
8/16/2019,12:00,47
8/16/2019,18:00,639
8/17/2019,0:00,148
8/17/2019,6:00,0
8/17/2019,12:00,49
8/17/2019,18:00,604
8/18/2019,0:00,119
8/18/2019,6:00,0
8/18/2019,12:00,10
8/18/2019,18:00,309
8/19/2019,0:00,22
8/19/2019,6:00,0
8/19/2019,12:00,54
8/19/2019,18:00,685
8/20/2019,0:00,161
8/20/2019,6:00,0
8/20/2019,12:00,53
8/20/2019,18:00,675
8/21/2019,0:00,159
8/21/2019,6:00,0
8/21/2019,12:00,56
8/21/2019,18:00,685
8/22/2019,0:00,161
8/22/2019,6:00,0
8/22/2019,12:00,56
8/22/2019,18:00,681
8/23/2019,0:00,125
8/23/2019,6:00,0
8/23/2019,12:00,58
8/23/2019,18:00,695
8/24/2019,0:00,166
8/24/2019,6:00,0
8/24/2019,12:00,61
8/24/2019,18:00,703
8/25/2019,0:00,166
8/25/2019,6:00,0
8/25/2019,12:00,62
8/25/2019,18:00,707
8/26/2019,0:00,162
8/26/2019,6:00,0
8/26/2019,12:00,53
8/26/2019,18:00,515
8/27/2019,0:00,122
8/27/2019,6:00,0
8/27/2019,12:00,60
8/27/2019,18:00,692
8/28/2019,0:00,163
8/28/2019,6:00,0
8/28/2019,12:00,63
8/28/2019,18:00,708
8/29/2019,0:00,169
8/29/2019,6:00,0
8/29/2019,12:00,64
8/29/2019,18:00,705
8/30/2019,0:00,167
8/30/2019,6:00,0
8/30/2019,12:00,65
8/30/2019,18:00,706
8/31/2019,0:00,165
8/31/2019,6:00,0
8/31/2019,12:00,30
8/31/2019,18:00,141
9/1/2019,0:00,75
9/1/2019,6:00,0
9/1/2019,12:00,62
9/1/2019,18:00,702
9/2/2019,0:00,165
9/2/2019,6:00,0
9/2/2019,12:00,75
9/2/2019,18:00,744
9/3/2019,0:00,172
9/3/2019,6:00,0
9/3/2019,12:00,74
9/3/2019,18:00,743
9/4/2019,0:00,178
9/4/2019,6:00,0
9/4/2019,12:00,75
9/4/2019,18:00,749
9/5/2019,0:00,176
9/5/2019,6:00,0
9/5/2019,12:00,62
9/5/2019,18:00,668
9/6/2019,0:00,123
9/6/2019,6:00,0
9/6/2019,12:00,66
9/6/2019,18:00,564
9/7/2019,0:00,100
9/7/2019,6:00,0
9/7/2019,12:00,64
9/7/2019,18:00,554
9/8/2019,0:00,147
9/8/2019,6:00,0
9/8/2019,12:00,57
9/8/2019,18:00,534
9/9/2019,0:00,128
9/9/2019,6:00,0
9/9/2019,12:00,68
9/9/2019,18:00,727
9/10/2019,0:00,171
9/10/2019,6:00,0
9/10/2019,12:00,68
9/10/2019,18:00,587
9/11/2019,0:00,180
9/11/2019,6:00,0
9/11/2019,12:00,50
9/11/2019,18:00,565
9/12/2019,0:00,148
9/12/2019,6:00,0
9/12/2019,12:00,20
9/12/2019,18:00,89
9/13/2019,0:00,117
9/13/2019,6:00,0
9/13/2019,12:00,89
9/13/2019,18:00,796
9/14/2019,0:00,192
9/14/2019,6:00,0
9/14/2019,12:00,85
9/14/2019,18:00,597
9/15/2019,0:00,168
9/15/2019,6:00,0
9/15/2019,12:00,89
9/15/2019,18:00,769
9/16/2019,0:00,187
9/16/2019,6:00,0
9/16/2019,12:00,92
9/16/2019,18:00,762
9/17/2019,0:00,177
9/17/2019,6:00,0
9/17/2019,12:00,44
9/17/2019,18:00,344
9/18/2019,0:00,58
9/18/2019,6:00,0
9/18/2019,12:00,6
9/18/2019,18:00,252
9/19/2019,0:00,182
9/19/2019,6:00,0
9/19/2019,12:00,97
9/19/2019,18:00,435
9/20/2019,0:00,21
9/20/2019,6:00,0
9/20/2019,12:00,99
9/20/2019,18:00,597
9/21/2019,0:00,155
9/21/2019,6:00,0
9/21/2019,12:00,108
9/21/2019,18:00,838
9/22/2019,0:00,210
9/22/2019,6:00,0
9/22/2019,12:00,115
9/22/2019,18:00,861
9/23/2019,0:00,210
9/23/2019,6:00,0
9/23/2019,12:00,111
9/23/2019,18:00,848
9/24/2019,0:00,202
9/24/2019,6:00,0
9/24/2019,12:00,75
9/24/2019,18:00,697
9/25/2019,0:00,178
9/25/2019,6:00,0
9/25/2019,12:00,114
9/25/2019,18:00,846
9/26/2019,0:00,209
9/26/2019,6:00,0
9/26/2019,12:00,115
9/26/2019,18:00,843
9/27/2019,0:00,210
9/27/2019,6:00,0
9/27/2019,12:00,118
9/27/2019,18:00,832
9/28/2019,0:00,183
9/28/2019,6:00,0
9/28/2019,12:00,117
9/28/2019,18:00,842
9/29/2019,0:00,198
9/29/2019,6:00,0
9/29/2019,12:00,119
9/29/2019,18:00,855
9/30/2019,0:00,215
9/30/2019,6:00,0
9/30/2019,12:00,122
9/30/2019,18:00,864
10/1/2019,0:00,215
10/1/2019,6:00,0
10/1/2019,12:00,106
10/1/2019,18:00,846
10/2/2019,0:00,210
10/2/2019,6:00,0
10/2/2019,12:00,62
10/2/2019,18:00,513
10/3/2019,0:00,35
10/3/2019,6:00,0
10/3/2019,12:00,50
10/3/2019,18:00,717
10/4/2019,0:00,196
10/4/2019,6:00,0
10/4/2019,12:00,31
10/4/2019,18:00,332
10/5/2019,0:00,35
10/5/2019,6:00,0
10/5/2019,12:00,9
10/5/2019,18:00,53
10/6/2019,0:00,6
10/6/2019,6:00,0
10/6/2019,12:00,48
10/6/2019,18:00,400
10/7/2019,0:00,123
10/7/2019,6:00,0
10/7/2019,12:00,134
10/7/2019,18:00,880
10/8/2019,0:00,223
10/8/2019,6:00,0
10/8/2019,12:00,114
10/8/2019,18:00,850
10/9/2019,0:00,221
10/9/2019,6:00,0
10/9/2019,12:00,141
10/9/2019,18:00,890
10/10/2019,0:00,226
10/10/2019,6:00,0
10/10/2019,12:00,141
10/10/2019,18:00,890
10/11/2019,0:00,224
10/11/2019,6:00,0
10/11/2019,12:00,145
10/11/2019,18:00,890
10/12/2019,0:00,223
10/12/2019,6:00,0
10/12/2019,12:00,140
10/12/2019,18:00,880
10/13/2019,0:00,223
10/13/2019,6:00,0
10/13/2019,12:00,142
10/13/2019,18:00,700
10/14/2019,0:00,106
10/14/2019,6:00,0
10/14/2019,12:00,112
10/14/2019,18:00,390
10/15/2019,0:00,42
10/15/2019,6:00,0
10/15/2019,12:00,16
10/15/2019,18:00,260
10/16/2019,0:00,110
10/16/2019,6:00,0
10/16/2019,12:00,132
10/16/2019,18:00,240
10/17/2019,0:00,53
10/17/2019,6:00,0
10/17/2019,12:00,120
10/17/2019,18:00,840
10/18/2019,0:00,219
10/18/2019,6:00,0
10/18/2019,12:00,90
10/18/2019,18:00,390
10/19/2019,0:00,102
10/19/2019,6:00,0
10/19/2019,12:00,50
10/19/2019,18:00,560
10/20/2019,0:00,134
10/20/2019,6:00,0
10/20/2019,12:00,130
10/20/2019,18:00,700
10/21/2019,0:00,70
10/21/2019,6:00,0
10/21/2019,12:00,14
10/21/2019,18:00,310
10/22/2019,0:00,67
10/22/2019,6:00,0
10/22/2019,12:00,145
10/22/2019,18:00,830
10/23/2019,0:00,245
10/23/2019,6:00,0
10/23/2019,12:00,158
10/23/2019,18:00,870
10/24/2019,0:00,226
10/24/2019,6:00,0
10/24/2019,12:00,160
10/24/2019,18:00,940
10/25/2019,0:00,248
10/25/2019,6:00,0
10/25/2019,12:00,170
10/25/2019,18:00,950
10/26/2019,0:00,250
10/26/2019,6:00,0
10/26/2019,12:00,170
10/26/2019,18:00,950
10/27/2019,0:00,243
10/27/2019,6:00,0
10/27/2019,12:00,160
10/27/2019,18:00,440
10/28/2019,0:00,58
10/28/2019,6:00,0
10/28/2019,12:00,130
10/28/2019,18:00,780
10/29/2019,0:00,198
10/29/2019,6:00,0
10/29/2019,12:00,160
10/29/2019,18:00,870
10/30/2019,0:00,189
10/30/2019,6:00,0
10/30/2019,12:00,160
10/30/2019,18:00,890
10/31/2019,0:00,197
10/31/2019,6:00,0
10/31/2019,12:00,90
10/31/2019,18:00,180
11/1/2019,0:00,156
11/1/2019,6:00,0
11/1/2019,12:00,170
11/1/2019,18:00,930
11/2/2019,0:00,249
11/2/2019,6:00,0
11/2/2019,12:00,180
11/2/2019,18:00,900
11/3/2019,0:00,229
11/3/2019,6:00,0
11/3/2019,12:00,150
11/3/2019,18:00,460
11/4/2019,0:00,110
11/4/2019,6:00,0
11/4/2019,12:00,150
11/4/2019,18:00,370
11/5/2019,0:00,184
11/5/2019,6:00,0
11/5/2019,12:00,40
11/5/2019,18:00,310
11/6/2019,0:00,175
11/6/2019,6:00,0
11/6/2019,12:00,180
11/6/2019,18:00,860
11/7/2019,0:00,205
11/7/2019,6:00,0
11/7/2019,12:00,80
11/7/2019,18:00,420
11/8/2019,0:00,234
11/8/2019,6:00,0
11/8/2019,12:00,180
11/8/2019,18:00,940
11/9/2019,0:00,257
11/9/2019,6:00,0
11/9/2019,12:00,180
11/9/2019,18:00,890
11/10/2019,0:00,207
11/10/2019,6:00,0
11/10/2019,12:00,150
11/10/2019,18:00,730
11/11/2019,0:00,256
11/11/2019,6:00,0
11/11/2019,12:00,190
11/11/2019,18:00,930
11/12/2019,0:00,262
11/12/2019,6:00,0
11/12/2019,12:00,170
11/12/2019,18:00,920
11/13/2019,0:00,214
11/13/2019,6:00,0
11/13/2019,12:00,100
11/13/2019,18:00,150
11/14/2019,0:00,26
11/14/2019,6:00,0
11/14/2019,12:00,40
11/14/2019,18:00,700
11/15/2019,0:00,272
11/15/2019,6:00,0
11/15/2019,12:00,190
11/15/2019,18:00,980
11/16/2019,0:00,278
11/16/2019,6:00,0
11/16/2019,12:00,200
11/16/2019,18:00,1010
11/17/2019,0:00,289
11/17/2019,6:00,0
11/17/2019,12:00,200
11/17/2019,18:00,990
11/18/2019,0:00,256
11/18/2019,6:00,0
11/18/2019,12:00,190
11/18/2019,18:00,750
11/19/2019,0:00,169
11/19/2019,6:00,0
11/19/2019,12:00,190
11/19/2019,18:00,810
11/20/2019,0:00,172
11/20/2019,6:00,0
11/20/2019,12:00,190
11/20/2019,18:00,970
11/21/2019,0:00,280
11/21/2019,6:00,0
11/21/2019,12:00,190
11/21/2019,18:00,840
11/22/2019,0:00,255
11/22/2019,6:00,0
11/22/2019,12:00,190
11/22/2019,18:00,950
11/23/2019,0:00,58
11/23/2019,6:00,0
11/23/2019,12:00,190
11/23/2019,18:00,900
11/24/2019,0:00,290
11/24/2019,6:00,0
11/24/2019,12:00,200
11/24/2019,18:00,990
11/25/2019,0:00,290
11/25/2019,6:00,0
11/25/2019,12:00,200
11/25/2019,18:00,980
11/26/2019,0:00,290
11/26/2019,6:00,0
11/26/2019,12:00,140
11/26/2019,18:00,250
11/27/2019,0:00,68
11/27/2019,6:00,0
11/27/2019,12:00,30
11/27/2019,18:00,430
11/28/2019,0:00,242
11/28/2019,6:00,0
11/28/2019,12:00,210
11/28/2019,18:00,1030
11/29/2019,0:00,310
11/29/2019,6:00,0
11/29/2019,12:00,200
11/29/2019,18:00,980
11/30/2019,0:00,270
11/30/2019,6:00,0
11/30/2019,12:00,180
11/30/2019,18:00,800
12/1/2019,0:00,180
12/1/2019,6:00,0
12/1/2019,12:00,100
12/1/2019,18:00,790
12/2/2019,0:00,294
12/2/2019,6:00,0
12/2/2019,12:00,200
12/2/2019,18:00,1010
12/3/2019,0:00,310
12/3/2019,6:00,0
12/3/2019,12:00,190
12/3/2019,18:00,980
12/4/2019,0:00,310
12/4/2019,6:00,0
12/4/2019,12:00,190
12/4/2019,18:00,940
12/5/2019,0:00,270
12/5/2019,6:00,0
12/5/2019,12:00,180
12/5/2019,18:00,990
12/6/2019,0:00,310
12/6/2019,6:00,0
12/6/2019,12:00,200
12/6/2019,18:00,1020
12/7/2019,0:00,320
12/7/2019,6:00,0
12/7/2019,12:00,200
12/7/2019,18:00,1010
12/8/2019,0:00,320
12/8/2019,6:00,0
12/8/2019,12:00,200
12/8/2019,18:00,1000
12/9/2019,0:00,310
12/9/2019,6:00,0
12/9/2019,12:00,190
12/9/2019,18:00,850
12/10/2019,0:00,220
12/10/2019,6:00,0
12/10/2019,12:00,190
12/10/2019,18:00,990
12/11/2019,0:00,270
12/11/2019,6:00,0
12/11/2019,12:00,190
12/11/2019,18:00,880
12/12/2019,0:00,310
12/12/2019,6:00,0
12/12/2019,12:00,190
12/12/2019,18:00,500
12/13/2019,0:00,150
12/13/2019,6:00,0
12/13/2019,12:00,190
12/13/2019,18:00,1000
12/14/2019,0:00,330
12/14/2019,6:00,0
12/14/2019,12:00,180
12/14/2019,18:00,970
12/15/2019,0:00,280
12/15/2019,6:00,0
12/15/2019,12:00,180
12/15/2019,18:00,780
12/16/2019,0:00,140
12/16/2019,6:00,0
12/16/2019,12:00,40
12/16/2019,18:00,610
12/17/2019,0:00,190
12/17/2019,6:00,0
12/17/2019,12:00,160
12/17/2019,18:00,780
12/18/2019,0:00,280
12/18/2019,6:00,0
12/18/2019,12:00,190
12/18/2019,18:00,970
12/19/2019,0:00,320
12/19/2019,6:00,0
12/19/2019,12:00,180
12/19/2019,18:00,920
12/20/2019,0:00,320
12/20/2019,6:00,0
12/20/2019,12:00,180
12/20/2019,18:00,970
12/21/2019,0:00,320
12/21/2019,6:00,0
12/21/2019,12:00,80
12/21/2019,18:00,340
12/22/2019,0:00,180
12/22/2019,6:00,0
12/22/2019,12:00,190
12/22/2019,18:00,990
12/23/2019,0:00,350
12/23/2019,6:00,0
12/23/2019,12:00,190
12/23/2019,18:00,1030
12/24/2019,0:00,350
12/24/2019,6:00,0
12/24/2019,12:00,190
12/24/2019,18:00,1030
12/25/2019,0:00,350
12/25/2019,6:00,0
12/25/2019,12:00,180
12/25/2019,18:00,990
12/26/2019,0:00,310
12/26/2019,6:00,0
12/26/2019,12:00,170
12/26/2019,18:00,920
12/27/2019,0:00,170
12/27/2019,6:00,0
12/27/2019,12:00,170
12/27/2019,18:00,950
12/28/2019,0:00,280
12/28/2019,6:00,0
12/28/2019,12:00,150
12/28/2019,18:00,900
12/29/2019,0:00,303
12/29/2019,6:00,0
12/29/2019,12:00,170
12/29/2019,18:00,860
12/30/2019,0:00,320
12/30/2019,6:00,0
12/30/2019,12:00,150
12/30/2019,18:00,940
12/31/2019,0:00,194
12/31/2019,6:00,0
12/31/2019,12:00,150
12/31/2019,18:00,920
1/1/2020,0:00,193
1/1/2020,6:00,0
1/1/2020,12:00,160
1/1/2020,18:00,820
1/2/2020,0:00,332
1/2/2020,6:00,0
1/2/2020,12:00,90
1/2/2020,18:00,630
1/3/2020,0:00,340
1/3/2020,6:00,0
1/3/2020,12:00,130
1/3/2020,18:00,690
1/4/2020,0:00,342
1/4/2020,6:00,0
1/4/2020,12:00,80
1/4/2020,18:00,830
1/5/2020,0:00,340
1/5/2020,6:00,0
1/5/2020,12:00,170
1/5/2020,18:00,940
1/6/2020,0:00,240
1/6/2020,6:00,0
1/6/2020,12:00,160
1/6/2020,18:00,970
1/7/2020,0:00,150
1/7/2020,6:00,0
1/7/2020,12:00,157
1/7/2020,18:00,910
1/8/2020,0:00,310
1/8/2020,6:00,0
1/8/2020,12:00,160
1/8/2020,18:00,960
1/9/2020,0:00,320
1/9/2020,6:00,0
1/9/2020,12:00,160
1/9/2020,18:00,880
1/10/2020,0:00,330
1/10/2020,6:00,0
1/10/2020,12:00,80
1/10/2020,18:00,900
1/11/2020,0:00,220
1/11/2020,6:00,0
1/11/2020,12:00,150
1/11/2020,18:00,890
1/12/2020,0:00,301
1/12/2020,6:00,0
1/12/2020,12:00,160
1/12/2020,18:00,940
1/13/2020,0:00,290
1/13/2020,6:00,0
1/13/2020,12:00,150
1/13/2020,18:00,940
1/14/2020,0:00,280
1/14/2020,6:00,0
1/14/2020,12:00,20
1/14/2020,18:00,600
1/15/2020,0:00,110
1/15/2020,6:00,0
1/15/2020,12:00,80
1/15/2020,18:00,800
1/16/2020,0:00,180
1/16/2020,6:00,0
1/16/2020,12:00,30
1/16/2020,18:00,70
1/17/2020,0:00,60
1/17/2020,6:00,0
1/17/2020,12:00,160
1/17/2020,18:00,990
1/18/2020,0:00,300
1/18/2020,6:00,0
1/18/2020,12:00,150
1/18/2020,18:00,820
1/19/2020,0:00,307
1/19/2020,6:00,0
1/19/2020,12:00,140
1/19/2020,18:00,940
1/20/2020,0:00,341
1/20/2020,6:00,0
1/20/2020,12:00,130
1/20/2020,18:00,660
1/21/2020,0:00,202
1/21/2020,6:00,0
1/21/2020,12:00,30
1/21/2020,18:00,160
1/22/2020,0:00,41
1/22/2020,6:00,0
1/22/2020,12:00,0
1/22/2020,18:00,20
1/23/2020,0:00,9
1/23/2020,6:00,0
1/23/2020,12:00,30
1/23/2020,18:00,660
1/24/2020,0:00,310
1/24/2020,6:00,0
1/24/2020,12:00,144
1/24/2020,18:00,980
1/25/2020,0:00,351
1/25/2020,6:00,0
1/25/2020,12:00,150
1/25/2020,18:00,990
1/26/2020,0:00,353
1/26/2020,6:00,0
1/26/2020,12:00,140
1/26/2020,18:00,960
1/27/2020,0:00,343
1/27/2020,6:00,0
1/27/2020,12:00,120
1/27/2020,18:00,880
1/28/2020,0:00,303
1/28/2020,6:00,0
1/28/2020,12:00,130
1/28/2020,18:00,940
1/29/2020,0:00,341
1/29/2020,6:00,0
1/29/2020,12:00,110
1/29/2020,18:00,660
1/30/2020,0:00,271
1/30/2020,6:00,0
1/30/2020,12:00,34
1/30/2020,18:00,350
1/31/2020,0:00,193
1/31/2020,6:00,0
1/31/2020,12:00,80
1/31/2020,18:00,870
2/1/2020,0:00,341
2/1/2020,6:00,0
2/1/2020,12:00,130
2/1/2020,18:00,910
2/2/2020,0:00,336
2/2/2020,6:00,0
2/2/2020,12:00,130
2/2/2020,18:00,920
2/3/2020,0:00,333
2/3/2020,6:00,0
2/3/2020,12:00,130
2/3/2020,18:00,900
2/4/2020,0:00,312
2/4/2020,6:00,0
2/4/2020,12:00,130
2/4/2020,18:00,940
2/5/2020,0:00,332
2/5/2020,6:00,0
2/5/2020,12:00,120
2/5/2020,18:00,930
2/6/2020,0:00,323
2/6/2020,6:00,0
2/6/2020,12:00,120
2/6/2020,18:00,930
2/7/2020,0:00,327
2/7/2020,6:00,0
2/7/2020,12:00,120
2/7/2020,18:00,920
2/8/2020,0:00,314
2/8/2020,6:00,0
2/8/2020,12:00,120
2/8/2020,18:00,880
2/9/2020,0:00,307
2/9/2020,6:00,0
2/9/2020,12:00,80
2/9/2020,18:00,530
2/10/2020,0:00,317
2/10/2020,6:00,0
2/10/2020,12:00,120
2/10/2020,18:00,940
2/11/2020,0:00,331
2/11/2020,6:00,0
2/11/2020,12:00,90
2/11/2020,18:00,920
2/12/2020,0:00,322
2/12/2020,6:00,0
2/12/2020,12:00,80
2/12/2020,18:00,920
2/13/2020,0:00,321
2/13/2020,6:00,0
2/13/2020,12:00,118
2/13/2020,18:00,740
2/14/2020,0:00,317
2/14/2020,6:00,0
2/14/2020,12:00,116
2/14/2020,18:00,741
2/15/2020,0:00,122
2/15/2020,6:00,0
2/15/2020,12:00,8
2/15/2020,18:00,629
2/16/2020,0:00,292
2/16/2020,6:00,0
2/16/2020,12:00,71
2/16/2020,18:00,859
2/17/2020,0:00,167
2/17/2020,6:00,0
2/17/2020,12:00,91
2/17/2020,18:00,512
2/18/2020,0:00,235
2/18/2020,6:00,0
2/18/2020,12:00,108
2/18/2020,18:00,490
2/19/2020,0:00,41
2/19/2020,6:00,0
2/19/2020,12:00,96
2/19/2020,18:00,553
2/20/2020,0:00,253
2/20/2020,6:00,0
2/20/2020,12:00,114
2/20/2020,18:00,914
2/21/2020,0:00,307
2/21/2020,6:00,0
2/21/2020,12:00,48
2/21/2020,18:00,889
2/22/2020,0:00,314
2/22/2020,6:00,0
2/22/2020,12:00,116
2/22/2020,18:00,943
2/23/2020,0:00,309
2/23/2020,6:00,0
2/23/2020,12:00,105
2/23/2020,18:00,699
2/24/2020,0:00,295
2/24/2020,6:00,0
2/24/2020,12:00,66
2/24/2020,18:00,883
2/25/2020,0:00,154
2/25/2020,6:00,0
2/25/2020,12:00,101
2/25/2020,18:00,573
2/26/2020,0:00,214
2/26/2020,6:00,0
2/26/2020,12:00,105
2/26/2020,18:00,730
2/27/2020,0:00,297
2/27/2020,6:00,0
2/27/2020,12:00,109
2/27/2020,18:00,910
2/28/2020,0:00,295
2/28/2020,6:00,0
2/28/2020,12:00,110
2/28/2020,18:00,906
2/29/2020,0:00,294
2/29/2020,6:00,0
2/29/2020,12:00,106
2/29/2020,18:00,892
3/1/2020,0:00,265
3/1/2020,6:00,0
3/1/2020,12:00,106
3/1/2020,18:00,904
3/2/2020,0:00,292
3/2/2020,6:00,0
3/2/2020,12:00,104
3/2/2020,18:00,884
3/3/2020,0:00,280
3/3/2020,6:00,0
3/3/2020,12:00,101
3/3/2020,18:00,876
3/4/2020,0:00,279
3/4/2020,6:00,0
3/4/2020,12:00,100
3/4/2020,18:00,881
3/5/2020,0:00,282
3/5/2020,6:00,0
3/5/2020,12:00,102
3/5/2020,18:00,893
3/6/2020,0:00,279
3/6/2020,6:00,0
3/6/2020,12:00,99
3/6/2020,18:00,871
3/7/2020,0:00,274
3/7/2020,6:00,0
3/7/2020,12:00,76
3/7/2020,18:00,724
3/8/2020,0:00,258
3/8/2020,6:00,0
3/8/2020,12:00,95
3/8/2020,18:00,864
3/9/2020,0:00,267
3/9/2020,6:00,0
3/9/2020,12:00,96
3/9/2020,18:00,861
3/10/2020,0:00,263
3/10/2020,6:00,0
3/10/2020,12:00,90
3/10/2020,18:00,851
3/11/2020,0:00,258
3/11/2020,6:00,0
3/11/2020,12:00,90
3/11/2020,18:00,853
3/12/2020,0:00,256
3/12/2020,6:00,0
3/12/2020,12:00,92
3/12/2020,18:00,840
3/13/2020,0:00,249
3/13/2020,6:00,0
3/13/2020,12:00,90
3/13/2020,18:00,812
3/14/2020,0:00,195
3/14/2020,6:00,0
3/14/2020,12:00,90
3/14/2020,18:00,835
3/15/2020,0:00,237
3/15/2020,6:00,0
3/15/2020,12:00,90
3/15/2020,18:00,716
3/16/2020,0:00,93
3/16/2020,6:00,0
3/16/2020,12:00,55
3/16/2020,18:00,732
3/17/2020,0:00,184
3/17/2020,6:00,0
3/17/2020,12:00,86
3/17/2020,18:00,806
3/18/2020,0:00,146
3/18/2020,6:00,0
3/18/2020,12:00,82
3/18/2020,18:00,671
3/19/2020,0:00,77
3/19/2020,6:00,0
3/19/2020,12:00,16
3/19/2020,18:00,639
3/20/2020,0:00,235
3/20/2020,6:00,0
3/20/2020,12:00,88
3/20/2020,18:00,832
3/21/2020,0:00,237
3/21/2020,6:00,0
3/21/2020,12:00,90
3/21/2020,18:00,832
3/22/2020,0:00,236
3/22/2020,6:00,0
3/22/2020,12:00,90
3/22/2020,18:00,825
3/23/2020,0:00,231
3/23/2020,6:00,0
3/23/2020,12:00,84
3/23/2020,18:00,810
3/24/2020,0:00,225
3/24/2020,6:00,0
3/24/2020,12:00,83
3/24/2020,18:00,809
3/25/2020,0:00,225
3/25/2020,6:00,0
3/25/2020,12:00,82
3/25/2020,18:00,802
3/26/2020,0:00,221
3/26/2020,6:00,0
3/26/2020,12:00,82
3/26/2020,18:00,777
3/27/2020,0:00,212
3/27/2020,6:00,0
3/27/2020,12:00,81
3/27/2020,18:00,764
3/28/2020,0:00,193
3/28/2020,6:00,0
3/28/2020,12:00,53
3/28/2020,18:00,283
3/29/2020,0:00,63
3/29/2020,6:00,0
3/29/2020,12:00,74
3/29/2020,18:00,740
3/30/2020,0:00,200
3/30/2020,6:00,0
3/30/2020,12:00,80
3/30/2020,18:00,731
3/31/2020,0:00,79
3/31/2020,6:00,0
3/31/2020,12:00,70
3/31/2020,18:00,713
4/1/2020,0:00,69
4/1/2020,6:00,0
4/1/2020,12:00,60
4/1/2020,18:00,577
4/2/2020,0:00,188
4/2/2020,6:00,0
4/2/2020,12:00,0
4/2/2020,18:00,127
4/3/2020,0:00,123
4/3/2020,6:00,0
4/3/2020,12:00,34
4/3/2020,18:00,643
4/4/2020,0:00,82
4/4/2020,6:00,0
4/4/2020,12:00,80
4/4/2020,18:00,770
4/5/2020,0:00,196
4/5/2020,6:00,0
4/5/2020,12:00,70
4/5/2020,18:00,760
4/6/2020,0:00,161
4/6/2020,6:00,0
4/6/2020,12:00,0
4/6/2020,18:00,164
4/7/2020,0:00,107
4/7/2020,6:00,0
4/7/2020,12:00,70
4/7/2020,18:00,770
4/8/2020,0:00,193
4/8/2020,6:00,0
4/8/2020,12:00,70
4/8/2020,18:00,766
4/9/2020,0:00,180
4/9/2020,6:00,0
4/9/2020,12:00,72
4/9/2020,18:00,757
4/10/2020,0:00,183
4/10/2020,6:00,0
4/10/2020,12:00,70
4/10/2020,18:00,746
4/11/2020,0:00,181
4/11/2020,6:00,0
4/11/2020,12:00,69
4/11/2020,18:00,738
4/12/2020,0:00,178
4/12/2020,6:00,0
4/12/2020,12:00,69
4/12/2020,18:00,739
4/13/2020,0:00,177
4/13/2020,6:00,0
4/13/2020,12:00,65
4/13/2020,18:00,703
4/14/2020,0:00,57
4/14/2020,6:00,0
4/14/2020,12:00,27
4/14/2020,18:00,237
4/15/2020,0:00,61
4/15/2020,6:00,0
4/15/2020,12:00,68
4/15/2020,18:00,736
4/16/2020,0:00,172
4/16/2020,6:00,0
4/16/2020,12:00,65
4/16/2020,18:00,719
4/17/2020,0:00,167
4/17/2020,6:00,0
4/17/2020,12:00,63
4/17/2020,18:00,700
4/18/2020,0:00,157
4/18/2020,6:00,0
4/18/2020,12:00,63
4/18/2020,18:00,700
4/19/2020,0:00,159
4/19/2020,6:00,0
4/19/2020,12:00,62
4/19/2020,18:00,697
4/20/2020,0:00,157
4/20/2020,6:00,0
4/20/2020,12:00,61
4/20/2020,18:00,690
4/21/2020,0:00,154
4/21/2020,6:00,0
4/21/2020,12:00,60
4/21/2020,18:00,687
4/22/2020,0:00,154
4/22/2020,6:00,0
4/22/2020,12:00,60
4/22/2020,18:00,678
4/23/2020,0:00,133
4/23/2020,6:00,0
4/23/2020,12:00,59
4/23/2020,18:00,677
4/24/2020,0:00,148
4/24/2020,6:00,0
4/24/2020,12:00,59
4/24/2020,18:00,676
4/25/2020,0:00,147
4/25/2020,6:00,0
4/25/2020,12:00,57
4/25/2020,18:00,657
4/26/2020,0:00,140
4/26/2020,6:00,0
4/26/2020,12:00,53
4/26/2020,18:00,478
4/27/2020,0:00,71
4/27/2020,6:00,0
4/27/2020,12:00,52
4/27/2020,18:00,604
4/28/2020,0:00,129
4/28/2020,6:00,0
4/28/2020,12:00,52
4/28/2020,18:00,635
4/29/2020,0:00,135
4/29/2020,6:00,0
4/29/2020,12:00,28
4/29/2020,18:00,543
4/30/2020,0:00,76
4/30/2020,6:00,0
4/30/2020,12:00,51
4/30/2020,18:00,626
5/1/2020,0:00,131
5/1/2020,6:00,0
5/1/2020,12:00,10
5/1/2020,18:00,441
5/2/2020,0:00,105
5/2/2020,6:00,0
5/2/2020,12:00,54
5/2/2020,18:00,651
5/3/2020,0:00,136
5/3/2020,6:00,0
5/3/2020,12:00,53
5/3/2020,18:00,651
5/4/2020,0:00,133
5/4/2020,6:00,0
5/4/2020,12:00,49
5/4/2020,18:00,503
5/5/2020,0:00,47
5/5/2020,6:00,0
5/5/2020,12:00,38
5/5/2020,18:00,492
5/6/2020,0:00,60
5/6/2020,6:00,0
5/6/2020,12:00,46
5/6/2020,18:00,637
5/7/2020,0:00,129
5/7/2020,6:00,0
5/7/2020,12:00,50
5/7/2020,18:00,632
5/8/2020,0:00,118
5/8/2020,6:00,0
5/8/2020,12:00,49
5/8/2020,18:00,633
5/9/2020,0:00,127
5/9/2020,6:00,0
5/9/2020,12:00,49
5/9/2020,18:00,620
5/10/2020,0:00,124
5/10/2020,6:00,0
5/10/2020,12:00,47
5/10/2020,18:00,610
5/11/2020,0:00,118
5/11/2020,6:00,0
5/11/2020,12:00,34
5/11/2020,18:00,337
5/12/2020,0:00,87
5/12/2020,6:00,0
5/12/2020,12:00,5
5/12/2020,18:00,37
5/13/2020,0:00,6
5/13/2020,6:00,0
5/13/2020,12:00,7
5/13/2020,18:00,307
5/14/2020,0:00,40
5/14/2020,6:00,0
5/14/2020,12:00,44
5/14/2020,18:00,606
5/15/2020,0:00,119
5/15/2020,6:00,0
5/15/2020,12:00,46
5/15/2020,18:00,615
5/16/2020,0:00,119
5/16/2020,6:00,0
5/16/2020,12:00,42
5/16/2020,18:00,587
5/17/2020,0:00,113
5/17/2020,6:00,0
5/17/2020,12:00,42
5/17/2020,18:00,584
5/18/2020,0:00,112
5/18/2020,6:00,0
5/18/2020,12:00,42
5/18/2020,18:00,583
5/19/2020,0:00,112
5/19/2020,6:00,0
5/19/2020,12:00,41
5/19/2020,18:00,576
5/20/2020,0:00,110
5/20/2020,6:00,0
5/20/2020,12:00,38
5/20/2020,18:00,559
5/21/2020,0:00,105
5/21/2020,6:00,0
5/21/2020,12:00,26
5/21/2020,18:00,272
5/22/2020,0:00,31
5/22/2020,6:00,0
5/22/2020,12:00,3
5/22/2020,18:00,238
5/23/2020,0:00,13
5/23/2020,6:00,0
5/23/2020,12:00,2
5/23/2020,18:00,114
5/24/2020,0:00,5
5/24/2020,6:00,0
5/24/2020,12:00,5
5/24/2020,18:00,191
5/25/2020,0:00,52
5/25/2020,6:00,0
5/25/2020,12:00,37
5/25/2020,18:00,561
5/26/2020,0:00,106
5/26/2020,6:00,0
5/26/2020,12:00,40
5/26/2020,18:00,457
5/27/2020,0:00,102
5/27/2020,6:00,0
5/27/2020,12:00,36
5/27/2020,18:00,554
5/28/2020,0:00,104
5/28/2020,6:00,0
5/28/2020,12:00,40
5/28/2020,18:00,559
5/29/2020,0:00,104
5/29/2020,6:00,0
5/29/2020,12:00,40
5/29/2020,18:00,561
5/30/2020,0:00,104
5/30/2020,6:00,0
5/30/2020,12:00,40
5/30/2020,18:00,554
5/31/2020,0:00,100
5/31/2020,6:00,0
5/31/2020,12:00,0
5/31/2020,18:00,38
6/1/2020,0:00,5
6/1/2020,6:00,0
6/1/2020,12:00,29
6/1/2020,18:00,280
6/2/2020,0:00,19
6/2/2020,6:00,0
6/2/2020,12:00,33
6/2/2020,18:00,548
6/3/2020,0:00,104
6/3/2020,6:00,0
6/3/2020,12:00,35
6/3/2020,18:00,553
6/4/2020,0:00,102
6/4/2020,6:00,0
6/4/2020,12:00,9
6/4/2020,18:00,255
6/5/2020,0:00,17
6/5/2020,6:00,0
6/5/2020,12:00,4
6/5/2020,18:00,142
6/6/2020,0:00,2
6/6/2020,6:00,0
6/6/2020,12:00,0
6/6/2020,18:00,71
6/7/2020,0:00,10
6/7/2020,6:00,0
6/7/2020,12:00,30
6/7/2020,18:00,395
6/8/2020,0:00,70
6/8/2020,6:00,0
6/8/2020,12:00,6
6/8/2020,18:00,205
6/9/2020,0:00,37
6/9/2020,6:00,0
6/9/2020,12:00,10
6/9/2020,18:00,159
6/10/2020,0:00,13
6/10/2020,6:00,0
6/10/2020,12:00,5
6/10/2020,18:00,136
6/11/2020,0:00,66
6/11/2020,6:00,0
6/11/2020,12:00,19
6/11/2020,18:00,253
6/12/2020,0:00,90
6/12/2020,6:00,0
6/12/2020,12:00,28
6/12/2020,18:00,503
6/13/2020,0:00,93
6/13/2020,6:00,0
6/13/2020,12:00,3
6/13/2020,18:00,341
6/14/2020,0:00,88
6/14/2020,6:00,0
6/14/2020,12:00,29
6/14/2020,18:00,544
6/15/2020,0:00,103
6/15/2020,6:00,0
6/15/2020,12:00,20
6/15/2020,18:00,477
6/16/2020,0:00,91
6/16/2020,6:00,0
6/16/2020,12:00,23
6/16/2020,18:00,481
6/17/2020,0:00,80
6/17/2020,6:00,0
6/17/2020,12:00,28
6/17/2020,18:00,511
6/18/2020,0:00,95
6/18/2020,6:00,0
6/18/2020,12:00,17
6/18/2020,18:00,214
6/19/2020,0:00,2
6/19/2020,6:00,0
6/19/2020,12:00,16
6/19/2020,18:00,184
6/20/2020,0:00,13
6/20/2020,6:00,0
6/20/2020,12:00,2
6/20/2020,18:00,280
6/21/2020,0:00,94
6/21/2020,6:00,0
6/21/2020,12:00,27
6/21/2020,18:00,508
6/22/2020,0:00,96
6/22/2020,6:00,0
6/22/2020,12:00,26
6/22/2020,18:00,505
6/23/2020,0:00,97
6/23/2020,6:00,0
6/23/2020,12:00,0
6/23/2020,18:00,445
6/24/2020,0:00,97
6/24/2020,6:00,0
6/24/2020,12:00,30
6/24/2020,18:00,504
6/25/2020,0:00,89
6/25/2020,6:00,0
6/25/2020,12:00,1
6/25/2020,18:00,36
6/26/2020,0:00,3
6/26/2020,6:00,0
6/26/2020,12:00,20
6/26/2020,18:00,414
6/27/2020,0:00,80
6/27/2020,6:00,0
6/27/2020,12:00,26
6/27/2020,18:00,507
6/28/2020,0:00,38
6/28/2020,6:00,0
6/28/2020,12:00,25
6/28/2020,18:00,514
6/29/2020,0:00,101
6/29/2020,6:00,0
6/29/2020,12:00,6
6/29/2020,18:00,47
6/30/2020,0:00,18
6/30/2020,6:00,0
6/30/2020,12:00,2
6/30/2020,18:00,63
7/1/2020,0:00,56
7/1/2020,6:00,0
7/1/2020,12:00,3
7/1/2020,18:00,60
7/2/2020,0:00,9
7/2/2020,6:00,0
7/2/2020,12:00,14
7/2/2020,18:00,321
7/3/2020,0:00,34
7/3/2020,6:00,0
7/3/2020,12:00,28
7/3/2020,18:00,540
7/4/2020,0:00,108
7/4/2020,6:00,0
7/4/2020,12:00,29
7/4/2020,18:00,359
7/5/2020,0:00,57
7/5/2020,6:00,0
7/5/2020,12:00,2
7/5/2020,18:00,248
7/6/2020,0:00,22
7/6/2020,6:00,0
7/6/2020,12:00,10
7/6/2020,18:00,140
7/7/2020,0:00,32
7/7/2020,6:00,0
7/7/2020,12:00,3
7/7/2020,18:00,10
7/8/2020,0:00,2
7/8/2020,6:00,0
7/8/2020,12:00,3
7/8/2020,18:00,76
7/9/2020,0:00,28
7/9/2020,6:00,0
7/9/2020,12:00,28
7/9/2020,18:00,441
7/10/2020,0:00,93
7/10/2020,6:00,0
7/10/2020,12:00,30
7/10/2020,18:00,561
7/11/2020,0:00,111
7/11/2020,6:00,0
7/11/2020,12:00,4
7/11/2020,18:00,135
7/12/2020,0:00,53
7/12/2020,6:00,0
7/12/2020,12:00,4
7/12/2020,18:00,253
7/13/2020,0:00,83
7/13/2020,6:00,0
7/13/2020,12:00,13
7/13/2020,18:00,190
7/14/2020,0:00,16
7/14/2020,6:00,0
7/14/2020,12:00,31
7/14/2020,18:00,570
7/15/2020,0:00,121
7/15/2020,6:00,0
7/15/2020,12:00,32
7/15/2020,18:00,577
7/16/2020,0:00,85
7/16/2020,6:00,0
7/16/2020,12:00,6
7/16/2020,18:00,261
7/17/2020,0:00,3
7/17/2020,6:00,0
7/17/2020,12:00,27
7/17/2020,18:00,454
7/18/2020,0:00,110
7/18/2020,6:00,0
7/18/2020,12:00,29
7/18/2020,18:00,540
7/19/2020,0:00,115
7/19/2020,6:00,0
7/19/2020,12:00,30
7/19/2020,18:00,543
7/20/2020,0:00,116
7/20/2020,6:00,0
7/20/2020,12:00,30
7/20/2020,18:00,532
7/21/2020,0:00,116
7/21/2020,6:00,0
7/21/2020,12:00,24
7/21/2020,18:00,478
7/22/2020,0:00,95
7/22/2020,6:00,0
7/22/2020,12:00,21
7/22/2020,18:00,468
7/23/2020,0:00,99
7/23/2020,6:00,0
7/23/2020,12:00,26
7/23/2020,18:00,518
7/24/2020,0:00,117
7/24/2020,6:00,0
7/24/2020,12:00,17
7/24/2020,18:00,334
7/25/2020,0:00,51
7/25/2020,6:00,0
7/25/2020,12:00,15
7/25/2020,18:00,511
7/26/2020,0:00,104
7/26/2020,6:00,0
7/26/2020,12:00,30
7/26/2020,18:00,561
7/27/2020,0:00,115
7/27/2020,6:00,0
7/27/2020,12:00,11
7/27/2020,18:00,438
7/28/2020,0:00,120
7/28/2020,6:00,0
7/28/2020,12:00,10
7/28/2020,18:00,46
7/29/2020,0:00,41
7/29/2020,6:00,0
7/29/2020,12:00,38
7/29/2020,18:00,617
7/30/2020,0:00,137
7/30/2020,6:00,0
7/30/2020,12:00,38
7/30/2020,18:00,605
7/31/2020,0:00,134
7/31/2020,6:00,0
7/31/2020,12:00,25
7/31/2020,18:00,233
8/1/2020,0:00,17
8/1/2020,6:00,0
8/1/2020,12:00,36
8/1/2020,18:00,585
8/2/2020,0:00,130
8/2/2020,6:00,0
8/2/2020,12:00,38
8/2/2020,18:00,594
8/3/2020,0:00,133
8/3/2020,6:00,0
8/3/2020,12:00,38
8/3/2020,18:00,601
8/4/2020,0:00,135
8/4/2020,6:00,0
8/4/2020,12:00,40
8/4/2020,18:00,608
8/5/2020,0:00,137
8/5/2020,6:00,0
8/5/2020,12:00,41
8/5/2020,18:00,621
8/6/2020,0:00,141
8/6/2020,6:00,0
8/6/2020,12:00,42
8/6/2020,18:00,627
8/7/2020,0:00,142
8/7/2020,6:00,0
8/7/2020,12:00,42
8/7/2020,18:00,620
8/8/2020,0:00,142
8/8/2020,6:00,0
8/8/2020,12:00,43
8/8/2020,18:00,618
8/9/2020,0:00,141
8/9/2020,6:00,0
8/9/2020,12:00,43
8/9/2020,18:00,626
8/10/2020,0:00,144
8/10/2020,6:00,0
8/10/2020,12:00,44
8/10/2020,18:00,622
8/11/2020,0:00,142
8/11/2020,6:00,0
8/11/2020,12:00,8
8/11/2020,18:00,358
8/12/2020,0:00,120
8/12/2020,6:00,0
8/12/2020,12:00,0
8/12/2020,18:00,40
8/13/2020,0:00,6
8/13/2020,6:00,0
8/13/2020,12:00,5
8/13/2020,18:00,304
8/14/2020,0:00,80
8/14/2020,6:00,0
8/14/2020,12:00,48
8/14/2020,18:00,558
8/15/2020,0:00,62
8/15/2020,6:00,0
8/15/2020,12:00,49
8/15/2020,18:00,656
8/16/2020,0:00,134
8/16/2020,6:00,0
8/16/2020,12:00,52
8/16/2020,18:00,669
8/17/2020,0:00,158
8/17/2020,6:00,0
8/17/2020,12:00,54
8/17/2020,18:00,678
8/18/2020,0:00,157
8/18/2020,6:00,0
8/18/2020,12:00,33
8/18/2020,18:00,584
8/19/2020,0:00,148
8/19/2020,6:00,0
8/19/2020,12:00,29
8/19/2020,18:00,603
8/20/2020,0:00,150
8/20/2020,6:00,0
8/20/2020,12:00,54
8/20/2020,18:00,679
8/21/2020,0:00,163
8/21/2020,6:00,0
8/21/2020,12:00,59
8/21/2020,18:00,707
8/22/2020,0:00,167
8/22/2020,6:00,0
8/22/2020,12:00,59
8/22/2020,18:00,703
8/23/2020,0:00,166
8/23/2020,6:00,0
8/23/2020,12:00,60
8/23/2020,18:00,700
8/24/2020,0:00,165
8/24/2020,6:00,0
8/24/2020,12:00,30
8/24/2020,18:00,613
8/25/2020,0:00,156
8/25/2020,6:00,0
8/25/2020,12:00,50
8/25/2020,18:00,672
8/26/2020,0:00,161
8/26/2020,6:00,0
8/26/2020,12:00,60
8/26/2020,18:00,591
8/27/2020,0:00,163
8/27/2020,6:00,0
8/27/2020,12:00,62
8/27/2020,18:00,687
8/28/2020,0:00,164
8/28/2020,6:00,0
8/28/2020,12:00,60
8/28/2020,18:00,689
8/29/2020,0:00,151
8/29/2020,6:00,0
8/29/2020,12:00,63
8/29/2020,18:00,691
8/30/2020,0:00,135
8/30/2020,6:00,0
8/30/2020,12:00,54
8/30/2020,18:00,219
8/31/2020,0:00,43
8/31/2020,6:00,0
8/31/2020,12:00,13
8/31/2020,18:00,326
9/1/2020,0:00,39
9/1/2020,6:00,0
9/1/2020,12:00,53
9/1/2020,18:00,618
9/2/2020,0:00,136
9/2/2020,6:00,0
9/2/2020,12:00,69
9/2/2020,18:00,708
9/3/2020,0:00,59
9/3/2020,6:00,0
9/3/2020,12:00,27
9/3/2020,18:00,255
9/4/2020,0:00,52
9/4/2020,6:00,0
9/4/2020,12:00,78
9/4/2020,18:00,768
9/5/2020,0:00,183
9/5/2020,6:00,0
9/5/2020,12:00,74
9/5/2020,18:00,702
9/6/2020,0:00,168
9/6/2020,6:00,0
9/6/2020,12:00,17
9/6/2020,18:00,346
9/7/2020,0:00,86
9/7/2020,6:00,0
9/7/2020,12:00,7
9/7/2020,18:00,186
9/8/2020,0:00,7
9/8/2020,6:00,0
9/8/2020,12:00,69
9/8/2020,18:00,709
9/9/2020,0:00,152
9/9/2020,6:00,0
9/9/2020,12:00,28
9/9/2020,18:00,360
9/10/2020,0:00,168
9/10/2020,6:00,0
9/10/2020,12:00,82
9/10/2020,18:00,670
9/11/2020,0:00,175
9/11/2020,6:00,0
9/11/2020,12:00,78
9/11/2020,18:00,722
9/12/2020,0:00,162
9/12/2020,6:00,0
9/12/2020,12:00,83
9/12/2020,18:00,190
9/13/2020,0:00,108
9/13/2020,6:00,0
9/13/2020,12:00,70
9/13/2020,18:00,283
9/14/2020,0:00,89
9/14/2020,6:00,0
9/14/2020,12:00,28
9/14/2020,18:00,210
9/15/2020,0:00,72
9/15/2020,6:00,0
9/15/2020,12:00,33
9/15/2020,18:00,442
9/16/2020,0:00,95
9/16/2020,6:00,0
9/16/2020,12:00,4
9/16/2020,18:00,66
9/17/2020,0:00,20
9/17/2020,6:00,0
9/17/2020,12:00,42
9/17/2020,18:00,561
9/18/2020,0:00,191
9/18/2020,6:00,0
9/18/2020,12:00,99
9/18/2020,18:00,763
9/19/2020,0:00,199
9/19/2020,6:00,0
9/19/2020,12:00,102
9/19/2020,18:00,805
9/20/2020,0:00,125
9/20/2020,6:00,0
9/20/2020,12:00,108
9/20/2020,18:00,848
9/21/2020,0:00,209
9/21/2020,6:00,0
9/21/2020,12:00,113
9/21/2020,18:00,860
9/22/2020,0:00,213
9/22/2020,6:00,0
9/22/2020,12:00,110
9/22/2020,18:00,745
9/23/2020,0:00,194
9/23/2020,6:00,0
9/23/2020,12:00,107
9/23/2020,18:00,823
9/24/2020,0:00,202
9/24/2020,6:00,0
9/24/2020,12:00,108
9/24/2020,18:00,832
9/25/2020,0:00,206
9/25/2020,6:00,0
9/25/2020,12:00,90
9/25/2020,18:00,780
9/26/2020,0:00,175
9/26/2020,6:00,0
9/26/2020,12:00,112
9/26/2020,18:00,829
9/27/2020,0:00,199
9/27/2020,6:00,0
9/27/2020,12:00,89
9/27/2020,18:00,706
9/28/2020,0:00,119
9/28/2020,6:00,0
9/28/2020,12:00,80
9/28/2020,18:00,860
9/29/2020,0:00,217
9/29/2020,6:00,0
9/29/2020,12:00,61
9/29/2020,18:00,823
9/30/2020,0:00,191
9/30/2020,6:00,0
9/30/2020,12:00,117
9/30/2020,18:00,828
10/1/2020,0:00,207
10/1/2020,6:00,0
10/1/2020,12:00,76
10/1/2020,18:00,766
10/2/2020,0:00,211
10/2/2020,6:00,0
10/2/2020,12:00,118
10/2/2020,18:00,796
10/3/2020,0:00,186
10/3/2020,6:00,0
10/3/2020,12:00,83
10/3/2020,18:00,456
10/4/2020,0:00,21
10/4/2020,6:00,0
10/4/2020,12:00,125
10/4/2020,18:00,723
10/5/2020,0:00,60
10/5/2020,6:00,0
10/5/2020,12:00,82
10/5/2020,18:00,830
10/6/2020,0:00,215
10/6/2020,6:00,0
10/6/2020,12:00,129
10/6/2020,18:00,865
10/7/2020,0:00,217
10/7/2020,6:00,0
10/7/2020,12:00,105
10/7/2020,18:00,817
10/8/2020,0:00,141
10/8/2020,6:00,0
10/8/2020,12:00,9
10/8/2020,18:00,239
10/9/2020,0:00,91
10/9/2020,6:00,0
10/9/2020,12:00,86
10/9/2020,18:00,530
10/10/2020,0:00,223
10/10/2020,6:00,0
10/10/2020,12:00,143
10/10/2020,18:00,909
10/11/2020,0:00,234
10/11/2020,6:00,0
10/11/2020,12:00,148
10/11/2020,18:00,916
10/12/2020,0:00,234
10/12/2020,6:00,0
10/12/2020,12:00,147
10/12/2020,18:00,905
10/13/2020,0:00,228
10/13/2020,6:00,0
10/13/2020,12:00,149
10/13/2020,18:00,912
10/14/2020,0:00,232
10/14/2020,6:00,0
10/14/2020,12:00,148
10/14/2020,18:00,640
10/15/2020,0:00,140
10/15/2020,6:00,0
10/15/2020,12:00,136
10/15/2020,18:00,880
10/16/2020,0:00,219
10/16/2020,6:00,0
10/16/2020,12:00,150
10/16/2020,18:00,910
10/17/2020,0:00,238
10/17/2020,6:00,0
10/17/2020,12:00,150
10/17/2020,18:00,900
10/18/2020,0:00,208
10/18/2020,6:00,0
10/18/2020,12:00,150
10/18/2020,18:00,920
10/19/2020,0:00,237
10/19/2020,6:00,0
10/19/2020,12:00,160
10/19/2020,18:00,920
10/20/2020,0:00,237
10/20/2020,6:00,0
10/20/2020,12:00,160
10/20/2020,18:00,790
10/21/2020,0:00,232
10/21/2020,6:00,0
10/21/2020,12:00,160
10/21/2020,18:00,910
10/22/2020,0:00,192
10/22/2020,6:00,0
10/22/2020,12:00,160
10/22/2020,18:00,910
10/23/2020,0:00,234
10/23/2020,6:00,0
10/23/2020,12:00,110
10/23/2020,18:00,410
10/24/2020,0:00,78
10/24/2020,6:00,0
10/24/2020,12:00,130
10/24/2020,18:00,790
10/25/2020,0:00,230
10/25/2020,6:00,0
10/25/2020,12:00,166
10/25/2020,18:00,930
10/26/2020,0:00,243
10/26/2020,6:00,0
10/26/2020,12:00,48
10/26/2020,18:00,320
10/27/2020,0:00,55
10/27/2020,6:00,0
10/27/2020,12:00,140
10/27/2020,18:00,900
10/28/2020,0:00,255
10/28/2020,6:00,0
10/28/2020,12:00,180
10/28/2020,18:00,970
10/29/2020,0:00,258
10/29/2020,6:00,0
10/29/2020,12:00,90
10/29/2020,18:00,520
10/30/2020,0:00,123
10/30/2020,6:00,0
10/30/2020,12:00,170
10/30/2020,18:00,870
10/31/2020,0:00,245
10/31/2020,6:00,0
10/31/2020,12:00,170
10/31/2020,18:00,860
11/1/2020,0:00,252
11/1/2020,6:00,0
11/1/2020,12:00,180
11/1/2020,18:00,960
11/2/2020,0:00,261
11/2/2020,6:00,0
11/2/2020,12:00,180
11/2/2020,18:00,970
11/3/2020,0:00,252
11/3/2020,6:00,0
11/3/2020,12:00,180
11/3/2020,18:00,950
11/4/2020,0:00,263
11/4/2020,6:00,0
11/4/2020,12:00,190
11/4/2020,18:00,990
11/5/2020,0:00,273
11/5/2020,6:00,0
11/5/2020,12:00,190
11/5/2020,18:00,1000
11/6/2020,0:00,270
11/6/2020,6:00,0
11/6/2020,12:00,190
11/6/2020,18:00,990
11/7/2020,0:00,270
11/7/2020,6:00,0
11/7/2020,12:00,190
11/7/2020,18:00,980
11/8/2020,0:00,269
11/8/2020,6:00,0
11/8/2020,12:00,180
11/8/2020,18:00,890
11/9/2020,0:00,215
11/9/2020,6:00,0
11/9/2020,12:00,40
11/9/2020,18:00,470
11/10/2020,0:00,67
11/10/2020,6:00,0
11/10/2020,12:00,180
11/10/2020,18:00,820
11/11/2020,0:00,220
11/11/2020,6:00,0
11/11/2020,12:00,180
11/11/2020,18:00,880
11/12/2020,0:00,229
11/12/2020,6:00,0
11/12/2020,12:00,180
11/12/2020,18:00,930
11/13/2020,0:00,268
11/13/2020,6:00,0
11/13/2020,12:00,190
11/13/2020,18:00,970
11/14/2020,0:00,274
11/14/2020,6:00,0
11/14/2020,12:00,190
11/14/2020,18:00,970
11/15/2020,0:00,269
11/15/2020,6:00,0
11/15/2020,12:00,100
11/15/2020,18:00,510
11/16/2020,0:00,194
11/16/2020,6:00,0
11/16/2020,12:00,150
11/16/2020,18:00,920
11/17/2020,0:00,223
11/17/2020,6:00,0
11/17/2020,12:00,200
11/17/2020,18:00,1000
11/18/2020,0:00,290
11/18/2020,6:00,0
11/18/2020,12:00,90
11/18/2020,18:00,640
11/19/2020,0:00,113
11/19/2020,6:00,0
11/19/2020,12:00,200
11/19/2020,18:00,990
11/20/2020,0:00,270
11/20/2020,6:00,0
11/20/2020,12:00,200
11/20/2020,18:00,630
11/21/2020,0:00,93
11/21/2020,6:00,0
11/21/2020,12:00,200
11/21/2020,18:00,1000
11/22/2020,0:00,290
11/22/2020,6:00,0
11/22/2020,12:00,200
11/22/2020,18:00,990
11/23/2020,0:00,290
11/23/2020,6:00,0
11/23/2020,12:00,200
11/23/2020,18:00,990
11/24/2020,0:00,292
11/24/2020,6:00,0
11/24/2020,12:00,200
11/24/2020,18:00,1000
11/25/2020,0:00,292
11/25/2020,6:00,0
11/25/2020,12:00,190
11/25/2020,18:00,860
11/26/2020,0:00,187
11/26/2020,6:00,0
11/26/2020,12:00,70
11/26/2020,18:00,80
11/27/2020,0:00,103
11/27/2020,6:00,0
11/27/2020,12:00,190
11/27/2020,18:00,960
11/28/2020,0:00,272
11/28/2020,6:00,0
11/28/2020,12:00,190
11/28/2020,18:00,960
11/29/2020,0:00,289
11/29/2020,6:00,0
11/29/2020,12:00,150
11/29/2020,18:00,310
11/30/2020,0:00,170
11/30/2020,6:00,0
11/30/2020,12:00,10
11/30/2020,18:00,170
12/1/2020,0:00,45
12/1/2020,6:00,0
12/1/2020,12:00,190
12/1/2020,18:00,750
12/2/2020,0:00,241
12/2/2020,6:00,0
12/2/2020,12:00,170
12/2/2020,18:00,880
12/3/2020,0:00,94
12/3/2020,6:00,0
12/3/2020,12:00,80
12/3/2020,18:00,700
12/4/2020,0:00,300
12/4/2020,6:00,0
12/4/2020,12:00,190
12/4/2020,18:00,1000
12/5/2020,0:00,208
12/5/2020,6:00,0
12/5/2020,12:00,150
12/5/2020,18:00,870
12/6/2020,0:00,120
12/6/2020,6:00,0
12/6/2020,12:00,190
12/6/2020,18:00,770
12/7/2020,0:00,290
12/7/2020,6:00,0
12/7/2020,12:00,190
12/7/2020,18:00,960
12/8/2020,0:00,300
12/8/2020,6:00,0
12/8/2020,12:00,200
12/8/2020,18:00,1010
12/9/2020,0:00,321
12/9/2020,6:00,0
12/9/2020,12:00,200
12/9/2020,18:00,1010
12/10/2020,0:00,323
12/10/2020,6:00,0
12/10/2020,12:00,200
12/10/2020,18:00,1010
12/11/2020,0:00,323
12/11/2020,6:00,0
12/11/2020,12:00,190
12/11/2020,18:00,990
12/12/2020,0:00,320
12/12/2020,6:00,0
12/12/2020,12:00,190
12/12/2020,18:00,920
12/13/2020,0:00,150
12/13/2020,6:00,0
12/13/2020,12:00,190
12/13/2020,18:00,890
12/14/2020,0:00,260
12/14/2020,6:00,0
12/14/2020,12:00,150
12/14/2020,18:00,570
12/15/2020,0:00,200
12/15/2020,6:00,0
12/15/2020,12:00,190
12/15/2020,18:00,990
12/16/2020,0:00,320
12/16/2020,6:00,0
12/16/2020,12:00,160
12/16/2020,18:00,590
12/17/2020,0:00,120
12/17/2020,6:00,0
12/17/2020,12:00,40
12/17/2020,18:00,760
12/18/2020,0:00,80
12/18/2020,6:00,0
12/18/2020,12:00,180
12/18/2020,18:00,780
12/19/2020,0:00,220
12/19/2020,6:00,0
12/19/2020,12:00,140
12/19/2020,18:00,720
12/20/2020,0:00,192
12/20/2020,6:00,0
12/20/2020,12:00,120
12/20/2020,18:00,220
12/21/2020,0:00,150
12/21/2020,6:00,0
12/21/2020,12:00,190
12/21/2020,18:00,1010
12/22/2020,0:00,350
12/22/2020,6:00,0
12/22/2020,12:00,190
12/22/2020,18:00,1040
12/23/2020,0:00,351
12/23/2020,6:00,0
12/23/2020,12:00,190
12/23/2020,18:00,1020
12/24/2020,0:00,345
12/24/2020,6:00,0
12/24/2020,12:00,180
12/24/2020,18:00,1000
12/25/2020,0:00,338
12/25/2020,6:00,0
12/25/2020,12:00,180
12/25/2020,18:00,890
12/26/2020,0:00,195
12/26/2020,6:00,0
12/26/2020,12:00,150
12/26/2020,18:00,720
12/27/2020,0:00,119
12/27/2020,6:00,0
12/27/2020,12:00,90
12/27/2020,18:00,760
12/28/2020,0:00,260
12/28/2020,6:00,0
12/28/2020,12:00,80
12/28/2020,18:00,920
12/29/2020,0:00,210
12/29/2020,6:00,0
12/29/2020,12:00,120
12/29/2020,18:00,900
12/30/2020,0:00,240
12/30/2020,6:00,0
12/30/2020,12:00,150
12/30/2020,18:00,740
12/31/2020,0:00,180
12/31/2020,6:00,0
12/31/2020,12:00,140
12/31/2020,18:00,440
1/1/2021,0:00,260
1/1/2021,6:00,0
1/1/2021,12:00,180
1/1/2021,18:00,1000
1/2/2021,0:00,350
1/2/2021,6:00,0
1/2/2021,12:00,170
1/2/2021,18:00,1000
1/3/2021,0:00,350
1/3/2021,6:00,0
1/3/2021,12:00,170
1/3/2021,18:00,910
1/4/2021,0:00,310
1/4/2021,6:00,0
1/4/2021,12:00,130
1/4/2021,18:00,910
1/5/2021,0:00,190
1/5/2021,6:00,0
1/5/2021,12:00,50
1/5/2021,18:00,560
1/6/2021,0:00,150
1/6/2021,6:00,0
1/6/2021,12:00,162
1/6/2021,18:00,830
1/7/2021,0:00,232
1/7/2021,6:00,0
1/7/2021,12:00,110
1/7/2021,18:00,760
1/8/2021,0:00,240
1/8/2021,6:00,0
1/8/2021,12:00,170
1/8/2021,18:00,1000
1/9/2021,0:00,356
1/9/2021,6:00,0
1/9/2021,12:00,160
1/9/2021,18:00,880
1/10/2021,0:00,244
1/10/2021,6:00,0
1/10/2021,12:00,150
1/10/2021,18:00,810
1/11/2021,0:00,331
1/11/2021,6:00,0
1/11/2021,12:00,150
1/11/2021,18:00,950
1/12/2021,0:00,303
1/12/2021,6:00,0
1/12/2021,12:00,140
1/12/2021,18:00,630
1/13/2021,0:00,110
1/13/2021,6:00,0
1/13/2021,12:00,90
1/13/2021,18:00,740
1/14/2021,0:00,337
1/14/2021,6:00,0
1/14/2021,12:00,90
1/14/2021,18:00,460
1/15/2021,0:00,323
1/15/2021,6:00,0
1/15/2021,12:00,150
1/15/2021,18:00,820
1/16/2021,0:00,289
1/16/2021,6:00,0
1/16/2021,12:00,140
1/16/2021,18:00,830
1/17/2021,0:00,230
1/17/2021,6:00,0
1/17/2021,12:00,70
1/17/2021,18:00,670
1/18/2021,0:00,252
1/18/2021,6:00,0
1/18/2021,12:00,70
1/18/2021,18:00,950
1/19/2021,0:00,356
1/19/2021,6:00,0
1/19/2021,12:00,150
1/19/2021,18:00,720
1/20/2021,0:00,333
1/20/2021,6:00,0
1/20/2021,12:00,40
1/20/2021,18:00,660
1/21/2021,0:00,287
1/21/2021,6:00,0
1/21/2021,12:00,35
1/21/2021,18:00,350
1/22/2021,0:00,105
1/22/2021,6:00,0
1/22/2021,12:00,20
1/22/2021,18:00,410
1/23/2021,0:00,238
1/23/2021,6:00,0
1/23/2021,12:00,140
1/23/2021,18:00,940
1/24/2021,0:00,337
1/24/2021,6:00,0
1/24/2021,12:00,140
1/24/2021,18:00,840
1/25/2021,0:00,317
1/25/2021,6:00,0
1/25/2021,12:00,140
1/25/2021,18:00,940
1/26/2021,0:00,317
1/26/2021,6:00,0
1/26/2021,12:00,120
1/26/2021,18:00,510
1/27/2021,0:00,233
1/27/2021,6:00,0
1/27/2021,12:00,10
1/27/2021,18:00,50
1/28/2021,0:00,165
1/28/2021,6:00,0
1/28/2021,12:00,80
1/28/2021,18:00,720
1/29/2021,0:00,280
1/29/2021,6:00,0
1/29/2021,12:00,130
1/29/2021,18:00,930
1/30/2021,0:00,336
1/30/2021,6:00,0
1/30/2021,12:00,130
1/30/2021,18:00,900
1/31/2021,0:00,275
1/31/2021,6:00,0
1/31/2021,12:00,80
1/31/2021,18:00,510
2/1/2021,0:00,17
2/1/2021,6:00,0
2/1/2021,12:00,130
2/1/2021,18:00,800
2/2/2021,0:00,314
2/2/2021,6:00,0
2/2/2021,12:00,70
2/2/2021,18:00,920
2/3/2021,0:00,214
2/3/2021,6:00,0
2/3/2021,12:00,40
2/3/2021,18:00,330
2/4/2021,0:00,178
2/4/2021,6:00,0
2/4/2021,12:00,4
2/4/2021,18:00,820
2/5/2021,0:00,334
2/5/2021,6:00,0
2/5/2021,12:00,130
2/5/2021,18:00,960
2/6/2021,0:00,341
2/6/2021,6:00,0
2/6/2021,12:00,130
2/6/2021,18:00,970
2/7/2021,0:00,341
2/7/2021,6:00,0
2/7/2021,12:00,130
2/7/2021,18:00,960
2/8/2021,0:00,335
2/8/2021,6:00,0
2/8/2021,12:00,127
2/8/2021,18:00,950
2/9/2021,0:00,332
2/9/2021,6:00,0
2/9/2021,12:00,118
2/9/2021,18:00,840
2/10/2021,0:00,304
2/10/2021,6:00,0
2/10/2021,12:00,86
2/10/2021,18:00,660
2/11/2021,0:00,64
2/11/2021,6:00,0
2/11/2021,12:00,14
2/11/2021,18:00,620
2/12/2021,0:00,295
2/12/2021,6:00,0
2/12/2021,12:00,107
2/12/2021,18:00,670
2/13/2021,0:00,161
2/13/2021,6:00,0
2/13/2021,12:00,111
2/13/2021,18:00,870
2/14/2021,0:00,280
2/14/2021,6:00,0
2/14/2021,12:00,115
2/14/2021,18:00,917
2/15/2021,0:00,314
2/15/2021,6:00,0
2/15/2021,12:00,86
2/15/2021,18:00,770
2/16/2021,0:00,311
2/16/2021,6:00,0
2/16/2021,12:00,114
2/16/2021,18:00,900
2/17/2021,0:00,315
2/17/2021,6:00,0
2/17/2021,12:00,117
2/17/2021,18:00,940
2/18/2021,0:00,322
2/18/2021,6:00,0
2/18/2021,12:00,116
2/18/2021,18:00,925
2/19/2021,0:00,235
2/19/2021,6:00,0
2/19/2021,12:00,114
2/19/2021,18:00,802
2/20/2021,0:00,280
2/20/2021,6:00,0
2/20/2021,12:00,98
2/20/2021,18:00,915
2/21/2021,0:00,298
2/21/2021,6:00,0
2/21/2021,12:00,112
2/21/2021,18:00,898
2/22/2021,0:00,305
2/22/2021,6:00,0
2/22/2021,12:00,102
2/22/2021,18:00,877
2/23/2021,0:00,252
2/23/2021,6:00,0
2/23/2021,12:00,106
2/23/2021,18:00,890
2/24/2021,0:00,261
2/24/2021,6:00,0
2/24/2021,12:00,98
2/24/2021,18:00,846
2/25/2021,0:00,290
2/25/2021,6:00,0
2/25/2021,12:00,107
2/25/2021,18:00,900
2/26/2021,0:00,297
2/26/2021,6:00,0
2/26/2021,12:00,110
2/26/2021,18:00,890
2/27/2021,0:00,284
2/27/2021,6:00,0
2/27/2021,12:00,100
2/27/2021,18:00,889
2/28/2021,0:00,288
2/28/2021,6:00,0
2/28/2021,12:00,105
2/28/2021,18:00,879
3/1/2021,0:00,279
3/1/2021,6:00,0
3/1/2021,12:00,99
3/1/2021,18:00,855
3/2/2021,0:00,272
3/2/2021,6:00,0
3/2/2021,12:00,98
3/2/2021,18:00,852
3/3/2021,0:00,235
3/3/2021,6:00,0
3/3/2021,12:00,48
3/3/2021,18:00,658
3/4/2021,0:00,259
3/4/2021,6:00,0
3/4/2021,12:00,44
3/4/2021,18:00,197
3/5/2021,0:00,227
3/5/2021,6:00,0
3/5/2021,12:00,51
3/5/2021,18:00,670
3/6/2021,0:00,251
3/6/2021,6:00,0
3/6/2021,12:00,97
3/6/2021,18:00,850
3/7/2021,0:00,272
3/7/2021,6:00,0
3/7/2021,12:00,100
3/7/2021,18:00,856
3/8/2021,0:00,269
3/8/2021,6:00,0
3/8/2021,12:00,100
3/8/2021,18:00,876
3/9/2021,0:00,263
3/9/2021,6:00,0
3/9/2021,12:00,90
3/9/2021,18:00,851
3/10/2021,0:00,263
3/10/2021,6:00,0
3/10/2021,12:00,100
3/10/2021,18:00,872
3/11/2021,0:00,268
3/11/2021,6:00,0
3/11/2021,12:00,100
3/11/2021,18:00,873
3/12/2021,0:00,265
3/12/2021,6:00,0
3/12/2021,12:00,100
3/12/2021,18:00,865
3/13/2021,0:00,261
3/13/2021,6:00,0
3/13/2021,12:00,90
3/13/2021,18:00,833
3/14/2021,0:00,233
3/14/2021,6:00,0
3/14/2021,12:00,80
3/14/2021,18:00,831
3/15/2021,0:00,246
3/15/2021,6:00,0
3/15/2021,12:00,89
3/15/2021,18:00,829
3/16/2021,0:00,245
3/16/2021,6:00,0
3/16/2021,12:00,90
3/16/2021,18:00,769
3/17/2021,0:00,216
3/17/2021,6:00,0
3/17/2021,12:00,67
3/17/2021,18:00,637
3/18/2021,0:00,192
3/18/2021,6:00,0
3/18/2021,12:00,83
3/18/2021,18:00,422
3/19/2021,0:00,203
3/19/2021,6:00,0
3/19/2021,12:00,86
3/19/2021,18:00,813
3/20/2021,0:00,207
3/20/2021,6:00,0
3/20/2021,12:00,80
3/20/2021,18:00,754
3/21/2021,0:00,164
3/21/2021,6:00,0
3/21/2021,12:00,20
3/21/2021,18:00,397
3/22/2021,0:00,88
3/22/2021,6:00,0
3/22/2021,12:00,80
3/22/2021,18:00,646.128
3/23/2021,0:00,192.752
3/23/2021,6:00,0
3/23/2021,12:00,25.54
3/23/2021,18:00,447.488
3/24/2021,0:00,141.248
3/24/2021,6:00,0
3/24/2021,12:00,77.14
3/24/2021,18:00,767.392
3/25/2021,0:00,115.008
3/25/2021,6:00,0
3/25/2021,12:00,79.44
3/25/2021,18:00,780.032
3/26/2021,0:00,92.624
3/26/2021,6:00,0
3/26/2021,12:00,70.14
3/26/2021,18:00,597.008
3/27/2021,0:00,61.2
3/27/2021,6:00,0
3/27/2021,12:00,2.7
3/27/2021,18:00,211.408
3/28/2021,0:00,102.992
3/28/2021,6:00,0
3/28/2021,12:00,34.18
3/28/2021,18:00,587.44
3/29/2021,0:00,123.312
3/29/2021,6:00,0
3/29/2021,12:00,30.192
3/29/2021,18:00,718.544
3/30/2021,0:00,205.872
3/30/2021,6:00,0
3/30/2021,12:00,78.112
3/30/2021,18:00,520.048
3/31/2021,0:00,94.224
3/31/2021,6:00,0
3/31/2021,12:00,77.4
3/31/2021,18:00,784.352
4/1/2021,0:00,205.968
4/1/2021,6:00,0
4/1/2021,12:00,77.2
4/1/2021,18:00,779.792
4/2/2021,0:00,201.712
4/2/2021,6:00,0
4/2/2021,12:00,75.488
4/2/2021,18:00,768.288
4/3/2021,0:00,196.016
4/3/2021,6:00,0
4/3/2021,12:00,74.176
4/3/2021,18:00,761.6
4/4/2021,0:00,194.016
4/4/2021,6:00,0
4/4/2021,12:00,72.62
4/4/2021,18:00,691.184
4/5/2021,0:00,42.592
4/5/2021,6:00,0
4/5/2021,12:00,58.48
4/5/2021,18:00,566.736
4/6/2021,0:00,114.128
4/6/2021,6:00,0
4/6/2021,12:00,5.24
4/6/2021,18:00,610.992
4/7/2021,0:00,154.976
4/7/2021,6:00,0
4/7/2021,12:00,71.02
4/7/2021,18:00,746.048
4/8/2021,0:00,184.624
4/8/2021,6:00,0
4/8/2021,12:00,63.5
4/8/2021,18:00,739.376
4/9/2021,0:00,169.808
4/9/2021,6:00,0
4/9/2021,12:00,66.78
4/9/2021,18:00,715.936
4/10/2021,0:00,174.192
4/10/2021,6:00,0
4/10/2021,12:00,66.86
4/10/2021,18:00,714.528
4/11/2021,0:00,170.592
4/11/2021,6:00,0
4/11/2021,12:00,65.952
4/11/2021,18:00,668.96
4/12/2021,0:00,98.48
4/12/2021,6:00,0
4/12/2021,12:00,29.488
4/12/2021,18:00,704.064
4/13/2021,0:00,175.856
4/13/2021,6:00,0
4/13/2021,12:00,68.384
4/13/2021,18:00,715.248
4/14/2021,0:00,143.952
4/14/2021,6:00,0
4/14/2021,12:00,12.048
4/14/2021,18:00,109.232
4/15/2021,0:00,74.288
4/15/2021,6:00,0
4/15/2021,12:00,40.048
4/15/2021,18:00,440.608
4/16/2021,0:00,67.056
4/16/2021,6:00,0
4/16/2021,12:00,28.064
4/16/2021,18:00,78.528
4/17/2021,0:00,115.28
4/17/2021,6:00,0
4/17/2021,12:00,53.712
4/17/2021,18:00,658.912
4/18/2021,0:00,36.304
4/18/2021,6:00,0
4/18/2021,12:00,57.056
4/18/2021,18:00,680.704
4/19/2021,0:00,156.864
4/19/2021,6:00,0
4/19/2021,12:00,60.864
4/19/2021,18:00,690.256
4/20/2021,0:00,155.92
4/20/2021,6:00,0
4/20/2021,12:00,60.528
4/20/2021,18:00,684.56
4/21/2021,0:00,150.016
4/21/2021,6:00,0
4/21/2021,12:00,60.144
4/21/2021,18:00,688.064
4/22/2021,0:00,153.568
4/22/2021,6:00,0
4/22/2021,12:00,52.928
4/22/2021,18:00,676.112
4/23/2021,0:00,144.72
4/23/2021,6:00,0
4/23/2021,12:00,52.576
4/23/2021,18:00,605.904
4/24/2021,0:00,137.344
4/24/2021,6:00,0
4/24/2021,12:00,41.76
4/24/2021,18:00,195.792
4/25/2021,0:00,15.808
4/25/2021,6:00,0
4/25/2021,12:00,32.528
4/25/2021,18:00,443.968
4/26/2021,0:00,56.624
4/26/2021,6:00,0
4/26/2021,12:00,58.208
4/26/2021,18:00,678.16
4/27/2021,0:00,143.424
4/27/2021,6:00,0
4/27/2021,12:00,56.688
4/27/2021,18:00,673.392
4/28/2021,0:00,144.224
4/28/2021,6:00,0
4/28/2021,12:00,57.664
4/28/2021,18:00,682.496
4/29/2021,0:00,145.984
4/29/2021,6:00,0
4/29/2021,12:00,56.4
4/29/2021,18:00,671.088
4/30/2021,0:00,142.64
4/30/2021,6:00,0
4/30/2021,12:00,54.752
4/30/2021,18:00,659.968
5/1/2021,0:00,138.32
5/1/2021,6:00,0
5/1/2021,12:00,52.32
5/1/2021,18:00,643.952
5/2/2021,0:00,133.504
5/2/2021,6:00,0
5/2/2021,12:00,49.6
5/2/2021,18:00,509.952
5/3/2021,0:00,126.416
5/3/2021,6:00,0
5/3/2021,12:00,49.184
5/3/2021,18:00,619.216
5/4/2021,0:00,122.16
5/4/2021,6:00,0
5/4/2021,12:00,48.624
5/4/2021,18:00,491.472
5/5/2021,0:00,74.032
5/5/2021,6:00,0
5/5/2021,12:00,32.736
5/5/2021,18:00,215.024
5/6/2021,0:00,29.92
5/6/2021,6:00,0
5/6/2021,12:00,1.792
5/6/2021,18:00,79.456
5/7/2021,0:00,102.048
5/7/2021,6:00,0
5/7/2021,12:00,50.16
5/7/2021,18:00,638.336
5/8/2021,0:00,129.04
5/8/2021,6:00,0
5/8/2021,12:00,49.472
5/8/2021,18:00,633.072
5/9/2021,0:00,126.224
5/9/2021,6:00,0
5/9/2021,12:00,47.392
5/9/2021,18:00,613.648
5/10/2021,0:00,119.68
5/10/2021,6:00,0
5/10/2021,12:00,44.064
5/10/2021,18:00,397.584
5/11/2021,0:00,111.552
5/11/2021,6:00,0
5/11/2021,12:00,26.048
5/11/2021,18:00,72.432
5/12/2021,0:00,4.064
5/12/2021,6:00,0
5/12/2021,12:00,44.336
5/12/2021,18:00,621.072
5/13/2021,0:00,123.136
5/13/2021,6:00,0
5/13/2021,12:00,47.424
5/13/2021,18:00,624.192
5/14/2021,0:00,121.28
5/14/2021,6:00,0
5/14/2021,12:00,25.472
5/14/2021,18:00,487.312
5/15/2021,0:00,76.656
5/15/2021,6:00,0
5/15/2021,12:00,43.568
5/15/2021,18:00,596.656
5/16/2021,0:00,115.04
5/16/2021,6:00,0
5/16/2021,12:00,41.136
5/16/2021,18:00,518.368
5/17/2021,0:00,99.024
5/17/2021,6:00,0
5/17/2021,12:00,40.04
5/17/2021,18:00,565.248
5/18/2021,0:00,111.248
5/18/2021,6:00,0
5/18/2021,12:00,41.76
5/18/2021,18:00,588.864
5/19/2021,0:00,112.496
5/19/2021,6:00,0
5/19/2021,12:00,41.552
5/19/2021,18:00,586.128
5/20/2021,0:00,109.376
5/20/2021,6:00,0
5/20/2021,12:00,35.984
5/20/2021,18:00,449.68
5/21/2021,0:00,52.864
5/21/2021,6:00,0
5/21/2021,12:00,17.648
5/21/2021,18:00,342.608
5/22/2021,0:00,81.888
5/22/2021,6:00,0
5/22/2021,12:00,17.74
5/22/2021,18:00,344.096
5/23/2021,0:00,106.032
5/23/2021,6:00,0
5/23/2021,12:00,37.856
5/23/2021,18:00,424.528
5/24/2021,0:00,54.016
5/24/2021,6:00,0
5/24/2021,12:00,37.632
5/24/2021,18:00,565.936
5/25/2021,0:00,106.592
5/25/2021,6:00,0
5/25/2021,12:00,38.48
5/25/2021,18:00,575.088
5/26/2021,0:00,108.304
5/26/2021,6:00,0
5/26/2021,12:00,35.744
5/26/2021,18:00,560.944
5/27/2021,0:00,106.56
5/27/2021,6:00,0
5/27/2021,12:00,35.696
5/27/2021,18:00,550.576
5/28/2021,0:00,99.92
5/28/2021,6:00,0
5/28/2021,12:00,5.136
5/28/2021,18:00,318.512
5/29/2021,0:00,94.288
5/29/2021,6:00,0
5/29/2021,12:00,6.336
5/29/2021,18:00,115.888
5/30/2021,0:00,50.816
5/30/2021,6:00,0
5/30/2021,12:00,28.736
5/30/2021,18:00,560.272
5/31/2021,0:00,104.896
5/31/2021,6:00,0
5/31/2021,12:00,35.504
5/31/2021,18:00,560.304
6/1/2021,0:00,103.584
6/1/2021,6:00,0
6/1/2021,12:00,34.32
6/1/2021,18:00,532.592
6/2/2021,0:00,100.752
6/2/2021,6:00,0
6/2/2021,12:00,28.72
6/2/2021,18:00,300.608
6/3/2021,0:00,64.56
6/3/2021,6:00,0
6/3/2021,12:00,31.872
6/3/2021,18:00,530.736
6/4/2021,0:00,96.272
6/4/2021,6:00,0
6/4/2021,12:00,30.448
6/4/2021,18:00,516.896
6/5/2021,0:00,95.888
6/5/2021,6:00,0
6/5/2021,12:00,28.62
6/5/2021,18:00,461.76
6/6/2021,0:00,56.912
6/6/2021,6:00,0
6/6/2021,12:00,0.992
6/6/2021,18:00,125.744
6/7/2021,0:00,41.664
6/7/2021,6:00,0
6/7/2021,12:00,19.74
6/7/2021,18:00,489.936
6/8/2021,0:00,56.944
6/8/2021,6:00,0
6/8/2021,12:00,3.42
6/8/2021,18:00,230.48
6/9/2021,0:00,12.992
6/9/2021,6:00,0
6/9/2021,12:00,5.408
6/9/2021,18:00,313.296
6/10/2021,0:00,24.176
6/10/2021,6:00,0
6/10/2021,12:00,1.552
6/10/2021,18:00,183.76
6/11/2021,0:00,37.12
6/11/2021,6:00,0
6/11/2021,12:00,29.696
6/11/2021,18:00,528.688
6/12/2021,0:00,98.976
6/12/2021,6:00,0
6/12/2021,12:00,29.344
6/12/2021,18:00,522.896
6/13/2021,0:00,97.536
6/13/2021,6:00,0
6/13/2021,12:00,29.456
6/13/2021,18:00,526.976
6/14/2021,0:00,98.848
6/14/2021,6:00,0
6/14/2021,12:00,29.04
6/14/2021,18:00,521.744
6/15/2021,0:00,97.632
6/15/2021,6:00,0
6/15/2021,12:00,27.744
6/15/2021,18:00,454.912
6/16/2021,0:00,70.416
6/16/2021,6:00,0
6/16/2021,12:00,13.136
6/16/2021,18:00,363.008
6/17/2021,0:00,42.048
6/17/2021,6:00,0
6/17/2021,12:00,27.968
6/17/2021,18:00,515.328
6/18/2021,0:00,94.592
6/18/2021,6:00,0
6/18/2021,12:00,3.28
6/18/2021,18:00,347.344
6/19/2021,0:00,73.648
6/19/2021,6:00,0
6/19/2021,12:00,0.74
6/19/2021,18:00,64.496
6/20/2021,0:00,5.792
6/20/2021,6:00,0
6/20/2021,12:00,26.66
6/20/2021,18:00,464
6/21/2021,0:00,40.368
6/21/2021,6:00,0
6/21/2021,12:00,19.136
6/21/2021,18:00,69.408
6/22/2021,0:00,2.944
6/22/2021,6:00,0
6/22/2021,12:00,11.392
6/22/2021,18:00,259.12
6/23/2021,0:00,44.672
6/23/2021,6:00,0
6/23/2021,12:00,3.408
6/23/2021,18:00,91.248
6/24/2021,0:00,18.704
6/24/2021,6:00,0
6/24/2021,12:00,5.632
6/24/2021,18:00,124.16
6/25/2021,0:00,16.688
6/25/2021,6:00,0
6/25/2021,12:00,27.808
6/25/2021,18:00,530.752
6/26/2021,0:00,102.368
6/26/2021,6:00,0
6/26/2021,12:00,11.344
6/26/2021,18:00,227.424
6/27/2021,0:00,48.656
6/27/2021,6:00,0
6/27/2021,12:00,0.704
6/27/2021,18:00,19.216
6/28/2021,0:00,3.968
6/28/2021,6:00,0
6/28/2021,12:00,27.936
6/28/2021,18:00,527.792
6/29/2021,0:00,105.552
6/29/2021,6:00,0
6/29/2021,12:00,26.816
6/29/2021,18:00,503.488
6/30/2021,0:00,104
6/30/2021,6:00,0
6/30/2021,12:00,27.248
6/30/2021,18:00,533.312
7/1/2021,0:00,105.648
7/1/2021,6:00,0
7/1/2021,12:00,27.776
7/1/2021,18:00,537.216
7/2/2021,0:00,107.28
7/2/2021,6:00,0
7/2/2021,12:00,28.112
7/2/2021,18:00,529.616
7/3/2021,0:00,102.768
7/3/2021,6:00,0
7/3/2021,12:00,19.904
7/3/2021,18:00,460.064
7/4/2021,0:00,72.736
7/4/2021,6:00,0
7/4/2021,12:00,21.616
7/4/2021,18:00,455.184
7/5/2021,0:00,89.808
7/5/2021,6:00,0
7/5/2021,12:00,26.336
7/5/2021,18:00,515.088
7/6/2021,0:00,102.528
7/6/2021,6:00,0
7/6/2021,12:00,26.544
7/6/2021,18:00,523.6
7/7/2021,0:00,105.536
7/7/2021,6:00,0
7/7/2021,12:00,27.008
7/7/2021,18:00,523.936
7/8/2021,0:00,105.232
7/8/2021,6:00,0
7/8/2021,12:00,26.688
7/8/2021,18:00,521.888
7/9/2021,0:00,106.704
7/9/2021,6:00,0
7/9/2021,12:00,28.208
7/9/2021,18:00,546.56
7/10/2021,0:00,112.416
7/10/2021,6:00,0
7/10/2021,12:00,28.4
7/10/2021,18:00,519.312
7/11/2021,0:00,100.96
7/11/2021,6:00,0
7/11/2021,12:00,26.848
7/11/2021,18:00,524.768
7/12/2021,0:00,108.048
7/12/2021,6:00,0
7/12/2021,12:00,19.504
7/12/2021,18:00,470.448
7/13/2021,0:00,110.384
7/13/2021,6:00,0
7/13/2021,12:00,12.896
7/13/2021,18:00,324.96
7/14/2021,0:00,66.992
7/14/2021,6:00,0
7/14/2021,12:00,21.408
7/14/2021,18:00,409.776
7/15/2021,0:00,46.224
7/15/2021,6:00,0
7/15/2021,12:00,1.568
7/15/2021,18:00,30.704
7/16/2021,0:00,19.888
7/16/2021,6:00,0
7/16/2021,12:00,29.216
7/16/2021,18:00,443.376
7/17/2021,0:00,116.736
7/17/2021,6:00,0
7/17/2021,12:00,29.392
7/17/2021,18:00,414.512
7/18/2021,0:00,112.416
7/18/2021,6:00,0
7/18/2021,12:00,31.792
7/18/2021,18:00,577.344
7/19/2021,0:00,123.328
7/19/2021,6:00,0
7/19/2021,12:00,31.296
7/19/2021,18:00,573.648
7/20/2021,0:00,122.816
7/20/2021,6:00,0
7/20/2021,12:00,18.88
7/20/2021,18:00,390.784
7/21/2021,0:00,112.176
7/21/2021,6:00,0
7/21/2021,12:00,29.504
7/21/2021,18:00,554.032
7/22/2021,0:00,118.464
7/22/2021,6:00,0
7/22/2021,12:00,30.832
7/22/2021,18:00,558.416
7/23/2021,0:00,120.752
7/23/2021,6:00,0
7/23/2021,12:00,32.24
7/23/2021,18:00,581.808
7/24/2021,0:00,126.08
7/24/2021,6:00,0
7/24/2021,12:00,31.952
7/24/2021,18:00,564.032
7/25/2021,0:00,121.168
7/25/2021,6:00,0
7/25/2021,12:00,31.328
7/25/2021,18:00,525.104
7/26/2021,0:00,52.112
7/26/2021,6:00,0
7/26/2021,12:00,21.648
7/26/2021,18:00,251.12
7/27/2021,0:00,52.032
7/27/2021,6:00,0
7/27/2021,12:00,13.136
7/27/2021,18:00,502.832
7/28/2021,0:00,133.024
7/28/2021,6:00,0
7/28/2021,12:00,35.872
7/28/2021,18:00,597.36
7/29/2021,0:00,125.424
7/29/2021,6:00,0
7/29/2021,12:00,36.784
7/29/2021,18:00,607.36
7/30/2021,0:00,134.544
7/30/2021,6:00,0
7/30/2021,12:00,37.2
7/30/2021,18:00,606.928
7/31/2021,0:00,134.896
7/31/2021,6:00,0
7/31/2021,12:00,36
7/31/2021,18:00,600.864
8/1/2021,0:00,121.136
8/1/2021,6:00,0
8/1/2021,12:00,36.896
8/1/2021,18:00,602.096
8/2/2021,0:00,135.104
8/2/2021,6:00,0
8/2/2021,12:00,38.528
8/2/2021,18:00,613.088
8/3/2021,0:00,139.088
8/3/2021,6:00,0
8/3/2021,12:00,40.048
8/3/2021,18:00,620.624
8/4/2021,0:00,131.056
8/4/2021,6:00,0
8/4/2021,12:00,39.824
8/4/2021,18:00,575.584
8/5/2021,0:00,103.792
8/5/2021,6:00,0
8/5/2021,12:00,22.976
8/5/2021,18:00,507.44
8/6/2021,0:00,85.776
8/6/2021,6:00,0
8/6/2021,12:00,36.816
8/6/2021,18:00,510.064
8/7/2021,0:00,103.712
8/7/2021,6:00,0
8/7/2021,12:00,40.08
8/7/2021,18:00,608.192
8/8/2021,0:00,138.24
8/8/2021,6:00,0
8/8/2021,12:00,41.696
8/8/2021,18:00,619.984
8/9/2021,0:00,142.272
8/9/2021,6:00,0
8/9/2021,12:00,7.552
8/9/2021,18:00,335.872
8/10/2021,0:00,24.384
8/10/2021,6:00,0
8/10/2021,12:00,3.952
8/10/2021,18:00,63.376
8/11/2021,0:00,7.152
8/11/2021,6:00,0
8/11/2021,12:00,43.824
8/11/2021,18:00,558.64
8/12/2021,0:00,149.808
8/12/2021,6:00,0
8/12/2021,12:00,14.32
8/12/2021,18:00,333.2
8/13/2021,0:00,89.136
8/13/2021,6:00,0
8/13/2021,12:00,44.72
8/13/2021,18:00,540.96
8/14/2021,0:00,93.312
8/14/2021,6:00,0
8/14/2021,12:00,9.216
8/14/2021,18:00,161.632
8/15/2021,0:00,113.888
8/15/2021,6:00,0
8/15/2021,12:00,46.384
8/15/2021,18:00,587.248
8/16/2021,0:00,44.608
8/16/2021,6:00,0
8/16/2021,12:00,48.192
8/16/2021,18:00,644.576
8/17/2021,0:00,138.08
8/17/2021,6:00,0
8/17/2021,12:00,48.944
8/17/2021,18:00,643.376
8/18/2021,0:00,106.928
8/18/2021,6:00,0
8/18/2021,12:00,38.656
8/18/2021,18:00,420.448
8/19/2021,0:00,151.744
8/19/2021,6:00,0
8/19/2021,12:00,51.936
8/19/2021,18:00,660.496
8/20/2021,0:00,156.032
8/20/2021,6:00,0
8/20/2021,12:00,53.344
8/20/2021,18:00,648.608
8/21/2021,0:00,84.64
8/21/2021,6:00,0
8/21/2021,12:00,53.872
8/21/2021,18:00,670.56
8/22/2021,0:00,158.944
8/22/2021,6:00,0
8/22/2021,12:00,56.048
8/22/2021,18:00,679.472
8/23/2021,0:00,159.68
8/23/2021,6:00,0
8/23/2021,12:00,54.88
8/23/2021,18:00,458.016
8/24/2021,0:00,146.256
8/24/2021,6:00,0
8/24/2021,12:00,13.152
8/24/2021,18:00,566.032
8/25/2021,0:00,104.64
8/25/2021,6:00,0
8/25/2021,12:00,19.04
8/25/2021,18:00,195.088
8/26/2021,0:00,17.808
8/26/2021,6:00,0
8/26/2021,12:00,24.656
8/26/2021,18:00,237.056
8/27/2021,0:00,60.96
8/27/2021,6:00,0
8/27/2021,12:00,60.784
8/27/2021,18:00,659.6
8/28/2021,0:00,138.272
8/28/2021,6:00,0
8/28/2021,12:00,63.952
8/28/2021,18:00,707.408
8/29/2021,0:00,150.656
8/29/2021,6:00,0
8/29/2021,12:00,63.264
8/29/2021,18:00,695.92
8/30/2021,0:00,90.56
8/30/2021,6:00,0
8/30/2021,12:00,66.368
8/30/2021,18:00,721.216
8/31/2021,0:00,174.112
8/31/2021,6:00,0
8/31/2021,12:00,68.816
8/31/2021,18:00,732.208
9/1/2021,0:00,174.672
9/1/2021,6:00,0
9/1/2021,12:00,70.608
9/1/2021,18:00,739.392
9/2/2021,0:00,166.752
9/2/2021,6:00,0
9/2/2021,12:00,38.096
9/2/2021,18:00,648.368
9/3/2021,0:00,123.664
9/3/2021,6:00,0
9/3/2021,12:00,54.176
9/3/2021,18:00,720.24
9/4/2021,0:00,173.232
9/4/2021,6:00,0
9/4/2021,12:00,66.192
9/4/2021,18:00,679.648
9/5/2021,0:00,51.952
9/5/2021,6:00,0
9/5/2021,12:00,32.976
9/5/2021,18:00,246.64
9/6/2021,0:00,133.472
9/6/2021,6:00,0
9/6/2021,12:00,59.808
9/6/2021,18:00,357.344
9/7/2021,0:00,41.744
9/7/2021,6:00,0
9/7/2021,12:00,45.696
9/7/2021,18:00,473.888
9/8/2021,0:00,97.904
9/8/2021,6:00,0
9/8/2021,12:00,5.232
9/8/2021,18:00,159.728
9/9/2021,0:00,21.68
9/9/2021,6:00,0
9/9/2021,12:00,84.448
9/9/2021,18:00,779.392
9/10/2021,0:00,187.024
9/10/2021,6:00,0
9/10/2021,12:00,85.488
9/10/2021,18:00,737.456
9/11/2021,0:00,188.72
9/11/2021,6:00,0
9/11/2021,12:00,88.112
9/11/2021,18:00,789.696
9/12/2021,0:00,192.672
9/12/2021,6:00,0
9/12/2021,12:00,84.72
9/12/2021,18:00,755.2
9/13/2021,0:00,176.736
9/13/2021,6:00,0
9/13/2021,12:00,59.472
9/13/2021,18:00,640.112
9/14/2021,0:00,113.44
9/14/2021,6:00,0
9/14/2021,12:00,15.232
9/14/2021,18:00,187.232
9/15/2021,0:00,38.272
9/15/2021,6:00,0
9/15/2021,12:00,98.784
9/15/2021,18:00,795.328
9/16/2021,0:00,106.544
9/16/2021,6:00,0
9/16/2021,12:00,87.904
9/16/2021,18:00,416.704
9/17/2021,0:00,17.504
9/17/2021,6:00,0
9/17/2021,12:00,3.952
9/17/2021,18:00,82.64
9/18/2021,0:00,11.008
9/18/2021,6:00,0
9/18/2021,12:00,93.824
9/18/2021,18:00,746.736
9/19/2021,0:00,188.464
9/19/2021,6:00,0
9/19/2021,12:00,53.376
9/19/2021,18:00,558.512
9/20/2021,0:00,154.176
9/20/2021,6:00,0
9/20/2021,12:00,99.264
9/20/2021,18:00,796.976
9/21/2021,0:00,182.096
9/21/2021,6:00,0
9/21/2021,12:00,15.472
9/21/2021,18:00,127.584
9/22/2021,0:00,63.088
9/22/2021,6:00,0
9/22/2021,12:00,112.688
9/22/2021,18:00,800.368
9/23/2021,0:00,166.272
9/23/2021,6:00,0
9/23/2021,12:00,24.16
9/23/2021,18:00,262.736
9/24/2021,0:00,69.904
9/24/2021,6:00,0
9/24/2021,12:00,51.712
9/24/2021,18:00,744.432
9/25/2021,0:00,207.872
9/25/2021,6:00,0
9/25/2021,12:00,115.696
9/25/2021,18:00,854.608
9/26/2021,0:00,210.88
9/26/2021,6:00,0
9/26/2021,12:00,118.704
9/26/2021,18:00,867.584
9/27/2021,0:00,214.944
9/27/2021,6:00,0
9/27/2021,12:00,118.56
9/27/2021,18:00,845.968
9/28/2021,0:00,206.768
9/28/2021,6:00,0
9/28/2021,12:00,113.584
9/28/2021,18:00,502.192
9/29/2021,0:00,36.128
9/29/2021,6:00,0
9/29/2021,12:00,86.32
9/29/2021,18:00,622.304
9/30/2021,0:00,102.8
9/30/2021,6:00,0
9/30/2021,12:00,82.096
9/30/2021,18:00,712.48
10/1/2021,0:00,177.52
10/1/2021,6:00,0
10/1/2021,12:00,28.688
10/1/2021,18:00,192.304
10/2/2021,0:00,64.016
10/2/2021,6:00,0
10/2/2021,12:00,31.2
10/2/2021,18:00,637.648
10/3/2021,0:00,104.544
10/3/2021,6:00,0
10/3/2021,12:00,11.728
10/3/2021,18:00,58.78
10/4/2021,0:00,13.312
10/4/2021,6:00,0
10/4/2021,12:00,13.168
10/4/2021,18:00,290.76
10/5/2021,0:00,158.704
10/5/2021,6:00,0
10/5/2021,12:00,138.144
10/5/2021,18:00,908.016
10/6/2021,0:00,172.464
10/6/2021,6:00,0
10/6/2021,12:00,55.536
10/6/2021,18:00,164.544
10/7/2021,0:00,12.256
10/7/2021,6:00,0
10/7/2021,12:00,62.944
10/7/2021,18:00,889.632
10/8/2021,0:00,222.512
10/8/2021,6:00,0
10/8/2021,12:00,28.816
10/8/2021,18:00,126
10/9/2021,0:00,6.368
10/9/2021,6:00,0
10/9/2021,12:00,46.28
10/9/2021,18:00,125.504
10/10/2021,0:00,9.808
10/10/2021,6:00,0
10/10/2021,12:00,20.528
10/10/2021,18:00,616.8
10/11/2021,0:00,111.984
10/11/2021,6:00,0
10/11/2021,12:00,13.92
10/11/2021,18:00,430.16
10/12/2021,0:00,146.032
10/12/2021,6:00,0
10/12/2021,12:00,104.44
10/12/2021,18:00,896.34
10/13/2021,0:00,228.48
10/13/2021,6:00,0
10/13/2021,12:00,110.8
10/13/2021,18:00,751.96
10/14/2021,0:00,205.52
10/14/2021,6:00,0
10/14/2021,12:00,97.824
10/14/2021,18:00,349.44
10/15/2021,0:00,207.184
10/15/2021,6:00,0
10/15/2021,12:00,8.04
10/15/2021,18:00,96.42
10/16/2021,0:00,33.072
10/16/2021,6:00,0
10/16/2021,12:00,16
10/16/2021,18:00,220.08
10/17/2021,0:00,52.992
10/17/2021,6:00,0
10/17/2021,12:00,111.68
10/17/2021,18:00,850.42
10/18/2021,0:00,201.952
10/18/2021,6:00,0
10/18/2021,12:00,141.7
10/18/2021,18:00,923.16
10/19/2021,0:00,236.592
10/19/2021,6:00,0
10/19/2021,12:00,158.352
10/19/2021,18:00,931.86
10/20/2021,0:00,244.272
10/20/2021,6:00,0
10/20/2021,12:00,162.56
10/20/2021,18:00,932.64
10/21/2021,0:00,239.664
10/21/2021,6:00,0
10/21/2021,12:00,161.824
10/21/2021,18:00,928.58
10/22/2021,0:00,241.92
10/22/2021,6:00,0
10/22/2021,12:00,164.44
10/22/2021,18:00,937.02
10/23/2021,0:00,243.216
10/23/2021,6:00,0
10/23/2021,12:00,62.56
10/23/2021,18:00,142.1
10/24/2021,0:00,7.968
10/24/2021,6:00,0
10/24/2021,12:00,87.296
10/24/2021,18:00,822.08
10/25/2021,0:00,251.68
10/25/2021,6:00,0
10/25/2021,12:00,174.98
10/25/2021,18:00,964.74
10/26/2021,0:00,250.912
10/26/2021,6:00,0
10/26/2021,12:00,172.4
10/26/2021,18:00,954.44
10/27/2021,0:00,248.656
10/27/2021,6:00,0
10/27/2021,12:00,171.888
10/27/2021,18:00,949.98
10/28/2021,0:00,250.24
10/28/2021,6:00,0
10/28/2021,12:00,173.136
10/28/2021,18:00,926.62
10/29/2021,0:00,238.608
10/29/2021,6:00,0
10/29/2021,12:00,64.82
10/29/2021,18:00,817.08
10/30/2021,0:00,195.92
10/30/2021,6:00,0
10/30/2021,12:00,148.18
10/30/2021,18:00,527.74
10/31/2021,0:00,111.056
10/31/2021,6:00,0
10/31/2021,12:00,151
10/31/2021,18:00,916.12
11/1/2021,0:00,93.904
11/1/2021,6:00,0
11/1/2021,12:00,176.66
11/1/2021,18:00,937.8
11/2/2021,0:00,131.936
11/2/2021,6:00,0
11/2/2021,12:00,175.72
11/2/2021,18:00,923.74
11/3/2021,0:00,72.256
11/3/2021,6:00,0
11/3/2021,12:00,158.42
11/3/2021,18:00,840.68
11/4/2021,0:00,245.84
11/4/2021,6:00,0
11/4/2021,12:00,161.72
11/4/2021,18:00,716
11/5/2021,0:00,157.76
11/5/2021,6:00,0
11/5/2021,12:00,177.84
11/5/2021,18:00,869.24
11/6/2021,0:00,73.424
11/6/2021,6:00,0
11/6/2021,12:00,93.28
11/6/2021,18:00,401.18
11/7/2021,0:00,105.856
11/7/2021,6:00,0
11/7/2021,12:00,143.02
11/7/2021,18:00,509.58
11/8/2021,0:00,69.936
11/8/2021,6:00,0
11/8/2021,12:00,184.08
11/8/2021,18:00,956.28
11/9/2021,0:00,264.512
11/9/2021,6:00,0
11/9/2021,12:00,192.04
11/9/2021,18:00,989.78
11/10/2021,0:00,275.136
11/10/2021,6:00,0
11/10/2021,12:00,191.16
11/10/2021,18:00,932.6
11/11/2021,0:00,190.816
11/11/2021,6:00,0
11/11/2021,12:00,162.54
11/11/2021,18:00,933.26
11/12/2021,0:00,143.136
11/12/2021,6:00,0
11/12/2021,12:00,185.18
11/12/2021,18:00,955.72
11/13/2021,0:00,81.888
11/13/2021,6:00,0
11/13/2021,12:00,185.52
11/13/2021,18:00,955.5
11/14/2021,0:00,272.368
11/14/2021,6:00,0
11/14/2021,12:00,190.22
11/14/2021,18:00,806.86
11/15/2021,0:00,172.848
11/15/2021,6:00,0
11/15/2021,12:00,103.46
11/15/2021,18:00,954.06
11/16/2021,0:00,175.312
11/16/2021,6:00,0
11/16/2021,12:00,180.92
11/16/2021,18:00,648.76
11/17/2021,0:00,45.056
11/17/2021,6:00,0
11/17/2021,12:00,33.54
11/17/2021,18:00,89.78
11/18/2021,0:00,38.096
11/18/2021,6:00,0
11/18/2021,12:00,37.2
11/18/2021,18:00,497.8
11/19/2021,0:00,102.368
11/19/2021,6:00,0
11/19/2021,12:00,200.24
11/19/2021,18:00,1002.66
11/20/2021,0:00,289.168
11/20/2021,6:00,0
11/20/2021,12:00,202.42
11/20/2021,18:00,1000.38
11/21/2021,0:00,289.568
11/21/2021,6:00,0
11/21/2021,12:00,198.94
11/21/2021,18:00,994.42
11/22/2021,0:00,289.712
11/22/2021,6:00,0
11/22/2021,12:00,195.8
11/22/2021,18:00,982.88
11/23/2021,0:00,282.864
11/23/2021,6:00,0
11/23/2021,12:00,182.86
11/23/2021,18:00,929.76
11/24/2021,0:00,283.888
11/24/2021,6:00,0
11/24/2021,12:00,202.58
11/24/2021,18:00,1006.74
11/25/2021,0:00,295.184
11/25/2021,6:00,0
11/25/2021,12:00,190.5
11/25/2021,18:00,554.92
11/26/2021,0:00,37.6
11/26/2021,6:00,0
11/26/2021,12:00,106.1
11/26/2021,18:00,286
11/27/2021,0:00,119.856
11/27/2021,6:00,0
11/27/2021,12:00,194.72
11/27/2021,18:00,789.02
11/28/2021,0:00,295.712
11/28/2021,6:00,0
11/28/2021,12:00,93.18
11/28/2021,18:00,474.54
11/29/2021,0:00,89.48
11/29/2021,6:00,0
11/29/2021,12:00,201.56
11/29/2021,18:00,1007.9
11/30/2021,0:00,153.728
11/30/2021,6:00,0
11/30/2021,12:00,197.96
11/30/2021,18:00,1002.44
12/1/2021,0:00,307.04
12/1/2021,6:00,0
12/1/2021,12:00,199.12
12/1/2021,18:00,1004.16
12/2/2021,0:00,307.504
12/2/2021,6:00,0
12/2/2021,12:00,197.82
12/2/2021,18:00,1002.12
12/3/2021,0:00,310.128
12/3/2021,6:00,0
12/3/2021,12:00,197.86
12/3/2021,18:00,1004.36
12/4/2021,0:00,310.112
12/4/2021,6:00,0
12/4/2021,12:00,190.22
12/4/2021,18:00,972.58
12/5/2021,0:00,294.74
12/5/2021,6:00,0
12/5/2021,12:00,115.62
12/5/2021,18:00,897.74
12/6/2021,0:00,305.08
12/6/2021,6:00,0
12/6/2021,12:00,193.18
12/6/2021,18:00,997.22
12/7/2021,0:00,292.5
12/7/2021,6:00,0
12/7/2021,12:00,194.02
12/7/2021,18:00,996.16
12/8/2021,0:00,315.02
12/8/2021,6:00,0
12/8/2021,12:00,200.06
12/8/2021,18:00,1030.78
12/9/2021,0:00,325.54
12/9/2021,6:00,0
12/9/2021,12:00,199.22
12/9/2021,18:00,1019.1
12/10/2021,0:00,323.32
12/10/2021,6:00,0
12/10/2021,12:00,197.38
12/10/2021,18:00,1008.46
12/11/2021,0:00,309.712
12/11/2021,6:00,0
12/11/2021,12:00,92.04
12/11/2021,18:00,640.22
12/12/2021,0:00,78.544
12/12/2021,6:00,0
12/12/2021,12:00,111.24
12/12/2021,18:00,729.28
12/13/2021,0:00,315.6
12/13/2021,6:00,0
12/13/2021,12:00,175.6
12/13/2021,18:00,577.76
12/14/2021,0:00,64.66
12/14/2021,6:00,0
12/14/2021,12:00,84.74
12/14/2021,18:00,510.66
12/15/2021,0:00,152.62
12/15/2021,6:00,0
12/15/2021,12:00,125.12
12/15/2021,18:00,712.86
12/16/2021,0:00,63.3
12/16/2021,6:00,0
12/16/2021,12:00,179.02
12/16/2021,18:00,986.96
12/17/2021,0:00,327.18
12/17/2021,6:00,0
12/17/2021,12:00,194.54
12/17/2021,18:00,1018.94
12/18/2021,0:00,332.64
12/18/2021,6:00,0
12/18/2021,12:00,181.92
12/18/2021,18:00,673.06
12/19/2021,0:00,297.54
12/19/2021,6:00,0
12/19/2021,12:00,182
12/19/2021,18:00,977.76
12/20/2021,0:00,311.22
12/20/2021,6:00,0
12/20/2021,12:00,163.48
12/20/2021,18:00,928.78
12/21/2021,0:00,194.5
12/21/2021,6:00,0
12/21/2021,12:00,179.64
12/21/2021,18:00,960.98
12/22/2021,0:00,241.96
12/22/2021,6:00,0
12/22/2021,12:00,179.48
12/22/2021,18:00,792.44
12/23/2021,0:00,239.6
12/23/2021,6:00,0
12/23/2021,12:00,191.92
12/23/2021,18:00,1027.16
12/24/2021,0:00,345.62
12/24/2021,6:00,0
12/24/2021,12:00,184.72
12/24/2021,18:00,1008.8
12/25/2021,0:00,342.3
12/25/2021,6:00,0
12/25/2021,12:00,181.46
12/25/2021,18:00,1000.34
12/26/2021,0:00,342.42
12/26/2021,6:00,0
12/26/2021,12:00,167.6
12/26/2021,18:00,983.42
12/27/2021,0:00,337.648
12/27/2021,6:00,0
12/27/2021,12:00,180.46
12/27/2021,18:00,1019.12
12/28/2021,0:00,352.096
12/28/2021,6:00,0
12/28/2021,12:00,180.92
12/28/2021,18:00,1011.28
12/29/2021,0:00,351.168
12/29/2021,6:00,0
12/29/2021,12:00,134.62
12/29/2021,18:00,827.98
12/30/2021,0:00,243.152
12/30/2021,6:00,0
12/30/2021,12:00,170.86
12/30/2021,18:00,892.86
12/31/2021,0:00,190.304
12/31/2021,6:00,0
12/31/2021,12:00,170.2
12/31/2021,18:00,978.7
1/1/2022,0:00,267.32
1/1/2022,6:00,0
1/1/2022,12:00,172.46
1/1/2022,18:00,994.64
1/2/2022,0:00,340.82
1/2/2022,6:00,0
1/2/2022,12:00,163.4
1/2/2022,18:00,743.4
1/3/2022,0:00,207.312
1/3/2022,6:00,0
1/3/2022,12:00,150.88
1/3/2022,18:00,567.7
1/4/2022,0:00,145.744
1/4/2022,6:00,0
1/4/2022,12:00,39
1/4/2022,18:00,889.52
1/5/2022,0:00,194.94
1/5/2022,6:00,0
1/5/2022,12:00,160.62
1/5/2022,18:00,872.96
1/6/2022,0:00,238.32
1/6/2022,6:00,0
1/6/2022,12:00,163.02
1/6/2022,18:00,687.22
1/7/2022,0:00,254.94
1/7/2022,6:00,0
1/7/2022,12:00,162.96
1/7/2022,18:00,859.92
1/8/2022,0:00,311.68
1/8/2022,6:00,0
1/8/2022,12:00,127.84
1/8/2022,18:00,973.24
1/9/2022,0:00,285.472
1/9/2022,6:00,0
1/9/2022,12:00,164.352
1/9/2022,18:00,1003.02
1/10/2022,0:00,352.304
1/10/2022,6:00,0
1/10/2022,12:00,162.26
1/10/2022,18:00,993.52
1/11/2022,0:00,354.736
1/11/2022,6:00,0
1/11/2022,12:00,159.472
1/11/2022,18:00,984.88
1/12/2022,0:00,352.384
1/12/2022,6:00,0
1/12/2022,12:00,166.08
1/12/2022,18:00,1022.68
1/13/2022,0:00,370.66
1/13/2022,6:00,0
1/13/2022,12:00,163.824
1/13/2022,18:00,996.78
1/14/2022,0:00,341.36
1/14/2022,6:00,0
1/14/2022,12:00,139.52
1/14/2022,18:00,783.82
1/15/2022,0:00,275.248
1/15/2022,6:00,0
1/15/2022,12:00,103.168
1/15/2022,18:00,624.72
1/16/2022,0:00,217.856
1/16/2022,6:00,0
1/16/2022,12:00,144.64
1/16/2022,18:00,938.2
1/17/2022,0:00,199.648
1/17/2022,6:00,0
1/17/2022,12:00,147.64
1/17/2022,18:00,963.7
1/18/2022,0:00,346.528
1/18/2022,6:00,0
1/18/2022,12:00,143.696
1/18/2022,18:00,807.08
1/19/2022,0:00,252.496
1/19/2022,6:00,0
1/19/2022,12:00,145.48
1/19/2022,18:00,687.56
1/20/2022,0:00,249.808
1/20/2022,6:00,0
1/20/2022,12:00,143.34
1/20/2022,18:00,680.84
1/21/2022,0:00,165.04
1/21/2022,6:00,0
1/21/2022,12:00,142.32
1/21/2022,18:00,856.86
1/22/2022,0:00,188.24
1/22/2022,6:00,0
1/22/2022,12:00,136.64
1/22/2022,18:00,815.4
1/23/2022,0:00,80.192
1/23/2022,6:00,0
1/23/2022,12:00,138.02
1/23/2022,18:00,744.72
1/24/2022,0:00,185.6
1/24/2022,6:00,0
1/24/2022,12:00,115.728
1/24/2022,18:00,681.64
1/25/2022,0:00,200.336
1/25/2022,6:00,0
1/25/2022,12:00,133.22
1/25/2022,18:00,742.04
1/26/2022,0:00,168.24
1/26/2022,6:00,0
1/26/2022,12:00,112.82
1/26/2022,18:00,838.36
1/27/2022,0:00,182.24
1/27/2022,6:00,0
1/27/2022,12:00,37.48
1/27/2022,18:00,88.04
1/28/2022,0:00,75.888
1/28/2022,6:00,0
1/28/2022,12:00,33.4
1/28/2022,18:00,234.26
1/29/2022,0:00,113.808
1/29/2022,6:00,0
1/29/2022,12:00,135.12
1/29/2022,18:00,699.14
1/30/2022,0:00,142.32
1/30/2022,6:00,0
1/30/2022,12:00,131.84
1/30/2022,18:00,876.62
1/31/2022,0:00,280.992
1/31/2022,6:00,0
1/31/2022,12:00,133.22
1/31/2022,18:00,967.42
2/1/2022,0:00,350.528
2/1/2022,6:00,0
2/1/2022,12:00,134.84
2/1/2022,18:00,970.42
2/2/2022,0:00,345.072
2/2/2022,6:00,0
2/2/2022,12:00,133.38
2/2/2022,18:00,957.94
2/3/2022,0:00,334.992
2/3/2022,6:00,0
2/3/2022,12:00,118.44
2/3/2022,18:00,793.54
2/4/2022,0:00,126.208
2/4/2022,6:00,0
2/4/2022,12:00,52.08
2/4/2022,18:00,389.34
2/5/2022,0:00,283.792
2/5/2022,6:00,0
2/5/2022,12:00,34.32
2/5/2022,18:00,300.82
2/6/2022,0:00,112.448
2/6/2022,6:00,0
2/6/2022,12:00,127.54
2/6/2022,18:00,954.42
2/7/2022,0:00,342.16
2/7/2022,6:00,0
2/7/2022,12:00,132.68
2/7/2022,18:00,980.94
2/8/2022,0:00,346.208
2/8/2022,6:00,0
2/8/2022,12:00,128.864
2/8/2022,18:00,965.08
2/9/2022,0:00,341.168
2/9/2022,6:00,0
2/9/2022,12:00,127.44
2/9/2022,18:00,961.98
2/10/2022,0:00,337.2
2/10/2022,6:00,0
2/10/2022,12:00,123.904
2/10/2022,18:00,947.8
2/11/2022,0:00,236.576
2/11/2022,6:00,0
2/11/2022,12:00,119.02
2/11/2022,18:00,822.42
2/12/2022,0:00,274.016
2/12/2022,6:00,0
2/12/2022,12:00,118.38
2/12/2022,18:00,848.34
2/13/2022,0:00,118.016
2/13/2022,6:00,0
2/13/2022,12:00,25.2
2/13/2022,18:00,440.36
2/14/2022,0:00,121.872
2/14/2022,6:00,0
2/14/2022,12:00,123.568
2/14/2022,18:00,965.92
2/15/2022,0:00,334.736
2/15/2022,6:00,0
2/15/2022,12:00,122.944
2/15/2022,18:00,954.9
2/16/2022,0:00,327.216
2/16/2022,6:00,0
2/16/2022,12:00,121.728
2/16/2022,18:00,951.392
2/17/2022,0:00,325.76
2/17/2022,6:00,0
2/17/2022,12:00,106.768
2/17/2022,18:00,922.72
2/18/2022,0:00,317.696
2/18/2022,6:00,0
2/18/2022,12:00,116.08
2/18/2022,18:00,933.26
2/19/2022,0:00,319.504
2/19/2022,6:00,0
2/19/2022,12:00,114.14
2/19/2022,18:00,925.94
2/20/2022,0:00,315.84
2/20/2022,6:00,0
2/20/2022,12:00,109.62
2/20/2022,18:00,632.02
2/21/2022,0:00,139.536
2/21/2022,6:00,0
2/21/2022,12:00,101.456
2/21/2022,18:00,710.76
2/22/2022,0:00,206.016
2/22/2022,6:00,0
2/22/2022,12:00,71.472
2/22/2022,18:00,615.28
2/23/2022,0:00,131.76
2/23/2022,6:00,0
2/23/2022,12:00,108.032
2/23/2022,18:00,906.1
2/24/2022,0:00,302.688
2/24/2022,6:00,0
2/24/2022,12:00,108.032
2/24/2022,18:00,897.06
2/25/2022,0:00,284.608
2/25/2022,6:00,0
2/25/2022,12:00,58.112
2/25/2022,18:00,572.66
2/26/2022,0:00,197.664
2/26/2022,6:00,0
2/26/2022,12:00,103.28
2/26/2022,18:00,886.128
2/27/2022,0:00,248.544
2/27/2022,6:00,0
2/27/2022,12:00,101.92
2/27/2022,18:00,772.688
2/28/2022,0:00,188.144
2/28/2022,6:00,0
2/28/2022,12:00,100.768
2/28/2022,18:00,642.432
3/1/2022,0:00,103.136
3/1/2022,6:00,0
3/1/2022,12:00,30.9
3/1/2022,18:00,646.784
3/2/2022,0:00,229.92
3/2/2022,6:00,0
3/2/2022,12:00,84.4
3/2/2022,18:00,782.368
3/3/2022,0:00,171.696
3/3/2022,6:00,0
3/3/2022,12:00,100.3
3/3/2022,18:00,877.632
3/4/2022,0:00,278.656
3/4/2022,6:00,0
3/4/2022,12:00,97.92
3/4/2022,18:00,860.064
3/5/2022,0:00,174.512
3/5/2022,6:00,0
3/5/2022,12:00,96.02
3/5/2022,18:00,840.512
3/6/2022,0:00,112.272
3/6/2022,6:00,0
3/6/2022,12:00,82.42
3/6/2022,18:00,580.8
3/7/2022,0:00,140.4
3/7/2022,6:00,0
3/7/2022,12:00,92.66
3/7/2022,18:00,674.272
3/8/2022,0:00,168.832
3/8/2022,6:00,0
3/8/2022,12:00,91.62
3/8/2022,18:00,779.712
3/9/2022,0:00,59.024
3/9/2022,6:00,0
3/9/2022,12:00,35.26
3/9/2022,18:00,750.496
3/10/2022,0:00,122.096
3/10/2022,6:00,0
3/10/2022,12:00,82.02
3/10/2022,18:00,690.976
3/11/2022,0:00,167.552
3/11/2022,6:00,0
3/11/2022,12:00,10.38
3/11/2022,18:00,65.136
3/12/2022,0:00,40.624
3/12/2022,6:00,0
3/12/2022,12:00,92.38
3/12/2022,18:00,799.984
3/13/2022,0:00,85.232
3/13/2022,6:00,0
3/13/2022,12:00,46.44
3/13/2022,18:00,325.248
3/14/2022,0:00,144.096
3/14/2022,6:00,0
3/14/2022,12:00,31.48
3/14/2022,18:00,715.632
3/15/2022,0:00,250.64
3/15/2022,6:00,0
3/15/2022,12:00,75.1
3/15/2022,18:00,771.168
3/16/2022,0:00,174.752
3/16/2022,6:00,0
3/16/2022,12:00,86.24
3/16/2022,18:00,820.992
3/17/2022,0:00,213.92
3/17/2022,6:00,0
3/17/2022,12:00,85.872
3/17/2022,18:00,805.264
3/18/2022,0:00,202.992
3/18/2022,6:00,0
3/18/2022,12:00,65.264
3/18/2022,18:00,739.344
3/19/2022,0:00,64.64
3/19/2022,6:00,0
3/19/2022,12:00,18.96
3/19/2022,18:00,381.712
3/20/2022,0:00,100.064
3/20/2022,6:00,0
3/20/2022,12:00,89.568
3/20/2022,18:00,846.16
3/21/2022,0:00,241.104
3/21/2022,6:00,0
3/21/2022,12:00,84.82
3/21/2022,18:00,814.832
3/22/2022,0:00,229.808
3/22/2022,6:00,0
3/22/2022,12:00,83.856
3/22/2022,18:00,797.616
3/23/2022,0:00,136.72
3/23/2022,6:00,0
3/23/2022,12:00,16.98
3/23/2022,18:00,319.136
3/24/2022,0:00,47.584
3/24/2022,6:00,0
3/24/2022,12:00,1.376
3/24/2022,18:00,236.336
3/25/2022,0:00,134.16
3/25/2022,6:00,0
3/25/2022,12:00,4.032
3/25/2022,18:00,632.272
3/26/2022,0:00,222.592
3/26/2022,6:00,0
3/26/2022,12:00,81.728
3/26/2022,18:00,624.224
3/27/2022,0:00,106.752
3/27/2022,6:00,0
3/27/2022,12:00,81.28
3/27/2022,18:00,800.72
3/28/2022,0:00,216.256
3/28/2022,6:00,0
3/28/2022,12:00,82.18
3/28/2022,18:00,808.784
3/29/2022,0:00,217.2
3/29/2022,6:00,0
3/29/2022,12:00,77.088
3/29/2022,18:00,771.936
3/30/2022,0:00,196.704
3/30/2022,6:00,0
3/30/2022,12:00,2.976
3/30/2022,18:00,30.768
3/31/2022,0:00,20.992
3/31/2022,6:00,0
3/31/2022,12:00,76.44
3/31/2022,18:00,817.504
4/1/2022,0:00,215.024
4/1/2022,6:00,0
4/1/2022,12:00,79.52
4/1/2022,18:00,792.4
4/2/2022,0:00,205.04
4/2/2022,6:00,0
4/2/2022,12:00,76.288
4/2/2022,18:00,770.88
4/3/2022,0:00,192.88
4/3/2022,6:00,0
4/3/2022,12:00,12.272
4/3/2022,18:00,344.4
4/4/2022,0:00,107.216
4/4/2022,6:00,0
4/4/2022,12:00,2.92
4/4/2022,18:00,400.672
4/5/2022,0:00,90.816
4/5/2022,6:00,0
4/5/2022,12:00,70.36
4/5/2022,18:00,737.664
4/6/2022,0:00,162.432
4/6/2022,6:00,0
4/6/2022,12:00,67.38
4/6/2022,18:00,719.648
4/7/2022,0:00,179.152
4/7/2022,6:00,0
4/7/2022,12:00,2.34
4/7/2022,18:00,27.616
4/8/2022,0:00,20.992
4/8/2022,6:00,0
4/8/2022,12:00,66.98
4/8/2022,18:00,557.936
4/9/2022,0:00,93.568
4/9/2022,6:00,0
4/9/2022,12:00,68.672
4/9/2022,18:00,734.88
4/10/2022,0:00,180.112
4/10/2022,6:00,0
4/10/2022,12:00,49.072
4/10/2022,18:00,482.064
4/11/2022,0:00,40.032
4/11/2022,6:00,0
4/11/2022,12:00,0.96
4/11/2022,18:00,188.544
4/12/2022,0:00,33.648
4/12/2022,6:00,0
4/12/2022,12:00,8.912
4/12/2022,18:00,130.432
4/13/2022,0:00,31.968
4/13/2022,6:00,0
4/13/2022,12:00,63.6
4/13/2022,18:00,681.408
4/14/2022,0:00,123.04
4/14/2022,6:00,0
4/14/2022,12:00,66.34
4/14/2022,18:00,727.104
4/15/2022,0:00,174.336
4/15/2022,6:00,0
4/15/2022,12:00,67.84
4/15/2022,18:00,731.136
4/16/2022,0:00,170.752
4/16/2022,6:00,0
4/16/2022,12:00,67.2
4/16/2022,18:00,729.36
4/17/2022,0:00,168.336
4/17/2022,6:00,0
4/17/2022,12:00,55.872
4/17/2022,18:00,649.616
4/18/2022,6:00,0
4/18/2022,12:00,61.52
4/18/2022,18:00,691.488
4/19/2022,0:00,156.448
4/19/2022,6:00,0
4/19/2022,12:00,61.68
4/19/2022,18:00,693.76
4/20/2022,0:00,156.416
4/20/2022,6:00,0
4/20/2022,12:00,61.44
4/20/2022,18:00,696.272
4/21/2022,0:00,156.992
4/21/2022,6:00,0
4/21/2022,12:00,48.74
4/21/2022,18:00,432.336
4/22/2022,0:00,62.832
4/22/2022,6:00,0
4/22/2022,12:00,42.88
4/22/2022,18:00,461.408
4/23/2022,0:00,77.168
4/23/2022,6:00,0
4/23/2022,12:00,11.904
4/23/2022,18:00,675.216
4/24/2022,0:00,151.296
4/24/2022,6:00,0
4/24/2022,12:00,58.88
4/24/2022,18:00,661.68
4/25/2022,0:00,140.784
4/25/2022,6:00,0
4/25/2022,12:00,46.56
4/25/2022,18:00,609.04
4/26/2022,0:00,136.512
4/26/2022,6:00,0
4/26/2022,12:00,51.472
4/26/2022,18:00,614.4
4/27/2022,0:00,79.776
4/27/2022,6:00,0
4/27/2022,12:00,49.92
4/27/2022,18:00,630.384
4/28/2022,0:00,134.224
4/28/2022,6:00,0
4/28/2022,12:00,52.24
4/28/2022,18:00,201.44
4/29/2022,0:00,29.76
4/29/2022,6:00,0
4/29/2022,12:00,52.128
4/29/2022,18:00,647.392
4/30/2022,0:00,136
4/30/2022,6:00,0
4/30/2022,12:00,33.2
4/30/2022,18:00,216.368
5/1/2022,0:00,71.952
5/1/2022,6:00,0
5/1/2022,12:00,8.928
5/1/2022,18:00,250.432
5/2/2022,0:00,27.84
5/2/2022,6:00,0
5/2/2022,12:00,12.784
5/2/2022,18:00,78.048
5/3/2022,0:00,3.12
5/3/2022,6:00,0
5/3/2022,12:00,3.664
5/3/2022,18:00,34.208
5/4/2022,0:00,13.44
5/4/2022,6:00,0
5/4/2022,12:00,5.344
5/4/2022,18:00,170.56
5/5/2022,0:00,60.208
5/5/2022,6:00,0
5/5/2022,12:00,46.672
5/5/2022,18:00,627.44
5/6/2022,0:00,126.88
5/6/2022,6:00,0
5/6/2022,12:00,50.672
5/6/2022,18:00,632.064
5/7/2022,0:00,92.176
5/7/2022,6:00,0
5/7/2022,12:00,49.376
5/7/2022,18:00,611.792
5/8/2022,0:00,112.064
5/8/2022,6:00,0
5/8/2022,12:00,48.112
5/8/2022,18:00,628.272
5/9/2022,0:00,126.576
5/9/2022,6:00,0
5/9/2022,12:00,46.64
5/9/2022,18:00,596.128
5/10/2022,0:00,39.792
5/10/2022,6:00,0
5/10/2022,12:00,8.544
5/10/2022,18:00,145.904
5/11/2022,0:00,46.928
5/11/2022,6:00,0
5/11/2022,12:00,38.832
5/11/2022,18:00,557.968
5/12/2022,0:00,96.816
5/12/2022,6:00,0
5/12/2022,12:00,44.368
5/12/2022,18:00,599.104
5/13/2022,0:00,117.328
5/13/2022,6:00,0
5/13/2022,12:00,44.544
5/13/2022,18:00,597.712
5/14/2022,0:00,115.28
5/14/2022,6:00,0
5/14/2022,12:00,15.504
5/14/2022,18:00,78.32
5/15/2022,0:00,6.544
5/15/2022,6:00,0
5/15/2022,12:00,3.44
5/15/2022,18:00,316.816
5/16/2022,0:00,90.528
5/16/2022,6:00,0
5/16/2022,12:00,44.08
5/16/2022,18:00,609.056
5/17/2022,0:00,116.016
5/17/2022,6:00,0
5/17/2022,12:00,13.74
5/17/2022,18:00,556.416
5/18/2022,0:00,87.088
5/18/2022,6:00,0
5/18/2022,12:00,2.064
5/18/2022,18:00,37.856
5/19/2022,0:00,17.616
5/19/2022,6:00,0
5/19/2022,12:00,32.896
5/19/2022,18:00,240.8
5/20/2022,0:00,32.864
5/20/2022,6:00,0
5/20/2022,12:00,41.44
5/20/2022,18:00,592.224
5/21/2022,0:00,112.784
5/21/2022,6:00,0
5/21/2022,12:00,40.64
5/21/2022,18:00,580.896
5/22/2022,0:00,108.864
5/22/2022,6:00,0
5/22/2022,12:00,29.152
5/22/2022,18:00,478.496
5/23/2022,0:00,76.896
5/23/2022,6:00,0
5/23/2022,12:00,38.304
5/23/2022,18:00,566.016
5/24/2022,0:00,105.248
5/24/2022,6:00,0
5/24/2022,12:00,37.56
5/24/2022,18:00,558.96
5/25/2022,0:00,104.192
5/25/2022,6:00,0
5/25/2022,12:00,37.34
5/25/2022,18:00,553.056
5/26/2022,0:00,101.456
5/26/2022,6:00,0
5/26/2022,12:00,1.42
5/26/2022,18:00,94.128
5/27/2022,0:00,46.752
5/27/2022,6:00,0
5/27/2022,12:00,26.592
5/27/2022,18:00,100.72
5/28/2022,0:00,11.472
5/28/2022,6:00,0
5/28/2022,12:00,15.616
5/28/2022,18:00,228.832
5/29/2022,0:00,13.152
5/29/2022,6:00,0
5/29/2022,12:00,2.656
5/29/2022,18:00,57.104
5/30/2022,0:00,5.968
5/30/2022,6:00,0
5/30/2022,12:00,4.288
5/30/2022,18:00,166.592
5/31/2022,0:00,84.864
5/31/2022,6:00,0
5/31/2022,12:00,36.064
5/31/2022,18:00,563.856
6/1/2022,0:00,104.624
6/1/2022,6:00,0
6/1/2022,12:00,14.176
6/1/2022,18:00,177.728
6/2/2022,0:00,36.096
6/2/2022,6:00,0
6/2/2022,12:00,21.44
6/2/2022,18:00,215.36
6/3/2022,0:00,35.984
6/3/2022,6:00,0
6/3/2022,12:00,32.832
6/3/2022,18:00,543.904
6/4/2022,0:00,100.72
6/4/2022,6:00,0
6/4/2022,12:00,31.408
6/4/2022,18:00,407.088
6/5/2022,0:00,74.672
6/5/2022,6:00,0
6/5/2022,12:00,7.168
6/5/2022,18:00,257.424
6/6/2022,0:00,55.312
6/6/2022,6:00,0
6/6/2022,12:00,3.552
6/6/2022,18:00,13.824
6/7/2022,0:00,19.792
6/7/2022,6:00,0
6/7/2022,12:00,19.84
6/7/2022,18:00,433.2
6/8/2022,0:00,44.48
6/8/2022,6:00,0
6/8/2022,12:00,28.448
6/8/2022,18:00,453.408
6/9/2022,0:00,17.552
6/9/2022,6:00,0
6/9/2022,12:00,29.984
6/9/2022,18:00,521.488
6/10/2022,0:00,94.64
6/10/2022,6:00,0
6/10/2022,12:00,29.44
6/10/2022,18:00,527.136
6/11/2022,0:00,100.512
6/11/2022,6:00,0
6/11/2022,12:00,32.56
6/11/2022,18:00,555.392
6/12/2022,0:00,103.52
6/12/2022,6:00,0
6/12/2022,12:00,30.832
6/12/2022,18:00,544.064
6/13/2022,0:00,103.024
6/13/2022,6:00,0
6/13/2022,12:00,30.304
6/13/2022,18:00,535.44
6/14/2022,0:00,100.336
6/14/2022,6:00,0
6/14/2022,12:00,30.384
6/14/2022,18:00,541.28
6/15/2022,0:00,102.224
6/15/2022,6:00,0
6/15/2022,12:00,29.792
6/15/2022,18:00,528.768
6/16/2022,0:00,98.272
6/16/2022,6:00,0
6/16/2022,12:00,27.664
6/16/2022,18:00,473.248
6/17/2022,0:00,90.16
6/17/2022,6:00,0
6/17/2022,12:00,0.544
6/17/2022,18:00,82.016
6/18/2022,0:00,9.472
6/18/2022,6:00,0
6/18/2022,12:00,30.24
6/18/2022,18:00,545.808
6/19/2022,0:00,103.456
6/19/2022,6:00,0
6/19/2022,12:00,22.048
6/19/2022,18:00,506.432
6/20/2022,0:00,101.632
6/20/2022,6:00,0
6/20/2022,12:00,12.7
6/20/2022,18:00,475.136
6/21/2022,0:00,93.728
6/21/2022,6:00,0
6/21/2022,12:00,16.76
6/21/2022,18:00,190.176
6/22/2022,0:00,79.392
6/22/2022,6:00,0
6/22/2022,12:00,4.08
6/22/2022,18:00,212.528
6/23/2022,0:00,63.968
6/23/2022,6:00,0
6/23/2022,12:00,10.62
6/23/2022,18:00,52.48
6/24/2022,0:00,8.592
6/24/2022,6:00,0
6/24/2022,12:00,2.336
6/24/2022,18:00,71.584
6/25/2022,0:00,14.256
6/25/2022,6:00,0
6/25/2022,12:00,4.784
6/25/2022,18:00,130.192
6/26/2022,0:00,39.456
6/26/2022,6:00,0
6/26/2022,12:00,25.616
6/26/2022,18:00,445.024
6/27/2022,0:00,51.28
6/27/2022,6:00,0
6/27/2022,12:00,17.968
6/27/2022,18:00,386.576
6/28/2022,0:00,42.272
6/28/2022,6:00,0
6/28/2022,12:00,21.184
6/28/2022,18:00,340.624
6/29/2022,0:00,49.216
6/29/2022,6:00,0
6/29/2022,12:00,20.82
6/29/2022,18:00,521.152
6/30/2022,0:00,104.448
6/30/2022,6:00,0
6/30/2022,12:00,27.904
6/30/2022,18:00,533.744
7/1/2022,0:00,105.264
7/1/2022,6:00,0
7/1/2022,12:00,27.376
7/1/2022,18:00,519.648
7/2/2022,0:00,101.36
7/2/2022,6:00,0
7/2/2022,12:00,26.016
7/2/2022,18:00,487.76
7/3/2022,0:00,96.8
7/3/2022,6:00,0
7/3/2022,12:00,2.88
7/3/2022,18:00,323.088
7/4/2022,0:00,89.776
7/4/2022,6:00,0
7/4/2022,12:00,25.072
7/4/2022,18:00,444.864
7/5/2022,0:00,101.504
7/5/2022,6:00,0
7/5/2022,12:00,19.472
7/5/2022,18:00,385.056
7/6/2022,0:00,74.88
7/6/2022,6:00,0
7/6/2022,12:00,19.184
7/6/2022,18:00,449.456
7/7/2022,0:00,84.848
7/7/2022,6:00,0
7/7/2022,12:00,7.952
7/7/2022,18:00,64.144
7/8/2022,0:00,7.408
7/8/2022,6:00,0
7/8/2022,12:00,25.184
7/8/2022,18:00,490.928
7/9/2022,0:00,83.536
7/9/2022,6:00,0
7/9/2022,12:00,24.704
7/9/2022,18:00,514.288
7/10/2022,0:00,98.32
7/10/2022,6:00,0
7/10/2022,12:00,20.832
7/10/2022,18:00,315.712
7/11/2022,0:00,68.928
7/11/2022,6:00,0
7/11/2022,12:00,20.016
7/11/2022,18:00,401.632
7/12/2022,0:00,93.024
7/12/2022,6:00,0
7/12/2022,12:00,11.632
7/12/2022,18:00,180.928
7/13/2022,0:00,110.224
7/13/2022,6:00,0
7/13/2022,12:00,29.68
7/13/2022,18:00,557.296
7/14/2022,0:00,116.352
7/14/2022,6:00,0
7/14/2022,12:00,7.6
7/14/2022,18:00,293.184
7/15/2022,6:00,0
7/15/2022,12:00,4.976
7/15/2022,18:00,46.736
7/16/2022,0:00,18.304
7/16/2022,6:00,0
7/16/2022,12:00,20.496
7/16/2022,18:00,277.712
7/17/2022,0:00,5.664
7/17/2022,6:00,0
7/17/2022,12:00,27.216
7/17/2022,18:00,488.768
7/18/2022,0:00,117.712
7/18/2022,6:00,0
7/18/2022,12:00,31.536
7/18/2022,18:00,565.568
7/19/2022,0:00,109.92
7/19/2022,6:00,0
7/19/2022,12:00,26.448
7/19/2022,18:00,332.304
7/20/2022,0:00,47.792
7/20/2022,6:00,0
7/20/2022,12:00,28.848
7/20/2022,18:00,538.72
7/21/2022,0:00,113.36
7/21/2022,6:00,0
7/21/2022,12:00,27.696
7/21/2022,18:00,506.944
7/22/2022,0:00,91.36
7/22/2022,6:00,0
7/22/2022,12:00,11.664
7/22/2022,18:00,415.856
7/23/2022,0:00,105.76
7/23/2022,6:00,0
7/23/2022,12:00,30.08
7/23/2022,18:00,521.504
7/24/2022,0:00,34.656
7/24/2022,6:00,0
7/24/2022,12:00,22.656
7/24/2022,18:00,488.496
7/25/2022,0:00,101.92
7/25/2022,6:00,0
7/25/2022,12:00,31.808
7/25/2022,18:00,563.84
7/26/2022,0:00,122.48
7/26/2022,6:00,0
7/26/2022,12:00,32.416
7/26/2022,18:00,562.752
7/27/2022,0:00,121.472
7/27/2022,6:00,0
7/27/2022,12:00,32.288
7/27/2022,18:00,518.32
7/28/2022,0:00,113.504
7/28/2022,6:00,0
7/28/2022,12:00,25.568
7/28/2022,18:00,416.976
7/29/2022,0:00,12.032
7/29/2022,6:00,0
7/29/2022,12:00,36.064
7/29/2022,18:00,584.64
7/30/2022,0:00,101.76
7/30/2022,6:00,0
7/30/2022,12:00,36.992
7/30/2022,18:00,605.968
7/31/2022,0:00,134.432
7/31/2022,6:00,0
7/31/2022,12:00,37.264
7/31/2022,18:00,603.84
8/1/2022,0:00,129.936
8/1/2022,6:00,0
8/1/2022,12:00,35.952
8/1/2022,18:00,583.232
8/2/2022,0:00,127.584
8/2/2022,6:00,0
8/2/2022,12:00,32.56
8/2/2022,18:00,344.224
8/3/2022,0:00,117.536
8/3/2022,6:00,0
8/3/2022,12:00,36.64
8/3/2022,18:00,581.232
8/4/2022,0:00,101.808
8/4/2022,6:00,0
8/4/2022,12:00,6.336
8/4/2022,18:00,256.016
8/5/2022,0:00,124.272
8/5/2022,6:00,0
8/5/2022,12:00,39.136
8/5/2022,18:00,600.88
8/6/2022,0:00,140.448
8/6/2022,6:00,0
8/6/2022,12:00,36.112
8/6/2022,18:00,309.44
8/7/2022,0:00,5.456
8/7/2022,6:00,0
8/7/2022,12:00,10.88
8/7/2022,18:00,176.064
8/8/2022,0:00,41.04
8/8/2022,6:00,0
8/8/2022,12:00,10.64
8/8/2022,18:00,500.24
8/9/2022,0:00,48.8
8/9/2022,6:00,0
8/9/2022,12:00,3.888
8/9/2022,18:00,90.208
8/10/2022,0:00,6.928
8/10/2022,6:00,0
8/10/2022,12:00,12.576
8/10/2022,18:00,354.256
8/11/2022,0:00,110.096
8/11/2022,6:00,0
8/11/2022,12:00,46.288
8/11/2022,18:00,648.192
8/12/2022,0:00,149.072
8/12/2022,6:00,0
8/12/2022,12:00,32.8
8/12/2022,18:00,544.288
8/13/2022,0:00,116.016
8/13/2022,6:00,0
8/13/2022,12:00,31.952
8/13/2022,18:00,429.424
8/14/2022,0:00,119.184
8/14/2022,6:00,0
8/14/2022,12:00,21.28
8/14/2022,18:00,117.664
8/15/2022,0:00,86.832
8/15/2022,6:00,0
8/15/2022,12:00,31.952
8/15/2022,18:00,488.448
8/16/2022,0:00,131.824
8/16/2022,6:00,0
8/16/2022,12:00,6.64
8/16/2022,18:00,185.264
8/17/2022,0:00,67.136
8/17/2022,6:00,0
8/17/2022,12:00,49.744
8/17/2022,18:00,579.136
8/18/2022,0:00,91.488
8/18/2022,6:00,0
8/18/2022,12:00,19.472
8/18/2022,18:00,661.616
8/19/2022,0:00,159.76
8/19/2022,6:00,0
8/19/2022,12:00,56.384
8/19/2022,18:00,702.032
8/20/2022,0:00,164.464
8/20/2022,6:00,0
8/20/2022,12:00,57.904
8/20/2022,18:00,707.616
8/21/2022,0:00,165.664
8/21/2022,6:00,0
8/21/2022,12:00,57.488
8/21/2022,18:00,698.832
8/22/2022,0:00,164.016
8/22/2022,6:00,0
8/22/2022,12:00,56.928
8/22/2022,18:00,691.312
8/23/2022,0:00,162.112
8/23/2022,6:00,0
8/23/2022,12:00,57.392
8/23/2022,18:00,689.088
8/24/2022,0:00,156.944
8/24/2022,6:00,0
8/24/2022,12:00,56.592
8/24/2022,18:00,675.552
8/25/2022,0:00,156.432
8/25/2022,6:00,0
8/25/2022,12:00,58.256
8/25/2022,18:00,686.848
8/26/2022,0:00,162.88
8/26/2022,6:00,0
8/26/2022,12:00,60.32
8/26/2022,18:00,692.432
8/27/2022,0:00,164.208
8/27/2022,6:00,0
8/27/2022,12:00,62.72
8/27/2022,18:00,698.704
8/28/2022,0:00,164.336
8/28/2022,6:00,0
8/28/2022,12:00,2.512
8/28/2022,18:00,159.056
8/29/2022,0:00,70.912
8/29/2022,6:00,0
8/29/2022,12:00,51.264
8/29/2022,18:00,638.944
8/30/2022,0:00,153.184
8/30/2022,6:00,0
8/30/2022,12:00,70.128
8/30/2022,18:00,743.12
8/31/2022,0:00,176.56
8/31/2022,6:00,0
8/31/2022,12:00,68.768
8/31/2022,18:00,727.008
9/1/2022,0:00,173.152
9/1/2022,6:00,0
9/1/2022,12:00,68.272
9/1/2022,18:00,717.952
9/2/2022,0:00,168.304
9/2/2022,6:00,0
9/2/2022,12:00,23.152
9/2/2022,18:00,105.792
9/3/2022,0:00,95.296
9/3/2022,6:00,0
9/3/2022,12:00,75.072
9/3/2022,18:00,772.768
9/4/2022,0:00,188.496
9/4/2022,6:00,0
9/4/2022,12:00,81.872
9/4/2022,18:00,785.44
9/5/2022,0:00,181.488
9/5/2022,6:00,0
9/5/2022,12:00,59.664
9/5/2022,18:00,559.152
9/6/2022,0:00,61.824
9/6/2022,6:00,0
9/6/2022,12:00,22
9/6/2022,18:00,409.824
9/7/2022,0:00,119.696
9/7/2022,6:00,0
9/7/2022,12:00,77.856
9/7/2022,18:00,649.84
9/8/2022,0:00,153.872
9/8/2022,6:00,0
9/8/2022,12:00,77.296
9/8/2022,18:00,559.344
9/9/2022,0:00,166.816
9/9/2022,6:00,0
9/9/2022,12:00,70.896
9/9/2022,18:00,413.312
9/10/2022,0:00,87.536
9/10/2022,6:00,0
9/10/2022,12:00,76.512
9/10/2022,18:00,781.184
9/11/2022,0:00,195.344
9/11/2022,6:00,0
9/11/2022,12:00,91.28
9/11/2022,18:00,777.984
9/12/2022,0:00,160.688
9/12/2022,6:00,0
9/12/2022,12:00,77.92
9/12/2022,18:00,759.168
9/13/2022,0:00,183.456
9/13/2022,6:00,0
9/13/2022,12:00,91.696
9/13/2022,18:00,802.96
9/14/2022,0:00,189.088
9/14/2022,6:00,0
9/14/2022,12:00,89.968
9/14/2022,18:00,789.856
9/15/2022,0:00,192.56
9/15/2022,6:00,0
9/15/2022,12:00,89.6
9/15/2022,18:00,558.8
9/16/2022,0:00,48.176
9/16/2022,6:00,0
9/16/2022,12:00,28.112
9/16/2022,18:00,709.52
9/17/2022,0:00,195.216
9/17/2022,6:00,0
9/17/2022,12:00,100.416
9/17/2022,18:00,825.552
9/18/2022,0:00,200.832
9/18/2022,6:00,0
9/18/2022,12:00,102.192
9/18/2022,18:00,831.616
9/19/2022,0:00,186.784
9/19/2022,6:00,0
9/19/2022,12:00,14.288
9/19/2022,18:00,47.632
9/20/2022,0:00,55.424
9/20/2022,6:00,0
9/20/2022,12:00,100.592
9/20/2022,18:00,778.672
9/21/2022,0:00,172.912
9/21/2022,6:00,0
9/21/2022,12:00,103.168
9/21/2022,18:00,432.16
9/22/2022,0:00,139.856
9/22/2022,6:00,0
9/22/2022,12:00,15.888
9/22/2022,18:00,667.536
9/23/2022,0:00,146.048
9/23/2022,6:00,0
9/23/2022,12:00,111.728
9/23/2022,18:00,849.104
9/24/2022,0:00,209.056
9/24/2022,6:00,0
9/24/2022,12:00,114.864
9/24/2022,18:00,860.592
9/25/2022,0:00,211.44
9/25/2022,6:00,0
9/25/2022,12:00,12.112
9/25/2022,18:00,153.744
9/26/2022,0:00,10.096
9/26/2022,6:00,0
9/26/2022,12:00,96.864
9/26/2022,18:00,572.512
9/27/2022,0:00,208.224
9/27/2022,6:00,0
9/27/2022,12:00,114.208
9/27/2022,18:00,761.376
9/28/2022,0:00,198.8
9/28/2022,6:00,0
9/28/2022,12:00,64.112
9/28/2022,18:00,271.616
9/29/2022,0:00,91.904
9/29/2022,6:00,0
9/29/2022,12:00,19.536
9/29/2022,18:00,44.432
9/30/2022,0:00,6.992
9/30/2022,6:00,0
9/30/2022,12:00,51.104
9/30/2022,18:00,154.9
10/1/2022,0:00,9.44
10/1/2022,6:00,0
10/1/2022,12:00,24.336
10/1/2022,18:00,811.328
10/2/2022,0:00,214.72
10/2/2022,6:00,0
10/2/2022,12:00,127.6
10/2/2022,18:00,874.672
10/3/2022,0:00,218.672
10/3/2022,6:00,0
10/3/2022,12:00,131.82
10/3/2022,18:00,893.184
10/4/2022,0:00,223.648
10/4/2022,6:00,0
10/4/2022,12:00,135.3
10/4/2022,18:00,898.16
10/5/2022,0:00,223.184
10/5/2022,6:00,0
10/5/2022,12:00,134.02
10/5/2022,18:00,855.38
10/6/2022,0:00,134
10/6/2022,6:00,0
10/6/2022,12:00,4.44
10/6/2022,18:00,350.44
10/7/2022,0:00,183.488
10/7/2022,6:00,0
10/7/2022,12:00,65.28
10/7/2022,18:00,534.44
10/8/2022,0:00,134.224
10/8/2022,6:00,0
10/8/2022,12:00,140.66
10/8/2022,18:00,905.58
10/9/2022,0:00,226.368
10/9/2022,6:00,0
10/9/2022,12:00,50.08
10/9/2022,18:00,129.34
10/10/2022,0:00,35.728
10/10/2022,6:00,0
10/10/2022,12:00,6.18
10/10/2022,18:00,91.2
10/11/2022,0:00,10.432
10/11/2022,6:00,0
10/11/2022,12:00,22.1
10/11/2022,18:00,96.24
10/12/2022,0:00,14.96
10/12/2022,6:00,0
10/12/2022,12:00,29.8
10/12/2022,18:00,527.62
10/13/2022,0:00,71.728
10/13/2022,6:00,0
10/13/2022,12:00,150.06
10/13/2022,18:00,884.56
10/14/2022,0:00,215.888
10/14/2022,6:00,0
10/14/2022,12:00,66.72
10/14/2022,18:00,411.94
10/15/2022,0:00,119.232
10/15/2022,6:00,0
10/15/2022,12:00,31.54
10/15/2022,18:00,518.6
10/16/2022,0:00,117.616
10/16/2022,6:00,0
10/16/2022,12:00,83.2
10/16/2022,18:00,810.64
10/17/2022,0:00,220.496
10/17/2022,6:00,0
10/17/2022,12:00,150.928
10/17/2022,18:00,834.84
10/18/2022,0:00,208.608
10/18/2022,6:00,0
10/18/2022,12:00,14.2
10/18/2022,18:00,295.94
10/19/2022,0:00,177.456
10/19/2022,6:00,0
10/19/2022,12:00,154.4
10/19/2022,18:00,914.18
10/20/2022,0:00,226.496
10/20/2022,6:00,0
10/20/2022,12:00,120.8
10/20/2022,18:00,366.74
10/21/2022,0:00,43.824
10/21/2022,6:00,0
10/21/2022,12:00,31.8
10/21/2022,18:00,474.08
10/22/2022,0:00,152.864
10/22/2022,6:00,0
10/22/2022,12:00,159.9
10/22/2022,18:00,603.4
10/23/2022,0:00,169.248
10/23/2022,6:00,0
10/23/2022,12:00,162.848
10/23/2022,18:00,918.14
10/24/2022,0:00,160.912
10/24/2022,6:00,0
10/24/2022,12:00,175.82
10/24/2022,18:00,970.48
10/25/2022,0:00,253.056
10/25/2022,6:00,0
10/25/2022,12:00,174.576
10/25/2022,18:00,959.66
10/26/2022,0:00,249.392
10/26/2022,6:00,0
10/26/2022,12:00,166.672
10/26/2022,18:00,874.1
10/27/2022,0:00,185.504
10/27/2022,6:00,0
10/27/2022,12:00,48.06
10/27/2022,18:00,597.36
10/28/2022,0:00,253.024
10/28/2022,6:00,0
10/28/2022,12:00,177.22
10/28/2022,18:00,959.86
10/29/2022,0:00,253.712
10/29/2022,6:00,0
10/29/2022,12:00,87.472
10/29/2022,18:00,447.06
10/30/2022,0:00,155.488
10/30/2022,6:00,0
10/30/2022,12:00,108.304
10/30/2022,18:00,385.28
10/31/2022,0:00,62.928
10/31/2022,6:00,0
10/31/2022,12:00,4.992
10/31/2022,18:00,29.76
11/1/2022,0:00,5.344
11/1/2022,6:00,0
11/1/2022,12:00,185.2
11/1/2022,18:00,1000.26
11/2/2022,0:00,270.864
11/2/2022,6:00,0
11/2/2022,12:00,189.38
11/2/2022,18:00,999.38
11/3/2022,0:00,267.696
11/3/2022,6:00,0
11/3/2022,12:00,185.456
11/3/2022,18:00,983.06
11/4/2022,0:00,267.488
11/4/2022,6:00,0
11/4/2022,12:00,190.032
11/4/2022,18:00,984.4
11/5/2022,0:00,268.368
11/5/2022,6:00,0
11/5/2022,12:00,188.74
11/5/2022,18:00,980.88
11/6/2022,0:00,261.808
11/6/2022,6:00,0
11/6/2022,12:00,186.48
11/6/2022,18:00,970.74
11/7/2022,0:00,266.944
11/7/2022,6:00,0
11/7/2022,12:00,190.672
11/7/2022,18:00,987.32
11/8/2022,0:00,268.848
11/8/2022,6:00,0
11/8/2022,12:00,188.256
11/8/2022,18:00,980.36
11/9/2022,0:00,269.92
11/9/2022,6:00,0
11/9/2022,12:00,192.98
11/9/2022,18:00,991.76
11/10/2022,0:00,274.016
11/10/2022,6:00,0
11/10/2022,12:00,194.56
11/10/2022,18:00,900.78
11/11/2022,0:00,167.296
11/11/2022,6:00,0
11/11/2022,12:00,32.72
11/11/2022,18:00,339.34
11/12/2022,0:00,212.16
11/12/2022,6:00,0
11/12/2022,12:00,186.14
11/12/2022,18:00,846.02
11/13/2022,0:00,122.992
11/13/2022,6:00,0
11/13/2022,12:00,10.34
11/13/2022,18:00,170.44
11/14/2022,0:00,204.88
11/14/2022,6:00,0
11/14/2022,12:00,115.76
11/14/2022,18:00,957.82
11/15/2022,0:00,280
11/15/2022,6:00,0
11/15/2022,12:00,196.32
11/15/2022,18:00,993.52
11/16/2022,0:00,280.72
11/16/2022,6:00,0
11/16/2022,12:00,198.92
11/16/2022,18:00,999.28
11/17/2022,0:00,283.664
11/17/2022,6:00,0
11/17/2022,12:00,201.68
11/17/2022,18:00,1008.08
11/18/2022,0:00,286.96
11/18/2022,6:00,0
11/18/2022,12:00,197.6
11/18/2022,18:00,997.68
11/19/2022,0:00,286.42
11/19/2022,6:00,0
11/19/2022,12:00,195.72
11/19/2022,18:00,996.28
11/20/2022,0:00,286.528
11/20/2022,6:00,0
11/20/2022,12:00,189.74
11/20/2022,18:00,956.18
11/21/2022,0:00,236.16
11/21/2022,6:00,0
11/21/2022,12:00,69.94
11/21/2022,18:00,411.24
11/22/2022,0:00,33.96
11/22/2022,6:00,0
11/22/2022,12:00,20.2
11/22/2022,18:00,466.76
11/23/2022,0:00,88.8
11/23/2022,6:00,0
11/23/2022,12:00,203.52
11/23/2022,18:00,1010.98
11/24/2022,0:00,294.624
11/24/2022,6:00,0
11/24/2022,12:00,199.88
11/24/2022,18:00,998.54
11/25/2022,0:00,295.408
11/25/2022,6:00,0
11/25/2022,12:00,202.26
11/25/2022,18:00,1009.86
11/26/2022,0:00,300.448
11/26/2022,6:00,0
11/26/2022,12:00,197.16
11/26/2022,18:00,986.86
11/27/2022,0:00,286.4
11/27/2022,6:00,0
11/27/2022,12:00,193.18
11/27/2022,18:00,783.36
11/28/2022,0:00,211.392
11/28/2022,6:00,0
11/28/2022,12:00,165.48
11/28/2022,18:00,934.18
11/29/2022,0:00,282.26
11/29/2022,6:00,0
11/29/2022,12:00,192.44
11/29/2022,18:00,785.3
11/30/2022,0:00,61.06
11/30/2022,6:00,0
11/30/2022,12:00,188.16
11/30/2022,18:00,813.38
12/1/2022,0:00,120.5
12/1/2022,6:00,0
12/1/2022,12:00,191.4
12/1/2022,18:00,911.08
12/2/2022,0:00,272.448
12/2/2022,6:00,0
12/2/2022,12:00,169.32
12/2/2022,18:00,688.76
12/3/2022,0:00,176.336
12/3/2022,6:00,0
12/3/2022,12:00,178.54
12/3/2022,18:00,954.02
12/4/2022,0:00,262.08
12/4/2022,6:00,0
12/4/2022,12:00,187.94
12/4/2022,18:00,803.28
12/5/2022,0:00,132.288
12/5/2022,6:00,0
12/5/2022,12:00,189.64
12/5/2022,18:00,804.6
12/6/2022,0:00,138.4
12/6/2022,6:00,0
12/6/2022,12:00,191.84
12/6/2022,18:00,979.28
12/7/2022,0:00,260.2
12/7/2022,6:00,0
12/7/2022,12:00,192.78
12/7/2022,18:00,987.6
12/8/2022,0:00,307.04
12/8/2022,6:00,0
12/8/2022,12:00,190.38
12/8/2022,18:00,965.84
12/9/2022,0:00,271.728
12/9/2022,6:00,0
12/9/2022,12:00,189.32
12/9/2022,18:00,973.96
12/10/2022,0:00,307.76
12/10/2022,6:00,0
12/10/2022,12:00,145.8
12/10/2022,18:00,728.58
12/11/2022,0:00,101.98
12/11/2022,6:00,0
12/11/2022,12:00,60.34
12/11/2022,18:00,861.48
12/12/2022,0:00,286.224
12/12/2022,6:00,0
12/12/2022,12:00,177.68
12/12/2022,18:00,854.62
12/13/2022,0:00,88.4
12/13/2022,6:00,0
12/13/2022,12:00,194.62
12/13/2022,18:00,1026.2
12/14/2022,0:00,333.44
12/14/2022,6:00,0
12/14/2022,12:00,197.18
12/14/2022,18:00,1016.28
12/15/2022,0:00,329.024
12/15/2022,6:00,0
12/15/2022,12:00,189.54
12/15/2022,18:00,572.8
12/16/2022,0:00,142.38
12/16/2022,6:00,0
12/16/2022,12:00,189.46
12/16/2022,18:00,1001.62
12/17/2022,0:00,329.14
12/17/2022,6:00,0
12/17/2022,12:00,192.1
12/17/2022,18:00,990.76
12/18/2022,0:00,308.12
12/18/2022,6:00,0
12/18/2022,12:00,159.1
12/18/2022,18:00,781.52
12/19/2022,0:00,77.48
12/19/2022,6:00,0
12/19/2022,12:00,181.82
12/19/2022,18:00,887.58
12/20/2022,0:00,131.088
12/20/2022,6:00,0
12/20/2022,12:00,183.06
12/20/2022,18:00,986.42
12/21/2022,0:00,302.496
12/21/2022,6:00,0
12/21/2022,12:00,183.4
12/21/2022,18:00,997.64
12/22/2022,0:00,321.44
12/22/2022,6:00,0
12/22/2022,12:00,183.7
12/22/2022,18:00,996.92
12/23/2022,0:00,335.62
12/23/2022,6:00,0
12/23/2022,12:00,170.16
12/23/2022,18:00,991.86
12/24/2022,0:00,328.46
12/24/2022,6:00,0
12/24/2022,12:00,183.22
12/24/2022,18:00,985.62
12/25/2022,0:00,299.6
12/25/2022,6:00,0
12/25/2022,12:00,106.66
12/25/2022,18:00,550.34
12/26/2022,0:00,41.152
12/26/2022,6:00,0
12/26/2022,12:00,175.62
12/26/2022,18:00,891.96
12/27/2022,0:00,220.288
12/27/2022,6:00,0
12/27/2022,12:00,173.46
12/27/2022,18:00,576.62
12/28/2022,0:00,84.48
12/28/2022,6:00,0
12/28/2022,12:00,47.28
12/28/2022,18:00,995.26
12/29/2022,0:00,348.48
12/29/2022,6:00,0
12/29/2022,12:00,176.32
12/29/2022,18:00,1005.18
12/30/2022,0:00,351.74
12/30/2022,6:00,0
12/30/2022,12:00,181.68
12/30/2022,18:00,1015.64
12/31/2022,0:00,352.12
12/31/2022,6:00,0
12/31/2022,12:00,177.3
12/31/2022,18:00,996.02
1/1/2023,0:00,344.42
1/1/2023,6:00,0
1/1/2023,12:00,42.06
1/1/2023,18:00,910.96
1/2/2023,0:00,52.52
1/2/2023,6:00,0
1/2/2023,12:00,114.84
1/2/2023,18:00,826.3
1/3/2023,0:00,311.248
1/3/2023,6:00,0
1/3/2023,12:00,173.24
1/3/2023,18:00,1003.22
1/4/2023,0:00,259.872
1/4/2023,6:00,0
1/4/2023,12:00,170.96
1/4/2023,18:00,998.56
1/5/2023,0:00,352.512
1/5/2023,6:00,0
1/5/2023,12:00,169.936
1/5/2023,18:00,1000.72
1/6/2023,0:00,353.02
1/6/2023,6:00,0
1/6/2023,12:00,169.62
1/6/2023,18:00,1009.82
1/7/2023,0:00,359.76
1/7/2023,6:00,0
1/7/2023,12:00,170
1/7/2023,18:00,1012.6
1/8/2023,0:00,359.46
1/8/2023,6:00,0
1/8/2023,12:00,160.94
1/8/2023,18:00,997.84
1/9/2023,0:00,355.7
1/9/2023,6:00,0
1/9/2023,12:00,156.98
1/9/2023,18:00,885.48
1/10/2023,0:00,138.912
1/10/2023,6:00,0
1/10/2023,12:00,159.24
1/10/2023,18:00,728.18
1/11/2023,0:00,229.024
1/11/2023,6:00,0
1/11/2023,12:00,158.78
1/11/2023,18:00,983.84
1/12/2023,0:00,276.752
1/12/2023,6:00,0
1/12/2023,12:00,157.5
1/12/2023,18:00,782.56
1/13/2023,0:00,103.488
1/13/2023,6:00,0
1/13/2023,12:00,144.28
1/13/2023,18:00,597.16
1/14/2023,0:00,242.416
1/14/2023,6:00,0
1/14/2023,12:00,116.66
1/14/2023,18:00,529.36
1/15/2023,0:00,224.08
1/15/2023,6:00,0
1/15/2023,12:00,91
1/15/2023,18:00,685.02
1/16/2023,0:00,130.64
1/16/2023,6:00,0
1/16/2023,12:00,28
1/16/2023,18:00,629.16
1/17/2023,0:00,195.76
1/17/2023,6:00,0
1/17/2023,12:00,32.1
1/17/2023,18:00,547.82
1/18/2023,0:00,134.368
1/18/2023,6:00,0
1/18/2023,12:00,145.92
1/18/2023,18:00,639.6
1/19/2023,0:00,105.344
1/19/2023,6:00,0
1/19/2023,12:00,146.5
1/19/2023,18:00,954.26
1/20/2023,0:00,220.496
1/20/2023,6:00,0
1/20/2023,12:00,144.672
1/20/2023,18:00,848.52
1/21/2023,0:00,108.368
1/21/2023,6:00,0
1/21/2023,12:00,129.136
1/21/2023,18:00,783.04
1/22/2023,0:00,95.152
1/22/2023,6:00,0
1/22/2023,12:00,141.62
1/22/2023,18:00,552.54
1/23/2023,0:00,249.824
1/23/2023,6:00,0
1/23/2023,12:00,141.82
1/23/2023,18:00,963.68
1/24/2023,0:00,348.752
1/24/2023,6:00,0
1/24/2023,12:00,145.008
1/24/2023,18:00,976.14
1/25/2023,0:00,344.56
1/25/2023,6:00,0
1/25/2023,12:00,141.312
1/25/2023,18:00,817.02
1/26/2023,0:00,258.48
1/26/2023,6:00,0
1/26/2023,12:00,138.064
1/26/2023,18:00,647.2
1/27/2023,0:00,93.744
1/27/2023,6:00,0
1/27/2023,12:00,131.856
1/27/2023,18:00,739.82
1/28/2023,0:00,214.992
1/28/2023,6:00,0
1/28/2023,12:00,133.776
1/28/2023,18:00,682.14
1/29/2023,0:00,230.048
1/29/2023,6:00,0
1/29/2023,12:00,131.18
1/29/2023,18:00,589.76
1/30/2023,0:00,171.392
1/30/2023,6:00,0
1/30/2023,12:00,131.26
1/30/2023,18:00,655.66
1/31/2023,0:00,152.304
1/31/2023,6:00,0
1/31/2023,12:00,131.104
1/31/2023,18:00,459.44
2/1/2023,0:00,204.32
2/1/2023,6:00,0
2/1/2023,12:00,127.68
2/1/2023,18:00,825.92
2/2/2023,0:00,267.472
2/2/2023,6:00,0
2/2/2023,12:00,128.304
2/2/2023,18:00,627.62
2/3/2023,0:00,52.976
2/3/2023,6:00,0
2/3/2023,12:00,55.856
2/3/2023,18:00,471.92
2/4/2023,0:00,152.704
2/4/2023,6:00,0
2/4/2023,12:00,75.04
2/4/2023,18:00,596.44
2/5/2023,0:00,88.176
2/5/2023,6:00,0
2/5/2023,12:00,120.54
2/5/2023,18:00,974.9
2/6/2023,0:00,347.088
2/6/2023,6:00,0
2/6/2023,12:00,127.328
2/6/2023,18:00,964.42
2/7/2023,0:00,340.72
2/7/2023,6:00,0
2/7/2023,12:00,127.728
2/7/2023,18:00,951.54
2/8/2023,0:00,326.08
2/8/2023,6:00,0
2/8/2023,12:00,126
2/8/2023,18:00,945.744
2/9/2023,0:00,297.264
2/9/2023,6:00,0
2/9/2023,12:00,19.52
2/9/2023,18:00,464.88
2/10/2023,0:00,159.36
2/10/2023,6:00,0
2/10/2023,12:00,73.728
2/10/2023,18:00,590.304
2/11/2023,0:00,267.056
2/11/2023,6:00,0
2/11/2023,12:00,120.5
2/11/2023,18:00,934.688
2/12/2023,0:00,329.408
2/12/2023,6:00,0
2/12/2023,12:00,123.64
2/12/2023,18:00,941.408
2/13/2023,0:00,328.704
2/13/2023,6:00,0
2/13/2023,12:00,118.38
2/13/2023,18:00,621.648
2/14/2023,0:00,147.872
2/14/2023,6:00,0
2/14/2023,12:00,82.82
2/14/2023,18:00,666.1
2/15/2023,0:00,142.848
2/15/2023,6:00,0
2/15/2023,12:00,108.752
2/15/2023,18:00,866.224
2/16/2023,0:00,310.992
2/16/2023,6:00,0
2/16/2023,12:00,116.896
2/16/2023,18:00,912.88
2/17/2023,0:00,232.416
2/17/2023,6:00,0
2/17/2023,12:00,22.064
2/17/2023,18:00,547.456
2/18/2023,0:00,323.856
2/18/2023,6:00,0
2/18/2023,12:00,118.72
2/18/2023,18:00,963.648
2/19/2023,0:00,329.904
2/19/2023,6:00,0
2/19/2023,12:00,97.3
2/19/2023,18:00,914.58
2/20/2023,0:00,275.392
2/20/2023,6:00,0
2/20/2023,12:00,14.94
2/20/2023,18:00,241.168
2/21/2023,0:00,111.68
2/21/2023,6:00,0
2/21/2023,12:00,110.4
2/21/2023,18:00,911.44
2/22/2023,0:00,302.144
2/22/2023,6:00,0
2/22/2023,12:00,91.808
2/22/2023,18:00,896.288
2/23/2023,0:00,295.76
2/23/2023,6:00,0
2/23/2023,12:00,92.592
2/23/2023,18:00,705.84
2/24/2023,0:00,206.56
2/24/2023,6:00,0
2/24/2023,12:00,6.08
2/24/2023,18:00,413.52
2/25/2023,0:00,218.896
2/25/2023,6:00,0
2/25/2023,12:00,104.4
2/25/2023,18:00,626.144
2/26/2023,0:00,157.696
2/26/2023,6:00,0
2/26/2023,12:00,104.064
2/26/2023,18:00,876.912
2/27/2023,0:00,291.568
2/27/2023,6:00,0
2/27/2023,12:00,106.032
2/27/2023,18:00,875.712
2/28/2023,0:00,283.936
2/28/2023,6:00,0
2/28/2023,12:00,102.448
2/28/2023,18:00,881.296
3/1/2023,0:00,283.888
3/1/2023,6:00,0
3/1/2023,12:00,100.816
3/1/2023,18:00,874.992
3/2/2023,0:00,121.888
3/2/2023,6:00,0
3/2/2023,12:00,84.944
3/2/2023,18:00,514.736
3/3/2023,0:00,25.328
3/3/2023,6:00,0
3/3/2023,12:00,29.008
3/3/2023,18:00,71.056
3/4/2023,0:00,171.04
3/4/2023,6:00,0
3/4/2023,12:00,88.56
3/4/2023,18:00,837.536
3/5/2023,0:00,265.84
3/5/2023,6:00,0
3/5/2023,12:00,97.58
3/5/2023,18:00,866.768
3/6/2023,0:00,274.112
3/6/2023,6:00,0
3/6/2023,12:00,97.96
3/6/2023,18:00,678.816
3/7/2023,0:00,95.408
3/7/2023,6:00,0
3/7/2023,12:00,94.32
3/7/2023,18:00,851.824
3/8/2023,0:00,188.256
3/8/2023,6:00,0
3/8/2023,12:00,95.12
3/8/2023,18:00,863.408
3/9/2023,0:00,262.512
3/9/2023,6:00,0
3/9/2023,12:00,94.416
3/9/2023,18:00,854.368
3/10/2023,0:00,247.888
3/10/2023,6:00,0
3/10/2023,12:00,92.288
3/10/2023,18:00,804.176
3/11/2023,0:00,73.696
3/11/2023,6:00,0
3/11/2023,12:00,93.872
3/11/2023,18:00,847.104
3/12/2023,0:00,255.472
3/12/2023,6:00,0
3/12/2023,12:00,91.248
3/12/2023,18:00,833.792
3/13/2023,0:00,245.44
3/13/2023,6:00,0
3/13/2023,12:00,89.04
3/13/2023,18:00,560.24
3/14/2023,0:00,20.24
3/14/2023,6:00,0
3/14/2023,12:00,65.824
3/14/2023,18:00,403.888
3/15/2023,0:00,40.064
3/15/2023,6:00,0
3/15/2023,12:00,11.088
3/15/2023,18:00,360.192
3/16/2023,0:00,75.168
3/16/2023,6:00,0
3/16/2023,12:00,76.096
3/16/2023,18:00,538.432
3/17/2023,0:00,160.896
3/17/2023,6:00,0
3/17/2023,12:00,70.112
3/17/2023,18:00,787.616
3/18/2023,0:00,179.664
3/18/2023,6:00,0
3/18/2023,12:00,86.592
3/18/2023,18:00,739.168
3/19/2023,0:00,82.816
3/19/2023,6:00,0
3/19/2023,12:00,78.896
3/19/2023,18:00,808.432
3/20/2023,0:00,149.408
3/20/2023,6:00,0
3/20/2023,12:00,50.416
3/20/2023,18:00,618.416
3/21/2023,0:00,127.872
3/21/2023,6:00,0
3/21/2023,12:00,82.224
3/21/2023,18:00,732.592
3/22/2023,0:00,144.624
3/22/2023,6:00,0
3/22/2023,12:00,81.232
3/22/2023,18:00,535.424
3/23/2023,0:00,118.672
3/23/2023,6:00,0
3/23/2023,12:00,74.032
3/23/2023,18:00,742.976
3/24/2023,0:00,129.44
3/24/2023,6:00,0
3/24/2023,12:00,76.224
3/24/2023,18:00,530.704
3/25/2023,0:00,73.776
3/25/2023,6:00,0
3/25/2023,12:00,47.952
3/25/2023,18:00,491.6
3/26/2023,0:00,98.064
3/26/2023,6:00,0
3/26/2023,12:00,59.248
3/26/2023,18:00,799.776
3/27/2023,0:00,219.904
3/27/2023,6:00,0
3/27/2023,12:00,83.568
3/27/2023,18:00,817.312
3/28/2023,0:00,223.248
3/28/2023,6:00,0
3/28/2023,12:00,79.312
3/28/2023,18:00,763.872
3/29/2023,0:00,102.832
3/29/2023,6:00,0
3/29/2023,12:00,69.216
3/29/2023,18:00,741.04
3/30/2023,0:00,117.744
3/30/2023,6:00,0
3/30/2023,12:00,30.336
3/30/2023,18:00,552.368
3/31/2023,0:00,156.352
3/31/2023,6:00,0
3/31/2023,12:00,74.352
3/31/2023,18:00,751.936
4/1/2023,0:00,85.072
4/1/2023,6:00,0
4/1/2023,12:00,77.296
4/1/2023,18:00,804.032
4/2/2023,0:00,212.896
4/2/2023,6:00,0
4/2/2023,12:00,81.296
4/2/2023,18:00,806.592
4/3/2023,0:00,209.328
4/3/2023,6:00,0
4/3/2023,12:00,78.608
4/3/2023,18:00,783.488
4/4/2023,0:00,202.192
4/4/2023,6:00,0
4/4/2023,12:00,74.192
4/4/2023,18:00,675.28
4/5/2023,0:00,158.976
4/5/2023,6:00,0
4/5/2023,12:00,39.28
4/5/2023,18:00,406.448
4/6/2023,0:00,65.904
4/6/2023,6:00,0
4/6/2023,12:00,4.64
4/6/2023,18:00,65.408
4/7/2023,0:00,9.792
4/7/2023,6:00,0
4/7/2023,12:00,19.28
4/7/2023,18:00,270.576
4/8/2023,0:00,131.312
4/8/2023,6:00,0
4/8/2023,12:00,67.424
4/8/2023,18:00,412.112
4/9/2023,0:00,69.136
4/9/2023,6:00,0
4/9/2023,12:00,67.64
4/9/2023,18:00,687.808
4/10/2023,0:00,131.808
4/10/2023,6:00,0
4/10/2023,12:00,67.22
4/10/2023,18:00,701.472
4/11/2023,0:00,158.208
4/11/2023,6:00,0
4/11/2023,12:00,66.576
4/11/2023,18:00,714.992
4/12/2023,0:00,155.68
4/12/2023,6:00,0
4/12/2023,12:00,65.66
4/12/2023,18:00,716.448
4/13/2023,0:00,171.696
4/13/2023,6:00,0
4/13/2023,12:00,48.416
4/13/2023,18:00,120.848
4/14/2023,0:00,41.984
4/14/2023,6:00,0
4/14/2023,12:00,9.888
4/14/2023,18:00,192.048
4/15/2023,0:00,137.568
4/15/2023,6:00,0
4/15/2023,12:00,61.408
4/15/2023,18:00,682.176
4/16/2023,0:00,150.128
4/16/2023,6:00,0
4/16/2023,12:00,46.256
4/16/2023,18:00,464.304
4/17/2023,0:00,119.584
4/17/2023,6:00,0
4/17/2023,12:00,39.36
4/17/2023,18:00,470.96
4/18/2023,0:00,40.864
4/18/2023,6:00,0
4/18/2023,12:00,62.064
4/18/2023,18:00,710.144
4/19/2023,0:00,163.344
4/19/2023,6:00,0
4/19/2023,12:00,63.22
4/19/2023,18:00,532.4
4/20/2023,0:00,88.496
4/20/2023,6:00,0
4/20/2023,12:00,63.008
4/20/2023,18:00,710.704
4/21/2023,0:00,161.776
4/21/2023,6:00,0
4/21/2023,12:00,63.264
4/21/2023,18:00,711.456
4/22/2023,0:00,159.296
4/22/2023,6:00,0
4/22/2023,12:00,48.448
4/22/2023,18:00,635.104
4/23/2023,0:00,151.568
4/23/2023,6:00,0
4/23/2023,12:00,58.88
4/23/2023,18:00,651.312
4/24/2023,0:00,129.024
4/24/2023,6:00,0
4/24/2023,12:00,57.36
4/24/2023,18:00,477.888
4/25/2023,0:00,56.32
4/25/2023,6:00,0
4/25/2023,12:00,41.696
4/25/2023,18:00,488.224
4/26/2023,0:00,16.912
4/26/2023,6:00,0
4/26/2023,12:00,19.008
4/26/2023,18:00,325.04
4/27/2023,0:00,137.936
4/27/2023,6:00,0
4/27/2023,12:00,54.864
4/27/2023,18:00,656.736
4/28/2023,0:00,139.568
4/28/2023,6:00,0
4/28/2023,12:00,55.904
4/28/2023,18:00,668.832
4/29/2023,0:00,141.84
4/29/2023,6:00,0
4/29/2023,12:00,54.16
4/29/2023,18:00,651.488
4/30/2023,0:00,137.664
4/30/2023,6:00,0
4/30/2023,12:00,53.6
4/30/2023,18:00,652.144
5/1/2023,0:00,137.04
5/1/2023,6:00,0
5/1/2023,12:00,9.744
5/1/2023,18:00,499.024
5/2/2023,0:00,31.632
5/2/2023,6:00,0
5/2/2023,12:00,45.872
5/2/2023,18:00,462.336
5/3/2023,0:00,19.84
5/3/2023,6:00,0
5/3/2023,12:00,14.56
5/3/2023,18:00,147.824
5/4/2023,0:00,3.088
5/4/2023,6:00,0
5/4/2023,12:00,4
5/4/2023,18:00,71.008
5/5/2023,0:00,15.456
5/5/2023,6:00,0
5/5/2023,12:00,3.968
5/5/2023,18:00,360.368
5/6/2023,0:00,53.168
5/6/2023,6:00,0
5/6/2023,12:00,35.472
5/6/2023,18:00,480.8
5/7/2023,0:00,66.064
5/7/2023,6:00,0
5/7/2023,12:00,27.264
5/7/2023,18:00,407.296
5/8/2023,0:00,16.56
5/8/2023,6:00,0
5/8/2023,12:00,37.312
5/8/2023,18:00,540.064
5/9/2023,0:00,109.952
5/9/2023,6:00,0
5/9/2023,12:00,49.04
5/9/2023,18:00,629.472
5/10/2023,0:00,125.136
5/10/2023,6:00,0
5/10/2023,12:00,47.76
5/10/2023,18:00,611.136
5/11/2023,0:00,122.944
5/11/2023,6:00,0
5/11/2023,12:00,46.08
5/11/2023,18:00,602.992
5/12/2023,0:00,91.936
5/12/2023,6:00,0
5/12/2023,12:00,45.648
5/12/2023,18:00,607.248
5/13/2023,0:00,118.96
5/13/2023,6:00,0
5/13/2023,12:00,44.464
5/13/2023,18:00,599.504
5/14/2023,0:00,117.472
5/14/2023,6:00,0
5/14/2023,12:00,44.608
5/14/2023,18:00,598.752
5/15/2023,0:00,115.024
5/15/2023,6:00,0
5/15/2023,12:00,43.408
5/15/2023,18:00,597.76
5/16/2023,0:00,115.808
5/16/2023,6:00,0
5/16/2023,12:00,43.744
5/16/2023,18:00,600.768
5/17/2023,0:00,116
5/17/2023,6:00,0
5/17/2023,12:00,42.128
5/17/2023,18:00,592.416
5/18/2023,0:00,114.528
5/18/2023,6:00,0
5/18/2023,12:00,41.776
5/18/2023,18:00,585.312
5/19/2023,0:00,111.904
5/19/2023,6:00,0
5/19/2023,12:00,38.928
5/19/2023,18:00,577.088
5/20/2023,0:00,113.024
5/20/2023,6:00,0
5/20/2023,12:00,29.568
5/20/2023,18:00,398.368
5/21/2023,0:00,46.496
5/21/2023,6:00,0
5/21/2023,12:00,11.184
5/21/2023,18:00,153.28
5/22/2023,0:00,2.944
5/22/2023,6:00,0
5/22/2023,12:00,21.088
5/22/2023,18:00,481.888
5/23/2023,0:00,99.296
5/23/2023,6:00,0
5/23/2023,12:00,37.04
5/23/2023,18:00,550.72
5/24/2023,0:00,102.624
5/24/2023,6:00,0
5/24/2023,12:00,36.816
5/24/2023,18:00,555.76
5/25/2023,0:00,104.32
5/25/2023,6:00,0
5/25/2023,12:00,36.8
5/25/2023,18:00,555.968
5/26/2023,0:00,103.904
5/26/2023,6:00,0
5/26/2023,12:00,27.008
5/26/2023,18:00,453.168
5/27/2023,0:00,99.36
5/27/2023,6:00,0
5/27/2023,12:00,24.56
5/27/2023,18:00,160.384
5/28/2023,0:00,15.168
5/28/2023,6:00,0
5/28/2023,12:00,4.16
5/28/2023,18:00,235.344
5/29/2023,0:00,98.032
5/29/2023,6:00,0
5/29/2023,12:00,34.272
5/29/2023,18:00,458.176
5/30/2023,0:00,99.936
5/30/2023,6:00,0
5/30/2023,12:00,26.432
5/30/2023,18:00,499.056
5/31/2023,0:00,97.376
5/31/2023,6:00,0
5/31/2023,12:00,32.768
5/31/2023,18:00,500.656
6/1/2023,0:00,98.8
6/1/2023,6:00,0
6/1/2023,12:00,32.976
6/1/2023,18:00,533.664
6/2/2023,0:00,98.64
6/2/2023,6:00,0
6/2/2023,12:00,33.12
6/2/2023,18:00,537.872
6/3/2023,0:00,87.968
6/3/2023,6:00,0
6/3/2023,12:00,33.088
6/3/2023,18:00,538.336
6/4/2023,0:00,86.544
6/4/2023,6:00,0
6/4/2023,12:00,31.936
6/4/2023,18:00,493.44
6/5/2023,0:00,74.768
6/5/2023,6:00,0
6/5/2023,12:00,15.424
6/5/2023,18:00,413.312
6/6/2023,0:00,94.352
6/6/2023,6:00,0
6/6/2023,12:00,27.568
6/6/2023,18:00,517.184
6/7/2023,0:00,95.312
6/7/2023,6:00,0
6/7/2023,12:00,29.856
6/7/2023,18:00,515.152
6/8/2023,0:00,95.024
6/8/2023,6:00,0
6/8/2023,12:00,29.056
6/8/2023,18:00,517.088
6/9/2023,0:00,96.192
6/9/2023,6:00,0
6/9/2023,12:00,30.656
6/9/2023,18:00,528.832
6/10/2023,0:00,96.688
6/10/2023,6:00,0
6/10/2023,12:00,26.72
6/10/2023,18:00,194.4
6/11/2023,0:00,24.768
6/11/2023,6:00,0
6/11/2023,12:00,0.496
6/11/2023,18:00,38.384
6/12/2023,0:00,12.784
6/12/2023,6:00,0
6/12/2023,12:00,30.16
6/12/2023,18:00,381.152
6/13/2023,0:00,91.408
6/13/2023,6:00,0
6/13/2023,12:00,19.024
6/13/2023,18:00,109.888
6/14/2023,0:00,4.064
6/14/2023,6:00,0
6/14/2023,12:00,2.912
6/14/2023,18:00,30.816
6/15/2023,0:00,2.608
6/15/2023,6:00,0
6/15/2023,12:00,0.416
6/15/2023,18:00,27.584
6/16/2023,0:00,2.768
6/16/2023,6:00,0
6/16/2023,12:00,3.152
6/16/2023,18:00,341.712
6/17/2023,0:00,37.712
6/17/2023,6:00,0
6/17/2023,12:00,28.848
6/17/2023,18:00,524.624
6/18/2023,0:00,87.6
6/18/2023,6:00,0
6/18/2023,12:00,28.816
6/18/2023,18:00,533.04
6/19/2023,0:00,101.168
6/19/2023,6:00,0
6/19/2023,12:00,24.38
6/19/2023,18:00,450.352
6/20/2023,0:00,77.248
6/20/2023,6:00,0
6/20/2023,12:00,22.94
6/20/2023,18:00,493.28
6/21/2023,0:00,96.08
6/21/2023,6:00,0
6/21/2023,12:00,7.06
6/21/2023,18:00,124.16
6/22/2023,0:00,5.824
6/22/2023,6:00,0
6/22/2023,12:00,6.288
6/22/2023,18:00,108.496
6/23/2023,0:00,52.592
6/23/2023,6:00,0
6/23/2023,12:00,3.648
6/23/2023,18:00,147.056
6/24/2023,0:00,37.328
6/24/2023,6:00,0
6/24/2023,12:00,25.552
6/24/2023,18:00,480.448
6/25/2023,0:00,95.312
6/25/2023,6:00,0
6/25/2023,12:00,25.872
6/25/2023,18:00,328.464
6/26/2023,0:00,27.232
6/26/2023,6:00,0
6/26/2023,12:00,26.08
6/26/2023,18:00,506.88
6/27/2023,0:00,98.912
6/27/2023,6:00,0
6/27/2023,12:00,27.16
6/27/2023,18:00,524.88
6/28/2023,0:00,102.128
6/28/2023,6:00,0
6/28/2023,12:00,26.32
6/28/2023,18:00,496.16
6/29/2023,0:00,15.424
6/29/2023,6:00,0
6/29/2023,12:00,26.624
6/29/2023,18:00,520.096
6/30/2023,0:00,99.744
6/30/2023,6:00,0
6/30/2023,12:00,3.712
6/30/2023,18:00,87.76
7/1/2023,0:00,64.176
7/1/2023,6:00,0
7/1/2023,12:00,25.58
7/1/2023,18:00,482.896
7/2/2023,0:00,99.12
7/2/2023,6:00,0
7/2/2023,12:00,26.16
7/2/2023,18:00,513.968
7/3/2023,0:00,101.472
7/3/2023,6:00,0
7/3/2023,12:00,26.752
7/3/2023,18:00,522.96
7/4/2023,0:00,104.144
7/4/2023,6:00,0
7/4/2023,12:00,26.912
7/4/2023,18:00,527.2
7/5/2023,0:00,105.584
7/5/2023,6:00,0
7/5/2023,12:00,26.528
7/5/2023,18:00,517.264
7/6/2023,0:00,103.472
7/6/2023,6:00,0
7/6/2023,12:00,24.24
7/6/2023,18:00,444.16
7/7/2023,0:00,73.984
7/7/2023,6:00,0
7/7/2023,12:00,8.416
7/7/2023,18:00,272.16
7/8/2023,0:00,78.784
7/8/2023,6:00,0
7/8/2023,12:00,2
7/8/2023,18:00,502.352
7/9/2023,0:00,98.448
7/9/2023,6:00,0
7/9/2023,12:00,25.84
7/9/2023,18:00,433.84
7/10/2023,0:00,36.208
7/10/2023,6:00,0
7/10/2023,12:00,4.432
7/10/2023,18:00,98.8
7/11/2023,0:00,2
7/11/2023,6:00,0
7/11/2023,12:00,1.392
7/11/2023,18:00,45.264
7/12/2023,0:00,22.544
7/12/2023,6:00,0
7/12/2023,12:00,16.032
7/12/2023,18:00,58.816
7/13/2023,0:00,7.104
7/13/2023,6:00,0
7/13/2023,12:00,0.96
7/13/2023,18:00,22.992
7/14/2023,0:00,6.272
7/14/2023,6:00,0
7/14/2023,12:00,27.6
7/14/2023,18:00,289.792
7/15/2023,0:00,26.352
7/15/2023,6:00,0
7/15/2023,12:00,29.536
7/15/2023,18:00,551.792
7/16/2023,0:00,92.544
7/16/2023,6:00,0
7/16/2023,12:00,28.608
7/16/2023,18:00,543.056
7/17/2023,0:00,113.328
7/17/2023,6:00,0
7/17/2023,12:00,27.008
7/17/2023,18:00,464.272
7/18/2023,0:00,88.368
7/18/2023,6:00,0
7/18/2023,12:00,30.56
7/18/2023,18:00,563.792
7/19/2023,0:00,119.344
7/19/2023,6:00,0
7/19/2023,12:00,29.728
7/19/2023,18:00,550.32
7/20/2023,0:00,64.176
7/20/2023,6:00,0
7/20/2023,12:00,14.992
7/20/2023,18:00,324.944
7/21/2023,0:00,72.4
7/21/2023,6:00,0
7/21/2023,12:00,29.216
7/21/2023,18:00,541.968
7/22/2023,0:00,115.84
7/22/2023,6:00,0
7/22/2023,12:00,22.16
7/22/2023,18:00,537.616
7/23/2023,0:00,118.176
7/23/2023,6:00,0
7/23/2023,12:00,28.784
7/23/2023,18:00,526.912
7/24/2023,0:00,110.448
7/24/2023,6:00,0
7/24/2023,12:00,30.656
7/24/2023,18:00,551.664
7/25/2023,0:00,119.664
7/25/2023,6:00,0
7/25/2023,12:00,15.104
7/25/2023,18:00,409.664
7/26/2023,0:00,48.56
7/26/2023,6:00,0
7/26/2023,12:00,28.816
7/26/2023,18:00,260.32
7/27/2023,0:00,52.976
7/27/2023,6:00,0
7/27/2023,12:00,28.56
7/27/2023,18:00,566.128
7/28/2023,0:00,118.72
7/28/2023,6:00,0
7/28/2023,12:00,16.944
7/28/2023,18:00,371.552
7/29/2023,0:00,125.36
7/29/2023,6:00,0
7/29/2023,12:00,35.248
7/29/2023,18:00,593.552
7/30/2023,0:00,131.232
7/30/2023,6:00,0
7/30/2023,12:00,30.304
7/30/2023,18:00,579.296
7/31/2023,0:00,128.08
7/31/2023,6:00,0
7/31/2023,12:00,34.608
7/31/2023,18:00,575.008
8/1/2023,0:00,127.456
8/1/2023,6:00,0
8/1/2023,12:00,36.112
8/1/2023,18:00,592.096
8/2/2023,0:00,131.872
8/2/2023,6:00,0
8/2/2023,12:00,37.552
8/2/2023,18:00,600.128
8/3/2023,0:00,133.312
8/3/2023,6:00,0
8/3/2023,12:00,37.824
8/3/2023,18:00,596.912
8/4/2023,0:00,129.712
8/4/2023,6:00,0
8/4/2023,12:00,37.952
8/4/2023,18:00,594.512
8/5/2023,0:00,133.824
8/5/2023,6:00,0
8/5/2023,12:00,38.032
8/5/2023,18:00,595.312
8/6/2023,0:00,134.832
8/6/2023,6:00,0
8/6/2023,12:00,40.768
8/6/2023,18:00,615.328
8/7/2023,0:00,137.072
8/7/2023,6:00,0
8/7/2023,12:00,1.008
8/7/2023,18:00,172.992
8/8/2023,0:00,74.08
8/8/2023,6:00,0
8/8/2023,12:00,38.736
8/8/2023,18:00,400.304
8/9/2023,0:00,27.04
8/9/2023,6:00,0
8/9/2023,12:00,1.68
8/9/2023,18:00,33.616
8/10/2023,0:00,5.536
8/10/2023,6:00,0
8/10/2023,12:00,38.832
8/10/2023,18:00,352.496
8/11/2023,0:00,91.952
8/11/2023,6:00,0
8/11/2023,12:00,31.456
8/11/2023,18:00,593.696
8/12/2023,0:00,129.152
8/12/2023,6:00,0
8/12/2023,12:00,28.48
8/12/2023,18:00,644.848
8/13/2023,0:00,151.232
8/13/2023,6:00,0
8/13/2023,12:00,46.656
8/13/2023,18:00,662.112
8/14/2023,0:00,154.112
8/14/2023,6:00,0
8/14/2023,12:00,48.768
8/14/2023,18:00,658.432
8/15/2023,0:00,149.392
8/15/2023,6:00,0
8/15/2023,12:00,47.344
8/15/2023,18:00,639.712
8/16/2023,0:00,146.08
8/16/2023,6:00,0
8/16/2023,12:00,47.664
8/16/2023,18:00,639.104
8/17/2023,0:00,147.568
8/17/2023,6:00,0
8/17/2023,12:00,47.84
8/17/2023,18:00,639.312
8/18/2023,0:00,148.736
8/18/2023,6:00,0
8/18/2023,12:00,22.592
8/18/2023,18:00,133.984
8/19/2023,0:00,23.968
8/19/2023,6:00,0
8/19/2023,12:00,23.024
8/19/2023,18:00,667.072
8/20/2023,0:00,156.912
8/20/2023,6:00,0
8/20/2023,12:00,51.056
8/20/2023,18:00,648.528
8/21/2023,0:00,147.072
8/21/2023,6:00,0
8/21/2023,12:00,53.68
8/21/2023,18:00,672.8
8/22/2023,0:00,159.456
8/22/2023,6:00,0
8/22/2023,12:00,52.928
8/22/2023,18:00,660.8
8/23/2023,0:00,155.552
8/23/2023,6:00,0
8/23/2023,12:00,54.88
8/23/2023,18:00,666.496
8/24/2023,0:00,156.928
8/24/2023,6:00,0
8/24/2023,12:00,6.192
8/24/2023,18:00,171.792
8/25/2023,0:00,48.304
8/25/2023,6:00,0
8/25/2023,12:00,60.592
8/25/2023,18:00,702.208
8/26/2023,0:00,166.688
8/26/2023,6:00,0
8/26/2023,12:00,62.976
8/26/2023,18:00,716.848
8/27/2023,0:00,170.368
8/27/2023,6:00,0
8/27/2023,12:00,65.04
8/27/2023,18:00,728.848
8/28/2023,0:00,173.44
8/28/2023,6:00,0
8/28/2023,12:00,66.048
8/28/2023,18:00,722.72
8/29/2023,0:00,171.488
8/29/2023,6:00,0
8/29/2023,12:00,64.224
8/29/2023,18:00,707.664
8/30/2023,0:00,150.912
8/30/2023,6:00,0
8/30/2023,12:00,66.112
8/30/2023,18:00,714.288
8/31/2023,0:00,170.816
8/31/2023,6:00,0
8/31/2023,12:00,67.2
8/31/2023,18:00,715.632
9/1/2023,0:00,171.104
9/1/2023,6:00,0
9/1/2023,12:00,23.68
9/1/2023,18:00,111.872
9/2/2023,0:00,17.216
9/2/2023,6:00,0
9/2/2023,12:00,8.496
9/2/2023,18:00,160.752
9/3/2023,0:00,69.888
9/3/2023,6:00,0
9/3/2023,12:00,23.04
9/3/2023,18:00,387.424
9/4/2023,0:00,89.808
9/4/2023,6:00,0
9/4/2023,12:00,59.456
9/4/2023,18:00,359.824
9/5/2023,0:00,23.968
9/5/2023,6:00,0
9/5/2023,12:00,22.912
9/5/2023,18:00,303.552
9/6/2023,0:00,75.744
9/6/2023,6:00,0
9/6/2023,12:00,75.376
9/6/2023,18:00,697.056
9/7/2023,0:00,137.536
9/7/2023,6:00,0
9/7/2023,12:00,28.432
9/7/2023,18:00,280.208
9/8/2023,0:00,69.152
9/8/2023,6:00,0
9/8/2023,12:00,13.328
9/8/2023,18:00,255.984
9/9/2023,0:00,44.88
9/9/2023,6:00,0
9/9/2023,12:00,20.72
9/9/2023,18:00,289.456
9/10/2023,0:00,27.824
9/10/2023,6:00,0
9/10/2023,12:00,68.784
9/10/2023,18:00,716.896
9/11/2023,0:00,176.656
9/11/2023,6:00,0
9/11/2023,12:00,79.936
9/11/2023,18:00,749.072
9/12/2023,0:00,184.72
9/12/2023,6:00,0
9/12/2023,12:00,50.464
9/12/2023,18:00,353.44
9/13/2023,0:00,102.832
9/13/2023,6:00,0
9/13/2023,12:00,53.824
9/13/2023,18:00,46.192
9/14/2023,0:00,6.576
9/14/2023,6:00,0
9/14/2023,12:00,14.08
9/14/2023,18:00,384.768
9/15/2023,0:00,190.72
9/15/2023,6:00,0
9/15/2023,12:00,94.816
9/15/2023,18:00,803.088
9/16/2023,0:00,193.12
9/16/2023,6:00,0
9/16/2023,12:00,98.112
9/16/2023,18:00,811.744
9/17/2023,0:00,196.624
9/17/2023,6:00,0
9/17/2023,12:00,94.72
9/17/2023,18:00,784.736
9/18/2023,0:00,189.68
9/18/2023,6:00,0
9/18/2023,12:00,90.448
9/18/2023,18:00,728.48
9/19/2023,0:00,181.296
9/19/2023,6:00,0
9/19/2023,12:00,92.768
9/19/2023,18:00,609.104
9/20/2023,0:00,188.064
9/20/2023,6:00,0
9/20/2023,12:00,96.752
9/20/2023,18:00,781.808
9/21/2023,0:00,189.92
9/21/2023,6:00,0
9/21/2023,12:00,99.456
9/21/2023,18:00,788.576
9/22/2023,0:00,191.536
9/22/2023,6:00,0
9/22/2023,12:00,70.352
9/22/2023,18:00,588
9/23/2023,0:00,190.576
9/23/2023,6:00,0
9/23/2023,12:00,102.24
9/23/2023,18:00,793.312
9/24/2023,0:00,191.936
9/24/2023,6:00,0
9/24/2023,12:00,103.632
9/24/2023,18:00,796.688
9/25/2023,0:00,192.64
9/25/2023,6:00,0
9/25/2023,12:00,105.664
9/25/2023,18:00,784.448
9/26/2023,0:00,196.016
9/26/2023,6:00,0
9/26/2023,12:00,108.464
9/26/2023,18:00,745.616
9/27/2023,0:00,195.792
9/27/2023,6:00,0
9/27/2023,12:00,8.272
9/27/2023,18:00,240.832
9/28/2023,0:00,39.296
9/28/2023,6:00,0
9/28/2023,12:00,123.744
9/28/2023,18:00,874.224
9/29/2023,0:00,151.104
9/29/2023,6:00,0
9/29/2023,12:00,115.504
9/29/2023,18:00,837.584
9/30/2023,0:00,201.456
9/30/2023,6:00,0
9/30/2023,12:00,70.896
9/30/2023,18:00,689.84
10/1/2023,0:00,113.184
10/1/2023,6:00,0
10/1/2023,12:00,111.808
10/1/2023,18:00,870.896
10/2/2023,0:00,218.192
10/2/2023,6:00,0
10/2/2023,12:00,130.64
10/2/2023,18:00,886.592
10/3/2023,0:00,222.768
10/3/2023,6:00,0
10/3/2023,12:00,129.52
10/3/2023,18:00,802.336
10/4/2023,0:00,198.448
10/4/2023,6:00,0
10/4/2023,12:00,7.06
10/4/2023,18:00,138.624
10/5/2023,0:00,74.464
10/5/2023,6:00,0
10/5/2023,12:00,132.1
10/5/2023,18:00,849.9
10/6/2023,0:00,219.888
10/6/2023,6:00,0
10/6/2023,12:00,5.06
10/6/2023,18:00,140.84
10/7/2023,0:00,27.584
10/7/2023,6:00,0
10/7/2023,12:00,4.06
10/7/2023,18:00,81.52
10/8/2023,0:00,33.632
10/8/2023,6:00,0
10/8/2023,12:00,17.2
10/8/2023,18:00,264.06
10/9/2023,0:00,76.592
10/9/2023,6:00,0
10/9/2023,12:00,130.22
10/9/2023,18:00,837.34
10/10/2023,0:00,225.568
10/10/2023,6:00,0
10/10/2023,12:00,143.48
10/10/2023,18:00,906.2
10/11/2023,0:00,224.528
10/11/2023,6:00,0
10/11/2023,12:00,24.864
10/11/2023,18:00,260.5
10/12/2023,0:00,104.768
10/12/2023,6:00,0
10/12/2023,12:00,7.888
10/12/2023,18:00,143.72
10/13/2023,0:00,71.68
10/13/2023,6:00,0
10/13/2023,12:00,149.456
10/13/2023,18:00,924.6
10/14/2023,0:00,234.4
10/14/2023,6:00,0
10/14/2023,12:00,148.016
10/14/2023,18:00,912.22
10/15/2023,0:00,225.632
10/15/2023,6:00,0
10/15/2023,12:00,91.12
10/15/2023,18:00,810
10/16/2023,0:00,208.432
10/16/2023,6:00,0
10/16/2023,12:00,117.6
10/16/2023,18:00,589.2
10/17/2023,0:00,115.328
10/17/2023,6:00,0
10/17/2023,12:00,11.28
10/17/2023,18:00,19.6
10/18/2023,0:00,18.512
10/18/2023,6:00,0
10/18/2023,12:00,75.536
10/18/2023,18:00,294.24
10/19/2023,0:00,90.08
10/19/2023,6:00,0
10/19/2023,12:00,55.312
10/19/2023,18:00,626.432
10/20/2023,0:00,46.016
10/20/2023,6:00,0
10/20/2023,12:00,26.368
10/20/2023,18:00,621.04
10/21/2023,0:00,227.712
10/21/2023,6:00,0
10/21/2023,12:00,154.592
10/21/2023,18:00,899.08
10/22/2023,0:00,230.336
10/22/2023,6:00,0
10/22/2023,12:00,156.46
10/22/2023,18:00,828.352
10/23/2023,0:00,164.496
10/23/2023,6:00,0
10/23/2023,12:00,91.1
10/23/2023,18:00,596.98
10/24/2023,0:00,18.24
10/24/2023,6:00,0
10/24/2023,12:00,107.06
10/24/2023,18:00,314.5
10/25/2023,0:00,59.168
10/25/2023,6:00,0
10/25/2023,12:00,158.3
10/25/2023,18:00,928.8
10/26/2023,0:00,213.44
10/26/2023,6:00,0
10/26/2023,12:00,167.16
10/26/2023,18:00,933.2
10/27/2023,0:00,221.616
10/27/2023,6:00,0
10/27/2023,12:00,165.68
10/27/2023,18:00,706.8
10/28/2023,0:00,159.472
10/28/2023,6:00,0
10/28/2023,12:00,8.86
10/28/2023,18:00,98.64
10/29/2023,0:00,49.328
10/29/2023,6:00,0
10/29/2023,12:00,161.36
10/29/2023,18:00,934.3
10/30/2023,0:00,248.352
10/30/2023,6:00,0
10/30/2023,12:00,53.22
10/30/2023,18:00,232.4
10/31/2023,0:00,132.192
10/31/2023,6:00,0
10/31/2023,12:00,111.792
10/31/2023,18:00,713.68
11/1/2023,0:00,181.36
11/1/2023,6:00,0
11/1/2023,12:00,125.56
11/1/2023,18:00,420.1
11/2/2023,0:00,162.592
11/2/2023,6:00,0
11/2/2023,12:00,8.736
11/2/2023,18:00,133.04
11/3/2023,0:00,15.952
11/3/2023,6:00,0
11/3/2023,12:00,4.992
11/3/2023,18:00,88.68
11/4/2023,0:00,76.96
11/4/2023,6:00,0
11/4/2023,12:00,111.02
11/4/2023,18:00,425.4
11/5/2023,0:00,261.392
11/5/2023,6:00,0
11/5/2023,12:00,193.46
11/5/2023,18:00,997.92
11/6/2023,0:00,264.944
11/6/2023,6:00,0
11/6/2023,12:00,185.296
11/6/2023,18:00,971.5
11/7/2023,0:00,263.312
11/7/2023,6:00,0
11/7/2023,12:00,185.808
11/7/2023,18:00,972.02
11/8/2023,0:00,263.088
11/8/2023,6:00,0
11/8/2023,12:00,164.32
11/8/2023,18:00,837.94
11/9/2023,0:00,135.184
11/9/2023,6:00,0
11/9/2023,12:00,8.54
11/9/2023,18:00,215.34
11/10/2023,0:00,113.216
11/10/2023,6:00,0
11/10/2023,12:00,159.42
11/10/2023,18:00,843.54
11/11/2023,0:00,255.088
11/11/2023,6:00,0
11/11/2023,12:00,180.96
11/11/2023,18:00,938.42
11/12/2023,0:00,250.384
11/12/2023,6:00,0
11/12/2023,12:00,181.88
11/12/2023,18:00,940.8
11/13/2023,0:00,203.264
11/13/2023,6:00,0
11/13/2023,12:00,13.94
11/13/2023,18:00,264.6
11/14/2023,0:00,40.48
11/14/2023,6:00,0
11/14/2023,12:00,6.08
11/14/2023,18:00,100.62
11/15/2023,0:00,22.656
11/15/2023,6:00,0
11/15/2023,12:00,143.14
11/15/2023,18:00,827.4
11/16/2023,0:00,183.152
11/16/2023,6:00,0
11/16/2023,12:00,70.76
11/16/2023,18:00,694.92
11/17/2023,0:00,63.808
11/17/2023,6:00,0
11/17/2023,12:00,35.82
11/17/2023,18:00,496
11/18/2023,0:00,131.6
11/18/2023,6:00,0
11/18/2023,12:00,14.82
11/18/2023,18:00,95.44
11/19/2023,0:00,251.808
11/19/2023,6:00,0
11/19/2023,12:00,194.38
11/19/2023,18:00,993.02
11/20/2023,0:00,289.632
11/20/2023,6:00,0
11/20/2023,12:00,169.86
11/20/2023,18:00,984.1
11/21/2023,0:00,286.02
11/21/2023,6:00,0
11/21/2023,12:00,181.08
11/21/2023,18:00,967.82
11/22/2023,0:00,274.6
11/22/2023,6:00,0
11/22/2023,12:00,141.72
11/22/2023,18:00,496.36
11/23/2023,0:00,48.76
11/23/2023,6:00,0
11/23/2023,12:00,101.48
11/23/2023,18:00,754.6
11/24/2023,0:00,232.512
11/24/2023,6:00,0
11/24/2023,12:00,148.6
11/24/2023,18:00,901.36
11/25/2023,0:00,180.528
11/25/2023,6:00,0
11/25/2023,12:00,183.6
11/25/2023,18:00,980.94
11/26/2023,0:00,287.216
11/26/2023,6:00,0
11/26/2023,12:00,136.2
11/26/2023,18:00,878.24
11/27/2023,0:00,280.128
11/27/2023,6:00,0
11/27/2023,12:00,37.08
11/27/2023,18:00,111.6
11/28/2023,0:00,27.728
11/28/2023,6:00,0
11/28/2023,12:00,19.6
11/28/2023,18:00,191.74
11/29/2023,0:00,183.46
11/29/2023,6:00,0
11/29/2023,12:00,29.6
11/29/2023,18:00,715.2
11/30/2023,0:00,93.52
11/30/2023,6:00,0
11/30/2023,12:00,191.88
11/30/2023,18:00,966.72
12/1/2023,0:00,267.9
12/1/2023,6:00,0
12/1/2023,12:00,190.7
12/1/2023,18:00,964.08
12/2/2023,0:00,289.26
12/2/2023,6:00,0
12/2/2023,12:00,185.1
12/2/2023,18:00,730.64
12/3/2023,0:00,38.58
12/3/2023,6:00,0
12/3/2023,12:00,85.24
12/3/2023,18:00,754.56
12/4/2023,0:00,74.56
12/4/2023,6:00,0
12/4/2023,12:00,47.32
12/4/2023,18:00,175.66
12/5/2023,0:00,49.86
12/5/2023,6:00,0
12/5/2023,12:00,168.56
12/5/2023,18:00,716.88
12/6/2023,0:00,273.94
12/6/2023,6:00,0
12/6/2023,12:00,39.34
12/6/2023,18:00,548.18
12/7/2023,0:00,202.128
12/7/2023,6:00,0
12/7/2023,12:00,134.66
12/7/2023,18:00,250.54
12/8/2023,0:00,97.1
12/8/2023,6:00,0
12/8/2023,12:00,182
12/8/2023,18:00,1008.78
12/9/2023,0:00,320.1
12/9/2023,6:00,0
12/9/2023,12:00,198.62
12/9/2023,18:00,1005.36
12/10/2023,0:00,318.02
12/10/2023,6:00,0
12/10/2023,12:00,76.04
12/10/2023,18:00,163.7
12/11/2023,0:00,168.1
12/11/2023,6:00,0
12/11/2023,12:00,195.38
12/11/2023,18:00,1006.08
12/12/2023,0:00,321.4
12/12/2023,6:00,0
12/12/2023,12:00,193.54
12/12/2023,18:00,999.6
12/13/2023,0:00,320.58
12/13/2023,6:00,0
12/13/2023,12:00,171.18
12/13/2023,18:00,775.68
12/14/2023,0:00,183.62
12/14/2023,6:00,0
12/14/2023,12:00,151.1
12/14/2023,18:00,811.6
12/15/2023,0:00,243.8
12/15/2023,6:00,0
12/15/2023,12:00,182.02
12/15/2023,18:00,958.26
12/16/2023,0:00,166.624
12/16/2023,6:00,0
12/16/2023,12:00,176.3
12/16/2023,18:00,171.22
12/17/2023,0:00,147.02
12/17/2023,6:00,0
12/17/2023,12:00,186.92
12/17/2023,18:00,974.98
12/18/2023,0:00,316.96
12/18/2023,6:00,0
12/18/2023,12:00,166.92
12/18/2023,18:00,850.6
12/19/2023,0:00,286.688
12/19/2023,6:00,0
12/19/2023,12:00,156.22
12/19/2023,18:00,609.34
12/20/2023,0:00,219.76
12/20/2023,6:00,0
12/20/2023,12:00,130.52
12/20/2023,18:00,655.64
12/21/2023,0:00,227.12
12/21/2023,6:00,0
12/21/2023,12:00,178.14
12/21/2023,18:00,938.84
12/22/2023,0:00,290.48
12/22/2023,6:00,0
12/22/2023,12:00,176.94
12/22/2023,18:00,908.24
12/23/2023,0:00,126.32
12/23/2023,6:00,0
12/23/2023,12:00,174.52
12/23/2023,18:00,895.34
12/24/2023,0:00,65.78
12/24/2023,6:00,0
12/24/2023,12:00,167.9
12/24/2023,18:00,910.4
12/25/2023,0:00,276.1
12/25/2023,6:00,0
12/25/2023,12:00,105.08
12/25/2023,18:00,482.64
12/26/2023,6:00,0
12/26/2023,12:00,186.3
12/26/2023,18:00,1026.96
12/27/2023,0:00,351
12/27/2023,6:00,0
12/27/2023,12:00,185.92
12/27/2023,18:00,1018.3
12/28/2023,0:00,346.74
12/28/2023,6:00,0
12/28/2023,12:00,179.38
12/28/2023,18:00,978.98
12/29/2023,0:00,329.82
12/29/2023,6:00,0
12/29/2023,12:00,29.64
12/29/2023,18:00,180.46
12/30/2023,0:00,76.62
12/30/2023,6:00,0
12/30/2023,12:00,42.64
12/30/2023,18:00,672.22
12/31/2023,0:00,295.04
12/31/2023,6:00,0
12/31/2023,12:00,154.24
12/31/2023,18:00,769.84
1/1/2024,0:00,208.02
1/1/2024,6:00,0
1/1/2024,12:00,168.46
1/1/2024,18:00,971.9
1/2/2024,0:00,326.5
1/2/2024,6:00,0
1/2/2024,12:00,164.58
1/2/2024,18:00,843.18
1/3/2024,0:00,331.96
1/3/2024,6:00,0
1/3/2024,12:00,168.36
1/3/2024,18:00,981.96
1/4/2024,0:00,335.92
1/4/2024,6:00,0
1/4/2024,12:00,166.54
1/4/2024,18:00,980.32
1/5/2024,0:00,334.48
1/5/2024,6:00,0
1/5/2024,12:00,166.14
1/5/2024,18:00,977.06
1/6/2024,0:00,156.992
1/6/2024,6:00,0
1/6/2024,12:00,164.3
1/6/2024,18:00,974.32
1/7/2024,0:00,339.664
1/7/2024,6:00,0
1/7/2024,12:00,161.872
1/7/2024,18:00,966.76
1/8/2024,0:00,287.536
1/8/2024,6:00,0
1/8/2024,12:00,59.568
1/8/2024,18:00,468.6
1/9/2024,0:00,159.2
1/9/2024,6:00,0
1/9/2024,12:00,143.84
1/9/2024,18:00,388.8
1/10/2024,0:00,141.328
1/10/2024,6:00,0
1/10/2024,12:00,136.72
1/10/2024,18:00,345.72
1/11/2024,0:00,90.672
1/11/2024,6:00,0
1/11/2024,12:00,48.12
1/11/2024,18:00,304.38
1/12/2024,0:00,156.944
1/12/2024,6:00,0
1/12/2024,12:00,112.12
1/12/2024,18:00,439.36
1/13/2024,0:00,239.68
1/13/2024,6:00,0
1/13/2024,12:00,153.22
1/13/2024,18:00,964.62
1/14/2024,0:00,344.32
1/14/2024,6:00,0
1/14/2024,12:00,152.38
1/14/2024,18:00,960.34
1/15/2024,0:00,273.48
1/15/2024,6:00,0
1/15/2024,12:00,149.74
1/15/2024,18:00,957.8
1/16/2024,0:00,341.18
1/16/2024,6:00,0
1/16/2024,12:00,149.74
1/16/2024,18:00,849.28
1/17/2024,0:00,134.68
1/17/2024,6:00,0
1/17/2024,12:00,5.28
1/17/2024,18:00,127.26
1/18/2024,0:00,123.616
1/18/2024,6:00,0
1/18/2024,12:00,85.22
1/18/2024,18:00,652.12
1/19/2024,0:00,304.064
1/19/2024,6:00,0
1/19/2024,12:00,143.58
1/19/2024,18:00,948.66
1/20/2024,0:00,327.296
1/20/2024,6:00,0
1/20/2024,12:00,142
1/20/2024,18:00,818.58
1/21/2024,0:00,225.872
1/21/2024,6:00,0
1/21/2024,12:00,107.88
1/21/2024,18:00,550.26
1/22/2024,0:00,237.344
1/22/2024,6:00,0
1/22/2024,12:00,140.944
1/22/2024,18:00,758.72
1/23/2024,0:00,299.488
1/23/2024,6:00,0
1/23/2024,12:00,141.088
1/23/2024,18:00,758.62
1/24/2024,0:00,338.336
1/24/2024,6:00,0
1/24/2024,12:00,142.12
1/24/2024,18:00,948.5
1/25/2024,0:00,340.256
1/25/2024,6:00,0
1/25/2024,12:00,140.38
1/25/2024,18:00,964.12
1/26/2024,0:00,347.552
1/26/2024,6:00,0
1/26/2024,12:00,143.16
1/26/2024,18:00,980.62
1/27/2024,0:00,343.632
1/27/2024,6:00,0
1/27/2024,12:00,90.88
1/27/2024,18:00,919.4
1/28/2024,0:00,274.512
1/28/2024,6:00,0
1/28/2024,12:00,136.98
1/28/2024,18:00,952.88
1/29/2024,0:00,339.728
1/29/2024,6:00,0
1/29/2024,12:00,135.34
1/29/2024,18:00,952.58
1/30/2024,0:00,341.584
1/30/2024,6:00,0
1/30/2024,12:00,135.34
1/30/2024,18:00,949.52
1/31/2024,0:00,134.464
1/31/2024,6:00,0
1/31/2024,12:00,134.88
1/31/2024,18:00,957.92
2/1/2024,0:00,339.648
2/1/2024,6:00,0
2/1/2024,12:00,134.048
2/1/2024,18:00,953.48
2/2/2024,0:00,338
2/2/2024,6:00,0
2/2/2024,12:00,131.36
2/2/2024,18:00,947.72
2/3/2024,0:00,336.128
2/3/2024,6:00,0
2/3/2024,12:00,129.392
2/3/2024,18:00,939.26
2/4/2024,0:00,310.016
2/4/2024,6:00,0
2/4/2024,12:00,126.256
2/4/2024,18:00,931.56
2/5/2024,0:00,331.872
2/5/2024,6:00,0
2/5/2024,12:00,96.096
2/5/2024,18:00,819.5
2/6/2024,0:00,257.68
2/6/2024,6:00,0
2/6/2024,12:00,90.976
2/6/2024,18:00,855.168
2/7/2024,0:00,308.672
2/7/2024,6:00,0
2/7/2024,12:00,122.912
2/7/2024,18:00,919.824
2/8/2024,0:00,320.976
2/8/2024,6:00,0
2/8/2024,12:00,114.16
2/8/2024,18:00,887.54
2/9/2024,0:00,294.768
2/9/2024,6:00,0
2/9/2024,12:00,118.944
2/9/2024,18:00,768.72
2/10/2024,0:00,230.56
2/10/2024,6:00,0
2/10/2024,12:00,116.608
2/10/2024,18:00,891.3
2/11/2024,0:00,230.8
2/11/2024,6:00,0
2/11/2024,12:00,114.752
2/11/2024,18:00,900.32
2/12/2024,0:00,262.416
2/12/2024,6:00,0
2/12/2024,12:00,115.472
2/12/2024,18:00,907.504
2/13/2024,0:00,146.576
2/13/2024,6:00,0
2/13/2024,12:00,6.08
2/13/2024,18:00,62.512
2/14/2024,0:00,43.104
2/14/2024,6:00,0
2/14/2024,12:00,60.832
2/14/2024,18:00,390.656
2/15/2024,0:00,156.528
2/15/2024,6:00,0
2/15/2024,12:00,46.464
2/15/2024,18:00,245.872
2/16/2024,0:00,18.08
2/16/2024,6:00,0
2/16/2024,12:00,17.904
2/16/2024,18:00,423.152
2/17/2024,0:00,264.576
2/17/2024,6:00,0
2/17/2024,12:00,109.056
2/17/2024,18:00,865.024
2/18/2024,0:00,205.12
2/18/2024,6:00,0
2/18/2024,12:00,113.232
2/18/2024,18:00,910.736
2/19/2024,0:00,263.776
2/19/2024,6:00,0
2/19/2024,12:00,82.512
2/19/2024,18:00,533.264
2/20/2024,0:00,150.192
2/20/2024,6:00,0
2/20/2024,12:00,21.68
2/20/2024,18:00,672.56
2/21/2024,0:00,166.256
2/21/2024,6:00,0
2/21/2024,12:00,110.064
2/21/2024,18:00,909.92
2/22/2024,0:00,304.16
2/22/2024,6:00,0
2/22/2024,12:00,110.944
2/22/2024,18:00,907.392
2/23/2024,0:00,300.88
2/23/2024,6:00,0
2/23/2024,12:00,105.552
2/23/2024,18:00,885.984
2/24/2024,0:00,206.72
2/24/2024,6:00,0
2/24/2024,12:00,104.48
2/24/2024,18:00,876.048
2/25/2024,0:00,289.632
2/25/2024,6:00,0
2/25/2024,12:00,94.52
2/25/2024,18:00,846.24
2/26/2024,0:00,278.864
2/26/2024,6:00,0
2/26/2024,12:00,28
2/26/2024,18:00,123.664
2/27/2024,0:00,205.44
2/27/2024,6:00,0
2/27/2024,12:00,13.52
2/27/2024,18:00,581.792
2/28/2024,0:00,236.656
2/28/2024,6:00,0
2/28/2024,12:00,76.32
2/28/2024,18:00,785.664
2/29/2024,0:00,272.912
2/29/2024,6:00,0
2/29/2024,12:00,48.224
2/29/2024,18:00,296.864
3/1/2024,0:00,121.008
3/1/2024,6:00,0
3/1/2024,12:00,99.696
3/1/2024,18:00,854.4
3/2/2024,0:00,226.128
3/2/2024,6:00,0
3/2/2024,12:00,100.048
3/2/2024,18:00,871.44
3/3/2024,0:00,276.432
3/3/2024,6:00,0
3/3/2024,12:00,86.736
3/3/2024,18:00,660.432
3/4/2024,0:00,174.448
3/4/2024,6:00,0
3/4/2024,12:00,31.072
3/4/2024,18:00,204.656
3/5/2024,0:00,15.744
3/5/2024,6:00,0
3/5/2024,12:00,90.96
3/5/2024,18:00,809.68
3/6/2024,0:00,272.896
3/6/2024,6:00,0
3/6/2024,12:00,101.392
3/6/2024,18:00,883.696
3/7/2024,0:00,272.624
3/7/2024,6:00,0
3/7/2024,12:00,91.808
3/7/2024,18:00,826.864
3/8/2024,0:00,93.344
3/8/2024,6:00,0
3/8/2024,12:00,8.848
3/8/2024,18:00,254.464
3/9/2024,0:00,103.888
3/9/2024,6:00,0
3/9/2024,12:00,91.008
3/9/2024,18:00,826.896
3/10/2024,0:00,222.432
3/10/2024,6:00,0
3/10/2024,12:00,95.12
3/10/2024,18:00,789.888
3/11/2024,0:00,260.736
3/11/2024,6:00,0
3/11/2024,12:00,95.8
3/11/2024,18:00,867.776
3/12/2024,0:00,260.896
3/12/2024,6:00,0
3/12/2024,12:00,93.74
3/12/2024,18:00,852.672
3/13/2024,0:00,255.488
3/13/2024,6:00,0
3/13/2024,12:00,93.584
3/13/2024,18:00,851.728
3/14/2024,0:00,253.136
3/14/2024,6:00,0
3/14/2024,12:00,90.736
3/14/2024,18:00,834.288
3/15/2024,0:00,243.536
3/15/2024,6:00,0
3/15/2024,12:00,59.68
3/15/2024,18:00,564.24
3/16/2024,0:00,174.944
3/16/2024,6:00,0
3/16/2024,12:00,75.42
3/16/2024,18:00,568.096
3/17/2024,0:00,183.648
3/17/2024,6:00,0
3/17/2024,12:00,47.96
3/17/2024,18:00,560.976
3/18/2024,0:00,79.488
3/18/2024,6:00,0
3/18/2024,12:00,72.176
3/18/2024,18:00,741.856
3/19/2024,0:00,211.824
3/19/2024,6:00,0
3/19/2024,12:00,79.44
3/19/2024,18:00,672.928
3/20/2024,0:00,160.976
3/20/2024,6:00,0
3/20/2024,12:00,81.24
3/20/2024,18:00,784.912
3/21/2024,0:00,199.216
3/21/2024,6:00,0
3/21/2024,12:00,6.14
3/21/2024,18:00,93.456
3/22/2024,0:00,97.008
3/22/2024,6:00,0
3/22/2024,12:00,70.5
3/22/2024,18:00,812.736
3/23/2024,0:00,226.064
3/23/2024,6:00,0
3/23/2024,12:00,83.632
3/23/2024,18:00,818.464
3/24/2024,0:00,226.32
3/24/2024,6:00,0
3/24/2024,12:00,82.4
3/24/2024,18:00,801.648
3/25/2024,0:00,219.888
3/25/2024,6:00,0
3/25/2024,12:00,81.808
3/25/2024,18:00,797.616
3/26/2024,0:00,217.92
3/26/2024,6:00,0
3/26/2024,12:00,81.92
3/26/2024,18:00,800.576
3/27/2024,0:00,216.176
3/27/2024,6:00,0
3/27/2024,12:00,78.336
3/27/2024,18:00,750.384
3/28/2024,0:00,94.704
3/28/2024,6:00,0
3/28/2024,12:00,66.576
3/28/2024,18:00,718.192
3/29/2024,0:00,106.352
3/29/2024,6:00,0
3/29/2024,12:00,75.632
3/29/2024,18:00,759.088
3/30/2024,0:00,184.352
3/30/2024,6:00,0
3/30/2024,12:00,76.256
3/30/2024,18:00,770.816
3/31/2024,0:00,199.216
3/31/2024,6:00,0
3/31/2024,12:00,60.176
3/31/2024,18:00,701.056
4/1/2024,0:00,193.024
4/1/2024,6:00,0
4/1/2024,12:00,73.744
4/1/2024,18:00,697.936
4/2/2024,0:00,195.504
4/2/2024,6:00,0
4/2/2024,12:00,72.336
4/2/2024,18:00,743.28
4/3/2024,0:00,154.352
4/3/2024,6:00,0
4/3/2024,12:00,71.92
4/3/2024,18:00,746.592
4/4/2024,0:00,190.56
4/4/2024,6:00,0
4/4/2024,12:00,70.624
4/4/2024,18:00,153.04
4/5/2024,0:00,109.968
4/5/2024,6:00,0
4/5/2024,12:00,68.512
4/5/2024,18:00,717.2
4/6/2024,0:00,116.784
4/6/2024,6:00,0
4/6/2024,12:00,69.936
4/6/2024,18:00,735.632
4/7/2024,0:00,165.728
4/7/2024,6:00,0
4/7/2024,12:00,16.64
4/7/2024,18:00,156.064
4/8/2024,0:00,32.016
4/8/2024,6:00,0
4/8/2024,12:00,17.856
4/8/2024,18:00,586.64
4/9/2024,0:00,78.656
4/9/2024,6:00,0
4/9/2024,12:00,67.424
4/9/2024,18:00,623.76
4/10/2024,0:00,137.52
4/10/2024,6:00,0
4/10/2024,12:00,65.216
4/10/2024,18:00,392.88
4/11/2024,0:00,21.968
4/11/2024,6:00,0
4/11/2024,12:00,2.28
4/11/2024,18:00,49.984
4/12/2024,0:00,16.208
4/12/2024,6:00,0
4/12/2024,12:00,14.9
4/12/2024,18:00,488.896
4/13/2024,0:00,107.072
4/13/2024,6:00,0
4/13/2024,12:00,50.2
4/13/2024,18:00,276.432
4/14/2024,0:00,21.136
4/14/2024,6:00,0
4/14/2024,12:00,53.76
4/14/2024,18:00,484.016
4/15/2024,0:00,50.288
4/15/2024,6:00,0
4/15/2024,12:00,25.888
4/15/2024,18:00,305.168
4/16/2024,0:00,21.776
4/16/2024,6:00,0
4/16/2024,12:00,0.32
4/16/2024,18:00,20.192
4/17/2024,0:00,40.74
4/17/2024,6:00,0
4/17/2024,12:00,63.056
4/17/2024,18:00,713.184
4/18/2024,0:00,163.088
4/18/2024,6:00,0
4/18/2024,12:00,63.328
4/18/2024,18:00,704.672
4/19/2024,0:00,159.072
4/19/2024,6:00,0
4/19/2024,12:00,55.376
4/19/2024,18:00,686.208
4/20/2024,0:00,160.912
4/20/2024,6:00,0
4/20/2024,12:00,62.832
4/20/2024,18:00,708.112
4/21/2024,0:00,158.56
4/21/2024,6:00,0
4/21/2024,12:00,61.44
4/21/2024,18:00,690
4/22/2024,0:00,152.24
4/22/2024,6:00,0
4/22/2024,12:00,35.712
4/22/2024,18:00,184.032
4/23/2024,0:00,10.56
4/23/2024,6:00,0
4/23/2024,12:00,54.08
4/23/2024,18:00,559.824
4/24/2024,0:00,112.336
4/24/2024,6:00,0
4/24/2024,12:00,16.064
4/24/2024,18:00,294.208
4/25/2024,0:00,122.544
4/25/2024,6:00,0
4/25/2024,12:00,11.744
4/25/2024,18:00,474.848
4/26/2024,0:00,48.256
4/26/2024,6:00,0
4/26/2024,12:00,52.304
4/26/2024,18:00,611.28
4/27/2024,0:00,135.68
4/27/2024,6:00,0
4/27/2024,12:00,52.016
4/27/2024,18:00,629.232
4/28/2024,0:00,132.08
4/28/2024,6:00,0
4/28/2024,12:00,42.368
4/28/2024,18:00,537.952
4/29/2024,0:00,123.472
4/29/2024,6:00,0
4/29/2024,12:00,46.944
4/29/2024,18:00,579.264
4/30/2024,0:00,128.48
4/30/2024,6:00,0
4/30/2024,12:00,49.152
4/30/2024,18:00,289.744
5/1/2024,0:00,126.064
5/1/2024,6:00,0
5/1/2024,12:00,9.008
5/1/2024,18:00,508.64
5/2/2024,0:00,120.832
5/2/2024,6:00,0
5/2/2024,12:00,1.68
5/2/2024,18:00,169.44
5/3/2024,0:00,2.912
5/3/2024,6:00,0
5/3/2024,12:00,13.504
5/3/2024,18:00,40.704
5/4/2024,0:00,4.736
5/4/2024,6:00,0
5/4/2024,12:00,4.944
5/4/2024,18:00,201.6
5/5/2024,0:00,74.672
5/5/2024,6:00,0
5/5/2024,12:00,9.424
5/5/2024,18:00,476.048
5/6/2024,0:00,119.952
5/6/2024,6:00,0
5/6/2024,12:00,47.568
5/6/2024,18:00,611.152
5/7/2024,0:00,120.848
5/7/2024,6:00,0
5/7/2024,12:00,46.384
5/7/2024,18:00,597.872
5/8/2024,0:00,115.488
5/8/2024,6:00,0
5/8/2024,12:00,29.824
5/8/2024,18:00,283.888
5/9/2024,0:00,4.864
5/9/2024,6:00,0
5/9/2024,12:00,22.736
5/9/2024,18:00,437.456
5/10/2024,0:00,107.472
5/10/2024,6:00,0
5/10/2024,12:00,10.672
5/10/2024,18:00,232.56
5/11/2024,0:00,62.048
5/11/2024,6:00,0
5/11/2024,12:00,20.304
5/11/2024,18:00,152.576
5/12/2024,0:00,50.4
5/12/2024,6:00,0
5/12/2024,12:00,9.2
5/12/2024,18:00,177.184
5/13/2024,0:00,12.912
5/13/2024,6:00,0
5/13/2024,12:00,1.264
5/13/2024,18:00,17.296
5/14/2024,0:00,2.816
5/14/2024,6:00,0
5/14/2024,12:00,23.2
5/14/2024,18:00,556.912
5/15/2024,0:00,86.064
5/15/2024,6:00,0
5/15/2024,12:00,35.936
5/15/2024,18:00,533.088
5/16/2024,0:00,89.552
5/16/2024,6:00,0
5/16/2024,12:00,1.472
5/16/2024,18:00,85.392
5/17/2024,0:00,15.2
5/17/2024,6:00,0
5/17/2024,12:00,2.08
5/17/2024,18:00,34.768
5/18/2024,0:00,6.128
5/18/2024,6:00,0
5/18/2024,12:00,4.912
5/18/2024,18:00,102.784
5/19/2024,0:00,9.6
5/19/2024,6:00,0
5/19/2024,12:00,20.496
5/19/2024,18:00,162.992
5/20/2024,6:00,0
5/20/2024,12:00,41.392
5/20/2024,18:00,592.08
5/21/2024,0:00,112.816
5/21/2024,6:00,0
5/21/2024,12:00,36.288
5/21/2024,18:00,112.192
5/22/2024,0:00,80.8
5/22/2024,6:00,0
5/22/2024,12:00,36.368
5/22/2024,18:00,542.704
5/23/2024,0:00,98.944
5/23/2024,6:00,0
5/23/2024,12:00,14.336
5/23/2024,18:00,320.784
5/24/2024,0:00,83.856
5/24/2024,6:00,0
5/24/2024,12:00,1.12
5/24/2024,18:00,28.128
5/25/2024,0:00,11.088
5/25/2024,6:00,0
5/25/2024,12:00,36.736
5/25/2024,18:00,501.872
5/26/2024,0:00,76.272
5/26/2024,6:00,0
5/26/2024,12:00,36.112
5/26/2024,18:00,384.08
5/27/2024,0:00,16.512
5/27/2024,6:00,0
5/27/2024,12:00,0.88
5/27/2024,18:00,43.264
5/28/2024,0:00,18.096
5/28/2024,6:00,0
5/28/2024,12:00,30.64
5/28/2024,18:00,88.896
5/29/2024,0:00,11.168
5/29/2024,6:00,0
5/29/2024,12:00,33.584
5/29/2024,18:00,535.376
5/30/2024,0:00,102.416
5/30/2024,6:00,0
5/30/2024,12:00,35.696
5/30/2024,18:00,560.48
5/31/2024,0:00,104.208
5/31/2024,6:00,0
5/31/2024,12:00,34.96
5/31/2024,18:00,530.528
6/1/2024,0:00,102.784
6/1/2024,6:00,0
6/1/2024,12:00,31.136
6/1/2024,18:00,508.912
6/2/2024,0:00,91.264
6/2/2024,6:00,0
6/2/2024,12:00,32.704
6/2/2024,18:00,533.216
6/3/2024,0:00,97.792
6/3/2024,6:00,0
6/3/2024,12:00,22.56
6/3/2024,18:00,69.344
6/4/2024,0:00,8.336
6/4/2024,6:00,0
6/4/2024,12:00,28.8
6/4/2024,18:00,428.288
6/5/2024,0:00,72.912
6/5/2024,6:00,0
6/5/2024,12:00,29.088
6/5/2024,18:00,496.528
6/6/2024,0:00,94.144
6/6/2024,6:00,0
6/6/2024,12:00,29.552
6/6/2024,18:00,510.08
6/7/2024,0:00,85.408
6/7/2024,6:00,0
6/7/2024,12:00,29.728
6/7/2024,18:00,513.456
6/8/2024,0:00,94.752
6/8/2024,6:00,0
6/8/2024,12:00,29.824
6/8/2024,18:00,520.368
6/9/2024,0:00,95.52
6/9/2024,6:00,0
6/9/2024,12:00,29.68
6/9/2024,18:00,520.48
6/10/2024,0:00,96.48
6/10/2024,6:00,0
6/10/2024,12:00,27.344
6/10/2024,18:00,509.2
6/11/2024,0:00,94.016
6/11/2024,6:00,0
6/11/2024,12:00,27.536
6/11/2024,18:00,507.408
6/12/2024,0:00,94.096
6/12/2024,6:00,0
6/12/2024,12:00,28.8
6/12/2024,18:00,512.72
6/13/2024,0:00,95.312
6/13/2024,6:00,0
6/13/2024,12:00,28.816
6/13/2024,18:00,512.288
6/14/2024,0:00,88.24
6/14/2024,6:00,0
6/14/2024,12:00,28.512
6/14/2024,18:00,508.032
6/15/2024,0:00,95.056
6/15/2024,6:00,0
6/15/2024,12:00,6.432
6/15/2024,18:00,190.496
6/16/2024,0:00,41.792
6/16/2024,6:00,0
6/16/2024,12:00,12.54
6/16/2024,18:00,205.552
6/17/2024,0:00,4.272
6/17/2024,6:00,0
6/17/2024,12:00,8.048
6/17/2024,18:00,121.088
6/18/2024,0:00,12.896
6/18/2024,6:00,0
6/18/2024,12:00,12.512
6/18/2024,18:00,385.888
6/19/2024,0:00,82.032
6/19/2024,6:00,0
6/19/2024,12:00,21.504
6/19/2024,18:00,490.064
6/20/2024,0:00,71.92
6/20/2024,6:00,0
6/20/2024,12:00,13.024
6/20/2024,18:00,222.704
6/21/2024,0:00,55.584
6/21/2024,6:00,0
6/21/2024,12:00,4.16
6/21/2024,18:00,373.088
6/22/2024,0:00,94.24
6/22/2024,6:00,0
6/22/2024,12:00,26.624
6/22/2024,18:00,458.16
6/23/2024,0:00,58.72
6/23/2024,6:00,0
6/23/2024,12:00,6.56
6/23/2024,18:00,197.824
6/24/2024,0:00,59.968
6/24/2024,6:00,0
6/24/2024,12:00,3.92
6/24/2024,18:00,61.28
6/25/2024,0:00,21.488
6/25/2024,6:00,0
6/25/2024,12:00,4.624
6/25/2024,18:00,121.792
6/26/2024,0:00,36.192
6/26/2024,6:00,0
6/26/2024,12:00,1.872
6/26/2024,18:00,103.168
6/27/2024,0:00,16.064
6/27/2024,6:00,0
6/27/2024,12:00,27.488
6/27/2024,18:00,527.872
6/28/2024,0:00,101.264
6/28/2024,6:00,0
6/28/2024,12:00,2.608
6/28/2024,18:00,180.496
6/29/2024,0:00,37.024
6/29/2024,6:00,0
6/29/2024,12:00,20.496
6/29/2024,18:00,480.928
6/30/2024,0:00,90.464
6/30/2024,6:00,0
6/30/2024,12:00,28.096
6/30/2024,18:00,538.608
7/1/2024,0:00,106.864
7/1/2024,6:00,0
7/1/2024,12:00,28.496
7/1/2024,18:00,541.6
7/2/2024,0:00,107.056
7/2/2024,6:00,0
7/2/2024,12:00,27.664
7/2/2024,18:00,527.968
7/3/2024,0:00,102.368
7/3/2024,6:00,0
7/3/2024,12:00,6.448
7/3/2024,18:00,185.664
7/4/2024,0:00,40.608
7/4/2024,6:00,0
7/4/2024,12:00,24.72
7/4/2024,18:00,197.792
7/5/2024,0:00,77.616
7/5/2024,6:00,0
7/5/2024,12:00,5.392
7/5/2024,18:00,54.944
7/6/2024,0:00,4.96
7/6/2024,6:00,0
7/6/2024,12:00,3.104
7/6/2024,18:00,176.512
7/7/2024,0:00,4.48
7/7/2024,6:00,0
7/7/2024,12:00,9.552
7/7/2024,18:00,96.656
7/8/2024,0:00,8.864
7/8/2024,6:00,0
7/8/2024,12:00,18.912
7/8/2024,18:00,451.136
7/9/2024,0:00,51.936
7/9/2024,6:00,0
7/9/2024,12:00,5.968
7/9/2024,18:00,97.776
7/10/2024,0:00,5.44
7/10/2024,6:00,0
7/10/2024,12:00,7.328
7/10/2024,18:00,131.008
7/11/2024,0:00,37.392
7/11/2024,6:00,0
7/11/2024,12:00,2.096
7/11/2024,18:00,38.048
7/12/2024,0:00,5.712
7/12/2024,6:00,0
7/12/2024,12:00,28.384
7/12/2024,18:00,243.44
7/13/2024,0:00,31.088
7/13/2024,6:00,0
7/13/2024,12:00,14.4
7/13/2024,18:00,204.56
7/14/2024,0:00,6.384
7/14/2024,6:00,0
7/14/2024,12:00,2.112
7/14/2024,18:00,92.928
7/15/2024,0:00,17.52
7/15/2024,6:00,0
7/15/2024,12:00,11.52
7/15/2024,18:00,185.648
7/16/2024,0:00,20.304
7/16/2024,6:00,0
7/16/2024,12:00,5.216
7/16/2024,18:00,410.208
7/17/2024,0:00,71.072
7/17/2024,6:00,0
7/17/2024,12:00,24.64
7/17/2024,18:00,548.224
7/18/2024,0:00,117.12
7/18/2024,6:00,0
7/18/2024,12:00,29.808
7/18/2024,18:00,547.936
7/19/2024,0:00,116.048
7/19/2024,6:00,0
7/19/2024,12:00,30.352
7/19/2024,18:00,551.728
7/20/2024,0:00,116.496
7/20/2024,6:00,0
7/20/2024,12:00,30.224
7/20/2024,18:00,526.432
7/21/2024,0:00,90.096
7/21/2024,6:00,0
7/21/2024,12:00,23.12
7/21/2024,18:00,504.512
7/22/2024,0:00,100.528
7/22/2024,6:00,0
7/22/2024,12:00,31.36
7/22/2024,18:00,557.264
7/23/2024,0:00,119.04
7/23/2024,6:00,0
7/23/2024,12:00,31.984
7/23/2024,18:00,557.504
7/24/2024,0:00,99.6
7/24/2024,6:00,0
7/24/2024,12:00,27.632
7/24/2024,18:00,553.552
7/25/2024,0:00,124.048
7/25/2024,6:00,0
7/25/2024,12:00,27.248
7/25/2024,18:00,522.464
7/26/2024,0:00,121.904
7/26/2024,6:00,0
7/26/2024,12:00,13.008
7/26/2024,18:00,241.984
7/27/2024,0:00,24.144
7/27/2024,6:00,0
7/27/2024,12:00,13.952
7/27/2024,18:00,453.424
7/28/2024,0:00,55.856
7/28/2024,6:00,0
7/28/2024,12:00,29.68
7/28/2024,18:00,304.768
7/29/2024,0:00,43.328
7/29/2024,6:00,0
7/29/2024,12:00,2.832
7/29/2024,18:00,139.6
7/30/2024,0:00,37.248
7/30/2024,6:00,0
7/30/2024,12:00,35.136
7/30/2024,18:00,472.368
7/31/2024,0:00,21.408
7/31/2024,6:00,0
7/31/2024,12:00,35.296
7/31/2024,18:00,578.624
8/1/2024,0:00,95.792
8/1/2024,6:00,0
8/1/2024,12:00,36.064
8/1/2024,18:00,584.992
8/2/2024,0:00,129.856
8/2/2024,6:00,0
8/2/2024,12:00,36.896
8/2/2024,18:00,592.064
8/3/2024,0:00,132.528
8/3/2024,6:00,0
8/3/2024,12:00,37.408
8/3/2024,18:00,586.608
8/4/2024,0:00,131.664
8/4/2024,6:00,0
8/4/2024,12:00,20.304
8/4/2024,18:00,179.824
8/5/2024,0:00,12.96
8/5/2024,6:00,0
8/5/2024,12:00,20.48
8/5/2024,18:00,516.96
8/6/2024,0:00,69.008
8/6/2024,6:00,0
8/6/2024,12:00,22.24
8/6/2024,18:00,483.68
8/7/2024,0:00,135.504
8/7/2024,6:00,0
8/7/2024,12:00,2.208
8/7/2024,18:00,47.552
8/8/2024,0:00,4.72
8/8/2024,6:00,0
8/8/2024,12:00,1.76
8/8/2024,18:00,66.08
8/9/2024,0:00,101.552
8/9/2024,6:00,0
8/9/2024,12:00,38.672
8/9/2024,18:00,197.248
8/10/2024,0:00,31.68
8/10/2024,6:00,0
8/10/2024,12:00,17.12
8/10/2024,18:00,645.776
8/11/2024,0:00,149.808
8/11/2024,6:00,0
8/11/2024,12:00,47.392
8/11/2024,18:00,658.432
8/12/2024,0:00,149.872
8/12/2024,6:00,0
8/12/2024,12:00,47.696
8/12/2024,18:00,663.104
8/13/2024,0:00,153.76
8/13/2024,6:00,0
8/13/2024,12:00,49.296
8/13/2024,18:00,668
8/14/2024,0:00,155.008
8/14/2024,6:00,0
8/14/2024,12:00,50.208
8/14/2024,18:00,668.208
8/15/2024,0:00,155.296
8/15/2024,6:00,0
8/15/2024,12:00,48.528
8/15/2024,18:00,649.472
8/16/2024,0:00,150.352
8/16/2024,6:00,0
8/16/2024,12:00,43.184
8/16/2024,18:00,624.928
8/17/2024,0:00,130.528
8/17/2024,6:00,0
8/17/2024,12:00,23.936
8/17/2024,18:00,566.848
8/18/2024,0:00,150.016
8/18/2024,6:00,0
8/18/2024,12:00,50.176
8/18/2024,18:00,614.032
8/19/2024,0:00,82.48
8/19/2024,6:00,0
8/19/2024,12:00,52.16
8/19/2024,18:00,522.944
8/20/2024,0:00,35.552
8/20/2024,6:00,0
8/20/2024,12:00,51.76
8/20/2024,18:00,611.488
8/21/2024,0:00,151.072
8/21/2024,6:00,0
8/21/2024,12:00,51.92
8/21/2024,18:00,562.432
8/22/2024,0:00,155.424
8/22/2024,6:00,0
8/22/2024,12:00,36.384
8/22/2024,18:00,395.904
8/23/2024,0:00,24.96
8/23/2024,6:00,0
8/23/2024,12:00,3.088
8/23/2024,18:00,100.672
8/24/2024,0:00,51.248
8/24/2024,6:00,0
8/24/2024,12:00,58.848
8/24/2024,18:00,711.328
8/25/2024,0:00,169.76
8/25/2024,6:00,0
8/25/2024,12:00,62.08
8/25/2024,18:00,641.168
8/26/2024,0:00,63.664
8/26/2024,6:00,0
8/26/2024,12:00,64.448
8/26/2024,18:00,725.36
8/27/2024,0:00,173.264
8/27/2024,6:00,0
8/27/2024,12:00,55.552
8/27/2024,18:00,646.128
8/28/2024,0:00,163.696
8/28/2024,6:00,0
8/28/2024,12:00,14.096
8/28/2024,18:00,663.472
8/29/2024,0:00,116.16
8/29/2024,6:00,0
8/29/2024,12:00,50.128
8/29/2024,18:00,561.616
8/30/2024,0:00,135.696
8/30/2024,6:00,0
8/30/2024,12:00,65.648
8/30/2024,18:00,699.328
8/31/2024,0:00,170.256
8/31/2024,6:00,0
8/31/2024,12:00,63.344
8/31/2024,18:00,555.328
9/1/2024,0:00,146.928
9/1/2024,6:00,0
9/1/2024,12:00,23.712
9/1/2024,18:00,722.208
9/2/2024,0:00,161.632
9/2/2024,6:00,0
9/2/2024,12:00,74.288
9/2/2024,18:00,752.288
9/3/2024,0:00,182.448
9/3/2024,6:00,0
9/3/2024,12:00,72.384
9/3/2024,18:00,725.952
9/4/2024,0:00,173.84
9/4/2024,6:00,0
9/4/2024,12:00,72.72
9/4/2024,18:00,446.32
9/5/2024,0:00,9.344
9/5/2024,6:00,0
9/5/2024,12:00,65.184
9/5/2024,18:00,775.328
9/6/2024,0:00,188.176
9/6/2024,6:00,0
9/6/2024,12:00,83.504
9/6/2024,18:00,775.136
9/7/2024,0:00,172.896
9/7/2024,6:00,0
9/7/2024,12:00,70.912
9/7/2024,18:00,743.888
9/8/2024,0:00,180.352
9/8/2024,6:00,0
9/8/2024,12:00,56.992
9/8/2024,18:00,611.696
9/9/2024,0:00,174.512
9/9/2024,6:00,0
9/9/2024,12:00,63.76
9/9/2024,18:00,737.264
9/10/2024,0:00,182.16
9/10/2024,6:00,0
9/10/2024,12:00,84.48
9/10/2024,18:00,766.272
9/11/2024,0:00,184.752
9/11/2024,6:00,0
9/11/2024,12:00,85.664
9/11/2024,18:00,741.44
9/12/2024,0:00,168.336
9/12/2024,6:00,0
9/12/2024,12:00,85.328
9/12/2024,18:00,495.312
9/13/2024,0:00,86.08
9/13/2024,6:00,0
9/13/2024,12:00,80.576
9/13/2024,18:00,545.904
9/14/2024,0:00,51.648
9/14/2024,6:00,0
9/14/2024,12:00,82.62
9/14/2024,18:00,505.296
9/15/2024,0:00,164.928
9/15/2024,6:00,0
9/15/2024,12:00,57.168
9/15/2024,18:00,480.992
9/16/2024,0:00,51.248
9/16/2024,6:00,0
9/16/2024,12:00,96.8
9/16/2024,18:00,804.32
9/17/2024,0:00,197.264
9/17/2024,6:00,0
9/17/2024,12:00,99.904
9/17/2024,18:00,817.136
9/18/2024,0:00,200.736
9/18/2024,6:00,0
9/18/2024,12:00,68.832
9/18/2024,18:00,778.4
9/19/2024,0:00,194.912
9/19/2024,6:00,0
9/19/2024,12:00,96.544
9/19/2024,18:00,692.176
9/20/2024,0:00,190.528
9/20/2024,6:00,0
9/20/2024,12:00,18.016
9/20/2024,18:00,63.536
9/21/2024,0:00,46.288
9/21/2024,6:00,0
9/21/2024,12:00,106.144
9/21/2024,18:00,827.856
9/22/2024,0:00,199.952
9/22/2024,6:00,0
9/22/2024,12:00,103.264
9/22/2024,18:00,801.984
9/23/2024,0:00,197.776
9/23/2024,6:00,0
9/23/2024,12:00,106.464
9/23/2024,18:00,818.128
9/24/2024,0:00,200.608
9/24/2024,6:00,0
9/24/2024,12:00,108.784
9/24/2024,18:00,797.36
9/25/2024,0:00,198.72
9/25/2024,6:00,0
9/25/2024,12:00,72.048
9/25/2024,18:00,765.472
9/26/2024,0:00,174.784
9/26/2024,6:00,0
9/26/2024,12:00,73.328
9/26/2024,18:00,215.072
9/27/2024,0:00,41.632
9/27/2024,6:00,0
9/27/2024,12:00,20.928
9/27/2024,18:00,605.6
9/28/2024,0:00,126.08
9/28/2024,6:00,0
9/28/2024,12:00,121.68
9/28/2024,18:00,866.416
9/29/2024,0:00,209.616
9/29/2024,6:00,0
9/29/2024,12:00,123.52
9/29/2024,18:00,862.912
9/30/2024,0:00,214.32
9/30/2024,6:00,0
9/30/2024,12:00,123.984
9/30/2024,18:00,856.064
10/1/2024,0:00,212.72
10/1/2024,6:00,0
10/1/2024,12:00,111.44
10/1/2024,18:00,845.824
10/2/2024,0:00,184.576
10/2/2024,6:00,0
10/2/2024,12:00,18.656
10/2/2024,18:00,58
10/3/2024,0:00,86.208
10/3/2024,6:00,0
10/3/2024,12:00,131.088
10/3/2024,18:00,887.296
10/4/2024,0:00,221.488
10/4/2024,6:00,0
10/4/2024,12:00,132.368
10/4/2024,18:00,888.288
10/5/2024,0:00,223.264
10/5/2024,6:00,0
10/5/2024,12:00,135.36
10/5/2024,18:00,885.792
10/6/2024,0:00,218.24
10/6/2024,6:00,0
10/6/2024,12:00,123.632
10/6/2024,18:00,806.72
10/7/2024,0:00,172.784
10/7/2024,6:00,0
10/7/2024,12:00,101.136
10/7/2024,18:00,632.816
10/8/2024,0:00,65.584
10/8/2024,6:00,0
10/8/2024,12:00,40.832
10/8/2024,18:00,226.656
10/9/2024,0:00,33.472
10/9/2024,6:00,0
10/9/2024,12:00,14.368
10/9/2024,18:00,98.08
10/10/2024,0:00,4.784
10/10/2024,6:00,0
10/10/2024,12:00,22.576
10/10/2024,18:00,147.14
10/11/2024,0:00,43.6
10/11/2024,6:00,0
10/11/2024,12:00,3.024
10/11/2024,18:00,73.5
10/12/2024,0:00,53.76
10/12/2024,6:00,0
10/12/2024,12:00,122.432
10/12/2024,18:00,812.04
10/13/2024,0:00,51.104
10/13/2024,6:00,0
10/13/2024,12:00,145.44
10/13/2024,18:00,895.78
10/14/2024,0:00,221.36
10/14/2024,6:00,0
10/14/2024,12:00,132.544
10/14/2024,18:00,675.26
10/15/2024,0:00,131.776
10/15/2024,6:00,0
10/15/2024,12:00,56.496
10/15/2024,18:00,240.78
10/16/2024,0:00,25.6
10/16/2024,6:00,0
10/16/2024,12:00,149.344
10/16/2024,18:00,913.82
10/17/2024,0:00,235.968
10/17/2024,6:00,0
10/17/2024,12:00,160.352
10/17/2024,18:00,926.96
10/18/2024,0:00,228.208
10/18/2024,6:00,0
10/18/2024,12:00,16.82
10/18/2024,18:00,71.36
10/19/2024,0:00,108.032
10/19/2024,6:00,0
10/19/2024,12:00,113.952
10/19/2024,18:00,882.28
10/20/2024,0:00,170.48
10/20/2024,6:00,0
10/20/2024,12:00,158.896
10/20/2024,18:00,925.4
10/21/2024,0:00,237.968
10/21/2024,6:00,0
10/21/2024,12:00,157.48
10/22/2024,0:00,31.184
10/22/2024,6:00,0
10/22/2024,12:00,151.408
10/22/2024,18:00,693.06
10/23/2024,0:00,61.36
10/23/2024,6:00,0
10/23/2024,12:00,106.16
10/23/2024,18:00,739.16
10/24/2024,0:00,53.552
10/24/2024,6:00,0
10/24/2024,12:00,159.72
10/24/2024,18:00,636.34
10/25/2024,0:00,111.536
10/25/2024,6:00,0
10/25/2024,12:00,168.88
10/25/2024,18:00,939.66
10/26/2024,0:00,248.272
10/26/2024,6:00,0
10/26/2024,12:00,176.96
10/26/2024,18:00,958.76
10/27/2024,0:00,252.56
10/27/2024,6:00,0
10/27/2024,12:00,178.384
10/27/2024,18:00,966.26
10/28/2024,0:00,254.784
10/28/2024,6:00,0
10/28/2024,12:00,153.88
10/28/2024,18:00,941.88
10/29/2024,0:00,250.336
10/29/2024,6:00,0
10/29/2024,12:00,175.78
10/29/2024,18:00,956.22
10/30/2024,0:00,254.256
10/30/2024,6:00,0
10/30/2024,12:00,179.92
10/30/2024,18:00,963.92
10/31/2024,0:00,256.56
10/31/2024,6:00,0
10/31/2024,12:00,175.04
10/31/2024,18:00,943.74
11/1/2024,0:00,205.072
11/1/2024,6:00,0
11/1/2024,12:00,165.904
11/1/2024,18:00,931.18
11/2/2024,0:00,121.072
11/2/2024,6:00,0
11/2/2024,12:00,14.58
11/2/2024,18:00,58.84
11/3/2024,0:00,16.432
11/3/2024,6:00,0
11/3/2024,12:00,13.78
11/3/2024,18:00,493.06
11/4/2024,0:00,201.808
11/4/2024,6:00,0
11/4/2024,12:00,175.1
11/4/2024,18:00,631.04
11/5/2024,0:00,142.368
11/5/2024,6:00,0
11/5/2024,12:00,176.44
11/5/2024,18:00,624.76
11/6/2024,0:00,94.112
11/6/2024,6:00,0
11/6/2024,12:00,172.38
11/7/2024,0:00,73.456
11/7/2024,6:00,0
11/7/2024,12:00,148.8
11/7/2024,18:00,593.16
11/8/2024,0:00,146.624
11/8/2024,6:00,0
11/8/2024,12:00,30.16
11/8/2024,18:00,375.1
11/9/2024,0:00,66.8
11/9/2024,6:00,0
11/9/2024,12:00,195.56
11/9/2024,18:00,999.98
11/10/2024,0:00,274.912
11/10/2024,6:00,0
11/10/2024,12:00,193.7
11/10/2024,18:00,987.56
11/11/2024,0:00,274.144
11/11/2024,6:00,0
11/11/2024,12:00,191.74
11/11/2024,18:00,904.74
11/12/2024,0:00,25.328
11/12/2024,6:00,0
11/12/2024,12:00,57.74
11/12/2024,18:00,860.86
11/13/2024,0:00,282.464
11/13/2024,6:00,0
11/13/2024,12:00,196.54
11/13/2024,18:00,1001.18
11/14/2024,0:00,281.808
11/14/2024,6:00,0
11/14/2024,12:00,194.74
11/14/2024,18:00,987.44
11/15/2024,0:00,277.6
11/15/2024,6:00,0
11/15/2024,12:00,147.78
11/15/2024,18:00,876.94
11/16/2024,0:00,163.408
11/16/2024,6:00,0
11/16/2024,12:00,190.22
11/16/2024,18:00,968.88
11/17/2024,0:00,276.7
11/17/2024,6:00,0
11/17/2024,12:00,190.92
11/17/2024,18:00,960.94
11/18/2024,0:00,263.92
11/18/2024,6:00,0
11/18/2024,12:00,186.7
11/18/2024,18:00,557.3
11/19/2024,0:00,71.648
11/19/2024,6:00,0
11/19/2024,12:00,38.62
11/19/2024,18:00,310.4
11/20/2024,0:00,15.264
11/20/2024,6:00,0
11/20/2024,12:00,95.84
11/20/2024,18:00,491.96
11/21/2024,0:00,246.176
11/21/2024,6:00,0
11/21/2024,12:00,109.56
11/21/2024,18:00,355.4
11/22/2024,0:00,195.952
11/22/2024,6:00,0
11/22/2024,12:00,15.82
11/22/2024,18:00,399.82
11/23/2024,0:00,166.86
11/23/2024,6:00,0
11/23/2024,12:00,193.56
11/23/2024,18:00,905.4
11/24/2024,0:00,224.24
11/24/2024,6:00,0
11/24/2024,12:00,196.1
11/24/2024,18:00,984.2
11/25/2024,0:00,290.88
11/25/2024,6:00,0
11/25/2024,12:00,153.4
11/25/2024,18:00,770.56
11/26/2024,0:00,123.888
11/26/2024,6:00,0
11/26/2024,12:00,164.52
11/26/2024,18:00,694.28
11/27/2024,0:00,95.936
11/27/2024,6:00,0
11/27/2024,12:00,92.82
11/27/2024,18:00,431.2
11/28/2024,0:00,98.464
11/28/2024,6:00,0
11/28/2024,12:00,85.34
11/28/2024,18:00,79.2
11/29/2024,0:00,37.312
11/29/2024,6:00,0
11/29/2024,12:00,171.84
11/29/2024,18:00,781.74
11/30/2024,0:00,216.48
11/30/2024,6:00,0
11/30/2024,12:00,164.52
11/30/2024,18:00,959.54
12/1/2024,0:00,267.984
12/1/2024,6:00,0
12/1/2024,12:00,185.74
12/1/2024,18:00,804.84
12/2/2024,0:00,204.608
12/2/2024,6:00,0
12/2/2024,12:00,4.42
12/2/2024,18:00,112.74
12/3/2024,0:00,77.344
12/3/2024,6:00,0
12/3/2024,12:00,194.7
12/3/2024,18:00,958.1
12/4/2024,0:00,123.88
12/4/2024,6:00,0
12/4/2024,12:00,188.22
12/4/2024,18:00,946.36
12/5/2024,0:00,294.3
12/5/2024,6:00,0
12/5/2024,12:00,190.14
12/5/2024,18:00,848.26
12/6/2024,0:00,251.22
12/6/2024,6:00,0
12/6/2024,12:00,114.06
12/6/2024,18:00,577.28
12/7/2024,0:00,67.104
12/7/2024,6:00,0
12/7/2024,12:00,10.84
12/7/2024,18:00,106.44
12/8/2024,0:00,34.48
12/8/2024,6:00,0
12/8/2024,12:00,21.98
12/8/2024,18:00,314.38
12/9/2024,0:00,99.056
12/9/2024,6:00,0
12/9/2024,12:00,102.6
12/9/2024,18:00,416.24
12/10/2024,0:00,75.74
12/10/2024,6:00,0
12/10/2024,12:00,183.38
12/10/2024,18:00,927.56
12/11/2024,0:00,300.3
12/11/2024,6:00,0
12/11/2024,12:00,193.2
12/11/2024,18:00,982.76
12/12/2024,0:00,202.976
12/12/2024,6:00,0
12/12/2024,12:00,157.32
12/12/2024,18:00,766.18
12/13/2024,0:00,99.2
12/13/2024,6:00,0
12/13/2024,12:00,73.28
12/13/2024,18:00,229.08
12/14/2024,0:00,76.56
12/14/2024,6:00,0
12/14/2024,12:00,41.04
12/14/2024,18:00,681.06
12/15/2024,0:00,261.6
12/15/2024,6:00,0
12/15/2024,12:00,187.88
12/15/2024,18:00,862.84
12/16/2024,0:00,192.5
12/16/2024,6:00,0
12/16/2024,12:00,183.4
12/16/2024,18:00,926.7
12/17/2024,0:00,328.04
12/17/2024,6:00,0
12/17/2024,12:00,186.76
12/17/2024,18:00,945.26
12/18/2024,0:00,256.52
12/18/2024,6:00,0
12/18/2024,12:00,189.22
12/18/2024,18:00,997.54
12/19/2024,0:00,333.26
12/19/2024,6:00,0
12/19/2024,12:00,61.86
12/19/2024,18:00,48.2
12/20/2024,0:00,15.08
12/20/2024,6:00,0
12/20/2024,12:00,44.48
12/20/2024,18:00,908.56
12/21/2024,0:00,196.14
12/21/2024,6:00,0
12/21/2024,12:00,182.28
12/21/2024,18:00,989.6
12/22/2024,0:00,330.22
12/22/2024,6:00,0
12/22/2024,12:00,112.78
12/22/2024,18:00,809.42
12/23/2024,0:00,225.568
12/23/2024,6:00,0
12/23/2024,12:00,185.52
12/23/2024,18:00,1009.76
12/24/2024,0:00,341.18
12/24/2024,6:00,0
12/24/2024,12:00,169.54
12/24/2024,18:00,949.06
12/25/2024,0:00,170.224
12/25/2024,6:00,0
12/25/2024,12:00,113.22
12/25/2024,18:00,949.28
12/26/2024,0:00,345.376
12/26/2024,6:00,0
12/26/2024,12:00,184.14
12/26/2024,18:00,1016.62
12/27/2024,0:00,347.68
12/27/2024,6:00,0
12/27/2024,12:00,184.62
12/27/2024,18:00,1015.84
12/28/2024,0:00,347.68
12/28/2024,6:00,0
12/28/2024,12:00,179.78
12/28/2024,18:00,1007.02
12/29/2024,0:00,337.968
12/29/2024,6:00,0
12/29/2024,12:00,176.12
12/29/2024,18:00,995.24
12/30/2024,0:00,342.784
12/30/2024,6:00,0
12/30/2024,12:00,171.66
12/30/2024,18:00,900.32
12/31/2024,0:00,225.6
12/31/2024,6:00,0
12/31/2024,12:00,170.44
12/31/2024,18:00,991.96
1/1/2025,0:00,281.28
1/1/2025,6:00,0
1/1/2025,12:00,168.9
1/1/2025,18:00,969.16
1/2/2025,0:00,299.008
1/2/2025,6:00,0
1/2/2025,12:00,166.06
1/2/2025,18:00,978.94
1/3/2025,0:00,342.256
1/3/2025,6:00,0
1/3/2025,12:00,171.44
1/3/2025,18:00,995.92
1/4/2025,0:00,350.56
1/4/2025,6:00,0
1/4/2025,12:00,173.58
1/4/2025,18:00,1015.52
1/5/2025,0:00,358.62
1/5/2025,6:00,0
1/5/2025,12:00,171.98
1/5/2025,18:00,1006.14
1/6/2025,0:00,352.52
1/6/2025,6:00,0
1/6/2025,12:00,142.64
1/6/2025,18:00,976.66
1/7/2025,0:00,260.608
1/7/2025,6:00,0
1/7/2025,12:00,167.62
1/7/2025,18:00,1000.12
1/8/2025,0:00,351.456
1/8/2025,6:00,0
1/8/2025,12:00,164.54
1/8/2025,18:00,986.18
1/9/2025,0:00,348.432
1/9/2025,6:00,0
1/9/2025,12:00,160.7
1/9/2025,18:00,955.54
1/10/2025,0:00,278.848
1/10/2025,6:00,0
1/10/2025,12:00,156.1
1/10/2025,18:00,845.74
1/11/2025,0:00,192.98
1/11/2025,6:00,0
1/11/2025,12:00,156.62
1/11/2025,18:00,708.44
1/12/2025,0:00,171.22
1/12/2025,6:00,0
1/12/2025,12:00,155.72
1/12/2025,18:00,855.66
1/13/2025,0:00,332.336
1/13/2025,6:00,0
1/13/2025,12:00,154.56
1/13/2025,18:00,928.62
1/14/2025,0:00,120.192
1/14/2025,6:00,0
1/14/2025,12:00,126.08
1/14/2025,18:00,864.32
1/15/2025,0:00,79.168
1/15/2025,6:00,0
1/15/2025,12:00,71.82
1/15/2025,18:00,889.06
1/16/2025,0:00,172.56
1/16/2025,6:00,0
1/16/2025,12:00,148.84
1/16/2025,18:00,951.1
1/17/2025,0:00,97.968
1/17/2025,6:00,0
1/17/2025,12:00,147.3
1/17/2025,18:00,822.72
1/18/2025,0:00,309.728
1/18/2025,6:00,0
1/18/2025,12:00,146.6
1/18/2025,18:00,957.08
1/19/2025,0:00,324.736
1/19/2025,6:00,0
1/19/2025,12:00,149.168
1/19/2025,18:00,778.92
1/20/2025,0:00,231.808
1/20/2025,6:00,0
1/20/2025,12:00,73.72
1/20/2025,18:00,418.16
1/21/2025,0:00,351.152
1/21/2025,6:00,0
1/21/2025,12:00,146.912
1/21/2025,18:00,976.18
1/22/2025,0:00,346.416
1/22/2025,6:00,0
1/22/2025,12:00,146.848
1/22/2025,18:00,979.6
1/23/2025,0:00,351.088
1/23/2025,6:00,0
1/23/2025,12:00,140.976
1/23/2025,18:00,948.86
1/24/2025,0:00,190.304
1/24/2025,6:00,0
1/24/2025,12:00,22
1/24/2025,18:00,473.56
1/25/2025,0:00,289.872
1/25/2025,6:00,0
1/25/2025,12:00,112.176
1/25/2025,18:00,932.68
1/26/2025,0:00,142.448
1/26/2025,6:00,0
1/26/2025,12:00,138.976
1/26/2025,18:00,941.18
1/27/2025,0:00,140.544
1/27/2025,6:00,0
1/27/2025,12:00,104.94
1/27/2025,18:00,596.98
1/28/2025,0:00,135.04
1/28/2025,6:00,0
1/28/2025,12:00,132.912
1/28/2025,18:00,819.82
1/29/2025,0:00,244.912
1/29/2025,6:00,0
1/29/2025,12:00,129.792
1/29/2025,18:00,886.24
1/30/2025,0:00,283.2
1/30/2025,6:00,0
1/30/2025,12:00,129.856
1/30/2025,18:00,882.12
1/31/2025,0:00,130.96
1/31/2025,6:00,0
1/31/2025,12:00,130.08
1/31/2025,18:00,575.1
2/1/2025,0:00,180.992
2/1/2025,6:00,0
2/1/2025,12:00,129.824
2/1/2025,18:00,935.16
2/2/2025,0:00,254.464
2/2/2025,6:00,0
2/2/2025,12:00,129.312
2/2/2025,18:00,834.52
2/3/2025,0:00,67.872
2/3/2025,6:00,0
2/3/2025,12:00,129.3
2/3/2025,18:00,770.26
2/4/2025,0:00,263.584
2/4/2025,6:00,0
2/4/2025,12:00,124.9
2/4/2025,18:00,622.06
2/5/2025,0:00,140.976
2/5/2025,6:00,0
2/5/2025,12:00,124.128
2/5/2025,18:00,909.42
2/6/2025,0:00,95.424
2/6/2025,6:00,0
2/6/2025,12:00,121.584
2/6/2025,18:00,721.12
2/7/2025,0:00,155.488
2/7/2025,6:00,0
2/7/2025,12:00,122.96
2/7/2025,18:00,892.98
2/8/2025,0:00,328.672
2/8/2025,6:00,0
2/8/2025,12:00,123.584
2/8/2025,18:00,929.76
2/9/2025,0:00,320.992
2/9/2025,6:00,0
2/9/2025,12:00,119.76
2/9/2025,18:00,721.66
2/10/2025,0:00,41.68
2/10/2025,6:00,0
2/10/2025,12:00,119.392
2/10/2025,18:00,868.48
2/11/2025,0:00,187.696
2/11/2025,6:00,0
2/11/2025,12:00,117.472
2/11/2025,18:00,720.048
2/12/2025,0:00,10.208
2/12/2025,6:00,0
2/12/2025,12:00,112.624
2/12/2025,18:00,584.24
2/13/2025,0:00,33.904
2/13/2025,6:00,0
2/13/2025,12:00,112.416
2/13/2025,18:00,352.976
2/14/2025,0:00,34.352
2/14/2025,6:00,0
2/14/2025,12:00,114.24
2/14/2025,18:00,911.488
2/15/2025,0:00,311.888
2/15/2025,6:00,0
2/15/2025,12:00,111.344
2/15/2025,18:00,628.272
2/16/2025,0:00,80.064
2/16/2025,6:00,0
2/16/2025,12:00,104.112
2/16/2025,18:00,664.44
2/17/2025,0:00,170.032
2/17/2025,6:00,0
2/17/2025,12:00,96.72
2/17/2025,18:00,544.912
2/18/2025,0:00,116.48
2/18/2025,6:00,0
2/18/2025,12:00,84.98
2/18/2025,18:00,643.06
2/19/2025,0:00,228.88
2/19/2025,6:00,0
2/19/2025,12:00,77.34
2/19/2025,18:00,825.58
2/20/2025,0:00,294.368
2/20/2025,6:00,0
2/20/2025,12:00,113.02
2/20/2025,18:00,882.304
2/21/2025,0:00,261.936
2/21/2025,6:00,0
2/21/2025,12:00,90.9
2/21/2025,18:00,857.632
2/22/2025,0:00,269.104
2/22/2025,6:00,0
2/22/2025,12:00,106.5
2/22/2025,18:00,887.248
2/23/2025,0:00,294.304
2/23/2025,6:00,0
2/23/2025,12:00,105.08
2/23/2025,18:00,883.088
2/24/2025,0:00,283.728
2/24/2025,6:00,0
2/24/2025,12:00,105.24
2/24/2025,18:00,848.496
2/25/2025,0:00,268.976
2/25/2025,6:00,0
2/25/2025,12:00,104.38
2/25/2025,18:00,807.792
2/26/2025,0:00,157.824
2/26/2025,6:00,0
2/26/2025,12:00,101.7
2/26/2025,18:00,664.176
2/27/2025,0:00,197.2
2/27/2025,6:00,0
2/27/2025,12:00,70.72
2/27/2025,18:00,688.208
2/28/2025,0:00,72.144
2/28/2025,6:00,0
2/28/2025,12:00,94.512
2/28/2025,18:00,849.424
3/1/2025,0:00,209.376
3/1/2025,6:00,0
3/1/2025,12:00,89.16
3/1/2025,18:00,800.288
3/2/2025,0:00,126.8
3/2/2025,6:00,0
3/2/2025,12:00,92.66
3/2/2025,18:00,741.024
3/3/2025,0:00,104.848
3/3/2025,6:00,0
3/3/2025,12:00,98.58
3/3/2025,18:00,868.352
3/4/2025,0:00,275.616
3/4/2025,6:00,0
3/4/2025,12:00,99.936
3/4/2025,18:00,875.552
3/5/2025,0:00,276.656
3/5/2025,6:00,0
3/5/2025,12:00,98.84
3/5/2025,18:00,867.072
3/6/2025,0:00,203.584
3/6/2025,6:00,0
3/6/2025,12:00,86.448
3/6/2025,18:00,749.024
3/7/2025,0:00,155.44
3/7/2025,6:00,0
3/7/2025,12:00,95.488
3/7/2025,18:00,861.456
3/8/2025,0:00,269.152
3/8/2025,6:00,0
3/8/2025,12:00,93.952
3/8/2025,18:00,720.464
3/9/2025,0:00,49.904
3/9/2025,6:00,0
3/9/2025,12:00,83.888
3/9/2025,18:00,439.088
3/10/2025,0:00,41.44
3/10/2025,6:00,0
3/10/2025,12:00,94.992
3/10/2025,18:00,864.416
3/11/2025,0:00,263.264
3/11/2025,6:00,0
3/11/2025,12:00,27.264
3/11/2025,18:00,567.408
3/12/2025,0:00,146.784
3/12/2025,6:00,0
3/12/2025,12:00,82.608
3/12/2025,18:00,780.864
3/13/2025,0:00,226.336
3/13/2025,6:00,0
3/13/2025,12:00,89.76
3/13/2025,18:00,835.936
3/14/2025,0:00,208.896
3/14/2025,6:00,0
3/14/2025,12:00,95.54
3/14/2025,18:00,874.8
3/15/2025,0:00,259.104
3/15/2025,6:00,0
3/15/2025,12:00,85.64
3/15/2025,18:00,861.472
3/16/2025,0:00,256.56
3/16/2025,6:00,0
3/16/2025,12:00,92.416
3/16/2025,18:00,854.64
3/17/2025,0:00,249.104
3/17/2025,6:00,0
3/17/2025,12:00,88.048
3/17/2025,18:00,763.632
3/18/2025,0:00,199.824
3/18/2025,6:00,0
3/18/2025,12:00,50.272
3/18/2025,18:00,815.84
3/19/2025,0:00,234.192
3/19/2025,6:00,0
3/19/2025,12:00,90.192
3/19/2025,18:00,850.24
3/20/2025,0:00,243.184
3/20/2025,6:00,0
3/20/2025,12:00,88.448
3/20/2025,18:00,838.944
3/21/2025,0:00,240.048
3/21/2025,6:00,0
3/21/2025,12:00,86.608
3/21/2025,18:00,823.12
3/22/2025,0:00,231.552
3/22/2025,6:00,0
3/22/2025,12:00,47.616
3/22/2025,18:00,143.664
3/23/2025,0:00,40.72
3/23/2025,6:00,0
3/23/2025,12:00,81.216
3/23/2025,18:00,659.68
3/24/2025,0:00,70.704
3/24/2025,6:00,0
3/24/2025,12:00,76.816
3/24/2025,18:00,699.184
3/25/2025,0:00,123.184
3/25/2025,6:00,0
3/25/2025,12:00,39.504
3/25/2025,18:00,308.528
3/26/2025,0:00,67.12
3/26/2025,6:00,0
3/26/2025,12:00,50.016
3/26/2025,18:00,620.24
3/27/2025,0:00,157.488
3/27/2025,6:00,0
3/27/2025,12:00,75.968
3/27/2025,18:00,442.672
3/28/2025,0:00,127.696
3/28/2025,6:00,0
3/28/2025,12:00,75.36
3/28/2025,18:00,616.112
3/29/2025,0:00,97.504
3/29/2025,6:00,0
3/29/2025,12:00,70.72
3/29/2025,18:00,697.2
3/30/2025,0:00,159.12
3/30/2025,6:00,0
3/30/2025,12:00,75.008
3/30/2025,18:00,762.16
3/31/2025,0:00,200.368
3/31/2025,6:00,0
3/31/2025,12:00,74.192
3/31/2025,18:00,560.384
4/1/2025,0:00,47.968
4/1/2025,6:00,0
4/1/2025,12:00,29.56
4/1/2025,18:00,280.64
4/2/2025,0:00,128.816
4/2/2025,6:00,0
4/2/2025,12:00,52
4/2/2025,18:00,224.048
4/3/2025,0:00,37.552
4/3/2025,6:00,0
4/3/2025,12:00,3.9
4/3/2025,18:00,131.584
4/4/2025,0:00,43.296
4/4/2025,6:00,0
4/4/2025,12:00,75.86
4/4/2025,18:00,790.096
4/5/2025,0:00,202.816
4/5/2025,6:00,0
4/5/2025,12:00,76.128
4/5/2025,18:00,774.304
4/6/2025,0:00,193.28
4/6/2025,6:00,0
4/6/2025,12:00,73.296
4/6/2025,18:00,748.208
4/7/2025,0:00,169.568
4/7/2025,6:00,0
4/7/2025,12:00,67.94
4/7/2025,18:00,200.992
4/8/2025,0:00,10.944
4/8/2025,6:00,0
4/8/2025,12:00,6.64
4/8/2025,18:00,63.344
4/9/2025,0:00,93.584
4/9/2025,6:00,0
4/9/2025,12:00,69.12
4/9/2025,18:00,456.56
4/10/2025,0:00,64.256
4/10/2025,6:00,0
4/10/2025,12:00,68.58
4/10/2025,18:00,672.608
4/11/2025,0:00,177.072
4/11/2025,6:00,0
4/11/2025,12:00,58.688
4/11/2025,18:00,711.808
4/12/2025,0:00,172.528
4/12/2025,6:00,0
4/12/2025,12:00,49.584
4/12/2025,18:00,302
4/13/2025,0:00,51.2
4/13/2025,6:00,0
4/13/2025,12:00,23.36
4/13/2025,18:00,338.672
4/14/2025,0:00,116.832
4/14/2025,6:00,0
4/14/2025,12:00,64.672
4/14/2025,18:00,715.104
4/15/2025,0:00,167.872
4/15/2025,6:00,0
4/15/2025,12:00,54.208
4/15/2025,18:00,625.408
4/16/2025,0:00,159.28
4/16/2025,6:00,0
4/16/2025,12:00,62.352
4/16/2025,18:00,690.8
4/17/2025,0:00,159.28
4/17/2025,6:00,0
4/17/2025,12:00,60.928
4/17/2025,18:00,687.072
4/18/2025,0:00,157.104
4/18/2025,6:00,0
4/18/2025,12:00,59.312
4/18/2025,18:00,626.656
4/19/2025,0:00,79.536
4/19/2025,6:00,0
4/19/2025,12:00,54.4
4/19/2025,18:00,671.984
4/20/2025,0:00,151.888
4/20/2025,6:00,0
4/20/2025,12:00,61.296
4/20/2025,18:00,675.76
4/21/2025,0:00,146.464
4/21/2025,6:00,0
4/21/2025,12:00,48.64
4/21/2025,18:00,595.488
4/22/2025,0:00,99.552
4/22/2025,6:00,0
4/22/2025,12:00,56.944
4/22/2025,18:00,604.64
4/23/2025,0:00,93.712
4/23/2025,6:00,0
4/23/2025,12:00,49.264
4/23/2025,18:00,627.104
4/24/2025,0:00,114.272
4/24/2025,6:00,0
4/24/2025,12:00,13.456
4/24/2025,18:00,231.008
4/25/2025,0:00,61.44
4/25/2025,6:00,0
4/25/2025,12:00,55.04
4/25/2025,18:00,659.424
4/26/2025,0:00,142.816
4/26/2025,6:00,0
4/26/2025,12:00,53.12
4/26/2025,18:00,276.656
4/27/2025,0:00,65.344
4/27/2025,6:00,0
4/27/2025,12:00,10
4/27/2025,18:00,492.912
4/28/2025,0:00,48.048
4/28/2025,6:00,0
4/28/2025,12:00,57.184
4/28/2025,18:00,675.936
4/29/2025,0:00,143.52
4/29/2025,6:00,0
4/29/2025,12:00,55.184
4/29/2025,18:00,662.16
4/30/2025,0:00,139.648
4/30/2025,6:00,0
4/30/2025,12:00,55.28
4/30/2025,18:00,665.264
5/1/2025,0:00,139.936
5/1/2025,6:00,0
5/1/2025,12:00,53.888
5/1/2025,18:00,648.512
5/2/2025,0:00,133.808
5/2/2025,6:00,0
5/2/2025,12:00,27.504
5/2/2025,18:00,488.496
5/3/2025,0:00,75.424
5/3/2025,6:00,0
5/3/2025,12:00,47.488
5/3/2025,18:00,629.408
5/4/2025,0:00,129.456
5/4/2025,6:00,0
5/4/2025,12:00,50.544
5/4/2025,18:00,631.808
5/5/2025,0:00,125.28
5/5/2025,6:00,0
5/5/2025,12:00,46.336
5/5/2025,18:00,538.96
5/6/2025,0:00,121.744
5/6/2025,6:00,0
5/6/2025,12:00,22.768
5/6/2025,18:00,524.064
5/7/2025,0:00,68.208
5/7/2025,6:00,0
5/7/2025,12:00,10.496
5/7/2025,18:00,238.4
5/8/2025,0:00,90.512
5/8/2025,6:00,0
5/8/2025,12:00,34.256
5/8/2025,18:00,569.68
5/9/2025,0:00,116.096
5/9/2025,6:00,0
5/9/2025,12:00,36
5/9/2025,18:00,133.776
5/10/2025,0:00,3.088
5/10/2025,6:00,0
5/10/2025,12:00,45.824
5/10/2025,18:00,614.576
5/11/2025,0:00,121.136
5/11/2025,6:00,0
5/11/2025,12:00,45.952
5/11/2025,18:00,614.144
5/12/2025,0:00,121.52
5/12/2025,6:00,0
5/12/2025,12:00,45.792
5/12/2025,18:00,608.896
5/13/2025,0:00,119.152
5/13/2025,6:00,0
5/13/2025,12:00,43.056
5/13/2025,18:00,402.56
5/14/2025,0:00,113.92
5/14/2025,6:00,0
5/14/2025,12:00,42.064
5/14/2025,18:00,581.024
5/15/2025,0:00,111.456
5/15/2025,6:00,0
5/15/2025,12:00,36.416
5/15/2025,18:00,575.888
5/16/2025,0:00,101.616
5/16/2025,6:00,0
5/16/2025,12:00,40.416
5/16/2025,18:00,547.824
5/17/2025,0:00,70.864
5/17/2025,6:00,0
5/17/2025,12:00,27.088
5/17/2025,18:00,485.632
5/18/2025,0:00,87.392
5/18/2025,6:00,0
5/18/2025,12:00,38.128
5/18/2025,18:00,170.096
5/19/2025,0:00,45.968
5/19/2025,6:00,0
5/19/2025,12:00,38.42
5/19/2025,18:00,557.184
5/20/2025,0:00,104.256
5/20/2025,6:00,0
5/20/2025,12:00,4.88
5/20/2025,18:00,85.584
5/21/2025,0:00,15.072
5/21/2025,6:00,0
5/21/2025,12:00,12.816
5/21/2025,18:00,116.24
5/22/2025,0:00,18.72
5/22/2025,6:00,0
5/22/2025,12:00,10.18
5/22/2025,18:00,468.944
5/23/2025,0:00,106.736
5/23/2025,6:00,0
5/23/2025,12:00,38.352
5/23/2025,18:00,571.632
5/24/2025,0:00,107.44
5/24/2025,6:00,0
5/24/2025,12:00,14.32
5/24/2025,18:00,106.32
5/25/2025,0:00,47.824
5/25/2025,6:00,0
5/25/2025,12:00,20.352
5/25/2025,18:00,521.76
5/26/2025,0:00,97.584
5/26/2025,6:00,0
5/26/2025,12:00,18.704
5/26/2025,18:00,204.128
5/27/2025,0:00,30.448
5/27/2025,6:00,0
5/27/2025,12:00,5.568
5/27/2025,18:00,162.56
5/28/2025,0:00,11.296
5/28/2025,6:00,0
5/28/2025,12:00,1.104
5/28/2025,18:00,23.888
5/29/2025,0:00,2.752
5/29/2025,6:00,0
5/29/2025,12:00,19.78
5/29/2025,18:00,195.152
5/30/2025,0:00,21.344
5/30/2025,6:00,0
5/30/2025,12:00,35.008
5/30/2025,18:00,555.072
5/31/2025,0:00,102.896
5/31/2025,6:00,0
5/31/2025,12:00,34.18
5/31/2025,18:00,549.424
6/1/2025,0:00,102.432
6/1/2025,6:00,0
6/1/2025,12:00,34.048
6/1/2025,18:00,551.376
6/2/2025,0:00,101.696
6/2/2025,6:00,0
6/2/2025,12:00,20.06
6/2/2025,18:00,190.944
6/3/2025,0:00,1.76
6/3/2025,6:00,0
6/3/2025,12:00,4.98
6/3/2025,18:00,110.336
6/4/2025,0:00,36.016
6/4/2025,6:00,0
6/4/2025,12:00,4.18
6/4/2025,18:00,167.824
6/5/2025,0:00,52.192
6/5/2025,6:00,0
6/5/2025,12:00,2.4
6/5/2025,18:00,318.704
6/6/2025,0:00,16.288
6/6/2025,6:00,0
6/6/2025,12:00,31.54
6/6/2025,18:00,474.336
6/7/2025,0:00,77.456
6/7/2025,6:00,0
6/7/2025,12:00,32.128
6/7/2025,18:00,534.576
6/8/2025,0:00,87.84
6/8/2025,6:00,0
6/8/2025,12:00,22.464
6/8/2025,18:00,514.048
6/9/2025,0:00,97.36
6/9/2025,6:00,0
6/9/2025,12:00,30.448
6/9/2025,18:00,530.864
6/10/2025,0:00,98.976
6/10/2025,6:00,0
6/10/2025,12:00,31.184
6/10/2025,18:00,540.352
6/11/2025,0:00,100.864
6/11/2025,6:00,0
6/11/2025,12:00,30.624
6/11/2025,18:00,544.768
6/12/2025,0:00,102.848
6/12/2025,6:00,0
6/12/2025,12:00,31.328
6/12/2025,18:00,545.952
6/13/2025,0:00,102.352
6/13/2025,6:00,0
6/13/2025,12:00,30.336
6/13/2025,18:00,516.608
6/14/2025,0:00,64.208
6/14/2025,6:00,0
6/14/2025,12:00,14.08
6/14/2025,18:00,61.744
6/15/2025,0:00,44.752
6/15/2025,6:00,0
6/15/2025,12:00,4.6
6/15/2025,18:00,97.296
6/16/2025,0:00,24.64
6/16/2025,6:00,0
6/16/2025,12:00,27.904
6/16/2025,18:00,493.52
6/17/2025,0:00,92.048
6/17/2025,6:00,0
6/17/2025,12:00,24.74
6/17/2025,18:00,283.968
6/18/2025,0:00,36.656
6/18/2025,6:00,0
6/18/2025,12:00,3.2
6/18/2025,18:00,53.088
6/19/2025,0:00,21.392
6/19/2025,6:00,0
6/19/2025,12:00,0.44
6/19/2025,18:00,19.376
6/20/2025,0:00,1.68
6/20/2025,6:00,0
6/20/2025,12:00,0.96
6/20/2025,18:00,44.736
6/21/2025,0:00,34.544
6/21/2025,6:00,0
6/21/2025,12:00,4.512
6/21/2025,18:00,374.016
6/22/2025,0:00,99.664
6/22/2025,6:00,0
6/22/2025,12:00,2.832
6/22/2025,18:00,89.44
6/23/2025,0:00,13.488
6/23/2025,6:00,0
6/23/2025,12:00,23.264
6/23/2025,18:00,521.328
6/24/2025,0:00,103.28
6/24/2025,6:00,0
6/24/2025,12:00,29.76
6/24/2025,18:00,549.648
6/25/2025,0:00,106.688
6/25/2025,6:00,0
6/25/2025,12:00,29.568
6/25/2025,18:00,549.856
6/26/2025,0:00,103.616
6/26/2025,6:00,0
6/26/2025,12:00,0.608
6/26/2025,18:00,109.52
6/27/2025,0:00,17.232
6/27/2025,6:00,0
6/27/2025,12:00,24.064
6/27/2025,18:00,405.776
6/28/2025,0:00,53.008
6/28/2025,6:00,0
6/28/2025,12:00,0.784
6/28/2025,18:00,19.584
6/29/2025,0:00,2.864
6/29/2025,6:00,0
6/29/2025,12:00,0.88
6/29/2025,18:00,87.248
6/30/2025,0:00,9.872
6/30/2025,6:00,0
6/30/2025,12:00,6.272
6/30/2025,18:00,205.136
7/1/2025,0:00,80.192
7/1/2025,6:00,0
7/1/2025,12:00,28.704
7/1/2025,18:00,537.968
7/2/2025,0:00,105.84
7/2/2025,6:00,0
7/2/2025,12:00,28.08
7/2/2025,18:00,544.736
7/3/2025,0:00,108.304
7/3/2025,6:00,0
7/3/2025,12:00,27.6
7/3/2025,18:00,532.032
7/4/2025,0:00,105.872
7/4/2025,6:00,0
7/4/2025,12:00,26.704
7/4/2025,18:00,532.816
7/5/2025,0:00,103.552
7/5/2025,6:00,0
7/5/2025,12:00,20.64
7/5/2025,18:00,521.072
7/6/2025,0:00,107.648
7/6/2025,6:00,0
7/6/2025,12:00,28
7/6/2025,18:00,539.264
7/7/2025,0:00,109.008
7/7/2025,6:00,0
7/7/2025,12:00,27.6
7/7/2025,18:00,530.832
7/8/2025,0:00,106.496
7/8/2025,6:00,0
7/8/2025,12:00,25.36
7/8/2025,18:00,519.136
7/9/2025,0:00,108.32
7/9/2025,6:00,0
7/9/2025,12:00,28.864
7/9/2025,18:00,551.616
7/10/2025,0:00,112.736
7/10/2025,6:00,0
7/10/2025,12:00,27.68
7/10/2025,18:00,486.976
7/11/2025,0:00,73.376
7/11/2025,6:00,0
7/11/2025,12:00,27.264
7/11/2025,18:00,525.904
7/12/2025,0:00,107.2
7/12/2025,6:00,0
7/12/2025,12:00,23.84
7/12/2025,18:00,470.848
7/13/2025,0:00,33.456
7/13/2025,6:00,0
7/13/2025,12:00,27.664
7/13/2025,18:00,530.496
7/14/2025,0:00,108.848
7/14/2025,6:00,0
7/14/2025,12:00,27.648
7/14/2025,18:00,529.712
7/15/2025,0:00,110.608
7/15/2025,6:00,0
7/15/2025,12:00,28.688
7/15/2025,18:00,538.8
7/16/2025,0:00,90.592
7/16/2025,6:00,0
7/16/2025,12:00,19.904
7/16/2025,18:00,261.232
7/17/2025,0:00,43.328
7/17/2025,6:00,0
7/17/2025,12:00,2.384
7/17/2025,18:00,196.24
7/18/2025,0:00,25.104
7/18/2025,6:00,0
7/18/2025,12:00,26.768
7/18/2025,18:00,403.312
7/19/2025,0:00,24.368
7/19/2025,6:00,0
7/19/2025,12:00,30.928
7/19/2025,18:00,564.544
7/20/2025,0:00,120.656
7/20/2025,6:00,0
7/20/2025,12:00,31.568
7/20/2025,18:00,568.224
7/21/2025,0:00,120.768
7/21/2025,6:00,0
7/21/2025,12:00,31.696
7/21/2025,18:00,562.032
7/22/2025,0:00,119.376
7/22/2025,6:00,0
7/22/2025,12:00,30.096
7/22/2025,18:00,530.016
7/23/2025,0:00,113.2
7/23/2025,6:00,0
7/23/2025,12:00,30.128
7/23/2025,18:00,491.584
7/24/2025,0:00,83.152
7/24/2025,6:00,0
7/24/2025,12:00,1.248
7/24/2025,18:00,33.904
7/25/2025,0:00,25.088
7/25/2025,6:00,0
7/25/2025,12:00,27.456
7/25/2025,18:00,482.32
7/26/2025,0:00,105.184
7/26/2025,6:00,0
7/26/2025,12:00,30.624
7/26/2025,18:00,454.64
7/27/2025,0:00,40.528
7/27/2025,6:00,0
7/27/2025,12:00,1.84
7/27/2025,18:00,108.608
7/28/2025,0:00,14.416
7/28/2025,6:00,0
7/28/2025,12:00,0.848
7/28/2025,18:00,149.984
7/29/2025,0:00,63.936
7/29/2025,6:00,0
7/29/2025,12:00,35.088
7/29/2025,18:00,594.16
7/30/2025,0:00,131.776
7/30/2025,6:00,0
7/30/2025,12:00,36.208
7/30/2025,18:00,596.768
7/31/2025,0:00,132.384
7/31/2025,6:00,0
7/31/2025,12:00,37.552
7/31/2025,18:00,607.968
8/1/2025,0:00,135.264
8/1/2025,6:00,0
8/1/2025,12:00,27.328
8/1/2025,18:00,520.128
8/2/2025,0:00,111.008
8/2/2025,6:00,0
8/2/2025,12:00,35.088
8/2/2025,18:00,540.16
8/3/2025,0:00,125.296
8/3/2025,6:00,0
8/3/2025,12:00,3.312
8/3/2025,18:00,142.16
8/4/2025,0:00,63.68
8/4/2025,6:00,0
8/4/2025,12:00,6.304
8/4/2025,18:00,69.28
8/5/2025,0:00,5.728
8/5/2025,6:00,0
8/5/2025,12:00,8.992
8/5/2025,18:00,356.832
8/6/2025,0:00,36.432
8/6/2025,6:00,0
8/6/2025,12:00,6.032
8/6/2025,18:00,327.312
8/7/2025,0:00,99.28
8/7/2025,6:00,0
8/7/2025,12:00,10.816
8/7/2025,18:00,85.2
8/8/2025,0:00,11.488
8/8/2025,6:00,0
8/8/2025,12:00,40.48
8/8/2025,18:00,272.352
8/9/2025,0:00,23.872
8/9/2025,6:00,0
8/9/2025,12:00,24.048
8/9/2025,18:00,311.744
8/10/2025,0:00,39.904
8/10/2025,6:00,0
8/10/2025,12:00,45.616
8/10/2025,18:00,647.312
8/11/2025,0:00,147.6
8/11/2025,6:00,0
8/11/2025,12:00,45.936
8/11/2025,18:00,648.8
8/12/2025,0:00,148.688
8/12/2025,6:00,0
8/12/2025,12:00,47.008
8/12/2025,18:00,651.6
8/13/2025,0:00,149.888
8/13/2025,6:00,0
8/13/2025,12:00,47.408
8/13/2025,18:00,649.424
8/14/2025,0:00,144.128
8/14/2025,6:00,0
8/14/2025,12:00,45.344
8/14/2025,18:00,596.24
8/15/2025,0:00,120.944
8/15/2025,6:00,0
8/15/2025,12:00,48.048
8/15/2025,18:00,649.408
8/16/2025,0:00,146.72
8/16/2025,6:00,0
8/16/2025,12:00,48.448
8/16/2025,18:00,481.52
8/17/2025,0:00,39.008
8/17/2025,6:00,0
8/17/2025,12:00,49.488
8/17/2025,18:00,650.032
8/18/2025,0:00,151.248
8/18/2025,6:00,0
8/18/2025,12:00,31.568
8/18/2025,18:00,323.632
8/19/2025,0:00,26.208
8/19/2025,6:00,0
8/19/2025,12:00,40.992
8/19/2025,18:00,609.664
8/20/2025,0:00,128.416
8/20/2025,6:00,0
8/20/2025,12:00,49.92
8/20/2025,18:00,277.936
8/21/2025,0:00,106.832
8/21/2025,6:00,0
8/21/2025,12:00,54.4
8/21/2025,18:00,621.984
8/22/2025,0:00,153.424
8/22/2025,6:00,0
8/22/2025,12:00,11.28
8/22/2025,18:00,536.816
8/23/2025,0:00,153.264
8/23/2025,6:00,0
8/23/2025,12:00,14.576
8/23/2025,18:00,88.72
8/24/2025,0:00,7.12
8/24/2025,6:00,0
8/24/2025,12:00,9.12
8/24/2025,18:00,157.728
8/25/2025,0:00,82.432
8/25/2025,6:00,0
8/25/2025,12:00,35.584
8/25/2025,18:00,457.264
8/26/2025,0:00,76.432
8/26/2025,6:00,0
8/26/2025,12:00,57.648
8/26/2025,18:00,662.672
8/27/2025,0:00,162.528
8/27/2025,6:00,0
8/27/2025,12:00,60.432
8/27/2025,18:00,631.808
8/28/2025,0:00,73.92
8/28/2025,6:00,0
8/28/2025,12:00,62.976
8/28/2025,18:00,705.76
8/29/2025,0:00,165.328
8/29/2025,6:00,0
8/29/2025,12:00,67.28
8/29/2025,18:00,714
8/30/2025,0:00,167.584
8/30/2025,6:00,0
8/30/2025,12:00,66.032
8/30/2025,18:00,715.488
8/31/2025,0:00,170.384
8/31/2025,6:00,0
8/31/2025,12:00,54.112
8/31/2025,18:00,652.256
9/1/2025,0:00,150.272
9/1/2025,6:00,0
9/1/2025,12:00,67.616
9/1/2025,18:00,493.744
9/2/2025,0:00,104.72
9/2/2025,6:00,0
9/2/2025,12:00,49.472
9/2/2025,18:00,574.352
9/3/2025,0:00,66.608
9/3/2025,6:00,0
9/3/2025,12:00,43.392
9/3/2025,18:00,505.824
9/4/2025,0:00,121.312
9/4/2025,6:00,0
9/4/2025,12:00,6.848
9/4/2025,18:00,30.24
9/5/2025,0:00,6.352
9/5/2025,6:00,0
9/5/2025,12:00,19.472
9/5/2025,18:00,231.776
9/6/2025,0:00,62.848
9/6/2025,6:00,0
9/6/2025,12:00,81.248
9/6/2025,18:00,753.392
9/7/2025,0:00,136.832
9/7/2025,6:00,0
9/7/2025,12:00,54.784
9/7/2025,18:00,566.8
9/8/2025,0:00,68.224
9/8/2025,6:00,0
9/8/2025,12:00,10.144
9/8/2025,18:00,168.752
9/9/2025,0:00,22.16
9/9/2025,6:00,0
9/9/2025,12:00,29.504
9/9/2025,18:00,446.336
9/10/2025,0:00,106.128
9/10/2025,6:00,0
9/10/2025,12:00,89.248
9/10/2025,18:00,798.192
9/11/2025,0:00,193.856
9/11/2025,6:00,0
9/11/2025,12:00,84.928
9/11/2025,18:00,763.28
9/12/2025,0:00,187.424
9/12/2025,6:00,0
9/12/2025,12:00,92.32
9/12/2025,18:00,813.312
9/13/2025,0:00,198.8
9/13/2025,6:00,0
9/13/2025,12:00,88.672
9/13/2025,18:00,794
9/14/2025,0:00,188.352
9/14/2025,6:00,0
9/14/2025,12:00,39.696
9/14/2025,18:00,465.168
9/15/2025,0:00,184.624
9/15/2025,6:00,0
9/15/2025,12:00,61.6
9/15/2025,18:00,479.248
9/16/2025,0:00,117.136
9/16/2025,6:00,0
9/16/2025,12:00,92.256
9/16/2025,18:00,598.72
9/17/2025,0:00,126.208
9/17/2025,6:00,0
9/17/2025,12:00,100.32
9/17/2025,18:00,821.136
9/18/2025,0:00,200.512
9/18/2025,6:00,0
9/18/2025,12:00,82.768
9/18/2025,18:00,724.144
9/19/2025,0:00,187.232
9/19/2025,6:00,0
9/19/2025,12:00,88.336
9/19/2025,18:00,535.984
9/20/2025,0:00,195.376
9/20/2025,6:00,0
9/20/2025,12:00,86.736
9/20/2025,18:00,385.824
9/21/2025,0:00,73.712
9/21/2025,6:00,0
9/21/2025,12:00,38.352
9/21/2025,18:00,493.12
9/22/2025,0:00,176.608
9/22/2025,6:00,0
9/22/2025,12:00,13.2
9/22/2025,18:00,750.976
9/23/2025,0:00,206.896
9/23/2025,6:00,0
9/23/2025,12:00,110.624
9/23/2025,18:00,846.048
9/24/2025,0:00,208.272
9/24/2025,6:00,0
9/24/2025,12:00,112.224
9/24/2025,18:00,846.24
9/25/2025,0:00,207.536
9/25/2025,6:00,0
9/25/2025,12:00,114.16
9/25/2025,18:00,850.096
9/26/2025,0:00,209.792
9/26/2025,6:00,0
9/26/2025,12:00,118.192
9/26/2025,18:00,863.504
9/27/2025,0:00,212.4
9/27/2025,6:00,0
9/27/2025,12:00,113.952
9/27/2025,18:00,717.552
9/28/2025,0:00,47.04
9/28/2025,6:00,0
9/28/2025,12:00,3.568
9/28/2025,18:00,214.976
9/29/2025,0:00,142.56
9/29/2025,6:00,0
9/29/2025,12:00,122.576
9/29/2025,18:00,839.984
9/30/2025,0:00,200.96
9/30/2025,6:00,0
9/30/2025,12:00,23.68
9/30/2025,18:00,68.144
10/1/2025,0:00,14.864
10/1/2025,6:00,0
10/1/2025,12:00,76.336
10/1/2025,18:00,401.904
10/2/2025,0:00,125.28
10/2/2025,6:00,0
10/2/2025,12:00,45.36
10/2/2025,18:00,513.22
10/3/2025,0:00,96.656
10/3/2025,6:00,0
10/3/2025,12:00,17.16
10/3/2025,18:00,204.46
10/4/2025,0:00,158.352
10/4/2025,6:00,0
10/4/2025,12:00,124.68
10/4/2025,18:00,649.98
10/5/2025,0:00,186.704
10/5/2025,6:00,0
10/5/2025,12:00,128.5
10/5/2025,18:00,858.04
10/6/2025,0:00,212.8
10/6/2025,6:00,0
10/6/2025,12:00,4.256
10/6/2025,18:00,183.2
10/7/2025,0:00,31.168
10/7/2025,6:00,0
10/7/2025,12:00,104.784
10/7/2025,18:00,740.88
10/8/2025,0:00,217.44
10/8/2025,6:00,0
10/8/2025,12:00,140.256
10/8/2025,18:00,881.94
10/9/2025,0:00,201.584
10/9/2025,6:00,0
10/9/2025,12:00,141.808
10/9/2025,18:00,775.1
10/10/2025,0:00,208.432
10/10/2025,6:00,0
10/10/2025,12:00,141.632
10/10/2025,18:00,896.74
10/11/2025,0:00,225.488
10/11/2025,6:00,0
10/11/2025,12:00,139.616
10/11/2025,18:00,865.46
10/12/2025,0:00,74.016
10/12/2025,6:00,0
10/12/2025,12:00,15.888
10/12/2025,18:00,168.98
10/13/2025,0:00,132.832
10/13/2025,6:00,0
10/13/2025,12:00,150.62
10/13/2025,18:00,919.12
10/14/2025,0:00,231.344
10/14/2025,6:00,0
10/14/2025,12:00,152.76
10/14/2025,18:00,931.9
10/15/2025,0:00,237.12
10/15/2025,6:00,0
10/15/2025,12:00,154.74
10/15/2025,18:00,912.76
10/16/2025,0:00,223.536
10/16/2025,6:00,0
10/16/2025,12:00,7.16
10/16/2025,18:00,76.74
10/17/2025,0:00,86.048
10/17/2025,6:00,0
10/17/2025,12:00,14.76
10/17/2025,18:00,65.72
10/18/2025,0:00,40.576
10/18/2025,6:00,0
10/18/2025,12:00,9.04
10/18/2025,18:00,243.08
10/19/2025,0:00,167.056
10/19/2025,6:00,0
10/19/2025,12:00,164.96
10/19/2025,18:00,950.86
10/20/2025,0:00,244.096
10/20/2025,6:00,0
10/20/2025,12:00,163.78
10/20/2025,18:00,951.58
10/21/2025,0:00,245.984
10/21/2025,6:00,0
10/21/2025,12:00,164.368
10/21/2025,18:00,954.84
10/22/2025,0:00,246.976
10/22/2025,6:00,0
10/22/2025,12:00,168.5
10/22/2025,18:00,957.12
10/23/2025,0:00,228.176
10/23/2025,6:00,0
10/23/2025,12:00,158.512
10/23/2025,18:00,929.76
10/24/2025,0:00,231.872
10/24/2025,6:00,0
10/24/2025,12:00,81.232
10/24/2025,18:00,426.1
10/25/2025,0:00,166.8
10/25/2025,6:00,0
10/25/2025,12:00,98.3
10/25/2025,18:00,638.62
10/26/2025,0:00,133.968
10/26/2025,6:00,0
10/26/2025,12:00,11.08
10/26/2025,18:00,155.78
10/27/2025,0:00,124.24
10/27/2025,6:00,0
10/27/2025,12:00,161.32
10/27/2025,18:00,630.5
10/28/2025,0:00,90.304
10/28/2025,6:00,0
10/28/2025,12:00,135.92
10/28/2025,18:00,291.66
10/29/2025,0:00,15.488
10/29/2025,6:00,0
10/29/2025,12:00,13.44
10/29/2025,18:00,248.14
10/30/2025,0:00,62.528
10/30/2025,6:00,0
10/30/2025,12:00,147.68
10/30/2025,18:00,390.86
10/31/2025,0:00,102.352
10/31/2025,6:00,0
10/31/2025,12:00,175.92
10/31/2025,18:00,700.96
11/1/2025,0:00,232.688
11/1/2025,6:00,0
11/1/2025,12:00,175.48
11/1/2025,18:00,756.62
11/2/2025,0:00,70.912
11/2/2025,6:00,0
11/2/2025,12:00,143.62
11/2/2025,18:00,616.08
11/3/2025,0:00,248.752
11/3/2025,6:00,0
11/3/2025,12:00,101.66
11/3/2025,18:00,905.38
11/4/2025,0:00,250.208
11/4/2025,6:00,0
11/4/2025,12:00,180.16
11/4/2025,18:00,950.24
11/5/2025,0:00,256.592
11/5/2025,6:00,0
11/5/2025,12:00,174.656
11/5/2025,18:00,891.16
11/6/2025,0:00,264.992
11/6/2025,6:00,0
11/6/2025,12:00,186.32
11/6/2025,18:00,976.78
11/7/2025,0:00,265.648
11/7/2025,6:00,0
11/7/2025,12:00,19.616
11/7/2025,18:00,124.24
11/8/2025,0:00,20.384
11/8/2025,6:00,0
11/8/2025,12:00,14.624
11/8/2025,18:00,288.3
11/9/2025,0:00,38.384
11/9/2025,6:00,0
11/9/2025,12:00,189.7
11/9/2025,18:00,980.72
11/10/2025,0:00,268.256
11/10/2025,6:00,0
11/10/2025,12:00,193.664
11/10/2025,18:00,991.02
11/11/2025,0:00,265.552
11/11/2025,6:00,0
11/11/2025,12:00,186.608
11/11/2025,18:00,923.06
11/12/2025,0:00,240.56
11/12/2025,6:00,0
11/12/2025,12:00,14.96
11/12/2025,18:00,456.9
11/13/2025,0:00,92.688
11/13/2025,6:00,0
11/13/2025,12:00,165.08
11/13/2025,18:00,696.82
11/14/2025,0:00,223.216
11/14/2025,6:00,0
11/14/2025,12:00,153.36
11/14/2025,18:00,838.98
11/15/2025,0:00,101.376
11/15/2025,6:00,0
11/15/2025,12:00,155.42
11/15/2025,18:00,835.54
11/16/2025,0:00,176.544
11/16/2025,6:00,0
11/16/2025,12:00,186.46
11/16/2025,18:00,749.62
11/17/2025,0:00,191.072
11/17/2025,6:00,0
11/17/2025,12:00,44.8
11/17/2025,18:00,221.1
11/18/2025,0:00,53.136
11/18/2025,6:00,0
11/18/2025,12:00,142.58
11/18/2025,18:00,963.82
11/19/2025,0:00,283.02
11/19/2025,6:00,0
11/19/2025,12:00,195.6
11/19/2025,18:00,989.82
11/20/2025,0:00,286.96
11/20/2025,6:00,0
11/20/2025,12:00,200.48
11/20/2025,18:00,1001.88
11/21/2025,0:00,289.76
11/21/2025,6:00,0
11/21/2025,12:00,196.5
11/21/2025,18:00,958.4
11/22/2025,0:00,202.68
11/22/2025,6:00,0
11/22/2025,12:00,116.04
11/22/2025,18:00,595.74
11/23/2025,0:00,241.216
11/23/2025,6:00,0
11/23/2025,12:00,196.26
11/23/2025,18:00,938.84
11/24/2025,0:00,200
11/24/2025,6:00,0
11/24/2025,12:00,193.58
11/24/2025,18:00,571.2
11/25/2025,0:00,139.648
11/25/2025,6:00,0
11/25/2025,12:00,196
11/25/2025,18:00,932.02
11/26/2025,0:00,281.328
11/26/2025,6:00,0
11/26/2025,12:00,196.54
11/26/2025,18:00,987.8
11/27/2025,0:00,277.984
11/27/2025,6:00,0
11/27/2025,12:00,194.432
11/27/2025,18:00,984.1
11/28/2025,0:00,294.3
11/28/2025,6:00,0
11/28/2025,12:00,194.12
11/28/2025,18:00,890.84
11/29/2025,0:00,243.26
11/29/2025,6:00,0
11/29/2025,12:00,193.2
11/29/2025,18:00,952.88
11/30/2025,0:00,284.16
11/30/2025,6:00,0
11/30/2025,12:00,158.98
11/30/2025,18:00,798.36
12/1/2025,0:00,124.98
12/1/2025,6:00,0
12/1/2025,12:00,176.12
12/1/2025,18:00,752.5
12/2/2025,0:00,167.66
12/2/2025,6:00,0
12/2/2025,12:00,183.36
12/2/2025,18:00,946.44
12/3/2025,0:00,220.96
12/3/2025,6:00,0
12/3/2025,12:00,196.36
12/3/2025,18:00,1001.54
12/4/2025,0:00,309.54
12/4/2025,6:00,0
12/4/2025,12:00,199.76
12/4/2025,18:00,1014.5
12/5/2025,0:00,313.872
12/5/2025,6:00,0
12/5/2025,12:00,198
12/5/2025,18:00,998.82
12/6/2025,0:00,286.208
12/6/2025,6:00,0
12/6/2025,12:00,157.48
12/6/2025,18:00,963.3
12/7/2025,0:00,273.776
12/7/2025,6:00,0
12/7/2025,12:00,190.2
12/7/2025,18:00,974.62
12/8/2025,0:00,267.408
12/8/2025,6:00,0
12/8/2025,12:00,31.18
12/8/2025,18:00,427.82
12/9/2025,0:00,63.46
12/9/2025,6:00,0
12/9/2025,12:00,86.18
12/9/2025,18:00,824.54
12/10/2025,0:00,200.7
12/10/2025,6:00,0
12/10/2025,12:00,6.38
12/10/2025,18:00,32.72
12/11/2025,0:00,28.72
12/11/2025,6:00,0
12/11/2025,12:00,193.54
12/11/2025,18:00,999.42
12/12/2025,0:00,227.1
12/12/2025,6:00,0
12/12/2025,12:00,78.34
12/12/2025,18:00,231.06
12/13/2025,0:00,173.58
12/13/2025,6:00,0
12/13/2025,12:00,189.36
12/13/2025,18:00,990.84
12/14/2025,0:00,317.16
12/14/2025,6:00,0
12/14/2025,12:00,189.2
12/14/2025,18:00,988.58
12/15/2025,0:00,321.16
12/15/2025,6:00,0
12/15/2025,12:00,178.2
12/15/2025,18:00,672.12
12/16/2025,0:00,156.84
12/16/2025,6:00,0
12/16/2025,12:00,185.58
12/16/2025,18:00,1022.26
12/17/2025,0:00,337.616
12/17/2025,6:00,0
12/17/2025,12:00,197.76
12/17/2025,18:00,1032.26
12/18/2025,0:00,341.86
12/18/2025,6:00,0
12/18/2025,12:00,193
12/18/2025,18:00,1010.04
12/19/2025,0:00,333.42
12/19/2025,6:00,0
12/19/2025,12:00,188.3
12/19/2025,18:00,1009.02
12/20/2025,0:00,338.94
12/20/2025,6:00,0
12/20/2025,12:00,187.78
12/20/2025,18:00,1000.78
12/21/2025,0:00,336.54
12/21/2025,6:00,0
12/21/2025,12:00,104.42
12/21/2025,18:00,211.98
12/22/2025,0:00,27.24
12/22/2025,6:00,0
12/22/2025,12:00,32.12
12/22/2025,18:00,111.38
12/23/2025,0:00,30.34
12/23/2025,6:00,0
12/23/2025,12:00,124.06
12/23/2025,18:00,852.78
12/24/2025,0:00,111.6
12/24/2025,6:00,0
12/24/2025,12:00,27.86
12/24/2025,18:00,691.7
12/25/2025,0:00,193.66
12/25/2025,6:00,0
12/25/2025,12:00,21.36
12/25/2025,18:00,159.58
12/26/2025,0:00,8.34
12/26/2025,6:00,0
12/26/2025,12:00,121.32
12/26/2025,18:00,915.34
12/27/2025,0:00,179.46
12/27/2025,6:00,0
12/27/2025,12:00,170.88
12/27/2025,18:00,961.72
12/28/2025,0:00,278.22
12/28/2025,6:00,0
12/28/2025,12:00,169.44
12/28/2025,18:00,907.92
12/29/2025,0:00,196.22
12/29/2025,6:00,0
12/29/2025,12:00,137.84
12/29/2025,18:00,632.86
12/30/2025,0:00,22.448
12/30/2025,6:00,0
12/30/2025,12:00,23.66
12/30/2025,18:00,275.92
12/31/2025,0:00,279.024
12/31/2025,6:00,0
12/31/2025,12:00,161.34
12/31/2025,18:00,791.16
1/1/2026,0:00,313.06
1/1/2026,6:00,0
1/1/2026,12:00,137.16
1/1/2026,18:00,742.68
1/2/2026,0:00,218.78
1/2/2026,6:00,0
1/2/2026,12:00,169.48
1/2/2026,18:00,979.18
1/3/2026,0:00,341.36
1/3/2026,6:00,0
1/3/2026,12:00,165.42
1/3/2026,18:00,675.42
1/4/2026,0:00,347.92
1/4/2026,6:00,0
1/4/2026,12:00,177.2
1/4/2026,18:00,1024.62
1/5/2026,0:00,357.968
1/5/2026,6:00,0
1/5/2026,12:00,173.58
1/5/2026,18:00,1013.7
1/6/2026,0:00,355.952
1/6/2026,6:00,0
1/6/2026,12:00,167.1
1/6/2026,18:00,985.18
1/7/2026,0:00,342.928
1/7/2026,6:00,0
1/7/2026,12:00,165.08
1/7/2026,18:00,982.06
1/8/2026,0:00,244.752
1/8/2026,6:00,0
1/8/2026,12:00,158.7
1/8/2026,18:00,881.48
1/9/2026,0:00,256.304
1/9/2026,6:00,0
1/9/2026,12:00,133.08
1/9/2026,18:00,882.84
1/10/2026,0:00,174.032
1/10/2026,6:00,0
1/10/2026,12:00,119.32
1/10/2026,18:00,247.44
1/11/2026,0:00,97.264
1/11/2026,6:00,0
1/11/2026,12:00,93.64
1/11/2026,18:00,849.76
1/12/2026,0:00,314.864
1/12/2026,6:00,0
1/12/2026,12:00,151.6
1/12/2026,18:00,690.2
1/13/2026,0:00,228.224
1/13/2026,6:00,0
1/13/2026,12:00,156.7
1/13/2026,18:00,975.6
1/14/2026,0:00,347.056
1/14/2026,6:00,0
1/14/2026,12:00,155.12
1/14/2026,18:00,967.68
1/15/2026,0:00,286.384
1/15/2026,6:00,0
1/15/2026,12:00,153.792
1/15/2026,18:00,981.38
1/16/2026,0:00,324.432
1/16/2026,6:00,0
1/16/2026,12:00,23.456
1/22/2026,6:00,0
1/22/2026,12:00,146.432
1/22/2026,18:00,977.38
1/23/2026,0:00,351.024
1/23/2026,6:00,0
1/23/2026,12:00,147.36
1/23/2026,18:00,981.6
1/24/2026,0:00,352.48
1/24/2026,6:00,0
1/24/2026,12:00,146.76
1/24/2026,18:00,982.56
1/25/2026,0:00,352.336
1/25/2026,6:00,0
1/25/2026,12:00,128.76
1/25/2026,18:00,965.42
1/26/2026,0:00,346.4
1/26/2026,6:00,0
1/26/2026,12:00,139.28
1/26/2026,18:00,956.06
1/27/2026,0:00,337.6
1/27/2026,6:00,0
1/27/2026,12:00,125.584
1/27/2026,18:00,852.42
1/28/2026,0:00,326.688
1/28/2026,6:00,0
1/28/2026,12:00,131.216
1/28/2026,18:00,859.78
1/29/2026,0:00,316.432
1/29/2026,6:00,0
1/29/2026,12:00,131.8
1/29/2026,18:00,855.856
1/30/2026,0:00,277.072
1/30/2026,6:00,0
1/30/2026,12:00,134.496
1/30/2026,18:00,873.72
1/31/2026,0:00,148.048
1/31/2026,6:00,0
1/31/2026,12:00,131.68
1/31/2026,18:00,943.32
2/1/2026,0:00,328.272
2/1/2026,6:00,0
2/1/2026,12:00,132.768
2/1/2026,18:00,781.92
2/2/2026,0:00,322.128
2/2/2026,6:00,0
2/2/2026,12:00,132.24
2/2/2026,18:00,958.12
2/3/2026,0:00,341.824
2/3/2026,6:00,0
2/3/2026,12:00,60.448
2/3/2026,18:00,876.34
2/4/2026,0:00,332.608
2/4/2026,6:00,0
2/4/2026,12:00,129.312
2/4/2026,18:00,950.94
2/5/2026,0:00,338.32
2/5/2026,6:00,0
2/5/2026,12:00,129.42
2/5/2026,18:00,949.76
2/6/2026,0:00,335.76
2/6/2026,6:00,0
2/6/2026,12:00,126.672
2/6/2026,18:00,940.48
2/7/2026,0:00,329.68
2/7/2026,6:00,0
2/7/2026,12:00,113.26
2/7/2026,18:00,918.96
2/8/2026,0:00,319.056
2/8/2026,6:00,0
2/8/2026,12:00,125.78
2/8/2026,18:00,944.72
2/9/2026,0:00,330.592
2/9/2026,6:00,0
2/9/2026,12:00,123.5
2/9/2026,18:00,920.8
2/10/2026,0:00,304.72
2/10/2026,6:00,0
2/10/2026,12:00,111.98
2/10/2026,18:00,667.54
2/11/2026,0:00,253.792
2/11/2026,6:00,0
2/11/2026,12:00,118.944
2/11/2026,18:00,845.408
2/12/2026,0:00,233.584
2/12/2026,6:00,0
2/12/2026,12:00,118.016
2/12/2026,18:00,713.1
2/13/2026,0:00,78.992
2/13/2026,6:00,0
2/13/2026,12:00,112.4
2/13/2026,18:00,897.74
2/14/2026,0:00,273.408
2/14/2026,6:00,0
2/14/2026,12:00,71.42
2/14/2026,18:00,564
2/15/2026,0:00,156.384
2/15/2026,6:00,0
2/15/2026,12:00,32.7
2/15/2026,18:00,401.82
2/16/2026,0:00,136.4
2/16/2026,6:00,0
2/16/2026,12:00,54.192
2/16/2026,18:00,716.76
2/17/2026,0:00,128.384
2/17/2026,6:00,0
2/17/2026,12:00,97.232
2/17/2026,18:00,375.296
2/18/2026,0:00,291.952
2/18/2026,6:00,0
2/18/2026,12:00,103.52
2/18/2026,18:00,872.72
2/19/2026,0:00,241.328
2/19/2026,6:00,0
2/19/2026,12:00,109.84
2/19/2026,18:00,888.576
2/20/2026,0:00,129.152
2/20/2026,6:00,0
2/20/2026,12:00,102.4
2/20/2026,18:00,818.8
2/21/2026,0:00,189.696
2/21/2026,6:00,0
2/21/2026,12:00,107.168
2/21/2026,18:00,687.04
2/22/2026,0:00,184.208
2/22/2026,6:00,0
2/22/2026,12:00,61.52
2/22/2026,18:00,603.472
2/23/2026,0:00,81.36
2/23/2026,6:00,0
2/23/2026,12:00,68.896
2/23/2026,18:00,446.352
2/24/2026,0:00,135.44
2/24/2026,6:00,0
2/24/2026,12:00,100.032
2/24/2026,18:00,865.536
2/25/2026,0:00,246.496
2/25/2026,6:00,0
2/25/2026,12:00,97.888
2/25/2026,18:00,707.76
2/26/2026,0:00,98.88
2/26/2026,6:00,0
2/26/2026,12:00,109.36
2/26/2026,18:00,919.904
2/27/2026,0:00,304.384
2/27/2026,6:00,0
2/27/2026,12:00,109.2
2/28/2026,0:00,296.304
2/28/2026,6:00,0
2/28/2026,12:00,102.192
2/28/2026,18:00,886.496
3/1/2026,0:00,288.256
3/1/2026,6:00,0
3/1/2026,12:00,102.72
3/1/2026,18:00,886.48
3/2/2026,6:00,0
3/2/2026,12:00,101.36
3/2/2026,18:00,861.136
3/3/2026,0:00,241.76
3/3/2026,6:00,0
3/3/2026,12:00,99.68
3/3/2026,18:00,811.92
3/4/2026,0:00,116.208
3/4/2026,6:00,0
3/4/2026,12:00,58.128
3/4/2026,18:00,758.544
3/5/2026,0:00,91.168
3/5/2026,6:00,0
3/5/2026,12:00,61.152
3/5/2026,18:00,655.344
3/6/2026,0:00,66.864
3/6/2026,6:00,0
3/6/2026,12:00,92.864
3/6/2026,18:00,725.584
3/7/2026,0:00,49.552
3/7/2026,6:00,0
3/7/2026,12:00,73.312
3/7/2026,18:00,715.248
3/8/2026,0:00,77.792
3/8/2026,6:00,0
3/8/2026,12:00,93.216
3/8/2026,18:00,744.944
3/9/2026,0:00,184.656
3/9/2026,6:00,0
3/9/2026,12:00,22.944
3/9/2026,18:00,500.816
3/10/2026,0:00,57.664
3/10/2026,6:00,0
3/10/2026,12:00,90.672
3/10/2026,18:00,776.192
3/11/2026,0:00,90.832
3/11/2026,6:00,0
3/11/2026,12:00,76.192
3/11/2026,18:00,712.384
3/12/2026,0:00,127.616
3/12/2026,6:00,0
3/12/2026,12:00,89.536
3/12/2026,18:00,752.048
3/13/2026,0:00,175.92
3/13/2026,6:00,0
3/13/2026,12:00,92.144
3/13/2026,18:00,850.128
3/14/2026,0:00,236.944
3/14/2026,6:00,0
3/14/2026,12:00,92.4
3/14/2026,18:00,851.2
3/15/2026,0:00,253.376
3/15/2026,6:00,0
3/15/2026,12:00,88.98
3/15/2026,18:00,836.112
3/16/2026,0:00,246.336
3/16/2026,6:00,0
3/16/2026,12:00,65.98
3/16/2026,18:00,667.264
3/17/2026,0:00,30.72
3/17/2026,6:00,0
3/17/2026,12:00,24.52
3/17/2026,18:00,380.048
3/18/2026,0:00,85.104
3/18/2026,6:00,0
3/18/2026,12:00,44.48
3/18/2026,18:00,428.768
3/19/2026,0:00,88.72
3/19/2026,6:00,0
3/19/2026,12:00,85.616
3/19/2026,18:00,816.8
3/20/2026,0:00,234.368
3/20/2026,6:00,0
3/20/2026,12:00,86.096
3/20/2026,18:00,819.264
3/21/2026,0:00,232.432
3/21/2026,6:00,0
3/21/2026,12:00,82.368
3/21/2026,18:00,579.12
3/22/2026,0:00,65.76
3/22/2026,6:00,0
3/22/2026,12:00,12.784
3/22/2026,18:00,447.728
3/23/2026,0:00,170.288
3/23/2026,6:00,0
3/23/2026,12:00,70.688
3/23/2026,18:00,536.288
3/24/2026,0:00,121.552
3/24/2026,6:00,0
3/24/2026,12:00,4.464
3/24/2026,18:00,356.4
3/25/2026,0:00,110.576
3/25/2026,6:00,0
3/25/2026,12:00,76.176
3/25/2026,18:00,745.696
3/26/2026,0:00,195.76
3/26/2026,6:00,0
3/26/2026,12:00,76.304
3/26/2026,18:00,751.184
3/27/2026,0:00,139.84
3/27/2026,6:00,0
3/27/2026,12:00,76.96
3/27/2026,18:00,637.6
3/28/2026,0:00,36.528
3/28/2026,6:00,0
3/28/2026,12:00,75.344
3/28/2026,18:00,703.584
3/29/2026,0:00,104.688
3/29/2026,6:00,0
3/29/2026,12:00,76.672
3/29/2026,18:00,769.152
3/30/2026,0:00,174.064
3/30/2026,6:00,0
3/30/2026,12:00,75.392
3/30/2026,18:00,763.584
3/31/2026,0:00,194.048
3/31/2026,6:00,0
3/31/2026,12:00,74.288
3/31/2026,18:00,756.4
4/1/2026,0:00,195.68
4/1/2026,6:00,0
4/1/2026,12:00,74.464
4/1/2026,18:00,759.232
4/2/2026,0:00,183.872
4/2/2026,6:00,0
4/2/2026,12:00,66.592
4/2/2026,18:00,733.104
4/3/2026,0:00,178.912
4/3/2026,6:00,0
4/3/2026,18:00,748.96
4/4/2026,0:00,175.344
4/4/2026,6:00,0
4/4/2026,12:00,72.44
4/4/2026,18:00,649.872
4/5/2026,0:00,114.176
4/5/2026,6:00,0
4/5/2026,12:00,59.64
4/5/2026,18:00,617.792
4/6/2026,6:00,0
4/6/2026,12:00,68.672
4/6/2026,18:00,639.168
4/7/2026,0:00,38.112
4/7/2026,6:00,0
4/7/2026,12:00,52.16
4/7/2026,18:00,540.24
4/8/2026,0:00,24.88
4/8/2026,6:00,0
4/8/2026,12:00,33.456
4/8/2026,18:00,372.176
4/9/2026,0:00,57.12
4/9/2026,6:00,0
4/9/2026,12:00,13.568
4/9/2026,18:00,453.68
4/10/2026,0:00,88.896
4/10/2026,6:00,0
4/10/2026,12:00,70.1
4/10/2026,18:00,746.192
4/11/2026,0:00,182.048
4/11/2026,6:00,0
4/11/2026,12:00,67.84
4/11/2026,18:00,531.28
4/12/2026,0:00,19.424
4/12/2026,6:00,0
4/12/2026,12:00,11.44
4/12/2026,18:00,153.36
4/13/2026,0:00,14.912
4/13/2026,6:00,0
4/13/2026,12:00,48.688
4/13/2026,18:00,578.256
4/14/2026,0:00,156.288
4/14/2026,6:00,0
4/14/2026,12:00,48.8
4/14/2026,18:00,622.016
4/15/2026,0:00,91.776
4/15/2026,6:00,0
4/15/2026,12:00,57.376
4/15/2026,18:00,497.392
4/16/2026,0:00,17.904
4/16/2026,6:00,0
4/16/2026,12:00,11.6
4/16/2026,18:00,122.416
4/17/2026,0:00,140.096
4/17/2026,6:00,0
4/17/2026,12:00,15.6
4/17/2026,18:00,197.52
4/18/2026,0:00,39.728
4/18/2026,6:00,0
4/18/2026,12:00,61.808
4/18/2026,18:00,697.84
4/19/2026,0:00,159.92
4/19/2026,6:00,0
4/19/2026,12:00,62.672
4/19/2026,18:00,700.352
4/20/2026,0:00,159.232
4/20/2026,6:00,0
4/20/2026,12:00,60.64
4/20/2026,18:00,595.04
4/21/2026,0:00,54.208
4/21/2026,6:00,0
4/21/2026,12:00,8.448
4/21/2026,18:00,316.672
4/22/2026,0:00,103.456
4/22/2026,6:00,0
4/22/2026,12:00,55.664
4/22/2026,18:00,542.512
4/23/2026,0:00,53.408
4/23/2026,6:00,0
4/23/2026,12:00,54.672
4/23/2026,18:00,592.8
4/24/2026,0:00,106.768
4/24/2026,6:00,0
4/24/2026,12:00,6.144
4/24/2026,18:00,120.784
4/25/2026,0:00,12.16
4/25/2026,6:00,0
4/25/2026,12:00,5.632
4/25/2026,18:00,305.6
4/26/2026,0:00,97.552
4/26/2026,6:00,0
4/26/2026,12:00,29.312
4/26/2026,18:00,421.888
4/27/2026,0:00,117.552
4/27/2026,6:00,0
4/27/2026,12:00,57.664
4/27/2026,18:00,690.4
4/28/2026,0:00,148.32
4/28/2026,6:00,0
4/28/2026,12:00,58.064
4/28/2026,18:00,678.272
4/29/2026,0:00,143.28
4/29/2026,6:00,0
4/29/2026,12:00,54.064
4/29/2026,18:00,640.496
4/30/2026,0:00,137.36
4/30/2026,6:00,0
4/30/2026,12:00,54.672
4/30/2026,18:00,609.536
5/1/2026,0:00,112.912
5/1/2026,6:00,0
5/1/2026,12:00,42.752
5/1/2026,18:00,602.192
5/2/2026,0:00,58.976
5/2/2026,6:00,0
5/2/2026,12:00,1.648
5/2/2026,18:00,296.176
5/3/2026,0:00,101.312
5/3/2026,6:00,0
5/3/2026,12:00,54.496
5/3/2026,18:00,665.072
5/4/2026,0:00,135.52
5/4/2026,6:00,0
5/4/2026,12:00,3.168
5/4/2026,18:00,230.256
5/5/2026,0:00,106.432
5/5/2026,6:00,0
5/5/2026,12:00,46.816
5/5/2026,18:00,604.944
5/6/2026,0:00,121.488
5/6/2026,6:00,0
5/6/2026,12:00,36.192
5/6/2026,18:00,485.328
5/7/2026,0:00,85.808
5/7/2026,6:00,0
5/7/2026,12:00,19.888
5/7/2026,18:00,328.976
5/8/2026,0:00,49.792
5/8/2026,6:00,0
5/8/2026,12:00,48.912
5/8/2026,18:00,551.136
5/9/2026,0:00,106.848
5/9/2026,6:00,0
5/9/2026,12:00,48.128
5/9/2026,18:00,292.336
5/10/2026,0:00,42.752
5/10/2026,6:00,0
5/10/2026,12:00,46.576
5/10/2026,18:00,454.656
5/11/2026,0:00,38.256
5/11/2026,6:00,0
5/11/2026,12:00,47.824
5/11/2026,18:00,627.856
5/12/2026,0:00,123.856
5/12/2026,6:00,0
5/12/2026,12:00,47.904
5/12/2026,18:00,630.016
5/13/2026,0:00,125.376
5/13/2026,6:00,0
5/13/2026,12:00,26.672
5/13/2026,18:00,576.928
5/14/2026,0:00,119.84
5/14/2026,6:00,0
5/14/2026,12:00,44.32
5/14/2026,18:00,480.528
5/15/2026,0:00,33.712
5/15/2026,6:00,0
5/15/2026,12:00,23.936
5/15/2026,18:00,571.44
5/16/2026,0:00,111.76
5/16/2026,6:00,0
5/16/2026,12:00,9.216
5/16/2026,18:00,248.048
5/17/2026,0:00,75.52
5/17/2026,6:00,0
5/17/2026,12:00,11.696
5/17/2026,18:00,228.72
5/18/2026,0:00,88.016
5/18/2026,6:00,0
5/18/2026,12:00,13.808
5/19/2026,0:00,83.824
5/19/2026,6:00,0
5/19/2026,12:00,41.248
5/19/2026,18:00,589.2
5/20/2026,0:00,113.568
5/20/2026,6:00,0
5/20/2026,12:00,42.048
5/20/2026,18:00,596.816
5/21/2026,0:00,113.6
5/21/2026,6:00,0
5/21/2026,12:00,39.936
5/21/2026,18:00,558.928
5/22/2026,0:00,100.96
5/22/2026,6:00,0
5/22/2026,12:00,32.528
5/22/2026,18:00,347.216
5/23/2026,0:00,10.752
5/23/2026,6:00,0
5/23/2026,12:00,37.168
5/23/2026,18:00,561.216
5/24/2026,0:00,104.544
5/24/2026,6:00,0
5/24/2026,12:00,33.152
5/24/2026,18:00,536.656
5/25/2026,0:00,101.392
5/25/2026,6:00,0
5/25/2026,12:00,6.368
5/25/2026,18:00,155.392
5/26/2026,0:00,13.808
5/26/2026,6:00,0
5/26/2026,12:00,10.016
5/26/2026,18:00,114.992
5/27/2026,0:00,56.704
5/27/2026,6:00,0
5/27/2026,12:00,36.112
5/27/2026,18:00,559.632
5/28/2026,0:00,104.864
5/28/2026,6:00,0
5/28/2026,12:00,34.912
5/28/2026,18:00,538.48
5/29/2026,0:00,98.256
5/29/2026,6:00,0
5/29/2026,12:00,28.688
5/29/2026,18:00,322.352
5/30/2026,0:00,5.328
5/30/2026,6:00,0
5/30/2026,12:00,32.368
5/30/2026,18:00,395.056
5/31/2026,0:00,14.992
5/31/2026,6:00,0
5/31/2026,12:00,23.488
5/31/2026,18:00,448.912
6/1/2026,0:00,74.992
6/1/2026,6:00,0
6/1/2026,12:00,34.48
6/1/2026,18:00,552.816
6/2/2026,0:00,101.68
6/2/2026,6:00,0
6/2/2026,12:00,32.62
6/2/2026,18:00,528.016
6/3/2026,0:00,75.632
6/3/2026,6:00,0
6/3/2026,12:00,32.1
6/3/2026,18:00,531.36
6/4/2026,0:00,98.4
6/4/2026,6:00,0
6/4/2026,12:00,32.36
6/4/2026,18:00,534.624
6/5/2026,0:00,99.136
6/5/2026,6:00,0
6/5/2026,12:00,31.28
6/5/2026,18:00,437.248
6/6/2026,0:00,98.256
6/6/2026,6:00,0
6/6/2026,12:00,30.448
6/6/2026,18:00,518.976
6/7/2026,0:00,94.224
6/7/2026,6:00,0
6/7/2026,12:00,28.4
6/7/2026,18:00,508.496
6/8/2026,0:00,86.096
6/8/2026,6:00,0
6/8/2026,12:00,18.128
6/8/2026,18:00,180.592
6/9/2026,0:00,32.64
6/9/2026,6:00,0
6/9/2026,12:00,29.12
6/9/2026,18:00,382.672
6/10/2026,0:00,93.104
6/10/2026,6:00,0
6/10/2026,12:00,10.992
6/10/2026,18:00,237.424
6/11/2026,0:00,14.544
6/11/2026,6:00,0
6/11/2026,12:00,1.136
6/11/2026,18:00,33.152
6/12/2026,0:00,4.816
6/12/2026,6:00,0
6/12/2026,12:00,1.408
6/12/2026,18:00,83.824
6/13/2026,0:00,9.312
6/13/2026,6:00,0
6/13/2026,12:00,18.56
6/13/2026,18:00,485.408
6/14/2026,0:00,97.488
6/14/2026,6:00,0
6/14/2026,12:00,28.752
6/14/2026,18:00,488.096
6/15/2026,0:00,97.76
6/15/2026,6:00,0
6/15/2026,12:00,29.488
6/15/2026,18:00,426.944
6/16/2026,0:00,67.392
6/16/2026,6:00,0
6/16/2026,12:00,29.94
6/16/2026,18:00,534.56
6/17/2026,0:00,100.496
6/17/2026,6:00,0
6/17/2026,12:00,28.496
6/17/2026,18:00,529.28
6/18/2026,0:00,100.32
6/18/2026,6:00,0
6/18/2026,12:00,17.824
6/18/2026,18:00,356.656
6/19/2026,0:00,45.584
6/19/2026,6:00,0
6/19/2026,12:00,0.56
6/19/2026,18:00,95.712
6/20/2026,0:00,9.12
6/20/2026,6:00,0
6/20/2026,12:00,6.18
6/20/2026,18:00,138.096
6/21/2026,0:00,26.96
6/21/2026,6:00,0
6/21/2026,12:00,28.384
6/21/2026,18:00,527.536
6/22/2026,0:00,100.032
6/22/2026,6:00,0
6/22/2026,12:00,0.5
6/22/2026,18:00,66.928
6/23/2026,0:00,17.488
6/23/2026,6:00,0
6/23/2026,12:00,27.84
6/23/2026,18:00,530.064
6/24/2026,0:00,102.592
6/24/2026,6:00,0
6/24/2026,12:00,28.032
6/24/2026,18:00,535.104
6/25/2026,0:00,104.064
6/25/2026,6:00,0
6/25/2026,12:00,24.1
6/25/2026,18:00,388.704
6/26/2026,0:00,57.2
6/26/2026,6:00,0
6/26/2026,12:00,29.04
6/26/2026,18:00,544.768
6/27/2026,0:00,103.84
6/27/2026,6:00,0
6/27/2026,12:00,10.672
6/27/2026,18:00,336.896
6/28/2026,0:00,72.144
6/28/2026,6:00,0
6/28/2026,12:00,1.04
6/28/2026,18:00,39.36
6/29/2026,0:00,1.92
6/29/2026,6:00,0
6/29/2026,12:00,24.816
6/29/2026,18:00,516.928
6/30/2026,0:00,96.384
6/30/2026,6:00,0
6/30/2026,12:00,4.384
6/30/2026,18:00,164.848
7/1/2026,0:00,3.936
7/1/2026,6:00,0
7/1/2026,12:00,1.744
7/1/2026,18:00,138.064
7/2/2026,0:00,20.8
7/2/2026,6:00,0
7/2/2026,12:00,1.1
7/2/2026,18:00,29.088
7/3/2026,0:00,5.2
7/3/2026,6:00,0
7/3/2026,12:00,20.192
7/3/2026,18:00,481.408
7/4/2026,0:00,90.944
7/4/2026,6:00,0
7/4/2026,12:00,23.264
7/4/2026,18:00,432.72
7/5/2026,0:00,57.44
7/5/2026,6:00,0
7/5/2026,12:00,19.424
7/5/2026,18:00,454.528
7/6/2026,0:00,84.8
7/6/2026,6:00,0
7/6/2026,12:00,10.304
7/6/2026,18:00,243.008
7/7/2026,0:00,88.416
7/7/2026,6:00,0
7/7/2026,12:00,29.264
7/7/2026,18:00,554.192
7/8/2026,0:00,112.512
7/8/2026,6:00,0
7/8/2026,12:00,28.592
7/8/2026,18:00,541.568
7/9/2026,0:00,110.112
7/9/2026,6:00,0
7/9/2026,12:00,27.456
7/9/2026,18:00,514.48
7/10/2026,0:00,88.496
7/10/2026,6:00,0
7/10/2026,12:00,16.928
7/10/2026,18:00,441.152
7/11/2026,0:00,10.528
7/11/2026,6:00,0
7/11/2026,12:00,18.28
7/11/2026,18:00,110.592
7/12/2026,0:00,40.416
7/12/2026,6:00,0
7/12/2026,12:00,15.12
7/12/2026,18:00,212.368
7/13/2026,0:00,24.736
7/13/2026,6:00,0
7/13/2026,12:00,29.344
7/13/2026,18:00,554.656
7/14/2026,0:00,115.616
7/14/2026,6:00,0
7/14/2026,12:00,30.256
7/14/2026,18:00,562.688
7/15/2026,0:00,117.376
7/15/2026,6:00,0
7/15/2026,12:00,30.048
7/15/2026,18:00,557.6
7/16/2026,0:00,115.92
7/16/2026,6:00,0
7/16/2026,12:00,28.432
7/16/2026,18:00,533.328
7/17/2026,0:00,110.736
7/17/2026,6:00,0
7/17/2026,12:00,27.968
7/17/2026,18:00,525.776
7/18/2026,0:00,110.48
7/18/2026,6:00,0
7/18/2026,12:00,28.336
7/18/2026,18:00,529.44
7/19/2026,0:00,111.44
7/19/2026,6:00,0
7/19/2026,12:00,28.496
7/19/2026,18:00,411.936
7/20/2026,0:00,16.656
7/20/2026,6:00,0
7/20/2026,12:00,26.64
7/20/2026,18:00,522.944
7/21/2026,0:00,101.728
7/21/2026,6:00,0
7/21/2026,12:00,20.928
7/21/2026,18:00,227.456
7/22/2026,0:00,70.624
7/22/2026,6:00,0
7/22/2026,12:00,3.856
7/22/2026,18:00,42.288
7/23/2026,0:00,23.904
7/23/2026,6:00,0
7/23/2026,12:00,22.88
7/23/2026,18:00,463.872
7/24/2026,0:00,52.576
7/24/2026,6:00,0
7/24/2026,12:00,24.304
7/24/2026,18:00,245.472
7/25/2026,0:00,9.696
7/25/2026,6:00,0
7/25/2026,12:00,31.296
7/25/2026,18:00,503.136
7/26/2026,0:00,70.224
7/26/2026,6:00,0
7/26/2026,12:00,4.288
7/26/2026,18:00,195.84
7/27/2026,0:00,42.48
7/27/2026,6:00,0
7/27/2026,12:00,23.696
7/27/2026,18:00,543.728
7/28/2026,0:00,90.304
7/28/2026,6:00,0
7/28/2026,12:00,22.72
7/28/2026,18:00,190.176
7/29/2026,0:00,120.192
7/29/2026,6:00,0
7/29/2026,12:00,28.4
7/29/2026,18:00,513.216
7/30/2026,0:00,50.704
7/30/2026,6:00,0
7/30/2026,12:00,4.288
7/30/2026,18:00,414.8
7/31/2026,0:00,123.328
7/31/2026,6:00,0
7/31/2026,12:00,34.064
7/31/2026,18:00,570.848
8/1/2026,0:00,126.928
8/1/2026,6:00,0
8/1/2026,12:00,35.68
