"Date","Time","Minimum temperature@Specified height above ground: 2 m"
6/13/2019,18:00,294.1
6/14/2019,0:00,294.494
6/14/2019,6:00,293.239
6/14/2019,12:00,294.297
6/14/2019,18:00,294.669
6/15/2019,0:00,295.061
6/15/2019,6:00,293.675
6/15/2019,12:00,292.895
6/15/2019,18:00,294.448
6/16/2019,0:00,294.9
6/16/2019,6:00,292.693
6/16/2019,12:00,291.6
6/16/2019,18:00,293.331
6/17/2019,0:00,293.5
6/17/2019,6:00,292.5
6/17/2019,12:00,293.2
6/17/2019,18:00,294.119
6/18/2019,0:00,294.3
6/18/2019,6:00,292.261
6/18/2019,12:00,291
6/18/2019,18:00,289.086
6/19/2019,0:00,285.611
6/19/2019,6:00,284.319
6/19/2019,12:00,281.167
6/19/2019,18:00,283.281
6/20/2019,0:00,283.3
6/20/2019,6:00,281.307
6/20/2019,12:00,280.007
6/20/2019,18:00,283.046
6/21/2019,0:00,284.2
6/21/2019,6:00,282.392
6/21/2019,12:00,281.747
6/21/2019,18:00,284.8
6/22/2019,0:00,290.5
6/22/2019,6:00,290.414
6/22/2019,12:00,289.901
6/22/2019,18:00,291.919
6/23/2019,0:00,292.982
6/23/2019,6:00,291.11
6/23/2019,12:00,289.833
6/23/2019,18:00,291.4
6/24/2019,0:00,292.199
6/24/2019,6:00,290.437
6/24/2019,12:00,288.663
6/24/2019,18:00,290.7
6/25/2019,0:00,292.294
6/25/2019,6:00,290.881
6/25/2019,12:00,290.912
6/25/2019,18:00,284.912
6/26/2019,0:00,282
6/26/2019,6:00,278.501
6/26/2019,12:00,277.035
6/26/2019,18:00,279.5
6/27/2019,0:00,279.265
6/27/2019,6:00,277.329
6/27/2019,12:00,276.524
6/27/2019,18:00,279.412
6/28/2019,0:00,286.477
6/28/2019,6:00,286.371
6/28/2019,12:00,288.167
6/28/2019,18:00,291.6
6/29/2019,0:00,292.67
6/29/2019,6:00,293.12
6/29/2019,12:00,291.7
6/29/2019,18:00,292.834
6/30/2019,0:00,293.594
6/30/2019,6:00,290.357
6/30/2019,12:00,287.728
6/30/2019,18:00,288.1
7/1/2019,0:00,286.08
7/1/2019,6:00,283.589
7/1/2019,12:00,281.599
7/1/2019,18:00,282.6
7/2/2019,0:00,281.406
7/2/2019,6:00,279.551
7/2/2019,12:00,279.351
7/2/2019,18:00,281.9
7/3/2019,0:00,284.719
7/3/2019,6:00,280.9
7/3/2019,12:00,278.805
7/3/2019,18:00,280.689
7/4/2019,0:00,278.719
7/4/2019,6:00,276.619
7/4/2019,12:00,275.794
7/4/2019,18:00,278.579
7/5/2019,0:00,279.254
7/5/2019,6:00,276.197
7/5/2019,12:00,274.066
7/5/2019,18:00,276.503
7/6/2019,0:00,275.9
7/6/2019,6:00,274.65
7/6/2019,12:00,273.229
7/6/2019,18:00,276.139
7/7/2019,0:00,276.794
7/7/2019,6:00,275.116
7/7/2019,12:00,274.218
7/7/2019,18:00,277.327
7/8/2019,0:00,278.695
7/8/2019,6:00,276.841
7/8/2019,12:00,276.462
7/8/2019,18:00,279.103
7/9/2019,0:00,281.888
7/9/2019,6:00,280.884
7/9/2019,12:00,279.818
7/9/2019,18:00,282.6
7/10/2019,0:00,284.621
7/10/2019,6:00,284.625
7/10/2019,12:00,284.8
7/10/2019,18:00,287.115
7/11/2019,0:00,288.209
7/11/2019,6:00,288.734
7/11/2019,12:00,289.141
7/11/2019,18:00,290.101
7/12/2019,0:00,290.619
7/12/2019,6:00,289.316
7/12/2019,12:00,289.824
7/12/2019,18:00,290.201
7/13/2019,0:00,290.3
7/13/2019,6:00,288.806
7/13/2019,12:00,288.4
7/13/2019,18:00,289.802
7/14/2019,0:00,288.041
7/14/2019,6:00,286.938
7/14/2019,12:00,284.8
7/14/2019,18:00,284.8
7/15/2019,0:00,283.918
7/15/2019,6:00,280.795
7/15/2019,12:00,280.01
7/15/2019,18:00,282.052
7/16/2019,0:00,283.3
7/16/2019,6:00,280.648
7/16/2019,12:00,279.4
7/16/2019,18:00,281.687
7/17/2019,0:00,281.389
7/17/2019,6:00,279.478
7/17/2019,12:00,278.236
7/17/2019,18:00,281.303
7/18/2019,0:00,283.303
7/18/2019,6:00,281.694
7/18/2019,12:00,280.866
7/18/2019,18:00,284.069
7/19/2019,0:00,287.827
7/19/2019,6:00,286.4
7/19/2019,12:00,285.903
7/19/2019,18:00,287.543
7/20/2019,0:00,290.699
7/20/2019,6:00,287.8
7/20/2019,12:00,286.372
7/20/2019,18:00,288.945
7/21/2019,0:00,292.761
7/21/2019,6:00,291.758
7/21/2019,12:00,291.361
7/21/2019,18:00,292.682
7/22/2019,0:00,293.2
7/22/2019,6:00,292.138
7/22/2019,12:00,291.6
7/22/2019,18:00,292.705
7/23/2019,0:00,292.879
7/23/2019,6:00,291.463
7/23/2019,12:00,290.469
7/23/2019,18:00,290.32
7/24/2019,0:00,289.697
7/24/2019,6:00,287.711
7/24/2019,12:00,285.444
7/24/2019,18:00,285.144
7/25/2019,0:00,286.289
7/25/2019,6:00,286.023
7/25/2019,12:00,286.248
7/25/2019,18:00,286.524
7/26/2019,0:00,285.659
7/26/2019,6:00,284.2
7/26/2019,12:00,282.486
7/26/2019,18:00,283.1
7/27/2019,0:00,281.423
7/27/2019,6:00,282.862
7/27/2019,12:00,282.002
7/27/2019,18:00,283.563
7/28/2019,0:00,284.65
7/28/2019,6:00,282.573
7/28/2019,12:00,281.688
7/28/2019,18:00,283.764
7/29/2019,0:00,284.062
7/29/2019,6:00,283.062
7/29/2019,12:00,283.762
7/29/2019,18:00,285.82
7/30/2019,0:00,286.1
7/30/2019,6:00,284.5
7/30/2019,12:00,283.4
7/30/2019,18:00,285.916
7/31/2019,0:00,285.716
7/31/2019,6:00,284
7/31/2019,12:00,283.4
7/31/2019,18:00,286.4
8/1/2019,0:00,290.632
8/1/2019,6:00,289.525
8/1/2019,12:00,288.583
8/1/2019,18:00,290.2
8/2/2019,0:00,283.734
8/2/2019,6:00,282.1
8/2/2019,12:00,279.407
8/2/2019,18:00,281.919
8/3/2019,0:00,280.347
8/3/2019,6:00,278.3
8/3/2019,12:00,277.64
8/3/2019,18:00,280.5
8/4/2019,0:00,280.306
8/4/2019,6:00,278.5
8/4/2019,12:00,277.5
8/4/2019,18:00,280.573
8/5/2019,0:00,281.1
8/5/2019,6:00,278.9
8/5/2019,12:00,277.5
8/5/2019,18:00,280.9
8/6/2019,0:00,284.577
8/6/2019,6:00,282.909
8/6/2019,12:00,282.8
8/6/2019,18:00,287.17
8/7/2019,0:00,289.742
8/7/2019,6:00,288.468
8/7/2019,12:00,287.326
8/7/2019,18:00,290.465
8/8/2019,0:00,292.442
8/8/2019,6:00,290.835
8/8/2019,12:00,290.616
8/8/2019,18:00,292.7
8/9/2019,0:00,290.862
8/9/2019,6:00,290.756
8/9/2019,12:00,290.008
8/9/2019,18:00,290.307
8/10/2019,0:00,286.695
8/10/2019,6:00,284.059
8/10/2019,12:00,282.9
8/10/2019,18:00,283.3
8/11/2019,0:00,282.564
8/11/2019,6:00,281.456
8/11/2019,12:00,280.7
8/11/2019,18:00,283.563
8/12/2019,0:00,287.855
8/12/2019,6:00,286.907
8/12/2019,12:00,286.172
8/12/2019,18:00,286.9
8/13/2019,0:00,284.997
8/13/2019,6:00,279.982
8/13/2019,12:00,278.042
8/13/2019,18:00,280.1
8/14/2019,0:00,278.1
8/14/2019,6:00,275.435
8/14/2019,12:00,274.447
8/14/2019,18:00,277.6
8/15/2019,0:00,280.2
8/15/2019,6:00,279.1
8/15/2019,12:00,277.949
8/15/2019,18:00,281.3
8/16/2019,0:00,286
8/16/2019,6:00,285.1
8/16/2019,12:00,285.343
8/16/2019,18:00,289.179
8/17/2019,0:00,292.345
8/17/2019,6:00,290.952
8/17/2019,12:00,290.378
8/17/2019,18:00,292.152
8/18/2019,0:00,292.83
8/18/2019,6:00,286.155
8/18/2019,12:00,283.496
8/18/2019,18:00,284.3
8/19/2019,0:00,283.479
8/19/2019,6:00,279.888
8/19/2019,12:00,277.319
8/19/2019,18:00,279.365
8/20/2019,0:00,280.033
8/20/2019,6:00,278.827
8/20/2019,12:00,278.154
8/20/2019,18:00,281
8/21/2019,0:00,281.416
8/21/2019,6:00,278.723
8/21/2019,12:00,277.7
8/21/2019,18:00,280.8
8/22/2019,0:00,282.859
8/22/2019,6:00,280.373
8/22/2019,12:00,279.72
8/22/2019,18:00,282.442
8/23/2019,0:00,283.543
8/23/2019,6:00,281.034
8/23/2019,12:00,280.133
8/23/2019,18:00,283.767
8/24/2019,0:00,283.941
8/24/2019,6:00,281.632
8/24/2019,12:00,280.833
8/24/2019,18:00,283.554
8/25/2019,0:00,286.219
8/25/2019,6:00,283.654
8/25/2019,12:00,282.889
8/25/2019,18:00,286.8
8/26/2019,0:00,290.059
8/26/2019,6:00,287.611
8/26/2019,12:00,287
8/26/2019,18:00,287.9
8/27/2019,0:00,289.191
8/27/2019,6:00,286.6
8/27/2019,12:00,286.239
8/27/2019,18:00,289.619
8/28/2019,0:00,290.306
8/28/2019,6:00,287.7
8/28/2019,12:00,287
8/28/2019,18:00,291
8/29/2019,0:00,292.345
8/29/2019,6:00,290.3
8/29/2019,12:00,289.632
8/29/2019,18:00,293.428
8/30/2019,0:00,294.081
8/30/2019,6:00,292.13
8/30/2019,12:00,290.578
8/30/2019,18:00,293.8
8/31/2019,0:00,289.53
8/31/2019,6:00,289.034
8/31/2019,12:00,286
8/31/2019,18:00,286.939
9/1/2019,0:00,285.217
9/1/2019,6:00,281.3
9/1/2019,12:00,280.3
9/1/2019,18:00,285
9/2/2019,0:00,283.5
9/2/2019,6:00,280.904
9/2/2019,12:00,279.5
9/2/2019,18:00,284.221
9/3/2019,0:00,284.6
9/3/2019,6:00,281.8
9/3/2019,12:00,280.633
9/3/2019,18:00,282.467
9/4/2019,0:00,281.619
9/4/2019,6:00,277.984
9/4/2019,12:00,276.791
9/4/2019,18:00,280.9
9/5/2019,0:00,280.7
9/5/2019,6:00,278.027
9/5/2019,12:00,276.9
9/5/2019,18:00,281.015
9/6/2019,0:00,282.469
9/6/2019,6:00,281.306
9/6/2019,12:00,280.722
9/6/2019,18:00,283.7
9/7/2019,0:00,287.2
9/7/2019,6:00,287.716
9/7/2019,12:00,288.732
9/7/2019,18:00,292.301
9/8/2019,0:00,293.2
9/8/2019,6:00,292.238
9/8/2019,12:00,292.158
9/8/2019,18:00,294.032
9/9/2019,0:00,293.728
9/9/2019,6:00,293.079
9/9/2019,12:00,292.343
9/9/2019,18:00,293.284
9/10/2019,0:00,289.2
9/10/2019,6:00,286.074
9/10/2019,12:00,286.198
9/10/2019,18:00,287.4
9/11/2019,0:00,287.9
9/11/2019,6:00,286.7
9/11/2019,12:00,285.888
9/11/2019,18:00,287.4
9/12/2019,0:00,287.5
9/12/2019,6:00,286.301
9/12/2019,12:00,286.8
9/12/2019,18:00,288.2
9/13/2019,0:00,285.461
9/13/2019,6:00,282.579
9/13/2019,12:00,281.761
9/13/2019,18:00,286.352
9/14/2019,0:00,286.6
9/14/2019,6:00,284.15
9/14/2019,12:00,283
9/14/2019,18:00,287.139
9/15/2019,0:00,290.7
9/15/2019,6:00,289.773
9/15/2019,12:00,289.301
9/15/2019,18:00,293.734
9/16/2019,0:00,297.042
9/16/2019,6:00,295.515
9/16/2019,12:00,292.733
9/16/2019,18:00,295
9/17/2019,0:00,287.146
9/17/2019,6:00,286.334
9/17/2019,12:00,284.811
9/17/2019,18:00,286.8
9/18/2019,0:00,286.079
9/18/2019,6:00,282.721
9/18/2019,12:00,282.3
9/18/2019,18:00,287.651
9/19/2019,0:00,287.188
9/19/2019,6:00,283.912
9/19/2019,12:00,282.8
9/19/2019,18:00,288.551
9/20/2019,0:00,288.755
9/20/2019,6:00,284.12
9/20/2019,12:00,282.408
9/20/2019,18:00,285.208
9/21/2019,0:00,283.301
9/21/2019,6:00,280.338
9/21/2019,12:00,279
9/21/2019,18:00,284.866
9/22/2019,0:00,284.765
9/22/2019,6:00,281.513
9/22/2019,12:00,280.841
9/22/2019,18:00,287.2
9/23/2019,0:00,284.792
9/23/2019,6:00,282.345
9/23/2019,12:00,280.039
9/23/2019,18:00,283.722
9/24/2019,0:00,285.542
9/24/2019,6:00,282.6
9/24/2019,12:00,281.107
9/24/2019,18:00,286.8
9/25/2019,0:00,287.771
9/25/2019,6:00,284.56
9/25/2019,12:00,283.6
9/25/2019,18:00,289.318
9/26/2019,0:00,288.911
9/26/2019,6:00,285.225
9/26/2019,12:00,284.438
9/26/2019,18:00,290.9
9/27/2019,0:00,290.27
9/27/2019,6:00,287.442
9/27/2019,12:00,285.432
9/27/2019,18:00,288.9
9/28/2019,0:00,288.025
9/28/2019,6:00,284.566
9/28/2019,12:00,283.555
9/28/2019,18:00,288.158
9/29/2019,0:00,289.634
9/29/2019,6:00,286.828
9/29/2019,12:00,284.811
9/29/2019,18:00,291.5
9/30/2019,0:00,291.371
9/30/2019,6:00,288.581
9/30/2019,12:00,288.06
9/30/2019,18:00,295.6
10/1/2019,0:00,296.726
10/1/2019,6:00,296.239
10/1/2019,12:00,294.69
10/1/2019,18:00,298.5
10/2/2019,0:00,298.764
10/2/2019,6:00,294.369
10/2/2019,12:00,291.195
10/2/2019,18:00,289.941
10/3/2019,0:00,291.381
10/3/2019,6:00,289.608
10/3/2019,12:00,289.256
10/3/2019,18:00,289.381
10/4/2019,0:00,288.833
10/4/2019,6:00,289.063
10/4/2019,12:00,289.508
10/4/2019,18:00,291.259
10/5/2019,0:00,290.939
10/5/2019,6:00,289.352
10/5/2019,12:00,289.078
10/5/2019,18:00,289.795
10/6/2019,0:00,288.546
10/6/2019,6:00,286.747
10/6/2019,12:00,284.732
10/6/2019,18:00,287.902
10/7/2019,0:00,286.58
10/7/2019,6:00,284.471
10/7/2019,12:00,284.033
10/7/2019,18:00,289.865
10/8/2019,0:00,289.55
10/8/2019,6:00,286.849
10/8/2019,12:00,285.823
10/8/2019,18:00,292.459
10/9/2019,0:00,291.14
10/9/2019,6:00,288.513
10/9/2019,12:00,287.654
10/9/2019,18:00,293.665
10/10/2019,0:00,292.208
10/10/2019,6:00,289.193
10/10/2019,12:00,288.042
10/10/2019,18:00,294.816
10/11/2019,0:00,296.038
10/11/2019,6:00,293.432
10/11/2019,12:00,292.121
10/11/2019,18:00,298.404
10/12/2019,0:00,298.101
10/12/2019,6:00,297.113
10/12/2019,12:00,296.974
10/12/2019,18:00,298.611
10/13/2019,0:00,300.612
10/13/2019,6:00,298.149
10/13/2019,12:00,295.936
10/13/2019,18:00,299.946
10/14/2019,0:00,293.06
10/14/2019,6:00,289.009
10/14/2019,12:00,286.551
10/14/2019,18:00,284.805
10/15/2019,0:00,284.489
10/15/2019,6:00,284.632
10/15/2019,12:00,285.699
10/15/2019,18:00,286.435
10/16/2019,0:00,288.121
10/16/2019,6:00,287.733
10/16/2019,12:00,287.5
10/16/2019,18:00,288.944
10/17/2019,0:00,290.202
10/17/2019,6:00,289.939
10/17/2019,12:00,290.515
10/17/2019,18:00,293.086
10/18/2019,0:00,290.819
10/18/2019,6:00,288.955
10/18/2019,12:00,289.65
10/18/2019,18:00,291.678
10/19/2019,0:00,289.808
10/19/2019,6:00,286.109
10/19/2019,12:00,284.447
10/19/2019,18:00,289.67
10/20/2019,0:00,289.471
10/20/2019,6:00,286.169
10/20/2019,12:00,284.767
10/20/2019,18:00,287.9
10/21/2019,0:00,289.129
10/21/2019,6:00,286.801
10/21/2019,12:00,286.105
10/21/2019,18:00,288.849
10/22/2019,0:00,287.077
10/22/2019,6:00,283.458
10/22/2019,12:00,282.793
10/22/2019,18:00,288.376
10/23/2019,0:00,287.781
10/23/2019,6:00,285.254
10/23/2019,12:00,284.75
10/23/2019,18:00,291.51
10/24/2019,0:00,289.649
10/24/2019,6:00,286.38
10/24/2019,12:00,285.806
10/24/2019,18:00,293.016
10/25/2019,0:00,290.155
10/25/2019,6:00,285.691
10/25/2019,12:00,284.71
10/25/2019,18:00,291.25
10/26/2019,0:00,289.421
10/26/2019,6:00,286.311
10/26/2019,12:00,284.74
10/26/2019,18:00,292.191
10/27/2019,0:00,294.304
10/27/2019,6:00,293.215
10/27/2019,12:00,291.706
10/27/2019,18:00,294.22
10/28/2019,0:00,292.466
10/28/2019,6:00,292.084
10/28/2019,12:00,291.53
10/28/2019,18:00,298.198
10/29/2019,0:00,300.161
10/29/2019,6:00,296.691
10/29/2019,12:00,295.896
10/29/2019,18:00,299.674
10/30/2019,0:00,297.076
10/30/2019,6:00,293.61
10/30/2019,12:00,293.52
10/30/2019,18:00,297.361
10/31/2019,0:00,297.202
10/31/2019,6:00,292.808
10/31/2019,12:00,291.464
10/31/2019,18:00,292.14
11/1/2019,0:00,293.054
11/1/2019,6:00,291.36
11/1/2019,12:00,290.497
11/1/2019,18:00,295.101
11/2/2019,0:00,297.39
11/2/2019,6:00,293.585
11/2/2019,12:00,293.515
11/2/2019,18:00,300.056
11/3/2019,0:00,292.696
11/3/2019,6:00,292.485
11/3/2019,12:00,291.701
11/3/2019,18:00,293.583
11/4/2019,0:00,292.955
11/4/2019,6:00,291.831
11/4/2019,12:00,290.99
11/4/2019,18:00,295.585
11/5/2019,0:00,293.11
11/5/2019,6:00,291.725
11/5/2019,12:00,290.205
11/5/2019,18:00,291.871
11/6/2019,0:00,291.604
11/6/2019,6:00,289.787
11/6/2019,12:00,288.446
11/6/2019,18:00,291.918
11/7/2019,0:00,290.828
11/7/2019,6:00,288.265
11/7/2019,12:00,286.954
11/7/2019,18:00,292.936
11/8/2019,0:00,291.741
11/8/2019,6:00,289.457
11/8/2019,12:00,288.82
11/8/2019,18:00,296.575
11/9/2019,0:00,293.764
11/9/2019,6:00,291.224
11/9/2019,12:00,291.078
11/9/2019,18:00,295.486
11/10/2019,0:00,295.048
11/10/2019,6:00,292.895
11/10/2019,12:00,291.834
11/10/2019,18:00,294.78
11/11/2019,0:00,294.267
11/11/2019,6:00,290.34
11/11/2019,12:00,289.213
11/11/2019,18:00,293.291
11/12/2019,0:00,293.953
11/12/2019,6:00,290.294
11/12/2019,12:00,289.432
11/12/2019,18:00,295.725
11/13/2019,0:00,297.039
11/13/2019,6:00,295.233
11/13/2019,12:00,294.252
11/13/2019,18:00,294.403
11/14/2019,0:00,293.381
11/14/2019,6:00,290.652
11/14/2019,12:00,290.305
11/14/2019,18:00,296.77
11/15/2019,0:00,293.556
11/15/2019,6:00,289.271
11/15/2019,12:00,285.642
11/15/2019,18:00,292.623
11/16/2019,0:00,290.01
11/16/2019,6:00,286.665
11/16/2019,12:00,286.318
11/16/2019,18:00,293.373
11/17/2019,0:00,291.843
11/17/2019,6:00,288.865
11/17/2019,12:00,287.771
11/17/2019,18:00,295.483
11/18/2019,0:00,292.167
11/18/2019,6:00,289.45
11/18/2019,12:00,288.673
11/18/2019,18:00,295.282
11/19/2019,0:00,294.55
11/19/2019,6:00,291.77
11/19/2019,12:00,290.844
11/19/2019,18:00,298.126
11/20/2019,0:00,297.039
11/20/2019,6:00,292.118
11/20/2019,12:00,292.662
11/20/2019,18:00,299.777
11/21/2019,0:00,299.416
11/21/2019,6:00,295.372
11/21/2019,12:00,294.171
11/21/2019,18:00,300.952
11/22/2019,0:00,297.751
11/22/2019,6:00,296.205
11/22/2019,12:00,294.951
11/22/2019,18:00,295.767
11/23/2019,0:00,295.068
11/23/2019,6:00,291.211
11/23/2019,12:00,290.737
11/23/2019,18:00,293.408
11/24/2019,0:00,291.57
11/24/2019,6:00,286.345
11/24/2019,12:00,285.518
11/24/2019,18:00,291.298
11/25/2019,0:00,292.26
11/25/2019,6:00,287.636
11/25/2019,12:00,287.223
11/25/2019,18:00,294.087
11/26/2019,0:00,297.201
11/26/2019,6:00,290.602
11/26/2019,12:00,290.74
11/26/2019,18:00,291.953
11/27/2019,0:00,293.065
11/27/2019,6:00,291.312
11/27/2019,12:00,290.99
11/27/2019,18:00,294.789
11/28/2019,0:00,290.709
11/28/2019,6:00,287.527
11/28/2019,12:00,286.698
11/28/2019,18:00,294.3
11/29/2019,0:00,290.891
11/29/2019,6:00,286.816
11/29/2019,12:00,285.823
11/29/2019,18:00,294.478
11/30/2019,0:00,296.967
11/30/2019,6:00,294.82
11/30/2019,12:00,294.186
11/30/2019,18:00,299.87
12/1/2019,0:00,299.026
12/1/2019,6:00,293.321
12/1/2019,12:00,290.92
12/1/2019,18:00,295.377
12/2/2019,0:00,291.178
12/2/2019,6:00,285.997
12/2/2019,12:00,284.434
12/2/2019,18:00,291.537
12/3/2019,0:00,290.657
12/3/2019,6:00,286.465
12/3/2019,12:00,284.847
12/3/2019,18:00,292.967
12/4/2019,0:00,293.489
12/4/2019,6:00,291.279
12/4/2019,12:00,287.882
12/4/2019,18:00,295.566
12/5/2019,0:00,295.556
12/5/2019,6:00,290.036
12/5/2019,12:00,288.5
12/5/2019,18:00,293.826
12/6/2019,0:00,290.139
12/6/2019,6:00,286.34
12/6/2019,12:00,285.329
12/6/2019,18:00,294.281
12/7/2019,0:00,292.591
12/7/2019,6:00,289.96
12/7/2019,12:00,289.168
12/7/2019,18:00,296.322
12/8/2019,0:00,294.644
12/8/2019,6:00,289.995
12/8/2019,12:00,288.495
12/8/2019,18:00,296.525
12/9/2019,0:00,296.113
12/9/2019,6:00,293.386
12/9/2019,12:00,291.598
12/9/2019,18:00,299.502
12/10/2019,0:00,296.917
12/10/2019,6:00,293.416
12/10/2019,12:00,291.719
12/10/2019,18:00,300.165
12/11/2019,0:00,298.957
12/11/2019,6:00,294.28
12/11/2019,12:00,293.069
12/11/2019,18:00,301.526
12/12/2019,0:00,298.891
12/12/2019,6:00,296.169
12/12/2019,12:00,294.395
12/12/2019,18:00,302.168
12/13/2019,0:00,296.409
12/13/2019,6:00,289.602
12/13/2019,12:00,288.01
12/13/2019,18:00,294.049
12/14/2019,0:00,293.227
12/14/2019,6:00,290.496
12/14/2019,12:00,289.375
12/14/2019,18:00,292.818
12/15/2019,0:00,295.968
12/15/2019,6:00,294.257
12/15/2019,12:00,294.188
12/15/2019,18:00,292.932
12/16/2019,0:00,292.011
12/16/2019,6:00,290.527
12/16/2019,12:00,289.387
12/16/2019,18:00,295.071
12/17/2019,0:00,293.982
12/17/2019,6:00,289.585
12/17/2019,12:00,288.899
12/17/2019,18:00,296.879
12/18/2019,0:00,294.584
12/18/2019,6:00,290.81
12/18/2019,12:00,288.682
12/18/2019,18:00,296.114
12/19/2019,0:00,295.705
12/19/2019,6:00,292.605
12/19/2019,12:00,291.387
12/19/2019,18:00,299.795
12/20/2019,0:00,298.55
12/20/2019,6:00,295.567
12/20/2019,12:00,294.94
12/20/2019,18:00,301.684
12/21/2019,0:00,300.549
12/21/2019,6:00,293.27
12/21/2019,12:00,292.491
12/21/2019,18:00,295.629
12/22/2019,0:00,292.285
12/22/2019,6:00,287.092
12/22/2019,12:00,286.104
12/22/2019,18:00,293.493
12/23/2019,0:00,291.238
12/23/2019,6:00,287.424
12/23/2019,12:00,285.881
12/23/2019,18:00,294.225
12/24/2019,0:00,292.635
12/24/2019,6:00,289.121
12/24/2019,12:00,288.293
12/24/2019,18:00,297.224
12/25/2019,0:00,296.787
12/25/2019,6:00,292.275
12/25/2019,12:00,290.412
12/25/2019,18:00,300.286
12/26/2019,0:00,299.761
12/26/2019,6:00,296.926
12/26/2019,12:00,295.739
12/26/2019,18:00,303.076
12/27/2019,0:00,299.295
12/27/2019,6:00,295.129
12/27/2019,12:00,294.086
12/27/2019,18:00,304.397
12/28/2019,0:00,303.137
12/28/2019,6:00,297.571
12/28/2019,12:00,297.499
12/28/2019,18:00,305.163
12/29/2019,0:00,299.815
12/29/2019,6:00,298.809
12/29/2019,12:00,296.509
12/29/2019,18:00,304.994
12/30/2019,0:00,300.9
12/30/2019,6:00,298.194
12/30/2019,12:00,297.654
12/30/2019,18:00,304.64
12/31/2019,0:00,305.224
12/31/2019,6:00,299.813
12/31/2019,12:00,297.558
12/31/2019,18:00,306.131
1/1/2020,0:00,301.549
1/1/2020,6:00,296.434
1/1/2020,12:00,293.304
1/1/2020,18:00,299.006
1/2/2020,0:00,296.291
1/2/2020,6:00,292.428
1/2/2020,12:00,291.554
1/2/2020,18:00,297.247
1/3/2020,0:00,297.514
1/3/2020,6:00,291.051
1/3/2020,12:00,289.553
1/3/2020,18:00,296.875
1/4/2020,0:00,296.913
1/4/2020,6:00,291.146
1/4/2020,12:00,289.896
1/4/2020,18:00,296.779
1/5/2020,0:00,298.891
1/5/2020,6:00,293.98
1/5/2020,12:00,291.62
1/5/2020,18:00,299.895
1/6/2020,0:00,299.968
1/6/2020,6:00,295.948
1/6/2020,12:00,294.622
1/6/2020,18:00,303.872
1/7/2020,0:00,299.632
1/7/2020,6:00,294.505
1/7/2020,12:00,292.058
1/7/2020,18:00,298.906
1/8/2020,0:00,297.412
1/8/2020,6:00,291.863
1/8/2020,12:00,289.614
1/8/2020,18:00,299.575
1/9/2020,0:00,299.201
1/9/2020,6:00,295.642
1/9/2020,12:00,294.88
1/9/2020,18:00,304.716
1/10/2020,0:00,301.599
1/10/2020,6:00,298.186
1/10/2020,12:00,297.015
1/10/2020,18:00,302.467
1/11/2020,0:00,298.731
1/11/2020,6:00,296.071
1/11/2020,12:00,296.014
1/11/2020,18:00,301.058
1/12/2020,0:00,302.38
1/12/2020,6:00,297.49
1/12/2020,12:00,294.702
1/12/2020,18:00,302.664
1/13/2020,0:00,301.685
1/13/2020,6:00,297.448
1/13/2020,12:00,294.643
1/13/2020,18:00,301.251
1/14/2020,0:00,302.688
1/14/2020,6:00,296.387
1/14/2020,12:00,294.242
1/14/2020,18:00,300.819
1/15/2020,0:00,300.215
1/15/2020,6:00,297.386
1/15/2020,12:00,297.566
1/15/2020,18:00,303.399
1/16/2020,0:00,298.113
1/16/2020,6:00,295.032
1/16/2020,12:00,292.603
1/16/2020,18:00,291.583
1/17/2020,0:00,294.237
1/17/2020,6:00,289.783
1/17/2020,12:00,287.799
1/17/2020,18:00,293.906
1/18/2020,0:00,294.593
1/18/2020,6:00,290.781
1/18/2020,12:00,289.414
1/18/2020,18:00,295.318
1/19/2020,0:00,300.531
1/19/2020,6:00,296.956
1/19/2020,12:00,295.793
1/19/2020,18:00,296.906
1/20/2020,0:00,301.412
1/20/2020,6:00,298.067
1/20/2020,12:00,298.353
1/20/2020,18:00,300.976
1/21/2020,0:00,300.833
1/21/2020,6:00,298.085
1/21/2020,12:00,296.254
1/21/2020,18:00,298.029
1/22/2020,0:00,296.055
1/22/2020,6:00,294.679
1/22/2020,12:00,294.056
1/22/2020,18:00,293.332
1/23/2020,0:00,293.001
1/23/2020,6:00,290.643
1/23/2020,12:00,289.911
1/23/2020,18:00,295.515
1/24/2020,0:00,296.778
1/24/2020,6:00,291.963
1/24/2020,12:00,289.655
1/24/2020,18:00,295.673
1/25/2020,0:00,296.478
1/25/2020,6:00,292.872
1/25/2020,12:00,291.382
1/25/2020,18:00,298.075
1/26/2020,0:00,297.878
1/26/2020,6:00,295.158
1/26/2020,12:00,293.384
1/26/2020,18:00,299.321
1/27/2020,0:00,299.524
1/27/2020,6:00,296.498
1/27/2020,12:00,295.333
1/27/2020,18:00,300.946
1/28/2020,0:00,299.999
1/28/2020,6:00,294.659
1/28/2020,12:00,292.966
1/28/2020,18:00,296.637
1/29/2020,0:00,300.131
1/29/2020,6:00,296.615
1/29/2020,12:00,296.257
1/29/2020,18:00,299.732
1/30/2020,0:00,299.842
1/30/2020,6:00,295.904
1/30/2020,12:00,294.27
1/30/2020,18:00,296.877
1/31/2020,0:00,296.215
1/31/2020,6:00,291.581
1/31/2020,12:00,290.259
1/31/2020,18:00,296.816
2/1/2020,0:00,297.13
2/1/2020,6:00,292.869
2/1/2020,12:00,291.271
2/1/2020,18:00,298.957
2/2/2020,0:00,298.746
2/2/2020,6:00,294.906
2/2/2020,12:00,293.251
2/2/2020,18:00,300.233
2/3/2020,0:00,300.547
2/3/2020,6:00,295.699
2/3/2020,12:00,292.732
2/3/2020,18:00,299.764
2/4/2020,0:00,302.554
2/4/2020,6:00,296.953
2/4/2020,12:00,294.586
2/4/2020,18:00,300.949
2/5/2020,0:00,302.449
2/5/2020,6:00,296.936
2/5/2020,12:00,294.903
2/5/2020,18:00,302.327
2/6/2020,0:00,302.669
2/6/2020,6:00,297.972
2/6/2020,12:00,295.678
2/6/2020,18:00,302.516
2/7/2020,0:00,303.113
2/7/2020,6:00,298.678
2/7/2020,12:00,295.257
2/7/2020,18:00,302.612
2/8/2020,0:00,304.232
2/8/2020,6:00,298.213
2/8/2020,12:00,296.74
2/8/2020,18:00,303.362
2/9/2020,0:00,301.217
2/9/2020,6:00,295.868
2/9/2020,12:00,294.686
2/9/2020,18:00,296.953
2/10/2020,0:00,298.772
2/10/2020,6:00,292.435
2/10/2020,12:00,289.799
2/10/2020,18:00,295.262
2/11/2020,0:00,295.787
2/11/2020,6:00,292.064
2/11/2020,12:00,288.826
2/11/2020,18:00,295.89
2/12/2020,0:00,296.578
2/12/2020,6:00,291.966
2/12/2020,12:00,289.88
2/12/2020,18:00,296.363
2/13/2020,0:00,300.138
2/13/2020,6:00,294.955
2/13/2020,12:00,291.967
2/13/2020,18:00,299.179
2/14/2020,0:00,301.127
2/14/2020,6:00,297.274
2/14/2020,12:00,296.95
2/14/2020,18:00,300.372
2/15/2020,0:00,293.996
2/15/2020,6:00,294.066
2/15/2020,12:00,293.712
2/15/2020,18:00,299.184
2/16/2020,0:00,301.226
2/16/2020,6:00,296.844
2/16/2020,12:00,296.396
2/16/2020,18:00,301.272
2/17/2020,0:00,301.097
2/17/2020,6:00,296.936
2/17/2020,12:00,296.573
2/17/2020,18:00,298.438
2/18/2020,0:00,300.222
2/18/2020,6:00,297.479
2/18/2020,12:00,296.957
2/18/2020,18:00,294.568
2/19/2020,0:00,296.282
2/19/2020,6:00,290.375
2/19/2020,12:00,289.34
2/19/2020,18:00,294.353
2/20/2020,0:00,295.246
2/20/2020,6:00,292.013
2/20/2020,12:00,291.17
2/20/2020,18:00,297.404
2/21/2020,0:00,292.851
2/21/2020,6:00,287.547
2/21/2020,12:00,284.992
2/21/2020,18:00,291.898
2/22/2020,0:00,290.231
2/22/2020,6:00,285.186
2/22/2020,12:00,283.113
2/22/2020,18:00,289.041
2/23/2020,0:00,289.856
2/23/2020,6:00,287.834
2/23/2020,12:00,285.565
2/23/2020,18:00,292.201
2/24/2020,0:00,293.223
2/24/2020,6:00,290.461
2/24/2020,12:00,288.207
2/24/2020,18:00,295.063
2/25/2020,0:00,296.792
2/25/2020,6:00,295.513
2/25/2020,12:00,294.486
2/25/2020,18:00,298.219
2/26/2020,0:00,300.079
2/26/2020,6:00,291.886
2/26/2020,12:00,287.196
2/26/2020,18:00,293.614
2/27/2020,0:00,294.049
2/27/2020,6:00,289.993
2/27/2020,12:00,287.708
2/27/2020,18:00,294.422
2/28/2020,0:00,294.639
2/28/2020,6:00,291.075
2/28/2020,12:00,289.533
2/28/2020,18:00,296.94
2/29/2020,0:00,296.686
2/29/2020,6:00,292.574
2/29/2020,12:00,290.705
2/29/2020,18:00,297.186
3/1/2020,0:00,297.66
3/1/2020,6:00,292.001
3/1/2020,12:00,289.839
3/1/2020,18:00,298.018
3/2/2020,0:00,297.13
3/2/2020,6:00,292.983
3/2/2020,12:00,288.968
3/2/2020,18:00,295.969
3/3/2020,0:00,298.155
3/3/2020,6:00,293.123
3/3/2020,12:00,289.813
3/3/2020,18:00,296.574
3/4/2020,0:00,298.229
3/4/2020,6:00,293.272
3/4/2020,12:00,290.47
3/4/2020,18:00,297.329
3/5/2020,0:00,297.668
3/5/2020,6:00,292.829
3/5/2020,12:00,289.551
3/5/2020,18:00,295.303
3/6/2020,0:00,296.137
3/6/2020,6:00,291.447
3/6/2020,12:00,288.442
3/6/2020,18:00,295.025
3/7/2020,0:00,298.668
3/7/2020,6:00,293.767
3/7/2020,12:00,290.532
3/7/2020,18:00,296.74
3/8/2020,0:00,298.269
3/8/2020,6:00,292.809
3/8/2020,12:00,292.506
3/8/2020,18:00,299.761
3/9/2020,0:00,300.049
3/9/2020,6:00,296.216
3/9/2020,12:00,293.903
3/9/2020,18:00,301.754
3/10/2020,0:00,301.777
3/10/2020,6:00,297.281
3/10/2020,12:00,294.691
3/10/2020,18:00,301.508
3/11/2020,0:00,302.165
3/11/2020,6:00,296.378
3/11/2020,12:00,293.966
3/11/2020,18:00,298.752
3/12/2020,0:00,303.308
3/12/2020,6:00,298.938
3/12/2020,12:00,295.644
3/12/2020,18:00,303.221
3/13/2020,0:00,302.419
3/13/2020,6:00,298.167
3/13/2020,12:00,295.802
3/13/2020,18:00,303.726
3/14/2020,0:00,303.383
3/14/2020,6:00,298.501
3/14/2020,12:00,296.771
3/14/2020,18:00,304.546
3/15/2020,0:00,304.335
3/15/2020,6:00,298.27
3/15/2020,12:00,296.76
3/15/2020,18:00,297.961
3/16/2020,0:00,297.225
3/16/2020,6:00,294.098
3/16/2020,12:00,292.958
3/16/2020,18:00,295.956
3/17/2020,0:00,297.848
3/17/2020,6:00,292.814
3/17/2020,12:00,291.289
3/17/2020,18:00,295.4
3/18/2020,0:00,299.874
3/18/2020,6:00,293.908
3/18/2020,12:00,293.33
3/18/2020,18:00,293.9
3/19/2020,0:00,296.532
3/19/2020,6:00,293.323
3/19/2020,12:00,291.422
3/19/2020,18:00,295.906
3/20/2020,0:00,293.8
3/20/2020,6:00,289.937
3/20/2020,12:00,287.5
3/20/2020,18:00,293.051
3/21/2020,0:00,292.851
3/21/2020,6:00,289.67
3/21/2020,12:00,288.3
3/21/2020,18:00,294.3
3/22/2020,0:00,295.4
3/22/2020,6:00,291.231
3/22/2020,12:00,288.268
3/22/2020,18:00,295.806
3/23/2020,0:00,295.819
3/23/2020,6:00,291.792
3/23/2020,12:00,289.577
3/23/2020,18:00,295.6
3/24/2020,0:00,296.6
3/24/2020,6:00,293.814
3/24/2020,12:00,291.527
3/24/2020,18:00,298.612
3/25/2020,0:00,299.378
3/25/2020,6:00,294.779
3/25/2020,12:00,292.274
3/25/2020,18:00,298.344
3/26/2020,0:00,298.617
3/26/2020,6:00,295.971
3/26/2020,12:00,292.346
3/26/2020,18:00,298.91
3/27/2020,0:00,298.702
3/27/2020,6:00,294.462
3/27/2020,12:00,291.822
3/27/2020,18:00,296.882
3/28/2020,0:00,299.587
3/28/2020,6:00,295.591
3/28/2020,12:00,294.007
3/28/2020,18:00,299.901
3/29/2020,0:00,294.755
3/29/2020,6:00,292.764
3/29/2020,12:00,292.312
3/29/2020,18:00,296.011
3/30/2020,0:00,297.848
3/30/2020,6:00,294.914
3/30/2020,12:00,292.831
3/30/2020,18:00,298.065
3/31/2020,0:00,298.65
3/31/2020,6:00,294.855
3/31/2020,12:00,292.867
3/31/2020,18:00,298.007
4/1/2020,0:00,298.735
4/1/2020,6:00,294.721
4/1/2020,12:00,292.79
4/1/2020,18:00,296.148
4/2/2020,0:00,297.486
4/2/2020,6:00,294.286
4/2/2020,12:00,294.427
4/2/2020,18:00,295.238
4/3/2020,0:00,290.766
4/3/2020,6:00,286.482
4/3/2020,12:00,284.591
4/3/2020,18:00,288.9
4/4/2020,0:00,289.677
4/4/2020,6:00,286.979
4/4/2020,12:00,285.744
4/4/2020,18:00,290.568
4/5/2020,0:00,291.308
4/5/2020,6:00,288.491
4/5/2020,12:00,287.021
4/5/2020,18:00,292.374
4/6/2020,0:00,294.688
4/6/2020,6:00,294.213
4/6/2020,12:00,290.797
4/6/2020,18:00,292.602
4/7/2020,0:00,291.842
4/7/2020,6:00,283.69
4/7/2020,12:00,281.723
4/7/2020,18:00,286.9
4/8/2020,0:00,285.867
4/8/2020,6:00,282.757
4/8/2020,12:00,280.15
4/8/2020,18:00,285.215
4/9/2020,0:00,286.684
4/9/2020,6:00,282.743
4/9/2020,12:00,280.985
4/9/2020,18:00,286.276
4/10/2020,0:00,287.9
4/10/2020,6:00,284.272
4/10/2020,12:00,282.655
4/10/2020,18:00,287.991
4/11/2020,0:00,288.857
4/11/2020,6:00,285.579
4/11/2020,12:00,284.8
4/11/2020,18:00,289.558
4/12/2020,0:00,289.913
4/12/2020,6:00,285.872
4/12/2020,12:00,284.8
4/12/2020,18:00,289.908
4/13/2020,0:00,289.939
4/13/2020,6:00,287.015
4/13/2020,12:00,285.794
4/13/2020,18:00,291.094
4/14/2020,0:00,288.758
4/14/2020,6:00,285.666
4/14/2020,12:00,285.318
4/14/2020,18:00,287.248
4/15/2020,0:00,285.614
4/15/2020,6:00,282.352
4/15/2020,12:00,280.761
4/15/2020,18:00,286.92
4/16/2020,0:00,285.666
4/16/2020,6:00,282.776
4/16/2020,12:00,280.93
4/16/2020,18:00,286.39
4/17/2020,0:00,287.102
4/17/2020,6:00,285.022
4/17/2020,12:00,284.403
4/17/2020,18:00,289.134
4/18/2020,0:00,290.683
4/18/2020,6:00,286.483
4/18/2020,12:00,286.092
4/18/2020,18:00,290.175
4/19/2020,0:00,291.051
4/19/2020,6:00,288.127
4/19/2020,12:00,286.388
4/19/2020,18:00,291.52
4/20/2020,0:00,292.204
4/20/2020,6:00,288.856
4/20/2020,12:00,287.308
4/20/2020,18:00,292.919
4/21/2020,0:00,293.256
4/21/2020,6:00,289.594
4/21/2020,12:00,288.133
4/21/2020,18:00,293.973
4/22/2020,0:00,293.684
4/22/2020,6:00,290.098
4/22/2020,12:00,288.431
4/22/2020,18:00,293.691
4/23/2020,0:00,293.34
4/23/2020,6:00,290.332
4/23/2020,12:00,288.222
4/23/2020,18:00,293.68
4/24/2020,0:00,293.842
4/24/2020,6:00,289.898
4/24/2020,12:00,288.993
4/24/2020,18:00,294.946
4/25/2020,0:00,293.752
4/25/2020,6:00,291.01
4/25/2020,12:00,288.368
4/25/2020,18:00,293.902
4/26/2020,0:00,298.355
4/26/2020,6:00,293.874
4/26/2020,12:00,290.422
4/26/2020,18:00,291.59
4/27/2020,0:00,293.977
4/27/2020,6:00,292.21
4/27/2020,12:00,291.7
4/27/2020,18:00,293.374
4/28/2020,0:00,296.842
4/28/2020,6:00,293.173
4/28/2020,12:00,292.728
4/28/2020,18:00,297.006
4/29/2020,0:00,296.217
4/29/2020,6:00,292.145
4/29/2020,12:00,289.526
4/29/2020,18:00,290.767
4/30/2020,0:00,288.555
4/30/2020,6:00,284.996
4/30/2020,12:00,284.11
4/30/2020,18:00,288.833
5/1/2020,0:00,290.038
5/1/2020,6:00,287.025
5/1/2020,12:00,284.67
5/1/2020,18:00,288.096
5/2/2020,0:00,288.368
5/2/2020,6:00,284.703
5/2/2020,12:00,283.298
5/2/2020,18:00,287.463
5/3/2020,0:00,286.225
5/3/2020,6:00,283.763
5/3/2020,12:00,282.603
5/3/2020,18:00,287.123
5/4/2020,0:00,287.661
5/4/2020,6:00,286.35
5/4/2020,12:00,287.606
5/4/2020,18:00,289.882
5/5/2020,0:00,287.994
5/5/2020,6:00,287.933
5/5/2020,12:00,288.077
5/5/2020,18:00,289.918
5/6/2020,0:00,287.372
5/6/2020,6:00,282.66
5/6/2020,12:00,280.092
5/6/2020,18:00,283.754
5/7/2020,0:00,282.7
5/7/2020,6:00,279.4
5/7/2020,12:00,278.238
5/7/2020,18:00,283.1
5/8/2020,0:00,282.707
5/8/2020,6:00,280.478
5/8/2020,12:00,279.7
5/8/2020,18:00,284.4
5/9/2020,0:00,284.8
5/9/2020,6:00,282.281
5/9/2020,12:00,281
5/9/2020,18:00,285.6
5/10/2020,0:00,286.943
5/10/2020,6:00,285.285
5/10/2020,12:00,284.3
5/10/2020,18:00,289.5
5/11/2020,0:00,291.151
5/11/2020,6:00,290.793
5/11/2020,12:00,291.176
5/11/2020,18:00,294.5
5/12/2020,0:00,292.349
5/12/2020,6:00,291.918
5/12/2020,12:00,291.974
5/12/2020,18:00,292.379
5/13/2020,0:00,290.236
5/13/2020,6:00,289.646
5/13/2020,12:00,289.187
5/13/2020,18:00,288.39
5/14/2020,0:00,285.666
5/14/2020,6:00,282.81
5/14/2020,12:00,280.948
5/14/2020,18:00,284.432
5/15/2020,0:00,282.941
5/15/2020,6:00,280.687
5/15/2020,12:00,279.6
5/15/2020,18:00,284.121
5/16/2020,0:00,284.138
5/16/2020,6:00,282.715
5/16/2020,12:00,281.812
5/16/2020,18:00,285.4
5/17/2020,0:00,286.5
5/17/2020,6:00,284.547
5/17/2020,12:00,283.191
5/17/2020,18:00,287.125
5/18/2020,0:00,287.962
5/18/2020,6:00,286.032
5/18/2020,12:00,284.7
5/18/2020,18:00,288.6
5/19/2020,0:00,289
5/19/2020,6:00,287.345
5/19/2020,12:00,286.182
5/19/2020,18:00,290.528
5/20/2020,0:00,290.8
5/20/2020,6:00,289.311
5/20/2020,12:00,288.506
5/20/2020,18:00,292.944
5/21/2020,0:00,295.204
5/21/2020,6:00,291.8
5/21/2020,12:00,291.975
5/21/2020,18:00,293.312
5/22/2020,0:00,293.535
5/22/2020,6:00,292.464
5/22/2020,12:00,289.681
5/22/2020,18:00,289.09
5/23/2020,0:00,285.812
5/23/2020,6:00,283.565
5/23/2020,12:00,283.519
5/23/2020,18:00,286.271
5/24/2020,0:00,287.042
5/24/2020,6:00,282.504
5/24/2020,12:00,280.7
5/24/2020,18:00,283.5
5/25/2020,0:00,283.242
5/25/2020,6:00,281.405
5/25/2020,12:00,280.622
5/25/2020,18:00,283.655
5/26/2020,0:00,284.905
5/26/2020,6:00,282.531
5/26/2020,12:00,280.673
5/26/2020,18:00,283.522
5/27/2020,0:00,283.912
5/27/2020,6:00,282.392
5/27/2020,12:00,281.8
5/27/2020,18:00,285.033
5/28/2020,0:00,285.973
5/28/2020,6:00,284.252
5/28/2020,12:00,283.4
5/28/2020,18:00,286.7
5/29/2020,0:00,288.1
5/29/2020,6:00,286.344
5/29/2020,12:00,285
5/29/2020,18:00,288.103
5/30/2020,0:00,288.656
5/30/2020,6:00,286.489
5/30/2020,12:00,285.316
5/30/2020,18:00,288.016
5/31/2020,0:00,289.852
5/31/2020,6:00,288.539
5/31/2020,12:00,283.599
5/31/2020,18:00,283.279
6/1/2020,0:00,281.093
6/1/2020,6:00,279.372
6/1/2020,12:00,278.407
6/1/2020,18:00,281.089
6/2/2020,0:00,281.274
6/2/2020,6:00,278.616
6/2/2020,12:00,277.559
6/2/2020,18:00,280.612
6/3/2020,0:00,281.477
6/3/2020,6:00,279.891
6/3/2020,12:00,279.013
6/3/2020,18:00,282.1
6/4/2020,0:00,283.445
6/4/2020,6:00,282.674
6/4/2020,12:00,281.7
6/4/2020,18:00,285.2
6/5/2020,0:00,287.116
6/5/2020,6:00,288.236
6/5/2020,12:00,288.7
6/5/2020,18:00,289.4
6/6/2020,0:00,285.999
6/6/2020,6:00,284.523
6/6/2020,12:00,284.103
6/6/2020,18:00,284.632
6/7/2020,0:00,287.205
6/7/2020,6:00,286.7
6/7/2020,12:00,285.7
6/7/2020,18:00,285.8
6/8/2020,0:00,285.824
6/8/2020,6:00,284.254
6/8/2020,12:00,282.852
6/8/2020,18:00,286.048
6/9/2020,0:00,286.597
6/9/2020,6:00,286.428
6/9/2020,12:00,285.093
6/9/2020,18:00,287
6/10/2020,0:00,287.865
6/10/2020,6:00,285.822
6/10/2020,12:00,285.906
6/10/2020,18:00,288.519
6/11/2020,0:00,289.394
6/11/2020,6:00,288.953
6/11/2020,12:00,287.264
6/11/2020,18:00,289.124
6/12/2020,0:00,292.2
6/12/2020,6:00,292.279
6/12/2020,12:00,293.6
6/12/2020,18:00,294.4
6/13/2020,0:00,293.891
6/13/2020,6:00,291.221
6/13/2020,12:00,283.878
6/13/2020,18:00,284.378
6/14/2020,0:00,280.819
6/14/2020,6:00,278.316
6/14/2020,12:00,276.8
6/14/2020,18:00,278.951
6/15/2020,0:00,280.1
6/15/2020,6:00,279.3
6/15/2020,12:00,279.2
6/15/2020,18:00,281.523
6/16/2020,0:00,286.763
6/16/2020,6:00,287.257
6/16/2020,12:00,287.677
6/16/2020,18:00,291.267
6/17/2020,0:00,292.6
6/17/2020,6:00,291.358
6/17/2020,12:00,290.385
6/17/2020,18:00,292.4
6/18/2020,0:00,293.456
6/18/2020,6:00,293.333
6/18/2020,12:00,293.356
6/18/2020,18:00,292.5
6/19/2020,0:00,290.004
6/19/2020,6:00,287.581
6/19/2020,12:00,287.625
6/19/2020,18:00,291.469
6/20/2020,0:00,293.402
6/20/2020,6:00,293.337
6/20/2020,12:00,292.86
6/20/2020,18:00,294.578
6/21/2020,0:00,294.451
6/21/2020,6:00,293.702
6/21/2020,12:00,293.253
6/21/2020,18:00,293.669
6/22/2020,0:00,293.239
6/22/2020,6:00,291.284
6/22/2020,12:00,290.312
6/22/2020,18:00,291.708
6/23/2020,0:00,293.736
6/23/2020,6:00,292.864
6/23/2020,12:00,293.221
6/23/2020,18:00,293.521
6/24/2020,0:00,293.44
6/24/2020,6:00,292.615
6/24/2020,12:00,292.842
6/24/2020,18:00,293.381
6/25/2020,0:00,293.162
6/25/2020,6:00,291.889
6/25/2020,12:00,287.079
6/25/2020,18:00,284.2
6/26/2020,0:00,281.618
6/26/2020,6:00,279.336
6/26/2020,12:00,277.9
6/26/2020,18:00,280
6/27/2020,0:00,280.462
6/27/2020,6:00,278.742
6/27/2020,12:00,278.3
6/27/2020,18:00,280.4
6/28/2020,0:00,280.257
6/28/2020,6:00,278.599
6/28/2020,12:00,277.68
6/28/2020,18:00,280.2
6/29/2020,0:00,282.428
6/29/2020,6:00,281.853
6/29/2020,12:00,281.867
6/29/2020,18:00,283.366
6/30/2020,0:00,285.714
6/30/2020,6:00,286.28
6/30/2020,12:00,287.304
6/30/2020,18:00,287.417
7/1/2020,0:00,284.2
7/1/2020,6:00,283.397
7/1/2020,12:00,281.868
7/1/2020,18:00,283.221
7/2/2020,0:00,282.149
7/2/2020,6:00,279.732
7/2/2020,12:00,277.334
7/2/2020,18:00,279.046
7/3/2020,0:00,278.608
7/3/2020,6:00,276.991
7/3/2020,12:00,276.2
7/3/2020,18:00,278.605
7/4/2020,0:00,279.8
7/4/2020,6:00,278.073
7/4/2020,12:00,277.258
7/4/2020,18:00,280.6
7/5/2020,0:00,286.008
7/5/2020,6:00,285.819
7/5/2020,12:00,284.4
7/5/2020,18:00,287.1
7/6/2020,0:00,286.801
7/6/2020,6:00,282.915
7/6/2020,12:00,281.292
7/6/2020,18:00,282.8
7/7/2020,0:00,282.9
7/7/2020,6:00,281.97
7/7/2020,12:00,281.901
7/7/2020,18:00,282.306
7/8/2020,0:00,283.063
7/8/2020,6:00,282.6
7/8/2020,12:00,281.4
7/8/2020,18:00,281.666
7/9/2020,0:00,282.1
7/9/2020,6:00,279.101
7/9/2020,12:00,277.701
7/9/2020,18:00,280.224
7/10/2020,0:00,280.895
7/10/2020,6:00,279.408
7/10/2020,12:00,278.9
7/10/2020,18:00,281.5
7/11/2020,0:00,287.7
7/11/2020,6:00,286.961
7/11/2020,12:00,285.976
7/11/2020,18:00,286.9
7/12/2020,0:00,285.3
7/12/2020,6:00,284.891
7/12/2020,12:00,286.1
7/12/2020,18:00,287.3
7/13/2020,0:00,283.387
7/13/2020,6:00,280.669
7/13/2020,12:00,279.4
7/13/2020,18:00,280.912
7/14/2020,0:00,280.662
7/14/2020,6:00,277.525
7/14/2020,12:00,275.189
7/14/2020,18:00,277.5
7/15/2020,0:00,277.889
7/15/2020,6:00,275.577
7/15/2020,12:00,274.6
7/15/2020,18:00,277.45
7/16/2020,0:00,280.805
7/16/2020,6:00,281.822
7/16/2020,12:00,281
7/16/2020,18:00,280.043
7/17/2020,0:00,281.775
7/17/2020,6:00,282.334
7/17/2020,12:00,283.308
7/17/2020,18:00,284.4
7/18/2020,0:00,289.161
7/18/2020,6:00,289.038
7/18/2020,12:00,289.989
7/18/2020,18:00,292.201
7/19/2020,0:00,293.1
7/19/2020,6:00,292.048
7/19/2020,12:00,290.8
7/19/2020,18:00,292.477
7/20/2020,0:00,293.034
7/20/2020,6:00,291.531
7/20/2020,12:00,290.923
7/20/2020,18:00,292.558
7/21/2020,0:00,293.6
7/21/2020,6:00,291.373
7/21/2020,12:00,290.371
7/21/2020,18:00,292.081
7/22/2020,0:00,292.559
7/22/2020,6:00,291.816
7/22/2020,12:00,291.2
7/22/2020,18:00,292.7
7/23/2020,0:00,293.564
7/23/2020,6:00,292.111
7/23/2020,12:00,291.8
7/23/2020,18:00,293.079
7/24/2020,0:00,292.025
7/24/2020,6:00,287.284
7/24/2020,12:00,284.5
7/24/2020,18:00,283.289
7/25/2020,0:00,281
7/25/2020,6:00,280.285
7/25/2020,12:00,277.84
7/25/2020,18:00,280.176
7/26/2020,0:00,280.922
7/26/2020,6:00,279.087
7/26/2020,12:00,278.218
7/26/2020,18:00,280.761
7/27/2020,0:00,282.6
7/27/2020,6:00,282.4
7/27/2020,12:00,285.292
7/27/2020,18:00,286.302
7/28/2020,0:00,286
7/28/2020,6:00,283.608
7/28/2020,12:00,278.7
7/28/2020,18:00,280.121
7/29/2020,0:00,278.687
7/29/2020,6:00,276.2
7/29/2020,12:00,275
7/29/2020,18:00,277.921
7/30/2020,0:00,278.4
7/30/2020,6:00,276.333
7/30/2020,12:00,275.63
7/30/2020,18:00,278.169
7/31/2020,0:00,282.004
7/31/2020,6:00,280.691
7/31/2020,12:00,280.7
7/31/2020,18:00,285.201
8/1/2020,0:00,288.2
8/1/2020,6:00,287.1
8/1/2020,12:00,286.6
8/1/2020,18:00,289.4
8/2/2020,0:00,291.6
8/2/2020,6:00,289.7
8/2/2020,12:00,288.6
8/2/2020,18:00,291.501
8/3/2020,0:00,292.4
8/3/2020,6:00,290.137
8/3/2020,12:00,289
8/3/2020,18:00,291.6
8/4/2020,0:00,291.169
8/4/2020,6:00,289.01
8/4/2020,12:00,287.213
8/4/2020,18:00,290.3
8/5/2020,0:00,291.622
8/5/2020,6:00,289.1
8/5/2020,12:00,287.983
8/5/2020,18:00,290.929
8/6/2020,0:00,291.078
8/6/2020,6:00,288.699
8/6/2020,12:00,287.4
8/6/2020,18:00,290.7
8/7/2020,0:00,291.9
8/7/2020,6:00,289.24
8/7/2020,12:00,288.004
8/7/2020,18:00,291
8/8/2020,0:00,292.219
8/8/2020,6:00,289.634
8/8/2020,12:00,288.511
8/8/2020,18:00,291
8/9/2020,0:00,291.6
8/9/2020,6:00,288.7
8/9/2020,12:00,287.7
8/9/2020,18:00,290.504
8/10/2020,0:00,291.1
8/10/2020,6:00,289.103
8/10/2020,12:00,288
8/10/2020,18:00,290.9
8/11/2020,0:00,293.266
8/11/2020,6:00,285.688
8/11/2020,12:00,282.228
8/11/2020,18:00,282.511
8/12/2020,0:00,281.7
8/12/2020,6:00,279.8
8/12/2020,12:00,278.9
8/12/2020,18:00,280.9
8/13/2020,0:00,283.943
8/13/2020,6:00,281.9
8/13/2020,12:00,282.456
8/13/2020,18:00,284.459
8/14/2020,0:00,286.9
8/14/2020,6:00,284.5
8/14/2020,12:00,283.878
8/14/2020,18:00,286.801
8/15/2020,0:00,287.852
8/15/2020,6:00,285.693
8/15/2020,12:00,284.2
8/15/2020,18:00,287.634
8/16/2020,0:00,283.244
8/16/2020,6:00,279.655
8/16/2020,12:00,278.427
8/16/2020,18:00,282.345
8/17/2020,0:00,282.8
8/17/2020,6:00,280.358
8/17/2020,12:00,279.015
8/17/2020,18:00,282.8
8/18/2020,0:00,283.6
8/18/2020,6:00,281.208
8/18/2020,12:00,280.5
8/18/2020,18:00,284.098
8/19/2020,0:00,287.2
8/19/2020,6:00,283.853
8/19/2020,12:00,281.447
8/19/2020,18:00,284.624
8/20/2020,0:00,280.911
8/20/2020,6:00,278.312
8/20/2020,12:00,275.83
8/20/2020,18:00,279.097
8/21/2020,0:00,277.988
8/21/2020,6:00,275.165
8/21/2020,12:00,274.503
8/21/2020,18:00,279.2
8/22/2020,0:00,279.7
8/22/2020,6:00,277.579
8/22/2020,12:00,276.6
8/22/2020,18:00,281.1
8/23/2020,0:00,282.1
8/23/2020,6:00,279.6
8/23/2020,12:00,278.603
8/23/2020,18:00,283.901
8/24/2020,0:00,286.1
8/24/2020,6:00,284.4
8/24/2020,12:00,284.3
8/24/2020,18:00,288.377
8/25/2020,0:00,290.663
8/25/2020,6:00,289.82
8/25/2020,12:00,289.813
8/25/2020,18:00,292.231
8/26/2020,0:00,294.06
8/26/2020,6:00,291.445
8/26/2020,12:00,290.3
8/26/2020,18:00,294.218
8/27/2020,0:00,295.558
8/27/2020,6:00,293.2
8/27/2020,12:00,292.5
8/27/2020,18:00,293.681
8/28/2020,0:00,293.8
8/28/2020,6:00,292.84
8/28/2020,12:00,291.1
8/28/2020,18:00,292.4
8/29/2020,0:00,293.8
8/29/2020,6:00,292
8/29/2020,12:00,291.3
8/29/2020,18:00,294.9
8/30/2020,0:00,292.8
8/30/2020,6:00,286.1
8/30/2020,12:00,284.192
8/30/2020,18:00,283.421
8/31/2020,0:00,283.282
8/31/2020,6:00,282.627
8/31/2020,12:00,282
8/31/2020,18:00,283.29
9/1/2020,0:00,284.132
9/1/2020,6:00,283.27
9/1/2020,12:00,281.708
9/1/2020,18:00,283.122
9/2/2020,0:00,286.717
9/2/2020,6:00,286.869
9/2/2020,12:00,287.692
9/2/2020,18:00,289.709
9/3/2020,0:00,286.971
9/3/2020,6:00,282.37
9/3/2020,12:00,281.713
9/3/2020,18:00,284.158
9/4/2020,0:00,286.177
9/4/2020,6:00,281.576
9/4/2020,12:00,280.8
9/4/2020,18:00,285.068
9/5/2020,0:00,284.8
9/5/2020,6:00,283.316
9/5/2020,12:00,283.943
9/5/2020,18:00,287.2
9/6/2020,0:00,287.501
9/6/2020,6:00,287.7
9/6/2020,12:00,287.481
9/6/2020,18:00,288.254
9/7/2020,0:00,287.528
9/7/2020,6:00,284.882
9/7/2020,12:00,283.651
9/7/2020,18:00,286.9
9/8/2020,0:00,285.8
9/8/2020,6:00,283.8
9/8/2020,12:00,285.54
9/8/2020,18:00,288
9/9/2020,0:00,288.745
9/9/2020,6:00,287.619
9/9/2020,12:00,288.9
9/9/2020,18:00,291.926
9/10/2020,0:00,291.3
9/10/2020,6:00,288.012
9/10/2020,12:00,285.9
9/10/2020,18:00,290.437
9/11/2020,0:00,289.945
9/11/2020,6:00,288.632
9/11/2020,12:00,288.163
9/11/2020,18:00,293.232
9/12/2020,0:00,292.19
9/12/2020,6:00,290.034
9/12/2020,12:00,289.1
9/12/2020,18:00,291.7
9/13/2020,0:00,290.92
9/13/2020,6:00,290.677
9/13/2020,12:00,290.286
9/13/2020,18:00,292.3
9/14/2020,0:00,292.933
9/14/2020,6:00,287.296
9/14/2020,12:00,283.7
9/14/2020,18:00,285.3
9/15/2020,0:00,282.988
9/15/2020,6:00,281.858
9/15/2020,12:00,280.606
9/15/2020,18:00,283.034
9/16/2020,0:00,285.17
9/16/2020,6:00,285.092
9/16/2020,12:00,284.9
9/16/2020,18:00,287.9
9/17/2020,0:00,287.2
9/17/2020,6:00,285.543
9/17/2020,12:00,285.1
9/17/2020,18:00,289.6
9/18/2020,0:00,288.971
9/18/2020,6:00,286.808
9/18/2020,12:00,286.151
9/18/2020,18:00,291.151
9/19/2020,0:00,290
9/19/2020,6:00,287.228
9/19/2020,12:00,286.262
9/19/2020,18:00,287.494
9/20/2020,0:00,283.443
9/20/2020,6:00,279.554
9/20/2020,12:00,277.736
9/20/2020,18:00,282.67
9/21/2020,0:00,281.764
9/21/2020,6:00,279.091
9/21/2020,12:00,278.178
9/21/2020,18:00,284.65
9/22/2020,0:00,282.999
9/22/2020,6:00,279.886
9/22/2020,12:00,278.428
9/22/2020,18:00,284.177
9/23/2020,0:00,285.456
9/23/2020,6:00,282.74
9/23/2020,12:00,281.818
9/23/2020,18:00,288.582
9/24/2020,0:00,291.566
9/24/2020,6:00,289.756
9/24/2020,12:00,289.468
9/24/2020,18:00,294.9
9/25/2020,0:00,294.154
9/25/2020,6:00,290.877
9/25/2020,12:00,290.111
9/25/2020,18:00,294.034
9/26/2020,0:00,295.202
9/26/2020,6:00,291.663
9/26/2020,12:00,290.824
9/26/2020,18:00,296.309
9/27/2020,0:00,295.688
9/27/2020,6:00,292.948
9/27/2020,12:00,291.5
9/27/2020,18:00,292.708
9/28/2020,0:00,288.371
9/28/2020,6:00,284.275
9/28/2020,12:00,282.198
9/28/2020,18:00,286.941
9/29/2020,0:00,286.1
9/29/2020,6:00,283.24
9/29/2020,12:00,282.477
9/29/2020,18:00,288.866
9/30/2020,0:00,289.994
9/30/2020,6:00,289.221
9/30/2020,12:00,290.246
9/30/2020,18:00,295.865
10/1/2020,0:00,298.196
10/1/2020,6:00,295.334
10/1/2020,12:00,293.784
10/1/2020,18:00,297.64
10/2/2020,0:00,298.644
10/2/2020,6:00,293.574
10/2/2020,12:00,292.729
10/2/2020,18:00,291.488
10/3/2020,0:00,289.069
10/3/2020,6:00,285.41
10/3/2020,12:00,285.194
10/3/2020,18:00,285.595
10/4/2020,0:00,285.528
10/4/2020,6:00,285.538
10/4/2020,12:00,286.824
10/4/2020,18:00,287.941
10/5/2020,0:00,289.341
10/5/2020,6:00,286.76
10/5/2020,12:00,287.33
10/5/2020,18:00,287.8
10/6/2020,0:00,284.61
10/6/2020,6:00,282.454
10/6/2020,12:00,281.678
10/6/2020,18:00,287.775
10/7/2020,0:00,288.945
10/7/2020,6:00,287.179
10/7/2020,12:00,285.396
10/7/2020,18:00,291.035
10/8/2020,0:00,290.079
10/8/2020,6:00,287.428
10/8/2020,12:00,286.405
10/8/2020,18:00,291.869
10/9/2020,0:00,289.145
10/9/2020,6:00,286.028
10/9/2020,12:00,285.745
10/9/2020,18:00,290.4
10/10/2020,0:00,289.754
10/10/2020,6:00,284.682
10/10/2020,12:00,282.386
10/10/2020,18:00,288.504
10/11/2020,0:00,286.413
10/11/2020,6:00,283.105
10/11/2020,12:00,281.698
10/11/2020,18:00,289.616
10/12/2020,0:00,291.339
10/12/2020,6:00,287.245
10/12/2020,12:00,285.119
10/12/2020,18:00,291.162
10/13/2020,0:00,287.998
10/13/2020,6:00,283.102
10/13/2020,12:00,282.444
10/13/2020,18:00,289.446
10/14/2020,0:00,288.384
10/14/2020,6:00,285.569
10/14/2020,12:00,284.465
10/14/2020,18:00,291.59
10/15/2020,0:00,291.622
10/15/2020,6:00,288.566
10/15/2020,12:00,287.195
10/15/2020,18:00,291.483
10/16/2020,0:00,290.915
10/16/2020,6:00,287.552
10/16/2020,12:00,287.177
10/16/2020,18:00,292.228
10/17/2020,0:00,294.389
10/17/2020,6:00,288.629
10/17/2020,12:00,287.505
10/17/2020,18:00,294.638
10/18/2020,0:00,294.574
10/18/2020,6:00,291.997
10/18/2020,12:00,290.968
10/18/2020,18:00,296.55
10/19/2020,0:00,296.338
10/19/2020,6:00,291.811
10/19/2020,12:00,290.76
10/19/2020,18:00,297.892
10/20/2020,0:00,297.086
10/20/2020,6:00,293.327
10/20/2020,12:00,291.981
10/20/2020,18:00,296.831
10/21/2020,0:00,293.161
10/21/2020,6:00,290.261
10/21/2020,12:00,290.557
10/21/2020,18:00,293.703
10/22/2020,0:00,293.688
10/22/2020,6:00,291.02
10/22/2020,12:00,290.87
10/22/2020,18:00,295.511
10/23/2020,0:00,295.315
10/23/2020,6:00,291.394
10/23/2020,12:00,291.185
10/23/2020,18:00,294.405
10/24/2020,0:00,293.631
10/24/2020,6:00,292.653
10/24/2020,12:00,291.805
10/24/2020,18:00,296.069
10/25/2020,0:00,295.627
10/25/2020,6:00,292.654
10/25/2020,12:00,291.339
10/25/2020,18:00,297.706
10/26/2020,0:00,297.291
10/26/2020,6:00,294.007
10/26/2020,12:00,293.284
10/26/2020,18:00,291.776
10/27/2020,0:00,289.805
10/27/2020,6:00,285.843
10/27/2020,12:00,284.961
10/27/2020,18:00,288.662
10/28/2020,0:00,288.501
10/28/2020,6:00,284.902
10/28/2020,12:00,284.421
10/28/2020,18:00,291.744
10/29/2020,0:00,291.736
10/29/2020,6:00,286.149
10/29/2020,12:00,285.102
10/29/2020,18:00,289.381
10/30/2020,0:00,288.101
10/30/2020,6:00,284.995
10/30/2020,12:00,284.723
10/30/2020,18:00,288.17
10/31/2020,0:00,288.224
10/31/2020,6:00,286.247
10/31/2020,12:00,284.782
10/31/2020,18:00,290.712
11/1/2020,0:00,289.279
11/1/2020,6:00,284.111
11/1/2020,12:00,282.86
11/1/2020,18:00,290.224
11/2/2020,0:00,288.286
11/2/2020,6:00,285.502
11/2/2020,12:00,283.772
11/2/2020,18:00,291.098
11/3/2020,0:00,288.193
11/3/2020,6:00,285.541
11/3/2020,12:00,284.22
11/3/2020,18:00,291.349
11/4/2020,0:00,290.475
11/4/2020,6:00,285.782
11/4/2020,12:00,283.912
11/4/2020,18:00,289.958
11/5/2020,0:00,288.788
11/5/2020,6:00,283.687
11/5/2020,12:00,282.272
11/5/2020,18:00,290.024
11/6/2020,0:00,290.317
11/6/2020,6:00,286.395
11/6/2020,12:00,285.288
11/6/2020,18:00,291.645
11/7/2020,0:00,291.866
11/7/2020,6:00,288.392
11/7/2020,12:00,287.261
11/7/2020,18:00,292.821
11/8/2020,0:00,293.603
11/8/2020,6:00,289.66
11/8/2020,12:00,288.511
11/8/2020,18:00,294.106
11/9/2020,0:00,296.02
11/9/2020,6:00,290.58
11/9/2020,12:00,290.573
11/9/2020,18:00,292.812
11/10/2020,0:00,292.492
11/10/2020,6:00,289.322
11/10/2020,12:00,289.751
11/10/2020,18:00,293.956
11/11/2020,0:00,291.128
11/11/2020,6:00,287.454
11/11/2020,12:00,287.106
11/11/2020,18:00,292.863
11/12/2020,0:00,291.996
11/12/2020,6:00,288.523
11/12/2020,12:00,287.468
11/12/2020,18:00,294.582
11/13/2020,0:00,291.64
11/13/2020,6:00,289.009
11/13/2020,12:00,288.536
11/13/2020,18:00,295.892
11/14/2020,0:00,293.851
11/14/2020,6:00,289.998
11/14/2020,12:00,289.309
11/14/2020,18:00,298.162
11/15/2020,0:00,296.808
11/15/2020,6:00,291.997
11/15/2020,12:00,291.786
11/15/2020,18:00,295.43
11/16/2020,0:00,294.729
11/16/2020,6:00,292.145
11/16/2020,12:00,291.492
11/16/2020,18:00,295.261
11/17/2020,0:00,291.556
11/17/2020,6:00,286.62
11/17/2020,12:00,284.292
11/17/2020,18:00,292.089
11/18/2020,0:00,289.909
11/18/2020,6:00,286.86
11/18/2020,12:00,285.962
11/18/2020,18:00,293.572
11/19/2020,0:00,289.281
11/19/2020,6:00,287.7
11/19/2020,12:00,287.288
11/19/2020,18:00,293.951
11/20/2020,0:00,290.372
11/20/2020,6:00,286.938
11/20/2020,12:00,286.3
11/20/2020,18:00,292.088
11/21/2020,0:00,291.008
11/21/2020,6:00,287.741
11/21/2020,12:00,286.136
11/21/2020,18:00,292.978
11/22/2020,0:00,291.796
11/22/2020,6:00,287.873
11/22/2020,12:00,286.025
11/22/2020,18:00,293.255
11/23/2020,0:00,293.092
11/23/2020,6:00,289.28
11/23/2020,12:00,287.609
11/23/2020,18:00,294.97
11/24/2020,0:00,297.796
11/24/2020,6:00,292.774
11/24/2020,12:00,291.889
11/24/2020,18:00,301.103
11/25/2020,0:00,299.202
11/25/2020,6:00,296.243
11/25/2020,12:00,295.389
11/25/2020,18:00,302.01
11/26/2020,0:00,294.128
11/26/2020,6:00,293.822
11/26/2020,12:00,293.28
11/26/2020,18:00,294.234
11/27/2020,0:00,295.073
11/27/2020,6:00,292.429
11/27/2020,12:00,292.219
11/27/2020,18:00,295.59
11/28/2020,0:00,296.651
11/28/2020,6:00,292.729
11/28/2020,12:00,292.267
11/28/2020,18:00,298.198
11/29/2020,0:00,295.007
11/29/2020,6:00,292.614
11/29/2020,12:00,293.31
11/29/2020,18:00,298.162
11/30/2020,0:00,297.57
11/30/2020,6:00,294.428
11/30/2020,12:00,293.876
11/30/2020,18:00,298.114
12/1/2020,0:00,294.575
12/1/2020,6:00,289.856
12/1/2020,12:00,289.775
12/1/2020,18:00,294.2
12/2/2020,0:00,295.141
12/2/2020,6:00,292.129
12/2/2020,12:00,290.797
12/2/2020,18:00,297.147
12/3/2020,0:00,293.943
12/3/2020,6:00,293.425
12/3/2020,12:00,292.478
12/3/2020,18:00,292.914
12/4/2020,0:00,293.901
12/4/2020,6:00,290.074
12/4/2020,12:00,288.204
12/4/2020,18:00,295.597
12/5/2020,0:00,294.044
12/5/2020,6:00,289.003
12/5/2020,12:00,288.163
12/5/2020,18:00,291.316
12/6/2020,0:00,289.648
12/6/2020,6:00,287.08
12/6/2020,12:00,286.233
12/6/2020,18:00,291.716
12/7/2020,0:00,290.678
12/7/2020,6:00,287.496
12/7/2020,12:00,286.557
12/7/2020,18:00,292.808
12/8/2020,0:00,292.635
12/8/2020,6:00,287.909
12/8/2020,12:00,287.267
12/8/2020,18:00,294.255
12/9/2020,0:00,294.14
12/9/2020,6:00,290.254
12/9/2020,12:00,289.037
12/9/2020,18:00,296.079
12/10/2020,0:00,294.808
12/10/2020,6:00,290.151
12/10/2020,12:00,289.667
12/10/2020,18:00,298.047
12/11/2020,0:00,297.627
12/11/2020,6:00,292.839
12/11/2020,12:00,292.513
12/11/2020,18:00,300.281
12/12/2020,0:00,299.56
12/12/2020,6:00,295.596
12/12/2020,12:00,293.404
12/12/2020,18:00,300.335
12/13/2020,0:00,301.362
12/13/2020,6:00,293.99
12/13/2020,12:00,296.116
12/13/2020,18:00,295.169
12/14/2020,0:00,294.863
12/14/2020,6:00,289.859
12/14/2020,12:00,288.125
12/14/2020,18:00,295.181
12/15/2020,0:00,294.737
12/15/2020,6:00,290.723
12/15/2020,12:00,289.822
12/15/2020,18:00,297.723
12/16/2020,0:00,296.427
12/16/2020,6:00,293.142
12/16/2020,12:00,291.404
12/16/2020,18:00,299.307
12/17/2020,0:00,297.443
12/17/2020,6:00,293.094
12/17/2020,12:00,291.198
12/17/2020,18:00,297.157
12/18/2020,0:00,297.447
12/18/2020,6:00,293.645
12/18/2020,12:00,292.221
12/18/2020,18:00,300.398
12/19/2020,0:00,300.112
12/19/2020,6:00,297.97
12/19/2020,12:00,295.037
12/19/2020,18:00,294.194
12/20/2020,0:00,296.46
12/20/2020,6:00,290.838
12/20/2020,12:00,287.705
12/20/2020,18:00,293.831
12/21/2020,0:00,292.631
12/21/2020,6:00,288.5
12/21/2020,12:00,286.843
12/21/2020,18:00,294.434
12/22/2020,0:00,291.481
12/22/2020,6:00,287.796
12/22/2020,12:00,285.582
12/22/2020,18:00,293.914
12/23/2020,0:00,292.861
12/23/2020,6:00,289.928
12/23/2020,12:00,287.345
12/23/2020,18:00,296.283
12/24/2020,0:00,295.666
12/24/2020,6:00,292.125
12/24/2020,12:00,290.076
12/24/2020,18:00,298.694
12/25/2020,0:00,299.316
12/25/2020,6:00,295.982
12/25/2020,12:00,293.326
12/25/2020,18:00,300.44
12/26/2020,0:00,301.333
12/26/2020,6:00,294.883
12/26/2020,12:00,293.558
12/26/2020,18:00,299.449
12/27/2020,0:00,293.412
12/27/2020,6:00,292.326
12/27/2020,12:00,291.692
12/27/2020,18:00,298.657
12/28/2020,0:00,298.788
12/28/2020,6:00,294.025
12/28/2020,12:00,292.686
12/28/2020,18:00,299.424
12/29/2020,0:00,300.154
12/29/2020,6:00,294.867
12/29/2020,12:00,293.515
12/29/2020,18:00,300.738
12/30/2020,0:00,299.229
12/30/2020,6:00,296.289
12/30/2020,12:00,295.552
12/30/2020,18:00,302.68
12/31/2020,0:00,299.667
12/31/2020,6:00,294.638
12/31/2020,12:00,290.68
12/31/2020,18:00,294.28
1/1/2021,0:00,293.209
1/1/2021,6:00,289.585
1/1/2021,12:00,287.435
1/1/2021,18:00,296.784
1/2/2021,0:00,295.857
1/2/2021,6:00,292.052
1/2/2021,12:00,289.795
1/2/2021,18:00,299.42
1/3/2021,0:00,296.457
1/3/2021,6:00,291.161
1/3/2021,12:00,288.713
1/3/2021,18:00,296.363
1/4/2021,0:00,298.495
1/4/2021,6:00,293.997
1/4/2021,12:00,291.623
1/4/2021,18:00,300.331
1/5/2021,0:00,301.715
1/5/2021,6:00,294.915
1/5/2021,12:00,294.388
1/5/2021,18:00,296.686
1/6/2021,0:00,297.984
1/6/2021,6:00,294.22
1/6/2021,12:00,293.806
1/6/2021,18:00,299.781
1/7/2021,0:00,299.827
1/7/2021,6:00,295.82
1/7/2021,12:00,294.293
1/7/2021,18:00,300.95
1/8/2021,0:00,298.229
1/8/2021,6:00,293.811
1/8/2021,12:00,292.516
1/8/2021,18:00,301.561
1/9/2021,0:00,299.411
1/9/2021,6:00,294.825
1/9/2021,12:00,291.971
1/9/2021,18:00,301.346
1/10/2021,0:00,300.785
1/10/2021,6:00,294.698
1/10/2021,12:00,292.848
1/10/2021,18:00,301.042
1/11/2021,0:00,302.452
1/11/2021,6:00,298.525
1/11/2021,12:00,297.317
1/11/2021,18:00,302.235
1/12/2021,0:00,294.532
1/12/2021,6:00,294.295
1/12/2021,12:00,294.125
1/12/2021,18:00,296.664
1/13/2021,0:00,296.758
1/13/2021,6:00,292.351
1/13/2021,12:00,291.13
1/13/2021,18:00,296.044
1/14/2021,0:00,297.721
1/14/2021,6:00,291.143
1/14/2021,12:00,289.82
1/14/2021,18:00,295.547
1/15/2021,0:00,299.254
1/15/2021,6:00,292.835
1/15/2021,12:00,292.139
1/15/2021,18:00,300.441
1/16/2021,0:00,299.385
1/16/2021,6:00,293.991
1/16/2021,12:00,294.115
1/16/2021,18:00,300.164
1/17/2021,0:00,297.917
1/17/2021,6:00,294.847
1/17/2021,12:00,293.728
1/17/2021,18:00,297.983
1/18/2021,0:00,294.577
1/18/2021,6:00,291.101
1/18/2021,12:00,289.039
1/18/2021,18:00,295.658
1/19/2021,0:00,294.958
1/19/2021,6:00,292.092
1/19/2021,12:00,289.731
1/19/2021,18:00,296.322
1/20/2021,0:00,296.599
1/20/2021,6:00,291.461
1/20/2021,12:00,290.565
1/20/2021,18:00,295.98
1/21/2021,0:00,296.788
1/21/2021,6:00,293.127
1/21/2021,12:00,292.091
1/21/2021,18:00,298.026
1/22/2021,0:00,296.307
1/22/2021,6:00,294.232
1/22/2021,12:00,293.104
1/22/2021,18:00,298.282
1/23/2021,0:00,299.772
1/23/2021,6:00,295.483
1/23/2021,12:00,293.66
1/23/2021,18:00,299.307
1/24/2021,0:00,302.596
1/24/2021,6:00,296.729
1/24/2021,12:00,295.293
1/24/2021,18:00,300.51
1/25/2021,0:00,300.913
1/25/2021,6:00,296.986
1/25/2021,12:00,295.575
1/25/2021,18:00,301.36
1/26/2021,0:00,298.466
1/26/2021,6:00,296.041
1/26/2021,12:00,295.241
1/26/2021,18:00,298.077
1/27/2021,0:00,296.067
1/27/2021,6:00,296.609
1/27/2021,12:00,294.78
1/27/2021,18:00,297.268
1/28/2021,0:00,294.956
1/28/2021,6:00,292.97
1/28/2021,12:00,292.927
1/28/2021,18:00,297.592
1/29/2021,0:00,295.678
1/29/2021,6:00,294.06
1/29/2021,12:00,294.009
1/29/2021,18:00,299.64
1/30/2021,0:00,300.033
1/30/2021,6:00,295.648
1/30/2021,12:00,295.074
1/30/2021,18:00,299.803
1/31/2021,0:00,298.281
1/31/2021,6:00,293.689
1/31/2021,12:00,293.566
1/31/2021,18:00,298.855
2/1/2021,0:00,296.368
2/1/2021,6:00,294.819
2/1/2021,12:00,293.897
2/1/2021,18:00,297.268
2/2/2021,0:00,297.178
2/2/2021,6:00,294.987
2/2/2021,12:00,295.263
2/2/2021,18:00,297.884
2/3/2021,0:00,297.979
2/3/2021,6:00,296.596
2/3/2021,12:00,295.711
2/3/2021,18:00,298.103
2/4/2021,0:00,293.28
2/4/2021,6:00,291.715
2/4/2021,12:00,291.445
2/4/2021,18:00,294.924
2/5/2021,0:00,293.566
2/5/2021,6:00,288.972
2/5/2021,12:00,287.53
2/5/2021,18:00,292.522
2/6/2021,0:00,291.589
2/6/2021,6:00,288.32
2/6/2021,12:00,287.326
2/6/2021,18:00,292.615
2/7/2021,0:00,293.658
2/7/2021,6:00,290.879
2/7/2021,12:00,289.44
2/7/2021,18:00,295.762
2/8/2021,0:00,295.772
2/8/2021,6:00,292.865
2/8/2021,12:00,290.513
2/8/2021,18:00,296.203
2/9/2021,0:00,297.095
2/9/2021,6:00,292.525
2/9/2021,12:00,290.718
2/9/2021,18:00,297.065
2/10/2021,0:00,295.266
2/10/2021,6:00,291.922
2/10/2021,12:00,291.368
2/10/2021,18:00,295.534
2/11/2021,0:00,296.17
2/11/2021,6:00,291.855
2/11/2021,12:00,292.297
2/11/2021,18:00,294.151
2/12/2021,0:00,293.193
2/12/2021,6:00,292.435
2/12/2021,12:00,292.967
2/12/2021,18:00,294.264
2/13/2021,0:00,295.03
2/13/2021,6:00,292.422
2/13/2021,12:00,291.795
2/13/2021,18:00,296.655
2/14/2021,0:00,295.983
2/14/2021,6:00,294.229
2/14/2021,12:00,292.84
2/14/2021,18:00,295.734
2/15/2021,0:00,296.312
2/15/2021,6:00,294.01
2/15/2021,12:00,292.776
2/15/2021,18:00,296.253
2/16/2021,0:00,295.196
2/16/2021,6:00,291.715
2/16/2021,12:00,290.404
2/16/2021,18:00,295.385
2/17/2021,0:00,294.392
2/17/2021,6:00,290.252
2/17/2021,12:00,288.311
2/17/2021,18:00,294.048
2/18/2021,0:00,293.754
2/18/2021,6:00,290.694
2/18/2021,12:00,289.864
2/18/2021,18:00,295.215
2/19/2021,0:00,294.95
2/19/2021,6:00,291.099
2/19/2021,12:00,290.105
2/19/2021,18:00,296.321
2/20/2021,0:00,295.505
2/20/2021,6:00,293.038
2/20/2021,12:00,291.838
2/20/2021,18:00,297.795
2/21/2021,0:00,297.919
2/21/2021,6:00,292.304
2/21/2021,12:00,290.986
2/21/2021,18:00,297.658
2/22/2021,0:00,297.196
2/22/2021,6:00,294.047
2/22/2021,12:00,291.9
2/22/2021,18:00,297.607
2/23/2021,0:00,299.719
2/23/2021,6:00,297.193
2/23/2021,12:00,295.823
2/23/2021,18:00,300.692
2/24/2021,0:00,296.707
2/24/2021,6:00,293.124
2/24/2021,12:00,291.39
2/24/2021,18:00,296.416
2/25/2021,0:00,295.554
2/25/2021,6:00,290.497
2/25/2021,12:00,288.7
2/25/2021,18:00,296.179
2/26/2021,0:00,295.415
2/26/2021,6:00,291.167
2/26/2021,12:00,288.805
2/26/2021,18:00,295.149
2/27/2021,0:00,298.942
2/27/2021,6:00,292.734
2/27/2021,12:00,291.03
2/27/2021,18:00,296.702
2/28/2021,0:00,299.21
2/28/2021,6:00,293.665
2/28/2021,12:00,292.431
2/28/2021,18:00,297.126
3/1/2021,0:00,297.725
3/1/2021,6:00,293.817
3/1/2021,12:00,292.339
3/1/2021,18:00,297.597
3/2/2021,0:00,298.821
3/2/2021,6:00,294.574
3/2/2021,12:00,292.898
3/2/2021,18:00,298.43
3/3/2021,0:00,300.367
3/3/2021,6:00,296.423
3/3/2021,12:00,294.895
3/3/2021,18:00,299.771
3/4/2021,0:00,299.831
3/4/2021,6:00,295.323
3/4/2021,12:00,294.652
3/4/2021,18:00,297.242
3/5/2021,0:00,294.417
3/5/2021,6:00,293.268
3/5/2021,12:00,293.226
3/5/2021,18:00,297.385
3/6/2021,0:00,295.758
3/6/2021,6:00,291.456
3/6/2021,12:00,288.288
3/6/2021,18:00,293.166
3/7/2021,0:00,292.904
3/7/2021,6:00,289.426
3/7/2021,12:00,287.836
3/7/2021,18:00,294.375
3/8/2021,0:00,294.901
3/8/2021,6:00,290.546
3/8/2021,12:00,288.878
3/8/2021,18:00,295.491
3/9/2021,0:00,296.278
3/9/2021,6:00,292.314
3/9/2021,12:00,291.167
3/9/2021,18:00,297.032
3/10/2021,0:00,295.411
3/10/2021,6:00,290.727
3/10/2021,12:00,288.81
3/10/2021,18:00,295.741
3/11/2021,0:00,294.617
3/11/2021,6:00,289.292
3/11/2021,12:00,287.552
3/11/2021,18:00,295.069
3/12/2021,0:00,295.287
3/12/2021,6:00,291.126
3/12/2021,12:00,289.742
3/12/2021,18:00,297.137
3/13/2021,0:00,296.415
3/13/2021,6:00,292.642
3/13/2021,12:00,291.171
3/13/2021,18:00,297.421
3/14/2021,0:00,297.825
3/14/2021,6:00,293.994
3/14/2021,12:00,291.627
3/14/2021,18:00,297.67
3/15/2021,0:00,297.933
3/15/2021,6:00,293.156
3/15/2021,12:00,290.33
3/15/2021,18:00,295.427
3/16/2021,0:00,297.304
3/16/2021,6:00,293.523
3/16/2021,12:00,291.209
3/16/2021,18:00,296.673
3/17/2021,0:00,299.586
3/17/2021,6:00,293.981
3/17/2021,12:00,292.792
3/17/2021,18:00,296.761
3/18/2021,0:00,294.405
3/18/2021,6:00,289.839
3/18/2021,12:00,286.874
3/18/2021,18:00,292.394
3/19/2021,0:00,293.721
3/19/2021,6:00,289.816
3/19/2021,12:00,288.751
3/19/2021,18:00,294.309
3/20/2021,0:00,297.885
3/20/2021,6:00,293.873
3/20/2021,12:00,292.828
3/20/2021,18:00,300.927
3/21/2021,0:00,293.988
3/21/2021,6:00,294.02
3/21/2021,12:00,292.68
3/21/2021,18:00,293.617
3/22/2021,0:00,292.647
3/22/2021,6:00,291.905
3/22/2021,12:00,290.949
3/22/2021,18:00,294.066
3/23/2021,0:00,294.463
3/23/2021,6:00,292.474
3/23/2021,12:00,292.046
3/23/2021,18:00,293.343
3/24/2021,0:00,293.301
3/24/2021,6:00,291.704
3/24/2021,12:00,291.15
3/24/2021,18:00,294.501
3/25/2021,0:00,296.224
3/25/2021,6:00,293.225
3/25/2021,12:00,292.324
3/25/2021,18:00,297.808
3/26/2021,0:00,299.233
3/26/2021,6:00,293.75
3/26/2021,12:00,293.159
3/26/2021,18:00,294.071
3/27/2021,0:00,293.804
3/27/2021,6:00,292.712
3/27/2021,12:00,292.628
3/27/2021,18:00,293.323
3/28/2021,0:00,292.087
3/28/2021,6:00,289.509
3/28/2021,12:00,287.704
3/28/2021,18:00,291.123
3/29/2021,0:00,290.199
3/29/2021,6:00,287.244
3/29/2021,12:00,286.5
3/29/2021,18:00,290.9
3/30/2021,0:00,293.189
3/30/2021,6:00,289.68
3/30/2021,12:00,289.64
3/30/2021,18:00,291.9
3/31/2021,0:00,290.683
3/31/2021,6:00,287.739
3/31/2021,12:00,286.4
3/31/2021,18:00,291.136
4/1/2021,0:00,290.412
4/1/2021,6:00,287.442
4/1/2021,12:00,286.424
4/1/2021,18:00,291.541
4/2/2021,0:00,290.604
4/2/2021,6:00,288.33
4/2/2021,12:00,287.195
4/2/2021,18:00,291.63
4/3/2021,0:00,293.792
4/3/2021,6:00,288.986
4/3/2021,12:00,287.959
4/3/2021,18:00,292.532
4/4/2021,0:00,293.455
4/4/2021,6:00,290.219
4/4/2021,12:00,289.212
4/4/2021,18:00,294.072
4/5/2021,0:00,294.603
4/5/2021,6:00,291.823
4/5/2021,12:00,291.182
4/5/2021,18:00,295.5
4/6/2021,0:00,293.171
4/6/2021,6:00,292.241
4/6/2021,12:00,291.402
4/6/2021,18:00,294.2
4/7/2021,0:00,294.1
4/7/2021,6:00,291.877
4/7/2021,12:00,290.519
4/7/2021,18:00,295.381
4/8/2021,0:00,295.458
4/8/2021,6:00,291.912
4/8/2021,12:00,290.835
4/8/2021,18:00,296.874
4/9/2021,0:00,297.135
4/9/2021,6:00,294.516
4/9/2021,12:00,293.426
4/9/2021,18:00,298.405
4/10/2021,0:00,298.455
4/10/2021,6:00,296.612
4/10/2021,12:00,294.363
4/10/2021,18:00,297.334
4/11/2021,0:00,298.327
4/11/2021,6:00,296.16
4/11/2021,12:00,293.759
4/11/2021,18:00,293.189
4/12/2021,0:00,289.818
4/12/2021,6:00,285.946
4/12/2021,12:00,284.849
4/12/2021,18:00,289.8
4/13/2021,0:00,289.705
4/13/2021,6:00,286.4
4/13/2021,12:00,285.109
4/13/2021,18:00,290.654
4/14/2021,0:00,291.348
4/14/2021,6:00,289.265
4/14/2021,12:00,287.513
4/14/2021,18:00,291.472
4/15/2021,0:00,292.32
4/15/2021,6:00,291.339
4/15/2021,12:00,290.803
4/15/2021,18:00,293.638
4/16/2021,0:00,293.138
4/16/2021,6:00,292.462
4/16/2021,12:00,291.3
4/16/2021,18:00,294.045
4/17/2021,0:00,292.813
4/17/2021,6:00,291.594
4/17/2021,12:00,290.8
4/17/2021,18:00,293.985
4/18/2021,0:00,294.022
4/18/2021,6:00,290.774
4/18/2021,12:00,288.544
4/18/2021,18:00,292.498
4/19/2021,0:00,292.078
4/19/2021,6:00,289.478
4/19/2021,12:00,288.015
4/19/2021,18:00,291.617
4/20/2021,0:00,291.212
4/20/2021,6:00,289
4/20/2021,12:00,286.695
4/20/2021,18:00,291.055
4/21/2021,0:00,292.211
4/21/2021,6:00,289.518
4/21/2021,12:00,287.905
4/21/2021,18:00,291.824
4/22/2021,0:00,292.801
4/22/2021,6:00,289.882
4/22/2021,12:00,288.103
4/22/2021,18:00,292.528
4/23/2021,0:00,293.147
4/23/2021,6:00,290.229
4/23/2021,12:00,288.301
4/23/2021,18:00,293.118
4/24/2021,0:00,296.558
4/24/2021,6:00,293.007
4/24/2021,12:00,291.714
4/24/2021,18:00,293.377
4/25/2021,0:00,291.87
4/25/2021,6:00,290.128
4/25/2021,12:00,288.8
4/25/2021,18:00,290.009
4/26/2021,0:00,286.963
4/26/2021,6:00,283.292
4/26/2021,12:00,282.699
4/26/2021,18:00,288.095
4/27/2021,0:00,287.094
4/27/2021,6:00,283.974
4/27/2021,12:00,282.637
4/27/2021,18:00,287.731
4/28/2021,0:00,286.732
4/28/2021,6:00,283.631
4/28/2021,12:00,282.203
4/28/2021,18:00,287.263
4/29/2021,0:00,287.878
4/29/2021,6:00,283.817
4/29/2021,12:00,281.842
4/29/2021,18:00,287.225
4/30/2021,0:00,287.702
4/30/2021,6:00,285.008
4/30/2021,12:00,283.368
4/30/2021,18:00,289.318
5/1/2021,0:00,290.514
5/1/2021,6:00,286.9
5/1/2021,12:00,286.116
5/1/2021,18:00,291.458
5/2/2021,0:00,291.761
5/2/2021,6:00,289.236
5/2/2021,12:00,288.236
5/2/2021,18:00,293.348
5/3/2021,0:00,294.513
5/3/2021,6:00,292.016
5/3/2021,12:00,291.224
5/3/2021,18:00,295.882
5/4/2021,0:00,297.955
5/4/2021,6:00,295.973
5/4/2021,12:00,293.976
5/4/2021,18:00,291.185
5/5/2021,0:00,288.241
5/5/2021,6:00,284.751
5/5/2021,12:00,283.991
5/5/2021,18:00,284.117
5/6/2021,0:00,284.717
5/6/2021,6:00,283.741
5/6/2021,12:00,282
5/6/2021,18:00,284.395
5/7/2021,0:00,282.915
5/7/2021,6:00,280.245
5/7/2021,12:00,278.636
5/7/2021,18:00,283.248
5/8/2021,0:00,283.905
5/8/2021,6:00,281.405
5/8/2021,12:00,280.103
5/8/2021,18:00,284.708
5/9/2021,0:00,286.058
5/9/2021,6:00,283.202
5/9/2021,12:00,282.471
5/9/2021,18:00,287.4
5/10/2021,0:00,291.009
5/10/2021,6:00,290.432
5/10/2021,12:00,289.4
5/10/2021,18:00,289.203
5/11/2021,0:00,288.034
5/11/2021,6:00,286.834
5/11/2021,12:00,283.479
5/11/2021,18:00,285.595
5/12/2021,0:00,283.849
5/12/2021,6:00,280.418
5/12/2021,12:00,278.828
5/12/2021,18:00,283.276
5/13/2021,0:00,283.856
5/13/2021,6:00,281.005
5/13/2021,12:00,279.708
5/13/2021,18:00,284.467
5/14/2021,0:00,285.281
5/14/2021,6:00,283.148
5/14/2021,12:00,281.661
5/14/2021,18:00,285.224
5/15/2021,0:00,285.914
5/15/2021,6:00,283.324
5/15/2021,12:00,281.956
5/15/2021,18:00,286.104
5/16/2021,0:00,287.922
5/16/2021,6:00,286.104
5/16/2021,12:00,283.81
5/16/2021,18:00,287.743
5/17/2021,0:00,288.099
5/17/2021,6:00,287.444
5/17/2021,12:00,287.483
5/17/2021,18:00,290.026
5/18/2021,0:00,286.444
5/18/2021,6:00,282.366
5/18/2021,12:00,280.51
5/18/2021,18:00,284.924
5/19/2021,0:00,285.461
5/19/2021,6:00,282.143
5/19/2021,12:00,281.279
5/19/2021,18:00,284.902
5/20/2021,0:00,288.511
5/20/2021,6:00,285.681
5/20/2021,12:00,285.449
5/20/2021,18:00,287.536
5/21/2021,0:00,287.848
5/21/2021,6:00,286.717
5/21/2021,12:00,287.304
5/21/2021,18:00,288.635
5/22/2021,0:00,288.676
5/22/2021,6:00,287.442
5/22/2021,12:00,285.742
5/22/2021,18:00,285.461
5/23/2021,0:00,285.361
5/23/2021,6:00,284.377
5/23/2021,12:00,283.907
5/23/2021,18:00,285.022
5/24/2021,0:00,282.405
5/24/2021,6:00,280.712
5/24/2021,12:00,279.83
5/24/2021,18:00,283
5/25/2021,0:00,283.019
5/25/2021,6:00,280.859
5/25/2021,12:00,280.005
5/25/2021,18:00,283.4
5/26/2021,0:00,284.581
5/26/2021,6:00,282.546
5/26/2021,12:00,281.644
5/26/2021,18:00,285.098
5/27/2021,0:00,286.111
5/27/2021,6:00,284.149
5/27/2021,12:00,283.404
5/27/2021,18:00,287.089
5/28/2021,0:00,287.215
5/28/2021,6:00,287.037
5/28/2021,12:00,287.994
5/28/2021,18:00,289.333
5/29/2021,0:00,291.631
5/29/2021,6:00,289.605
5/29/2021,12:00,285.594
5/29/2021,18:00,285.758
5/30/2021,0:00,283.223
5/30/2021,6:00,279.985
5/30/2021,12:00,278.003
5/30/2021,18:00,280.995
5/31/2021,0:00,281.163
5/31/2021,6:00,279.48
5/31/2021,12:00,278.881
5/31/2021,18:00,282.483
6/1/2021,0:00,283.333
6/1/2021,6:00,282.123
6/1/2021,12:00,281.422
6/1/2021,18:00,284.833
6/2/2021,0:00,286.039
6/2/2021,6:00,285.705
6/2/2021,12:00,284.8
6/2/2021,18:00,287.838
6/3/2021,0:00,286.603
6/3/2021,6:00,284.703
6/3/2021,12:00,283.686
6/3/2021,18:00,286.262
6/4/2021,0:00,288.27
6/4/2021,6:00,288.429
6/4/2021,12:00,288.55
6/4/2021,18:00,292.715
6/5/2021,0:00,294.04
6/5/2021,6:00,293.395
6/5/2021,12:00,292.666
6/5/2021,18:00,294.074
6/6/2021,0:00,291.224
6/6/2021,6:00,288.136
6/6/2021,12:00,287.1
6/6/2021,18:00,289.281
6/7/2021,0:00,288.1
6/7/2021,6:00,286.031
6/7/2021,12:00,285.004
6/7/2021,18:00,286.337
6/8/2021,0:00,289.265
6/8/2021,6:00,287.645
6/8/2021,12:00,286.738
6/8/2021,18:00,287.723
6/9/2021,0:00,288.805
6/9/2021,6:00,287.996
6/9/2021,12:00,287.859
6/9/2021,18:00,288.818
6/10/2021,0:00,289.668
6/10/2021,6:00,286.968
6/10/2021,12:00,286.6
6/10/2021,18:00,287.8
6/11/2021,0:00,286.534
6/11/2021,6:00,284.795
6/11/2021,12:00,282.309
6/11/2021,18:00,284.458
6/12/2021,0:00,283.201
6/12/2021,6:00,281.813
6/12/2021,12:00,281.249
6/12/2021,18:00,284.205
6/13/2021,0:00,285.4
6/13/2021,6:00,283.7
6/13/2021,12:00,282.7
6/13/2021,18:00,285.551
6/14/2021,0:00,286.248
6/14/2021,6:00,284.802
6/14/2021,12:00,283.9
6/14/2021,18:00,286.683
6/15/2021,0:00,288.02
6/15/2021,6:00,285.705
6/15/2021,12:00,283.36
6/15/2021,18:00,284.417
6/16/2021,0:00,283.5
6/16/2021,6:00,279.995
6/16/2021,12:00,278.198
6/16/2021,18:00,280.223
6/17/2021,0:00,281.164
6/17/2021,6:00,277.594
6/17/2021,12:00,276.758
6/17/2021,18:00,279.191
6/18/2021,0:00,280.006
6/18/2021,6:00,278.222
6/18/2021,12:00,277.604
6/18/2021,18:00,280.098
6/19/2021,0:00,283.131
6/19/2021,6:00,282.151
6/19/2021,12:00,281.825
6/19/2021,18:00,282.462
6/20/2021,0:00,283.202
6/20/2021,6:00,280.975
6/20/2021,12:00,280.235
6/20/2021,18:00,282.9
6/21/2021,0:00,282.731
6/21/2021,6:00,281.017
6/21/2021,12:00,280.966
6/21/2021,18:00,283.018
6/22/2021,0:00,284.204
6/22/2021,6:00,282.4
6/22/2021,12:00,281.765
6/22/2021,18:00,283.612
6/23/2021,0:00,285.695
6/23/2021,6:00,284.932
6/23/2021,12:00,284.105
6/23/2021,18:00,286.125
6/24/2021,0:00,288.405
6/24/2021,6:00,289.017
6/24/2021,12:00,287.756
6/24/2021,18:00,287.448
6/25/2021,0:00,285.032
6/25/2021,6:00,283.146
6/25/2021,12:00,281.853
6/25/2021,18:00,284.082
6/26/2021,0:00,284.466
6/26/2021,6:00,283.924
6/26/2021,12:00,284.6
6/26/2021,18:00,287.2
6/27/2021,0:00,284.989
6/27/2021,6:00,282.106
6/27/2021,12:00,281.564
6/27/2021,18:00,281.362
6/28/2021,0:00,278.271
6/28/2021,6:00,275.6
6/28/2021,12:00,274.271
6/28/2021,18:00,277.385
6/29/2021,0:00,279.241
6/29/2021,6:00,279.204
6/29/2021,12:00,274.832
6/29/2021,18:00,276.943
6/30/2021,0:00,281.038
6/30/2021,6:00,277.574
6/30/2021,12:00,276.518
6/30/2021,18:00,279.261
7/1/2021,0:00,280.6
7/1/2021,6:00,279.8
7/1/2021,12:00,278.614
7/1/2021,18:00,280.832
7/2/2021,0:00,283.135
7/2/2021,6:00,281.356
7/2/2021,12:00,280.2
7/2/2021,18:00,282.483
7/3/2021,0:00,283.937
7/3/2021,6:00,281.664
7/3/2021,12:00,280.352
7/3/2021,18:00,282.603
7/4/2021,0:00,283.444
7/4/2021,6:00,280.522
7/4/2021,12:00,279.759
7/4/2021,18:00,281.8
7/5/2021,0:00,283.508
7/5/2021,6:00,282.003
7/5/2021,12:00,281.64
7/5/2021,18:00,283.765
7/6/2021,0:00,286.009
7/6/2021,6:00,284.192
7/6/2021,12:00,283.765
7/6/2021,18:00,285.999
7/7/2021,0:00,288.235
7/7/2021,6:00,286.239
7/7/2021,12:00,285.233
7/7/2021,18:00,286.933
7/8/2021,0:00,289.695
7/8/2021,6:00,287.278
7/8/2021,12:00,286.662
7/8/2021,18:00,288.863
7/9/2021,0:00,289.327
7/9/2021,6:00,287.364
7/9/2021,12:00,285.785
7/9/2021,18:00,288.046
7/10/2021,0:00,288.311
7/10/2021,6:00,286.112
7/10/2021,12:00,285.5
7/10/2021,18:00,288.1
7/11/2021,0:00,289
7/11/2021,6:00,286.083
7/11/2021,12:00,285.7
7/11/2021,18:00,287.855
7/12/2021,0:00,290.716
7/12/2021,6:00,290.081
7/12/2021,12:00,288.512
7/12/2021,18:00,290.066
7/13/2021,0:00,289.846
7/13/2021,6:00,288.442
7/13/2021,12:00,288.52
7/13/2021,18:00,290.652
7/14/2021,0:00,291.252
7/14/2021,6:00,291.001
7/14/2021,12:00,288.755
7/14/2021,18:00,290.902
7/15/2021,0:00,289.89
7/15/2021,6:00,288.602
7/15/2021,12:00,287.151
7/15/2021,18:00,287.273
7/16/2021,0:00,286.228
7/16/2021,6:00,282.7
7/16/2021,12:00,282
7/16/2021,18:00,284.235
7/17/2021,0:00,284.517
7/17/2021,6:00,282.59
7/17/2021,12:00,281.603
7/17/2021,18:00,283.523
7/18/2021,0:00,280.191
7/18/2021,6:00,277.299
7/18/2021,12:00,275.701
7/18/2021,18:00,278.972
7/19/2021,0:00,277.883
7/19/2021,6:00,275.902
7/19/2021,12:00,274.648
7/19/2021,18:00,277.802
7/20/2021,0:00,279.785
7/20/2021,6:00,277.629
7/20/2021,12:00,276.499
7/20/2021,18:00,279.749
7/21/2021,0:00,280.729
7/21/2021,6:00,278.637
7/21/2021,12:00,277.582
7/21/2021,18:00,281.041
7/22/2021,0:00,283.237
7/22/2021,6:00,281.925
7/22/2021,12:00,281.439
7/22/2021,18:00,284.716
7/23/2021,0:00,287.655
7/23/2021,6:00,287.06
7/23/2021,12:00,285.997
7/23/2021,18:00,289.063
7/24/2021,0:00,289.697
7/24/2021,6:00,287.481
7/24/2021,12:00,286.625
7/24/2021,18:00,289.774
7/25/2021,0:00,292.049
7/25/2021,6:00,291.342
7/25/2021,12:00,289.661
7/25/2021,18:00,292.348
7/26/2021,0:00,294.108
7/26/2021,6:00,291.273
7/26/2021,12:00,289.554
7/26/2021,18:00,290.445
7/27/2021,0:00,287.1
7/27/2021,6:00,281.702
7/27/2021,12:00,279.461
7/27/2021,18:00,280.072
7/28/2021,0:00,278.446
7/28/2021,6:00,276.246
7/28/2021,12:00,275.053
7/28/2021,18:00,277.932
7/29/2021,0:00,276.373
7/29/2021,6:00,273.896
7/29/2021,12:00,273.357
7/29/2021,18:00,276.904
7/30/2021,0:00,278.236
7/30/2021,6:00,276.424
7/30/2021,12:00,275.709
7/30/2021,18:00,279.33
7/31/2021,0:00,280.178
7/31/2021,6:00,278.256
7/31/2021,12:00,277.481
7/31/2021,18:00,281.2
8/1/2021,0:00,283.29
8/1/2021,6:00,281.789
8/1/2021,12:00,280.73
8/1/2021,18:00,284.099
8/2/2021,0:00,284.218
8/2/2021,6:00,281.235
8/2/2021,12:00,279.332
8/2/2021,18:00,282.33
8/3/2021,0:00,282.771
8/3/2021,6:00,280.363
8/3/2021,12:00,278.934
8/3/2021,18:00,282.458
8/4/2021,0:00,284.065
8/4/2021,6:00,281.597
8/4/2021,12:00,280.742
8/4/2021,18:00,283.3
8/5/2021,0:00,285.906
8/5/2021,6:00,284.296
8/5/2021,12:00,283.992
8/5/2021,18:00,286.915
8/6/2021,0:00,288.932
8/6/2021,6:00,287.93
8/6/2021,12:00,287.282
8/6/2021,18:00,289.8
8/7/2021,0:00,291.301
8/7/2021,6:00,288.526
8/7/2021,12:00,288.1
8/7/2021,18:00,291.4
8/8/2021,0:00,292.4
8/8/2021,6:00,290.166
8/8/2021,12:00,289.165
8/8/2021,18:00,292.365
8/9/2021,0:00,293.037
8/9/2021,6:00,291.605
8/9/2021,12:00,291.874
8/9/2021,18:00,292.805
8/10/2021,0:00,286.602
8/10/2021,6:00,284.866
8/10/2021,12:00,284.443
8/10/2021,18:00,284.812
8/11/2021,0:00,285.695
8/11/2021,6:00,279.615
8/11/2021,12:00,276.837
8/11/2021,18:00,280.368
8/12/2021,0:00,280
8/12/2021,6:00,277.244
8/12/2021,12:00,276.415
8/12/2021,18:00,279.974
8/13/2021,0:00,281.522
8/13/2021,6:00,280.604
8/13/2021,12:00,278.821
8/13/2021,18:00,282.744
8/14/2021,0:00,285.603
8/14/2021,6:00,283.497
8/14/2021,12:00,283.1
8/14/2021,18:00,287.086
8/15/2021,0:00,286.751
8/15/2021,6:00,285.243
8/15/2021,12:00,284.344
8/15/2021,18:00,288.155
8/16/2021,0:00,287.078
8/16/2021,6:00,284.687
8/16/2021,12:00,283.079
8/16/2021,18:00,287.288
8/17/2021,0:00,288.599
8/17/2021,6:00,287.1
8/17/2021,12:00,286.999
8/17/2021,18:00,290.629
8/18/2021,0:00,293.692
8/18/2021,6:00,292.257
8/18/2021,12:00,292.795
8/18/2021,18:00,296.6
8/19/2021,0:00,297.737
8/19/2021,6:00,295.63
8/19/2021,12:00,293.532
8/19/2021,18:00,297.191
8/20/2021,0:00,297.324
8/20/2021,6:00,293.187
8/20/2021,12:00,289.525
8/20/2021,18:00,291.166
8/21/2021,0:00,288.373
8/21/2021,6:00,286.28
8/21/2021,12:00,286.183
8/21/2021,18:00,288.282
8/22/2021,0:00,290.698
8/22/2021,6:00,290.621
8/22/2021,12:00,290.404
8/22/2021,18:00,294.404
8/23/2021,0:00,290.748
8/23/2021,6:00,289.948
8/23/2021,12:00,288.353
8/23/2021,18:00,288.7
8/24/2021,0:00,288.198
8/24/2021,6:00,285.827
8/24/2021,12:00,284.893
8/24/2021,18:00,286.498
8/25/2021,0:00,286.003
8/25/2021,6:00,286.442
8/25/2021,12:00,286.482
8/25/2021,18:00,286.1
8/26/2021,0:00,286.145
8/26/2021,6:00,284.703
8/26/2021,12:00,282.374
8/26/2021,18:00,284.805
8/27/2021,0:00,284.2
8/27/2021,6:00,281.8
8/27/2021,12:00,280.8
8/27/2021,18:00,285.353
8/28/2021,0:00,284.582
8/28/2021,6:00,282.478
8/28/2021,12:00,281.743
8/28/2021,18:00,286.4
8/29/2021,0:00,289.6
8/29/2021,6:00,285.7
8/29/2021,12:00,284.948
8/29/2021,18:00,289.376
8/30/2021,0:00,289.922
8/30/2021,6:00,288.3
8/30/2021,12:00,287.868
8/30/2021,18:00,292
8/31/2021,0:00,292.2
8/31/2021,6:00,288.928
8/31/2021,12:00,287.293
8/31/2021,18:00,291.884
9/1/2021,0:00,292.287
9/1/2021,6:00,289.918
9/1/2021,12:00,289.387
9/1/2021,18:00,292.935
9/2/2021,0:00,293.562
9/2/2021,6:00,291.509
9/2/2021,12:00,291.159
9/2/2021,18:00,294.495
9/3/2021,0:00,290.829
9/3/2021,6:00,288.643
9/3/2021,12:00,288.567
9/3/2021,18:00,290.47
9/4/2021,0:00,288.967
9/4/2021,6:00,286.763
9/4/2021,12:00,286.616
9/4/2021,18:00,288.988
9/5/2021,0:00,290.8
9/5/2021,6:00,288.052
9/5/2021,12:00,287.093
9/5/2021,18:00,290.5
9/6/2021,0:00,289.036
9/6/2021,6:00,286.415
9/6/2021,12:00,286.1
9/6/2021,18:00,289.4
9/7/2021,0:00,289.589
9/7/2021,6:00,288.756
9/7/2021,12:00,288.826
9/7/2021,18:00,290.328
9/8/2021,0:00,291.025
9/8/2021,6:00,289.298
9/8/2021,12:00,289.284
9/8/2021,18:00,288.751
9/9/2021,0:00,285.333
9/9/2021,6:00,283.124
9/9/2021,12:00,282.365
9/9/2021,18:00,284.093
9/10/2021,0:00,285.581
9/10/2021,6:00,282.155
9/10/2021,12:00,281.836
9/10/2021,18:00,286
9/11/2021,0:00,286.425
9/11/2021,6:00,284.462
9/11/2021,12:00,283.122
9/11/2021,18:00,287.71
9/12/2021,0:00,287.289
9/12/2021,6:00,286.045
9/12/2021,12:00,285.901
9/12/2021,18:00,292.256
9/13/2021,0:00,296.805
9/13/2021,6:00,292.664
9/13/2021,12:00,292.159
9/13/2021,18:00,292.929
9/14/2021,0:00,293.01
9/14/2021,6:00,292.097
9/14/2021,12:00,289.456
9/14/2021,18:00,289.345
9/15/2021,0:00,284.276
9/15/2021,6:00,281.873
9/15/2021,12:00,280.628
9/15/2021,18:00,285.486
9/16/2021,0:00,284.429
9/16/2021,6:00,281.829
9/16/2021,12:00,280.651
9/16/2021,18:00,285.915
9/17/2021,0:00,285.507
9/17/2021,6:00,283.4
9/17/2021,12:00,282.667
9/17/2021,18:00,286.781
9/18/2021,0:00,286.781
9/18/2021,6:00,286.9
9/18/2021,12:00,288.365
9/18/2021,18:00,290.435
9/19/2021,0:00,290.523
9/19/2021,6:00,289.88
9/19/2021,12:00,289.3
9/19/2021,18:00,292.421
9/20/2021,0:00,294.265
9/20/2021,6:00,293.429
9/20/2021,12:00,294.005
9/20/2021,18:00,297.095
9/21/2021,0:00,292.622
9/21/2021,6:00,288.68
9/21/2021,12:00,285.931
9/21/2021,18:00,286.619
9/22/2021,0:00,286.381
9/22/2021,6:00,282.552
9/22/2021,12:00,280.547
9/22/2021,18:00,285.518
9/23/2021,0:00,287.807
9/23/2021,6:00,286.2
9/23/2021,12:00,285.3
9/23/2021,18:00,285.851
9/24/2021,0:00,288.851
9/24/2021,6:00,284.251
9/24/2021,12:00,283.352
9/24/2021,18:00,288.239
9/25/2021,0:00,286.107
9/25/2021,6:00,284.3
9/25/2021,12:00,282.689
9/25/2021,18:00,288.863
9/26/2021,0:00,287.771
9/26/2021,6:00,285.025
9/26/2021,12:00,284.157
9/26/2021,18:00,290.641
9/27/2021,0:00,290.059
9/27/2021,6:00,287.077
9/27/2021,12:00,286.229
9/27/2021,18:00,292.729
9/28/2021,0:00,292.962
9/28/2021,6:00,290.4
9/28/2021,12:00,289.319
9/28/2021,18:00,290.741
9/29/2021,0:00,289.321
9/29/2021,6:00,288.81
9/29/2021,12:00,287.315
9/29/2021,18:00,290.27
9/30/2021,0:00,291.244
9/30/2021,6:00,289.327
9/30/2021,12:00,288.195
9/30/2021,18:00,290.903
10/1/2021,0:00,293.86
10/1/2021,6:00,291.471
10/1/2021,12:00,291.012
10/1/2021,18:00,290.983
10/2/2021,0:00,289.282
10/2/2021,6:00,286.88
10/2/2021,12:00,286.4
10/2/2021,18:00,290.1
10/3/2021,0:00,292.916
10/3/2021,6:00,289.641
10/3/2021,12:00,287.936
10/3/2021,18:00,290.465
10/4/2021,0:00,287.453
10/4/2021,6:00,283.978
10/4/2021,12:00,280.275
10/4/2021,18:00,285.608
10/5/2021,0:00,284.028
10/5/2021,6:00,281.487
10/5/2021,12:00,280.304
10/5/2021,18:00,287.3
10/6/2021,0:00,286.5
10/6/2021,6:00,285.402
10/6/2021,12:00,284.112
10/6/2021,18:00,288.394
10/7/2021,0:00,290.422
10/7/2021,6:00,283.375
10/7/2021,12:00,281.362
10/7/2021,18:00,285.55
10/8/2021,0:00,285.764
10/8/2021,6:00,283.457
10/8/2021,12:00,282.661
10/8/2021,18:00,286.595
10/9/2021,0:00,290.288
10/9/2021,6:00,287.675
10/9/2021,12:00,285.833
10/9/2021,18:00,290.08
10/10/2021,0:00,291.071
10/10/2021,6:00,289.711
10/10/2021,12:00,289.119
10/10/2021,18:00,289.661
10/11/2021,0:00,290.752
10/11/2021,6:00,290.037
10/11/2021,12:00,289.662
10/11/2021,18:00,291.867
10/12/2021,0:00,289.076
10/12/2021,6:00,287.083
10/12/2021,12:00,286.269
10/12/2021,18:00,291.819
10/13/2021,0:00,291.679
10/13/2021,6:00,289.276
10/13/2021,12:00,288.991
10/13/2021,18:00,294.355
10/14/2021,0:00,288.895
10/14/2021,6:00,292.121
10/14/2021,12:00,291.439
10/14/2021,18:00,292.691
10/15/2021,0:00,294.719
10/15/2021,6:00,291.513
10/15/2021,12:00,287.906
10/15/2021,18:00,287.955
10/16/2021,0:00,287.627
10/16/2021,6:00,282.517
10/16/2021,12:00,281.451
10/16/2021,18:00,286.8
10/17/2021,0:00,286.495
10/17/2021,6:00,284.199
10/17/2021,12:00,283.073
10/17/2021,18:00,287.792
10/18/2021,0:00,286.42
10/18/2021,6:00,282.7
10/18/2021,12:00,282.288
10/18/2021,18:00,289.3
10/19/2021,0:00,287.74
10/19/2021,6:00,284.9
10/19/2021,12:00,284.193
10/19/2021,18:00,291.418
10/20/2021,0:00,288.912
10/20/2021,6:00,285.247
10/20/2021,12:00,283.4
10/20/2021,18:00,290.924
10/21/2021,0:00,288.641
10/21/2021,6:00,284.773
10/21/2021,12:00,283.62
10/21/2021,18:00,291.1
10/22/2021,0:00,288.867
10/22/2021,6:00,285.167
10/22/2021,12:00,284.196
10/22/2021,18:00,292.333
10/23/2021,0:00,291.487
10/23/2021,6:00,289.107
10/23/2021,12:00,288.915
10/23/2021,18:00,290.388
10/24/2021,0:00,288.603
10/24/2021,6:00,285.71
10/24/2021,12:00,284.036
10/24/2021,18:00,290.194
10/25/2021,0:00,288.49
10/25/2021,6:00,285.542
10/25/2021,12:00,284.235
10/25/2021,18:00,291.814
10/26/2021,0:00,291.014
10/26/2021,6:00,288.554
10/26/2021,12:00,287.178
10/26/2021,18:00,295.296
10/27/2021,0:00,293.747
10/27/2021,6:00,290.865
10/27/2021,12:00,289.745
10/27/2021,18:00,297.812
10/28/2021,0:00,294.569
10/28/2021,6:00,291.244
10/28/2021,12:00,289.689
10/28/2021,18:00,296.756
10/29/2021,0:00,293.67
10/29/2021,6:00,290.644
10/29/2021,12:00,289.212
10/29/2021,18:00,295.819
10/30/2021,0:00,295.667
10/30/2021,6:00,291.206
10/30/2021,12:00,289.921
10/30/2021,18:00,296.624
10/31/2021,0:00,295.127
10/31/2021,6:00,292.35
10/31/2021,12:00,291.31
10/31/2021,18:00,298.156
11/1/2021,0:00,295.866
11/1/2021,6:00,292.699
11/1/2021,12:00,292.083
11/1/2021,18:00,298.7
11/2/2021,0:00,298.065
11/2/2021,6:00,293.609
11/2/2021,12:00,293.332
11/2/2021,18:00,299.806
11/3/2021,0:00,292.484
11/3/2021,6:00,292.141
11/3/2021,12:00,292.118
11/3/2021,18:00,292.669
11/4/2021,0:00,294.956
11/4/2021,6:00,292.106
11/4/2021,12:00,291.284
11/4/2021,18:00,297.256
11/5/2021,0:00,298.077
11/5/2021,6:00,292.854
11/5/2021,12:00,291.603
11/5/2021,18:00,297.562
11/6/2021,0:00,291.096
11/6/2021,6:00,289.605
11/6/2021,12:00,287.358
11/6/2021,18:00,290.101
11/7/2021,0:00,290.601
11/7/2021,6:00,288.383
11/7/2021,12:00,288.458
11/7/2021,18:00,290.397
11/8/2021,0:00,291.212
11/8/2021,6:00,287.289
11/8/2021,12:00,285.852
11/8/2021,18:00,292.893
11/9/2021,0:00,291.349
11/9/2021,6:00,287.98
11/9/2021,12:00,285.867
11/9/2021,18:00,293.982
11/10/2021,0:00,291.817
11/10/2021,6:00,288.434
11/10/2021,12:00,286.905
11/10/2021,18:00,292.592
11/11/2021,0:00,292.57
11/11/2021,6:00,287.586
11/11/2021,12:00,285.959
11/11/2021,18:00,292.39
11/12/2021,0:00,292.722
11/12/2021,6:00,287.515
11/12/2021,12:00,286.478
11/12/2021,18:00,293.176
11/13/2021,0:00,294.129
11/13/2021,6:00,287.777
11/13/2021,12:00,286.725
11/13/2021,18:00,294.585
11/14/2021,0:00,298.127
11/14/2021,6:00,292.098
11/14/2021,12:00,291.758
11/14/2021,18:00,298.071
11/15/2021,0:00,293.846
11/15/2021,6:00,290.821
11/15/2021,12:00,291.005
11/15/2021,18:00,298.215
11/16/2021,0:00,298.412
11/16/2021,6:00,296.403
11/16/2021,12:00,293.675
11/16/2021,18:00,292.952
11/17/2021,0:00,292.694
11/17/2021,6:00,288.919
11/17/2021,12:00,286.868
11/17/2021,18:00,286.813
11/18/2021,0:00,289.095
11/18/2021,6:00,285.5
11/18/2021,12:00,284.788
11/18/2021,18:00,291.636
11/19/2021,0:00,290.629
11/19/2021,6:00,286.834
11/19/2021,12:00,285.634
11/19/2021,18:00,293.375
11/20/2021,0:00,291.875
11/20/2021,6:00,287.436
11/20/2021,12:00,286.485
11/20/2021,18:00,295.449
11/21/2021,0:00,294.057
11/21/2021,6:00,290.998
11/21/2021,12:00,289.76
11/21/2021,18:00,299.291
11/22/2021,0:00,296.67
11/22/2021,6:00,292.901
11/22/2021,12:00,291.902
11/22/2021,18:00,301.146
11/23/2021,0:00,300.868
11/23/2021,6:00,296.209
11/23/2021,12:00,292.12
11/23/2021,18:00,296.046
11/24/2021,0:00,292.921
11/24/2021,6:00,288.959
11/24/2021,12:00,286.653
11/24/2021,18:00,296.041
11/25/2021,0:00,296.172
11/25/2021,6:00,292.369
11/25/2021,12:00,291.576
11/25/2021,18:00,292.974
11/26/2021,0:00,293.84
11/26/2021,6:00,291.009
11/26/2021,12:00,290.784
11/26/2021,18:00,293.587
11/27/2021,0:00,294.486
11/27/2021,6:00,289.253
11/27/2021,12:00,288.337
11/27/2021,18:00,296.162
11/28/2021,0:00,295.011
11/28/2021,6:00,293.169
11/28/2021,12:00,292.123
11/28/2021,18:00,292.945
11/29/2021,0:00,290.536
11/29/2021,6:00,288.363
11/29/2021,12:00,287.492
11/29/2021,18:00,292.802
11/30/2021,0:00,294.026
11/30/2021,6:00,289.38
11/30/2021,12:00,288.068
11/30/2021,18:00,295.732
12/1/2021,0:00,292.574
12/1/2021,6:00,288.126
12/1/2021,12:00,286.89
12/1/2021,18:00,295.399
12/2/2021,0:00,294.122
12/2/2021,6:00,289.736
12/2/2021,12:00,287.869
12/2/2021,18:00,294.842
12/3/2021,0:00,292.822
12/3/2021,6:00,288.519
12/3/2021,12:00,286.409
12/3/2021,18:00,294.606
12/4/2021,0:00,296.078
12/4/2021,6:00,290.131
12/4/2021,12:00,288.643
12/4/2021,18:00,296.407
12/5/2021,0:00,297.714
12/5/2021,6:00,292.864
12/5/2021,12:00,292.28
12/5/2021,18:00,297.799
12/6/2021,0:00,297.275
12/6/2021,6:00,291.348
12/6/2021,12:00,289.568
12/6/2021,18:00,297.394
12/7/2021,0:00,296.87
12/7/2021,6:00,290.879
12/7/2021,12:00,289.623
12/7/2021,18:00,296.233
12/8/2021,0:00,295.328
12/8/2021,6:00,289.692
12/8/2021,12:00,288.054
12/8/2021,18:00,296.081
12/9/2021,0:00,295.774
12/9/2021,6:00,290.172
12/9/2021,12:00,288.088
12/9/2021,18:00,295.343
12/10/2021,0:00,295.984
12/10/2021,6:00,290.65
12/10/2021,12:00,288.401
12/10/2021,18:00,295.973
12/11/2021,0:00,297.811
12/11/2021,6:00,292.281
12/11/2021,12:00,290.416
12/11/2021,18:00,298.35
12/12/2021,0:00,298.445
12/12/2021,6:00,295.13
12/12/2021,12:00,294.462
12/12/2021,18:00,298.968
12/13/2021,0:00,301.653
12/13/2021,6:00,295.887
12/13/2021,12:00,294.304
12/13/2021,18:00,298.839
12/14/2021,0:00,294.3
12/14/2021,6:00,293.915
12/14/2021,12:00,293.316
12/14/2021,18:00,293.981
12/15/2021,0:00,294.147
12/15/2021,6:00,292.447
12/15/2021,12:00,292.387
12/15/2021,18:00,294.296
12/16/2021,0:00,296.508
12/16/2021,6:00,291.024
12/16/2021,12:00,290.359
12/16/2021,18:00,296.837
12/17/2021,0:00,297.602
12/17/2021,6:00,291.982
12/17/2021,12:00,290.084
12/17/2021,18:00,297.284
12/18/2021,0:00,297.402
12/18/2021,6:00,291.649
12/18/2021,12:00,291.246
12/18/2021,18:00,297.591
12/19/2021,0:00,298.079
12/19/2021,6:00,291.702
12/19/2021,12:00,290.414
12/19/2021,18:00,298.552
12/20/2021,0:00,302.686
12/20/2021,6:00,296.58
12/20/2021,12:00,295.341
12/20/2021,18:00,304.477
12/21/2021,0:00,304.722
12/21/2021,6:00,297.131
12/21/2021,12:00,294.717
12/21/2021,18:00,303.055
12/22/2021,0:00,297.989
12/22/2021,6:00,293.627
12/22/2021,12:00,292.514
12/22/2021,18:00,299.978
12/23/2021,0:00,301.686
12/23/2021,6:00,292.805
12/23/2021,12:00,289.292
12/23/2021,18:00,296.866
12/24/2021,0:00,297.085
12/24/2021,6:00,291.807
12/24/2021,12:00,288.189
12/24/2021,18:00,297.334
12/25/2021,0:00,298.649
12/25/2021,6:00,291.98
12/25/2021,12:00,289.587
12/25/2021,18:00,300.638
12/26/2021,0:00,303.306
12/26/2021,6:00,295.282
12/26/2021,12:00,293.121
12/26/2021,18:00,300.569
12/27/2021,0:00,299.408
12/27/2021,6:00,292.329
12/27/2021,12:00,290.839
12/27/2021,18:00,301.9
12/28/2021,0:00,301.149
12/28/2021,6:00,293.863
12/28/2021,12:00,291.662
12/28/2021,18:00,302.062
12/29/2021,0:00,302.023
12/29/2021,6:00,294.185
12/29/2021,12:00,291.015
12/29/2021,18:00,298.446
12/30/2021,0:00,302.005
12/30/2021,6:00,293.948
12/30/2021,12:00,291.355
12/30/2021,18:00,301.083
12/31/2021,0:00,304.276
12/31/2021,6:00,296.11
12/31/2021,12:00,295.05
12/31/2021,18:00,303.14
1/1/2022,0:00,305.496
1/1/2022,6:00,296.732
1/1/2022,12:00,295.807
1/1/2022,18:00,305.858
1/2/2022,0:00,305.72
1/2/2022,6:00,298.206
1/2/2022,12:00,296.757
1/2/2022,18:00,306.935
1/3/2022,0:00,305.27
1/3/2022,6:00,297.558
1/3/2022,12:00,295.193
1/3/2022,18:00,303.878
1/4/2022,0:00,297.606
1/4/2022,6:00,296.277
1/4/2022,12:00,295.716
1/4/2022,18:00,302.402
1/5/2022,0:00,299.537
1/5/2022,6:00,294.131
1/5/2022,12:00,293.099
1/5/2022,18:00,296.572
1/6/2022,0:00,298.756
1/6/2022,6:00,290.311
1/6/2022,12:00,288.187
1/6/2022,18:00,295.913
1/7/2022,0:00,298.61
1/7/2022,6:00,291.417
1/7/2022,12:00,289.346
1/7/2022,18:00,296.382
1/8/2022,0:00,298.26
1/8/2022,6:00,291.534
1/8/2022,12:00,289.839
1/8/2022,18:00,296.143
1/9/2022,0:00,302.05
1/9/2022,6:00,292.385
1/9/2022,12:00,290.614
1/9/2022,18:00,298.192
1/10/2022,0:00,301.706
1/10/2022,6:00,293.38
1/10/2022,12:00,290.358
1/10/2022,18:00,298.785
1/11/2022,0:00,300.849
1/11/2022,6:00,294.173
1/11/2022,12:00,291.344
1/11/2022,18:00,301.412
1/12/2022,0:00,302.83
1/12/2022,6:00,295.713
1/12/2022,12:00,293.747
1/12/2022,18:00,304.163
1/13/2022,0:00,304.63
1/13/2022,6:00,296.974
1/13/2022,12:00,293.675
1/13/2022,18:00,304.152
1/14/2022,0:00,304.671
1/14/2022,6:00,298.276
1/14/2022,12:00,296.723
1/14/2022,18:00,305.626
1/15/2022,0:00,305.83
1/15/2022,6:00,300.263
1/15/2022,12:00,299.186
1/15/2022,18:00,305.933
1/16/2022,0:00,303.575
1/16/2022,6:00,298.347
1/16/2022,12:00,296.447
1/16/2022,18:00,304.985
1/17/2022,0:00,305.96
1/17/2022,6:00,297.192
1/17/2022,12:00,296.22
1/17/2022,18:00,303.297
1/18/2022,0:00,299.512
1/18/2022,6:00,296.43
1/18/2022,12:00,296.46
1/18/2022,18:00,305.364
1/19/2022,0:00,305.058
1/19/2022,6:00,299.308
1/19/2022,12:00,297.534
1/19/2022,18:00,307.226
1/20/2022,0:00,304.163
1/20/2022,6:00,299.905
1/20/2022,12:00,299.418
1/20/2022,18:00,308.589
1/21/2022,0:00,304.383
1/21/2022,6:00,299.743
1/21/2022,12:00,299.003
1/21/2022,18:00,306.24
1/22/2022,0:00,306.51
1/22/2022,6:00,302.282
1/22/2022,12:00,300.619
1/22/2022,18:00,308.393
1/23/2022,0:00,306.625
1/23/2022,6:00,304.033
1/23/2022,12:00,301.095
1/23/2022,18:00,309.016
1/24/2022,0:00,304.149
1/24/2022,6:00,300.112
1/24/2022,12:00,300.31
1/24/2022,18:00,304.783
1/25/2022,0:00,302.729
1/25/2022,6:00,297.45
1/25/2022,12:00,297.392
1/25/2022,18:00,305.774
1/26/2022,0:00,297.223
1/26/2022,6:00,297.27
1/26/2022,12:00,296.483
1/26/2022,18:00,302.126
1/27/2022,0:00,298.711
1/27/2022,6:00,294.503
1/27/2022,12:00,293.978
1/27/2022,18:00,294.661
1/28/2022,0:00,295.516
1/28/2022,6:00,291.105
1/28/2022,12:00,288.928
1/28/2022,18:00,295.307
1/29/2022,0:00,296.7
1/29/2022,6:00,291.431
1/29/2022,12:00,288.988
1/29/2022,18:00,295.523
1/30/2022,0:00,297.158
1/30/2022,6:00,292.155
1/30/2022,12:00,289.434
1/30/2022,18:00,297.02
1/31/2022,0:00,298.871
1/31/2022,6:00,293.796
1/31/2022,12:00,292.799
1/31/2022,18:00,301.275
2/1/2022,0:00,301.403
2/1/2022,6:00,294.173
2/1/2022,12:00,291.847
2/1/2022,18:00,297.89
2/2/2022,0:00,304.155
2/2/2022,6:00,295.59
2/2/2022,12:00,293.584
2/2/2022,18:00,302.302
2/3/2022,0:00,304.509
2/3/2022,6:00,297.55
2/3/2022,12:00,296.401
2/3/2022,18:00,304.724
2/4/2022,0:00,294.501
2/4/2022,6:00,294.464
2/4/2022,12:00,293.282
2/4/2022,18:00,297.442
2/5/2022,0:00,299.614
2/5/2022,6:00,295.83
2/5/2022,12:00,295.487
2/5/2022,18:00,299.25
2/6/2022,0:00,298.617
2/6/2022,6:00,291.565
2/6/2022,12:00,289.723
2/6/2022,18:00,294.505
2/7/2022,0:00,293.371
2/7/2022,6:00,288.41
2/7/2022,12:00,286.866
2/7/2022,18:00,294.712
2/8/2022,0:00,296.318
2/8/2022,6:00,289.859
2/8/2022,12:00,287.619
2/8/2022,18:00,295.22
2/9/2022,0:00,295.641
2/9/2022,6:00,291.291
2/9/2022,12:00,288.332
2/9/2022,18:00,295.941
2/10/2022,0:00,297.183
2/10/2022,6:00,292.307
2/10/2022,12:00,288.796
2/10/2022,18:00,296.608
2/11/2022,0:00,300.44
2/11/2022,6:00,294.85
2/11/2022,12:00,292.215
2/11/2022,18:00,298.756
2/12/2022,0:00,303.696
2/12/2022,6:00,298.185
2/12/2022,12:00,296.743
2/12/2022,18:00,298.627
2/13/2022,0:00,295.91
2/13/2022,6:00,291.942
2/13/2022,12:00,290.624
2/13/2022,18:00,295.3
2/14/2022,0:00,294.619
2/14/2022,6:00,288.58
2/14/2022,12:00,286.776
2/14/2022,18:00,295.255
2/15/2022,0:00,298.035
2/15/2022,6:00,291.608
2/15/2022,12:00,289.691
2/15/2022,18:00,299.27
2/16/2022,0:00,299.445
2/16/2022,6:00,293.035
2/16/2022,12:00,290.996
2/16/2022,18:00,299.704
2/17/2022,0:00,301.06
2/17/2022,6:00,294.157
2/17/2022,12:00,292.803
2/17/2022,18:00,301.427
2/18/2022,0:00,303.267
2/18/2022,6:00,295.441
2/18/2022,12:00,291.389
2/18/2022,18:00,298.636
2/19/2022,0:00,300.687
2/19/2022,6:00,293.798
2/19/2022,12:00,290.4
2/19/2022,18:00,298.628
2/20/2022,0:00,301.029
2/20/2022,6:00,293.646
2/20/2022,12:00,293.53
2/20/2022,18:00,302.075
2/21/2022,0:00,297.865
2/21/2022,6:00,294.742
2/21/2022,12:00,294.678
2/21/2022,18:00,299.676
2/22/2022,0:00,301.404
2/22/2022,6:00,295.969
2/22/2022,12:00,292.846
2/22/2022,18:00,295.809
2/23/2022,0:00,299.828
2/23/2022,6:00,294.188
2/23/2022,12:00,291.014
2/23/2022,18:00,298.545
2/24/2022,0:00,300.481
2/24/2022,6:00,295.025
2/24/2022,12:00,292.438
2/24/2022,18:00,300.409
2/25/2022,0:00,296.815
2/25/2022,6:00,296.676
2/25/2022,12:00,294.067
2/25/2022,18:00,296.968
2/26/2022,0:00,300.527
2/26/2022,6:00,297.165
2/26/2022,12:00,295.642
2/26/2022,18:00,303.575
2/27/2022,0:00,305.222
2/27/2022,6:00,299.133
2/27/2022,12:00,298.439
2/27/2022,18:00,305.56
2/28/2022,0:00,304.058
2/28/2022,6:00,295.458
2/28/2022,12:00,296.084
2/28/2022,18:00,298.513
3/1/2022,0:00,294.134
3/1/2022,6:00,293.811
3/1/2022,12:00,292.024
3/1/2022,18:00,295.179
3/2/2022,0:00,296.806
3/2/2022,6:00,293.268
3/2/2022,12:00,292.97
3/2/2022,18:00,298.048
3/3/2022,0:00,298.206
3/3/2022,6:00,292.811
3/3/2022,12:00,291.799
3/3/2022,18:00,298.729
3/4/2022,0:00,297.736
3/4/2022,6:00,294.774
3/4/2022,12:00,293.191
3/4/2022,18:00,298.805
3/5/2022,0:00,300.948
3/5/2022,6:00,298.415
3/5/2022,12:00,296.748
3/5/2022,18:00,302.766
3/6/2022,0:00,298.159
3/6/2022,6:00,295.385
3/6/2022,12:00,294.404
3/6/2022,18:00,295.353
3/7/2022,0:00,296.257
3/7/2022,6:00,294.816
3/7/2022,12:00,294.48
3/7/2022,18:00,299.036
3/8/2022,0:00,293.637
3/8/2022,6:00,293.617
3/8/2022,12:00,293.004
3/8/2022,18:00,294.877
3/9/2022,0:00,296.117
3/9/2022,6:00,293.759
3/9/2022,12:00,293.863
3/9/2022,18:00,296.444
3/10/2022,0:00,295.52
3/10/2022,6:00,294.284
3/10/2022,12:00,293.641
3/10/2022,18:00,293.404
3/11/2022,0:00,292.473
3/11/2022,6:00,292.705
3/11/2022,12:00,291.782
3/11/2022,18:00,292.442
3/12/2022,0:00,289.893
3/12/2022,6:00,287.477
3/12/2022,12:00,286.612
3/12/2022,18:00,290.9
3/13/2022,0:00,290.765
3/13/2022,6:00,289.805
3/13/2022,12:00,287.496
3/13/2022,18:00,291.722
3/14/2022,0:00,290.077
3/14/2022,6:00,287.837
3/14/2022,12:00,287.24
3/14/2022,18:00,292.999
3/15/2022,0:00,292.331
3/15/2022,6:00,289.506
3/15/2022,12:00,288.243
3/15/2022,18:00,293.7
3/16/2022,0:00,294.639
3/16/2022,6:00,291.126
3/16/2022,12:00,290.409
3/16/2022,18:00,294.9
3/17/2022,0:00,296.105
3/17/2022,6:00,293.305
3/17/2022,12:00,292.592
3/17/2022,18:00,296.885
3/18/2022,0:00,298.382
3/18/2022,6:00,295.137
3/18/2022,12:00,294.547
3/18/2022,18:00,299.777
3/19/2022,0:00,291.145
3/19/2022,6:00,288.065
3/19/2022,12:00,286.578
3/19/2022,18:00,289.185
3/20/2022,0:00,287.83
3/20/2022,6:00,285.892
3/20/2022,12:00,284.608
3/20/2022,18:00,288.667
3/21/2022,0:00,289.353
3/21/2022,6:00,286.781
3/21/2022,12:00,286.131
3/21/2022,18:00,290.729
3/22/2022,0:00,296.471
3/22/2022,6:00,290.946
3/22/2022,12:00,289.169
3/22/2022,18:00,294.519
3/23/2022,0:00,292.338
3/23/2022,6:00,291.696
3/23/2022,12:00,291.472
3/23/2022,18:00,295.115
3/24/2022,0:00,293.179
3/24/2022,6:00,291.763
3/24/2022,12:00,292.118
3/24/2022,18:00,293.305
3/25/2022,0:00,288.27
3/25/2022,6:00,284.39
3/25/2022,12:00,284.201
3/25/2022,18:00,287.9
3/26/2022,0:00,290.504
3/26/2022,6:00,289.325
3/26/2022,12:00,289.242
3/26/2022,18:00,290.651
3/27/2022,0:00,291.934
3/27/2022,6:00,288.975
3/27/2022,12:00,287.956
3/27/2022,18:00,293.105
3/28/2022,0:00,293.149
3/28/2022,6:00,289.833
3/28/2022,12:00,288.435
3/28/2022,18:00,293.543
3/29/2022,0:00,293.299
3/29/2022,6:00,290.021
3/29/2022,12:00,288.915
3/29/2022,18:00,294.694
3/30/2022,0:00,297.119
3/30/2022,6:00,293.746
3/30/2022,12:00,285.43
3/30/2022,18:00,285.92
3/31/2022,0:00,285.702
3/31/2022,6:00,282.725
3/31/2022,12:00,280.261
3/31/2022,18:00,285.108
4/1/2022,0:00,285.355
4/1/2022,6:00,282.195
4/1/2022,12:00,281.001
4/1/2022,18:00,286.166
4/2/2022,0:00,286.569
4/2/2022,6:00,283.739
4/2/2022,12:00,282.747
4/2/2022,18:00,287.717
4/3/2022,0:00,290.978
4/3/2022,6:00,290.038
4/3/2022,12:00,289.138
4/3/2022,18:00,290.103
4/4/2022,0:00,290.526
4/4/2022,6:00,290.606
4/4/2022,12:00,291.397
4/4/2022,18:00,294.206
4/5/2022,0:00,292.453
4/5/2022,6:00,289.727
4/5/2022,12:00,288.755
4/5/2022,18:00,292.018
4/6/2022,0:00,293.914
4/6/2022,6:00,290.181
4/6/2022,12:00,289.139
4/6/2022,18:00,292.524
4/7/2022,0:00,293.739
4/7/2022,6:00,291.8
4/7/2022,12:00,291.2
4/7/2022,18:00,292.4
4/8/2022,0:00,291.4
4/8/2022,6:00,290.04
4/8/2022,12:00,289.6
4/8/2022,18:00,293.397
4/9/2022,0:00,292.272
4/9/2022,6:00,289.712
4/9/2022,12:00,288.8
4/9/2022,18:00,292.319
4/10/2022,0:00,291.344
4/10/2022,6:00,289.539
4/10/2022,12:00,288.842
4/10/2022,18:00,292.314
4/11/2022,0:00,293.101
4/11/2022,6:00,292.3
4/11/2022,12:00,291.891
4/11/2022,18:00,291.5
4/12/2022,0:00,292.455
4/12/2022,6:00,292.143
4/12/2022,12:00,291.902
4/12/2022,18:00,292
4/13/2022,0:00,291.742
4/13/2022,6:00,288.227
4/13/2022,12:00,286.821
4/13/2022,18:00,289.614
4/14/2022,0:00,288.662
4/14/2022,6:00,283.461
4/14/2022,12:00,281.691
4/14/2022,18:00,286.452
4/15/2022,0:00,285.689
4/15/2022,6:00,283.304
4/15/2022,12:00,280.967
4/15/2022,18:00,285.65
4/16/2022,0:00,286.236
4/16/2022,6:00,284.8
4/16/2022,12:00,283.456
4/16/2022,18:00,287.7
4/17/2022,0:00,287.037
4/17/2022,6:00,284.897
4/17/2022,12:00,283.754
4/17/2022,18:00,288.009
4/18/2022,0:00,288.169
4/18/2022,6:00,285.775
4/18/2022,18:00,289.265
4/19/2022,0:00,290.297
4/19/2022,6:00,287.906
4/19/2022,12:00,287.372
4/19/2022,18:00,291.546
4/20/2022,0:00,291.432
4/20/2022,6:00,288.645
4/20/2022,12:00,287.445
4/20/2022,18:00,292.1
4/21/2022,0:00,291.629
4/21/2022,6:00,288.904
4/21/2022,12:00,288.367
4/21/2022,18:00,292.297
4/22/2022,0:00,293.251
4/22/2022,6:00,289.654
4/22/2022,12:00,288.836
4/22/2022,18:00,292.053
4/23/2022,0:00,290.118
4/23/2022,6:00,284.117
4/23/2022,12:00,282.105
4/23/2022,18:00,285.45
4/24/2022,0:00,286.724
4/24/2022,6:00,284.125
4/24/2022,12:00,283.453
4/24/2022,18:00,288.762
4/25/2022,0:00,293.968
4/25/2022,6:00,294.081
4/25/2022,12:00,294
4/25/2022,18:00,295.712
4/26/2022,0:00,295.528
4/26/2022,6:00,294.156
4/26/2022,12:00,292.901
4/26/2022,18:00,294.926
4/27/2022,0:00,296.808
4/27/2022,6:00,296.203
4/27/2022,12:00,296.505
4/27/2022,18:00,298.338
4/28/2022,0:00,296.6
4/28/2022,6:00,294.15
4/28/2022,12:00,293.6
4/28/2022,18:00,291.251
4/29/2022,0:00,290.353
4/29/2022,6:00,285.122
4/29/2022,12:00,282.202
4/29/2022,18:00,283.998
4/30/2022,0:00,283.588
4/30/2022,6:00,282.33
4/30/2022,12:00,284.358
4/30/2022,18:00,285.058
5/1/2022,0:00,287.526
5/1/2022,6:00,286.641
5/1/2022,12:00,287.201
5/1/2022,18:00,288.136
5/2/2022,0:00,287.895
5/2/2022,6:00,286.23
5/2/2022,12:00,285.174
5/2/2022,18:00,284.776
5/3/2022,0:00,285.2
5/3/2022,6:00,285.608
5/3/2022,12:00,285.029
5/3/2022,18:00,285.525
5/4/2022,0:00,285.185
5/4/2022,6:00,285.128
5/4/2022,12:00,285.664
5/4/2022,18:00,286.733
5/5/2022,0:00,289.933
5/5/2022,6:00,286.121
5/5/2022,12:00,284.877
5/5/2022,18:00,288.017
5/6/2022,0:00,288.266
5/6/2022,6:00,285.362
5/6/2022,12:00,284.03
5/6/2022,18:00,287.5
5/7/2022,0:00,287.412
5/7/2022,6:00,285.9
5/7/2022,12:00,284.844
5/7/2022,18:00,287.509
5/8/2022,0:00,286.5
5/8/2022,6:00,284.14
5/8/2022,12:00,283.8
5/8/2022,18:00,288.125
5/9/2022,0:00,289.039
5/9/2022,6:00,286.576
5/9/2022,12:00,284.567
5/9/2022,18:00,288.159
5/10/2022,0:00,288.941
5/10/2022,6:00,288.046
5/10/2022,12:00,287.939
5/10/2022,18:00,289.205
5/11/2022,0:00,287.4
5/11/2022,6:00,285.406
5/11/2022,12:00,284.488
5/11/2022,18:00,287.677
5/12/2022,0:00,285.881
5/12/2022,6:00,283.058
5/12/2022,12:00,281.663
5/12/2022,18:00,284.936
5/13/2022,0:00,284.548
5/13/2022,6:00,282.461
5/13/2022,12:00,281.3
5/13/2022,18:00,284.935
5/14/2022,0:00,286.11
5/14/2022,6:00,285.038
5/14/2022,12:00,285.299
5/14/2022,18:00,286.869
5/15/2022,0:00,289.4
5/15/2022,6:00,288.285
5/15/2022,12:00,286.999
5/15/2022,18:00,287.273
5/16/2022,0:00,283.268
5/16/2022,6:00,279.502
5/16/2022,12:00,277.696
5/16/2022,18:00,281.134
5/17/2022,0:00,283.821
5/17/2022,6:00,282.83
5/17/2022,12:00,277.636
5/17/2022,18:00,280.088
5/18/2022,0:00,281.888
5/18/2022,6:00,282.804
5/18/2022,12:00,281.764
5/18/2022,18:00,283.993
5/19/2022,0:00,282.305
5/19/2022,6:00,279.72
5/19/2022,12:00,278.707
5/19/2022,18:00,282.236
5/20/2022,0:00,282.8
5/20/2022,6:00,280.527
5/20/2022,12:00,279.425
5/20/2022,18:00,282.9
5/21/2022,0:00,282.967
5/21/2022,6:00,280.9
5/21/2022,12:00,279.801
5/21/2022,18:00,283.435
5/22/2022,0:00,284.648
5/22/2022,6:00,283.4
5/22/2022,12:00,283.073
5/22/2022,18:00,285.5
5/23/2022,0:00,285.307
5/23/2022,6:00,283.497
5/23/2022,12:00,282.555
5/23/2022,18:00,286.076
5/24/2022,0:00,286.824
5/24/2022,6:00,285.452
5/24/2022,12:00,284.84
5/24/2022,18:00,288.378
5/25/2022,0:00,290.128
5/25/2022,6:00,288.446
5/25/2022,12:00,287.965
5/25/2022,18:00,291.355
5/26/2022,0:00,290.791
5/26/2022,6:00,290.759
5/26/2022,12:00,288.158
5/26/2022,18:00,288.342
5/27/2022,0:00,289.673
5/27/2022,6:00,290.182
5/27/2022,12:00,290.345
5/27/2022,18:00,290.604
5/28/2022,0:00,290.319
5/28/2022,6:00,288.882
5/28/2022,12:00,289.037
5/28/2022,18:00,289.918
5/29/2022,0:00,290.7
5/29/2022,6:00,289.621
5/29/2022,12:00,288.3
5/29/2022,18:00,287.796
5/30/2022,0:00,284.015
5/30/2022,6:00,279.501
5/30/2022,12:00,277.084
5/30/2022,18:00,279.803
5/31/2022,0:00,278.598
5/31/2022,6:00,276.628
5/31/2022,12:00,275.9
5/31/2022,18:00,278.262
6/1/2022,0:00,278.182
6/1/2022,6:00,276.403
6/1/2022,12:00,275.798
6/1/2022,18:00,278.858
6/2/2022,0:00,278.852
6/2/2022,6:00,277.565
6/2/2022,12:00,276.74
6/2/2022,18:00,279.315
6/3/2022,0:00,279.007
6/3/2022,6:00,277.146
6/3/2022,12:00,276.299
6/3/2022,18:00,279.267
6/4/2022,0:00,279.3
6/4/2022,6:00,278.955
6/4/2022,12:00,278.7
6/4/2022,18:00,281.798
6/5/2022,0:00,288.365
6/5/2022,6:00,288.081
6/5/2022,12:00,288.164
6/5/2022,18:00,288.83
6/6/2022,0:00,290.166
6/6/2022,6:00,290.528
6/6/2022,12:00,290.345
6/6/2022,18:00,289.445
6/7/2022,0:00,288.435
6/7/2022,6:00,287.937
6/7/2022,12:00,287.035
6/7/2022,18:00,288.28
6/8/2022,0:00,288.937
6/8/2022,6:00,287.828
6/8/2022,12:00,288.173
6/8/2022,18:00,288.874
6/9/2022,0:00,288.073
6/9/2022,6:00,286.136
6/9/2022,12:00,285.136
6/9/2022,18:00,287.127
6/10/2022,0:00,288.234
6/10/2022,6:00,286.112
6/10/2022,12:00,283.303
6/10/2022,18:00,283.802
6/11/2022,0:00,278.755
6/11/2022,6:00,275.458
6/11/2022,12:00,274.163
6/11/2022,18:00,277.126
6/12/2022,0:00,278.239
6/12/2022,6:00,276.803
6/12/2022,12:00,275.916
6/12/2022,18:00,278.945
6/13/2022,0:00,280.849
6/13/2022,6:00,278.6
6/13/2022,12:00,277.344
6/13/2022,18:00,280.785
6/14/2022,0:00,281.835
6/14/2022,6:00,281.367
6/14/2022,12:00,280.915
6/14/2022,18:00,283.284
6/15/2022,0:00,285.515
6/15/2022,6:00,283.652
6/15/2022,12:00,282.274
6/15/2022,18:00,284.82
6/16/2022,0:00,286.054
6/16/2022,6:00,285.553
6/16/2022,12:00,285.061
6/16/2022,18:00,287.126
6/17/2022,0:00,288.992
6/17/2022,6:00,289.121
6/17/2022,12:00,288.499
6/17/2022,18:00,285.905
6/18/2022,0:00,281.765
6/18/2022,6:00,278.755
6/18/2022,12:00,276.646
6/18/2022,18:00,278.492
6/19/2022,0:00,279.156
6/19/2022,6:00,277.412
6/19/2022,12:00,276.583
6/19/2022,18:00,279.408
6/20/2022,0:00,280.992
6/20/2022,6:00,279.608
6/20/2022,12:00,279.2
6/20/2022,18:00,282.224
6/21/2022,0:00,285.766
6/21/2022,6:00,286.086
6/21/2022,12:00,287.08
6/21/2022,18:00,288.799
6/22/2022,0:00,288.339
6/22/2022,6:00,286.905
6/22/2022,12:00,285.246
6/22/2022,18:00,285.408
6/23/2022,0:00,284.015
6/23/2022,6:00,284.014
6/23/2022,12:00,282.356
6/23/2022,18:00,283.201
6/24/2022,0:00,285.204
6/24/2022,6:00,285.352
6/24/2022,12:00,285.406
6/24/2022,18:00,285.8
6/25/2022,0:00,285.603
6/25/2022,6:00,285
6/25/2022,12:00,283.2
6/25/2022,18:00,282.98
6/26/2022,0:00,282.002
6/26/2022,6:00,280.643
6/26/2022,12:00,280.28
6/26/2022,18:00,280.9
6/27/2022,0:00,282.484
6/27/2022,6:00,282.435
6/27/2022,12:00,282.556
6/27/2022,18:00,285.382
6/28/2022,0:00,288.115
6/28/2022,6:00,288.151
6/28/2022,12:00,288.346
6/28/2022,18:00,286.777
6/29/2022,0:00,283.492
6/29/2022,6:00,279.748
6/29/2022,12:00,279.067
6/29/2022,18:00,281.317
6/30/2022,0:00,282.532
6/30/2022,6:00,281.1
6/30/2022,12:00,280.217
6/30/2022,18:00,282.381
7/1/2022,0:00,283.081
7/1/2022,6:00,281.219
7/1/2022,12:00,280.619
7/1/2022,18:00,282.979
7/2/2022,0:00,288.391
7/2/2022,6:00,289.102
7/2/2022,12:00,288.748
7/2/2022,18:00,289.573
7/3/2022,0:00,287.685
7/3/2022,6:00,285.1
7/3/2022,12:00,285.634
7/3/2022,18:00,286.298
7/4/2022,0:00,286.944
7/4/2022,6:00,286.704
7/4/2022,12:00,287.906
7/4/2022,18:00,289.784
7/5/2022,0:00,291.656
7/5/2022,6:00,290.7
7/5/2022,12:00,289.915
7/5/2022,18:00,290.04
7/6/2022,0:00,288.813
7/6/2022,6:00,289.011
7/6/2022,12:00,289.691
7/6/2022,18:00,290.8
7/7/2022,0:00,291.217
7/7/2022,6:00,290.37
7/7/2022,12:00,287.891
7/7/2022,18:00,290.1
7/8/2022,0:00,287.81
7/8/2022,6:00,285.636
7/8/2022,12:00,284.879
7/8/2022,18:00,286.789
7/9/2022,0:00,289.938
7/9/2022,6:00,288.662
7/9/2022,12:00,289.339
7/9/2022,18:00,290.859
7/10/2022,0:00,292.321
7/10/2022,6:00,292.423
7/10/2022,12:00,293.139
7/10/2022,18:00,293.132
7/11/2022,0:00,294.161
7/11/2022,6:00,293.756
7/11/2022,12:00,292.6
7/11/2022,18:00,291.6
7/12/2022,0:00,284.784
7/12/2022,6:00,282.895
7/12/2022,12:00,279.957
7/12/2022,18:00,282.104
7/13/2022,0:00,281.4
7/13/2022,6:00,279.671
7/13/2022,12:00,278.324
7/13/2022,18:00,280.685
7/14/2022,0:00,282.593
7/14/2022,6:00,282.878
7/14/2022,12:00,285.224
7/14/2022,18:00,287.704
7/15/2022,0:00,290.633
7/15/2022,6:00,289.8
7/15/2022,12:00,289.889
7/15/2022,18:00,290.851
7/16/2022,0:00,292.016
7/16/2022,6:00,290.17
7/16/2022,12:00,290.044
7/16/2022,18:00,285.529
7/17/2022,0:00,282.064
7/17/2022,6:00,281.643
7/17/2022,12:00,279.265
7/17/2022,18:00,280.886
7/18/2022,0:00,281.506
7/18/2022,6:00,279.93
7/18/2022,12:00,279.105
7/18/2022,18:00,281.065
7/19/2022,0:00,285.435
7/19/2022,6:00,282.855
7/19/2022,12:00,281.76
7/19/2022,18:00,284.127
7/20/2022,0:00,284.2
7/20/2022,6:00,283.463
7/20/2022,12:00,283.644
7/20/2022,18:00,287
7/21/2022,0:00,291.862
7/21/2022,6:00,291.565
7/21/2022,12:00,290.911
7/21/2022,18:00,292.348
7/22/2022,0:00,292.565
7/22/2022,6:00,291.164
7/22/2022,12:00,290.278
7/22/2022,18:00,291.5
7/23/2022,0:00,291.197
7/23/2022,6:00,289.784
7/23/2022,12:00,289.522
7/23/2022,18:00,291.268
7/24/2022,0:00,292.577
7/24/2022,6:00,291.8
7/24/2022,12:00,291.307
7/24/2022,18:00,292.437
7/25/2022,0:00,292.835
7/25/2022,6:00,291.942
7/25/2022,12:00,291.48
7/25/2022,18:00,293.418
7/26/2022,0:00,293.1
7/26/2022,6:00,291.422
7/26/2022,12:00,290.029
7/26/2022,18:00,292.267
7/27/2022,0:00,292.835
7/27/2022,6:00,291.415
7/27/2022,12:00,291.086
7/27/2022,18:00,293.259
7/28/2022,0:00,293.229
7/28/2022,6:00,291.5
7/28/2022,12:00,291.095
7/28/2022,18:00,290.125
7/29/2022,0:00,285.285
7/29/2022,6:00,280.737
7/29/2022,12:00,279.3
7/29/2022,18:00,281.519
7/30/2022,0:00,282.261
7/30/2022,6:00,280.52
7/30/2022,12:00,279.224
7/30/2022,18:00,282.18
7/31/2022,0:00,283.424
7/31/2022,6:00,281.683
7/31/2022,12:00,280.645
7/31/2022,18:00,283.732
8/1/2022,0:00,285.414
8/1/2022,6:00,283.286
8/1/2022,12:00,282.508
8/1/2022,18:00,285.092
8/2/2022,0:00,286.332
8/2/2022,6:00,284.983
8/2/2022,12:00,284.684
8/2/2022,18:00,286.918
8/3/2022,0:00,289.217
8/3/2022,6:00,288.632
8/3/2022,12:00,288.622
8/3/2022,18:00,290.068
8/4/2022,0:00,292.079
8/4/2022,6:00,289.854
8/4/2022,12:00,289.354
8/4/2022,18:00,286.807
8/5/2022,0:00,283.274
8/5/2022,6:00,281.091
8/5/2022,12:00,279.224
8/5/2022,18:00,282.118
8/6/2022,0:00,281.925
8/6/2022,6:00,279.3
8/6/2022,12:00,278.7
8/6/2022,18:00,281.56
8/7/2022,0:00,283.23
8/7/2022,6:00,280.724
8/7/2022,12:00,280.201
8/7/2022,18:00,282.694
8/8/2022,0:00,285.354
8/8/2022,6:00,283.451
8/8/2022,12:00,284.457
8/8/2022,18:00,284.9
8/9/2022,0:00,285.827
8/9/2022,6:00,284.7
8/9/2022,12:00,283.583
8/9/2022,18:00,283.181
8/10/2022,0:00,282.981
8/10/2022,6:00,279.765
8/10/2022,12:00,278.024
8/10/2022,18:00,280.52
8/11/2022,0:00,282.679
8/11/2022,6:00,280.632
8/11/2022,12:00,279.916
8/11/2022,18:00,283.195
8/12/2022,0:00,284
8/12/2022,6:00,283.2
8/12/2022,12:00,282.8
8/12/2022,18:00,285.831
8/13/2022,0:00,287.4
8/13/2022,6:00,286.051
8/13/2022,12:00,286.225
8/13/2022,18:00,289.215
8/14/2022,0:00,289.35
8/14/2022,6:00,287.324
8/14/2022,12:00,286.973
8/14/2022,18:00,290.185
8/15/2022,0:00,290.03
8/15/2022,6:00,289.871
8/15/2022,12:00,289.577
8/15/2022,18:00,290.084
8/16/2022,0:00,289.128
8/16/2022,6:00,284.184
8/16/2022,12:00,281.784
8/16/2022,18:00,284.284
8/17/2022,0:00,286.352
8/17/2022,6:00,284.5
8/17/2022,12:00,285.085
8/17/2022,18:00,289.647
8/18/2022,0:00,290.274
8/18/2022,6:00,282.985
8/18/2022,12:00,279.61
8/18/2022,18:00,281.455
8/19/2022,0:00,278.837
8/19/2022,6:00,277.3
8/19/2022,12:00,275.888
8/19/2022,18:00,279.255
8/20/2022,0:00,280.086
8/20/2022,6:00,277.718
8/20/2022,12:00,276.548
8/20/2022,18:00,280.305
8/21/2022,0:00,281.739
8/21/2022,6:00,279.539
8/21/2022,12:00,278.696
8/21/2022,18:00,282.823
8/22/2022,0:00,284.111
8/22/2022,6:00,281.105
8/22/2022,12:00,280.472
8/22/2022,18:00,284.426
8/23/2022,0:00,285.3
8/23/2022,6:00,282.812
8/23/2022,12:00,282.896
8/23/2022,18:00,286.596
8/24/2022,0:00,289.617
8/24/2022,6:00,288.545
8/24/2022,12:00,288.695
8/24/2022,18:00,290.72
8/25/2022,0:00,290.858
8/25/2022,6:00,289.612
8/25/2022,12:00,288.907
8/25/2022,18:00,291.773
8/26/2022,0:00,292.858
8/26/2022,6:00,290.51
8/26/2022,12:00,289.551
8/26/2022,18:00,291.482
8/27/2022,0:00,292.845
8/27/2022,6:00,290.048
8/27/2022,12:00,288.536
8/27/2022,18:00,292.636
8/28/2022,0:00,293.42
8/28/2022,6:00,283.349
8/28/2022,12:00,280.3
8/28/2022,18:00,281.257
8/29/2022,0:00,280.151
8/29/2022,6:00,277.952
8/29/2022,12:00,276.781
8/29/2022,18:00,280.038
8/30/2022,0:00,280.886
8/30/2022,6:00,279.302
8/30/2022,12:00,278
8/30/2022,18:00,282.59
8/31/2022,0:00,285.28
8/31/2022,6:00,282.937
8/31/2022,12:00,283.208
8/31/2022,18:00,287.177
9/1/2022,0:00,289.017
9/1/2022,6:00,286.381
9/1/2022,12:00,286.413
9/1/2022,18:00,291.236
9/2/2022,0:00,290.261
9/2/2022,6:00,289.11
9/2/2022,12:00,288.398
9/2/2022,18:00,288.234
9/3/2022,0:00,285.318
9/3/2022,6:00,279.818
9/3/2022,12:00,277.136
9/3/2022,18:00,281.255
9/4/2022,0:00,281.455
9/4/2022,6:00,278.769
9/4/2022,12:00,277.545
9/4/2022,18:00,282.628
9/5/2022,0:00,282.585
9/5/2022,6:00,280.611
9/5/2022,12:00,279.86
9/5/2022,18:00,284.4
9/6/2022,0:00,286.537
9/6/2022,6:00,284.858
9/6/2022,12:00,285.306
9/6/2022,18:00,287.7
9/7/2022,0:00,288.658
9/7/2022,6:00,286.697
9/7/2022,12:00,285.797
9/7/2022,18:00,289.835
9/8/2022,0:00,289.097
9/8/2022,6:00,286.961
9/8/2022,12:00,286.548
9/8/2022,18:00,291.651
9/9/2022,0:00,295.207
9/9/2022,6:00,293.076
9/9/2022,12:00,289.422
9/9/2022,18:00,287.291
9/10/2022,0:00,283.359
9/10/2022,6:00,279.642
9/10/2022,12:00,277.653
9/10/2022,18:00,282.163
9/11/2022,0:00,281.745
9/11/2022,6:00,278.796
9/11/2022,12:00,277.82
9/11/2022,18:00,283.359
9/12/2022,0:00,285.012
9/12/2022,6:00,281.3
9/12/2022,12:00,280.232
9/12/2022,18:00,285.206
9/13/2022,0:00,285.358
9/13/2022,6:00,282.965
9/13/2022,12:00,282.197
9/13/2022,18:00,287.604
9/14/2022,0:00,286.408
9/14/2022,6:00,283.312
9/14/2022,12:00,282.343
9/14/2022,18:00,287.166
9/15/2022,0:00,286.266
9/15/2022,6:00,283.628
9/15/2022,12:00,282.028
9/15/2022,18:00,287.465
9/16/2022,0:00,285.937
9/16/2022,6:00,284.335
9/16/2022,12:00,283.668
9/16/2022,18:00,286.319
9/17/2022,0:00,289.606
9/17/2022,6:00,285.815
9/17/2022,12:00,284.1
9/17/2022,18:00,288.9
9/18/2022,0:00,289.794
9/18/2022,6:00,285.928
9/18/2022,12:00,284.728
9/18/2022,18:00,289.438
9/19/2022,0:00,290.237
9/19/2022,6:00,288.093
9/19/2022,12:00,288.635
9/19/2022,18:00,289.484
9/20/2022,0:00,289.122
9/20/2022,6:00,286.728
9/20/2022,12:00,285.428
9/20/2022,18:00,289.926
9/21/2022,0:00,289.907
9/21/2022,6:00,286.5
9/21/2022,12:00,286.049
9/21/2022,18:00,289.089
9/22/2022,0:00,286.561
9/22/2022,6:00,284.641
9/22/2022,12:00,283.733
9/22/2022,18:00,283.181
9/23/2022,0:00,285.033
9/23/2022,6:00,280.7
9/23/2022,12:00,279.941
9/23/2022,18:00,285.868
9/24/2022,0:00,284.894
9/24/2022,6:00,281.596
9/24/2022,12:00,280.643
9/24/2022,18:00,286.616
9/25/2022,0:00,285.336
9/25/2022,6:00,283.672
9/25/2022,12:00,282.9
9/25/2022,18:00,286.412
9/26/2022,0:00,288.166
9/26/2022,6:00,286.778
9/26/2022,12:00,285.978
9/26/2022,18:00,289.4
9/27/2022,0:00,289.184
9/27/2022,6:00,286.483
9/27/2022,12:00,285.8
9/27/2022,18:00,291.783
9/28/2022,0:00,288.666
9/28/2022,6:00,285.73
9/28/2022,12:00,284.329
9/28/2022,18:00,288.496
9/29/2022,0:00,288.735
9/29/2022,6:00,284
9/29/2022,12:00,283.816
9/29/2022,18:00,286.4
9/30/2022,0:00,286.149
9/30/2022,6:00,285.9
9/30/2022,12:00,285.308
9/30/2022,18:00,286.486
10/1/2022,0:00,288.1
10/1/2022,6:00,284.345
10/1/2022,12:00,286.235
10/1/2022,18:00,290.2
10/2/2022,0:00,286.625
10/2/2022,6:00,284.351
10/2/2022,12:00,283.356
10/2/2022,18:00,289.761
10/3/2022,0:00,287.52
10/3/2022,6:00,284.545
10/3/2022,12:00,283.732
10/3/2022,18:00,289.841
10/4/2022,0:00,285.7
10/4/2022,6:00,282.535
10/4/2022,12:00,281.054
10/4/2022,18:00,286.517
10/5/2022,0:00,286.384
10/5/2022,6:00,284.185
10/5/2022,12:00,282.441
10/5/2022,18:00,289.229
10/6/2022,0:00,292.585
10/6/2022,6:00,289.583
10/6/2022,12:00,290.759
10/6/2022,18:00,291.955
10/7/2022,0:00,287.822
10/7/2022,6:00,285.18
10/7/2022,12:00,283.653
10/7/2022,18:00,289.278
10/8/2022,0:00,288.081
10/8/2022,6:00,285.703
10/8/2022,12:00,284.186
10/8/2022,18:00,291.011
10/9/2022,0:00,289.165
10/9/2022,6:00,285.409
10/9/2022,12:00,281.897
10/9/2022,18:00,283.77
10/10/2022,0:00,282.701
10/10/2022,6:00,279.876
10/10/2022,12:00,279.378
10/10/2022,18:00,285.598
10/11/2022,0:00,286.018
10/11/2022,6:00,283.879
10/11/2022,12:00,284.514
10/11/2022,18:00,285.582
10/12/2022,0:00,288.063
10/12/2022,6:00,283.655
10/12/2022,12:00,282.917
10/12/2022,18:00,288.308
10/13/2022,0:00,288.665
10/13/2022,6:00,285.29
10/13/2022,12:00,284.384
10/13/2022,18:00,292.244
10/14/2022,0:00,289.872
10/14/2022,6:00,283.166
10/14/2022,12:00,282.487
10/14/2022,18:00,287.2
10/15/2022,0:00,287.521
10/15/2022,6:00,284.488
10/15/2022,12:00,284.487
10/15/2022,18:00,287.848
10/16/2022,0:00,290.105
10/16/2022,6:00,287.6
10/16/2022,12:00,285.776
10/16/2022,18:00,292.46
10/17/2022,0:00,289.615
10/17/2022,6:00,284
10/17/2022,12:00,283.843
10/17/2022,18:00,291.204
10/18/2022,0:00,290.716
10/18/2022,6:00,289.784
10/18/2022,12:00,289.557
10/18/2022,18:00,292.521
10/19/2022,0:00,290.706
10/19/2022,6:00,288.556
10/19/2022,12:00,288.057
10/19/2022,18:00,292.141
10/20/2022,0:00,293.607
10/20/2022,6:00,290.004
10/20/2022,12:00,288.967
10/20/2022,18:00,294.268
10/21/2022,0:00,291.293
10/21/2022,6:00,290.338
10/21/2022,12:00,289.873
10/21/2022,18:00,290.306
10/22/2022,0:00,289.489
10/22/2022,6:00,286.76
10/22/2022,12:00,285.691
10/22/2022,18:00,291.633
10/23/2022,0:00,290.406
10/23/2022,6:00,284.355
10/23/2022,12:00,282.41
10/23/2022,18:00,288.231
10/24/2022,0:00,287.574
10/24/2022,6:00,284.931
10/24/2022,12:00,283.893
10/24/2022,18:00,291.57
10/25/2022,0:00,290.064
10/25/2022,6:00,286.672
10/25/2022,12:00,285.7
10/25/2022,18:00,292.767
10/26/2022,0:00,292.667
10/26/2022,6:00,289.328
10/26/2022,12:00,289.76
10/26/2022,18:00,293.595
10/27/2022,0:00,292.288
10/27/2022,6:00,290.604
10/27/2022,12:00,287.644
10/27/2022,18:00,294.067
10/28/2022,0:00,289.95
10/28/2022,6:00,287.112
10/28/2022,12:00,286.019
10/28/2022,18:00,294.081
10/29/2022,0:00,293
10/29/2022,6:00,289.464
10/29/2022,12:00,288.987
10/29/2022,18:00,296.979
10/30/2022,0:00,296.62
10/30/2022,6:00,293.448
10/30/2022,12:00,293.221
10/30/2022,18:00,298.898
10/31/2022,0:00,287.743
10/31/2022,6:00,286.28
10/31/2022,12:00,282.189
10/31/2022,18:00,282.358
11/1/2022,0:00,284.18
11/1/2022,6:00,279.955
11/1/2022,12:00,278.482
11/1/2022,18:00,285.446
11/2/2022,0:00,282.661
11/2/2022,6:00,280.107
11/2/2022,12:00,279.285
11/2/2022,18:00,287.725
11/3/2022,0:00,286.217
11/3/2022,6:00,282.777
11/3/2022,12:00,281.932
11/3/2022,18:00,290.681
11/4/2022,0:00,288.122
11/4/2022,6:00,284.942
11/4/2022,12:00,283.036
11/4/2022,18:00,290.079
11/5/2022,0:00,288.047
11/5/2022,6:00,285.276
11/5/2022,12:00,283.239
11/5/2022,18:00,291.14
11/6/2022,0:00,289.618
11/6/2022,6:00,286.911
11/6/2022,12:00,285.509
11/6/2022,18:00,292.286
11/7/2022,0:00,291.5
11/7/2022,6:00,286.846
11/7/2022,12:00,285.31
11/7/2022,18:00,292.068
11/8/2022,0:00,289.552
11/8/2022,6:00,285.029
11/8/2022,12:00,283.182
11/8/2022,18:00,291.064
11/9/2022,0:00,290.911
11/9/2022,6:00,285.593
11/9/2022,12:00,284.043
11/9/2022,18:00,292.455
11/10/2022,0:00,291.697
11/10/2022,6:00,288.051
11/10/2022,12:00,285.641
11/10/2022,18:00,295.563
11/11/2022,0:00,295.02
11/11/2022,6:00,292.058
11/11/2022,12:00,289.7
11/11/2022,18:00,293.137
11/12/2022,0:00,291.042
11/12/2022,6:00,288.713
11/12/2022,12:00,288.738
11/12/2022,18:00,297.934
11/13/2022,0:00,295.399
11/13/2022,6:00,292.758
11/13/2022,12:00,292.406
11/13/2022,18:00,292.897
11/14/2022,0:00,291.247
11/14/2022,6:00,290.582
11/14/2022,12:00,288.444
11/14/2022,18:00,291.101
11/15/2022,0:00,289.494
11/15/2022,6:00,287.484
11/15/2022,12:00,286.636
11/15/2022,18:00,295.201
11/16/2022,0:00,293.953
11/16/2022,6:00,290.123
11/16/2022,12:00,289.036
11/16/2022,18:00,297.74
11/17/2022,0:00,296.45
11/17/2022,6:00,291.665
11/17/2022,12:00,290.427
11/17/2022,18:00,298.852
11/18/2022,0:00,295.758
11/18/2022,6:00,290.795
11/18/2022,12:00,289.315
11/18/2022,18:00,299.731
11/19/2022,0:00,296.496
11/19/2022,6:00,291.621
11/19/2022,12:00,290.343
11/19/2022,18:00,299.941
11/20/2022,0:00,298.553
11/20/2022,6:00,293.422
11/20/2022,12:00,292.686
11/20/2022,18:00,301.729
11/21/2022,0:00,300.348
11/21/2022,6:00,292.777
11/21/2022,12:00,292.359
11/21/2022,18:00,292.097
11/22/2022,0:00,292.384
11/22/2022,6:00,290.395
11/22/2022,12:00,289.469
11/22/2022,18:00,292.372
11/23/2022,0:00,290.795
11/23/2022,6:00,287.548
11/23/2022,12:00,286.294
11/23/2022,18:00,292.663
11/24/2022,0:00,292.206
11/24/2022,6:00,288.019
11/24/2022,12:00,286.792
11/24/2022,18:00,295.617
11/25/2022,0:00,295.404
11/25/2022,6:00,291.49
11/25/2022,12:00,290.043
11/25/2022,18:00,298.785
11/26/2022,0:00,296.648
11/26/2022,6:00,291.28
11/26/2022,12:00,288.188
11/26/2022,18:00,297.092
11/27/2022,0:00,298.178
11/27/2022,6:00,293.648
11/27/2022,12:00,291.505
11/27/2022,18:00,298.224
11/28/2022,0:00,298.44
11/28/2022,6:00,292.722
11/28/2022,12:00,290.464
11/28/2022,18:00,298.184
11/29/2022,0:00,297.602
11/29/2022,6:00,291.777
11/29/2022,12:00,289.882
11/29/2022,18:00,298.677
11/30/2022,0:00,299.109
11/30/2022,6:00,293.113
11/30/2022,12:00,291.639
11/30/2022,18:00,300.923
12/1/2022,0:00,300.103
12/1/2022,6:00,293.753
12/1/2022,12:00,292.1
12/1/2022,18:00,301.037
12/2/2022,0:00,296.686
12/2/2022,6:00,293.037
12/2/2022,12:00,292.083
12/2/2022,18:00,297.114
12/3/2022,0:00,295.201
12/3/2022,6:00,293.03
12/3/2022,12:00,293.243
12/3/2022,18:00,297.461
12/4/2022,0:00,296.734
12/4/2022,6:00,293.443
12/4/2022,12:00,292.451
12/4/2022,18:00,298.969
12/5/2022,0:00,297.978
12/5/2022,6:00,293.509
12/5/2022,12:00,292.602
12/5/2022,18:00,300.169
12/6/2022,0:00,298.359
12/6/2022,6:00,293.496
12/6/2022,12:00,290.996
12/6/2022,18:00,299.63
12/7/2022,0:00,300.818
12/7/2022,6:00,295.192
12/7/2022,12:00,293.223
12/7/2022,18:00,302.659
12/8/2022,0:00,302.745
12/8/2022,6:00,295.942
12/8/2022,12:00,293.5
12/8/2022,18:00,304.289
12/9/2022,0:00,304.457
12/9/2022,6:00,298.272
12/9/2022,12:00,295.556
12/9/2022,18:00,306.465
12/10/2022,0:00,303.274
12/10/2022,6:00,299.97
12/10/2022,12:00,296.918
12/10/2022,18:00,304.512
12/11/2022,0:00,303.239
12/11/2022,6:00,299.108
12/11/2022,12:00,296.655
12/11/2022,18:00,303.009
12/12/2022,0:00,302.945
12/12/2022,6:00,298.007
12/12/2022,12:00,297.406
12/12/2022,18:00,305.081
12/13/2022,0:00,298.664
12/13/2022,6:00,290.268
12/13/2022,12:00,288.827
12/13/2022,18:00,298.013
12/14/2022,0:00,296.521
12/14/2022,6:00,290.922
12/14/2022,12:00,287.719
12/14/2022,18:00,298.913
12/15/2022,0:00,298.457
12/15/2022,6:00,291.537
12/15/2022,12:00,290.088
12/15/2022,18:00,300.693
12/16/2022,0:00,300.146
12/16/2022,6:00,291.557
12/16/2022,12:00,289.756
12/16/2022,18:00,295.041
12/17/2022,0:00,295.28
12/17/2022,6:00,289.524
12/17/2022,12:00,287.145
12/17/2022,18:00,294.991
12/18/2022,0:00,297.878
12/18/2022,6:00,291.502
12/18/2022,12:00,290.022
12/18/2022,18:00,296.854
12/19/2022,0:00,295.789
12/19/2022,6:00,291.217
12/19/2022,12:00,289.977
12/19/2022,18:00,297.93
12/20/2022,0:00,297.371
12/20/2022,6:00,290.832
12/20/2022,12:00,289.243
12/20/2022,18:00,297.506
12/21/2022,0:00,300.164
12/21/2022,6:00,292.666
12/21/2022,12:00,290.885
12/21/2022,18:00,298.844
12/22/2022,0:00,299.523
12/22/2022,6:00,292.96
12/22/2022,12:00,291.016
12/22/2022,18:00,299.772
12/23/2022,0:00,303.083
12/23/2022,6:00,294.313
12/23/2022,12:00,292.224
12/23/2022,18:00,303.627
12/24/2022,0:00,298.352
12/24/2022,6:00,294.633
12/24/2022,12:00,295.451
12/24/2022,18:00,298.772
12/25/2022,0:00,293.466
12/25/2022,6:00,293.821
12/25/2022,12:00,292.108
12/25/2022,18:00,295.172
12/26/2022,0:00,293.689
12/26/2022,6:00,291.392
12/26/2022,12:00,290.529
12/26/2022,18:00,296.077
12/27/2022,0:00,298.329
12/27/2022,6:00,292.707
12/27/2022,12:00,290.217
12/27/2022,18:00,296.378
12/28/2022,0:00,292.813
12/28/2022,6:00,290.446
12/28/2022,12:00,289.817
12/28/2022,18:00,296.488
12/29/2022,0:00,298.823
12/29/2022,6:00,293.811
12/29/2022,12:00,289.731
12/29/2022,18:00,297.798
12/30/2022,0:00,298.039
12/30/2022,6:00,292.221
12/30/2022,12:00,290.63
12/30/2022,18:00,301.422
12/31/2022,0:00,300.777
12/31/2022,6:00,295.523
12/31/2022,12:00,294.374
12/31/2022,18:00,304.404
1/1/2023,0:00,302.864
1/1/2023,6:00,297.755
1/1/2023,12:00,295.565
1/1/2023,18:00,306.75
1/2/2023,0:00,300.129
1/2/2023,6:00,297.026
1/2/2023,12:00,295.336
1/2/2023,18:00,298.329
1/3/2023,0:00,298.565
1/3/2023,6:00,291.976
1/3/2023,12:00,289.866
1/3/2023,18:00,299.585
1/4/2023,0:00,299.317
1/4/2023,6:00,292.83
1/4/2023,12:00,291.924
1/4/2023,18:00,301.876
1/5/2023,0:00,299.755
1/5/2023,6:00,293.556
1/5/2023,12:00,290.561
1/5/2023,18:00,300.846
1/6/2023,0:00,301.36
1/6/2023,6:00,294.896
1/6/2023,12:00,291.978
1/6/2023,18:00,301.384
1/7/2023,0:00,302.237
1/7/2023,6:00,293.009
1/7/2023,12:00,290.822
1/7/2023,18:00,299.272
1/8/2023,0:00,300.505
1/8/2023,6:00,293.474
1/8/2023,12:00,290.826
1/8/2023,18:00,298.622
1/9/2023,0:00,300.595
1/9/2023,6:00,293.95
1/9/2023,12:00,291.531
1/9/2023,18:00,299.439
1/10/2023,0:00,301.783
1/10/2023,6:00,296.68
1/10/2023,12:00,294.976
1/10/2023,18:00,301.986
1/11/2023,0:00,301.119
1/11/2023,6:00,293.771
1/11/2023,12:00,293.04
1/11/2023,18:00,303.388
1/12/2023,0:00,305.611
1/12/2023,6:00,298.949
1/12/2023,12:00,297.012
1/12/2023,18:00,301.351
1/13/2023,0:00,299.032
1/13/2023,6:00,292.946
1/13/2023,12:00,292.012
1/13/2023,18:00,291.709
1/14/2023,0:00,293.23
1/14/2023,6:00,291.601
1/14/2023,12:00,289.748
1/14/2023,18:00,294.218
1/15/2023,0:00,296.669
1/15/2023,6:00,294.589
1/15/2023,12:00,292.836
1/15/2023,18:00,297.506
1/16/2023,0:00,300.395
1/16/2023,6:00,295.135
1/16/2023,12:00,293.042
1/16/2023,18:00,300.861
1/17/2023,0:00,301.891
1/17/2023,6:00,296.691
1/17/2023,12:00,294.283
1/17/2023,18:00,301.146
1/18/2023,0:00,302.016
1/18/2023,6:00,296.118
1/18/2023,12:00,294.249
1/18/2023,18:00,300.542
1/19/2023,0:00,303.811
1/19/2023,6:00,295.513
1/19/2023,12:00,294.666
1/19/2023,18:00,300.912
1/20/2023,0:00,301.616
1/20/2023,6:00,296.422
1/20/2023,12:00,294.013
1/20/2023,18:00,302.131
1/21/2023,0:00,305.373
1/21/2023,6:00,298.525
1/21/2023,12:00,296.68
1/21/2023,18:00,303.391
1/22/2023,0:00,297.265
1/22/2023,6:00,296.222
1/22/2023,12:00,294.544
1/22/2023,18:00,300.043
1/23/2023,0:00,302.897
1/23/2023,6:00,296.572
1/23/2023,12:00,295.045
1/23/2023,18:00,302.987
1/24/2023,0:00,303.124
1/24/2023,6:00,296.146
1/24/2023,12:00,292.841
1/24/2023,18:00,302.42
1/25/2023,0:00,304.215
1/25/2023,6:00,297
1/25/2023,12:00,294.096
1/25/2023,18:00,304.747
1/26/2023,0:00,305.477
1/26/2023,6:00,300.16
1/26/2023,12:00,297.084
1/26/2023,18:00,299.331
1/27/2023,0:00,302.526
1/27/2023,6:00,295.804
1/27/2023,12:00,295.709
1/27/2023,18:00,303.696
1/28/2023,0:00,304.695
1/28/2023,6:00,299.592
1/28/2023,12:00,298.594
1/28/2023,18:00,304.693
1/29/2023,0:00,301.184
1/29/2023,6:00,298.897
1/29/2023,12:00,297.224
1/29/2023,18:00,302.928
1/30/2023,0:00,302.427
1/30/2023,6:00,296.193
1/30/2023,12:00,293.359
1/30/2023,18:00,300.348
1/31/2023,0:00,301.53
1/31/2023,6:00,295.205
1/31/2023,12:00,294.052
1/31/2023,18:00,301.062
2/1/2023,0:00,302.432
2/1/2023,6:00,297.121
2/1/2023,12:00,294.556
2/1/2023,18:00,303.566
2/2/2023,0:00,305.729
2/2/2023,6:00,298.513
2/2/2023,12:00,296.17
2/2/2023,18:00,301.633
2/3/2023,0:00,296.661
2/3/2023,6:00,293.193
2/3/2023,12:00,292.011
2/3/2023,18:00,297.883
2/4/2023,0:00,296.093
2/4/2023,6:00,291.928
2/4/2023,12:00,290.667
2/4/2023,18:00,296.453
2/5/2023,0:00,296.448
2/5/2023,6:00,291.605
2/5/2023,12:00,288.942
2/5/2023,18:00,296.889
2/6/2023,0:00,297.68
2/6/2023,6:00,293.542
2/6/2023,12:00,291.419
2/6/2023,18:00,299.967
2/7/2023,0:00,299.311
2/7/2023,6:00,294.455
2/7/2023,12:00,292.662
2/7/2023,18:00,301.861
2/8/2023,0:00,302.176
2/8/2023,6:00,296.395
2/8/2023,12:00,293.775
2/8/2023,18:00,303.524
2/9/2023,0:00,304.148
2/9/2023,6:00,297.378
2/9/2023,12:00,296.14
2/9/2023,18:00,301.178
2/10/2023,0:00,301.316
2/10/2023,6:00,298.09
2/10/2023,12:00,296.722
2/10/2023,18:00,303.234
2/11/2023,0:00,303.301
2/11/2023,6:00,297.773
2/11/2023,12:00,295.523
2/11/2023,18:00,303.447
2/12/2023,0:00,303.463
2/12/2023,6:00,297.263
2/12/2023,12:00,294.55
2/12/2023,18:00,303.813
2/13/2023,0:00,302.883
2/13/2023,6:00,297.094
2/13/2023,12:00,295.821
2/13/2023,18:00,304.86
2/14/2023,0:00,305.213
2/14/2023,6:00,301.513
2/14/2023,12:00,298.169
2/14/2023,18:00,302.259
2/15/2023,0:00,295.282
2/15/2023,6:00,294.183
2/15/2023,12:00,293.545
2/15/2023,18:00,298.074
2/16/2023,0:00,303.227
2/16/2023,6:00,296.627
2/16/2023,12:00,295.409
2/16/2023,18:00,301.371
2/17/2023,0:00,295.066
2/17/2023,6:00,292.154
2/17/2023,12:00,287.66
2/17/2023,18:00,289.028
2/18/2023,0:00,291.011
2/18/2023,6:00,283.175
2/18/2023,12:00,281.15
2/18/2023,18:00,288.119
2/19/2023,0:00,289.662
2/19/2023,6:00,285.315
2/19/2023,12:00,283.609
2/19/2023,18:00,291.625
2/20/2023,0:00,294.185
2/20/2023,6:00,291.41
2/20/2023,12:00,290.26
2/20/2023,18:00,295.249
2/21/2023,0:00,297.394
2/21/2023,6:00,291.925
2/21/2023,12:00,290.285
2/21/2023,18:00,296.474
2/22/2023,0:00,298.142
2/22/2023,6:00,294.023
2/22/2023,12:00,290.688
2/22/2023,18:00,298.965
2/23/2023,0:00,301.022
2/23/2023,6:00,295.118
2/23/2023,12:00,293.441
2/23/2023,18:00,297.154
2/24/2023,0:00,300.915
2/24/2023,6:00,293.378
2/24/2023,12:00,293.693
2/24/2023,18:00,296.392
2/25/2023,0:00,296.027
2/25/2023,6:00,292.869
2/25/2023,12:00,291.639
2/25/2023,18:00,296.905
2/26/2023,0:00,297.819
2/26/2023,6:00,294.688
2/26/2023,12:00,293.333
2/26/2023,18:00,299.578
2/27/2023,0:00,299.911
2/27/2023,6:00,295.124
2/27/2023,12:00,293.266
2/27/2023,18:00,300.612
2/28/2023,0:00,300.847
2/28/2023,6:00,297.683
2/28/2023,12:00,294.599
2/28/2023,18:00,300.532
3/1/2023,0:00,296.322
3/1/2023,6:00,293.07
3/1/2023,12:00,295.01
3/1/2023,18:00,300.583
3/2/2023,0:00,298.358
3/2/2023,6:00,294.248
3/2/2023,12:00,293.611
3/2/2023,18:00,298.655
3/3/2023,0:00,295.915
3/3/2023,6:00,294.138
3/3/2023,12:00,293.096
3/3/2023,18:00,296.821
3/4/2023,0:00,294.183
3/4/2023,6:00,294.197
3/4/2023,12:00,294.123
3/4/2023,18:00,295.715
3/5/2023,0:00,296.469
3/5/2023,6:00,293.538
3/5/2023,12:00,292.323
3/5/2023,18:00,296.802
3/6/2023,0:00,297.849
3/6/2023,6:00,293.414
3/6/2023,12:00,290.206
3/6/2023,18:00,295.406
3/7/2023,0:00,297.507
3/7/2023,6:00,293.051
3/7/2023,12:00,292.553
3/7/2023,18:00,297.1
3/8/2023,0:00,299.827
3/8/2023,6:00,296.287
3/8/2023,12:00,295.096
3/8/2023,18:00,300.408
3/9/2023,0:00,301.541
3/9/2023,6:00,295.801
3/9/2023,12:00,294.116
3/9/2023,18:00,299.28
3/10/2023,0:00,301.432
3/10/2023,6:00,297.476
3/10/2023,12:00,295.156
3/10/2023,18:00,300.997
3/11/2023,0:00,302.682
3/11/2023,6:00,296.708
3/11/2023,12:00,294.414
3/11/2023,18:00,300.257
3/12/2023,0:00,301.678
3/12/2023,6:00,296.365
3/12/2023,12:00,293.918
3/12/2023,18:00,300.105
3/13/2023,0:00,303.792
3/13/2023,6:00,296.913
3/13/2023,12:00,294.437
3/13/2023,18:00,300.313
3/14/2023,0:00,301.385
3/14/2023,6:00,297.032
3/14/2023,12:00,295.725
3/14/2023,18:00,301.074
3/15/2023,0:00,298.59
3/15/2023,6:00,295.734
3/15/2023,12:00,294.805
3/15/2023,18:00,296.885
3/16/2023,0:00,294.902
3/16/2023,6:00,294.747
3/16/2023,12:00,294.654
3/16/2023,18:00,295.579
3/17/2023,0:00,297.29
3/17/2023,6:00,296.257
3/17/2023,12:00,294.939
3/17/2023,18:00,298.386
3/18/2023,0:00,295.921
3/18/2023,6:00,295.06
3/18/2023,12:00,294.603
3/18/2023,18:00,296.732
3/19/2023,0:00,298.734
3/19/2023,6:00,295.963
3/19/2023,12:00,295.254
3/19/2023,18:00,299.712
3/20/2023,0:00,298.913
3/20/2023,6:00,297.328
3/20/2023,12:00,295.848
3/20/2023,18:00,300.781
3/21/2023,0:00,296.742
3/21/2023,6:00,294.551
3/21/2023,12:00,293.51
3/21/2023,18:00,297.105
3/22/2023,0:00,297.452
3/22/2023,6:00,294.191
3/22/2023,12:00,292.201
3/22/2023,18:00,294.839
3/23/2023,0:00,297.897
3/23/2023,6:00,294.012
3/23/2023,12:00,292.739
3/23/2023,18:00,297.517
3/24/2023,0:00,297.921
3/24/2023,6:00,295.137
3/24/2023,12:00,294.191
3/24/2023,18:00,297.153
3/25/2023,0:00,299.329
3/25/2023,6:00,294.914
3/25/2023,12:00,294.217
3/25/2023,18:00,294.729
3/26/2023,0:00,294.611
3/26/2023,6:00,291.381
3/26/2023,12:00,289.973
3/26/2023,18:00,294.069
3/27/2023,0:00,293.393
3/27/2023,6:00,288.666
3/27/2023,12:00,286.876
3/27/2023,18:00,292.555
3/28/2023,0:00,292.897
3/28/2023,6:00,289.232
3/28/2023,12:00,287.321
3/28/2023,18:00,293.19
3/29/2023,0:00,297.075
3/29/2023,6:00,293.387
3/29/2023,12:00,294.076
3/29/2023,18:00,299.169
3/30/2023,0:00,297.178
3/30/2023,6:00,294.164
3/30/2023,12:00,293.889
3/30/2023,18:00,295.8
3/31/2023,0:00,298.447
3/31/2023,6:00,295.119
3/31/2023,12:00,293.685
3/31/2023,18:00,296.963
4/1/2023,0:00,292.418
4/1/2023,6:00,286.704
4/1/2023,12:00,283.557
4/1/2023,18:00,287.297
4/2/2023,0:00,289.3
4/2/2023,6:00,286.242
4/2/2023,12:00,284.99
4/2/2023,18:00,290.34
4/3/2023,0:00,290.771
4/3/2023,6:00,287.441
4/3/2023,12:00,285.905
4/3/2023,18:00,291.747
4/4/2023,0:00,294.13
4/4/2023,6:00,290.618
4/4/2023,12:00,289.227
4/4/2023,18:00,291.33
4/5/2023,0:00,293.67
4/5/2023,6:00,292.198
4/5/2023,12:00,291.543
4/5/2023,18:00,292.24
4/6/2023,0:00,295.418
4/6/2023,6:00,291.95
4/6/2023,12:00,290.264
4/6/2023,18:00,292.171
4/7/2023,0:00,293.325
4/7/2023,6:00,289.098
4/7/2023,12:00,287.952
4/7/2023,18:00,292.378
4/8/2023,0:00,292.297
4/8/2023,6:00,290.365
4/8/2023,12:00,290.207
4/8/2023,18:00,291.575
4/9/2023,0:00,293.124
4/9/2023,6:00,290.016
4/9/2023,12:00,288.732
4/9/2023,18:00,293.2
4/10/2023,0:00,294.999
4/10/2023,6:00,292.184
4/10/2023,12:00,290.371
4/10/2023,18:00,295.4
4/11/2023,0:00,294.807
4/11/2023,6:00,292.47
4/11/2023,12:00,290.896
4/11/2023,18:00,296.5
4/12/2023,0:00,298.235
4/12/2023,6:00,295.132
4/12/2023,12:00,294.217
4/12/2023,18:00,296.521
4/13/2023,0:00,296.581
4/13/2023,6:00,291.439
4/13/2023,12:00,288.239
4/13/2023,18:00,288.145
4/14/2023,0:00,290.218
4/14/2023,6:00,287.118
4/14/2023,12:00,285.1
4/14/2023,18:00,289.122
4/15/2023,0:00,288.68
4/15/2023,6:00,286.877
4/15/2023,12:00,285.58
4/15/2023,18:00,289.702
4/16/2023,0:00,292.095
4/16/2023,6:00,289.727
4/16/2023,12:00,289.161
4/16/2023,18:00,291.537
4/17/2023,0:00,291.505
4/17/2023,6:00,288.8
4/17/2023,12:00,287.7
4/17/2023,18:00,290.933
4/18/2023,0:00,291.935
4/18/2023,6:00,285.935
4/18/2023,12:00,284.495
4/18/2023,18:00,289.682
4/19/2023,0:00,287.6
4/19/2023,6:00,284.326
4/19/2023,12:00,282.391
4/19/2023,18:00,287.425
4/20/2023,0:00,283.409
4/20/2023,6:00,281.09
4/20/2023,12:00,280.805
4/20/2023,18:00,286.305
4/21/2023,0:00,286.276
4/21/2023,6:00,283.302
4/21/2023,12:00,281.311
4/21/2023,18:00,287.215
4/22/2023,0:00,290.215
4/22/2023,6:00,286.843
4/22/2023,12:00,285.931
4/22/2023,18:00,289.744
4/23/2023,0:00,291.681
4/23/2023,6:00,288.335
4/23/2023,12:00,286.854
4/23/2023,18:00,291.058
4/24/2023,0:00,292.797
4/24/2023,6:00,289.097
4/24/2023,12:00,287.239
4/24/2023,18:00,292.781
4/25/2023,0:00,293.785
4/25/2023,6:00,290.139
4/25/2023,12:00,289
4/25/2023,18:00,291.281
4/26/2023,0:00,291.5
4/26/2023,6:00,288.317
4/26/2023,12:00,287.233
4/26/2023,18:00,291.442
4/27/2023,0:00,292.51
4/27/2023,6:00,287.81
4/27/2023,12:00,286.753
4/27/2023,18:00,290.835
4/28/2023,0:00,291.485
4/28/2023,6:00,288.69
4/28/2023,12:00,286.922
4/28/2023,18:00,291.918
4/29/2023,0:00,290.399
4/29/2023,6:00,288.009
4/29/2023,12:00,286.71
4/29/2023,18:00,292.304
4/30/2023,0:00,293.607
4/30/2023,6:00,290.134
4/30/2023,12:00,288.344
4/30/2023,18:00,293.817
5/1/2023,0:00,296.017
5/1/2023,6:00,296.006
5/1/2023,12:00,290.243
5/1/2023,18:00,290.697
5/2/2023,0:00,287.758
5/2/2023,6:00,288.565
5/2/2023,12:00,287.012
5/2/2023,18:00,286.948
5/3/2023,0:00,286.639
5/3/2023,6:00,287.372
5/3/2023,12:00,287.376
5/3/2023,18:00,287.727
5/4/2023,0:00,288.2
5/4/2023,6:00,288.505
5/4/2023,12:00,288.8
5/4/2023,18:00,289.572
5/5/2023,0:00,290.206
5/5/2023,6:00,290.724
5/5/2023,12:00,290.708
5/5/2023,18:00,291
5/6/2023,0:00,292.005
5/6/2023,6:00,291.385
5/6/2023,12:00,289.831
5/6/2023,18:00,290.503
5/7/2023,0:00,290.831
5/7/2023,6:00,290.836
5/7/2023,12:00,290.8
5/7/2023,18:00,289.438
5/8/2023,0:00,288.6
5/8/2023,6:00,285.9
5/8/2023,12:00,284.735
5/8/2023,18:00,287.785
5/9/2023,0:00,287.62
5/9/2023,6:00,286.1
5/9/2023,12:00,284.8
5/9/2023,18:00,287.874
5/10/2023,0:00,286.669
5/10/2023,6:00,284.335
5/10/2023,12:00,283.646
5/10/2023,18:00,287.235
5/11/2023,0:00,286.9
5/11/2023,6:00,283.658
5/11/2023,12:00,281.378
5/11/2023,18:00,284.3
5/12/2023,0:00,284.161
5/12/2023,6:00,281.54
5/12/2023,12:00,280.942
5/12/2023,18:00,284.762
5/13/2023,0:00,285
5/13/2023,6:00,283.421
5/13/2023,12:00,282.633
5/13/2023,18:00,286.022
5/14/2023,0:00,287.112
5/14/2023,6:00,285.401
5/14/2023,12:00,283.983
5/14/2023,18:00,287.9
5/15/2023,0:00,288.114
5/15/2023,6:00,286.141
5/15/2023,12:00,285.16
5/15/2023,18:00,288.855
5/16/2023,0:00,289.165
5/16/2023,6:00,286.962
5/16/2023,12:00,285.624
5/16/2023,18:00,289.324
5/17/2023,0:00,288.589
5/17/2023,6:00,286.634
5/17/2023,12:00,285.307
5/17/2023,18:00,288.701
5/18/2023,0:00,290.249
5/18/2023,6:00,287.918
5/18/2023,12:00,286.2
5/18/2023,18:00,290.033
5/19/2023,0:00,290.324
5/19/2023,6:00,288.082
5/19/2023,12:00,287.7
5/19/2023,18:00,290.4
5/20/2023,0:00,290.763
5/20/2023,6:00,288.859
5/20/2023,12:00,288.091
5/20/2023,18:00,291.203
5/21/2023,0:00,291.856
5/21/2023,6:00,289.9
5/21/2023,12:00,288.902
5/21/2023,18:00,290.001
5/22/2023,0:00,288.054
5/22/2023,6:00,288.124
5/22/2023,12:00,287.522
5/22/2023,18:00,290.819
5/23/2023,0:00,291.635
5/23/2023,6:00,290.728
5/23/2023,12:00,289.522
5/23/2023,18:00,292.029
5/24/2023,0:00,293.342
5/24/2023,6:00,291.461
5/24/2023,12:00,290.39
5/24/2023,18:00,293.505
5/25/2023,0:00,293.36
5/25/2023,6:00,290.901
5/25/2023,12:00,289.462
5/25/2023,18:00,292.368
5/26/2023,0:00,292.367
5/26/2023,6:00,290.666
5/26/2023,12:00,290.683
5/26/2023,18:00,293.839
5/27/2023,0:00,292.589
5/27/2023,6:00,291.211
5/27/2023,12:00,290.712
5/27/2023,18:00,289.479
5/28/2023,0:00,288.427
5/28/2023,6:00,284.517
5/28/2023,12:00,283.215
5/28/2023,18:00,283.34
5/29/2023,0:00,282.496
5/29/2023,6:00,280.414
5/29/2023,12:00,279.6
5/29/2023,18:00,282.734
5/30/2023,0:00,284.624
5/30/2023,6:00,282.573
5/30/2023,12:00,282.073
5/30/2023,18:00,284.804
5/31/2023,0:00,286.796
5/31/2023,6:00,285.448
5/31/2023,12:00,284.929
5/31/2023,18:00,287.701
6/1/2023,0:00,289.712
6/1/2023,6:00,288.624
6/1/2023,12:00,287.706
6/1/2023,18:00,290.547
6/2/2023,0:00,290.356
6/2/2023,6:00,288.77
6/2/2023,12:00,287.4
6/2/2023,18:00,289.682
6/3/2023,0:00,290.576
6/3/2023,6:00,288.4
6/3/2023,12:00,287.723
6/3/2023,18:00,290.162
6/4/2023,0:00,291.159
6/4/2023,6:00,289.955
6/4/2023,12:00,288.358
6/4/2023,18:00,290.917
6/5/2023,0:00,291.992
6/5/2023,6:00,290.466
6/5/2023,12:00,287.708
6/5/2023,18:00,290.795
6/6/2023,0:00,289.686
6/6/2023,6:00,288.028
6/6/2023,12:00,287.243
6/6/2023,18:00,290.421
6/7/2023,0:00,292.064
6/7/2023,6:00,290.503
6/7/2023,12:00,289
6/7/2023,18:00,291.358
6/8/2023,0:00,291.999
6/8/2023,6:00,290.848
6/8/2023,12:00,288.707
6/8/2023,18:00,291.194
6/9/2023,0:00,291.232
6/9/2023,6:00,289.1
6/9/2023,12:00,288.117
6/9/2023,18:00,290.6
6/10/2023,0:00,292.817
6/10/2023,6:00,291.172
6/10/2023,12:00,290.8
6/10/2023,18:00,291.48
6/11/2023,0:00,286.538
6/11/2023,6:00,284.515
6/11/2023,12:00,282.4
6/11/2023,18:00,282.85
6/12/2023,0:00,280.355
6/12/2023,6:00,277.218
6/12/2023,12:00,275.9
6/12/2023,18:00,278.781
6/13/2023,0:00,278.421
6/13/2023,6:00,276.158
6/13/2023,12:00,275.352
6/13/2023,18:00,278.329
6/14/2023,0:00,280.76
6/14/2023,6:00,278.573
6/14/2023,12:00,277.934
6/14/2023,18:00,280.598
6/15/2023,0:00,283.421
6/15/2023,6:00,283.146
6/15/2023,12:00,283.604
6/15/2023,18:00,284.005
6/16/2023,0:00,285.24
6/16/2023,6:00,285.047
6/16/2023,12:00,284.575
6/16/2023,18:00,285.058
6/17/2023,0:00,286.842
6/17/2023,6:00,282.381
6/17/2023,12:00,281.016
6/17/2023,18:00,283.485
6/18/2023,0:00,284.808
6/18/2023,6:00,281.662
6/18/2023,12:00,280.238
6/18/2023,18:00,282.4
6/19/2023,0:00,282.251
6/19/2023,6:00,280.105
6/19/2023,12:00,279.129
6/19/2023,18:00,281.521
6/20/2023,0:00,284.051
6/20/2023,6:00,284.236
6/20/2023,12:00,284.158
6/20/2023,18:00,285.8
6/21/2023,0:00,286.768
6/21/2023,6:00,286.1
6/21/2023,12:00,286.4
6/21/2023,18:00,286.757
6/22/2023,0:00,287.001
6/22/2023,6:00,286.005
6/22/2023,12:00,285.528
6/22/2023,18:00,287.025
6/23/2023,0:00,287.5
6/23/2023,6:00,287.019
6/23/2023,12:00,287.277
6/23/2023,18:00,289.597
6/24/2023,0:00,290.737
6/24/2023,6:00,291.836
6/24/2023,12:00,290.936
6/24/2023,18:00,292.278
6/25/2023,0:00,293.016
6/25/2023,6:00,291.199
6/25/2023,12:00,290.357
6/25/2023,18:00,292.462
6/26/2023,0:00,292.458
6/26/2023,6:00,291.535
6/26/2023,12:00,290.386
6/26/2023,18:00,292.406
6/27/2023,0:00,292.93
6/27/2023,6:00,290.73
6/27/2023,12:00,289.182
6/27/2023,18:00,291.242
6/28/2023,0:00,291.824
6/28/2023,6:00,289.715
6/28/2023,12:00,288.902
6/28/2023,18:00,287.971
6/29/2023,0:00,284.278
6/29/2023,6:00,281.042
6/29/2023,12:00,279.565
6/29/2023,18:00,282.1
6/30/2023,0:00,282.523
6/30/2023,6:00,281
6/30/2023,12:00,280.164
6/30/2023,18:00,282.622
7/1/2023,0:00,284.677
7/1/2023,6:00,284
7/1/2023,12:00,283.537
7/1/2023,18:00,285.963
7/2/2023,0:00,287.424
7/2/2023,6:00,286.041
7/2/2023,12:00,285.356
7/2/2023,18:00,287.585
7/3/2023,0:00,288.946
7/3/2023,6:00,287.407
7/3/2023,12:00,286.359
7/3/2023,18:00,289.214
7/4/2023,0:00,290.435
7/4/2023,6:00,288.692
7/4/2023,12:00,287.151
7/4/2023,18:00,289.418
7/5/2023,0:00,290.678
7/5/2023,6:00,288.744
7/5/2023,12:00,287.277
7/5/2023,18:00,289.479
7/6/2023,0:00,291.23
7/6/2023,6:00,289.408
7/6/2023,12:00,288.716
7/6/2023,18:00,291.223
7/7/2023,0:00,291.6
7/7/2023,6:00,289.877
7/7/2023,12:00,288.995
7/7/2023,18:00,290.317
7/8/2023,0:00,290.5
7/8/2023,6:00,287.855
7/8/2023,12:00,286.158
7/8/2023,18:00,287.7
7/9/2023,0:00,288.145
7/9/2023,6:00,285.856
7/9/2023,12:00,285.272
7/9/2023,18:00,287.189
7/10/2023,0:00,288.775
7/10/2023,6:00,287.995
7/10/2023,12:00,287.454
7/10/2023,18:00,288.118
7/11/2023,0:00,288.9
7/11/2023,6:00,287.688
7/11/2023,12:00,285.978
7/11/2023,18:00,286.191
7/12/2023,0:00,286.798
7/12/2023,6:00,286.177
7/12/2023,12:00,286.338
7/12/2023,18:00,287.479
7/13/2023,0:00,285.481
7/13/2023,6:00,283.738
7/13/2023,12:00,282.64
7/13/2023,18:00,282.746
7/14/2023,0:00,282.416
7/14/2023,6:00,278.95
7/14/2023,12:00,277.556
7/14/2023,18:00,279.489
7/15/2023,0:00,283.292
7/15/2023,6:00,278.911
7/15/2023,12:00,278.074
7/15/2023,18:00,280.507
7/16/2023,0:00,282.675
7/16/2023,6:00,280.095
7/16/2023,12:00,279.265
7/16/2023,18:00,281.572
7/17/2023,0:00,281.404
7/17/2023,6:00,278.277
7/17/2023,12:00,276.784
7/17/2023,18:00,279.335
7/18/2023,0:00,279.129
7/18/2023,6:00,276.477
7/18/2023,12:00,275.512
7/18/2023,18:00,277.928
7/19/2023,0:00,278.716
7/19/2023,6:00,277.708
7/19/2023,12:00,277.377
7/19/2023,18:00,279.517
7/20/2023,0:00,282.8
7/20/2023,6:00,281.807
7/20/2023,12:00,281.988
7/20/2023,18:00,286.239
7/21/2023,0:00,288.381
7/21/2023,6:00,287.833
7/21/2023,12:00,288.2
7/21/2023,18:00,292.15
7/22/2023,0:00,294.3
7/22/2023,6:00,294.694
7/22/2023,12:00,293.319
7/22/2023,18:00,294.1
7/23/2023,0:00,294.257
7/23/2023,6:00,294
7/23/2023,12:00,290.723
7/23/2023,18:00,293.396
7/24/2023,0:00,289.809
7/24/2023,6:00,289.7
7/24/2023,12:00,287.776
7/24/2023,18:00,287.356
7/25/2023,0:00,288.115
7/25/2023,6:00,287.184
7/25/2023,12:00,286.872
7/25/2023,18:00,286.967
7/26/2023,0:00,288.857
7/26/2023,6:00,288.691
7/26/2023,12:00,288.362
7/26/2023,18:00,288.204
7/27/2023,0:00,284.104
7/27/2023,6:00,282.301
7/27/2023,12:00,280.516
7/27/2023,18:00,283.179
7/28/2023,0:00,284.629
7/28/2023,6:00,283.92
7/28/2023,12:00,283.6
7/28/2023,18:00,284.63
7/29/2023,0:00,283.329
7/29/2023,6:00,280.672
7/29/2023,12:00,279.425
7/29/2023,18:00,282.034
7/30/2023,0:00,282.65
7/30/2023,6:00,281.299
7/30/2023,12:00,281.006
7/30/2023,18:00,284.539
7/31/2023,0:00,287.377
7/31/2023,6:00,286.654
7/31/2023,12:00,286.3
7/31/2023,18:00,289.727
8/1/2023,0:00,291.148
8/1/2023,6:00,289.9
8/1/2023,12:00,288.822
8/1/2023,18:00,291.644
8/2/2023,0:00,293.281
8/2/2023,6:00,290.754
8/2/2023,12:00,289.491
8/2/2023,18:00,292.303
8/3/2023,0:00,294.115
8/3/2023,6:00,291.43
8/3/2023,12:00,289.7
8/3/2023,18:00,292.833
8/4/2023,0:00,291.565
8/4/2023,6:00,289.727
8/4/2023,12:00,288.826
8/4/2023,18:00,291.534
8/5/2023,0:00,294.726
8/5/2023,6:00,290.676
8/5/2023,12:00,289.725
8/5/2023,18:00,291.862
8/6/2023,0:00,293.33
8/6/2023,6:00,291.576
8/6/2023,12:00,290.255
8/6/2023,18:00,292.69
8/7/2023,0:00,295.502
8/7/2023,6:00,293.977
8/7/2023,12:00,289.725
8/7/2023,18:00,288.949
8/8/2023,0:00,285.471
8/8/2023,6:00,282.233
8/8/2023,12:00,281.809
8/8/2023,18:00,284.299
8/9/2023,0:00,288.271
8/9/2023,6:00,285.772
8/9/2023,12:00,285.228
8/9/2023,18:00,286.754
8/10/2023,0:00,285.734
8/10/2023,6:00,286.039
8/10/2023,12:00,285.583
8/10/2023,18:00,288.041
8/11/2023,0:00,292.6
8/11/2023,6:00,290.767
8/11/2023,12:00,290.208
8/11/2023,18:00,292.133
8/12/2023,0:00,287.896
8/12/2023,6:00,284.467
8/12/2023,12:00,280.835
8/12/2023,18:00,283.267
8/13/2023,0:00,281.52
8/13/2023,6:00,279.022
8/13/2023,12:00,276.926
8/13/2023,18:00,280.205
8/14/2023,0:00,281.24
8/14/2023,6:00,279.803
8/14/2023,12:00,279.104
8/14/2023,18:00,283.185
8/15/2023,0:00,285.6
8/15/2023,6:00,284.884
8/15/2023,12:00,284.9
8/15/2023,18:00,288.799
8/16/2023,0:00,291.748
8/16/2023,6:00,290.4
8/16/2023,12:00,289.824
8/16/2023,18:00,293.439
8/17/2023,0:00,294.761
8/17/2023,6:00,292.977
8/17/2023,12:00,292.019
8/17/2023,18:00,295.488
8/18/2023,0:00,295.508
8/18/2023,6:00,291.311
8/18/2023,12:00,289.9
8/18/2023,18:00,288.519
8/19/2023,0:00,288.212
8/19/2023,6:00,284.264
8/19/2023,12:00,281.11
8/19/2023,18:00,284.241
8/20/2023,0:00,285.142
8/20/2023,6:00,283.818
8/20/2023,12:00,283.189
8/20/2023,18:00,287.826
8/21/2023,0:00,290.105
8/21/2023,6:00,286.604
8/21/2023,12:00,285.28
8/21/2023,18:00,288.617
8/22/2023,0:00,291.185
8/22/2023,6:00,290.182
8/22/2023,12:00,289.852
8/22/2023,18:00,295.214
8/23/2023,0:00,294.406
8/23/2023,6:00,289.128
8/23/2023,12:00,288.787
8/23/2023,18:00,289.316
8/24/2023,0:00,287.698
8/24/2023,6:00,284.78
8/24/2023,12:00,282.72
8/24/2023,18:00,285.549
8/25/2023,0:00,284.576
8/25/2023,6:00,281.877
8/25/2023,12:00,280.082
8/25/2023,18:00,283.955
8/26/2023,0:00,283.776
8/26/2023,6:00,280.58
8/26/2023,12:00,279.103
8/26/2023,18:00,282.905
8/27/2023,0:00,281.606
8/27/2023,6:00,278.531
8/27/2023,12:00,277.328
8/27/2023,18:00,281.838
8/28/2023,0:00,281.037
8/28/2023,6:00,278.258
8/28/2023,12:00,276.561
8/28/2023,18:00,280.861
8/29/2023,0:00,281.717
8/29/2023,6:00,279.358
8/29/2023,12:00,278.037
8/29/2023,18:00,283.412
8/30/2023,0:00,286.4
8/30/2023,6:00,283.5
8/30/2023,12:00,283.224
8/30/2023,18:00,288.513
8/31/2023,0:00,290.854
8/31/2023,6:00,287.772
8/31/2023,12:00,286.94
8/31/2023,18:00,292.023
9/1/2023,0:00,289.786
9/1/2023,6:00,288.169
9/1/2023,12:00,287.183
9/1/2023,18:00,289.579
9/2/2023,0:00,291.536
9/2/2023,6:00,291.424
9/2/2023,12:00,291.068
9/2/2023,18:00,292.81
9/3/2023,0:00,294.458
9/3/2023,6:00,292.91
9/3/2023,12:00,292.378
9/3/2023,18:00,293.543
9/4/2023,0:00,294.976
9/4/2023,6:00,291.507
9/4/2023,12:00,289.345
9/4/2023,18:00,287.033
9/5/2023,0:00,284.769
9/5/2023,6:00,281.429
9/5/2023,12:00,279.639
9/5/2023,18:00,282.301
9/6/2023,0:00,283.211
9/6/2023,6:00,282.234
9/6/2023,12:00,281.04
9/6/2023,18:00,283.946
9/7/2023,0:00,288.224
9/7/2023,6:00,287.324
9/7/2023,12:00,287.415
9/7/2023,18:00,292.321
9/8/2023,0:00,291.508
9/8/2023,6:00,289.636
9/8/2023,12:00,287.537
9/8/2023,18:00,287.432
9/9/2023,0:00,288.55
9/9/2023,6:00,286.968
9/9/2023,12:00,286.25
9/9/2023,18:00,287.263
9/10/2023,0:00,286.277
9/10/2023,6:00,285.278
9/10/2023,12:00,285.002
9/10/2023,18:00,288.642
9/11/2023,0:00,294.368
9/11/2023,6:00,292.137
9/11/2023,12:00,292.431
9/11/2023,18:00,296.026
9/12/2023,0:00,296.083
9/12/2023,6:00,291.518
9/12/2023,12:00,285.851
9/12/2023,18:00,286.4
9/13/2023,0:00,283.554
9/13/2023,6:00,281.767
9/13/2023,12:00,281.375
9/13/2023,18:00,282.2
9/14/2023,0:00,281.728
9/14/2023,6:00,279.201
9/14/2023,12:00,278.631
9/14/2023,18:00,282.749
9/15/2023,0:00,283.363
9/15/2023,6:00,280.924
9/15/2023,12:00,279.693
9/15/2023,18:00,285.049
9/16/2023,0:00,285.78
9/16/2023,6:00,284.025
9/16/2023,12:00,283.1
9/16/2023,18:00,288.925
9/17/2023,0:00,291.597
9/17/2023,6:00,290.484
9/17/2023,12:00,290.183
9/17/2023,18:00,295.441
9/18/2023,0:00,296.605
9/18/2023,6:00,296.471
9/18/2023,12:00,294.356
9/18/2023,18:00,295.942
9/19/2023,0:00,288.595
9/19/2023,6:00,288.812
9/19/2023,12:00,288.902
9/19/2023,18:00,291.066
9/20/2023,0:00,291.903
9/20/2023,6:00,291.122
9/20/2023,12:00,291.88
9/20/2023,18:00,294.719
9/21/2023,0:00,295.706
9/21/2023,6:00,294.305
9/21/2023,12:00,292.95
9/21/2023,18:00,296.586
9/22/2023,0:00,298.496
9/22/2023,6:00,295.991
9/22/2023,12:00,293.037
9/22/2023,18:00,296.33
9/23/2023,0:00,294.768
9/23/2023,6:00,293.157
9/23/2023,12:00,291.4
9/23/2023,18:00,292.088
9/24/2023,0:00,295.089
9/24/2023,6:00,291.979
9/24/2023,12:00,291.51
9/24/2023,18:00,293.549
9/25/2023,0:00,292.859
9/25/2023,6:00,289.301
9/25/2023,12:00,288.606
9/25/2023,18:00,288.255
9/26/2023,0:00,289.332
9/26/2023,6:00,287.438
9/26/2023,12:00,287.393
9/26/2023,18:00,289.002
9/27/2023,0:00,286.541
9/27/2023,6:00,284.23
9/27/2023,12:00,283.661
9/27/2023,18:00,286.029
9/28/2023,0:00,283.421
9/28/2023,6:00,280.634
9/28/2023,12:00,280.277
9/28/2023,18:00,285.844
9/29/2023,0:00,286.666
9/29/2023,6:00,284.455
9/29/2023,12:00,283.261
9/29/2023,18:00,288.181
9/30/2023,0:00,287.739
9/30/2023,6:00,285.23
9/30/2023,12:00,283.685
9/30/2023,18:00,288.321
10/1/2023,0:00,284.979
10/1/2023,6:00,282.626
10/1/2023,12:00,281.562
10/1/2023,18:00,287.358
10/2/2023,0:00,285.658
10/2/2023,6:00,281.563
10/2/2023,12:00,280.335
10/2/2023,18:00,287.054
10/3/2023,0:00,285.975
10/3/2023,6:00,283.079
10/3/2023,12:00,281.551
10/3/2023,18:00,287.462
10/4/2023,0:00,290.124
10/4/2023,6:00,289.893
10/4/2023,12:00,289.236
10/4/2023,18:00,290.701
10/5/2023,0:00,286.238
10/5/2023,6:00,283.403
10/5/2023,12:00,282.241
10/5/2023,18:00,287.601
10/6/2023,0:00,286.1
10/6/2023,6:00,283.892
10/6/2023,12:00,283.482
10/6/2023,18:00,288.317
10/7/2023,0:00,287.814
10/7/2023,6:00,286.111
10/7/2023,12:00,286.312
10/7/2023,18:00,291.16
10/8/2023,0:00,288.533
10/8/2023,6:00,286.24
10/8/2023,12:00,285.731
10/8/2023,18:00,289.248
10/9/2023,0:00,287.904
10/9/2023,6:00,284.518
10/9/2023,12:00,284.362
10/9/2023,18:00,290.628
10/10/2023,0:00,289.312
10/10/2023,6:00,286.163
10/10/2023,12:00,285.621
10/10/2023,18:00,292.671
10/11/2023,0:00,292.708
10/11/2023,6:00,291.522
10/11/2023,12:00,291.922
10/11/2023,18:00,292.424
10/12/2023,0:00,285.1
10/12/2023,6:00,280.91
10/12/2023,12:00,279.895
10/12/2023,18:00,281.697
10/13/2023,0:00,282.97
10/13/2023,6:00,281.212
10/13/2023,12:00,279.096
10/13/2023,18:00,284.869
10/14/2023,0:00,284.272
10/14/2023,6:00,282.23
10/14/2023,12:00,281.63
10/14/2023,18:00,287.423
10/15/2023,0:00,289.046
10/15/2023,6:00,286.03
10/15/2023,12:00,285.399
10/15/2023,18:00,291.1
10/16/2023,0:00,293.6
10/16/2023,6:00,291.955
10/16/2023,12:00,291.964
10/16/2023,18:00,295.406
10/17/2023,0:00,293.826
10/17/2023,6:00,292.305
10/17/2023,12:00,293.045
10/17/2023,18:00,290.324
10/18/2023,0:00,289.961
10/18/2023,6:00,287.078
10/18/2023,12:00,284.381
10/18/2023,18:00,285.269
10/19/2023,0:00,287.608
10/19/2023,6:00,286.629
10/19/2023,12:00,286.155
10/19/2023,18:00,289.451
10/20/2023,0:00,291.334
10/20/2023,6:00,288.669
10/20/2023,12:00,288.529
10/20/2023,18:00,289.794
10/21/2023,0:00,291.788
10/21/2023,6:00,289.231
10/21/2023,12:00,288.672
10/21/2023,18:00,292.448
10/22/2023,0:00,295.297
10/22/2023,6:00,293.046
10/22/2023,12:00,292.831
10/22/2023,18:00,294.958
10/23/2023,0:00,294.568
10/23/2023,6:00,293.896
10/23/2023,12:00,292.922
10/23/2023,18:00,293.4
10/24/2023,0:00,293.001
10/24/2023,6:00,291.325
10/24/2023,12:00,291.293
10/24/2023,18:00,293.253
10/25/2023,0:00,291.758
10/25/2023,6:00,289.158
10/25/2023,12:00,287.071
10/25/2023,18:00,290.354
10/26/2023,0:00,289.539
10/26/2023,6:00,285.77
10/26/2023,12:00,284.231
10/26/2023,18:00,289.856
10/27/2023,0:00,288.749
10/27/2023,6:00,286.118
10/27/2023,12:00,284.997
10/27/2023,18:00,290.939
10/28/2023,0:00,293.066
10/28/2023,6:00,291.602
10/28/2023,12:00,291.984
10/28/2023,18:00,293.656
10/29/2023,0:00,292.771
10/29/2023,6:00,290.054
10/29/2023,12:00,289.088
10/29/2023,18:00,295.101
10/30/2023,0:00,294.636
10/30/2023,6:00,293.371
10/30/2023,12:00,292.604
10/30/2023,18:00,294.053
10/31/2023,0:00,293.996
10/31/2023,6:00,291.329
10/31/2023,12:00,290.857
10/31/2023,18:00,293.001
11/1/2023,0:00,289.155
11/1/2023,6:00,289.038
11/1/2023,12:00,289.171
11/1/2023,18:00,292.932
11/2/2023,0:00,290.165
11/2/2023,6:00,288.923
11/2/2023,12:00,289.13
11/2/2023,18:00,289.586
11/3/2023,0:00,290.622
11/3/2023,6:00,289.817
11/3/2023,12:00,285.604
11/3/2023,18:00,284.462
11/4/2023,0:00,285.233
11/4/2023,6:00,283.937
11/4/2023,12:00,282.094
11/4/2023,18:00,287.426
11/5/2023,0:00,287.01
11/5/2023,6:00,283.663
11/5/2023,12:00,282.493
11/5/2023,18:00,289.76
11/6/2023,0:00,288.492
11/6/2023,6:00,285.113
11/6/2023,12:00,284.84
11/6/2023,18:00,291.548
11/7/2023,0:00,292.578
11/7/2023,6:00,289.806
11/7/2023,12:00,289.123
11/7/2023,18:00,297.52
11/8/2023,0:00,296.548
11/8/2023,6:00,294.704
11/8/2023,12:00,293.483
11/8/2023,18:00,295.452
11/9/2023,0:00,297.802
11/9/2023,6:00,293.945
11/9/2023,12:00,292.109
11/9/2023,18:00,293.064
11/10/2023,0:00,290.823
11/10/2023,6:00,290.532
11/10/2023,12:00,290.412
11/10/2023,18:00,292.371
11/11/2023,0:00,296.392
11/11/2023,6:00,295.657
11/11/2023,12:00,296.725
11/11/2023,18:00,298.391
11/12/2023,0:00,298.488
11/12/2023,6:00,297.651
11/12/2023,12:00,297.229
11/12/2023,18:00,295.782
11/13/2023,0:00,295.56
11/13/2023,6:00,293.896
11/13/2023,12:00,293.237
11/13/2023,18:00,293.48
11/14/2023,0:00,293.182
11/14/2023,6:00,292.899
11/14/2023,12:00,292.558
11/14/2023,18:00,293.608
11/15/2023,0:00,293.337
11/15/2023,6:00,291.515
11/15/2023,12:00,291.511
11/15/2023,18:00,293.73
11/16/2023,0:00,293.746
11/16/2023,6:00,293.531
11/16/2023,12:00,292.312
11/16/2023,18:00,296.76
11/17/2023,0:00,293.604
11/17/2023,6:00,291.958
11/17/2023,12:00,291.562
11/17/2023,18:00,293.466
11/18/2023,0:00,292.971
11/18/2023,6:00,292.808
11/18/2023,12:00,291.342
11/18/2023,18:00,291.516
11/19/2023,0:00,291.667
11/19/2023,6:00,286.921
11/19/2023,12:00,285.479
11/19/2023,18:00,290.994
11/20/2023,0:00,290.594
11/20/2023,6:00,287.907
11/20/2023,12:00,286.999
11/20/2023,18:00,294.632
11/21/2023,0:00,293.162
11/21/2023,6:00,291.795
11/21/2023,12:00,292.232
11/21/2023,18:00,299.315
11/22/2023,0:00,297.571
11/22/2023,6:00,296.074
11/22/2023,12:00,293.755
11/22/2023,18:00,292.922
11/23/2023,0:00,292.767
11/23/2023,6:00,289.83
11/23/2023,12:00,289.305
11/23/2023,18:00,291.392
11/24/2023,0:00,292.581
11/24/2023,6:00,289.764
11/24/2023,12:00,288.561
11/24/2023,18:00,294.781
11/25/2023,0:00,291.431
11/25/2023,6:00,288.302
11/25/2023,12:00,285.928
11/25/2023,18:00,291.133
11/26/2023,0:00,292.375
11/26/2023,6:00,290.523
11/26/2023,12:00,288.009
11/26/2023,18:00,294.255
11/27/2023,0:00,295.012
11/27/2023,6:00,293.122
11/27/2023,12:00,292.533
11/27/2023,18:00,295.562
11/28/2023,0:00,293.444
11/28/2023,6:00,291.717
11/28/2023,12:00,291.111
11/28/2023,18:00,297.059
11/29/2023,0:00,293.876
11/29/2023,6:00,289.882
11/29/2023,12:00,289.51
11/29/2023,18:00,296.035
11/30/2023,0:00,295.348
11/30/2023,6:00,292.707
11/30/2023,12:00,292.037
11/30/2023,18:00,298.367
12/1/2023,0:00,296.98
12/1/2023,6:00,296.59
12/1/2023,12:00,295.575
12/1/2023,18:00,301.224
12/2/2023,0:00,300.431
12/2/2023,6:00,294.584
12/2/2023,12:00,293.763
12/2/2023,18:00,293.843
12/3/2023,0:00,295.57
12/3/2023,6:00,292.678
12/3/2023,12:00,292.193
12/3/2023,18:00,294.268
12/4/2023,0:00,293.642
12/4/2023,6:00,289.889
12/4/2023,12:00,289.681
12/4/2023,18:00,291.08
12/5/2023,0:00,290.671
12/5/2023,6:00,289.869
12/5/2023,12:00,289.793
12/5/2023,18:00,292.608
12/6/2023,0:00,294.731
12/6/2023,6:00,293.509
12/6/2023,12:00,293.87
12/6/2023,18:00,299.011
12/7/2023,0:00,296.403
12/7/2023,6:00,294.777
12/7/2023,12:00,293.996
12/7/2023,18:00,295.908
12/8/2023,0:00,293.207
12/8/2023,6:00,289.605
12/8/2023,12:00,287.891
12/8/2023,18:00,292.053
12/9/2023,0:00,290.404
12/9/2023,6:00,288.371
12/9/2023,12:00,286.551
12/9/2023,18:00,291.541
12/10/2023,0:00,292.942
12/10/2023,6:00,290.02
12/10/2023,12:00,289.151
12/10/2023,18:00,294.302
12/11/2023,0:00,293.033
12/11/2023,6:00,289.241
12/11/2023,12:00,289.025
12/11/2023,18:00,295.327
12/12/2023,0:00,294.843
12/12/2023,6:00,291.513
12/12/2023,12:00,290.555
12/12/2023,18:00,296.979
12/13/2023,0:00,297.752
12/13/2023,6:00,295.678
12/13/2023,12:00,294.802
12/13/2023,18:00,295.465
12/14/2023,0:00,294.004
12/14/2023,6:00,294.509
12/14/2023,12:00,293.963
12/14/2023,18:00,296.762
12/15/2023,0:00,297.18
12/15/2023,6:00,296.952
12/15/2023,12:00,296.718
12/15/2023,18:00,299.608
12/16/2023,0:00,296.131
12/16/2023,6:00,294.861
12/16/2023,12:00,294.442
12/16/2023,18:00,297.293
12/17/2023,0:00,300.802
12/17/2023,6:00,297.501
12/17/2023,12:00,296.648
12/17/2023,18:00,302.834
12/18/2023,0:00,302.41
12/18/2023,6:00,299.017
12/18/2023,12:00,298.422
12/18/2023,18:00,303.177
12/19/2023,0:00,293.124
12/19/2023,6:00,294.399
12/19/2023,12:00,291.863
12/19/2023,18:00,292.115
12/20/2023,0:00,291.71
12/20/2023,6:00,291.453
12/20/2023,12:00,291.631
12/20/2023,18:00,293.084
12/21/2023,0:00,293.847
12/21/2023,6:00,293.271
12/21/2023,12:00,293.49
12/21/2023,18:00,297.097
12/22/2023,0:00,298.56
12/22/2023,6:00,295.414
12/22/2023,12:00,294.833
12/22/2023,18:00,299.794
12/23/2023,0:00,297.228
12/23/2023,6:00,293.326
12/23/2023,12:00,293.057
12/23/2023,18:00,297.479
12/24/2023,0:00,296.908
12/24/2023,6:00,294.656
12/24/2023,12:00,293.786
12/24/2023,18:00,298.045
12/25/2023,0:00,297.215
12/25/2023,6:00,294.435
12/25/2023,12:00,294.878
12/25/2023,18:00,297.917
12/26/2023,0:00,294.076
12/26/2023,6:00,289.443
12/26/2023,18:00,290.83
12/27/2023,0:00,290.961
12/27/2023,6:00,288.202
12/27/2023,12:00,286.8
12/27/2023,18:00,293.245
12/28/2023,0:00,293.267
12/28/2023,6:00,290.527
12/28/2023,12:00,289.891
12/28/2023,18:00,297.043
12/29/2023,0:00,299.742
12/29/2023,6:00,295.091
12/29/2023,12:00,292.792
12/29/2023,18:00,293.614
12/30/2023,0:00,294.692
12/30/2023,6:00,289.641
12/30/2023,12:00,287.62
12/30/2023,18:00,290.78
12/31/2023,0:00,290.517
12/31/2023,6:00,288.194
12/31/2023,12:00,287.252
12/31/2023,18:00,290.942
1/1/2024,0:00,291.477
1/1/2024,6:00,289.429
1/1/2024,12:00,287.664
1/1/2024,18:00,293.14
1/2/2024,0:00,294.229
1/2/2024,6:00,290.899
1/2/2024,12:00,290.733
1/2/2024,18:00,296.804
1/3/2024,0:00,297.755
1/3/2024,6:00,292.487
1/3/2024,12:00,291.709
1/3/2024,18:00,293.379
1/4/2024,0:00,294.338
1/4/2024,6:00,292.166
1/4/2024,12:00,291.922
1/4/2024,18:00,293.809
1/5/2024,0:00,294.336
1/5/2024,6:00,291.537
1/5/2024,12:00,290.624
1/5/2024,18:00,295.403
1/6/2024,0:00,295.223
1/6/2024,6:00,292.681
1/6/2024,12:00,291.501
1/6/2024,18:00,297.678
1/7/2024,0:00,298.245
1/7/2024,6:00,296.016
1/7/2024,12:00,295.657
1/7/2024,18:00,300.638
1/8/2024,0:00,295.458
1/8/2024,6:00,293.318
1/8/2024,12:00,293.736
1/8/2024,18:00,295.494
1/9/2024,0:00,293.968
1/9/2024,6:00,292.619
1/9/2024,12:00,292.48
1/9/2024,18:00,296.986
1/10/2024,0:00,295.657
1/10/2024,6:00,294.858
1/10/2024,12:00,293.716
1/10/2024,18:00,293.75
1/11/2024,0:00,294.176
1/11/2024,6:00,294.037
1/11/2024,12:00,293.231
1/11/2024,18:00,296.937
1/12/2024,0:00,295.989
1/12/2024,6:00,293.302
1/12/2024,12:00,291.344
1/12/2024,18:00,294.842
1/13/2024,0:00,294.798
1/13/2024,6:00,290.922
1/13/2024,12:00,289.237
1/13/2024,18:00,293.952
1/14/2024,0:00,297.186
1/14/2024,6:00,295.296
1/14/2024,12:00,295.708
1/14/2024,18:00,301.355
1/15/2024,0:00,295.99
1/15/2024,6:00,294.673
1/15/2024,12:00,294.283
1/15/2024,18:00,298.106
1/16/2024,0:00,299.265
1/16/2024,6:00,296.666
1/16/2024,12:00,296.046
1/16/2024,18:00,301.08
1/17/2024,0:00,297.615
1/17/2024,6:00,293.939
1/17/2024,12:00,293.291
1/17/2024,18:00,294.679
1/18/2024,0:00,294.246
1/18/2024,6:00,294.363
1/18/2024,12:00,293.831
1/18/2024,18:00,296.269
1/19/2024,0:00,296.886
1/19/2024,6:00,294.812
1/19/2024,12:00,294.318
1/19/2024,18:00,298.716
1/20/2024,0:00,297.62
1/20/2024,6:00,294.972
1/20/2024,12:00,292.678
1/20/2024,18:00,295.801
1/21/2024,0:00,294.9
1/21/2024,6:00,292.565
1/21/2024,12:00,291.249
1/21/2024,18:00,294.889
1/22/2024,0:00,293.122
1/22/2024,6:00,290.541
1/22/2024,12:00,289.033
1/22/2024,18:00,292.936
1/23/2024,0:00,293.245
1/23/2024,6:00,290.003
1/23/2024,12:00,289.268
1/23/2024,18:00,293.065
1/24/2024,0:00,293.518
1/24/2024,6:00,289.977
1/24/2024,12:00,288.493
1/24/2024,18:00,293.735
1/25/2024,0:00,294.256
1/25/2024,6:00,290.314
1/25/2024,12:00,289.025
1/25/2024,18:00,293.625
1/26/2024,0:00,293.364
1/26/2024,6:00,289.897
1/26/2024,12:00,288.06
1/26/2024,18:00,293.295
1/27/2024,0:00,294.697
1/27/2024,6:00,290.416
1/27/2024,12:00,288.978
1/27/2024,18:00,293.627
1/28/2024,0:00,294.542
1/28/2024,6:00,291.098
1/28/2024,12:00,289.59
1/28/2024,18:00,294.5
1/29/2024,0:00,295.022
1/29/2024,6:00,292.055
1/29/2024,12:00,290.932
1/29/2024,18:00,296.467
1/30/2024,0:00,298.049
1/30/2024,6:00,294.443
1/30/2024,12:00,292.904
1/30/2024,18:00,297.822
1/31/2024,0:00,297.845
1/31/2024,6:00,294.12
1/31/2024,12:00,292.655
1/31/2024,18:00,296.305
2/1/2024,0:00,296.705
2/1/2024,6:00,293.532
2/1/2024,12:00,291.802
2/1/2024,18:00,297.759
2/2/2024,0:00,297.536
2/2/2024,6:00,294.494
2/2/2024,12:00,290.9
2/2/2024,18:00,296.575
2/3/2024,0:00,298.352
2/3/2024,6:00,294.142
2/3/2024,12:00,292.679
2/3/2024,18:00,299.042
2/4/2024,0:00,301.702
2/4/2024,6:00,297.146
2/4/2024,12:00,295.591
2/4/2024,18:00,301.055
2/5/2024,0:00,297.136
2/5/2024,6:00,294.367
2/5/2024,12:00,294.038
2/5/2024,18:00,298.725
2/6/2024,0:00,299.544
2/6/2024,6:00,297.046
2/6/2024,12:00,295.279
2/6/2024,18:00,299.522
2/7/2024,0:00,299.846
2/7/2024,6:00,296.186
2/7/2024,12:00,294.325
2/7/2024,18:00,299.769
2/8/2024,0:00,300.501
2/8/2024,6:00,295.346
2/8/2024,12:00,294.818
2/8/2024,18:00,300.508
2/9/2024,0:00,297.517
2/9/2024,6:00,297.153
2/9/2024,12:00,296.529
2/9/2024,18:00,301.271
2/10/2024,0:00,297.151
2/10/2024,6:00,295.959
2/10/2024,12:00,295.45
2/10/2024,18:00,300.672
2/11/2024,0:00,297.53
2/11/2024,6:00,296.043
2/11/2024,12:00,295.978
2/11/2024,18:00,301.573
2/12/2024,0:00,296.369
2/12/2024,6:00,296.98
2/12/2024,12:00,297.986
2/12/2024,18:00,302.397
2/13/2024,0:00,299.026
2/13/2024,6:00,294.657
2/13/2024,12:00,294.581
2/13/2024,18:00,291.217
2/14/2024,0:00,291.405
2/14/2024,6:00,289.487
2/14/2024,12:00,287.592
2/14/2024,18:00,292.295
2/15/2024,0:00,293.95
2/15/2024,6:00,291.758
2/15/2024,12:00,289.806
2/15/2024,18:00,293.842
2/16/2024,0:00,296.706
2/16/2024,6:00,294.529
2/16/2024,12:00,293.436
2/16/2024,18:00,294.004
2/17/2024,0:00,294.857
2/17/2024,6:00,292.448
2/17/2024,12:00,292.766
2/17/2024,18:00,294.76
2/18/2024,0:00,296.607
2/18/2024,6:00,293.751
2/18/2024,12:00,292.401
2/18/2024,18:00,297.54
2/19/2024,0:00,298.897
2/19/2024,6:00,294.591
2/19/2024,12:00,293.288
2/19/2024,18:00,297.493
2/20/2024,0:00,295.154
2/20/2024,6:00,293.892
2/20/2024,12:00,292.453
2/20/2024,18:00,296.554
2/21/2024,0:00,296.67
2/21/2024,6:00,292.591
2/21/2024,12:00,289.835
2/21/2024,18:00,295.121
2/22/2024,0:00,297.388
2/22/2024,6:00,293.862
2/22/2024,12:00,291.37
2/22/2024,18:00,297.387
2/23/2024,0:00,298.213
2/23/2024,6:00,295.768
2/23/2024,12:00,294.505
2/23/2024,18:00,300.006
2/24/2024,0:00,300.531
2/24/2024,6:00,296.359
2/24/2024,12:00,295.584
2/24/2024,18:00,300.293
2/25/2024,0:00,301.235
2/25/2024,6:00,296.629
2/25/2024,12:00,295.263
2/25/2024,18:00,298.67
2/26/2024,0:00,301.211
2/26/2024,6:00,295.218
2/26/2024,12:00,294.848
2/26/2024,18:00,296.984
2/27/2024,0:00,297.551
2/27/2024,6:00,296.491
2/27/2024,12:00,296.531
2/27/2024,18:00,297.395
2/28/2024,0:00,298.159
2/28/2024,6:00,296.591
2/28/2024,12:00,295.918
2/28/2024,18:00,297.668
2/29/2024,0:00,295.545
2/29/2024,6:00,295.037
2/29/2024,12:00,295.377
2/29/2024,18:00,298.103
3/1/2024,0:00,298.274
3/1/2024,6:00,295.888
3/1/2024,12:00,294.641
3/1/2024,18:00,298.882
3/2/2024,0:00,299.933
3/2/2024,6:00,295.137
3/2/2024,12:00,293.48
3/2/2024,18:00,298.504
3/3/2024,0:00,301.742
3/3/2024,6:00,296.815
3/3/2024,12:00,296.109
3/3/2024,18:00,297.848
3/4/2024,0:00,293.873
3/4/2024,6:00,292.794
3/4/2024,12:00,291.721
3/4/2024,18:00,293.817
3/5/2024,0:00,295.522
3/5/2024,6:00,291.511
3/5/2024,12:00,288.118
3/5/2024,18:00,292.756
3/6/2024,0:00,292.649
3/6/2024,6:00,288.884
3/6/2024,12:00,286.491
3/6/2024,18:00,292.56
3/7/2024,0:00,292.864
3/7/2024,6:00,289.17
3/7/2024,12:00,287.502
3/7/2024,18:00,293.646
3/8/2024,0:00,297.906
3/8/2024,6:00,295.047
3/8/2024,12:00,294.077
3/8/2024,18:00,294.839
3/9/2024,0:00,297.829
3/9/2024,6:00,295.752
3/9/2024,12:00,295.396
3/9/2024,18:00,300.469
3/10/2024,0:00,299.627
3/10/2024,6:00,297.39
3/10/2024,12:00,296.292
3/10/2024,18:00,299.267
3/11/2024,0:00,299.2
3/11/2024,6:00,294.231
3/11/2024,12:00,292.477
3/11/2024,18:00,297.993
3/12/2024,0:00,297.293
3/12/2024,6:00,293.896
3/12/2024,12:00,292.37
3/12/2024,18:00,298.425
3/13/2024,0:00,301.515
3/13/2024,6:00,296.719
3/13/2024,12:00,295.459
3/13/2024,18:00,301.563
3/14/2024,0:00,301.897
3/14/2024,6:00,298.035
3/14/2024,12:00,296.28
3/14/2024,18:00,301.707
3/15/2024,0:00,304.879
3/15/2024,6:00,300.932
3/15/2024,12:00,296.563
3/15/2024,18:00,296.638
3/16/2024,0:00,295.937
3/16/2024,6:00,295.749
3/16/2024,12:00,294.583
3/16/2024,18:00,297.757
3/17/2024,0:00,295.407
3/17/2024,6:00,294.784
3/17/2024,12:00,294.2
3/17/2024,18:00,296.306
3/18/2024,0:00,298.024
3/18/2024,6:00,295.35
3/18/2024,12:00,293.911
3/18/2024,18:00,296.684
3/19/2024,0:00,297.147
3/19/2024,6:00,297.023
3/19/2024,12:00,296.093
3/19/2024,18:00,297.572
3/20/2024,0:00,300.116
3/20/2024,6:00,297.623
3/20/2024,12:00,295.978
3/20/2024,18:00,299.281
3/21/2024,0:00,302.349
3/21/2024,6:00,301.03
3/21/2024,12:00,292.622
3/21/2024,18:00,290.581
3/22/2024,0:00,291.7
3/22/2024,6:00,288.117
3/22/2024,12:00,286.022
3/22/2024,18:00,289.102
3/23/2024,0:00,289.256
3/23/2024,6:00,287.8
3/23/2024,12:00,286.909
3/23/2024,18:00,290.471
3/24/2024,0:00,293.235
3/24/2024,6:00,289.123
3/24/2024,12:00,288.87
3/24/2024,18:00,293.95
3/25/2024,0:00,296.183
3/25/2024,6:00,294.271
3/25/2024,12:00,292.186
3/25/2024,18:00,296.158
3/26/2024,0:00,295.083
3/26/2024,6:00,290.877
3/26/2024,12:00,289.224
3/26/2024,18:00,293.5
3/27/2024,0:00,292.596
3/27/2024,6:00,288.923
3/27/2024,12:00,287.372
3/27/2024,18:00,292.013
3/28/2024,0:00,293.303
3/28/2024,6:00,290.685
3/28/2024,12:00,290.446
3/28/2024,18:00,293.994
3/29/2024,0:00,295.233
3/29/2024,6:00,291.998
3/29/2024,12:00,291.248
3/29/2024,18:00,295.411
3/30/2024,0:00,295.499
3/30/2024,6:00,293.02
3/30/2024,12:00,292.5
3/30/2024,18:00,296.713
3/31/2024,0:00,297.176
3/31/2024,6:00,295.676
3/31/2024,12:00,294.542
3/31/2024,18:00,298.5
4/1/2024,0:00,294.746
4/1/2024,6:00,292.924
4/1/2024,12:00,292.225
4/1/2024,18:00,295.919
4/2/2024,0:00,292.5
4/2/2024,6:00,289.7
4/2/2024,12:00,290.7
4/2/2024,18:00,291.794
4/3/2024,0:00,292.649
4/3/2024,6:00,291.283
4/3/2024,12:00,290.1
4/3/2024,18:00,295.55
4/4/2024,0:00,299.072
4/4/2024,6:00,294.329
4/4/2024,12:00,294.244
4/4/2024,18:00,295.33
4/5/2024,0:00,295.009
4/5/2024,6:00,293.112
4/5/2024,12:00,292.915
4/5/2024,18:00,295.356
4/6/2024,0:00,293.7
4/6/2024,6:00,290.259
4/6/2024,12:00,288.081
4/6/2024,18:00,292.2
4/7/2024,0:00,294.926
4/7/2024,6:00,288.915
4/7/2024,12:00,288.918
4/7/2024,18:00,290.092
4/8/2024,0:00,291.291
4/8/2024,6:00,291.456
4/8/2024,12:00,291.366
4/8/2024,18:00,293.167
4/9/2024,0:00,294.467
4/9/2024,6:00,294.617
4/9/2024,12:00,294.156
4/9/2024,18:00,294.995
4/10/2024,0:00,294.003
4/10/2024,6:00,291.299
4/10/2024,12:00,290.354
4/10/2024,18:00,294.573
4/11/2024,0:00,292.302
4/11/2024,6:00,289.7
4/11/2024,12:00,288.866
4/11/2024,18:00,290.061
4/12/2024,0:00,290.608
4/12/2024,6:00,290.9
4/12/2024,12:00,290.794
4/12/2024,18:00,290.633
4/13/2024,0:00,291.509
4/13/2024,6:00,291.787
4/13/2024,12:00,291.889
4/13/2024,18:00,293.169
4/14/2024,0:00,294.2
4/14/2024,6:00,293.961
4/14/2024,12:00,293.98
4/14/2024,18:00,294.828
4/15/2024,0:00,295.597
4/15/2024,6:00,295.397
4/15/2024,12:00,295.162
4/15/2024,18:00,295.196
4/16/2024,0:00,294.811
4/16/2024,6:00,292.603
4/16/2024,12:00,291.105
4/16/2024,18:00,291.536
4/17/2024,0:00,288.969
4/17/2024,6:00,285.906
4/17/2024,12:00,284.304
4/17/2024,18:00,288.518
4/18/2024,0:00,287.882
4/18/2024,6:00,286.499
4/18/2024,12:00,285.794
4/18/2024,18:00,289.556
4/19/2024,0:00,289.902
4/19/2024,6:00,287.39
4/19/2024,12:00,286.624
4/19/2024,18:00,290.448
4/20/2024,0:00,290.334
4/20/2024,6:00,287.811
4/20/2024,12:00,286.35
4/20/2024,18:00,290.553
4/21/2024,0:00,291.099
4/21/2024,6:00,288.509
4/21/2024,12:00,287.537
4/21/2024,18:00,291.738
4/22/2024,0:00,293.143
4/22/2024,6:00,291.784
4/22/2024,12:00,291.629
4/22/2024,18:00,291.539
4/23/2024,0:00,291.357
4/23/2024,6:00,291.865
4/23/2024,12:00,293.051
4/23/2024,18:00,293.345
4/24/2024,0:00,294.16
4/24/2024,6:00,291.8
4/24/2024,12:00,287.704
4/24/2024,18:00,289.442
4/25/2024,0:00,288.955
4/25/2024,6:00,288.456
4/25/2024,12:00,287.755
4/25/2024,18:00,290.028
4/26/2024,0:00,292.342
4/26/2024,6:00,291.6
4/26/2024,12:00,292.966
4/26/2024,18:00,296.044
4/27/2024,0:00,296.03
4/27/2024,6:00,295.193
4/27/2024,12:00,293.739
4/27/2024,18:00,295.303
4/28/2024,0:00,288.104
4/28/2024,6:00,286.149
4/28/2024,12:00,285.671
4/28/2024,18:00,287.102
4/29/2024,0:00,290.277
4/29/2024,6:00,289.5
4/29/2024,12:00,289.266
4/29/2024,18:00,291.975
4/30/2024,0:00,296.5
4/30/2024,6:00,295.619
4/30/2024,12:00,294.756
4/30/2024,18:00,296.317
5/1/2024,0:00,297.228
5/1/2024,6:00,296.1
5/1/2024,12:00,295.134
5/1/2024,18:00,296.971
5/2/2024,0:00,295.567
5/2/2024,6:00,291.257
5/2/2024,12:00,288.746
5/2/2024,18:00,289.767
5/3/2024,0:00,287.684
5/3/2024,6:00,287.651
5/3/2024,12:00,286.743
5/3/2024,18:00,287.043
5/4/2024,0:00,287.365
5/4/2024,6:00,286.7
5/4/2024,12:00,287.444
5/4/2024,18:00,289.144
5/5/2024,0:00,291.588
5/5/2024,6:00,291.234
5/5/2024,12:00,292.015
5/5/2024,18:00,293.944
5/6/2024,0:00,295.217
5/6/2024,6:00,294.558
5/6/2024,12:00,293.781
5/6/2024,18:00,295.266
5/7/2024,0:00,295.02
5/7/2024,6:00,294.556
5/7/2024,12:00,293.623
5/7/2024,18:00,294.133
5/8/2024,0:00,295.452
5/8/2024,6:00,295.609
5/8/2024,12:00,293.031
5/8/2024,18:00,293.569
5/9/2024,0:00,288.708
5/9/2024,6:00,283.16
5/9/2024,12:00,280.684
5/9/2024,18:00,283.655
5/10/2024,0:00,283.962
5/10/2024,6:00,283.844
5/10/2024,12:00,285.182
5/10/2024,18:00,287.001
5/11/2024,0:00,287.194
5/11/2024,6:00,287.33
5/11/2024,12:00,287.201
5/11/2024,18:00,287.715
5/12/2024,0:00,288.603
5/12/2024,6:00,288.925
5/12/2024,12:00,288.826
5/12/2024,18:00,289.75
5/13/2024,0:00,288.963
5/13/2024,6:00,287.655
5/13/2024,12:00,283.577
5/13/2024,18:00,283.616
5/14/2024,0:00,283.235
5/14/2024,6:00,279.432
5/14/2024,12:00,277.89
5/14/2024,18:00,280.9
5/15/2024,0:00,281.89
5/15/2024,6:00,278.943
5/15/2024,12:00,278
5/15/2024,18:00,280.894
5/16/2024,0:00,281.131
5/16/2024,6:00,280.075
5/16/2024,12:00,281.238
5/16/2024,18:00,282.961
5/17/2024,0:00,284.225
5/17/2024,6:00,283.701
5/17/2024,12:00,280.503
5/17/2024,18:00,283.4
5/18/2024,0:00,282.591
5/18/2024,6:00,280.401
5/18/2024,12:00,279.4
5/18/2024,18:00,282.562
5/19/2024,0:00,283.385
5/19/2024,6:00,279.191
5/19/2024,12:00,278.628
5/19/2024,18:00,281.659
5/20/2024,0:00,281.891
5/20/2024,6:00,280.826
5/20/2024,18:00,283.021
5/21/2024,0:00,283.312
5/21/2024,6:00,282.201
5/21/2024,12:00,281.9
5/21/2024,18:00,285.209
5/22/2024,0:00,287.334
5/22/2024,6:00,288.528
5/22/2024,12:00,288.977
5/22/2024,18:00,290.558
5/23/2024,0:00,291.558
5/23/2024,6:00,290.252
5/23/2024,12:00,290.53
5/23/2024,18:00,289.768
5/24/2024,0:00,288.566
5/24/2024,6:00,288.335
5/24/2024,12:00,285.096
5/24/2024,18:00,281.532
5/25/2024,0:00,280.868
5/25/2024,6:00,277.904
5/25/2024,12:00,276.526
5/25/2024,18:00,279.21
5/26/2024,0:00,281.211
5/26/2024,6:00,279.248
5/26/2024,12:00,278.124
5/26/2024,18:00,281.191
5/27/2024,0:00,283.816
5/27/2024,6:00,283.27
5/27/2024,12:00,282.968
5/27/2024,18:00,283.12
5/28/2024,0:00,281.657
5/28/2024,6:00,277.843
5/28/2024,12:00,278.586
5/28/2024,18:00,282.348
5/29/2024,6:00,281.854
5/29/2024,12:00,283.829
5/29/2024,18:00,285.534
5/30/2024,0:00,283.497
5/30/2024,6:00,282.319
5/30/2024,12:00,281.448
5/30/2024,18:00,283.751
5/31/2024,0:00,284.482
5/31/2024,6:00,282.563
5/31/2024,12:00,281.501
5/31/2024,18:00,283.899
6/1/2024,0:00,285.21
6/1/2024,6:00,284.911
6/1/2024,12:00,284.524
6/1/2024,18:00,287.1
6/2/2024,0:00,288.162
6/2/2024,6:00,286.809
6/2/2024,12:00,286.002
6/2/2024,18:00,288.54
6/3/2024,0:00,291.468
6/3/2024,6:00,283.927
6/3/2024,12:00,283.443
6/3/2024,18:00,283.692
6/4/2024,0:00,281.935
6/4/2024,6:00,280.793
6/4/2024,12:00,279.98
6/4/2024,18:00,281.442
6/5/2024,0:00,283.417
6/5/2024,6:00,283.582
6/5/2024,12:00,284.628
6/5/2024,18:00,287.206
6/6/2024,0:00,289.642
6/6/2024,6:00,289.767
6/6/2024,12:00,289.573
6/6/2024,18:00,291.791
6/7/2024,0:00,292.089
6/7/2024,6:00,291.115
6/7/2024,12:00,290.355
6/7/2024,18:00,292.463
6/8/2024,0:00,292.733
6/8/2024,6:00,291.165
6/8/2024,12:00,290.05
6/8/2024,18:00,292.2
6/9/2024,0:00,292.527
6/9/2024,6:00,291.14
6/9/2024,12:00,291.102
6/9/2024,18:00,293.306
6/10/2024,0:00,292.729
6/10/2024,6:00,291.788
6/10/2024,12:00,291.306
6/10/2024,18:00,293.361
6/11/2024,0:00,292.811
6/11/2024,6:00,291.109
6/11/2024,12:00,290.818
6/11/2024,18:00,292.828
6/12/2024,0:00,293.3
6/12/2024,6:00,292.109
6/12/2024,12:00,290.922
6/12/2024,18:00,292.953
6/13/2024,0:00,293.252
6/13/2024,6:00,291.4
6/13/2024,12:00,290.885
6/13/2024,18:00,291.821
6/14/2024,0:00,294.323
6/14/2024,6:00,293.949
6/14/2024,12:00,292.381
6/14/2024,18:00,293.425
6/15/2024,0:00,295.924
6/15/2024,6:00,293.936
6/15/2024,12:00,291.758
6/15/2024,18:00,293.152
6/16/2024,0:00,292.276
6/16/2024,6:00,290.949
6/16/2024,12:00,290.033
6/16/2024,18:00,290.452
6/17/2024,0:00,289.968
6/17/2024,6:00,287.3
6/17/2024,12:00,287.428
6/17/2024,18:00,287.801
6/18/2024,0:00,289.527
6/18/2024,6:00,289.301
6/18/2024,12:00,289.599
6/18/2024,18:00,290.744
6/19/2024,0:00,291.618
6/19/2024,6:00,291.235
6/19/2024,12:00,291.007
6/19/2024,18:00,292.209
6/20/2024,0:00,293.005
6/20/2024,6:00,291.997
6/20/2024,12:00,290.813
6/20/2024,18:00,292.123
6/21/2024,0:00,292.463
6/21/2024,6:00,290.707
6/21/2024,12:00,290.8
6/21/2024,18:00,290.921
6/22/2024,0:00,291.602
6/22/2024,6:00,289.992
6/22/2024,12:00,289.337
6/22/2024,18:00,290.996
6/23/2024,0:00,291.4
6/23/2024,6:00,291.412
6/23/2024,12:00,290.691
6/23/2024,18:00,290.924
6/24/2024,0:00,286.917
6/24/2024,6:00,285.317
6/24/2024,12:00,282.731
6/24/2024,18:00,283.008
6/25/2024,0:00,281.787
6/25/2024,6:00,280.276
6/25/2024,12:00,279.466
6/25/2024,18:00,280.406
6/26/2024,0:00,283.333
6/26/2024,6:00,281.567
6/26/2024,12:00,279.759
6/26/2024,18:00,281.182
6/27/2024,0:00,280.588
6/27/2024,6:00,279.445
6/27/2024,12:00,278.7
6/27/2024,18:00,280.8
6/28/2024,0:00,283.066
6/28/2024,6:00,282.244
6/28/2024,12:00,282.348
6/28/2024,18:00,284.069
6/29/2024,0:00,282.961
6/29/2024,6:00,277.631
6/29/2024,12:00,276.185
6/29/2024,18:00,278.644
6/30/2024,0:00,277.061
6/30/2024,6:00,275.815
6/30/2024,12:00,275.11
6/30/2024,18:00,277.682
7/1/2024,0:00,279.163
7/1/2024,6:00,277.408
7/1/2024,12:00,276.729
7/1/2024,18:00,279.527
7/2/2024,0:00,281.6
7/2/2024,6:00,280.534
7/2/2024,12:00,280.124
7/2/2024,18:00,283.027
7/3/2024,0:00,285.9
7/3/2024,6:00,286.2
7/3/2024,12:00,286.747
7/3/2024,18:00,287.169
7/4/2024,0:00,286.171
7/4/2024,6:00,284.377
7/4/2024,12:00,283.958
7/4/2024,18:00,284.8
7/5/2024,0:00,284.837
7/5/2024,6:00,283.538
7/5/2024,12:00,282.561
7/5/2024,18:00,281.725
7/6/2024,0:00,280.621
7/6/2024,6:00,276.308
7/6/2024,12:00,275.062
7/6/2024,18:00,277.04
7/7/2024,0:00,278.593
7/7/2024,6:00,276.597
7/7/2024,12:00,274.99
7/7/2024,18:00,277.347
7/8/2024,0:00,278.336
7/8/2024,6:00,276.505
7/8/2024,12:00,274.899
7/8/2024,18:00,277.232
7/9/2024,0:00,276.466
7/9/2024,6:00,273.621
7/9/2024,12:00,273.203
7/9/2024,18:00,275.465
7/10/2024,0:00,277.4
7/10/2024,6:00,275.615
7/10/2024,12:00,275.008
7/10/2024,18:00,277.7
7/11/2024,0:00,278.491
7/11/2024,6:00,278.219
7/11/2024,12:00,277.699
7/11/2024,18:00,280.091
7/12/2024,0:00,281.867
7/12/2024,6:00,281.121
7/12/2024,12:00,280.544
7/12/2024,18:00,280.415
7/13/2024,0:00,280.485
7/13/2024,6:00,278.349
7/13/2024,12:00,276.704
7/13/2024,18:00,278.923
7/14/2024,0:00,283.242
7/14/2024,6:00,281.768
7/14/2024,12:00,281.338
7/14/2024,18:00,282.268
7/15/2024,0:00,283.554
7/15/2024,6:00,282.8
7/15/2024,12:00,283.224
7/15/2024,18:00,284.165
7/16/2024,0:00,284.773
7/16/2024,6:00,285.03
7/16/2024,12:00,282.735
7/16/2024,18:00,284.665
7/17/2024,0:00,288.139
7/17/2024,6:00,285.842
7/17/2024,12:00,283.758
7/17/2024,18:00,286.684
7/18/2024,0:00,286.552
7/18/2024,6:00,284.097
7/18/2024,12:00,282.962
7/18/2024,18:00,285.256
7/19/2024,0:00,288.609
7/19/2024,6:00,288.424
7/19/2024,12:00,287.934
7/19/2024,18:00,290.344
7/20/2024,0:00,291.546
7/20/2024,6:00,288.374
7/20/2024,12:00,286.912
7/20/2024,18:00,287.323
7/21/2024,0:00,288.618
7/21/2024,6:00,287.549
7/21/2024,12:00,287.881
7/21/2024,18:00,289.458
7/22/2024,0:00,292.001
7/22/2024,6:00,289.996
7/22/2024,12:00,288.697
7/22/2024,18:00,290.992
7/23/2024,0:00,291.918
7/23/2024,6:00,290.225
7/23/2024,12:00,289.024
7/23/2024,18:00,290.855
7/24/2024,0:00,290.649
7/24/2024,6:00,289.3
7/24/2024,12:00,288.1
7/24/2024,18:00,290.4
7/25/2024,0:00,290.938
7/25/2024,6:00,290
7/25/2024,12:00,289.235
7/25/2024,18:00,291.574
7/26/2024,0:00,290.367
7/26/2024,6:00,287.982
7/26/2024,12:00,286.826
7/26/2024,18:00,288.718
7/27/2024,0:00,291.534
7/27/2024,6:00,289.249
7/27/2024,12:00,288.745
7/27/2024,18:00,291
7/28/2024,0:00,291.35
7/28/2024,6:00,288.742
7/28/2024,12:00,288.069
7/28/2024,18:00,290.027
7/29/2024,0:00,285.018
7/29/2024,6:00,282.556
7/29/2024,12:00,281.642
7/29/2024,18:00,281.961
7/30/2024,0:00,280.731
7/30/2024,6:00,278.879
7/30/2024,12:00,277.7
7/30/2024,18:00,279.727
7/31/2024,0:00,285.924
7/31/2024,6:00,283.31
7/31/2024,12:00,283.431
7/31/2024,18:00,287.505
8/1/2024,0:00,290.629
8/1/2024,6:00,289.294
8/1/2024,12:00,289.583
8/1/2024,18:00,292.426
8/2/2024,0:00,294.537
8/2/2024,6:00,294.9
8/2/2024,12:00,293.57
8/2/2024,18:00,294.34
8/3/2024,0:00,296.503
8/3/2024,6:00,295.83
8/3/2024,12:00,293.773
8/3/2024,18:00,294.341
8/4/2024,0:00,295.037
8/4/2024,6:00,288.769
8/4/2024,12:00,287.773
8/4/2024,18:00,288.459
8/5/2024,0:00,287.3
8/5/2024,6:00,287.346
8/5/2024,12:00,289.008
8/5/2024,18:00,290.872
8/6/2024,0:00,292.221
8/6/2024,6:00,291.252
8/6/2024,12:00,290.677
8/6/2024,18:00,291.633
8/7/2024,0:00,292.125
8/7/2024,6:00,289.119
8/7/2024,12:00,288.118
8/7/2024,18:00,288.971
8/8/2024,0:00,285.508
8/8/2024,6:00,284.481
8/8/2024,12:00,280.415
8/8/2024,18:00,282.185
8/9/2024,0:00,280.264
8/9/2024,6:00,278.273
8/9/2024,12:00,278.956
8/9/2024,18:00,280.447
8/10/2024,0:00,280.496
8/10/2024,6:00,278.227
8/10/2024,12:00,277.7
8/10/2024,18:00,280.758
8/11/2024,0:00,281.639
8/11/2024,6:00,279.507
8/11/2024,12:00,278.363
8/11/2024,18:00,281.765
8/12/2024,0:00,281.924
8/12/2024,6:00,278.498
8/12/2024,12:00,276.765
8/12/2024,18:00,279.562
8/13/2024,0:00,279.881
8/13/2024,6:00,277.759
8/13/2024,12:00,276.668
8/13/2024,18:00,280.337
8/14/2024,0:00,281.691
8/14/2024,6:00,279.913
8/14/2024,12:00,279.238
8/14/2024,18:00,283.272
8/15/2024,0:00,285.719
8/15/2024,6:00,284.588
8/15/2024,12:00,284.228
8/15/2024,18:00,287.832
8/16/2024,0:00,289.441
8/16/2024,6:00,288.251
8/16/2024,12:00,288.208
8/16/2024,18:00,290.586
8/17/2024,0:00,290.598
8/17/2024,6:00,289.617
8/17/2024,12:00,288.122
8/17/2024,18:00,287.849
8/18/2024,0:00,289.328
8/18/2024,6:00,287.799
8/18/2024,12:00,287.444
8/18/2024,18:00,289.932
8/19/2024,0:00,293.928
8/19/2024,6:00,292.555
8/19/2024,12:00,290.951
8/19/2024,18:00,292.342
8/20/2024,0:00,291.486
8/20/2024,6:00,290.08
8/20/2024,12:00,289.003
8/20/2024,18:00,289.344
8/21/2024,0:00,289.536
8/21/2024,6:00,288.528
8/21/2024,12:00,288.337
8/21/2024,18:00,290.779
8/22/2024,0:00,292.018
8/22/2024,6:00,290.614
8/22/2024,12:00,287.545
8/22/2024,18:00,285.836
8/23/2024,0:00,284.8
8/23/2024,6:00,282.318
8/23/2024,12:00,280.646
8/23/2024,18:00,282.775
8/24/2024,0:00,281.312
8/24/2024,6:00,278.586
8/24/2024,12:00,276.821
8/24/2024,18:00,280.582
8/25/2024,0:00,280.441
8/25/2024,6:00,278.142
8/25/2024,12:00,276.97
8/25/2024,18:00,280.977
8/26/2024,0:00,280.197
8/26/2024,6:00,277.7
8/26/2024,12:00,276.689
8/26/2024,18:00,280.782
8/27/2024,0:00,281.229
8/27/2024,6:00,278.848
8/27/2024,12:00,278.077
8/27/2024,18:00,282.762
8/28/2024,0:00,283.683
8/28/2024,6:00,282.036
8/28/2024,12:00,281.65
8/28/2024,18:00,285.576
8/29/2024,0:00,287.268
8/29/2024,6:00,284.496
8/29/2024,12:00,284.585
8/29/2024,18:00,288.397
8/30/2024,0:00,288.35
8/30/2024,6:00,286.945
8/30/2024,12:00,286.433
8/30/2024,18:00,289.045
8/31/2024,0:00,291.915
8/31/2024,6:00,289.738
8/31/2024,12:00,289.151
8/31/2024,18:00,288.663
9/1/2024,0:00,285.783
9/1/2024,6:00,281.69
9/1/2024,12:00,279.518
9/1/2024,18:00,281.724
9/2/2024,0:00,285.509
9/2/2024,6:00,282.022
9/2/2024,12:00,281.197
9/2/2024,18:00,285.3
9/3/2024,0:00,286.7
9/3/2024,6:00,285.376
9/3/2024,12:00,285.147
9/3/2024,18:00,289.462
9/4/2024,0:00,289.1
9/4/2024,6:00,286.672
9/4/2024,12:00,286.104
9/4/2024,18:00,286.3
9/5/2024,0:00,284.076
9/5/2024,6:00,280.863
9/5/2024,12:00,279.969
9/5/2024,18:00,284.463
9/6/2024,0:00,284.134
9/6/2024,6:00,281.434
9/6/2024,12:00,280.42
9/6/2024,18:00,285.238
9/7/2024,0:00,287.915
9/7/2024,6:00,286.293
9/7/2024,12:00,286.125
9/7/2024,18:00,290.895
9/8/2024,0:00,291.293
9/8/2024,6:00,289.163
9/8/2024,12:00,288.669
9/8/2024,18:00,291.144
9/9/2024,0:00,292.9
9/9/2024,6:00,289.924
9/9/2024,12:00,289.2
9/9/2024,18:00,292.265
9/10/2024,0:00,297.031
9/10/2024,6:00,292.524
9/10/2024,12:00,291.4
9/10/2024,18:00,295.637
9/11/2024,0:00,295.971
9/11/2024,6:00,295.156
9/11/2024,12:00,292.004
9/11/2024,18:00,295.1
9/12/2024,0:00,292.733
9/12/2024,6:00,288.382
9/12/2024,12:00,288.494
9/12/2024,18:00,289.942
9/13/2024,0:00,290.584
9/13/2024,6:00,289.254
9/13/2024,12:00,289.042
9/13/2024,18:00,290.15
9/14/2024,0:00,290.509
9/14/2024,6:00,286.333
9/14/2024,12:00,286.824
9/14/2024,18:00,288.956
9/15/2024,0:00,286.457
9/15/2024,6:00,283.557
9/15/2024,12:00,282.8
9/15/2024,18:00,286.497
9/16/2024,0:00,286.196
9/16/2024,6:00,283.07
9/16/2024,12:00,282.588
9/16/2024,18:00,287.931
9/17/2024,0:00,286.925
9/17/2024,6:00,284.235
9/17/2024,12:00,283.446
9/17/2024,18:00,289.136
9/18/2024,0:00,289.946
9/18/2024,6:00,286.646
9/18/2024,12:00,286.065
9/18/2024,18:00,291.6
9/19/2024,0:00,292.159
9/19/2024,6:00,289.797
9/19/2024,12:00,289.432
9/19/2024,18:00,293.115
9/20/2024,0:00,295.017
9/20/2024,6:00,292.759
9/20/2024,12:00,292.148
9/20/2024,18:00,293.478
9/21/2024,0:00,291.522
9/21/2024,6:00,289.795
9/21/2024,12:00,287.7
9/21/2024,18:00,291.621
9/22/2024,0:00,292.463
9/22/2024,6:00,290.566
9/22/2024,12:00,289.9
9/22/2024,18:00,296.4
9/23/2024,0:00,299.137
9/23/2024,6:00,296.844
9/23/2024,12:00,297.3
9/23/2024,18:00,297.942
9/24/2024,0:00,300.512
9/24/2024,6:00,293.907
9/24/2024,12:00,294.504
9/24/2024,18:00,296.671
9/25/2024,0:00,296.707
9/25/2024,6:00,293.708
9/25/2024,12:00,292.985
9/25/2024,18:00,295.068
9/26/2024,0:00,293
9/26/2024,6:00,292.796
9/26/2024,12:00,288.935
9/26/2024,18:00,287.903
9/27/2024,0:00,288.171
9/27/2024,6:00,285.762
9/27/2024,12:00,286.887
9/27/2024,18:00,287.939
9/28/2024,0:00,287.481
9/28/2024,6:00,285.935
9/28/2024,12:00,285.381
9/28/2024,18:00,290.918
9/29/2024,0:00,290.367
9/29/2024,6:00,287.733
9/29/2024,12:00,287.59
9/29/2024,18:00,293.488
9/30/2024,0:00,295.373
9/30/2024,6:00,292.937
9/30/2024,12:00,291.717
9/30/2024,18:00,297.345
10/1/2024,0:00,298.418
10/1/2024,6:00,296.116
10/1/2024,12:00,293.868
10/1/2024,18:00,295.999
10/2/2024,0:00,293.416
10/2/2024,6:00,289.11
10/2/2024,12:00,287.968
10/2/2024,18:00,289.047
10/3/2024,0:00,287.022
10/3/2024,6:00,282.463
10/3/2024,12:00,281.255
10/3/2024,18:00,286.799
10/4/2024,0:00,283.905
10/4/2024,6:00,282.428
10/4/2024,12:00,281
10/4/2024,18:00,287
10/5/2024,0:00,286.952
10/5/2024,6:00,284.793
10/5/2024,12:00,283.146
10/5/2024,18:00,290.482
10/6/2024,0:00,292.277
10/6/2024,6:00,289.939
10/6/2024,12:00,288.893
10/6/2024,18:00,292.2
10/7/2024,0:00,292.636
10/7/2024,6:00,289.46
10/7/2024,12:00,288.739
10/7/2024,18:00,292.218
10/8/2024,0:00,290.949
10/8/2024,6:00,289.995
10/8/2024,12:00,289.232
10/8/2024,18:00,289.694
10/9/2024,0:00,291.2
10/9/2024,6:00,289.4
10/9/2024,12:00,288.66
10/9/2024,18:00,289.238
10/10/2024,0:00,289.745
10/10/2024,6:00,288.8
10/10/2024,12:00,288.532
10/10/2024,18:00,289.072
10/11/2024,0:00,290.199
10/11/2024,6:00,290.628
10/11/2024,12:00,290.81
10/11/2024,18:00,290.734
10/12/2024,0:00,291.825
10/12/2024,6:00,288.791
10/12/2024,12:00,287.537
10/12/2024,18:00,293.254
10/13/2024,0:00,291.898
10/13/2024,6:00,288.398
10/13/2024,12:00,286.001
10/13/2024,18:00,291.467
10/14/2024,0:00,293.196
10/14/2024,6:00,289.909
10/14/2024,12:00,288.578
10/14/2024,18:00,294.633
10/15/2024,0:00,296.294
10/15/2024,6:00,292.741
10/15/2024,12:00,291.742
10/15/2024,18:00,293.244
10/16/2024,0:00,293.314
10/16/2024,6:00,291.931
10/16/2024,12:00,289.074
10/16/2024,18:00,293.8
10/17/2024,0:00,290.425
10/17/2024,6:00,287.197
10/17/2024,12:00,286.445
10/17/2024,18:00,292.571
10/18/2024,0:00,292.522
10/18/2024,6:00,289.919
10/18/2024,12:00,290.537
10/18/2024,18:00,292.906
10/19/2024,0:00,290.715
10/19/2024,6:00,287.118
10/19/2024,12:00,286.559
10/19/2024,18:00,292.4
10/20/2024,0:00,290.812
10/20/2024,6:00,289.291
10/20/2024,12:00,287.897
10/20/2024,18:00,294.254
10/21/2024,0:00,295.212
10/21/2024,6:00,290.965
10/21/2024,12:00,290.196
10/21/2024,18:00,297.43
10/22/2024,0:00,297.148
10/22/2024,12:00,294.029
10/22/2024,18:00,300.022
10/23/2024,0:00,299.39
10/23/2024,6:00,294.921
10/23/2024,12:00,294.471
10/23/2024,18:00,299.595
10/24/2024,0:00,296.56
10/24/2024,6:00,295.704
10/24/2024,12:00,295.019
10/24/2024,18:00,293.766
10/25/2024,0:00,291.502
10/25/2024,6:00,287.493
10/25/2024,12:00,288.78
10/25/2024,18:00,291.719
10/26/2024,0:00,293.163
10/26/2024,6:00,284.564
10/26/2024,12:00,282.718
10/26/2024,18:00,288.848
10/27/2024,0:00,286.476
10/27/2024,6:00,283.71
10/27/2024,12:00,282.964
10/27/2024,18:00,290.267
10/28/2024,0:00,288.83
10/28/2024,6:00,285.81
10/28/2024,12:00,284.374
10/28/2024,18:00,291.564
10/29/2024,0:00,291.023
10/29/2024,6:00,287.597
10/29/2024,12:00,287.139
10/29/2024,18:00,294.774
10/30/2024,0:00,292.088
10/30/2024,6:00,289.674
10/30/2024,12:00,289.111
10/30/2024,18:00,295.4
10/31/2024,0:00,293.165
10/31/2024,6:00,290.583
10/31/2024,12:00,289.543
10/31/2024,18:00,296.501
11/1/2024,0:00,297.266
11/1/2024,6:00,294.34
11/1/2024,12:00,292.868
11/1/2024,18:00,294.094
11/2/2024,0:00,293.498
11/2/2024,6:00,293.334
11/2/2024,12:00,294.282
11/2/2024,18:00,295.804
11/3/2024,0:00,294.089
11/3/2024,6:00,292.991
11/3/2024,12:00,292.597
11/3/2024,18:00,297.852
11/4/2024,0:00,296.559
11/4/2024,6:00,292.765
11/4/2024,12:00,291.327
11/4/2024,18:00,297.439
11/5/2024,0:00,297.497
11/5/2024,6:00,292.83
11/5/2024,12:00,291.813
11/5/2024,18:00,296.187
11/6/2024,0:00,294.534
11/6/2024,6:00,290.889
11/6/2024,12:00,291.203
11/6/2024,18:00,293.956
11/7/2024,0:00,294.889
11/7/2024,12:00,291.732
11/7/2024,18:00,293.611
11/8/2024,0:00,290.969
11/8/2024,6:00,288.494
11/8/2024,12:00,287.244
11/8/2024,18:00,290.507
11/9/2024,0:00,290.187
11/9/2024,6:00,286.676
11/9/2024,12:00,285.83
11/9/2024,18:00,292.757
11/10/2024,0:00,290.994
11/10/2024,6:00,287.442
11/10/2024,12:00,285.66
11/10/2024,18:00,293.777
11/11/2024,0:00,294.019
11/11/2024,6:00,290.522
11/11/2024,12:00,290.205
11/11/2024,18:00,293.104
11/12/2024,0:00,287.523
11/12/2024,6:00,286.053
11/12/2024,12:00,283.422
11/12/2024,18:00,289.523
11/13/2024,0:00,288.129
11/13/2024,6:00,285.249
11/13/2024,12:00,284.426
11/13/2024,18:00,292.88
11/14/2024,0:00,291.939
11/14/2024,6:00,288.109
11/14/2024,12:00,286.913
11/14/2024,18:00,295.249
11/15/2024,0:00,293.073
11/15/2024,6:00,290.843
11/15/2024,12:00,288.638
11/15/2024,18:00,296.281
11/16/2024,0:00,296.829
11/16/2024,6:00,292.85
11/16/2024,12:00,291.837
11/16/2024,18:00,300.914
11/17/2024,0:00,300.19
11/17/2024,6:00,295.941
11/17/2024,12:00,295.601
11/17/2024,18:00,300.379
11/18/2024,0:00,294.6
11/18/2024,6:00,293.79
11/18/2024,12:00,292.374
11/18/2024,18:00,298.658
11/19/2024,0:00,292.84
11/19/2024,6:00,290.839
11/19/2024,12:00,290.503
11/19/2024,18:00,290.462
11/20/2024,0:00,290.049
11/20/2024,6:00,288.136
11/20/2024,12:00,288.303
11/20/2024,18:00,289.929
11/21/2024,0:00,290.743
11/21/2024,6:00,288.341
11/21/2024,12:00,288.613
11/21/2024,18:00,291.596
11/22/2024,0:00,293.802
11/22/2024,6:00,290.836
11/22/2024,12:00,290.563
11/22/2024,18:00,294.913
11/23/2024,0:00,293.806
11/23/2024,6:00,290.015
11/23/2024,12:00,290.351
11/23/2024,18:00,295.709
11/24/2024,0:00,295.427
11/24/2024,6:00,291.105
11/24/2024,12:00,290.032
11/24/2024,18:00,297.196
11/25/2024,0:00,298.688
11/25/2024,6:00,295.069
11/25/2024,12:00,295.087
11/25/2024,18:00,296.806
11/26/2024,0:00,294.013
11/26/2024,6:00,294.053
11/26/2024,12:00,294.463
11/26/2024,18:00,294.416
11/27/2024,0:00,293.884
11/27/2024,6:00,292.562
11/27/2024,12:00,292.971
11/27/2024,18:00,296.382
11/28/2024,0:00,294.968
11/28/2024,6:00,293.527
11/28/2024,12:00,293.305
11/28/2024,18:00,294.024
11/29/2024,0:00,293.982
11/29/2024,6:00,292.336
11/29/2024,12:00,291.342
11/29/2024,18:00,297.018
11/30/2024,0:00,297.669
11/30/2024,6:00,294.827
11/30/2024,12:00,293.608
11/30/2024,18:00,295.134
12/1/2024,0:00,297.784
12/1/2024,6:00,292.785
12/1/2024,12:00,290.917
12/1/2024,18:00,297.143
12/2/2024,0:00,295.081
12/2/2024,6:00,291.762
12/2/2024,12:00,290.607
12/2/2024,18:00,293.371
12/3/2024,0:00,291.305
12/3/2024,6:00,288.24
12/3/2024,12:00,286.138
12/3/2024,18:00,293.809
12/4/2024,0:00,289.662
12/4/2024,6:00,285.732
12/4/2024,12:00,285.006
12/4/2024,18:00,291.787
12/5/2024,0:00,292.377
12/5/2024,6:00,288.067
12/5/2024,12:00,287.786
12/5/2024,18:00,297.092
12/6/2024,0:00,298.444
12/6/2024,6:00,294.766
12/6/2024,12:00,295.337
12/6/2024,18:00,298.602
12/7/2024,0:00,295.063
12/7/2024,6:00,293.216
12/7/2024,12:00,293.022
12/7/2024,18:00,292.831
12/8/2024,0:00,294.434
12/8/2024,6:00,291.122
12/8/2024,12:00,287.629
12/8/2024,18:00,289.076
12/9/2024,0:00,291.712
12/9/2024,6:00,288.312
12/9/2024,12:00,287.578
12/9/2024,18:00,292.51
12/10/2024,0:00,292.043
12/10/2024,6:00,287.123
12/10/2024,12:00,286.47
12/10/2024,18:00,293.808
12/11/2024,0:00,293.257
12/11/2024,6:00,289.202
12/11/2024,12:00,288.255
12/11/2024,18:00,293.872
12/12/2024,0:00,296.085
12/12/2024,6:00,292.387
12/12/2024,12:00,290.491
12/12/2024,18:00,297.292
12/13/2024,0:00,299.023
12/13/2024,6:00,295.645
12/13/2024,12:00,293.543
12/13/2024,18:00,293.385
12/14/2024,0:00,293.937
12/14/2024,6:00,293.653
12/14/2024,12:00,292.332
12/14/2024,18:00,297.048
12/15/2024,0:00,295.603
12/15/2024,6:00,289.674
12/15/2024,12:00,289.191
12/15/2024,18:00,292.657
12/16/2024,0:00,291.859
12/16/2024,6:00,288.39
12/16/2024,12:00,287.164
12/16/2024,18:00,293.553
12/17/2024,0:00,293.837
12/17/2024,6:00,289.136
12/17/2024,12:00,288.28
12/17/2024,18:00,294.884
12/18/2024,0:00,293.216
12/18/2024,6:00,290.092
12/18/2024,12:00,288.393
12/18/2024,18:00,296.083
12/19/2024,0:00,297.479
12/19/2024,6:00,294.279
12/19/2024,12:00,293.173
12/19/2024,18:00,292.949
12/20/2024,0:00,291.968
12/20/2024,6:00,291.685
12/20/2024,12:00,291.056
12/20/2024,18:00,296.851
12/21/2024,0:00,297.621
12/21/2024,6:00,293.818
12/21/2024,12:00,291.65
12/21/2024,18:00,297.218
12/22/2024,0:00,293.192
12/22/2024,6:00,288.647
12/22/2024,12:00,288.231
12/22/2024,18:00,293.203
12/23/2024,0:00,293.274
12/23/2024,6:00,289.456
12/23/2024,12:00,286.469
12/23/2024,18:00,293.931
12/24/2024,0:00,294.318
12/24/2024,6:00,290.377
12/24/2024,12:00,288.299
12/24/2024,18:00,296.392
12/25/2024,0:00,298.345
12/25/2024,6:00,289.622
12/25/2024,12:00,288.197
12/25/2024,18:00,295.874
12/26/2024,0:00,294.042
12/26/2024,6:00,289.569
12/26/2024,12:00,287.356
12/26/2024,18:00,293.201
12/27/2024,0:00,293.909
12/27/2024,6:00,290.454
12/27/2024,12:00,288.857
12/27/2024,18:00,296.287
12/28/2024,0:00,295.743
12/28/2024,6:00,292.289
12/28/2024,12:00,289.582
12/28/2024,18:00,296.894
12/29/2024,0:00,296.397
12/29/2024,6:00,291.488
12/29/2024,12:00,288.973
12/29/2024,18:00,296.627
12/30/2024,0:00,296.718
12/30/2024,6:00,291.427
12/30/2024,12:00,288.969
12/30/2024,18:00,296.264
12/31/2024,0:00,298.896
12/31/2024,6:00,293.37
12/31/2024,12:00,291.45
12/31/2024,18:00,299.219
1/1/2025,0:00,302.103
1/1/2025,6:00,293.782
1/1/2025,12:00,292.982
1/1/2025,18:00,301.72
1/2/2025,0:00,300.592
1/2/2025,6:00,295.395
1/2/2025,12:00,294.856
1/2/2025,18:00,304.901
1/3/2025,0:00,301.902
1/3/2025,6:00,293.942
1/3/2025,12:00,291.198
1/3/2025,18:00,300.472
1/4/2025,0:00,298.507
1/4/2025,6:00,291.843
1/4/2025,12:00,289.128
1/4/2025,18:00,296.823
1/5/2025,0:00,296.928
1/5/2025,6:00,291.414
1/5/2025,12:00,288.953
1/5/2025,18:00,298.06
1/6/2025,0:00,297.931
1/6/2025,6:00,291.527
1/6/2025,12:00,288.336
1/6/2025,18:00,297.28
1/7/2025,0:00,298.637
1/7/2025,6:00,291.905
1/7/2025,12:00,289.141
1/7/2025,18:00,297.423
1/8/2025,0:00,298.207
1/8/2025,6:00,292.344
1/8/2025,12:00,289.428
1/8/2025,18:00,297.764
1/9/2025,0:00,298.657
1/9/2025,6:00,292.5
1/9/2025,12:00,289.637
1/9/2025,18:00,297.054
1/10/2025,0:00,301.455
1/10/2025,6:00,293.783
1/10/2025,12:00,291.675
1/10/2025,18:00,299.167
1/11/2025,0:00,302.923
1/11/2025,6:00,294.309
1/11/2025,12:00,291.523
1/11/2025,18:00,298.364
1/12/2025,0:00,299.799
1/12/2025,6:00,292.331
1/12/2025,12:00,289.075
1/12/2025,18:00,296.994
1/13/2025,0:00,298.745
1/13/2025,6:00,292.477
1/13/2025,12:00,290.155
1/13/2025,18:00,297.14
1/14/2025,0:00,300.182
1/14/2025,6:00,293.5
1/14/2025,12:00,291.102
1/14/2025,18:00,299.098
1/15/2025,0:00,301.195
1/15/2025,6:00,295.051
1/15/2025,12:00,294.057
1/15/2025,18:00,300.302
1/16/2025,0:00,301.81
1/16/2025,6:00,296.55
1/16/2025,12:00,294.747
1/16/2025,18:00,302.456
1/17/2025,0:00,295.355
1/17/2025,6:00,293.711
1/17/2025,12:00,293.5
1/17/2025,18:00,301.969
1/18/2025,0:00,305.219
1/18/2025,6:00,296.964
1/18/2025,12:00,295.944
1/18/2025,18:00,304.206
1/19/2025,0:00,304.606
1/19/2025,6:00,298.473
1/19/2025,12:00,295.534
1/19/2025,18:00,303.164
1/20/2025,0:00,297.412
1/20/2025,6:00,293.595
1/20/2025,12:00,291.261
1/20/2025,18:00,298.283
1/21/2025,0:00,297.989
1/21/2025,6:00,291.093
1/21/2025,12:00,290.377
1/21/2025,18:00,297.479
1/22/2025,0:00,300.835
1/22/2025,6:00,294.094
1/22/2025,12:00,292.457
1/22/2025,18:00,301.365
1/23/2025,0:00,303.502
1/23/2025,6:00,297.595
1/23/2025,12:00,294.396
1/23/2025,18:00,303.423
1/24/2025,0:00,303.926
1/24/2025,6:00,296.325
1/24/2025,12:00,295.293
1/24/2025,18:00,297.832
1/25/2025,0:00,294.221
1/25/2025,6:00,296.608
1/25/2025,12:00,293.711
1/25/2025,18:00,299.187
1/26/2025,0:00,305.707
1/26/2025,6:00,298.569
1/26/2025,12:00,294.837
1/26/2025,18:00,300.333
1/27/2025,0:00,300.429
1/27/2025,6:00,294.523
1/27/2025,12:00,292.154
1/27/2025,18:00,298.513
1/28/2025,0:00,301.63
1/28/2025,6:00,294.98
1/28/2025,12:00,294.086
1/28/2025,18:00,300.96
1/29/2025,0:00,305.55
1/29/2025,6:00,297.698
1/29/2025,12:00,295.494
1/29/2025,18:00,299.882
1/30/2025,0:00,297.468
1/30/2025,6:00,294.051
1/30/2025,12:00,293.498
1/30/2025,18:00,298.396
1/31/2025,0:00,299.927
1/31/2025,6:00,294.149
1/31/2025,12:00,291.5
1/31/2025,18:00,298.185
2/1/2025,0:00,302.382
2/1/2025,6:00,295.199
2/1/2025,12:00,291.565
2/1/2025,18:00,299.475
2/2/2025,0:00,301.068
2/2/2025,6:00,296.518
2/2/2025,12:00,293.332
2/2/2025,18:00,301.421
2/3/2025,0:00,302.992
2/3/2025,6:00,297.777
2/3/2025,12:00,294.809
2/3/2025,18:00,304.055
2/4/2025,0:00,305.587
2/4/2025,6:00,298.208
2/4/2025,12:00,297.386
2/4/2025,18:00,306.296
2/5/2025,0:00,306.256
2/5/2025,6:00,301.006
2/5/2025,12:00,298.526
2/5/2025,18:00,306.566
2/6/2025,0:00,309.018
2/6/2025,6:00,296.347
2/6/2025,12:00,298.419
2/6/2025,18:00,303.284
2/7/2025,0:00,305.398
2/7/2025,6:00,297.507
2/7/2025,12:00,294.107
2/7/2025,18:00,301.305
2/8/2025,0:00,302.635
2/8/2025,6:00,295.765
2/8/2025,12:00,292.79
2/8/2025,18:00,300.24
2/9/2025,0:00,303.566
2/9/2025,6:00,297.352
2/9/2025,12:00,295.568
2/9/2025,18:00,304.145
2/10/2025,0:00,304.319
2/10/2025,6:00,298.886
2/10/2025,12:00,295.625
2/10/2025,18:00,305.377
2/11/2025,0:00,307.408
2/11/2025,6:00,302.093
2/11/2025,12:00,300.532
2/11/2025,18:00,307.179
2/12/2025,0:00,304.514
2/12/2025,6:00,298.136
2/12/2025,12:00,298.287
2/12/2025,18:00,306.085
2/13/2025,0:00,303.809
2/13/2025,6:00,294.629
2/13/2025,12:00,294.259
2/13/2025,18:00,295.427
2/14/2025,0:00,299.983
2/14/2025,6:00,296.639
2/14/2025,12:00,294.176
2/14/2025,18:00,299.287
2/15/2025,0:00,302.336
2/15/2025,6:00,297.349
2/15/2025,12:00,294.822
2/15/2025,18:00,301.893
2/16/2025,0:00,297.971
2/16/2025,6:00,295.641
2/16/2025,12:00,295.581
2/16/2025,18:00,302.361
2/17/2025,0:00,296.291
2/17/2025,6:00,295.275
2/17/2025,12:00,295.732
2/17/2025,18:00,295.723
2/18/2025,0:00,294.623
2/18/2025,6:00,292.734
2/18/2025,12:00,291.924
2/18/2025,18:00,293.251
2/19/2025,0:00,295.643
2/19/2025,6:00,291.661
2/19/2025,12:00,290.533
2/19/2025,18:00,295.937
2/20/2025,0:00,297.166
2/20/2025,6:00,294.262
2/20/2025,12:00,292.165
2/20/2025,18:00,297.977
2/21/2025,0:00,299.132
2/21/2025,6:00,296.886
2/21/2025,12:00,294.778
2/21/2025,18:00,299.998
2/22/2025,0:00,301.958
2/22/2025,6:00,297.677
2/22/2025,12:00,296.455
2/22/2025,18:00,302.083
2/23/2025,0:00,305.237
2/23/2025,6:00,298.11
2/23/2025,12:00,294.707
2/23/2025,18:00,300.799
2/24/2025,0:00,301.87
2/24/2025,6:00,297.257
2/24/2025,12:00,295.145
2/24/2025,18:00,302.085
2/25/2025,0:00,303.265
2/25/2025,6:00,300.614
2/25/2025,12:00,298.8
2/25/2025,18:00,302.816
2/26/2025,0:00,305.875
2/26/2025,6:00,301.654
2/26/2025,12:00,298.741
2/26/2025,18:00,304.29
2/27/2025,0:00,297.633
2/27/2025,6:00,296.332
2/27/2025,12:00,295.957
2/27/2025,18:00,300.327
2/28/2025,0:00,296.587
2/28/2025,6:00,295.8
2/28/2025,12:00,296.47
2/28/2025,18:00,300.311
3/1/2025,0:00,301.556
3/1/2025,6:00,296.954
3/1/2025,12:00,297.541
3/1/2025,18:00,302.33
3/2/2025,0:00,301.174
3/2/2025,6:00,296.303
3/2/2025,12:00,297.552
3/2/2025,18:00,302.73
3/3/2025,0:00,301.326
3/3/2025,6:00,297.929
3/3/2025,12:00,297.876
3/3/2025,18:00,305.379
3/4/2025,0:00,306.336
3/4/2025,6:00,301.408
3/4/2025,12:00,298.885
3/4/2025,18:00,305.696
3/5/2025,0:00,304.766
3/5/2025,6:00,299.35
3/5/2025,12:00,296.384
3/5/2025,18:00,301.951
3/6/2025,0:00,305.106
3/6/2025,6:00,300.303
3/6/2025,12:00,297.438
3/6/2025,18:00,303.804
3/7/2025,0:00,303.432
3/7/2025,6:00,298.692
3/7/2025,12:00,296.584
3/7/2025,18:00,301.961
3/8/2025,0:00,301.745
3/8/2025,6:00,299.132
3/8/2025,12:00,297.039
3/8/2025,18:00,303.932
3/9/2025,0:00,302.358
3/9/2025,6:00,293.008
3/9/2025,12:00,291.54
3/9/2025,18:00,291.603
3/10/2025,0:00,291.604
3/10/2025,6:00,290.015
3/10/2025,12:00,286.698
3/10/2025,18:00,293.03
3/11/2025,0:00,294.517
3/11/2025,6:00,290.166
3/11/2025,12:00,287.556
3/11/2025,18:00,295.228
3/12/2025,0:00,296.321
3/12/2025,6:00,292.082
3/12/2025,12:00,289.986
3/12/2025,18:00,295.913
3/13/2025,0:00,293.06
3/13/2025,6:00,289.697
3/13/2025,12:00,288.263
3/13/2025,18:00,291.741
3/14/2025,0:00,292.7
3/14/2025,6:00,287.239
3/14/2025,12:00,284.563
3/14/2025,18:00,291.467
3/15/2025,0:00,294.132
3/15/2025,6:00,289.673
3/15/2025,12:00,287.094
3/15/2025,18:00,294.558
3/16/2025,0:00,294.105
3/16/2025,6:00,289.946
3/16/2025,12:00,288.1
3/16/2025,18:00,295
3/17/2025,0:00,296.728
3/17/2025,6:00,291.938
3/17/2025,12:00,289.849
3/17/2025,18:00,296.172
3/18/2025,0:00,297.944
3/18/2025,6:00,293.204
3/18/2025,12:00,290.811
3/18/2025,18:00,297.553
3/19/2025,0:00,297.888
3/19/2025,6:00,291.605
3/19/2025,12:00,289.489
3/19/2025,18:00,296.589
3/20/2025,0:00,296.616
3/20/2025,6:00,291.322
3/20/2025,12:00,289.711
3/20/2025,18:00,297.22
3/21/2025,0:00,298.264
3/21/2025,6:00,293.167
3/21/2025,12:00,290.191
3/21/2025,18:00,298.017
3/22/2025,0:00,299.32
3/22/2025,6:00,294.501
3/22/2025,12:00,293.036
3/22/2025,18:00,294.736
3/23/2025,0:00,296.1
3/23/2025,6:00,292.1
3/23/2025,12:00,290.914
3/23/2025,18:00,295.157
3/24/2025,0:00,299.202
3/24/2025,6:00,296.75
3/24/2025,12:00,292.891
3/24/2025,18:00,296.823
3/25/2025,0:00,294.264
3/25/2025,6:00,293.326
3/25/2025,12:00,292.676
3/25/2025,18:00,296.5
3/26/2025,0:00,299.495
3/26/2025,6:00,294.336
3/26/2025,12:00,293.122
3/26/2025,18:00,294.766
3/27/2025,0:00,298.091
3/27/2025,6:00,294.236
3/27/2025,12:00,292.714
3/27/2025,18:00,294.377
3/28/2025,0:00,294.044
3/28/2025,6:00,292.621
3/28/2025,12:00,292.758
3/28/2025,18:00,295.207
3/29/2025,0:00,291.041
3/29/2025,6:00,294.481
3/29/2025,12:00,293.127
3/29/2025,18:00,296.333
3/30/2025,0:00,297.544
3/30/2025,6:00,294.655
3/30/2025,12:00,293.084
3/30/2025,18:00,297.501
3/31/2025,0:00,298.847
3/31/2025,6:00,297.536
3/31/2025,12:00,294.338
3/31/2025,18:00,293.504
4/1/2025,0:00,288.111
4/1/2025,6:00,287.606
4/1/2025,12:00,288.281
4/1/2025,18:00,288.722
4/2/2025,0:00,291.163
4/2/2025,6:00,291.321
4/2/2025,12:00,291.341
4/2/2025,18:00,291.817
4/3/2025,0:00,291.64
4/3/2025,6:00,291.449
4/3/2025,12:00,291.615
4/3/2025,18:00,293.577
4/4/2025,0:00,291.693
4/4/2025,6:00,287.548
4/4/2025,12:00,282.319
4/4/2025,18:00,285.215
4/5/2025,0:00,284.636
4/5/2025,6:00,281.918
4/5/2025,12:00,280.635
4/5/2025,18:00,286.113
4/6/2025,0:00,289.12
4/6/2025,6:00,288.105
4/6/2025,12:00,286.06
4/6/2025,18:00,290.303
4/7/2025,0:00,293.709
4/7/2025,6:00,291.3
4/7/2025,12:00,289.019
4/7/2025,18:00,288.701
4/8/2025,0:00,289.904
4/8/2025,6:00,289.606
4/8/2025,12:00,287.52
4/8/2025,18:00,289.714
4/9/2025,0:00,290.077
4/9/2025,6:00,289.671
4/9/2025,12:00,289.668
4/9/2025,18:00,290.6
4/10/2025,0:00,291.1
4/10/2025,6:00,288.327
4/10/2025,12:00,287.315
4/10/2025,18:00,291.728
4/11/2025,0:00,293.6
4/11/2025,6:00,289.256
4/11/2025,12:00,287.509
4/11/2025,18:00,292.888
4/12/2025,0:00,292.802
4/12/2025,6:00,290.992
4/12/2025,12:00,289.87
4/12/2025,18:00,292.697
4/13/2025,0:00,294.412
4/13/2025,6:00,290.934
4/13/2025,12:00,289.6
4/13/2025,18:00,292.268
4/14/2025,0:00,288.473
4/14/2025,6:00,284.891
4/14/2025,12:00,283.608
4/14/2025,18:00,288.204
4/15/2025,0:00,288.415
4/15/2025,6:00,286.837
4/15/2025,12:00,284.501
4/15/2025,18:00,289.056
4/16/2025,0:00,290.256
4/16/2025,6:00,286.549
4/16/2025,12:00,285.6
4/16/2025,18:00,290.425
4/17/2025,0:00,290.329
4/17/2025,6:00,287.516
4/17/2025,12:00,285.916
4/17/2025,18:00,291.507
4/18/2025,0:00,292.997
4/18/2025,6:00,291.552
4/18/2025,12:00,291.122
4/18/2025,18:00,293.679
4/19/2025,0:00,294.596
4/19/2025,6:00,289.957
4/19/2025,12:00,288.2
4/19/2025,18:00,290.878
4/20/2025,0:00,287.465
4/20/2025,6:00,283.015
4/20/2025,12:00,281.858
4/20/2025,18:00,286.524
4/21/2025,0:00,288.051
4/21/2025,6:00,284.795
4/21/2025,12:00,283.786
4/21/2025,18:00,287.688
4/22/2025,0:00,288.158
4/22/2025,6:00,284.8
4/22/2025,12:00,283.524
4/22/2025,18:00,288.5
4/23/2025,0:00,289.397
4/23/2025,6:00,286.3
4/23/2025,12:00,285.176
4/23/2025,18:00,291.059
4/24/2025,0:00,291.915
4/24/2025,6:00,290.106
4/24/2025,12:00,289.312
4/24/2025,18:00,292.168
4/25/2025,0:00,291.405
4/25/2025,6:00,288.556
4/25/2025,12:00,288.083
4/25/2025,18:00,292.951
4/26/2025,0:00,293.327
4/26/2025,6:00,291.081
4/26/2025,12:00,289.517
4/26/2025,18:00,294.084
4/27/2025,0:00,294.947
4/27/2025,6:00,293.884
4/27/2025,12:00,290.128
4/27/2025,18:00,290.128
4/28/2025,0:00,287.907
4/28/2025,6:00,284.061
4/28/2025,12:00,283.025
4/28/2025,18:00,287.942
4/29/2025,0:00,286.739
4/29/2025,6:00,283.794
4/29/2025,12:00,282.4
4/29/2025,18:00,287.363
4/30/2025,0:00,286.889
4/30/2025,6:00,284.091
4/30/2025,12:00,282.361
4/30/2025,18:00,287.629
5/1/2025,0:00,287.388
5/1/2025,6:00,284.545
5/1/2025,12:00,282.84
5/1/2025,18:00,288.5
5/2/2025,0:00,290.015
5/2/2025,6:00,288.062
5/2/2025,12:00,287.785
5/2/2025,18:00,290.03
5/3/2025,0:00,290.388
5/3/2025,6:00,288.68
5/3/2025,12:00,287.911
5/3/2025,18:00,292.004
5/4/2025,0:00,292.207
5/4/2025,6:00,289.522
5/4/2025,12:00,287.869
5/4/2025,18:00,292.75
5/5/2025,0:00,293.61
5/5/2025,6:00,290.893
5/5/2025,12:00,290.671
5/5/2025,18:00,295.685
5/6/2025,0:00,294.985
5/6/2025,6:00,291.819
5/6/2025,12:00,291.132
5/6/2025,18:00,294.956
5/7/2025,0:00,293.479
5/7/2025,6:00,291.457
5/7/2025,12:00,291.039
5/7/2025,18:00,293.468
5/8/2025,0:00,293.721
5/8/2025,6:00,293.4
5/8/2025,12:00,292.329
5/8/2025,18:00,294.654
5/9/2025,0:00,298.281
5/9/2025,6:00,293.9
5/9/2025,12:00,293.639
5/9/2025,18:00,291.856
5/10/2025,0:00,289.435
5/10/2025,6:00,286.996
5/10/2025,12:00,286.127
5/10/2025,18:00,289.135
5/11/2025,0:00,288.071
5/11/2025,6:00,286.199
5/11/2025,12:00,284.246
5/11/2025,18:00,287.056
5/12/2025,0:00,285.532
5/12/2025,6:00,284.085
5/12/2025,12:00,282.208
5/12/2025,18:00,285.94
5/13/2025,0:00,287.339
5/13/2025,6:00,285.202
5/13/2025,12:00,284.754
5/13/2025,18:00,288.841
5/14/2025,0:00,290.857
5/14/2025,6:00,289.227
5/14/2025,12:00,288.428
5/14/2025,18:00,291.975
5/15/2025,0:00,292.89
5/15/2025,6:00,291.843
5/15/2025,12:00,291.442
5/15/2025,18:00,292.8
5/16/2025,0:00,293.8
5/16/2025,6:00,291.2
5/16/2025,12:00,289.921
5/16/2025,18:00,291.832
5/17/2025,0:00,291.765
5/17/2025,6:00,290.275
5/17/2025,12:00,290.144
5/17/2025,18:00,292.799
5/18/2025,0:00,294.47
5/18/2025,6:00,293.595
5/18/2025,12:00,292.251
5/18/2025,18:00,292.38
5/19/2025,0:00,291.03
5/19/2025,6:00,290.327
5/19/2025,12:00,290.199
5/19/2025,18:00,290.3
5/20/2025,0:00,290.635
5/20/2025,6:00,290.206
5/20/2025,12:00,289.436
5/20/2025,18:00,289.729
5/21/2025,0:00,288.531
5/21/2025,6:00,284.193
5/21/2025,12:00,284.3
5/21/2025,18:00,285.273
5/22/2025,0:00,283.753
5/22/2025,6:00,282.7
5/22/2025,12:00,281.8
5/22/2025,18:00,283.901
5/23/2025,0:00,284.159
5/23/2025,6:00,282.236
5/23/2025,12:00,281.541
5/23/2025,18:00,283.7
5/24/2025,0:00,285.8
5/24/2025,6:00,283.504
5/24/2025,12:00,284.952
5/24/2025,18:00,286.712
5/25/2025,0:00,288.348
5/25/2025,6:00,288.664
5/25/2025,12:00,287.796
5/25/2025,18:00,289.147
5/26/2025,0:00,290.989
5/26/2025,6:00,290.509
5/26/2025,12:00,291.003
5/26/2025,18:00,291.754
5/27/2025,0:00,291.728
5/27/2025,6:00,291.504
5/27/2025,12:00,290.564
5/27/2025,18:00,292.289
5/28/2025,0:00,287.87
5/28/2025,6:00,285.404
5/28/2025,12:00,282.277
5/28/2025,18:00,281.554
5/29/2025,0:00,280.804
5/29/2025,6:00,280.73
5/29/2025,12:00,279.228
5/29/2025,18:00,280.795
5/30/2025,0:00,281.51
5/30/2025,6:00,279.41
5/30/2025,12:00,278.665
5/30/2025,18:00,281.394
5/31/2025,0:00,281.471
5/31/2025,6:00,280.042
5/31/2025,12:00,279.4
5/31/2025,18:00,281.8
6/1/2025,0:00,282.1
6/1/2025,6:00,280.281
6/1/2025,12:00,279.2
6/1/2025,18:00,281.904
6/2/2025,0:00,281.804
6/2/2025,6:00,280.536
6/2/2025,12:00,280.221
6/2/2025,18:00,282.3
6/3/2025,0:00,286.016
6/3/2025,6:00,284.914
6/3/2025,12:00,285.436
6/3/2025,18:00,287.685
6/4/2025,0:00,290.008
6/4/2025,6:00,289.785
6/4/2025,12:00,290.052
6/4/2025,18:00,291.1
6/5/2025,0:00,290.368
6/5/2025,6:00,289.4
6/5/2025,12:00,286.913
6/5/2025,18:00,288.203
6/6/2025,0:00,286.068
6/6/2025,6:00,283.483
6/6/2025,12:00,282.085
6/6/2025,18:00,284.004
6/7/2025,0:00,283.2
6/7/2025,6:00,281.329
6/7/2025,12:00,280.351
6/7/2025,18:00,282.67
6/8/2025,0:00,282.633
6/8/2025,6:00,280.904
6/8/2025,12:00,279.836
6/8/2025,18:00,282.049
6/9/2025,0:00,283.376
6/9/2025,6:00,281.524
6/9/2025,12:00,279.645
6/9/2025,18:00,281.897
6/10/2025,0:00,281.774
6/10/2025,6:00,278.978
6/10/2025,12:00,277.817
6/10/2025,18:00,280.173
6/11/2025,0:00,281.148
6/11/2025,6:00,279.319
6/11/2025,12:00,277.952
6/11/2025,18:00,280.431
6/12/2025,0:00,280.51
6/12/2025,6:00,279.788
6/12/2025,12:00,279.261
6/12/2025,18:00,281.424
6/13/2025,0:00,283.678
6/13/2025,6:00,281.684
6/13/2025,12:00,280.766
6/13/2025,18:00,283.729
6/14/2025,0:00,286.884
6/14/2025,6:00,286.211
6/14/2025,12:00,286.206
6/14/2025,18:00,286.563
6/15/2025,0:00,287.384
6/15/2025,6:00,284.59
6/15/2025,12:00,284.1
6/15/2025,18:00,284.029
6/16/2025,0:00,282.777
6/16/2025,6:00,281.225
6/16/2025,12:00,280.548
6/16/2025,18:00,282.9
6/17/2025,0:00,290.984
6/17/2025,6:00,290.806
6/17/2025,12:00,291.852
6/17/2025,18:00,291.329
6/18/2025,0:00,291.724
6/18/2025,6:00,291.358
6/18/2025,12:00,290.874
6/18/2025,18:00,288.864
6/19/2025,0:00,286.431
6/19/2025,6:00,285.447
6/19/2025,12:00,285.933
6/19/2025,18:00,285.982
6/20/2025,0:00,286.242
6/20/2025,6:00,286.442
6/20/2025,12:00,285.273
6/20/2025,18:00,285.229
6/21/2025,0:00,286.156
6/21/2025,6:00,283.031
6/21/2025,12:00,282.264
6/21/2025,18:00,284.56
6/22/2025,0:00,284.404
6/22/2025,6:00,282.626
6/22/2025,12:00,281.939
6/22/2025,18:00,284.361
6/23/2025,0:00,285.129
6/23/2025,6:00,283.312
6/23/2025,12:00,277.248
6/23/2025,18:00,278.357
6/24/2025,0:00,276.284
6/24/2025,6:00,273.958
6/24/2025,12:00,273.002
6/24/2025,18:00,275.335
6/25/2025,0:00,276.324
6/25/2025,6:00,275.3
6/25/2025,12:00,274.365
6/25/2025,18:00,276.91
6/26/2025,0:00,282.206
6/26/2025,6:00,281.545
6/26/2025,12:00,281.998
6/26/2025,18:00,282.409
6/27/2025,0:00,280.835
6/27/2025,6:00,278.778
6/27/2025,12:00,277.118
6/27/2025,18:00,279.085
6/28/2025,0:00,280.012
6/28/2025,6:00,279.91
6/28/2025,12:00,279.856
6/28/2025,18:00,281.684
6/29/2025,0:00,283.705
6/29/2025,6:00,282.744
6/29/2025,12:00,282.672
6/29/2025,18:00,282.716
6/30/2025,0:00,281.774
6/30/2025,6:00,278.897
6/30/2025,12:00,274.629
6/30/2025,18:00,276.31
7/1/2025,0:00,275.646
7/1/2025,6:00,273.875
7/1/2025,12:00,272.995
7/1/2025,18:00,275.218
7/2/2025,0:00,275.124
7/2/2025,6:00,273.936
7/2/2025,12:00,273.236
7/2/2025,18:00,275.846
7/3/2025,0:00,277.5
7/3/2025,6:00,276.203
7/3/2025,12:00,275.658
7/3/2025,18:00,278.309
7/4/2025,0:00,281.106
7/4/2025,6:00,279.9
7/4/2025,12:00,279.348
7/4/2025,18:00,281.712
7/5/2025,0:00,285.169
7/5/2025,6:00,283.6
7/5/2025,12:00,283.108
7/5/2025,18:00,285.469
7/6/2025,0:00,286.5
7/6/2025,6:00,284.256
7/6/2025,12:00,283.243
7/6/2025,18:00,284.668
7/7/2025,0:00,285.1
7/7/2025,6:00,283.084
7/7/2025,12:00,283.317
7/7/2025,18:00,286.195
7/8/2025,0:00,287.463
7/8/2025,6:00,285.29
7/8/2025,12:00,284.191
7/8/2025,18:00,285.854
7/9/2025,0:00,285.719
7/9/2025,6:00,283.702
7/9/2025,12:00,282.428
7/9/2025,18:00,284.472
7/10/2025,0:00,284.477
7/10/2025,6:00,282.495
7/10/2025,12:00,281.3
7/10/2025,18:00,283.235
7/11/2025,0:00,285.937
7/11/2025,6:00,284.055
7/11/2025,12:00,283.5
7/11/2025,18:00,285.267
7/12/2025,0:00,286.801
7/12/2025,6:00,284.604
7/12/2025,12:00,283.355
7/12/2025,18:00,285.3
7/13/2025,0:00,286.194
7/13/2025,6:00,284.705
7/13/2025,12:00,285.101
7/13/2025,18:00,287.006
7/14/2025,0:00,288.236
7/14/2025,6:00,286.874
7/14/2025,12:00,285.894
7/14/2025,18:00,287.394
7/15/2025,0:00,289.737
7/15/2025,6:00,288.123
7/15/2025,12:00,287.671
7/15/2025,18:00,289.65
7/16/2025,0:00,290.328
7/16/2025,6:00,288.962
7/16/2025,12:00,288.102
7/16/2025,18:00,290.515
7/17/2025,0:00,286.315
7/17/2025,6:00,282.825
7/17/2025,12:00,281.399
7/17/2025,18:00,281.01
7/18/2025,0:00,281.482
7/18/2025,6:00,282.169
7/18/2025,12:00,279.6
7/18/2025,18:00,281.612
7/19/2025,0:00,282.6
7/19/2025,6:00,281.2
7/19/2025,12:00,280.5
7/19/2025,18:00,283.412
7/20/2025,0:00,284.936
7/20/2025,6:00,283.2
7/20/2025,12:00,282.463
7/20/2025,18:00,284.791
7/21/2025,0:00,286.643
7/21/2025,6:00,285.398
7/21/2025,12:00,285.145
7/21/2025,18:00,287.609
7/22/2025,0:00,289.082
7/22/2025,6:00,287.937
7/22/2025,12:00,287.427
7/22/2025,18:00,289.515
7/23/2025,0:00,288.719
7/23/2025,6:00,285.119
7/23/2025,12:00,283.318
7/23/2025,18:00,283.5
7/24/2025,0:00,285.637
7/24/2025,6:00,282.835
7/24/2025,12:00,281.221
7/24/2025,18:00,281.667
7/25/2025,0:00,284.533
7/25/2025,6:00,284.702
7/25/2025,12:00,285.054
7/25/2025,18:00,287.533
7/26/2025,0:00,289.842
7/26/2025,6:00,288.419
7/26/2025,12:00,288
7/26/2025,18:00,289.693
7/27/2025,0:00,290.257
7/27/2025,6:00,288.287
7/27/2025,12:00,287.569
7/27/2025,18:00,287.808
7/28/2025,0:00,285.934
7/28/2025,6:00,284.632
7/28/2025,12:00,283.268
7/28/2025,18:00,283.735
7/29/2025,0:00,282.237
7/29/2025,6:00,279.8
7/29/2025,12:00,278.789
7/29/2025,18:00,281.2
7/30/2025,0:00,281.625
7/30/2025,6:00,279.976
7/30/2025,12:00,279.539
7/30/2025,18:00,282.2
7/31/2025,0:00,283.7
7/31/2025,6:00,282.023
7/31/2025,12:00,281.592
7/31/2025,18:00,284.874
8/1/2025,0:00,287.944
8/1/2025,6:00,286.446
8/1/2025,12:00,287.059
8/1/2025,18:00,288.5
8/2/2025,0:00,289.324
8/2/2025,6:00,289.188
8/2/2025,12:00,287.778
8/2/2025,18:00,290.676
8/3/2025,0:00,291.612
8/3/2025,6:00,290.046
8/3/2025,12:00,288.814
8/3/2025,18:00,288.5
8/4/2025,0:00,285.9
8/4/2025,6:00,285.775
8/4/2025,12:00,283.788
8/4/2025,18:00,283.857
8/5/2025,0:00,283.211
8/5/2025,6:00,281.043
8/5/2025,12:00,279.597
8/5/2025,18:00,281.788
8/6/2025,0:00,282.9
8/6/2025,6:00,281.4
8/6/2025,12:00,280.229
8/6/2025,18:00,282.6
8/7/2025,0:00,286.8
8/7/2025,6:00,285.294
8/7/2025,12:00,284.425
8/7/2025,18:00,285.436
8/8/2025,0:00,284.878
8/8/2025,6:00,281.3
8/8/2025,12:00,279.866
8/8/2025,18:00,283.126
8/9/2025,0:00,281.172
8/9/2025,6:00,280.364
8/9/2025,12:00,277.4
8/9/2025,18:00,280.271
8/10/2025,0:00,281.373
8/10/2025,6:00,279.36
8/10/2025,12:00,278.506
8/10/2025,18:00,282.015
8/11/2025,0:00,282.601
8/11/2025,6:00,281.123
8/11/2025,12:00,280.052
8/11/2025,18:00,283.207
8/12/2025,0:00,284.049
8/12/2025,6:00,281.821
8/12/2025,12:00,281.076
8/12/2025,18:00,284.32
8/13/2025,0:00,285.414
8/13/2025,6:00,283.903
8/13/2025,12:00,282.948
8/13/2025,18:00,286.49
8/14/2025,0:00,287.098
8/14/2025,6:00,281.8
8/14/2025,12:00,279.453
8/14/2025,18:00,281.344
8/15/2025,0:00,282.151
8/15/2025,6:00,280.78
8/15/2025,12:00,279.463
8/15/2025,18:00,281.898
8/16/2025,0:00,286.002
8/16/2025,6:00,283.32
8/16/2025,12:00,282.653
8/16/2025,18:00,285.495
8/17/2025,0:00,287.754
8/17/2025,6:00,285.017
8/17/2025,12:00,283.499
8/17/2025,18:00,286.165
8/18/2025,0:00,287.503
8/18/2025,6:00,286.278
8/18/2025,12:00,285.979
8/18/2025,18:00,287.482
8/19/2025,0:00,290.508
8/19/2025,6:00,289.396
8/19/2025,12:00,289.5
8/19/2025,18:00,289.507
8/20/2025,0:00,287.715
8/20/2025,6:00,285.667
8/20/2025,12:00,285.744
8/20/2025,18:00,285.9
8/21/2025,0:00,285.3
8/21/2025,6:00,283.255
8/21/2025,12:00,282.502
8/21/2025,18:00,286.278
8/22/2025,0:00,289.718
8/22/2025,6:00,288.765
8/22/2025,12:00,289.106
8/22/2025,18:00,294.056
8/23/2025,0:00,293.996
8/23/2025,6:00,289.095
8/23/2025,12:00,282.994
8/23/2025,18:00,282.909
8/24/2025,0:00,281.441
8/24/2025,6:00,279.775
8/24/2025,12:00,278.111
8/24/2025,18:00,281.465
8/25/2025,0:00,281.547
8/25/2025,6:00,279.701
8/25/2025,12:00,278.686
8/25/2025,18:00,282.49
8/26/2025,0:00,283.511
8/26/2025,6:00,281.325
8/26/2025,12:00,280.683
8/26/2025,18:00,284.929
8/27/2025,0:00,285.217
8/27/2025,6:00,283.192
8/27/2025,12:00,282.363
8/27/2025,18:00,285.8
8/28/2025,0:00,286.96
8/28/2025,6:00,285.635
8/28/2025,12:00,284.296
8/28/2025,18:00,287.975
8/29/2025,0:00,289.853
8/29/2025,6:00,286.973
8/29/2025,12:00,285.9
8/29/2025,18:00,288.832
8/30/2025,0:00,290.655
8/30/2025,6:00,288.732
8/30/2025,12:00,287.6
8/30/2025,18:00,291.445
8/31/2025,0:00,293.268
8/31/2025,6:00,290.594
8/31/2025,12:00,289.843
8/31/2025,18:00,293.096
9/1/2025,0:00,294.324
9/1/2025,6:00,291.629
9/1/2025,12:00,289.398
9/1/2025,18:00,291.902
9/2/2025,0:00,291.294
9/2/2025,6:00,290.418
9/2/2025,12:00,290.367
9/2/2025,18:00,291.497
9/3/2025,0:00,293.629
9/3/2025,6:00,292.057
9/3/2025,12:00,291.3
9/3/2025,18:00,293.355
9/4/2025,0:00,292.381
9/4/2025,6:00,288.577
9/4/2025,12:00,284.563
9/4/2025,18:00,283.7
9/5/2025,0:00,283.9
9/5/2025,6:00,278.737
9/5/2025,12:00,278.3
9/5/2025,18:00,281.229
9/6/2025,0:00,280.678
9/6/2025,6:00,277.758
9/6/2025,12:00,276.742
9/6/2025,18:00,280.829
9/7/2025,0:00,280.851
9/7/2025,6:00,278.573
9/7/2025,12:00,278.2
9/7/2025,18:00,282.651
9/8/2025,0:00,287.264
9/8/2025,6:00,286.202
9/8/2025,12:00,286.54
9/8/2025,18:00,286.5
9/9/2025,0:00,286.8
9/9/2025,6:00,285.876
9/9/2025,12:00,284.269
9/9/2025,18:00,287.882
9/10/2025,0:00,286.902
9/10/2025,6:00,284.437
9/10/2025,12:00,283.365
9/10/2025,18:00,288.017
9/11/2025,0:00,288.453
9/11/2025,6:00,286.444
9/11/2025,12:00,285.747
9/11/2025,18:00,290.203
9/12/2025,0:00,286.355
9/12/2025,6:00,283.209
9/12/2025,12:00,282.284
9/12/2025,18:00,286.404
9/13/2025,0:00,285.264
9/13/2025,6:00,282.965
9/13/2025,12:00,281.386
9/13/2025,18:00,285.355
9/14/2025,0:00,289.341
9/14/2025,6:00,287.505
9/14/2025,12:00,287.13
9/14/2025,18:00,291.136
9/15/2025,0:00,293.218
9/15/2025,6:00,291.303
9/15/2025,12:00,290.807
9/15/2025,18:00,292.708
9/16/2025,0:00,290.446
9/16/2025,6:00,289.341
9/16/2025,12:00,288.128
9/16/2025,18:00,291.603
9/17/2025,0:00,290.2
9/17/2025,6:00,287.396
9/17/2025,12:00,286.703
9/17/2025,18:00,290.316
9/18/2025,0:00,290.265
9/18/2025,6:00,288.585
9/18/2025,12:00,287.935
9/18/2025,18:00,290.962
9/19/2025,0:00,293.269
9/19/2025,6:00,292.257
9/19/2025,12:00,291.462
9/19/2025,18:00,294.835
9/20/2025,0:00,295.751
9/20/2025,6:00,292.724
9/20/2025,12:00,291.948
9/20/2025,18:00,293.375
9/21/2025,0:00,291.803
9/21/2025,6:00,290.874
9/21/2025,12:00,290.718
9/21/2025,18:00,292.666
9/22/2025,0:00,289.698
9/22/2025,6:00,285.329
9/22/2025,12:00,282.898
9/22/2025,18:00,286.929
9/23/2025,0:00,285.562
9/23/2025,6:00,283.377
9/23/2025,12:00,282.195
9/23/2025,18:00,287.168
9/24/2025,0:00,287.153
9/24/2025,6:00,284.512
9/24/2025,12:00,283.406
9/24/2025,18:00,287.988
9/25/2025,0:00,286.577
9/25/2025,6:00,283.563
9/25/2025,12:00,281.806
9/25/2025,18:00,285.173
9/26/2025,0:00,286.206
9/26/2025,6:00,283.081
9/26/2025,12:00,282.212
9/26/2025,18:00,287.048
9/27/2025,0:00,289.801
9/27/2025,6:00,286.443
9/27/2025,12:00,286.067
9/27/2025,18:00,289.309
9/28/2025,0:00,289.796
9/28/2025,6:00,285.39
9/28/2025,12:00,282.663
9/28/2025,18:00,287.5
9/29/2025,0:00,287.212
9/29/2025,6:00,284.856
9/29/2025,12:00,284.075
9/29/2025,18:00,289.556
9/30/2025,0:00,290.8
9/30/2025,6:00,289.162
9/30/2025,12:00,288.045
9/30/2025,18:00,290.75
10/1/2025,0:00,290.247
10/1/2025,6:00,287.651
10/1/2025,12:00,286.931
10/1/2025,18:00,289.636
10/2/2025,0:00,289.643
10/2/2025,6:00,287.647
10/2/2025,12:00,287.471
10/2/2025,18:00,290.608
10/3/2025,0:00,291.396
10/3/2025,6:00,290.17
10/3/2025,12:00,290.647
10/3/2025,18:00,294.004
10/4/2025,0:00,293.333
10/4/2025,6:00,291.314
10/4/2025,12:00,290.291
10/4/2025,18:00,295.155
10/5/2025,0:00,294.875
10/5/2025,6:00,293.68
10/5/2025,12:00,293.042
10/5/2025,18:00,295.572
10/6/2025,0:00,297.656
10/6/2025,6:00,291.546
10/6/2025,12:00,286.24
10/6/2025,18:00,285.468
10/7/2025,0:00,284.967
10/7/2025,6:00,283.434
10/7/2025,12:00,281.601
10/7/2025,18:00,286.688
10/8/2025,0:00,285.306
10/8/2025,6:00,282.575
10/8/2025,12:00,281.434
10/8/2025,18:00,287.586
10/9/2025,0:00,286.563
10/9/2025,6:00,283.462
10/9/2025,12:00,282.32
10/9/2025,18:00,288.713
10/10/2025,0:00,290.024
10/10/2025,6:00,287.626
10/10/2025,12:00,287.011
10/10/2025,18:00,292.794
10/11/2025,0:00,291.5
10/11/2025,6:00,289.618
10/11/2025,12:00,288.631
10/11/2025,18:00,294.4
10/12/2025,0:00,295.495
10/12/2025,6:00,292.97
10/12/2025,12:00,288.124
10/12/2025,18:00,291.664
10/13/2025,0:00,288.501
10/13/2025,6:00,286.362
10/13/2025,12:00,284.69
10/13/2025,18:00,289.966
10/14/2025,0:00,289.009
10/14/2025,6:00,285.499
10/14/2025,12:00,284.498
10/14/2025,18:00,290.931
10/15/2025,0:00,289.031
10/15/2025,6:00,286.197
10/15/2025,12:00,285.407
10/15/2025,18:00,291.137
10/16/2025,0:00,294.8
10/16/2025,6:00,292.388
10/16/2025,12:00,291.956
10/16/2025,18:00,294.206
10/17/2025,0:00,293.906
10/17/2025,6:00,291.436
10/17/2025,12:00,291.838
10/17/2025,18:00,293.028
10/18/2025,0:00,292.656
10/18/2025,6:00,288.296
10/18/2025,12:00,287.326
10/18/2025,18:00,290.029
10/19/2025,0:00,287.125
10/19/2025,6:00,282.788
10/19/2025,12:00,281.082
10/19/2025,18:00,287.081
10/20/2025,0:00,286.016
10/20/2025,6:00,283.932
10/20/2025,12:00,282.399
10/20/2025,18:00,288.108
10/21/2025,0:00,288.807
10/21/2025,6:00,285.205
10/21/2025,12:00,284.335
10/21/2025,18:00,291.179
10/22/2025,0:00,289.509
10/22/2025,6:00,286.976
10/22/2025,12:00,286.52
10/22/2025,18:00,292.789
10/23/2025,0:00,291.167
10/23/2025,6:00,288.367
10/23/2025,12:00,288.05
10/23/2025,18:00,293.974
10/24/2025,0:00,292.414
10/24/2025,6:00,290.64
10/24/2025,12:00,289.82
10/24/2025,18:00,293.857
10/25/2025,0:00,292.837
10/25/2025,6:00,292.177
10/25/2025,12:00,291.651
10/25/2025,18:00,291.529
10/26/2025,0:00,290.343
10/26/2025,6:00,287.843
10/26/2025,12:00,286.331
10/26/2025,18:00,289
10/27/2025,0:00,290.718
10/27/2025,6:00,287.788
10/27/2025,12:00,287.117
10/27/2025,18:00,292.51
10/28/2025,0:00,291.117
10/28/2025,6:00,286.996
10/28/2025,12:00,285.508
10/28/2025,18:00,287.756
10/29/2025,0:00,285.109
10/29/2025,6:00,284.188
10/29/2025,12:00,283.924
10/29/2025,18:00,283.9
10/30/2025,0:00,285.866
10/30/2025,6:00,282.301
10/30/2025,12:00,282.964
10/30/2025,18:00,288.083
10/31/2025,0:00,287.37
10/31/2025,6:00,284.851
10/31/2025,12:00,283.94
10/31/2025,18:00,289.102
11/1/2025,0:00,288.447
11/1/2025,6:00,286.08
11/1/2025,12:00,285.383
11/1/2025,18:00,292.425
11/2/2025,0:00,292.706
11/2/2025,6:00,290.777
11/2/2025,12:00,290.802
11/2/2025,18:00,294.142
11/3/2025,0:00,292.434
11/3/2025,6:00,288.82
11/3/2025,12:00,287.763
11/3/2025,18:00,293.24
11/4/2025,0:00,291.998
11/4/2025,6:00,289.42
11/4/2025,12:00,287.369
11/4/2025,18:00,294.169
11/5/2025,0:00,295.918
11/5/2025,6:00,290.528
11/5/2025,12:00,288.88
11/5/2025,18:00,292.607
11/6/2025,0:00,289.942
11/6/2025,6:00,285.328
11/6/2025,12:00,284.016
11/6/2025,18:00,289.135
11/7/2025,0:00,288.501
11/7/2025,6:00,287.951
11/7/2025,12:00,285.513
11/7/2025,18:00,285.898
11/8/2025,0:00,287.422
11/8/2025,6:00,286.064
11/8/2025,12:00,285.993
11/8/2025,18:00,286.826
11/9/2025,0:00,286.943
11/9/2025,6:00,284.967
11/9/2025,12:00,284.022
11/9/2025,18:00,290.142
11/10/2025,0:00,289.208
11/10/2025,6:00,285.609
11/10/2025,12:00,284.71
11/10/2025,18:00,292.188
11/11/2025,0:00,290.009
11/11/2025,6:00,286.575
11/11/2025,12:00,285.338
11/11/2025,18:00,293
11/12/2025,0:00,295.283
11/12/2025,6:00,292.384
11/12/2025,12:00,291.857
11/12/2025,18:00,297.881
11/13/2025,0:00,291.93
11/13/2025,6:00,289.98
11/13/2025,12:00,289.621
11/13/2025,18:00,295.254
11/14/2025,0:00,293.663
11/14/2025,6:00,290.336
11/14/2025,12:00,289.168
11/14/2025,18:00,294.528
11/15/2025,0:00,292.821
11/15/2025,6:00,289.854
11/15/2025,12:00,289.662
11/15/2025,18:00,296.616
11/16/2025,0:00,297.053
11/16/2025,6:00,295.257
11/16/2025,12:00,294.257
11/16/2025,18:00,290.595
11/17/2025,0:00,290.314
11/17/2025,6:00,285.773
11/17/2025,12:00,284.854
11/17/2025,18:00,288.911
11/18/2025,0:00,289.025
11/18/2025,6:00,285.694
11/18/2025,12:00,284.459
11/18/2025,18:00,291.893
11/19/2025,0:00,290.627
11/19/2025,6:00,288.114
11/19/2025,12:00,286.704
11/19/2025,18:00,292.948
11/20/2025,0:00,291.297
11/20/2025,6:00,289.335
11/20/2025,12:00,287.804
11/20/2025,18:00,295.946
11/21/2025,0:00,295.143
11/21/2025,6:00,293.289
11/21/2025,12:00,291.432
11/21/2025,18:00,296.566
11/22/2025,0:00,292.396
11/22/2025,6:00,287.716
11/22/2025,12:00,286.294
11/22/2025,18:00,291.696
11/23/2025,0:00,290.067
11/23/2025,6:00,286.259
11/23/2025,12:00,285.043
11/23/2025,18:00,291.358
11/24/2025,0:00,289.602
11/24/2025,6:00,285.969
11/24/2025,12:00,285.247
11/24/2025,18:00,291.938
11/25/2025,0:00,294.763
11/25/2025,6:00,289.703
11/25/2025,12:00,288.223
11/25/2025,18:00,295.895
11/26/2025,0:00,296.147
11/26/2025,6:00,291.32
11/26/2025,12:00,289.557
11/26/2025,18:00,297.456
11/27/2025,0:00,295.876
11/27/2025,6:00,291.168
11/27/2025,12:00,289.666
11/27/2025,18:00,297.628
11/28/2025,0:00,299.008
11/28/2025,6:00,294.781
11/28/2025,12:00,294.042
11/28/2025,18:00,300.965
11/29/2025,0:00,300.286
11/29/2025,6:00,294.568
11/29/2025,12:00,293.725
11/29/2025,18:00,298.005
11/30/2025,0:00,296.074
11/30/2025,6:00,292.972
11/30/2025,12:00,291.676
11/30/2025,18:00,294.009
12/1/2025,0:00,293.887
12/1/2025,6:00,292.464
12/1/2025,12:00,292.128
12/1/2025,18:00,296.581
12/2/2025,0:00,295.823
12/2/2025,6:00,293.08
12/2/2025,12:00,291.543
12/2/2025,18:00,297.86
12/3/2025,0:00,295.578
12/3/2025,6:00,290.772
12/3/2025,12:00,288.592
12/3/2025,18:00,296.434
12/4/2025,0:00,294.209
12/4/2025,6:00,289.119
12/4/2025,12:00,287.873
12/4/2025,18:00,296.606
12/5/2025,0:00,294.769
12/5/2025,6:00,290.503
12/5/2025,12:00,289.195
12/5/2025,18:00,298.376
12/6/2025,0:00,297.249
12/6/2025,6:00,295.016
12/6/2025,12:00,293.497
12/6/2025,18:00,302.218
12/7/2025,0:00,301.239
12/7/2025,6:00,297.881
12/7/2025,12:00,296.17
12/7/2025,18:00,303.525
12/8/2025,0:00,300.372
12/8/2025,6:00,296.213
12/8/2025,12:00,293.797
12/8/2025,18:00,296.851
12/9/2025,0:00,293.609
12/9/2025,6:00,292.848
12/9/2025,12:00,292.956
12/9/2025,18:00,293.552
12/10/2025,0:00,292.028
12/10/2025,6:00,290.293
12/10/2025,12:00,289.837
12/10/2025,18:00,289.984
12/11/2025,0:00,291.185
12/11/2025,6:00,288.611
12/11/2025,12:00,288.212
12/11/2025,18:00,296.442
12/12/2025,0:00,296.678
12/12/2025,6:00,292.228
12/12/2025,12:00,291.177
12/12/2025,18:00,297.972
12/13/2025,0:00,294.839
12/13/2025,6:00,291.223
12/13/2025,12:00,290.307
12/13/2025,18:00,297.684
12/14/2025,0:00,297.576
12/14/2025,6:00,294.658
12/14/2025,12:00,293.415
12/14/2025,18:00,300.617
12/15/2025,0:00,299.546
12/15/2025,6:00,296.853
12/15/2025,12:00,295.895
12/15/2025,18:00,292.615
12/16/2025,0:00,290.621
12/16/2025,6:00,288.532
12/16/2025,12:00,287.819
12/16/2025,18:00,294.321
12/17/2025,0:00,291.769
12/17/2025,6:00,288.148
12/17/2025,12:00,286.548
12/17/2025,18:00,293.728
12/18/2025,0:00,292.309
12/18/2025,6:00,288.954
12/18/2025,12:00,287.337
12/18/2025,18:00,295.27
12/19/2025,0:00,295.747
12/19/2025,6:00,292.551
12/19/2025,12:00,291.294
12/19/2025,18:00,300.164
12/20/2025,0:00,297.933
12/20/2025,6:00,294.79
12/20/2025,12:00,293.11
12/20/2025,18:00,301.075
12/21/2025,0:00,301.681
12/21/2025,6:00,297.882
12/21/2025,12:00,294.356
12/21/2025,18:00,293.614
12/22/2025,0:00,296.559
12/22/2025,6:00,294.694
12/22/2025,12:00,294.895
12/22/2025,18:00,297.2
12/23/2025,0:00,293.866
12/23/2025,6:00,295.141
12/23/2025,12:00,294.977
12/23/2025,18:00,295.08
12/24/2025,0:00,298.063
12/24/2025,6:00,295.008
12/24/2025,12:00,294.765
12/24/2025,18:00,299.314
12/25/2025,0:00,298.803
12/25/2025,6:00,295.541
12/25/2025,12:00,296.258
12/25/2025,18:00,301.553
12/26/2025,0:00,296.775
12/26/2025,6:00,295.287
12/26/2025,12:00,295.319
12/26/2025,18:00,296.389
12/27/2025,0:00,298.299
12/27/2025,6:00,296.078
12/27/2025,12:00,295.201
12/27/2025,18:00,300.353
12/28/2025,0:00,295.149
12/28/2025,6:00,295.047
12/28/2025,12:00,294.809
12/28/2025,18:00,299.276
12/29/2025,0:00,294.962
12/29/2025,6:00,294.4
12/29/2025,12:00,293.68
12/29/2025,18:00,294.854
12/30/2025,0:00,296.039
12/30/2025,6:00,294.333
12/30/2025,12:00,293.083
12/30/2025,18:00,296.614
12/31/2025,0:00,296.644
12/31/2025,6:00,294.697
12/31/2025,12:00,293.249
12/31/2025,18:00,299.014
1/1/2026,0:00,298.951
1/1/2026,6:00,296.418
1/1/2026,12:00,295.742
1/1/2026,18:00,300.885
1/2/2026,0:00,300.593
1/2/2026,6:00,296.294
1/2/2026,12:00,294.128
1/2/2026,18:00,300.324
1/3/2026,0:00,299.709
1/3/2026,6:00,296.373
1/3/2026,12:00,294.511
1/3/2026,18:00,295.669
1/4/2026,0:00,291.999
1/4/2026,6:00,288.25
1/4/2026,12:00,284.634
1/4/2026,18:00,290.495
1/5/2026,0:00,290.896
1/5/2026,6:00,287.645
1/5/2026,12:00,285.058
1/5/2026,18:00,292.264
1/6/2026,0:00,291.938
1/6/2026,6:00,287.896
1/6/2026,12:00,285.804
1/6/2026,18:00,294.019
1/7/2026,0:00,297.206
1/7/2026,6:00,294.464
1/7/2026,12:00,293.55
1/7/2026,18:00,299.895
1/8/2026,0:00,293.401
1/8/2026,6:00,292.504
1/8/2026,12:00,291.6
1/8/2026,18:00,294.734
1/9/2026,0:00,296.656
1/9/2026,6:00,294.133
1/9/2026,12:00,292.192
1/9/2026,18:00,295.488
1/10/2026,0:00,294.828
1/10/2026,6:00,293.17
1/10/2026,12:00,292.79
1/10/2026,18:00,294.541
1/11/2026,0:00,292.409
1/11/2026,6:00,289.957
1/11/2026,12:00,288.748
1/11/2026,18:00,290.907
1/12/2026,0:00,294.295
1/12/2026,6:00,289.856
1/12/2026,12:00,289.264
1/12/2026,18:00,294.911
1/13/2026,0:00,296.338
1/13/2026,6:00,293.032
1/13/2026,12:00,291.889
1/13/2026,18:00,297.285
1/14/2026,0:00,298.754
1/14/2026,6:00,295.43
1/14/2026,12:00,293.981
1/14/2026,18:00,299.29
1/15/2026,0:00,299.701
1/15/2026,6:00,296.447
1/15/2026,12:00,294.806
1/15/2026,18:00,301.501
1/16/2026,0:00,302.238
1/16/2026,6:00,297.523
1/16/2026,12:00,294.319
1/16/2026,18:00,296.491
1/17/2026,0:00,297.38
1/22/2026,18:00,295.52
1/23/2026,0:00,296.983
1/23/2026,6:00,292.681
1/23/2026,12:00,290.051
1/23/2026,18:00,296.741
1/24/2026,0:00,297.145
1/24/2026,6:00,292.16
1/24/2026,12:00,289.753
1/24/2026,18:00,296.261
1/25/2026,0:00,298.804
1/25/2026,6:00,294.672
1/25/2026,12:00,292.126
1/25/2026,18:00,300.394
1/26/2026,0:00,300.678
1/26/2026,6:00,295.828
1/26/2026,12:00,293.669
1/26/2026,18:00,301.52
1/27/2026,0:00,301.317
1/27/2026,6:00,297.384
1/27/2026,12:00,295.736
1/27/2026,18:00,302.779
1/28/2026,0:00,301.622
1/28/2026,6:00,298.61
1/28/2026,12:00,297.177
1/28/2026,18:00,304.186
1/29/2026,0:00,300.776
1/29/2026,6:00,295.922
1/29/2026,12:00,294.331
1/29/2026,18:00,300.33
1/30/2026,0:00,301.414
1/30/2026,6:00,294.187
1/30/2026,12:00,293.123
1/30/2026,18:00,299.348
1/31/2026,0:00,299.003
1/31/2026,6:00,294.651
1/31/2026,12:00,291.95
1/31/2026,18:00,297.775
2/1/2026,0:00,298.134
2/1/2026,6:00,292.256
2/1/2026,12:00,291.554
2/1/2026,18:00,298.385
2/2/2026,0:00,299.744
2/2/2026,6:00,295.136
2/2/2026,12:00,292.529
2/2/2026,18:00,299.931
2/3/2026,0:00,300.902
2/3/2026,6:00,296.177
2/3/2026,12:00,294.199
2/3/2026,18:00,301.802
2/4/2026,0:00,300.965
2/4/2026,6:00,296.34
2/4/2026,12:00,294.964
2/4/2026,18:00,303.022
2/5/2026,0:00,302.533
2/5/2026,6:00,297.43
2/5/2026,12:00,295.246
2/5/2026,18:00,302.599
2/6/2026,0:00,303.161
2/6/2026,6:00,298.584
2/6/2026,12:00,296.041
2/6/2026,18:00,304.2
2/7/2026,0:00,301.353
2/7/2026,6:00,294.896
2/7/2026,12:00,292.579
2/7/2026,18:00,295.337
2/8/2026,0:00,299.002
2/8/2026,6:00,292.72
2/8/2026,12:00,290.301
2/8/2026,18:00,298.038
2/9/2026,0:00,297.275
2/9/2026,6:00,292.427
2/9/2026,12:00,289.904
2/9/2026,18:00,298.113
2/10/2026,0:00,300.403
2/10/2026,6:00,296.009
2/10/2026,12:00,294.428
2/10/2026,18:00,302.907
2/11/2026,0:00,303.916
2/11/2026,6:00,299.766
2/11/2026,12:00,297.546
2/11/2026,18:00,304.41
2/12/2026,0:00,304.621
2/12/2026,6:00,298.712
2/12/2026,12:00,297.965
2/12/2026,18:00,299.915
2/13/2026,0:00,297.393
2/13/2026,6:00,294.025
2/13/2026,12:00,293.37
2/13/2026,18:00,296.865
2/14/2026,0:00,301.461
2/14/2026,6:00,294.59
2/14/2026,12:00,293.107
2/14/2026,18:00,298.165
2/15/2026,0:00,299.594
2/15/2026,6:00,293.533
2/15/2026,12:00,292.767
2/15/2026,18:00,299.686
2/16/2026,0:00,300.412
2/16/2026,6:00,295.834
2/16/2026,12:00,295.635
2/16/2026,18:00,299.751
2/17/2026,0:00,297.552
2/17/2026,6:00,297.137
2/17/2026,12:00,297.527
2/17/2026,18:00,298.681
2/18/2026,0:00,297.035
2/18/2026,6:00,297.901
2/18/2026,12:00,296.219
2/18/2026,18:00,300.77
2/19/2026,0:00,300.305
2/19/2026,6:00,297.245
2/19/2026,12:00,295.339
2/19/2026,18:00,300.613
2/20/2026,0:00,295.105
2/20/2026,6:00,292.919
2/20/2026,12:00,292.634
2/20/2026,18:00,297.089
2/21/2026,0:00,299.507
2/21/2026,6:00,293.862
2/21/2026,12:00,291.685
2/21/2026,18:00,297.234
2/22/2026,0:00,300.501
2/22/2026,6:00,294.332
2/22/2026,12:00,292.762
2/22/2026,18:00,297.499
2/23/2026,0:00,299.562
2/23/2026,6:00,294.859
2/23/2026,12:00,293.955
2/23/2026,18:00,296.965
2/24/2026,0:00,294.5
2/24/2026,6:00,294.068
2/24/2026,12:00,293.285
2/24/2026,18:00,296.267
2/25/2026,0:00,297.015
2/25/2026,6:00,294.823
2/25/2026,12:00,293.53
2/25/2026,18:00,298.789
2/26/2026,0:00,296.564
2/26/2026,6:00,290.506
2/26/2026,12:00,288.5
2/26/2026,18:00,293.687
2/27/2026,0:00,294.551
2/27/2026,6:00,290.128
2/27/2026,12:00,286.837
2/27/2026,18:00,292.998
2/28/2026,0:00,295.495
2/28/2026,6:00,290.78
2/28/2026,12:00,288.324
2/28/2026,18:00,294.546
3/1/2026,0:00,297.261
3/1/2026,6:00,291.993
3/1/2026,12:00,288.794
3/1/2026,18:00,295.225
3/2/2026,0:00,296.902
3/2/2026,6:00,291.926
3/2/2026,12:00,289.563
3/2/2026,18:00,295.386
3/3/2026,0:00,299.293
3/3/2026,6:00,294.938
3/3/2026,12:00,291.972
3/3/2026,18:00,299.64
3/4/2026,0:00,301.366
3/4/2026,6:00,296.173
3/4/2026,12:00,293.999
3/4/2026,18:00,299.396
3/5/2026,0:00,301.886
3/5/2026,6:00,294.655
3/5/2026,12:00,292.79
3/5/2026,18:00,298.672
3/6/2026,0:00,302.022
3/6/2026,6:00,295.761
3/6/2026,12:00,293.255
3/6/2026,18:00,298.379
3/7/2026,0:00,293.652
3/7/2026,6:00,293.212
3/7/2026,12:00,292.698
3/7/2026,18:00,294.928
3/8/2026,0:00,295.586
3/8/2026,6:00,291.403
3/8/2026,12:00,290.512
3/8/2026,18:00,295.751
3/9/2026,0:00,296.469
3/9/2026,6:00,289.663
3/9/2026,12:00,289.746
3/9/2026,18:00,293.433
3/10/2026,0:00,296.255
3/10/2026,6:00,291.636
3/10/2026,12:00,289.712
3/10/2026,18:00,293.793
3/11/2026,0:00,295.501
3/11/2026,6:00,290.804
3/11/2026,12:00,290.994
3/11/2026,18:00,295.684
3/12/2026,0:00,298.038
3/12/2026,6:00,291.921
3/12/2026,12:00,290.719
3/12/2026,18:00,296.222
3/13/2026,0:00,297.128
3/13/2026,6:00,291.061
3/13/2026,12:00,289.094
3/13/2026,18:00,295.811
3/14/2026,0:00,297.185
3/14/2026,6:00,292.365
3/14/2026,12:00,289.972
3/14/2026,18:00,296.284
3/15/2026,0:00,298.257
3/15/2026,6:00,292.851
3/15/2026,12:00,291.2
3/15/2026,18:00,298.106
3/16/2026,0:00,301.655
3/16/2026,6:00,296.216
3/16/2026,12:00,294.251
3/16/2026,18:00,302.159
3/17/2026,0:00,298.077
3/17/2026,6:00,296.158
3/17/2026,12:00,293.898
3/17/2026,18:00,295.739
3/18/2026,0:00,297.181
3/18/2026,6:00,296.913
3/18/2026,12:00,295.022
3/18/2026,18:00,298.436
3/19/2026,0:00,297.177
3/19/2026,6:00,292.099
3/19/2026,12:00,290.825
3/19/2026,18:00,296.171
3/20/2026,0:00,297.865
3/20/2026,6:00,293.844
3/20/2026,12:00,291.012
3/20/2026,18:00,297.976
3/21/2026,0:00,300.593
3/21/2026,6:00,295.361
3/21/2026,12:00,293.546
3/21/2026,18:00,301.737
3/22/2026,0:00,294.75
3/22/2026,6:00,292.343
3/22/2026,12:00,291.333
3/22/2026,18:00,293.111
3/23/2026,0:00,297.737
3/23/2026,6:00,295.793
3/23/2026,12:00,294.557
3/23/2026,18:00,296.925
3/24/2026,0:00,292.145
3/24/2026,6:00,290
3/24/2026,12:00,288.372
3/24/2026,18:00,291.133
3/25/2026,0:00,291.9
3/25/2026,6:00,289.3
3/25/2026,12:00,288.954
3/25/2026,18:00,293.334
3/26/2026,0:00,293.558
3/26/2026,12:00,290.158
3/26/2026,18:00,294.616
3/27/2026,0:00,296.516
3/27/2026,6:00,293.905
3/27/2026,12:00,293.112
3/27/2026,18:00,296.034
3/28/2026,0:00,297.565
3/28/2026,6:00,296.404
3/28/2026,12:00,296.409
3/28/2026,18:00,300.784
3/29/2026,0:00,301.547
3/29/2026,6:00,298.783
3/29/2026,12:00,297.124
3/29/2026,18:00,302.189
3/30/2026,0:00,302.69
3/30/2026,6:00,296.629
3/30/2026,12:00,295.959
3/30/2026,18:00,300.39
3/31/2026,0:00,297.314
3/31/2026,6:00,295.79
3/31/2026,12:00,294.481
3/31/2026,18:00,298.644
4/1/2026,0:00,298.53
4/1/2026,6:00,294.377
4/1/2026,12:00,291.141
4/1/2026,18:00,296.238
4/2/2026,0:00,296.682
4/2/2026,6:00,292.612
4/2/2026,12:00,291.727
4/2/2026,18:00,297.639
4/3/2026,0:00,296.976
4/3/2026,6:00,293.438
4/3/2026,12:00,291.669
4/3/2026,18:00,297.613
4/4/2026,0:00,298.81
4/4/2026,6:00,295.227
4/4/2026,12:00,294.035
4/4/2026,18:00,299.411
4/5/2026,0:00,291.344
4/5/2026,6:00,289.544
4/5/2026,12:00,288.425
4/5/2026,18:00,292.3
4/6/2026,0:00,295.2
4/6/2026,6:00,291.12
4/6/2026,12:00,290.749
4/6/2026,18:00,293.782
4/7/2026,0:00,295.43
4/7/2026,6:00,293.476
4/7/2026,12:00,293.022
4/7/2026,18:00,293.767
4/8/2026,0:00,291.048
4/8/2026,6:00,290.755
4/8/2026,12:00,289.839
4/8/2026,18:00,290.401
4/9/2026,0:00,290.81
4/9/2026,6:00,288.27
4/9/2026,12:00,290.051
4/9/2026,18:00,290.451
4/10/2026,0:00,288.819
4/10/2026,6:00,286.203
4/10/2026,12:00,285.22
4/10/2026,18:00,289.887
4/11/2026,0:00,288.755
4/11/2026,6:00,285.567
4/11/2026,12:00,284.32
4/11/2026,18:00,289.563
4/12/2026,0:00,290.968
4/12/2026,6:00,291.155
4/12/2026,12:00,291.807
4/12/2026,18:00,291.692
4/13/2026,0:00,293.9
4/13/2026,6:00,291.207
4/13/2026,12:00,290.782
4/13/2026,18:00,293.879
4/14/2026,0:00,293.293
4/14/2026,6:00,291.867
4/14/2026,12:00,291.4
4/14/2026,18:00,293.821
4/15/2026,0:00,297.062
4/15/2026,6:00,295.225
4/15/2026,12:00,292.308
4/15/2026,18:00,294.162
4/16/2026,0:00,293.8
4/16/2026,6:00,292.423
4/16/2026,12:00,292.227
4/16/2026,18:00,292.2
4/17/2026,0:00,291.419
4/17/2026,6:00,290.301
4/17/2026,12:00,289.388
4/17/2026,18:00,292.143
4/18/2026,0:00,290.513
4/18/2026,6:00,288.305
4/18/2026,12:00,287.633
4/18/2026,18:00,291.101
4/19/2026,0:00,291.475
4/19/2026,6:00,288.851
4/19/2026,12:00,287.472
4/19/2026,18:00,291.978
4/20/2026,0:00,292.651
4/20/2026,6:00,290.104
4/20/2026,12:00,290.123
4/20/2026,18:00,292.6
4/21/2026,0:00,289.409
4/21/2026,6:00,290.99
4/21/2026,12:00,291.099
4/21/2026,18:00,291.932
4/22/2026,0:00,293.068
4/22/2026,6:00,290.145
4/22/2026,12:00,290.287
4/22/2026,18:00,293.871
4/23/2026,0:00,292.801
4/23/2026,6:00,291.1
4/23/2026,12:00,289.141
4/23/2026,18:00,289.5
4/24/2026,0:00,290.756
4/24/2026,6:00,290.479
4/24/2026,12:00,290.117
4/24/2026,18:00,291.769
4/25/2026,0:00,290.923
4/25/2026,6:00,289.653
4/25/2026,12:00,290.084
4/25/2026,18:00,292.742
4/26/2026,0:00,293.534
4/26/2026,6:00,291.366
4/26/2026,12:00,289.681
4/26/2026,18:00,292.508
4/27/2026,0:00,288.826
4/27/2026,6:00,282.258
4/27/2026,12:00,279.203
4/27/2026,18:00,282.1
4/28/2026,0:00,282.399
4/28/2026,6:00,279.921
4/28/2026,12:00,278.908
4/28/2026,18:00,283.676
4/29/2026,0:00,284
4/29/2026,6:00,281.535
4/29/2026,12:00,281.033
4/29/2026,18:00,286.167
4/30/2026,0:00,286.825
4/30/2026,6:00,284.702
4/30/2026,12:00,283.698
4/30/2026,18:00,288.029
5/1/2026,0:00,288.429
5/1/2026,6:00,288.069
5/1/2026,12:00,288.631
5/1/2026,18:00,292.017
5/2/2026,0:00,293.292
5/2/2026,6:00,292.1
5/2/2026,12:00,291.132
5/2/2026,18:00,291.647
5/3/2026,0:00,284.027
5/3/2026,6:00,279.982
5/3/2026,12:00,278.468
5/3/2026,18:00,282.5
5/4/2026,0:00,283.107
5/4/2026,6:00,281.9
5/4/2026,12:00,281.613
5/4/2026,18:00,287.091
5/5/2026,0:00,290.256
5/5/2026,6:00,291.242
5/5/2026,12:00,290.9
5/5/2026,18:00,294.202
5/6/2026,0:00,294.79
5/6/2026,6:00,293.475
5/6/2026,12:00,292.901
5/6/2026,18:00,295.482
5/7/2026,0:00,296.617
5/7/2026,6:00,296.175
5/7/2026,12:00,296.925
5/7/2026,18:00,296.94
5/8/2026,0:00,286.635
5/8/2026,6:00,282.599
5/8/2026,12:00,281.111
5/8/2026,18:00,283.844
5/9/2026,0:00,282.2
5/9/2026,6:00,279.805
5/9/2026,12:00,278.6
5/9/2026,18:00,281.527
5/10/2026,0:00,281.616
5/10/2026,6:00,281.288
5/10/2026,12:00,278.257
5/10/2026,18:00,280.99
5/11/2026,0:00,279.91
5/11/2026,6:00,277.511
5/11/2026,12:00,276.513
5/11/2026,18:00,280.709
5/12/2026,0:00,281.301
5/12/2026,6:00,279.437
5/12/2026,12:00,278.249
5/12/2026,18:00,282.285
5/13/2026,0:00,283.2
5/13/2026,6:00,281.5
5/13/2026,12:00,280.023
5/13/2026,18:00,284.217
5/14/2026,0:00,285
5/14/2026,6:00,282.506
5/14/2026,12:00,281.251
5/14/2026,18:00,285.142
5/15/2026,0:00,283.086
5/15/2026,6:00,281.158
5/15/2026,12:00,279.857
5/15/2026,18:00,283.538
5/16/2026,0:00,283.959
5/16/2026,6:00,282.396
5/16/2026,12:00,281.255
5/16/2026,18:00,284.465
5/17/2026,0:00,286.951
5/17/2026,6:00,286.652
5/17/2026,12:00,284.9
5/17/2026,18:00,285.925
5/18/2026,0:00,284.19
5/18/2026,6:00,281.68
5/18/2026,12:00,279.257
5/18/2026,18:00,282.029
5/19/2026,0:00,280.783
5/19/2026,6:00,278.464
5/19/2026,12:00,277.594
5/19/2026,18:00,281.431
5/20/2026,0:00,281.252
5/20/2026,6:00,279.067
5/20/2026,12:00,277.839
5/20/2026,18:00,281.777
5/21/2026,0:00,282.3
5/21/2026,6:00,279.358
5/21/2026,12:00,277.719
5/21/2026,18:00,280.836
5/22/2026,0:00,280.033
5/22/2026,6:00,277.665
5/22/2026,12:00,277.165
5/22/2026,18:00,280.6
5/23/2026,0:00,281.277
5/23/2026,6:00,280.11
5/23/2026,12:00,279.812
5/23/2026,18:00,282.659
5/24/2026,0:00,284.614
5/24/2026,6:00,282.783
5/24/2026,12:00,282.577
5/24/2026,18:00,285.106
5/25/2026,0:00,285.553
5/25/2026,6:00,284.159
5/25/2026,12:00,283.957
5/25/2026,18:00,286.119
5/26/2026,0:00,287.971
5/26/2026,6:00,287.065
5/26/2026,12:00,285.638
5/26/2026,18:00,288.306
5/27/2026,0:00,289.408
5/27/2026,6:00,284.357
5/27/2026,12:00,283.19
5/27/2026,18:00,286.138
5/28/2026,0:00,285.408
5/28/2026,6:00,283.776
5/28/2026,12:00,282.418
5/28/2026,18:00,285.291
5/29/2026,0:00,289.082
5/29/2026,6:00,288.139
5/29/2026,12:00,286.256
5/29/2026,18:00,286.8
5/30/2026,0:00,285.892
5/30/2026,6:00,287.245
5/30/2026,12:00,287.161
5/30/2026,18:00,288.4
5/31/2026,0:00,291.932
5/31/2026,6:00,288.059
5/31/2026,12:00,284.45
5/31/2026,18:00,286.924
6/1/2026,0:00,286.002
6/1/2026,6:00,283.103
6/1/2026,12:00,281.617
6/1/2026,18:00,284.398
6/2/2026,0:00,285.366
6/2/2026,6:00,282.144
6/2/2026,12:00,281.4
6/2/2026,18:00,284.063
6/3/2026,0:00,285.7
6/3/2026,6:00,283.701
6/3/2026,12:00,283.168
6/3/2026,18:00,286.117
6/4/2026,0:00,287.6
6/4/2026,6:00,286.016
6/4/2026,12:00,285.31
6/4/2026,18:00,288.184
6/5/2026,0:00,288.809
6/5/2026,6:00,286.772
6/5/2026,12:00,286.642
6/5/2026,18:00,289
6/6/2026,0:00,290.235
6/6/2026,6:00,288.144
6/6/2026,12:00,287.555
6/6/2026,18:00,290.217
6/7/2026,0:00,291.552
6/7/2026,6:00,288.018
6/7/2026,12:00,287.161
6/7/2026,18:00,289.326
6/8/2026,0:00,288.509
6/8/2026,6:00,288.573
6/8/2026,12:00,287.203
6/8/2026,18:00,288.445
6/9/2026,0:00,287.942
6/9/2026,6:00,286.619
6/9/2026,12:00,285.431
6/9/2026,18:00,287.446
6/10/2026,0:00,289.507
6/10/2026,6:00,284.844
6/10/2026,12:00,283.487
6/10/2026,18:00,285.633
6/11/2026,0:00,288.381
6/11/2026,6:00,286.377
6/11/2026,12:00,285.979
6/11/2026,18:00,285.858
6/12/2026,0:00,284.519
6/12/2026,6:00,284.581
6/12/2026,12:00,284.061
6/12/2026,18:00,285.351
6/13/2026,0:00,287.875
6/13/2026,6:00,285.498
6/13/2026,12:00,283.5
6/13/2026,18:00,285.203
6/14/2026,0:00,286.922
6/14/2026,6:00,284.505
6/14/2026,12:00,282.536
6/14/2026,18:00,284.688
6/15/2026,0:00,282.382
6/15/2026,6:00,278.073
6/15/2026,12:00,276.889
6/15/2026,18:00,279.4
6/16/2026,0:00,280.459
6/16/2026,6:00,278.502
6/16/2026,12:00,277.702
6/16/2026,18:00,280.6
6/17/2026,0:00,281.843
6/17/2026,6:00,280.308
6/17/2026,12:00,279.302
6/17/2026,18:00,282.235
6/18/2026,0:00,283.442
6/18/2026,6:00,282.389
6/18/2026,12:00,281.718
6/18/2026,18:00,283.658
6/19/2026,0:00,287.758
6/19/2026,6:00,285.116
6/19/2026,12:00,285.524
6/19/2026,18:00,286.337
6/20/2026,0:00,284.702
6/20/2026,6:00,279.761
6/20/2026,12:00,278.624
6/20/2026,18:00,280.678
6/21/2026,0:00,280.878
6/21/2026,6:00,279.061
6/21/2026,12:00,278.266
6/21/2026,18:00,280.738
6/22/2026,0:00,284.881
6/22/2026,6:00,283.005
6/22/2026,12:00,281.865
6/22/2026,18:00,281.731
6/23/2026,0:00,279.979
6/23/2026,6:00,277.933
6/23/2026,12:00,276.449
6/23/2026,18:00,279.003
6/24/2026,0:00,278.492
6/24/2026,6:00,276.796
6/24/2026,12:00,276
6/24/2026,18:00,278.73
6/25/2026,0:00,280.144
6/25/2026,6:00,279.756
6/25/2026,12:00,279.945
6/25/2026,18:00,281.855
6/26/2026,0:00,281.551
6/26/2026,6:00,279.181
6/26/2026,12:00,277.898
6/26/2026,18:00,280.992
6/27/2026,0:00,282.008
6/27/2026,6:00,280.745
6/27/2026,12:00,280.736
6/27/2026,18:00,283.797
6/28/2026,0:00,289.229
6/28/2026,6:00,288.795
6/28/2026,12:00,289.373
6/28/2026,18:00,288.28
6/29/2026,0:00,283.637
6/29/2026,6:00,280.764
6/29/2026,12:00,279.367
6/29/2026,18:00,281.467
6/30/2026,0:00,282.365
6/30/2026,6:00,280.234
6/30/2026,12:00,278.977
6/30/2026,18:00,280.936
7/1/2026,0:00,282.612
7/1/2026,6:00,281.99
7/1/2026,12:00,281.95
7/1/2026,18:00,283.7
7/2/2026,0:00,286.501
7/2/2026,6:00,285.186
7/2/2026,12:00,283.169
7/2/2026,18:00,283.3
7/3/2026,0:00,280.344
7/3/2026,6:00,276
7/3/2026,12:00,273.356
7/3/2026,18:00,275.845
7/4/2026,0:00,277.658
7/4/2026,6:00,276.116
7/4/2026,12:00,275.6
7/4/2026,18:00,278.712
7/5/2026,0:00,281.216
7/5/2026,6:00,280.189
7/5/2026,12:00,279.332
7/5/2026,18:00,281.716
7/6/2026,0:00,284.718
7/6/2026,6:00,280.098
7/6/2026,12:00,278.198
7/6/2026,18:00,280.196
7/7/2026,0:00,279.499
7/7/2026,6:00,277.48
7/7/2026,12:00,276.342
7/7/2026,18:00,278.815
7/8/2026,0:00,280.667
7/8/2026,6:00,279.019
7/8/2026,12:00,278.081
7/8/2026,18:00,280.906
7/9/2026,0:00,283.9
7/9/2026,6:00,281.547
7/9/2026,12:00,281.102
7/9/2026,18:00,284.652
7/10/2026,0:00,288.3
7/10/2026,6:00,287.939
7/10/2026,12:00,287.486
7/10/2026,18:00,288.901
7/11/2026,0:00,290.815
7/11/2026,6:00,288.848
7/11/2026,12:00,287.637
7/11/2026,18:00,287.8
7/12/2026,0:00,289.1
7/12/2026,6:00,283.535
7/12/2026,12:00,281.335
7/12/2026,18:00,283.045
7/13/2026,0:00,281.333
7/13/2026,6:00,279.533
7/13/2026,12:00,278.165
7/13/2026,18:00,280.433
7/14/2026,0:00,282.086
7/14/2026,6:00,280.1
7/14/2026,12:00,279.461
7/14/2026,18:00,281.861
7/15/2026,0:00,284.7
7/15/2026,6:00,282.539
7/15/2026,12:00,281.506
7/15/2026,18:00,284.545
7/16/2026,0:00,287.357
7/16/2026,6:00,286.668
7/16/2026,12:00,286.899
7/16/2026,18:00,290.723
7/17/2026,0:00,294.557
7/17/2026,6:00,294.456
7/17/2026,12:00,294.333
7/17/2026,18:00,296.791
7/18/2026,0:00,299.398
7/18/2026,6:00,297.965
7/18/2026,12:00,297.502
7/18/2026,18:00,298.708
7/19/2026,0:00,298.808
7/19/2026,6:00,295
7/19/2026,12:00,294.966
7/19/2026,18:00,294.812
7/20/2026,0:00,290.712
7/20/2026,6:00,289.443
7/20/2026,12:00,290.176
7/20/2026,18:00,291.089
7/21/2026,0:00,290
7/21/2026,6:00,288.177
7/21/2026,12:00,287.337
7/21/2026,18:00,288.668
7/22/2026,0:00,288.745
7/22/2026,6:00,288.261
7/22/2026,12:00,288.112
7/22/2026,18:00,287.923
7/23/2026,0:00,285.961
7/23/2026,6:00,285.267
7/23/2026,12:00,285.131
7/23/2026,18:00,285.786
7/24/2026,0:00,287.236
7/24/2026,6:00,284.8
7/24/2026,12:00,283.455
7/24/2026,18:00,284.852
7/25/2026,0:00,286.171
7/25/2026,6:00,284.8
7/25/2026,12:00,284.535
7/25/2026,18:00,287.3
7/26/2026,0:00,289.812
7/26/2026,6:00,290.73
7/26/2026,12:00,290.924
7/26/2026,18:00,291.499
7/27/2026,0:00,290.4
7/27/2026,6:00,289.224
7/27/2026,12:00,288.726
7/27/2026,18:00,291.3
7/28/2026,0:00,293.9
7/28/2026,6:00,291.998
7/28/2026,12:00,290.688
7/28/2026,18:00,292.9
7/29/2026,0:00,292.187
7/29/2026,6:00,290.548
7/29/2026,12:00,288.448
7/29/2026,18:00,290.232
7/30/2026,0:00,290.191
7/30/2026,6:00,286.472
7/30/2026,12:00,286.01
7/30/2026,18:00,287.328
7/31/2026,0:00,288.958
7/31/2026,6:00,288.384
7/31/2026,12:00,288.328
7/31/2026,18:00,293.303
8/1/2026,0:00,294.001
8/1/2026,6:00,294.603
8/1/2026,12:00,291.786
8/1/2026,18:00,288.357
8/2/2026,0:00,288.381
8/2/2026,6:00,285.964
