"Date","Time","Minimum temperature@Specified height above ground: 2 m"
6/13/2019,18:00,292.8
6/14/2019,0:00,292.894
6/14/2019,6:00,291.639
6/14/2019,12:00,291.597
6/14/2019,18:00,293.269
6/15/2019,0:00,293.361
6/15/2019,6:00,292.375
6/15/2019,12:00,292.495
6/15/2019,18:00,293.448
6/16/2019,0:00,292.9
6/16/2019,6:00,291.193
6/16/2019,12:00,292.4
6/16/2019,18:00,293.131
6/17/2019,0:00,293.1
6/17/2019,6:00,292.8
6/17/2019,12:00,291.5
6/17/2019,18:00,292.419
6/18/2019,0:00,292
6/18/2019,6:00,290.861
6/18/2019,12:00,290
6/18/2019,18:00,291.686
6/19/2019,0:00,290.911
6/19/2019,6:00,287.919
6/19/2019,12:00,285.267
6/19/2019,18:00,285.681
6/20/2019,0:00,283.8
6/20/2019,6:00,281.607
6/20/2019,12:00,280.807
6/20/2019,18:00,283.546
6/21/2019,0:00,284.3
6/21/2019,6:00,283.592
6/21/2019,12:00,283.247
6/21/2019,18:00,287.5
6/22/2019,0:00,290.6
6/22/2019,6:00,289.914
6/22/2019,12:00,289.001
6/22/2019,18:00,291.619
6/23/2019,0:00,290.982
6/23/2019,6:00,289.61
6/23/2019,12:00,288.433
6/23/2019,18:00,290.6
6/24/2019,0:00,290.529
6/24/2019,6:00,288.857
6/24/2019,12:00,287.863
6/24/2019,18:00,290.2
6/25/2019,0:00,291.294
6/25/2019,6:00,290.381
6/25/2019,12:00,289.112
6/25/2019,18:00,290.912
6/26/2019,0:00,283.9
6/26/2019,6:00,280.201
6/26/2019,12:00,277.635
6/26/2019,18:00,278.8
6/27/2019,0:00,278.865
6/27/2019,6:00,278.509
6/27/2019,12:00,279.124
6/27/2019,18:00,284.112
6/28/2019,0:00,288.827
6/28/2019,6:00,289.041
6/28/2019,12:00,289.967
6/28/2019,18:00,291.3
6/29/2019,0:00,293.37
6/29/2019,6:00,292.99
6/29/2019,12:00,292.6
6/29/2019,18:00,293.704
6/30/2019,0:00,293.144
6/30/2019,6:00,292.667
6/30/2019,12:00,291.228
6/30/2019,18:00,292.6
7/1/2019,0:00,290.65
7/1/2019,6:00,286.409
7/1/2019,12:00,284.599
7/1/2019,18:00,283.7
7/2/2019,0:00,283.106
7/2/2019,6:00,282.291
7/2/2019,12:00,282.251
7/2/2019,18:00,284.2
7/3/2019,0:00,285.119
7/3/2019,6:00,284.3
7/3/2019,12:00,281.505
7/3/2019,18:00,282.989
7/4/2019,0:00,279.319
7/4/2019,6:00,276.819
7/4/2019,12:00,275.594
7/4/2019,18:00,278.279
7/5/2019,0:00,278.264
7/5/2019,6:00,275.897
7/5/2019,12:00,274.666
7/5/2019,18:00,276.803
7/6/2019,0:00,274.8
7/6/2019,6:00,272.69
7/6/2019,12:00,272.329
7/6/2019,18:00,275.239
7/7/2019,0:00,275.424
7/7/2019,6:00,273.396
7/7/2019,12:00,273.118
7/7/2019,18:00,276.527
7/8/2019,0:00,278.195
7/8/2019,6:00,277.661
7/8/2019,12:00,277.162
7/8/2019,18:00,280.403
7/9/2019,0:00,281.708
7/9/2019,6:00,281.144
7/9/2019,12:00,280.518
7/9/2019,18:00,283.5
7/10/2019,0:00,284.451
7/10/2019,6:00,283.715
7/10/2019,12:00,283.2
7/10/2019,18:00,286.115
7/11/2019,0:00,287.309
7/11/2019,6:00,286.144
7/11/2019,12:00,286.341
7/11/2019,18:00,288.401
7/12/2019,0:00,288.479
7/12/2019,6:00,287.726
7/12/2019,12:00,287.324
7/12/2019,18:00,289.801
7/13/2019,0:00,290.5
7/13/2019,6:00,289.186
7/13/2019,12:00,287.9
7/13/2019,18:00,290.402
7/14/2019,0:00,290.441
7/14/2019,6:00,288.928
7/14/2019,12:00,288.8
7/14/2019,18:00,289.3
7/15/2019,0:00,287.418
7/15/2019,6:00,285.695
7/15/2019,12:00,284.51
7/15/2019,18:00,285.052
7/16/2019,0:00,282.1
7/16/2019,6:00,279.548
7/16/2019,12:00,278.3
7/16/2019,18:00,281.287
7/17/2019,0:00,280.689
7/17/2019,6:00,279.278
7/17/2019,12:00,278.336
7/17/2019,18:00,281.503
7/18/2019,0:00,282.203
7/18/2019,6:00,281.844
7/18/2019,12:00,280.766
7/18/2019,18:00,283.669
7/19/2019,0:00,286.227
7/19/2019,6:00,284.9
7/19/2019,12:00,285.803
7/19/2019,18:00,287.543
7/20/2019,0:00,287.499
7/20/2019,6:00,286.1
7/20/2019,12:00,286.172
7/20/2019,18:00,289.245
7/21/2019,0:00,291.061
7/21/2019,6:00,289.258
7/21/2019,12:00,288.761
7/21/2019,18:00,290.182
7/22/2019,0:00,291.6
7/22/2019,6:00,289.438
7/22/2019,12:00,290.2
7/22/2019,18:00,291.305
7/23/2019,0:00,291.879
7/23/2019,6:00,291.093
7/23/2019,12:00,290.769
7/23/2019,18:00,292.12
7/24/2019,0:00,291.437
7/24/2019,6:00,289.091
7/24/2019,12:00,289.144
7/24/2019,18:00,290.444
7/25/2019,0:00,289.719
7/25/2019,6:00,288.773
7/25/2019,12:00,288.158
7/25/2019,18:00,288.744
7/26/2019,0:00,287.419
7/26/2019,6:00,286.62
7/26/2019,12:00,284.886
7/26/2019,18:00,284
7/27/2019,0:00,279.733
7/27/2019,6:00,278.552
7/27/2019,12:00,277.802
7/27/2019,18:00,281.063
7/28/2019,0:00,281.7
7/28/2019,6:00,280.233
7/28/2019,12:00,279.298
7/28/2019,18:00,282.764
7/29/2019,0:00,285.262
7/29/2019,6:00,285.662
7/29/2019,12:00,286.362
7/29/2019,18:00,290.72
7/30/2019,0:00,287.8
7/30/2019,6:00,287.1
7/30/2019,12:00,286.6
7/30/2019,18:00,289.016
7/31/2019,0:00,287.116
7/31/2019,6:00,284.9
7/31/2019,12:00,284.7
7/31/2019,18:00,289.1
8/1/2019,0:00,289.332
8/1/2019,6:00,288.825
8/1/2019,12:00,287.583
8/1/2019,18:00,290.7
8/2/2019,0:00,288.234
8/2/2019,6:00,281.4
8/2/2019,12:00,279.507
8/2/2019,18:00,279.919
8/3/2019,0:00,278.447
8/3/2019,6:00,276.3
8/3/2019,12:00,275.24
8/3/2019,18:00,279.1
8/4/2019,0:00,278.106
8/4/2019,6:00,276.3
8/4/2019,12:00,275.5
8/4/2019,18:00,279.873
8/5/2019,0:00,279
8/5/2019,6:00,278.4
8/5/2019,12:00,278.3
8/5/2019,18:00,282.5
8/6/2019,0:00,283.877
8/6/2019,6:00,283.609
8/6/2019,12:00,284.2
8/6/2019,18:00,287.96
8/7/2019,0:00,289.092
8/7/2019,6:00,288.608
8/7/2019,12:00,287.686
8/7/2019,18:00,290.765
8/8/2019,0:00,291.622
8/8/2019,6:00,290.055
8/8/2019,12:00,289.316
8/8/2019,18:00,292.2
8/9/2019,0:00,292.482
8/9/2019,6:00,290.496
8/9/2019,12:00,290.208
8/9/2019,18:00,292.407
8/10/2019,0:00,289.555
8/10/2019,6:00,286.239
8/10/2019,12:00,283.3
8/10/2019,18:00,283.4
8/11/2019,0:00,281.834
8/11/2019,6:00,280.516
8/11/2019,12:00,279.9
8/11/2019,18:00,283.863
8/12/2019,0:00,289.255
8/12/2019,6:00,289.807
8/12/2019,12:00,287.372
8/12/2019,18:00,290.4
8/13/2019,0:00,287.197
8/13/2019,6:00,282.482
8/13/2019,12:00,278.642
8/13/2019,18:00,279.9
8/14/2019,0:00,277.3
8/14/2019,6:00,274.835
8/14/2019,12:00,274.447
8/14/2019,18:00,277.9
8/15/2019,0:00,280.2
8/15/2019,6:00,279.5
8/15/2019,12:00,279.549
8/15/2019,18:00,282.4
8/16/2019,0:00,285.7
8/16/2019,6:00,285.7
8/16/2019,12:00,285.843
8/16/2019,18:00,289.879
8/17/2019,0:00,290.845
8/17/2019,6:00,288.852
8/17/2019,12:00,287.778
8/17/2019,18:00,290.352
8/18/2019,0:00,292.13
8/18/2019,6:00,289.655
8/18/2019,12:00,289.296
8/18/2019,18:00,290.5
8/19/2019,0:00,284.579
8/19/2019,6:00,279.888
8/19/2019,12:00,278.819
8/19/2019,18:00,280.765
8/20/2019,0:00,280.333
8/20/2019,6:00,277.927
8/20/2019,12:00,277.654
8/20/2019,18:00,281.6
8/21/2019,0:00,281.516
8/21/2019,6:00,279.083
8/21/2019,12:00,278
8/21/2019,18:00,282.6
8/22/2019,0:00,282.459
8/22/2019,6:00,280.863
8/22/2019,12:00,280.42
8/22/2019,18:00,285.842
8/23/2019,0:00,286.643
8/23/2019,6:00,282.024
8/23/2019,12:00,279.933
8/23/2019,18:00,284.167
8/24/2019,0:00,282.641
8/24/2019,6:00,280.752
8/24/2019,12:00,280.033
8/24/2019,18:00,285.854
8/25/2019,0:00,286.899
8/25/2019,6:00,285.484
8/25/2019,12:00,284.389
8/25/2019,18:00,286.9
8/26/2019,0:00,287.489
8/26/2019,6:00,287.381
8/26/2019,12:00,286.4
8/26/2019,18:00,288.2
8/27/2019,0:00,290.491
8/27/2019,6:00,288.1
8/27/2019,12:00,287.039
8/27/2019,18:00,292.119
8/28/2019,0:00,289.906
8/28/2019,6:00,288.2
8/28/2019,12:00,287.6
8/28/2019,18:00,292
8/29/2019,0:00,291.245
8/29/2019,6:00,289.8
8/29/2019,12:00,288.932
8/29/2019,18:00,293.128
8/30/2019,0:00,293.181
8/30/2019,6:00,291.63
8/30/2019,12:00,289.978
8/30/2019,18:00,293.8
8/31/2019,0:00,294.43
8/31/2019,6:00,290.534
8/31/2019,12:00,289.7
8/31/2019,18:00,289.439
9/1/2019,0:00,287.217
9/1/2019,6:00,284.4
9/1/2019,12:00,281.8
9/1/2019,18:00,284.7
9/2/2019,0:00,281.4
9/2/2019,6:00,278.404
9/2/2019,12:00,277.5
9/2/2019,18:00,283.221
9/3/2019,0:00,281.8
9/3/2019,6:00,279.8
9/3/2019,12:00,278.733
9/3/2019,18:00,284.967
9/4/2019,0:00,282.519
9/4/2019,6:00,279.634
9/4/2019,12:00,278.291
9/4/2019,18:00,282.6
9/5/2019,0:00,280.1
9/5/2019,6:00,278.577
9/5/2019,12:00,277.8
9/5/2019,18:00,280.615
9/6/2019,0:00,285.019
9/6/2019,6:00,283.836
9/6/2019,12:00,285.822
9/6/2019,18:00,289
9/7/2019,0:00,292.7
9/7/2019,6:00,290.196
9/7/2019,12:00,290.132
9/7/2019,18:00,292.701
9/8/2019,0:00,296.6
9/8/2019,6:00,295.098
9/8/2019,12:00,293.958
9/8/2019,18:00,295.832
9/9/2019,0:00,297.028
9/9/2019,6:00,297.089
9/9/2019,12:00,294.943
9/9/2019,18:00,296.584
9/10/2019,0:00,296.3
9/10/2019,6:00,290.274
9/10/2019,12:00,291.298
9/10/2019,18:00,294.8
9/11/2019,0:00,291.2
9/11/2019,6:00,287.9
9/11/2019,12:00,288.488
9/11/2019,18:00,294.5
9/12/2019,0:00,290.5
9/12/2019,6:00,289.701
9/12/2019,12:00,287.9
9/12/2019,18:00,287.6
9/13/2019,0:00,285.961
9/13/2019,6:00,284.149
9/13/2019,12:00,283.061
9/13/2019,18:00,286.252
9/14/2019,0:00,286.7
9/14/2019,6:00,286.49
9/14/2019,12:00,286.8
9/14/2019,18:00,293.239
9/15/2019,0:00,293.1
9/15/2019,6:00,292.823
9/15/2019,12:00,292.301
9/15/2019,18:00,296.434
9/16/2019,0:00,297.942
9/16/2019,6:00,296.115
9/16/2019,12:00,294.233
9/16/2019,18:00,297.9
9/17/2019,0:00,296.746
9/17/2019,6:00,290.834
9/17/2019,12:00,288.811
9/17/2019,18:00,289.8
9/18/2019,0:00,288.379
9/18/2019,6:00,286.821
9/18/2019,12:00,285.2
9/18/2019,18:00,284.551
9/19/2019,0:00,284.888
9/19/2019,6:00,284.352
9/19/2019,12:00,284.3
9/19/2019,18:00,291.951
9/20/2019,0:00,290.885
9/20/2019,6:00,286.31
9/20/2019,12:00,284.908
9/20/2019,18:00,288.908
9/21/2019,0:00,285.951
9/21/2019,6:00,281.368
9/21/2019,12:00,279.3
9/21/2019,18:00,285.366
9/22/2019,0:00,282.665
9/22/2019,6:00,279.723
9/22/2019,12:00,279.541
9/22/2019,18:00,286.7
9/23/2019,0:00,284.392
9/23/2019,6:00,281.755
9/23/2019,12:00,281.139
9/23/2019,18:00,286.722
9/24/2019,0:00,286.722
9/24/2019,6:00,285.38
9/24/2019,12:00,284.507
9/24/2019,18:00,289.5
9/25/2019,0:00,288.321
9/25/2019,6:00,285.09
9/25/2019,12:00,284.4
9/25/2019,18:00,290.918
9/26/2019,0:00,286.761
9/26/2019,6:00,284.525
9/26/2019,12:00,283.938
9/26/2019,18:00,291.5
9/27/2019,0:00,287.56
9/27/2019,6:00,285.582
9/27/2019,12:00,284.432
9/27/2019,18:00,291.1
9/28/2019,0:00,287.595
9/28/2019,6:00,285.416
9/28/2019,12:00,285.095
9/28/2019,18:00,292.458
9/29/2019,0:00,291.064
9/29/2019,6:00,289.708
9/29/2019,12:00,288.911
9/29/2019,18:00,295.8
9/30/2019,0:00,291.941
9/30/2019,6:00,290.571
9/30/2019,12:00,289.9
9/30/2019,18:00,295.6
10/1/2019,0:00,296.116
10/1/2019,6:00,293.409
10/1/2019,12:00,292.41
10/1/2019,18:00,296.7
10/2/2019,0:00,297.734
10/2/2019,6:00,297.829
10/2/2019,12:00,294.535
10/2/2019,18:00,296.971
10/3/2019,0:00,291.191
10/3/2019,6:00,289.548
10/3/2019,12:00,289.836
10/3/2019,18:00,291.121
10/4/2019,0:00,291.353
10/4/2019,6:00,292.173
10/4/2019,12:00,292.738
10/4/2019,18:00,293.779
10/5/2019,0:00,293.619
10/5/2019,6:00,291.472
10/5/2019,12:00,290.708
10/5/2019,18:00,289.665
10/6/2019,0:00,288.416
10/6/2019,6:00,287.237
10/6/2019,12:00,286.962
10/6/2019,18:00,289.082
10/7/2019,0:00,287.19
10/7/2019,6:00,285.611
10/7/2019,12:00,285.263
10/7/2019,18:00,292.115
10/8/2019,0:00,289.9
10/8/2019,6:00,287.659
10/8/2019,12:00,287.023
10/8/2019,18:00,293.289
10/9/2019,0:00,289.48
10/9/2019,6:00,287.083
10/9/2019,12:00,286.704
10/9/2019,18:00,294.255
10/10/2019,0:00,291.028
10/10/2019,6:00,290.193
10/10/2019,12:00,289.682
10/10/2019,18:00,295.996
10/11/2019,0:00,294.538
10/11/2019,6:00,292.002
10/11/2019,12:00,290.571
10/11/2019,18:00,297.504
10/12/2019,0:00,296.601
10/12/2019,6:00,294.293
10/12/2019,12:00,293.794
10/12/2019,18:00,300.501
10/13/2019,0:00,298.812
10/13/2019,6:00,296.939
10/13/2019,12:00,295.096
10/13/2019,18:00,297.896
10/14/2019,0:00,294
10/14/2019,6:00,292.009
10/14/2019,12:00,291.271
10/14/2019,18:00,291.765
10/15/2019,0:00,288.079
10/15/2019,6:00,286.732
10/15/2019,12:00,286.839
10/15/2019,18:00,291.185
10/16/2019,0:00,290.981
10/16/2019,6:00,291.663
10/16/2019,12:00,290.65
10/16/2019,18:00,292.354
10/17/2019,0:00,292.042
10/17/2019,6:00,291.189
10/17/2019,12:00,290.905
10/17/2019,18:00,295.796
10/18/2019,0:00,292.999
10/18/2019,6:00,292.065
10/18/2019,12:00,291.12
10/18/2019,18:00,293.608
10/19/2019,0:00,290.928
10/19/2019,6:00,288.999
10/19/2019,12:00,288.477
10/19/2019,18:00,291.73
10/20/2019,0:00,288.701
10/20/2019,6:00,284.589
10/20/2019,12:00,283.607
10/20/2019,18:00,289.85
10/21/2019,0:00,289.829
10/21/2019,6:00,287.751
10/21/2019,12:00,287.545
10/21/2019,18:00,290.179
10/22/2019,0:00,286.967
10/22/2019,6:00,284.028
10/22/2019,12:00,283.012
10/22/2019,18:00,287.626
10/23/2019,0:00,287.081
10/23/2019,6:00,284.744
10/23/2019,12:00,284.68
10/23/2019,18:00,291.76
10/24/2019,0:00,289.929
10/24/2019,6:00,287.45
10/24/2019,12:00,287.056
10/24/2019,18:00,294.406
10/25/2019,0:00,289.815
10/25/2019,6:00,286.631
10/25/2019,12:00,285.4
10/25/2019,18:00,293.05
10/26/2019,0:00,289.421
10/26/2019,6:00,287.611
10/26/2019,12:00,287.07
10/26/2019,18:00,295.971
10/27/2019,0:00,295.974
10/27/2019,6:00,294.675
10/27/2019,12:00,293.966
10/27/2019,18:00,292.35
10/28/2019,0:00,292.496
10/28/2019,6:00,291.824
10/28/2019,12:00,292.49
10/28/2019,18:00,299.378
10/29/2019,0:00,299.201
10/29/2019,6:00,295.831
10/29/2019,12:00,295.296
10/29/2019,18:00,301.224
10/30/2019,0:00,299.476
10/30/2019,6:00,297.51
10/30/2019,12:00,296.5
10/30/2019,18:00,302.331
10/31/2019,0:00,299.702
10/31/2019,6:00,295.718
10/31/2019,12:00,294.834
10/31/2019,18:00,296.98
11/1/2019,0:00,294.484
11/1/2019,6:00,292.59
11/1/2019,12:00,291.537
11/1/2019,18:00,297.761
11/2/2019,0:00,298.13
11/2/2019,6:00,295.285
11/2/2019,12:00,293.775
11/2/2019,18:00,298.806
11/3/2019,0:00,295.046
11/3/2019,6:00,293.095
11/3/2019,12:00,293.841
11/3/2019,18:00,297.933
11/4/2019,0:00,293.125
11/4/2019,6:00,292.881
11/4/2019,12:00,292.69
11/4/2019,18:00,295.425
11/5/2019,0:00,296.15
11/5/2019,6:00,293.245
11/5/2019,12:00,293.165
11/5/2019,18:00,293.931
11/6/2019,0:00,293.064
11/6/2019,6:00,288.367
11/6/2019,12:00,287.756
11/6/2019,18:00,292.858
11/7/2019,0:00,294.298
11/7/2019,6:00,292.545
11/7/2019,12:00,292.494
11/7/2019,18:00,294.646
11/8/2019,0:00,294.001
11/8/2019,6:00,292.307
11/8/2019,12:00,291.89
11/8/2019,18:00,296.665
11/9/2019,0:00,295.024
11/9/2019,6:00,292.684
11/9/2019,12:00,292.878
11/9/2019,18:00,297.286
11/10/2019,0:00,295.788
11/10/2019,6:00,293.685
11/10/2019,12:00,292.954
11/10/2019,18:00,296.67
11/11/2019,0:00,294.047
11/11/2019,6:00,291.46
11/11/2019,12:00,290.613
11/11/2019,18:00,295.141
11/12/2019,0:00,294.373
11/12/2019,6:00,291.444
11/12/2019,12:00,290.812
11/12/2019,18:00,295.685
11/13/2019,0:00,296.329
11/13/2019,6:00,293.523
11/13/2019,12:00,292.822
11/13/2019,18:00,292.453
11/14/2019,0:00,292.131
11/14/2019,6:00,292.712
11/14/2019,12:00,292.375
11/14/2019,18:00,292.77
11/15/2019,0:00,292.666
11/15/2019,6:00,289.721
11/15/2019,12:00,288.772
11/15/2019,18:00,294.363
11/16/2019,0:00,290.03
11/16/2019,6:00,286.925
11/16/2019,12:00,286.358
11/16/2019,18:00,291.953
11/17/2019,0:00,291.033
11/17/2019,6:00,287.765
11/17/2019,12:00,287.041
11/17/2019,18:00,294.603
11/18/2019,0:00,293.317
11/18/2019,6:00,290.64
11/18/2019,12:00,290.183
11/18/2019,18:00,297.132
11/19/2019,0:00,295.97
11/19/2019,6:00,293.39
11/19/2019,12:00,292.534
11/19/2019,18:00,298.706
11/20/2019,0:00,296.849
11/20/2019,6:00,294.058
11/20/2019,12:00,292.452
11/20/2019,18:00,298.687
11/21/2019,0:00,297.896
11/21/2019,6:00,294.582
11/21/2019,12:00,293.761
11/21/2019,18:00,299.252
11/22/2019,0:00,297.831
11/22/2019,6:00,295.325
11/22/2019,12:00,294.211
11/22/2019,18:00,299.727
11/23/2019,0:00,294.958
11/23/2019,6:00,292.721
11/23/2019,12:00,291.187
11/23/2019,18:00,294.638
11/24/2019,0:00,290.28
11/24/2019,6:00,286.415
11/24/2019,12:00,285.648
11/24/2019,18:00,291.758
11/25/2019,0:00,293.74
11/25/2019,6:00,291.456
11/25/2019,12:00,290.443
11/25/2019,18:00,295.887
11/26/2019,0:00,296.771
11/26/2019,6:00,294.972
11/26/2019,12:00,293.61
11/26/2019,18:00,294.663
11/27/2019,0:00,292.365
11/27/2019,6:00,293.242
11/27/2019,12:00,292.64
11/27/2019,18:00,293.089
11/28/2019,0:00,292.489
11/28/2019,6:00,288.697
11/28/2019,12:00,287.038
11/28/2019,18:00,292.24
11/29/2019,0:00,290.801
11/29/2019,6:00,288.996
11/29/2019,12:00,289.273
11/29/2019,18:00,294.418
11/30/2019,0:00,296.037
11/30/2019,6:00,294.07
11/30/2019,12:00,293.666
11/30/2019,18:00,299.95
12/1/2019,0:00,296.996
12/1/2019,6:00,294.881
12/1/2019,12:00,293.02
12/1/2019,18:00,297.067
12/2/2019,0:00,291.978
12/2/2019,6:00,287.987
12/2/2019,12:00,286.404
12/2/2019,18:00,291.877
12/3/2019,0:00,290.137
12/3/2019,6:00,287.575
12/3/2019,12:00,286.977
12/3/2019,18:00,294.557
12/4/2019,0:00,295.749
12/4/2019,6:00,293.479
12/4/2019,12:00,292.562
12/4/2019,18:00,297.926
12/5/2019,0:00,295.776
12/5/2019,6:00,291.966
12/5/2019,12:00,290.2
12/5/2019,18:00,293.806
12/6/2019,0:00,290.639
12/6/2019,6:00,286.6
12/6/2019,12:00,285.639
12/6/2019,18:00,292.301
12/7/2019,0:00,290.741
12/7/2019,6:00,289.06
12/7/2019,12:00,287.918
12/7/2019,18:00,296.062
12/8/2019,0:00,292.744
12/8/2019,6:00,290.275
12/8/2019,12:00,288.925
12/8/2019,18:00,297.265
12/9/2019,0:00,294.433
12/9/2019,6:00,291.546
12/9/2019,12:00,290.908
12/9/2019,18:00,297.192
12/10/2019,0:00,294.457
12/10/2019,6:00,291.796
12/10/2019,12:00,290.409
12/10/2019,18:00,298.325
12/11/2019,0:00,296.287
12/11/2019,6:00,292.82
12/11/2019,12:00,292.459
12/11/2019,18:00,299.766
12/12/2019,0:00,298.091
12/12/2019,6:00,294.869
12/12/2019,12:00,293.895
12/12/2019,18:00,300.988
12/13/2019,0:00,296.629
12/13/2019,6:00,292.052
12/13/2019,12:00,289.87
12/13/2019,18:00,294.479
12/14/2019,0:00,294.267
12/14/2019,6:00,291.916
12/14/2019,12:00,291.005
12/14/2019,18:00,298.518
12/15/2019,0:00,292.658
12/15/2019,6:00,294.047
12/15/2019,12:00,294.138
12/15/2019,18:00,299.052
12/16/2019,0:00,291.581
12/16/2019,6:00,291.587
12/16/2019,12:00,290.677
12/16/2019,18:00,292.071
12/17/2019,0:00,292.382
12/17/2019,6:00,289.655
12/17/2019,12:00,288.709
12/17/2019,18:00,294.029
12/18/2019,0:00,292.884
12/18/2019,6:00,289.33
12/18/2019,12:00,288.522
12/18/2019,18:00,294.824
12/19/2019,0:00,294.155
12/19/2019,6:00,291.675
12/19/2019,12:00,290.677
12/19/2019,18:00,296.665
12/20/2019,0:00,296.43
12/20/2019,6:00,294.047
12/20/2019,12:00,293.3
12/20/2019,18:00,298.894
12/21/2019,0:00,297.149
12/21/2019,6:00,293.98
12/21/2019,12:00,293.221
12/21/2019,18:00,295.079
12/22/2019,0:00,292.155
12/22/2019,6:00,287.482
12/22/2019,12:00,286.034
12/22/2019,18:00,290.983
12/23/2019,0:00,289.218
12/23/2019,6:00,286.324
12/23/2019,12:00,285.151
12/23/2019,18:00,292.375
12/24/2019,0:00,291.055
12/24/2019,6:00,288.551
12/24/2019,12:00,287.243
12/24/2019,18:00,295.284
12/25/2019,0:00,294.117
12/25/2019,6:00,291.575
12/25/2019,12:00,290.382
12/25/2019,18:00,298.476
12/26/2019,0:00,297.491
12/26/2019,6:00,295.306
12/26/2019,12:00,294.519
12/26/2019,18:00,300.986
12/27/2019,0:00,298.635
12/27/2019,6:00,297.019
12/27/2019,12:00,293.876
12/27/2019,18:00,300.027
12/28/2019,0:00,297.147
12/28/2019,6:00,295.291
12/28/2019,12:00,294.629
12/28/2019,18:00,299.863
12/29/2019,0:00,299.775
12/29/2019,6:00,297.299
12/29/2019,12:00,295.219
12/29/2019,18:00,301.584
12/30/2019,0:00,295.47
12/30/2019,6:00,293.604
12/30/2019,12:00,294.584
12/30/2019,18:00,301.62
12/31/2019,0:00,299.314
12/31/2019,6:00,296.513
12/31/2019,12:00,294.528
12/31/2019,18:00,301.081
1/1/2020,0:00,299.249
1/1/2020,6:00,294.224
1/1/2020,12:00,293.544
1/1/2020,18:00,299.136
1/2/2020,0:00,295.951
1/2/2020,6:00,292.978
1/2/2020,12:00,292.634
1/2/2020,18:00,294.607
1/3/2020,0:00,293.674
1/3/2020,6:00,289.951
1/3/2020,12:00,289.773
1/3/2020,18:00,293.945
1/4/2020,0:00,293.603
1/4/2020,6:00,291.076
1/4/2020,12:00,290.346
1/4/2020,18:00,294.419
1/5/2020,0:00,294.101
1/5/2020,6:00,290.84
1/5/2020,12:00,289.84
1/5/2020,18:00,296.535
1/6/2020,0:00,295.228
1/6/2020,6:00,293.018
1/6/2020,12:00,292.432
1/6/2020,18:00,299.182
1/7/2020,0:00,296.592
1/7/2020,6:00,293.415
1/7/2020,12:00,292.898
1/7/2020,18:00,297.686
1/8/2020,0:00,296.022
1/8/2020,6:00,291.613
1/8/2020,12:00,291.004
1/8/2020,18:00,298.895
1/9/2020,0:00,297.251
1/9/2020,6:00,294.582
1/9/2020,12:00,294.2
1/9/2020,18:00,300.846
1/10/2020,0:00,297.589
1/10/2020,6:00,295.756
1/10/2020,12:00,295.165
1/10/2020,18:00,299.527
1/11/2020,0:00,295.001
1/11/2020,6:00,294.681
1/11/2020,12:00,294.914
1/11/2020,18:00,299.828
1/12/2020,0:00,298.01
1/12/2020,6:00,293.9
1/12/2020,12:00,292.842
1/12/2020,18:00,299.064
1/13/2020,0:00,296.885
1/13/2020,6:00,294.658
1/13/2020,12:00,294.493
1/13/2020,18:00,299.021
1/14/2020,0:00,296.988
1/14/2020,6:00,293.117
1/14/2020,12:00,293.092
1/14/2020,18:00,296.209
1/15/2020,0:00,296.395
1/15/2020,6:00,295.506
1/15/2020,12:00,293.576
1/15/2020,18:00,297.889
1/16/2020,0:00,296.903
1/16/2020,6:00,294.002
1/16/2020,12:00,294.463
1/16/2020,18:00,294.903
1/17/2020,0:00,293.377
1/17/2020,6:00,287.593
1/17/2020,12:00,286.639
1/17/2020,18:00,290.406
1/18/2020,0:00,292.263
1/18/2020,6:00,290.031
1/18/2020,12:00,290.194
1/18/2020,18:00,295.818
1/19/2020,0:00,295.821
1/19/2020,6:00,293.246
1/19/2020,12:00,292.533
1/19/2020,18:00,296.176
1/20/2020,0:00,296.802
1/20/2020,6:00,294.107
1/20/2020,12:00,293.483
1/20/2020,18:00,296.846
1/21/2020,0:00,296.973
1/21/2020,6:00,295.375
1/21/2020,12:00,294.474
1/21/2020,18:00,293.719
1/22/2020,0:00,293.105
1/22/2020,6:00,292.529
1/22/2020,12:00,291.686
1/22/2020,18:00,291.592
1/23/2020,0:00,288.461
1/23/2020,6:00,288.373
1/23/2020,12:00,289.011
1/23/2020,18:00,291.165
1/24/2020,0:00,292.148
1/24/2020,6:00,288.133
1/24/2020,12:00,286.455
1/24/2020,18:00,293.123
1/25/2020,0:00,292.158
1/25/2020,6:00,288.602
1/25/2020,12:00,287.802
1/25/2020,18:00,294.995
1/26/2020,0:00,292.388
1/26/2020,6:00,290.788
1/26/2020,12:00,289.364
1/26/2020,18:00,296.261
1/27/2020,0:00,294.484
1/27/2020,6:00,293.337
1/27/2020,12:00,292.363
1/27/2020,18:00,297.236
1/28/2020,0:00,295.159
1/28/2020,6:00,290.929
1/28/2020,12:00,290.726
1/28/2020,18:00,296.447
1/29/2020,0:00,295.651
1/29/2020,6:00,293.605
1/29/2020,12:00,293.347
1/29/2020,18:00,296.142
1/30/2020,0:00,294.312
1/30/2020,6:00,292.734
1/30/2020,12:00,292.54
1/30/2020,18:00,293.037
1/31/2020,0:00,293.695
1/31/2020,6:00,291.891
1/31/2020,12:00,291.519
1/31/2020,18:00,295.266
2/1/2020,0:00,292.87
2/1/2020,6:00,290.569
2/1/2020,12:00,289.851
2/1/2020,18:00,296.367
2/2/2020,0:00,293.906
2/2/2020,6:00,291.266
2/2/2020,12:00,290.741
2/2/2020,18:00,297.363
2/3/2020,0:00,294.837
2/3/2020,6:00,292.249
2/3/2020,12:00,291.042
2/3/2020,18:00,296.954
2/4/2020,0:00,295.474
2/4/2020,6:00,293.193
2/4/2020,12:00,290.916
2/4/2020,18:00,295.019
2/5/2020,0:00,295.939
2/5/2020,6:00,294.536
2/5/2020,12:00,293.203
2/5/2020,18:00,297.127
2/6/2020,0:00,295.539
2/6/2020,6:00,293.562
2/6/2020,12:00,291.548
2/6/2020,18:00,297.016
2/7/2020,0:00,296.273
2/7/2020,6:00,294.488
2/7/2020,12:00,292.837
2/7/2020,18:00,297.692
2/8/2020,0:00,297.442
2/8/2020,6:00,294.333
2/8/2020,12:00,293.59
2/8/2020,18:00,298.142
2/9/2020,0:00,296.087
2/9/2020,6:00,293.818
2/9/2020,12:00,292.196
2/9/2020,18:00,295.423
2/10/2020,0:00,293.052
2/10/2020,6:00,289.635
2/10/2020,12:00,288.089
2/10/2020,18:00,293.162
2/11/2020,0:00,291.667
2/11/2020,6:00,288.794
2/11/2020,12:00,287.536
2/11/2020,18:00,294.09
2/12/2020,0:00,292.828
2/12/2020,6:00,288.946
2/12/2020,12:00,289.09
2/12/2020,18:00,294.253
2/13/2020,0:00,292.538
2/13/2020,6:00,290.575
2/13/2020,12:00,289.907
2/13/2020,18:00,295.339
2/14/2020,0:00,295.037
2/14/2020,6:00,293.254
2/14/2020,12:00,292.13
2/14/2020,18:00,296.102
2/15/2020,0:00,293.246
2/15/2020,6:00,293.596
2/15/2020,12:00,292.382
2/15/2020,18:00,294.284
2/16/2020,0:00,295.366
2/16/2020,6:00,294.024
2/16/2020,12:00,294.126
2/16/2020,18:00,298.632
2/17/2020,0:00,294.127
2/17/2020,6:00,292.446
2/17/2020,12:00,294.603
2/17/2020,18:00,298.938
2/18/2020,0:00,298.232
2/18/2020,6:00,296.159
2/18/2020,12:00,295.167
2/18/2020,18:00,293.048
2/19/2020,0:00,293.392
2/19/2020,6:00,292.595
2/19/2020,12:00,291.92
2/19/2020,18:00,295.853
2/20/2020,0:00,294.556
2/20/2020,6:00,290.363
2/20/2020,12:00,288.69
2/20/2020,18:00,294.804
2/21/2020,0:00,293.951
2/21/2020,6:00,287.247
2/21/2020,12:00,286.142
2/21/2020,18:00,289.808
2/22/2020,0:00,287.131
2/22/2020,6:00,283.616
2/22/2020,12:00,281.223
2/22/2020,18:00,286.961
2/23/2020,0:00,286.746
2/23/2020,6:00,285.464
2/23/2020,12:00,283.595
2/23/2020,18:00,290.501
2/24/2020,0:00,292.443
2/24/2020,6:00,290.081
2/24/2020,12:00,289.497
2/24/2020,18:00,294.063
2/25/2020,0:00,295.382
2/25/2020,6:00,292.743
2/25/2020,12:00,292.746
2/25/2020,18:00,296.349
2/26/2020,0:00,294.089
2/26/2020,6:00,290.996
2/26/2020,12:00,288.856
2/26/2020,18:00,292.214
2/27/2020,0:00,290.829
2/27/2020,6:00,286.663
2/27/2020,12:00,285.778
2/27/2020,18:00,292.682
2/28/2020,0:00,290.399
2/28/2020,6:00,288.195
2/28/2020,12:00,286.823
2/28/2020,18:00,293.58
2/29/2020,0:00,291.106
2/29/2020,6:00,288.944
2/29/2020,12:00,287.965
2/29/2020,18:00,294.086
3/1/2020,0:00,292.45
3/1/2020,6:00,289.591
3/1/2020,12:00,288.069
3/1/2020,18:00,293.938
3/2/2020,0:00,291.86
3/2/2020,6:00,291.053
3/2/2020,12:00,288.938
3/2/2020,18:00,293.649
3/3/2020,0:00,293.465
3/3/2020,6:00,291.123
3/3/2020,12:00,288.133
3/3/2020,18:00,294.374
3/4/2020,0:00,293.649
3/4/2020,6:00,289.852
3/4/2020,12:00,288.3
3/4/2020,18:00,295.179
3/5/2020,0:00,293.878
3/5/2020,6:00,288.439
3/5/2020,12:00,286.511
3/5/2020,18:00,293.603
3/6/2020,0:00,292.197
3/6/2020,6:00,288.417
3/6/2020,12:00,288.002
3/6/2020,18:00,294.935
3/7/2020,0:00,294.218
3/7/2020,6:00,291.257
3/7/2020,12:00,290.082
3/7/2020,18:00,295.95
3/8/2020,0:00,294.069
3/8/2020,6:00,290.069
3/8/2020,12:00,289.616
3/8/2020,18:00,296.671
3/9/2020,0:00,295.999
3/9/2020,6:00,293.116
3/9/2020,12:00,290.873
3/9/2020,18:00,298.394
3/10/2020,0:00,296.747
3/10/2020,6:00,294.101
3/10/2020,12:00,292.181
3/10/2020,18:00,298.568
3/11/2020,0:00,297.135
3/11/2020,6:00,293.988
3/11/2020,12:00,292.216
3/11/2020,18:00,298.682
3/12/2020,0:00,297.198
3/12/2020,6:00,294.458
3/12/2020,12:00,292.514
3/12/2020,18:00,298.181
3/13/2020,0:00,298.239
3/13/2020,6:00,296.247
3/13/2020,12:00,294.442
3/13/2020,18:00,301.916
3/14/2020,0:00,298.833
3/14/2020,6:00,295.561
3/14/2020,12:00,295.061
3/14/2020,18:00,300.906
3/15/2020,0:00,300.095
3/15/2020,6:00,296.22
3/15/2020,12:00,293.07
3/15/2020,18:00,300.501
3/16/2020,0:00,296.675
3/16/2020,6:00,293.228
3/16/2020,12:00,291.778
3/16/2020,18:00,296.296
3/17/2020,0:00,294.438
3/17/2020,6:00,291.904
3/17/2020,12:00,291.609
3/17/2020,18:00,299.2
3/18/2020,0:00,300.194
3/18/2020,6:00,296.968
3/18/2020,12:00,295.23
3/18/2020,18:00,298.8
3/19/2020,0:00,293.632
3/19/2020,6:00,293.143
3/19/2020,12:00,293.722
3/19/2020,18:00,294.706
3/20/2020,0:00,292.6
3/20/2020,6:00,286.637
3/20/2020,12:00,285
3/20/2020,18:00,291.651
3/21/2020,0:00,290.451
3/21/2020,6:00,287.47
3/21/2020,12:00,285.8
3/21/2020,18:00,293.8
3/22/2020,0:00,292.5
3/22/2020,6:00,289.731
3/22/2020,12:00,287.268
3/22/2020,18:00,295.606
3/23/2020,0:00,294.419
3/23/2020,6:00,290.282
3/23/2020,12:00,289.777
3/23/2020,18:00,296.6
3/24/2020,0:00,295.5
3/24/2020,6:00,293.064
3/24/2020,12:00,290.677
3/24/2020,18:00,295.582
3/25/2020,0:00,294.358
3/25/2020,6:00,291.139
3/25/2020,12:00,290.344
3/25/2020,18:00,295.804
3/26/2020,0:00,294.937
3/26/2020,6:00,291.321
3/26/2020,12:00,290.356
3/26/2020,18:00,296.41
3/27/2020,0:00,294.502
3/27/2020,6:00,291.402
3/27/2020,12:00,289.742
3/27/2020,18:00,296.042
3/28/2020,0:00,295.807
3/28/2020,6:00,293.171
3/28/2020,12:00,291.277
3/28/2020,18:00,295.391
3/29/2020,0:00,293.265
3/29/2020,6:00,292.044
3/29/2020,12:00,290.973
3/29/2020,18:00,295.141
3/30/2020,0:00,295.868
3/30/2020,6:00,293.614
3/30/2020,12:00,292.241
3/30/2020,18:00,297.805
3/31/2020,0:00,295.25
3/31/2020,6:00,293.995
3/31/2020,12:00,292.947
3/31/2020,18:00,298.607
4/1/2020,0:00,297.045
4/1/2020,6:00,293.241
4/1/2020,12:00,292.39
4/1/2020,18:00,298.358
4/2/2020,0:00,294.766
4/2/2020,6:00,296.156
4/2/2020,12:00,292.367
4/2/2020,18:00,292.548
4/3/2020,0:00,288.156
4/3/2020,6:00,283.762
4/3/2020,12:00,281.681
4/3/2020,18:00,286.1
4/4/2020,0:00,285.757
4/4/2020,6:00,284.809
4/4/2020,12:00,283.834
4/4/2020,18:00,290.068
4/5/2020,0:00,288.558
4/5/2020,6:00,286.781
4/5/2020,12:00,285.991
4/5/2020,18:00,292.174
4/6/2020,0:00,293.488
4/6/2020,6:00,293.733
4/6/2020,12:00,288.557
4/6/2020,18:00,289.302
4/7/2020,0:00,290.342
4/7/2020,6:00,286.2
4/7/2020,12:00,282.873
4/7/2020,18:00,286.6
4/8/2020,0:00,284.067
4/8/2020,6:00,281.397
4/8/2020,12:00,279.92
4/8/2020,18:00,285.215
4/9/2020,0:00,284.284
4/9/2020,6:00,282.193
4/9/2020,12:00,280.785
4/9/2020,18:00,286.276
4/10/2020,0:00,285.6
4/10/2020,6:00,282.982
4/10/2020,12:00,282.155
4/10/2020,18:00,287.891
4/11/2020,0:00,286.457
4/11/2020,6:00,284.019
4/11/2020,12:00,283.2
4/11/2020,18:00,288.748
4/12/2020,0:00,288.143
4/12/2020,6:00,285.572
4/12/2020,12:00,284.2
4/12/2020,18:00,290.488
4/13/2020,0:00,290.139
4/13/2020,6:00,288.575
4/13/2020,12:00,287.194
4/13/2020,18:00,292.594
4/14/2020,0:00,291.058
4/14/2020,6:00,286.816
4/14/2020,12:00,284.518
4/14/2020,18:00,286.528
4/15/2020,0:00,282.574
4/15/2020,6:00,281.172
4/15/2020,12:00,280.081
4/15/2020,18:00,284.78
4/16/2020,0:00,283.896
4/16/2020,6:00,281.756
4/16/2020,12:00,280.55
4/16/2020,18:00,286.3
4/17/2020,0:00,285.062
4/17/2020,6:00,283.382
4/17/2020,12:00,282.853
4/17/2020,18:00,288.344
4/18/2020,0:00,287.813
4/18/2020,6:00,286.063
4/18/2020,12:00,284.672
4/18/2020,18:00,289.305
4/19/2020,0:00,289.821
4/19/2020,6:00,288.107
4/19/2020,12:00,287.088
4/19/2020,18:00,291.27
4/20/2020,0:00,290.894
4/20/2020,6:00,287.626
4/20/2020,12:00,286.458
4/20/2020,18:00,291.729
4/21/2020,0:00,291.436
4/21/2020,6:00,289.194
4/21/2020,12:00,287.833
4/21/2020,18:00,293.193
4/22/2020,0:00,291.554
4/22/2020,6:00,289.258
4/22/2020,12:00,287.821
4/22/2020,18:00,293.161
4/23/2020,0:00,291.45
4/23/2020,6:00,289.342
4/23/2020,12:00,288.182
4/23/2020,18:00,293.41
4/24/2020,0:00,292.412
4/24/2020,6:00,290.958
4/24/2020,12:00,289.513
4/24/2020,18:00,292.746
4/25/2020,0:00,292.142
4/25/2020,6:00,289.47
4/25/2020,12:00,288.638
4/25/2020,18:00,294.102
4/26/2020,0:00,296.185
4/26/2020,6:00,295.304
4/26/2020,12:00,293.292
4/26/2020,18:00,297.57
4/27/2020,0:00,295.247
4/27/2020,6:00,292.27
4/27/2020,12:00,291.6
4/27/2020,18:00,295.154
4/28/2020,0:00,295.242
4/28/2020,6:00,292.923
4/28/2020,12:00,291.648
4/28/2020,18:00,294.236
4/29/2020,0:00,294.087
4/29/2020,6:00,291.665
4/29/2020,12:00,291.026
4/29/2020,18:00,294.477
4/30/2020,0:00,292.935
4/30/2020,6:00,289.256
4/30/2020,12:00,288.02
4/30/2020,18:00,292.143
5/1/2020,0:00,291.588
5/1/2020,6:00,289.065
5/1/2020,12:00,286.33
5/1/2020,18:00,288.226
5/2/2020,0:00,288.958
5/2/2020,6:00,285.333
5/2/2020,12:00,283.808
5/2/2020,18:00,288.093
5/3/2020,0:00,285.855
5/3/2020,6:00,283.723
5/3/2020,12:00,282.373
5/3/2020,18:00,287.213
5/4/2020,0:00,288.361
5/4/2020,6:00,286.12
5/4/2020,12:00,285.536
5/4/2020,18:00,290.242
5/5/2020,0:00,291.874
5/5/2020,6:00,289.263
5/5/2020,12:00,288.937
5/5/2020,18:00,291.778
5/6/2020,0:00,289.352
5/6/2020,6:00,283.86
5/6/2020,12:00,281.192
5/6/2020,18:00,283.054
5/7/2020,0:00,282.3
5/7/2020,6:00,279.56
5/7/2020,12:00,278.438
5/7/2020,18:00,282.4
5/8/2020,0:00,282.707
5/8/2020,6:00,280.988
5/8/2020,12:00,280.4
5/8/2020,18:00,285
5/9/2020,0:00,285.4
5/9/2020,6:00,284.001
5/9/2020,12:00,282.9
5/9/2020,18:00,287.3
5/10/2020,0:00,287.943
5/10/2020,6:00,286.055
5/10/2020,12:00,285.5
5/10/2020,18:00,290.7
5/11/2020,0:00,292.151
5/11/2020,6:00,290.623
5/11/2020,12:00,289.876
5/11/2020,18:00,293.1
5/12/2020,0:00,292.779
5/12/2020,6:00,291.258
5/12/2020,12:00,291.124
5/12/2020,18:00,291.689
5/13/2020,0:00,291.436
5/13/2020,6:00,289.976
5/13/2020,12:00,290.607
5/13/2020,18:00,291.06
5/14/2020,0:00,288.716
5/14/2020,6:00,285.8
5/14/2020,12:00,283.208
5/14/2020,18:00,285.262
5/15/2020,0:00,283.081
5/15/2020,6:00,280.697
5/15/2020,12:00,280
5/15/2020,18:00,283.521
5/16/2020,0:00,282.958
5/16/2020,6:00,281.965
5/16/2020,12:00,281.612
5/16/2020,18:00,285.4
5/17/2020,0:00,286.2
5/17/2020,6:00,284.937
5/17/2020,12:00,284.291
5/17/2020,18:00,287.925
5/18/2020,0:00,288.362
5/18/2020,6:00,286.692
5/18/2020,12:00,285.7
5/18/2020,18:00,289.6
5/19/2020,0:00,290.1
5/19/2020,6:00,289.035
5/19/2020,12:00,287.582
5/19/2020,18:00,290.528
5/20/2020,0:00,290.4
5/20/2020,6:00,289.081
5/20/2020,12:00,288.706
5/20/2020,18:00,292.044
5/21/2020,0:00,292.504
5/21/2020,6:00,291.99
5/21/2020,12:00,291.175
5/21/2020,18:00,293.312
5/22/2020,0:00,292.335
5/22/2020,6:00,292.054
5/22/2020,12:00,291.841
5/22/2020,18:00,291.73
5/23/2020,0:00,286.392
5/23/2020,6:00,283.465
5/23/2020,12:00,282.019
5/23/2020,18:00,282.351
5/24/2020,0:00,283.532
5/24/2020,6:00,283.484
5/24/2020,12:00,283
5/24/2020,18:00,283.2
5/25/2020,0:00,282.342
5/25/2020,6:00,281.285
5/25/2020,12:00,280.022
5/25/2020,18:00,282.655
5/26/2020,0:00,282.905
5/26/2020,6:00,280.731
5/26/2020,12:00,279.773
5/26/2020,18:00,282.822
5/27/2020,0:00,282.872
5/27/2020,6:00,281.272
5/27/2020,12:00,280.9
5/27/2020,18:00,284.233
5/28/2020,0:00,285.653
5/28/2020,6:00,285.092
5/28/2020,12:00,284.1
5/28/2020,18:00,287.6
5/29/2020,0:00,287.7
5/29/2020,6:00,285.914
5/29/2020,12:00,284.4
5/29/2020,18:00,287.603
5/30/2020,0:00,287.056
5/30/2020,6:00,285.659
5/30/2020,12:00,284.516
5/30/2020,18:00,287.976
5/31/2020,0:00,288.282
5/31/2020,6:00,287.409
5/31/2020,12:00,286.899
5/31/2020,18:00,287.879
6/1/2020,0:00,283.043
6/1/2020,6:00,281.682
6/1/2020,12:00,280.267
6/1/2020,18:00,281.779
6/2/2020,0:00,283.004
6/2/2020,6:00,279.416
6/2/2020,12:00,278.239
6/2/2020,18:00,280.812
6/3/2020,0:00,280.767
6/3/2020,6:00,279.401
6/3/2020,12:00,279.213
6/3/2020,18:00,282.8
6/4/2020,0:00,284.145
6/4/2020,6:00,283.704
6/4/2020,12:00,283.7
6/4/2020,18:00,287.6
6/5/2020,0:00,288.516
6/5/2020,6:00,288.646
6/5/2020,12:00,289.8
6/5/2020,18:00,290.1
6/6/2020,0:00,286.499
6/6/2020,6:00,283.933
6/6/2020,12:00,282.303
6/6/2020,18:00,282.832
6/7/2020,0:00,284.115
6/7/2020,6:00,284.64
6/7/2020,12:00,283.3
6/7/2020,18:00,285.5
6/8/2020,0:00,284.914
6/8/2020,6:00,284.114
6/8/2020,12:00,283.452
6/8/2020,18:00,287.148
6/9/2020,0:00,288.997
6/9/2020,6:00,288.838
6/9/2020,12:00,289.493
6/9/2020,18:00,291.5
6/10/2020,0:00,291.365
6/10/2020,6:00,290.792
6/10/2020,12:00,291.006
6/10/2020,18:00,291.619
6/11/2020,0:00,291.294
6/11/2020,6:00,291.433
6/11/2020,12:00,290.564
6/11/2020,18:00,291.824
6/12/2020,0:00,293.7
6/12/2020,6:00,293.449
6/12/2020,12:00,292.5
6/12/2020,18:00,293.9
6/13/2020,0:00,292.691
6/13/2020,6:00,291.701
6/13/2020,12:00,290.578
6/13/2020,18:00,287.978
6/14/2020,0:00,282.919
6/14/2020,6:00,278.786
6/14/2020,12:00,277.5
6/14/2020,18:00,279.351
6/15/2020,0:00,282.1
6/15/2020,6:00,281.7
6/15/2020,12:00,284.6
6/15/2020,18:00,288.423
6/16/2020,0:00,291.063
6/16/2020,6:00,290.057
6/16/2020,12:00,289.277
6/16/2020,18:00,290.467
6/17/2020,0:00,291.1
6/17/2020,6:00,290.178
6/17/2020,12:00,289.385
6/17/2020,18:00,290.9
6/18/2020,0:00,292.056
6/18/2020,6:00,291.123
6/18/2020,12:00,290.556
6/18/2020,18:00,292
6/19/2020,0:00,291.704
6/19/2020,6:00,290.821
6/19/2020,12:00,290.225
6/19/2020,18:00,292.369
6/20/2020,0:00,292.772
6/20/2020,6:00,291.467
6/20/2020,12:00,291.36
6/20/2020,18:00,292.838
6/21/2020,0:00,293.011
6/21/2020,6:00,291.252
6/21/2020,12:00,289.553
6/21/2020,18:00,291.769
6/22/2020,0:00,291.789
6/22/2020,6:00,290.324
6/22/2020,12:00,289.612
6/22/2020,18:00,292.008
6/23/2020,0:00,292.436
6/23/2020,6:00,291.444
6/23/2020,12:00,290.921
6/23/2020,18:00,291.621
6/24/2020,0:00,292.36
6/24/2020,6:00,290.105
6/24/2020,12:00,289.342
6/24/2020,18:00,290.921
6/25/2020,0:00,292.742
6/25/2020,6:00,291.419
6/25/2020,12:00,290.569
6/25/2020,18:00,286.1
6/26/2020,0:00,282.498
6/26/2020,6:00,279.596
6/26/2020,12:00,278.7
6/26/2020,18:00,280.2
6/27/2020,0:00,279.662
6/27/2020,6:00,277.862
6/27/2020,12:00,277.9
6/27/2020,18:00,279.6
6/28/2020,0:00,280.767
6/28/2020,6:00,279.659
6/28/2020,12:00,279.08
6/28/2020,18:00,282.4
6/29/2020,0:00,284.818
6/29/2020,6:00,283.963
6/29/2020,12:00,284.067
6/29/2020,18:00,285.466
6/30/2020,0:00,285.974
6/30/2020,6:00,286.72
6/30/2020,12:00,287.904
6/30/2020,18:00,285.717
7/1/2020,0:00,283.7
7/1/2020,6:00,280.607
7/1/2020,12:00,279.768
7/1/2020,18:00,281.621
7/2/2020,0:00,279.019
7/2/2020,6:00,279.012
7/2/2020,12:00,277.834
7/2/2020,18:00,279.746
7/3/2020,0:00,280.078
7/3/2020,6:00,276.241
7/3/2020,12:00,275.3
7/3/2020,18:00,278.005
7/4/2020,0:00,279.1
7/4/2020,6:00,278.373
7/4/2020,12:00,277.558
7/4/2020,18:00,281.5
7/5/2020,0:00,285.908
7/5/2020,6:00,287.439
7/5/2020,12:00,286.8
7/5/2020,18:00,288.5
7/6/2020,0:00,288.701
7/6/2020,6:00,288.145
7/6/2020,12:00,286.892
7/6/2020,18:00,287.2
7/7/2020,0:00,285.5
7/7/2020,6:00,283.76
7/7/2020,12:00,283.501
7/7/2020,18:00,284.706
7/8/2020,0:00,286.463
7/8/2020,6:00,286
7/8/2020,12:00,283.5
7/8/2020,18:00,283.366
7/9/2020,0:00,282
7/9/2020,6:00,279.001
7/9/2020,12:00,278.501
7/9/2020,18:00,280.924
7/10/2020,0:00,279.795
7/10/2020,6:00,279.508
7/10/2020,12:00,279.7
7/10/2020,18:00,282.8
7/11/2020,0:00,286.7
7/11/2020,6:00,286.861
7/11/2020,12:00,285.976
7/11/2020,18:00,287.2
7/12/2020,0:00,289.1
7/12/2020,6:00,289.071
7/12/2020,12:00,289.3
7/12/2020,18:00,290.8
7/13/2020,0:00,287.987
7/13/2020,6:00,288.069
7/13/2020,12:00,286.1
7/13/2020,18:00,285.712
7/14/2020,0:00,281.762
7/14/2020,6:00,278.825
7/14/2020,12:00,276.789
7/14/2020,18:00,279.2
7/15/2020,0:00,277.359
7/15/2020,6:00,276.517
7/15/2020,12:00,276.3
7/15/2020,18:00,280.08
7/16/2020,0:00,284.625
7/16/2020,6:00,285.062
7/16/2020,12:00,284.3
7/16/2020,18:00,285.943
7/17/2020,0:00,286.625
7/17/2020,6:00,286.434
7/17/2020,12:00,287.308
7/17/2020,18:00,290.2
7/18/2020,0:00,291.631
7/18/2020,6:00,289.878
7/18/2020,12:00,289.189
7/18/2020,18:00,291.701
7/19/2020,0:00,292
7/19/2020,6:00,290.348
7/19/2020,12:00,290
7/19/2020,18:00,291.677
7/20/2020,0:00,291.734
7/20/2020,6:00,290.131
7/20/2020,12:00,288.923
7/20/2020,18:00,290.958
7/21/2020,0:00,290.9
7/21/2020,6:00,289.113
7/21/2020,12:00,288.271
7/21/2020,18:00,290.481
7/22/2020,0:00,290.829
7/22/2020,6:00,289.686
7/22/2020,12:00,289.3
7/22/2020,18:00,291
7/23/2020,0:00,291.304
7/23/2020,6:00,289.861
7/23/2020,12:00,289.5
7/23/2020,18:00,291.579
7/24/2020,0:00,291.125
7/24/2020,6:00,290.344
7/24/2020,12:00,288.2
7/24/2020,18:00,289.889
7/25/2020,0:00,286.9
7/25/2020,6:00,281.035
7/25/2020,12:00,279.74
7/25/2020,18:00,279.976
7/26/2020,0:00,279.422
7/26/2020,6:00,277.947
7/26/2020,12:00,277.318
7/26/2020,18:00,280.061
7/27/2020,0:00,284.7
7/27/2020,6:00,285.3
7/27/2020,12:00,286.792
7/27/2020,18:00,288.802
7/28/2020,0:00,288.9
7/28/2020,6:00,287.308
7/28/2020,12:00,284.2
7/28/2020,18:00,284.221
7/29/2020,0:00,278.787
7/29/2020,6:00,275.8
7/29/2020,12:00,274.4
7/29/2020,18:00,276.821
7/30/2020,0:00,277.4
7/30/2020,6:00,275.933
7/30/2020,12:00,276.03
7/30/2020,18:00,281.769
7/31/2020,0:00,283.404
7/31/2020,6:00,283.191
7/31/2020,12:00,283.6
7/31/2020,18:00,285.401
8/1/2020,0:00,286.3
8/1/2020,6:00,286
8/1/2020,12:00,285.8
8/1/2020,18:00,289.1
8/2/2020,0:00,289.5
8/2/2020,6:00,288.2
8/2/2020,12:00,287.1
8/2/2020,18:00,290.001
8/3/2020,0:00,289.3
8/3/2020,6:00,287.237
8/3/2020,12:00,286.6
8/3/2020,18:00,289.4
8/4/2020,0:00,288.269
8/4/2020,6:00,286.91
8/4/2020,12:00,285.813
8/4/2020,18:00,288.7
8/5/2020,0:00,288.822
8/5/2020,6:00,286.7
8/5/2020,12:00,286.283
8/5/2020,18:00,288.629
8/6/2020,0:00,289.278
8/6/2020,6:00,286.999
8/6/2020,12:00,285.7
8/6/2020,18:00,288.9
8/7/2020,0:00,288.9
8/7/2020,6:00,287.16
8/7/2020,12:00,286.804
8/7/2020,18:00,289.8
8/8/2020,0:00,288.919
8/8/2020,6:00,287.134
8/8/2020,12:00,286.711
8/8/2020,18:00,289.9
8/9/2020,0:00,288.3
8/9/2020,6:00,287.2
8/9/2020,12:00,286.3
8/9/2020,18:00,289.804
8/10/2020,0:00,288.9
8/10/2020,6:00,287.603
8/10/2020,12:00,287.2
8/10/2020,18:00,290.2
8/11/2020,0:00,291.066
8/11/2020,6:00,289.788
8/11/2020,12:00,284.328
8/11/2020,18:00,284.611
8/12/2020,0:00,282.6
8/12/2020,6:00,281.2
8/12/2020,12:00,280.8
8/12/2020,18:00,284.7
8/13/2020,0:00,286.943
8/13/2020,6:00,286.1
8/13/2020,12:00,286.456
8/13/2020,18:00,287.259
8/14/2020,0:00,286
8/14/2020,6:00,285.4
8/14/2020,12:00,284.478
8/14/2020,18:00,287.901
8/15/2020,0:00,289.452
8/15/2020,6:00,287.893
8/15/2020,12:00,283.7
8/15/2020,18:00,286.134
8/16/2020,0:00,284.744
8/16/2020,6:00,281.955
8/16/2020,12:00,280.427
8/16/2020,18:00,283.645
8/17/2020,0:00,282.4
8/17/2020,6:00,281.358
8/17/2020,12:00,280.315
8/17/2020,18:00,285.4
8/18/2020,0:00,284.2
8/18/2020,6:00,285.008
8/18/2020,12:00,285.6
8/18/2020,18:00,290.198
8/19/2020,0:00,288.6
8/19/2020,6:00,287.253
8/19/2020,12:00,286.347
8/19/2020,18:00,287.924
8/20/2020,0:00,282.711
8/20/2020,6:00,279.912
8/20/2020,12:00,277.33
8/20/2020,18:00,278.797
8/21/2020,0:00,275.888
8/21/2020,6:00,272.765
8/21/2020,12:00,272.103
8/21/2020,18:00,277.4
8/22/2020,0:00,276.2
8/22/2020,6:00,275.079
8/22/2020,12:00,274.7
8/22/2020,18:00,280.2
8/23/2020,0:00,280.7
8/23/2020,6:00,279.8
8/23/2020,12:00,279.503
8/23/2020,18:00,284.401
8/24/2020,0:00,284.5
8/24/2020,6:00,283.1
8/24/2020,12:00,282.8
8/24/2020,18:00,286.077
8/25/2020,0:00,288.693
8/25/2020,6:00,288.31
8/25/2020,12:00,287.323
8/25/2020,18:00,289.931
8/26/2020,0:00,291.5
8/26/2020,6:00,289.395
8/26/2020,12:00,288.2
8/26/2020,18:00,290.818
8/27/2020,0:00,291.958
8/27/2020,6:00,289.2
8/27/2020,12:00,288.6
8/27/2020,18:00,291.881
8/28/2020,0:00,293.3
8/28/2020,6:00,291.14
8/28/2020,12:00,290.3
8/28/2020,18:00,293.4
8/29/2020,0:00,293.7
8/29/2020,6:00,292.1
8/29/2020,12:00,291.3
8/29/2020,18:00,294.8
8/30/2020,0:00,294.5
8/30/2020,6:00,290.9
8/30/2020,12:00,290.592
8/30/2020,18:00,289.721
8/31/2020,0:00,287.022
8/31/2020,6:00,285.317
8/31/2020,12:00,285.6
8/31/2020,18:00,287.05
9/1/2020,0:00,285.012
9/1/2020,6:00,284
9/1/2020,12:00,284.478
9/1/2020,18:00,288.282
9/2/2020,0:00,289.877
9/2/2020,6:00,288.559
9/2/2020,12:00,289.512
9/2/2020,18:00,292.359
9/3/2020,0:00,290.601
9/3/2020,6:00,285.2
9/3/2020,12:00,284.613
9/3/2020,18:00,285.048
9/4/2020,0:00,284.887
9/4/2020,6:00,281.716
9/4/2020,12:00,281.1
9/4/2020,18:00,286.018
9/5/2020,0:00,286.7
9/5/2020,6:00,286.516
9/5/2020,12:00,288.143
9/5/2020,18:00,293.5
9/6/2020,0:00,291.501
9/6/2020,6:00,290
9/6/2020,12:00,289.081
9/6/2020,18:00,290.954
9/7/2020,0:00,288.928
9/7/2020,6:00,287.482
9/7/2020,12:00,286.451
9/7/2020,18:00,286.5
9/8/2020,0:00,286.1
9/8/2020,6:00,284.5
9/8/2020,12:00,283.84
9/8/2020,18:00,289.1
9/9/2020,0:00,290.745
9/9/2020,6:00,290.319
9/9/2020,12:00,290.5
9/9/2020,18:00,294.726
9/10/2020,0:00,292.1
9/10/2020,6:00,290.212
9/10/2020,12:00,289.2
9/10/2020,18:00,292.637
9/11/2020,0:00,290.745
9/11/2020,6:00,290.732
9/11/2020,12:00,291.763
9/11/2020,18:00,297.032
9/12/2020,0:00,296.39
9/12/2020,6:00,294.634
9/12/2020,12:00,291.3
9/12/2020,18:00,295.4
9/13/2020,0:00,294.32
9/13/2020,6:00,292.887
9/13/2020,12:00,292.186
9/13/2020,18:00,295.4
9/14/2020,0:00,293.533
9/14/2020,6:00,290.696
9/14/2020,12:00,289.1
9/14/2020,18:00,288.3
9/15/2020,0:00,285.988
9/15/2020,6:00,284.548
9/15/2020,12:00,282.806
9/15/2020,18:00,285.434
9/16/2020,0:00,290.37
9/16/2020,6:00,289.902
9/16/2020,12:00,289.9
9/16/2020,18:00,290.8
9/17/2020,0:00,290.8
9/17/2020,6:00,287.843
9/17/2020,12:00,287.6
9/17/2020,18:00,290.9
9/18/2020,0:00,289.171
9/18/2020,6:00,287.998
9/18/2020,12:00,286.851
9/18/2020,18:00,291.951
9/19/2020,0:00,288.3
9/19/2020,6:00,286.738
9/19/2020,12:00,286.062
9/19/2020,18:00,291.694
9/20/2020,0:00,283.743
9/20/2020,6:00,280.794
9/20/2020,12:00,279.596
9/20/2020,18:00,283.55
9/21/2020,0:00,281.084
9/21/2020,6:00,278.341
9/21/2020,12:00,277.568
9/21/2020,18:00,283.76
9/22/2020,0:00,281.259
9/22/2020,6:00,279.376
9/22/2020,12:00,279.158
9/22/2020,18:00,287.297
9/23/2020,0:00,288.026
9/23/2020,6:00,285.78
9/23/2020,12:00,286.178
9/23/2020,18:00,291.122
9/24/2020,0:00,290.146
9/24/2020,6:00,288.106
9/24/2020,12:00,287.768
9/24/2020,18:00,292.97
9/25/2020,0:00,291.804
9/25/2020,6:00,289.687
9/25/2020,12:00,289.351
9/25/2020,18:00,293.994
9/26/2020,0:00,293.652
9/26/2020,6:00,291.783
9/26/2020,12:00,291.654
9/26/2020,18:00,297.409
9/27/2020,0:00,296.788
9/27/2020,6:00,295.468
9/27/2020,12:00,294.2
9/27/2020,18:00,296.208
9/28/2020,0:00,292.281
9/28/2020,6:00,287.935
9/28/2020,12:00,285.978
9/28/2020,18:00,288.041
9/29/2020,0:00,286
9/29/2020,6:00,283.49
9/29/2020,12:00,283.607
9/29/2020,18:00,290.676
9/30/2020,0:00,294.294
9/30/2020,6:00,292.781
9/30/2020,12:00,292.406
9/30/2020,18:00,298.465
10/1/2020,0:00,297.996
10/1/2020,6:00,296.874
10/1/2020,12:00,294.824
10/1/2020,18:00,297.48
10/2/2020,0:00,299.614
10/2/2020,6:00,297.464
10/2/2020,12:00,295.429
10/2/2020,18:00,299.938
10/3/2020,0:00,293.319
10/3/2020,6:00,290.85
10/3/2020,12:00,289.454
10/3/2020,18:00,289.345
10/4/2020,0:00,287.628
10/4/2020,6:00,287.798
10/4/2020,12:00,289.294
10/4/2020,18:00,293.661
10/5/2020,0:00,294.671
10/5/2020,6:00,291.96
10/5/2020,12:00,289.77
10/5/2020,18:00,292
10/6/2020,0:00,287.4
10/6/2020,6:00,285.154
10/6/2020,12:00,285.868
10/6/2020,18:00,291.485
10/7/2020,0:00,293.385
10/7/2020,6:00,292.169
10/7/2020,12:00,290.546
10/7/2020,18:00,295.125
10/8/2020,0:00,291.899
10/8/2020,6:00,289.358
10/8/2020,12:00,288.715
10/8/2020,18:00,290.319
10/9/2020,0:00,290.185
10/9/2020,6:00,286.538
10/9/2020,12:00,287.595
10/9/2020,18:00,290.24
10/10/2020,0:00,287.604
10/10/2020,6:00,284.892
10/10/2020,12:00,283.446
10/10/2020,18:00,290.414
10/11/2020,0:00,286.703
10/11/2020,6:00,285.055
10/11/2020,12:00,284.558
10/11/2020,18:00,293.206
10/12/2020,0:00,290.079
10/12/2020,6:00,287.475
10/12/2020,12:00,287.269
10/12/2020,18:00,294.772
10/13/2020,0:00,290.048
10/13/2020,6:00,284.962
10/13/2020,12:00,283.664
10/13/2020,18:00,291.376
10/14/2020,0:00,289.424
10/14/2020,6:00,286.429
10/14/2020,12:00,286.605
10/14/2020,18:00,295.51
10/15/2020,0:00,292.172
10/15/2020,6:00,289.736
10/15/2020,12:00,288.265
10/15/2020,18:00,293.513
10/16/2020,0:00,290.875
10/16/2020,6:00,289.482
10/16/2020,12:00,289.577
10/16/2020,18:00,295.838
10/17/2020,0:00,294.029
10/17/2020,6:00,290.879
10/17/2020,12:00,288.615
10/17/2020,18:00,293.608
10/18/2020,0:00,293.284
10/18/2020,6:00,292.017
10/18/2020,12:00,289.838
10/18/2020,18:00,295.24
10/19/2020,0:00,294.608
10/19/2020,6:00,291.721
10/19/2020,12:00,290.96
10/19/2020,18:00,297.182
10/20/2020,0:00,296.256
10/20/2020,6:00,293.287
10/20/2020,12:00,291.491
10/20/2020,18:00,298.741
10/21/2020,0:00,296.131
10/21/2020,6:00,290.571
10/21/2020,12:00,289.887
10/21/2020,18:00,296.263
10/22/2020,0:00,294.258
10/22/2020,6:00,292.37
10/22/2020,12:00,292.1
10/22/2020,18:00,297.101
10/23/2020,0:00,297.285
10/23/2020,6:00,295.784
10/23/2020,12:00,293.055
10/23/2020,18:00,296.405
10/24/2020,0:00,294.681
10/24/2020,6:00,292.423
10/24/2020,12:00,291.345
10/24/2020,18:00,296.859
10/25/2020,0:00,296.077
10/25/2020,6:00,291.094
10/25/2020,12:00,290.249
10/25/2020,18:00,298.576
10/26/2020,0:00,297.221
10/26/2020,6:00,296.377
10/26/2020,12:00,293.214
10/26/2020,18:00,293.096
10/27/2020,0:00,288.675
10/27/2020,6:00,287.313
10/27/2020,12:00,286.471
10/27/2020,18:00,292.122
10/28/2020,0:00,289.351
10/28/2020,6:00,286.042
10/28/2020,12:00,285.561
10/28/2020,18:00,293.674
10/29/2020,0:00,291.766
10/29/2020,6:00,288.449
10/29/2020,12:00,287.512
10/29/2020,18:00,291.441
10/30/2020,0:00,288.441
10/30/2020,6:00,285.365
10/30/2020,12:00,285.803
10/30/2020,18:00,289.68
10/31/2020,0:00,288.554
10/31/2020,6:00,286.907
10/31/2020,12:00,285.762
10/31/2020,18:00,293.352
11/1/2020,0:00,288.959
11/1/2020,6:00,285.601
11/1/2020,12:00,284.87
11/1/2020,18:00,292.074
11/2/2020,0:00,289.966
11/2/2020,6:00,285.812
11/2/2020,12:00,284.382
11/2/2020,18:00,292.998
11/3/2020,0:00,290.303
11/3/2020,6:00,286.641
11/3/2020,12:00,285.69
11/3/2020,18:00,293.449
11/4/2020,0:00,290.215
11/4/2020,6:00,285.762
11/4/2020,12:00,284.292
11/4/2020,18:00,289.978
11/5/2020,0:00,287.718
11/5/2020,6:00,283.037
11/5/2020,12:00,282.062
11/5/2020,18:00,289.784
11/6/2020,0:00,289.357
11/6/2020,6:00,285.445
11/6/2020,12:00,284.258
11/6/2020,18:00,293.735
11/7/2020,0:00,293.376
11/7/2020,6:00,290.182
11/7/2020,12:00,289.601
11/7/2020,18:00,297.191
11/8/2020,0:00,295.633
11/8/2020,6:00,291.62
11/8/2020,12:00,289.941
11/8/2020,18:00,297.756
11/9/2020,0:00,296.04
11/9/2020,6:00,291.82
11/9/2020,12:00,290.943
11/9/2020,18:00,291.932
11/10/2020,0:00,293.202
11/10/2020,6:00,291.162
11/10/2020,12:00,290.051
11/10/2020,18:00,297.066
11/11/2020,0:00,293.778
11/11/2020,6:00,291.774
11/11/2020,12:00,291.616
11/11/2020,18:00,298.833
11/12/2020,0:00,294.226
11/12/2020,6:00,291.723
11/12/2020,12:00,290.868
11/12/2020,18:00,298.362
11/13/2020,0:00,294.62
11/13/2020,6:00,291.439
11/13/2020,12:00,290.626
11/13/2020,18:00,298.332
11/14/2020,0:00,295.561
11/14/2020,6:00,292.698
11/14/2020,12:00,292.179
11/14/2020,18:00,300.572
11/15/2020,0:00,298.348
11/15/2020,6:00,295.547
11/15/2020,12:00,293.246
11/15/2020,18:00,295.15
11/16/2020,0:00,294.059
11/16/2020,6:00,292.605
11/16/2020,12:00,291.642
11/16/2020,18:00,297.471
11/17/2020,0:00,292.406
11/17/2020,6:00,289.21
11/17/2020,12:00,287.722
11/17/2020,18:00,293.359
11/18/2020,0:00,290.229
11/18/2020,6:00,287.23
11/18/2020,12:00,286.732
11/18/2020,18:00,291.562
11/19/2020,0:00,290.641
11/19/2020,6:00,286.13
11/19/2020,12:00,285.408
11/19/2020,18:00,293.201
11/20/2020,0:00,291.252
11/20/2020,6:00,288.458
11/20/2020,12:00,287.18
11/20/2020,18:00,294.928
11/21/2020,0:00,290.668
11/21/2020,6:00,286.741
11/21/2020,12:00,285.666
11/21/2020,18:00,295.108
11/22/2020,0:00,292.446
11/22/2020,6:00,289.103
11/22/2020,12:00,288.175
11/22/2020,18:00,296.805
11/23/2020,0:00,294.982
11/23/2020,6:00,291.08
11/23/2020,12:00,290.519
11/23/2020,18:00,298.31
11/24/2020,0:00,297.266
11/24/2020,6:00,293.954
11/24/2020,12:00,293.239
11/24/2020,18:00,298.763
11/25/2020,0:00,296.952
11/25/2020,6:00,294.183
11/25/2020,12:00,293.359
11/25/2020,18:00,301.43
11/26/2020,0:00,301.768
11/26/2020,6:00,293.982
11/26/2020,12:00,292.86
11/26/2020,18:00,294.034
11/27/2020,0:00,293.143
11/27/2020,6:00,291.109
11/27/2020,12:00,291.249
11/27/2020,18:00,296.92
11/28/2020,0:00,295.341
11/28/2020,6:00,293.819
11/28/2020,12:00,292.967
11/28/2020,18:00,297.968
11/29/2020,0:00,297.727
11/29/2020,6:00,293.314
11/29/2020,12:00,294.41
11/29/2020,18:00,296.992
11/30/2020,0:00,296.82
11/30/2020,6:00,294.568
11/30/2020,12:00,293.096
11/30/2020,18:00,292.554
12/1/2020,0:00,292.455
12/1/2020,6:00,290.456
12/1/2020,12:00,289.915
12/1/2020,18:00,296.2
12/2/2020,0:00,294.731
12/2/2020,6:00,293.239
12/2/2020,12:00,292.857
12/2/2020,18:00,299.097
12/3/2020,0:00,291.203
12/3/2020,6:00,291.975
12/3/2020,12:00,292.548
12/3/2020,18:00,293.264
12/4/2020,0:00,292.911
12/4/2020,6:00,290.084
12/4/2020,12:00,289.544
12/4/2020,18:00,295.387
12/5/2020,0:00,293.334
12/5/2020,6:00,290.903
12/5/2020,12:00,288.983
12/5/2020,18:00,292.176
12/6/2020,0:00,289.918
12/6/2020,6:00,287.85
12/6/2020,12:00,287.683
12/6/2020,18:00,291.286
12/7/2020,0:00,291.068
12/7/2020,6:00,288.176
12/7/2020,12:00,287.757
12/7/2020,18:00,294.898
12/8/2020,0:00,292.645
12/8/2020,6:00,289.569
12/8/2020,12:00,288.727
12/8/2020,18:00,296.055
12/9/2020,0:00,293.27
12/9/2020,6:00,289.734
12/9/2020,12:00,288.347
12/9/2020,18:00,296.459
12/10/2020,0:00,293.608
12/10/2020,6:00,290.701
12/10/2020,12:00,289.707
12/10/2020,18:00,298.557
12/11/2020,0:00,296.977
12/11/2020,6:00,294.389
12/11/2020,12:00,293.073
12/11/2020,18:00,300.291
12/12/2020,0:00,298.35
12/12/2020,6:00,295.926
12/12/2020,12:00,294.904
12/12/2020,18:00,301.355
12/13/2020,0:00,297.222
12/13/2020,6:00,296.52
12/13/2020,12:00,294.726
12/13/2020,18:00,300.759
12/14/2020,0:00,293.673
12/14/2020,6:00,292.669
12/14/2020,12:00,292.195
12/14/2020,18:00,298.481
12/15/2020,0:00,295.177
12/15/2020,6:00,292.833
12/15/2020,12:00,291.892
12/15/2020,18:00,298.823
12/16/2020,0:00,297.517
12/16/2020,6:00,294.502
12/16/2020,12:00,294.064
12/16/2020,18:00,300.517
12/17/2020,0:00,293.863
12/17/2020,6:00,292.454
12/17/2020,12:00,292.718
12/17/2020,18:00,297.747
12/18/2020,0:00,296.347
12/18/2020,6:00,292.745
12/18/2020,12:00,291.681
12/18/2020,18:00,299.588
12/19/2020,0:00,298.702
12/19/2020,6:00,296.28
12/19/2020,12:00,295.047
12/19/2020,18:00,296.474
12/20/2020,0:00,294.43
12/20/2020,6:00,294.148
12/20/2020,12:00,293.155
12/20/2020,18:00,293.021
12/21/2020,0:00,292.321
12/21/2020,6:00,288.74
12/21/2020,12:00,288.463
12/21/2020,18:00,293.444
12/22/2020,0:00,290.381
12/22/2020,6:00,286.336
12/22/2020,12:00,284.982
12/22/2020,18:00,292.964
12/23/2020,0:00,291.441
12/23/2020,6:00,287.848
12/23/2020,12:00,286.865
12/23/2020,18:00,296.673
12/24/2020,0:00,294.916
12/24/2020,6:00,292.165
12/24/2020,12:00,291.486
12/24/2020,18:00,298.564
12/25/2020,0:00,296.586
12/25/2020,6:00,293.772
12/25/2020,12:00,292.696
12/25/2020,18:00,298.08
12/26/2020,0:00,296.103
12/26/2020,6:00,293.183
12/26/2020,12:00,292.027
12/26/2020,18:00,296.599
12/27/2020,0:00,293.532
12/27/2020,6:00,291.146
12/27/2020,12:00,291.812
12/27/2020,18:00,295.327
12/28/2020,0:00,295.458
12/28/2020,6:00,291.855
12/28/2020,12:00,291.726
12/28/2020,18:00,297.564
12/29/2020,0:00,294.164
12/29/2020,6:00,292.257
12/29/2020,12:00,292.585
12/29/2020,18:00,297.608
12/30/2020,0:00,294.329
12/30/2020,6:00,294.409
12/30/2020,12:00,293.932
12/30/2020,18:00,300
12/31/2020,0:00,298.867
12/31/2020,6:00,294.708
12/31/2020,12:00,292.91
12/31/2020,18:00,295.43
1/1/2021,0:00,291.579
1/1/2021,6:00,287.905
1/1/2021,12:00,286.615
1/1/2021,18:00,294.514
1/2/2021,0:00,293.027
1/2/2021,6:00,290.202
1/2/2021,12:00,288.375
1/2/2021,18:00,295.95
1/3/2021,0:00,293.277
1/3/2021,6:00,289.811
1/3/2021,12:00,288.783
1/3/2021,18:00,296.253
1/4/2021,0:00,295.135
1/4/2021,6:00,292.117
1/4/2021,12:00,291.433
1/4/2021,18:00,296.671
1/5/2021,0:00,294.555
1/5/2021,6:00,293.725
1/5/2021,12:00,292.408
1/5/2021,18:00,294.006
1/6/2021,0:00,292.084
1/6/2021,6:00,291.37
1/6/2021,12:00,290.926
1/6/2021,18:00,296.721
1/7/2021,0:00,296.687
1/7/2021,6:00,293.49
1/7/2021,12:00,292.823
1/7/2021,18:00,296.75
1/8/2021,0:00,294.209
1/8/2021,6:00,292.391
1/8/2021,12:00,290.186
1/8/2021,18:00,298.331
1/9/2021,0:00,294.661
1/9/2021,6:00,292.955
1/9/2021,12:00,291.311
1/9/2021,18:00,298.946
1/10/2021,0:00,297.735
1/10/2021,6:00,292.378
1/10/2021,12:00,292.418
1/10/2021,18:00,298.602
1/11/2021,0:00,297.452
1/11/2021,6:00,294.915
1/11/2021,12:00,294.697
1/11/2021,18:00,300.165
1/12/2021,0:00,300.612
1/12/2021,6:00,292.025
1/12/2021,12:00,292.845
1/12/2021,18:00,298.054
1/13/2021,0:00,295.198
1/13/2021,6:00,293.681
1/13/2021,12:00,292.8
1/13/2021,18:00,297.034
1/14/2021,0:00,295.351
1/14/2021,6:00,291.933
1/14/2021,12:00,291.74
1/14/2021,18:00,295.177
1/15/2021,0:00,294.974
1/15/2021,6:00,293.405
1/15/2021,12:00,292.229
1/15/2021,18:00,297.741
1/16/2021,0:00,296.245
1/16/2021,6:00,294.891
1/16/2021,12:00,294.015
1/16/2021,18:00,298.114
1/17/2021,0:00,296.137
1/17/2021,6:00,294.487
1/17/2021,12:00,294.108
1/17/2021,18:00,294.913
1/18/2021,0:00,293.587
1/18/2021,6:00,289.841
1/18/2021,12:00,287.969
1/18/2021,18:00,292.938
1/19/2021,0:00,291.538
1/19/2021,6:00,289.432
1/19/2021,12:00,287.891
1/19/2021,18:00,294.772
1/20/2021,0:00,293.369
1/20/2021,6:00,291.951
1/20/2021,12:00,290.675
1/20/2021,18:00,296.28
1/21/2021,0:00,292.558
1/21/2021,6:00,291.907
1/21/2021,12:00,291.811
1/21/2021,18:00,292.306
1/22/2021,0:00,292.647
1/22/2021,6:00,292.542
1/22/2021,12:00,291.654
1/22/2021,18:00,293.542
1/23/2021,0:00,293.743
1/23/2021,6:00,291.923
1/23/2021,12:00,291.31
1/23/2021,18:00,296.697
1/24/2021,0:00,294.916
1/24/2021,6:00,293.079
1/24/2021,12:00,292.023
1/24/2021,18:00,296.44
1/25/2021,0:00,294.933
1/25/2021,6:00,292.856
1/25/2021,12:00,292.205
1/25/2021,18:00,296.5
1/26/2021,0:00,294.206
1/26/2021,6:00,292.951
1/26/2021,12:00,292.221
1/26/2021,18:00,296.517
1/27/2021,0:00,294.867
1/27/2021,6:00,294.109
1/27/2021,12:00,293.57
1/27/2021,18:00,293.688
1/28/2021,0:00,294.066
1/28/2021,6:00,293.04
1/28/2021,12:00,292.967
1/28/2021,18:00,294.912
1/29/2021,0:00,294.278
1/29/2021,6:00,293.58
1/29/2021,12:00,293.129
1/29/2021,18:00,295.56
1/30/2021,0:00,294.883
1/30/2021,6:00,293.688
1/30/2021,12:00,293.004
1/30/2021,18:00,296.483
1/31/2021,0:00,294.081
1/31/2021,6:00,293.439
1/31/2021,12:00,293.316
1/31/2021,18:00,293.965
2/1/2021,0:00,293.388
2/1/2021,6:00,291.349
2/1/2021,12:00,290.827
2/1/2021,18:00,294.678
2/2/2021,0:00,294.638
2/2/2021,6:00,293.887
2/2/2021,12:00,292.643
2/2/2021,18:00,296.984
2/3/2021,0:00,296.209
2/3/2021,6:00,294.756
2/3/2021,12:00,294.001
2/3/2021,18:00,294.623
2/4/2021,0:00,296.03
2/4/2021,6:00,292.895
2/4/2021,12:00,290.545
2/4/2021,18:00,292.774
2/5/2021,0:00,290.796
2/5/2021,6:00,287.382
2/5/2021,12:00,285.83
2/5/2021,18:00,290.532
2/6/2021,0:00,288.189
2/6/2021,6:00,285.08
2/6/2021,12:00,284.636
2/6/2021,18:00,290.535
2/7/2021,0:00,289.548
2/7/2021,6:00,287.449
2/7/2021,12:00,286.79
2/7/2021,18:00,292.092
2/8/2021,0:00,291.742
2/8/2021,6:00,290.025
2/8/2021,12:00,288.393
2/8/2021,18:00,294.413
2/9/2021,0:00,292.775
2/9/2021,6:00,289.965
2/9/2021,12:00,288.988
2/9/2021,18:00,293.955
2/10/2021,0:00,291.636
2/10/2021,6:00,288.372
2/10/2021,12:00,288.598
2/10/2021,18:00,293.824
2/11/2021,0:00,290.15
2/11/2021,6:00,289.015
2/11/2021,12:00,290.037
2/11/2021,18:00,292.491
2/12/2021,0:00,291.523
2/12/2021,6:00,289.525
2/12/2021,12:00,289.477
2/12/2021,18:00,294.314
2/13/2021,0:00,291.98
2/13/2021,6:00,290.662
2/13/2021,12:00,289.985
2/13/2021,18:00,294.665
2/14/2021,0:00,292.293
2/14/2021,6:00,290.679
2/14/2021,12:00,289.19
2/14/2021,18:00,294.794
2/15/2021,0:00,292.302
2/15/2021,6:00,290.91
2/15/2021,12:00,289.886
2/15/2021,18:00,294.533
2/16/2021,0:00,292.216
2/16/2021,6:00,290.275
2/16/2021,12:00,289.464
2/16/2021,18:00,293.545
2/17/2021,0:00,290.862
2/17/2021,6:00,289.352
2/17/2021,12:00,287.621
2/17/2021,18:00,292.968
2/18/2021,0:00,289.544
2/18/2021,6:00,287.754
2/18/2021,12:00,286.024
2/18/2021,18:00,291.975
2/19/2021,0:00,289.81
2/19/2021,6:00,289.049
2/19/2021,12:00,288.175
2/19/2021,18:00,293.841
2/20/2021,0:00,291.175
2/20/2021,6:00,289.398
2/20/2021,12:00,288.148
2/20/2021,18:00,294.425
2/21/2021,0:00,291.929
2/21/2021,6:00,290.894
2/21/2021,12:00,288.066
2/21/2021,18:00,294.448
2/22/2021,0:00,294.516
2/22/2021,6:00,292.237
2/22/2021,12:00,291.71
2/22/2021,18:00,296.067
2/23/2021,0:00,294.089
2/23/2021,6:00,293.533
2/23/2021,12:00,292.753
2/23/2021,18:00,298.452
2/24/2021,0:00,294.167
2/24/2021,6:00,290.244
2/24/2021,12:00,290.12
2/24/2021,18:00,295.026
2/25/2021,0:00,293.774
2/25/2021,6:00,289.667
2/25/2021,12:00,288.35
2/25/2021,18:00,294.139
2/26/2021,0:00,292.775
2/26/2021,6:00,290.277
2/26/2021,12:00,289.735
2/26/2021,18:00,294.509
2/27/2021,0:00,294.432
2/27/2021,6:00,293.404
2/27/2021,12:00,291.53
2/27/2021,18:00,295.322
2/28/2021,0:00,294.64
2/28/2021,6:00,291.235
2/28/2021,12:00,288.981
2/28/2021,18:00,293.866
3/1/2021,0:00,293.305
3/1/2021,6:00,291.687
3/1/2021,12:00,290.949
3/1/2021,18:00,295.847
3/2/2021,0:00,293.861
3/2/2021,6:00,292.494
3/2/2021,12:00,291.648
3/2/2021,18:00,296.2
3/3/2021,0:00,294.707
3/3/2021,6:00,292.773
3/3/2021,12:00,292.495
3/3/2021,18:00,294.441
3/4/2021,0:00,292.691
3/4/2021,6:00,292.303
3/4/2021,12:00,291.822
3/4/2021,18:00,293.212
3/5/2021,0:00,293.247
3/5/2021,6:00,290.918
3/5/2021,12:00,290.456
3/5/2021,18:00,292.655
3/6/2021,0:00,292.228
3/6/2021,6:00,289.776
3/6/2021,12:00,288.798
3/6/2021,18:00,292.346
3/7/2021,0:00,290.404
3/7/2021,6:00,288.236
3/7/2021,12:00,287.706
3/7/2021,18:00,293.755
3/8/2021,0:00,291.291
3/8/2021,6:00,288.786
3/8/2021,12:00,288.388
3/8/2021,18:00,294.481
3/9/2021,0:00,291.578
3/9/2021,6:00,288.204
3/9/2021,12:00,287.807
3/9/2021,18:00,293.142
3/10/2021,0:00,291.851
3/10/2021,6:00,287.427
3/10/2021,12:00,286.17
3/10/2021,18:00,291.751
3/11/2021,0:00,289.647
3/11/2021,6:00,287.482
3/11/2021,12:00,286.332
3/11/2021,18:00,292.849
3/12/2021,0:00,290.507
3/12/2021,6:00,288.086
3/12/2021,12:00,287.232
3/12/2021,18:00,293.437
3/13/2021,0:00,291.265
3/13/2021,6:00,288.642
3/13/2021,12:00,287.781
3/13/2021,18:00,293.941
3/14/2021,0:00,292.135
3/14/2021,6:00,290.104
3/14/2021,12:00,289.427
3/14/2021,18:00,294.9
3/15/2021,0:00,294.183
3/15/2021,6:00,290.976
3/15/2021,12:00,289.94
3/15/2021,18:00,295.307
3/16/2021,0:00,294.854
3/16/2021,6:00,291.703
3/16/2021,12:00,291.419
3/16/2021,18:00,297.483
3/17/2021,0:00,292.656
3/17/2021,6:00,293.351
3/17/2021,12:00,293.022
3/17/2021,18:00,296.061
3/18/2021,0:00,292.765
3/18/2021,6:00,287.919
3/18/2021,12:00,286.934
3/18/2021,18:00,291.344
3/19/2021,0:00,290.431
3/19/2021,6:00,288.076
3/19/2021,12:00,287.411
3/19/2021,18:00,293.849
3/20/2021,0:00,295.605
3/20/2021,6:00,294.103
3/20/2021,12:00,293.108
3/20/2021,18:00,296.637
3/21/2021,0:00,295.718
3/21/2021,6:00,293.41
3/21/2021,12:00,293.67
3/21/2021,18:00,294.227
3/22/2021,0:00,293.957
3/22/2021,6:00,291.625
3/22/2021,12:00,291.219
3/22/2021,18:00,295.056
3/23/2021,0:00,294.323
3/23/2021,6:00,292.594
3/23/2021,12:00,292.186
3/23/2021,18:00,293.043
3/24/2021,0:00,293.971
3/24/2021,6:00,292.984
3/24/2021,12:00,292.41
3/24/2021,18:00,296.201
3/25/2021,0:00,294.424
3/25/2021,6:00,292.125
3/25/2021,12:00,292.344
3/25/2021,18:00,297.608
3/26/2021,0:00,292.873
3/26/2021,6:00,291.61
3/26/2021,12:00,291.659
3/26/2021,18:00,297.141
3/27/2021,0:00,292.854
3/27/2021,6:00,292.062
3/27/2021,12:00,291.828
3/27/2021,18:00,292.373
3/28/2021,0:00,292.237
3/28/2021,6:00,291.919
3/28/2021,12:00,290.954
3/28/2021,18:00,291.833
3/29/2021,0:00,290.499
3/29/2021,6:00,289.744
3/29/2021,12:00,288.1
3/29/2021,18:00,290.1
3/30/2021,0:00,287.859
3/30/2021,6:00,286.08
3/30/2021,12:00,285.94
3/30/2021,18:00,291.2
3/31/2021,0:00,287.983
3/31/2021,6:00,286.209
3/31/2021,12:00,285.3
3/31/2021,18:00,290.336
4/1/2021,0:00,288.412
4/1/2021,6:00,285.142
4/1/2021,12:00,284.424
4/1/2021,18:00,290.241
4/2/2021,0:00,288.604
4/2/2021,6:00,286.8
4/2/2021,12:00,285.195
4/2/2021,18:00,291.93
4/3/2021,0:00,292.212
4/3/2021,6:00,288.946
4/3/2021,12:00,288.159
4/3/2021,18:00,294.732
4/4/2021,0:00,293.455
4/4/2021,6:00,291.009
4/4/2021,12:00,289.812
4/4/2021,18:00,295.772
4/5/2021,0:00,295.963
4/5/2021,6:00,291.793
4/5/2021,12:00,291.082
4/5/2021,18:00,294.5
4/6/2021,0:00,292.471
4/6/2021,6:00,290.711
4/6/2021,12:00,290.502
4/6/2021,18:00,292.7
4/7/2021,0:00,292.4
4/7/2021,6:00,290.267
4/7/2021,12:00,288.619
4/7/2021,18:00,294.381
4/8/2021,0:00,293.358
4/8/2021,6:00,291.612
4/8/2021,12:00,289.835
4/8/2021,18:00,294.674
4/9/2021,0:00,295.135
4/9/2021,6:00,293.016
4/9/2021,12:00,292.026
4/9/2021,18:00,297.305
4/10/2021,0:00,298.355
4/10/2021,6:00,294.612
4/10/2021,12:00,292.963
4/10/2021,18:00,299.034
4/11/2021,0:00,296.527
4/11/2021,6:00,294.36
4/11/2021,12:00,292.959
4/11/2021,18:00,298.789
4/12/2021,0:00,291.118
4/12/2021,6:00,286.846
4/12/2021,12:00,285.549
4/12/2021,18:00,290
4/13/2021,0:00,290.105
4/13/2021,6:00,286.6
4/13/2021,12:00,285.009
4/13/2021,18:00,291.254
4/14/2021,0:00,292.748
4/14/2021,6:00,289.365
4/14/2021,12:00,289.013
4/14/2021,18:00,292.972
4/15/2021,0:00,290.12
4/15/2021,6:00,289.579
4/15/2021,12:00,289.803
4/15/2021,18:00,293.538
4/16/2021,0:00,291.238
4/16/2021,6:00,291.152
4/16/2021,12:00,290.1
4/16/2021,18:00,292.245
4/17/2021,0:00,289.813
4/17/2021,6:00,288.754
4/17/2021,12:00,288.1
4/17/2021,18:00,293.085
4/18/2021,0:00,291.322
4/18/2021,6:00,289.104
4/18/2021,12:00,287.944
4/18/2021,18:00,292.398
4/19/2021,0:00,291.278
4/19/2021,6:00,288.678
4/19/2021,12:00,287.815
4/19/2021,18:00,292.717
4/20/2021,0:00,292.112
4/20/2021,6:00,287.8
4/20/2021,12:00,286.795
4/20/2021,18:00,293.355
4/21/2021,0:00,291.311
4/21/2021,6:00,288.818
4/21/2021,12:00,287.705
4/21/2021,18:00,293.224
4/22/2021,0:00,292.001
4/22/2021,6:00,289.082
4/22/2021,12:00,287.803
4/22/2021,18:00,292.728
4/23/2021,0:00,292.147
4/23/2021,6:00,289.529
4/23/2021,12:00,288.001
4/23/2021,18:00,293.618
4/24/2021,0:00,293.658
4/24/2021,6:00,292.307
4/24/2021,12:00,290.814
4/24/2021,18:00,290.477
4/25/2021,0:00,290.27
4/25/2021,6:00,289.428
4/25/2021,12:00,289.7
4/25/2021,18:00,290.409
4/26/2021,0:00,289.363
4/26/2021,6:00,284.852
4/26/2021,12:00,282.999
4/26/2021,18:00,287.495
4/27/2021,0:00,286.594
4/27/2021,6:00,283.494
4/27/2021,12:00,282.237
4/27/2021,18:00,287.331
4/28/2021,0:00,285.332
4/28/2021,6:00,282.521
4/28/2021,12:00,281.203
4/28/2021,18:00,287.363
4/29/2021,0:00,285.878
4/29/2021,6:00,283.117
4/29/2021,12:00,281.942
4/29/2021,18:00,288.425
4/30/2021,0:00,288.802
4/30/2021,6:00,286.208
4/30/2021,12:00,284.968
4/30/2021,18:00,290.918
5/1/2021,0:00,289.814
5/1/2021,6:00,287.6
5/1/2021,12:00,286.716
5/1/2021,18:00,291.658
5/2/2021,0:00,291.561
5/2/2021,6:00,289.436
5/2/2021,12:00,288.436
5/2/2021,18:00,293.048
5/3/2021,0:00,292.613
5/3/2021,6:00,291.516
5/3/2021,12:00,290.824
5/3/2021,18:00,295.982
5/4/2021,0:00,295.255
5/4/2021,6:00,293.473
5/4/2021,12:00,292.676
5/4/2021,18:00,297.485
5/5/2021,0:00,293.341
5/5/2021,6:00,290.851
5/5/2021,12:00,290.191
5/5/2021,18:00,289.017
5/6/2021,0:00,284.917
5/6/2021,6:00,284.841
5/6/2021,12:00,284
5/6/2021,18:00,283.895
5/7/2021,0:00,281.715
5/7/2021,6:00,279.645
5/7/2021,12:00,278.736
5/7/2021,18:00,282.948
5/8/2021,0:00,283.105
5/8/2021,6:00,281.805
5/8/2021,12:00,280.803
5/8/2021,18:00,286.108
5/9/2021,0:00,286.758
5/9/2021,6:00,284.802
5/9/2021,12:00,284.371
5/9/2021,18:00,289
5/10/2021,0:00,289.809
5/10/2021,6:00,288.532
5/10/2021,12:00,287.4
5/10/2021,18:00,292.103
5/11/2021,0:00,289.634
5/11/2021,6:00,288.134
5/11/2021,12:00,286.779
5/11/2021,18:00,287.395
5/12/2021,0:00,286.549
5/12/2021,6:00,284.518
5/12/2021,12:00,281.428
5/12/2021,18:00,283.276
5/13/2021,0:00,283.056
5/13/2021,6:00,281.205
5/13/2021,12:00,280.308
5/13/2021,18:00,285.067
5/14/2021,0:00,285.681
5/14/2021,6:00,283.948
5/14/2021,12:00,283.361
5/14/2021,18:00,286.824
5/15/2021,0:00,287.614
5/15/2021,6:00,285.424
5/15/2021,12:00,284.356
5/15/2021,18:00,288.504
5/16/2021,0:00,287.822
5/16/2021,6:00,286.404
5/16/2021,12:00,285.81
5/16/2021,18:00,290.143
5/17/2021,0:00,288.699
5/17/2021,6:00,286.644
5/17/2021,12:00,285.283
5/17/2021,18:00,289.126
5/18/2021,0:00,287.154
5/18/2021,6:00,284.406
5/18/2021,12:00,282.71
5/18/2021,18:00,286.924
5/19/2021,0:00,285.961
5/19/2021,6:00,284.243
5/19/2021,12:00,283.279
5/19/2021,18:00,288.002
5/20/2021,0:00,288.811
5/20/2021,6:00,287.681
5/20/2021,12:00,285.949
5/20/2021,18:00,289.136
5/21/2021,0:00,289.748
5/21/2021,6:00,288.917
5/21/2021,12:00,288.904
5/21/2021,18:00,291.835
5/22/2021,0:00,291.276
5/22/2021,6:00,289.842
5/22/2021,12:00,288.842
5/22/2021,18:00,288.061
5/23/2021,0:00,283.661
5/23/2021,6:00,281.777
5/23/2021,12:00,280.307
5/23/2021,18:00,282.222
5/24/2021,0:00,283.005
5/24/2021,6:00,282.612
5/24/2021,12:00,279.93
5/24/2021,18:00,282.6
5/25/2021,0:00,282.419
5/25/2021,6:00,280.709
5/25/2021,12:00,280.105
5/25/2021,18:00,284
5/26/2021,0:00,284.481
5/26/2021,6:00,282.526
5/26/2021,12:00,281.644
5/26/2021,18:00,285.698
5/27/2021,0:00,287.511
5/27/2021,6:00,286.249
5/27/2021,12:00,284.804
5/27/2021,18:00,288.889
5/28/2021,0:00,290.015
5/28/2021,6:00,289.137
5/28/2021,12:00,289.894
5/28/2021,18:00,290.133
5/29/2021,0:00,292.031
5/29/2021,6:00,290.205
5/29/2021,12:00,290.094
5/29/2021,18:00,289.358
5/30/2021,0:00,285.123
5/30/2021,6:00,282.285
5/30/2021,12:00,280.403
5/30/2021,18:00,282.595
5/31/2021,0:00,281.263
5/31/2021,6:00,279.38
5/31/2021,12:00,279.181
5/31/2021,18:00,283.383
6/1/2021,0:00,284.333
6/1/2021,6:00,283.223
6/1/2021,12:00,282.422
6/1/2021,18:00,286.033
6/2/2021,0:00,288.039
6/2/2021,6:00,287.205
6/2/2021,12:00,286.7
6/2/2021,18:00,290.038
6/3/2021,0:00,288.803
6/3/2021,6:00,286.003
6/3/2021,12:00,285.386
6/3/2021,18:00,288.762
6/4/2021,0:00,291.17
6/4/2021,6:00,290.629
6/4/2021,12:00,290.05
6/4/2021,18:00,293.315
6/5/2021,0:00,293.14
6/5/2021,6:00,291.095
6/5/2021,12:00,290.566
6/5/2021,18:00,293.574
6/6/2021,0:00,294.224
6/6/2021,6:00,290.036
6/6/2021,12:00,289.9
6/6/2021,18:00,290.081
6/7/2021,0:00,288.8
6/7/2021,6:00,287.631
6/7/2021,12:00,287.404
6/7/2021,18:00,289.037
6/8/2021,0:00,289.365
6/8/2021,6:00,289.145
6/8/2021,12:00,288.638
6/8/2021,18:00,288.523
6/9/2021,0:00,288.305
6/9/2021,6:00,286.796
6/9/2021,12:00,286.759
6/9/2021,18:00,288.418
6/10/2021,0:00,289.068
6/10/2021,6:00,288.868
6/10/2021,12:00,288.4
6/10/2021,18:00,288.9
6/11/2021,0:00,287.134
6/11/2021,6:00,284.695
6/11/2021,12:00,283.209
6/11/2021,18:00,285.258
6/12/2021,0:00,283.601
6/12/2021,6:00,281.413
6/12/2021,12:00,281.049
6/12/2021,18:00,284.305
6/13/2021,0:00,284.5
6/13/2021,6:00,283.1
6/13/2021,12:00,282.3
6/13/2021,18:00,285.251
6/14/2021,0:00,286.348
6/14/2021,6:00,285.302
6/14/2021,12:00,284.2
6/14/2021,18:00,287.083
6/15/2021,0:00,287.52
6/15/2021,6:00,285.805
6/15/2021,12:00,284.46
6/15/2021,18:00,287.217
6/16/2021,0:00,284.9
6/16/2021,6:00,282.395
6/16/2021,12:00,281.598
6/16/2021,18:00,283.323
6/17/2021,0:00,281.064
6/17/2021,6:00,278.694
6/17/2021,12:00,277.458
6/17/2021,18:00,279.591
6/18/2021,0:00,281.506
6/18/2021,6:00,278.722
6/18/2021,12:00,278.904
6/18/2021,18:00,280.998
6/19/2021,0:00,284.031
6/19/2021,6:00,283.551
6/19/2021,12:00,283.925
6/19/2021,18:00,284.262
6/20/2021,0:00,284.002
6/20/2021,6:00,283.375
6/20/2021,12:00,281.935
6/20/2021,18:00,284.3
6/21/2021,0:00,283.531
6/21/2021,6:00,282.317
6/21/2021,12:00,282.166
6/21/2021,18:00,284.418
6/22/2021,0:00,285.004
6/22/2021,6:00,284.7
6/22/2021,12:00,285.265
6/22/2021,18:00,286.612
6/23/2021,0:00,285.295
6/23/2021,6:00,285.232
6/23/2021,12:00,285.105
6/23/2021,18:00,287.225
6/24/2021,0:00,288.905
6/24/2021,6:00,288.617
6/24/2021,12:00,288.856
6/24/2021,18:00,286.948
6/25/2021,0:00,286.232
6/25/2021,6:00,284.146
6/25/2021,12:00,281.753
6/25/2021,18:00,283.582
6/26/2021,0:00,287.366
6/26/2021,6:00,287.424
6/26/2021,12:00,288.3
6/26/2021,18:00,291
6/27/2021,0:00,289.589
6/27/2021,6:00,285.606
6/27/2021,12:00,282.864
6/27/2021,18:00,280.862
6/28/2021,0:00,279.471
6/28/2021,6:00,277.2
6/28/2021,12:00,274.171
6/28/2021,18:00,276.485
6/29/2021,0:00,275.741
6/29/2021,6:00,273.904
6/29/2021,12:00,273.632
6/29/2021,18:00,275.243
6/30/2021,0:00,275.338
6/30/2021,6:00,274.974
6/30/2021,12:00,274.918
6/30/2021,18:00,278.161
7/1/2021,0:00,279.6
7/1/2021,6:00,278.6
7/1/2021,12:00,278.214
7/1/2021,18:00,281.332
7/2/2021,0:00,282.235
7/2/2021,6:00,281.056
7/2/2021,12:00,280.1
7/2/2021,18:00,283.283
7/3/2021,0:00,283.737
7/3/2021,6:00,282.664
7/3/2021,12:00,281.552
7/3/2021,18:00,283.403
7/4/2021,0:00,283.744
7/4/2021,6:00,281.722
7/4/2021,12:00,281.159
7/4/2021,18:00,283.6
7/5/2021,0:00,284.808
7/5/2021,6:00,284.393
7/5/2021,12:00,283.94
7/5/2021,18:00,287.265
7/6/2021,0:00,288.009
7/6/2021,6:00,286.192
7/6/2021,12:00,285.365
7/6/2021,18:00,288.299
7/7/2021,0:00,287.235
7/7/2021,6:00,285.539
7/7/2021,12:00,284.633
7/7/2021,18:00,286.333
7/8/2021,0:00,287.395
7/8/2021,6:00,285.778
7/8/2021,12:00,284.962
7/8/2021,18:00,288.363
7/9/2021,0:00,287.427
7/9/2021,6:00,285.464
7/9/2021,12:00,283.685
7/9/2021,18:00,286.746
7/10/2021,0:00,287.011
7/10/2021,6:00,285.212
7/10/2021,12:00,283.9
7/10/2021,18:00,287.3
7/11/2021,0:00,289.6
7/11/2021,6:00,288.083
7/11/2021,12:00,287.2
7/11/2021,18:00,289.955
7/12/2021,0:00,289.916
7/12/2021,6:00,287.881
7/12/2021,12:00,286.512
7/12/2021,18:00,288.166
7/13/2021,0:00,289.146
7/13/2021,6:00,288.042
7/13/2021,12:00,287.72
7/13/2021,18:00,290.352
7/14/2021,0:00,290.852
7/14/2021,6:00,289.001
7/14/2021,12:00,288.555
7/14/2021,18:00,290.802
7/15/2021,0:00,291.79
7/15/2021,6:00,288.902
7/15/2021,12:00,288.351
7/15/2021,18:00,288.273
7/16/2021,0:00,285.628
7/16/2021,6:00,284.9
7/16/2021,12:00,282.8
7/16/2021,18:00,284.835
7/17/2021,0:00,284.217
7/17/2021,6:00,282.89
7/17/2021,12:00,281.903
7/17/2021,18:00,284.523
7/18/2021,0:00,282.091
7/18/2021,6:00,277.599
7/18/2021,12:00,275.001
7/18/2021,18:00,277.772
7/19/2021,0:00,276.183
7/19/2021,6:00,274.202
7/19/2021,12:00,273.148
7/19/2021,18:00,276.802
7/20/2021,0:00,278.085
7/20/2021,6:00,276.729
7/20/2021,12:00,276.199
7/20/2021,18:00,279.649
7/21/2021,0:00,280.529
7/21/2021,6:00,279.737
7/21/2021,12:00,278.482
7/21/2021,18:00,283.841
7/22/2021,0:00,285.137
7/22/2021,6:00,284.225
7/22/2021,12:00,284.039
7/22/2021,18:00,288.016
7/23/2021,0:00,289.055
7/23/2021,6:00,287.86
7/23/2021,12:00,286.297
7/23/2021,18:00,289.163
7/24/2021,0:00,289.197
7/24/2021,6:00,287.381
7/24/2021,12:00,286.825
7/24/2021,18:00,290.174
7/25/2021,0:00,290.349
7/25/2021,6:00,288.642
7/25/2021,12:00,288.661
7/25/2021,18:00,290.548
7/26/2021,0:00,292.608
7/26/2021,6:00,292.673
7/26/2021,12:00,291.754
7/26/2021,18:00,292.745
7/27/2021,0:00,289.6
7/27/2021,6:00,286.502
7/27/2021,12:00,282.461
7/27/2021,18:00,281.872
7/28/2021,0:00,276.546
7/28/2021,6:00,274.646
7/28/2021,12:00,273.253
7/28/2021,18:00,277.032
7/29/2021,0:00,276.073
7/29/2021,6:00,271.896
7/29/2021,12:00,270.957
7/29/2021,18:00,275.304
7/30/2021,0:00,275.636
7/30/2021,6:00,273.724
7/30/2021,12:00,273.309
7/30/2021,18:00,277.83
7/31/2021,0:00,279.078
7/31/2021,6:00,278.056
7/31/2021,12:00,277.881
7/31/2021,18:00,282.3
8/1/2021,0:00,284.09
8/1/2021,6:00,282.589
8/1/2021,12:00,280.73
8/1/2021,18:00,285.099
8/2/2021,0:00,283.718
8/2/2021,6:00,280.735
8/2/2021,12:00,279.532
8/2/2021,18:00,283.63
8/3/2021,0:00,281.571
8/3/2021,6:00,279.163
8/3/2021,12:00,278.634
8/3/2021,18:00,282.758
8/4/2021,0:00,282.965
8/4/2021,6:00,281.397
8/4/2021,12:00,280.942
8/4/2021,18:00,285.1
8/5/2021,0:00,285.606
8/5/2021,6:00,284.496
8/5/2021,12:00,283.892
8/5/2021,18:00,286.615
8/6/2021,0:00,288.632
8/6/2021,6:00,287.43
8/6/2021,12:00,285.982
8/6/2021,18:00,289.2
8/7/2021,0:00,289.101
8/7/2021,6:00,287.726
8/7/2021,12:00,287.8
8/7/2021,18:00,290.4
8/8/2021,0:00,291.1
8/8/2021,6:00,288.966
8/8/2021,12:00,287.865
8/8/2021,18:00,291.365
8/9/2021,0:00,291.137
8/9/2021,6:00,289.505
8/9/2021,12:00,288.674
8/9/2021,18:00,291.705
8/10/2021,0:00,288.902
8/10/2021,6:00,286.566
8/10/2021,12:00,285.443
8/10/2021,18:00,285.612
8/11/2021,0:00,284.495
8/11/2021,6:00,283.515
8/11/2021,12:00,279.637
8/11/2021,18:00,281.168
8/12/2021,0:00,279.6
8/12/2021,6:00,277.044
8/12/2021,12:00,277.015
8/12/2021,18:00,279.974
8/13/2021,0:00,281.522
8/13/2021,6:00,279.304
8/13/2021,12:00,279.721
8/13/2021,18:00,285.044
8/14/2021,0:00,286.403
8/14/2021,6:00,283.297
8/14/2021,12:00,283.5
8/14/2021,18:00,286.786
8/15/2021,0:00,286.551
8/15/2021,6:00,285.543
8/15/2021,12:00,284.744
8/15/2021,18:00,288.855
8/16/2021,0:00,286.978
8/16/2021,6:00,285.087
8/16/2021,12:00,284.979
8/16/2021,18:00,290.588
8/17/2021,0:00,290.099
8/17/2021,6:00,288.9
8/17/2021,12:00,288.199
8/17/2021,18:00,293.329
8/18/2021,0:00,293.592
8/18/2021,6:00,292.657
8/18/2021,12:00,292.095
8/18/2021,18:00,295.3
8/19/2021,0:00,295.037
8/19/2021,6:00,294.13
8/19/2021,12:00,291.832
8/19/2021,18:00,295.291
8/20/2021,0:00,294.524
8/20/2021,6:00,294.727
8/20/2021,12:00,292.225
8/20/2021,18:00,294.866
8/21/2021,0:00,292.373
8/21/2021,6:00,288.88
8/21/2021,12:00,288.683
8/21/2021,18:00,294.082
8/22/2021,0:00,293.998
8/22/2021,6:00,293.221
8/22/2021,12:00,290.404
8/22/2021,18:00,293.804
8/23/2021,0:00,294.048
8/23/2021,6:00,291.548
8/23/2021,12:00,290.053
8/23/2021,18:00,293.9
8/24/2021,0:00,294.798
8/24/2021,6:00,291.127
8/24/2021,12:00,293.093
8/24/2021,18:00,294.898
8/25/2021,0:00,291.003
8/25/2021,6:00,290.042
8/25/2021,12:00,289.882
8/25/2021,18:00,292.3
8/26/2021,0:00,288.145
8/26/2021,6:00,286.303
8/26/2021,12:00,283.874
8/26/2021,18:00,284.605
8/27/2021,0:00,286
8/27/2021,6:00,281.3
8/27/2021,12:00,280.7
8/27/2021,18:00,285.253
8/28/2021,0:00,284.482
8/28/2021,6:00,283.478
8/28/2021,12:00,283.143
8/28/2021,18:00,288.8
8/29/2021,0:00,289.5
8/29/2021,6:00,287
8/29/2021,12:00,285.948
8/29/2021,18:00,291.076
8/30/2021,0:00,290.422
8/30/2021,6:00,287.8
8/30/2021,12:00,286.568
8/30/2021,18:00,290.5
8/31/2021,0:00,289.7
8/31/2021,6:00,287.828
8/31/2021,12:00,286.893
8/31/2021,18:00,290.884
9/1/2021,0:00,290.487
9/1/2021,6:00,288.918
9/1/2021,12:00,287.687
9/1/2021,18:00,290.835
9/2/2021,0:00,291.662
9/2/2021,6:00,290.209
9/2/2021,12:00,288.959
9/2/2021,18:00,292.695
9/3/2021,0:00,291.929
9/3/2021,6:00,290.843
9/3/2021,12:00,288.867
9/3/2021,18:00,292.27
9/4/2021,0:00,290.267
9/4/2021,6:00,287.563
9/4/2021,12:00,287.416
9/4/2021,18:00,292.388
9/5/2021,0:00,291
9/5/2021,6:00,289.052
9/5/2021,12:00,288.593
9/5/2021,18:00,291.9
9/6/2021,0:00,286.936
9/6/2021,6:00,285.115
9/6/2021,12:00,284.9
9/6/2021,18:00,288.9
9/7/2021,0:00,289.589
9/7/2021,6:00,289.056
9/7/2021,12:00,288.826
9/7/2021,18:00,292.628
9/8/2021,0:00,296.825
9/8/2021,6:00,296.098
9/8/2021,12:00,289.684
9/8/2021,18:00,289.151
9/9/2021,0:00,287.433
9/9/2021,6:00,283.624
9/9/2021,12:00,282.565
9/9/2021,18:00,284.893
9/10/2021,0:00,283.481
9/10/2021,6:00,281.755
9/10/2021,12:00,280.336
9/10/2021,18:00,285.1
9/11/2021,0:00,283.925
9/11/2021,6:00,281.762
9/11/2021,12:00,281.222
9/11/2021,18:00,287.11
9/12/2021,0:00,287.889
9/12/2021,6:00,287.445
9/12/2021,12:00,287.801
9/12/2021,18:00,294.556
9/13/2021,0:00,295.505
9/13/2021,6:00,294.364
9/13/2021,12:00,290.959
9/13/2021,18:00,294.129
9/14/2021,0:00,292.51
9/14/2021,6:00,291.097
9/14/2021,12:00,291.156
9/14/2021,18:00,292.245
9/15/2021,0:00,286.476
9/15/2021,6:00,282.273
9/15/2021,12:00,280.328
9/15/2021,18:00,284.186
9/16/2021,0:00,287.029
9/16/2021,6:00,283.029
9/16/2021,12:00,281.751
9/16/2021,18:00,288.415
9/17/2021,0:00,288.907
9/17/2021,6:00,287.1
9/17/2021,12:00,287.767
9/17/2021,18:00,288.481
9/18/2021,0:00,288.781
9/18/2021,6:00,288.2
9/18/2021,12:00,288.765
9/18/2021,18:00,293.535
9/19/2021,0:00,292.023
9/19/2021,6:00,291.08
9/19/2021,12:00,291.3
9/19/2021,18:00,295.621
9/20/2021,0:00,296.165
9/20/2021,6:00,295.529
9/20/2021,12:00,293.905
9/20/2021,18:00,299.295
9/21/2021,0:00,294.722
9/21/2021,6:00,292.88
9/21/2021,12:00,290.031
9/21/2021,18:00,288.719
9/22/2021,0:00,285.981
9/22/2021,6:00,281.652
9/22/2021,12:00,280.947
9/22/2021,18:00,285.618
9/23/2021,0:00,289.307
9/23/2021,6:00,286.9
9/23/2021,12:00,286.5
9/23/2021,18:00,289.351
9/24/2021,0:00,288.351
9/24/2021,6:00,287.051
9/24/2021,12:00,285.252
9/24/2021,18:00,287.239
9/25/2021,0:00,285.607
9/25/2021,6:00,282.8
9/25/2021,12:00,282.589
9/25/2021,18:00,289.163
9/26/2021,0:00,287.471
9/26/2021,6:00,285.725
9/26/2021,12:00,285.257
9/26/2021,18:00,293.041
9/27/2021,0:00,290.259
9/27/2021,6:00,288.277
9/27/2021,12:00,287.729
9/27/2021,18:00,296.029
9/28/2021,0:00,293.862
9/28/2021,6:00,292
9/28/2021,12:00,291.119
9/28/2021,18:00,297.441
9/29/2021,0:00,289.721
9/29/2021,6:00,289.91
9/29/2021,12:00,289.015
9/29/2021,18:00,292.07
9/30/2021,0:00,290.444
9/30/2021,6:00,289.027
9/30/2021,12:00,288.995
9/30/2021,18:00,293.903
10/1/2021,0:00,293.36
10/1/2021,6:00,291.871
10/1/2021,12:00,291.312
10/1/2021,18:00,292.083
10/2/2021,0:00,291.382
10/2/2021,6:00,289.78
10/2/2021,12:00,288.4
10/2/2021,18:00,292.2
10/3/2021,0:00,289.316
10/3/2021,6:00,289.541
10/3/2021,12:00,290.536
10/3/2021,18:00,291.365
10/4/2021,0:00,289.513
10/4/2021,6:00,288.098
10/4/2021,12:00,285.495
10/4/2021,18:00,286.608
10/5/2021,0:00,284.328
10/5/2021,6:00,281.787
10/5/2021,12:00,281.404
10/5/2021,18:00,288.5
10/6/2021,0:00,289.6
10/6/2021,6:00,288.062
10/6/2021,12:00,289.182
10/6/2021,18:00,291.834
10/7/2021,0:00,288.942
10/7/2021,6:00,286.385
10/7/2021,12:00,284.332
10/7/2021,18:00,286.29
10/8/2021,0:00,286.494
10/8/2021,6:00,284.217
10/8/2021,12:00,285.021
10/8/2021,18:00,289.405
10/9/2021,0:00,289.678
10/9/2021,6:00,289.425
10/9/2021,12:00,289.573
10/9/2021,18:00,291.18
10/10/2021,0:00,290.701
10/10/2021,6:00,289.261
10/10/2021,12:00,288.469
10/10/2021,18:00,290.361
10/11/2021,0:00,290.172
10/11/2021,6:00,289.097
10/11/2021,12:00,288.582
10/11/2021,18:00,289.667
10/12/2021,0:00,289.076
10/12/2021,6:00,287.843
10/12/2021,12:00,288.639
10/12/2021,18:00,293.219
10/13/2021,0:00,290.979
10/13/2021,6:00,288.976
10/13/2021,12:00,288.531
10/13/2021,18:00,293.655
10/14/2021,0:00,293.695
10/14/2021,6:00,290.381
10/14/2021,12:00,290.769
10/14/2021,18:00,292.341
10/15/2021,0:00,294.559
10/15/2021,6:00,291.813
10/15/2021,12:00,289.796
10/15/2021,18:00,291.255
10/16/2021,0:00,287.327
10/16/2021,6:00,285.787
10/16/2021,12:00,285.971
10/16/2021,18:00,286.2
10/17/2021,0:00,287.495
10/17/2021,6:00,283.599
10/17/2021,12:00,283.233
10/17/2021,18:00,288.292
10/18/2021,0:00,287.42
10/18/2021,6:00,283.9
10/18/2021,12:00,283.688
10/18/2021,18:00,290.6
10/19/2021,0:00,287.84
10/19/2021,6:00,285
10/19/2021,12:00,284.393
10/19/2021,18:00,291.318
10/20/2021,0:00,286.782
10/20/2021,6:00,284.047
10/20/2021,12:00,283.1
10/20/2021,18:00,290.524
10/21/2021,0:00,288.591
10/21/2021,6:00,285.473
10/21/2021,12:00,285.22
10/21/2021,18:00,292.1
10/22/2021,0:00,289.467
10/22/2021,6:00,287.467
10/22/2021,12:00,286.726
10/22/2021,18:00,294.333
10/23/2021,0:00,292.287
10/23/2021,6:00,290.207
10/23/2021,12:00,289.505
10/23/2021,18:00,290.248
10/24/2021,0:00,289.803
10/24/2021,6:00,287.03
10/24/2021,12:00,285.946
10/24/2021,18:00,286.394
10/25/2021,0:00,286.15
10/25/2021,6:00,283.942
10/25/2021,12:00,283.485
10/25/2021,18:00,291.064
10/26/2021,0:00,290.434
10/26/2021,6:00,288.054
10/26/2021,12:00,287.618
10/26/2021,18:00,294.836
10/27/2021,0:00,292.877
10/27/2021,6:00,290.195
10/27/2021,12:00,289.585
10/27/2021,18:00,297.562
10/28/2021,0:00,293.369
10/28/2021,6:00,290.184
10/28/2021,12:00,288.989
10/28/2021,18:00,296.176
10/29/2021,0:00,294.13
10/29/2021,6:00,292.164
10/29/2021,12:00,291.702
10/29/2021,18:00,296.019
10/30/2021,0:00,290.397
10/30/2021,6:00,290.606
10/30/2021,12:00,290.631
10/30/2021,18:00,294.784
10/31/2021,0:00,292.707
10/31/2021,6:00,290.27
10/31/2021,12:00,290.07
10/31/2021,18:00,296.256
11/1/2021,0:00,293.856
11/1/2021,6:00,291.029
11/1/2021,12:00,289.833
11/1/2021,18:00,295.55
11/2/2021,0:00,294.405
11/2/2021,6:00,291.749
11/2/2021,12:00,290.732
11/2/2021,18:00,296.946
11/3/2021,0:00,295.794
11/3/2021,6:00,293.431
11/3/2021,12:00,292.218
11/3/2021,18:00,297.639
11/4/2021,0:00,293.046
11/4/2021,6:00,291.646
11/4/2021,12:00,291.354
11/4/2021,18:00,296.446
11/5/2021,0:00,295.157
11/5/2021,6:00,292.754
11/5/2021,12:00,292.173
11/5/2021,18:00,299.632
11/6/2021,0:00,292.856
11/6/2021,6:00,291.735
11/6/2021,12:00,291.408
11/6/2021,18:00,293.111
11/7/2021,0:00,291.051
11/7/2021,6:00,289.043
11/7/2021,12:00,288.298
11/7/2021,18:00,292.067
11/8/2021,0:00,293.152
11/8/2021,6:00,289.039
11/8/2021,12:00,287.962
11/8/2021,18:00,294.013
11/9/2021,0:00,291.809
11/9/2021,6:00,287.86
11/9/2021,12:00,286.477
11/9/2021,18:00,293.872
11/10/2021,0:00,290.467
11/10/2021,6:00,287.404
11/10/2021,12:00,286.085
11/10/2021,18:00,293.532
11/11/2021,0:00,292.01
11/11/2021,6:00,288.356
11/11/2021,12:00,287.859
11/11/2021,18:00,295.45
11/12/2021,0:00,291.832
11/12/2021,6:00,288.695
11/12/2021,12:00,287.678
11/12/2021,18:00,294.746
11/13/2021,0:00,293.179
11/13/2021,6:00,289.807
11/13/2021,12:00,289.565
11/13/2021,18:00,292.425
11/14/2021,0:00,295.257
11/14/2021,6:00,291.708
11/14/2021,12:00,289.998
11/14/2021,18:00,296.071
11/15/2021,0:00,294.346
11/15/2021,6:00,293.111
11/15/2021,12:00,292.275
11/15/2021,18:00,295.575
11/16/2021,0:00,297.492
11/16/2021,6:00,295.243
11/16/2021,12:00,294.425
11/16/2021,18:00,300.262
11/17/2021,0:00,292.574
11/17/2021,6:00,292.479
11/17/2021,12:00,292.618
11/17/2021,18:00,291.973
11/18/2021,0:00,288.725
11/18/2021,6:00,288.02
11/18/2021,12:00,288.028
11/18/2021,18:00,289.696
11/19/2021,0:00,291.169
11/19/2021,6:00,287.054
11/19/2021,12:00,286.054
11/19/2021,18:00,292.405
11/20/2021,0:00,290.095
11/20/2021,6:00,286.946
11/20/2021,12:00,285.765
11/20/2021,18:00,293.939
11/21/2021,0:00,292.807
11/21/2021,6:00,289.768
11/21/2021,12:00,289.33
11/21/2021,18:00,298.041
11/22/2021,0:00,295.23
11/22/2021,6:00,292.791
11/22/2021,12:00,292.062
11/22/2021,18:00,299.376
11/23/2021,0:00,297.888
11/23/2021,6:00,296.239
11/23/2021,12:00,294.38
11/23/2021,18:00,299.676
11/24/2021,0:00,296.121
11/24/2021,6:00,290.459
11/24/2021,12:00,289.183
11/24/2021,18:00,298.771
11/25/2021,0:00,298.512
11/25/2021,6:00,295.779
11/25/2021,12:00,295.156
11/25/2021,18:00,293.504
11/26/2021,0:00,292.82
11/26/2021,6:00,291.739
11/26/2021,12:00,291.574
11/26/2021,18:00,292.007
11/27/2021,0:00,290.626
11/27/2021,6:00,288.803
11/27/2021,12:00,288.027
11/27/2021,18:00,292.832
11/28/2021,0:00,292.921
11/28/2021,6:00,291.159
11/28/2021,12:00,290.173
11/28/2021,18:00,295.185
11/29/2021,0:00,292.436
11/29/2021,6:00,291.283
11/29/2021,12:00,289.102
11/29/2021,18:00,292.882
11/30/2021,0:00,293.716
11/30/2021,6:00,289.97
11/30/2021,12:00,288.228
11/30/2021,18:00,294.132
12/1/2021,0:00,291.874
12/1/2021,6:00,288.606
12/1/2021,12:00,287.54
12/1/2021,18:00,295.059
12/2/2021,0:00,293.262
12/2/2021,6:00,288.986
12/2/2021,12:00,287.799
12/2/2021,18:00,295.362
12/3/2021,0:00,293.122
12/3/2021,6:00,288.129
12/3/2021,12:00,287.229
12/3/2021,18:00,296.356
12/4/2021,0:00,295.538
12/4/2021,6:00,291.391
12/4/2021,12:00,290.003
12/4/2021,18:00,298.127
12/5/2021,0:00,298.334
12/5/2021,6:00,293.644
12/5/2021,12:00,292.96
12/5/2021,18:00,299.179
12/6/2021,0:00,295.645
12/6/2021,6:00,290.588
12/6/2021,12:00,289.478
12/6/2021,18:00,296.054
12/7/2021,0:00,293.21
12/7/2021,6:00,289.419
12/7/2021,12:00,288.423
12/7/2021,18:00,294.943
12/8/2021,0:00,293.598
12/8/2021,6:00,289.812
12/8/2021,12:00,288.034
12/8/2021,18:00,294.691
12/9/2021,0:00,293.694
12/9/2021,6:00,288.102
12/9/2021,12:00,286.338
12/9/2021,18:00,295.903
12/10/2021,0:00,294.574
12/10/2021,6:00,288.64
12/10/2021,12:00,287.341
12/10/2021,18:00,297.413
12/11/2021,0:00,296.091
12/11/2021,6:00,292.421
12/11/2021,12:00,292.496
12/11/2021,18:00,298.9
12/12/2021,0:00,297.015
12/12/2021,6:00,295.07
12/12/2021,12:00,294.082
12/12/2021,18:00,295.168
12/13/2021,0:00,297.223
12/13/2021,6:00,294.577
12/13/2021,12:00,294.334
12/13/2021,18:00,295.989
12/14/2021,0:00,292.95
12/14/2021,6:00,293.575
12/14/2021,12:00,292.186
12/14/2021,18:00,295.291
12/15/2021,0:00,294.777
12/15/2021,6:00,293.567
12/15/2021,12:00,293.857
12/15/2021,18:00,299.696
12/16/2021,0:00,297.318
12/16/2021,6:00,292.644
12/16/2021,12:00,292.549
12/16/2021,18:00,298.667
12/17/2021,0:00,297.532
12/17/2021,6:00,291.932
12/17/2021,12:00,290.424
12/17/2021,18:00,297.514
12/18/2021,0:00,296.122
12/18/2021,6:00,291.389
12/18/2021,12:00,290.726
12/18/2021,18:00,300.201
12/19/2021,0:00,297.419
12/19/2021,6:00,293.292
12/19/2021,12:00,292.614
12/19/2021,18:00,300.432
12/20/2021,0:00,300.006
12/20/2021,6:00,296.3
12/20/2021,12:00,296.331
12/20/2021,18:00,301.937
12/21/2021,0:00,298.522
12/21/2021,6:00,295.941
12/21/2021,12:00,294.547
12/21/2021,18:00,301.135
12/22/2021,0:00,295.589
12/22/2021,6:00,293.477
12/22/2021,12:00,292.654
12/22/2021,18:00,298.698
12/23/2021,0:00,290.846
12/23/2021,6:00,290.305
12/23/2021,12:00,287.792
12/23/2021,18:00,294.416
12/24/2021,0:00,294.155
12/24/2021,6:00,289.217
12/24/2021,12:00,287.919
12/24/2021,18:00,295.924
12/25/2021,0:00,296.099
12/25/2021,6:00,291.15
12/25/2021,12:00,290.197
12/25/2021,18:00,299.288
12/26/2021,0:00,296.926
12/26/2021,6:00,293.712
12/26/2021,12:00,292.101
12/26/2021,18:00,301.419
12/27/2021,0:00,300.098
12/27/2021,6:00,291.819
12/27/2021,12:00,290.939
12/27/2021,18:00,300.28
12/28/2021,0:00,296.599
12/28/2021,6:00,293.063
12/28/2021,12:00,291.602
12/28/2021,18:00,300.542
12/29/2021,0:00,297.613
12/29/2021,6:00,294.265
12/29/2021,12:00,292.355
12/29/2021,18:00,299.936
12/30/2021,0:00,296.755
12/30/2021,6:00,293.258
12/30/2021,12:00,292.815
12/30/2021,18:00,299.803
12/31/2021,0:00,291.626
12/31/2021,6:00,291.04
12/31/2021,12:00,290.53
12/31/2021,18:00,299.06
1/1/2022,0:00,296.836
1/1/2022,6:00,294.882
1/1/2022,12:00,293.477
1/1/2022,18:00,302.518
1/2/2022,0:00,302.2
1/2/2022,6:00,296.906
1/2/2022,12:00,295.467
1/2/2022,18:00,304.315
1/3/2022,0:00,300.37
1/3/2022,6:00,294.518
1/3/2022,12:00,294.063
1/3/2022,18:00,299.918
1/4/2022,0:00,293.476
1/4/2022,6:00,292.717
1/4/2022,12:00,293.206
1/4/2022,18:00,293.202
1/5/2022,0:00,293.187
1/5/2022,6:00,291.411
1/5/2022,12:00,291.349
1/5/2022,18:00,296.562
1/6/2022,0:00,291.696
1/6/2022,6:00,289.731
1/6/2022,12:00,288.577
1/6/2022,18:00,294.793
1/7/2022,0:00,294.3
1/7/2022,6:00,288.537
1/7/2022,12:00,287.306
1/7/2022,18:00,296.382
1/8/2022,0:00,296.25
1/8/2022,6:00,290.034
1/8/2022,12:00,288.759
1/8/2022,18:00,297.123
1/9/2022,0:00,291.57
1/9/2022,6:00,291.445
1/9/2022,12:00,289.784
1/9/2022,18:00,296.232
1/10/2022,0:00,295.246
1/10/2022,6:00,289.8
1/10/2022,12:00,289.068
1/10/2022,18:00,297.725
1/11/2022,0:00,295.509
1/11/2022,6:00,291.683
1/11/2022,12:00,291.094
1/11/2022,18:00,300.112
1/12/2022,0:00,297.92
1/12/2022,6:00,293.433
1/12/2022,12:00,290.897
1/12/2022,18:00,301.693
1/13/2022,0:00,298.02
1/13/2022,6:00,295.484
1/13/2022,12:00,292.465
1/13/2022,18:00,302.102
1/14/2022,0:00,300.941
1/14/2022,6:00,293.656
1/14/2022,12:00,293.583
1/14/2022,18:00,301.656
1/15/2022,0:00,299.65
1/15/2022,6:00,297.163
1/15/2022,12:00,295.666
1/15/2022,18:00,303.933
1/16/2022,0:00,296.375
1/16/2022,6:00,294.717
1/16/2022,12:00,294.947
1/16/2022,18:00,303.695
1/17/2022,0:00,299.86
1/17/2022,6:00,298.112
1/17/2022,12:00,296.96
1/17/2022,18:00,304.107
1/18/2022,0:00,304.572
1/18/2022,6:00,296.11
1/18/2022,12:00,296.41
1/18/2022,18:00,304.214
1/19/2022,0:00,301.308
1/19/2022,6:00,297.398
1/19/2022,12:00,295.684
1/19/2022,18:00,304.476
1/20/2022,0:00,301.143
1/20/2022,6:00,296.535
1/20/2022,12:00,295.798
1/20/2022,18:00,305.099
1/21/2022,0:00,296.893
1/21/2022,6:00,296.353
1/21/2022,12:00,296.383
1/21/2022,18:00,304.66
1/22/2022,0:00,302.47
1/22/2022,6:00,298.402
1/22/2022,12:00,296.409
1/22/2022,18:00,304.583
1/23/2022,0:00,301.315
1/23/2022,6:00,298.873
1/23/2022,12:00,298.535
1/23/2022,18:00,305.296
1/24/2022,0:00,297.129
1/24/2022,6:00,297.122
1/24/2022,12:00,296.25
1/24/2022,18:00,305.523
1/25/2022,0:00,300.359
1/25/2022,6:00,294.18
1/25/2022,12:00,294.052
1/25/2022,18:00,305.054
1/26/2022,0:00,295.193
1/26/2022,6:00,294.81
1/26/2022,12:00,294.253
1/26/2022,18:00,302.596
1/27/2022,0:00,295.001
1/27/2022,6:00,294.553
1/27/2022,12:00,294.088
1/27/2022,18:00,295.881
1/28/2022,0:00,292.936
1/28/2022,6:00,289.685
1/28/2022,12:00,288.848
1/28/2022,18:00,291.957
1/29/2022,0:00,292.44
1/29/2022,6:00,288.331
1/29/2022,12:00,287.218
1/29/2022,18:00,295.453
1/30/2022,0:00,292.408
1/30/2022,6:00,288.745
1/30/2022,12:00,288.524
1/30/2022,18:00,294.29
1/31/2022,0:00,296.891
1/31/2022,6:00,291.576
1/31/2022,12:00,290.499
1/31/2022,18:00,298.655
2/1/2022,0:00,298.683
2/1/2022,6:00,292.463
2/1/2022,12:00,290.597
2/1/2022,18:00,300.97
2/2/2022,0:00,297.645
2/2/2022,6:00,292.72
2/2/2022,12:00,292.224
2/2/2022,18:00,303.042
2/3/2022,0:00,299.819
2/3/2022,6:00,294.55
2/3/2022,12:00,294.251
2/3/2022,18:00,300.424
2/4/2022,0:00,296.211
2/4/2022,6:00,292.534
2/4/2022,12:00,292.622
2/4/2022,18:00,294.752
2/5/2022,0:00,294.594
2/5/2022,6:00,293.98
2/5/2022,12:00,293.287
2/5/2022,18:00,293.54
2/6/2022,0:00,293.077
2/6/2022,6:00,291.535
2/6/2022,12:00,287.093
2/6/2022,18:00,292.345
2/7/2022,0:00,291.681
2/7/2022,6:00,286.82
2/7/2022,12:00,284.376
2/7/2022,18:00,291.922
2/8/2022,0:00,290.078
2/8/2022,6:00,288.789
2/8/2022,12:00,285.639
2/8/2022,18:00,293.97
2/9/2022,0:00,292.011
2/9/2022,6:00,288.831
2/9/2022,12:00,285.952
2/9/2022,18:00,296.511
2/10/2022,0:00,294.563
2/10/2022,6:00,289.537
2/10/2022,12:00,288.596
2/10/2022,18:00,298.938
2/11/2022,0:00,298.48
2/11/2022,6:00,293.13
2/11/2022,12:00,292.555
2/11/2022,18:00,292.836
2/12/2022,0:00,294.996
2/12/2022,6:00,295.255
2/12/2022,12:00,293.203
2/12/2022,18:00,300.857
2/13/2022,0:00,294.68
2/13/2022,6:00,292.122
2/13/2022,12:00,290.714
2/13/2022,18:00,292.23
2/14/2022,0:00,294.399
2/14/2022,6:00,288.04
2/14/2022,12:00,285.296
2/14/2022,18:00,295.635
2/15/2022,0:00,294.415
2/15/2022,6:00,289.618
2/15/2022,12:00,286.881
2/15/2022,18:00,297.36
2/16/2022,0:00,295.265
2/16/2022,6:00,291.465
2/16/2022,12:00,288.996
2/16/2022,18:00,299.714
2/17/2022,0:00,297.59
2/17/2022,6:00,293.027
2/17/2022,12:00,289.993
2/17/2022,18:00,300.407
2/18/2022,0:00,296.977
2/18/2022,6:00,292.161
2/18/2022,12:00,290.079
2/18/2022,18:00,299.926
2/19/2022,0:00,299.487
2/19/2022,6:00,291.598
2/19/2022,12:00,288.77
2/19/2022,18:00,299.658
2/20/2022,0:00,296.689
2/20/2022,6:00,292.676
2/20/2022,12:00,292.15
2/20/2022,18:00,302.135
2/21/2022,0:00,291.975
2/21/2022,6:00,291.742
2/21/2022,12:00,292.218
2/21/2022,18:00,295.956
2/22/2022,0:00,293.264
2/22/2022,6:00,293.089
2/22/2022,12:00,291.606
2/22/2022,18:00,299.989
2/23/2022,0:00,298.058
2/23/2022,6:00,293.198
2/23/2022,12:00,291.554
2/23/2022,18:00,300.605
2/24/2022,0:00,297.601
2/24/2022,6:00,293.675
2/24/2022,12:00,292.088
2/24/2022,18:00,301.029
2/25/2022,0:00,294.965
2/25/2022,6:00,293.976
2/25/2022,12:00,293.467
2/25/2022,18:00,299.008
2/26/2022,0:00,293.407
2/26/2022,6:00,293.345
2/26/2022,12:00,292.642
2/26/2022,18:00,301.365
2/27/2022,0:00,303.102
2/27/2022,6:00,296.623
2/27/2022,12:00,295.389
2/27/2022,18:00,303.98
2/28/2022,0:00,300.688
2/28/2022,6:00,298.528
2/28/2022,12:00,295.984
2/28/2022,18:00,303.473
3/1/2022,0:00,294.964
3/1/2022,6:00,293.381
3/1/2022,12:00,292.404
3/1/2022,18:00,295.379
3/2/2022,0:00,296.226
3/2/2022,6:00,293.798
3/2/2022,12:00,292.64
3/2/2022,18:00,296.948
3/3/2022,0:00,294.036
3/3/2022,6:00,292.231
3/3/2022,12:00,292.369
3/3/2022,18:00,297.599
3/4/2022,0:00,297.076
3/4/2022,6:00,293.224
3/4/2022,12:00,292.671
3/4/2022,18:00,298.765
3/5/2022,0:00,297.218
3/5/2022,6:00,294.185
3/5/2022,12:00,293.828
3/5/2022,18:00,300.136
3/6/2022,0:00,299.649
3/6/2022,6:00,295.035
3/6/2022,12:00,294.684
3/6/2022,18:00,299.063
3/7/2022,0:00,296.237
3/7/2022,6:00,293.656
3/7/2022,12:00,293.51
3/7/2022,18:00,300.536
3/8/2022,0:00,293.937
3/8/2022,6:00,291.917
3/8/2022,12:00,292.404
3/8/2022,18:00,298.277
3/9/2022,0:00,292.317
3/9/2022,6:00,293.919
3/9/2022,12:00,293.253
3/9/2022,18:00,295.744
3/10/2022,0:00,293.36
3/10/2022,6:00,292.294
3/10/2022,12:00,292.281
3/10/2022,18:00,295.504
3/11/2022,0:00,292.323
3/11/2022,6:00,291.545
3/11/2022,12:00,292.322
3/11/2022,18:00,291.342
3/12/2022,0:00,289.733
3/12/2022,6:00,287.167
3/12/2022,12:00,286.052
3/12/2022,18:00,290
3/13/2022,0:00,290.605
3/13/2022,6:00,287.875
3/13/2022,12:00,287.606
3/13/2022,18:00,291.322
3/14/2022,0:00,289.177
3/14/2022,6:00,287.737
3/14/2022,12:00,286.74
3/14/2022,18:00,291.999
3/15/2022,0:00,289.931
3/15/2022,6:00,288.006
3/15/2022,12:00,287.883
3/15/2022,18:00,293.7
3/16/2022,0:00,292.339
3/16/2022,6:00,289.926
3/16/2022,12:00,289.069
3/16/2022,18:00,293.31
3/17/2022,0:00,293.405
3/17/2022,6:00,290.805
3/17/2022,12:00,290.362
3/17/2022,18:00,296.815
3/18/2022,0:00,296.512
3/18/2022,6:00,294.308
3/18/2022,12:00,293.937
3/18/2022,18:00,298.697
3/19/2022,0:00,293.965
3/19/2022,6:00,291.645
3/19/2022,12:00,290.298
3/19/2022,18:00,290.255
3/20/2022,0:00,288.27
3/20/2022,6:00,285.732
3/20/2022,12:00,284.698
3/20/2022,18:00,290.067
3/21/2022,0:00,288.363
3/21/2022,6:00,285.731
3/21/2022,12:00,285.331
3/21/2022,18:00,293.129
3/22/2022,0:00,292.341
3/22/2022,6:00,289.766
3/22/2022,12:00,289.209
3/22/2022,18:00,294.819
3/23/2022,0:00,294.128
3/23/2022,6:00,291.686
3/23/2022,12:00,292.172
3/23/2022,18:00,292.515
3/24/2022,0:00,292.169
3/24/2022,6:00,291.553
3/24/2022,12:00,292.238
3/24/2022,18:00,293.505
3/25/2022,0:00,292.71
3/25/2022,6:00,288.6
3/25/2022,12:00,284.991
3/25/2022,18:00,286.8
3/26/2022,0:00,287.114
3/26/2022,6:00,285.455
3/26/2022,12:00,284.242
3/26/2022,18:00,288.551
3/27/2022,0:00,287.874
3/27/2022,6:00,286.935
3/27/2022,12:00,286.056
3/27/2022,18:00,291.005
3/28/2022,0:00,290.319
3/28/2022,6:00,287.623
3/28/2022,12:00,286.335
3/28/2022,18:00,292.343
3/29/2022,0:00,291.699
3/29/2022,6:00,290.291
3/29/2022,12:00,290.015
3/29/2022,18:00,295.494
3/30/2022,0:00,297.019
3/30/2022,6:00,294.336
3/30/2022,12:00,291.43
3/30/2022,18:00,287.02
3/31/2022,0:00,283.402
3/31/2022,6:00,283.015
3/31/2022,12:00,281.361
3/31/2022,18:00,283.908
4/1/2022,0:00,282.455
4/1/2022,6:00,280.995
4/1/2022,12:00,279.901
4/1/2022,18:00,285.666
4/2/2022,0:00,287.769
4/2/2022,6:00,284.709
4/2/2022,12:00,284.247
4/2/2022,18:00,290.617
4/3/2022,0:00,291.578
4/3/2022,6:00,290.108
4/3/2022,12:00,289.338
4/3/2022,18:00,290.503
4/4/2022,0:00,292.226
4/4/2022,6:00,291.236
4/4/2022,12:00,291.297
4/4/2022,18:00,291.406
4/5/2022,0:00,292.353
4/5/2022,6:00,290.527
4/5/2022,12:00,289.555
4/5/2022,18:00,292.818
4/6/2022,0:00,292.614
4/6/2022,6:00,291.581
4/6/2022,12:00,290.339
4/6/2022,18:00,293.924
4/7/2022,0:00,294.039
4/7/2022,6:00,292.8
4/7/2022,12:00,292.3
4/7/2022,18:00,291
4/8/2022,0:00,289.8
4/8/2022,6:00,289.04
4/8/2022,12:00,288.8
4/8/2022,18:00,292.797
4/9/2022,0:00,291.572
4/9/2022,6:00,289.412
4/9/2022,12:00,288.5
4/9/2022,18:00,292.719
4/10/2022,0:00,290.744
4/10/2022,6:00,288.839
4/10/2022,12:00,288.542
4/10/2022,18:00,292.814
4/11/2022,0:00,290.501
4/11/2022,6:00,290.4
4/11/2022,12:00,290.691
4/11/2022,18:00,290.6
4/12/2022,0:00,289.855
4/12/2022,6:00,289.643
4/12/2022,12:00,288.602
4/12/2022,18:00,290
4/13/2022,0:00,290.342
4/13/2022,6:00,289.827
4/13/2022,12:00,289.921
4/13/2022,18:00,292.614
4/14/2022,0:00,289.462
4/14/2022,6:00,288.161
4/14/2022,12:00,285.291
4/14/2022,18:00,287.652
4/15/2022,0:00,284.089
4/15/2022,6:00,282.104
4/15/2022,12:00,281.067
4/15/2022,18:00,285.85
4/16/2022,0:00,285.036
4/16/2022,6:00,283.3
4/16/2022,12:00,282.056
4/16/2022,18:00,286.6
4/17/2022,0:00,286.637
4/17/2022,6:00,284.197
4/17/2022,12:00,283.554
4/17/2022,18:00,288.809
4/18/2022,0:00,288.369
4/18/2022,6:00,286.475
4/18/2022,18:00,290.365
4/19/2022,0:00,289.497
4/19/2022,6:00,287.706
4/19/2022,12:00,286.672
4/19/2022,18:00,291.246
4/20/2022,0:00,290.132
4/20/2022,6:00,288.045
4/20/2022,12:00,286.845
4/20/2022,18:00,292
4/21/2022,0:00,290.729
4/21/2022,6:00,289.604
4/21/2022,12:00,288.167
4/21/2022,18:00,292.897
4/22/2022,0:00,291.651
4/22/2022,6:00,288.854
4/22/2022,12:00,287.436
4/22/2022,18:00,290.753
4/23/2022,0:00,289.918
4/23/2022,6:00,289.417
4/23/2022,12:00,287.705
4/23/2022,18:00,288.65
4/24/2022,0:00,287.024
4/24/2022,6:00,285.325
4/24/2022,12:00,285.153
4/24/2022,18:00,290.462
4/25/2022,0:00,293.668
4/25/2022,6:00,292.881
4/25/2022,12:00,292.4
4/25/2022,18:00,295.212
4/26/2022,0:00,296.028
4/26/2022,6:00,294.156
4/26/2022,12:00,292.301
4/26/2022,18:00,295.426
4/27/2022,0:00,296.908
4/27/2022,6:00,295.603
4/27/2022,12:00,294.705
4/27/2022,18:00,297.138
4/28/2022,0:00,296.1
4/28/2022,6:00,295.05
4/28/2022,12:00,294.7
4/28/2022,18:00,294.651
4/29/2022,0:00,292.553
4/29/2022,6:00,289.422
4/29/2022,12:00,288.702
4/29/2022,18:00,288.998
4/30/2022,0:00,286.688
4/30/2022,6:00,285.53
4/30/2022,12:00,285.458
4/30/2022,18:00,290.958
5/1/2022,0:00,290.626
5/1/2022,6:00,289.941
5/1/2022,12:00,290.001
5/1/2022,18:00,291.436
5/2/2022,0:00,289.995
5/2/2022,6:00,289.83
5/2/2022,12:00,289.974
5/2/2022,18:00,289.676
5/3/2022,0:00,286.7
5/3/2022,6:00,286.208
5/3/2022,12:00,285.629
5/3/2022,18:00,286.125
5/4/2022,0:00,286.585
5/4/2022,6:00,286.228
5/4/2022,12:00,285.864
5/4/2022,18:00,287.633
5/5/2022,0:00,287.433
5/5/2022,6:00,287.221
5/5/2022,12:00,287.277
5/5/2022,18:00,289.117
5/6/2022,0:00,285.766
5/6/2022,6:00,283.762
5/6/2022,12:00,283.03
5/6/2022,18:00,286.8
5/7/2022,0:00,286.412
5/7/2022,6:00,284.7
5/7/2022,12:00,283.644
5/7/2022,18:00,287.409
5/8/2022,0:00,287.7
5/8/2022,6:00,286.04
5/8/2022,12:00,285.3
5/8/2022,18:00,288.925
5/9/2022,0:00,287.239
5/9/2022,6:00,285.676
5/9/2022,12:00,285.167
5/9/2022,18:00,289.159
5/10/2022,0:00,289.041
5/10/2022,6:00,287.946
5/10/2022,12:00,287.839
5/10/2022,18:00,288.605
5/11/2022,0:00,287.3
5/11/2022,6:00,285.406
5/11/2022,12:00,284.688
5/11/2022,18:00,286.577
5/12/2022,0:00,285.481
5/12/2022,6:00,283.258
5/12/2022,12:00,282.363
5/12/2022,18:00,285.536
5/13/2022,0:00,285.148
5/13/2022,6:00,283.561
5/13/2022,12:00,283
5/13/2022,18:00,287.035
5/14/2022,0:00,288.01
5/14/2022,6:00,287.338
5/14/2022,12:00,286.999
5/14/2022,18:00,288.669
5/15/2022,0:00,288.3
5/15/2022,6:00,288.385
5/15/2022,12:00,287.999
5/15/2022,18:00,287.773
5/16/2022,0:00,285.468
5/16/2022,6:00,281.902
5/16/2022,12:00,279.096
5/16/2022,18:00,281.234
5/17/2022,0:00,281.421
5/17/2022,6:00,280.93
5/17/2022,12:00,280.636
5/17/2022,18:00,280.688
5/18/2022,0:00,279.888
5/18/2022,6:00,280.004
5/18/2022,12:00,280.364
5/18/2022,18:00,280.493
5/19/2022,0:00,281.605
5/19/2022,6:00,280.72
5/19/2022,12:00,279.207
5/19/2022,18:00,281.636
5/20/2022,0:00,281.8
5/20/2022,6:00,280.327
5/20/2022,12:00,278.825
5/20/2022,18:00,282.5
5/21/2022,0:00,282.667
5/21/2022,6:00,281.3
5/21/2022,12:00,280.401
5/21/2022,18:00,284.135
5/22/2022,0:00,284.448
5/22/2022,6:00,283.7
5/22/2022,12:00,282.773
5/22/2022,18:00,285.9
5/23/2022,0:00,286.207
5/23/2022,6:00,283.797
5/23/2022,12:00,283.655
5/23/2022,18:00,287.276
5/24/2022,0:00,287.124
5/24/2022,6:00,286.052
5/24/2022,12:00,285.04
5/24/2022,18:00,288.678
5/25/2022,0:00,289.228
5/25/2022,6:00,287.546
5/25/2022,12:00,286.765
5/25/2022,18:00,290.455
5/26/2022,0:00,290.891
5/26/2022,6:00,290.659
5/26/2022,12:00,289.958
5/26/2022,18:00,289.842
5/27/2022,0:00,289.773
5/27/2022,6:00,288.682
5/27/2022,12:00,288.445
5/27/2022,18:00,289.304
5/28/2022,0:00,289.219
5/28/2022,6:00,288.982
5/28/2022,12:00,289.037
5/28/2022,18:00,290.618
5/29/2022,0:00,290
5/29/2022,6:00,289.821
5/29/2022,12:00,288.9
5/29/2022,18:00,289.796
5/30/2022,0:00,287.615
5/30/2022,6:00,285.901
5/30/2022,12:00,285.184
5/30/2022,18:00,285.003
5/31/2022,0:00,279.598
5/31/2022,6:00,277.328
5/31/2022,12:00,276
5/31/2022,18:00,278.662
6/1/2022,0:00,279.382
6/1/2022,6:00,278.303
6/1/2022,12:00,278.598
6/1/2022,18:00,280.558
6/2/2022,0:00,281.852
6/2/2022,6:00,279.965
6/2/2022,12:00,278.94
6/2/2022,18:00,281.415
6/3/2022,0:00,282.107
6/3/2022,6:00,279.446
6/3/2022,12:00,278.399
6/3/2022,18:00,280.467
6/4/2022,0:00,281.8
6/4/2022,6:00,281.155
6/4/2022,12:00,281.9
6/4/2022,18:00,285.698
6/5/2022,0:00,288.065
6/5/2022,6:00,287.581
6/5/2022,12:00,287.264
6/5/2022,18:00,289.43
6/6/2022,0:00,288.966
6/6/2022,6:00,288.928
6/6/2022,12:00,288.345
6/6/2022,18:00,289.045
6/7/2022,0:00,288.235
6/7/2022,6:00,287.837
6/7/2022,12:00,287.235
6/7/2022,18:00,288.18
6/8/2022,0:00,288.837
6/8/2022,6:00,286.728
6/8/2022,12:00,285.973
6/8/2022,18:00,288.074
6/9/2022,0:00,288.873
6/9/2022,6:00,286.536
6/9/2022,12:00,285.536
6/9/2022,18:00,288.027
6/10/2022,0:00,288.274
6/10/2022,6:00,287.302
6/10/2022,12:00,284.703
6/10/2022,18:00,285.902
6/11/2022,0:00,280.155
6/11/2022,6:00,276.258
6/11/2022,12:00,274.563
6/11/2022,18:00,277.126
6/12/2022,0:00,276.839
6/12/2022,6:00,275.503
6/12/2022,12:00,274.816
6/12/2022,18:00,277.745
6/13/2022,0:00,278.449
6/13/2022,6:00,277.51
6/13/2022,12:00,276.844
6/13/2022,18:00,280.185
6/14/2022,0:00,282.335
6/14/2022,6:00,281.747
6/14/2022,12:00,281.015
6/14/2022,18:00,283.984
6/15/2022,0:00,284.425
6/15/2022,6:00,282.993
6/15/2022,12:00,282.174
6/15/2022,18:00,285.02
6/16/2022,0:00,286.414
6/16/2022,6:00,285.783
6/16/2022,12:00,285.261
6/16/2022,18:00,288.426
6/17/2022,0:00,289.412
6/17/2022,6:00,289.271
6/17/2022,12:00,289.499
6/17/2022,18:00,288.605
6/18/2022,0:00,283.665
6/18/2022,6:00,279.655
6/18/2022,12:00,277.546
6/18/2022,18:00,279.792
6/19/2022,0:00,278.956
6/19/2022,6:00,277.912
6/19/2022,12:00,277.683
6/19/2022,18:00,280.408
6/20/2022,0:00,283.392
6/20/2022,6:00,283.008
6/20/2022,12:00,283.3
6/20/2022,18:00,286.124
6/21/2022,0:00,287.766
6/21/2022,6:00,287.636
6/21/2022,12:00,287.98
6/21/2022,18:00,289.299
6/22/2022,0:00,289.739
6/22/2022,6:00,288.725
6/22/2022,12:00,289.046
6/22/2022,18:00,289.908
6/23/2022,0:00,290.015
6/23/2022,6:00,289.614
6/23/2022,12:00,288.156
6/23/2022,18:00,288.701
6/24/2022,0:00,288.704
6/24/2022,6:00,288.652
6/24/2022,12:00,288.506
6/24/2022,18:00,289.2
6/25/2022,0:00,287.103
6/25/2022,6:00,287.9
6/25/2022,12:00,286.7
6/25/2022,18:00,286.08
6/26/2022,0:00,284.202
6/26/2022,6:00,281.243
6/26/2022,12:00,281.08
6/26/2022,18:00,282.9
6/27/2022,0:00,287.284
6/27/2022,6:00,286.935
6/27/2022,12:00,287.856
6/27/2022,18:00,289.282
6/28/2022,0:00,289.115
6/28/2022,6:00,287.851
6/28/2022,12:00,287.246
6/28/2022,18:00,288.877
6/29/2022,0:00,286.592
6/29/2022,6:00,282.948
6/29/2022,12:00,279.567
6/29/2022,18:00,282.017
6/30/2022,0:00,282.132
6/30/2022,6:00,280.9
6/30/2022,12:00,280.217
6/30/2022,18:00,282.981
7/1/2022,0:00,282.981
7/1/2022,6:00,281.719
7/1/2022,12:00,281.519
7/1/2022,18:00,284.879
7/2/2022,0:00,288.691
7/2/2022,6:00,288.802
7/2/2022,12:00,287.748
7/2/2022,18:00,289.673
7/3/2022,0:00,290.785
7/3/2022,6:00,291.1
7/3/2022,12:00,290.734
7/3/2022,18:00,291.098
7/4/2022,0:00,291.344
7/4/2022,6:00,290.704
7/4/2022,12:00,289.706
7/4/2022,18:00,292.284
7/5/2022,0:00,291.656
7/5/2022,6:00,289.9
7/5/2022,12:00,289.815
7/5/2022,18:00,291.24
7/6/2022,0:00,290.913
7/6/2022,6:00,289.711
7/6/2022,12:00,289.091
7/6/2022,18:00,290.8
7/7/2022,0:00,290.917
7/7/2022,6:00,289.37
7/7/2022,12:00,288.591
7/7/2022,18:00,290.4
7/8/2022,0:00,289.11
7/8/2022,6:00,287.636
7/8/2022,12:00,287.179
7/8/2022,18:00,290.089
7/9/2022,0:00,290.538
7/9/2022,6:00,290.362
7/9/2022,12:00,289.039
7/9/2022,18:00,290.559
7/10/2022,0:00,291.721
7/10/2022,6:00,290.823
7/10/2022,12:00,289.939
7/10/2022,18:00,290.832
7/11/2022,0:00,292.961
7/11/2022,6:00,291.256
7/11/2022,12:00,291.1
7/11/2022,18:00,292.2
7/12/2022,0:00,290.184
7/12/2022,6:00,283.395
7/12/2022,12:00,282.257
7/12/2022,18:00,282.304
7/13/2022,0:00,280.5
7/13/2022,6:00,278.971
7/13/2022,12:00,278.424
7/13/2022,18:00,281.585
7/14/2022,0:00,285.093
7/14/2022,6:00,284.978
7/14/2022,12:00,287.224
7/14/2022,18:00,288.904
7/15/2022,0:00,290.833
7/15/2022,6:00,290.3
7/15/2022,12:00,289.389
7/15/2022,18:00,289.551
7/16/2022,0:00,291.316
7/16/2022,6:00,291.67
7/16/2022,12:00,291.844
7/16/2022,18:00,289.729
7/17/2022,0:00,281.964
7/17/2022,6:00,280.043
7/17/2022,12:00,278.765
7/17/2022,18:00,280.786
7/18/2022,0:00,280.406
7/18/2022,6:00,279.63
7/18/2022,12:00,279.405
7/18/2022,18:00,282.565
7/19/2022,0:00,286.035
7/19/2022,6:00,285.355
7/19/2022,12:00,284.86
7/19/2022,18:00,287.627
7/20/2022,0:00,288.2
7/20/2022,6:00,287.363
7/20/2022,12:00,287.444
7/20/2022,18:00,290.7
7/21/2022,0:00,291.662
7/21/2022,6:00,289.965
7/21/2022,12:00,289.411
7/21/2022,18:00,291.448
7/22/2022,0:00,291.765
7/22/2022,6:00,290.364
7/22/2022,12:00,289.978
7/22/2022,18:00,292
7/23/2022,0:00,290.997
7/23/2022,6:00,288.984
7/23/2022,12:00,288.622
7/23/2022,18:00,291.868
7/24/2022,0:00,291.577
7/24/2022,6:00,290.6
7/24/2022,12:00,290.107
7/24/2022,18:00,291.737
7/25/2022,0:00,291.635
7/25/2022,6:00,290.442
7/25/2022,12:00,289.48
7/25/2022,18:00,291.818
7/26/2022,0:00,291.2
7/26/2022,6:00,289.422
7/26/2022,12:00,288.729
7/26/2022,18:00,291.367
7/27/2022,0:00,290.835
7/27/2022,6:00,288.915
7/27/2022,12:00,288.886
7/27/2022,18:00,291.359
7/28/2022,0:00,290.629
7/28/2022,6:00,289.7
7/28/2022,12:00,289.195
7/28/2022,18:00,291.825
7/29/2022,0:00,286.685
7/29/2022,6:00,280.937
7/29/2022,12:00,279.1
7/29/2022,18:00,280.819
7/30/2022,0:00,280.761
7/30/2022,6:00,279.63
7/30/2022,12:00,278.524
7/30/2022,18:00,281.78
7/31/2022,0:00,282.624
7/31/2022,6:00,281.583
7/31/2022,12:00,280.845
7/31/2022,18:00,284.632
8/1/2022,0:00,284.614
8/1/2022,6:00,283.486
8/1/2022,12:00,283.408
8/1/2022,18:00,287.192
8/2/2022,0:00,288.032
8/2/2022,6:00,286.783
8/2/2022,12:00,286.684
8/2/2022,18:00,290.418
8/3/2022,0:00,290.917
8/3/2022,6:00,290.132
8/3/2022,12:00,289.122
8/3/2022,18:00,291.968
8/4/2022,0:00,291.679
8/4/2022,6:00,292.054
8/4/2022,12:00,291.054
8/4/2022,18:00,290.507
8/5/2022,0:00,284.574
8/5/2022,6:00,284.791
8/5/2022,12:00,282.124
8/5/2022,18:00,284.618
8/6/2022,0:00,282.125
8/6/2022,6:00,280.4
8/6/2022,12:00,280.1
8/6/2022,18:00,284.56
8/7/2022,0:00,284.53
8/7/2022,6:00,283.724
8/7/2022,12:00,283.001
8/7/2022,18:00,285.294
8/8/2022,0:00,284.654
8/8/2022,6:00,284.351
8/8/2022,12:00,284.457
8/8/2022,18:00,285.4
8/9/2022,0:00,285.627
8/9/2022,6:00,284.2
8/9/2022,12:00,283.883
8/9/2022,18:00,284.781
8/10/2022,0:00,282.381
8/10/2022,6:00,280.865
8/10/2022,12:00,280.524
8/10/2022,18:00,281.32
8/11/2022,0:00,283.779
8/11/2022,6:00,279.032
8/11/2022,12:00,278.416
8/11/2022,18:00,282.495
8/12/2022,0:00,283.2
8/12/2022,6:00,282.4
8/12/2022,12:00,282.1
8/12/2022,18:00,285.031
8/13/2022,0:00,285.3
8/13/2022,6:00,284.451
8/13/2022,12:00,284.725
8/13/2022,18:00,287.615
8/14/2022,0:00,287.25
8/14/2022,6:00,286.124
8/14/2022,12:00,286.373
8/14/2022,18:00,289.285
8/15/2022,0:00,288.03
8/15/2022,6:00,288.871
8/15/2022,12:00,288.877
8/15/2022,18:00,290.484
8/16/2022,0:00,291.128
8/16/2022,6:00,288.584
8/16/2022,12:00,287.784
8/16/2022,18:00,287.884
8/17/2022,0:00,288.152
8/17/2022,6:00,286
8/17/2022,12:00,286.085
8/17/2022,18:00,289.047
8/18/2022,0:00,290.574
8/18/2022,6:00,288.885
8/18/2022,12:00,281.11
8/18/2022,18:00,281.355
8/19/2022,0:00,277.537
8/19/2022,6:00,275.1
8/19/2022,12:00,273.888
8/19/2022,18:00,278.055
8/20/2022,0:00,277.086
8/20/2022,6:00,275.618
8/20/2022,12:00,274.948
8/20/2022,18:00,279.805
8/21/2022,0:00,280.939
8/21/2022,6:00,280.039
8/21/2022,12:00,279.696
8/21/2022,18:00,284.823
8/22/2022,0:00,283.811
8/22/2022,6:00,281.605
8/22/2022,12:00,281.472
8/22/2022,18:00,286.126
8/23/2022,0:00,286.3
8/23/2022,6:00,284.712
8/23/2022,12:00,284.396
8/23/2022,18:00,288.696
8/24/2022,0:00,288.217
8/24/2022,6:00,287.145
8/24/2022,12:00,286.595
8/24/2022,18:00,290.02
8/25/2022,0:00,289.558
8/25/2022,6:00,287.712
8/25/2022,12:00,287.207
8/25/2022,18:00,291.073
8/26/2022,0:00,289.858
8/26/2022,6:00,288.21
8/26/2022,12:00,287.651
8/26/2022,18:00,291.482
8/27/2022,0:00,289.845
8/27/2022,6:00,288.348
8/27/2022,12:00,287.636
8/27/2022,18:00,292.136
8/28/2022,0:00,291.52
8/28/2022,6:00,289.249
8/28/2022,12:00,283.3
8/28/2022,18:00,282.857
8/29/2022,0:00,279.851
8/29/2022,6:00,276.952
8/29/2022,12:00,275.381
8/29/2022,18:00,278.738
8/30/2022,0:00,279.786
8/30/2022,6:00,278.402
8/30/2022,12:00,278.5
8/30/2022,18:00,283.09
8/31/2022,0:00,284.18
8/31/2022,6:00,281.637
8/31/2022,12:00,281.308
8/31/2022,18:00,285.877
9/1/2022,0:00,286.317
9/1/2022,6:00,285.781
9/1/2022,12:00,286.113
9/1/2022,18:00,290.236
9/2/2022,0:00,292.161
9/2/2022,6:00,289.01
9/2/2022,12:00,288.198
9/2/2022,18:00,288.634
9/3/2022,0:00,286.418
9/3/2022,6:00,281.818
9/3/2022,12:00,279.736
9/3/2022,18:00,282.955
9/4/2022,0:00,279.055
9/4/2022,6:00,277.469
9/4/2022,12:00,275.545
9/4/2022,18:00,280.628
9/5/2022,0:00,281.785
9/5/2022,6:00,280.411
9/5/2022,12:00,281.06
9/5/2022,18:00,287.1
9/6/2022,0:00,287.037
9/6/2022,6:00,286.958
9/6/2022,12:00,286.506
9/6/2022,18:00,288.3
9/7/2022,0:00,286.758
9/7/2022,6:00,285.197
9/7/2022,12:00,285.097
9/7/2022,18:00,289.335
9/8/2022,0:00,286.997
9/8/2022,6:00,286.261
9/8/2022,12:00,287.148
9/8/2022,18:00,293.051
9/9/2022,0:00,293.607
9/9/2022,6:00,294.576
9/9/2022,12:00,293.922
9/9/2022,18:00,294.091
9/10/2022,0:00,284.959
9/10/2022,6:00,282.242
9/10/2022,12:00,279.353
9/10/2022,18:00,281.863
9/11/2022,0:00,280.545
9/11/2022,6:00,278.596
9/11/2022,12:00,277.82
9/11/2022,18:00,284.059
9/12/2022,0:00,286.812
9/12/2022,6:00,286.5
9/12/2022,12:00,287.232
9/12/2022,18:00,290.506
9/13/2022,0:00,286.458
9/13/2022,6:00,283.765
9/13/2022,12:00,282.597
9/13/2022,18:00,287.304
9/14/2022,0:00,285.008
9/14/2022,6:00,282.212
9/14/2022,12:00,281.343
9/14/2022,18:00,286.566
9/15/2022,0:00,284.566
9/15/2022,6:00,281.828
9/15/2022,12:00,281.028
9/15/2022,18:00,286.765
9/16/2022,0:00,284.537
9/16/2022,6:00,282.635
9/16/2022,12:00,282.368
9/16/2022,18:00,286.519
9/17/2022,0:00,286.806
9/17/2022,6:00,284.115
9/17/2022,12:00,282.9
9/17/2022,18:00,287.3
9/18/2022,0:00,286.994
9/18/2022,6:00,283.928
9/18/2022,12:00,281.828
9/18/2022,18:00,287.038
9/19/2022,0:00,289.337
9/19/2022,6:00,287.793
9/19/2022,12:00,286.735
9/19/2022,18:00,287.084
9/20/2022,0:00,286.622
9/20/2022,6:00,285.928
9/20/2022,12:00,285.228
9/20/2022,18:00,289.026
9/21/2022,0:00,287.607
9/21/2022,6:00,284.9
9/21/2022,12:00,284.649
9/21/2022,18:00,290.689
9/22/2022,0:00,287.361
9/22/2022,6:00,287.041
9/22/2022,12:00,285.433
9/22/2022,18:00,285.181
9/23/2022,0:00,280.633
9/23/2022,6:00,279.1
9/23/2022,12:00,278.141
9/23/2022,18:00,284.168
9/24/2022,0:00,281.794
9/24/2022,6:00,279.296
9/24/2022,12:00,278.243
9/24/2022,18:00,285.216
9/25/2022,0:00,284.436
9/25/2022,6:00,283.072
9/25/2022,12:00,285.5
9/25/2022,18:00,288.212
9/26/2022,0:00,287.166
9/26/2022,6:00,285.678
9/26/2022,12:00,285.178
9/26/2022,18:00,289.6
9/27/2022,0:00,288.984
9/27/2022,6:00,287.183
9/27/2022,12:00,286.4
9/27/2022,18:00,291.583
9/28/2022,0:00,288.266
9/28/2022,6:00,284.93
9/28/2022,12:00,284.829
9/28/2022,18:00,286.596
9/29/2022,0:00,287.635
9/29/2022,6:00,284.9
9/29/2022,12:00,284.316
9/29/2022,18:00,285.1
9/30/2022,0:00,285.249
9/30/2022,6:00,285.5
9/30/2022,12:00,285.908
9/30/2022,18:00,287.486
10/1/2022,0:00,287.5
10/1/2022,6:00,286.345
10/1/2022,12:00,286.935
10/1/2022,18:00,290.1
10/2/2022,0:00,286.725
10/2/2022,6:00,283.751
10/2/2022,12:00,283.156
10/2/2022,18:00,289.461
10/3/2022,0:00,286.52
10/3/2022,6:00,283.545
10/3/2022,12:00,282.452
10/3/2022,18:00,288.741
10/4/2022,0:00,285.7
10/4/2022,6:00,282.635
10/4/2022,12:00,281.234
10/4/2022,18:00,288.217
10/5/2022,0:00,286.484
10/5/2022,6:00,284.235
10/5/2022,12:00,284.201
10/5/2022,18:00,293.429
10/6/2022,0:00,292.285
10/6/2022,6:00,289.793
10/6/2022,12:00,289.809
10/6/2022,18:00,291.055
10/7/2022,0:00,290.802
10/7/2022,6:00,285.16
10/7/2022,12:00,284.353
10/7/2022,18:00,286.578
10/8/2022,0:00,285.931
10/8/2022,6:00,283.993
10/8/2022,12:00,283.266
10/8/2022,18:00,289.941
10/9/2022,0:00,288.535
10/9/2022,6:00,286.159
10/9/2022,12:00,282.207
10/9/2022,18:00,282.37
10/10/2022,0:00,280.701
10/10/2022,6:00,280.546
10/10/2022,12:00,280.758
10/10/2022,18:00,282.198
10/11/2022,0:00,283.118
10/11/2022,6:00,285.069
10/11/2022,12:00,285.494
10/11/2022,18:00,286.882
10/12/2022,0:00,286.463
10/12/2022,6:00,285.575
10/12/2022,12:00,285.387
10/12/2022,18:00,287.508
10/13/2022,0:00,287.465
10/13/2022,6:00,285.49
10/13/2022,12:00,285.054
10/13/2022,18:00,291.644
10/14/2022,0:00,289.972
10/14/2022,6:00,287.296
10/14/2022,12:00,286.137
10/14/2022,18:00,287.7
10/15/2022,0:00,286.421
10/15/2022,6:00,285.588
10/15/2022,12:00,287.047
10/15/2022,18:00,290.548
10/16/2022,0:00,290.305
10/16/2022,6:00,289.8
10/16/2022,12:00,289.106
10/16/2022,18:00,291.86
10/17/2022,0:00,289.615
10/17/2022,6:00,287.1
10/17/2022,12:00,285.883
10/17/2022,18:00,291.224
10/18/2022,0:00,289.526
10/18/2022,6:00,288.174
10/18/2022,12:00,288.207
10/18/2022,18:00,289.411
10/19/2022,0:00,287.716
10/19/2022,6:00,287.056
10/19/2022,12:00,287.707
10/19/2022,18:00,293.911
10/20/2022,0:00,292.817
10/20/2022,6:00,291.464
10/20/2022,12:00,289.748
10/20/2022,18:00,294.778
10/21/2022,0:00,290.803
10/21/2022,6:00,288.468
10/21/2022,12:00,288.733
10/21/2022,18:00,288.576
10/22/2022,0:00,287.649
10/22/2022,6:00,287.83
10/22/2022,12:00,286.301
10/22/2022,18:00,291.433
10/23/2022,0:00,289.666
10/23/2022,6:00,287.215
10/23/2022,12:00,286.27
10/23/2022,18:00,291.871
10/24/2022,0:00,287.584
10/24/2022,6:00,284.631
10/24/2022,12:00,283.543
10/24/2022,18:00,291.41
10/25/2022,0:00,289.384
10/25/2022,6:00,286.272
10/25/2022,12:00,285.77
10/25/2022,18:00,294.077
10/26/2022,0:00,292.767
10/26/2022,6:00,290.388
10/26/2022,12:00,290.17
10/26/2022,18:00,296.705
10/27/2022,0:00,292.608
10/27/2022,6:00,291.054
10/27/2022,12:00,289.504
10/27/2022,18:00,291.067
10/28/2022,0:00,290.44
10/28/2022,6:00,287.122
10/28/2022,12:00,286.679
10/28/2022,18:00,294.671
10/29/2022,0:00,292.96
10/29/2022,6:00,292.714
10/29/2022,12:00,291.017
10/29/2022,18:00,294.479
10/30/2022,0:00,292.84
10/30/2022,6:00,291.218
10/30/2022,12:00,291.021
10/30/2022,18:00,296.258
10/31/2022,0:00,291.853
10/31/2022,6:00,291.15
10/31/2022,12:00,286.109
10/31/2022,18:00,282.328
11/1/2022,0:00,279.7
11/1/2022,6:00,278.175
11/1/2022,12:00,277.862
11/1/2022,18:00,283.146
11/2/2022,0:00,281.661
11/2/2022,6:00,279.007
11/2/2022,12:00,278.235
11/2/2022,18:00,285.175
11/3/2022,0:00,284.097
11/3/2022,6:00,281.787
11/3/2022,12:00,281.092
11/3/2022,18:00,289.261
11/4/2022,0:00,286.342
11/4/2022,6:00,282.722
11/4/2022,12:00,281.396
11/4/2022,18:00,289.109
11/5/2022,0:00,287.577
11/5/2022,6:00,283.796
11/5/2022,12:00,282.649
11/5/2022,18:00,291.1
11/6/2022,0:00,289.578
11/6/2022,6:00,285.671
11/6/2022,12:00,284.689
11/6/2022,18:00,291.866
11/7/2022,0:00,289
11/7/2022,6:00,285.166
11/7/2022,12:00,283.87
11/7/2022,18:00,291.278
11/8/2022,0:00,288.642
11/8/2022,6:00,284.709
11/8/2022,12:00,283.532
11/8/2022,18:00,291.544
11/9/2022,0:00,289.301
11/9/2022,6:00,285.243
11/9/2022,12:00,283.522
11/9/2022,18:00,292.115
11/10/2022,0:00,291.167
11/10/2022,6:00,287.521
11/10/2022,12:00,286.951
11/10/2022,18:00,296.133
11/11/2022,0:00,294.86
11/11/2022,6:00,291.038
11/11/2022,12:00,288.79
11/11/2022,18:00,293.667
11/12/2022,0:00,290.062
11/12/2022,6:00,290.383
11/12/2022,12:00,289.508
11/12/2022,18:00,297.174
11/13/2022,0:00,295.989
11/13/2022,6:00,293.238
11/13/2022,12:00,291.606
11/13/2022,18:00,291.457
11/14/2022,0:00,292.167
11/14/2022,6:00,290.412
11/14/2022,12:00,290.854
11/14/2022,18:00,292.951
11/15/2022,0:00,290.474
11/15/2022,6:00,287.524
11/15/2022,12:00,286.026
11/15/2022,18:00,292.381
11/16/2022,0:00,291.073
11/16/2022,6:00,289.003
11/16/2022,12:00,287.776
11/16/2022,18:00,296.07
11/17/2022,0:00,293.43
11/17/2022,6:00,289.445
11/17/2022,12:00,287.987
11/17/2022,18:00,296.362
11/18/2022,0:00,293.048
11/18/2022,6:00,290.085
11/18/2022,12:00,288.735
11/18/2022,18:00,297.151
11/19/2022,0:00,294.246
11/19/2022,6:00,290.331
11/19/2022,12:00,289.503
11/19/2022,18:00,296.761
11/20/2022,0:00,294.383
11/20/2022,6:00,290.842
11/20/2022,12:00,290.256
11/20/2022,18:00,297.599
11/21/2022,0:00,297.488
11/21/2022,6:00,294.137
11/21/2022,12:00,292.589
11/21/2022,18:00,294.977
11/22/2022,0:00,291.974
11/22/2022,6:00,291.595
11/22/2022,12:00,291.209
11/22/2022,18:00,291.882
11/23/2022,0:00,290.435
11/23/2022,6:00,289.128
11/23/2022,12:00,286.874
11/23/2022,18:00,292.703
11/24/2022,0:00,290.896
11/24/2022,6:00,287.729
11/24/2022,12:00,286.972
11/24/2022,18:00,294.547
11/25/2022,0:00,293.604
11/25/2022,6:00,289.11
11/25/2022,12:00,287.623
11/25/2022,18:00,295.945
11/26/2022,0:00,293.548
11/26/2022,6:00,289.01
11/26/2022,12:00,287.938
11/26/2022,18:00,296.212
11/27/2022,0:00,295.338
11/27/2022,6:00,291.288
11/27/2022,12:00,290.925
11/27/2022,18:00,297.154
11/28/2022,0:00,294.07
11/28/2022,6:00,291.102
11/28/2022,12:00,290.384
11/28/2022,18:00,295.464
11/29/2022,0:00,296.112
11/29/2022,6:00,291.117
11/29/2022,12:00,289.642
11/29/2022,18:00,296.947
11/30/2022,0:00,296.289
11/30/2022,6:00,292.243
11/30/2022,12:00,291.349
11/30/2022,18:00,297.683
12/1/2022,0:00,295.433
12/1/2022,6:00,292.403
12/1/2022,12:00,291.35
12/1/2022,18:00,298.787
12/2/2022,0:00,298.716
12/2/2022,6:00,293.317
12/2/2022,12:00,292.653
12/2/2022,18:00,299.164
12/3/2022,0:00,293.581
12/3/2022,6:00,293.28
12/3/2022,12:00,292.213
12/3/2022,18:00,298.601
12/4/2022,0:00,295.674
12/4/2022,6:00,293.603
12/4/2022,12:00,293.151
12/4/2022,18:00,297.929
12/5/2022,0:00,295.728
12/5/2022,6:00,292.839
12/5/2022,12:00,292.102
12/5/2022,18:00,298.429
12/6/2022,0:00,296.729
12/6/2022,6:00,292.276
12/6/2022,12:00,291.896
12/6/2022,18:00,299.87
12/7/2022,0:00,297.988
12/7/2022,6:00,294.642
12/7/2022,12:00,293.523
12/7/2022,18:00,301.449
12/8/2022,0:00,299.095
12/8/2022,6:00,295.822
12/8/2022,12:00,295.12
12/8/2022,18:00,303.359
12/9/2022,0:00,301.727
12/9/2022,6:00,297.222
12/9/2022,12:00,296.006
12/9/2022,18:00,303.395
12/10/2022,0:00,298.554
12/10/2022,6:00,295.58
12/10/2022,12:00,295.268
12/10/2022,18:00,302.142
12/11/2022,0:00,299.479
12/11/2022,6:00,295.088
12/11/2022,12:00,293.895
12/11/2022,18:00,299.929
12/12/2022,0:00,298.945
12/12/2022,6:00,295.417
12/12/2022,12:00,294.266
12/12/2022,18:00,300.531
12/13/2022,0:00,296.774
12/13/2022,6:00,290.098
12/13/2022,12:00,288.887
12/13/2022,18:00,295.413
12/14/2022,0:00,292.931
12/14/2022,6:00,288.972
12/14/2022,12:00,287.059
12/14/2022,18:00,295.152
12/15/2022,0:00,295.117
12/15/2022,6:00,291.597
12/15/2022,12:00,290.528
12/15/2022,18:00,298.693
12/16/2022,0:00,295.976
12/16/2022,6:00,291.467
12/16/2022,12:00,289.096
12/16/2022,18:00,295.861
12/17/2022,0:00,293.68
12/17/2022,6:00,287.954
12/17/2022,12:00,286.475
12/17/2022,18:00,293.811
12/18/2022,0:00,293.948
12/18/2022,6:00,290.672
12/18/2022,12:00,289.842
12/18/2022,18:00,294.364
12/19/2022,0:00,291.799
12/19/2022,6:00,289.567
12/19/2022,12:00,289.207
12/19/2022,18:00,295.33
12/20/2022,0:00,289.891
12/20/2022,6:00,290.762
12/20/2022,12:00,289.413
12/20/2022,18:00,297.156
12/21/2022,0:00,295.444
12/21/2022,6:00,291.246
12/21/2022,12:00,289.935
12/21/2022,18:00,296.594
12/22/2022,0:00,295.303
12/22/2022,6:00,291.78
12/22/2022,12:00,290.366
12/22/2022,18:00,297.112
12/23/2022,0:00,295.963
12/23/2022,6:00,292.333
12/23/2022,12:00,290.584
12/23/2022,18:00,297.447
12/24/2022,0:00,295.582
12/24/2022,6:00,292.783
12/24/2022,12:00,291.241
12/24/2022,18:00,298.892
12/25/2022,0:00,296.996
12/25/2022,6:00,294.351
12/25/2022,12:00,294.458
12/25/2022,18:00,300.042
12/26/2022,0:00,295.449
12/26/2022,6:00,290.642
12/26/2022,12:00,290.109
12/26/2022,18:00,298.608
12/27/2022,0:00,295.199
12/27/2022,6:00,292.247
12/27/2022,12:00,290.697
12/27/2022,18:00,293.708
12/28/2022,0:00,290.343
12/28/2022,6:00,290.076
12/28/2022,12:00,290.657
12/28/2022,18:00,292.178
12/29/2022,0:00,294.083
12/29/2022,6:00,290.661
12/29/2022,12:00,288.921
12/29/2022,18:00,296.088
12/30/2022,0:00,293.739
12/30/2022,6:00,290.551
12/30/2022,12:00,289.4
12/30/2022,18:00,298.032
12/31/2022,0:00,295.807
12/31/2022,6:00,292.253
12/31/2022,12:00,291.054
12/31/2022,18:00,300.504
1/1/2023,0:00,297.714
1/1/2023,6:00,294.765
1/1/2023,12:00,294.455
1/1/2023,18:00,299.97
1/2/2023,0:00,296.259
1/2/2023,6:00,293.366
1/2/2023,12:00,293.256
1/2/2023,18:00,295.919
1/3/2023,0:00,294.975
1/3/2023,6:00,292.746
1/3/2023,12:00,288.876
1/3/2023,18:00,296.875
1/4/2023,0:00,297.497
1/4/2023,6:00,293.51
1/4/2023,12:00,289.964
1/4/2023,18:00,296.996
1/5/2023,0:00,295.205
1/5/2023,6:00,292.076
1/5/2023,12:00,289.791
1/5/2023,18:00,299.136
1/6/2023,0:00,295.2
1/6/2023,6:00,291.336
1/6/2023,12:00,289.098
1/6/2023,18:00,297.504
1/7/2023,0:00,295.427
1/7/2023,6:00,291.159
1/7/2023,12:00,289.082
1/7/2023,18:00,296.222
1/8/2023,0:00,296.075
1/8/2023,6:00,290.914
1/8/2023,12:00,288.636
1/8/2023,18:00,297.772
1/9/2023,0:00,296.065
1/9/2023,6:00,292.28
1/9/2023,12:00,290.591
1/9/2023,18:00,299.009
1/10/2023,0:00,297.983
1/10/2023,6:00,293.39
1/10/2023,12:00,291.976
1/10/2023,18:00,296.786
1/11/2023,0:00,290.469
1/11/2023,6:00,290.671
1/11/2023,12:00,290.75
1/11/2023,18:00,299.568
1/12/2023,0:00,299.471
1/12/2023,6:00,294.439
1/12/2023,12:00,293.152
1/12/2023,18:00,302.341
1/13/2023,0:00,297.002
1/13/2023,6:00,292.246
1/13/2023,12:00,291.012
1/13/2023,18:00,293.209
1/14/2023,0:00,292.53
1/14/2023,6:00,291.301
1/14/2023,12:00,290.548
1/14/2023,18:00,295.788
1/15/2023,0:00,296.089
1/15/2023,6:00,293.739
1/15/2023,12:00,292.066
1/15/2023,18:00,295.816
1/16/2023,0:00,294.115
1/16/2023,6:00,292.425
1/16/2023,12:00,291.752
1/16/2023,18:00,299.141
1/17/2023,0:00,298.091
1/17/2023,6:00,293.421
1/17/2023,12:00,292.713
1/17/2023,18:00,300.486
1/18/2023,0:00,298.596
1/18/2023,6:00,293.988
1/18/2023,12:00,293.149
1/18/2023,18:00,301.042
1/19/2023,0:00,298.841
1/19/2023,6:00,292.793
1/19/2023,12:00,292.066
1/19/2023,18:00,300.632
1/20/2023,0:00,296.466
1/20/2023,6:00,293.302
1/20/2023,12:00,292.633
1/20/2023,18:00,301.571
1/21/2023,0:00,298.873
1/21/2023,6:00,294.975
1/21/2023,12:00,294.02
1/21/2023,18:00,299.181
1/22/2023,0:00,297.725
1/22/2023,6:00,292.962
1/22/2023,12:00,292.114
1/22/2023,18:00,298.833
1/23/2023,0:00,297.977
1/23/2023,6:00,292.222
1/23/2023,12:00,292.415
1/23/2023,18:00,300.597
1/24/2023,0:00,299.274
1/24/2023,6:00,295.086
1/24/2023,12:00,292.671
1/24/2023,18:00,303.57
1/25/2023,0:00,300.535
1/25/2023,6:00,295.69
1/25/2023,12:00,293.896
1/25/2023,18:00,303.417
1/26/2023,0:00,301.217
1/26/2023,6:00,297.67
1/26/2023,12:00,294.554
1/26/2023,18:00,303.961
1/27/2023,0:00,301.126
1/27/2023,6:00,296.214
1/27/2023,12:00,294.609
1/27/2023,18:00,303.076
1/28/2023,0:00,299.915
1/28/2023,6:00,298.562
1/28/2023,12:00,296.344
1/28/2023,18:00,305.133
1/29/2023,0:00,299.734
1/29/2023,6:00,296.027
1/29/2023,12:00,295.904
1/29/2023,18:00,302.528
1/30/2023,0:00,294.617
1/30/2023,6:00,292.883
1/30/2023,12:00,292.479
1/30/2023,18:00,300.198
1/31/2023,0:00,293.27
1/31/2023,6:00,291.535
1/31/2023,12:00,291.732
1/31/2023,18:00,299.572
2/1/2023,0:00,296.692
2/1/2023,6:00,292.701
2/1/2023,12:00,292.166
2/1/2023,18:00,300.856
2/2/2023,0:00,299.019
2/2/2023,6:00,295.043
2/2/2023,12:00,293.82
2/2/2023,18:00,302.533
2/3/2023,0:00,295.741
2/3/2023,6:00,292.913
2/3/2023,12:00,291.971
2/3/2023,18:00,293.903
2/4/2023,0:00,293.073
2/4/2023,6:00,290.718
2/4/2023,12:00,290.457
2/4/2023,18:00,294.263
2/5/2023,0:00,293.128
2/5/2023,6:00,290.025
2/5/2023,12:00,287.672
2/5/2023,18:00,295.479
2/6/2023,0:00,292.96
2/6/2023,6:00,290.252
2/6/2023,12:00,288.489
2/6/2023,18:00,298.657
2/7/2023,0:00,296.421
2/7/2023,6:00,292.935
2/7/2023,12:00,291.272
2/7/2023,18:00,301.871
2/8/2023,0:00,300.346
2/8/2023,6:00,293.395
2/8/2023,12:00,292.305
2/8/2023,18:00,301.434
2/9/2023,0:00,302.108
2/9/2023,6:00,296.168
2/9/2023,12:00,293.82
2/9/2023,18:00,294.208
2/10/2023,0:00,296.906
2/10/2023,6:00,295
2/10/2023,12:00,292.992
2/10/2023,18:00,301.304
2/11/2023,0:00,296.871
2/11/2023,6:00,292.183
2/11/2023,12:00,291.503
2/11/2023,18:00,301.407
2/12/2023,0:00,301.983
2/12/2023,6:00,293.363
2/12/2023,12:00,291.4
2/12/2023,18:00,301.523
2/13/2023,0:00,299.573
2/13/2023,6:00,293.974
2/13/2023,12:00,293.341
2/13/2023,18:00,301.71
2/14/2023,0:00,299.333
2/14/2023,6:00,294.723
2/14/2023,12:00,292.139
2/14/2023,18:00,297.049
2/15/2023,0:00,291.392
2/15/2023,6:00,292.173
2/15/2023,12:00,291.345
2/15/2023,18:00,296.164
2/16/2023,0:00,296.367
2/16/2023,6:00,292.847
2/16/2023,12:00,291.109
2/16/2023,18:00,298.361
2/17/2023,0:00,293.766
2/17/2023,6:00,290.704
2/17/2023,12:00,290.46
2/17/2023,18:00,289.248
2/18/2023,0:00,291.001
2/18/2023,6:00,282.865
2/18/2023,12:00,280.05
2/18/2023,18:00,286.709
2/19/2023,0:00,287.072
2/19/2023,6:00,283.815
2/19/2023,12:00,281.759
2/19/2023,18:00,291.405
2/20/2023,0:00,294.045
2/20/2023,6:00,290.65
2/20/2023,12:00,289.79
2/20/2023,18:00,293.449
2/21/2023,0:00,290.094
2/21/2023,6:00,287.545
2/21/2023,12:00,286.575
2/21/2023,18:00,294.254
2/22/2023,0:00,294.822
2/22/2023,6:00,290.783
2/22/2023,12:00,288.948
2/22/2023,18:00,298.675
2/23/2023,0:00,299.102
2/23/2023,6:00,291.808
2/23/2023,12:00,292.291
2/23/2023,18:00,298.464
2/24/2023,0:00,292.745
2/24/2023,6:00,291.428
2/24/2023,12:00,290.973
2/24/2023,18:00,292.912
2/25/2023,0:00,294.867
2/25/2023,6:00,292.149
2/25/2023,12:00,290.829
2/25/2023,18:00,298.205
2/26/2023,0:00,299.969
2/26/2023,6:00,294.448
2/26/2023,12:00,291.893
2/26/2023,18:00,300.078
2/27/2023,0:00,294.001
2/27/2023,6:00,291.924
2/27/2023,12:00,290.366
2/27/2023,18:00,299.012
2/28/2023,0:00,296.877
2/28/2023,6:00,292.143
2/28/2023,12:00,291.449
2/28/2023,18:00,298.732
3/1/2023,0:00,293.832
3/1/2023,6:00,291.86
3/1/2023,12:00,291.39
3/1/2023,18:00,295.413
3/2/2023,0:00,293.758
3/2/2023,6:00,292.298
3/2/2023,12:00,291.551
3/2/2023,18:00,297.055
3/3/2023,0:00,293.515
3/3/2023,6:00,292.078
3/3/2023,12:00,291.946
3/3/2023,18:00,292.821
3/4/2023,0:00,292.583
3/4/2023,6:00,291.497
3/4/2023,12:00,291.143
3/4/2023,18:00,295.215
3/5/2023,0:00,292.969
3/5/2023,6:00,291.038
3/5/2023,12:00,290.403
3/5/2023,18:00,294.202
3/6/2023,0:00,293.649
3/6/2023,6:00,289.314
3/6/2023,12:00,288.226
3/6/2023,18:00,295.506
3/7/2023,0:00,293.007
3/7/2023,6:00,290.371
3/7/2023,12:00,290.043
3/7/2023,18:00,296.1
3/8/2023,0:00,296.477
3/8/2023,6:00,293.047
3/8/2023,12:00,292.446
3/8/2023,18:00,298.608
3/9/2023,0:00,293.881
3/9/2023,6:00,291.141
3/9/2023,12:00,291.026
3/9/2023,18:00,297.95
3/10/2023,0:00,297.822
3/10/2023,6:00,294.166
3/10/2023,12:00,292.486
3/10/2023,18:00,299.227
3/11/2023,0:00,299.522
3/11/2023,6:00,293.638
3/11/2023,12:00,291.744
3/11/2023,18:00,299.787
3/12/2023,0:00,298.458
3/12/2023,6:00,294.905
3/12/2023,12:00,292.178
3/12/2023,18:00,298.555
3/13/2023,0:00,297.602
3/13/2023,6:00,294.653
3/13/2023,12:00,292.577
3/13/2023,18:00,298.423
3/14/2023,0:00,294.385
3/14/2023,6:00,293.482
3/14/2023,12:00,293.015
3/14/2023,18:00,296.274
3/15/2023,0:00,294.79
3/15/2023,6:00,293.214
3/15/2023,12:00,293.045
3/15/2023,18:00,293.315
3/16/2023,0:00,293.482
3/16/2023,6:00,292.557
3/16/2023,12:00,292.674
3/16/2023,18:00,295.269
3/17/2023,0:00,294.82
3/17/2023,6:00,293.297
3/17/2023,12:00,292.299
3/17/2023,18:00,297.076
3/18/2023,0:00,295.551
3/18/2023,6:00,293.74
3/18/2023,12:00,291.913
3/18/2023,18:00,299.032
3/19/2023,0:00,297.134
3/19/2023,6:00,293.863
3/19/2023,12:00,292.254
3/19/2023,18:00,299.812
3/20/2023,0:00,298.903
3/20/2023,6:00,296.828
3/20/2023,12:00,293.378
3/20/2023,18:00,300.881
3/21/2023,0:00,296.442
3/21/2023,6:00,292.871
3/21/2023,12:00,292.21
3/21/2023,18:00,299.705
3/22/2023,0:00,295.452
3/22/2023,6:00,293.501
3/22/2023,12:00,292.501
3/22/2023,18:00,300.139
3/23/2023,0:00,294.497
3/23/2023,6:00,293.712
3/23/2023,12:00,292.639
3/23/2023,18:00,298.417
3/24/2023,0:00,293.321
3/24/2023,6:00,293.737
3/24/2023,12:00,293.591
3/24/2023,18:00,300.453
3/25/2023,0:00,294.829
3/25/2023,6:00,293.694
3/25/2023,12:00,292.947
3/25/2023,18:00,297.929
3/26/2023,0:00,292.411
3/26/2023,6:00,292.331
3/26/2023,12:00,290.983
3/26/2023,18:00,292.679
3/27/2023,0:00,291.973
3/27/2023,6:00,288.486
3/27/2023,12:00,286.766
3/27/2023,18:00,293.955
3/28/2023,0:00,292.197
3/28/2023,6:00,289.242
3/28/2023,12:00,288.421
3/28/2023,18:00,296.19
3/29/2023,0:00,296.775
3/29/2023,6:00,294.167
3/29/2023,12:00,293.276
3/29/2023,18:00,298.069
3/30/2023,0:00,294.578
3/30/2023,6:00,292.614
3/30/2023,12:00,292.889
3/30/2023,18:00,293.1
3/31/2023,0:00,295.417
3/31/2023,6:00,292.989
3/31/2023,12:00,292.155
3/31/2023,18:00,296.963
4/1/2023,0:00,294.018
4/1/2023,6:00,290.864
4/1/2023,12:00,286.837
4/1/2023,18:00,289.297
4/2/2023,0:00,287.4
4/2/2023,6:00,285.512
4/2/2023,12:00,283.83
4/2/2023,18:00,290.84
4/3/2023,0:00,290.941
4/3/2023,6:00,287.611
4/3/2023,12:00,286.775
4/3/2023,18:00,294.107
4/4/2023,0:00,293.7
4/4/2023,6:00,290.988
4/4/2023,12:00,289.807
4/4/2023,18:00,296.46
4/5/2023,0:00,293.1
4/5/2023,6:00,289.928
4/5/2023,12:00,290.323
4/5/2023,18:00,293.02
4/6/2023,0:00,293.088
4/6/2023,6:00,290.59
4/6/2023,12:00,290.364
4/6/2023,18:00,290.871
4/7/2023,0:00,290.005
4/7/2023,6:00,289.098
4/7/2023,12:00,289.572
4/7/2023,18:00,290.918
4/8/2023,0:00,290.307
4/8/2023,6:00,288.065
4/8/2023,12:00,287.857
4/8/2023,18:00,293.245
4/9/2023,0:00,292.264
4/9/2023,6:00,290.126
4/9/2023,12:00,289.332
4/9/2023,18:00,294.7
4/10/2023,0:00,293.199
4/10/2023,6:00,293.594
4/10/2023,12:00,290.471
4/10/2023,18:00,296.2
4/11/2023,0:00,294.807
4/11/2023,6:00,292.47
4/11/2023,12:00,291.196
4/11/2023,18:00,297
4/12/2023,0:00,296.835
4/12/2023,6:00,294.232
4/12/2023,12:00,291.417
4/12/2023,18:00,297.421
4/13/2023,0:00,296.081
4/13/2023,6:00,292.939
4/13/2023,12:00,291.439
4/13/2023,18:00,296.645
4/14/2023,0:00,290.918
4/14/2023,6:00,288.818
4/14/2023,12:00,288.6
4/14/2023,18:00,289.722
4/15/2023,0:00,289.18
4/15/2023,6:00,288.047
4/15/2023,12:00,287.88
4/15/2023,18:00,294.202
4/16/2023,0:00,291.395
4/16/2023,6:00,290.567
4/16/2023,12:00,290.361
4/16/2023,18:00,292.237
4/17/2023,0:00,291.405
4/17/2023,6:00,290.9
4/17/2023,12:00,290.5
4/17/2023,18:00,291.933
4/18/2023,0:00,291.635
4/18/2023,6:00,288.835
4/18/2023,12:00,286.695
4/18/2023,18:00,290.382
4/19/2023,0:00,287.4
4/19/2023,6:00,285.496
4/19/2023,12:00,283.291
4/19/2023,18:00,287.725
4/20/2023,0:00,283.709
4/20/2023,6:00,280.62
4/20/2023,12:00,280.105
4/20/2023,18:00,285.405
4/21/2023,0:00,285.676
4/21/2023,6:00,283.202
4/21/2023,12:00,282.311
4/21/2023,18:00,289.115
4/22/2023,0:00,288.415
4/22/2023,6:00,286.813
4/22/2023,12:00,285.031
4/22/2023,18:00,290.244
4/23/2023,0:00,289.981
4/23/2023,6:00,287.235
4/23/2023,12:00,286.554
4/23/2023,18:00,292.658
4/24/2023,0:00,291.097
4/24/2023,6:00,289.097
4/24/2023,12:00,287.639
4/24/2023,18:00,293.581
4/25/2023,0:00,292.485
4/25/2023,6:00,290.169
4/25/2023,12:00,289.2
4/25/2023,18:00,291.581
4/26/2023,0:00,290.6
4/26/2023,6:00,288.287
4/26/2023,12:00,286.933
4/26/2023,18:00,289.742
4/27/2023,0:00,290.61
4/27/2023,6:00,287.83
4/27/2023,12:00,285.953
4/27/2023,18:00,290.435
4/28/2023,0:00,288.985
4/28/2023,6:00,287.12
4/28/2023,12:00,285.722
4/28/2023,18:00,290.618
4/29/2023,0:00,289.899
4/29/2023,6:00,288.409
4/29/2023,12:00,287.41
4/29/2023,18:00,292.604
4/30/2023,0:00,291.607
4/30/2023,6:00,289.164
4/30/2023,12:00,287.644
4/30/2023,18:00,292.617
5/1/2023,0:00,292.227
5/1/2023,6:00,290.986
5/1/2023,12:00,290.343
5/1/2023,18:00,292.697
5/2/2023,0:00,295.158
5/2/2023,6:00,292.465
5/2/2023,12:00,291.512
5/2/2023,18:00,294.448
5/3/2023,0:00,291.039
5/3/2023,6:00,290.872
5/3/2023,12:00,291.476
5/3/2023,18:00,292.427
5/4/2023,0:00,290.5
5/4/2023,6:00,290.705
5/4/2023,12:00,290.6
5/4/2023,18:00,291.672
5/5/2023,0:00,291.106
5/5/2023,6:00,291.324
5/5/2023,12:00,291.108
5/5/2023,18:00,292.3
5/6/2023,0:00,293.505
5/6/2023,6:00,292.185
5/6/2023,12:00,291.831
5/6/2023,18:00,294.203
5/7/2023,0:00,294.531
5/7/2023,6:00,292.836
5/7/2023,12:00,291.9
5/7/2023,18:00,294.637
5/8/2023,0:00,290.2
5/8/2023,6:00,290.3
5/8/2023,12:00,289.435
5/8/2023,18:00,288.885
5/9/2023,0:00,287.62
5/9/2023,6:00,285.3
5/9/2023,12:00,284.3
5/9/2023,18:00,288.174
5/10/2023,0:00,286.869
5/10/2023,6:00,284.535
5/10/2023,12:00,283.546
5/10/2023,18:00,287.335
5/11/2023,0:00,285.4
5/11/2023,6:00,282.958
5/11/2023,12:00,281.678
5/11/2023,18:00,285.7
5/12/2023,0:00,284.261
5/12/2023,6:00,281.64
5/12/2023,12:00,280.942
5/12/2023,18:00,285.062
5/13/2023,0:00,284.8
5/13/2023,6:00,283.121
5/13/2023,12:00,282.133
5/13/2023,18:00,286.422
5/14/2023,0:00,286.712
5/14/2023,6:00,284.601
5/14/2023,12:00,283.783
5/14/2023,18:00,288.3
5/15/2023,0:00,288.614
5/15/2023,6:00,286.841
5/15/2023,12:00,285.86
5/15/2023,18:00,290.055
5/16/2023,0:00,289.265
5/16/2023,6:00,286.562
5/16/2023,12:00,285.224
5/16/2023,18:00,289.524
5/17/2023,0:00,288.789
5/17/2023,6:00,286.534
5/17/2023,12:00,285.807
5/17/2023,18:00,290.101
5/18/2023,0:00,290.149
5/18/2023,6:00,288.318
5/18/2023,12:00,286.6
5/18/2023,18:00,290.933
5/19/2023,0:00,290.324
5/19/2023,6:00,287.982
5/19/2023,12:00,286.4
5/19/2023,18:00,290.3
5/20/2023,0:00,289.663
5/20/2023,6:00,287.759
5/20/2023,12:00,286.791
5/20/2023,18:00,290.303
5/21/2023,0:00,290.656
5/21/2023,6:00,289.8
5/21/2023,12:00,288.302
5/21/2023,18:00,288.101
5/22/2023,0:00,286.754
5/22/2023,6:00,287.424
5/22/2023,12:00,287.122
5/22/2023,18:00,288.819
5/23/2023,0:00,290.435
5/23/2023,6:00,289.128
5/23/2023,12:00,288.522
5/23/2023,18:00,292.029
5/24/2023,0:00,292.742
5/24/2023,6:00,290.961
5/24/2023,12:00,289.59
5/24/2023,18:00,292.905
5/25/2023,0:00,292.46
5/25/2023,6:00,289.701
5/25/2023,12:00,288.562
5/25/2023,18:00,292.268
5/26/2023,0:00,291.867
5/26/2023,6:00,290.966
5/26/2023,12:00,290.083
5/26/2023,18:00,292.439
5/27/2023,0:00,294.189
5/27/2023,6:00,290.611
5/27/2023,12:00,290.512
5/27/2023,18:00,292.779
5/28/2023,0:00,290.127
5/28/2023,6:00,286.417
5/28/2023,12:00,286.015
5/28/2023,18:00,285.64
5/29/2023,0:00,283.596
5/29/2023,6:00,282.514
5/29/2023,12:00,282
5/29/2023,18:00,285.534
5/30/2023,0:00,287.924
5/30/2023,6:00,286.773
5/30/2023,12:00,286.573
5/30/2023,18:00,289.204
5/31/2023,0:00,289.196
5/31/2023,6:00,287.248
5/31/2023,12:00,286.629
5/31/2023,18:00,289.701
6/1/2023,0:00,289.312
6/1/2023,6:00,287.424
6/1/2023,12:00,286.306
6/1/2023,18:00,289.747
6/2/2023,0:00,289.356
6/2/2023,6:00,287.27
6/2/2023,12:00,286.3
6/2/2023,18:00,289.382
6/3/2023,0:00,288.976
6/3/2023,6:00,287.1
6/3/2023,12:00,286.423
6/3/2023,18:00,289.562
6/4/2023,0:00,289.259
6/4/2023,6:00,287.555
6/4/2023,12:00,286.458
6/4/2023,18:00,290.217
6/5/2023,0:00,290.392
6/5/2023,6:00,288.866
6/5/2023,12:00,288.408
6/5/2023,18:00,290.595
6/6/2023,0:00,289.886
6/6/2023,6:00,288.528
6/6/2023,12:00,287.843
6/6/2023,18:00,290.821
6/7/2023,0:00,291.264
6/7/2023,6:00,289.003
6/7/2023,12:00,287.7
6/7/2023,18:00,290.958
6/8/2023,0:00,290.499
6/8/2023,6:00,289.148
6/8/2023,12:00,287.907
6/8/2023,18:00,290.794
6/9/2023,0:00,290.432
6/9/2023,6:00,288.4
6/9/2023,12:00,287.517
6/9/2023,18:00,290.8
6/10/2023,0:00,292.017
6/10/2023,6:00,289.582
6/10/2023,12:00,289.4
6/10/2023,18:00,291.98
6/11/2023,0:00,293.438
6/11/2023,6:00,291.105
6/11/2023,12:00,283.5
6/11/2023,18:00,282.85
6/12/2023,0:00,282.355
6/12/2023,6:00,279.518
6/12/2023,12:00,277.1
6/12/2023,18:00,278.781
6/13/2023,0:00,279.121
6/13/2023,6:00,277.758
6/13/2023,12:00,276.352
6/13/2023,18:00,278.229
6/14/2023,0:00,280.46
6/14/2023,6:00,280.163
6/14/2023,12:00,281.434
6/14/2023,18:00,282.398
6/15/2023,0:00,282.981
6/15/2023,6:00,283.656
6/15/2023,12:00,284.104
6/15/2023,18:00,284.505
6/16/2023,0:00,283.44
6/16/2023,6:00,283.417
6/16/2023,12:00,283.875
6/16/2023,18:00,284.558
6/17/2023,0:00,284.542
6/17/2023,6:00,281.341
6/17/2023,12:00,280.316
6/17/2023,18:00,283.285
6/18/2023,0:00,283.708
6/18/2023,6:00,280.802
6/18/2023,12:00,279.438
6/18/2023,18:00,282.4
6/19/2023,0:00,281.551
6/19/2023,6:00,279.855
6/19/2023,12:00,279.429
6/19/2023,18:00,282.821
6/20/2023,0:00,285.451
6/20/2023,6:00,284.336
6/20/2023,12:00,283.458
6/20/2023,18:00,286.4
6/21/2023,0:00,287.968
6/21/2023,6:00,286.7
6/21/2023,12:00,286.4
6/21/2023,18:00,287.857
6/22/2023,0:00,288.701
6/22/2023,6:00,288.205
6/22/2023,12:00,288.228
6/22/2023,18:00,288.125
6/23/2023,0:00,289.5
6/23/2023,6:00,289.519
6/23/2023,12:00,289.177
6/23/2023,18:00,289.997
6/24/2023,0:00,289.837
6/24/2023,6:00,289.936
6/24/2023,12:00,288.936
6/24/2023,18:00,290.978
6/25/2023,0:00,291.616
6/25/2023,6:00,289.599
6/25/2023,12:00,289.057
6/25/2023,18:00,291.462
6/26/2023,0:00,291.458
6/26/2023,6:00,289.835
6/26/2023,12:00,288.586
6/26/2023,18:00,291.406
6/27/2023,0:00,289.93
6/27/2023,6:00,288.03
6/27/2023,12:00,286.682
6/27/2023,18:00,289.842
6/28/2023,0:00,289.124
6/28/2023,6:00,287.615
6/28/2023,12:00,286.502
6/28/2023,18:00,289.771
6/29/2023,0:00,287.278
6/29/2023,6:00,284.042
6/29/2023,12:00,282.465
6/29/2023,18:00,284
6/30/2023,0:00,285.523
6/30/2023,6:00,284.1
6/30/2023,12:00,285.664
6/30/2023,18:00,288.722
7/1/2023,0:00,287.677
7/1/2023,6:00,287.1
7/1/2023,12:00,286.737
7/1/2023,18:00,289.663
7/2/2023,0:00,288.924
7/2/2023,6:00,287.841
7/2/2023,12:00,287.056
7/2/2023,18:00,289.785
7/3/2023,0:00,289.146
7/3/2023,6:00,287.807
7/3/2023,12:00,286.359
7/3/2023,18:00,289.414
7/4/2023,0:00,289.135
7/4/2023,6:00,286.892
7/4/2023,12:00,285.751
7/4/2023,18:00,288.718
7/5/2023,0:00,288.078
7/5/2023,6:00,286.444
7/5/2023,12:00,285.277
7/5/2023,18:00,288.379
7/6/2023,0:00,288.53
7/6/2023,6:00,287.608
7/6/2023,12:00,286.816
7/6/2023,18:00,289.823
7/7/2023,0:00,291.3
7/7/2023,6:00,289.677
7/7/2023,12:00,288.895
7/7/2023,18:00,290.717
7/8/2023,0:00,289.6
7/8/2023,6:00,289.455
7/8/2023,12:00,285.858
7/8/2023,18:00,286.7
7/9/2023,0:00,287.445
7/9/2023,6:00,286.556
7/9/2023,12:00,286.672
7/9/2023,18:00,290.289
7/10/2023,0:00,289.775
7/10/2023,6:00,289.595
7/10/2023,12:00,289.254
7/10/2023,18:00,291.118
7/11/2023,0:00,290.3
7/11/2023,6:00,288.488
7/11/2023,12:00,287.378
7/11/2023,18:00,287.391
7/12/2023,0:00,287.698
7/12/2023,6:00,288.277
7/12/2023,12:00,289.538
7/12/2023,18:00,290.979
7/13/2023,0:00,288.481
7/13/2023,6:00,281.738
7/13/2023,12:00,281.04
7/13/2023,18:00,280.846
7/14/2023,0:00,280.116
7/14/2023,6:00,279.45
7/14/2023,12:00,278.356
7/14/2023,18:00,280.289
7/15/2023,0:00,279.492
7/15/2023,6:00,278.111
7/15/2023,12:00,277.974
7/15/2023,18:00,281.307
7/16/2023,0:00,283.175
7/16/2023,6:00,281.795
7/16/2023,12:00,281.465
7/16/2023,18:00,283.972
7/17/2023,0:00,284.304
7/17/2023,6:00,281.477
7/17/2023,12:00,279.784
7/17/2023,18:00,282.035
7/18/2023,0:00,279.329
7/18/2023,6:00,277.277
7/18/2023,12:00,276.112
7/18/2023,18:00,278.928
7/19/2023,0:00,279.216
7/19/2023,6:00,277.908
7/19/2023,12:00,277.777
7/19/2023,18:00,282.117
7/20/2023,0:00,287.9
7/20/2023,6:00,286.207
7/20/2023,12:00,286.388
7/20/2023,18:00,287.739
7/21/2023,0:00,288.781
7/21/2023,6:00,288.833
7/21/2023,12:00,288.3
7/21/2023,18:00,290.55
7/22/2023,0:00,292.8
7/22/2023,6:00,291.494
7/22/2023,12:00,289.919
7/22/2023,18:00,291.7
7/23/2023,0:00,292.857
7/23/2023,6:00,289.8
7/23/2023,12:00,289.823
7/23/2023,18:00,292.196
7/24/2023,0:00,291.809
7/24/2023,6:00,290.2
7/24/2023,12:00,288.976
7/24/2023,18:00,292.056
7/25/2023,0:00,291.615
7/25/2023,6:00,289.984
7/25/2023,12:00,289.372
7/25/2023,18:00,291.167
7/26/2023,0:00,290.657
7/26/2023,6:00,290.291
7/26/2023,12:00,289.562
7/26/2023,18:00,290.204
7/27/2023,0:00,287.104
7/27/2023,6:00,283.001
7/27/2023,12:00,281.016
7/27/2023,18:00,283.579
7/28/2023,0:00,287.129
7/28/2023,6:00,286.62
7/28/2023,12:00,285.7
7/28/2023,18:00,286.03
7/29/2023,0:00,282.129
7/29/2023,6:00,279.872
7/29/2023,12:00,279.025
7/29/2023,18:00,282.034
7/30/2023,0:00,282.65
7/30/2023,6:00,281.999
7/30/2023,12:00,281.906
7/30/2023,18:00,286.439
7/31/2023,0:00,288.477
7/31/2023,6:00,287.754
7/31/2023,12:00,286.9
7/31/2023,18:00,290.327
8/1/2023,0:00,289.748
8/1/2023,6:00,288.7
8/1/2023,12:00,287.622
8/1/2023,18:00,291.144
8/2/2023,0:00,290.681
8/2/2023,6:00,288.954
8/2/2023,12:00,287.691
8/2/2023,18:00,291.403
8/3/2023,0:00,290.915
8/3/2023,6:00,289.33
8/3/2023,12:00,288.2
8/3/2023,18:00,292.333
8/4/2023,0:00,291.565
8/4/2023,6:00,289.527
8/4/2023,12:00,288.726
8/4/2023,18:00,292.334
8/5/2023,0:00,292.226
8/5/2023,6:00,290.576
8/5/2023,12:00,289.325
8/5/2023,18:00,292.562
8/6/2023,0:00,291.93
8/6/2023,6:00,289.976
8/6/2023,12:00,287.755
8/6/2023,18:00,291.19
8/7/2023,0:00,292.302
8/7/2023,6:00,291.677
8/7/2023,12:00,291.225
8/7/2023,18:00,292.049
8/8/2023,0:00,287.071
8/8/2023,6:00,284.633
8/8/2023,12:00,284.209
8/8/2023,18:00,286.399
8/9/2023,0:00,287.871
8/9/2023,6:00,286.672
8/9/2023,12:00,286.828
8/9/2023,18:00,286.854
8/10/2023,0:00,288.634
8/10/2023,6:00,287.239
8/10/2023,12:00,287.183
8/10/2023,18:00,291.141
8/11/2023,0:00,292.5
8/11/2023,6:00,290.967
8/11/2023,12:00,289.408
8/11/2023,18:00,291.733
8/12/2023,0:00,291.196
8/12/2023,6:00,288.167
8/12/2023,12:00,284.435
8/12/2023,18:00,285.167
8/13/2023,0:00,280.42
8/13/2023,6:00,278.322
8/13/2023,12:00,276.326
8/13/2023,18:00,279.805
8/14/2023,0:00,280.34
8/14/2023,6:00,279.103
8/14/2023,12:00,279.404
8/14/2023,18:00,284.485
8/15/2023,0:00,285.7
8/15/2023,6:00,284.784
8/15/2023,12:00,284.9
8/15/2023,18:00,289.499
8/16/2023,0:00,290.348
8/16/2023,6:00,289.2
8/16/2023,12:00,288.424
8/16/2023,18:00,291.739
8/17/2023,0:00,292.661
8/17/2023,6:00,291.277
8/17/2023,12:00,290.619
8/17/2023,18:00,293.888
8/18/2023,0:00,292.608
8/18/2023,6:00,291.611
8/18/2023,12:00,291.9
8/18/2023,18:00,286.219
8/19/2023,0:00,285.412
8/19/2023,6:00,284.664
8/19/2023,12:00,284.61
8/19/2023,18:00,284.941
8/20/2023,0:00,285.042
8/20/2023,6:00,284.318
8/20/2023,12:00,283.589
8/20/2023,18:00,287.926
8/21/2023,0:00,287.305
8/21/2023,6:00,286.004
8/21/2023,12:00,284.88
8/21/2023,18:00,289.517
8/22/2023,0:00,290.185
8/22/2023,6:00,289.982
8/22/2023,12:00,290.452
8/22/2023,18:00,294.114
8/23/2023,0:00,294.806
8/23/2023,6:00,294.428
8/23/2023,12:00,294.387
8/23/2023,18:00,295.316
8/24/2023,0:00,292.598
8/24/2023,6:00,290.68
8/24/2023,12:00,287.72
8/24/2023,18:00,287.349
8/25/2023,0:00,284.776
8/25/2023,6:00,284.477
8/25/2023,12:00,281.782
8/25/2023,18:00,283.555
8/26/2023,0:00,282.576
8/26/2023,6:00,279.58
8/26/2023,12:00,278.103
8/26/2023,18:00,282.205
8/27/2023,0:00,279.006
8/27/2023,6:00,276.731
8/27/2023,12:00,275.828
8/27/2023,18:00,280.738
8/28/2023,0:00,279.237
8/28/2023,6:00,277.258
8/28/2023,12:00,275.761
8/28/2023,18:00,282.061
8/29/2023,0:00,283.117
8/29/2023,6:00,281.958
8/29/2023,12:00,281.537
8/29/2023,18:00,286.912
8/30/2023,0:00,287.9
8/30/2023,6:00,285.2
8/30/2023,12:00,284.524
8/30/2023,18:00,289.613
8/31/2023,0:00,289.054
8/31/2023,6:00,287.672
8/31/2023,12:00,286.44
8/31/2023,18:00,292.323
9/1/2023,0:00,289.586
9/1/2023,6:00,289.469
9/1/2023,12:00,289.083
9/1/2023,18:00,290.279
9/2/2023,0:00,289.936
9/2/2023,6:00,288.924
9/2/2023,12:00,289.668
9/2/2023,18:00,289.71
9/3/2023,0:00,291.358
9/3/2023,6:00,292.21
9/3/2023,12:00,291.878
9/3/2023,18:00,294.043
9/4/2023,0:00,294.776
9/4/2023,6:00,293.607
9/4/2023,12:00,292.645
9/4/2023,18:00,289.633
9/5/2023,0:00,285.769
9/5/2023,6:00,284.529
9/5/2023,12:00,284.239
9/5/2023,18:00,285.201
9/6/2023,0:00,284.611
9/6/2023,6:00,282.034
9/6/2023,12:00,281.94
9/6/2023,18:00,289.446
9/7/2023,0:00,290.824
9/7/2023,6:00,288.724
9/7/2023,12:00,287.915
9/7/2023,18:00,288.721
9/8/2023,0:00,291.208
9/8/2023,6:00,289.636
9/8/2023,12:00,288.937
9/8/2023,18:00,288.832
9/9/2023,0:00,288.85
9/9/2023,6:00,287.368
9/9/2023,12:00,288.35
9/9/2023,18:00,290.563
9/10/2023,0:00,289.877
9/10/2023,6:00,288.678
9/10/2023,12:00,288.802
9/10/2023,18:00,293.842
9/11/2023,0:00,293.068
9/11/2023,6:00,291.937
9/11/2023,12:00,291.131
9/11/2023,18:00,295.026
9/12/2023,0:00,293.483
9/12/2023,6:00,293.118
9/12/2023,12:00,290.951
9/12/2023,18:00,294.8
9/13/2023,0:00,294.154
9/13/2023,6:00,291.267
9/13/2023,12:00,289.575
9/13/2023,18:00,287.1
9/14/2023,0:00,283.538
9/14/2023,6:00,281.211
9/14/2023,12:00,280.331
9/14/2023,18:00,280.849
9/15/2023,0:00,279.253
9/15/2023,6:00,278.424
9/15/2023,12:00,277.793
9/15/2023,18:00,284.349
9/16/2023,0:00,284.28
9/16/2023,6:00,283.985
9/16/2023,12:00,283.4
9/16/2023,18:00,289.525
9/17/2023,0:00,290.097
9/17/2023,6:00,290.084
9/17/2023,12:00,289.683
9/17/2023,18:00,294.941
9/18/2023,0:00,295.005
9/18/2023,6:00,295.371
9/18/2023,12:00,293.756
9/18/2023,18:00,296.942
9/19/2023,0:00,293.095
9/19/2023,6:00,293.012
9/19/2023,12:00,292.202
9/19/2023,18:00,296.466
9/20/2023,0:00,293.703
9/20/2023,6:00,292.022
9/20/2023,12:00,291.48
9/20/2023,18:00,295.819
9/21/2023,0:00,293.106
9/21/2023,6:00,291.965
9/21/2023,12:00,292.03
9/21/2023,18:00,296.986
9/22/2023,0:00,297.076
9/22/2023,6:00,295.401
9/22/2023,12:00,293.937
9/22/2023,18:00,298.63
9/23/2023,0:00,294.458
9/23/2023,6:00,293.387
9/23/2023,12:00,293.6
9/23/2023,18:00,298.488
9/24/2023,0:00,298.489
9/24/2023,6:00,294.879
9/24/2023,12:00,294.61
9/24/2023,18:00,299.349
9/25/2023,0:00,292.759
9/25/2023,6:00,291.171
9/25/2023,12:00,291.006
9/25/2023,18:00,294.855
9/26/2023,0:00,290.532
9/26/2023,6:00,290.348
9/26/2023,12:00,291.073
9/26/2023,18:00,299.602
9/27/2023,0:00,291.641
9/27/2023,6:00,288.83
9/27/2023,12:00,285.161
9/27/2023,18:00,284.929
9/28/2023,0:00,282.921
9/28/2023,6:00,281.434
9/28/2023,12:00,280.577
9/28/2023,18:00,285.844
9/29/2023,0:00,288.666
9/29/2023,6:00,286.255
9/29/2023,12:00,286.161
9/29/2023,18:00,292.381
9/30/2023,0:00,292.339
9/30/2023,6:00,288.13
9/30/2023,12:00,287.785
9/30/2023,18:00,292.321
10/1/2023,0:00,287.979
10/1/2023,6:00,286.766
10/1/2023,12:00,284.162
10/1/2023,18:00,288.558
10/2/2023,0:00,285.958
10/2/2023,6:00,282.863
10/2/2023,12:00,282.135
10/2/2023,18:00,289.254
10/3/2023,0:00,286.975
10/3/2023,6:00,284.779
10/3/2023,12:00,285.151
10/3/2023,18:00,294.062
10/4/2023,0:00,292.824
10/4/2023,6:00,292.593
10/4/2023,12:00,291.936
10/4/2023,18:00,291.701
10/5/2023,0:00,288.438
10/5/2023,6:00,285.403
10/5/2023,12:00,282.841
10/5/2023,18:00,288.401
10/6/2023,0:00,287.3
10/6/2023,6:00,286.592
10/6/2023,12:00,288.082
10/6/2023,18:00,289.517
10/7/2023,0:00,290.814
10/7/2023,6:00,291.011
10/7/2023,12:00,291.012
10/7/2023,18:00,289.86
10/8/2023,0:00,289.233
10/8/2023,6:00,288.14
10/8/2023,12:00,286.431
10/8/2023,18:00,287.448
10/9/2023,0:00,287.004
10/9/2023,6:00,286.818
10/9/2023,12:00,287.022
10/9/2023,18:00,291.028
10/10/2023,0:00,288.102
10/10/2023,6:00,286.513
10/10/2023,12:00,286.171
10/10/2023,18:00,292.671
10/11/2023,0:00,292.358
10/11/2023,6:00,292.132
10/11/2023,12:00,291.532
10/11/2023,18:00,292.224
10/12/2023,0:00,293.1
10/12/2023,6:00,287.26
10/12/2023,12:00,283.425
10/12/2023,18:00,283.397
10/13/2023,0:00,283.57
10/13/2023,6:00,281.382
10/13/2023,12:00,280.626
10/13/2023,18:00,285.569
10/14/2023,0:00,285.272
10/14/2023,6:00,282.86
10/14/2023,12:00,282.84
10/14/2023,18:00,289.823
10/15/2023,0:00,291.546
10/15/2023,6:00,289.26
10/15/2023,12:00,288.999
10/15/2023,18:00,293.8
10/16/2023,0:00,293.7
10/16/2023,6:00,293.135
10/16/2023,12:00,292.974
10/16/2023,18:00,295.876
10/17/2023,0:00,292.726
10/17/2023,6:00,292.045
10/17/2023,12:00,291.565
10/17/2023,18:00,291.134
10/18/2023,0:00,290.801
10/18/2023,6:00,289.008
10/18/2023,12:00,288.001
10/18/2023,18:00,290.169
10/19/2023,0:00,288.108
10/19/2023,6:00,288.299
10/19/2023,12:00,289.865
10/19/2023,18:00,292.151
10/20/2023,0:00,293.034
10/20/2023,6:00,291.079
10/20/2023,12:00,291.759
10/20/2023,18:00,292.794
10/21/2023,0:00,292.588
10/21/2023,6:00,291.231
10/21/2023,12:00,291.082
10/21/2023,18:00,297.048
10/22/2023,0:00,295.697
10/22/2023,6:00,294.196
10/22/2023,12:00,292.811
10/22/2023,18:00,297.158
10/23/2023,0:00,296.468
10/23/2023,6:00,294.956
10/23/2023,12:00,293.572
10/23/2023,18:00,298.1
10/24/2023,0:00,294.101
10/24/2023,6:00,292.425
10/24/2023,12:00,292.003
10/24/2023,18:00,293.703
10/25/2023,0:00,292.358
10/25/2023,6:00,290.358
10/25/2023,12:00,289.151
10/25/2023,18:00,292.874
10/26/2023,0:00,289.159
10/26/2023,6:00,288.66
10/26/2023,12:00,287.311
10/26/2023,18:00,291.116
10/27/2023,0:00,289.089
10/27/2023,6:00,287.468
10/27/2023,12:00,287.237
10/27/2023,18:00,295.639
10/28/2023,0:00,293.496
10/28/2023,6:00,292.172
10/28/2023,12:00,290.614
10/28/2023,18:00,291.876
10/29/2023,0:00,289.331
10/29/2023,6:00,288.774
10/29/2023,12:00,289.218
10/29/2023,18:00,295.101
10/30/2023,0:00,294.236
10/30/2023,6:00,292.831
10/30/2023,12:00,292.384
10/30/2023,18:00,293.813
10/31/2023,0:00,291.846
10/31/2023,6:00,290.869
10/31/2023,12:00,290.477
10/31/2023,18:00,293.091
11/1/2023,0:00,290.385
11/1/2023,6:00,289.338
11/1/2023,12:00,288.601
11/1/2023,18:00,294.602
11/2/2023,0:00,291.095
11/2/2023,6:00,290.813
11/2/2023,12:00,292.13
11/2/2023,18:00,291.756
11/3/2023,0:00,290.752
11/3/2023,6:00,292.317
11/3/2023,12:00,289.004
11/3/2023,18:00,286.132
11/4/2023,0:00,283.673
11/4/2023,6:00,283.097
11/4/2023,12:00,283.074
11/4/2023,18:00,285.636
11/5/2023,0:00,284.87
11/5/2023,6:00,282.363
11/5/2023,12:00,281.203
11/5/2023,18:00,288.39
11/6/2023,0:00,288.922
11/6/2023,6:00,287.053
11/6/2023,12:00,287.33
11/6/2023,18:00,294.958
11/7/2023,0:00,293.168
11/7/2023,6:00,291.236
11/7/2023,12:00,290.783
11/7/2023,18:00,296.24
11/8/2023,0:00,294.548
11/8/2023,6:00,292.304
11/8/2023,12:00,291.513
11/8/2023,18:00,297.942
11/9/2023,0:00,296.842
11/9/2023,6:00,295.775
11/9/2023,12:00,293.849
11/9/2023,18:00,294.024
11/10/2023,0:00,293.703
11/10/2023,6:00,292.002
11/10/2023,12:00,291.422
11/10/2023,18:00,296.741
11/11/2023,0:00,297.492
11/11/2023,6:00,296.747
11/11/2023,12:00,296.245
11/11/2023,18:00,300.461
11/12/2023,0:00,299.978
11/12/2023,6:00,295.731
11/12/2023,12:00,297.369
11/12/2023,18:00,300.792
11/13/2023,0:00,297.46
11/13/2023,6:00,296.606
11/13/2023,12:00,296.197
11/13/2023,18:00,295.87
11/14/2023,0:00,293.432
11/14/2023,6:00,292.199
11/14/2023,12:00,292.018
11/14/2023,18:00,291.808
11/15/2023,0:00,291.707
11/15/2023,6:00,291.795
11/15/2023,12:00,291.031
11/15/2023,18:00,295.21
11/16/2023,0:00,297.016
11/16/2023,6:00,293.851
11/16/2023,12:00,292.142
11/16/2023,18:00,297.08
11/17/2023,0:00,293.704
11/17/2023,6:00,293.498
11/17/2023,12:00,293.102
11/17/2023,18:00,295.156
11/18/2023,0:00,294.921
11/18/2023,6:00,292.188
11/18/2023,12:00,289.992
11/18/2023,18:00,289.496
11/19/2023,0:00,288.797
11/19/2023,6:00,287.761
11/19/2023,12:00,287.429
11/19/2023,18:00,293.634
11/20/2023,0:00,290.924
11/20/2023,6:00,289.107
11/20/2023,12:00,288.829
11/20/2023,18:00,295.222
11/21/2023,0:00,294.422
11/21/2023,6:00,292.725
11/21/2023,12:00,292.202
11/21/2023,18:00,297.445
11/22/2023,0:00,296.991
11/22/2023,6:00,295.404
11/22/2023,12:00,293.875
11/22/2023,18:00,295.632
11/23/2023,0:00,294.667
11/23/2023,6:00,291.86
11/23/2023,12:00,291.655
11/23/2023,18:00,293.252
11/24/2023,0:00,292.211
11/24/2023,6:00,289.594
11/24/2023,12:00,287.951
11/24/2023,18:00,292.621
11/25/2023,0:00,290.651
11/25/2023,6:00,287.552
11/25/2023,12:00,286.418
11/25/2023,18:00,292.183
11/26/2023,0:00,293.505
11/26/2023,6:00,290.543
11/26/2023,12:00,290.489
11/26/2023,18:00,294.765
11/27/2023,0:00,294.732
11/27/2023,6:00,293.142
11/27/2023,12:00,292.693
11/27/2023,18:00,292.272
11/28/2023,0:00,290.684
11/28/2023,6:00,291.387
11/28/2023,12:00,291.531
11/28/2023,18:00,292.919
11/29/2023,0:00,293.506
11/29/2023,6:00,292.492
11/29/2023,12:00,292.22
11/29/2023,18:00,294.875
11/30/2023,0:00,296.258
11/30/2023,6:00,293.597
11/30/2023,12:00,293.327
11/30/2023,18:00,299.837
12/1/2023,0:00,297.11
12/1/2023,6:00,294.97
12/1/2023,12:00,294.595
12/1/2023,18:00,300.574
12/2/2023,0:00,298.771
12/2/2023,6:00,296.954
12/2/2023,12:00,296.063
12/2/2023,18:00,296.083
12/3/2023,0:00,293.05
12/3/2023,6:00,293.398
12/3/2023,12:00,293.283
12/3/2023,18:00,298.808
12/4/2023,0:00,295.162
12/4/2023,6:00,293.419
12/4/2023,12:00,292.081
12/4/2023,18:00,291.66
12/5/2023,0:00,290.961
12/5/2023,6:00,290.289
12/5/2023,12:00,290.463
12/5/2023,18:00,296.608
12/6/2023,0:00,294.461
12/6/2023,6:00,294.139
12/6/2023,12:00,293.74
12/6/2023,18:00,295.641
12/7/2023,0:00,295.293
12/7/2023,6:00,294.507
12/7/2023,12:00,293.856
12/7/2023,18:00,293.447
12/8/2023,0:00,293.227
12/8/2023,6:00,291.635
12/8/2023,12:00,290.371
12/8/2023,18:00,292.583
12/9/2023,0:00,290.484
12/9/2023,6:00,286.651
12/9/2023,12:00,286.231
12/9/2023,18:00,293.511
12/10/2023,0:00,293.752
12/10/2023,6:00,291.58
12/10/2023,12:00,291.771
12/10/2023,18:00,292.482
12/11/2023,0:00,290.833
12/11/2023,6:00,289.371
12/11/2023,12:00,289.055
12/11/2023,18:00,295.087
12/12/2023,0:00,293.913
12/12/2023,6:00,291.183
12/12/2023,12:00,290.825
12/12/2023,18:00,296.829
12/13/2023,0:00,295.572
12/13/2023,6:00,293.648
12/13/2023,12:00,292.972
12/13/2023,18:00,297.505
12/14/2023,0:00,295.964
12/14/2023,6:00,295.689
12/14/2023,12:00,295.423
12/14/2023,18:00,300.752
12/15/2023,0:00,295.14
12/15/2023,6:00,294.042
12/15/2023,12:00,294.818
12/15/2023,18:00,301.018
12/16/2023,0:00,294.131
12/16/2023,6:00,294.081
12/16/2023,12:00,294.342
12/16/2023,18:00,301.633
12/17/2023,0:00,300.712
12/17/2023,6:00,295.801
12/17/2023,12:00,295.298
12/17/2023,18:00,301.364
12/18/2023,0:00,294.93
12/18/2023,6:00,295.047
12/18/2023,12:00,294.852
12/18/2023,18:00,301.737
12/19/2023,0:00,293.054
12/19/2023,6:00,290.939
12/19/2023,12:00,293.413
12/19/2023,18:00,297.735
12/20/2023,0:00,292.73
12/20/2023,6:00,292.643
12/20/2023,12:00,292.731
12/20/2023,18:00,297.194
12/21/2023,0:00,293.477
12/21/2023,6:00,293.471
12/21/2023,12:00,292.81
12/21/2023,18:00,297.297
12/22/2023,0:00,295.83
12/22/2023,6:00,294.624
12/22/2023,12:00,294.143
12/22/2023,18:00,298.644
12/23/2023,0:00,293.728
12/23/2023,6:00,292.226
12/23/2023,12:00,292.087
12/23/2023,18:00,297.979
12/24/2023,0:00,295.498
12/24/2023,6:00,293.256
12/24/2023,12:00,292.896
12/24/2023,18:00,297.805
12/25/2023,0:00,295.955
12/25/2023,6:00,292.645
12/25/2023,12:00,293.648
12/25/2023,18:00,295.397
12/26/2023,0:00,293.796
12/26/2023,6:00,290.013
12/26/2023,18:00,292.71
12/27/2023,0:00,289.701
12/27/2023,6:00,286.722
12/27/2023,12:00,285.5
12/27/2023,18:00,292.435
12/28/2023,0:00,291.647
12/28/2023,6:00,289.887
12/28/2023,12:00,289.351
12/28/2023,18:00,296.582
12/29/2023,0:00,297.152
12/29/2023,6:00,295.181
12/29/2023,12:00,294.192
12/29/2023,18:00,292.324
12/30/2023,0:00,291.372
12/30/2023,6:00,291.171
12/30/2023,12:00,290.6
12/30/2023,18:00,293.8
12/31/2023,0:00,291.507
12/31/2023,6:00,289.054
12/31/2023,12:00,288.052
12/31/2023,18:00,293.702
1/1/2024,0:00,293.297
1/1/2024,6:00,289.699
1/1/2024,12:00,290.124
1/1/2024,18:00,296.92
1/2/2024,0:00,294.749
1/2/2024,6:00,292.659
1/2/2024,12:00,291.893
1/2/2024,18:00,296.354
1/3/2024,0:00,294.395
1/3/2024,6:00,291.857
1/3/2024,12:00,291.559
1/3/2024,18:00,296.739
1/4/2024,0:00,293.078
1/4/2024,6:00,291.076
1/4/2024,12:00,290.552
1/4/2024,18:00,296.509
1/5/2024,0:00,293.146
1/5/2024,6:00,290.287
1/5/2024,12:00,289.824
1/5/2024,18:00,296.863
1/6/2024,0:00,294.313
1/6/2024,6:00,292.171
1/6/2024,12:00,291.441
1/6/2024,18:00,297.368
1/7/2024,0:00,296.445
1/7/2024,6:00,294.316
1/7/2024,12:00,293.477
1/7/2024,18:00,299.538
1/8/2024,0:00,297.578
1/8/2024,6:00,296.578
1/8/2024,12:00,295.186
1/8/2024,18:00,298.994
1/9/2024,0:00,296.188
1/9/2024,6:00,293.749
1/9/2024,12:00,293.57
1/9/2024,18:00,299.076
1/10/2024,0:00,297.627
1/10/2024,6:00,294.458
1/10/2024,12:00,293.876
1/10/2024,18:00,294.5
1/11/2024,0:00,295.016
1/11/2024,6:00,294.047
1/11/2024,12:00,293.881
1/11/2024,18:00,294.317
1/12/2024,0:00,294.319
1/12/2024,6:00,292.272
1/12/2024,12:00,291.674
1/12/2024,18:00,295.302
1/13/2024,0:00,293.468
1/13/2024,6:00,289.792
1/13/2024,12:00,289.637
1/13/2024,18:00,296.882
1/14/2024,0:00,296.286
1/14/2024,6:00,295.246
1/14/2024,12:00,294.518
1/14/2024,18:00,299.545
1/15/2024,0:00,298.71
1/15/2024,6:00,293.313
1/15/2024,12:00,292.453
1/15/2024,18:00,298.306
1/16/2024,0:00,297.725
1/16/2024,6:00,296.026
1/16/2024,12:00,294.826
1/16/2024,18:00,299.42
1/17/2024,0:00,298.815
1/17/2024,6:00,293.039
1/17/2024,12:00,293.861
1/17/2024,18:00,293.089
1/18/2024,0:00,295.476
1/18/2024,6:00,293.623
1/18/2024,12:00,293.291
1/18/2024,18:00,295.489
1/19/2024,0:00,295.936
1/19/2024,6:00,294.852
1/19/2024,12:00,294.498
1/19/2024,18:00,298.196
1/20/2024,0:00,295.96
1/20/2024,6:00,294.362
1/20/2024,12:00,293.548
1/20/2024,18:00,297.381
1/21/2024,0:00,293.82
1/21/2024,6:00,291.305
1/21/2024,12:00,290.269
1/21/2024,18:00,293.629
1/22/2024,0:00,292.632
1/22/2024,6:00,289.331
1/22/2024,12:00,288.793
1/22/2024,18:00,293.766
1/23/2024,0:00,292.185
1/23/2024,6:00,290.523
1/23/2024,12:00,289.448
1/23/2024,18:00,293.805
1/24/2024,0:00,290.488
1/24/2024,6:00,287.977
1/24/2024,12:00,287.893
1/24/2024,18:00,292.715
1/25/2024,0:00,290.406
1/25/2024,6:00,287.624
1/25/2024,12:00,287.155
1/25/2024,18:00,292.015
1/26/2024,0:00,290.664
1/26/2024,6:00,287.387
1/26/2024,12:00,285.86
1/26/2024,18:00,291.665
1/27/2024,0:00,289.327
1/27/2024,6:00,287.486
1/27/2024,12:00,287.088
1/27/2024,18:00,292.067
1/28/2024,0:00,290.332
1/28/2024,6:00,288.238
1/28/2024,12:00,287.61
1/28/2024,18:00,294.14
1/29/2024,0:00,290.912
1/29/2024,6:00,289.175
1/29/2024,12:00,289.062
1/29/2024,18:00,294.867
1/30/2024,0:00,292.599
1/30/2024,6:00,290.523
1/30/2024,12:00,289.834
1/30/2024,18:00,295.832
1/31/2024,0:00,293.735
1/31/2024,6:00,291.06
1/31/2024,12:00,289.295
1/31/2024,18:00,295.755
2/1/2024,0:00,292.815
2/1/2024,6:00,290.962
2/1/2024,12:00,290.472
2/1/2024,18:00,296.079
2/2/2024,0:00,293.936
2/2/2024,6:00,291.304
2/2/2024,12:00,291.04
2/2/2024,18:00,297.305
2/3/2024,0:00,295.292
2/3/2024,6:00,292.752
2/3/2024,12:00,292.479
2/3/2024,18:00,297.302
2/4/2024,0:00,295.912
2/4/2024,6:00,294.536
2/4/2024,12:00,293.301
2/4/2024,18:00,298.905
2/5/2024,0:00,294.976
2/5/2024,6:00,291.307
2/5/2024,12:00,291.998
2/5/2024,18:00,297.345
2/6/2024,0:00,296.834
2/6/2024,6:00,293.956
2/6/2024,12:00,293.249
2/6/2024,18:00,297.662
2/7/2024,0:00,296.196
2/7/2024,6:00,293.436
2/7/2024,12:00,293.045
2/7/2024,18:00,298.789
2/8/2024,0:00,294.751
2/8/2024,6:00,291.906
2/8/2024,12:00,292.198
2/8/2024,18:00,297.508
2/9/2024,0:00,296.947
2/9/2024,6:00,293.933
2/9/2024,12:00,293.709
2/9/2024,18:00,298.731
2/10/2024,0:00,293.651
2/10/2024,6:00,294.289
2/10/2024,12:00,293.81
2/10/2024,18:00,299.022
2/11/2024,0:00,294.75
2/11/2024,6:00,294.643
2/11/2024,12:00,294.758
2/11/2024,18:00,299.463
2/12/2024,0:00,297.849
2/12/2024,6:00,296.22
2/12/2024,12:00,295.446
2/12/2024,18:00,300.107
2/13/2024,0:00,300.386
2/13/2024,6:00,293.517
2/13/2024,12:00,292.781
2/13/2024,18:00,294.867
2/14/2024,0:00,292.505
2/14/2024,6:00,290.187
2/14/2024,12:00,290.092
2/14/2024,18:00,291.465
2/15/2024,0:00,292.69
2/15/2024,6:00,289.578
2/15/2024,12:00,289.866
2/15/2024,18:00,293.172
2/16/2024,0:00,292.696
2/16/2024,6:00,292.199
2/16/2024,12:00,292.746
2/16/2024,18:00,294.024
2/17/2024,0:00,292.297
2/17/2024,6:00,291.838
2/17/2024,12:00,292.696
2/17/2024,18:00,297.33
2/18/2024,0:00,293.147
2/18/2024,6:00,292.201
2/18/2024,12:00,291.441
2/18/2024,18:00,297.28
2/19/2024,0:00,294.217
2/19/2024,6:00,292.541
2/19/2024,12:00,291.778
2/19/2024,18:00,295.833
2/20/2024,0:00,292.124
2/20/2024,6:00,291.092
2/20/2024,12:00,291.153
2/20/2024,18:00,293.174
2/21/2024,0:00,293.02
2/21/2024,6:00,290.201
2/21/2024,12:00,289.575
2/21/2024,18:00,295.541
2/22/2024,0:00,293.988
2/22/2024,6:00,291.292
2/22/2024,12:00,290.6
2/22/2024,18:00,296.947
2/23/2024,0:00,294.893
2/23/2024,6:00,293.778
2/23/2024,12:00,292.975
2/23/2024,18:00,298.686
2/24/2024,0:00,293.221
2/24/2024,6:00,292.579
2/24/2024,12:00,292.684
2/24/2024,18:00,298.493
2/25/2024,0:00,296.895
2/25/2024,6:00,294.419
2/25/2024,12:00,292.093
2/25/2024,18:00,297.78
2/26/2024,0:00,295.811
2/26/2024,6:00,294.598
2/26/2024,12:00,293.838
2/26/2024,18:00,295.364
2/27/2024,0:00,295.211
2/27/2024,6:00,294.091
2/27/2024,12:00,293.581
2/27/2024,18:00,294.795
2/28/2024,0:00,295.619
2/28/2024,6:00,294.531
2/28/2024,12:00,293.918
2/28/2024,18:00,296.918
2/29/2024,0:00,294.795
2/29/2024,6:00,294.257
2/29/2024,12:00,293.527
2/29/2024,18:00,295.783
3/1/2024,0:00,294.684
3/1/2024,6:00,292.788
3/1/2024,12:00,292.081
3/1/2024,18:00,296.492
3/2/2024,0:00,295.773
3/2/2024,6:00,292.517
3/2/2024,12:00,291.79
3/2/2024,18:00,297.704
3/3/2024,0:00,296.742
3/3/2024,6:00,295.395
3/3/2024,12:00,294.899
3/3/2024,18:00,298.668
3/4/2024,0:00,295.153
3/4/2024,6:00,292.764
3/4/2024,12:00,292.151
3/4/2024,18:00,292.607
3/5/2024,0:00,291.342
3/5/2024,6:00,290.241
3/5/2024,12:00,288.648
3/5/2024,18:00,291.296
3/6/2024,0:00,290.699
3/6/2024,6:00,287.464
3/6/2024,12:00,286.411
3/6/2024,18:00,292.16
3/7/2024,0:00,291.654
3/7/2024,6:00,290.34
3/7/2024,12:00,290.712
3/7/2024,18:00,297.336
3/8/2024,0:00,293.596
3/8/2024,6:00,292.237
3/8/2024,12:00,293.267
3/8/2024,18:00,294.539
3/9/2024,0:00,294.089
3/9/2024,6:00,294.272
3/9/2024,12:00,293.956
3/9/2024,18:00,298.169
3/10/2024,0:00,296.827
3/10/2024,6:00,294.44
3/10/2024,12:00,294.082
3/10/2024,18:00,297.067
3/11/2024,0:00,295.2
3/11/2024,6:00,292.131
3/11/2024,12:00,289.937
3/11/2024,18:00,294.993
3/12/2024,0:00,294.293
3/12/2024,6:00,292.076
3/12/2024,12:00,291.84
3/12/2024,18:00,297.025
3/13/2024,0:00,296.015
3/13/2024,6:00,293.959
3/13/2024,12:00,292.549
3/13/2024,18:00,298.363
3/14/2024,0:00,297.097
3/14/2024,6:00,295.035
3/14/2024,12:00,293.43
3/14/2024,18:00,298.207
3/15/2024,0:00,298.779
3/15/2024,6:00,297.152
3/15/2024,12:00,295.783
3/15/2024,18:00,297.438
3/16/2024,0:00,297.307
3/16/2024,6:00,294.669
3/16/2024,12:00,294.593
3/16/2024,18:00,297.357
3/17/2024,0:00,295.327
3/17/2024,6:00,293.584
3/17/2024,12:00,293.81
3/17/2024,18:00,297.506
3/18/2024,0:00,296.614
3/18/2024,6:00,294.1
3/18/2024,12:00,293.041
3/18/2024,18:00,297.584
3/19/2024,0:00,297.267
3/19/2024,6:00,295.873
3/19/2024,12:00,294.433
3/19/2024,18:00,296.872
3/20/2024,0:00,297.316
3/20/2024,6:00,295.113
3/20/2024,12:00,294.418
3/20/2024,18:00,299.481
3/21/2024,0:00,298.749
3/21/2024,6:00,298.15
3/21/2024,12:00,291.462
3/21/2024,18:00,290.981
3/22/2024,0:00,291.1
3/22/2024,6:00,288.237
3/22/2024,12:00,286.332
3/22/2024,18:00,290.202
3/23/2024,0:00,290.056
3/23/2024,6:00,287.41
3/23/2024,12:00,287.429
3/23/2024,18:00,291.471
3/24/2024,0:00,291.135
3/24/2024,6:00,290.213
3/24/2024,12:00,288.66
3/24/2024,18:00,293.55
3/25/2024,0:00,292.983
3/25/2024,6:00,289.931
3/25/2024,12:00,288.886
3/25/2024,18:00,294.458
3/26/2024,0:00,292.183
3/26/2024,6:00,289.277
3/26/2024,12:00,287.724
3/26/2024,18:00,292.8
3/27/2024,0:00,291.396
3/27/2024,6:00,289.423
3/27/2024,12:00,289.272
3/27/2024,18:00,295.313
3/28/2024,0:00,294.503
3/28/2024,6:00,292.895
3/28/2024,12:00,291.746
3/28/2024,18:00,296.794
3/29/2024,0:00,294.833
3/29/2024,6:00,292.608
3/29/2024,12:00,292.248
3/29/2024,18:00,296.611
3/30/2024,0:00,291.199
3/30/2024,6:00,291.13
3/30/2024,12:00,291.7
3/30/2024,18:00,297.113
3/31/2024,0:00,295.476
3/31/2024,6:00,293.006
3/31/2024,12:00,292.442
3/31/2024,18:00,297.4
4/1/2024,0:00,294.646
4/1/2024,6:00,291.924
4/1/2024,12:00,291.625
4/1/2024,18:00,297.519
4/2/2024,0:00,296.1
4/2/2024,6:00,293.3
4/2/2024,12:00,291.5
4/2/2024,18:00,296.894
4/3/2024,0:00,294.049
4/3/2024,6:00,292.183
4/3/2024,12:00,291.8
4/3/2024,18:00,298.35
4/4/2024,0:00,297.572
4/4/2024,6:00,296.829
4/4/2024,12:00,294.844
4/4/2024,18:00,299.83
4/5/2024,0:00,295.109
4/5/2024,6:00,293.212
4/5/2024,12:00,292.015
4/5/2024,18:00,296.356
4/6/2024,0:00,292.5
4/6/2024,6:00,290.859
4/6/2024,12:00,290.281
4/6/2024,18:00,295.1
4/7/2024,0:00,296.526
4/7/2024,6:00,293.615
4/7/2024,12:00,293.018
4/7/2024,18:00,292.792
4/8/2024,0:00,293.091
4/8/2024,6:00,291.956
4/8/2024,12:00,291.166
4/8/2024,18:00,294.067
4/9/2024,0:00,295.067
4/9/2024,6:00,292.917
4/9/2024,12:00,292.156
4/9/2024,18:00,296.595
4/10/2024,0:00,293.403
4/10/2024,6:00,292.299
4/10/2024,12:00,291.654
4/10/2024,18:00,296.273
4/11/2024,0:00,293.302
4/11/2024,6:00,292
4/11/2024,12:00,290.566
4/11/2024,18:00,291.461
4/12/2024,0:00,291.808
4/12/2024,6:00,291.3
4/12/2024,12:00,292.094
4/12/2024,18:00,293.733
4/13/2024,0:00,293.739
4/13/2024,6:00,293.457
4/13/2024,12:00,293.489
4/13/2024,18:00,295.869
4/14/2024,0:00,295.6
4/14/2024,6:00,293.821
4/14/2024,12:00,293.48
4/14/2024,18:00,296.128
4/15/2024,0:00,294.297
4/15/2024,6:00,294.397
4/15/2024,12:00,293.962
4/15/2024,18:00,295.496
4/16/2024,0:00,295.411
4/16/2024,6:00,294.403
4/16/2024,12:00,293.805
4/16/2024,18:00,292.036
4/17/2024,0:00,290.969
4/17/2024,6:00,287.206
4/17/2024,12:00,284.904
4/17/2024,18:00,287.318
4/18/2024,0:00,286.382
4/18/2024,6:00,284.799
4/18/2024,12:00,284.194
4/18/2024,18:00,288.956
4/19/2024,0:00,288.002
4/19/2024,6:00,286.29
4/19/2024,12:00,285.424
4/19/2024,18:00,289.948
4/20/2024,0:00,288.634
4/20/2024,6:00,287.011
4/20/2024,12:00,285.95
4/20/2024,18:00,290.553
4/21/2024,0:00,290.099
4/21/2024,6:00,288.509
4/21/2024,12:00,287.037
4/21/2024,18:00,292.138
4/22/2024,0:00,291.443
4/22/2024,6:00,290.584
4/22/2024,12:00,289.829
4/22/2024,18:00,293.839
4/23/2024,0:00,291.757
4/23/2024,6:00,291.565
4/23/2024,12:00,291.651
4/23/2024,18:00,294.645
4/24/2024,0:00,294.56
4/24/2024,6:00,292.4
4/24/2024,12:00,292.504
4/24/2024,18:00,294.342
4/25/2024,0:00,292.955
4/25/2024,6:00,292.356
4/25/2024,12:00,292.255
4/25/2024,18:00,293.528
4/26/2024,0:00,294.442
4/26/2024,6:00,294
4/26/2024,12:00,293.366
4/26/2024,18:00,296.344
4/27/2024,0:00,295.83
4/27/2024,6:00,294.893
4/27/2024,12:00,293.839
4/27/2024,18:00,296.803
4/28/2024,0:00,296.504
4/28/2024,6:00,293.149
4/28/2024,12:00,292.471
4/28/2024,18:00,294.002
4/29/2024,0:00,292.877
4/29/2024,6:00,292.8
4/29/2024,12:00,293.466
4/29/2024,18:00,296.775
4/30/2024,0:00,296.9
4/30/2024,6:00,295.719
4/30/2024,12:00,294.956
4/30/2024,18:00,296.917
5/1/2024,0:00,296.828
5/1/2024,6:00,295.6
5/1/2024,12:00,295.134
5/1/2024,18:00,296.271
5/2/2024,0:00,296.667
5/2/2024,6:00,295.807
5/2/2024,12:00,294.546
5/2/2024,18:00,292.167
5/3/2024,0:00,291.884
5/3/2024,6:00,290.951
5/3/2024,12:00,290.243
5/3/2024,18:00,291.243
5/4/2024,0:00,292.165
5/4/2024,6:00,292.7
5/4/2024,12:00,292.044
5/4/2024,18:00,292.444
5/5/2024,0:00,292.588
5/5/2024,6:00,293.034
5/5/2024,12:00,293.415
5/5/2024,18:00,294.944
5/6/2024,0:00,295.117
5/6/2024,6:00,294.258
5/6/2024,12:00,292.781
5/6/2024,18:00,294.466
5/7/2024,0:00,293.62
5/7/2024,6:00,293.556
5/7/2024,12:00,292.723
5/7/2024,18:00,294.933
5/8/2024,0:00,295.252
5/8/2024,6:00,294.809
5/8/2024,12:00,293.731
5/8/2024,18:00,293.669
5/9/2024,0:00,292.408
5/9/2024,6:00,289.06
5/9/2024,12:00,285.884
5/9/2024,18:00,287.355
5/10/2024,0:00,290.162
5/10/2024,6:00,289.444
5/10/2024,12:00,290.482
5/10/2024,18:00,292.401
5/11/2024,0:00,292.594
5/11/2024,6:00,292.03
5/11/2024,12:00,291.301
5/11/2024,18:00,293.115
5/12/2024,0:00,292.003
5/12/2024,6:00,292.025
5/12/2024,12:00,292.626
5/12/2024,18:00,293.55
5/13/2024,0:00,291.863
5/13/2024,6:00,288.855
5/13/2024,12:00,287.577
5/13/2024,18:00,286.016
5/14/2024,0:00,284.235
5/14/2024,6:00,283.532
5/14/2024,12:00,281.29
5/14/2024,18:00,281.7
5/15/2024,0:00,280.99
5/15/2024,6:00,280.043
5/15/2024,12:00,279.7
5/15/2024,18:00,281.694
5/16/2024,0:00,283.031
5/16/2024,6:00,283.135
5/16/2024,12:00,285.738
5/16/2024,18:00,286.161
5/17/2024,0:00,285.925
5/17/2024,6:00,285.901
5/17/2024,12:00,285.203
5/17/2024,18:00,285.6
5/18/2024,0:00,284.591
5/18/2024,6:00,284.201
5/18/2024,12:00,283.4
5/18/2024,18:00,283.362
5/19/2024,0:00,283.785
5/19/2024,6:00,282.791
5/19/2024,12:00,281.728
5/19/2024,18:00,283.959
5/20/2024,0:00,284.691
5/20/2024,6:00,281.326
5/20/2024,18:00,283.421
5/21/2024,0:00,284.012
5/21/2024,6:00,283.601
5/21/2024,12:00,284.7
5/21/2024,18:00,289.009
5/22/2024,0:00,291.334
5/22/2024,6:00,291.528
5/22/2024,12:00,290.177
5/22/2024,18:00,293.558
5/23/2024,0:00,293.558
5/23/2024,6:00,292.152
5/23/2024,12:00,291.73
5/23/2024,18:00,293.468
5/24/2024,0:00,290.366
5/24/2024,6:00,289.135
5/24/2024,12:00,287.296
5/24/2024,18:00,284.532
5/25/2024,0:00,281.268
5/25/2024,6:00,280.404
5/25/2024,12:00,277.726
5/25/2024,18:00,278.71
5/26/2024,0:00,280.811
5/26/2024,6:00,278.048
5/26/2024,12:00,277.824
5/26/2024,18:00,280.391
5/27/2024,0:00,284.416
5/27/2024,6:00,284.77
5/27/2024,12:00,284.768
5/27/2024,18:00,283.82
5/28/2024,0:00,281.657
5/28/2024,6:00,279.843
5/28/2024,12:00,277.386
5/28/2024,18:00,278.648
5/29/2024,6:00,281.684
5/29/2024,12:00,282.329
5/29/2024,18:00,284.134
5/30/2024,0:00,283.197
5/30/2024,6:00,281.019
5/30/2024,12:00,280.348
5/30/2024,18:00,283.451
5/31/2024,0:00,284.182
5/31/2024,6:00,282.703
5/31/2024,12:00,282.101
5/31/2024,18:00,285.259
6/1/2024,0:00,285.77
6/1/2024,6:00,284.711
6/1/2024,12:00,283.624
6/1/2024,18:00,286.4
6/2/2024,0:00,287.062
6/2/2024,6:00,286.409
6/2/2024,12:00,285.502
6/2/2024,18:00,288.74
6/3/2024,0:00,290.068
6/3/2024,6:00,289.027
6/3/2024,12:00,288.643
6/3/2024,18:00,285.792
6/4/2024,0:00,282.735
6/4/2024,6:00,280.793
6/4/2024,12:00,280.28
6/4/2024,18:00,284.042
6/5/2024,0:00,288.717
6/5/2024,6:00,288.782
6/5/2024,12:00,288.928
6/5/2024,18:00,291.706
6/6/2024,0:00,291.442
6/6/2024,6:00,289.667
6/6/2024,12:00,288.973
6/6/2024,18:00,291.491
6/7/2024,0:00,290.989
6/7/2024,6:00,289.915
6/7/2024,12:00,289.255
6/7/2024,18:00,291.763
6/8/2024,0:00,291.333
6/8/2024,6:00,290.365
6/8/2024,12:00,289.25
6/8/2024,18:00,291.7
6/9/2024,0:00,291.527
6/9/2024,6:00,290.64
6/9/2024,12:00,289.402
6/9/2024,18:00,291.706
6/10/2024,0:00,292.029
6/10/2024,6:00,290.888
6/10/2024,12:00,290.106
6/10/2024,18:00,292.861
6/11/2024,0:00,293.111
6/11/2024,6:00,291.609
6/11/2024,12:00,290.618
6/11/2024,18:00,292.828
6/12/2024,0:00,292.5
6/12/2024,6:00,291.109
6/12/2024,12:00,290.122
6/12/2024,18:00,292.453
6/13/2024,0:00,291.652
6/13/2024,6:00,290
6/13/2024,12:00,289.185
6/13/2024,18:00,291.421
6/14/2024,0:00,292.623
6/14/2024,6:00,290.749
6/14/2024,12:00,290.081
6/14/2024,18:00,291.825
6/15/2024,0:00,293.224
6/15/2024,6:00,293.136
6/15/2024,12:00,293.158
6/15/2024,18:00,292.552
6/16/2024,0:00,291.676
6/16/2024,6:00,290.649
6/16/2024,12:00,289.733
6/16/2024,18:00,290.552
6/17/2024,0:00,289.768
6/17/2024,6:00,290.8
6/17/2024,12:00,291.028
6/17/2024,18:00,291.601
6/18/2024,0:00,290.027
6/18/2024,6:00,290.901
6/18/2024,12:00,290.299
6/18/2024,18:00,290.744
6/19/2024,0:00,291.618
6/19/2024,6:00,289.235
6/19/2024,12:00,289.807
6/19/2024,18:00,291.209
6/20/2024,0:00,291.705
6/20/2024,6:00,289.497
6/20/2024,12:00,290.013
6/20/2024,18:00,290.923
6/21/2024,0:00,291.763
6/21/2024,6:00,289.907
6/21/2024,12:00,290.4
6/21/2024,18:00,291.221
6/22/2024,0:00,290.602
6/22/2024,6:00,289.892
6/22/2024,12:00,288.837
6/22/2024,18:00,290.796
6/23/2024,0:00,292.1
6/23/2024,6:00,291.712
6/23/2024,12:00,291.591
6/23/2024,18:00,292.424
6/24/2024,0:00,291.917
6/24/2024,6:00,289.917
6/24/2024,12:00,286.931
6/24/2024,18:00,285.508
6/25/2024,0:00,284.387
6/25/2024,6:00,281.376
6/25/2024,12:00,281.266
6/25/2024,18:00,281.606
6/26/2024,0:00,282.733
6/26/2024,6:00,282.967
6/26/2024,12:00,282.359
6/26/2024,18:00,281.882
6/27/2024,0:00,282.188
6/27/2024,6:00,279.545
6/27/2024,12:00,278.8
6/27/2024,18:00,281.6
6/28/2024,0:00,283.366
6/28/2024,6:00,283.044
6/28/2024,12:00,283.248
6/28/2024,18:00,284.569
6/29/2024,0:00,284.761
6/29/2024,6:00,280.231
6/29/2024,12:00,277.885
6/29/2024,18:00,278.944
6/30/2024,0:00,276.861
6/30/2024,6:00,274.415
6/30/2024,12:00,273.71
6/30/2024,18:00,276.482
7/1/2024,0:00,277.863
7/1/2024,6:00,277.408
7/1/2024,12:00,277.429
7/1/2024,18:00,280.527
7/2/2024,0:00,282.3
7/2/2024,6:00,281.934
7/2/2024,12:00,281.824
7/2/2024,18:00,284.727
7/3/2024,0:00,287.3
7/3/2024,6:00,287.4
7/3/2024,12:00,287.547
7/3/2024,18:00,289.669
7/4/2024,0:00,288.371
7/4/2024,6:00,287.877
7/4/2024,12:00,287.558
7/4/2024,18:00,290
7/5/2024,0:00,288.637
7/5/2024,6:00,285.538
7/5/2024,12:00,285.561
7/5/2024,18:00,284.825
7/6/2024,0:00,282.421
7/6/2024,6:00,281.208
7/6/2024,12:00,280.262
7/6/2024,18:00,280.54
7/7/2024,0:00,280.093
7/7/2024,6:00,280.097
7/7/2024,12:00,280.09
7/7/2024,18:00,280.947
7/8/2024,0:00,281.136
7/8/2024,6:00,280.805
7/8/2024,12:00,279.899
7/8/2024,18:00,279.532
7/9/2024,0:00,280.766
7/9/2024,6:00,277.021
7/9/2024,12:00,276.803
7/9/2024,18:00,277.965
7/10/2024,0:00,278.4
7/10/2024,6:00,277.815
7/10/2024,12:00,278.008
7/10/2024,18:00,279
7/11/2024,0:00,279.691
7/11/2024,6:00,278.019
7/11/2024,12:00,277.999
7/11/2024,18:00,279.591
7/12/2024,0:00,280.067
7/12/2024,6:00,277.321
7/12/2024,12:00,276.444
7/12/2024,18:00,278.615
7/13/2024,0:00,280.685
7/13/2024,6:00,277.249
7/13/2024,12:00,277.004
7/13/2024,18:00,281.623
7/14/2024,0:00,282.542
7/14/2024,6:00,281.368
7/14/2024,12:00,281.238
7/14/2024,18:00,281.568
7/15/2024,0:00,282.254
7/15/2024,6:00,282.7
7/15/2024,12:00,283.024
7/15/2024,18:00,284.465
7/16/2024,0:00,285.273
7/16/2024,6:00,284.53
7/16/2024,12:00,284.735
7/16/2024,18:00,286.265
7/17/2024,0:00,286.139
7/17/2024,6:00,285.842
7/17/2024,12:00,283.558
7/17/2024,18:00,285.484
7/18/2024,0:00,284.152
7/18/2024,6:00,283.097
7/18/2024,12:00,282.662
7/18/2024,18:00,286.756
7/19/2024,0:00,288.609
7/19/2024,6:00,287.524
7/19/2024,12:00,287.034
7/19/2024,18:00,289.844
7/20/2024,0:00,290.046
7/20/2024,6:00,288.174
7/20/2024,12:00,286.912
7/20/2024,18:00,289.223
7/21/2024,0:00,288.618
7/21/2024,6:00,287.449
7/21/2024,12:00,286.881
7/21/2024,18:00,289.058
7/22/2024,0:00,289.001
7/22/2024,6:00,287.496
7/22/2024,12:00,286.597
7/22/2024,18:00,290.092
7/23/2024,0:00,289.118
7/23/2024,6:00,287.175
7/23/2024,12:00,286.324
7/23/2024,18:00,289.055
7/24/2024,0:00,289.049
7/24/2024,6:00,287.2
7/24/2024,12:00,286.3
7/24/2024,18:00,288.4
7/25/2024,0:00,289.038
7/25/2024,6:00,288.3
7/25/2024,12:00,287.535
7/25/2024,18:00,290.574
7/26/2024,0:00,290.267
7/26/2024,6:00,289.682
7/26/2024,12:00,288.726
7/26/2024,18:00,290.518
7/27/2024,0:00,290.834
7/27/2024,6:00,289.949
7/27/2024,12:00,289.845
7/27/2024,18:00,291.7
7/28/2024,0:00,289.45
7/28/2024,6:00,288.612
7/28/2024,12:00,287.669
7/28/2024,18:00,290.427
7/29/2024,0:00,289.218
7/29/2024,6:00,288.356
7/29/2024,12:00,284.342
7/29/2024,18:00,284.261
7/30/2024,0:00,282.631
7/30/2024,6:00,282.479
7/30/2024,12:00,281.1
7/30/2024,18:00,283.327
7/31/2024,0:00,287.524
7/31/2024,6:00,284.81
7/31/2024,12:00,284.631
7/31/2024,18:00,286.905
8/1/2024,0:00,289.029
8/1/2024,6:00,289.194
8/1/2024,12:00,288.683
8/1/2024,18:00,290.626
8/2/2024,0:00,292.937
8/2/2024,6:00,291.7
8/2/2024,12:00,290.37
8/2/2024,18:00,291.34
8/3/2024,0:00,293.103
8/3/2024,6:00,291.51
8/3/2024,12:00,290.673
8/3/2024,18:00,291.541
8/4/2024,0:00,294.847
8/4/2024,6:00,293.469
8/4/2024,12:00,291.573
8/4/2024,18:00,291.859
8/5/2024,0:00,291.34
8/5/2024,6:00,288.666
8/5/2024,12:00,289.108
8/5/2024,18:00,291.372
8/6/2024,0:00,290.321
8/6/2024,6:00,290.152
8/6/2024,12:00,289.977
8/6/2024,18:00,292.033
8/7/2024,0:00,292.525
8/7/2024,6:00,291.919
8/7/2024,12:00,288.618
8/7/2024,18:00,287.471
8/8/2024,0:00,286.908
8/8/2024,6:00,285.581
8/8/2024,12:00,284.015
8/8/2024,18:00,281.985
8/9/2024,0:00,279.564
8/9/2024,6:00,276.173
8/9/2024,12:00,274.356
8/9/2024,18:00,277.647
8/10/2024,0:00,277.996
8/10/2024,6:00,278.127
8/10/2024,12:00,276.2
8/10/2024,18:00,280.058
8/11/2024,0:00,279.539
8/11/2024,6:00,277.907
8/11/2024,12:00,276.663
8/11/2024,18:00,280.865
8/12/2024,0:00,280.124
8/12/2024,6:00,277.298
8/12/2024,12:00,275.265
8/12/2024,18:00,278.862
8/13/2024,0:00,276.881
8/13/2024,6:00,274.659
8/13/2024,12:00,273.968
8/13/2024,18:00,279.037
8/14/2024,0:00,280.191
8/14/2024,6:00,279.913
8/14/2024,12:00,279.538
8/14/2024,18:00,284.472
8/15/2024,0:00,284.519
8/15/2024,6:00,284.588
8/15/2024,12:00,284.628
8/15/2024,18:00,288.532
8/16/2024,0:00,289.141
8/16/2024,6:00,288.851
8/16/2024,12:00,288.608
8/16/2024,18:00,292.186
8/17/2024,0:00,293.198
8/17/2024,6:00,292.117
8/17/2024,12:00,290.522
8/17/2024,18:00,292.849
8/18/2024,0:00,293.528
8/18/2024,6:00,292.499
8/18/2024,12:00,290.644
8/18/2024,18:00,293.932
8/19/2024,0:00,294.528
8/19/2024,6:00,293.255
8/19/2024,12:00,290.651
8/19/2024,18:00,293.642
8/20/2024,0:00,293.486
8/20/2024,6:00,292.96
8/20/2024,12:00,291.003
8/20/2024,18:00,294.644
8/21/2024,0:00,293.736
8/21/2024,6:00,292.528
8/21/2024,12:00,291.637
8/21/2024,18:00,293.279
8/22/2024,0:00,294.318
8/22/2024,6:00,294.344
8/22/2024,12:00,291.045
8/22/2024,18:00,292.736
8/23/2024,0:00,286.4
8/23/2024,6:00,284.618
8/23/2024,12:00,282.846
8/23/2024,18:00,282.675
8/24/2024,0:00,283.112
8/24/2024,6:00,281.186
8/24/2024,12:00,278.321
8/24/2024,18:00,280.482
8/25/2024,0:00,277.941
8/25/2024,6:00,275.742
8/25/2024,12:00,275.47
8/25/2024,18:00,279.877
8/26/2024,0:00,277.497
8/26/2024,6:00,275.8
8/26/2024,12:00,274.789
8/26/2024,18:00,279.882
8/27/2024,0:00,279.029
8/27/2024,6:00,277.448
8/27/2024,12:00,276.877
8/27/2024,18:00,282.562
8/28/2024,0:00,283.283
8/28/2024,6:00,283.126
8/28/2024,12:00,283.95
8/28/2024,18:00,285.776
8/29/2024,0:00,287.868
8/29/2024,6:00,286.896
8/29/2024,12:00,286.885
8/29/2024,18:00,290.797
8/30/2024,0:00,290.35
8/30/2024,6:00,289.545
8/30/2024,12:00,289.133
8/30/2024,18:00,293.245
8/31/2024,0:00,293.515
8/31/2024,6:00,291.138
8/31/2024,12:00,290.451
8/31/2024,18:00,293.863
9/1/2024,0:00,287.983
9/1/2024,6:00,284.89
9/1/2024,12:00,283.418
9/1/2024,18:00,284.824
9/2/2024,0:00,282.009
9/2/2024,6:00,279.222
9/2/2024,12:00,278.897
9/2/2024,18:00,284.1
9/3/2024,0:00,286.1
9/3/2024,6:00,286.146
9/3/2024,12:00,286.847
9/3/2024,18:00,292.362
9/4/2024,0:00,289.3
9/4/2024,6:00,287.572
9/4/2024,12:00,286.704
9/4/2024,18:00,291.8
9/5/2024,0:00,285.476
9/5/2024,6:00,282.363
9/5/2024,12:00,281.969
9/5/2024,18:00,284.163
9/6/2024,0:00,282.234
9/6/2024,6:00,280.134
9/6/2024,12:00,279.92
9/6/2024,18:00,287.238
9/7/2024,0:00,288.415
9/7/2024,6:00,288.693
9/7/2024,12:00,288.925
9/7/2024,18:00,294.195
9/8/2024,0:00,293.793
9/8/2024,6:00,292.963
9/8/2024,12:00,292.369
9/8/2024,18:00,296.144
9/9/2024,0:00,296.4
9/9/2024,6:00,294.424
9/9/2024,12:00,292.7
9/9/2024,18:00,295.765
9/10/2024,0:00,296.631
9/10/2024,6:00,295.524
9/10/2024,12:00,292.6
9/10/2024,18:00,296.837
9/11/2024,0:00,295.871
9/11/2024,6:00,294.556
9/11/2024,12:00,292.104
9/11/2024,18:00,296.1
9/12/2024,0:00,296.533
9/12/2024,6:00,294.682
9/12/2024,12:00,290.794
9/12/2024,18:00,295.942
9/13/2024,0:00,293.084
9/13/2024,6:00,289.954
9/13/2024,12:00,289.242
9/13/2024,18:00,292.65
9/14/2024,0:00,289.409
9/14/2024,6:00,288.233
9/14/2024,12:00,288.324
9/14/2024,18:00,289.556
9/15/2024,0:00,286.857
9/15/2024,6:00,284.857
9/15/2024,12:00,284.4
9/15/2024,18:00,286.197
9/16/2024,0:00,286.096
9/16/2024,6:00,283.57
9/16/2024,12:00,282.888
9/16/2024,18:00,288.631
9/17/2024,0:00,286.125
9/17/2024,6:00,284.335
9/17/2024,12:00,283.646
9/17/2024,18:00,290.336
9/18/2024,0:00,287.946
9/18/2024,6:00,287.046
9/18/2024,12:00,286.465
9/18/2024,18:00,289.9
9/19/2024,0:00,290.659
9/19/2024,6:00,290.197
9/19/2024,12:00,290.132
9/19/2024,18:00,294.415
9/20/2024,0:00,298.017
9/20/2024,6:00,291.759
9/20/2024,12:00,291.248
9/20/2024,18:00,290.878
9/21/2024,0:00,289.122
9/21/2024,6:00,287.595
9/21/2024,12:00,287.6
9/21/2024,18:00,292.021
9/22/2024,0:00,293.563
9/22/2024,6:00,291.866
9/22/2024,12:00,291.5
9/22/2024,18:00,297.1
9/23/2024,0:00,297.137
9/23/2024,6:00,295.644
9/23/2024,12:00,294.3
9/23/2024,18:00,299.242
9/24/2024,0:00,297.812
9/24/2024,6:00,296.607
9/24/2024,12:00,294.604
9/24/2024,18:00,299.371
9/25/2024,0:00,298.507
9/25/2024,6:00,296.848
9/25/2024,12:00,295.985
9/25/2024,18:00,299.878
9/26/2024,0:00,298.2
9/26/2024,6:00,294.826
9/26/2024,12:00,293.835
9/26/2024,18:00,288.803
9/27/2024,0:00,287.571
9/27/2024,6:00,286.562
9/27/2024,12:00,285.487
9/27/2024,18:00,288.239
9/28/2024,0:00,286.481
9/28/2024,6:00,284.935
9/28/2024,12:00,284.181
9/28/2024,18:00,291.518
9/29/2024,0:00,290.367
9/29/2024,6:00,288.733
9/29/2024,12:00,288.09
9/29/2024,18:00,294.888
9/30/2024,0:00,293.773
9/30/2024,6:00,292.037
9/30/2024,12:00,290.217
9/30/2024,18:00,295.945
10/1/2024,0:00,297.418
10/1/2024,6:00,296.116
10/1/2024,12:00,294.568
10/1/2024,18:00,299.899
10/2/2024,0:00,297.116
10/2/2024,6:00,293.01
10/2/2024,12:00,291.268
10/2/2024,18:00,289.447
10/3/2024,0:00,286.322
10/3/2024,6:00,284.263
10/3/2024,12:00,282.555
10/3/2024,18:00,286.899
10/4/2024,0:00,285.305
10/4/2024,6:00,281.828
10/4/2024,12:00,281.2
10/4/2024,18:00,289.5
10/5/2024,0:00,288.052
10/5/2024,6:00,286.193
10/5/2024,12:00,285.546
10/5/2024,18:00,293.182
10/6/2024,0:00,292.177
10/6/2024,6:00,290.539
10/6/2024,12:00,290.483
10/6/2024,18:00,296.4
10/7/2024,0:00,292.736
10/7/2024,6:00,290.56
10/7/2024,12:00,290.169
10/7/2024,18:00,297.118
10/8/2024,0:00,296.749
10/8/2024,6:00,291.495
10/8/2024,12:00,290.232
10/8/2024,18:00,291.694
10/9/2024,0:00,290.8
10/9/2024,6:00,290.3
10/9/2024,12:00,289.59
10/9/2024,18:00,290.138
10/10/2024,0:00,289.445
10/10/2024,6:00,289
10/10/2024,12:00,290.032
10/10/2024,18:00,291.672
10/11/2024,0:00,291.599
10/11/2024,6:00,291.528
10/11/2024,12:00,291.46
10/11/2024,18:00,290.234
10/12/2024,0:00,289.525
10/12/2024,6:00,289.891
10/12/2024,12:00,288.077
10/12/2024,18:00,292.454
10/13/2024,0:00,291.198
10/13/2024,6:00,288.298
10/13/2024,12:00,287.541
10/13/2024,18:00,294.667
10/14/2024,0:00,294.396
10/14/2024,6:00,291.479
10/14/2024,12:00,290.968
10/14/2024,18:00,295.133
10/15/2024,0:00,295.594
10/15/2024,6:00,293.881
10/15/2024,12:00,292.282
10/15/2024,18:00,291.644
10/16/2024,0:00,292.114
10/16/2024,6:00,290.031
10/16/2024,12:00,289.414
10/16/2024,18:00,294.3
10/17/2024,0:00,291.355
10/17/2024,6:00,288.297
10/17/2024,12:00,287.555
10/17/2024,18:00,295.471
10/18/2024,0:00,292.162
10/18/2024,6:00,290.069
10/18/2024,12:00,289.417
10/18/2024,18:00,290.306
10/19/2024,0:00,287.315
10/19/2024,6:00,286.078
10/19/2024,12:00,286.909
10/19/2024,18:00,292.3
10/20/2024,0:00,291.712
10/20/2024,6:00,288.771
10/20/2024,12:00,287.867
10/20/2024,18:00,294.454
10/21/2024,0:00,293.712
10/21/2024,6:00,291.495
10/21/2024,12:00,290.656
10/21/2024,18:00,295.83
10/22/2024,0:00,296.348
10/22/2024,12:00,294.779
10/22/2024,18:00,300.022
10/23/2024,0:00,296.83
10/23/2024,6:00,295.121
10/23/2024,12:00,294.041
10/23/2024,18:00,300.285
10/24/2024,0:00,294.31
10/24/2024,6:00,294.024
10/24/2024,12:00,293.749
10/24/2024,18:00,295.356
10/25/2024,0:00,291.432
10/25/2024,6:00,288.403
10/25/2024,12:00,286.82
10/25/2024,18:00,291.969
10/26/2024,0:00,290.963
10/26/2024,6:00,287.174
10/26/2024,12:00,284.158
10/26/2024,18:00,288.718
10/27/2024,0:00,286.736
10/27/2024,6:00,283.77
10/27/2024,12:00,282.784
10/27/2024,18:00,290.847
10/28/2024,0:00,289.58
10/28/2024,6:00,286.57
10/28/2024,12:00,286.734
10/28/2024,18:00,294.954
10/29/2024,0:00,293.043
10/29/2024,6:00,290.097
10/29/2024,12:00,289.219
10/29/2024,18:00,297.414
10/30/2024,0:00,293.518
10/30/2024,6:00,289.934
10/30/2024,12:00,289.121
10/30/2024,18:00,297.75
10/31/2024,0:00,294.435
10/31/2024,6:00,292.863
10/31/2024,12:00,291.963
10/31/2024,18:00,297.611
11/1/2024,0:00,297.626
11/1/2024,6:00,293.24
11/1/2024,12:00,292.298
11/1/2024,18:00,296.214
11/2/2024,0:00,293.138
11/2/2024,6:00,293.794
11/2/2024,12:00,292.572
11/2/2024,18:00,292.694
11/3/2024,0:00,292.619
11/3/2024,6:00,292.041
11/3/2024,12:00,291.987
11/3/2024,18:00,293.132
11/4/2024,0:00,292.829
11/4/2024,6:00,290.755
11/4/2024,12:00,290.317
11/4/2024,18:00,296.049
11/5/2024,0:00,295.597
11/5/2024,6:00,293.08
11/5/2024,12:00,292.893
11/5/2024,18:00,299.377
11/6/2024,0:00,294.824
11/6/2024,6:00,293.579
11/6/2024,12:00,293.093
11/6/2024,18:00,298.826
11/7/2024,0:00,296.149
11/7/2024,12:00,293.412
11/7/2024,18:00,297.871
11/8/2024,0:00,292.399
11/8/2024,6:00,290.344
11/8/2024,12:00,289.624
11/8/2024,18:00,290.797
11/9/2024,0:00,289.787
11/9/2024,6:00,285.926
11/9/2024,12:00,284.92
11/9/2024,18:00,291.537
11/10/2024,0:00,290.734
11/10/2024,6:00,287.692
11/10/2024,12:00,286.97
11/10/2024,18:00,296.157
11/11/2024,0:00,296.069
11/11/2024,6:00,293.402
11/11/2024,12:00,291.825
11/11/2024,18:00,298.904
11/12/2024,0:00,290.923
11/12/2024,6:00,287.573
11/12/2024,12:00,286.772
11/12/2024,18:00,287.623
11/13/2024,0:00,287.359
11/13/2024,6:00,284.709
11/13/2024,12:00,283.786
11/13/2024,18:00,291.01
11/14/2024,0:00,290.389
11/14/2024,6:00,287.149
11/14/2024,12:00,285.753
11/14/2024,18:00,294.289
11/15/2024,0:00,293.493
11/15/2024,6:00,291.383
11/15/2024,12:00,290.998
11/15/2024,18:00,296.951
11/16/2024,0:00,296.449
11/16/2024,6:00,294.09
11/16/2024,12:00,292.667
11/16/2024,18:00,299.604
11/17/2024,0:00,298.46
11/17/2024,6:00,297.191
11/17/2024,12:00,294.851
11/17/2024,18:00,301.349
11/18/2024,0:00,301.74
11/18/2024,6:00,295.72
11/18/2024,12:00,294.134
11/18/2024,18:00,302.318
11/19/2024,0:00,296.41
11/19/2024,6:00,293.329
11/19/2024,12:00,292.683
11/19/2024,18:00,294.112
11/20/2024,0:00,292.559
11/20/2024,6:00,292.136
11/20/2024,12:00,292.183
11/20/2024,18:00,291.859
11/21/2024,0:00,289.983
11/21/2024,6:00,288.711
11/21/2024,12:00,288.393
11/21/2024,18:00,295.966
11/22/2024,0:00,292.462
11/22/2024,6:00,292.596
11/22/2024,12:00,291.973
11/22/2024,18:00,292.253
11/23/2024,0:00,293.156
11/23/2024,6:00,290.355
11/23/2024,12:00,289.931
11/23/2024,18:00,297.239
11/24/2024,0:00,294.607
11/24/2024,6:00,291.535
11/24/2024,12:00,290.672
11/24/2024,18:00,297.296
11/25/2024,0:00,297.368
11/25/2024,6:00,293.769
11/25/2024,12:00,292.347
11/25/2024,18:00,297.756
11/26/2024,0:00,299.143
11/26/2024,6:00,295.373
11/26/2024,12:00,295.203
11/26/2024,18:00,301.626
11/27/2024,0:00,297.474
11/27/2024,6:00,295.742
11/27/2024,12:00,296.801
11/27/2024,18:00,301.312
11/28/2024,0:00,295.198
11/28/2024,6:00,293.237
11/28/2024,12:00,293.035
11/28/2024,18:00,292.494
11/29/2024,0:00,292.302
11/29/2024,6:00,292.076
11/29/2024,12:00,291.652
11/29/2024,18:00,297.088
11/30/2024,0:00,296.859
11/30/2024,6:00,293.427
11/30/2024,12:00,292.748
11/30/2024,18:00,298.774
12/1/2024,0:00,297.134
12/1/2024,6:00,293.405
12/1/2024,12:00,293.367
12/1/2024,18:00,299.253
12/2/2024,0:00,300.271
12/2/2024,6:00,292.872
12/2/2024,12:00,289.577
12/2/2024,18:00,289.771
12/3/2024,0:00,290.595
12/3/2024,6:00,288.48
12/3/2024,12:00,286.658
12/3/2024,18:00,292.609
12/4/2024,0:00,291.352
12/4/2024,6:00,287.972
12/4/2024,12:00,286.386
12/4/2024,18:00,294.057
12/5/2024,0:00,293.097
12/5/2024,6:00,291.917
12/5/2024,12:00,291.126
12/5/2024,18:00,297.442
12/6/2024,0:00,298.364
12/6/2024,6:00,295.696
12/6/2024,12:00,294.897
12/6/2024,18:00,297.592
12/7/2024,0:00,295.703
12/7/2024,6:00,294.356
12/7/2024,12:00,293.192
12/7/2024,18:00,292.731
12/8/2024,0:00,290.614
12/8/2024,6:00,289.852
12/8/2024,12:00,287.819
12/8/2024,18:00,287.766
12/9/2024,0:00,288.522
12/9/2024,6:00,287.772
12/9/2024,12:00,288.338
12/9/2024,18:00,293.81
12/10/2024,0:00,291.993
12/10/2024,6:00,290.183
12/10/2024,12:00,288.97
12/10/2024,18:00,294.048
12/11/2024,0:00,292.687
12/11/2024,6:00,289.772
12/11/2024,12:00,288.865
12/11/2024,18:00,296.132
12/12/2024,0:00,294.435
12/12/2024,6:00,292.127
12/12/2024,12:00,291.511
12/12/2024,18:00,296.332
12/13/2024,0:00,296.373
12/13/2024,6:00,294.505
12/13/2024,12:00,293.293
12/13/2024,18:00,293.115
12/14/2024,0:00,292.207
12/14/2024,6:00,291.843
12/14/2024,12:00,291.582
12/14/2024,18:00,292.318
12/15/2024,0:00,292.803
12/15/2024,6:00,290.754
12/15/2024,12:00,290.031
12/15/2024,18:00,293.557
12/16/2024,0:00,290.189
12/16/2024,6:00,287.08
12/16/2024,12:00,286.444
12/16/2024,18:00,292.293
12/17/2024,0:00,291.177
12/17/2024,6:00,288.266
12/17/2024,12:00,287.99
12/17/2024,18:00,294.754
12/18/2024,0:00,292.106
12/18/2024,6:00,289.102
12/18/2024,12:00,288.493
12/18/2024,18:00,296.423
12/19/2024,0:00,295.359
12/19/2024,6:00,292.629
12/19/2024,12:00,291.783
12/19/2024,18:00,291.259
12/20/2024,0:00,291.508
12/20/2024,6:00,291.235
12/20/2024,12:00,291.326
12/20/2024,18:00,293.811
12/21/2024,0:00,294.461
12/21/2024,6:00,292.168
12/21/2024,12:00,291.03
12/21/2024,18:00,298.118
12/22/2024,0:00,295.582
12/22/2024,6:00,290.847
12/22/2024,12:00,289.751
12/22/2024,18:00,291.383
12/23/2024,0:00,290.964
12/23/2024,6:00,286.986
12/23/2024,12:00,285.809
12/23/2024,18:00,293.461
12/24/2024,0:00,292.948
12/24/2024,6:00,290.418
12/24/2024,12:00,290.089
12/24/2024,18:00,296.512
12/25/2024,0:00,296.235
12/25/2024,6:00,291.882
12/25/2024,12:00,289.657
12/25/2024,18:00,291.514
12/26/2024,0:00,291.362
12/26/2024,6:00,288.609
12/26/2024,12:00,286.986
12/26/2024,18:00,292.731
12/27/2024,0:00,292.069
12/27/2024,6:00,288.394
12/27/2024,12:00,286.817
12/27/2024,18:00,294.817
12/28/2024,0:00,293.103
12/28/2024,6:00,290.089
12/28/2024,12:00,288.413
12/28/2024,18:00,295.354
12/29/2024,0:00,293.607
12/29/2024,6:00,289.498
12/29/2024,12:00,288.633
12/29/2024,18:00,295.717
12/30/2024,0:00,294.758
12/30/2024,6:00,289.787
12/30/2024,12:00,288.799
12/30/2024,18:00,297.104
12/31/2024,0:00,295.046
12/31/2024,6:00,292.15
12/31/2024,12:00,291.57
12/31/2024,18:00,298.339
1/1/2025,0:00,297.093
1/1/2025,6:00,294.252
1/1/2025,12:00,293.672
1/1/2025,18:00,300.39
1/2/2025,0:00,298.912
1/2/2025,6:00,294.745
1/2/2025,12:00,294.826
1/2/2025,18:00,299.931
1/3/2025,0:00,298.372
1/3/2025,6:00,293.392
1/3/2025,12:00,291.928
1/3/2025,18:00,298.782
1/4/2025,0:00,295.937
1/4/2025,6:00,291.453
1/4/2025,12:00,287.648
1/4/2025,18:00,294.653
1/5/2025,0:00,293.068
1/5/2025,6:00,289.444
1/5/2025,12:00,287.963
1/5/2025,18:00,295.72
1/6/2025,0:00,293.071
1/6/2025,6:00,289.657
1/6/2025,12:00,287.576
1/6/2025,18:00,295.77
1/7/2025,0:00,293.877
1/7/2025,6:00,288.485
1/7/2025,12:00,286.291
1/7/2025,18:00,295.493
1/8/2025,0:00,294.117
1/8/2025,6:00,289.514
1/8/2025,12:00,287.588
1/8/2025,18:00,297.134
1/9/2025,0:00,296.587
1/9/2025,6:00,290.13
1/9/2025,12:00,288.357
1/9/2025,18:00,297.184
1/10/2025,0:00,295.755
1/10/2025,6:00,291.583
1/10/2025,12:00,291.275
1/10/2025,18:00,299.947
1/11/2025,0:00,294.943
1/11/2025,6:00,292.009
1/11/2025,12:00,289.883
1/11/2025,18:00,297.164
1/12/2025,0:00,294.719
1/12/2025,6:00,289.061
1/12/2025,12:00,287.905
1/12/2025,18:00,296.504
1/13/2025,0:00,293.985
1/13/2025,6:00,289.537
1/13/2025,12:00,288.085
1/13/2025,18:00,297.37
1/14/2025,0:00,297.772
1/14/2025,6:00,290.78
1/14/2025,12:00,291.152
1/14/2025,18:00,299.778
1/15/2025,0:00,291.145
1/15/2025,6:00,291.021
1/15/2025,12:00,291.147
1/15/2025,18:00,295.882
1/16/2025,0:00,292.09
1/16/2025,6:00,291.57
1/16/2025,12:00,290.897
1/16/2025,18:00,298.016
1/17/2025,0:00,293.615
1/17/2025,6:00,292.141
1/17/2025,12:00,293.1
1/17/2025,18:00,300.139
1/18/2025,0:00,299.099
1/18/2025,6:00,294.904
1/18/2025,12:00,294.604
1/18/2025,18:00,300.976
1/19/2025,0:00,299.916
1/19/2025,6:00,294.363
1/19/2025,12:00,292.624
1/19/2025,18:00,301.614
1/20/2025,0:00,299.902
1/20/2025,6:00,292.215
1/20/2025,12:00,291.361
1/20/2025,18:00,295.223
1/21/2025,0:00,296.079
1/21/2025,6:00,291.483
1/21/2025,12:00,289.507
1/21/2025,18:00,297.699
1/22/2025,0:00,296.745
1/22/2025,6:00,293.194
1/22/2025,12:00,291.427
1/22/2025,18:00,300.625
1/23/2025,0:00,299.382
1/23/2025,6:00,294.955
1/23/2025,12:00,293.906
1/23/2025,18:00,303.203
1/24/2025,0:00,295.216
1/24/2025,6:00,293.605
1/24/2025,12:00,293.713
1/24/2025,18:00,296.962
1/25/2025,0:00,295.011
1/25/2025,6:00,293.688
1/25/2025,12:00,292.251
1/25/2025,18:00,297.307
1/26/2025,0:00,299.027
1/26/2025,6:00,294.249
1/26/2025,12:00,291.737
1/26/2025,18:00,298.003
1/27/2025,0:00,297.589
1/27/2025,6:00,292.963
1/27/2025,12:00,291.494
1/27/2025,18:00,299.653
1/28/2025,0:00,293.82
1/28/2025,6:00,292.74
1/28/2025,12:00,292.366
1/28/2025,18:00,299.25
1/29/2025,0:00,300.44
1/29/2025,6:00,293.888
1/29/2025,12:00,292.484
1/29/2025,18:00,300.762
1/30/2025,0:00,294.278
1/30/2025,6:00,292.851
1/30/2025,12:00,291.698
1/30/2025,18:00,298.716
1/31/2025,0:00,292.887
1/31/2025,6:00,290.919
1/31/2025,12:00,290.32
1/31/2025,18:00,297.315
2/1/2025,0:00,297.642
2/1/2025,6:00,292.369
2/1/2025,12:00,291.065
2/1/2025,18:00,299.655
2/2/2025,0:00,298.818
2/2/2025,6:00,293.428
2/2/2025,12:00,292.622
2/2/2025,18:00,302.111
2/3/2025,0:00,299.332
2/3/2025,6:00,294.407
2/3/2025,12:00,293.319
2/3/2025,18:00,303.145
2/4/2025,0:00,300.827
2/4/2025,6:00,295.528
2/4/2025,12:00,294.916
2/4/2025,18:00,302.986
2/5/2025,0:00,299.406
2/5/2025,6:00,295.926
2/5/2025,12:00,294.456
2/5/2025,18:00,303.066
2/6/2025,0:00,302.418
2/6/2025,6:00,296.637
2/6/2025,12:00,295.299
2/6/2025,18:00,301.904
2/7/2025,0:00,293.698
2/7/2025,6:00,292.787
2/7/2025,12:00,293.007
2/7/2025,18:00,301.285
2/8/2025,0:00,303.435
2/8/2025,6:00,292.785
2/8/2025,12:00,291.39
2/8/2025,18:00,301.21
2/9/2025,0:00,297.646
2/9/2025,6:00,296.762
2/9/2025,12:00,294.658
2/9/2025,18:00,303.165
2/10/2025,0:00,297.609
2/10/2025,6:00,295.366
2/10/2025,12:00,294.145
2/10/2025,18:00,303.797
2/11/2025,0:00,301.048
2/11/2025,6:00,296.133
2/11/2025,12:00,295.212
2/11/2025,18:00,304.029
2/12/2025,0:00,297.204
2/12/2025,6:00,292.996
2/12/2025,12:00,293.587
2/12/2025,18:00,300.585
2/13/2025,0:00,294.139
2/13/2025,6:00,292.769
2/13/2025,12:00,293.239
2/13/2025,18:00,296.327
2/14/2025,0:00,294.063
2/14/2025,6:00,291.699
2/14/2025,12:00,290.906
2/14/2025,18:00,298.147
2/15/2025,0:00,298.406
2/15/2025,6:00,293.929
2/15/2025,12:00,294.332
2/15/2025,18:00,300.653
2/16/2025,0:00,294.721
2/16/2025,6:00,294.201
2/16/2025,12:00,293.931
2/16/2025,18:00,301.151
2/17/2025,0:00,299.941
2/17/2025,6:00,294.055
2/17/2025,12:00,294.582
2/17/2025,18:00,299.283
2/18/2025,0:00,293.933
2/18/2025,6:00,292.564
2/18/2025,12:00,291.864
2/18/2025,18:00,294.761
2/19/2025,0:00,293.803
2/19/2025,6:00,291.421
2/19/2025,12:00,290.403
2/19/2025,18:00,295.347
2/20/2025,0:00,294.206
2/20/2025,6:00,291.792
2/20/2025,12:00,290.535
2/20/2025,18:00,297.787
2/21/2025,0:00,297.902
2/21/2025,6:00,294.266
2/21/2025,12:00,293.688
2/21/2025,18:00,300.128
2/22/2025,0:00,295.898
2/22/2025,6:00,295.317
2/22/2025,12:00,294.035
2/22/2025,18:00,301.583
2/23/2025,0:00,299.667
2/23/2025,6:00,294.88
2/23/2025,12:00,293.177
2/23/2025,18:00,300.799
2/24/2025,0:00,293.51
2/24/2025,6:00,292.787
2/24/2025,12:00,293.655
2/24/2025,18:00,300.975
2/25/2025,0:00,299.465
2/25/2025,6:00,296.944
2/25/2025,12:00,295.75
2/25/2025,18:00,302.986
2/26/2025,0:00,300.035
2/26/2025,6:00,295.734
2/26/2025,12:00,294.891
2/26/2025,18:00,302.53
2/27/2025,0:00,295.043
2/27/2025,6:00,293.222
2/27/2025,12:00,293.527
2/27/2025,18:00,298.577
2/28/2025,0:00,294.207
2/28/2025,6:00,293.9
2/28/2025,12:00,293.48
2/28/2025,18:00,300.761
3/1/2025,0:00,299.076
3/1/2025,6:00,293.874
3/1/2025,12:00,295.021
3/1/2025,18:00,302.59
3/2/2025,0:00,296.674
3/2/2025,6:00,293.813
3/2/2025,12:00,295.532
3/2/2025,18:00,302.28
3/3/2025,0:00,299.656
3/3/2025,6:00,297.089
3/3/2025,12:00,296.006
3/3/2025,18:00,303.219
3/4/2025,0:00,301.626
3/4/2025,6:00,299.548
3/4/2025,12:00,296.685
3/4/2025,18:00,302.606
3/5/2025,0:00,299.796
3/5/2025,6:00,296.22
3/5/2025,12:00,294.964
3/5/2025,18:00,301.551
3/6/2025,0:00,299.006
3/6/2025,6:00,292.803
3/6/2025,12:00,295.148
3/6/2025,18:00,301.404
3/7/2025,0:00,298.332
3/7/2025,6:00,296.002
3/7/2025,12:00,294.254
3/7/2025,18:00,301.291
3/8/2025,0:00,299.665
3/8/2025,6:00,297.542
3/8/2025,12:00,294.469
3/8/2025,18:00,302.602
3/9/2025,0:00,302.078
3/9/2025,6:00,297.048
3/9/2025,12:00,293.16
3/9/2025,18:00,297.383
3/10/2025,0:00,290.984
3/10/2025,6:00,289.315
3/10/2025,12:00,287.148
3/10/2025,18:00,292.71
3/11/2025,0:00,292.967
3/11/2025,6:00,290.166
3/11/2025,12:00,289.526
3/11/2025,18:00,296.728
3/12/2025,0:00,294.351
3/12/2025,6:00,291.352
3/12/2025,12:00,290.436
3/12/2025,18:00,297.213
3/13/2025,0:00,295.36
3/13/2025,6:00,290.797
3/13/2025,12:00,288.753
3/13/2025,18:00,294.541
3/14/2025,0:00,291.8
3/14/2025,6:00,287.839
3/14/2025,12:00,285.233
3/14/2025,18:00,292.467
3/15/2025,0:00,292.132
3/15/2025,6:00,289.243
3/15/2025,12:00,287.144
3/15/2025,18:00,294.258
3/16/2025,0:00,291.505
3/16/2025,6:00,287.446
3/16/2025,12:00,286.4
3/16/2025,18:00,296
3/17/2025,0:00,293.628
3/17/2025,6:00,288.838
3/17/2025,12:00,287.689
3/17/2025,18:00,297.272
3/18/2025,0:00,295.564
3/18/2025,6:00,291.424
3/18/2025,12:00,289.851
3/18/2025,18:00,294.953
3/19/2025,0:00,295.948
3/19/2025,6:00,290.335
3/19/2025,12:00,287.329
3/19/2025,18:00,296.089
3/20/2025,0:00,294.446
3/20/2025,6:00,290.592
3/20/2025,12:00,288.411
3/20/2025,18:00,297.02
3/21/2025,0:00,295.564
3/21/2025,6:00,291.307
3/21/2025,12:00,289.091
3/21/2025,18:00,298.917
3/22/2025,0:00,298.72
3/22/2025,6:00,294.201
3/22/2025,12:00,291.536
3/22/2025,18:00,297.036
3/23/2025,0:00,292.8
3/23/2025,6:00,290.1
3/23/2025,12:00,289.444
3/23/2025,18:00,297.357
3/24/2025,0:00,296.502
3/24/2025,6:00,291.98
3/24/2025,12:00,291.741
3/24/2025,18:00,295.423
3/25/2025,0:00,293.364
3/25/2025,6:00,293.736
3/25/2025,12:00,293.276
3/25/2025,18:00,298.6
3/26/2025,0:00,296.695
3/26/2025,6:00,291.636
3/26/2025,12:00,290.522
3/26/2025,18:00,296.766
3/27/2025,0:00,293.791
3/27/2025,6:00,293.966
3/27/2025,12:00,292.114
3/27/2025,18:00,296.677
3/28/2025,0:00,292.844
3/28/2025,6:00,292.031
3/28/2025,12:00,292.158
3/28/2025,18:00,296.707
3/29/2025,0:00,294.541
3/29/2025,6:00,292.381
3/29/2025,12:00,291.827
3/29/2025,18:00,296.533
3/30/2025,0:00,296.144
3/30/2025,6:00,294.655
3/30/2025,12:00,293.484
3/30/2025,18:00,298.701
3/31/2025,0:00,298.447
3/31/2025,6:00,296.036
3/31/2025,12:00,294.738
3/31/2025,18:00,299.304
4/1/2025,0:00,294.611
4/1/2025,6:00,293.606
4/1/2025,12:00,293.081
4/1/2025,18:00,294.722
4/2/2025,0:00,292.063
4/2/2025,6:00,291.721
4/2/2025,12:00,292.041
4/2/2025,18:00,293.917
4/3/2025,0:00,292.34
4/3/2025,6:00,292.149
4/3/2025,12:00,291.815
4/3/2025,18:00,292.277
4/4/2025,0:00,291.893
4/4/2025,6:00,289.048
4/4/2025,12:00,284.219
4/4/2025,18:00,285.915
4/5/2025,0:00,283.736
4/5/2025,6:00,282.618
4/5/2025,12:00,281.735
4/5/2025,18:00,287.713
4/6/2025,0:00,289.22
4/6/2025,6:00,287.205
4/6/2025,12:00,286.06
4/6/2025,18:00,290.803
4/7/2025,0:00,291.509
4/7/2025,6:00,290.1
4/7/2025,12:00,288.919
4/7/2025,18:00,292.501
4/8/2025,0:00,293.804
4/8/2025,6:00,291.106
4/8/2025,12:00,290.22
4/8/2025,18:00,289.914
4/9/2025,0:00,288.777
4/9/2025,6:00,288.071
4/9/2025,12:00,285.168
4/9/2025,18:00,289.2
4/10/2025,0:00,287.4
4/10/2025,6:00,286.327
4/10/2025,12:00,285.715
4/10/2025,18:00,291.028
4/11/2025,0:00,289.1
4/11/2025,6:00,287.556
4/11/2025,12:00,287.009
4/11/2025,18:00,292.288
4/12/2025,0:00,292.902
4/12/2025,6:00,290.892
4/12/2025,12:00,289.57
4/12/2025,18:00,292.897
4/13/2025,0:00,291.212
4/13/2025,6:00,290.934
4/13/2025,12:00,290.9
4/13/2025,18:00,291.668
4/14/2025,0:00,291.673
4/14/2025,6:00,286.021
4/14/2025,12:00,285.608
4/14/2025,18:00,290.704
4/15/2025,0:00,289.815
4/15/2025,6:00,288.137
4/15/2025,12:00,288.301
4/15/2025,18:00,293.356
4/16/2025,0:00,291.956
4/16/2025,6:00,289.949
4/16/2025,12:00,289.4
4/16/2025,18:00,293.325
4/17/2025,0:00,292.529
4/17/2025,6:00,290.016
4/17/2025,12:00,289.316
4/17/2025,18:00,294.807
4/18/2025,0:00,294.397
4/18/2025,6:00,292.052
4/18/2025,12:00,292.122
4/18/2025,18:00,295.779
4/19/2025,0:00,296.596
4/19/2025,6:00,294.197
4/19/2025,12:00,290.5
4/19/2025,18:00,293.878
4/20/2025,0:00,290.565
4/20/2025,6:00,286.815
4/20/2025,12:00,284.958
4/20/2025,18:00,288.224
4/21/2025,0:00,287.451
4/21/2025,6:00,285.195
4/21/2025,12:00,284.586
4/21/2025,18:00,289.188
4/22/2025,0:00,289.058
4/22/2025,6:00,286.4
4/22/2025,12:00,285.324
4/22/2025,18:00,290.9
4/23/2025,0:00,290.897
4/23/2025,6:00,288.8
4/23/2025,12:00,287.776
4/23/2025,18:00,292.759
4/24/2025,0:00,292.715
4/24/2025,6:00,290.906
4/24/2025,12:00,290.612
4/24/2025,18:00,291.368
4/25/2025,0:00,290.805
4/25/2025,6:00,290.556
4/25/2025,12:00,288.483
4/25/2025,18:00,293.151
4/26/2025,0:00,293.027
4/26/2025,6:00,290.901
4/26/2025,12:00,289.817
4/26/2025,18:00,294.684
4/27/2025,0:00,292.747
4/27/2025,6:00,290.414
4/27/2025,12:00,290.128
4/27/2025,18:00,294.028
4/28/2025,0:00,291.307
4/28/2025,6:00,286.961
4/28/2025,12:00,283.225
4/28/2025,18:00,286.742
4/29/2025,0:00,285.839
4/29/2025,6:00,283.394
4/29/2025,12:00,282
4/29/2025,18:00,287.163
4/30/2025,0:00,286.509
4/30/2025,6:00,283.981
4/30/2025,12:00,282.461
4/30/2025,18:00,288.229
5/1/2025,0:00,287.608
5/1/2025,6:00,285.655
5/1/2025,12:00,285.24
5/1/2025,18:00,291.2
5/2/2025,0:00,290.675
5/2/2025,6:00,288.982
5/2/2025,12:00,288.285
5/2/2025,18:00,290.93
5/3/2025,0:00,291.188
5/3/2025,6:00,289.27
5/3/2025,12:00,288.411
5/3/2025,18:00,293.204
5/4/2025,0:00,292.607
5/4/2025,6:00,289.772
5/4/2025,12:00,288.569
5/4/2025,18:00,294.25
5/5/2025,0:00,294.61
5/5/2025,6:00,293.693
5/5/2025,12:00,291.071
5/5/2025,18:00,294.685
5/6/2025,0:00,294.285
5/6/2025,6:00,292.719
5/6/2025,12:00,291.632
5/6/2025,18:00,294.056
5/7/2025,0:00,294.779
5/7/2025,6:00,291.157
5/7/2025,12:00,290.339
5/7/2025,18:00,292.668
5/8/2025,0:00,293.221
5/8/2025,6:00,292.13
5/8/2025,12:00,291.829
5/8/2025,18:00,294.854
5/9/2025,0:00,295.181
5/9/2025,6:00,293.7
5/9/2025,12:00,293.939
5/9/2025,18:00,291.156
5/10/2025,0:00,289.135
5/10/2025,6:00,287.296
5/10/2025,12:00,286.427
5/10/2025,18:00,289.435
5/11/2025,0:00,287.571
5/11/2025,6:00,285.199
5/11/2025,12:00,284.346
5/11/2025,18:00,288.256
5/12/2025,0:00,286.632
5/12/2025,6:00,284.485
5/12/2025,12:00,283.908
5/12/2025,18:00,287.84
5/13/2025,0:00,288.739
5/13/2025,6:00,286.402
5/13/2025,12:00,286.054
5/13/2025,18:00,290.441
5/14/2025,0:00,291.057
5/14/2025,6:00,289.527
5/14/2025,12:00,288.728
5/14/2025,18:00,292.375
5/15/2025,0:00,292.69
5/15/2025,6:00,290.843
5/15/2025,12:00,289.642
5/15/2025,18:00,292.5
5/16/2025,0:00,291.4
5/16/2025,6:00,289.7
5/16/2025,12:00,287.621
5/16/2025,18:00,291.032
5/17/2025,0:00,291.865
5/17/2025,6:00,290.075
5/17/2025,12:00,289.944
5/17/2025,18:00,293.099
5/18/2025,0:00,293.37
5/18/2025,6:00,291.695
5/18/2025,12:00,291.351
5/18/2025,18:00,294.58
5/19/2025,0:00,289.93
5/19/2025,6:00,288.927
5/19/2025,12:00,288.499
5/19/2025,18:00,291.8
5/20/2025,0:00,293.035
5/20/2025,6:00,291.206
5/20/2025,12:00,289.736
5/20/2025,18:00,291.129
5/21/2025,0:00,289.831
5/21/2025,6:00,288.893
5/21/2025,12:00,288.4
5/21/2025,18:00,289.873
5/22/2025,0:00,288.253
5/22/2025,6:00,286.6
5/22/2025,12:00,285.5
5/22/2025,18:00,287.801
5/23/2025,0:00,286.159
5/23/2025,6:00,283.436
5/23/2025,12:00,283.041
5/23/2025,18:00,287.2
5/24/2025,0:00,288.6
5/24/2025,6:00,288.104
5/24/2025,12:00,288.952
5/24/2025,18:00,290.012
5/25/2025,0:00,289.248
5/25/2025,6:00,288.264
5/25/2025,12:00,288.696
5/25/2025,18:00,290.847
5/26/2025,0:00,292.889
5/26/2025,6:00,291.109
5/26/2025,12:00,290.103
5/26/2025,18:00,291.754
5/27/2025,0:00,293.228
5/27/2025,6:00,292.904
5/27/2025,12:00,292.264
5/27/2025,18:00,293.389
5/28/2025,0:00,291.47
5/28/2025,6:00,286.704
5/28/2025,12:00,283.877
5/28/2025,18:00,281.154
5/29/2025,0:00,278.904
5/29/2025,6:00,278.73
5/29/2025,12:00,279.028
5/29/2025,18:00,278.995
5/30/2025,0:00,280.71
5/30/2025,6:00,279.51
5/30/2025,12:00,277.765
5/30/2025,18:00,280.594
5/31/2025,0:00,281.971
5/31/2025,6:00,280.772
5/31/2025,12:00,280.2
5/31/2025,18:00,283.2
6/1/2025,0:00,282.3
6/1/2025,6:00,280.381
6/1/2025,12:00,279.3
6/1/2025,18:00,282.604
6/2/2025,0:00,283.404
6/2/2025,6:00,282.736
6/2/2025,12:00,282.921
6/2/2025,18:00,285.8
6/3/2025,0:00,286.116
6/3/2025,6:00,286.614
6/3/2025,12:00,287.136
6/3/2025,18:00,287.485
6/4/2025,0:00,288.208
6/4/2025,6:00,288.585
6/4/2025,12:00,288.952
6/4/2025,18:00,289.7
6/5/2025,0:00,289.568
6/5/2025,6:00,289.8
6/5/2025,12:00,289.113
6/5/2025,18:00,291.203
6/6/2025,0:00,289.668
6/6/2025,6:00,286.383
6/6/2025,12:00,284.485
6/6/2025,18:00,286.904
6/7/2025,0:00,285.4
6/7/2025,6:00,283.329
6/7/2025,12:00,282.551
6/7/2025,18:00,285.67
6/8/2025,0:00,285.433
6/8/2025,6:00,283.904
6/8/2025,12:00,282.436
6/8/2025,18:00,283.849
6/9/2025,0:00,283.376
6/9/2025,6:00,281.324
6/9/2025,12:00,280.145
6/9/2025,18:00,282.797
6/10/2025,0:00,281.874
6/10/2025,6:00,279.278
6/10/2025,12:00,278.617
6/10/2025,18:00,281.773
6/11/2025,0:00,281.648
6/11/2025,6:00,279.219
6/11/2025,12:00,278.352
6/11/2025,18:00,281.131
6/12/2025,0:00,281.21
6/12/2025,6:00,279.788
6/12/2025,12:00,279.261
6/12/2025,18:00,281.924
6/13/2025,0:00,283.078
6/13/2025,6:00,281.884
6/13/2025,12:00,281.466
6/13/2025,18:00,283.829
6/14/2025,0:00,286.284
6/14/2025,6:00,286.381
6/14/2025,12:00,286.406
6/14/2025,18:00,286.863
6/15/2025,0:00,287.384
6/15/2025,6:00,286.79
6/15/2025,12:00,284.2
6/15/2025,18:00,284.129
6/16/2025,0:00,282.377
6/16/2025,6:00,281.225
6/16/2025,12:00,281.148
6/16/2025,18:00,285.8
6/17/2025,0:00,291.684
6/17/2025,6:00,291.706
6/17/2025,12:00,290.252
6/17/2025,18:00,292.729
6/18/2025,0:00,290.924
6/18/2025,6:00,290.858
6/18/2025,12:00,289.374
6/18/2025,18:00,289.764
6/19/2025,0:00,290.231
6/19/2025,6:00,289.047
6/19/2025,12:00,288.833
6/19/2025,18:00,288.382
6/20/2025,0:00,287.642
6/20/2025,6:00,287.842
6/20/2025,12:00,286.273
6/20/2025,18:00,286.229
6/21/2025,0:00,286.056
6/21/2025,6:00,284.431
6/21/2025,12:00,285.464
6/21/2025,18:00,286.26
6/22/2025,0:00,283.404
6/22/2025,6:00,283.026
6/22/2025,12:00,283.039
6/22/2025,18:00,286.061
6/23/2025,0:00,288.029
6/23/2025,6:00,285.012
6/23/2025,12:00,281.148
6/23/2025,18:00,280.457
6/24/2025,0:00,275.684
6/24/2025,6:00,273.658
6/24/2025,12:00,272.502
6/24/2025,18:00,275.135
6/25/2025,0:00,276.024
6/25/2025,6:00,274.7
6/25/2025,12:00,274.365
6/25/2025,18:00,278.01
6/26/2025,0:00,281.506
6/26/2025,6:00,282.645
6/26/2025,12:00,282.498
6/26/2025,18:00,283.109
6/27/2025,0:00,284.535
6/27/2025,6:00,281.778
6/27/2025,12:00,281.118
6/27/2025,18:00,283.285
6/28/2025,0:00,283.812
6/28/2025,6:00,284.41
6/28/2025,12:00,285.656
6/28/2025,18:00,287.484
6/29/2025,0:00,287.205
6/29/2025,6:00,285.744
6/29/2025,12:00,284.272
6/29/2025,18:00,283.516
6/30/2025,0:00,282.674
6/30/2025,6:00,281.497
6/30/2025,12:00,279.929
6/30/2025,18:00,278.51
7/1/2025,0:00,275.746
7/1/2025,6:00,272.975
7/1/2025,12:00,272.695
7/1/2025,18:00,275.218
7/2/2025,0:00,274.324
7/2/2025,6:00,273.236
7/2/2025,12:00,272.836
7/2/2025,18:00,276.046
7/3/2025,0:00,276.7
7/3/2025,6:00,276.003
7/3/2025,12:00,275.658
7/3/2025,18:00,279.009
7/4/2025,0:00,281.706
7/4/2025,6:00,280.7
7/4/2025,12:00,280.448
7/4/2025,18:00,283.012
7/5/2025,0:00,283.369
7/5/2025,6:00,282.4
7/5/2025,12:00,281.908
7/5/2025,18:00,284.569
7/6/2025,0:00,284.5
7/6/2025,6:00,282.856
7/6/2025,12:00,281.943
7/6/2025,18:00,284.668
7/7/2025,0:00,284.7
7/7/2025,6:00,283.784
7/7/2025,12:00,283.017
7/7/2025,18:00,286.095
7/8/2025,0:00,286.963
7/8/2025,6:00,285.89
7/8/2025,12:00,284.891
7/8/2025,18:00,287.154
7/9/2025,0:00,285.419
7/9/2025,6:00,283.302
7/9/2025,12:00,282.028
7/9/2025,18:00,284.672
7/10/2025,0:00,284.477
7/10/2025,6:00,283.895
7/10/2025,12:00,282.9
7/10/2025,18:00,285.735
7/11/2025,0:00,285.937
7/11/2025,6:00,284.355
7/11/2025,12:00,284.5
7/11/2025,18:00,287.367
7/12/2025,0:00,287.101
7/12/2025,6:00,285.704
7/12/2025,12:00,285.355
7/12/2025,18:00,287.6
7/13/2025,0:00,287.894
7/13/2025,6:00,288.705
7/13/2025,12:00,287.101
7/13/2025,18:00,289.306
7/14/2025,0:00,288.236
7/14/2025,6:00,287.674
7/14/2025,12:00,286.194
7/14/2025,18:00,289.394
7/15/2025,0:00,288.737
7/15/2025,6:00,287.323
7/15/2025,12:00,286.271
7/15/2025,18:00,289.15
7/16/2025,0:00,289.128
7/16/2025,6:00,288.262
7/16/2025,12:00,287.302
7/16/2025,18:00,290.015
7/17/2025,0:00,291.015
7/17/2025,6:00,286.825
7/17/2025,12:00,282.199
7/17/2025,18:00,280.71
7/18/2025,0:00,279.782
7/18/2025,6:00,280.269
7/18/2025,12:00,280.4
7/18/2025,18:00,282.112
7/19/2025,0:00,281.8
7/19/2025,6:00,281.3
7/19/2025,12:00,280.7
7/19/2025,18:00,283.812
7/20/2025,0:00,284.236
7/20/2025,6:00,283.1
7/20/2025,12:00,282.763
7/20/2025,18:00,286.091
7/21/2025,0:00,286.543
7/21/2025,6:00,284.998
7/21/2025,12:00,284.245
7/21/2025,18:00,287.509
7/22/2025,0:00,287.582
7/22/2025,6:00,286.437
7/22/2025,12:00,286.027
7/22/2025,18:00,289.315
7/23/2025,0:00,288.519
7/23/2025,6:00,286.719
7/23/2025,12:00,286.418
7/23/2025,18:00,287.8
7/24/2025,0:00,285.437
7/24/2025,6:00,283.335
7/24/2025,12:00,282.421
7/24/2025,18:00,284.467
7/25/2025,0:00,286.433
7/25/2025,6:00,286.102
7/25/2025,12:00,285.954
7/25/2025,18:00,287.833
7/26/2025,0:00,288.842
7/26/2025,6:00,288.019
7/26/2025,12:00,287.3
7/26/2025,18:00,290.493
7/27/2025,0:00,291.457
7/27/2025,6:00,289.887
7/27/2025,12:00,288.269
7/27/2025,18:00,288.808
7/28/2025,0:00,288.734
7/28/2025,6:00,284.732
7/28/2025,12:00,282.868
7/28/2025,18:00,282.535
7/29/2025,0:00,280.037
7/29/2025,6:00,277.9
7/29/2025,12:00,276.889
7/29/2025,18:00,279.8
7/30/2025,0:00,279.525
7/30/2025,6:00,278.076
7/30/2025,12:00,277.439
7/30/2025,18:00,281.2
7/31/2025,0:00,282.6
7/31/2025,6:00,282.023
7/31/2025,12:00,282.092
7/31/2025,18:00,284.674
8/1/2025,0:00,286.644
8/1/2025,6:00,286.446
8/1/2025,12:00,285.359
8/1/2025,18:00,286.7
8/2/2025,0:00,291.024
8/2/2025,6:00,289.888
8/2/2025,12:00,288.678
8/2/2025,18:00,290.976
8/3/2025,0:00,290.212
8/3/2025,6:00,291.046
8/3/2025,12:00,288.714
8/3/2025,18:00,289.3
8/4/2025,0:00,289.3
8/4/2025,6:00,288.875
8/4/2025,12:00,288.888
8/4/2025,18:00,287.357
8/5/2025,0:00,284.111
8/5/2025,6:00,284.043
8/5/2025,12:00,284.197
8/5/2025,18:00,284.488
8/6/2025,0:00,285.6
8/6/2025,6:00,282.9
8/6/2025,12:00,284.029
8/6/2025,18:00,286.9
8/7/2025,0:00,286.5
8/7/2025,6:00,285.994
8/7/2025,12:00,286.425
8/7/2025,18:00,286.936
8/8/2025,0:00,285.978
8/8/2025,6:00,283
8/8/2025,12:00,281.066
8/8/2025,18:00,281.926
8/9/2025,0:00,279.372
8/9/2025,6:00,275.464
8/9/2025,12:00,274.8
8/9/2025,18:00,279.371
8/10/2025,0:00,281.273
8/10/2025,6:00,277.56
8/10/2025,12:00,276.406
8/10/2025,18:00,280.715
8/11/2025,0:00,280.601
8/11/2025,6:00,278.623
8/11/2025,12:00,278.052
8/11/2025,18:00,282.307
8/12/2025,0:00,281.749
8/12/2025,6:00,280.021
8/12/2025,12:00,279.676
8/12/2025,18:00,283.82
8/13/2025,0:00,284.114
8/13/2025,6:00,282.603
8/13/2025,12:00,281.548
8/13/2025,18:00,285.99
8/14/2025,0:00,284.798
8/14/2025,6:00,281.8
8/14/2025,12:00,281.053
8/14/2025,18:00,284.244
8/15/2025,0:00,281.251
8/15/2025,6:00,279.68
8/15/2025,12:00,279.463
8/15/2025,18:00,284.398
8/16/2025,0:00,286.302
8/16/2025,6:00,284.82
8/16/2025,12:00,284.253
8/16/2025,18:00,287.395
8/17/2025,0:00,287.654
8/17/2025,6:00,286.817
8/17/2025,12:00,285.099
8/17/2025,18:00,288.765
8/18/2025,0:00,287.403
8/18/2025,6:00,286.478
8/18/2025,12:00,286.579
8/18/2025,18:00,290.382
8/19/2025,0:00,291.108
8/19/2025,6:00,290.696
8/19/2025,12:00,289.7
8/19/2025,18:00,290.607
8/20/2025,0:00,286.215
8/20/2025,6:00,285.857
8/20/2025,12:00,283.444
8/20/2025,18:00,285.9
8/21/2025,0:00,285.3
8/21/2025,6:00,284.055
8/21/2025,12:00,283.502
8/21/2025,18:00,287.878
8/22/2025,0:00,289.918
8/22/2025,6:00,290.365
8/22/2025,12:00,291.006
8/22/2025,18:00,293.856
8/23/2025,0:00,295.296
8/23/2025,6:00,290.795
8/23/2025,12:00,290.394
8/23/2025,18:00,283.109
8/24/2025,0:00,281.221
8/24/2025,6:00,281.075
8/24/2025,12:00,280.511
8/24/2025,18:00,280.565
8/25/2025,0:00,281.147
8/25/2025,6:00,279.901
8/25/2025,12:00,278.886
8/25/2025,18:00,281.19
8/26/2025,0:00,281.611
8/26/2025,6:00,277.825
8/26/2025,12:00,277.683
8/26/2025,18:00,281.829
8/27/2025,0:00,282.817
8/27/2025,6:00,282.092
8/27/2025,12:00,281.763
8/27/2025,18:00,287.2
8/28/2025,0:00,286.26
8/28/2025,6:00,285.035
8/28/2025,12:00,284.096
8/28/2025,18:00,288.375
8/29/2025,0:00,287.653
8/29/2025,6:00,286.133
8/29/2025,12:00,285.6
8/29/2025,18:00,289.932
8/30/2025,0:00,289.755
8/30/2025,6:00,288.342
8/30/2025,12:00,287.6
8/30/2025,18:00,291.145
8/31/2025,0:00,290.968
8/31/2025,6:00,288.894
8/31/2025,12:00,288.243
8/31/2025,18:00,290.496
9/1/2025,0:00,292.124
9/1/2025,6:00,289.429
9/1/2025,12:00,288.398
9/1/2025,18:00,290.602
9/2/2025,0:00,292.394
9/2/2025,6:00,289.918
9/2/2025,12:00,289.367
9/2/2025,18:00,292.197
9/3/2025,0:00,294.029
9/3/2025,6:00,293.257
9/3/2025,12:00,292.6
9/3/2025,18:00,292.855
9/4/2025,0:00,295.681
9/4/2025,6:00,293.677
9/4/2025,12:00,290.063
9/4/2025,18:00,284.6
9/5/2025,0:00,283.1
9/5/2025,6:00,282.337
9/5/2025,12:00,281.2
9/5/2025,18:00,280.629
9/6/2025,0:00,279.978
9/6/2025,6:00,277.758
9/6/2025,12:00,276.442
9/6/2025,18:00,280.329
9/7/2025,0:00,280.251
9/7/2025,6:00,279.173
9/7/2025,12:00,279.4
9/7/2025,18:00,286.451
9/8/2025,0:00,288.764
9/8/2025,6:00,288.802
9/8/2025,12:00,288.94
9/8/2025,18:00,289.5
9/9/2025,0:00,289
9/9/2025,6:00,286.976
9/9/2025,12:00,285.169
9/9/2025,18:00,286.682
9/10/2025,0:00,284.902
9/10/2025,6:00,282.937
9/10/2025,12:00,282.265
9/10/2025,18:00,288.017
9/11/2025,0:00,286.953
9/11/2025,6:00,285.944
9/11/2025,12:00,284.447
9/11/2025,18:00,289.603
9/12/2025,0:00,286.455
9/12/2025,6:00,284.309
9/12/2025,12:00,282.284
9/12/2025,18:00,287.104
9/13/2025,0:00,284.664
9/13/2025,6:00,282.765
9/13/2025,12:00,283.286
9/13/2025,18:00,290.255
9/14/2025,0:00,291.141
9/14/2025,6:00,289.605
9/14/2025,12:00,288.53
9/14/2025,18:00,289.836
9/15/2025,0:00,290.918
9/15/2025,6:00,290.343
9/15/2025,12:00,289.707
9/15/2025,18:00,293.008
9/16/2025,0:00,290.546
9/16/2025,6:00,288.841
9/16/2025,12:00,287.928
9/16/2025,18:00,292.103
9/17/2025,0:00,289.4
9/17/2025,6:00,286.596
9/17/2025,12:00,285.303
9/17/2025,18:00,291.716
9/18/2025,0:00,290.165
9/18/2025,6:00,288.375
9/18/2025,12:00,288.235
9/18/2025,18:00,292.362
9/19/2025,0:00,292.269
9/19/2025,6:00,291.257
9/19/2025,12:00,289.462
9/19/2025,18:00,293.735
9/20/2025,0:00,293.251
9/20/2025,6:00,291.654
9/20/2025,12:00,291.048
9/20/2025,18:00,295.175
9/21/2025,0:00,294.113
9/21/2025,6:00,291.214
9/21/2025,12:00,291.268
9/21/2025,18:00,293.266
9/22/2025,0:00,293.068
9/22/2025,6:00,289.359
9/22/2025,12:00,284.398
9/22/2025,18:00,284.829
9/23/2025,0:00,283.372
9/23/2025,6:00,281.507
9/23/2025,12:00,280.715
9/23/2025,18:00,287.128
9/24/2025,0:00,284.773
9/24/2025,6:00,283.112
9/24/2025,12:00,282.296
9/24/2025,18:00,288.188
9/25/2025,0:00,285.877
9/25/2025,6:00,282.543
9/25/2025,12:00,282.186
9/25/2025,18:00,287.773
9/26/2025,0:00,286.306
9/26/2025,6:00,284.251
9/26/2025,12:00,283.212
9/26/2025,18:00,287.448
9/27/2025,0:00,287.701
9/27/2025,6:00,285.343
9/27/2025,12:00,284.967
9/27/2025,18:00,289.309
9/28/2025,0:00,288.996
9/28/2025,6:00,288.99
9/28/2025,12:00,286.463
9/28/2025,18:00,286.5
9/29/2025,0:00,286.512
9/29/2025,6:00,284.626
9/29/2025,12:00,283.575
9/29/2025,18:00,291.856
9/30/2025,0:00,293.6
9/30/2025,6:00,290.612
9/30/2025,12:00,289.445
9/30/2025,18:00,290.65
10/1/2025,0:00,290.547
10/1/2025,6:00,288.361
10/1/2025,12:00,288.291
10/1/2025,18:00,291.136
10/2/2025,0:00,289.063
10/2/2025,6:00,288.177
10/2/2025,12:00,288.471
10/2/2025,18:00,290.708
10/3/2025,0:00,290.796
10/3/2025,6:00,291.01
10/3/2025,12:00,290.647
10/3/2025,18:00,291.004
10/4/2025,0:00,291.133
10/4/2025,6:00,289.124
10/4/2025,12:00,288.591
10/4/2025,18:00,293.655
10/5/2025,0:00,293.105
10/5/2025,6:00,292.56
10/5/2025,12:00,291.722
10/5/2025,18:00,294.942
10/6/2025,0:00,295.936
10/6/2025,6:00,295.066
10/6/2025,12:00,288.54
10/6/2025,18:00,287.948
10/7/2025,0:00,284.057
10/7/2025,6:00,284.414
10/7/2025,12:00,282.921
10/7/2025,18:00,286.188
10/8/2025,0:00,283.706
10/8/2025,6:00,281.555
10/8/2025,12:00,280.644
10/8/2025,18:00,287.686
10/9/2025,0:00,285.653
10/9/2025,6:00,283.692
10/9/2025,12:00,283.71
10/9/2025,18:00,289.903
10/10/2025,0:00,287.134
10/10/2025,6:00,285.136
10/10/2025,12:00,284.841
10/10/2025,18:00,291.794
10/11/2025,0:00,291.3
10/11/2025,6:00,289.108
10/11/2025,12:00,288.351
10/11/2025,18:00,294
10/12/2025,0:00,293.295
10/12/2025,6:00,292.17
10/12/2025,12:00,291.474
10/12/2025,18:00,289.554
10/13/2025,0:00,288.141
10/13/2025,6:00,288.862
10/13/2025,12:00,286.88
10/13/2025,18:00,290.546
10/14/2025,0:00,287.039
10/14/2025,6:00,285.449
10/14/2025,12:00,284.778
10/14/2025,18:00,290.721
10/15/2025,0:00,288.431
10/15/2025,6:00,286.727
10/15/2025,12:00,286.427
10/15/2025,18:00,293.137
10/16/2025,0:00,294.5
10/16/2025,6:00,292.698
10/16/2025,12:00,290.796
10/16/2025,18:00,291.906
10/17/2025,0:00,291.506
10/17/2025,6:00,290.436
10/17/2025,12:00,290.448
10/17/2025,18:00,291.428
10/18/2025,0:00,290.306
10/18/2025,6:00,290.136
10/18/2025,12:00,289.026
10/18/2025,18:00,288.109
10/19/2025,0:00,286.305
10/19/2025,6:00,281.738
10/19/2025,12:00,280.952
10/19/2025,18:00,286.361
10/20/2025,0:00,285.076
10/20/2025,6:00,282.782
10/20/2025,12:00,282.559
10/20/2025,18:00,288.548
10/21/2025,0:00,286.997
10/21/2025,6:00,284.515
10/21/2025,12:00,282.755
10/21/2025,18:00,288.239
10/22/2025,0:00,288.499
10/22/2025,6:00,285.856
10/22/2025,12:00,284.65
10/22/2025,18:00,289.419
10/23/2025,0:00,290.347
10/23/2025,6:00,287.297
10/23/2025,12:00,286.23
10/23/2025,18:00,290.514
10/24/2025,0:00,291.484
10/24/2025,6:00,289.42
10/24/2025,12:00,288.37
10/24/2025,18:00,291.477
10/25/2025,0:00,294.347
10/25/2025,6:00,291.987
10/25/2025,12:00,290.731
10/25/2025,18:00,294.479
10/26/2025,0:00,290.253
10/26/2025,6:00,289.673
10/26/2025,12:00,290.461
10/26/2025,18:00,290.02
10/27/2025,0:00,289.908
10/27/2025,6:00,289.368
10/27/2025,12:00,289.057
10/27/2025,18:00,293.59
10/28/2025,0:00,290.257
10/28/2025,6:00,287.306
10/28/2025,12:00,285.808
10/28/2025,18:00,288.406
10/29/2025,0:00,285.959
10/29/2025,6:00,285.188
10/29/2025,12:00,284.784
10/29/2025,18:00,286.01
10/30/2025,0:00,285.786
10/30/2025,6:00,284.091
10/30/2025,12:00,282.984
10/30/2025,18:00,288.733
10/31/2025,0:00,286.97
10/31/2025,6:00,284.521
10/31/2025,12:00,284
10/31/2025,18:00,290.852
11/1/2025,0:00,288.417
11/1/2025,6:00,287.6
11/1/2025,12:00,287.513
11/1/2025,18:00,294.645
11/2/2025,0:00,291.956
11/2/2025,6:00,290.437
11/2/2025,12:00,289.342
11/2/2025,18:00,293.662
11/3/2025,0:00,292.804
11/3/2025,6:00,290.21
11/3/2025,12:00,289.073
11/3/2025,18:00,291.17
11/4/2025,0:00,291.038
11/4/2025,6:00,289.46
11/4/2025,12:00,289.089
11/4/2025,18:00,296.579
11/5/2025,0:00,294.728
11/5/2025,6:00,292.898
11/5/2025,12:00,291.66
11/5/2025,18:00,295.147
11/6/2025,0:00,290.502
11/6/2025,6:00,286.688
11/6/2025,12:00,285.146
11/6/2025,18:00,290.445
11/7/2025,0:00,290.351
11/7/2025,6:00,288.711
11/7/2025,12:00,287.673
11/7/2025,18:00,288.838
11/8/2025,0:00,288.072
11/8/2025,6:00,286.054
11/8/2025,12:00,284.963
11/8/2025,18:00,286.016
11/9/2025,0:00,284.853
11/9/2025,6:00,283.387
11/9/2025,12:00,283.252
11/9/2025,18:00,289.722
11/10/2025,0:00,288.048
11/10/2025,6:00,285.759
11/10/2025,12:00,285.09
11/10/2025,18:00,292.008
11/11/2025,0:00,289.759
11/11/2025,6:00,287.305
11/11/2025,12:00,286.728
11/11/2025,18:00,294.48
11/12/2025,0:00,291.973
11/12/2025,6:00,290.534
11/12/2025,12:00,290.617
11/12/2025,18:00,291.931
11/13/2025,0:00,291.48
11/13/2025,6:00,290.57
11/13/2025,12:00,290.111
11/13/2025,18:00,295.424
11/14/2025,0:00,293.213
11/14/2025,6:00,290.136
11/14/2025,12:00,289.628
11/14/2025,18:00,295.708
11/15/2025,0:00,295.521
11/15/2025,6:00,292.764
11/15/2025,12:00,292.622
11/15/2025,18:00,298.246
11/16/2025,0:00,294.583
11/16/2025,6:00,292.857
11/16/2025,12:00,292.257
11/16/2025,18:00,296.065
11/17/2025,0:00,289.674
11/17/2025,6:00,288.883
11/17/2025,12:00,288.074
11/17/2025,18:00,288.731
11/18/2025,0:00,290.175
11/18/2025,6:00,286.444
11/18/2025,12:00,285.079
11/18/2025,18:00,289.773
11/19/2025,0:00,288.867
11/19/2025,6:00,287.354
11/19/2025,12:00,286.754
11/19/2025,18:00,292.938
11/20/2025,0:00,291.437
11/20/2025,6:00,288.745
11/20/2025,12:00,287.394
11/20/2025,18:00,296.036
11/21/2025,0:00,293.633
11/21/2025,6:00,291.879
11/21/2025,12:00,290.982
11/21/2025,18:00,297.766
11/22/2025,0:00,293.686
11/22/2025,6:00,290.366
11/22/2025,12:00,290.084
11/22/2025,18:00,293.916
11/23/2025,0:00,290.097
11/23/2025,6:00,287.039
11/23/2025,12:00,286.663
11/23/2025,18:00,292.508
11/24/2025,0:00,289.382
11/24/2025,6:00,288.779
11/24/2025,12:00,287.957
11/24/2025,18:00,294.208
11/25/2025,0:00,293.573
11/25/2025,6:00,289.043
11/25/2025,12:00,288.203
11/25/2025,18:00,295.765
11/26/2025,0:00,293.717
11/26/2025,6:00,291.39
11/26/2025,12:00,290.507
11/26/2025,18:00,298.556
11/27/2025,0:00,295.696
11/27/2025,6:00,292.498
11/27/2025,12:00,291.676
11/27/2025,18:00,298.848
11/28/2025,0:00,297.098
11/28/2025,6:00,294.171
11/28/2025,12:00,292.952
11/28/2025,18:00,301.225
11/29/2025,0:00,297.676
11/29/2025,6:00,294.718
11/29/2025,12:00,293.575
11/29/2025,18:00,301.755
11/30/2025,0:00,297.744
11/30/2025,6:00,295.752
11/30/2025,12:00,293.606
11/30/2025,18:00,301.509
12/1/2025,0:00,293.597
12/1/2025,6:00,291.974
12/1/2025,12:00,291.918
12/1/2025,18:00,297.831
12/2/2025,0:00,294.903
12/2/2025,6:00,292.74
12/2/2025,12:00,291.913
12/2/2025,18:00,297.42
12/3/2025,0:00,294.878
12/3/2025,6:00,290.582
12/3/2025,12:00,289.202
12/3/2025,18:00,296.284
12/4/2025,0:00,292.549
12/4/2025,6:00,289.369
12/4/2025,12:00,288.023
12/4/2025,18:00,295.096
12/5/2025,0:00,294.949
12/5/2025,6:00,290.623
12/5/2025,12:00,290.185
12/5/2025,18:00,298.756
12/6/2025,0:00,297.149
12/6/2025,6:00,295.426
12/6/2025,12:00,294.287
12/6/2025,18:00,300.788
12/7/2025,0:00,299.019
12/7/2025,6:00,296.371
12/7/2025,12:00,295.65
12/7/2025,18:00,302.885
12/8/2025,0:00,299.812
12/8/2025,6:00,296.013
12/8/2025,12:00,294.967
12/8/2025,18:00,295.361
12/9/2025,0:00,291.949
12/9/2025,6:00,292.268
12/9/2025,12:00,291.826
12/9/2025,18:00,294.082
12/10/2025,0:00,290.048
12/10/2025,6:00,290.763
12/10/2025,12:00,289.517
12/10/2025,18:00,288.804
12/11/2025,0:00,288.395
12/11/2025,6:00,286.191
12/11/2025,12:00,286.162
12/11/2025,18:00,293.502
12/12/2025,0:00,294.038
12/12/2025,6:00,291.648
12/12/2025,12:00,291.147
12/12/2025,18:00,292.282
12/13/2025,0:00,290.509
12/13/2025,6:00,288.783
12/13/2025,12:00,288.227
12/13/2025,18:00,295.754
12/14/2025,0:00,294.976
12/14/2025,6:00,293.128
12/14/2025,12:00,292.615
12/14/2025,18:00,298.987
12/15/2025,0:00,297.376
12/15/2025,6:00,294.493
12/15/2025,12:00,294.335
12/15/2025,18:00,299.795
12/16/2025,0:00,292.231
12/16/2025,6:00,290.592
12/16/2025,12:00,290.139
12/16/2025,18:00,293.341
12/17/2025,0:00,289.549
12/17/2025,6:00,286.668
12/17/2025,12:00,285.328
12/17/2025,18:00,293.218
12/18/2025,0:00,291.099
12/18/2025,6:00,288.064
12/18/2025,12:00,287.367
12/18/2025,18:00,296.05
12/19/2025,0:00,294.757
12/19/2025,6:00,292.171
12/19/2025,12:00,290.874
12/19/2025,18:00,298.484
12/20/2025,0:00,296.193
12/20/2025,6:00,293.11
12/20/2025,12:00,292.17
12/20/2025,18:00,297.765
12/21/2025,0:00,299.041
12/21/2025,6:00,295.722
12/21/2025,12:00,295.326
12/21/2025,18:00,299.824
12/22/2025,0:00,292.809
12/22/2025,6:00,293.394
12/22/2025,12:00,293.965
12/22/2025,18:00,295.42
12/23/2025,0:00,294.086
12/23/2025,6:00,293.561
12/23/2025,12:00,293.487
12/23/2025,18:00,297.43
12/24/2025,0:00,294.803
12/24/2025,6:00,293.748
12/24/2025,12:00,293.905
12/24/2025,18:00,295.304
12/25/2025,0:00,295.293
12/25/2025,6:00,293.951
12/25/2025,12:00,293.288
12/25/2025,18:00,294.223
12/26/2025,0:00,294.655
12/26/2025,6:00,292.987
12/26/2025,12:00,292.759
12/26/2025,18:00,296.709
12/27/2025,0:00,296.039
12/27/2025,6:00,294.418
12/27/2025,12:00,294.021
12/27/2025,18:00,299.403
12/28/2025,0:00,294.569
12/28/2025,6:00,293.927
12/28/2025,12:00,293.749
12/28/2025,18:00,299.936
12/29/2025,0:00,293.782
12/29/2025,6:00,293.22
12/29/2025,12:00,293.54
12/29/2025,18:00,298.304
12/30/2025,0:00,294.959
12/30/2025,6:00,293.753
12/30/2025,12:00,293.463
12/30/2025,18:00,294.754
12/31/2025,0:00,293.954
12/31/2025,6:00,293.767
12/31/2025,12:00,293.939
12/31/2025,18:00,295.774
1/1/2026,0:00,294.901
1/1/2026,6:00,293.888
1/1/2026,12:00,293.512
1/1/2026,18:00,297.085
1/2/2026,0:00,295.683
1/2/2026,6:00,293.734
1/2/2026,12:00,292.958
1/2/2026,18:00,298.594
1/3/2026,0:00,296.199
1/3/2026,6:00,293.223
1/3/2026,12:00,292.631
1/3/2026,18:00,294.849
1/4/2026,0:00,290.359
1/4/2026,6:00,286.04
1/4/2026,12:00,284.184
1/4/2026,18:00,289.265
1/5/2026,0:00,286.696
1/5/2026,6:00,285.015
1/5/2026,12:00,283.178
1/5/2026,18:00,289.854
1/6/2026,0:00,289.328
1/6/2026,6:00,286.626
1/6/2026,12:00,286.154
1/6/2026,18:00,293.769
1/7/2026,0:00,293.936
1/7/2026,6:00,291.984
1/7/2026,12:00,291.21
1/7/2026,18:00,297.325
1/8/2026,0:00,295.401
1/8/2026,6:00,291.894
1/8/2026,12:00,291.69
1/8/2026,18:00,297.844
1/9/2026,0:00,294.346
1/9/2026,6:00,292.493
1/9/2026,12:00,291.782
1/9/2026,18:00,295.358
1/10/2026,0:00,294.448
1/10/2026,6:00,291.89
1/10/2026,12:00,292.44
1/10/2026,18:00,291.471
1/11/2026,0:00,292.199
1/11/2026,6:00,291.777
1/11/2026,12:00,291.468
1/11/2026,18:00,293.117
1/12/2026,0:00,288.915
1/12/2026,6:00,287.916
1/12/2026,12:00,287.194
1/12/2026,18:00,292.311
1/13/2026,0:00,291.718
1/13/2026,6:00,289.992
1/13/2026,12:00,289.159
1/13/2026,18:00,295.395
1/14/2026,0:00,294.244
1/14/2026,6:00,292.17
1/14/2026,12:00,292.221
1/14/2026,18:00,297.59
1/15/2026,0:00,295.171
1/15/2026,6:00,292.827
1/15/2026,12:00,292.096
1/15/2026,18:00,298.361
1/16/2026,0:00,296.028
1/16/2026,6:00,294.773
1/16/2026,12:00,292.879
1/16/2026,18:00,294.831
1/17/2026,0:00,294.41
1/22/2026,18:00,294
1/23/2026,0:00,292.143
1/23/2026,6:00,288.641
1/23/2026,12:00,287.311
1/23/2026,18:00,294.491
1/24/2026,0:00,292.305
1/24/2026,6:00,288.97
1/24/2026,12:00,287.863
1/24/2026,18:00,294.671
1/25/2026,0:00,293.494
1/25/2026,6:00,291.482
1/25/2026,12:00,290.026
1/25/2026,18:00,296.004
1/26/2026,0:00,295.128
1/26/2026,6:00,293.508
1/26/2026,12:00,291.459
1/26/2026,18:00,297.14
1/27/2026,0:00,296.147
1/27/2026,6:00,293.254
1/27/2026,12:00,292.736
1/27/2026,18:00,299.009
1/28/2026,0:00,296.672
1/28/2026,6:00,293.84
1/28/2026,12:00,293.037
1/28/2026,18:00,299.826
1/29/2026,0:00,292.566
1/29/2026,6:00,291.652
1/29/2026,12:00,292.221
1/29/2026,18:00,297.79
1/30/2026,0:00,291.044
1/30/2026,6:00,289.927
1/30/2026,12:00,290.093
1/30/2026,18:00,294.758
1/31/2026,0:00,294.273
1/31/2026,6:00,289.831
1/31/2026,12:00,289.05
1/31/2026,18:00,295.155
2/1/2026,0:00,293.134
2/1/2026,6:00,289.986
2/1/2026,12:00,288.994
2/1/2026,18:00,296.455
2/2/2026,0:00,293.444
2/2/2026,6:00,290.366
2/2/2026,12:00,289.219
2/2/2026,18:00,295.901
2/3/2026,0:00,294.192
2/3/2026,6:00,293.717
2/3/2026,12:00,291.059
2/3/2026,18:00,297.542
2/4/2026,0:00,294.755
2/4/2026,6:00,292.16
2/4/2026,12:00,291.284
2/4/2026,18:00,297.992
2/5/2026,0:00,295.193
2/5/2026,6:00,293.82
2/5/2026,12:00,292.256
2/5/2026,18:00,299.009
2/6/2026,0:00,296.601
2/6/2026,6:00,294.444
2/6/2026,12:00,292.481
2/6/2026,18:00,299.63
2/7/2026,0:00,297.913
2/7/2026,6:00,293.066
2/7/2026,12:00,291.329
2/7/2026,18:00,297.757
2/8/2026,0:00,292.142
2/8/2026,6:00,289.09
2/8/2026,12:00,289.141
2/8/2026,18:00,294.648
2/9/2026,0:00,293.745
2/9/2026,6:00,290.167
2/9/2026,12:00,290.044
2/9/2026,18:00,298.383
2/10/2026,0:00,296.673
2/10/2026,6:00,294.569
2/10/2026,12:00,292.608
2/10/2026,18:00,300.147
2/11/2026,0:00,297.286
2/11/2026,6:00,293.996
2/11/2026,12:00,293.896
2/11/2026,18:00,301.92
2/12/2026,0:00,298.531
2/12/2026,6:00,295.762
2/12/2026,12:00,294.845
2/12/2026,18:00,302.635
2/13/2026,0:00,299.943
2/13/2026,6:00,292.755
2/13/2026,12:00,292.03
2/13/2026,18:00,298.235
2/14/2026,0:00,299.521
2/14/2026,6:00,294.07
2/14/2026,12:00,292.697
2/14/2026,18:00,297.475
2/15/2026,0:00,294.074
2/15/2026,6:00,293.253
2/15/2026,12:00,293.937
2/15/2026,18:00,294.746
2/16/2026,0:00,295.762
2/16/2026,6:00,293.374
2/16/2026,12:00,293.015
2/16/2026,18:00,298.291
2/17/2026,0:00,296.502
2/17/2026,6:00,294.467
2/17/2026,12:00,294.047
2/17/2026,18:00,299.231
2/18/2026,0:00,295.405
2/18/2026,6:00,293.601
2/18/2026,12:00,293.659
2/18/2026,18:00,298
2/19/2026,0:00,297.395
2/19/2026,6:00,294.475
2/19/2026,12:00,293.739
2/19/2026,18:00,301.013
2/20/2026,0:00,294.685
2/20/2026,6:00,294.279
2/20/2026,12:00,292.684
2/20/2026,18:00,294.999
2/21/2026,0:00,295.887
2/21/2026,6:00,290.852
2/21/2026,12:00,289.895
2/21/2026,18:00,296.024
2/22/2026,0:00,297.041
2/22/2026,6:00,293.312
2/22/2026,12:00,291.602
2/22/2026,18:00,297.319
2/23/2026,0:00,294.362
2/23/2026,6:00,292.949
2/23/2026,12:00,292.105
2/23/2026,18:00,291.715
2/24/2026,0:00,292.62
2/24/2026,6:00,291.828
2/24/2026,12:00,291.285
2/24/2026,18:00,295.967
2/25/2026,0:00,293.915
2/25/2026,6:00,292.323
2/25/2026,12:00,291.43
2/25/2026,18:00,295.489
2/26/2026,0:00,294.304
2/26/2026,6:00,289.526
2/26/2026,12:00,287.8
2/26/2026,18:00,293.287
2/27/2026,0:00,291.051
2/27/2026,6:00,287.528
2/27/2026,12:00,284.597
2/27/2026,18:00,293.718
2/28/2026,0:00,292.045
2/28/2026,6:00,288.35
2/28/2026,12:00,286.604
2/28/2026,18:00,295.636
3/1/2026,0:00,294.111
3/1/2026,6:00,288.832
3/1/2026,12:00,287.574
3/1/2026,18:00,296.585
3/2/2026,0:00,296.182
3/2/2026,6:00,289.606
3/2/2026,12:00,289.183
3/2/2026,18:00,298.646
3/3/2026,0:00,299.673
3/3/2026,6:00,293.518
3/3/2026,12:00,291.832
3/3/2026,18:00,300.9
3/4/2026,0:00,299.116
3/4/2026,6:00,294.413
3/4/2026,12:00,293.429
3/4/2026,18:00,302.216
3/5/2026,0:00,294.786
3/5/2026,6:00,294.335
3/5/2026,12:00,293.61
3/5/2026,18:00,300.972
3/6/2026,0:00,298.682
3/6/2026,6:00,293.821
3/6/2026,12:00,292.735
3/6/2026,18:00,298.799
3/7/2026,0:00,293.142
3/7/2026,6:00,291.822
3/7/2026,12:00,292.048
3/7/2026,18:00,296.568
3/8/2026,0:00,294.226
3/8/2026,6:00,291.733
3/8/2026,12:00,290.642
3/8/2026,18:00,295.401
3/9/2026,0:00,294.859
3/9/2026,6:00,291.433
3/9/2026,12:00,289.886
3/9/2026,18:00,292.233
3/10/2026,0:00,293.845
3/10/2026,6:00,291.516
3/10/2026,12:00,292.432
3/10/2026,18:00,294.323
3/11/2026,0:00,294.301
3/11/2026,6:00,292.084
3/11/2026,12:00,292.164
3/11/2026,18:00,295.744
3/12/2026,0:00,291.678
3/12/2026,6:00,291.031
3/12/2026,12:00,291.109
3/12/2026,18:00,295.952
3/13/2026,0:00,295.418
3/13/2026,6:00,290.851
3/13/2026,12:00,289.854
3/13/2026,18:00,296.511
3/14/2026,0:00,294.085
3/14/2026,6:00,291.135
3/14/2026,12:00,288.582
3/14/2026,18:00,296.084
3/15/2026,0:00,295.357
3/15/2026,6:00,291.301
3/15/2026,12:00,289.9
3/15/2026,18:00,299.806
3/16/2026,0:00,298.955
3/16/2026,6:00,295.016
3/16/2026,12:00,294.551
3/16/2026,18:00,301.659
3/17/2026,0:00,294.377
3/17/2026,6:00,292.858
3/17/2026,12:00,292.298
3/17/2026,18:00,293.839
3/18/2026,0:00,292.981
3/18/2026,6:00,292.813
3/18/2026,12:00,292.322
3/18/2026,18:00,296.436
3/19/2026,0:00,295.277
3/19/2026,6:00,292.299
3/19/2026,12:00,291.625
3/19/2026,18:00,297.371
3/20/2026,0:00,296.965
3/20/2026,6:00,292.344
3/20/2026,12:00,290.812
3/20/2026,18:00,300.376
3/21/2026,0:00,297.593
3/21/2026,6:00,294.021
3/21/2026,12:00,293.946
3/21/2026,18:00,300.337
3/22/2026,0:00,296.45
3/22/2026,6:00,293.143
3/22/2026,12:00,293.133
3/22/2026,18:00,297.711
3/23/2026,0:00,295.837
3/23/2026,6:00,294.693
3/23/2026,12:00,294.557
3/23/2026,18:00,298.325
3/24/2026,0:00,293.345
3/24/2026,6:00,292.8
3/24/2026,12:00,291.972
3/24/2026,18:00,292.333
3/25/2026,0:00,293.3
3/25/2026,6:00,292.9
3/25/2026,12:00,293.254
3/25/2026,18:00,296.434
3/26/2026,0:00,295.258
3/26/2026,12:00,293.058
3/26/2026,18:00,298.316
3/27/2026,0:00,297.216
3/27/2026,6:00,294.405
3/27/2026,12:00,294.012
3/27/2026,18:00,299.834
3/28/2026,0:00,298.165
3/28/2026,6:00,296.014
3/28/2026,12:00,295.009
3/28/2026,18:00,300.384
3/29/2026,0:00,298.457
3/29/2026,6:00,295.903
3/29/2026,12:00,294.424
3/29/2026,18:00,300.189
3/30/2026,0:00,297.29
3/30/2026,6:00,295.469
3/30/2026,12:00,294.759
3/30/2026,18:00,300.79
3/31/2026,0:00,298.004
3/31/2026,6:00,293.83
3/31/2026,12:00,292.981
3/31/2026,18:00,298.544
4/1/2026,0:00,296.31
4/1/2026,6:00,292.167
4/1/2026,12:00,290.941
4/1/2026,18:00,297.138
4/2/2026,0:00,296.282
4/2/2026,6:00,294.222
4/2/2026,12:00,292.327
4/2/2026,18:00,297.839
4/3/2026,0:00,296.276
4/3/2026,6:00,293.608
4/3/2026,12:00,291.709
4/3/2026,18:00,298.913
4/4/2026,0:00,298.08
4/4/2026,6:00,294.647
4/4/2026,12:00,293.355
4/4/2026,18:00,300.111
4/5/2026,0:00,297.944
4/5/2026,6:00,292.464
4/5/2026,12:00,292.125
4/5/2026,18:00,296.7
4/6/2026,0:00,291.8
4/6/2026,6:00,290.74
4/6/2026,12:00,291.649
4/6/2026,18:00,296.482
4/7/2026,0:00,293.23
4/7/2026,6:00,293.726
4/7/2026,12:00,293.222
4/7/2026,18:00,296.867
4/8/2026,0:00,291.948
4/8/2026,6:00,290.075
4/8/2026,12:00,289.239
4/8/2026,18:00,289.801
4/9/2026,0:00,289.31
4/9/2026,6:00,289.5
4/9/2026,12:00,289.051
4/9/2026,18:00,289.951
4/10/2026,0:00,287.619
4/10/2026,6:00,285.443
4/10/2026,12:00,284.62
4/10/2026,18:00,290.287
4/11/2026,0:00,288.705
4/11/2026,6:00,286.797
4/11/2026,12:00,286.41
4/11/2026,18:00,293.133
4/12/2026,0:00,291.248
4/12/2026,6:00,291.095
4/12/2026,12:00,289.697
4/12/2026,18:00,290.422
4/13/2026,0:00,290.1
4/13/2026,6:00,288.977
4/13/2026,12:00,288.782
4/13/2026,18:00,292.479
4/14/2026,0:00,294.993
4/14/2026,6:00,291.667
4/14/2026,12:00,291.2
4/14/2026,18:00,296.021
4/15/2026,0:00,295.662
4/15/2026,6:00,293.425
4/15/2026,12:00,292.408
4/15/2026,18:00,295.462
4/16/2026,0:00,293.2
4/16/2026,6:00,292.643
4/16/2026,12:00,292.027
4/16/2026,18:00,292.9
4/17/2026,0:00,291.319
4/17/2026,6:00,289.681
4/17/2026,12:00,288.988
4/17/2026,18:00,291.243
4/18/2026,0:00,289.813
4/18/2026,6:00,288.055
4/18/2026,12:00,287.233
4/18/2026,18:00,291.501
4/19/2026,0:00,291.075
4/19/2026,6:00,288.861
4/19/2026,12:00,288.072
4/19/2026,18:00,293.878
4/20/2026,0:00,294.071
4/20/2026,6:00,291.054
4/20/2026,12:00,290.523
4/20/2026,18:00,296.1
4/21/2026,0:00,292.909
4/21/2026,6:00,290.53
4/21/2026,12:00,290.899
4/21/2026,18:00,292.032
4/22/2026,0:00,293.168
4/22/2026,6:00,292.135
4/22/2026,12:00,291.487
4/22/2026,18:00,295.701
4/23/2026,0:00,293.101
4/23/2026,6:00,291.6
4/23/2026,12:00,290.941
4/23/2026,18:00,294.7
4/24/2026,0:00,292.856
4/24/2026,6:00,291.379
4/24/2026,12:00,291.117
4/24/2026,18:00,292.169
4/25/2026,0:00,291.223
4/25/2026,6:00,290.953
4/25/2026,12:00,291.084
4/25/2026,18:00,291.842
4/26/2026,0:00,292.134
4/26/2026,6:00,290.966
4/26/2026,12:00,290.881
4/26/2026,18:00,292.408
4/27/2026,0:00,290.826
4/27/2026,6:00,287.458
4/27/2026,12:00,283.203
4/27/2026,18:00,284.8
4/28/2026,0:00,282.699
4/28/2026,6:00,280.321
4/28/2026,12:00,279.708
4/28/2026,18:00,284.276
4/29/2026,0:00,285
4/29/2026,6:00,283.635
4/29/2026,12:00,283.733
4/29/2026,18:00,288.867
4/30/2026,0:00,288.325
4/30/2026,6:00,286.102
4/30/2026,12:00,285.398
4/30/2026,18:00,290.329
5/1/2026,0:00,291.529
5/1/2026,6:00,290.969
5/1/2026,12:00,290.531
5/1/2026,18:00,294.317
5/2/2026,0:00,295.592
5/2/2026,6:00,292.1
5/2/2026,12:00,292.332
5/2/2026,18:00,292.547
5/3/2026,0:00,287.227
5/3/2026,6:00,282.182
5/3/2026,12:00,281.268
5/3/2026,18:00,284.6
5/4/2026,0:00,286.507
5/4/2026,6:00,287.3
5/4/2026,12:00,287.613
5/4/2026,18:00,291.091
5/5/2026,0:00,292.256
5/5/2026,6:00,291.242
5/5/2026,12:00,290.7
5/5/2026,18:00,294.702
5/6/2026,0:00,294.39
5/6/2026,6:00,293.375
5/6/2026,12:00,292.501
5/6/2026,18:00,295.582
5/7/2026,0:00,296.217
5/7/2026,6:00,295.235
5/7/2026,12:00,294.525
5/7/2026,18:00,295.04
5/8/2026,0:00,296.635
5/8/2026,6:00,284.799
5/8/2026,12:00,283.011
5/8/2026,18:00,284.644
5/9/2026,0:00,284
5/9/2026,6:00,280.205
5/9/2026,12:00,278.9
5/9/2026,18:00,281.927
5/10/2026,0:00,279.316
5/10/2026,6:00,278.188
5/10/2026,12:00,276.957
5/10/2026,18:00,279.99
5/11/2026,0:00,279.41
5/11/2026,6:00,277.611
5/11/2026,12:00,276.413
5/11/2026,18:00,280.309
5/12/2026,0:00,281.001
5/12/2026,6:00,279.737
5/12/2026,12:00,278.949
5/12/2026,18:00,283.585
5/13/2026,0:00,283.9
5/13/2026,6:00,282.7
5/13/2026,12:00,282.123
5/13/2026,18:00,285.517
5/14/2026,0:00,285.6
5/14/2026,6:00,284.006
5/14/2026,12:00,282.951
5/14/2026,18:00,287.042
5/15/2026,0:00,287.286
5/15/2026,6:00,283.968
5/15/2026,12:00,283.457
5/15/2026,18:00,287.338
5/16/2026,0:00,287.759
5/16/2026,6:00,286.826
5/16/2026,12:00,286.655
5/16/2026,18:00,288.865
5/17/2026,0:00,289.751
5/17/2026,6:00,287.652
5/17/2026,12:00,287
5/17/2026,18:00,289.325
5/18/2026,0:00,286.09
5/18/2026,6:00,284.98
5/18/2026,12:00,282.957
5/18/2026,18:00,283.929
5/19/2026,0:00,282.283
5/19/2026,6:00,280.464
5/19/2026,12:00,279.494
5/19/2026,18:00,283.431
5/20/2026,0:00,282.352
5/20/2026,6:00,279.667
5/20/2026,12:00,278.139
5/20/2026,18:00,282.377
5/21/2026,0:00,281.5
5/21/2026,6:00,279.158
5/21/2026,12:00,278.119
5/21/2026,18:00,282.236
5/22/2026,0:00,281.133
5/22/2026,6:00,279.165
5/22/2026,12:00,279.265
5/22/2026,18:00,282.8
5/23/2026,0:00,284.977
5/23/2026,6:00,282.11
5/23/2026,12:00,281.812
5/23/2026,18:00,286.159
5/24/2026,0:00,287.114
5/24/2026,6:00,284.083
5/24/2026,12:00,282.577
5/24/2026,18:00,286.506
5/25/2026,0:00,289.153
5/25/2026,6:00,287.059
5/25/2026,12:00,287.157
5/25/2026,18:00,290.019
5/26/2026,0:00,289.571
5/26/2026,6:00,289.065
5/26/2026,12:00,289.138
5/26/2026,18:00,289.806
5/27/2026,0:00,289.008
5/27/2026,6:00,285.257
5/27/2026,12:00,284.39
5/27/2026,18:00,287.138
5/28/2026,0:00,286.608
5/28/2026,6:00,284.476
5/28/2026,12:00,283.818
5/28/2026,18:00,288.191
5/29/2026,0:00,288.882
5/29/2026,6:00,288.239
5/29/2026,12:00,287.556
5/29/2026,18:00,289.1
5/30/2026,0:00,288.792
5/30/2026,6:00,287.345
5/30/2026,12:00,286.661
5/30/2026,18:00,289.3
5/31/2026,0:00,290.832
5/31/2026,6:00,289.659
5/31/2026,12:00,287.45
5/31/2026,18:00,289.524
6/1/2026,0:00,287.202
6/1/2026,6:00,284.203
6/1/2026,12:00,283.017
6/1/2026,18:00,286.298
6/2/2026,0:00,285.866
6/2/2026,6:00,283.944
6/2/2026,12:00,283
6/2/2026,18:00,286.563
6/3/2026,0:00,287.5
6/3/2026,6:00,286.501
6/3/2026,12:00,285.768
6/3/2026,18:00,288.817
6/4/2026,0:00,289.1
6/4/2026,6:00,286.616
6/4/2026,12:00,285.01
6/4/2026,18:00,288.584
6/5/2026,0:00,288.609
6/5/2026,6:00,287.272
6/5/2026,12:00,285.742
6/5/2026,18:00,289.1
6/6/2026,0:00,288.935
6/6/2026,6:00,287.344
6/6/2026,12:00,286.055
6/6/2026,18:00,289.217
6/7/2026,0:00,289.952
6/7/2026,6:00,288.118
6/7/2026,12:00,287.261
6/7/2026,18:00,289.926
6/8/2026,0:00,289.709
6/8/2026,6:00,287.573
6/8/2026,12:00,287.103
6/8/2026,18:00,288.545
6/9/2026,0:00,287.142
6/9/2026,6:00,286.719
6/9/2026,12:00,285.231
6/9/2026,18:00,286.046
6/10/2026,0:00,284.807
6/10/2026,6:00,284.044
6/10/2026,12:00,283.487
6/10/2026,18:00,286.233
6/11/2026,0:00,287.181
6/11/2026,6:00,287.877
6/11/2026,12:00,288.179
6/11/2026,18:00,288.458
6/12/2026,0:00,288.919
6/12/2026,6:00,285.381
6/12/2026,12:00,283.861
6/12/2026,18:00,284.151
6/13/2026,0:00,284.375
6/13/2026,6:00,283.298
6/13/2026,12:00,282.5
6/13/2026,18:00,285.303
6/14/2026,0:00,285.122
6/14/2026,6:00,283.305
6/14/2026,12:00,281.636
6/14/2026,18:00,283.588
6/15/2026,0:00,282.682
6/15/2026,6:00,280.173
6/15/2026,12:00,278.589
6/15/2026,18:00,281.5
6/16/2026,0:00,281.559
6/16/2026,6:00,279.102
6/16/2026,12:00,278.402
6/16/2026,18:00,281.8
6/17/2026,0:00,283.043
6/17/2026,6:00,281.708
6/17/2026,12:00,280.802
6/17/2026,18:00,284.235
6/18/2026,0:00,283.942
6/18/2026,6:00,282.989
6/18/2026,12:00,282.618
6/18/2026,18:00,285.058
6/19/2026,0:00,288.058
6/19/2026,6:00,287.216
6/19/2026,12:00,284.124
6/19/2026,18:00,284.837
6/20/2026,0:00,284.702
6/20/2026,6:00,283.261
6/20/2026,12:00,282.724
6/20/2026,18:00,282.778
6/21/2026,0:00,283.878
6/21/2026,6:00,280.561
6/21/2026,12:00,280.066
6/21/2026,18:00,282.838
6/22/2026,0:00,284.681
6/22/2026,6:00,284.505
6/22/2026,12:00,284.465
6/22/2026,18:00,282.631
6/23/2026,0:00,279.279
6/23/2026,6:00,277.633
6/23/2026,12:00,276.449
6/23/2026,18:00,278.903
6/24/2026,0:00,277.592
6/24/2026,6:00,276.696
6/24/2026,12:00,275.1
6/24/2026,18:00,278.33
6/25/2026,0:00,278.844
6/25/2026,6:00,277.656
6/25/2026,12:00,277.345
6/25/2026,18:00,280.355
6/26/2026,0:00,279.951
6/26/2026,6:00,278.381
6/26/2026,12:00,277.498
6/26/2026,18:00,280.892
6/27/2026,0:00,283.308
6/27/2026,6:00,283.345
6/27/2026,12:00,283.736
6/27/2026,18:00,287.097
6/28/2026,0:00,289.129
6/28/2026,6:00,288.195
6/28/2026,12:00,288.373
6/28/2026,18:00,289.58
6/29/2026,0:00,288.337
6/29/2026,6:00,284.364
6/29/2026,12:00,282.067
6/29/2026,18:00,283.267
6/30/2026,0:00,285.865
6/30/2026,6:00,282.934
6/30/2026,12:00,283.377
6/30/2026,18:00,286.036
7/1/2026,0:00,287.112
7/1/2026,6:00,287.19
7/1/2026,12:00,288.35
7/1/2026,18:00,289.6
7/2/2026,0:00,289.901
7/2/2026,6:00,289.886
7/2/2026,12:00,286.769
7/2/2026,18:00,285.2
7/3/2026,0:00,282.144
7/3/2026,6:00,280.2
7/3/2026,12:00,276.056
7/3/2026,18:00,276.545
7/4/2026,0:00,276.658
7/4/2026,6:00,275.016
7/4/2026,12:00,275.2
7/4/2026,18:00,278.512
7/5/2026,0:00,282.216
7/5/2026,6:00,281.489
7/5/2026,12:00,281.632
7/5/2026,18:00,285.316
7/6/2026,0:00,285.918
7/6/2026,6:00,284.898
7/6/2026,12:00,282.198
7/6/2026,18:00,281.896
7/7/2026,0:00,279.299
7/7/2026,6:00,276.78
7/7/2026,12:00,275.742
7/7/2026,18:00,278.715
7/8/2026,0:00,279.267
7/8/2026,6:00,278.119
7/8/2026,12:00,277.981
7/8/2026,18:00,281.406
7/9/2026,0:00,283.3
7/9/2026,6:00,281.947
7/9/2026,12:00,281.502
7/9/2026,18:00,284.952
7/10/2026,0:00,287
7/10/2026,6:00,287.239
7/10/2026,12:00,287.286
7/10/2026,18:00,288.701
7/11/2026,0:00,289.215
7/11/2026,6:00,289.148
7/11/2026,12:00,288.438
7/11/2026,18:00,290
7/12/2026,0:00,286.7
7/12/2026,6:00,286.535
7/12/2026,12:00,283.035
7/12/2026,18:00,283.945
7/13/2026,0:00,280.233
7/13/2026,6:00,278.233
7/13/2026,12:00,278.065
7/13/2026,18:00,281.533
7/14/2026,0:00,281.086
7/14/2026,6:00,280.2
7/14/2026,12:00,279.461
7/14/2026,18:00,282.261
7/15/2026,0:00,283.3
7/15/2026,6:00,282.939
7/15/2026,12:00,282.306
7/15/2026,18:00,284.845
7/16/2026,0:00,287.057
7/16/2026,6:00,286.568
7/16/2026,12:00,285.799
7/16/2026,18:00,288.123
7/17/2026,0:00,291.857
7/17/2026,6:00,291.356
7/17/2026,12:00,291.133
7/17/2026,18:00,292.491
7/18/2026,0:00,293.898
7/18/2026,6:00,293.965
7/18/2026,12:00,292.402
7/18/2026,18:00,293.108
7/19/2026,0:00,294.008
7/19/2026,6:00,292.7
7/19/2026,12:00,291.966
7/19/2026,18:00,292.512
7/20/2026,0:00,293.712
7/20/2026,6:00,290.343
7/20/2026,12:00,289.976
7/20/2026,18:00,292.289
7/21/2026,0:00,292.8
7/21/2026,6:00,290.177
7/21/2026,12:00,290.137
7/21/2026,18:00,291.568
7/22/2026,0:00,291.845
7/22/2026,6:00,290.161
7/22/2026,12:00,289.712
7/22/2026,18:00,288.423
7/23/2026,0:00,286.761
7/23/2026,6:00,286.767
7/23/2026,12:00,285.831
7/23/2026,18:00,287.086
7/24/2026,0:00,286.636
7/24/2026,6:00,283.3
7/24/2026,12:00,283.055
7/24/2026,18:00,286.852
7/25/2026,0:00,288.571
7/25/2026,6:00,287.6
7/25/2026,12:00,287.035
7/25/2026,18:00,289.5
7/26/2026,0:00,289.812
7/26/2026,6:00,290.03
7/26/2026,12:00,290.424
7/26/2026,18:00,290.599
7/27/2026,0:00,290.5
7/27/2026,6:00,289.624
7/27/2026,12:00,289.826
7/27/2026,18:00,292.1
7/28/2026,0:00,293.9
7/28/2026,6:00,292.498
7/28/2026,12:00,292.288
7/28/2026,18:00,292.4
7/29/2026,0:00,293.787
7/29/2026,6:00,291.148
7/29/2026,12:00,288.548
7/29/2026,18:00,291.632
7/30/2026,0:00,291.291
7/30/2026,6:00,288.472
7/30/2026,12:00,288.01
7/30/2026,18:00,289.528
7/31/2026,0:00,292.358
7/31/2026,6:00,291.284
7/31/2026,12:00,290.928
7/31/2026,18:00,292.503
8/1/2026,0:00,294.101
8/1/2026,6:00,291.303
8/1/2026,12:00,290.186
8/1/2026,18:00,291.557
8/2/2026,0:00,287.081
8/2/2026,6:00,286.664
