"Date","Time","Total precipitation@Ground or water surface"
6/13/2019,12:00,6.625
6/13/2019,18:00,6.75
6/14/2019,0:00,3.875
6/14/2019,6:00,3.625
6/14/2019,12:00,0.625
6/14/2019,18:00,0.0625
6/15/2019,0:00,0.5625
6/15/2019,6:00,0.125
6/15/2019,12:00,0.3125
6/15/2019,18:00,0.875
6/16/2019,0:00,0.0625
6/16/2019,6:00,0.0625
6/16/2019,12:00,0
6/16/2019,18:00,0.25
6/17/2019,0:00,0.0625
6/17/2019,6:00,0
6/17/2019,12:00,0
6/17/2019,18:00,1.125
6/18/2019,0:00,0.4375
6/18/2019,6:00,0.0625
6/18/2019,12:00,0.0625
6/18/2019,18:00,0.375
6/19/2019,0:00,0.625
6/19/2019,6:00,1.3125
6/19/2019,12:00,1.4375
6/19/2019,18:00,1.375
6/20/2019,0:00,0.25
6/20/2019,6:00,0
6/20/2019,12:00,0
6/20/2019,18:00,0
6/21/2019,0:00,0
6/21/2019,6:00,0
6/21/2019,12:00,0
6/21/2019,18:00,0
6/22/2019,0:00,0
6/22/2019,6:00,0
6/22/2019,12:00,0
6/22/2019,18:00,0
6/23/2019,0:00,0
6/23/2019,6:00,0
6/23/2019,12:00,0.375
6/23/2019,18:00,0.25
6/24/2019,0:00,0
6/24/2019,6:00,0
6/24/2019,12:00,0
6/24/2019,18:00,0
6/25/2019,0:00,0
6/25/2019,6:00,0
6/25/2019,12:00,0
6/25/2019,18:00,2.4375
6/26/2019,0:00,3.6875
6/26/2019,6:00,0.8125
6/26/2019,12:00,2.1875
6/26/2019,18:00,0.375
6/27/2019,0:00,0
6/27/2019,6:00,0
6/27/2019,12:00,0
6/27/2019,18:00,0
6/28/2019,0:00,0
6/28/2019,6:00,0
6/28/2019,12:00,4.4375
6/28/2019,18:00,6.125
6/29/2019,0:00,9.625
6/29/2019,6:00,10.375
6/29/2019,12:00,5.0625
6/29/2019,18:00,2.0625
6/30/2019,0:00,9.1875
6/30/2019,6:00,15.3125
6/30/2019,12:00,14.3125
6/30/2019,18:00,9.5625
7/1/2019,0:00,6.9375
7/1/2019,6:00,5.375
7/1/2019,12:00,0.625
7/1/2019,18:00,0.1875
7/2/2019,0:00,0
7/2/2019,6:00,0
7/2/2019,12:00,0
7/2/2019,18:00,0
7/3/2019,0:00,0
7/3/2019,6:00,0.0625
7/3/2019,12:00,0
7/3/2019,18:00,0
7/4/2019,0:00,0
7/4/2019,6:00,0
7/4/2019,12:00,0
7/4/2019,18:00,0
7/5/2019,0:00,0
7/5/2019,6:00,0
7/5/2019,12:00,0
7/5/2019,18:00,0
7/6/2019,0:00,0
7/6/2019,6:00,0
7/6/2019,12:00,0
7/6/2019,18:00,0
7/7/2019,0:00,0
7/7/2019,6:00,0
7/7/2019,12:00,0
7/7/2019,18:00,0
7/8/2019,0:00,0
7/8/2019,6:00,0
7/8/2019,12:00,0
7/8/2019,18:00,0
7/9/2019,0:00,0
7/9/2019,6:00,0
7/9/2019,12:00,0
7/9/2019,18:00,0
7/10/2019,0:00,0
7/10/2019,6:00,0
7/10/2019,12:00,0
7/10/2019,18:00,0
7/11/2019,0:00,0
7/11/2019,6:00,0
7/11/2019,12:00,0
7/11/2019,18:00,0
7/12/2019,0:00,0
7/12/2019,6:00,0
7/12/2019,12:00,0.125
7/12/2019,18:00,0.0625
7/13/2019,0:00,2.8125
7/13/2019,6:00,0.75
7/13/2019,12:00,0.6875
7/13/2019,18:00,4.3125
7/14/2019,0:00,4
7/14/2019,6:00,9.6875
7/14/2019,12:00,8.875
7/14/2019,18:00,5.875
7/15/2019,0:00,1.875
7/15/2019,6:00,0
7/15/2019,12:00,0
7/15/2019,18:00,0
7/16/2019,0:00,0
7/16/2019,6:00,0
7/16/2019,12:00,0
7/16/2019,18:00,0
7/17/2019,0:00,0
7/17/2019,6:00,0
7/17/2019,12:00,0
7/17/2019,18:00,0
7/18/2019,0:00,0
7/18/2019,6:00,0
7/18/2019,12:00,0
7/18/2019,18:00,0
7/19/2019,0:00,0
7/19/2019,6:00,0
7/19/2019,12:00,0
7/19/2019,18:00,0.6875
7/20/2019,0:00,0.0625
7/20/2019,6:00,0.0625
7/20/2019,12:00,0
7/20/2019,18:00,0
7/21/2019,0:00,0
7/21/2019,6:00,0
7/21/2019,12:00,0
7/21/2019,18:00,0
7/22/2019,0:00,0
7/22/2019,6:00,1.5
7/22/2019,12:00,6.0625
7/22/2019,18:00,8.125
7/23/2019,0:00,4.8125
7/23/2019,6:00,7.625
7/23/2019,12:00,10.5625
7/23/2019,18:00,11.0625
7/24/2019,0:00,37.1875
7/24/2019,6:00,39.5625
7/24/2019,12:00,37
7/24/2019,18:00,41.125
7/25/2019,0:00,22.5625
7/25/2019,6:00,28.125
7/25/2019,12:00,36.5625
7/25/2019,18:00,24.875
7/26/2019,0:00,26
7/26/2019,6:00,28.3125
7/26/2019,12:00,28.1875
7/26/2019,18:00,18.1875
7/27/2019,0:00,1.875
7/27/2019,6:00,0.6875
7/27/2019,12:00,0.4375
7/27/2019,18:00,0.25
7/28/2019,0:00,0.4375
7/28/2019,6:00,0.875
7/28/2019,12:00,0.3125
7/28/2019,18:00,0.125
7/29/2019,0:00,0
7/29/2019,6:00,0
7/29/2019,12:00,0.8125
7/29/2019,18:00,10.25
7/30/2019,0:00,4.375
7/30/2019,6:00,15.8125
7/30/2019,12:00,8.625
7/30/2019,18:00,0.9375
7/31/2019,0:00,0.75
7/31/2019,6:00,0
7/31/2019,12:00,0
7/31/2019,18:00,0
8/1/2019,0:00,0
8/1/2019,6:00,0
8/1/2019,12:00,0
8/1/2019,18:00,0.0625
8/2/2019,0:00,0.4375
8/2/2019,6:00,0.6875
8/2/2019,12:00,0.875
8/2/2019,18:00,0.5
8/3/2019,0:00,0.1875
8/3/2019,6:00,0
8/3/2019,12:00,0
8/3/2019,18:00,0
8/4/2019,0:00,0
8/4/2019,6:00,0
8/4/2019,12:00,0
8/4/2019,18:00,0
8/5/2019,0:00,0
8/5/2019,6:00,0
8/5/2019,12:00,0
8/5/2019,18:00,0
8/6/2019,0:00,0
8/6/2019,6:00,0
8/6/2019,12:00,0
8/6/2019,18:00,0
8/7/2019,0:00,0
8/7/2019,6:00,0.0625
8/7/2019,12:00,0
8/7/2019,18:00,0
8/8/2019,0:00,0
8/8/2019,6:00,0.5625
8/8/2019,12:00,2.6875
8/8/2019,18:00,1.1875
8/9/2019,0:00,2.375
8/9/2019,6:00,6.125
8/9/2019,12:00,7.8125
8/9/2019,18:00,13.0625
8/10/2019,0:00,22.625
8/10/2019,6:00,25.3125
8/10/2019,12:00,17.375
8/10/2019,18:00,8.4375
8/11/2019,0:00,1.6875
8/11/2019,6:00,0.125
8/11/2019,12:00,0.125
8/11/2019,18:00,0.125
8/12/2019,0:00,0
8/12/2019,6:00,2.5625
8/12/2019,12:00,8.5625
8/12/2019,18:00,11.9375
8/13/2019,0:00,4.0625
8/13/2019,6:00,0.5625
8/13/2019,12:00,1.3125
8/13/2019,18:00,0.125
8/14/2019,0:00,0
8/14/2019,6:00,0
8/14/2019,12:00,0
8/14/2019,18:00,0
8/15/2019,0:00,0
8/15/2019,6:00,0
8/15/2019,12:00,0
8/15/2019,18:00,0
8/16/2019,0:00,0
8/16/2019,6:00,0
8/16/2019,12:00,0
8/16/2019,18:00,0
8/17/2019,0:00,0
8/17/2019,6:00,0
8/17/2019,12:00,0
8/17/2019,18:00,0
8/18/2019,0:00,0
8/18/2019,6:00,0
8/18/2019,12:00,0
8/18/2019,18:00,0
8/19/2019,0:00,0.125
8/19/2019,6:00,0
8/19/2019,12:00,0
8/19/2019,18:00,0
8/20/2019,0:00,0
8/20/2019,6:00,0
8/20/2019,12:00,0
8/20/2019,18:00,0
8/21/2019,0:00,0
8/21/2019,6:00,0
8/21/2019,12:00,0
8/21/2019,18:00,0
8/22/2019,0:00,0
8/22/2019,6:00,0
8/22/2019,12:00,0
8/22/2019,18:00,0
8/23/2019,0:00,0
8/23/2019,6:00,0
8/23/2019,12:00,0
8/23/2019,18:00,0
8/24/2019,0:00,0
8/24/2019,6:00,0
8/24/2019,12:00,0
8/24/2019,18:00,0
8/25/2019,0:00,0
8/25/2019,6:00,0
8/25/2019,12:00,0
8/25/2019,18:00,0
8/26/2019,0:00,0.3125
8/26/2019,6:00,0.375
8/26/2019,12:00,1.0625
8/26/2019,18:00,1.4375
8/27/2019,0:00,3.1875
8/27/2019,6:00,6.125
8/27/2019,12:00,0.375
8/27/2019,18:00,0
8/28/2019,0:00,0
8/28/2019,6:00,0
8/28/2019,12:00,0
8/28/2019,18:00,0
8/29/2019,0:00,0
8/29/2019,6:00,0
8/29/2019,12:00,0
8/29/2019,18:00,0
8/30/2019,0:00,0
8/30/2019,6:00,0
8/30/2019,12:00,0
8/30/2019,18:00,0
8/31/2019,0:00,4.8125
8/31/2019,6:00,10.3125
8/31/2019,12:00,8
8/31/2019,18:00,7.9375
9/1/2019,0:00,3.75
9/1/2019,6:00,0.6875
9/1/2019,12:00,0
9/1/2019,18:00,0
9/2/2019,0:00,0
9/2/2019,6:00,0
9/2/2019,12:00,0
9/2/2019,18:00,0
9/3/2019,0:00,0
9/3/2019,6:00,0
9/3/2019,12:00,0
9/3/2019,18:00,0
9/4/2019,0:00,0
9/4/2019,6:00,0
9/4/2019,12:00,0
9/4/2019,18:00,0
9/5/2019,0:00,0
9/5/2019,6:00,0
9/5/2019,12:00,0
9/5/2019,18:00,0
9/6/2019,0:00,0
9/6/2019,6:00,0
9/6/2019,12:00,0
9/6/2019,18:00,1.1875
9/7/2019,0:00,4.5625
9/7/2019,6:00,4.9375
9/7/2019,12:00,8.875
9/7/2019,18:00,4.75
9/8/2019,0:00,0.375
9/8/2019,6:00,0.5625
9/8/2019,12:00,0.6875
9/8/2019,18:00,4.5
9/9/2019,0:00,2
9/9/2019,6:00,3.1875
9/9/2019,12:00,4.625
9/9/2019,18:00,1.75
9/10/2019,0:00,1.0625
9/10/2019,6:00,0.625
9/10/2019,12:00,1.9375
9/10/2019,18:00,0.1875
9/11/2019,0:00,6.9375
9/11/2019,6:00,8.625
9/11/2019,12:00,10.25
9/11/2019,18:00,13.6875
9/12/2019,0:00,15
9/12/2019,6:00,9.25
9/12/2019,12:00,15.9375
9/12/2019,18:00,3.0625
9/13/2019,0:00,0.3125
9/13/2019,6:00,0.1875
9/13/2019,12:00,0.5625
9/13/2019,18:00,0.125
9/14/2019,0:00,0.0625
9/14/2019,6:00,0.0625
9/14/2019,12:00,0.125
9/14/2019,18:00,0.0625
9/15/2019,0:00,0.1875
9/15/2019,6:00,0.4375
9/15/2019,12:00,1.0625
9/15/2019,18:00,0
9/16/2019,0:00,0
9/16/2019,6:00,0
9/16/2019,12:00,0
9/16/2019,18:00,0.4375
9/17/2019,0:00,0.6875
9/17/2019,6:00,2.3125
9/17/2019,12:00,3.0625
9/17/2019,18:00,3.3125
9/18/2019,0:00,3.125
9/18/2019,6:00,1.125
9/18/2019,12:00,0.25
9/18/2019,18:00,0.1875
9/19/2019,0:00,0.125
9/19/2019,6:00,0
9/19/2019,12:00,0
9/19/2019,18:00,0
9/20/2019,0:00,0
9/20/2019,6:00,0
9/20/2019,12:00,0
9/20/2019,18:00,0
9/21/2019,0:00,0
9/21/2019,6:00,0
9/21/2019,12:00,0
9/21/2019,18:00,0
9/22/2019,0:00,0
9/22/2019,6:00,0
9/22/2019,12:00,0
9/22/2019,18:00,0
9/23/2019,0:00,0
9/23/2019,6:00,0
9/23/2019,12:00,0
9/23/2019,18:00,0
9/24/2019,0:00,0
9/24/2019,6:00,0
9/24/2019,12:00,0
9/24/2019,18:00,0
9/25/2019,0:00,0
9/25/2019,6:00,0
9/25/2019,12:00,0
9/25/2019,18:00,0
9/26/2019,0:00,0
9/26/2019,6:00,0
9/26/2019,12:00,0
9/26/2019,18:00,0
9/27/2019,0:00,0
9/27/2019,6:00,0
9/27/2019,12:00,0
9/27/2019,18:00,0
9/28/2019,0:00,0
9/28/2019,6:00,0
9/28/2019,12:00,0
9/28/2019,18:00,0
9/29/2019,0:00,0
9/29/2019,6:00,0
9/29/2019,12:00,0
9/29/2019,18:00,0
9/30/2019,0:00,0
9/30/2019,6:00,0
9/30/2019,12:00,0
9/30/2019,18:00,0
10/1/2019,0:00,0
10/1/2019,6:00,0
10/1/2019,12:00,0.5
10/1/2019,18:00,1.875
10/2/2019,0:00,0.8125
10/2/2019,6:00,2.0625
10/2/2019,12:00,47.875
10/2/2019,18:00,60.1875
10/3/2019,0:00,50.0625
10/3/2019,6:00,34.5625
10/3/2019,12:00,26.9375
10/3/2019,18:00,3.125
10/4/2019,0:00,3.3125
10/4/2019,6:00,7.5625
10/4/2019,12:00,6.125
10/4/2019,18:00,5.125
10/5/2019,0:00,3.4375
10/5/2019,6:00,3.4375
10/5/2019,12:00,1.9375
10/5/2019,18:00,0.4375
10/6/2019,0:00,0.1875
10/6/2019,6:00,0.1875
10/6/2019,12:00,0.1875
10/6/2019,18:00,0.0625
10/7/2019,0:00,0.0625
10/7/2019,6:00,0
10/7/2019,12:00,0
10/7/2019,18:00,0
10/8/2019,0:00,0
10/8/2019,6:00,0
10/8/2019,12:00,0
10/8/2019,18:00,0
10/9/2019,0:00,0
10/9/2019,6:00,0
10/9/2019,12:00,0
10/9/2019,18:00,0
10/10/2019,0:00,0
10/10/2019,6:00,0
10/10/2019,12:00,0
10/10/2019,18:00,0
10/11/2019,0:00,0
10/11/2019,6:00,0
10/11/2019,12:00,0
10/11/2019,18:00,0
10/12/2019,0:00,0
10/12/2019,6:00,0
10/12/2019,12:00,0
10/12/2019,18:00,0
10/13/2019,0:00,0
10/13/2019,6:00,0
10/13/2019,12:00,1.6875
10/13/2019,18:00,3.6875
10/14/2019,0:00,2.6875
10/14/2019,6:00,3
10/14/2019,12:00,26.1875
10/14/2019,18:00,43.1875
10/15/2019,0:00,46.875
10/15/2019,6:00,60.375
10/15/2019,12:00,29.1875
10/15/2019,18:00,4.4375
10/16/2019,0:00,0.6875
10/16/2019,6:00,1.125
10/16/2019,12:00,2.4375
10/16/2019,18:00,2.4375
10/17/2019,0:00,3.5625
10/17/2019,6:00,6.8125
10/17/2019,12:00,9.5
10/17/2019,18:00,23.0625
10/18/2019,0:00,25.125
10/18/2019,6:00,20.5625
10/18/2019,12:00,15.875
10/18/2019,18:00,2.3125
10/19/2019,0:00,0.25
10/19/2019,6:00,0.1875
10/19/2019,12:00,0.125
10/19/2019,18:00,0.0625
10/20/2019,0:00,0
10/20/2019,6:00,0
10/20/2019,12:00,0
10/20/2019,18:00,0
10/21/2019,0:00,0.5625
10/21/2019,6:00,1.8125
10/21/2019,12:00,2.3125
10/21/2019,18:00,4.5
10/22/2019,0:00,4.8125
10/22/2019,6:00,1.3125
10/22/2019,12:00,0.6875
10/22/2019,18:00,0.5
10/23/2019,0:00,0
10/23/2019,6:00,0
10/23/2019,12:00,0
10/23/2019,18:00,0
10/24/2019,0:00,0
10/24/2019,6:00,0
10/24/2019,12:00,0
10/24/2019,18:00,0
10/25/2019,0:00,0
10/25/2019,6:00,0
10/25/2019,12:00,0
10/25/2019,18:00,0
10/26/2019,0:00,0
10/26/2019,6:00,0
10/26/2019,12:00,0
10/26/2019,18:00,0
10/27/2019,0:00,0
10/27/2019,6:00,0.3125
10/27/2019,12:00,9.6875
10/27/2019,18:00,23.3125
10/28/2019,0:00,32.25
10/28/2019,6:00,49.5625
10/28/2019,12:00,39.75
10/28/2019,18:00,4.1875
10/29/2019,0:00,3.9375
10/29/2019,6:00,0.25
10/29/2019,12:00,0.625
10/29/2019,18:00,5.75
10/30/2019,0:00,6.4375
10/30/2019,6:00,10.5
10/30/2019,12:00,7.25
10/30/2019,18:00,0.125
10/31/2019,0:00,0.4375
10/31/2019,6:00,6.25
10/31/2019,12:00,9.6875
10/31/2019,18:00,5.4375
11/1/2019,0:00,6.6875
11/1/2019,6:00,6.5
11/1/2019,12:00,3.3125
11/1/2019,18:00,0.375
11/2/2019,0:00,0.1875
11/2/2019,6:00,0
11/2/2019,12:00,0
11/2/2019,18:00,2.5
11/3/2019,0:00,8.5
11/3/2019,6:00,8.6875
11/3/2019,12:00,11.5625
11/3/2019,18:00,29
11/4/2019,0:00,4
11/4/2019,6:00,2.6875
11/4/2019,12:00,4.5
11/4/2019,18:00,14.5
11/5/2019,0:00,38.8125
11/5/2019,6:00,21.625
11/5/2019,12:00,27.8125
11/5/2019,18:00,4.125
11/6/2019,0:00,0.9375
11/6/2019,6:00,0.0625
11/6/2019,12:00,0.0625
11/6/2019,18:00,0
11/7/2019,0:00,0
11/7/2019,6:00,0.375
11/7/2019,12:00,2
11/7/2019,18:00,1.5
11/8/2019,0:00,2.3125
11/8/2019,6:00,1.375
11/8/2019,12:00,0
11/8/2019,18:00,0
11/9/2019,0:00,0
11/9/2019,6:00,0
11/9/2019,12:00,0
11/9/2019,18:00,0
11/10/2019,0:00,0.125
11/10/2019,6:00,0
11/10/2019,12:00,2.0625
11/10/2019,18:00,0.4375
11/11/2019,0:00,0.0625
11/11/2019,6:00,0.0625
11/11/2019,12:00,0.0625
11/11/2019,18:00,0.125
11/12/2019,0:00,0
11/12/2019,6:00,0
11/12/2019,12:00,0
11/12/2019,18:00,0.0625
11/13/2019,0:00,0.125
11/13/2019,6:00,0.5625
11/13/2019,12:00,4.1875
11/13/2019,18:00,13.25
11/14/2019,0:00,62.25
11/14/2019,6:00,12.1875
11/14/2019,12:00,13.5625
11/14/2019,18:00,1.125
11/15/2019,0:00,0.125
11/15/2019,6:00,0
11/15/2019,12:00,0.25
11/15/2019,18:00,0.4375
11/16/2019,0:00,0
11/16/2019,6:00,0
11/16/2019,12:00,0
11/16/2019,18:00,0
11/17/2019,0:00,0
11/17/2019,6:00,0
11/17/2019,12:00,0
11/17/2019,18:00,0
11/18/2019,0:00,0
11/18/2019,6:00,0
11/18/2019,12:00,0
11/18/2019,18:00,0
11/19/2019,0:00,0
11/19/2019,6:00,0
11/19/2019,12:00,0
11/19/2019,18:00,0
11/20/2019,0:00,0
11/20/2019,6:00,0
11/20/2019,12:00,0
11/20/2019,18:00,0
11/21/2019,0:00,0
11/21/2019,6:00,0
11/21/2019,12:00,0
11/21/2019,18:00,0
11/22/2019,0:00,0
11/22/2019,6:00,0.3125
11/22/2019,12:00,3.5625
11/22/2019,18:00,15.375
11/23/2019,0:00,6.3125
11/23/2019,6:00,5.875
11/23/2019,12:00,14.625
11/23/2019,18:00,0.3125
11/24/2019,0:00,0
11/24/2019,6:00,0
11/24/2019,12:00,0
11/24/2019,18:00,0
11/25/2019,0:00,0
11/25/2019,6:00,0
11/25/2019,12:00,0
11/25/2019,18:00,0
11/26/2019,0:00,0
11/26/2019,6:00,0.0625
11/26/2019,12:00,7.125
11/26/2019,18:00,55.3125
11/27/2019,0:00,33.6875
11/27/2019,6:00,67.875
11/27/2019,12:00,50.5
11/27/2019,18:00,0.75
11/28/2019,0:00,0
11/28/2019,6:00,0
11/28/2019,12:00,0
11/28/2019,18:00,0
11/29/2019,0:00,0
11/29/2019,6:00,0
11/29/2019,12:00,0
11/29/2019,18:00,0
11/30/2019,0:00,0
11/30/2019,6:00,0
11/30/2019,12:00,0.9375
11/30/2019,18:00,0.25
12/1/2019,0:00,2.375
12/1/2019,6:00,1
12/1/2019,12:00,0.625
12/1/2019,18:00,0.6875
12/2/2019,0:00,0
12/2/2019,6:00,0
12/2/2019,12:00,0
12/2/2019,18:00,0
12/3/2019,0:00,0
12/3/2019,6:00,0
12/3/2019,12:00,0
12/3/2019,18:00,0
12/4/2019,0:00,0
12/4/2019,6:00,0
12/4/2019,12:00,0
12/4/2019,18:00,0
12/5/2019,0:00,0
12/5/2019,6:00,0
12/5/2019,12:00,0
12/5/2019,18:00,0
12/6/2019,0:00,0
12/6/2019,6:00,0
12/6/2019,12:00,0
12/6/2019,18:00,0
12/7/2019,0:00,0
12/7/2019,6:00,0
12/7/2019,12:00,0
12/7/2019,18:00,0
12/8/2019,0:00,0
12/8/2019,6:00,0
12/8/2019,12:00,0
12/8/2019,18:00,0
12/9/2019,0:00,0
12/9/2019,6:00,0
12/9/2019,12:00,0
12/9/2019,18:00,0
12/10/2019,0:00,0
12/10/2019,6:00,0
12/10/2019,12:00,0
12/10/2019,18:00,0
12/11/2019,0:00,0
12/11/2019,6:00,0
12/11/2019,12:00,0
12/11/2019,18:00,0
12/12/2019,0:00,0
12/12/2019,6:00,0
12/12/2019,12:00,0
12/12/2019,18:00,0
12/13/2019,0:00,0
12/13/2019,6:00,0
12/13/2019,12:00,0.3125
12/13/2019,18:00,0
12/14/2019,0:00,0
12/14/2019,6:00,0
12/14/2019,12:00,3.125
12/14/2019,18:00,2.1875
12/15/2019,0:00,0.4375
12/15/2019,6:00,1.1875
12/15/2019,12:00,1.75
12/15/2019,18:00,8.6875
12/16/2019,0:00,11.875
12/16/2019,6:00,12.6875
12/16/2019,12:00,5.3125
12/16/2019,18:00,0.25
12/17/2019,0:00,0
12/17/2019,6:00,0
12/17/2019,12:00,0
12/17/2019,18:00,0
12/18/2019,0:00,0
12/18/2019,6:00,0
12/18/2019,12:00,0
12/18/2019,18:00,0
12/19/2019,0:00,0
12/19/2019,6:00,0
12/19/2019,12:00,0.0625
12/19/2019,18:00,0.0625
12/20/2019,0:00,0.0625
12/20/2019,6:00,0.0625
12/20/2019,12:00,0.1875
12/20/2019,18:00,1.5
12/21/2019,0:00,0.0625
12/21/2019,6:00,0.75
12/21/2019,12:00,4.0625
12/21/2019,18:00,5.4375
12/22/2019,0:00,4.375
12/22/2019,6:00,0.875
12/22/2019,12:00,0.0625
12/22/2019,18:00,0
12/23/2019,0:00,0
12/23/2019,6:00,0
12/23/2019,12:00,0
12/23/2019,18:00,0
12/24/2019,0:00,0
12/24/2019,6:00,0
12/24/2019,12:00,0
12/24/2019,18:00,0
12/25/2019,0:00,0
12/25/2019,6:00,0
12/25/2019,12:00,0
12/25/2019,18:00,0
12/26/2019,0:00,0
12/26/2019,6:00,0
12/26/2019,12:00,0
12/26/2019,18:00,0
12/27/2019,0:00,0.375
12/27/2019,6:00,2.9375
12/27/2019,12:00,12
12/27/2019,18:00,3.0625
12/28/2019,0:00,1.125
12/28/2019,6:00,0.375
12/28/2019,12:00,0.875
12/28/2019,18:00,0.375
12/29/2019,0:00,1.375
12/29/2019,6:00,0.5625
12/29/2019,12:00,0
12/29/2019,18:00,0
12/30/2019,0:00,0
12/30/2019,6:00,0.9375
12/30/2019,12:00,1
12/30/2019,18:00,0.3125
12/31/2019,0:00,0
12/31/2019,6:00,0
12/31/2019,12:00,0.3125
12/31/2019,18:00,0
1/1/2020,0:00,0
1/1/2020,6:00,0.0625
1/1/2020,12:00,0.5625
1/1/2020,18:00,0.4375
1/2/2020,0:00,0.5625
1/2/2020,6:00,0.3125
1/2/2020,12:00,0.375
1/2/2020,18:00,0.0625
1/3/2020,0:00,0
1/3/2020,6:00,0
1/3/2020,12:00,0
1/3/2020,18:00,0
1/4/2020,0:00,0
1/4/2020,6:00,0
1/4/2020,12:00,0
1/4/2020,18:00,0
1/5/2020,0:00,0
1/5/2020,6:00,0
1/5/2020,12:00,0
1/5/2020,18:00,0
1/6/2020,0:00,0
1/6/2020,6:00,0
1/6/2020,12:00,0
1/6/2020,18:00,0
1/7/2020,0:00,0
1/7/2020,6:00,0.125
1/7/2020,12:00,0.9375
1/7/2020,18:00,0.125
1/8/2020,0:00,0
1/8/2020,6:00,0
1/8/2020,12:00,0
1/8/2020,18:00,0
1/9/2020,0:00,0
1/9/2020,6:00,0
1/9/2020,12:00,0.0625
1/9/2020,18:00,0
1/10/2020,0:00,0
1/10/2020,6:00,1.1875
1/10/2020,12:00,4.375
1/10/2020,18:00,7.875
1/11/2020,0:00,9.25
1/11/2020,6:00,9.6875
1/11/2020,12:00,6.4375
1/11/2020,18:00,3.125
1/12/2020,0:00,0.25
1/12/2020,6:00,0
1/12/2020,12:00,0
1/12/2020,18:00,0
1/13/2020,0:00,0
1/13/2020,6:00,0
1/13/2020,12:00,0
1/13/2020,18:00,0
1/14/2020,0:00,0
1/14/2020,6:00,0
1/14/2020,12:00,0
1/14/2020,18:00,0
1/15/2020,0:00,1.25
1/15/2020,6:00,1.375
1/15/2020,12:00,3.75
1/15/2020,18:00,0.4375
1/16/2020,0:00,10.125
1/16/2020,6:00,16.5625
1/16/2020,12:00,45.6875
1/16/2020,18:00,44.0625
1/17/2020,0:00,8.6875
1/17/2020,6:00,0.625
1/17/2020,12:00,0
1/17/2020,18:00,0
1/18/2020,0:00,0
1/18/2020,6:00,0
1/18/2020,12:00,0
1/18/2020,18:00,0
1/19/2020,0:00,0
1/19/2020,6:00,0
1/19/2020,12:00,0
1/19/2020,18:00,0
1/20/2020,0:00,0
1/20/2020,6:00,0
1/20/2020,12:00,3.25
1/20/2020,18:00,2.5
1/21/2020,0:00,2.25
1/21/2020,6:00,1.5
1/21/2020,12:00,2.0625
1/21/2020,18:00,6.4375
1/22/2020,0:00,8.25
1/22/2020,6:00,7.625
1/22/2020,12:00,33.25
1/22/2020,18:00,26.625
1/23/2020,0:00,4.875
1/23/2020,6:00,5.5625
1/23/2020,12:00,0.1875
1/23/2020,18:00,0
1/24/2020,0:00,0
1/24/2020,6:00,0
1/24/2020,12:00,0
1/24/2020,18:00,0
1/25/2020,0:00,0
1/25/2020,6:00,0
1/25/2020,12:00,0
1/25/2020,18:00,0
1/26/2020,0:00,0
1/26/2020,6:00,0
1/26/2020,12:00,0
1/26/2020,18:00,0
1/27/2020,0:00,0
1/27/2020,6:00,0
1/27/2020,12:00,0
1/27/2020,18:00,0
1/28/2020,0:00,0
1/28/2020,6:00,0
1/28/2020,12:00,0
1/28/2020,18:00,0
1/29/2020,0:00,0
1/29/2020,6:00,0
1/29/2020,12:00,0
1/29/2020,18:00,0
1/30/2020,0:00,0
1/30/2020,6:00,3.0625
1/30/2020,12:00,0.9375
1/30/2020,18:00,4.1875
1/31/2020,0:00,5
1/31/2020,6:00,1.6875
1/31/2020,12:00,0.375
1/31/2020,18:00,0
2/1/2020,0:00,0.125
2/1/2020,6:00,0.125
2/1/2020,12:00,0.1875
2/1/2020,18:00,0
2/2/2020,0:00,0
2/2/2020,6:00,0
2/2/2020,12:00,0
2/2/2020,18:00,0
2/3/2020,0:00,0
2/3/2020,6:00,0
2/3/2020,12:00,0
2/3/2020,18:00,0
2/4/2020,0:00,0
2/4/2020,6:00,0
2/4/2020,12:00,0
2/4/2020,18:00,0
2/5/2020,0:00,0
2/5/2020,6:00,0
2/5/2020,12:00,0
2/5/2020,18:00,0
2/6/2020,0:00,0
2/6/2020,6:00,0
2/6/2020,12:00,0
2/6/2020,18:00,0
2/7/2020,0:00,0
2/7/2020,6:00,0
2/7/2020,12:00,0
2/7/2020,18:00,0
2/8/2020,0:00,0
2/8/2020,6:00,0
2/8/2020,12:00,0
2/8/2020,18:00,0
2/9/2020,0:00,0.0625
2/9/2020,6:00,0.5625
2/9/2020,12:00,0.125
2/9/2020,18:00,0
2/10/2020,0:00,0.625
2/10/2020,6:00,0
2/10/2020,12:00,0
2/10/2020,18:00,0
2/11/2020,0:00,0
2/11/2020,6:00,0
2/11/2020,12:00,0
2/11/2020,18:00,0
2/12/2020,0:00,0
2/12/2020,6:00,0
2/12/2020,12:00,0
2/12/2020,18:00,0
2/13/2020,0:00,0
2/13/2020,6:00,0
2/13/2020,12:00,0
2/13/2020,18:00,0
2/14/2020,0:00,0
2/14/2020,6:00,0
2/14/2020,12:00,0.0625
2/14/2020,18:00,0.625
2/15/2020,0:00,3.6875
2/15/2020,6:00,12.1875
2/15/2020,12:00,4.4375
2/15/2020,18:00,3.25
2/16/2020,0:00,0.25
2/16/2020,6:00,0.5
2/16/2020,12:00,1.0625
2/16/2020,18:00,2.9375
2/17/2020,0:00,1.4375
2/17/2020,6:00,1.5
2/17/2020,12:00,6.375
2/17/2020,18:00,3.5
2/18/2020,0:00,17.5
2/18/2020,6:00,20.9375
2/18/2020,12:00,33.4375
2/18/2020,18:00,50.9375
2/19/2020,0:00,42.0625
2/19/2020,6:00,38.25
2/19/2020,12:00,8.1875
2/19/2020,18:00,0
2/20/2020,0:00,0
2/20/2020,6:00,0
2/20/2020,12:00,0
2/20/2020,18:00,0
2/21/2020,0:00,0
2/21/2020,6:00,0
2/21/2020,12:00,0
2/21/2020,18:00,0
2/22/2020,0:00,0
2/22/2020,6:00,0
2/22/2020,12:00,0
2/22/2020,18:00,0
2/23/2020,0:00,0
2/23/2020,6:00,0
2/23/2020,12:00,0
2/23/2020,18:00,0
2/24/2020,0:00,0
2/24/2020,6:00,0
2/24/2020,12:00,0
2/24/2020,18:00,0
2/25/2020,0:00,0
2/25/2020,6:00,0
2/25/2020,12:00,0.375
2/25/2020,18:00,0.125
2/26/2020,0:00,0
2/26/2020,6:00,0
2/26/2020,12:00,0.3125
2/26/2020,18:00,0.1875
2/27/2020,0:00,0
2/27/2020,6:00,0
2/27/2020,12:00,0
2/27/2020,18:00,0
2/28/2020,0:00,0
2/28/2020,6:00,0
2/28/2020,12:00,0
2/28/2020,18:00,0
2/29/2020,0:00,0
2/29/2020,6:00,0
2/29/2020,12:00,0
2/29/2020,18:00,0
3/1/2020,0:00,0
3/1/2020,6:00,0
3/1/2020,12:00,0
3/1/2020,18:00,0
3/2/2020,0:00,0
3/2/2020,6:00,0
3/2/2020,12:00,0
3/2/2020,18:00,0
3/3/2020,0:00,0
3/3/2020,6:00,0
3/3/2020,12:00,0
3/3/2020,18:00,0
3/4/2020,0:00,0
3/4/2020,6:00,0
3/4/2020,12:00,0
3/4/2020,18:00,0
3/5/2020,0:00,0
3/5/2020,6:00,0
3/5/2020,12:00,0
3/5/2020,18:00,0
3/6/2020,0:00,0
3/6/2020,6:00,0
3/6/2020,12:00,0
3/6/2020,18:00,0
3/7/2020,0:00,0
3/7/2020,6:00,0
3/7/2020,12:00,0
3/7/2020,18:00,0
3/8/2020,0:00,0
3/8/2020,6:00,0
3/8/2020,12:00,0
3/8/2020,18:00,0
3/9/2020,0:00,0
3/9/2020,6:00,0
3/9/2020,12:00,0
3/9/2020,18:00,0
3/10/2020,0:00,0
3/10/2020,6:00,0
3/10/2020,12:00,0
3/10/2020,18:00,0
3/11/2020,0:00,0
3/11/2020,6:00,0
3/11/2020,12:00,0
3/11/2020,18:00,0
3/12/2020,0:00,0
3/12/2020,6:00,0
3/12/2020,12:00,0
3/12/2020,18:00,0
3/13/2020,0:00,0
3/13/2020,6:00,0
3/13/2020,12:00,0
3/13/2020,18:00,0
3/14/2020,0:00,0
3/14/2020,6:00,0
3/14/2020,12:00,0.5625
3/14/2020,18:00,0
3/15/2020,0:00,0
3/15/2020,6:00,0
3/15/2020,12:00,1.75
3/15/2020,18:00,1.4375
3/16/2020,0:00,13.375
3/16/2020,6:00,6.9375
3/16/2020,12:00,4.75
3/16/2020,18:00,0.625
3/17/2020,0:00,0.0625
3/17/2020,6:00,0
3/17/2020,12:00,0
3/17/2020,18:00,0
3/18/2020,0:00,0.375
3/18/2020,6:00,2.375
3/18/2020,12:00,5.75
3/18/2020,18:00,9.5625
3/19/2020,0:00,5.5625
3/19/2020,6:00,6.1875
3/19/2020,12:00,0
3/19/2020,18:00,0.0625
3/20/2020,0:00,0
3/20/2020,6:00,0
3/20/2020,12:00,0
3/20/2020,18:00,0
3/21/2020,0:00,0
3/21/2020,6:00,0
3/21/2020,12:00,0
3/21/2020,18:00,0
3/22/2020,0:00,0
3/22/2020,6:00,0
3/22/2020,12:00,0
3/22/2020,18:00,0
3/23/2020,0:00,0
3/23/2020,6:00,0
3/23/2020,12:00,0
3/23/2020,18:00,0
3/24/2020,0:00,0
3/24/2020,6:00,0
3/24/2020,12:00,0
3/24/2020,18:00,0
3/25/2020,0:00,0
3/25/2020,6:00,0
3/25/2020,12:00,0
3/25/2020,18:00,0
3/26/2020,0:00,0
3/26/2020,6:00,0
3/26/2020,12:00,0
3/26/2020,18:00,0
3/27/2020,0:00,0
3/27/2020,6:00,0
3/27/2020,12:00,0
3/27/2020,18:00,0
3/28/2020,0:00,0
3/28/2020,6:00,0
3/28/2020,12:00,0
3/28/2020,18:00,0
3/29/2020,0:00,0.9375
3/29/2020,6:00,0
3/29/2020,12:00,0.1875
3/29/2020,18:00,0
3/30/2020,0:00,0.25
3/30/2020,6:00,0.3125
3/30/2020,12:00,0.625
3/30/2020,18:00,0.3125
3/31/2020,0:00,0.0625
3/31/2020,6:00,0.0625
3/31/2020,12:00,0.125
3/31/2020,18:00,0
4/1/2020,0:00,0
4/1/2020,6:00,0.0625
4/1/2020,12:00,0.3125
4/1/2020,18:00,1.8125
4/2/2020,0:00,0.6875
4/2/2020,6:00,5.75
4/2/2020,12:00,8.125
4/2/2020,18:00,8.0625
4/3/2020,0:00,27.875
4/3/2020,6:00,2.75
4/3/2020,12:00,0
4/3/2020,18:00,0
4/4/2020,0:00,0
4/4/2020,6:00,0
4/4/2020,12:00,0
4/4/2020,18:00,0
4/5/2020,0:00,0
4/5/2020,6:00,0
4/5/2020,12:00,0
4/5/2020,18:00,0
4/6/2020,0:00,0
4/6/2020,6:00,0.0625
4/6/2020,12:00,0.4375
4/6/2020,18:00,11.0625
4/7/2020,0:00,28
4/7/2020,6:00,14.625
4/7/2020,12:00,0
4/7/2020,18:00,0
4/8/2020,0:00,0
4/8/2020,6:00,0
4/8/2020,12:00,0
4/8/2020,18:00,0
4/9/2020,0:00,0
4/9/2020,6:00,0
4/9/2020,12:00,0
4/9/2020,18:00,0
4/10/2020,0:00,0
4/10/2020,6:00,0
4/10/2020,12:00,0
4/10/2020,18:00,0
4/11/2020,0:00,0
4/11/2020,6:00,0
4/11/2020,12:00,0
4/11/2020,18:00,0
4/12/2020,0:00,0
4/12/2020,6:00,0
4/12/2020,12:00,0
4/12/2020,18:00,0
4/13/2020,0:00,0
4/13/2020,6:00,0
4/13/2020,12:00,0
4/13/2020,18:00,0
4/14/2020,0:00,0.0625
4/14/2020,6:00,0.4375
4/14/2020,12:00,0.5
4/14/2020,18:00,0.375
4/15/2020,0:00,0.0625
4/15/2020,6:00,0.0625
4/15/2020,12:00,0
4/15/2020,18:00,0
4/16/2020,0:00,0
4/16/2020,6:00,0
4/16/2020,12:00,0
4/16/2020,18:00,0
4/17/2020,0:00,0
4/17/2020,6:00,0
4/17/2020,12:00,0
4/17/2020,18:00,0
4/18/2020,0:00,0
4/18/2020,6:00,0
4/18/2020,12:00,0
4/18/2020,18:00,0
4/19/2020,0:00,0
4/19/2020,6:00,0
4/19/2020,12:00,0
4/19/2020,18:00,0
4/20/2020,0:00,0
4/20/2020,6:00,0
4/20/2020,12:00,0
4/20/2020,18:00,0
4/21/2020,0:00,0
4/21/2020,6:00,0
4/21/2020,12:00,0
4/21/2020,18:00,0
4/22/2020,0:00,0
4/22/2020,6:00,0
4/22/2020,12:00,0
4/22/2020,18:00,0
4/23/2020,0:00,0
4/23/2020,6:00,0
4/23/2020,12:00,0
4/23/2020,18:00,0
4/24/2020,0:00,0
4/24/2020,6:00,0
4/24/2020,12:00,0
4/24/2020,18:00,0
4/25/2020,0:00,0
4/25/2020,6:00,0
4/25/2020,12:00,0
4/25/2020,18:00,0
4/26/2020,0:00,0
4/26/2020,6:00,1.75
4/26/2020,12:00,2.625
4/26/2020,18:00,3.75
4/27/2020,0:00,8.3125
4/27/2020,6:00,6.125
4/27/2020,12:00,0.3125
4/27/2020,18:00,0.1875
4/28/2020,0:00,0.5625
4/28/2020,6:00,0.25
4/28/2020,12:00,0.1875
4/28/2020,18:00,0.0625
4/29/2020,0:00,0
4/29/2020,6:00,0
4/29/2020,12:00,1.125
4/29/2020,18:00,0.9375
4/30/2020,0:00,2
4/30/2020,6:00,0.125
4/30/2020,12:00,0
4/30/2020,18:00,0
5/1/2020,0:00,0.6875
5/1/2020,6:00,2.1875
5/1/2020,12:00,1.5625
5/1/2020,18:00,1.0625
5/2/2020,0:00,0.9375
5/2/2020,6:00,0.0625
5/2/2020,12:00,0
5/2/2020,18:00,0
5/3/2020,0:00,0
5/3/2020,6:00,0
5/3/2020,12:00,0
5/3/2020,18:00,0
5/4/2020,0:00,0
5/4/2020,6:00,0
5/4/2020,12:00,0
5/4/2020,18:00,0.75
5/5/2020,0:00,11.6875
5/5/2020,6:00,18.9375
5/5/2020,12:00,33
5/5/2020,18:00,23.1875
5/6/2020,0:00,7.1875
5/6/2020,6:00,0.6875
5/6/2020,12:00,0.0625
5/6/2020,18:00,0
5/7/2020,0:00,0
5/7/2020,6:00,0
5/7/2020,12:00,0
5/7/2020,18:00,0
5/8/2020,0:00,0
5/8/2020,6:00,0
5/8/2020,12:00,0
5/8/2020,18:00,0
5/9/2020,0:00,0
5/9/2020,6:00,0
5/9/2020,12:00,0
5/9/2020,18:00,0
5/10/2020,0:00,0
5/10/2020,6:00,0
5/10/2020,12:00,0
5/10/2020,18:00,0
5/11/2020,0:00,0
5/11/2020,6:00,0
5/11/2020,12:00,0
5/11/2020,18:00,4.5
5/12/2020,0:00,7.375
5/12/2020,6:00,5
5/12/2020,12:00,9.1875
5/12/2020,18:00,12.8125
5/13/2020,0:00,12.75
5/13/2020,6:00,8.375
5/13/2020,12:00,6.3125
5/13/2020,18:00,3.9375
5/14/2020,0:00,2.5625
5/14/2020,6:00,0.25
5/14/2020,12:00,0.0625
5/14/2020,18:00,0
5/15/2020,0:00,0
5/15/2020,6:00,0
5/15/2020,12:00,0
5/15/2020,18:00,0
5/16/2020,0:00,0
5/16/2020,6:00,0
5/16/2020,12:00,0
5/16/2020,18:00,0
5/17/2020,0:00,0
5/17/2020,6:00,0
5/17/2020,12:00,0
5/17/2020,18:00,0
5/18/2020,0:00,0
5/18/2020,6:00,0
5/18/2020,12:00,0
5/18/2020,18:00,0
5/19/2020,0:00,0
5/19/2020,6:00,0
5/19/2020,12:00,0
5/19/2020,18:00,0
5/20/2020,0:00,0
5/20/2020,6:00,0
5/20/2020,12:00,0
5/20/2020,18:00,0
5/21/2020,0:00,0.0625
5/21/2020,6:00,1.125
5/21/2020,12:00,16.9375
5/21/2020,18:00,18.9375
5/22/2020,0:00,30.3125
5/22/2020,6:00,23.9375
5/22/2020,12:00,27.5
5/22/2020,18:00,30.375
5/23/2020,0:00,12.75
5/23/2020,6:00,14.625
5/23/2020,12:00,9.375
5/23/2020,18:00,4.6875
5/24/2020,0:00,18.8125
5/24/2020,6:00,2.6875
5/24/2020,12:00,0.4375
5/24/2020,18:00,0
5/25/2020,0:00,0
5/25/2020,6:00,0
5/25/2020,12:00,0
5/25/2020,18:00,0
5/26/2020,0:00,0
5/26/2020,6:00,0.0625
5/26/2020,12:00,0.0625
5/26/2020,18:00,0.0625
5/27/2020,0:00,0
5/27/2020,6:00,0
5/27/2020,12:00,0
5/27/2020,18:00,0
5/28/2020,0:00,0
5/28/2020,6:00,0
5/28/2020,12:00,0
5/28/2020,18:00,0
5/29/2020,0:00,0
5/29/2020,6:00,0
5/29/2020,12:00,0
5/29/2020,18:00,0
5/30/2020,0:00,0
5/30/2020,6:00,0
5/30/2020,12:00,0
5/30/2020,18:00,0
5/31/2020,0:00,0
5/31/2020,6:00,0
5/31/2020,12:00,1.5625
5/31/2020,18:00,3.625
6/1/2020,0:00,3.6875
6/1/2020,6:00,0.125
6/1/2020,12:00,0.0625
6/1/2020,18:00,0.0625
6/2/2020,0:00,0
6/2/2020,6:00,0
6/2/2020,12:00,0
6/2/2020,18:00,0
6/3/2020,0:00,0
6/3/2020,6:00,0
6/3/2020,12:00,0
6/3/2020,18:00,0
6/4/2020,0:00,0
6/4/2020,6:00,0
6/4/2020,12:00,0
6/4/2020,18:00,0
6/5/2020,0:00,0
6/5/2020,6:00,1.4375
6/5/2020,12:00,27.625
6/5/2020,18:00,55.375
6/6/2020,0:00,47.4375
6/6/2020,6:00,56.6875
6/6/2020,12:00,34.4375
6/6/2020,18:00,2.4375
6/7/2020,0:00,1.1875
6/7/2020,6:00,3
6/7/2020,12:00,2.1875
6/7/2020,18:00,1.9375
6/8/2020,0:00,0.625
6/8/2020,6:00,0.125
6/8/2020,12:00,0.1875
6/8/2020,18:00,0.0625
6/9/2020,0:00,0
6/9/2020,6:00,0
6/9/2020,12:00,0
6/9/2020,18:00,0
6/10/2020,0:00,0.375
6/10/2020,6:00,0
6/10/2020,12:00,0.4375
6/10/2020,18:00,0.25
6/11/2020,0:00,0.0625
6/11/2020,6:00,0.0625
6/11/2020,12:00,0.8125
6/11/2020,18:00,0.125
6/12/2020,0:00,1.375
6/12/2020,6:00,3.3125
6/12/2020,12:00,3.0625
6/12/2020,18:00,7
6/13/2020,0:00,11
6/13/2020,6:00,16.8125
6/13/2020,12:00,12.0625
6/13/2020,18:00,8.1875
6/14/2020,0:00,3.5
6/14/2020,6:00,0.3125
6/14/2020,12:00,0
6/14/2020,18:00,0
6/15/2020,0:00,0
6/15/2020,6:00,0
6/15/2020,12:00,0.0625
6/15/2020,18:00,0.5
6/16/2020,0:00,0.1875
6/16/2020,6:00,0.875
6/16/2020,12:00,1.875
6/16/2020,18:00,0.8125
6/17/2020,0:00,0
6/17/2020,6:00,0
6/17/2020,12:00,0
6/17/2020,18:00,0
6/18/2020,0:00,0
6/18/2020,6:00,0
6/18/2020,12:00,1.3125
6/18/2020,18:00,1.1875
6/19/2020,0:00,1.6875
6/19/2020,6:00,0.75
6/19/2020,12:00,0.125
6/19/2020,18:00,0.0625
6/20/2020,0:00,0.3125
6/20/2020,6:00,0.25
6/20/2020,12:00,0.8125
6/20/2020,18:00,1.125
6/21/2020,0:00,2.8125
6/21/2020,6:00,1.375
6/21/2020,12:00,0
6/21/2020,18:00,0.375
6/22/2020,0:00,0.625
6/22/2020,6:00,0
6/22/2020,12:00,0.625
6/22/2020,18:00,0.4375
6/23/2020,0:00,2.375
6/23/2020,6:00,0.0625
6/23/2020,12:00,0.5
6/23/2020,18:00,0.0625
6/24/2020,0:00,0.8125
6/24/2020,6:00,0
6/24/2020,12:00,0
6/24/2020,18:00,0.625
6/25/2020,0:00,1.375
6/25/2020,6:00,6.375
6/25/2020,12:00,9.875
6/25/2020,18:00,10.125
6/26/2020,0:00,13.0625
6/26/2020,6:00,6.125
6/26/2020,12:00,1.1875
6/26/2020,18:00,0
6/27/2020,0:00,0
6/27/2020,6:00,0
6/27/2020,12:00,0
6/27/2020,18:00,0
6/28/2020,0:00,0
6/28/2020,6:00,0
6/28/2020,12:00,0
6/28/2020,18:00,0
6/29/2020,0:00,0
6/29/2020,6:00,0
6/29/2020,12:00,0.25
6/29/2020,18:00,22.75
6/30/2020,0:00,23.8125
6/30/2020,6:00,34.9375
6/30/2020,12:00,37.625
6/30/2020,18:00,22.5
7/1/2020,0:00,8.9375
7/1/2020,6:00,2.0625
7/1/2020,12:00,2.8125
7/1/2020,18:00,0.375
7/2/2020,0:00,0.5625
7/2/2020,6:00,0.3125
7/2/2020,12:00,0.25
7/2/2020,18:00,0.125
7/3/2020,0:00,0
7/3/2020,6:00,0
7/3/2020,12:00,0
7/3/2020,18:00,0
7/4/2020,0:00,0
7/4/2020,6:00,0
7/4/2020,12:00,0
7/4/2020,18:00,0
7/5/2020,0:00,0
7/5/2020,6:00,0
7/5/2020,12:00,0
7/5/2020,18:00,0.5625
7/6/2020,0:00,0.25
7/6/2020,6:00,0.5625
7/6/2020,12:00,1.5
7/6/2020,18:00,0
7/7/2020,0:00,0
7/7/2020,6:00,0
7/7/2020,12:00,0
7/7/2020,18:00,4.875
7/8/2020,0:00,8.1875
7/8/2020,6:00,11.5
7/8/2020,12:00,12
7/8/2020,18:00,5.625
7/9/2020,0:00,2.375
7/9/2020,6:00,1.375
7/9/2020,12:00,0.375
7/9/2020,18:00,0.3125
7/10/2020,0:00,0.0625
7/10/2020,6:00,0
7/10/2020,12:00,0
7/10/2020,18:00,0
7/11/2020,0:00,0
7/11/2020,6:00,0.125
7/11/2020,12:00,0.0625
7/11/2020,18:00,0.0625
7/12/2020,0:00,0.125
7/12/2020,6:00,0.125
7/12/2020,12:00,0.125
7/12/2020,18:00,0.375
7/13/2020,0:00,0.6875
7/13/2020,6:00,0.3125
7/13/2020,12:00,0.1875
7/13/2020,18:00,0
7/14/2020,0:00,0
7/14/2020,6:00,0
7/14/2020,12:00,0
7/14/2020,18:00,0
7/15/2020,0:00,0
7/15/2020,6:00,0
7/15/2020,12:00,0
7/15/2020,18:00,0
7/16/2020,0:00,0
7/16/2020,6:00,0
7/16/2020,12:00,0.25
7/16/2020,18:00,8.5625
7/17/2020,0:00,8.1875
7/17/2020,6:00,7.6875
7/17/2020,12:00,4.625
7/17/2020,18:00,0.0625
7/18/2020,0:00,0
7/18/2020,6:00,0
7/18/2020,12:00,0
7/18/2020,18:00,0
7/19/2020,0:00,0
7/19/2020,6:00,0
7/19/2020,12:00,0
7/19/2020,18:00,0
7/20/2020,0:00,0
7/20/2020,6:00,0
7/20/2020,12:00,0
7/20/2020,18:00,0
7/21/2020,0:00,0
7/21/2020,6:00,0
7/21/2020,12:00,0
7/21/2020,18:00,0
7/22/2020,0:00,0
7/22/2020,6:00,0
7/22/2020,12:00,0
7/22/2020,18:00,0.3125
7/23/2020,0:00,0
7/23/2020,6:00,0
7/23/2020,12:00,0
7/23/2020,18:00,0
7/24/2020,0:00,0
7/24/2020,6:00,0
7/24/2020,12:00,0
7/24/2020,18:00,1.75
7/25/2020,0:00,6.3125
7/25/2020,6:00,13.1875
7/25/2020,12:00,15.75
7/25/2020,18:00,10.625
7/26/2020,0:00,3.5625
7/26/2020,6:00,0
7/26/2020,12:00,0
7/26/2020,18:00,0
7/27/2020,0:00,0
7/27/2020,6:00,0.125
7/27/2020,12:00,0.1875
7/27/2020,18:00,0.25
7/28/2020,0:00,1
7/28/2020,6:00,3.6875
7/28/2020,12:00,2.1875
7/28/2020,18:00,2.3125
7/29/2020,0:00,2
7/29/2020,6:00,0.3125
7/29/2020,12:00,0
7/29/2020,18:00,0
7/30/2020,0:00,0
7/30/2020,6:00,0
7/30/2020,12:00,0
7/30/2020,18:00,0
7/31/2020,0:00,0
7/31/2020,6:00,0
7/31/2020,12:00,0
7/31/2020,18:00,0
8/1/2020,0:00,1.375
8/1/2020,6:00,1.0625
8/1/2020,12:00,1.375
8/1/2020,18:00,0.5
8/2/2020,0:00,0
8/2/2020,6:00,0
8/2/2020,12:00,0
8/2/2020,18:00,0
8/3/2020,0:00,0
8/3/2020,6:00,0
8/3/2020,12:00,0
8/3/2020,18:00,0
8/4/2020,0:00,0
8/4/2020,6:00,0
8/4/2020,12:00,0
8/4/2020,18:00,0
8/5/2020,0:00,0
8/5/2020,6:00,0
8/5/2020,12:00,0
8/5/2020,18:00,0
8/6/2020,0:00,0
8/6/2020,6:00,0
8/6/2020,12:00,0
8/6/2020,18:00,0
8/7/2020,0:00,0
8/7/2020,6:00,0
8/7/2020,12:00,0
8/7/2020,18:00,0
8/8/2020,0:00,0
8/8/2020,6:00,0
8/8/2020,12:00,0
8/8/2020,18:00,0
8/9/2020,0:00,0
8/9/2020,6:00,0
8/9/2020,12:00,0
8/9/2020,18:00,0
8/10/2020,0:00,0
8/10/2020,6:00,0
8/10/2020,12:00,0
8/10/2020,18:00,0
8/11/2020,0:00,0
8/11/2020,6:00,0
8/11/2020,12:00,0.25
8/11/2020,18:00,0.125
8/12/2020,0:00,0.1875
8/12/2020,6:00,0.625
8/12/2020,12:00,0.125
8/12/2020,18:00,0.3125
8/13/2020,0:00,0.125
8/13/2020,6:00,0
8/13/2020,12:00,0.0625
8/13/2020,18:00,0.25
8/14/2020,0:00,0.0625
8/14/2020,6:00,0
8/14/2020,12:00,0
8/14/2020,18:00,0.0625
8/15/2020,0:00,0.375
8/15/2020,6:00,0.5625
8/15/2020,12:00,0.375
8/15/2020,18:00,0.375
8/16/2020,0:00,0
8/16/2020,6:00,0
8/16/2020,12:00,0
8/16/2020,18:00,0
8/17/2020,0:00,0
8/17/2020,6:00,0
8/17/2020,12:00,0
8/17/2020,18:00,0
8/18/2020,0:00,0
8/18/2020,6:00,0
8/18/2020,12:00,0
8/18/2020,18:00,0
8/19/2020,0:00,0
8/19/2020,6:00,0
8/19/2020,12:00,0
8/19/2020,18:00,0
8/20/2020,0:00,0
8/20/2020,6:00,0
8/20/2020,12:00,0
8/20/2020,18:00,0
8/21/2020,0:00,0
8/21/2020,6:00,0
8/21/2020,12:00,0
8/21/2020,18:00,0
8/22/2020,0:00,0
8/22/2020,6:00,0
8/22/2020,12:00,0
8/22/2020,18:00,0
8/23/2020,0:00,0
8/23/2020,6:00,0
8/23/2020,12:00,0
8/23/2020,18:00,0
8/24/2020,0:00,0
8/24/2020,6:00,0
8/24/2020,12:00,0
8/24/2020,18:00,0
8/25/2020,0:00,0
8/25/2020,6:00,0
8/25/2020,12:00,0
8/25/2020,18:00,0
8/26/2020,0:00,0
8/26/2020,6:00,0
8/26/2020,12:00,0
8/26/2020,18:00,0
8/27/2020,0:00,0
8/27/2020,6:00,0
8/27/2020,12:00,0
8/27/2020,18:00,0.25
8/28/2020,0:00,0.3125
8/28/2020,6:00,0.3125
8/28/2020,12:00,2.5
8/28/2020,18:00,2.3125
8/29/2020,0:00,7.75
8/29/2020,6:00,5.1875
8/29/2020,12:00,1.1875
8/29/2020,18:00,0.5625
8/30/2020,0:00,5.5
8/30/2020,6:00,16.5
8/30/2020,12:00,20.6875
8/30/2020,18:00,12.25
8/31/2020,0:00,7.3125
8/31/2020,6:00,4.5
8/31/2020,12:00,1.25
8/31/2020,18:00,0
9/1/2020,0:00,0
9/1/2020,6:00,0
9/1/2020,12:00,0.3125
9/1/2020,18:00,3.375
9/2/2020,0:00,0.8125
9/2/2020,6:00,0.75
9/2/2020,12:00,0.0625
9/2/2020,18:00,0.25
9/3/2020,0:00,1.3125
9/3/2020,6:00,0.5625
9/3/2020,12:00,0.0625
9/3/2020,18:00,0.4375
9/4/2020,0:00,0.125
9/4/2020,6:00,0.125
9/4/2020,12:00,0.125
9/4/2020,18:00,0.0625
9/5/2020,0:00,0
9/5/2020,6:00,0
9/5/2020,12:00,0
9/5/2020,18:00,0
9/6/2020,0:00,0.625
9/6/2020,6:00,9.5
9/6/2020,12:00,30.0625
9/6/2020,18:00,37.125
9/7/2020,0:00,22
9/7/2020,6:00,10.125
9/7/2020,12:00,2.25
9/7/2020,18:00,0.0625
9/8/2020,0:00,0.125
9/8/2020,6:00,0.125
9/8/2020,12:00,0.0625
9/8/2020,18:00,0.0625
9/9/2020,0:00,0.0625
9/9/2020,6:00,0.125
9/9/2020,12:00,0.0625
9/9/2020,18:00,0.0625
9/10/2020,0:00,0.5
9/10/2020,6:00,2.0625
9/10/2020,12:00,3.1875
9/10/2020,18:00,1.875
9/11/2020,0:00,0
9/11/2020,6:00,0
9/11/2020,12:00,0
9/11/2020,18:00,0.0625
9/12/2020,0:00,0.5625
9/12/2020,6:00,2.625
9/12/2020,12:00,6.8125
9/12/2020,18:00,10.125
9/13/2020,0:00,15.9375
9/13/2020,6:00,9.25
9/13/2020,12:00,12.625
9/13/2020,18:00,12.8125
9/14/2020,0:00,9.4375
9/14/2020,6:00,14
9/14/2020,12:00,8.8125
9/14/2020,18:00,5
9/15/2020,0:00,0.8125
9/15/2020,6:00,0
9/15/2020,12:00,0
9/15/2020,18:00,0.0625
9/16/2020,0:00,0.125
9/16/2020,6:00,0.8125
9/16/2020,12:00,1.625
9/16/2020,18:00,4.9375
9/17/2020,0:00,4.4375
9/17/2020,6:00,3.875
9/17/2020,12:00,1.0625
9/17/2020,18:00,0.0625
9/18/2020,0:00,0
9/18/2020,6:00,0
9/18/2020,12:00,0.0625
9/18/2020,18:00,0
9/19/2020,0:00,0
9/19/2020,6:00,0
9/19/2020,12:00,0
9/19/2020,18:00,0
9/20/2020,0:00,0
9/20/2020,6:00,0
9/20/2020,12:00,0
9/20/2020,18:00,0
9/21/2020,0:00,0
9/21/2020,6:00,0
9/21/2020,12:00,0
9/21/2020,18:00,0
9/22/2020,0:00,0
9/22/2020,6:00,0
9/22/2020,12:00,0
9/22/2020,18:00,0
9/23/2020,0:00,0
9/23/2020,6:00,0
9/23/2020,12:00,0
9/23/2020,18:00,0
9/24/2020,0:00,0
9/24/2020,6:00,0
9/24/2020,12:00,0.3125
9/24/2020,18:00,0.3125
9/25/2020,0:00,0
9/25/2020,6:00,0
9/25/2020,12:00,0
9/25/2020,18:00,0
9/26/2020,0:00,0
9/26/2020,6:00,0
9/26/2020,12:00,0
9/26/2020,18:00,0.8125
9/27/2020,0:00,1.25
9/27/2020,6:00,0.4375
9/27/2020,12:00,6.6875
9/27/2020,18:00,18.0625
9/28/2020,0:00,17.4375
9/28/2020,6:00,20.3125
9/28/2020,12:00,5.625
9/28/2020,18:00,2.1875
9/29/2020,0:00,0
9/29/2020,6:00,0
9/29/2020,12:00,0
9/29/2020,18:00,0.125
9/30/2020,0:00,0.125
9/30/2020,6:00,0.5625
9/30/2020,12:00,4.5
9/30/2020,18:00,1.25
10/1/2020,0:00,1.5625
10/1/2020,6:00,2
10/1/2020,12:00,2.125
10/1/2020,18:00,3.5
10/2/2020,0:00,3.625
10/2/2020,6:00,2.5625
10/2/2020,12:00,2.9375
10/2/2020,18:00,0.5
10/3/2020,0:00,3.5
10/3/2020,6:00,2.0625
10/3/2020,12:00,4.6875
10/3/2020,18:00,6.375
10/4/2020,0:00,1.5
10/4/2020,6:00,0.25
10/4/2020,12:00,0.875
10/4/2020,18:00,0.0625
10/5/2020,0:00,0
10/5/2020,6:00,0
10/5/2020,12:00,0
10/5/2020,18:00,0.0625
10/6/2020,0:00,0.0625
10/6/2020,6:00,0.0625
10/6/2020,12:00,0.125
10/6/2020,18:00,0.0625
10/7/2020,0:00,0
10/7/2020,6:00,0
10/7/2020,12:00,0
10/7/2020,18:00,0
10/8/2020,0:00,0
10/8/2020,6:00,0
10/8/2020,12:00,0.0625
10/8/2020,18:00,0
10/9/2020,0:00,0
10/9/2020,6:00,0
10/9/2020,12:00,0
10/9/2020,18:00,0
10/10/2020,0:00,0
10/10/2020,6:00,0
10/10/2020,12:00,0
10/10/2020,18:00,0
10/11/2020,0:00,0
10/11/2020,6:00,0
10/11/2020,12:00,0
10/11/2020,18:00,0
10/12/2020,0:00,0
10/12/2020,6:00,0
10/12/2020,12:00,0
10/12/2020,18:00,0
10/13/2020,0:00,0
10/13/2020,6:00,0
10/13/2020,12:00,0
10/13/2020,18:00,0
10/14/2020,0:00,0
10/14/2020,6:00,0
10/14/2020,12:00,0
10/14/2020,18:00,0
10/15/2020,0:00,0
10/15/2020,6:00,0
10/15/2020,12:00,0
10/15/2020,18:00,0
10/16/2020,0:00,0
10/16/2020,6:00,0
10/16/2020,12:00,0
10/16/2020,18:00,0
10/17/2020,0:00,0.0625
10/17/2020,6:00,0.125
10/17/2020,12:00,0
10/17/2020,18:00,0.0625
10/18/2020,0:00,1.0625
10/18/2020,6:00,6.125
10/18/2020,12:00,0.375
10/18/2020,18:00,2
10/19/2020,0:00,0.0625
10/19/2020,6:00,0
10/19/2020,12:00,0
10/19/2020,18:00,0
10/20/2020,0:00,0
10/20/2020,6:00,0
10/20/2020,12:00,0
10/20/2020,18:00,0
10/21/2020,0:00,0
10/21/2020,6:00,0
10/21/2020,12:00,0
10/21/2020,18:00,0
10/22/2020,0:00,0
10/22/2020,6:00,0
10/22/2020,12:00,0
10/22/2020,18:00,0
10/23/2020,0:00,0.125
10/23/2020,6:00,0.4375
10/23/2020,12:00,3.5625
10/23/2020,18:00,17.6875
10/24/2020,0:00,8.9375
10/24/2020,6:00,10.6875
10/24/2020,12:00,10.125
10/24/2020,18:00,0
10/25/2020,0:00,0
10/25/2020,6:00,0
10/25/2020,12:00,0
10/25/2020,18:00,0
10/26/2020,0:00,0
10/26/2020,6:00,9.1875
10/26/2020,12:00,10.5625
10/26/2020,18:00,11.375
10/27/2020,0:00,14.375
10/27/2020,6:00,12.0625
10/27/2020,12:00,5.25
10/27/2020,18:00,0.5625
10/28/2020,0:00,0
10/28/2020,6:00,0
10/28/2020,12:00,0
10/28/2020,18:00,0
10/29/2020,0:00,0
10/29/2020,6:00,0
10/29/2020,12:00,0
10/29/2020,18:00,0
10/30/2020,0:00,0.125
10/30/2020,6:00,0.125
10/30/2020,12:00,0.0625
10/30/2020,18:00,0.0625
10/31/2020,0:00,0
10/31/2020,6:00,0
10/31/2020,12:00,0
10/31/2020,18:00,0
11/1/2020,0:00,0
11/1/2020,6:00,0
11/1/2020,12:00,0
11/1/2020,18:00,0
11/2/2020,0:00,0
11/2/2020,6:00,0
11/2/2020,12:00,0
11/2/2020,18:00,0
11/3/2020,0:00,0
11/3/2020,6:00,0
11/3/2020,12:00,0
11/3/2020,18:00,0
11/4/2020,0:00,0
11/4/2020,6:00,0
11/4/2020,12:00,0
11/4/2020,18:00,0
11/5/2020,0:00,0
11/5/2020,6:00,0
11/5/2020,12:00,0
11/5/2020,18:00,0
11/6/2020,0:00,0
11/6/2020,6:00,0
11/6/2020,12:00,0
11/6/2020,18:00,0
11/7/2020,0:00,0
11/7/2020,6:00,0
11/7/2020,12:00,0
11/7/2020,18:00,0
11/8/2020,0:00,0
11/8/2020,6:00,0
11/8/2020,12:00,0
11/8/2020,18:00,0
11/9/2020,0:00,0
11/9/2020,6:00,0.375
11/9/2020,12:00,2.3125
11/9/2020,18:00,0.375
11/10/2020,0:00,0.25
11/10/2020,6:00,0.3125
11/10/2020,12:00,0.0625
11/10/2020,18:00,0.1875
11/11/2020,0:00,0.0625
11/11/2020,6:00,0.0625
11/11/2020,12:00,0
11/11/2020,18:00,0.0625
11/12/2020,0:00,0
11/12/2020,6:00,0.0625
11/12/2020,12:00,0
11/12/2020,18:00,0
11/13/2020,0:00,0
11/13/2020,6:00,0
11/13/2020,12:00,0
11/13/2020,18:00,0
11/14/2020,0:00,0
11/14/2020,6:00,0
11/14/2020,12:00,0
11/14/2020,18:00,0
11/15/2020,0:00,0.125
11/15/2020,6:00,8.9375
11/15/2020,12:00,8.75
11/15/2020,18:00,11.5625
11/16/2020,0:00,7.8125
11/16/2020,6:00,1.8125
11/16/2020,12:00,1.6875
11/16/2020,18:00,3.4375
11/17/2020,0:00,0.25
11/17/2020,6:00,0.25
11/17/2020,12:00,1.3125
11/17/2020,18:00,0
11/18/2020,0:00,0
11/18/2020,6:00,0
11/18/2020,12:00,0
11/18/2020,18:00,0
11/19/2020,0:00,1
11/19/2020,6:00,5.3125
11/19/2020,12:00,3.6875
11/19/2020,18:00,5.375
11/20/2020,0:00,9.8125
11/20/2020,6:00,4.875
11/20/2020,12:00,5
11/20/2020,18:00,3.3125
11/21/2020,0:00,0.375
11/21/2020,6:00,0.6875
11/21/2020,12:00,0.0625
11/21/2020,18:00,0.0625
11/22/2020,0:00,0
11/22/2020,6:00,0
11/22/2020,12:00,0
11/22/2020,18:00,0
11/23/2020,0:00,0
11/23/2020,6:00,0
11/23/2020,12:00,0
11/23/2020,18:00,0
11/24/2020,0:00,0
11/24/2020,6:00,0
11/24/2020,12:00,0
11/24/2020,18:00,0
11/25/2020,0:00,0
11/25/2020,6:00,0
11/25/2020,12:00,0
11/25/2020,18:00,0
11/26/2020,0:00,2
11/26/2020,6:00,27.3125
11/26/2020,12:00,38.375
11/26/2020,18:00,60.0625
11/27/2020,0:00,23.8125
11/27/2020,6:00,5.125
11/27/2020,12:00,7.9375
11/27/2020,18:00,2.4375
11/28/2020,0:00,0.0625
11/28/2020,6:00,0.0625
11/28/2020,12:00,0.1875
11/28/2020,18:00,10.6875
11/29/2020,0:00,40
11/29/2020,6:00,51.4375
11/29/2020,12:00,35.3125
11/29/2020,18:00,12.375
11/30/2020,0:00,22.5
11/30/2020,6:00,0.1875
11/30/2020,12:00,3.0625
11/30/2020,18:00,1.125
12/1/2020,0:00,4.75
12/1/2020,6:00,2.125
12/1/2020,12:00,3.25
12/1/2020,18:00,0.8125
12/2/2020,0:00,0
12/2/2020,6:00,0
12/2/2020,12:00,0
12/2/2020,18:00,0
12/3/2020,0:00,55.25
12/3/2020,6:00,16.625
12/3/2020,12:00,37.8125
12/3/2020,18:00,28.4375
12/4/2020,0:00,1.5
12/4/2020,6:00,0.125
12/4/2020,12:00,0
12/4/2020,18:00,0
12/5/2020,0:00,0
12/5/2020,6:00,0.0625
12/5/2020,12:00,0
12/5/2020,18:00,0
12/6/2020,0:00,0.0625
12/6/2020,6:00,0.125
12/6/2020,12:00,0.0625
12/6/2020,18:00,0.5
12/7/2020,0:00,1.5
12/7/2020,6:00,1.5625
12/7/2020,12:00,1.5
12/7/2020,18:00,0.75
12/8/2020,0:00,0.0625
12/8/2020,6:00,0.125
12/8/2020,12:00,0.0625
12/8/2020,18:00,0
12/9/2020,0:00,0
12/9/2020,6:00,0
12/9/2020,12:00,0
12/9/2020,18:00,0
12/10/2020,0:00,0
12/10/2020,6:00,0
12/10/2020,12:00,0
12/10/2020,18:00,0
12/11/2020,0:00,0
12/11/2020,6:00,0
12/11/2020,12:00,0
12/11/2020,18:00,0
12/12/2020,0:00,0
12/12/2020,6:00,0
12/12/2020,12:00,0
12/12/2020,18:00,0.0625
12/13/2020,0:00,0.5625
12/13/2020,6:00,0
12/13/2020,12:00,4.6875
12/13/2020,18:00,31.4375
12/14/2020,0:00,16.6875
12/14/2020,6:00,12.5625
12/14/2020,12:00,8.5
12/14/2020,18:00,0.6875
12/15/2020,0:00,0.0625
12/15/2020,6:00,0
12/15/2020,12:00,0
12/15/2020,18:00,0
12/16/2020,0:00,0
12/16/2020,6:00,0
12/16/2020,12:00,0
12/16/2020,18:00,0
12/17/2020,0:00,0
12/17/2020,6:00,0
12/17/2020,12:00,0.0625
12/17/2020,18:00,1.1875
12/18/2020,0:00,0.25
12/18/2020,6:00,0
12/18/2020,12:00,0
12/18/2020,18:00,0
12/19/2020,0:00,0
12/19/2020,6:00,0.125
12/19/2020,12:00,42.1875
12/19/2020,18:00,59.5625
12/20/2020,0:00,52
12/20/2020,6:00,32.625
12/20/2020,12:00,4.5625
12/20/2020,18:00,0.0625
12/21/2020,0:00,0
12/21/2020,6:00,0
12/21/2020,12:00,0
12/21/2020,18:00,0
12/22/2020,0:00,0
12/22/2020,6:00,0
12/22/2020,12:00,0
12/22/2020,18:00,0
12/23/2020,0:00,0
12/23/2020,6:00,0
12/23/2020,12:00,0
12/23/2020,18:00,0
12/24/2020,0:00,0
12/24/2020,6:00,0
12/24/2020,12:00,0
12/24/2020,18:00,0
12/25/2020,0:00,0
12/25/2020,6:00,0
12/25/2020,12:00,0
12/25/2020,18:00,0
12/26/2020,0:00,0
12/26/2020,6:00,0
12/26/2020,12:00,2.5625
12/26/2020,18:00,4.625
12/27/2020,0:00,4.375
12/27/2020,6:00,2
12/27/2020,12:00,14.3125
12/27/2020,18:00,10.0625
12/28/2020,0:00,0
12/28/2020,6:00,0
12/28/2020,12:00,0
12/28/2020,18:00,0
12/29/2020,0:00,0
12/29/2020,6:00,0
12/29/2020,12:00,0
12/29/2020,18:00,0.0625
12/30/2020,0:00,0
12/30/2020,6:00,0
12/30/2020,12:00,2.125
12/30/2020,18:00,0
12/31/2020,0:00,0
12/31/2020,6:00,2.4375
12/31/2020,12:00,3
12/31/2020,18:00,5.1875
1/1/2021,0:00,2.4375
1/1/2021,6:00,0
1/1/2021,12:00,0
1/1/2021,18:00,0
1/2/2021,0:00,0
1/2/2021,6:00,0
1/2/2021,12:00,0
1/2/2021,18:00,0
1/3/2021,0:00,0
1/3/2021,6:00,0
1/3/2021,12:00,0
1/3/2021,18:00,0
1/4/2021,0:00,0
1/4/2021,6:00,0
1/4/2021,12:00,0
1/4/2021,18:00,0
1/5/2021,0:00,0
1/5/2021,6:00,0.375
1/5/2021,12:00,6.625
1/5/2021,18:00,10.5625
1/6/2021,0:00,10.5
1/6/2021,6:00,10.125
1/6/2021,12:00,9.3125
1/6/2021,18:00,0.9375
1/7/2021,0:00,1.375
1/7/2021,6:00,0
1/7/2021,12:00,0
1/7/2021,18:00,0
1/8/2021,0:00,0
1/8/2021,6:00,0
1/8/2021,12:00,0
1/8/2021,18:00,0
1/9/2021,0:00,0
1/9/2021,6:00,0
1/9/2021,12:00,0
1/9/2021,18:00,0
1/10/2021,0:00,0
1/10/2021,6:00,0
1/10/2021,12:00,0
1/10/2021,18:00,0
1/11/2021,0:00,0
1/11/2021,6:00,0
1/11/2021,12:00,4.4375
1/11/2021,18:00,9.9375
1/12/2021,0:00,13.4375
1/12/2021,6:00,22.25
1/12/2021,12:00,25.8125
1/12/2021,18:00,19.625
1/13/2021,0:00,11.375
1/13/2021,6:00,1.5
1/13/2021,12:00,0.1875
1/13/2021,18:00,0
1/14/2021,0:00,0
1/14/2021,6:00,0
1/14/2021,12:00,0
1/14/2021,18:00,0
1/15/2021,0:00,0
1/15/2021,6:00,0
1/15/2021,12:00,0
1/15/2021,18:00,0
1/16/2021,0:00,3.125
1/16/2021,6:00,6.9375
1/16/2021,12:00,15
1/16/2021,18:00,12.25
1/17/2021,0:00,13.4375
1/17/2021,6:00,14.75
1/17/2021,12:00,24.25
1/17/2021,18:00,12.6875
1/18/2021,0:00,3.625
1/18/2021,6:00,0
1/18/2021,12:00,0
1/18/2021,18:00,0
1/19/2021,0:00,0
1/19/2021,6:00,0
1/19/2021,12:00,0
1/19/2021,18:00,0
1/20/2021,0:00,0
1/20/2021,6:00,0
1/20/2021,12:00,0
1/20/2021,18:00,0
1/21/2021,0:00,0
1/21/2021,6:00,0
1/21/2021,12:00,0
1/21/2021,18:00,0
1/22/2021,0:00,2.5625
1/22/2021,6:00,10.125
1/22/2021,12:00,6.875
1/22/2021,18:00,0.1875
1/23/2021,0:00,0.0625
1/23/2021,6:00,0
1/23/2021,12:00,0.1875
1/23/2021,18:00,0
1/24/2021,0:00,0.1875
1/24/2021,6:00,0
1/24/2021,12:00,2.5
1/24/2021,18:00,6
1/25/2021,0:00,4.125
1/25/2021,6:00,5.875
1/25/2021,12:00,4.5
1/25/2021,18:00,1.375
1/26/2021,0:00,0.125
1/26/2021,6:00,1.3125
1/26/2021,12:00,0.0625
1/26/2021,18:00,4.875
1/27/2021,0:00,8.375
1/27/2021,6:00,32.0625
1/27/2021,12:00,52.25
1/27/2021,18:00,35.125
1/28/2021,0:00,8.75
1/28/2021,6:00,2.875
1/28/2021,12:00,3.5
1/28/2021,18:00,6.3125
1/29/2021,0:00,5.9375
1/29/2021,6:00,23.25
1/29/2021,12:00,13.5
1/29/2021,18:00,8
1/30/2021,0:00,2.875
1/30/2021,6:00,3.625
1/30/2021,12:00,2.25
1/30/2021,18:00,2.375
1/31/2021,0:00,29.1875
1/31/2021,6:00,38.25
1/31/2021,12:00,32.5625
1/31/2021,18:00,31.8125
2/1/2021,0:00,24.375
2/1/2021,6:00,15.125
2/1/2021,12:00,22.875
2/1/2021,18:00,7.125
2/2/2021,0:00,0.1875
2/2/2021,6:00,0.1875
2/2/2021,12:00,13
2/2/2021,18:00,2.75
2/3/2021,0:00,7.4375
2/3/2021,6:00,13.5625
2/3/2021,12:00,26.25
2/3/2021,18:00,21.4375
2/4/2021,0:00,20.375
2/4/2021,6:00,19.0625
2/4/2021,12:00,15.1875
2/4/2021,18:00,8.6875
2/5/2021,0:00,2.1875
2/5/2021,6:00,1.5625
2/5/2021,12:00,1.0625
2/5/2021,18:00,0.25
2/6/2021,0:00,0
2/6/2021,6:00,0
2/6/2021,12:00,0
2/6/2021,18:00,0
2/7/2021,0:00,0
2/7/2021,6:00,0
2/7/2021,12:00,0
2/7/2021,18:00,0
2/8/2021,0:00,0
2/8/2021,6:00,0
2/8/2021,12:00,0
2/8/2021,18:00,0
2/9/2021,0:00,0
2/9/2021,6:00,0
2/9/2021,12:00,0
2/9/2021,18:00,0
2/10/2021,0:00,0.5
2/10/2021,6:00,1
2/10/2021,12:00,0.9375
2/10/2021,18:00,1.875
2/11/2021,0:00,3.6875
2/11/2021,6:00,3.25
2/11/2021,12:00,8.125
2/11/2021,18:00,9.5625
2/12/2021,0:00,3.75
2/12/2021,6:00,8.125
2/12/2021,12:00,3
2/12/2021,18:00,0.1875
2/13/2021,0:00,1.1875
2/13/2021,6:00,0.875
2/13/2021,12:00,1.6875
2/13/2021,18:00,1.125
2/14/2021,0:00,0.0625
2/14/2021,6:00,0.125
2/14/2021,12:00,1.125
2/14/2021,18:00,2.3125
2/15/2021,0:00,4.125
2/15/2021,6:00,3.8125
2/15/2021,12:00,3.8125
2/15/2021,18:00,3.375
2/16/2021,0:00,10.3125
2/16/2021,6:00,6.375
2/16/2021,12:00,6.625
2/16/2021,18:00,1.125
2/17/2021,0:00,0
2/17/2021,6:00,0
2/17/2021,12:00,0
2/17/2021,18:00,0
2/18/2021,0:00,0
2/18/2021,6:00,0
2/18/2021,12:00,0
2/18/2021,18:00,0
2/19/2021,0:00,0
2/19/2021,6:00,0
2/19/2021,12:00,0.0625
2/19/2021,18:00,0.0625
2/20/2021,0:00,0
2/20/2021,6:00,0
2/20/2021,12:00,0
2/20/2021,18:00,0
2/21/2021,0:00,0
2/21/2021,6:00,0
2/21/2021,12:00,0
2/21/2021,18:00,0
2/22/2021,0:00,0
2/22/2021,6:00,0
2/22/2021,12:00,0
2/22/2021,18:00,0
2/23/2021,0:00,0
2/23/2021,6:00,0
2/23/2021,12:00,0
2/23/2021,18:00,0.875
2/24/2021,0:00,0
2/24/2021,6:00,0.3125
2/24/2021,12:00,0.1875
2/24/2021,18:00,0.4375
2/25/2021,0:00,0
2/25/2021,6:00,0
2/25/2021,12:00,0
2/25/2021,18:00,0
2/26/2021,0:00,0
2/26/2021,6:00,0
2/26/2021,12:00,0
2/26/2021,18:00,0
2/27/2021,0:00,0
2/27/2021,6:00,0
2/27/2021,12:00,0
2/27/2021,18:00,0
2/28/2021,0:00,0
2/28/2021,6:00,0
2/28/2021,12:00,0
2/28/2021,18:00,0
3/1/2021,0:00,0
3/1/2021,6:00,0
3/1/2021,12:00,0
3/1/2021,18:00,0
3/2/2021,0:00,0
3/2/2021,6:00,0
3/2/2021,12:00,0
3/2/2021,18:00,0
3/3/2021,0:00,0
3/3/2021,6:00,0
3/3/2021,12:00,0
3/3/2021,18:00,0.125
3/4/2021,0:00,0.3125
3/4/2021,6:00,10.875
3/4/2021,12:00,4.25
3/4/2021,18:00,4.25
3/5/2021,0:00,12.0625
3/5/2021,6:00,7.625
3/5/2021,12:00,7.6875
3/5/2021,18:00,0.1875
3/6/2021,0:00,0.0625
3/6/2021,6:00,0.1875
3/6/2021,12:00,0.1875
3/6/2021,18:00,0
3/7/2021,0:00,0
3/7/2021,6:00,0
3/7/2021,12:00,0
3/7/2021,18:00,0
3/8/2021,0:00,0
3/8/2021,6:00,0
3/8/2021,12:00,0
3/8/2021,18:00,0
3/9/2021,0:00,0
3/9/2021,6:00,0
3/9/2021,12:00,0
3/9/2021,18:00,0
3/10/2021,0:00,0
3/10/2021,6:00,0
3/10/2021,12:00,0
3/10/2021,18:00,0
3/11/2021,0:00,0
3/11/2021,6:00,0
3/11/2021,12:00,0
3/11/2021,18:00,0
3/12/2021,0:00,0
3/12/2021,6:00,0
3/12/2021,12:00,0
3/12/2021,18:00,0
3/13/2021,0:00,0
3/13/2021,6:00,0
3/13/2021,12:00,0
3/13/2021,18:00,0
3/14/2021,0:00,0
3/14/2021,6:00,0
3/14/2021,12:00,0
3/14/2021,18:00,0
3/15/2021,0:00,0
3/15/2021,6:00,0
3/15/2021,12:00,0
3/15/2021,18:00,0
3/16/2021,0:00,0
3/16/2021,6:00,0
3/16/2021,12:00,0
3/16/2021,18:00,0
3/17/2021,0:00,0.625
3/17/2021,6:00,20.4375
3/17/2021,12:00,8.0625
3/17/2021,18:00,1.75
3/18/2021,0:00,1.5
3/18/2021,6:00,0
3/18/2021,12:00,0.1875
3/18/2021,18:00,0
3/19/2021,0:00,0
3/19/2021,6:00,0
3/19/2021,12:00,0
3/19/2021,18:00,0
3/20/2021,0:00,0
3/20/2021,6:00,0
3/20/2021,12:00,0
3/20/2021,18:00,0.125
3/21/2021,0:00,29.0625
3/21/2021,6:00,43.1875
3/21/2021,12:00,48.6875
3/21/2021,18:00,40.5625
3/22/2021,0:00,31.375
3/22/2021,6:00,4
3/22/2021,12:00,0.0625
3/22/2021,18:00,0.1875
3/23/2021,0:00,0.5625
3/23/2021,6:00,2.1875
3/23/2021,12:00,5.8125
3/23/2021,18:00,5.8125
3/24/2021,0:00,3.25
3/24/2021,6:00,0.9375
3/24/2021,12:00,0.125
3/24/2021,18:00,0
3/25/2021,0:00,0
3/25/2021,6:00,0
3/25/2021,12:00,0.0625
3/25/2021,18:00,0
3/26/2021,0:00,0.0625
3/26/2021,6:00,0.5
3/26/2021,12:00,5.625
3/26/2021,18:00,9.75
3/27/2021,0:00,25.8125
3/27/2021,6:00,6.8125
3/27/2021,12:00,18.125
3/27/2021,18:00,7.125
3/28/2021,0:00,34.3125
3/28/2021,6:00,24.25
3/28/2021,12:00,16.125
3/28/2021,18:00,7.875
3/29/2021,0:00,0.125
3/29/2021,6:00,0
3/29/2021,12:00,0
3/29/2021,18:00,0
3/30/2021,0:00,0
3/30/2021,6:00,0
3/30/2021,12:00,0.1875
3/30/2021,18:00,0.6875
3/31/2021,0:00,0.375
3/31/2021,6:00,0.375
3/31/2021,12:00,0.1875
3/31/2021,18:00,0
4/1/2021,0:00,0
4/1/2021,6:00,0
4/1/2021,12:00,0
4/1/2021,18:00,0
4/2/2021,0:00,0
4/2/2021,6:00,0
4/2/2021,12:00,0
4/2/2021,18:00,0
4/3/2021,0:00,0
4/3/2021,6:00,0
4/3/2021,12:00,0
4/3/2021,18:00,0
4/4/2021,0:00,0
4/4/2021,6:00,0
4/4/2021,12:00,0
4/4/2021,18:00,0
4/5/2021,0:00,0.0625
4/5/2021,6:00,1.6875
4/5/2021,12:00,2.5
4/5/2021,18:00,5
4/6/2021,0:00,8.6875
4/6/2021,6:00,5.4375
4/6/2021,12:00,1.5
4/6/2021,18:00,1.1875
4/7/2021,0:00,1.125
4/7/2021,6:00,0.6875
4/7/2021,12:00,0.0625
4/7/2021,18:00,0
4/8/2021,0:00,0
4/8/2021,6:00,0
4/8/2021,12:00,0
4/8/2021,18:00,0
4/9/2021,0:00,0
4/9/2021,6:00,0
4/9/2021,12:00,0
4/9/2021,18:00,0
4/10/2021,0:00,0
4/10/2021,6:00,0
4/10/2021,12:00,0.5
4/10/2021,18:00,0.3125
4/11/2021,0:00,0.5625
4/11/2021,6:00,2.0625
4/11/2021,12:00,6.3125
4/11/2021,18:00,1.875
4/12/2021,0:00,1.0625
4/12/2021,6:00,0.875
4/12/2021,12:00,0.3125
4/12/2021,18:00,0
4/13/2021,0:00,0
4/13/2021,6:00,0
4/13/2021,12:00,0
4/13/2021,18:00,0
4/14/2021,0:00,0
4/14/2021,6:00,0
4/14/2021,12:00,0
4/14/2021,18:00,1
4/15/2021,0:00,1.5
4/15/2021,6:00,2.1875
4/15/2021,12:00,7.125
4/15/2021,18:00,2.625
4/16/2021,0:00,11
4/16/2021,6:00,15.875
4/16/2021,12:00,4.25
4/16/2021,18:00,4.625
4/17/2021,0:00,3.125
4/17/2021,6:00,1.1875
4/17/2021,12:00,2.6875
4/17/2021,18:00,2.75
4/18/2021,0:00,0
4/18/2021,6:00,0.1875
4/18/2021,12:00,0.0625
4/18/2021,18:00,0
4/19/2021,0:00,0
4/19/2021,6:00,0
4/19/2021,12:00,0
4/19/2021,18:00,0
4/20/2021,0:00,0
4/20/2021,6:00,0
4/20/2021,12:00,0
4/20/2021,18:00,0
4/21/2021,0:00,0
4/21/2021,6:00,0
4/21/2021,12:00,0
4/21/2021,18:00,0
4/22/2021,0:00,0
4/22/2021,6:00,0
4/22/2021,12:00,0
4/22/2021,18:00,0
4/23/2021,0:00,0
4/23/2021,6:00,0
4/23/2021,12:00,0
4/23/2021,18:00,0
4/24/2021,0:00,0
4/24/2021,6:00,0
4/24/2021,12:00,3.125
4/24/2021,18:00,3.375
4/25/2021,0:00,8.125
4/25/2021,6:00,4.375
4/25/2021,12:00,4.75
4/25/2021,18:00,1.25
4/26/2021,0:00,0.125
4/26/2021,6:00,0.0625
4/26/2021,12:00,0.125
4/26/2021,18:00,0
4/27/2021,0:00,0
4/27/2021,6:00,0
4/27/2021,12:00,0
4/27/2021,18:00,0
4/28/2021,0:00,0
4/28/2021,6:00,0
4/28/2021,12:00,0
4/28/2021,18:00,0
4/29/2021,0:00,0
4/29/2021,6:00,0
4/29/2021,12:00,0
4/29/2021,18:00,0
4/30/2021,0:00,0
4/30/2021,6:00,0
4/30/2021,12:00,0
4/30/2021,18:00,0
5/1/2021,0:00,0
5/1/2021,6:00,0
5/1/2021,12:00,0
5/1/2021,18:00,0
5/2/2021,0:00,0
5/2/2021,6:00,0
5/2/2021,12:00,0
5/2/2021,18:00,0.0625
5/3/2021,0:00,0
5/3/2021,6:00,0.0625
5/3/2021,12:00,0.125
5/3/2021,18:00,0
5/4/2021,0:00,0
5/4/2021,6:00,0
5/4/2021,12:00,0.125
5/4/2021,18:00,0.5625
5/5/2021,0:00,2.375
5/5/2021,6:00,7.75
5/5/2021,12:00,22.0625
5/5/2021,18:00,12.25
5/6/2021,0:00,7.5625
5/6/2021,6:00,6.625
5/6/2021,12:00,0.125
5/6/2021,18:00,0.125
5/7/2021,0:00,0
5/7/2021,6:00,0
5/7/2021,12:00,0
5/7/2021,18:00,0
5/8/2021,0:00,0
5/8/2021,6:00,0
5/8/2021,12:00,0
5/8/2021,18:00,0
5/9/2021,0:00,0
5/9/2021,6:00,0
5/9/2021,12:00,0
5/9/2021,18:00,0
5/10/2021,0:00,0
5/10/2021,6:00,0
5/10/2021,12:00,0.125
5/10/2021,18:00,0.9375
5/11/2021,0:00,1.0625
5/11/2021,6:00,1.1875
5/11/2021,12:00,0.5625
5/11/2021,18:00,0.5
5/12/2021,0:00,0.125
5/12/2021,6:00,0
5/12/2021,12:00,0
5/12/2021,18:00,0
5/13/2021,0:00,0
5/13/2021,6:00,0
5/13/2021,12:00,0
5/13/2021,18:00,0
5/14/2021,0:00,0
5/14/2021,6:00,0
5/14/2021,12:00,0
5/14/2021,18:00,0
5/15/2021,0:00,0
5/15/2021,6:00,0
5/15/2021,12:00,0
5/15/2021,18:00,0
5/16/2021,0:00,0
5/16/2021,6:00,0
5/16/2021,12:00,0
5/16/2021,18:00,0
5/17/2021,0:00,0
5/17/2021,6:00,0
5/17/2021,12:00,0
5/17/2021,18:00,0
5/18/2021,0:00,0
5/18/2021,6:00,0
5/18/2021,12:00,0
5/18/2021,18:00,0
5/19/2021,0:00,0
5/19/2021,6:00,0
5/19/2021,12:00,0
5/19/2021,18:00,0
5/20/2021,0:00,0.0625
5/20/2021,6:00,1.1875
5/20/2021,12:00,6.4375
5/20/2021,18:00,15.625
5/21/2021,0:00,17.0625
5/21/2021,6:00,10.25
5/21/2021,12:00,11.25
5/21/2021,18:00,18.0625
5/22/2021,0:00,24.4375
5/22/2021,6:00,40.375
5/22/2021,12:00,27.5625
5/22/2021,18:00,12.375
5/23/2021,0:00,0.5
5/23/2021,6:00,0.25
5/23/2021,12:00,0.125
5/23/2021,18:00,0.1875
5/24/2021,0:00,0.25
5/24/2021,6:00,0.75
5/24/2021,12:00,0.25
5/24/2021,18:00,0.125
5/25/2021,0:00,0
5/25/2021,6:00,0
5/25/2021,12:00,0
5/25/2021,18:00,0
5/26/2021,0:00,0
5/26/2021,6:00,0
5/26/2021,12:00,0
5/26/2021,18:00,0
5/27/2021,0:00,0
5/27/2021,6:00,0
5/27/2021,12:00,0
5/27/2021,18:00,0
5/28/2021,0:00,0
5/28/2021,6:00,0
5/28/2021,12:00,5
5/28/2021,18:00,27.4375
5/29/2021,0:00,24.125
5/29/2021,6:00,25.625
5/29/2021,12:00,21.5625
5/29/2021,18:00,5.6875
5/30/2021,0:00,0
5/30/2021,6:00,0
5/30/2021,12:00,0
5/30/2021,18:00,0
5/31/2021,0:00,0
5/31/2021,6:00,0
5/31/2021,12:00,0
5/31/2021,18:00,0
6/1/2021,0:00,0
6/1/2021,6:00,0
6/1/2021,12:00,0
6/1/2021,18:00,0
6/2/2021,0:00,0
6/2/2021,6:00,0
6/2/2021,12:00,0
6/2/2021,18:00,0
6/3/2021,0:00,0
6/3/2021,6:00,0
6/3/2021,12:00,0
6/3/2021,18:00,0
6/4/2021,0:00,0
6/4/2021,6:00,0
6/4/2021,12:00,0.25
6/4/2021,18:00,0.1875
6/5/2021,0:00,0
6/5/2021,6:00,0
6/5/2021,12:00,0
6/5/2021,18:00,0.1875
6/6/2021,0:00,4.75
6/6/2021,6:00,4.5
6/6/2021,12:00,5
6/6/2021,18:00,4.875
6/7/2021,0:00,0.4375
6/7/2021,6:00,0.875
6/7/2021,12:00,0
6/7/2021,18:00,0.0625
6/8/2021,0:00,0.8125
6/8/2021,6:00,1.1875
6/8/2021,12:00,1.9375
6/8/2021,18:00,18.0625
6/9/2021,0:00,18.875
6/9/2021,6:00,21.25
6/9/2021,12:00,10
6/9/2021,18:00,0.1875
6/10/2021,0:00,0.0625
6/10/2021,6:00,0.125
6/10/2021,12:00,0.25
6/10/2021,18:00,1
6/11/2021,0:00,0.1875
6/11/2021,6:00,0.5
6/11/2021,12:00,0.0625
6/11/2021,18:00,0.0625
6/12/2021,0:00,0
6/12/2021,6:00,0
6/12/2021,12:00,0
6/12/2021,18:00,0
6/13/2021,0:00,0
6/13/2021,6:00,0
6/13/2021,12:00,0
6/13/2021,18:00,0
6/14/2021,0:00,0
6/14/2021,6:00,0
6/14/2021,12:00,0
6/14/2021,18:00,0
6/15/2021,0:00,0
6/15/2021,6:00,0
6/15/2021,12:00,0
6/15/2021,18:00,0
6/16/2021,0:00,0
6/16/2021,6:00,0
6/16/2021,12:00,0
6/16/2021,18:00,0
6/17/2021,0:00,0
6/17/2021,6:00,0
6/17/2021,12:00,0
6/17/2021,18:00,0
6/18/2021,0:00,0
6/18/2021,6:00,0
6/18/2021,12:00,0
6/18/2021,18:00,0
6/19/2021,0:00,0
6/19/2021,6:00,0
6/19/2021,12:00,1.1875
6/19/2021,18:00,2.5625
6/20/2021,0:00,2.6875
6/20/2021,6:00,1.5
6/20/2021,12:00,0.625
6/20/2021,18:00,0
6/21/2021,0:00,0
6/21/2021,6:00,0
6/21/2021,12:00,0
6/21/2021,18:00,0
6/22/2021,0:00,0
6/22/2021,6:00,0
6/22/2021,12:00,0
6/22/2021,18:00,0
6/23/2021,0:00,0
6/23/2021,6:00,0
6/23/2021,12:00,0
6/23/2021,18:00,1.125
6/24/2021,0:00,2.8125
6/24/2021,6:00,14.5
6/24/2021,12:00,59.5625
6/24/2021,18:00,52.5
6/25/2021,0:00,55.625
6/25/2021,6:00,54.8125
6/25/2021,12:00,0.4375
6/25/2021,18:00,0.125
6/26/2021,0:00,0
6/26/2021,6:00,0
6/26/2021,12:00,10.9375
6/26/2021,18:00,33.5
6/27/2021,0:00,26.4375
6/27/2021,6:00,31.375
6/27/2021,12:00,35.25
6/27/2021,18:00,16.875
6/28/2021,0:00,0.25
6/28/2021,6:00,0.0625
6/28/2021,12:00,0
6/28/2021,18:00,0
6/29/2021,0:00,0.0625
6/29/2021,6:00,0.0625
6/29/2021,12:00,0.0625
6/29/2021,18:00,0.0625
6/30/2021,0:00,0
6/30/2021,6:00,0
6/30/2021,12:00,0
6/30/2021,18:00,0
7/1/2021,0:00,0
7/1/2021,6:00,0
7/1/2021,12:00,0
7/1/2021,18:00,0
7/2/2021,0:00,0
7/2/2021,6:00,0
7/2/2021,12:00,0
7/2/2021,18:00,0
7/3/2021,0:00,0
7/3/2021,6:00,0
7/3/2021,12:00,0
7/3/2021,18:00,0
7/4/2021,0:00,0
7/4/2021,6:00,0
7/4/2021,12:00,0
7/4/2021,18:00,0
7/5/2021,0:00,0
7/5/2021,6:00,0
7/5/2021,12:00,0
7/5/2021,18:00,0
7/6/2021,0:00,0
7/6/2021,6:00,0
7/6/2021,12:00,0
7/6/2021,18:00,0
7/7/2021,0:00,0
7/7/2021,6:00,0
7/7/2021,12:00,0
7/7/2021,18:00,0
7/8/2021,0:00,0
7/8/2021,6:00,0
7/8/2021,12:00,0
7/8/2021,18:00,0
7/9/2021,0:00,0
7/9/2021,6:00,0
7/9/2021,12:00,0
7/9/2021,18:00,0
7/10/2021,0:00,0
7/10/2021,6:00,0
7/10/2021,12:00,0
7/10/2021,18:00,0
7/11/2021,0:00,0
7/11/2021,6:00,0
7/11/2021,12:00,0
7/11/2021,18:00,0
7/12/2021,0:00,0
7/12/2021,6:00,0
7/12/2021,12:00,0
7/12/2021,18:00,0
7/13/2021,0:00,0
7/13/2021,6:00,0
7/13/2021,12:00,0
7/13/2021,18:00,0
7/14/2021,0:00,0
7/14/2021,6:00,0
7/14/2021,12:00,0
7/14/2021,18:00,0.0625
7/15/2021,0:00,2.125
7/15/2021,6:00,4.9375
7/15/2021,12:00,7.1875
7/15/2021,18:00,3.5
7/16/2021,0:00,0.4375
7/16/2021,6:00,0.25
7/16/2021,12:00,0.0625
7/16/2021,18:00,0.0625
7/17/2021,0:00,0
7/17/2021,6:00,0
7/17/2021,12:00,0
7/17/2021,18:00,0
7/18/2021,0:00,0
7/18/2021,6:00,0
7/18/2021,12:00,0
7/18/2021,18:00,0
7/19/2021,0:00,0
7/19/2021,6:00,0
7/19/2021,12:00,0
7/19/2021,18:00,0
7/20/2021,0:00,0
7/20/2021,6:00,0
7/20/2021,12:00,0
7/20/2021,18:00,0
7/21/2021,0:00,0
7/21/2021,6:00,0
7/21/2021,12:00,0
7/21/2021,18:00,0
7/22/2021,0:00,0
7/22/2021,6:00,0
7/22/2021,12:00,0
7/22/2021,18:00,0
7/23/2021,0:00,0
7/23/2021,6:00,0
7/23/2021,12:00,0
7/23/2021,18:00,0
7/24/2021,0:00,0
7/24/2021,6:00,0
7/24/2021,12:00,0
7/24/2021,18:00,0
7/25/2021,0:00,0
7/25/2021,6:00,0
7/25/2021,12:00,0.3125
7/25/2021,18:00,0.125
7/26/2021,0:00,0.0625
7/26/2021,6:00,1.6875
7/26/2021,12:00,5.8125
7/26/2021,18:00,9.9375
7/27/2021,0:00,10.25
7/27/2021,6:00,10.625
7/27/2021,12:00,4.875
7/27/2021,18:00,2.0625
7/28/2021,0:00,0.0625
7/28/2021,6:00,0
7/28/2021,12:00,0
7/28/2021,18:00,0
7/29/2021,0:00,0.0625
7/29/2021,6:00,0.125
7/29/2021,12:00,0.0625
7/29/2021,18:00,0
7/30/2021,0:00,0
7/30/2021,6:00,0
7/30/2021,12:00,0
7/30/2021,18:00,0
7/31/2021,0:00,0
7/31/2021,6:00,0
7/31/2021,12:00,0
7/31/2021,18:00,0
8/1/2021,0:00,0
8/1/2021,6:00,0
8/1/2021,12:00,0
8/1/2021,18:00,0
8/2/2021,0:00,0
8/2/2021,6:00,0
8/2/2021,12:00,0
8/2/2021,18:00,0
8/3/2021,0:00,0
8/3/2021,6:00,0
8/3/2021,12:00,0
8/3/2021,18:00,0
8/4/2021,0:00,0
8/4/2021,6:00,0
8/4/2021,12:00,0
8/4/2021,18:00,0
8/5/2021,0:00,0
8/5/2021,6:00,0
8/5/2021,12:00,0
8/5/2021,18:00,0
8/6/2021,0:00,0
8/6/2021,6:00,0
8/6/2021,12:00,0
8/6/2021,18:00,0
8/7/2021,0:00,0
8/7/2021,6:00,0
8/7/2021,12:00,0
8/7/2021,18:00,0
8/8/2021,0:00,0
8/8/2021,6:00,0
8/8/2021,12:00,0
8/8/2021,18:00,0
8/9/2021,0:00,0
8/9/2021,6:00,0
8/9/2021,12:00,0.0625
8/9/2021,18:00,0.1875
8/10/2021,0:00,0.75
8/10/2021,6:00,0.8125
8/10/2021,12:00,0.9375
8/10/2021,18:00,0.9375
8/11/2021,0:00,0.125
8/11/2021,6:00,0.0625
8/11/2021,12:00,0
8/11/2021,18:00,0
8/12/2021,0:00,0
8/12/2021,6:00,0
8/12/2021,12:00,0
8/12/2021,18:00,0
8/13/2021,0:00,0
8/13/2021,6:00,0
8/13/2021,12:00,0
8/13/2021,18:00,0
8/14/2021,0:00,0
8/14/2021,6:00,0
8/14/2021,12:00,0
8/14/2021,18:00,0
8/15/2021,0:00,0
8/15/2021,6:00,0
8/15/2021,12:00,0.125
8/15/2021,18:00,0.0625
8/16/2021,0:00,0
8/16/2021,6:00,0
8/16/2021,12:00,0
8/16/2021,18:00,0
8/17/2021,0:00,0
8/17/2021,6:00,0
8/17/2021,12:00,0
8/17/2021,18:00,0
8/18/2021,0:00,0
8/18/2021,6:00,0
8/18/2021,12:00,0
8/18/2021,18:00,0
8/19/2021,0:00,0
8/19/2021,6:00,0
8/19/2021,12:00,0
8/19/2021,18:00,0
8/20/2021,0:00,0
8/20/2021,6:00,0
8/20/2021,12:00,0
8/20/2021,18:00,1.8125
8/21/2021,0:00,4.6875
8/21/2021,6:00,3.1875
8/21/2021,12:00,3.6875
8/21/2021,18:00,2.375
8/22/2021,0:00,2.375
8/22/2021,6:00,0.375
8/22/2021,12:00,0
8/22/2021,18:00,0
8/23/2021,0:00,0
8/23/2021,6:00,0
8/23/2021,12:00,0
8/23/2021,18:00,0
8/24/2021,0:00,0
8/24/2021,6:00,0.0625
8/24/2021,12:00,0.5625
8/24/2021,18:00,1.875
8/25/2021,0:00,1.1875
8/25/2021,6:00,3.75
8/25/2021,12:00,20.3125
8/25/2021,18:00,42.25
8/26/2021,0:00,40.0625
8/26/2021,6:00,37.6875
8/26/2021,12:00,27.3125
8/26/2021,18:00,7.0625
8/27/2021,0:00,4.75
8/27/2021,6:00,3.4375
8/27/2021,12:00,0
8/27/2021,18:00,0
8/28/2021,0:00,0
8/28/2021,6:00,0
8/28/2021,12:00,0
8/28/2021,18:00,0
8/29/2021,0:00,0
8/29/2021,6:00,0
8/29/2021,12:00,0
8/29/2021,18:00,0
8/30/2021,0:00,0
8/30/2021,6:00,0
8/30/2021,12:00,0
8/30/2021,18:00,0
8/31/2021,0:00,0
8/31/2021,6:00,0
8/31/2021,12:00,0
8/31/2021,18:00,0
9/1/2021,0:00,0
9/1/2021,6:00,0
9/1/2021,12:00,0
9/1/2021,18:00,0
9/2/2021,0:00,0
9/2/2021,6:00,0
9/2/2021,12:00,0
9/2/2021,18:00,0
9/3/2021,0:00,0.25
9/3/2021,6:00,1.5625
9/3/2021,12:00,0.6875
9/3/2021,18:00,0.5625
9/4/2021,0:00,0
9/4/2021,6:00,0
9/4/2021,12:00,0.125
9/4/2021,18:00,1.5625
9/5/2021,0:00,3.9375
9/5/2021,6:00,3.875
9/5/2021,12:00,7.5
9/5/2021,18:00,2.625
9/6/2021,0:00,0.125
9/6/2021,6:00,0
9/6/2021,12:00,0
9/6/2021,18:00,0
9/7/2021,0:00,1.0625
9/7/2021,6:00,1.625
9/7/2021,12:00,5.4375
9/7/2021,18:00,7.125
9/8/2021,0:00,7.125
9/8/2021,6:00,21.6875
9/8/2021,12:00,28.3125
9/8/2021,18:00,22
9/9/2021,0:00,41.75
9/9/2021,6:00,24.375
9/9/2021,12:00,1.375
9/9/2021,18:00,0.5
9/10/2021,0:00,0.3125
9/10/2021,6:00,0.3125
9/10/2021,12:00,0.125
9/10/2021,18:00,0.125
9/11/2021,0:00,0.0625
9/11/2021,6:00,0.0625
9/11/2021,12:00,0.125
9/11/2021,18:00,0.0625
9/12/2021,0:00,0
9/12/2021,6:00,0
9/12/2021,12:00,0
9/12/2021,18:00,0
9/13/2021,0:00,0
9/13/2021,6:00,16
9/13/2021,12:00,20.125
9/13/2021,18:00,35.5625
9/14/2021,0:00,27.9375
9/14/2021,6:00,13.6875
9/14/2021,12:00,9.8125
9/14/2021,18:00,6.625
9/15/2021,0:00,0.75
9/15/2021,6:00,0.6875
9/15/2021,12:00,0.1875
9/15/2021,18:00,0
9/16/2021,0:00,0
9/16/2021,6:00,0
9/16/2021,12:00,0
9/16/2021,18:00,0
9/17/2021,0:00,0
9/17/2021,6:00,0
9/17/2021,12:00,0
9/17/2021,18:00,4.4375
9/18/2021,0:00,1.0625
9/18/2021,6:00,0.3125
9/18/2021,12:00,0.25
9/18/2021,18:00,0.0625
9/19/2021,0:00,0.0625
9/19/2021,6:00,0.0625
9/19/2021,12:00,0
9/19/2021,18:00,0.4375
9/20/2021,0:00,0
9/20/2021,6:00,0
9/20/2021,12:00,0.125
9/20/2021,18:00,0
9/21/2021,0:00,0.0625
9/21/2021,6:00,0.625
9/21/2021,12:00,4.75
9/21/2021,18:00,0.4375
9/22/2021,0:00,2.25
9/22/2021,6:00,0
9/22/2021,12:00,0
9/22/2021,18:00,0
9/23/2021,0:00,0
9/23/2021,6:00,0
9/23/2021,12:00,0.0625
9/23/2021,18:00,0.1875
9/24/2021,0:00,0.125
9/24/2021,6:00,0.375
9/24/2021,12:00,0
9/24/2021,18:00,0.125
9/25/2021,0:00,0.0625
9/25/2021,6:00,0
9/25/2021,12:00,0.0625
9/25/2021,18:00,0
9/26/2021,0:00,0
9/26/2021,6:00,0
9/26/2021,12:00,0
9/26/2021,18:00,0
9/27/2021,0:00,0
9/27/2021,6:00,0
9/27/2021,12:00,0
9/27/2021,18:00,0
9/28/2021,0:00,0
9/28/2021,6:00,0
9/28/2021,12:00,0.3125
9/28/2021,18:00,3.625
9/29/2021,0:00,22.6875
9/29/2021,6:00,18.25
9/29/2021,12:00,24.3125
9/29/2021,18:00,17.4375
9/30/2021,0:00,0.0625
9/30/2021,6:00,0.125
9/30/2021,12:00,1
9/30/2021,18:00,3.0625
10/1/2021,0:00,7.125
10/1/2021,6:00,7
10/1/2021,12:00,19.875
10/1/2021,18:00,11
10/2/2021,0:00,0.0625
10/2/2021,6:00,0.0625
10/2/2021,12:00,0
10/2/2021,18:00,0.3125
10/3/2021,0:00,0.125
10/3/2021,6:00,2.5
10/3/2021,12:00,2.75
10/3/2021,18:00,2.25
10/4/2021,0:00,2.5
10/4/2021,6:00,0.5
10/4/2021,12:00,0
10/4/2021,18:00,0
10/5/2021,0:00,0
10/5/2021,6:00,0
10/5/2021,12:00,0
10/5/2021,18:00,0
10/6/2021,0:00,0
10/6/2021,6:00,0
10/6/2021,12:00,0
10/6/2021,18:00,0
10/7/2021,0:00,0
10/7/2021,6:00,0
10/7/2021,12:00,0
10/7/2021,18:00,0
10/8/2021,0:00,0
10/8/2021,6:00,0
10/8/2021,12:00,0
10/8/2021,18:00,0
10/9/2021,0:00,0.625
10/9/2021,6:00,0.125
10/9/2021,12:00,0.125
10/9/2021,18:00,0.0625
10/10/2021,0:00,0.0625
10/10/2021,6:00,0.125
10/10/2021,12:00,0.1875
10/10/2021,18:00,3.9375
10/11/2021,0:00,19.375
10/11/2021,6:00,22.5
10/11/2021,12:00,19
10/11/2021,18:00,18.5625
10/12/2021,0:00,17
10/12/2021,6:00,4.875
10/12/2021,12:00,0.5
10/12/2021,18:00,0.125
10/13/2021,0:00,0
10/13/2021,6:00,0
10/13/2021,12:00,0
10/13/2021,18:00,0.25
10/14/2021,0:00,22.3125
10/14/2021,6:00,20.75
10/14/2021,12:00,29
10/14/2021,18:00,29.8125
10/15/2021,0:00,2.9375
10/15/2021,6:00,2.75
10/15/2021,12:00,6.1875
10/15/2021,18:00,4.875
10/16/2021,0:00,6.1875
10/16/2021,6:00,1.5
10/16/2021,12:00,0.75
10/16/2021,18:00,0.0625
10/17/2021,0:00,0.0625
10/17/2021,6:00,0.0625
10/17/2021,12:00,0.0625
10/17/2021,18:00,0
10/18/2021,0:00,0
10/18/2021,6:00,0
10/18/2021,12:00,0
10/18/2021,18:00,0
10/19/2021,0:00,0
10/19/2021,6:00,0
10/19/2021,12:00,0
10/19/2021,18:00,0
10/20/2021,0:00,0
10/20/2021,6:00,0
10/20/2021,12:00,0
10/20/2021,18:00,0
10/21/2021,0:00,0
10/21/2021,6:00,0
10/21/2021,12:00,0
10/21/2021,18:00,0
10/22/2021,0:00,0
10/22/2021,6:00,0
10/22/2021,12:00,0
10/22/2021,18:00,0
10/23/2021,0:00,0
10/23/2021,6:00,0
10/23/2021,12:00,0
10/23/2021,18:00,22.8125
10/24/2021,0:00,16.375
10/24/2021,6:00,18.75
10/24/2021,12:00,17.4375
10/24/2021,18:00,0.25
10/25/2021,0:00,0.5625
10/25/2021,6:00,0
10/25/2021,12:00,0
10/25/2021,18:00,0
10/26/2021,0:00,0
10/26/2021,6:00,0
10/26/2021,12:00,0
10/26/2021,18:00,0
10/27/2021,0:00,0
10/27/2021,6:00,0
10/27/2021,12:00,0
10/27/2021,18:00,0
10/28/2021,0:00,0
10/28/2021,6:00,0
10/28/2021,12:00,0
10/28/2021,18:00,0
10/29/2021,0:00,0
10/29/2021,6:00,0
10/29/2021,12:00,0
10/29/2021,18:00,0.6875
10/30/2021,0:00,1.6875
10/30/2021,6:00,0
10/30/2021,12:00,0.0625
10/30/2021,18:00,0
10/31/2021,0:00,0.25
10/31/2021,6:00,0.25
10/31/2021,12:00,0.125
10/31/2021,18:00,0.25
11/1/2021,0:00,0
11/1/2021,6:00,0.25
11/1/2021,12:00,0
11/1/2021,18:00,0
11/2/2021,0:00,0
11/2/2021,6:00,0
11/2/2021,12:00,0
11/2/2021,18:00,0
11/3/2021,0:00,3.875
11/3/2021,6:00,12.375
11/3/2021,12:00,14.1875
11/3/2021,18:00,20.4375
11/4/2021,0:00,24.875
11/4/2021,6:00,22.8125
11/4/2021,12:00,3
11/4/2021,18:00,0.0625
11/5/2021,0:00,0
11/5/2021,6:00,0
11/5/2021,12:00,0
11/5/2021,18:00,0
11/6/2021,0:00,0.0625
11/6/2021,6:00,0.4375
11/6/2021,12:00,0
11/6/2021,18:00,0.6875
11/7/2021,0:00,0
11/7/2021,6:00,0
11/7/2021,12:00,0
11/7/2021,18:00,0
11/8/2021,0:00,0
11/8/2021,6:00,0
11/8/2021,12:00,0
11/8/2021,18:00,0
11/9/2021,0:00,0
11/9/2021,6:00,0
11/9/2021,12:00,0
11/9/2021,18:00,0
11/10/2021,0:00,0
11/10/2021,6:00,0
11/10/2021,12:00,0
11/10/2021,18:00,0
11/11/2021,0:00,0
11/11/2021,6:00,0
11/11/2021,12:00,0
11/11/2021,18:00,0
11/12/2021,0:00,0
11/12/2021,6:00,0
11/12/2021,12:00,0
11/12/2021,18:00,0
11/13/2021,0:00,0
11/13/2021,6:00,0
11/13/2021,12:00,0
11/13/2021,18:00,0
11/14/2021,0:00,0
11/14/2021,6:00,0
11/14/2021,12:00,0
11/14/2021,18:00,0
11/15/2021,0:00,1.0625
11/15/2021,6:00,0.125
11/15/2021,12:00,0.25
11/15/2021,18:00,0
11/16/2021,0:00,0
11/16/2021,6:00,0
11/16/2021,12:00,2.6875
11/16/2021,18:00,21
11/17/2021,0:00,11.6875
11/17/2021,6:00,29.5625
11/17/2021,12:00,8.375
11/17/2021,18:00,2.4375
11/18/2021,0:00,1.625
11/18/2021,6:00,0.6875
11/18/2021,12:00,0.0625
11/18/2021,18:00,0
11/19/2021,0:00,0
11/19/2021,6:00,0
11/19/2021,12:00,0
11/19/2021,18:00,0
11/20/2021,0:00,0
11/20/2021,6:00,0
11/20/2021,12:00,0
11/20/2021,18:00,0
11/21/2021,0:00,0
11/21/2021,6:00,0
11/21/2021,12:00,0
11/21/2021,18:00,0
11/22/2021,0:00,0
11/22/2021,6:00,0
11/22/2021,12:00,0
11/22/2021,18:00,0
11/23/2021,0:00,0
11/23/2021,6:00,0
11/23/2021,12:00,0
11/23/2021,18:00,0
11/24/2021,0:00,0
11/24/2021,6:00,0
11/24/2021,12:00,0
11/24/2021,18:00,0
11/25/2021,0:00,0
11/25/2021,6:00,0
11/25/2021,12:00,0.375
11/25/2021,18:00,25.3125
11/26/2021,0:00,17.1875
11/26/2021,6:00,29.0625
11/26/2021,12:00,42.25
11/26/2021,18:00,2.625
11/27/2021,0:00,0.3125
11/27/2021,6:00,0.1875
11/27/2021,12:00,0
11/27/2021,18:00,0
11/28/2021,0:00,0.0625
11/28/2021,6:00,0.0625
11/28/2021,12:00,0.4375
11/28/2021,18:00,8.1875
11/29/2021,0:00,7.875
11/29/2021,6:00,11.25
11/29/2021,12:00,5.5
11/29/2021,18:00,3.5
11/30/2021,0:00,0.0625
11/30/2021,6:00,0
11/30/2021,12:00,0
11/30/2021,18:00,0
12/1/2021,0:00,0
12/1/2021,6:00,0
12/1/2021,12:00,0
12/1/2021,18:00,0
12/2/2021,0:00,0
12/2/2021,6:00,0
12/2/2021,12:00,0
12/2/2021,18:00,0
12/3/2021,0:00,0
12/3/2021,6:00,0
12/3/2021,12:00,0
12/3/2021,18:00,0
12/4/2021,0:00,0
12/4/2021,6:00,0
12/4/2021,12:00,0
12/4/2021,18:00,0
12/5/2021,0:00,0
12/5/2021,6:00,0
12/5/2021,12:00,0
12/5/2021,18:00,0
12/6/2021,0:00,0.25
12/6/2021,6:00,0
12/6/2021,12:00,0
12/6/2021,18:00,0
12/7/2021,0:00,0
12/7/2021,6:00,0.1875
12/7/2021,12:00,0
12/7/2021,18:00,0
12/8/2021,0:00,0
12/8/2021,6:00,0
12/8/2021,12:00,0
12/8/2021,18:00,0
12/9/2021,0:00,0
12/9/2021,6:00,0
12/9/2021,12:00,0
12/9/2021,18:00,0
12/10/2021,0:00,0
12/10/2021,6:00,0
12/10/2021,12:00,0
12/10/2021,18:00,0
12/11/2021,0:00,0
12/11/2021,6:00,0
12/11/2021,12:00,0.0625
12/11/2021,18:00,0
12/12/2021,0:00,0
12/12/2021,6:00,0
12/12/2021,12:00,0.75
12/12/2021,18:00,0.0625
12/13/2021,0:00,0.625
12/13/2021,6:00,1.75
12/13/2021,12:00,1.9375
12/13/2021,18:00,4.125
12/14/2021,0:00,8.125
12/14/2021,6:00,6.875
12/14/2021,12:00,13.5625
12/14/2021,18:00,11
12/15/2021,0:00,15.5
12/15/2021,6:00,6.0625
12/15/2021,12:00,1.5625
12/15/2021,18:00,0.0625
12/16/2021,0:00,0
12/16/2021,6:00,0
12/16/2021,12:00,0
12/16/2021,18:00,0
12/17/2021,0:00,0
12/17/2021,6:00,0
12/17/2021,12:00,0
12/17/2021,18:00,0
12/18/2021,0:00,0
12/18/2021,6:00,0
12/18/2021,12:00,0
12/18/2021,18:00,0
12/19/2021,0:00,0
12/19/2021,6:00,0
12/19/2021,12:00,0
12/19/2021,18:00,0
12/20/2021,0:00,0
12/20/2021,6:00,0
12/20/2021,12:00,0
12/20/2021,18:00,0
12/21/2021,0:00,0
12/21/2021,6:00,0
12/21/2021,12:00,0
12/21/2021,18:00,0
12/22/2021,0:00,0.6875
12/22/2021,6:00,1.75
12/22/2021,12:00,0.5
12/22/2021,18:00,0.5
12/23/2021,0:00,0.5
12/23/2021,6:00,0.5625
12/23/2021,12:00,0
12/23/2021,18:00,0
12/24/2021,0:00,0
12/24/2021,6:00,0
12/24/2021,12:00,0
12/24/2021,18:00,0
12/25/2021,0:00,0
12/25/2021,6:00,0
12/25/2021,12:00,0
12/25/2021,18:00,0
12/26/2021,0:00,0
12/26/2021,6:00,0
12/26/2021,12:00,0
12/26/2021,18:00,0
12/27/2021,0:00,0
12/27/2021,6:00,0
12/27/2021,12:00,0
12/27/2021,18:00,0
12/28/2021,0:00,0
12/28/2021,6:00,0
12/28/2021,12:00,0
12/28/2021,18:00,0
12/29/2021,0:00,0
12/29/2021,6:00,0
12/29/2021,12:00,0
12/29/2021,18:00,0
12/30/2021,0:00,0
12/30/2021,6:00,0
12/30/2021,12:00,0
12/30/2021,18:00,0
12/31/2021,0:00,0
12/31/2021,6:00,0
12/31/2021,12:00,0
12/31/2021,18:00,0
1/1/2022,0:00,0.0625
1/1/2022,6:00,0.3125
1/1/2022,12:00,0
1/1/2022,18:00,0
1/2/2022,0:00,0
1/2/2022,6:00,0
1/2/2022,12:00,0
1/2/2022,18:00,0
1/3/2022,0:00,0.125
1/3/2022,6:00,0.0625
1/3/2022,12:00,1.4375
1/3/2022,18:00,0.5
1/4/2022,0:00,0.8125
1/4/2022,6:00,2.125
1/4/2022,12:00,1.625
1/4/2022,18:00,2.5
1/5/2022,0:00,1.1875
1/5/2022,6:00,1.875
1/5/2022,12:00,0.5
1/5/2022,18:00,3.5
1/6/2022,0:00,2.5625
1/6/2022,6:00,0
1/6/2022,12:00,0
1/6/2022,18:00,0
1/7/2022,0:00,0
1/7/2022,6:00,0
1/7/2022,12:00,0
1/7/2022,18:00,0
1/8/2022,0:00,0
1/8/2022,6:00,0
1/8/2022,12:00,0
1/8/2022,18:00,0
1/9/2022,0:00,0.0625
1/9/2022,6:00,0
1/9/2022,12:00,0.125
1/9/2022,18:00,0
1/10/2022,0:00,0
1/10/2022,6:00,0
1/10/2022,12:00,0
1/10/2022,18:00,0
1/11/2022,0:00,0
1/11/2022,6:00,0
1/11/2022,12:00,0
1/11/2022,18:00,0
1/12/2022,0:00,0
1/12/2022,6:00,0
1/12/2022,12:00,0
1/12/2022,18:00,0
1/13/2022,0:00,0
1/13/2022,6:00,0
1/13/2022,12:00,0
1/13/2022,18:00,0
1/14/2022,0:00,0
1/14/2022,6:00,0
1/14/2022,12:00,0
1/14/2022,18:00,0
1/15/2022,0:00,0
1/15/2022,6:00,0
1/15/2022,12:00,0.0625
1/15/2022,18:00,0
1/16/2022,0:00,0.1875
1/16/2022,6:00,2.6875
1/16/2022,12:00,5.625
1/16/2022,18:00,4.3125
1/17/2022,0:00,1.5625
1/17/2022,6:00,0.875
1/17/2022,12:00,4.8125
1/17/2022,18:00,2.375
1/18/2022,0:00,4.3125
1/18/2022,6:00,2.5625
1/18/2022,12:00,1.4375
1/18/2022,18:00,0.8125
1/19/2022,0:00,0
1/19/2022,6:00,0
1/19/2022,12:00,0
1/19/2022,18:00,0
1/20/2022,0:00,0
1/20/2022,6:00,0.1875
1/20/2022,12:00,0.375
1/20/2022,18:00,0.4375
1/21/2022,0:00,0
1/21/2022,6:00,0.0625
1/21/2022,12:00,0.1875
1/21/2022,18:00,0.0625
1/22/2022,0:00,0.0625
1/22/2022,6:00,0
1/22/2022,12:00,0.125
1/22/2022,18:00,0.0625
1/23/2022,0:00,0.3125
1/23/2022,6:00,0
1/23/2022,12:00,0
1/23/2022,18:00,0.1875
1/24/2022,0:00,0.25
1/24/2022,6:00,0.625
1/24/2022,12:00,0.25
1/24/2022,18:00,0.0625
1/25/2022,0:00,0.6875
1/25/2022,6:00,0.1875
1/25/2022,12:00,0.4375
1/25/2022,18:00,2.125
1/26/2022,0:00,2.625
1/26/2022,6:00,5.125
1/26/2022,12:00,1.625
1/26/2022,18:00,3.3125
1/27/2022,0:00,0.75
1/27/2022,6:00,0.1875
1/27/2022,12:00,18.3125
1/27/2022,18:00,26.5625
1/28/2022,0:00,0.8125
1/28/2022,6:00,1.5
1/28/2022,12:00,0.4375
1/28/2022,18:00,0
1/29/2022,0:00,0
1/29/2022,6:00,0
1/29/2022,12:00,0
1/29/2022,18:00,0
1/30/2022,0:00,0
1/30/2022,6:00,0
1/30/2022,12:00,0
1/30/2022,18:00,0
1/31/2022,0:00,0
1/31/2022,6:00,0
1/31/2022,12:00,0
1/31/2022,18:00,0
2/1/2022,0:00,0
2/1/2022,6:00,0
2/1/2022,12:00,0
2/1/2022,18:00,0
2/2/2022,0:00,0
2/2/2022,6:00,0
2/2/2022,12:00,0
2/2/2022,18:00,0
2/3/2022,0:00,0
2/3/2022,6:00,0
2/3/2022,12:00,0
2/3/2022,18:00,0
2/4/2022,0:00,0.5625
2/4/2022,6:00,17.9375
2/4/2022,12:00,5.125
2/4/2022,18:00,8.875
2/5/2022,0:00,3.75
2/5/2022,6:00,6.9375
2/5/2022,12:00,9.9375
2/5/2022,18:00,1.375
2/6/2022,0:00,2.5625
2/6/2022,6:00,1
2/6/2022,12:00,0
2/6/2022,18:00,0
2/7/2022,0:00,0
2/7/2022,6:00,0
2/7/2022,12:00,0
2/7/2022,18:00,0
2/8/2022,0:00,0
2/8/2022,6:00,0
2/8/2022,12:00,0
2/8/2022,18:00,0
2/9/2022,0:00,0
2/9/2022,6:00,0
2/9/2022,12:00,0
2/9/2022,18:00,0
2/10/2022,0:00,0
2/10/2022,6:00,0
2/10/2022,12:00,0
2/10/2022,18:00,0
2/11/2022,0:00,0
2/11/2022,6:00,0
2/11/2022,12:00,0
2/11/2022,18:00,0
2/12/2022,0:00,0
2/12/2022,6:00,0
2/12/2022,12:00,1
2/12/2022,18:00,0.0625
2/13/2022,0:00,0.5625
2/13/2022,6:00,1.375
2/13/2022,12:00,0.1875
2/13/2022,18:00,0
2/14/2022,0:00,0
2/14/2022,6:00,0
2/14/2022,12:00,0
2/14/2022,18:00,0
2/15/2022,0:00,0
2/15/2022,6:00,0
2/15/2022,12:00,0
2/15/2022,18:00,0
2/16/2022,0:00,0
2/16/2022,6:00,0
2/16/2022,12:00,0
2/16/2022,18:00,0
2/17/2022,0:00,0
2/17/2022,6:00,0
2/17/2022,12:00,0
2/17/2022,18:00,0
2/18/2022,0:00,0
2/18/2022,6:00,0
2/18/2022,12:00,0
2/18/2022,18:00,0
2/19/2022,0:00,0
2/19/2022,6:00,0
2/19/2022,12:00,0
2/19/2022,18:00,0
2/20/2022,0:00,0
2/20/2022,6:00,0
2/20/2022,12:00,0.0625
2/20/2022,18:00,0.25
2/21/2022,0:00,0.3125
2/21/2022,6:00,0.9375
2/21/2022,12:00,2.1875
2/21/2022,18:00,0.5
2/22/2022,0:00,0.75
2/22/2022,6:00,0.6875
2/22/2022,12:00,0
2/22/2022,18:00,0
2/23/2022,0:00,0
2/23/2022,6:00,0
2/23/2022,12:00,0
2/23/2022,18:00,0
2/24/2022,0:00,0
2/24/2022,6:00,0
2/24/2022,12:00,0
2/24/2022,18:00,0.5
2/25/2022,0:00,0.0625
2/25/2022,6:00,1.5
2/25/2022,12:00,1.5625
2/25/2022,18:00,4.9375
2/26/2022,0:00,2.9375
2/26/2022,6:00,0.25
2/26/2022,12:00,0.25
2/26/2022,18:00,0.0625
2/27/2022,0:00,0
2/27/2022,6:00,0
2/27/2022,12:00,0.5
2/27/2022,18:00,0
2/28/2022,0:00,0.1875
2/28/2022,6:00,0.8125
2/28/2022,12:00,35.0625
2/28/2022,18:00,14.9375
3/1/2022,0:00,38.1875
3/1/2022,6:00,3.4375
3/1/2022,12:00,14.375
3/1/2022,18:00,5.4375
3/2/2022,0:00,0.0625
3/2/2022,6:00,0.0625
3/2/2022,12:00,0
3/2/2022,18:00,0
3/3/2022,0:00,0
3/3/2022,6:00,0
3/3/2022,12:00,0
3/3/2022,18:00,0
3/4/2022,0:00,0
3/4/2022,6:00,0
3/4/2022,12:00,0
3/4/2022,18:00,0
3/5/2022,0:00,0
3/5/2022,6:00,0
3/5/2022,12:00,0
3/5/2022,18:00,0
3/6/2022,0:00,0
3/6/2022,6:00,0.0625
3/6/2022,12:00,5.6875
3/6/2022,18:00,10.375
3/7/2022,0:00,21.375
3/7/2022,6:00,20.125
3/7/2022,12:00,41.125
3/7/2022,18:00,30.3125
3/8/2022,0:00,11.5
3/8/2022,6:00,27.8125
3/8/2022,12:00,30
3/8/2022,18:00,25.5625
3/9/2022,0:00,4.875
3/9/2022,6:00,3.5625
3/9/2022,12:00,0.125
3/9/2022,18:00,0
3/10/2022,0:00,2
3/10/2022,6:00,5.8125
3/10/2022,12:00,14.6875
3/10/2022,18:00,25.4375
3/11/2022,0:00,36
3/11/2022,6:00,13.6875
3/11/2022,12:00,9.875
3/11/2022,18:00,5.125
3/12/2022,0:00,0.625
3/12/2022,6:00,0
3/12/2022,12:00,0
3/12/2022,18:00,0
3/13/2022,0:00,0
3/13/2022,6:00,0
3/13/2022,12:00,0
3/13/2022,18:00,0
3/14/2022,0:00,0
3/14/2022,6:00,0
3/14/2022,12:00,0.0625
3/14/2022,18:00,0.125
3/15/2022,0:00,0.125
3/15/2022,6:00,0.1875
3/15/2022,12:00,0.25
3/15/2022,18:00,0
3/16/2022,0:00,0
3/16/2022,6:00,0
3/16/2022,12:00,0.0625
3/16/2022,18:00,0
3/17/2022,0:00,0
3/17/2022,6:00,0
3/17/2022,12:00,0
3/17/2022,18:00,0
3/18/2022,0:00,0
3/18/2022,6:00,0
3/18/2022,12:00,0
3/18/2022,18:00,0
3/19/2022,0:00,0.0625
3/19/2022,6:00,0.375
3/19/2022,12:00,0.25
3/19/2022,18:00,0.5
3/20/2022,0:00,0
3/20/2022,6:00,0
3/20/2022,12:00,0
3/20/2022,18:00,0
3/21/2022,0:00,0
3/21/2022,6:00,0
3/21/2022,12:00,0
3/21/2022,18:00,0
3/22/2022,0:00,0
3/22/2022,6:00,0
3/22/2022,12:00,0
3/22/2022,18:00,0.25
3/23/2022,0:00,15.875
3/23/2022,6:00,10.5
3/23/2022,12:00,6.6875
3/23/2022,18:00,7.6875
3/24/2022,0:00,29.3125
3/24/2022,6:00,49.625
3/24/2022,12:00,34.8125
3/24/2022,18:00,33.25
3/25/2022,0:00,21.5625
3/25/2022,6:00,3
3/25/2022,12:00,0.4375
3/25/2022,18:00,0
3/26/2022,0:00,0
3/26/2022,6:00,0
3/26/2022,12:00,0
3/26/2022,18:00,0.125
3/27/2022,0:00,0.1875
3/27/2022,6:00,0.0625
3/27/2022,12:00,0.0625
3/27/2022,18:00,0
3/28/2022,0:00,0
3/28/2022,6:00,0
3/28/2022,12:00,0
3/28/2022,18:00,0
3/29/2022,0:00,0
3/29/2022,6:00,0
3/29/2022,12:00,0
3/29/2022,18:00,0
3/30/2022,0:00,1.6875
3/30/2022,6:00,17.4375
3/30/2022,12:00,39.25
3/30/2022,18:00,23
3/31/2022,0:00,33.6875
3/31/2022,6:00,23
3/31/2022,12:00,0.0625
3/31/2022,18:00,0
4/1/2022,0:00,0
4/1/2022,6:00,0
4/1/2022,12:00,0
4/1/2022,18:00,0
4/2/2022,0:00,0
4/2/2022,6:00,0
4/2/2022,12:00,0
4/2/2022,18:00,0
4/3/2022,0:00,0
4/3/2022,6:00,0.4375
4/3/2022,12:00,39
4/3/2022,18:00,51.6875
4/4/2022,0:00,94.375
4/4/2022,6:00,82.6875
4/4/2022,12:00,32.5
4/4/2022,18:00,11.875
4/5/2022,0:00,0.375
4/5/2022,6:00,0.625
4/5/2022,12:00,0.4375
4/5/2022,18:00,0.1875
4/6/2022,0:00,0.1875
4/6/2022,6:00,0.25
4/6/2022,12:00,0.1875
4/6/2022,18:00,0.125
4/7/2022,0:00,0.3125
4/7/2022,6:00,0
4/7/2022,12:00,4.375
4/7/2022,18:00,9.3125
4/8/2022,0:00,13.3125
4/8/2022,6:00,14.625
4/8/2022,12:00,2.375
4/8/2022,18:00,0.3125
4/9/2022,0:00,0.125
4/9/2022,6:00,0.0625
4/9/2022,12:00,0.125
4/9/2022,18:00,0
4/10/2022,0:00,0
4/10/2022,6:00,0
4/10/2022,12:00,0
4/10/2022,18:00,0.375
4/11/2022,0:00,4.0625
4/11/2022,6:00,23.6875
4/11/2022,12:00,16.125
4/11/2022,18:00,26.5
4/12/2022,0:00,13.5625
4/12/2022,6:00,2.1875
4/12/2022,12:00,3.3125
4/12/2022,18:00,1.75
4/13/2022,0:00,1.1875
4/13/2022,6:00,0.9375
4/13/2022,12:00,0.1875
4/13/2022,18:00,0.25
4/14/2022,0:00,0.0625
4/14/2022,6:00,0
4/14/2022,12:00,0
4/14/2022,18:00,0
4/15/2022,0:00,0
4/15/2022,6:00,0
4/15/2022,12:00,0
4/15/2022,18:00,0
4/16/2022,0:00,0
4/16/2022,6:00,0
4/16/2022,12:00,0
4/16/2022,18:00,0
4/17/2022,0:00,0
4/17/2022,6:00,0
4/17/2022,12:00,0
4/17/2022,18:00,0
4/18/2022,0:00,0.0625
4/18/2022,6:00,0
4/18/2022,12:00,0
4/18/2022,18:00,0
4/19/2022,0:00,0
4/19/2022,6:00,0
4/19/2022,12:00,0
4/19/2022,18:00,0
4/20/2022,0:00,0
4/20/2022,6:00,0
4/20/2022,12:00,0
4/20/2022,18:00,0
4/21/2022,0:00,0
4/21/2022,6:00,0
4/21/2022,12:00,0
4/21/2022,18:00,0
4/22/2022,0:00,0
4/22/2022,6:00,0
4/22/2022,12:00,0.0625
4/22/2022,18:00,4.8125
4/23/2022,0:00,6.5625
4/23/2022,6:00,3.0625
4/23/2022,12:00,1.25
4/23/2022,18:00,1.875
4/24/2022,0:00,0.375
4/24/2022,6:00,0
4/24/2022,12:00,0
4/24/2022,18:00,0
4/25/2022,0:00,0
4/25/2022,6:00,0
4/25/2022,12:00,6.1875
4/25/2022,18:00,7.125
4/26/2022,0:00,9.125
4/26/2022,6:00,44.125
4/26/2022,12:00,28.0625
4/26/2022,18:00,34.875
4/27/2022,0:00,23.3125
4/27/2022,6:00,5.5
4/27/2022,12:00,1.25
4/27/2022,18:00,0.625
4/28/2022,0:00,0.5
4/28/2022,6:00,4.6875
4/28/2022,12:00,13.375
4/28/2022,18:00,21.3125
4/29/2022,0:00,16.375
4/29/2022,6:00,12.3125
4/29/2022,12:00,5.5625
4/29/2022,18:00,0.0625
4/30/2022,0:00,0
4/30/2022,6:00,0
4/30/2022,12:00,0
4/30/2022,18:00,0
5/1/2022,0:00,0.0625
5/1/2022,6:00,2.8125
5/1/2022,12:00,14.125
5/1/2022,18:00,5.375
5/2/2022,0:00,8.9375
5/2/2022,6:00,6.75
5/2/2022,12:00,10.5
5/2/2022,18:00,12.375
5/3/2022,0:00,19.0625
5/3/2022,6:00,21.9375
5/3/2022,12:00,14.75
5/3/2022,18:00,16.75
5/4/2022,0:00,29.875
5/4/2022,6:00,21.5
5/4/2022,12:00,24.25
5/4/2022,18:00,19.125
5/5/2022,0:00,2.375
5/5/2022,6:00,0.1875
5/5/2022,12:00,0.0625
5/5/2022,18:00,0.0625
5/6/2022,0:00,0.0625
5/6/2022,6:00,0.0625
5/6/2022,12:00,0.0625
5/6/2022,18:00,0
5/7/2022,0:00,0
5/7/2022,6:00,0
5/7/2022,12:00,0
5/7/2022,18:00,0
5/8/2022,0:00,0
5/8/2022,6:00,0
5/8/2022,12:00,0
5/8/2022,18:00,0
5/9/2022,0:00,0
5/9/2022,6:00,0
5/9/2022,12:00,0
5/9/2022,18:00,0
5/10/2022,0:00,0
5/10/2022,6:00,0
5/10/2022,12:00,1.6875
5/10/2022,18:00,0.625
5/11/2022,0:00,1.4375
5/11/2022,6:00,0.5
5/11/2022,12:00,0.25
5/11/2022,18:00,0.3125
5/12/2022,0:00,0.0625
5/12/2022,6:00,0.0625
5/12/2022,12:00,0.0625
5/12/2022,18:00,0
5/13/2022,0:00,0
5/13/2022,6:00,0
5/13/2022,12:00,0
5/13/2022,18:00,0
5/14/2022,0:00,0
5/14/2022,6:00,0
5/14/2022,12:00,3.4375
5/14/2022,18:00,0.0625
5/15/2022,0:00,0.25
5/15/2022,6:00,0.4375
5/15/2022,12:00,1.0625
5/15/2022,18:00,1.3125
5/16/2022,0:00,1.375
5/16/2022,6:00,0.8125
5/16/2022,12:00,0.25
5/16/2022,18:00,0
5/17/2022,0:00,0.0625
5/17/2022,6:00,0.1875
5/17/2022,12:00,0.125
5/17/2022,18:00,0.1875
5/18/2022,0:00,1.5
5/18/2022,6:00,1.75
5/18/2022,12:00,1.5625
5/18/2022,18:00,1.5
5/19/2022,0:00,0.125
5/19/2022,6:00,0.0625
5/19/2022,12:00,0.125
5/19/2022,18:00,0.0625
5/20/2022,0:00,0
5/20/2022,6:00,0
5/20/2022,12:00,0
5/20/2022,18:00,0
5/21/2022,0:00,0
5/21/2022,6:00,0
5/21/2022,12:00,0
5/21/2022,18:00,0
5/22/2022,0:00,0
5/22/2022,6:00,0
5/22/2022,12:00,0
5/22/2022,18:00,0
5/23/2022,0:00,0
5/23/2022,6:00,0
5/23/2022,12:00,0
5/23/2022,18:00,0
5/24/2022,0:00,0
5/24/2022,6:00,0
5/24/2022,12:00,0
5/24/2022,18:00,0
5/25/2022,0:00,0
5/25/2022,6:00,0
5/25/2022,12:00,0
5/25/2022,18:00,0
5/26/2022,0:00,1
5/26/2022,6:00,17.3125
5/26/2022,12:00,8.9375
5/26/2022,18:00,12.3125
5/27/2022,0:00,7.625
5/27/2022,6:00,24.9375
5/27/2022,12:00,26.5625
5/27/2022,18:00,14.6875
5/28/2022,0:00,9.4375
5/28/2022,6:00,9.5
5/28/2022,12:00,2.6875
5/28/2022,18:00,3
5/29/2022,0:00,4.875
5/29/2022,6:00,23.625
5/29/2022,12:00,12.25
5/29/2022,18:00,7.3125
5/30/2022,0:00,3.4375
5/30/2022,6:00,0.0625
5/30/2022,12:00,0.1875
5/30/2022,18:00,0
5/31/2022,0:00,0
5/31/2022,6:00,0
5/31/2022,12:00,0
5/31/2022,18:00,0
6/1/2022,0:00,0
6/1/2022,6:00,0
6/1/2022,12:00,0
6/1/2022,18:00,0
6/2/2022,0:00,0
6/2/2022,6:00,0
6/2/2022,12:00,0
6/2/2022,18:00,0
6/3/2022,0:00,0
6/3/2022,6:00,0
6/3/2022,12:00,0
6/3/2022,18:00,0
6/4/2022,0:00,0
6/4/2022,6:00,0
6/4/2022,12:00,0
6/4/2022,18:00,0
6/5/2022,0:00,0.0625
6/5/2022,6:00,1.5
6/5/2022,12:00,4.5
6/5/2022,18:00,5.1875
6/6/2022,0:00,9.75
6/6/2022,6:00,46.5625
6/6/2022,12:00,47.8125
6/6/2022,18:00,50.0625
6/7/2022,0:00,41.625
6/7/2022,6:00,17.5625
6/7/2022,12:00,12.4375
6/7/2022,18:00,0.8125
6/8/2022,0:00,0.1875
6/8/2022,6:00,0.125
6/8/2022,12:00,0.1875
6/8/2022,18:00,0.375
6/9/2022,0:00,0.4375
6/9/2022,6:00,0.3125
6/9/2022,12:00,0.1875
6/9/2022,18:00,0.125
6/10/2022,0:00,0
6/10/2022,6:00,0.0625
6/10/2022,12:00,0
6/10/2022,18:00,0.0625
6/11/2022,0:00,0
6/11/2022,6:00,0
6/11/2022,12:00,0
6/11/2022,18:00,0
6/12/2022,0:00,0
6/12/2022,6:00,0
6/12/2022,12:00,0
6/12/2022,18:00,0
6/13/2022,0:00,0
6/13/2022,6:00,0
6/13/2022,12:00,0
6/13/2022,18:00,0
6/14/2022,0:00,0
6/14/2022,6:00,0
6/14/2022,12:00,0
6/14/2022,18:00,0
6/15/2022,0:00,0
6/15/2022,6:00,0
6/15/2022,12:00,0
6/15/2022,18:00,0
6/16/2022,0:00,0
6/16/2022,6:00,0
6/16/2022,12:00,0
6/16/2022,18:00,0
6/17/2022,0:00,2.5625
6/17/2022,6:00,5.8125
6/17/2022,12:00,7.9375
6/17/2022,18:00,23.8125
6/18/2022,0:00,18.3125
6/18/2022,6:00,3.8125
6/18/2022,12:00,1.125
6/18/2022,18:00,0
6/19/2022,0:00,0
6/19/2022,6:00,0
6/19/2022,12:00,0
6/19/2022,18:00,0
6/20/2022,0:00,0
6/20/2022,6:00,0
6/20/2022,12:00,0
6/20/2022,18:00,0
6/21/2022,0:00,0
6/21/2022,6:00,0.8125
6/21/2022,12:00,2.6875
6/21/2022,18:00,8.75
6/22/2022,0:00,9.25
6/22/2022,6:00,11.6875
6/22/2022,12:00,7.875
6/22/2022,18:00,6.375
6/23/2022,0:00,3.4375
6/23/2022,6:00,6.75
6/23/2022,12:00,4.5625
6/23/2022,18:00,2.5
6/24/2022,0:00,0.125
6/24/2022,6:00,0.125
6/24/2022,12:00,0.375
6/24/2022,18:00,0.125
6/25/2022,0:00,0.0625
6/25/2022,6:00,0.0625
6/25/2022,12:00,0.1875
6/25/2022,18:00,0.0625
6/26/2022,0:00,0.0625
6/26/2022,6:00,0
6/26/2022,12:00,0
6/26/2022,18:00,0
6/27/2022,0:00,0
6/27/2022,6:00,0
6/27/2022,12:00,0
6/27/2022,18:00,0.25
6/28/2022,0:00,1.625
6/28/2022,6:00,2.6875
6/28/2022,12:00,3.1875
6/28/2022,18:00,11.5
6/29/2022,0:00,9.9375
6/29/2022,6:00,7.9375
6/29/2022,12:00,7.25
6/29/2022,18:00,1.8125
6/30/2022,0:00,0
6/30/2022,6:00,0
6/30/2022,12:00,0
6/30/2022,18:00,0
7/1/2022,0:00,0
7/1/2022,6:00,0
7/1/2022,12:00,0
7/1/2022,18:00,0
7/2/2022,0:00,0
7/2/2022,6:00,0
7/2/2022,12:00,0
7/2/2022,18:00,0
7/3/2022,0:00,0.0625
7/3/2022,6:00,0.0625
7/3/2022,12:00,0.0625
7/3/2022,18:00,0
7/4/2022,0:00,0
7/4/2022,6:00,0.875
7/4/2022,12:00,1.625
7/4/2022,18:00,2.5625
7/5/2022,0:00,2.875
7/5/2022,6:00,2.3125
7/5/2022,12:00,0.375
7/5/2022,18:00,0
7/6/2022,0:00,0
7/6/2022,6:00,0
7/6/2022,12:00,0.0625
7/6/2022,18:00,0.125
7/7/2022,0:00,0.3125
7/7/2022,6:00,0
7/7/2022,12:00,0
7/7/2022,18:00,0
7/8/2022,0:00,0
7/8/2022,6:00,1
7/8/2022,12:00,0.6875
7/8/2022,18:00,1
7/9/2022,0:00,1.4375
7/9/2022,6:00,2.625
7/9/2022,12:00,4.5
7/9/2022,18:00,7.3125
7/10/2022,0:00,9.5
7/10/2022,6:00,3.3125
7/10/2022,12:00,2.3125
7/10/2022,18:00,0
7/11/2022,0:00,0
7/11/2022,6:00,0
7/11/2022,12:00,0.5
7/11/2022,18:00,5.875
7/12/2022,0:00,21.8125
7/12/2022,6:00,19.25
7/12/2022,12:00,18.125
7/12/2022,18:00,15.375
7/13/2022,0:00,0.5
7/13/2022,6:00,0
7/13/2022,12:00,0
7/13/2022,18:00,0
7/14/2022,0:00,0
7/14/2022,6:00,0.6875
7/14/2022,12:00,2.5625
7/14/2022,18:00,7.625
7/15/2022,0:00,20.5625
7/15/2022,6:00,17.5625
7/15/2022,12:00,19.6875
7/15/2022,18:00,15.125
7/16/2022,0:00,6.625
7/16/2022,6:00,3.25
7/16/2022,12:00,17.1875
7/16/2022,18:00,21.1875
7/17/2022,0:00,16.625
7/17/2022,6:00,9.0625
7/17/2022,12:00,6.6875
7/17/2022,18:00,1
7/18/2022,0:00,0.1875
7/18/2022,6:00,0.125
7/18/2022,12:00,0
7/18/2022,18:00,0
7/19/2022,0:00,0
7/19/2022,6:00,0
7/19/2022,12:00,0
7/19/2022,18:00,0
7/20/2022,0:00,0
7/20/2022,6:00,0
7/20/2022,12:00,0
7/20/2022,18:00,0
7/21/2022,0:00,0
7/21/2022,6:00,0
7/21/2022,12:00,0
7/21/2022,18:00,0.4375
7/22/2022,0:00,0.125
7/22/2022,6:00,0
7/22/2022,12:00,0
7/22/2022,18:00,0.1875
7/23/2022,0:00,1.9375
7/23/2022,6:00,2.8125
7/23/2022,12:00,1.625
7/23/2022,18:00,3.3125
7/24/2022,0:00,0.125
7/24/2022,6:00,0
7/24/2022,12:00,0
7/24/2022,18:00,0.375
7/25/2022,0:00,1.125
7/25/2022,6:00,1.5625
7/25/2022,12:00,0.25
7/25/2022,18:00,0.4375
7/26/2022,0:00,0
7/26/2022,6:00,0
7/26/2022,12:00,0
7/26/2022,18:00,0
7/27/2022,0:00,0
7/27/2022,6:00,0
7/27/2022,12:00,0
7/27/2022,18:00,0
7/28/2022,0:00,0
7/28/2022,6:00,0
7/28/2022,12:00,0
7/28/2022,18:00,0.0625
7/29/2022,0:00,5.0625
7/29/2022,6:00,9.1875
7/29/2022,12:00,10.5
7/29/2022,18:00,6.8125
7/30/2022,0:00,0
7/30/2022,6:00,0
7/30/2022,12:00,0
7/30/2022,18:00,0
7/31/2022,0:00,0
7/31/2022,6:00,0
7/31/2022,12:00,0
7/31/2022,18:00,0
8/1/2022,0:00,0
8/1/2022,6:00,0
8/1/2022,12:00,0
8/1/2022,18:00,0
8/2/2022,0:00,0
8/2/2022,6:00,0
8/2/2022,12:00,0
8/2/2022,18:00,0
8/3/2022,0:00,0.0625
8/3/2022,6:00,0
8/3/2022,12:00,0.125
8/3/2022,18:00,0
8/4/2022,0:00,0
8/4/2022,6:00,0.75
8/4/2022,12:00,12.0625
8/4/2022,18:00,7.1875
8/5/2022,0:00,5.875
8/5/2022,6:00,8.375
8/5/2022,12:00,1.5625
8/5/2022,18:00,0
8/6/2022,0:00,0
8/6/2022,6:00,0
8/6/2022,12:00,0
8/6/2022,18:00,0
8/7/2022,0:00,0
8/7/2022,6:00,0
8/7/2022,12:00,0
8/7/2022,18:00,0
8/8/2022,0:00,0.0625
8/8/2022,6:00,0.0625
8/8/2022,12:00,0.0625
8/8/2022,18:00,0.0625
8/9/2022,0:00,0.0625
8/9/2022,6:00,0.1875
8/9/2022,12:00,0.25
8/9/2022,18:00,4.4375
8/10/2022,0:00,2.75
8/10/2022,6:00,4.0625
8/10/2022,12:00,5.0625
8/10/2022,18:00,3
8/11/2022,0:00,0
8/11/2022,6:00,0
8/11/2022,12:00,0
8/11/2022,18:00,0
8/12/2022,0:00,0
8/12/2022,6:00,0
8/12/2022,12:00,0
8/12/2022,18:00,0
8/13/2022,0:00,0
8/13/2022,6:00,0
8/13/2022,12:00,0
8/13/2022,18:00,0.0625
8/14/2022,0:00,0
8/14/2022,6:00,0
8/14/2022,12:00,0
8/14/2022,18:00,0
8/15/2022,0:00,0.375
8/15/2022,6:00,2.25
8/15/2022,12:00,5.5
8/15/2022,18:00,11.75
8/16/2022,0:00,13.125
8/16/2022,6:00,11
8/16/2022,12:00,4.6875
8/16/2022,18:00,1.6875
8/17/2022,0:00,0
8/17/2022,6:00,0
8/17/2022,12:00,0
8/17/2022,18:00,0.3125
8/18/2022,0:00,2.4375
8/18/2022,6:00,1.625
8/18/2022,12:00,1.625
8/18/2022,18:00,1.375
8/19/2022,0:00,0.125
8/19/2022,6:00,0.125
8/19/2022,12:00,0.25
8/19/2022,18:00,0.25
8/20/2022,0:00,0
8/20/2022,6:00,0
8/20/2022,12:00,0
8/20/2022,18:00,0
8/21/2022,0:00,0
8/21/2022,6:00,0
8/21/2022,12:00,0
8/21/2022,18:00,0
8/22/2022,0:00,0
8/22/2022,6:00,0
8/22/2022,12:00,0
8/22/2022,18:00,0
8/23/2022,0:00,0
8/23/2022,6:00,0
8/23/2022,12:00,0
8/23/2022,18:00,0
8/24/2022,0:00,0
8/24/2022,6:00,2.9375
8/24/2022,12:00,2.125
8/24/2022,18:00,2.5
8/24/2022,18:00,2.5
8/25/2022,0:00,1.8125
8/25/2022,6:00,2.6875
8/25/2022,12:00,0.1875
8/25/2022,18:00,0
8/26/2022,0:00,0
8/26/2022,6:00,0
8/26/2022,12:00,0
8/26/2022,18:00,0
8/27/2022,0:00,0
8/27/2022,6:00,0
8/27/2022,12:00,0
8/27/2022,18:00,0
8/28/2022,0:00,0.0625
8/28/2022,6:00,0.9375
8/28/2022,12:00,1.4375
8/28/2022,18:00,1.5
8/29/2022,0:00,0.9375
8/29/2022,6:00,0.0625
8/29/2022,12:00,0
8/29/2022,18:00,0
8/30/2022,0:00,0
8/30/2022,6:00,0
8/30/2022,12:00,0
8/30/2022,18:00,0
8/31/2022,0:00,0
8/31/2022,6:00,0
8/31/2022,12:00,0.0625
8/31/2022,18:00,0.0625
9/1/2022,0:00,0.4375
9/1/2022,6:00,1.25
9/1/2022,12:00,0
9/1/2022,18:00,0.125
9/2/2022,0:00,4.75
9/2/2022,6:00,8.8125
9/2/2022,12:00,12.6875
9/2/2022,18:00,17.5625
9/3/2022,0:00,11
9/3/2022,6:00,0.125
9/3/2022,12:00,0.125
9/3/2022,18:00,0
9/4/2022,0:00,0
9/4/2022,6:00,0
9/4/2022,12:00,0
9/4/2022,18:00,0
9/5/2022,0:00,0
9/5/2022,6:00,0
9/5/2022,12:00,0
9/5/2022,18:00,0
9/6/2022,0:00,0
9/6/2022,6:00,0
9/6/2022,12:00,0
9/6/2022,18:00,0.25
9/7/2022,0:00,0.625
9/7/2022,6:00,0.875
9/7/2022,12:00,0.1875
9/7/2022,18:00,0.25
9/8/2022,0:00,0
9/8/2022,6:00,0
9/8/2022,12:00,0
9/8/2022,18:00,0
9/9/2022,0:00,0
9/9/2022,6:00,0.0625
9/9/2022,12:00,0.8125
9/9/2022,18:00,2
9/10/2022,0:00,1.625
9/10/2022,6:00,1.6875
9/10/2022,12:00,1.75
9/10/2022,18:00,0.0625
9/11/2022,0:00,0
9/11/2022,6:00,0
9/11/2022,12:00,0
9/11/2022,18:00,0
9/12/2022,0:00,0
9/12/2022,6:00,0
9/12/2022,12:00,0
9/12/2022,18:00,0
9/13/2022,0:00,0
9/13/2022,6:00,0
9/13/2022,12:00,0
9/13/2022,18:00,0
9/14/2022,0:00,0
9/14/2022,6:00,0
9/14/2022,12:00,0
9/14/2022,18:00,0
9/15/2022,0:00,0
9/15/2022,6:00,0.0625
9/15/2022,12:00,0.0625
9/15/2022,18:00,0.0625
9/16/2022,0:00,0.25
9/16/2022,6:00,0.25
9/16/2022,12:00,0.0625
9/16/2022,18:00,0
9/17/2022,0:00,0
9/17/2022,6:00,0
9/17/2022,12:00,0
9/17/2022,18:00,0
9/18/2022,0:00,0
9/18/2022,6:00,0
9/18/2022,12:00,0
9/18/2022,18:00,0
9/19/2022,0:00,1.5
9/19/2022,6:00,2.9375
9/19/2022,12:00,4
9/19/2022,18:00,16.6875
9/20/2022,0:00,14.3125
9/20/2022,6:00,6.625
9/20/2022,12:00,9.625
9/20/2022,18:00,4.875
9/21/2022,0:00,0.125
9/21/2022,6:00,0.0625
9/21/2022,12:00,0.125
9/21/2022,18:00,0
9/22/2022,0:00,0.25
9/22/2022,6:00,0.5
9/22/2022,12:00,7.625
9/22/2022,18:00,7
9/23/2022,0:00,4.0625
9/23/2022,6:00,1.5
9/23/2022,12:00,0.0625
9/23/2022,18:00,0.0625
9/24/2022,0:00,0
9/24/2022,6:00,0
9/24/2022,12:00,0
9/24/2022,18:00,0
9/25/2022,0:00,0
9/25/2022,6:00,0
9/25/2022,12:00,0
9/25/2022,18:00,0
9/26/2022,0:00,0
9/26/2022,6:00,0.0625
9/26/2022,12:00,0
9/26/2022,18:00,0
9/27/2022,0:00,0.0625
9/27/2022,6:00,0
9/27/2022,12:00,0
9/27/2022,18:00,0
9/28/2022,0:00,0
9/28/2022,6:00,0
9/28/2022,12:00,0
9/28/2022,18:00,0
9/29/2022,0:00,0
9/29/2022,6:00,0
9/29/2022,12:00,0.125
9/29/2022,18:00,0.125
9/30/2022,0:00,2.1875
9/30/2022,6:00,0.75
9/30/2022,12:00,0.625
9/30/2022,18:00,0.8125
10/1/2022,0:00,0.6875
10/1/2022,6:00,0.125
10/1/2022,12:00,0.0625
10/1/2022,18:00,0
10/2/2022,0:00,0
10/2/2022,6:00,0
10/2/2022,12:00,0
10/2/2022,18:00,0
10/3/2022,0:00,0
10/3/2022,6:00,0
10/3/2022,12:00,0
10/3/2022,18:00,0
10/4/2022,0:00,0
10/4/2022,6:00,0
10/4/2022,12:00,0
10/4/2022,18:00,0
10/5/2022,0:00,0
10/5/2022,6:00,0
10/5/2022,12:00,0
10/5/2022,18:00,0
10/6/2022,0:00,0.3125
10/6/2022,6:00,11.125
10/6/2022,12:00,9.0625
10/6/2022,18:00,17.875
10/7/2022,0:00,31.625
10/7/2022,6:00,33.6875
10/7/2022,12:00,7.875
10/7/2022,18:00,4.4375
10/8/2022,0:00,0.1875
10/8/2022,6:00,0
10/8/2022,12:00,0
10/8/2022,18:00,0
10/9/2022,0:00,0
10/9/2022,6:00,0.3125
10/9/2022,12:00,0.125
10/9/2022,18:00,1
10/10/2022,0:00,0.25
10/10/2022,6:00,0
10/10/2022,12:00,0
10/10/2022,18:00,0
10/11/2022,0:00,0
10/11/2022,6:00,0.0625
10/11/2022,12:00,0
10/11/2022,18:00,0.75
10/12/2022,0:00,0.4375
10/12/2022,6:00,0.1875
10/12/2022,12:00,0.125
10/12/2022,18:00,0.1875
10/13/2022,0:00,0
10/13/2022,6:00,0
10/13/2022,12:00,0
10/13/2022,18:00,0
10/14/2022,0:00,0
10/14/2022,6:00,0
10/14/2022,12:00,0
10/14/2022,18:00,0
10/15/2022,0:00,0
10/15/2022,6:00,0
10/15/2022,12:00,0
10/15/2022,18:00,0
10/16/2022,0:00,0.125
10/16/2022,6:00,0.0625
10/16/2022,12:00,0
10/16/2022,18:00,0
10/17/2022,0:00,0
10/17/2022,6:00,0
10/17/2022,12:00,0
10/17/2022,18:00,0
10/18/2022,0:00,0.125
10/18/2022,6:00,0.1875
10/18/2022,12:00,0.125
10/18/2022,18:00,0.1875
10/19/2022,0:00,0.625
10/19/2022,6:00,0.125
10/19/2022,12:00,0.0625
10/19/2022,18:00,0
10/20/2022,0:00,0.125
10/20/2022,6:00,1.6875
10/20/2022,12:00,0.125
10/20/2022,18:00,5.75
10/21/2022,0:00,8.3125
10/21/2022,6:00,10.3125
10/21/2022,12:00,13.25
10/21/2022,18:00,11.625
10/22/2022,0:00,4.125
10/22/2022,6:00,1.5
10/22/2022,12:00,0.25
10/22/2022,18:00,0
10/23/2022,0:00,0.25
10/23/2022,6:00,0.5625
10/23/2022,12:00,0.875
10/23/2022,18:00,0.25
10/24/2022,0:00,0
10/24/2022,6:00,0
10/24/2022,12:00,0
10/24/2022,18:00,0
10/25/2022,0:00,0
10/25/2022,6:00,0
10/25/2022,12:00,0
10/25/2022,18:00,0
10/26/2022,0:00,0
10/26/2022,6:00,0
10/26/2022,12:00,0
10/26/2022,18:00,1.8125
10/27/2022,0:00,19.6875
10/27/2022,6:00,26.25
10/27/2022,12:00,22.5
10/27/2022,18:00,7
10/28/2022,0:00,0.375
10/28/2022,6:00,0
10/28/2022,12:00,0
10/28/2022,18:00,0
10/29/2022,0:00,0
10/29/2022,6:00,0
10/29/2022,12:00,0
10/29/2022,18:00,0
10/30/2022,0:00,0
10/30/2022,6:00,0.25
10/30/2022,12:00,0.5
10/30/2022,18:00,0.3125
10/31/2022,0:00,7.625
10/31/2022,6:00,3.3125
10/31/2022,12:00,4.625
10/31/2022,18:00,10.6875
11/1/2022,0:00,13.3125
11/1/2022,6:00,10.125
11/1/2022,12:00,0.25
11/1/2022,18:00,0
11/2/2022,0:00,0
11/2/2022,6:00,0
11/2/2022,12:00,0
11/2/2022,18:00,0
11/3/2022,0:00,0
11/3/2022,6:00,0
11/3/2022,12:00,0
11/3/2022,18:00,0
11/4/2022,0:00,0
11/4/2022,6:00,0
11/4/2022,12:00,0
11/4/2022,18:00,0
11/5/2022,0:00,0
11/5/2022,6:00,0
11/5/2022,12:00,0
11/5/2022,18:00,0
11/6/2022,0:00,0
11/6/2022,6:00,0
11/6/2022,12:00,0
11/6/2022,18:00,0
11/7/2022,0:00,0
11/7/2022,6:00,0
11/7/2022,12:00,0
11/7/2022,18:00,0
11/8/2022,0:00,0
11/8/2022,6:00,0
11/8/2022,12:00,0
11/8/2022,18:00,0
11/9/2022,0:00,0
11/9/2022,6:00,0
11/9/2022,12:00,0
11/9/2022,18:00,0
11/10/2022,0:00,0
11/10/2022,6:00,0
11/10/2022,12:00,0
11/10/2022,18:00,0
11/11/2022,0:00,0
11/11/2022,6:00,0
11/11/2022,12:00,0.125
11/11/2022,18:00,0
11/12/2022,0:00,0
11/12/2022,6:00,0
11/12/2022,12:00,0
11/12/2022,18:00,0.1875
11/13/2022,0:00,4.9375
11/13/2022,6:00,47.875
11/13/2022,12:00,49.4375
11/13/2022,18:00,38.9375
11/14/2022,0:00,21.5
11/14/2022,6:00,12.6875
11/14/2022,12:00,7.1875
11/14/2022,18:00,1.25
11/15/2022,0:00,0.625
11/15/2022,6:00,0.5625
11/15/2022,12:00,2.5625
11/15/2022,18:00,0.5625
11/16/2022,0:00,0
11/16/2022,6:00,0
11/16/2022,12:00,0
11/16/2022,18:00,0
11/17/2022,0:00,0
11/17/2022,6:00,0
11/17/2022,12:00,0
11/17/2022,18:00,0
11/18/2022,0:00,0
11/18/2022,6:00,0
11/18/2022,12:00,0
11/18/2022,18:00,0
11/19/2022,0:00,0
11/19/2022,6:00,0
11/19/2022,12:00,0
11/19/2022,18:00,0
11/20/2022,0:00,0
11/20/2022,6:00,0
11/20/2022,12:00,0
11/20/2022,18:00,0
11/21/2022,0:00,0
11/21/2022,6:00,6.125
11/21/2022,12:00,19.5
11/21/2022,18:00,14.625
11/22/2022,0:00,25.6875
11/22/2022,6:00,27.9375
11/22/2022,12:00,17
11/22/2022,18:00,20.125
11/23/2022,0:00,5.8125
11/23/2022,6:00,1.875
11/23/2022,12:00,0.1875
11/23/2022,18:00,0
11/24/2022,0:00,0
11/24/2022,6:00,0
11/24/2022,12:00,0
11/24/2022,18:00,0
11/25/2022,0:00,0
11/25/2022,6:00,0
11/25/2022,12:00,0
11/25/2022,18:00,0
11/26/2022,0:00,0
11/26/2022,6:00,0
11/26/2022,12:00,0
11/26/2022,18:00,0
11/27/2022,0:00,0
11/27/2022,6:00,0
11/27/2022,12:00,0
11/27/2022,18:00,0
11/28/2022,0:00,0
11/28/2022,6:00,0
11/28/2022,12:00,0
11/28/2022,18:00,0
11/29/2022,0:00,0
11/29/2022,6:00,0
11/29/2022,12:00,0
11/29/2022,18:00,0
11/30/2022,0:00,0
11/30/2022,6:00,0
11/30/2022,12:00,0
11/30/2022,18:00,0
12/1/2022,0:00,0
12/1/2022,6:00,0
12/1/2022,12:00,0
12/1/2022,18:00,0
12/2/2022,0:00,0.0625
12/2/2022,6:00,0.9375
12/2/2022,12:00,0.9375
12/2/2022,18:00,1.5625
12/3/2022,0:00,0.75
12/3/2022,6:00,2.1875
12/3/2022,12:00,8.375
12/3/2022,18:00,4.3125
12/4/2022,0:00,2.375
12/4/2022,6:00,0.625
12/4/2022,12:00,5.75
12/4/2022,18:00,6.8125
12/5/2022,0:00,0.8125
12/5/2022,6:00,0.0625
12/5/2022,12:00,0
12/5/2022,18:00,0
12/6/2022,0:00,0
12/6/2022,6:00,0
12/6/2022,12:00,0
12/6/2022,18:00,0
12/7/2022,0:00,0
12/7/2022,6:00,0
12/7/2022,12:00,0
12/7/2022,18:00,0
12/8/2022,0:00,0
12/8/2022,6:00,0
12/8/2022,12:00,0
12/8/2022,18:00,0
12/9/2022,0:00,0
12/9/2022,6:00,0
12/9/2022,12:00,0
12/9/2022,18:00,0
12/10/2022,0:00,0
12/10/2022,6:00,0
12/10/2022,12:00,0
12/10/2022,18:00,0
12/11/2022,0:00,0
12/11/2022,6:00,0
12/11/2022,12:00,0
12/11/2022,18:00,0
12/12/2022,0:00,0
12/12/2022,6:00,0
12/12/2022,12:00,0
12/12/2022,18:00,0
12/13/2022,0:00,0
12/13/2022,6:00,0.9375
12/13/2022,12:00,1.6875
12/13/2022,18:00,0.125
12/14/2022,0:00,0.125
12/14/2022,6:00,0
12/14/2022,12:00,0
12/14/2022,18:00,0
12/15/2022,0:00,0
12/15/2022,6:00,0
12/15/2022,12:00,0
12/15/2022,18:00,0
12/16/2022,0:00,0
12/16/2022,6:00,0
12/16/2022,12:00,0
12/16/2022,18:00,0
12/17/2022,0:00,0
12/17/2022,6:00,0
12/17/2022,12:00,0
12/17/2022,18:00,0
12/18/2022,0:00,0
12/18/2022,6:00,0
12/18/2022,12:00,0
12/18/2022,18:00,0
12/19/2022,0:00,0
12/19/2022,6:00,0
12/19/2022,12:00,0
12/19/2022,18:00,0
12/20/2022,0:00,0.25
12/20/2022,6:00,0
12/20/2022,12:00,0
12/20/2022,18:00,0
12/21/2022,0:00,0
12/21/2022,6:00,0
12/21/2022,12:00,0
12/21/2022,18:00,0
12/22/2022,0:00,0
12/22/2022,6:00,0
12/22/2022,12:00,0
12/22/2022,18:00,0
12/23/2022,0:00,0
12/23/2022,6:00,0
12/23/2022,12:00,0
12/23/2022,18:00,0
12/24/2022,0:00,0.0625
12/24/2022,6:00,0.1875
12/24/2022,12:00,0.625
12/24/2022,18:00,0.3125
12/25/2022,0:00,0
12/25/2022,6:00,3.75
12/25/2022,12:00,6.625
12/25/2022,18:00,1.25
12/26/2022,0:00,3
12/26/2022,6:00,3
12/26/2022,12:00,3.5
12/26/2022,18:00,3.125
12/27/2022,0:00,1.8125
12/27/2022,6:00,0
12/27/2022,12:00,0
12/27/2022,18:00,0
12/28/2022,0:00,0
12/28/2022,6:00,2.5625
12/28/2022,12:00,3.125
12/28/2022,18:00,2.3125
12/29/2022,0:00,0.125
12/29/2022,6:00,0
12/29/2022,12:00,0
12/29/2022,18:00,0
12/30/2022,0:00,0
12/30/2022,6:00,0
12/30/2022,12:00,0
12/30/2022,18:00,0
12/31/2022,0:00,0
12/31/2022,6:00,0
12/31/2022,12:00,0
12/31/2022,18:00,0
1/1/2023,0:00,0
1/1/2023,6:00,0
1/1/2023,12:00,0
1/1/2023,18:00,0
1/2/2023,0:00,0
1/2/2023,6:00,1.75
1/2/2023,12:00,0.5625
1/2/2023,18:00,1.125
1/3/2023,0:00,0.625
1/3/2023,6:00,0.0625
1/3/2023,12:00,0.0625
1/3/2023,18:00,0
1/4/2023,0:00,0
1/4/2023,6:00,0
1/4/2023,12:00,0
1/4/2023,18:00,0
1/5/2023,0:00,0
1/5/2023,6:00,0
1/5/2023,12:00,0
1/5/2023,18:00,0
1/6/2023,0:00,0
1/6/2023,6:00,0
1/6/2023,12:00,0
1/6/2023,18:00,0
1/7/2023,0:00,0
1/7/2023,6:00,0
1/7/2023,12:00,0
1/7/2023,18:00,0
1/8/2023,0:00,0
1/8/2023,6:00,0
1/8/2023,12:00,0
1/8/2023,18:00,0
1/9/2023,0:00,0
1/9/2023,6:00,0
1/9/2023,12:00,0
1/9/2023,18:00,0
1/10/2023,0:00,0
1/10/2023,6:00,0
1/10/2023,12:00,0
1/10/2023,18:00,0
1/11/2023,0:00,0
1/11/2023,6:00,0
1/11/2023,12:00,0
1/11/2023,18:00,0
1/12/2023,0:00,0
1/12/2023,6:00,0
1/12/2023,12:00,0
1/12/2023,18:00,0
1/13/2023,0:00,0.5
1/13/2023,6:00,2
1/13/2023,12:00,5.75
1/13/2023,18:00,25.8125
1/14/2023,0:00,36.6875
1/14/2023,6:00,34.25
1/14/2023,12:00,5.3125
1/14/2023,18:00,2.6875
1/15/2023,0:00,0
1/15/2023,6:00,0
1/15/2023,12:00,0
1/15/2023,18:00,0
1/16/2023,0:00,0
1/16/2023,6:00,0
1/16/2023,12:00,0
1/16/2023,18:00,0
1/17/2023,0:00,0
1/17/2023,6:00,0
1/17/2023,12:00,0
1/17/2023,18:00,0
1/18/2023,0:00,0
1/18/2023,6:00,0
1/18/2023,12:00,0
1/18/2023,18:00,0
1/19/2023,0:00,0
1/19/2023,6:00,0
1/19/2023,12:00,0.0625
1/19/2023,18:00,0
1/20/2023,0:00,0.125
1/20/2023,6:00,0.1875
1/20/2023,12:00,0.125
1/20/2023,18:00,0.0625
1/21/2023,0:00,0
1/21/2023,6:00,0
1/21/2023,12:00,0
1/21/2023,18:00,0
1/22/2023,0:00,0.0625
1/22/2023,6:00,1
1/22/2023,12:00,0.5
1/22/2023,18:00,1.0625
1/23/2023,0:00,0
1/23/2023,6:00,0
1/23/2023,12:00,0
1/23/2023,18:00,0
1/24/2023,0:00,0
1/24/2023,6:00,0
1/24/2023,12:00,0
1/24/2023,18:00,0
1/25/2023,0:00,0
1/25/2023,6:00,0
1/25/2023,12:00,0
1/25/2023,18:00,0
1/26/2023,0:00,0
1/26/2023,6:00,0
1/26/2023,12:00,0
1/26/2023,18:00,0
1/27/2023,0:00,0.1875
1/27/2023,6:00,0
1/27/2023,12:00,0.75
1/27/2023,18:00,0.25
1/28/2023,0:00,0
1/28/2023,6:00,0
1/28/2023,12:00,0
1/28/2023,18:00,0
1/29/2023,0:00,0
1/29/2023,6:00,0
1/29/2023,12:00,0.0625
1/29/2023,18:00,0.0625
1/30/2023,0:00,0
1/30/2023,6:00,0
1/30/2023,12:00,0
1/30/2023,18:00,0
1/31/2023,0:00,0
1/31/2023,6:00,0
1/31/2023,12:00,0
1/31/2023,18:00,0
2/1/2023,0:00,0
2/1/2023,6:00,0
2/1/2023,12:00,0
2/1/2023,18:00,0
2/2/2023,0:00,0
2/2/2023,6:00,0
2/2/2023,12:00,0
2/2/2023,18:00,0
2/3/2023,0:00,0.4375
2/3/2023,6:00,0.0625
2/3/2023,12:00,0.8125
2/3/2023,18:00,2.8125
2/4/2023,0:00,3.75
2/4/2023,6:00,7.9375
2/4/2023,12:00,1.6875
2/4/2023,18:00,0.8125
2/5/2023,0:00,0.125
2/5/2023,6:00,0.0625
2/5/2023,12:00,0
2/5/2023,18:00,0
2/6/2023,0:00,0
2/6/2023,6:00,0
2/6/2023,12:00,0
2/6/2023,18:00,0
2/7/2023,0:00,0
2/7/2023,6:00,0
2/7/2023,12:00,0
2/7/2023,18:00,0
2/8/2023,0:00,0
2/8/2023,6:00,0
2/8/2023,12:00,0
2/8/2023,18:00,0
2/9/2023,0:00,0
2/9/2023,6:00,0
2/9/2023,12:00,0
2/9/2023,18:00,1
2/10/2023,0:00,0.1875
2/10/2023,6:00,0.625
2/10/2023,12:00,0.3125
2/10/2023,18:00,0
2/11/2023,0:00,0
2/11/2023,6:00,0
2/11/2023,12:00,0
2/11/2023,18:00,0
2/12/2023,0:00,0
2/12/2023,6:00,0
2/12/2023,12:00,0
2/12/2023,18:00,0
2/13/2023,0:00,0
2/13/2023,6:00,0
2/13/2023,12:00,0
2/13/2023,18:00,0
2/14/2023,0:00,0
2/14/2023,6:00,0
2/14/2023,12:00,1.375
2/14/2023,18:00,0.6875
2/15/2023,0:00,5.75
2/15/2023,6:00,5.5625
2/15/2023,12:00,3.9375
2/15/2023,18:00,3.9375
2/16/2023,0:00,0.4375
2/16/2023,6:00,0
2/16/2023,12:00,0.125
2/16/2023,18:00,0
2/17/2023,0:00,0.125
2/17/2023,6:00,2.625
2/17/2023,12:00,2.375
2/17/2023,18:00,3
2/18/2023,0:00,2.4375
2/18/2023,6:00,0
2/18/2023,12:00,0
2/18/2023,18:00,0
2/19/2023,0:00,0
2/19/2023,6:00,0
2/19/2023,12:00,0
2/19/2023,18:00,0
2/20/2023,0:00,0
2/20/2023,6:00,0
2/20/2023,12:00,0
2/20/2023,18:00,0
2/21/2023,0:00,0.25
2/21/2023,6:00,0
2/21/2023,12:00,0.1875
2/21/2023,18:00,0
2/22/2023,0:00,0
2/22/2023,6:00,0
2/22/2023,12:00,0
2/22/2023,18:00,0
2/23/2023,0:00,0
2/23/2023,6:00,0.0625
2/23/2023,12:00,0.0625
2/23/2023,18:00,0.3125
2/24/2023,0:00,0.0625
2/24/2023,6:00,0.125
2/24/2023,12:00,2.1875
2/24/2023,18:00,7.5
2/25/2023,0:00,16.3125
2/25/2023,6:00,4.375
2/25/2023,12:00,19.125
2/25/2023,18:00,7.5625
2/26/2023,0:00,5.6875
2/26/2023,6:00,2.3125
2/26/2023,12:00,1.5
2/26/2023,18:00,0
2/27/2023,0:00,0
2/27/2023,6:00,0
2/27/2023,12:00,0
2/27/2023,18:00,0
2/28/2023,0:00,0
2/28/2023,6:00,0
2/28/2023,12:00,0
2/28/2023,18:00,0
3/1/2023,0:00,0.25
3/1/2023,6:00,3.75
3/1/2023,12:00,2.5
3/1/2023,18:00,0.1875
3/2/2023,0:00,0.375
3/2/2023,6:00,0.5
3/2/2023,12:00,0.25
3/2/2023,18:00,0.3125
3/3/2023,0:00,5.125
3/3/2023,6:00,0.5
3/3/2023,12:00,2.5
3/3/2023,18:00,1.625
3/4/2023,0:00,23
3/4/2023,6:00,53.5625
3/4/2023,12:00,45.125
3/4/2023,18:00,30.125
3/5/2023,0:00,14.6875
3/5/2023,6:00,2.0625
3/5/2023,12:00,1.4375
3/5/2023,18:00,0.1875
3/6/2023,0:00,0
3/6/2023,6:00,0
3/6/2023,12:00,0
3/6/2023,18:00,0
3/7/2023,0:00,0
3/7/2023,6:00,0
3/7/2023,12:00,0
3/7/2023,18:00,0
3/8/2023,0:00,0
3/8/2023,6:00,0
3/8/2023,12:00,0.0625
3/8/2023,18:00,0
3/9/2023,0:00,0
3/9/2023,6:00,0
3/9/2023,12:00,0
3/9/2023,18:00,0
3/10/2023,0:00,0
3/10/2023,6:00,0
3/10/2023,12:00,0
3/10/2023,18:00,0
3/11/2023,0:00,0
3/11/2023,6:00,0
3/11/2023,12:00,0
3/11/2023,18:00,0
3/12/2023,0:00,0
3/12/2023,6:00,0
3/12/2023,12:00,0
3/12/2023,18:00,0
3/13/2023,0:00,0
3/13/2023,6:00,0
3/13/2023,12:00,0
3/13/2023,18:00,0
3/14/2023,0:00,0.1875
3/14/2023,6:00,0.125
3/14/2023,12:00,0.375
3/14/2023,18:00,0
3/15/2023,0:00,1.0625
3/15/2023,6:00,1.25
3/15/2023,12:00,5.5625
3/15/2023,18:00,6.625
3/16/2023,0:00,4.8125
3/16/2023,6:00,7.875
3/16/2023,12:00,9.125
3/16/2023,18:00,10.5625
3/17/2023,0:00,5.25
3/17/2023,6:00,3.875
3/17/2023,12:00,6.3125
3/17/2023,18:00,3.5
3/18/2023,0:00,1.6875
3/18/2023,6:00,4.75
3/18/2023,12:00,3.6875
3/18/2023,18:00,3.4375
3/19/2023,0:00,5.0625
3/19/2023,6:00,1.125
3/19/2023,12:00,0.0625
3/19/2023,18:00,0.0625
3/20/2023,0:00,0.0625
3/20/2023,6:00,0.25
3/20/2023,12:00,0.625
3/20/2023,18:00,2.6875
3/21/2023,0:00,0.3125
3/21/2023,6:00,1.25
3/21/2023,12:00,3.5625
3/21/2023,18:00,10.5
3/22/2023,0:00,0.3125
3/22/2023,6:00,0.375
3/22/2023,12:00,1
3/22/2023,18:00,1.875
3/23/2023,0:00,0.5625
3/23/2023,6:00,2.125
3/23/2023,12:00,0.875
3/23/2023,18:00,0.4375
3/24/2023,0:00,1.25
3/24/2023,6:00,3.8125
3/24/2023,12:00,3.1875
3/24/2023,18:00,3
3/25/2023,0:00,3.5625
3/25/2023,6:00,0.8125
3/25/2023,12:00,12.3125
3/25/2023,18:00,34.8125
3/26/2023,0:00,17.5625
3/26/2023,6:00,12.0625
3/26/2023,12:00,7.0625
3/26/2023,18:00,2.0625
3/27/2023,0:00,0
3/27/2023,6:00,0
3/27/2023,12:00,0
3/27/2023,18:00,0
3/28/2023,0:00,0
3/28/2023,6:00,0
3/28/2023,12:00,0
3/28/2023,18:00,0.5625
3/29/2023,0:00,0
3/29/2023,6:00,0.1875
3/29/2023,12:00,3
3/29/2023,18:00,0.0625
3/30/2023,0:00,0.75
3/30/2023,6:00,2.25
3/30/2023,12:00,13.6875
3/30/2023,18:00,21.0625
3/31/2023,0:00,38.4375
3/31/2023,6:00,23.5
3/31/2023,12:00,5.25
3/31/2023,18:00,9.5
4/1/2023,0:00,11
4/1/2023,6:00,8.0625
4/1/2023,12:00,5.75
4/1/2023,18:00,2.4375
4/2/2023,0:00,0
4/2/2023,6:00,0
4/2/2023,12:00,0
4/2/2023,18:00,0
4/3/2023,0:00,0
4/3/2023,6:00,0
4/3/2023,12:00,0
4/3/2023,18:00,0
4/4/2023,0:00,0
4/4/2023,6:00,0
4/4/2023,12:00,0
4/4/2023,18:00,4.8125
4/5/2023,0:00,1.8125
4/5/2023,6:00,0.375
4/5/2023,12:00,0
4/5/2023,18:00,0
4/6/2023,0:00,0.1875
4/6/2023,6:00,0.5625
4/6/2023,12:00,0.125
4/6/2023,18:00,1.8125
4/7/2023,0:00,2.875
4/7/2023,6:00,0.4375
4/7/2023,12:00,1.0625
4/7/2023,18:00,0.0625
4/8/2023,0:00,0.25
4/8/2023,6:00,0.4375
4/8/2023,12:00,0.6875
4/8/2023,18:00,1.125
4/9/2023,0:00,0.5
4/9/2023,6:00,0
4/9/2023,12:00,0
4/9/2023,18:00,0
4/10/2023,0:00,0
4/10/2023,6:00,0
4/10/2023,12:00,0
4/10/2023,18:00,0
4/11/2023,0:00,0
4/11/2023,6:00,0
4/11/2023,12:00,0
4/11/2023,18:00,0
4/12/2023,0:00,0
4/12/2023,6:00,0
4/12/2023,12:00,0
4/12/2023,18:00,0
4/13/2023,0:00,0.3125
4/13/2023,6:00,1.3125
4/13/2023,12:00,17.6875
4/13/2023,18:00,24.6875
4/14/2023,0:00,27.375
4/14/2023,6:00,18.3125
4/14/2023,12:00,0.0625
4/14/2023,18:00,0
4/15/2023,0:00,0
4/15/2023,6:00,0
4/15/2023,12:00,0
4/15/2023,18:00,0
4/16/2023,0:00,0
4/16/2023,6:00,0
4/16/2023,12:00,0.6875
4/16/2023,18:00,1.9375
4/17/2023,0:00,0.625
4/17/2023,6:00,0.0625
4/17/2023,12:00,0.125
4/17/2023,18:00,0
4/18/2023,0:00,0
4/18/2023,6:00,0
4/18/2023,12:00,0
4/18/2023,18:00,0
4/19/2023,0:00,0.1875
4/19/2023,6:00,0
4/19/2023,12:00,0
4/19/2023,18:00,0.0625
4/20/2023,0:00,0.25
4/20/2023,6:00,0.625
4/20/2023,12:00,0.5
4/20/2023,18:00,0.3125
4/21/2023,0:00,0
4/21/2023,6:00,0
4/21/2023,12:00,0
4/21/2023,18:00,0
4/22/2023,0:00,0
4/22/2023,6:00,0
4/22/2023,12:00,0
4/22/2023,18:00,0
4/23/2023,0:00,0
4/23/2023,6:00,0
4/23/2023,12:00,0
4/23/2023,18:00,0
4/24/2023,0:00,0
4/24/2023,6:00,0
4/24/2023,12:00,0
4/24/2023,18:00,0
4/25/2023,0:00,0.375
4/25/2023,6:00,4.5625
4/25/2023,12:00,13.4375
4/25/2023,18:00,9.0625
4/26/2023,0:00,7.875
4/26/2023,6:00,1.25
4/26/2023,12:00,0.75
4/26/2023,18:00,0.0625
4/27/2023,0:00,0.0625
4/27/2023,6:00,0.125
4/27/2023,12:00,0.0625
4/27/2023,18:00,0
4/28/2023,0:00,0
4/28/2023,6:00,0
4/28/2023,12:00,0
4/28/2023,18:00,0
4/29/2023,0:00,0
4/29/2023,6:00,0
4/29/2023,12:00,0
4/29/2023,18:00,0
4/30/2023,0:00,0
4/30/2023,6:00,0
4/30/2023,12:00,0
4/30/2023,18:00,0
5/1/2023,0:00,0
5/1/2023,6:00,0
5/1/2023,12:00,0.375
5/1/2023,18:00,2.8125
5/2/2023,0:00,2.4375
5/2/2023,6:00,6.5625
5/2/2023,12:00,11.875
5/2/2023,18:00,7.5
5/3/2023,0:00,10.3125
5/3/2023,6:00,10.625
5/3/2023,12:00,9.875
5/3/2023,18:00,6.375
5/4/2023,0:00,1
5/4/2023,6:00,2.375
5/4/2023,12:00,1
5/4/2023,18:00,0.875
5/5/2023,0:00,3.375
5/5/2023,6:00,3.0625
5/5/2023,12:00,5.6875
5/5/2023,18:00,38.5
5/6/2023,0:00,63.0625
5/6/2023,6:00,112.562
5/6/2023,12:00,48.125
5/6/2023,18:00,23
5/7/2023,0:00,48.875
5/7/2023,6:00,42.875
5/7/2023,12:00,44.9375
5/7/2023,18:00,44.4375
5/8/2023,0:00,37.3125
5/8/2023,6:00,31.3125
5/8/2023,12:00,17.375
5/8/2023,18:00,0.25
5/9/2023,0:00,0
5/9/2023,6:00,0
5/9/2023,12:00,0
5/9/2023,18:00,0
5/10/2023,0:00,0
5/10/2023,6:00,0
5/10/2023,12:00,0
5/10/2023,18:00,0
5/11/2023,0:00,0
5/11/2023,6:00,0
5/11/2023,12:00,0
5/11/2023,18:00,0
5/12/2023,0:00,0
5/12/2023,6:00,0
5/12/2023,12:00,0
5/12/2023,18:00,0
5/13/2023,0:00,0
5/13/2023,6:00,0
5/13/2023,12:00,0
5/13/2023,18:00,0
5/14/2023,0:00,0
5/14/2023,6:00,0
5/14/2023,12:00,0
5/14/2023,18:00,0
5/15/2023,0:00,0
5/15/2023,6:00,0
5/15/2023,12:00,0
5/15/2023,18:00,0
5/16/2023,0:00,0
5/16/2023,6:00,0
5/16/2023,12:00,0
5/16/2023,18:00,0
5/17/2023,0:00,0
5/17/2023,6:00,0
5/17/2023,12:00,0
5/17/2023,18:00,0
5/18/2023,0:00,0
5/18/2023,6:00,0
5/18/2023,12:00,0
5/18/2023,18:00,0
5/19/2023,0:00,0
5/19/2023,6:00,0
5/19/2023,12:00,0
5/19/2023,18:00,0
5/20/2023,0:00,0
5/20/2023,6:00,0
5/20/2023,12:00,0
5/20/2023,18:00,0
5/21/2023,0:00,0
5/21/2023,6:00,0
5/21/2023,12:00,0
5/21/2023,18:00,0.3125
5/22/2023,0:00,1.9375
5/22/2023,6:00,2.4375
5/22/2023,12:00,0.25
5/22/2023,18:00,0.5
5/23/2023,0:00,0
5/23/2023,6:00,0
5/23/2023,12:00,0.0625
5/23/2023,18:00,0.0625
5/24/2023,0:00,0
5/24/2023,6:00,0
5/24/2023,12:00,0
5/24/2023,18:00,0
5/25/2023,0:00,0
5/25/2023,6:00,0
5/25/2023,12:00,0
5/25/2023,18:00,0
5/26/2023,0:00,0
5/26/2023,6:00,0
5/26/2023,12:00,0
5/26/2023,18:00,1.5625
5/27/2023,0:00,14.9375
5/27/2023,6:00,16
5/27/2023,12:00,22.625
5/27/2023,18:00,21.4375
5/28/2023,0:00,4.75
5/28/2023,6:00,2.1875
5/28/2023,12:00,0.375
5/28/2023,18:00,0.1875
5/29/2023,0:00,0
5/29/2023,6:00,0
5/29/2023,12:00,0
5/29/2023,18:00,0
5/30/2023,0:00,0
5/30/2023,6:00,0
5/30/2023,12:00,0
5/30/2023,18:00,0
5/31/2023,0:00,0
5/31/2023,6:00,0
5/31/2023,12:00,0
5/31/2023,18:00,0
6/1/2023,0:00,0
6/1/2023,6:00,0
6/1/2023,12:00,0
6/1/2023,18:00,0
6/2/2023,0:00,0
6/2/2023,6:00,0
6/2/2023,12:00,0.25
6/2/2023,18:00,0
6/3/2023,0:00,0
6/3/2023,6:00,0
6/3/2023,12:00,0
6/3/2023,18:00,0
6/4/2023,0:00,0
6/4/2023,6:00,0
6/4/2023,12:00,0.1875
6/4/2023,18:00,0.1875
6/5/2023,0:00,1.375
6/5/2023,6:00,4.4375
6/5/2023,12:00,2.625
6/5/2023,18:00,8.4375
6/6/2023,0:00,3.625
6/6/2023,6:00,0
6/6/2023,12:00,0.0625
6/6/2023,18:00,0
6/7/2023,0:00,0
6/7/2023,6:00,0
6/7/2023,12:00,0
6/7/2023,18:00,0
6/8/2023,0:00,0
6/8/2023,6:00,0
6/8/2023,12:00,0
6/8/2023,18:00,0
6/9/2023,0:00,0
6/9/2023,6:00,0
6/9/2023,12:00,0
6/9/2023,18:00,0
6/10/2023,0:00,0
6/10/2023,6:00,0
6/10/2023,12:00,0.0625
6/10/2023,18:00,1.25
6/11/2023,0:00,3
6/11/2023,6:00,6.375
6/11/2023,12:00,12.75
6/11/2023,18:00,7.8125
6/12/2023,0:00,4.4375
6/12/2023,6:00,0
6/12/2023,12:00,0
6/12/2023,18:00,0
6/13/2023,0:00,0
6/13/2023,6:00,0
6/13/2023,12:00,0
6/13/2023,18:00,0
6/14/2023,0:00,0
6/14/2023,6:00,0
6/14/2023,12:00,0
6/14/2023,18:00,0
6/15/2023,0:00,0.25
6/15/2023,6:00,0.8125
6/15/2023,12:00,6.0625
6/15/2023,18:00,6.125
6/16/2023,0:00,9.1875
6/16/2023,6:00,15.4375
6/16/2023,12:00,3.125
6/16/2023,18:00,2.625
6/17/2023,0:00,0.3125
6/17/2023,6:00,0.0625
6/17/2023,12:00,0.0625
6/17/2023,18:00,0
6/18/2023,0:00,0
6/18/2023,6:00,0
6/18/2023,12:00,0.125
6/18/2023,18:00,0.0625
6/19/2023,0:00,0
6/19/2023,6:00,0
6/19/2023,12:00,0
6/19/2023,18:00,0
6/20/2023,0:00,0
6/20/2023,6:00,0
6/20/2023,12:00,0.125
6/20/2023,18:00,0.1875
6/21/2023,0:00,0.1875
6/21/2023,6:00,0.0625
6/21/2023,12:00,1
6/21/2023,18:00,19.3125
6/22/2023,0:00,38.5625
6/22/2023,6:00,37.0625
6/22/2023,12:00,41.9375
6/22/2023,18:00,11.5625
6/23/2023,0:00,0.0625
6/23/2023,6:00,0.0625
6/23/2023,12:00,0.125
6/23/2023,18:00,0.875
6/24/2023,0:00,1.0625
6/24/2023,6:00,0.625
6/24/2023,12:00,0.125
6/24/2023,18:00,0.125
6/25/2023,0:00,0.125
6/25/2023,6:00,0
6/25/2023,12:00,0
6/25/2023,18:00,0
6/26/2023,0:00,0
6/26/2023,6:00,0
6/26/2023,12:00,0
6/26/2023,18:00,0
6/27/2023,0:00,0
6/27/2023,6:00,0
6/27/2023,12:00,0
6/27/2023,18:00,0
6/28/2023,0:00,0
6/28/2023,6:00,0
6/28/2023,12:00,0
6/28/2023,18:00,1.25
6/29/2023,0:00,0.75
6/29/2023,6:00,0.5625
6/29/2023,12:00,0.1875
6/29/2023,18:00,0
6/30/2023,0:00,0
6/30/2023,6:00,0
6/30/2023,12:00,0
6/30/2023,18:00,0
7/1/2023,0:00,0.0625
7/1/2023,6:00,0.125
7/1/2023,12:00,0
7/1/2023,18:00,0
7/2/2023,0:00,0
7/2/2023,6:00,0
7/2/2023,12:00,0
7/2/2023,18:00,0
7/3/2023,0:00,0
7/3/2023,6:00,0
7/3/2023,12:00,0
7/3/2023,18:00,0
7/4/2023,0:00,0
7/4/2023,6:00,0
7/4/2023,12:00,0
7/4/2023,18:00,0
7/5/2023,0:00,0
7/5/2023,6:00,0
7/5/2023,12:00,0
7/5/2023,18:00,0
7/6/2023,0:00,0
7/6/2023,6:00,0
7/6/2023,12:00,0
7/6/2023,18:00,0
7/7/2023,0:00,0
7/7/2023,6:00,0.5
7/7/2023,12:00,1.125
7/7/2023,18:00,2.3125
7/8/2023,0:00,28.375
7/8/2023,6:00,41.375
7/8/2023,12:00,27.5625
7/8/2023,18:00,23.5625
7/9/2023,0:00,9.6875
7/9/2023,6:00,0.5
7/9/2023,12:00,0
7/9/2023,18:00,0
7/10/2023,0:00,0
7/10/2023,6:00,0
7/10/2023,12:00,0
7/10/2023,18:00,0.25
7/11/2023,0:00,0.0625
7/11/2023,6:00,0.0625
7/11/2023,12:00,0
7/11/2023,18:00,0
7/12/2023,0:00,0
7/12/2023,6:00,0.375
7/12/2023,12:00,25.1875
7/12/2023,18:00,69.875
7/13/2023,0:00,47.5
7/13/2023,6:00,51.8125
7/13/2023,12:00,32.6875
7/13/2023,18:00,5.25
7/14/2023,0:00,3.6875
7/14/2023,6:00,4
7/14/2023,12:00,2.625
7/14/2023,18:00,0.4375
7/15/2023,0:00,0
7/15/2023,6:00,0
7/15/2023,12:00,0
7/15/2023,18:00,0
7/16/2023,0:00,0
7/16/2023,6:00,0
7/16/2023,12:00,0
7/16/2023,18:00,0
7/17/2023,0:00,0
7/17/2023,6:00,0
7/17/2023,12:00,0
7/17/2023,18:00,0
7/18/2023,0:00,0
7/18/2023,6:00,0
7/18/2023,12:00,0
7/18/2023,18:00,0
7/19/2023,0:00,0
7/19/2023,6:00,0
7/19/2023,12:00,0
7/19/2023,18:00,0
7/20/2023,0:00,0
7/20/2023,6:00,0
7/20/2023,12:00,0.0625
7/20/2023,18:00,0.625
7/21/2023,0:00,0.375
7/21/2023,6:00,0.5
7/21/2023,12:00,0.6875
7/21/2023,18:00,0
7/22/2023,0:00,0
7/22/2023,6:00,0
7/22/2023,12:00,0
7/22/2023,18:00,0
7/23/2023,0:00,0
7/23/2023,6:00,0
7/23/2023,12:00,0
7/23/2023,18:00,0
7/24/2023,0:00,0
7/24/2023,6:00,0
7/24/2023,12:00,0
7/24/2023,18:00,0
7/25/2023,0:00,0.0625
7/25/2023,6:00,0.5
7/25/2023,12:00,0.4375
7/25/2023,18:00,0.3125
7/26/2023,0:00,0.5
7/26/2023,6:00,0.75
7/26/2023,12:00,1.25
7/26/2023,18:00,1.0625
7/27/2023,0:00,0.6875
7/27/2023,6:00,0.125
7/27/2023,12:00,0.25
7/27/2023,18:00,0.125
7/28/2023,0:00,0
7/28/2023,6:00,0
7/28/2023,12:00,0.0625
7/28/2023,18:00,0
7/29/2023,0:00,0.125
7/29/2023,6:00,0
7/29/2023,12:00,0
7/29/2023,18:00,0
7/30/2023,0:00,0
7/30/2023,6:00,0
7/30/2023,12:00,0
7/30/2023,18:00,0
7/31/2023,0:00,0
7/31/2023,6:00,0
7/31/2023,12:00,0
7/31/2023,18:00,0
8/1/2023,0:00,0
8/1/2023,6:00,0
8/1/2023,12:00,0
8/1/2023,18:00,0
8/2/2023,0:00,0
8/2/2023,6:00,0
8/2/2023,12:00,0
8/2/2023,18:00,0
8/3/2023,0:00,0
8/3/2023,6:00,0
8/3/2023,12:00,0
8/3/2023,18:00,0
8/4/2023,0:00,0
8/4/2023,6:00,0
8/4/2023,12:00,0
8/4/2023,18:00,0
8/5/2023,0:00,0
8/5/2023,6:00,0
8/5/2023,12:00,0
8/5/2023,18:00,0
8/6/2023,0:00,0
8/6/2023,6:00,0
8/6/2023,12:00,0
8/6/2023,18:00,0
8/7/2023,0:00,0
8/7/2023,6:00,0
8/7/2023,12:00,1.375
8/7/2023,18:00,3.25
8/8/2023,0:00,3.3125
8/8/2023,6:00,3.625
8/8/2023,12:00,0.8125
8/8/2023,18:00,0
8/9/2023,0:00,0
8/9/2023,6:00,4.875
8/9/2023,12:00,0.3125
8/9/2023,18:00,1.375
8/10/2023,0:00,1.375
8/10/2023,6:00,1
8/10/2023,12:00,0.9375
8/10/2023,18:00,0
8/11/2023,0:00,8.25
8/11/2023,6:00,19.3125
8/11/2023,12:00,46.5625
8/11/2023,18:00,21.75
8/12/2023,0:00,22.625
8/12/2023,6:00,0.0625
8/12/2023,12:00,0
8/12/2023,18:00,0
8/13/2023,0:00,0
8/13/2023,6:00,0
8/13/2023,12:00,0
8/13/2023,18:00,0
8/14/2023,0:00,0
8/14/2023,6:00,0
8/14/2023,12:00,0
8/14/2023,18:00,0
8/15/2023,0:00,0
8/15/2023,6:00,0
8/15/2023,12:00,0
8/15/2023,18:00,0
8/16/2023,0:00,0
8/16/2023,6:00,0
8/16/2023,12:00,0
8/16/2023,18:00,0
8/17/2023,0:00,0
8/17/2023,6:00,0
8/17/2023,12:00,0
8/17/2023,18:00,0
8/18/2023,0:00,0
8/18/2023,6:00,0
8/18/2023,12:00,6.875
8/18/2023,18:00,15.625
8/19/2023,0:00,14.625
8/19/2023,6:00,16.625
8/19/2023,12:00,4.125
8/19/2023,18:00,0
8/20/2023,0:00,0
8/20/2023,6:00,0
8/20/2023,12:00,0
8/20/2023,18:00,0
8/21/2023,0:00,0.125
8/21/2023,6:00,0.0625
8/21/2023,12:00,0.125
8/21/2023,18:00,0.0625
8/22/2023,0:00,0
8/22/2023,6:00,0
8/22/2023,12:00,0.25
8/22/2023,18:00,0.375
8/23/2023,0:00,0.25
8/23/2023,6:00,0.25
8/23/2023,12:00,0
8/23/2023,18:00,0
8/24/2023,0:00,0
8/24/2023,6:00,0
8/24/2023,12:00,0
8/24/2023,18:00,0
8/25/2023,0:00,0
8/25/2023,6:00,0
8/25/2023,12:00,0
8/25/2023,18:00,0
8/26/2023,0:00,0
8/26/2023,6:00,0
8/26/2023,12:00,0
8/26/2023,18:00,0
8/27/2023,0:00,0
8/27/2023,6:00,0
8/27/2023,12:00,0
8/27/2023,18:00,0
8/28/2023,0:00,0
8/28/2023,6:00,0
8/28/2023,12:00,0
8/28/2023,18:00,0
8/29/2023,0:00,0
8/29/2023,6:00,0
8/29/2023,12:00,0
8/29/2023,18:00,0
8/30/2023,0:00,0
8/30/2023,6:00,0
8/30/2023,12:00,0
8/30/2023,18:00,0
8/31/2023,0:00,0
8/31/2023,6:00,0
8/31/2023,12:00,0
8/31/2023,18:00,0
9/1/2023,0:00,0
9/1/2023,6:00,0
9/1/2023,12:00,1.625
9/1/2023,18:00,5.9375
9/2/2023,0:00,12
9/2/2023,6:00,14.4375
9/2/2023,12:00,9.9375
9/2/2023,18:00,9.375
9/3/2023,0:00,3.1875
9/3/2023,6:00,10.6875
9/3/2023,12:00,32.875
9/3/2023,18:00,39.0625
9/4/2023,0:00,24.125
9/4/2023,6:00,94.625
9/4/2023,12:00,51.6875
9/4/2023,18:00,77.5625
9/5/2023,0:00,91.8125
9/5/2023,6:00,40.3125
9/5/2023,12:00,41.25
9/5/2023,18:00,12.9375
9/6/2023,0:00,0
9/6/2023,6:00,0
9/6/2023,12:00,0
9/6/2023,18:00,0
9/7/2023,0:00,0.75
9/7/2023,6:00,2.75
9/7/2023,12:00,9
9/7/2023,18:00,21
9/8/2023,0:00,44.25
9/8/2023,6:00,48.625
9/8/2023,12:00,42.875
9/8/2023,18:00,26.6875
9/9/2023,0:00,5.1875
9/9/2023,6:00,26.5625
9/9/2023,12:00,17.25
9/9/2023,18:00,18.25
9/10/2023,0:00,13.4375
9/10/2023,6:00,0.125
9/10/2023,12:00,0.0625
9/10/2023,18:00,0.0625
9/11/2023,0:00,0.4375
9/11/2023,6:00,0.3125
9/11/2023,12:00,0.125
9/11/2023,18:00,1.125
9/12/2023,0:00,0.0625
9/12/2023,6:00,2
9/12/2023,12:00,14.75
9/12/2023,18:00,6.375
9/13/2023,0:00,5.8125
9/13/2023,6:00,12.125
9/13/2023,12:00,43.625
9/13/2023,18:00,34.25
9/14/2023,0:00,32
9/14/2023,6:00,11.375
9/14/2023,12:00,4.875
9/14/2023,18:00,5.125
9/15/2023,0:00,0
9/15/2023,6:00,0
9/15/2023,12:00,0
9/15/2023,18:00,0
9/16/2023,0:00,0
9/16/2023,6:00,0
9/16/2023,12:00,0
9/16/2023,18:00,0
9/17/2023,0:00,0
9/17/2023,6:00,0
9/17/2023,12:00,0
9/17/2023,18:00,0
9/18/2023,0:00,0
9/18/2023,6:00,0
9/18/2023,12:00,0.4375
9/18/2023,18:00,0.875
9/19/2023,0:00,1.375
9/19/2023,6:00,5.75
9/19/2023,12:00,12.9375
9/19/2023,18:00,9.0625
9/20/2023,0:00,9.125
9/20/2023,6:00,4.75
9/20/2023,12:00,0.5
9/20/2023,18:00,0.3125
9/21/2023,0:00,0.0625
9/21/2023,6:00,0.6875
9/21/2023,12:00,1.3125
9/21/2023,18:00,4.0625
9/22/2023,0:00,7.3125
9/22/2023,6:00,7.9375
9/22/2023,12:00,5.4375
9/22/2023,18:00,22.75
9/23/2023,0:00,9.375
9/23/2023,6:00,10.5
9/23/2023,12:00,5
9/23/2023,18:00,2.6875
9/24/2023,0:00,2.1875
9/24/2023,6:00,1.125
9/24/2023,12:00,0
9/24/2023,18:00,0.1875
9/25/2023,0:00,0.0625
9/25/2023,6:00,0
9/25/2023,12:00,0.125
9/25/2023,18:00,0.0625
9/26/2023,0:00,0
9/26/2023,6:00,0.125
9/26/2023,12:00,3.3125
9/26/2023,18:00,0.375
9/27/2023,0:00,0.1875
9/27/2023,6:00,0.375
9/27/2023,12:00,1.0625
9/27/2023,18:00,0.9375
9/28/2023,0:00,0
9/28/2023,6:00,0
9/28/2023,12:00,0
9/28/2023,18:00,0
9/29/2023,0:00,0
9/29/2023,6:00,0
9/29/2023,12:00,0
9/29/2023,18:00,0.0625
9/30/2023,0:00,0
9/30/2023,6:00,0
9/30/2023,12:00,0
9/30/2023,18:00,0
10/1/2023,0:00,0
10/1/2023,6:00,0
10/1/2023,12:00,0
10/1/2023,18:00,0
10/2/2023,0:00,0
10/2/2023,6:00,0
10/2/2023,12:00,0
10/2/2023,18:00,0
10/3/2023,0:00,0
10/3/2023,6:00,0
10/3/2023,12:00,0
10/3/2023,18:00,0.6875
10/4/2023,0:00,2.5
10/4/2023,6:00,6.625
10/4/2023,12:00,10.8125
10/4/2023,18:00,8.75
10/5/2023,0:00,11.3125
10/5/2023,6:00,3.625
10/5/2023,12:00,0.0625
10/5/2023,18:00,0
10/6/2023,0:00,0
10/6/2023,6:00,0
10/6/2023,12:00,0
10/6/2023,18:00,0
10/7/2023,0:00,0
10/7/2023,6:00,0
10/7/2023,12:00,0.0625
10/7/2023,18:00,0.1875
10/8/2023,0:00,0.0625
10/8/2023,6:00,0.0625
10/8/2023,12:00,0.1875
10/8/2023,18:00,0.3125
10/9/2023,0:00,0.0625
10/9/2023,6:00,0
10/9/2023,12:00,0
10/9/2023,18:00,0
10/10/2023,0:00,0
10/10/2023,6:00,0
10/10/2023,12:00,0
10/10/2023,18:00,0
10/11/2023,0:00,0
10/11/2023,6:00,0
10/11/2023,12:00,8.875
10/11/2023,18:00,60.875
10/12/2023,0:00,54.625
10/12/2023,6:00,47.75
10/12/2023,12:00,49.3125
10/12/2023,18:00,8.8125
10/13/2023,0:00,3.0625
10/13/2023,6:00,0.625
10/13/2023,12:00,0
10/13/2023,18:00,0
10/14/2023,0:00,0
10/14/2023,6:00,0
10/14/2023,12:00,0
10/14/2023,18:00,0
10/15/2023,0:00,0
10/15/2023,6:00,0
10/15/2023,12:00,0
10/15/2023,18:00,0
10/16/2023,0:00,0.375
10/16/2023,6:00,0.5625
10/16/2023,12:00,15.3125
10/16/2023,18:00,27.9375
10/17/2023,0:00,23.8125
10/17/2023,6:00,23.25
10/17/2023,12:00,43.6875
10/17/2023,18:00,61.875
10/18/2023,0:00,66.1875
10/18/2023,6:00,45.125
10/18/2023,12:00,14.6875
10/18/2023,18:00,3.875
10/19/2023,0:00,2.6875
10/19/2023,6:00,4.4375
10/19/2023,12:00,3.9375
10/19/2023,18:00,5
10/20/2023,0:00,3.5
10/20/2023,6:00,2.5
10/20/2023,12:00,5.0625
10/20/2023,18:00,1.875
10/21/2023,0:00,0.5625
10/21/2023,6:00,0.125
10/21/2023,12:00,0
10/21/2023,18:00,0
10/22/2023,0:00,0
10/22/2023,6:00,0
10/22/2023,12:00,3.0625
10/22/2023,18:00,10.75
10/23/2023,0:00,8.4375
10/23/2023,6:00,11.4375
10/23/2023,12:00,36.375
10/23/2023,18:00,19.5
10/24/2023,0:00,9.5625
10/24/2023,6:00,25.8125
10/24/2023,12:00,29.25
10/24/2023,18:00,1.25
10/25/2023,0:00,0.1875
10/25/2023,6:00,0.1875
10/25/2023,12:00,0.25
10/25/2023,18:00,0.0625
10/26/2023,0:00,0
10/26/2023,6:00,0
10/26/2023,12:00,0
10/26/2023,18:00,0
10/27/2023,0:00,0
10/27/2023,6:00,0
10/27/2023,12:00,0
10/27/2023,18:00,0
10/28/2023,0:00,0.5
10/28/2023,6:00,3.5625
10/28/2023,12:00,6.6875
10/28/2023,18:00,5.25
10/29/2023,0:00,6.125
10/29/2023,6:00,3.25
10/29/2023,12:00,4.4375
10/29/2023,18:00,0.3125
10/30/2023,0:00,0
10/30/2023,6:00,0
10/30/2023,12:00,0.375
10/30/2023,18:00,14.125
10/31/2023,0:00,12
10/31/2023,6:00,7.5625
10/31/2023,12:00,3.9375
10/31/2023,18:00,1.75
11/1/2023,0:00,0.25
11/1/2023,6:00,0.125
11/1/2023,12:00,0.125
11/1/2023,18:00,0.3125
11/2/2023,0:00,1.1875
11/2/2023,6:00,2.625
11/2/2023,12:00,3.6875
11/2/2023,18:00,3.75
11/3/2023,0:00,22
11/3/2023,6:00,35
11/3/2023,12:00,25.25
11/3/2023,18:00,5.8125
11/4/2023,0:00,0.6875
11/4/2023,6:00,0.3125
11/4/2023,12:00,0.125
11/4/2023,18:00,0.125
11/5/2023,0:00,0
11/5/2023,6:00,0
11/5/2023,12:00,0
11/5/2023,18:00,0
11/6/2023,0:00,0
11/6/2023,6:00,0
11/6/2023,12:00,0
11/6/2023,18:00,0
11/7/2023,0:00,0
11/7/2023,6:00,0
11/7/2023,12:00,0
11/7/2023,18:00,0
11/8/2023,0:00,0
11/8/2023,6:00,0
11/8/2023,12:00,0.625
11/8/2023,18:00,1.5625
11/9/2023,0:00,0.4375
11/9/2023,6:00,1.5
11/9/2023,12:00,20
11/9/2023,18:00,8.875
11/10/2023,0:00,7.5625
11/10/2023,6:00,3.9375
11/10/2023,12:00,3.3125
11/10/2023,18:00,10.625
11/11/2023,0:00,3.375
11/11/2023,6:00,2.5
11/11/2023,12:00,4.9375
11/11/2023,18:00,3.5
11/12/2023,0:00,1.375
11/12/2023,6:00,3.5625
11/12/2023,12:00,0.75
11/12/2023,18:00,2.75
11/13/2023,0:00,5.5625
11/13/2023,6:00,9.125
11/13/2023,12:00,74.6875
11/13/2023,18:00,70.9375
11/14/2023,0:00,90.0625
11/14/2023,6:00,75.1875
11/14/2023,12:00,30.6875
11/14/2023,18:00,24.8125
11/15/2023,0:00,16.6875
11/15/2023,6:00,4.8125
11/15/2023,12:00,6.75
11/15/2023,18:00,9.25
11/16/2023,0:00,11.1875
11/16/2023,6:00,19.1875
11/16/2023,12:00,5.625
11/16/2023,18:00,6.875
11/17/2023,0:00,4.4375
11/17/2023,6:00,0.3125
11/17/2023,12:00,0.0625
11/17/2023,18:00,5.9375
11/18/2023,0:00,23.375
11/18/2023,6:00,14.8125
11/18/2023,12:00,11.9375
11/18/2023,18:00,16.3125
11/19/2023,0:00,5.5625
11/19/2023,6:00,11.3125
11/19/2023,12:00,2.4375
11/19/2023,18:00,0.375
11/20/2023,0:00,0
11/20/2023,6:00,0
11/20/2023,12:00,0
11/20/2023,18:00,0
11/21/2023,0:00,0
11/21/2023,6:00,0
11/21/2023,12:00,0
11/21/2023,18:00,0
11/22/2023,0:00,1.125
11/22/2023,6:00,3.875
11/22/2023,12:00,12
11/22/2023,18:00,31.875
11/23/2023,0:00,12.5
11/23/2023,6:00,7.875
11/23/2023,12:00,2.25
11/23/2023,18:00,0.375
11/24/2023,0:00,0
11/24/2023,6:00,0
11/24/2023,12:00,0
11/24/2023,18:00,0
11/25/2023,0:00,0
11/25/2023,6:00,0
11/25/2023,12:00,0
11/25/2023,18:00,0
11/26/2023,0:00,0
11/26/2023,6:00,0
11/26/2023,12:00,0.125
11/26/2023,18:00,0.0625
11/27/2023,0:00,0.4375
11/27/2023,6:00,0.25
11/27/2023,12:00,0.875
11/27/2023,18:00,4.25
11/28/2023,0:00,2.8125
11/28/2023,6:00,5.4375
11/28/2023,12:00,4.4375
11/28/2023,18:00,4.625
11/29/2023,0:00,0.3125
11/29/2023,6:00,0.5
11/29/2023,12:00,0.375
11/29/2023,18:00,0.0625
11/30/2023,0:00,0
11/30/2023,6:00,0
11/30/2023,12:00,0
11/30/2023,18:00,0
12/1/2023,0:00,0
12/1/2023,6:00,0
12/1/2023,12:00,0.75
12/1/2023,18:00,1.25
12/2/2023,0:00,0.8125
12/2/2023,6:00,0.4375
12/2/2023,12:00,34.1875
12/2/2023,18:00,56
12/3/2023,0:00,57.9375
12/3/2023,6:00,53.1875
12/3/2023,12:00,47.1875
12/3/2023,18:00,18.9375
12/4/2023,0:00,17.625
12/4/2023,6:00,11.0625
12/4/2023,12:00,13.25
12/4/2023,18:00,3.25
12/5/2023,0:00,0.875
12/5/2023,6:00,0.1875
12/5/2023,12:00,0.3125
12/5/2023,18:00,0.125
12/6/2023,0:00,0.0625
12/6/2023,6:00,0
12/6/2023,12:00,0.875
12/6/2023,18:00,6.125
12/7/2023,0:00,8.5
12/7/2023,6:00,8
12/7/2023,12:00,4.3125
12/7/2023,18:00,6.125
12/8/2023,0:00,0.1875
12/8/2023,6:00,0.1875
12/8/2023,12:00,0.25
12/8/2023,18:00,0
12/9/2023,0:00,0
12/9/2023,6:00,0
12/9/2023,12:00,0
12/9/2023,18:00,0
12/10/2023,0:00,0
12/10/2023,6:00,0
12/10/2023,12:00,0
12/10/2023,18:00,0.0625
12/11/2023,0:00,0.125
12/11/2023,6:00,0.125
12/11/2023,12:00,0.1875
12/11/2023,18:00,0
12/12/2023,0:00,0.0625
12/12/2023,6:00,0.0625
12/12/2023,12:00,0.0625
12/12/2023,18:00,0.0625
12/13/2023,0:00,0
12/13/2023,6:00,0
12/13/2023,12:00,0.4375
12/13/2023,18:00,12.875
12/14/2023,0:00,28.625
12/14/2023,6:00,52.8125
12/14/2023,12:00,26.625
12/14/2023,18:00,18
12/15/2023,0:00,5.125
12/15/2023,6:00,2.6875
12/15/2023,12:00,0.625
12/15/2023,18:00,0.4375
12/16/2023,0:00,0.375
12/16/2023,6:00,8.4375
12/16/2023,12:00,22.5625
12/16/2023,18:00,1.875
12/17/2023,0:00,1.5625
12/17/2023,6:00,0.1875
12/17/2023,12:00,0.3125
12/17/2023,18:00,0.0625
12/18/2023,0:00,0.0625
12/18/2023,6:00,0.0625
12/18/2023,12:00,0
12/18/2023,18:00,3.5625
12/19/2023,0:00,4.8125
12/19/2023,6:00,25.625
12/19/2023,12:00,21.5625
12/19/2023,18:00,28.125
12/20/2023,0:00,0.125
12/20/2023,6:00,0.125
12/20/2023,12:00,0.0625
12/20/2023,18:00,0.0625
12/21/2023,0:00,0.0625
12/21/2023,6:00,0.0625
12/21/2023,12:00,0.1875
12/21/2023,18:00,0.1875
12/22/2023,0:00,0.5
12/22/2023,6:00,0.3125
12/22/2023,12:00,0.4375
12/22/2023,18:00,3.125
12/23/2023,0:00,14.75
12/23/2023,6:00,16.25
12/23/2023,12:00,26.6875
12/23/2023,18:00,30.3125
12/24/2023,0:00,2.25
12/24/2023,6:00,0.875
12/24/2023,12:00,0.8125
12/24/2023,18:00,1.75
12/25/2023,0:00,4.625
12/25/2023,6:00,3.4375
12/25/2023,12:00,16.625
12/25/2023,18:00,9.0625
12/26/2023,0:00,16.4375
12/26/2023,6:00,16.4375
12/26/2023,12:00,0.5625
12/27/2023,0:00,0
12/27/2023,6:00,0
12/27/2023,12:00,0
12/27/2023,18:00,0
12/28/2023,0:00,0
12/28/2023,6:00,0
12/28/2023,12:00,0
12/28/2023,18:00,0
12/29/2023,0:00,0
12/29/2023,6:00,2.4375
12/29/2023,12:00,63.75
12/29/2023,18:00,48.8125
12/30/2023,0:00,48.3125
12/30/2023,6:00,26.625
12/30/2023,12:00,1
12/30/2023,18:00,1.0625
12/31/2023,0:00,0.0625
12/31/2023,6:00,0
12/31/2023,12:00,0
12/31/2023,18:00,0
1/1/2024,0:00,0
1/1/2024,6:00,0
1/1/2024,12:00,0
1/1/2024,18:00,0
1/2/2024,0:00,0
1/2/2024,6:00,0
1/2/2024,12:00,0
1/2/2024,18:00,0
1/3/2024,0:00,0.0625
1/3/2024,6:00,0.0625
1/3/2024,12:00,0
1/3/2024,18:00,0.3125
1/4/2024,0:00,0.5
1/4/2024,6:00,0.3125
1/4/2024,12:00,0.125
1/4/2024,18:00,0.1875
1/5/2024,0:00,0.25
1/5/2024,6:00,0.25
1/5/2024,12:00,0.125
1/5/2024,18:00,0.0625
1/6/2024,0:00,0
1/6/2024,6:00,0
1/6/2024,12:00,0
1/6/2024,18:00,0
1/7/2024,0:00,0
1/7/2024,6:00,0
1/7/2024,12:00,0
1/7/2024,18:00,0
1/8/2024,0:00,0.3125
1/8/2024,6:00,10.25
1/8/2024,12:00,27.875
1/8/2024,18:00,16.6875
1/9/2024,0:00,11.6875
1/9/2024,6:00,25.625
1/9/2024,12:00,17.6875
1/9/2024,18:00,8.375
1/10/2024,0:00,4.5
1/10/2024,6:00,6.9375
1/10/2024,12:00,15.625
1/10/2024,18:00,29.5
1/11/2024,0:00,53.1875
1/11/2024,6:00,34.25
1/11/2024,12:00,73.125
1/11/2024,18:00,51.0625
1/12/2024,0:00,5.75
1/12/2024,6:00,1.75
1/12/2024,12:00,1.0625
1/12/2024,18:00,0.9375
1/13/2024,0:00,0
1/13/2024,6:00,0
1/13/2024,12:00,0
1/13/2024,18:00,0
1/14/2024,0:00,0
1/14/2024,6:00,0
1/14/2024,12:00,0
1/14/2024,18:00,2
1/15/2024,0:00,9.0625
1/15/2024,6:00,7.875
1/15/2024,12:00,6.0625
1/15/2024,18:00,5.1875
1/16/2024,0:00,0
1/16/2024,6:00,0
1/16/2024,12:00,0.875
1/16/2024,18:00,0.9375
1/17/2024,0:00,5.6875
1/17/2024,6:00,16.9375
1/17/2024,12:00,41.0625
1/17/2024,18:00,90.5
1/18/2024,0:00,100.188
1/18/2024,6:00,45
1/18/2024,12:00,15.1875
1/18/2024,18:00,7.25
1/19/2024,0:00,1.0625
1/19/2024,6:00,0.9375
1/19/2024,12:00,1.125
1/19/2024,18:00,1.125
1/20/2024,0:00,1.625
1/20/2024,6:00,1.875
1/20/2024,12:00,1.5
1/20/2024,18:00,1.125
1/21/2024,0:00,0.6875
1/21/2024,6:00,0.25
1/21/2024,12:00,0.5625
1/21/2024,18:00,0.375
1/22/2024,0:00,0.125
1/22/2024,6:00,0.125
1/22/2024,12:00,0.4375
1/22/2024,18:00,0.5
1/23/2024,0:00,0
1/23/2024,6:00,0
1/23/2024,12:00,0
1/23/2024,18:00,0
1/24/2024,0:00,0.125
1/24/2024,6:00,0.0625
1/24/2024,12:00,0
1/24/2024,18:00,0
1/25/2024,0:00,0
1/25/2024,6:00,0
1/25/2024,12:00,0.0625
1/25/2024,18:00,0.0625
1/26/2024,0:00,0
1/26/2024,6:00,0
1/26/2024,12:00,0
1/26/2024,18:00,0
1/27/2024,0:00,0
1/27/2024,6:00,0
1/27/2024,12:00,0
1/27/2024,18:00,0
1/28/2024,0:00,0
1/28/2024,6:00,0
1/28/2024,12:00,0
1/28/2024,18:00,0
1/29/2024,0:00,0
1/29/2024,6:00,0
1/29/2024,12:00,0
1/29/2024,18:00,0
1/30/2024,0:00,0
1/30/2024,6:00,0
1/30/2024,12:00,0
1/30/2024,18:00,0
1/31/2024,0:00,0
1/31/2024,6:00,0
1/31/2024,12:00,0
1/31/2024,18:00,0
2/1/2024,0:00,0
2/1/2024,6:00,0
2/1/2024,12:00,0
2/1/2024,18:00,0
2/2/2024,0:00,0
2/2/2024,6:00,0
2/2/2024,12:00,0
2/2/2024,18:00,0
2/3/2024,0:00,0
2/3/2024,6:00,0
2/3/2024,12:00,0
2/3/2024,18:00,0
2/4/2024,0:00,0
2/4/2024,6:00,0
2/4/2024,12:00,0
2/4/2024,18:00,0
2/5/2024,0:00,0.5
2/5/2024,6:00,1.25
2/5/2024,12:00,6.875
2/5/2024,18:00,20.375
2/6/2024,0:00,0
2/6/2024,6:00,0
2/6/2024,12:00,0
2/6/2024,18:00,0.0625
2/7/2024,0:00,0
2/7/2024,6:00,0
2/7/2024,12:00,0
2/7/2024,18:00,0.3125
2/8/2024,0:00,0
2/8/2024,6:00,0
2/8/2024,12:00,1.125
2/8/2024,18:00,2.0625
2/9/2024,0:00,1.625
2/9/2024,6:00,0.5
2/9/2024,12:00,0.0625
2/9/2024,18:00,0
2/10/2024,0:00,0.5
2/10/2024,6:00,1.75
2/10/2024,12:00,2.6875
2/10/2024,18:00,3.8125
2/11/2024,0:00,1.75
2/11/2024,6:00,2
2/11/2024,12:00,6.5625
2/11/2024,18:00,5.375
2/12/2024,0:00,1.625
2/12/2024,6:00,1.0625
2/12/2024,12:00,1.3125
2/12/2024,18:00,0.25
2/13/2024,0:00,0.9375
2/13/2024,6:00,22.6875
2/13/2024,12:00,33.3125
2/13/2024,18:00,13.875
2/14/2024,0:00,17.75
2/14/2024,6:00,0.875
2/14/2024,12:00,0
2/14/2024,18:00,0
2/15/2024,0:00,0
2/15/2024,6:00,0
2/15/2024,12:00,0
2/15/2024,18:00,0
2/16/2024,0:00,0
2/16/2024,6:00,0
2/16/2024,12:00,0
2/16/2024,18:00,0.0625
2/17/2024,0:00,0.25
2/17/2024,6:00,0.1875
2/17/2024,12:00,0.0625
2/17/2024,18:00,1.0625
2/18/2024,0:00,1.25
2/18/2024,6:00,1.25
2/18/2024,12:00,1.3125
2/18/2024,18:00,0.125
2/19/2024,0:00,0
2/19/2024,6:00,0
2/19/2024,12:00,0.1875
2/19/2024,18:00,5.6875
2/20/2024,0:00,5.3125
2/20/2024,6:00,6.375
2/20/2024,12:00,6
2/20/2024,18:00,0.375
2/21/2024,0:00,0
2/21/2024,6:00,0
2/21/2024,12:00,0
2/21/2024,18:00,0
2/22/2024,0:00,0
2/22/2024,6:00,0
2/22/2024,12:00,0
2/22/2024,18:00,0
2/23/2024,0:00,0
2/23/2024,6:00,0
2/23/2024,12:00,0
2/23/2024,18:00,0
2/24/2024,0:00,0
2/24/2024,6:00,0
2/24/2024,12:00,0
2/24/2024,18:00,0
2/25/2024,0:00,0
2/25/2024,6:00,0
2/25/2024,12:00,0
2/25/2024,18:00,0
2/26/2024,0:00,0
2/26/2024,6:00,1.75
2/26/2024,12:00,1.25
2/26/2024,18:00,4.625
2/27/2024,0:00,13.9375
2/27/2024,6:00,17.5625
2/27/2024,12:00,11.875
2/27/2024,18:00,21.5
2/28/2024,0:00,14.25
2/28/2024,6:00,4.6875
2/28/2024,12:00,3
2/28/2024,18:00,10.625
2/29/2024,0:00,10.375
2/29/2024,6:00,10.375
2/29/2024,12:00,15.5625
2/29/2024,18:00,7.3125
3/1/2024,0:00,13.375
3/1/2024,6:00,0.0625
3/1/2024,12:00,0.75
3/1/2024,18:00,0.375
3/2/2024,0:00,0
3/2/2024,6:00,0
3/2/2024,12:00,0
3/2/2024,18:00,0
3/3/2024,0:00,0
3/3/2024,6:00,0
3/3/2024,12:00,4.3125
3/3/2024,18:00,1.0625
3/4/2024,0:00,2.5
3/4/2024,6:00,0.8125
3/4/2024,12:00,8.875
3/4/2024,18:00,2.125
3/5/2024,0:00,0.625
3/5/2024,6:00,0
3/5/2024,12:00,0
3/5/2024,18:00,0
3/6/2024,0:00,0
3/6/2024,6:00,0
3/6/2024,12:00,0
3/6/2024,18:00,0
3/7/2024,0:00,0
3/7/2024,6:00,0
3/7/2024,12:00,0
3/7/2024,18:00,0
3/8/2024,0:00,0
3/8/2024,6:00,5.5
3/8/2024,12:00,23.0625
3/8/2024,18:00,19.5
3/9/2024,0:00,14
3/9/2024,6:00,8.0625
3/9/2024,12:00,2
3/9/2024,18:00,7.5625
3/10/2024,0:00,3.625
3/10/2024,6:00,1.375
3/10/2024,12:00,1
3/10/2024,18:00,0
3/11/2024,0:00,0
3/11/2024,6:00,0
3/11/2024,12:00,0
3/11/2024,18:00,0
3/12/2024,0:00,0
3/12/2024,6:00,0
3/12/2024,12:00,0
3/12/2024,18:00,0
3/13/2024,0:00,0
3/13/2024,6:00,0
3/13/2024,12:00,0
3/13/2024,18:00,0
3/14/2024,0:00,0
3/14/2024,6:00,0
3/14/2024,12:00,0
3/14/2024,18:00,0
3/15/2024,0:00,0
3/15/2024,6:00,0
3/15/2024,12:00,1.4375
3/15/2024,18:00,7.1875
3/16/2024,0:00,18.6875
3/16/2024,6:00,10.0625
3/16/2024,12:00,18.0625
3/16/2024,18:00,6.4375
3/17/2024,0:00,21.0625
3/17/2024,6:00,16.25
3/17/2024,12:00,21.0625
3/17/2024,18:00,16.5625
3/18/2024,0:00,7.5
3/18/2024,6:00,1.125
3/18/2024,12:00,5.1875
3/18/2024,18:00,7.5
3/19/2024,0:00,10.5625
3/19/2024,6:00,5.3125
3/19/2024,12:00,39.1875
3/19/2024,18:00,14.875
3/20/2024,0:00,12.6875
3/20/2024,6:00,4.1875
3/20/2024,12:00,1.125
3/20/2024,18:00,0.375
3/21/2024,0:00,1.5
3/21/2024,6:00,2.125
3/21/2024,12:00,37.375
3/21/2024,18:00,29.0625
3/22/2024,0:00,23.125
3/22/2024,6:00,16.4375
3/22/2024,12:00,0.375
3/22/2024,18:00,0.0625
3/23/2024,0:00,0
3/23/2024,6:00,0
3/23/2024,12:00,0
3/23/2024,18:00,0
3/24/2024,0:00,0
3/24/2024,6:00,0
3/24/2024,12:00,0
3/24/2024,18:00,0
3/25/2024,0:00,0
3/25/2024,6:00,0
3/25/2024,12:00,0
3/25/2024,18:00,0
3/26/2024,0:00,0
3/26/2024,6:00,0
3/26/2024,12:00,0
3/26/2024,18:00,0
3/27/2024,0:00,0
3/27/2024,6:00,0
3/27/2024,12:00,0
3/27/2024,18:00,0
3/28/2024,0:00,0
3/28/2024,6:00,0
3/28/2024,12:00,0
3/28/2024,18:00,0
3/29/2024,0:00,0
3/29/2024,6:00,0
3/29/2024,12:00,0
3/29/2024,18:00,0.0625
3/30/2024,0:00,0
3/30/2024,6:00,0
3/30/2024,12:00,0
3/30/2024,18:00,0
3/31/2024,0:00,0
3/31/2024,6:00,0
3/31/2024,12:00,0
3/31/2024,18:00,0
4/1/2024,0:00,43.6875
4/1/2024,6:00,29.25
4/1/2024,12:00,7
4/1/2024,18:00,2.375
4/2/2024,0:00,2.875
4/2/2024,6:00,3.4375
4/2/2024,12:00,5.625
4/2/2024,18:00,7.6875
4/3/2024,0:00,6.625
4/3/2024,6:00,5.125
4/3/2024,12:00,0.3125
4/3/2024,18:00,0.0625
4/4/2024,0:00,0.25
4/4/2024,6:00,2.875
4/4/2024,12:00,8.8125
4/4/2024,18:00,4.75
4/5/2024,0:00,8.1875
4/5/2024,6:00,11.8125
4/5/2024,12:00,1.75
4/5/2024,18:00,1.3125
4/6/2024,0:00,0.0625
4/6/2024,6:00,0
4/6/2024,12:00,0.0625
4/6/2024,18:00,0
4/7/2024,0:00,0.5625
4/7/2024,6:00,10.375
4/7/2024,12:00,11.6875
4/7/2024,18:00,8.6875
4/8/2024,0:00,10.375
4/8/2024,6:00,4.625
4/8/2024,12:00,0.125
4/8/2024,18:00,0.25
4/9/2024,0:00,0.25
4/9/2024,6:00,0.125
4/9/2024,12:00,0.1875
4/9/2024,18:00,0.125
4/10/2024,0:00,0.125
4/10/2024,6:00,0.0625
4/10/2024,12:00,0.0625
4/10/2024,18:00,0.3125
4/11/2024,0:00,1.8125
4/11/2024,6:00,3.125
4/11/2024,12:00,5.5625
4/11/2024,18:00,4.8125
4/12/2024,0:00,5.0625
4/12/2024,6:00,0.5625
4/12/2024,12:00,1.0625
4/12/2024,18:00,4.0625
4/13/2024,0:00,6.375
4/13/2024,6:00,9.3125
4/13/2024,12:00,14.4375
4/13/2024,18:00,11.75
4/14/2024,0:00,14.4375
4/14/2024,6:00,20.5
4/14/2024,12:00,14.0625
4/14/2024,18:00,9.375
4/15/2024,0:00,5.4375
4/15/2024,6:00,4.3125
4/15/2024,12:00,10.5
4/15/2024,18:00,9.375
4/16/2024,0:00,31.1875
4/16/2024,6:00,48.5625
4/16/2024,12:00,80.5
4/16/2024,18:00,77.75
4/17/2024,0:00,17.25
4/17/2024,6:00,1.625
4/17/2024,12:00,0.375
4/17/2024,18:00,0.0625
4/18/2024,0:00,0
4/18/2024,6:00,0
4/18/2024,12:00,0
4/18/2024,18:00,0
4/19/2024,0:00,0
4/19/2024,6:00,0
4/19/2024,12:00,0
4/19/2024,18:00,0
4/20/2024,0:00,0
4/20/2024,6:00,0
4/20/2024,12:00,0
4/20/2024,18:00,0
4/21/2024,0:00,0
4/21/2024,6:00,0
4/21/2024,12:00,0
4/21/2024,18:00,0
4/22/2024,0:00,0
4/22/2024,6:00,0
4/22/2024,12:00,0.125
4/22/2024,18:00,22.6875
4/23/2024,0:00,83
4/23/2024,6:00,44.125
4/23/2024,12:00,22.625
4/23/2024,18:00,16.875
4/24/2024,0:00,15.0625
4/24/2024,6:00,7.625
4/24/2024,12:00,9.6875
4/24/2024,18:00,0.75
4/25/2024,0:00,0.875
4/25/2024,6:00,0.3125
4/25/2024,12:00,0
4/25/2024,18:00,9.4375
4/26/2024,0:00,4.875
4/26/2024,6:00,8.9375
4/26/2024,12:00,6.9375
4/26/2024,18:00,4.4375
4/27/2024,0:00,4.5625
4/27/2024,6:00,3.5625
4/27/2024,12:00,0
4/27/2024,18:00,0
4/28/2024,0:00,2.3125
4/28/2024,6:00,5.1875
4/28/2024,12:00,4.5625
4/28/2024,18:00,5.875
4/29/2024,0:00,2.0625
4/29/2024,6:00,2.25
4/29/2024,12:00,0.875
4/29/2024,18:00,5.4375
4/30/2024,0:00,17
4/30/2024,6:00,26.4375
4/30/2024,12:00,32.9375
4/30/2024,18:00,25.9375
5/1/2024,0:00,13.3125
5/1/2024,6:00,20.5
5/1/2024,12:00,36.3125
5/1/2024,18:00,21.875
5/2/2024,0:00,42.125
5/2/2024,6:00,61.0625
5/2/2024,12:00,55.3125
5/2/2024,18:00,41.875
5/3/2024,0:00,26.0625
5/3/2024,6:00,2.625
5/3/2024,12:00,1
5/3/2024,18:00,0.625
5/4/2024,0:00,0.9375
5/4/2024,6:00,10.6875
5/4/2024,12:00,13.4375
5/4/2024,18:00,12.9375
5/5/2024,0:00,10.625
5/5/2024,6:00,0.625
5/5/2024,12:00,3.25
5/5/2024,18:00,8.625
5/6/2024,0:00,0.375
5/6/2024,6:00,1.25
5/6/2024,12:00,0.0625
5/6/2024,18:00,0.0625
5/7/2024,0:00,0
5/7/2024,6:00,0.3125
5/7/2024,12:00,0.3125
5/7/2024,18:00,0.4375
5/8/2024,0:00,0.3125
5/8/2024,6:00,0.25
5/8/2024,12:00,2.75
5/8/2024,18:00,6.5
5/9/2024,0:00,5.5625
5/9/2024,6:00,5.5
5/9/2024,12:00,1.4375
5/9/2024,18:00,0.0625
5/10/2024,0:00,0
5/10/2024,6:00,0
5/10/2024,12:00,4.0625
5/10/2024,18:00,10.625
5/11/2024,0:00,15.0625
5/11/2024,6:00,18.375
5/11/2024,12:00,14.875
5/11/2024,18:00,10.5625
5/12/2024,0:00,10
5/12/2024,6:00,27.5625
5/12/2024,12:00,31.5625
5/12/2024,18:00,26.8125
5/13/2024,0:00,21.5
5/13/2024,6:00,8.6875
5/13/2024,12:00,5.6875
5/13/2024,18:00,3.9375
5/14/2024,0:00,1
5/14/2024,6:00,0.375
5/14/2024,12:00,0.0625
5/14/2024,18:00,0
5/15/2024,0:00,0
5/15/2024,6:00,0
5/15/2024,12:00,0
5/15/2024,18:00,0
5/16/2024,0:00,0
5/16/2024,6:00,0
5/16/2024,12:00,0
5/16/2024,18:00,0
5/17/2024,0:00,0
5/17/2024,6:00,0
5/17/2024,12:00,0
5/17/2024,18:00,0
5/18/2024,0:00,0
5/18/2024,6:00,0
5/18/2024,12:00,0
5/18/2024,18:00,0
5/19/2024,0:00,0
5/19/2024,6:00,0
5/19/2024,12:00,0
5/19/2024,18:00,0.0625
5/20/2024,0:00,0
5/20/2024,6:00,0
5/20/2024,12:00,0
5/21/2024,0:00,0
5/21/2024,6:00,0
5/21/2024,12:00,0.375
5/21/2024,18:00,1.9375
5/22/2024,0:00,2.6875
5/22/2024,6:00,2.3125
5/22/2024,12:00,3.1875
5/22/2024,18:00,0.5
5/23/2024,0:00,6.4375
5/23/2024,6:00,10
5/23/2024,12:00,28.125
5/23/2024,18:00,36.8125
5/24/2024,0:00,79.0625
5/24/2024,6:00,48.75
5/24/2024,12:00,37.8125
5/24/2024,18:00,24.8125
5/25/2024,0:00,15.9375
5/25/2024,6:00,9.875
5/25/2024,12:00,1.875
5/25/2024,18:00,0.0625
5/26/2024,0:00,0
5/26/2024,6:00,0
5/26/2024,12:00,0.0625
5/26/2024,18:00,0.0625
5/27/2024,0:00,0
5/27/2024,6:00,0.125
5/27/2024,12:00,0.1875
5/27/2024,18:00,0.1875
5/28/2024,0:00,0.3125
5/28/2024,6:00,0.0625
5/28/2024,12:00,0.125
5/28/2024,18:00,0.125
5/29/2024,0:00,0.3125
5/29/2024,12:00,0.0625
5/29/2024,18:00,0.125
5/30/2024,0:00,0.0625
5/30/2024,6:00,0.0625
5/30/2024,12:00,0
5/30/2024,18:00,0
5/31/2024,0:00,0
5/31/2024,6:00,0
5/31/2024,12:00,0
5/31/2024,18:00,0
6/1/2024,0:00,0
6/1/2024,6:00,0
6/1/2024,12:00,0
6/1/2024,18:00,0
6/2/2024,0:00,0
6/2/2024,6:00,0
6/2/2024,12:00,0
6/2/2024,18:00,0
6/3/2024,0:00,0
6/3/2024,6:00,0.5625
6/3/2024,12:00,0.9375
6/3/2024,18:00,0.25
6/4/2024,0:00,1.25
6/4/2024,6:00,0
6/4/2024,12:00,0
6/4/2024,18:00,0
6/5/2024,0:00,0
6/5/2024,6:00,0
6/5/2024,12:00,0
6/5/2024,18:00,0
6/6/2024,0:00,0
6/6/2024,6:00,0
6/6/2024,12:00,0
6/6/2024,18:00,0
6/7/2024,0:00,0
6/7/2024,6:00,0
6/7/2024,12:00,0
6/7/2024,18:00,0
6/8/2024,0:00,0
6/8/2024,6:00,0
6/8/2024,12:00,0
6/8/2024,18:00,0
6/9/2024,0:00,0
6/9/2024,6:00,0
6/9/2024,12:00,0
6/9/2024,18:00,0
6/10/2024,0:00,0
6/10/2024,6:00,0
6/10/2024,12:00,0
6/10/2024,18:00,0
6/11/2024,0:00,0
6/11/2024,6:00,0
6/11/2024,12:00,0
6/11/2024,18:00,0
6/12/2024,0:00,0
6/12/2024,6:00,0
6/12/2024,12:00,0
6/12/2024,18:00,0
6/13/2024,0:00,0
6/13/2024,6:00,0
6/13/2024,12:00,0
6/13/2024,18:00,0
6/14/2024,0:00,0
6/14/2024,6:00,0
6/14/2024,12:00,0
6/14/2024,18:00,0
6/15/2024,0:00,0
6/15/2024,6:00,0
6/15/2024,12:00,4.25
6/15/2024,18:00,11.8125
6/16/2024,0:00,3.0625
6/16/2024,6:00,13.8125
6/16/2024,12:00,22.8125
6/16/2024,18:00,25.8125
6/17/2024,0:00,26
6/17/2024,6:00,15.5625
6/17/2024,12:00,6.5
6/17/2024,18:00,2.125
6/18/2024,0:00,0.5
6/18/2024,6:00,0.4375
6/18/2024,12:00,0.25
6/18/2024,18:00,0.1875
6/19/2024,0:00,4.625
6/19/2024,6:00,13.5625
6/19/2024,12:00,7.875
6/19/2024,18:00,19.3125
6/20/2024,0:00,29.5625
6/20/2024,6:00,6.75
6/20/2024,12:00,1.6875
6/20/2024,18:00,0.6875
6/21/2024,0:00,0.0625
6/21/2024,6:00,7.5
6/21/2024,12:00,8.75
6/21/2024,18:00,10.625
6/22/2024,0:00,11.3125
6/22/2024,6:00,10.625
6/22/2024,12:00,2.9375
6/22/2024,18:00,0.9375
6/23/2024,0:00,2.4375
6/23/2024,6:00,3.0625
6/23/2024,12:00,3.5
6/23/2024,18:00,2.75
6/24/2024,0:00,3
6/24/2024,6:00,0.9375
6/24/2024,12:00,1.0625
6/24/2024,18:00,1.3125
6/25/2024,0:00,0.625
6/25/2024,6:00,0.375
6/25/2024,12:00,0
6/25/2024,18:00,0
6/26/2024,0:00,0
6/26/2024,6:00,0.75
6/26/2024,12:00,0.5
6/26/2024,18:00,3.1875
6/27/2024,0:00,2.125
6/27/2024,6:00,1.3125
6/27/2024,12:00,0
6/27/2024,18:00,0
6/28/2024,0:00,0
6/28/2024,6:00,0
6/28/2024,12:00,0
6/28/2024,18:00,0
6/29/2024,0:00,0
6/29/2024,6:00,0
6/29/2024,12:00,0
6/29/2024,18:00,0
6/30/2024,0:00,0
6/30/2024,6:00,0
6/30/2024,12:00,0
6/30/2024,18:00,0
7/1/2024,0:00,0
7/1/2024,6:00,0
7/1/2024,12:00,0
7/1/2024,18:00,0
7/2/2024,0:00,0
7/2/2024,6:00,0
7/2/2024,12:00,0
7/2/2024,18:00,0
7/3/2024,0:00,0
7/3/2024,6:00,0
7/3/2024,12:00,0
7/3/2024,18:00,0
7/4/2024,0:00,0
7/4/2024,6:00,0
7/4/2024,12:00,0.1875
7/4/2024,18:00,0.1875
7/5/2024,0:00,0.9375
7/5/2024,6:00,1.3125
7/5/2024,12:00,2
7/5/2024,18:00,2.375
7/6/2024,0:00,0.6875
7/6/2024,6:00,0.3125
7/6/2024,12:00,0
7/6/2024,18:00,0
7/7/2024,0:00,0
7/7/2024,6:00,0
7/7/2024,12:00,0
7/7/2024,18:00,0
7/8/2024,0:00,0
7/8/2024,6:00,0
7/8/2024,12:00,0
7/8/2024,18:00,0
7/9/2024,0:00,0
7/9/2024,6:00,0
7/9/2024,12:00,0
7/9/2024,18:00,0
7/10/2024,0:00,0
7/10/2024,6:00,0
7/10/2024,12:00,0
7/10/2024,18:00,0
7/11/2024,0:00,0
7/11/2024,6:00,0
7/11/2024,12:00,0.0625
7/11/2024,18:00,0
7/12/2024,0:00,0.0625
7/12/2024,6:00,0.0625
7/12/2024,12:00,0.0625
7/12/2024,18:00,0.0625
7/13/2024,0:00,0
7/13/2024,6:00,0
7/13/2024,12:00,0
7/13/2024,18:00,0
7/14/2024,0:00,0.125
7/14/2024,6:00,0.1875
7/14/2024,12:00,9.4375
7/14/2024,18:00,4.3125
7/15/2024,0:00,4.25
7/15/2024,6:00,1.1875
7/15/2024,12:00,0.6875
7/15/2024,18:00,0
7/16/2024,0:00,0
7/16/2024,6:00,0
7/16/2024,12:00,0
7/16/2024,18:00,0.0625
7/17/2024,0:00,0.375
7/17/2024,6:00,0.375
7/17/2024,12:00,0.5
7/17/2024,18:00,0.5625
7/18/2024,0:00,0.5
7/18/2024,6:00,0.125
7/18/2024,12:00,0.0625
7/18/2024,18:00,0
7/19/2024,0:00,0
7/19/2024,6:00,0
7/19/2024,12:00,0
7/19/2024,18:00,0
7/20/2024,0:00,0
7/20/2024,6:00,0
7/20/2024,12:00,0
7/20/2024,18:00,0
7/21/2024,0:00,0
7/21/2024,6:00,0
7/21/2024,12:00,0
7/21/2024,18:00,0
7/22/2024,0:00,0
7/22/2024,6:00,0
7/22/2024,12:00,0
7/22/2024,18:00,0
7/23/2024,0:00,0
7/23/2024,6:00,0
7/23/2024,12:00,0
7/23/2024,18:00,0
7/24/2024,0:00,0
7/24/2024,6:00,0
7/24/2024,12:00,0
7/24/2024,18:00,0
7/25/2024,0:00,0
7/25/2024,6:00,0
7/25/2024,12:00,0
7/25/2024,18:00,0.0625
7/26/2024,0:00,0
7/26/2024,6:00,0.0625
7/26/2024,12:00,0
7/26/2024,18:00,0
7/27/2024,0:00,0
7/27/2024,6:00,0
7/27/2024,12:00,0
7/27/2024,18:00,0
7/28/2024,0:00,0
7/28/2024,6:00,0.25
7/28/2024,12:00,5.625
7/28/2024,18:00,4.9375
7/29/2024,0:00,26.25
7/29/2024,6:00,27.25
7/29/2024,12:00,9.5
7/29/2024,18:00,8.8125
7/30/2024,0:00,1.9375
7/30/2024,6:00,0
7/30/2024,12:00,0
7/30/2024,18:00,0
7/31/2024,0:00,0
7/31/2024,6:00,0
7/31/2024,12:00,0
7/31/2024,18:00,0
8/1/2024,0:00,0
8/1/2024,6:00,0
8/1/2024,12:00,0
8/1/2024,18:00,0
8/2/2024,0:00,0
8/2/2024,6:00,0
8/2/2024,12:00,0
8/2/2024,18:00,0
8/3/2024,0:00,0
8/3/2024,6:00,0
8/3/2024,12:00,0
8/3/2024,18:00,0
8/4/2024,0:00,0
8/4/2024,6:00,0.875
8/4/2024,12:00,14.1875
8/4/2024,18:00,14.375
8/5/2024,0:00,29
8/5/2024,6:00,38.9375
8/5/2024,12:00,25.8125
8/5/2024,18:00,5.5
8/6/2024,0:00,11
8/6/2024,6:00,9.125
8/6/2024,12:00,10.1875
8/6/2024,18:00,9.5
8/7/2024,0:00,8
8/7/2024,6:00,8.8125
8/7/2024,12:00,17.125
8/7/2024,18:00,19.0625
8/8/2024,0:00,19.1875
8/8/2024,6:00,6.5
8/8/2024,12:00,2.6875
8/8/2024,18:00,0.1875
8/9/2024,0:00,0.625
8/9/2024,6:00,0
8/9/2024,12:00,0.0625
8/9/2024,18:00,0.0625
8/10/2024,0:00,0.0625
8/10/2024,6:00,0.125
8/10/2024,12:00,0.125
8/10/2024,18:00,0.125
8/11/2024,0:00,0
8/11/2024,6:00,0
8/11/2024,12:00,0
8/11/2024,18:00,0
8/12/2024,0:00,0
8/12/2024,6:00,0
8/12/2024,12:00,0
8/12/2024,18:00,0
8/13/2024,0:00,0
8/13/2024,6:00,0
8/13/2024,12:00,0
8/13/2024,18:00,0
8/14/2024,0:00,0
8/14/2024,6:00,0
8/14/2024,12:00,0
8/14/2024,18:00,0
8/15/2024,0:00,0
8/15/2024,6:00,0
8/15/2024,12:00,0
8/15/2024,18:00,0
8/16/2024,0:00,0
8/16/2024,6:00,0
8/16/2024,12:00,0
8/16/2024,18:00,0
8/17/2024,0:00,0
8/17/2024,6:00,0
8/17/2024,12:00,0
8/17/2024,18:00,0
8/18/2024,0:00,0
8/18/2024,6:00,0
8/18/2024,12:00,0
8/18/2024,18:00,0
8/19/2024,0:00,0
8/19/2024,6:00,0
8/19/2024,12:00,0.1875
8/19/2024,18:00,0
8/20/2024,0:00,0.8125
8/20/2024,6:00,0.375
8/20/2024,12:00,1.0625
8/20/2024,18:00,0.4375
8/21/2024,0:00,0
8/21/2024,6:00,0.125
8/21/2024,12:00,1.75
8/21/2024,18:00,1.0625
8/22/2024,0:00,0.5
8/22/2024,6:00,1.6875
8/22/2024,12:00,14.4375
8/22/2024,18:00,30.3125
8/23/2024,0:00,26.375
8/23/2024,6:00,30.75
8/23/2024,12:00,21.375
8/23/2024,18:00,0.125
8/24/2024,0:00,0.125
8/24/2024,6:00,0.0625
8/24/2024,12:00,0.0625
8/24/2024,18:00,0.0625
8/25/2024,0:00,0.0625
8/25/2024,6:00,0.0625
8/25/2024,12:00,0.0625
8/25/2024,18:00,0.1875
8/26/2024,0:00,0.125
8/26/2024,6:00,0.0625
8/26/2024,12:00,0.125
8/26/2024,18:00,0
8/27/2024,0:00,0
8/27/2024,6:00,0
8/27/2024,12:00,0
8/27/2024,18:00,0
8/28/2024,0:00,0
8/28/2024,6:00,0
8/28/2024,12:00,0
8/28/2024,18:00,0
8/29/2024,0:00,0
8/29/2024,6:00,0
8/29/2024,12:00,0
8/29/2024,18:00,0
8/30/2024,0:00,0
8/30/2024,6:00,0
8/30/2024,12:00,0
8/30/2024,18:00,0
8/31/2024,0:00,0
8/31/2024,6:00,0
8/31/2024,12:00,0
8/31/2024,18:00,0
9/1/2024,0:00,0.0625
9/1/2024,6:00,0.0625
9/1/2024,12:00,0
9/1/2024,18:00,0
9/2/2024,0:00,0
9/2/2024,6:00,0
9/2/2024,12:00,0
9/2/2024,18:00,0
9/3/2024,0:00,0
9/3/2024,6:00,0
9/3/2024,12:00,0
9/3/2024,18:00,0
9/4/2024,0:00,0
9/4/2024,6:00,0
9/4/2024,12:00,0.0625
9/4/2024,18:00,0.5625
9/5/2024,0:00,12
9/5/2024,6:00,10.625
9/5/2024,12:00,15.0625
9/5/2024,18:00,10.25
9/6/2024,0:00,0
9/6/2024,6:00,0
9/6/2024,12:00,0
9/6/2024,18:00,0
9/7/2024,0:00,0
9/7/2024,6:00,0
9/7/2024,12:00,0
9/7/2024,18:00,0
9/8/2024,0:00,0
9/8/2024,6:00,0
9/8/2024,12:00,0
9/8/2024,18:00,0
9/9/2024,0:00,0
9/9/2024,6:00,0
9/9/2024,12:00,0
9/9/2024,18:00,0
9/10/2024,0:00,0
9/10/2024,6:00,0
9/10/2024,12:00,0
9/10/2024,18:00,0
9/11/2024,0:00,0
9/11/2024,6:00,0
9/11/2024,12:00,0
9/11/2024,18:00,0
9/12/2024,0:00,0
9/12/2024,6:00,0
9/12/2024,12:00,1
9/12/2024,18:00,0.375
9/13/2024,0:00,4.4375
9/13/2024,6:00,6.3125
9/13/2024,12:00,3.0625
9/13/2024,18:00,0.6875
9/14/2024,0:00,0.3125
9/14/2024,6:00,0.375
9/14/2024,12:00,1.0625
9/14/2024,18:00,1.1875
9/15/2024,0:00,0.125
9/15/2024,6:00,0.1875
9/15/2024,12:00,0.3125
9/15/2024,18:00,0
9/16/2024,0:00,0
9/16/2024,6:00,0
9/16/2024,12:00,0
9/16/2024,18:00,0
9/17/2024,0:00,0
9/17/2024,6:00,0
9/17/2024,12:00,0
9/17/2024,18:00,0
9/18/2024,0:00,0
9/18/2024,6:00,0
9/18/2024,12:00,0
9/18/2024,18:00,0
9/19/2024,0:00,0
9/19/2024,6:00,0
9/19/2024,12:00,0.125
9/19/2024,18:00,0.625
9/20/2024,0:00,4.125
9/20/2024,6:00,12.4375
9/20/2024,12:00,29.9375
9/20/2024,18:00,15.3125
9/21/2024,0:00,8.0625
9/21/2024,6:00,0.875
9/21/2024,12:00,0
9/21/2024,18:00,0
9/22/2024,0:00,0
9/22/2024,6:00,0
9/22/2024,12:00,0
9/22/2024,18:00,0
9/23/2024,0:00,0
9/23/2024,6:00,0
9/23/2024,12:00,0
9/23/2024,18:00,0
9/24/2024,0:00,0
9/24/2024,6:00,0
9/24/2024,12:00,0
9/24/2024,18:00,0
9/25/2024,0:00,0
9/25/2024,6:00,0
9/25/2024,12:00,0
9/25/2024,18:00,0
9/26/2024,0:00,0.125
9/26/2024,6:00,1.4375
9/26/2024,12:00,60.375
9/26/2024,18:00,41.625
9/27/2024,0:00,38.875
9/27/2024,6:00,38.875
9/27/2024,12:00,10
9/27/2024,18:00,1.25
9/28/2024,0:00,0.625
9/28/2024,6:00,0.625
9/28/2024,12:00,0.5
9/28/2024,18:00,0.125
9/29/2024,0:00,0
9/29/2024,6:00,0
9/29/2024,12:00,0
9/29/2024,18:00,0
9/30/2024,0:00,0
9/30/2024,6:00,0
9/30/2024,12:00,0.0625
9/30/2024,18:00,0
10/1/2024,0:00,0
10/1/2024,6:00,0.1875
10/1/2024,12:00,0.125
10/1/2024,18:00,1.125
10/2/2024,0:00,1.25
10/2/2024,6:00,6.75
10/2/2024,12:00,7.8125
10/2/2024,18:00,7.3125
10/3/2024,0:00,3.5625
10/3/2024,6:00,1.125
10/3/2024,12:00,0
10/3/2024,18:00,0
10/4/2024,0:00,0
10/4/2024,6:00,0
10/4/2024,12:00,0
10/4/2024,18:00,0
10/5/2024,0:00,0
10/5/2024,6:00,0
10/5/2024,12:00,0
10/5/2024,18:00,0
10/6/2024,0:00,0
10/6/2024,6:00,0
10/6/2024,12:00,0
10/6/2024,18:00,0
10/7/2024,0:00,0
10/7/2024,6:00,0
10/7/2024,12:00,0.1875
10/7/2024,18:00,0
10/8/2024,0:00,0
10/8/2024,6:00,2
10/8/2024,12:00,17.9375
10/8/2024,18:00,24.5
10/9/2024,0:00,27.25
10/9/2024,6:00,28.6875
10/9/2024,12:00,7.9375
10/9/2024,18:00,6.375
10/10/2024,0:00,4.5
10/10/2024,6:00,0.375
10/10/2024,12:00,1.1875
10/10/2024,18:00,4.0625
10/11/2024,0:00,2
10/11/2024,6:00,5.0625
10/11/2024,12:00,1.5625
10/11/2024,18:00,2.75
10/12/2024,0:00,4.3125
10/12/2024,6:00,2.1875
10/12/2024,12:00,2.3125
10/12/2024,18:00,0.375
10/13/2024,0:00,0
10/13/2024,6:00,0
10/13/2024,12:00,0
10/13/2024,18:00,0
10/14/2024,0:00,0
10/14/2024,6:00,0
10/14/2024,12:00,0.125
10/14/2024,18:00,0
10/15/2024,0:00,2.5
10/15/2024,6:00,4.375
10/15/2024,12:00,72.5
10/15/2024,18:00,60.625
10/16/2024,0:00,47.3125
10/16/2024,6:00,41.3125
10/16/2024,12:00,2.25
10/16/2024,18:00,0.125
10/17/2024,0:00,0
10/17/2024,6:00,0
10/17/2024,12:00,0
10/17/2024,18:00,0
10/18/2024,0:00,0.375
10/18/2024,6:00,0.75
10/18/2024,12:00,0.875
10/18/2024,18:00,0.0625
10/19/2024,0:00,0.125
10/19/2024,6:00,0
10/19/2024,12:00,0
10/19/2024,18:00,0
10/20/2024,0:00,0
10/20/2024,6:00,0
10/20/2024,12:00,0
10/20/2024,18:00,0
10/21/2024,0:00,0
10/21/2024,6:00,0
10/21/2024,12:00,0
10/21/2024,18:00,0
10/22/2024,0:00,0
10/22/2024,6:00,0
10/22/2024,18:00,0
10/23/2024,0:00,0
10/23/2024,6:00,1
10/23/2024,12:00,2.125
10/23/2024,18:00,0.1875
10/24/2024,0:00,3.1875
10/24/2024,6:00,3.125
10/24/2024,12:00,5.0625
10/24/2024,18:00,8.4375
10/25/2024,0:00,9.625
10/25/2024,6:00,11.875
10/25/2024,12:00,9.1875
10/25/2024,18:00,0.1875
10/26/2024,0:00,0.0625
10/26/2024,6:00,0
10/26/2024,12:00,0
10/26/2024,18:00,0
10/27/2024,0:00,0
10/27/2024,6:00,0
10/27/2024,12:00,0
10/27/2024,18:00,0
10/28/2024,0:00,0
10/28/2024,6:00,0
10/28/2024,12:00,0
10/28/2024,18:00,0
10/29/2024,0:00,0
10/29/2024,6:00,0
10/29/2024,12:00,0
10/29/2024,18:00,0
10/30/2024,0:00,0
10/30/2024,6:00,0
10/30/2024,12:00,0
10/30/2024,18:00,0
10/31/2024,0:00,0
10/31/2024,6:00,0
10/31/2024,12:00,0
10/31/2024,18:00,0
11/1/2024,0:00,0
11/1/2024,6:00,0
11/1/2024,12:00,0.3125
11/1/2024,18:00,1.25
11/2/2024,0:00,25.6875
11/2/2024,6:00,15.375
11/2/2024,12:00,3
11/2/2024,18:00,1.3125
11/3/2024,0:00,8.4375
11/3/2024,6:00,2.875
11/3/2024,12:00,1.8125
11/3/2024,18:00,9.0625
11/4/2024,0:00,0.6875
11/4/2024,6:00,0.5
11/4/2024,12:00,0.6875
11/4/2024,18:00,0.3125
11/5/2024,0:00,0.5625
11/5/2024,6:00,2.8125
11/5/2024,12:00,3.6875
11/5/2024,18:00,3.3125
11/6/2024,0:00,0.6875
11/6/2024,6:00,0.0625
11/6/2024,12:00,0
11/6/2024,18:00,1.875
11/7/2024,0:00,3.1875
11/7/2024,6:00,4
11/7/2024,18:00,0.1875
11/8/2024,0:00,4.6875
11/8/2024,6:00,5.1875
11/8/2024,12:00,0.25
11/8/2024,18:00,0.125
11/9/2024,0:00,0
11/9/2024,6:00,0
11/9/2024,12:00,0
11/9/2024,18:00,0
11/10/2024,0:00,0
11/10/2024,6:00,0
11/10/2024,12:00,0
11/10/2024,18:00,0
11/11/2024,0:00,0
11/11/2024,6:00,0
11/11/2024,12:00,0
11/11/2024,18:00,0
11/12/2024,0:00,1.4375
11/12/2024,6:00,1.625
11/12/2024,12:00,3.1875
11/12/2024,18:00,1.5625
11/13/2024,0:00,0
11/13/2024,6:00,0
11/13/2024,12:00,0
11/13/2024,18:00,0
11/14/2024,0:00,0
11/14/2024,6:00,0
11/14/2024,12:00,0
11/14/2024,18:00,0
11/15/2024,0:00,0
11/15/2024,6:00,0
11/15/2024,12:00,0
11/15/2024,18:00,0
11/16/2024,0:00,0
11/16/2024,6:00,0
11/16/2024,12:00,0
11/16/2024,18:00,0
11/17/2024,0:00,0
11/17/2024,6:00,0
11/17/2024,12:00,0
11/17/2024,18:00,0.1875
11/18/2024,0:00,6.375
11/18/2024,6:00,11.5625
11/18/2024,12:00,5.5625
11/18/2024,18:00,4.8125
11/19/2024,0:00,2.8125
11/19/2024,6:00,8.125
11/19/2024,12:00,9.25
11/19/2024,18:00,25.3125
11/20/2024,0:00,52.125
11/20/2024,6:00,53.375
11/20/2024,12:00,37.0625
11/20/2024,18:00,27.125
11/21/2024,0:00,15
11/21/2024,6:00,0.4375
11/21/2024,12:00,0.0625
11/21/2024,18:00,0
11/22/2024,0:00,0
11/22/2024,6:00,0
11/22/2024,12:00,0
11/22/2024,18:00,0.0625
11/23/2024,0:00,0.25
11/23/2024,6:00,0.25
11/23/2024,12:00,0.125
11/23/2024,18:00,0.0625
11/24/2024,0:00,0
11/24/2024,6:00,0
11/24/2024,12:00,0
11/24/2024,18:00,0
11/25/2024,0:00,0
11/25/2024,6:00,0
11/25/2024,12:00,0.8125
11/25/2024,18:00,0
11/26/2024,0:00,0.5625
11/26/2024,6:00,2.9375
11/26/2024,12:00,9.4375
11/26/2024,18:00,11.4375
11/27/2024,0:00,4.6875
11/27/2024,6:00,2
11/27/2024,12:00,1.8125
11/27/2024,18:00,5.4375
11/28/2024,0:00,3.25
11/28/2024,6:00,7.5
11/28/2024,12:00,4.625
11/28/2024,18:00,17.6875
11/29/2024,0:00,7.25
11/29/2024,6:00,10.125
11/29/2024,12:00,3.6875
11/29/2024,18:00,0.1875
11/30/2024,0:00,0.0625
11/30/2024,6:00,0.0625
11/30/2024,12:00,0.0625
11/30/2024,18:00,0
12/1/2024,0:00,0
12/1/2024,6:00,0.4375
12/1/2024,12:00,2.3125
12/1/2024,18:00,4.25
12/2/2024,0:00,25.1875
12/2/2024,6:00,48.4375
12/2/2024,12:00,41.8125
12/2/2024,18:00,47.125
12/3/2024,0:00,11.25
12/3/2024,6:00,0
12/3/2024,12:00,0
12/3/2024,18:00,0
12/4/2024,0:00,0
12/4/2024,6:00,0
12/4/2024,12:00,0
12/4/2024,18:00,0
12/5/2024,0:00,0
12/5/2024,6:00,0
12/5/2024,12:00,0
12/5/2024,18:00,0
12/6/2024,0:00,0
12/6/2024,6:00,5.375
12/6/2024,12:00,4.75
12/6/2024,18:00,1.5625
12/7/2024,0:00,12.4375
12/7/2024,6:00,14.5625
12/7/2024,12:00,20.5
12/7/2024,18:00,9.25
12/8/2024,0:00,6.5625
12/8/2024,6:00,0.4375
12/8/2024,12:00,0
12/8/2024,18:00,0
12/9/2024,0:00,0
12/9/2024,6:00,0
12/9/2024,12:00,0
12/9/2024,18:00,0
12/10/2024,0:00,0
12/10/2024,6:00,0
12/10/2024,12:00,0
12/10/2024,18:00,0
12/11/2024,0:00,0
12/11/2024,6:00,0
12/11/2024,12:00,0
12/11/2024,18:00,0
12/12/2024,0:00,0
12/12/2024,6:00,0
12/12/2024,12:00,0
12/12/2024,18:00,0
12/13/2024,0:00,0
12/13/2024,6:00,0.5
12/13/2024,12:00,11.4375
12/13/2024,18:00,45
12/14/2024,0:00,50.9375
12/14/2024,6:00,16.4375
12/14/2024,12:00,8.875
12/14/2024,18:00,11.625
12/15/2024,0:00,1.5625
12/15/2024,6:00,0.5625
12/15/2024,12:00,0.625
12/15/2024,18:00,0.0625
12/16/2024,0:00,0.25
12/16/2024,6:00,0.625
12/16/2024,12:00,0.5625
12/16/2024,18:00,0.1875
12/17/2024,0:00,0
12/17/2024,6:00,0
12/17/2024,12:00,0
12/17/2024,18:00,0
12/18/2024,0:00,0
12/18/2024,6:00,0
12/18/2024,12:00,0
12/18/2024,18:00,0
12/19/2024,0:00,0
12/19/2024,6:00,0
12/19/2024,12:00,0.8125
12/19/2024,18:00,12.3125
12/20/2024,0:00,3.875
12/20/2024,6:00,19.4375
12/20/2024,12:00,20.5
12/20/2024,18:00,2.8125
12/21/2024,0:00,0
12/21/2024,6:00,0
12/21/2024,12:00,0
12/21/2024,18:00,0
12/22/2024,0:00,0
12/22/2024,6:00,0.375
12/22/2024,12:00,1.1875
12/22/2024,18:00,0.5625
12/23/2024,0:00,0.6875
12/23/2024,6:00,0
12/23/2024,12:00,0
12/23/2024,18:00,0
12/24/2024,0:00,0
12/24/2024,6:00,0
12/24/2024,12:00,0
12/24/2024,18:00,0
12/25/2024,0:00,0
12/25/2024,6:00,0
12/25/2024,12:00,0
12/25/2024,18:00,0.1875
12/26/2024,0:00,0.1875
12/26/2024,6:00,0
12/26/2024,12:00,0
12/26/2024,18:00,0
12/27/2024,0:00,0
12/27/2024,6:00,0
12/27/2024,12:00,0
12/27/2024,18:00,0
12/28/2024,0:00,0
12/28/2024,6:00,0
12/28/2024,12:00,0
12/28/2024,18:00,0
12/29/2024,0:00,0
12/29/2024,6:00,0
12/29/2024,12:00,0
12/29/2024,18:00,0
12/30/2024,0:00,0
12/30/2024,6:00,0
12/30/2024,12:00,0
12/30/2024,18:00,0
12/31/2024,0:00,0
12/31/2024,6:00,0
12/31/2024,12:00,0
12/31/2024,18:00,0
1/1/2025,0:00,0
1/1/2025,6:00,0
1/1/2025,12:00,0
1/1/2025,18:00,0
1/2/2025,0:00,0
1/2/2025,6:00,0.3125
1/2/2025,12:00,0
1/2/2025,18:00,0
1/3/2025,0:00,0
1/3/2025,6:00,0
1/3/2025,12:00,0
1/3/2025,18:00,0
1/4/2025,0:00,0
1/4/2025,6:00,0
1/4/2025,12:00,0
1/4/2025,18:00,0
1/5/2025,0:00,0
1/5/2025,6:00,0
1/5/2025,12:00,0
1/5/2025,18:00,0
1/6/2025,0:00,0
1/6/2025,6:00,0
1/6/2025,12:00,0
1/6/2025,18:00,0
1/7/2025,0:00,0
1/7/2025,6:00,0
1/7/2025,12:00,0
1/7/2025,18:00,0
1/8/2025,0:00,0
1/8/2025,6:00,0
1/8/2025,12:00,0
1/8/2025,18:00,0
1/9/2025,0:00,0
1/9/2025,6:00,0
1/9/2025,12:00,0
1/9/2025,18:00,0
1/10/2025,0:00,0
1/10/2025,6:00,0
1/10/2025,12:00,0
1/10/2025,18:00,0
1/11/2025,0:00,0
1/11/2025,6:00,0
1/11/2025,12:00,0
1/11/2025,18:00,0
1/12/2025,0:00,0
1/12/2025,6:00,0
1/12/2025,12:00,0
1/12/2025,18:00,0
1/13/2025,0:00,0
1/13/2025,6:00,0
1/13/2025,12:00,0
1/13/2025,18:00,0
1/14/2025,0:00,0
1/14/2025,6:00,0
1/14/2025,12:00,0
1/14/2025,18:00,0
1/15/2025,0:00,0
1/15/2025,6:00,0
1/15/2025,12:00,0
1/15/2025,18:00,0
1/16/2025,0:00,0
1/16/2025,6:00,0.0625
1/16/2025,12:00,0.0625
1/16/2025,18:00,0.3125
1/17/2025,0:00,0.75
1/17/2025,6:00,1.0625
1/17/2025,12:00,0.125
1/17/2025,18:00,0
1/18/2025,0:00,0
1/18/2025,6:00,0
1/18/2025,12:00,0
1/18/2025,18:00,0
1/19/2025,0:00,0
1/19/2025,6:00,0
1/19/2025,12:00,0
1/19/2025,18:00,0
1/20/2025,0:00,1.875
1/20/2025,6:00,0.375
1/20/2025,12:00,12
1/20/2025,18:00,1
1/21/2025,0:00,0
1/21/2025,6:00,0.0625
1/21/2025,12:00,0.125
1/21/2025,18:00,0
1/22/2025,0:00,0
1/22/2025,6:00,0
1/22/2025,12:00,0
1/22/2025,18:00,0
1/23/2025,0:00,0
1/23/2025,6:00,0
1/23/2025,12:00,0
1/23/2025,18:00,0
1/24/2025,0:00,0
1/24/2025,6:00,0
1/24/2025,12:00,0
1/24/2025,18:00,0.1875
1/25/2025,0:00,9.4375
1/25/2025,6:00,4.3125
1/25/2025,12:00,4.625
1/25/2025,18:00,6.75
1/26/2025,0:00,0.25
1/26/2025,6:00,0
1/26/2025,12:00,0
1/26/2025,18:00,0
1/27/2025,0:00,0
1/27/2025,6:00,0
1/27/2025,12:00,0
1/27/2025,18:00,0
1/28/2025,0:00,0
1/28/2025,6:00,0
1/28/2025,12:00,0
1/28/2025,18:00,0
1/29/2025,0:00,0
1/29/2025,6:00,0
1/29/2025,12:00,0
1/29/2025,18:00,0.0625
1/30/2025,0:00,0.375
1/30/2025,6:00,1.1875
1/30/2025,12:00,0.125
1/30/2025,18:00,0.0625
1/31/2025,0:00,0.0625
1/31/2025,6:00,0
1/31/2025,12:00,0
1/31/2025,18:00,0
2/1/2025,0:00,0
2/1/2025,6:00,0
2/1/2025,12:00,0
2/1/2025,18:00,0
2/2/2025,0:00,0
2/2/2025,6:00,0
2/2/2025,12:00,0
2/2/2025,18:00,0
2/3/2025,0:00,0
2/3/2025,6:00,0
2/3/2025,12:00,0
2/3/2025,18:00,0
2/4/2025,0:00,0
2/4/2025,6:00,0
2/4/2025,12:00,0
2/4/2025,18:00,0
2/5/2025,0:00,0
2/5/2025,6:00,0
2/5/2025,12:00,0
2/5/2025,18:00,0
2/6/2025,0:00,0
2/6/2025,6:00,0.875
2/6/2025,12:00,2.3125
2/6/2025,18:00,0.625
2/7/2025,0:00,0.4375
2/7/2025,6:00,0.625
2/7/2025,12:00,0
2/7/2025,18:00,0
2/8/2025,0:00,0
2/8/2025,6:00,0
2/8/2025,12:00,0
2/8/2025,18:00,0
2/9/2025,0:00,0
2/9/2025,6:00,0
2/9/2025,12:00,0
2/9/2025,18:00,0
2/10/2025,0:00,0
2/10/2025,6:00,0
2/10/2025,12:00,0
2/10/2025,18:00,0
2/11/2025,0:00,0
2/11/2025,6:00,0
2/11/2025,12:00,0
2/11/2025,18:00,0
2/12/2025,0:00,0
2/12/2025,6:00,0
2/12/2025,12:00,0.5
2/12/2025,18:00,0.25
2/13/2025,0:00,1.5
2/13/2025,6:00,0.9375
2/13/2025,12:00,2.6875
2/13/2025,18:00,8.25
2/14/2025,0:00,12.25
2/14/2025,6:00,5.625
2/14/2025,12:00,0.0625
2/14/2025,18:00,0.125
2/15/2025,0:00,0
2/15/2025,6:00,0
2/15/2025,12:00,0
2/15/2025,18:00,0.125
2/16/2025,0:00,1.4375
2/16/2025,6:00,1.4375
2/16/2025,12:00,3
2/16/2025,18:00,14.9375
2/17/2025,0:00,2.6875
2/17/2025,6:00,11.25
2/17/2025,12:00,17.875
2/17/2025,18:00,18
2/18/2025,0:00,27.125
2/18/2025,6:00,37.4375
2/18/2025,12:00,14
2/18/2025,18:00,1.6875
2/19/2025,0:00,0
2/19/2025,6:00,0
2/19/2025,12:00,0
2/19/2025,18:00,0
2/20/2025,0:00,0
2/20/2025,6:00,0
2/20/2025,12:00,0
2/20/2025,18:00,0
2/21/2025,0:00,0
2/21/2025,6:00,0
2/21/2025,12:00,0
2/21/2025,18:00,0
2/22/2025,0:00,0
2/22/2025,6:00,0.125
2/22/2025,12:00,0.375
2/22/2025,18:00,0.4375
2/23/2025,0:00,0.5
2/23/2025,6:00,0
2/23/2025,12:00,0
2/23/2025,18:00,0
2/24/2025,0:00,0
2/24/2025,6:00,0
2/24/2025,12:00,0
2/24/2025,18:00,0
2/25/2025,0:00,0
2/25/2025,6:00,0
2/25/2025,12:00,0
2/25/2025,18:00,0
2/26/2025,0:00,0
2/26/2025,6:00,0
2/26/2025,12:00,0
2/26/2025,18:00,0
2/27/2025,0:00,1.4375
2/27/2025,6:00,1.1875
2/27/2025,12:00,1.625
2/27/2025,18:00,1.0625
2/28/2025,0:00,3.125
2/28/2025,6:00,3.6875
2/28/2025,12:00,5.9375
2/28/2025,18:00,2.125
3/1/2025,0:00,1.25
3/1/2025,6:00,0.0625
3/1/2025,12:00,3.1875
3/1/2025,18:00,0
3/2/2025,0:00,0.0625
3/2/2025,6:00,1.625
3/2/2025,12:00,2.3125
3/2/2025,18:00,0.25
3/3/2025,0:00,0.0625
3/3/2025,6:00,0
3/3/2025,12:00,0.0625
3/3/2025,18:00,0.0625
3/4/2025,0:00,0
3/4/2025,6:00,0
3/4/2025,12:00,0
3/4/2025,18:00,0
3/5/2025,0:00,0
3/5/2025,6:00,0
3/5/2025,12:00,0
3/5/2025,18:00,0
3/6/2025,0:00,0
3/6/2025,6:00,0
3/6/2025,12:00,0.1875
3/6/2025,18:00,0
3/7/2025,0:00,0
3/7/2025,6:00,0.1875
3/7/2025,12:00,0.1875
3/7/2025,18:00,0.25
3/8/2025,0:00,0.5
3/8/2025,6:00,0.8125
3/8/2025,12:00,0.5625
3/8/2025,18:00,0.3125
3/9/2025,0:00,0
3/9/2025,6:00,0.25
3/9/2025,12:00,2.0625
3/9/2025,18:00,4.75
3/10/2025,0:00,3
3/10/2025,6:00,2.125
3/10/2025,12:00,0
3/10/2025,18:00,0
3/11/2025,0:00,0
3/11/2025,6:00,0
3/11/2025,12:00,0
3/11/2025,18:00,0
3/12/2025,0:00,0
3/12/2025,6:00,0
3/12/2025,12:00,0
3/12/2025,18:00,0
3/13/2025,0:00,0
3/13/2025,6:00,0
3/13/2025,12:00,0
3/13/2025,18:00,0
3/14/2025,0:00,0
3/14/2025,6:00,0.0625
3/14/2025,12:00,0
3/14/2025,18:00,0
3/15/2025,0:00,0
3/15/2025,6:00,0
3/15/2025,12:00,0
3/15/2025,18:00,0
3/16/2025,0:00,0
3/16/2025,6:00,0
3/16/2025,12:00,0
3/16/2025,18:00,0
3/17/2025,0:00,0
3/17/2025,6:00,0
3/17/2025,12:00,0
3/17/2025,18:00,0
3/18/2025,0:00,0
3/18/2025,6:00,0
3/18/2025,12:00,0
3/18/2025,18:00,0
3/19/2025,0:00,0
3/19/2025,6:00,0
3/19/2025,12:00,0
3/19/2025,18:00,0
3/20/2025,0:00,0
3/20/2025,6:00,0
3/20/2025,12:00,0
3/20/2025,18:00,0
3/21/2025,0:00,0
3/21/2025,6:00,0
3/21/2025,12:00,0
3/21/2025,18:00,0
3/22/2025,0:00,0
3/22/2025,6:00,0
3/22/2025,12:00,0.125
3/22/2025,18:00,0
3/23/2025,0:00,0.375
3/23/2025,6:00,0.875
3/23/2025,12:00,2.875
3/23/2025,18:00,2.75
3/24/2025,0:00,0
3/24/2025,6:00,1.3125
3/24/2025,12:00,0.1875
3/24/2025,18:00,3.375
3/25/2025,0:00,4.1875
3/25/2025,6:00,3.8125
3/25/2025,12:00,2.125
3/25/2025,18:00,1.3125
3/26/2025,0:00,0.4375
3/26/2025,6:00,0.0625
3/26/2025,12:00,0
3/26/2025,18:00,0
3/27/2025,0:00,0.0625
3/27/2025,6:00,0
3/27/2025,12:00,14.25
3/27/2025,18:00,21.5625
3/28/2025,0:00,32.5625
3/28/2025,6:00,37.25
3/28/2025,12:00,46.875
3/28/2025,18:00,22
3/29/2025,0:00,25.9375
3/29/2025,6:00,29.125
3/29/2025,12:00,0.5625
3/29/2025,18:00,0.5625
3/30/2025,0:00,1.4375
3/30/2025,6:00,0
3/30/2025,12:00,0.5625
3/30/2025,18:00,0
3/31/2025,0:00,0
3/31/2025,6:00,0
3/31/2025,12:00,3
3/31/2025,18:00,3.3125
4/1/2025,0:00,6.125
4/1/2025,6:00,8.8125
4/1/2025,12:00,10.375
4/1/2025,18:00,1.875
4/2/2025,0:00,0.1875
4/2/2025,6:00,0.125
4/2/2025,12:00,3.8125
4/2/2025,18:00,21.9375
4/3/2025,0:00,9.5
4/3/2025,6:00,20.1875
4/3/2025,12:00,20.0625
4/3/2025,18:00,4.625
4/4/2025,0:00,0.375
4/4/2025,6:00,0.125
4/4/2025,12:00,0.25
4/4/2025,18:00,0
4/5/2025,0:00,0
4/5/2025,6:00,0
4/5/2025,12:00,0
4/5/2025,18:00,0
4/6/2025,0:00,0
4/6/2025,6:00,0
4/6/2025,12:00,0
4/6/2025,18:00,0
4/7/2025,0:00,0.4375
4/7/2025,6:00,0.125
4/7/2025,12:00,9.0625
4/7/2025,18:00,1.3125
4/8/2025,0:00,13.875
4/8/2025,6:00,26.9375
4/8/2025,12:00,29.25
4/8/2025,18:00,34.0625
4/9/2025,0:00,7.9375
4/9/2025,6:00,1.125
4/9/2025,12:00,2.1875
4/9/2025,18:00,2.75
4/10/2025,0:00,0.9375
4/10/2025,6:00,0.875
4/10/2025,12:00,0.375
4/10/2025,18:00,0.125
4/11/2025,0:00,0
4/11/2025,6:00,0
4/11/2025,12:00,0
4/11/2025,18:00,0
4/12/2025,0:00,0.25
4/12/2025,6:00,0.375
4/12/2025,12:00,0.5
4/12/2025,18:00,0.3125
4/13/2025,0:00,0.125
4/13/2025,6:00,0.5
4/13/2025,12:00,0
4/13/2025,18:00,0
4/14/2025,0:00,0
4/14/2025,6:00,0
4/14/2025,12:00,0
4/14/2025,18:00,0
4/15/2025,0:00,0
4/15/2025,6:00,0
4/15/2025,12:00,0
4/15/2025,18:00,0
4/16/2025,0:00,0
4/16/2025,6:00,0
4/16/2025,12:00,0
4/16/2025,18:00,0
4/17/2025,0:00,0
4/17/2025,6:00,0
4/17/2025,12:00,0
4/17/2025,18:00,0
4/18/2025,0:00,0
4/18/2025,6:00,0
4/18/2025,12:00,0
4/18/2025,18:00,0.125
4/19/2025,0:00,0
4/19/2025,6:00,0
4/19/2025,12:00,0
4/19/2025,18:00,0
4/20/2025,0:00,0
4/20/2025,6:00,0
4/20/2025,12:00,0
4/20/2025,18:00,0
4/21/2025,0:00,0
4/21/2025,6:00,0
4/21/2025,12:00,0
4/21/2025,18:00,0
4/22/2025,0:00,0
4/22/2025,6:00,0
4/22/2025,12:00,0
4/22/2025,18:00,0
4/23/2025,0:00,0
4/23/2025,6:00,0
4/23/2025,12:00,0
4/23/2025,18:00,0
4/24/2025,0:00,0
4/24/2025,6:00,0
4/24/2025,12:00,0
4/24/2025,18:00,0
4/25/2025,0:00,0
4/25/2025,6:00,0
4/25/2025,12:00,0
4/25/2025,18:00,0
4/26/2025,0:00,0
4/26/2025,6:00,0
4/26/2025,12:00,0
4/26/2025,18:00,0
4/27/2025,0:00,0
4/27/2025,6:00,0
4/27/2025,12:00,1
4/27/2025,18:00,0.1875
4/28/2025,0:00,0.5625
4/28/2025,6:00,0.125
4/28/2025,12:00,1.9375
4/28/2025,18:00,0
4/29/2025,0:00,0
4/29/2025,6:00,0
4/29/2025,12:00,0
4/29/2025,18:00,0
4/30/2025,0:00,0
4/30/2025,6:00,0
4/30/2025,12:00,0
4/30/2025,18:00,0
5/1/2025,0:00,0
5/1/2025,6:00,0
5/1/2025,12:00,0
5/1/2025,18:00,0
5/2/2025,0:00,0
5/2/2025,6:00,0
5/2/2025,12:00,0
5/2/2025,18:00,1.625
5/3/2025,0:00,1.6875
5/3/2025,6:00,2.9375
5/3/2025,12:00,1.4375
5/3/2025,18:00,0
5/4/2025,0:00,0
5/4/2025,6:00,0
5/4/2025,12:00,0
5/4/2025,18:00,0
5/5/2025,0:00,0
5/5/2025,6:00,0
5/5/2025,12:00,0
5/5/2025,18:00,0.0625
5/6/2025,0:00,0.0625
5/6/2025,6:00,0.875
5/6/2025,12:00,1.75
5/6/2025,18:00,0
5/7/2025,0:00,2.8125
5/7/2025,6:00,4
5/7/2025,12:00,0.875
5/7/2025,18:00,2.875
5/8/2025,0:00,4.1875
5/8/2025,6:00,4.3125
5/8/2025,12:00,7.3125
5/8/2025,18:00,4.875
5/9/2025,0:00,3.6875
5/9/2025,6:00,7.375
5/9/2025,12:00,137.375
5/9/2025,18:00,75.0625
5/10/2025,0:00,106.875
5/10/2025,6:00,113.25
5/10/2025,12:00,11.25
5/10/2025,18:00,0.375
5/11/2025,0:00,0
5/11/2025,6:00,0
5/11/2025,12:00,0
5/11/2025,18:00,0
5/12/2025,0:00,0
5/12/2025,6:00,0
5/12/2025,12:00,0
5/12/2025,18:00,0
5/13/2025,0:00,0
5/13/2025,6:00,0
5/13/2025,12:00,0
5/13/2025,18:00,0
5/14/2025,0:00,0
5/14/2025,6:00,0
5/14/2025,12:00,0
5/14/2025,18:00,0
5/15/2025,0:00,0
5/15/2025,6:00,0
5/15/2025,12:00,0.25
5/15/2025,18:00,0.0625
5/16/2025,0:00,0
5/16/2025,6:00,0
5/16/2025,12:00,0
5/16/2025,18:00,0
5/17/2025,0:00,0
5/17/2025,6:00,0
5/17/2025,12:00,0
5/17/2025,18:00,0
5/18/2025,0:00,0
5/18/2025,6:00,0
5/18/2025,12:00,2.4375
5/18/2025,18:00,4
5/19/2025,0:00,7.0625
5/19/2025,6:00,7.0625
5/19/2025,12:00,4.3125
5/19/2025,18:00,1.0625
5/20/2025,0:00,2.3125
5/20/2025,6:00,3.6875
5/20/2025,12:00,3.375
5/20/2025,18:00,3
5/21/2025,0:00,1.25
5/21/2025,6:00,0.0625
5/21/2025,12:00,0
5/21/2025,18:00,0
5/22/2025,0:00,0
5/22/2025,6:00,0
5/22/2025,12:00,0
5/22/2025,18:00,0
5/23/2025,0:00,0
5/23/2025,6:00,0
5/23/2025,12:00,0
5/23/2025,18:00,0
5/24/2025,0:00,0
5/24/2025,6:00,0
5/24/2025,12:00,2.75
5/24/2025,18:00,10.25
5/25/2025,0:00,40.5
5/25/2025,6:00,66
5/25/2025,12:00,119.75
5/25/2025,18:00,61.0625
5/26/2025,0:00,12.3125
5/26/2025,6:00,8.625
5/26/2025,12:00,5.5
5/26/2025,18:00,13.8125
5/27/2025,0:00,6.875
5/27/2025,6:00,4.375
5/27/2025,12:00,6.1875
5/27/2025,18:00,16.9375
5/28/2025,0:00,11.9375
5/28/2025,6:00,21.5
5/28/2025,12:00,23.8125
5/28/2025,18:00,15.375
5/29/2025,0:00,24.625
5/29/2025,6:00,14.375
5/29/2025,12:00,15.625
5/29/2025,18:00,7.0625
5/30/2025,0:00,0.1875
5/30/2025,6:00,0.125
5/30/2025,12:00,0.125
5/30/2025,18:00,0
5/31/2025,0:00,0
5/31/2025,6:00,0
5/31/2025,12:00,0
5/31/2025,18:00,0
6/1/2025,0:00,0
6/1/2025,6:00,0
6/1/2025,12:00,0
6/1/2025,18:00,0
6/2/2025,0:00,0
6/2/2025,6:00,0
6/2/2025,12:00,0
6/2/2025,18:00,0
6/3/2025,0:00,0
6/3/2025,6:00,0
6/3/2025,12:00,0
6/3/2025,18:00,0.125
6/4/2025,0:00,0.125
6/4/2025,6:00,0.25
6/4/2025,12:00,0.5625
6/4/2025,18:00,0.4375
6/5/2025,0:00,0.4375
6/5/2025,6:00,0.4375
6/5/2025,12:00,2.5625
6/5/2025,18:00,3.75
6/6/2025,0:00,0.75
6/6/2025,6:00,0
6/6/2025,12:00,0
6/6/2025,18:00,0
6/7/2025,0:00,0
6/7/2025,6:00,0
6/7/2025,12:00,0
6/7/2025,18:00,0
6/8/2025,0:00,0
6/8/2025,6:00,0
6/8/2025,12:00,0
6/8/2025,18:00,0
6/9/2025,0:00,0
6/9/2025,6:00,0
6/9/2025,12:00,0
6/9/2025,18:00,0
6/10/2025,0:00,0
6/10/2025,6:00,0
6/10/2025,12:00,0
6/10/2025,18:00,0
6/11/2025,0:00,0
6/11/2025,6:00,0
6/11/2025,12:00,0
6/11/2025,18:00,0
6/12/2025,0:00,0
6/12/2025,6:00,0
6/12/2025,12:00,0
6/12/2025,18:00,0
6/13/2025,0:00,0
6/13/2025,6:00,0
6/13/2025,12:00,0
6/13/2025,18:00,0
6/14/2025,0:00,0
6/14/2025,6:00,0.0625
6/14/2025,12:00,14.8125
6/14/2025,18:00,37.5
6/15/2025,0:00,55.5
6/15/2025,6:00,52.125
6/15/2025,12:00,38.5
6/15/2025,18:00,1.125
6/16/2025,0:00,0.125
6/16/2025,6:00,0.125
6/16/2025,12:00,0.0625
6/16/2025,18:00,0.4375
6/17/2025,0:00,11.1875
6/17/2025,6:00,26.75
6/17/2025,12:00,47.6875
6/17/2025,18:00,53.1875
6/18/2025,0:00,39.4375
6/18/2025,6:00,22.3125
6/18/2025,12:00,16.875
6/18/2025,18:00,23.625
6/19/2025,0:00,57.25
6/19/2025,6:00,43.75
6/19/2025,12:00,32.625
6/19/2025,18:00,7.1875
6/20/2025,0:00,10.875
6/20/2025,6:00,10.0625
6/20/2025,12:00,22.375
6/20/2025,18:00,8.5
6/21/2025,0:00,3
6/21/2025,6:00,1.125
6/21/2025,12:00,0.1875
6/21/2025,18:00,0.0625
6/22/2025,0:00,0.0625
6/22/2025,6:00,0.0625
6/22/2025,12:00,0.0625
6/22/2025,18:00,0.1875
6/23/2025,0:00,1.375
6/23/2025,6:00,1.3125
6/23/2025,12:00,0.125
6/23/2025,18:00,0.3125
6/24/2025,0:00,0
6/24/2025,6:00,0
6/24/2025,12:00,0
6/24/2025,18:00,0
6/25/2025,0:00,0
6/25/2025,6:00,0
6/25/2025,12:00,0
6/25/2025,18:00,0
6/26/2025,0:00,0
6/26/2025,6:00,0.5625
6/26/2025,12:00,2
6/26/2025,18:00,1
6/27/2025,0:00,0.6875
6/27/2025,6:00,0
6/27/2025,12:00,0
6/27/2025,18:00,0
6/28/2025,0:00,0
6/28/2025,6:00,0
6/28/2025,12:00,0
6/28/2025,18:00,0.6875
6/29/2025,0:00,11
6/29/2025,6:00,9.8125
6/29/2025,12:00,9.3125
6/29/2025,18:00,7.0625
6/30/2025,0:00,0.4375
6/30/2025,6:00,0.3125
6/30/2025,12:00,0.1875
6/30/2025,18:00,0.0625
7/1/2025,0:00,0
7/1/2025,6:00,0
7/1/2025,12:00,0
7/1/2025,18:00,0
7/2/2025,0:00,0
7/2/2025,6:00,0
7/2/2025,12:00,0
7/2/2025,18:00,0
7/3/2025,0:00,0
7/3/2025,6:00,0
7/3/2025,12:00,0
7/3/2025,18:00,0
7/4/2025,0:00,0
7/4/2025,6:00,0
7/4/2025,12:00,0
7/4/2025,18:00,0
7/5/2025,0:00,0
7/5/2025,6:00,0
7/5/2025,12:00,0
7/5/2025,18:00,0
7/6/2025,0:00,0
7/6/2025,6:00,0
7/6/2025,12:00,0
7/6/2025,18:00,0
7/7/2025,0:00,0
7/7/2025,6:00,0
7/7/2025,12:00,0
7/7/2025,18:00,0
7/8/2025,0:00,0
7/8/2025,6:00,0
7/8/2025,12:00,0.125
7/8/2025,18:00,0
7/9/2025,0:00,0
7/9/2025,6:00,0
7/9/2025,12:00,0
7/9/2025,18:00,0
7/10/2025,0:00,0
7/10/2025,6:00,0
7/10/2025,12:00,0
7/10/2025,18:00,0
7/11/2025,0:00,0
7/11/2025,6:00,0
7/11/2025,12:00,0
7/11/2025,18:00,0
7/12/2025,0:00,0
7/12/2025,6:00,0
7/12/2025,12:00,0
7/12/2025,18:00,0
7/13/2025,0:00,0
7/13/2025,6:00,0
7/13/2025,12:00,0.1875
7/13/2025,18:00,0.25
7/14/2025,0:00,3.75
7/14/2025,6:00,3.375
7/14/2025,12:00,0
7/14/2025,18:00,0
7/15/2025,0:00,0
7/15/2025,6:00,0
7/15/2025,12:00,0
7/15/2025,18:00,0
7/16/2025,0:00,0
7/16/2025,6:00,0
7/16/2025,12:00,0
7/16/2025,18:00,0
7/17/2025,0:00,3.0625
7/17/2025,6:00,8.25
7/17/2025,12:00,14.25
7/17/2025,18:00,11.9375
7/18/2025,0:00,7.625
7/18/2025,6:00,0.5625
7/18/2025,12:00,0.6875
7/18/2025,18:00,0.3125
7/19/2025,0:00,0.125
7/19/2025,6:00,0
7/19/2025,12:00,0
7/19/2025,18:00,0
7/20/2025,0:00,0
7/20/2025,6:00,0
7/20/2025,12:00,0
7/20/2025,18:00,0
7/21/2025,0:00,0
7/21/2025,6:00,0
7/21/2025,12:00,0
7/21/2025,18:00,0
7/22/2025,0:00,0
7/22/2025,6:00,0
7/22/2025,12:00,0
7/22/2025,18:00,0
7/23/2025,0:00,0
7/23/2025,6:00,0
7/23/2025,12:00,0
7/23/2025,18:00,5.4375
7/24/2025,0:00,0.0625
7/24/2025,6:00,2.6875
7/24/2025,12:00,4.3125
7/24/2025,18:00,9.1875
7/25/2025,0:00,4.375
7/25/2025,6:00,0.5
7/25/2025,12:00,0.0625
7/25/2025,18:00,0.5
7/26/2025,0:00,0.25
7/26/2025,6:00,0.0625
7/26/2025,12:00,0.0625
7/26/2025,18:00,0
7/27/2025,0:00,0.0625
7/27/2025,6:00,2.75
7/27/2025,12:00,10.4375
7/27/2025,18:00,25.375
7/28/2025,0:00,42.1875
7/28/2025,6:00,44.5
7/28/2025,12:00,50.375
7/28/2025,18:00,11.375
7/29/2025,0:00,4.4375
7/29/2025,6:00,1.6875
7/29/2025,12:00,0.3125
7/29/2025,18:00,0.0625
7/30/2025,0:00,0
7/30/2025,6:00,0
7/30/2025,12:00,0
7/30/2025,18:00,0
7/31/2025,0:00,0
7/31/2025,6:00,0
7/31/2025,12:00,0
7/31/2025,18:00,0
8/1/2025,0:00,0
8/1/2025,6:00,0
8/1/2025,12:00,0
8/1/2025,18:00,3.125
8/2/2025,0:00,1.5625
8/2/2025,6:00,2.125
8/2/2025,12:00,3.3125
8/2/2025,18:00,5.25
8/3/2025,0:00,5.625
8/3/2025,6:00,9.8125
8/3/2025,12:00,31.375
8/3/2025,18:00,29.0625
8/4/2025,0:00,18.8125
8/4/2025,6:00,8.375
8/4/2025,12:00,0.0625
8/4/2025,18:00,0
8/5/2025,0:00,0
8/5/2025,6:00,0
8/5/2025,12:00,0
8/5/2025,18:00,0
8/6/2025,0:00,0
8/6/2025,6:00,0
8/6/2025,12:00,0
8/6/2025,18:00,0
8/7/2025,0:00,0
8/7/2025,6:00,0
8/7/2025,12:00,0
8/7/2025,18:00,0
8/8/2025,0:00,0.0625
8/8/2025,6:00,0.125
8/8/2025,12:00,0
8/8/2025,18:00,0.0625
8/9/2025,0:00,0.125
8/9/2025,6:00,0.0625
8/9/2025,12:00,0.0625
8/9/2025,18:00,0.0625
8/10/2025,0:00,0
8/10/2025,6:00,0
8/10/2025,12:00,0
8/10/2025,18:00,0
8/11/2025,0:00,0
8/11/2025,6:00,0
8/11/2025,12:00,0
8/11/2025,18:00,0
8/12/2025,0:00,0
8/12/2025,6:00,0
8/12/2025,12:00,0
8/12/2025,18:00,0
8/13/2025,0:00,0
8/13/2025,6:00,0
8/13/2025,12:00,0
8/13/2025,18:00,0
8/14/2025,0:00,0
8/14/2025,6:00,0
8/14/2025,12:00,0
8/14/2025,18:00,0
8/15/2025,0:00,0
8/15/2025,6:00,0
8/15/2025,12:00,0
8/15/2025,18:00,0
8/16/2025,0:00,0
8/16/2025,6:00,0
8/16/2025,12:00,0
8/16/2025,18:00,0
8/17/2025,0:00,0
8/17/2025,6:00,0
8/17/2025,12:00,0
8/17/2025,18:00,0
8/18/2025,0:00,0
8/18/2025,6:00,0
8/18/2025,12:00,0
8/18/2025,18:00,0
8/19/2025,0:00,0
8/19/2025,6:00,0.125
8/19/2025,12:00,1.25
8/19/2025,18:00,12.8125
8/20/2025,0:00,20.1875
8/20/2025,6:00,16.6875
8/20/2025,12:00,15.5625
8/20/2025,18:00,13.0625
8/21/2025,0:00,3.875
8/21/2025,6:00,2.6875
8/21/2025,12:00,0.25
8/21/2025,18:00,0.0625
8/22/2025,0:00,0.6875
8/22/2025,6:00,3.75
8/22/2025,12:00,11.625
8/22/2025,18:00,11.375
8/23/2025,0:00,21.25
8/23/2025,6:00,32.0625
8/23/2025,12:00,43.25
8/23/2025,18:00,35.75
8/24/2025,0:00,19.4375
8/24/2025,6:00,12
8/24/2025,12:00,0
8/24/2025,18:00,0
8/25/2025,0:00,0
8/25/2025,6:00,0
8/25/2025,12:00,0
8/25/2025,18:00,0
8/26/2025,0:00,0
8/26/2025,6:00,0
8/26/2025,12:00,0
8/26/2025,18:00,0
8/27/2025,0:00,0
8/27/2025,6:00,0
8/27/2025,12:00,0
8/27/2025,18:00,0
8/28/2025,0:00,0
8/28/2025,6:00,0
8/28/2025,12:00,0
8/28/2025,18:00,0
8/29/2025,0:00,0.125
8/29/2025,6:00,0.0625
8/29/2025,12:00,0
8/29/2025,18:00,0
8/30/2025,0:00,0
8/30/2025,6:00,0
8/30/2025,12:00,0
8/30/2025,18:00,0
8/31/2025,0:00,0
8/31/2025,6:00,0
8/31/2025,12:00,0
8/31/2025,18:00,0.125
9/1/2025,0:00,0
9/1/2025,6:00,0.0625
9/1/2025,12:00,1.3125
9/1/2025,18:00,3.375
9/2/2025,0:00,8.9375
9/2/2025,6:00,8.4375
9/2/2025,12:00,4.5625
9/2/2025,18:00,2.875
9/3/2025,0:00,1.1875
9/3/2025,6:00,0.6875
9/3/2025,12:00,1.8125
9/3/2025,18:00,5
9/4/2025,0:00,6.1875
9/4/2025,6:00,40.3125
9/4/2025,12:00,71.4375
9/4/2025,18:00,66.75
9/5/2025,0:00,38.1875
9/5/2025,6:00,18.1875
9/5/2025,12:00,0.125
9/5/2025,18:00,0
9/6/2025,0:00,0
9/6/2025,6:00,0
9/6/2025,12:00,0
9/6/2025,18:00,0
9/7/2025,0:00,0
9/7/2025,6:00,0
9/7/2025,12:00,0
9/7/2025,18:00,0
9/8/2025,0:00,0.875
9/8/2025,6:00,8.25
9/8/2025,12:00,10.8125
9/8/2025,18:00,27.25
9/9/2025,0:00,37.5
9/9/2025,6:00,35.0625
9/9/2025,12:00,42.0625
9/9/2025,18:00,11.875
9/10/2025,0:00,0.5625
9/10/2025,6:00,0
9/10/2025,12:00,0
9/10/2025,18:00,0
9/11/2025,0:00,0
9/11/2025,6:00,0
9/11/2025,12:00,0
9/11/2025,18:00,0
9/12/2025,0:00,0
9/12/2025,6:00,0
9/12/2025,12:00,0
9/12/2025,18:00,0
9/13/2025,0:00,0
9/13/2025,6:00,0
9/13/2025,12:00,0
9/13/2025,18:00,0
9/14/2025,0:00,0
9/14/2025,6:00,0.375
9/14/2025,12:00,1.0625
9/14/2025,18:00,1.3125
9/15/2025,0:00,1.5
9/15/2025,6:00,0.5625
9/15/2025,12:00,5.875
9/15/2025,18:00,5.9375
9/16/2025,0:00,13.125
9/16/2025,6:00,8.75
9/16/2025,12:00,5
9/16/2025,18:00,1.25
9/17/2025,0:00,0
9/17/2025,6:00,0
9/17/2025,12:00,0
9/17/2025,18:00,0
9/18/2025,0:00,0
9/18/2025,6:00,0
9/18/2025,12:00,0
9/18/2025,18:00,0.3125
9/19/2025,0:00,0.0625
9/19/2025,6:00,0.0625
9/19/2025,12:00,0.875
9/19/2025,18:00,1.875
9/20/2025,0:00,1.125
9/20/2025,6:00,0.4375
9/20/2025,12:00,1.25
9/20/2025,18:00,2.3125
9/21/2025,0:00,2
9/21/2025,6:00,4.5625
9/21/2025,12:00,19.3125
9/21/2025,18:00,10.6875
9/22/2025,0:00,9.875
9/22/2025,6:00,8.125
9/22/2025,12:00,2.8125
9/22/2025,18:00,1.9375
9/23/2025,0:00,1.6875
9/23/2025,6:00,0
9/23/2025,12:00,0
9/23/2025,18:00,0
9/24/2025,0:00,0
9/24/2025,6:00,0
9/24/2025,12:00,0
9/24/2025,18:00,0
9/25/2025,0:00,0
9/25/2025,6:00,0
9/25/2025,12:00,0
9/25/2025,18:00,0
9/26/2025,0:00,0
9/26/2025,6:00,0
9/26/2025,12:00,0
9/26/2025,18:00,0
9/27/2025,0:00,0
9/27/2025,6:00,0
9/27/2025,12:00,0.125
9/27/2025,18:00,8.6875
9/28/2025,0:00,11.625
9/28/2025,6:00,10.4375
9/28/2025,12:00,28.25
9/28/2025,18:00,2.75
9/29/2025,0:00,0.4375
9/29/2025,6:00,0
9/29/2025,12:00,0
9/29/2025,18:00,0
9/30/2025,0:00,0.1875
9/30/2025,6:00,12.125
9/30/2025,12:00,27.6875
9/30/2025,18:00,15.75
10/1/2025,0:00,17.375
10/1/2025,6:00,14
10/1/2025,12:00,7.9375
10/1/2025,18:00,0.0625
10/2/2025,0:00,0.1875
10/2/2025,6:00,0.25
10/2/2025,12:00,0.1875
10/2/2025,18:00,0.1875
10/3/2025,0:00,1.1875
10/3/2025,6:00,0.625
10/3/2025,12:00,1.125
10/3/2025,18:00,3.0625
10/4/2025,0:00,5.8125
10/4/2025,6:00,6.3125
10/4/2025,12:00,10.5625
10/4/2025,18:00,3.6875
10/5/2025,0:00,3.1875
10/5/2025,6:00,2.75
10/5/2025,12:00,1.625
10/5/2025,18:00,0
10/6/2025,0:00,0.8125
10/6/2025,6:00,15
10/6/2025,12:00,17
10/6/2025,18:00,33.125
10/7/2025,0:00,18.75
10/7/2025,6:00,3.25
10/7/2025,12:00,0.125
10/7/2025,18:00,0
10/8/2025,0:00,0
10/8/2025,6:00,0
10/8/2025,12:00,0
10/8/2025,18:00,0
10/9/2025,0:00,0
10/9/2025,6:00,0
10/9/2025,12:00,0
10/9/2025,18:00,0
10/10/2025,0:00,0
10/10/2025,6:00,0
10/10/2025,12:00,0
10/10/2025,18:00,0
10/11/2025,0:00,0
10/11/2025,6:00,0
10/11/2025,12:00,0
10/11/2025,18:00,0
10/12/2025,0:00,0.875
10/12/2025,6:00,1.6875
10/12/2025,12:00,16.8125
10/12/2025,18:00,37.5625
10/13/2025,0:00,13.5
10/13/2025,6:00,10.5
10/13/2025,12:00,0.0625
10/13/2025,18:00,0.0625
10/14/2025,0:00,0
10/14/2025,6:00,0
10/14/2025,12:00,0
10/14/2025,18:00,0
10/15/2025,0:00,0
10/15/2025,6:00,0
10/15/2025,12:00,0
10/15/2025,18:00,0
10/16/2025,0:00,0.125
10/16/2025,6:00,2.125
10/16/2025,12:00,10.1875
10/16/2025,18:00,9.6875
10/17/2025,0:00,6
10/17/2025,6:00,5.375
10/17/2025,12:00,2.3125
10/17/2025,18:00,5
10/18/2025,0:00,8
10/18/2025,6:00,9.8125
10/18/2025,12:00,13.125
10/18/2025,18:00,2.625
10/19/2025,0:00,0.25
10/19/2025,6:00,0
10/19/2025,12:00,0
10/19/2025,18:00,0
10/20/2025,0:00,0
10/20/2025,6:00,0
10/20/2025,12:00,0
10/20/2025,18:00,0
10/21/2025,0:00,0
10/21/2025,6:00,0
10/21/2025,12:00,0
10/21/2025,18:00,0
10/22/2025,0:00,0
10/22/2025,6:00,0
10/22/2025,12:00,0
10/22/2025,18:00,0
10/23/2025,0:00,0
10/23/2025,6:00,0
10/23/2025,12:00,0
10/23/2025,18:00,0
10/24/2025,0:00,0
10/24/2025,6:00,0
10/24/2025,12:00,0.4375
10/24/2025,18:00,2.375
10/25/2025,0:00,2
10/25/2025,6:00,1.5
10/25/2025,12:00,5.5625
10/25/2025,18:00,17.625
10/26/2025,0:00,23.875
10/26/2025,6:00,23
10/26/2025,12:00,3
10/26/2025,18:00,0.5
10/27/2025,0:00,0.0625
10/27/2025,6:00,0.1875
10/27/2025,12:00,0.0625
10/27/2025,18:00,0.0625
10/28/2025,0:00,0
10/28/2025,6:00,0
10/28/2025,12:00,0
10/28/2025,18:00,0.25
10/29/2025,0:00,2.4375
10/29/2025,6:00,1.875
10/29/2025,12:00,12.4375
10/29/2025,18:00,8.1875
10/30/2025,0:00,1.3125
10/30/2025,6:00,0.5625
10/30/2025,12:00,0.375
10/30/2025,18:00,0.3125
10/31/2025,0:00,0.5
10/31/2025,6:00,0.4375
10/31/2025,12:00,0.5
10/31/2025,18:00,0.375
11/1/2025,0:00,0
11/1/2025,6:00,0
11/1/2025,12:00,0
11/1/2025,18:00,0
11/2/2025,0:00,0
11/2/2025,6:00,0
11/2/2025,12:00,4.0625
11/2/2025,18:00,10.9375
11/3/2025,0:00,12.5
11/3/2025,6:00,1.9375
11/3/2025,12:00,1
11/3/2025,18:00,0.5625
11/4/2025,0:00,0.1875
11/4/2025,6:00,0
11/4/2025,12:00,0
11/4/2025,18:00,0
11/5/2025,0:00,0
11/5/2025,6:00,0
11/5/2025,12:00,0
11/5/2025,18:00,0
11/6/2025,0:00,0
11/6/2025,6:00,0
11/6/2025,12:00,0
11/6/2025,18:00,0
11/7/2025,0:00,0
11/7/2025,6:00,0.1875
11/7/2025,12:00,24.375
11/7/2025,18:00,37.125
11/8/2025,0:00,43.9375
11/8/2025,6:00,58.5625
11/8/2025,12:00,25.25
11/8/2025,18:00,1.3125
11/9/2025,0:00,1.125
11/9/2025,6:00,0.625
11/9/2025,12:00,0.5625
11/9/2025,18:00,0.625
11/10/2025,0:00,0.0625
11/10/2025,6:00,0.0625
11/10/2025,12:00,0.0625
11/10/2025,18:00,0
11/11/2025,0:00,0
11/11/2025,6:00,0
11/11/2025,12:00,0
11/11/2025,18:00,0
11/12/2025,0:00,0
11/12/2025,6:00,0
11/12/2025,12:00,0
11/12/2025,18:00,0.3125
11/13/2025,0:00,0.6875
11/13/2025,6:00,4
11/13/2025,12:00,3
11/13/2025,18:00,0.625
11/14/2025,0:00,0
11/14/2025,6:00,0
11/14/2025,12:00,0
11/14/2025,18:00,0
11/15/2025,0:00,0
11/15/2025,6:00,0
11/15/2025,12:00,0
11/15/2025,18:00,0
11/16/2025,0:00,0.125
11/16/2025,6:00,1.125
11/16/2025,12:00,1.5625
11/16/2025,18:00,19.625
11/17/2025,0:00,38.9375
11/17/2025,6:00,24.125
11/17/2025,12:00,18.6875
11/17/2025,18:00,2.0625
11/18/2025,0:00,0.0625
11/18/2025,6:00,0
11/18/2025,12:00,0
11/18/2025,18:00,0
11/19/2025,0:00,0
11/19/2025,6:00,0
11/19/2025,12:00,0
11/19/2025,18:00,0
11/20/2025,0:00,0
11/20/2025,6:00,0
11/20/2025,12:00,0
11/20/2025,18:00,0
11/21/2025,0:00,0
11/21/2025,6:00,0
11/21/2025,12:00,0
11/21/2025,18:00,0.1875
11/22/2025,0:00,0.25
11/22/2025,6:00,0.75
11/22/2025,12:00,0.0625
11/22/2025,18:00,0.0625
11/23/2025,0:00,0
11/23/2025,6:00,0
11/23/2025,12:00,0
11/23/2025,18:00,0
11/24/2025,0:00,0
11/24/2025,6:00,0
11/24/2025,12:00,0
11/24/2025,18:00,0.125
11/25/2025,0:00,0.0625
11/25/2025,6:00,0.0625
11/25/2025,12:00,0.0625
11/25/2025,18:00,0
11/26/2025,0:00,0
11/26/2025,6:00,0
11/26/2025,12:00,0
11/26/2025,18:00,0
11/27/2025,0:00,0
11/27/2025,6:00,0
11/27/2025,12:00,0
11/27/2025,18:00,0
11/28/2025,0:00,0
11/28/2025,6:00,0
11/28/2025,12:00,0
11/28/2025,18:00,0
11/29/2025,0:00,0
11/29/2025,6:00,0
11/29/2025,12:00,0
11/29/2025,18:00,0.6875
11/30/2025,0:00,0.25
11/30/2025,6:00,1.625
11/30/2025,12:00,1.4375
11/30/2025,18:00,7.6875
12/1/2025,0:00,5.0625
12/1/2025,6:00,4.625
12/1/2025,12:00,2.9375
12/1/2025,18:00,0.625
12/2/2025,0:00,2.25
12/2/2025,6:00,3.8125
12/2/2025,12:00,0.8125
12/2/2025,18:00,2.3125
12/3/2025,0:00,0.9375
12/3/2025,6:00,0.0625
12/3/2025,12:00,0.0625
12/3/2025,18:00,0
12/4/2025,0:00,0
12/4/2025,6:00,0
12/4/2025,12:00,0
12/4/2025,18:00,0
12/5/2025,0:00,0
12/5/2025,6:00,0
12/5/2025,12:00,0
12/5/2025,18:00,0
12/6/2025,0:00,0
12/6/2025,6:00,0
12/6/2025,12:00,0
12/6/2025,18:00,0
12/7/2025,0:00,0
12/7/2025,6:00,0
12/7/2025,12:00,0
12/7/2025,18:00,0
12/8/2025,0:00,0
12/8/2025,6:00,0.0625
12/8/2025,12:00,1.875
12/8/2025,18:00,0.5625
12/9/2025,0:00,18.75
12/9/2025,6:00,43
12/9/2025,12:00,28.375
12/9/2025,18:00,28.125
12/10/2025,0:00,24.3125
12/10/2025,6:00,10.4375
12/10/2025,12:00,8
12/10/2025,18:00,5.875
12/11/2025,0:00,3.125
12/11/2025,6:00,4.1875
12/11/2025,12:00,3.3125
12/11/2025,18:00,0.125
12/12/2025,0:00,0
12/12/2025,6:00,0
12/12/2025,12:00,0.1875
12/12/2025,18:00,4.375
12/13/2025,0:00,3.1875
12/13/2025,6:00,1.8125
12/13/2025,12:00,5
12/13/2025,18:00,2.875
12/14/2025,0:00,0
12/14/2025,6:00,0
12/14/2025,12:00,0
12/14/2025,18:00,0
12/15/2025,0:00,0
12/15/2025,6:00,0
12/15/2025,12:00,1.4375
12/15/2025,18:00,17.3125
12/16/2025,0:00,44.125
12/16/2025,6:00,22.0625
12/16/2025,12:00,26.375
12/16/2025,18:00,1.5625
12/17/2025,0:00,0
12/17/2025,6:00,0
12/17/2025,12:00,0
12/17/2025,18:00,0
12/18/2025,0:00,0
12/18/2025,6:00,0
12/18/2025,12:00,0
12/18/2025,18:00,0
12/19/2025,0:00,0
12/19/2025,6:00,0
12/19/2025,12:00,0
12/19/2025,18:00,0
12/20/2025,0:00,0
12/20/2025,6:00,0
12/20/2025,12:00,0
12/20/2025,18:00,0
12/21/2025,0:00,0
12/21/2025,6:00,0
12/21/2025,12:00,27.5625
12/21/2025,18:00,89.4375
12/22/2025,0:00,71.6875
12/22/2025,6:00,88.1875
12/22/2025,12:00,51.8125
12/22/2025,18:00,10
12/23/2025,0:00,6.625
12/23/2025,6:00,5.5
12/23/2025,12:00,4.8125
12/23/2025,18:00,5.875
12/24/2025,0:00,3.3125
12/24/2025,6:00,4.75
12/24/2025,12:00,0.8125
12/24/2025,18:00,0.4375
12/25/2025,0:00,0.4375
12/25/2025,6:00,1.6875
12/25/2025,12:00,4.6875
12/25/2025,18:00,3.625
12/26/2025,0:00,9
12/26/2025,6:00,7.8125
12/26/2025,12:00,3.5625
12/26/2025,18:00,1.625
12/27/2025,0:00,0.125
12/27/2025,6:00,0
12/27/2025,12:00,1.375
12/27/2025,18:00,6.75
12/28/2025,0:00,20.8125
12/28/2025,6:00,16.125
12/28/2025,12:00,27.875
12/28/2025,18:00,26.1875
12/29/2025,0:00,8.125
12/29/2025,6:00,45.9375
12/29/2025,12:00,59.75
12/29/2025,18:00,68.625
12/30/2025,0:00,9.125
12/30/2025,6:00,7.9375
12/30/2025,12:00,1.125
12/30/2025,18:00,2.125
12/31/2025,0:00,0
12/31/2025,6:00,0
12/31/2025,12:00,0
12/31/2025,18:00,0.25
1/1/2026,0:00,0.4375
1/1/2026,6:00,1.125
1/1/2026,12:00,4.625
1/1/2026,18:00,1.375
1/2/2026,0:00,0
1/2/2026,6:00,0
1/2/2026,12:00,0
1/2/2026,18:00,0
1/3/2026,0:00,0
1/3/2026,6:00,0
1/3/2026,12:00,0
1/3/2026,18:00,0
1/4/2026,0:00,0
1/4/2026,6:00,0
1/4/2026,12:00,0
1/4/2026,18:00,0
1/5/2026,0:00,0
1/5/2026,6:00,0
1/5/2026,12:00,0
1/5/2026,18:00,0
1/6/2026,0:00,0
1/6/2026,6:00,0
1/6/2026,12:00,0
1/6/2026,18:00,0
1/7/2026,0:00,0
1/7/2026,6:00,0
1/7/2026,12:00,0
1/7/2026,18:00,0
1/8/2026,0:00,4.875
1/8/2026,6:00,3.1875
1/8/2026,12:00,3.375
1/8/2026,18:00,4.1875
1/9/2026,0:00,0.875
1/9/2026,6:00,0
1/9/2026,12:00,2.3125
1/9/2026,18:00,15
1/10/2026,0:00,20.4375
1/10/2026,6:00,54.375
1/10/2026,12:00,14.5625
1/10/2026,18:00,9.6875
1/11/2026,0:00,0.375
1/11/2026,6:00,0.5
1/11/2026,12:00,0.375
1/11/2026,18:00,0.375
1/12/2026,0:00,0.125
1/12/2026,6:00,0.25
1/12/2026,12:00,0.75
1/12/2026,18:00,0.625
1/13/2026,0:00,0
1/13/2026,6:00,0
1/13/2026,12:00,0
1/13/2026,18:00,0
1/14/2026,0:00,0
1/14/2026,6:00,0
1/14/2026,12:00,0
1/14/2026,18:00,0
1/15/2026,0:00,0
1/15/2026,6:00,0
1/15/2026,12:00,0
1/15/2026,18:00,0
1/16/2026,0:00,0
1/16/2026,6:00,0
1/16/2026,12:00,6.0625
1/16/2026,18:00,9.0625
1/17/2026,0:00,3.8125
1/17/2026,6:00,1.25
1/23/2026,0:00,0
1/23/2026,6:00,0
1/23/2026,12:00,0
1/23/2026,18:00,0
1/24/2026,0:00,0
1/24/2026,6:00,0
1/24/2026,12:00,0
1/24/2026,18:00,0
1/25/2026,0:00,0
1/25/2026,6:00,0
1/25/2026,12:00,0
1/25/2026,18:00,0
1/26/2026,0:00,0
1/26/2026,6:00,0
1/26/2026,12:00,0
1/26/2026,18:00,0
1/27/2026,0:00,0
1/27/2026,6:00,0
1/27/2026,12:00,0
1/27/2026,18:00,0
1/28/2026,0:00,0
1/28/2026,6:00,0
1/28/2026,12:00,0
1/28/2026,18:00,0
1/29/2026,0:00,0.6875
1/29/2026,6:00,0.1875
1/29/2026,12:00,2.25
1/29/2026,18:00,1.25
1/30/2026,0:00,0.6875
1/30/2026,6:00,0
1/30/2026,12:00,0
1/30/2026,18:00,0
1/31/2026,0:00,0
1/31/2026,6:00,0
1/31/2026,12:00,0
1/31/2026,18:00,0.0625
2/1/2026,0:00,0.375
2/1/2026,6:00,0.375
2/1/2026,12:00,0
2/1/2026,18:00,0
2/2/2026,0:00,0
2/2/2026,6:00,0
2/2/2026,12:00,0
2/2/2026,18:00,0
2/3/2026,0:00,0
2/3/2026,6:00,0
2/3/2026,12:00,0
2/3/2026,18:00,0
2/4/2026,0:00,0
2/4/2026,6:00,0
2/4/2026,12:00,0
2/4/2026,18:00,0
2/5/2026,0:00,0
2/5/2026,6:00,0
2/5/2026,12:00,0
2/5/2026,18:00,0
2/6/2026,0:00,0
2/6/2026,6:00,0
2/6/2026,12:00,0
2/6/2026,18:00,0
2/7/2026,0:00,0
2/7/2026,6:00,0.375
2/7/2026,12:00,2.6875
2/7/2026,18:00,2.3125
2/8/2026,0:00,2.375
2/8/2026,6:00,3.8125
2/8/2026,12:00,0
2/8/2026,18:00,0
2/9/2026,0:00,0
2/9/2026,6:00,0
2/9/2026,12:00,0
2/9/2026,18:00,0
2/10/2026,0:00,0
2/10/2026,6:00,0
2/10/2026,12:00,0
2/10/2026,18:00,0
2/11/2026,0:00,0
2/11/2026,6:00,0
2/11/2026,12:00,0.0625
2/11/2026,18:00,0
2/12/2026,0:00,0
2/12/2026,6:00,0
2/12/2026,12:00,1.25
2/12/2026,18:00,0.0625
2/13/2026,0:00,0.5625
2/13/2026,6:00,2.1875
2/13/2026,12:00,10.75
2/13/2026,18:00,5.6875
2/14/2026,0:00,3
2/14/2026,6:00,0
2/14/2026,12:00,0
2/14/2026,18:00,0
2/15/2026,0:00,0
2/15/2026,6:00,0
2/15/2026,12:00,0
2/15/2026,18:00,0.5
2/16/2026,0:00,0.6875
2/16/2026,6:00,1.375
2/16/2026,12:00,2.125
2/16/2026,18:00,2.4375
2/17/2026,0:00,15
2/17/2026,6:00,4.375
2/17/2026,12:00,9.4375
2/17/2026,18:00,1.0625
2/18/2026,0:00,10.5625
2/18/2026,6:00,10.3125
2/18/2026,12:00,1.3125
2/18/2026,18:00,1.6875
2/19/2026,0:00,0.375
2/19/2026,6:00,0
2/19/2026,12:00,0
2/19/2026,18:00,2.4375
2/20/2026,0:00,0.5
2/20/2026,6:00,0.125
2/20/2026,12:00,2
2/20/2026,18:00,1.1875
2/21/2026,0:00,0.5625
2/21/2026,6:00,0
2/21/2026,12:00,0
2/21/2026,18:00,0
2/22/2026,0:00,0.0625
2/22/2026,6:00,0
2/22/2026,12:00,0
2/22/2026,18:00,0
2/23/2026,0:00,0
2/23/2026,6:00,0
2/23/2026,12:00,1.0625
2/23/2026,18:00,7.3125
2/24/2026,0:00,5
2/24/2026,6:00,13.5
2/24/2026,12:00,68
2/24/2026,18:00,28.375
2/25/2026,0:00,2.8125
2/25/2026,6:00,2.9375
2/25/2026,12:00,0.0625
2/25/2026,18:00,0
2/26/2026,0:00,0
2/26/2026,6:00,0
2/26/2026,12:00,0
2/26/2026,18:00,0
2/27/2026,0:00,0
2/27/2026,6:00,0
2/27/2026,12:00,0
2/27/2026,18:00,0
2/28/2026,0:00,0
2/28/2026,6:00,0
2/28/2026,12:00,0
2/28/2026,18:00,0
3/1/2026,0:00,0
3/1/2026,6:00,0
3/1/2026,12:00,0
3/1/2026,18:00,0
3/2/2026,0:00,0
3/2/2026,6:00,0
3/2/2026,12:00,0
3/2/2026,18:00,0
3/3/2026,0:00,0
3/3/2026,6:00,0
3/3/2026,12:00,0
3/3/2026,18:00,0
3/4/2026,0:00,0
3/4/2026,6:00,0
3/4/2026,12:00,0.125
3/4/2026,18:00,0.5
3/5/2026,0:00,0.625
3/5/2026,6:00,0.375
3/5/2026,12:00,0
3/5/2026,18:00,0
3/6/2026,0:00,0
3/6/2026,6:00,0
3/6/2026,12:00,0
3/6/2026,18:00,0.0625
3/7/2026,0:00,1.25
3/7/2026,6:00,4.75
3/7/2026,12:00,6.5625
3/7/2026,18:00,5.75
3/8/2026,0:00,2.125
3/8/2026,6:00,0.3125
3/8/2026,12:00,0.375
3/8/2026,18:00,0
3/9/2026,0:00,0
3/9/2026,6:00,2.8125
3/9/2026,12:00,4.9375
3/9/2026,18:00,1.0625
3/10/2026,0:00,3.25
3/10/2026,6:00,0.1875
3/10/2026,12:00,0
3/10/2026,18:00,0
3/11/2026,0:00,0
3/11/2026,6:00,0
3/11/2026,12:00,0
3/11/2026,18:00,0
3/12/2026,0:00,0
3/12/2026,6:00,0
3/12/2026,12:00,0
3/12/2026,18:00,0
3/13/2026,0:00,0
3/13/2026,6:00,0
3/13/2026,12:00,0
3/13/2026,18:00,0
3/14/2026,0:00,0
3/14/2026,6:00,0
3/14/2026,12:00,0.0625
3/14/2026,18:00,0
3/15/2026,0:00,0
3/15/2026,6:00,0
3/15/2026,12:00,0
3/15/2026,18:00,0
3/16/2026,0:00,0
3/16/2026,6:00,0
3/16/2026,12:00,0
3/16/2026,18:00,0
3/17/2026,0:00,0.0625
3/17/2026,6:00,0.5625
3/17/2026,12:00,3.75
3/17/2026,18:00,2
3/18/2026,0:00,12.5
3/18/2026,6:00,16.3125
3/18/2026,12:00,3.625
3/18/2026,18:00,1.25
3/19/2026,0:00,0
3/19/2026,6:00,0
3/19/2026,12:00,0.0625
3/19/2026,18:00,0.0625
3/20/2026,0:00,0
3/20/2026,6:00,0
3/20/2026,12:00,0
3/20/2026,18:00,0
3/21/2026,0:00,0
3/21/2026,6:00,0
3/21/2026,12:00,0
3/21/2026,18:00,0.5
3/22/2026,0:00,14.4375
3/22/2026,6:00,26.6875
3/22/2026,12:00,17.875
3/22/2026,18:00,25.1875
3/23/2026,0:00,0.5625
3/23/2026,6:00,2
3/23/2026,12:00,2.125
3/23/2026,18:00,12.25
3/24/2026,0:00,22.8125
3/24/2026,6:00,19.4375
3/24/2026,12:00,21.625
3/24/2026,18:00,8.3125
3/25/2026,0:00,0
3/25/2026,6:00,0
3/25/2026,12:00,0
3/25/2026,18:00,0
3/26/2026,0:00,0.0625
3/26/2026,6:00,0.0625
3/26/2026,12:00,0.0625
3/26/2026,18:00,0.0625
3/27/2026,0:00,0
3/27/2026,6:00,0
3/27/2026,12:00,1.9375
3/27/2026,18:00,3.0625
3/28/2026,0:00,5.75
3/28/2026,6:00,4.625
3/28/2026,12:00,2
3/28/2026,18:00,0.0625
3/29/2026,0:00,0.0625
3/29/2026,6:00,0
3/29/2026,12:00,0.0625
3/29/2026,18:00,0
3/30/2026,0:00,0
3/30/2026,6:00,0
3/30/2026,12:00,0.1875
3/30/2026,18:00,0
3/31/2026,0:00,0.1875
3/31/2026,6:00,0.25
3/31/2026,12:00,0.25
3/31/2026,18:00,0
4/1/2026,0:00,0
4/1/2026,6:00,0
4/1/2026,12:00,0
4/1/2026,18:00,0
4/2/2026,0:00,0
4/2/2026,6:00,0
4/2/2026,12:00,0
4/2/2026,18:00,0
4/3/2026,0:00,0
4/3/2026,6:00,0
4/3/2026,12:00,0
4/4/2026,0:00,0
4/4/2026,6:00,0
4/4/2026,12:00,0
4/4/2026,18:00,0
4/5/2026,0:00,0.0625
4/5/2026,6:00,0.875
4/5/2026,12:00,0.1875
4/5/2026,18:00,0
4/6/2026,6:00,0
4/6/2026,12:00,1.3125
4/6/2026,18:00,2.4375
4/7/2026,6:00,3.6875
4/7/2026,18:00,35.8125
4/8/2026,0:00,41.5
4/8/2026,6:00,25.4375
4/8/2026,12:00,26.6875
4/8/2026,18:00,2.25
4/9/2026,0:00,0.6875
4/9/2026,6:00,0.5
4/9/2026,12:00,0.4375
4/9/2026,18:00,0.5
4/10/2026,0:00,0.5
4/10/2026,6:00,0.1875
4/10/2026,12:00,0.3125
4/10/2026,18:00,0.125
4/11/2026,0:00,0
4/11/2026,6:00,0
4/11/2026,12:00,0
4/11/2026,18:00,0
4/12/2026,0:00,2.5
4/12/2026,6:00,29.5
4/12/2026,12:00,25.9375
4/12/2026,18:00,40.75
4/13/2026,0:00,46.8125
4/13/2026,6:00,6.9375
4/13/2026,12:00,1.125
4/13/2026,18:00,0.5
4/14/2026,0:00,0.25
4/14/2026,6:00,0.125
4/14/2026,12:00,0.125
4/14/2026,18:00,0
4/15/2026,0:00,0.25
4/15/2026,6:00,0
4/15/2026,12:00,1.75
4/15/2026,18:00,3.125
4/16/2026,0:00,4.75
4/16/2026,6:00,7.9375
4/16/2026,12:00,8.1875
4/16/2026,18:00,8.3125
4/17/2026,0:00,3.0625
4/17/2026,6:00,2.375
4/17/2026,12:00,1.625
4/17/2026,18:00,0.375
4/18/2026,0:00,0.0625
4/18/2026,6:00,0.0625
4/18/2026,12:00,0.0625
4/18/2026,18:00,0
4/19/2026,0:00,0
4/19/2026,6:00,0
4/19/2026,12:00,0
4/19/2026,18:00,0
4/20/2026,0:00,0
4/20/2026,6:00,0
4/20/2026,12:00,0
4/20/2026,18:00,0.125
4/21/2026,0:00,25.5625
4/21/2026,6:00,7.4375
4/21/2026,12:00,12
4/21/2026,18:00,10
4/22/2026,0:00,1.4375
4/22/2026,6:00,0
4/22/2026,12:00,0.0625
4/22/2026,18:00,0.125
4/23/2026,0:00,0.0625
4/23/2026,6:00,0.3125
4/23/2026,12:00,0.375
4/23/2026,18:00,0.25
4/24/2026,0:00,2.25
4/24/2026,6:00,11.3125
4/24/2026,12:00,15.125
4/24/2026,18:00,11.6875
4/25/2026,0:00,6.5625
4/25/2026,6:00,2.5
4/25/2026,12:00,1.875
4/25/2026,18:00,1.1875
4/26/2026,0:00,0.1875
4/26/2026,6:00,0.25
4/26/2026,12:00,0.125
4/26/2026,18:00,0.125
4/27/2026,0:00,0.625
4/27/2026,6:00,0.0625
4/27/2026,12:00,0
4/27/2026,18:00,0
4/28/2026,0:00,0
4/28/2026,6:00,0
4/28/2026,12:00,0
4/28/2026,18:00,0
4/29/2026,0:00,0
4/29/2026,6:00,0
4/29/2026,12:00,0
4/29/2026,18:00,0
4/30/2026,0:00,0
4/30/2026,6:00,0
4/30/2026,12:00,0
4/30/2026,18:00,0
5/1/2026,0:00,0
5/1/2026,6:00,0
5/1/2026,12:00,5.875
5/1/2026,18:00,12.375
5/2/2026,0:00,25.3125
5/2/2026,6:00,31.875
5/2/2026,12:00,32.8125
5/2/2026,18:00,19.3125
5/3/2026,0:00,7.1875
5/3/2026,6:00,0
5/3/2026,12:00,0
5/3/2026,18:00,0
5/4/2026,0:00,0
5/4/2026,6:00,0
5/4/2026,12:00,0
5/4/2026,18:00,0.3125
5/5/2026,0:00,0.25
5/5/2026,6:00,0.5
5/5/2026,12:00,0.6875
5/5/2026,18:00,0
5/6/2026,0:00,0.0625
5/6/2026,6:00,0
5/6/2026,12:00,0
5/6/2026,18:00,0.0625
5/7/2026,0:00,0
5/7/2026,6:00,0
5/7/2026,12:00,0.4375
5/7/2026,18:00,0.25
5/8/2026,0:00,12.375
5/8/2026,6:00,24.75
5/8/2026,12:00,16.8125
5/8/2026,18:00,21.4375
5/9/2026,0:00,11.125
5/9/2026,6:00,0
5/9/2026,12:00,0
5/9/2026,18:00,0
5/10/2026,0:00,0.25
5/10/2026,6:00,0.1875
5/10/2026,12:00,0.125
5/10/2026,18:00,0.125
5/11/2026,0:00,0
5/11/2026,6:00,0
5/11/2026,12:00,0
5/11/2026,18:00,0
5/12/2026,0:00,0
5/12/2026,6:00,0
5/12/2026,12:00,0
5/12/2026,18:00,0
5/13/2026,0:00,0
5/13/2026,6:00,0
5/13/2026,12:00,0
5/13/2026,18:00,0
5/14/2026,0:00,0
5/14/2026,6:00,0
5/14/2026,12:00,0
5/14/2026,18:00,0
5/15/2026,0:00,0
5/15/2026,6:00,0
5/15/2026,12:00,0
5/15/2026,18:00,0
5/16/2026,0:00,0
5/16/2026,6:00,0
5/16/2026,12:00,0
5/16/2026,18:00,0
5/17/2026,0:00,0
5/17/2026,6:00,0
5/17/2026,12:00,0.25
5/17/2026,18:00,0.3125
5/18/2026,0:00,0.0625
5/18/2026,6:00,0
5/18/2026,12:00,0
5/18/2026,18:00,0
5/19/2026,0:00,0
5/19/2026,6:00,0
5/19/2026,12:00,0
5/19/2026,18:00,0
5/20/2026,0:00,0
5/20/2026,6:00,0
5/20/2026,12:00,0
5/20/2026,18:00,0
5/21/2026,0:00,0
5/21/2026,6:00,0
5/21/2026,12:00,0
5/21/2026,18:00,0
5/22/2026,0:00,0
5/22/2026,6:00,0
5/22/2026,12:00,0
5/22/2026,18:00,0
5/23/2026,0:00,0
5/23/2026,6:00,0
5/23/2026,12:00,0
5/23/2026,18:00,0
5/24/2026,0:00,0
5/24/2026,6:00,0
5/24/2026,12:00,0
5/24/2026,18:00,0
5/25/2026,0:00,0
5/25/2026,6:00,0
5/25/2026,12:00,0
5/25/2026,18:00,0
5/26/2026,0:00,0.875
5/26/2026,6:00,0.6875
5/26/2026,12:00,0.375
5/26/2026,18:00,0.8125
5/27/2026,0:00,0.0625
5/27/2026,6:00,0.0625
5/27/2026,12:00,0.1875
5/27/2026,18:00,0.0625
5/28/2026,0:00,0
5/28/2026,6:00,0
5/28/2026,12:00,0
5/28/2026,18:00,0
5/29/2026,0:00,0
5/29/2026,6:00,0
5/29/2026,12:00,0.25
5/29/2026,18:00,0.25
5/30/2026,0:00,1.5625
5/30/2026,6:00,3.6875
5/30/2026,12:00,3.4375
5/30/2026,18:00,0.125
5/31/2026,0:00,0
5/31/2026,6:00,0
5/31/2026,12:00,0
5/31/2026,18:00,0
6/1/2026,0:00,0
6/1/2026,6:00,0
6/1/2026,12:00,0
6/1/2026,18:00,0
6/2/2026,0:00,0
6/2/2026,6:00,0
6/2/2026,12:00,0
6/2/2026,18:00,0
6/3/2026,0:00,0
6/3/2026,6:00,0
6/3/2026,12:00,0
6/3/2026,18:00,0
6/4/2026,0:00,0
6/4/2026,6:00,0
6/4/2026,12:00,0
6/4/2026,18:00,0
6/5/2026,0:00,0
6/5/2026,6:00,0
6/5/2026,12:00,0
6/5/2026,18:00,0
6/6/2026,0:00,0
6/6/2026,12:00,0
6/6/2026,18:00,0
6/7/2026,0:00,0
6/7/2026,6:00,0
6/7/2026,12:00,0
6/7/2026,18:00,0.0625
6/8/2026,0:00,12.0625
6/8/2026,6:00,13.875
6/8/2026,12:00,14.8125
6/8/2026,18:00,20.6875
6/9/2026,0:00,7.125
6/9/2026,6:00,0.75
6/9/2026,12:00,0.4375
6/9/2026,18:00,0.3125
6/10/2026,0:00,0.25
6/10/2026,6:00,0.0625
6/10/2026,12:00,0
6/10/2026,18:00,0
6/11/2026,0:00,0
6/11/2026,6:00,0
6/11/2026,12:00,1.0625
6/11/2026,18:00,4.6875
6/12/2026,0:00,13.4375
6/12/2026,6:00,20.75
6/12/2026,12:00,32.8125
6/12/2026,18:00,30.375
6/13/2026,0:00,8
6/13/2026,6:00,0.125
6/13/2026,12:00,0.0625
6/13/2026,18:00,0.0625
6/14/2026,0:00,0.0625
6/14/2026,6:00,0.0625
6/14/2026,12:00,0.1875
6/14/2026,18:00,0
6/15/2026,0:00,0.0625
6/15/2026,6:00,0.0625
6/15/2026,12:00,0
6/15/2026,18:00,0
6/16/2026,0:00,0
6/16/2026,6:00,0
6/16/2026,12:00,0
6/16/2026,18:00,0
6/17/2026,0:00,0
6/17/2026,6:00,0
6/17/2026,12:00,0
6/17/2026,18:00,0
6/18/2026,0:00,0
6/18/2026,6:00,0
6/18/2026,12:00,0
6/18/2026,18:00,0
6/19/2026,0:00,0
6/19/2026,6:00,15.6875
6/19/2026,12:00,16.0625
6/19/2026,18:00,20.6875
6/20/2026,0:00,16.5625
6/20/2026,6:00,2.375
6/20/2026,12:00,0.125
6/20/2026,18:00,0.0625
6/21/2026,0:00,0
6/21/2026,6:00,0
6/21/2026,12:00,0
6/21/2026,18:00,0
6/22/2026,0:00,0
6/22/2026,6:00,0.5625
6/22/2026,12:00,12
6/22/2026,18:00,12.375
6/23/2026,0:00,8.1875
6/23/2026,6:00,10.25
6/23/2026,12:00,0.0625
6/23/2026,18:00,0.0625
6/24/2026,0:00,0
6/24/2026,6:00,0
6/24/2026,12:00,0
6/24/2026,18:00,0
6/25/2026,0:00,0
6/25/2026,6:00,0
6/25/2026,12:00,0
6/25/2026,18:00,0
6/26/2026,0:00,0
6/26/2026,6:00,0
6/26/2026,12:00,0
6/26/2026,18:00,0
6/27/2026,0:00,0
6/27/2026,6:00,0
6/27/2026,12:00,0
6/27/2026,18:00,0
6/28/2026,0:00,0
6/28/2026,6:00,6.6875
6/28/2026,12:00,7.1875
6/28/2026,18:00,13.5625
6/29/2026,0:00,18.4375
6/29/2026,6:00,9.75
6/29/2026,12:00,1.5
6/29/2026,18:00,0
6/30/2026,0:00,0
6/30/2026,6:00,0
6/30/2026,12:00,0
6/30/2026,18:00,0
7/1/2026,0:00,0
7/1/2026,6:00,0
7/1/2026,12:00,0
7/1/2026,18:00,0.125
7/2/2026,0:00,1.125
7/2/2026,6:00,3.875
7/2/2026,12:00,1.5
7/2/2026,18:00,0.875
7/3/2026,0:00,0.0625
7/3/2026,6:00,0
7/3/2026,12:00,0
7/3/2026,18:00,0
7/4/2026,0:00,0
7/4/2026,6:00,0
7/4/2026,12:00,0
7/4/2026,18:00,0
7/5/2026,0:00,0.0625
7/5/2026,6:00,0.4375
7/5/2026,12:00,0.1875
7/5/2026,18:00,0
7/6/2026,0:00,0
7/6/2026,6:00,0
7/6/2026,12:00,0
7/6/2026,18:00,0
7/7/2026,0:00,0
7/7/2026,6:00,0
7/7/2026,12:00,0
7/7/2026,18:00,0
7/8/2026,0:00,0
7/8/2026,6:00,0
7/8/2026,12:00,0
7/8/2026,18:00,0
7/9/2026,0:00,0
7/9/2026,6:00,0
7/9/2026,12:00,0
7/9/2026,18:00,0
7/10/2026,0:00,0
7/10/2026,6:00,0
7/10/2026,12:00,0.3125
7/10/2026,18:00,0.5
7/11/2026,0:00,0.5
7/11/2026,6:00,3.0625
7/11/2026,12:00,2
7/11/2026,18:00,2.3125
7/12/2026,0:00,5
7/12/2026,6:00,2.875
7/12/2026,12:00,0.125
7/12/2026,18:00,0.0625
7/13/2026,0:00,0
7/13/2026,6:00,0
7/13/2026,12:00,0
7/13/2026,18:00,0
7/14/2026,0:00,0
7/14/2026,6:00,0
7/14/2026,12:00,0
7/14/2026,18:00,0
7/15/2026,0:00,0
7/15/2026,6:00,0
7/15/2026,12:00,0
7/15/2026,18:00,0
7/16/2026,0:00,0
7/16/2026,6:00,0
7/16/2026,12:00,0
7/16/2026,18:00,1.1875
7/17/2026,0:00,0.6875
7/17/2026,6:00,1.375
7/17/2026,12:00,3.0625
7/17/2026,18:00,0
7/18/2026,0:00,0
7/18/2026,6:00,0
7/18/2026,12:00,0.0625
7/18/2026,18:00,0.1875
7/19/2026,0:00,1.4375
7/19/2026,6:00,4.75
7/19/2026,12:00,7.875
7/19/2026,18:00,9.75
7/20/2026,0:00,12.5
7/20/2026,6:00,18.375
7/20/2026,12:00,33.25
7/20/2026,18:00,27
7/21/2026,0:00,25.0625
7/21/2026,6:00,17.4375
7/21/2026,12:00,16.9375
7/21/2026,18:00,22.25
7/22/2026,0:00,15.9375
7/22/2026,6:00,22.3125
7/22/2026,12:00,20.4375
7/22/2026,18:00,7
7/23/2026,0:00,1.75
7/23/2026,6:00,1
7/23/2026,12:00,1.75
7/23/2026,18:00,0.8125
7/24/2026,0:00,0.125
7/24/2026,6:00,0.0625
7/24/2026,12:00,0
7/24/2026,18:00,0
7/25/2026,0:00,0
7/25/2026,6:00,0.0625
7/25/2026,12:00,0.0625
7/25/2026,18:00,0.0625
7/26/2026,0:00,0.0625
7/26/2026,6:00,0.25
7/26/2026,12:00,1.625
7/26/2026,18:00,1.25
7/27/2026,0:00,1.3125
7/27/2026,6:00,0.75
7/27/2026,12:00,0.75
7/27/2026,18:00,2.125
7/28/2026,0:00,2.875
7/28/2026,6:00,5.875
7/28/2026,12:00,21.25
7/28/2026,18:00,10.5
7/29/2026,0:00,18.125
7/29/2026,6:00,35.875
7/29/2026,12:00,39.5
7/29/2026,18:00,27.75
7/30/2026,0:00,16.5625
7/30/2026,6:00,2.1875
7/30/2026,12:00,0
7/30/2026,18:00,0
7/31/2026,0:00,0
7/31/2026,6:00,0
7/31/2026,12:00,0
7/31/2026,18:00,0
8/1/2026,0:00,0
8/1/2026,6:00,0
8/1/2026,12:00,1
