"Date","Time","Downward shortwave radiation flux@Ground or water surface"
6/13/2019,0:00,92
6/13/2019,6:00,0
6/13/2019,12:00,30
6/13/2019,18:00,413
6/14/2019,0:00,76
6/14/2019,6:00,0
6/14/2019,12:00,20
6/14/2019,18:00,454
6/15/2019,0:00,85
6/15/2019,6:00,0
6/15/2019,12:00,19
6/15/2019,18:00,418
6/16/2019,0:00,71
6/16/2019,6:00,0
6/16/2019,12:00,12
6/16/2019,18:00,339
6/17/2019,0:00,42
6/17/2019,6:00,0
6/17/2019,12:00,27
6/17/2019,18:00,450
6/18/2019,0:00,94
6/18/2019,6:00,0
6/18/2019,12:00,26
6/18/2019,18:00,501
6/19/2019,0:00,94
6/19/2019,6:00,0
6/19/2019,12:00,1
6/19/2019,18:00,451
6/20/2019,0:00,103
6/20/2019,6:00,0
6/20/2019,12:00,29
6/20/2019,18:00,528
6/21/2019,0:00,101
6/21/2019,6:00,0
6/21/2019,12:00,28
6/21/2019,18:00,515
6/22/2019,0:00,97
6/22/2019,6:00,0
6/22/2019,12:00,27
6/22/2019,18:00,500
6/23/2019,0:00,97
6/23/2019,6:00,0
6/23/2019,12:00,27
6/23/2019,18:00,513
6/24/2019,0:00,98
6/24/2019,6:00,0
6/24/2019,12:00,23
6/24/2019,18:00,450
6/25/2019,0:00,82
6/25/2019,6:00,0
6/25/2019,12:00,25
6/25/2019,18:00,390
6/26/2019,0:00,48
6/26/2019,6:00,0
6/26/2019,12:00,22
6/26/2019,18:00,447
6/27/2019,0:00,107
6/27/2019,6:00,0
6/27/2019,12:00,27
6/27/2019,18:00,519
6/28/2019,0:00,99
6/28/2019,6:00,0
6/28/2019,12:00,3
6/28/2019,18:00,389
6/29/2019,0:00,63
6/29/2019,6:00,0
6/29/2019,12:00,21
6/29/2019,18:00,331
6/30/2019,0:00,74
6/30/2019,6:00,0
6/30/2019,12:00,23
6/30/2019,18:00,131
7/1/2019,0:00,8
7/1/2019,6:00,0
7/1/2019,12:00,2
7/1/2019,18:00,70
7/2/2019,0:00,35
7/2/2019,6:00,0
7/2/2019,12:00,2
7/2/2019,18:00,17
7/3/2019,0:00,3
7/3/2019,6:00,0
7/3/2019,12:00,27
7/3/2019,18:00,536
7/4/2019,0:00,107
7/4/2019,6:00,0
7/4/2019,12:00,28
7/4/2019,18:00,536
7/5/2019,0:00,107
7/5/2019,6:00,0
7/5/2019,12:00,28
7/5/2019,18:00,546
7/6/2019,0:00,111
7/6/2019,6:00,0
7/6/2019,12:00,29
7/6/2019,18:00,550
7/7/2019,0:00,111
7/7/2019,6:00,0
7/7/2019,12:00,30
7/7/2019,18:00,557
7/8/2019,0:00,112
7/8/2019,6:00,0
7/8/2019,12:00,29
7/8/2019,18:00,550
7/9/2019,0:00,112
7/9/2019,6:00,0
7/9/2019,12:00,28
7/9/2019,18:00,549
7/10/2019,0:00,108
7/10/2019,6:00,0
7/10/2019,12:00,22
7/10/2019,18:00,441
7/11/2019,0:00,90
7/11/2019,6:00,0
7/11/2019,12:00,21
7/11/2019,18:00,471
7/12/2019,0:00,109
7/12/2019,6:00,0
7/12/2019,12:00,17
7/12/2019,18:00,372
7/13/2019,0:00,15
7/13/2019,6:00,0
7/13/2019,12:00,12
7/13/2019,18:00,222
7/14/2019,0:00,24
7/14/2019,6:00,0
7/14/2019,12:00,5
7/14/2019,18:00,30
7/15/2019,0:00,62
7/15/2019,6:00,0
7/15/2019,12:00,14
7/15/2019,18:00,456
7/16/2019,0:00,117
7/16/2019,6:00,0
7/16/2019,12:00,31
7/16/2019,18:00,564
7/17/2019,0:00,118
7/17/2019,6:00,0
7/17/2019,12:00,32
7/17/2019,18:00,571
7/18/2019,0:00,121
7/18/2019,6:00,0
7/18/2019,12:00,31
7/18/2019,18:00,568
7/19/2019,0:00,120
7/19/2019,6:00,0
7/19/2019,12:00,8
7/19/2019,18:00,261
7/20/2019,0:00,75
7/20/2019,6:00,0
7/20/2019,12:00,30
7/20/2019,18:00,540
7/21/2019,0:00,114
7/21/2019,6:00,0
7/21/2019,12:00,30
7/21/2019,18:00,501
7/22/2019,0:00,88
7/22/2019,6:00,0
7/22/2019,12:00,11
7/22/2019,18:00,229
7/23/2019,0:00,20
7/23/2019,6:00,0
7/23/2019,12:00,10
7/23/2019,18:00,195
7/24/2019,0:00,59
7/24/2019,6:00,0
7/24/2019,12:00,6
7/24/2019,18:00,296
7/25/2019,0:00,44
7/25/2019,6:00,0
7/25/2019,12:00,20
7/25/2019,18:00,173
7/26/2019,0:00,20
7/26/2019,6:00,0
7/26/2019,12:00,1
7/26/2019,18:00,212
7/27/2019,0:00,84
7/27/2019,6:00,0
7/27/2019,12:00,33
7/27/2019,18:00,380
7/28/2019,0:00,36
7/28/2019,6:00,0
7/28/2019,12:00,35
7/28/2019,18:00,594
7/29/2019,0:00,121
7/29/2019,6:00,0
7/29/2019,12:00,33
7/29/2019,18:00,562
7/30/2019,0:00,112
7/30/2019,6:00,0
7/30/2019,12:00,34
7/30/2019,18:00,426
7/31/2019,0:00,55
7/31/2019,6:00,0
7/31/2019,12:00,35
7/31/2019,18:00,589
8/1/2019,0:00,131
8/1/2019,6:00,0
8/1/2019,12:00,36
8/1/2019,18:00,582
8/2/2019,0:00,128
8/2/2019,6:00,0
8/2/2019,12:00,3
8/2/2019,18:00,255
8/3/2019,0:00,107
8/3/2019,6:00,0
8/3/2019,12:00,40
8/3/2019,18:00,622
8/4/2019,0:00,138
8/4/2019,6:00,0
8/4/2019,12:00,41
8/4/2019,18:00,627
8/5/2019,0:00,142
8/5/2019,6:00,0
8/5/2019,12:00,42
8/5/2019,18:00,635
8/6/2019,0:00,143
8/6/2019,6:00,0
8/6/2019,12:00,39
8/6/2019,18:00,599
8/7/2019,0:00,135
8/7/2019,6:00,0
8/7/2019,12:00,40
8/7/2019,18:00,602
8/8/2019,0:00,138
8/8/2019,6:00,0
8/8/2019,12:00,3
8/8/2019,18:00,436
8/9/2019,0:00,106
8/9/2019,6:00,0
8/9/2019,12:00,30
8/9/2019,18:00,499
8/10/2019,0:00,82
8/10/2019,6:00,0
8/10/2019,12:00,20
8/10/2019,18:00,400
8/11/2019,0:00,56
8/11/2019,6:00,0
8/11/2019,12:00,47
8/11/2019,18:00,631
8/12/2019,0:00,141
8/12/2019,6:00,0
8/12/2019,12:00,16
8/12/2019,18:00,220
8/13/2019,0:00,76
8/13/2019,6:00,0
8/13/2019,12:00,47
8/13/2019,18:00,662
8/14/2019,0:00,155
8/14/2019,6:00,0
8/14/2019,12:00,52
8/14/2019,18:00,677
8/15/2019,0:00,156
8/15/2019,6:00,0
8/15/2019,12:00,51
8/15/2019,18:00,646
8/16/2019,0:00,153
8/16/2019,6:00,0
8/16/2019,12:00,47
8/16/2019,18:00,638
8/17/2019,0:00,149
8/17/2019,6:00,0
8/17/2019,12:00,48
8/17/2019,18:00,607
8/18/2019,0:00,110
8/18/2019,6:00,0
8/18/2019,12:00,26
8/18/2019,18:00,231
8/19/2019,0:00,19
8/19/2019,6:00,0
8/19/2019,12:00,53
8/19/2019,18:00,681
8/20/2019,0:00,161
8/20/2019,6:00,0
8/20/2019,12:00,48
8/20/2019,18:00,677
8/21/2019,0:00,159
8/21/2019,6:00,0
8/21/2019,12:00,55
8/21/2019,18:00,684
8/22/2019,0:00,161
8/22/2019,6:00,0
8/22/2019,12:00,56
8/22/2019,18:00,683
8/23/2019,0:00,152
8/23/2019,6:00,0
8/23/2019,12:00,57
8/23/2019,18:00,694
8/24/2019,0:00,165
8/24/2019,6:00,0
8/24/2019,12:00,58
8/24/2019,18:00,684
8/25/2019,0:00,167
8/25/2019,6:00,0
8/25/2019,12:00,61
8/25/2019,18:00,711
8/26/2019,0:00,168
8/26/2019,6:00,0
8/26/2019,12:00,47
8/26/2019,18:00,190
8/27/2019,0:00,31
8/27/2019,6:00,0
8/27/2019,12:00,60
8/27/2019,18:00,693
8/28/2019,0:00,164
8/28/2019,6:00,0
8/28/2019,12:00,63
8/28/2019,18:00,707
8/29/2019,0:00,168
8/29/2019,6:00,0
8/29/2019,12:00,64
8/29/2019,18:00,704
8/30/2019,0:00,166
8/30/2019,6:00,0
8/30/2019,12:00,65
8/30/2019,18:00,704
8/31/2019,0:00,168
8/31/2019,6:00,0
8/31/2019,12:00,29
8/31/2019,18:00,268
9/1/2019,0:00,49
9/1/2019,6:00,0
9/1/2019,12:00,66
9/1/2019,18:00,712
9/2/2019,0:00,172
9/2/2019,6:00,0
9/2/2019,12:00,74
9/2/2019,18:00,752
9/3/2019,0:00,179
9/3/2019,6:00,0
9/3/2019,12:00,73
9/3/2019,18:00,740
9/4/2019,0:00,177
9/4/2019,6:00,0
9/4/2019,12:00,75
9/4/2019,18:00,752
9/5/2019,0:00,178
9/5/2019,6:00,0
9/5/2019,12:00,58
9/5/2019,18:00,654
9/6/2019,0:00,143
9/6/2019,6:00,0
9/6/2019,12:00,64
9/6/2019,18:00,710
9/7/2019,0:00,161
9/7/2019,6:00,0
9/7/2019,12:00,30
9/7/2019,18:00,595
9/8/2019,0:00,140
9/8/2019,6:00,0
9/8/2019,12:00,17
9/8/2019,18:00,596
9/9/2019,0:00,166
9/9/2019,6:00,0
9/9/2019,12:00,72
9/9/2019,18:00,748
9/10/2019,0:00,180
9/10/2019,6:00,0
9/10/2019,12:00,63
9/10/2019,18:00,700
9/11/2019,0:00,152
9/11/2019,6:00,0
9/11/2019,12:00,49
9/11/2019,18:00,515
9/12/2019,0:00,113
9/12/2019,6:00,0
9/12/2019,12:00,4
9/12/2019,18:00,296
9/13/2019,0:00,122
9/13/2019,6:00,0
9/13/2019,12:00,75
9/13/2019,18:00,742
9/14/2019,0:00,192
9/14/2019,6:00,0
9/14/2019,12:00,63
9/14/2019,18:00,747
9/15/2019,0:00,124
9/15/2019,6:00,0
9/15/2019,12:00,90
9/15/2019,18:00,769
9/16/2019,0:00,187
9/16/2019,6:00,0
9/16/2019,12:00,92
9/16/2019,18:00,775
9/17/2019,0:00,165
9/17/2019,6:00,0
9/17/2019,12:00,83
9/17/2019,18:00,356
9/18/2019,0:00,70
9/18/2019,6:00,0
9/18/2019,12:00,10
9/18/2019,18:00,406
9/19/2019,0:00,162
9/19/2019,6:00,0
9/19/2019,12:00,98
9/19/2019,18:00,503
9/20/2019,0:00,161
9/20/2019,6:00,0
9/20/2019,12:00,99
9/20/2019,18:00,309
9/21/2019,0:00,197
9/21/2019,6:00,0
9/21/2019,12:00,108
9/21/2019,18:00,841
9/22/2019,0:00,210
9/22/2019,6:00,0
9/22/2019,12:00,114
9/22/2019,18:00,861
9/23/2019,0:00,210
9/23/2019,6:00,0
9/23/2019,12:00,112
9/23/2019,18:00,848
9/24/2019,0:00,209
9/24/2019,6:00,0
9/24/2019,12:00,106
9/24/2019,18:00,793
9/25/2019,0:00,193
9/25/2019,6:00,0
9/25/2019,12:00,115
9/25/2019,18:00,847
9/26/2019,0:00,209
9/26/2019,6:00,0
9/26/2019,12:00,114
9/26/2019,18:00,844
9/27/2019,0:00,210
9/27/2019,6:00,0
9/27/2019,12:00,118
9/27/2019,18:00,839
9/28/2019,0:00,180
9/28/2019,6:00,0
9/28/2019,12:00,118
9/28/2019,18:00,845
9/29/2019,0:00,193
9/29/2019,6:00,0
9/29/2019,12:00,119
9/29/2019,18:00,855
9/30/2019,0:00,213
9/30/2019,6:00,0
9/30/2019,12:00,123
9/30/2019,18:00,867
10/1/2019,0:00,215
10/1/2019,6:00,0
10/1/2019,12:00,122
10/1/2019,18:00,848
10/2/2019,0:00,211
10/2/2019,6:00,0
10/2/2019,12:00,64
10/2/2019,18:00,405
10/3/2019,0:00,34
10/3/2019,6:00,0
10/3/2019,12:00,6
10/3/2019,18:00,181
10/4/2019,0:00,118
10/4/2019,6:00,0
10/4/2019,12:00,18
10/4/2019,18:00,349
10/5/2019,0:00,128
10/5/2019,6:00,0
10/5/2019,12:00,5
10/5/2019,18:00,37
10/6/2019,0:00,13
10/6/2019,6:00,0
10/6/2019,12:00,41
10/6/2019,18:00,380
10/7/2019,0:00,146
10/7/2019,6:00,0
10/7/2019,12:00,118
10/7/2019,18:00,850
10/8/2019,0:00,196
10/8/2019,6:00,0
10/8/2019,12:00,125
10/8/2019,18:00,870
10/9/2019,0:00,226
10/9/2019,6:00,0
10/9/2019,12:00,141
10/9/2019,18:00,900
10/10/2019,0:00,226
10/10/2019,6:00,0
10/10/2019,12:00,140
10/10/2019,18:00,890
10/11/2019,0:00,224
10/11/2019,6:00,0
10/11/2019,12:00,145
10/11/2019,18:00,890
10/12/2019,0:00,224
10/12/2019,6:00,0
10/12/2019,12:00,141
10/12/2019,18:00,880
10/13/2019,0:00,223
10/13/2019,6:00,0
10/13/2019,12:00,142
10/13/2019,18:00,760
10/14/2019,0:00,90
10/14/2019,6:00,0
10/14/2019,12:00,72
10/14/2019,18:00,560
10/15/2019,0:00,59
10/15/2019,6:00,0
10/15/2019,12:00,54
10/15/2019,18:00,390
10/16/2019,0:00,100
10/16/2019,6:00,0
10/16/2019,12:00,40
10/16/2019,18:00,380
10/17/2019,0:00,128
10/17/2019,6:00,0
10/17/2019,12:00,120
10/17/2019,18:00,730
10/18/2019,0:00,170
10/18/2019,6:00,0
10/18/2019,12:00,110
10/18/2019,18:00,420
10/19/2019,0:00,162
10/19/2019,6:00,0
10/19/2019,12:00,70
10/19/2019,18:00,900
10/20/2019,0:00,226
10/20/2019,6:00,0
10/20/2019,12:00,118
10/20/2019,18:00,800
10/21/2019,0:00,54
10/21/2019,6:00,0
10/21/2019,12:00,43
10/21/2019,18:00,260
10/22/2019,0:00,78
10/22/2019,6:00,0
10/22/2019,12:00,128
10/22/2019,18:00,940
10/23/2019,0:00,246
10/23/2019,6:00,0
10/23/2019,12:00,164
10/23/2019,18:00,880
10/24/2019,0:00,232
10/24/2019,6:00,0
10/24/2019,12:00,170
10/24/2019,18:00,930
10/25/2019,0:00,244
10/25/2019,6:00,0
10/25/2019,12:00,170
10/25/2019,18:00,960
10/26/2019,0:00,251
10/26/2019,6:00,0
10/26/2019,12:00,170
10/26/2019,18:00,960
10/27/2019,0:00,247
10/27/2019,6:00,0
10/27/2019,12:00,140
10/27/2019,18:00,350
10/28/2019,0:00,179
10/28/2019,6:00,0
10/28/2019,12:00,90
10/28/2019,18:00,870
10/29/2019,0:00,222
10/29/2019,6:00,0
10/29/2019,12:00,160
10/29/2019,18:00,920
10/30/2019,0:00,197
10/30/2019,6:00,0
10/30/2019,12:00,160
10/30/2019,18:00,910
10/31/2019,0:00,247
10/31/2019,6:00,0
10/31/2019,12:00,40
10/31/2019,18:00,620
11/1/2019,0:00,191
11/1/2019,6:00,0
11/1/2019,12:00,170
11/1/2019,18:00,910
11/2/2019,0:00,246
11/2/2019,6:00,0
11/2/2019,12:00,160
11/2/2019,18:00,860
11/3/2019,0:00,237
11/3/2019,6:00,0
11/3/2019,12:00,100
11/3/2019,18:00,480
11/4/2019,0:00,180
11/4/2019,6:00,0
11/4/2019,12:00,30
11/4/2019,18:00,170
11/5/2019,0:00,225
11/5/2019,6:00,0
11/5/2019,12:00,80
11/5/2019,18:00,450
11/6/2019,0:00,158
11/6/2019,6:00,0
11/6/2019,12:00,170
11/6/2019,18:00,910
11/7/2019,0:00,251
11/7/2019,6:00,0
11/7/2019,12:00,100
11/7/2019,18:00,810
11/8/2019,0:00,223
11/8/2019,6:00,0
11/8/2019,12:00,180
11/8/2019,18:00,930
11/9/2019,0:00,254
11/9/2019,6:00,0
11/9/2019,12:00,180
11/9/2019,18:00,920
11/10/2019,0:00,241
11/10/2019,6:00,0
11/10/2019,12:00,150
11/10/2019,18:00,820
11/11/2019,0:00,254
11/11/2019,6:00,0
11/11/2019,12:00,179
11/11/2019,18:00,830
11/12/2019,0:00,258
11/12/2019,6:00,0
11/12/2019,12:00,160
11/12/2019,18:00,880
11/13/2019,0:00,191
11/13/2019,6:00,0
11/13/2019,12:00,100
11/13/2019,18:00,490
11/14/2019,0:00,14
11/14/2019,6:00,0
11/14/2019,12:00,40
11/14/2019,18:00,770
11/15/2019,0:00,275
11/15/2019,6:00,0
11/15/2019,12:00,190
11/15/2019,18:00,980
11/16/2019,0:00,281
11/16/2019,6:00,0
11/16/2019,12:00,200
11/16/2019,18:00,1010
11/17/2019,0:00,286
11/17/2019,6:00,0
11/17/2019,12:00,200
11/17/2019,18:00,980
11/18/2019,0:00,268
11/18/2019,6:00,0
11/18/2019,12:00,190
11/18/2019,18:00,840
11/19/2019,0:00,215
11/19/2019,6:00,0
11/19/2019,12:00,190
11/19/2019,18:00,970
11/20/2019,0:00,186
11/20/2019,6:00,0
11/20/2019,12:00,194
11/20/2019,18:00,970
11/21/2019,0:00,282
11/21/2019,6:00,0
11/21/2019,12:00,190
11/21/2019,18:00,980
11/22/2019,0:00,282
11/22/2019,6:00,0
11/22/2019,12:00,170
11/22/2019,18:00,880
11/23/2019,0:00,260
11/23/2019,6:00,0
11/23/2019,12:00,180
11/23/2019,18:00,920
11/24/2019,0:00,290
11/24/2019,6:00,0
11/24/2019,12:00,200
11/24/2019,18:00,990
11/25/2019,0:00,291
11/25/2019,6:00,0
11/25/2019,12:00,190
11/25/2019,18:00,990
11/26/2019,0:00,290
11/26/2019,6:00,0
11/26/2019,12:00,170
11/26/2019,18:00,420
11/27/2019,0:00,26
11/27/2019,6:00,0
11/27/2019,12:00,40
11/27/2019,18:00,290
11/28/2019,0:00,288
11/28/2019,6:00,0
11/28/2019,12:00,210
11/28/2019,18:00,1030
11/29/2019,0:00,310
11/29/2019,6:00,0
11/29/2019,12:00,200
11/29/2019,18:00,990
11/30/2019,0:00,280
11/30/2019,6:00,0
11/30/2019,12:00,170
11/30/2019,18:00,750
12/1/2019,0:00,220
12/1/2019,6:00,0
12/1/2019,12:00,190
12/1/2019,18:00,970
12/2/2019,0:00,305
12/2/2019,6:00,0
12/2/2019,12:00,200
12/2/2019,18:00,1010
12/3/2019,0:00,290
12/3/2019,6:00,0
12/3/2019,12:00,150
12/3/2019,18:00,1000
12/4/2019,0:00,306
12/4/2019,6:00,0
12/4/2019,12:00,180
12/4/2019,18:00,960
12/5/2019,0:00,256
12/5/2019,6:00,0
12/5/2019,12:00,100
12/5/2019,18:00,920
12/6/2019,0:00,320
12/6/2019,6:00,0
12/6/2019,12:00,200
12/6/2019,18:00,1020
12/7/2019,0:00,320
12/7/2019,6:00,0
12/7/2019,12:00,200
12/7/2019,18:00,1010
12/8/2019,0:00,310
12/8/2019,6:00,0
12/8/2019,12:00,200
12/8/2019,18:00,980
12/9/2019,0:00,310
12/9/2019,6:00,0
12/9/2019,12:00,190
12/9/2019,18:00,950
12/10/2019,0:00,90
12/10/2019,6:00,0
12/10/2019,12:00,190
12/10/2019,18:00,990
12/11/2019,0:00,300
12/11/2019,6:00,0
12/11/2019,12:00,190
12/11/2019,18:00,1000
12/12/2019,0:00,200
12/12/2019,6:00,0
12/12/2019,12:00,180
12/12/2019,18:00,850
12/13/2019,0:00,230
12/13/2019,6:00,0
12/13/2019,12:00,190
12/13/2019,18:00,1000
12/14/2019,0:00,320
12/14/2019,6:00,0
12/14/2019,12:00,190
12/14/2019,18:00,930
12/15/2019,0:00,200
12/15/2019,6:00,0
12/15/2019,12:00,180
12/15/2019,18:00,820
12/16/2019,0:00,200
12/16/2019,6:00,0
12/16/2019,12:00,110
12/16/2019,18:00,490
12/17/2019,0:00,120
12/17/2019,6:00,0
12/17/2019,12:00,110
12/17/2019,18:00,740
12/18/2019,0:00,320
12/18/2019,6:00,0
12/18/2019,12:00,190
12/18/2019,18:00,900
12/19/2019,0:00,270
12/19/2019,6:00,0
12/19/2019,12:00,180
12/19/2019,18:00,930
12/20/2019,0:00,320
12/20/2019,6:00,0
12/20/2019,12:00,180
12/20/2019,18:00,940
12/21/2019,0:00,320
12/21/2019,6:00,0
12/21/2019,12:00,80
12/21/2019,18:00,530
12/22/2019,0:00,190
12/22/2019,6:00,0
12/22/2019,12:00,190
12/22/2019,18:00,1020
12/23/2019,0:00,350
12/23/2019,6:00,0
12/23/2019,12:00,190
12/23/2019,18:00,1030
12/24/2019,0:00,350
12/24/2019,6:00,0
12/24/2019,12:00,190
12/24/2019,18:00,1030
12/25/2019,0:00,350
12/25/2019,6:00,0
12/25/2019,12:00,180
12/25/2019,18:00,1000
12/26/2019,0:00,330
12/26/2019,6:00,0
12/26/2019,12:00,170
12/26/2019,18:00,980
12/27/2019,0:00,280
12/27/2019,6:00,0
12/27/2019,12:00,170
12/27/2019,18:00,930
12/28/2019,0:00,330
12/28/2019,6:00,0
12/28/2019,12:00,160
12/28/2019,18:00,910
12/29/2019,0:00,312
12/29/2019,6:00,0
12/29/2019,12:00,170
12/29/2019,18:00,980
12/30/2019,0:00,310
12/30/2019,6:00,0
12/30/2019,12:00,170
12/30/2019,18:00,960
12/31/2019,0:00,302
12/31/2019,6:00,0
12/31/2019,12:00,170
12/31/2019,18:00,960
1/1/2020,0:00,321
1/1/2020,6:00,0
1/1/2020,12:00,160
1/1/2020,18:00,850
1/2/2020,0:00,333
1/2/2020,6:00,0
1/2/2020,12:00,120
1/2/2020,18:00,620
1/3/2020,0:00,305
1/3/2020,6:00,0
1/3/2020,12:00,150
1/3/2020,18:00,830
1/4/2020,0:00,344
1/4/2020,6:00,0
1/4/2020,12:00,50
1/4/2020,18:00,970
1/5/2020,0:00,325
1/5/2020,6:00,0
1/5/2020,12:00,170
1/5/2020,18:00,870
1/6/2020,0:00,290
1/6/2020,6:00,0
1/6/2020,12:00,170
1/6/2020,18:00,970
1/7/2020,0:00,260
1/7/2020,6:00,0
1/7/2020,12:00,140
1/7/2020,18:00,920
1/8/2020,0:00,280
1/8/2020,6:00,0
1/8/2020,12:00,160
1/8/2020,18:00,960
1/9/2020,0:00,340
1/9/2020,6:00,0
1/9/2020,12:00,160
1/9/2020,18:00,800
1/10/2020,0:00,280
1/10/2020,6:00,0
1/10/2020,12:00,120
1/10/2020,18:00,810
1/11/2020,0:00,240
1/11/2020,6:00,0
1/11/2020,12:00,150
1/11/2020,18:00,940
1/12/2020,0:00,281
1/12/2020,6:00,0
1/12/2020,12:00,160
1/12/2020,18:00,970
1/13/2020,0:00,338
1/13/2020,6:00,0
1/13/2020,12:00,140
1/13/2020,18:00,900
1/14/2020,0:00,330
1/14/2020,6:00,0
1/14/2020,12:00,130
1/14/2020,18:00,430
1/15/2020,0:00,270
1/15/2020,6:00,0
1/15/2020,12:00,70
1/15/2020,18:00,920
1/16/2020,0:00,270
1/16/2020,6:00,0
1/16/2020,12:00,30
1/16/2020,18:00,520
1/17/2020,0:00,110
1/17/2020,6:00,0
1/17/2020,12:00,150
1/17/2020,18:00,980
1/18/2020,0:00,350
1/18/2020,6:00,0
1/18/2020,12:00,150
1/18/2020,18:00,830
1/19/2020,0:00,314
1/19/2020,6:00,0
1/19/2020,12:00,115
1/19/2020,18:00,820
1/20/2020,0:00,332
1/20/2020,6:00,0
1/20/2020,12:00,110
1/20/2020,18:00,682
1/21/2020,0:00,85
1/21/2020,6:00,0
1/21/2020,12:00,80
1/21/2020,18:00,480
1/22/2020,0:00,15
1/22/2020,6:00,0
1/22/2020,12:00,10
1/22/2020,18:00,40
1/23/2020,0:00,48
1/23/2020,6:00,0
1/23/2020,12:00,26
1/23/2020,18:00,830
1/24/2020,0:00,330
1/24/2020,6:00,0
1/24/2020,12:00,150
1/24/2020,18:00,980
1/25/2020,0:00,353
1/25/2020,6:00,0
1/25/2020,12:00,150
1/25/2020,18:00,990
1/26/2020,0:00,355
1/26/2020,6:00,0
1/26/2020,12:00,140
1/26/2020,18:00,970
1/27/2020,0:00,345
1/27/2020,6:00,0
1/27/2020,12:00,130
1/27/2020,18:00,930
1/28/2020,0:00,318
1/28/2020,6:00,0
1/28/2020,12:00,140
1/28/2020,18:00,950
1/29/2020,0:00,340
1/29/2020,6:00,0
1/29/2020,12:00,10
1/29/2020,18:00,780
1/30/2020,0:00,257
1/30/2020,6:00,0
1/30/2020,12:00,20
1/30/2020,18:00,110
1/31/2020,0:00,244
1/31/2020,6:00,0
1/31/2020,12:00,130
1/31/2020,18:00,880
2/1/2020,0:00,283
2/1/2020,6:00,0
2/1/2020,12:00,140
2/1/2020,18:00,960
2/2/2020,0:00,342
2/2/2020,6:00,0
2/2/2020,12:00,130
2/2/2020,18:00,940
2/3/2020,0:00,337
2/3/2020,6:00,0
2/3/2020,12:00,130
2/3/2020,18:00,940
2/4/2020,0:00,333
2/4/2020,6:00,0
2/4/2020,12:00,130
2/4/2020,18:00,940
2/5/2020,0:00,333
2/5/2020,6:00,0
2/5/2020,12:00,130
2/5/2020,18:00,930
2/6/2020,0:00,307
2/6/2020,6:00,0
2/6/2020,12:00,130
2/6/2020,18:00,930
2/7/2020,0:00,328
2/7/2020,6:00,0
2/7/2020,12:00,120
2/7/2020,18:00,920
2/8/2020,0:00,321
2/8/2020,6:00,0
2/8/2020,12:00,120
2/8/2020,18:00,900
2/9/2020,0:00,318
2/9/2020,6:00,0
2/9/2020,12:00,110
2/9/2020,18:00,520
2/10/2020,0:00,309
2/10/2020,6:00,0
2/10/2020,12:00,120
2/10/2020,18:00,950
2/11/2020,0:00,331
2/11/2020,6:00,0
2/11/2020,12:00,120
2/11/2020,18:00,870
2/12/2020,0:00,323
2/12/2020,6:00,0
2/12/2020,12:00,120
2/12/2020,18:00,880
2/13/2020,0:00,322
2/13/2020,6:00,0
2/13/2020,12:00,120
2/13/2020,18:00,930
2/14/2020,0:00,317
2/14/2020,6:00,0
2/14/2020,12:00,117
2/14/2020,18:00,844
2/15/2020,0:00,148
2/15/2020,6:00,0
2/15/2020,12:00,39
2/15/2020,18:00,773
2/16/2020,0:00,289
2/16/2020,6:00,0
2/16/2020,12:00,101
2/16/2020,18:00,791
2/17/2020,0:00,248
2/17/2020,6:00,0
2/17/2020,12:00,86
2/17/2020,18:00,800
2/18/2020,0:00,269
2/18/2020,6:00,0
2/18/2020,12:00,108
2/18/2020,18:00,624
2/19/2020,0:00,38
2/19/2020,6:00,0
2/19/2020,12:00,90
2/19/2020,18:00,762
2/20/2020,0:00,276
2/20/2020,6:00,0
2/20/2020,12:00,116
2/20/2020,18:00,929
2/21/2020,0:00,308
2/21/2020,6:00,0
2/21/2020,12:00,100
2/21/2020,18:00,917
2/22/2020,0:00,313
2/22/2020,6:00,0
2/22/2020,12:00,116
2/22/2020,18:00,952
2/23/2020,0:00,319
2/23/2020,6:00,0
2/23/2020,12:00,105
2/23/2020,18:00,871
2/24/2020,0:00,290
2/24/2020,6:00,0
2/24/2020,12:00,110
2/24/2020,18:00,884
2/25/2020,0:00,254
2/25/2020,6:00,0
2/25/2020,12:00,101
2/25/2020,18:00,580
2/26/2020,0:00,282
2/26/2020,6:00,0
2/26/2020,12:00,103
2/26/2020,18:00,802
2/27/2020,0:00,291
2/27/2020,6:00,0
2/27/2020,12:00,109
2/27/2020,18:00,911
2/28/2020,0:00,296
2/28/2020,6:00,0
2/28/2020,12:00,107
2/28/2020,18:00,904
2/29/2020,0:00,293
2/29/2020,6:00,0
2/29/2020,12:00,105
2/29/2020,18:00,896
3/1/2020,0:00,276
3/1/2020,6:00,0
3/1/2020,12:00,104
3/1/2020,18:00,902
3/2/2020,0:00,290
3/2/2020,6:00,0
3/2/2020,12:00,100
3/2/2020,18:00,894
3/3/2020,0:00,282
3/3/2020,6:00,0
3/3/2020,12:00,100
3/3/2020,18:00,881
3/4/2020,0:00,229
3/4/2020,6:00,0
3/4/2020,12:00,100
3/4/2020,18:00,881
3/5/2020,0:00,280
3/5/2020,6:00,0
3/5/2020,12:00,103
3/5/2020,18:00,897
3/6/2020,0:00,280
3/6/2020,6:00,0
3/6/2020,12:00,99
3/6/2020,18:00,873
3/7/2020,0:00,276
3/7/2020,6:00,0
3/7/2020,12:00,88
3/7/2020,18:00,712
3/8/2020,0:00,227
3/8/2020,6:00,0
3/8/2020,12:00,96
3/8/2020,18:00,859
3/9/2020,0:00,255
3/9/2020,6:00,0
3/9/2020,12:00,95
3/9/2020,18:00,856
3/10/2020,0:00,262
3/10/2020,6:00,0
3/10/2020,12:00,94
3/10/2020,18:00,850
3/11/2020,0:00,260
3/11/2020,6:00,0
3/11/2020,12:00,90
3/11/2020,18:00,848
3/12/2020,0:00,255
3/12/2020,6:00,0
3/12/2020,12:00,92
3/12/2020,18:00,821
3/13/2020,0:00,223
3/13/2020,6:00,0
3/13/2020,12:00,90
3/13/2020,18:00,837
3/14/2020,0:00,248
3/14/2020,6:00,0
3/14/2020,12:00,89
3/14/2020,18:00,833
3/15/2020,0:00,247
3/15/2020,6:00,0
3/15/2020,12:00,80
3/15/2020,18:00,814
3/16/2020,0:00,57
3/16/2020,6:00,0
3/16/2020,12:00,66
3/16/2020,18:00,469
3/17/2020,0:00,96
3/17/2020,6:00,0
3/17/2020,12:00,86
3/17/2020,18:00,813
3/18/2020,0:00,218
3/18/2020,6:00,0
3/18/2020,12:00,76
3/18/2020,18:00,408
3/19/2020,0:00,58
3/19/2020,6:00,0
3/19/2020,12:00,16
3/19/2020,18:00,660
3/20/2020,0:00,234
3/20/2020,6:00,0
3/20/2020,12:00,89
3/20/2020,18:00,836
3/21/2020,0:00,237
3/21/2020,6:00,0
3/21/2020,12:00,90
3/21/2020,18:00,830
3/22/2020,0:00,236
3/22/2020,6:00,0
3/22/2020,12:00,90
3/22/2020,18:00,825
3/23/2020,0:00,232
3/23/2020,6:00,0
3/23/2020,12:00,84
3/23/2020,18:00,813
3/24/2020,0:00,224
3/24/2020,6:00,0
3/24/2020,12:00,82
3/24/2020,18:00,804
3/25/2020,0:00,225
3/25/2020,6:00,0
3/25/2020,12:00,82
3/25/2020,18:00,799
3/26/2020,0:00,191
3/26/2020,6:00,0
3/26/2020,12:00,78
3/26/2020,18:00,758
3/27/2020,0:00,216
3/27/2020,6:00,0
3/27/2020,12:00,80
3/27/2020,18:00,761
3/28/2020,0:00,185
3/28/2020,6:00,0
3/28/2020,12:00,70
3/28/2020,18:00,699
3/29/2020,0:00,127
3/29/2020,6:00,0
3/29/2020,12:00,59
3/29/2020,18:00,755
3/30/2020,0:00,181
3/30/2020,6:00,0
3/30/2020,12:00,80
3/30/2020,18:00,708
3/31/2020,0:00,107
3/31/2020,6:00,0
3/31/2020,12:00,70
3/31/2020,18:00,458
4/1/2020,0:00,124
4/1/2020,6:00,0
4/1/2020,12:00,70
4/1/2020,18:00,678
4/2/2020,0:00,144
4/2/2020,6:00,0
4/2/2020,12:00,10
4/2/2020,18:00,61
4/3/2020,0:00,124
4/3/2020,6:00,0
4/3/2020,12:00,76
4/3/2020,18:00,658
4/4/2020,0:00,117
4/4/2020,6:00,0
4/4/2020,12:00,80
4/4/2020,18:00,772
4/5/2020,0:00,196
4/5/2020,6:00,0
4/5/2020,12:00,70
4/5/2020,18:00,754
4/6/2020,0:00,162
4/6/2020,6:00,0
4/6/2020,12:00,0
4/6/2020,18:00,82
4/7/2020,0:00,147
4/7/2020,6:00,0
4/7/2020,12:00,60
4/7/2020,18:00,746
4/8/2020,0:00,192
4/8/2020,6:00,0
4/8/2020,12:00,70
4/8/2020,18:00,765
4/9/2020,0:00,188
4/9/2020,6:00,0
4/9/2020,12:00,70
4/9/2020,18:00,756
4/10/2020,0:00,184
4/10/2020,6:00,0
4/10/2020,12:00,70
4/10/2020,18:00,749
4/11/2020,0:00,181
4/11/2020,6:00,0
4/11/2020,12:00,69
4/11/2020,18:00,740
4/12/2020,0:00,177
4/12/2020,6:00,0
4/12/2020,12:00,69
4/12/2020,18:00,739
4/13/2020,0:00,177
4/13/2020,6:00,0
4/13/2020,12:00,65
4/13/2020,18:00,687
4/14/2020,0:00,78
4/14/2020,6:00,0
4/14/2020,12:00,39
4/14/2020,18:00,416
4/15/2020,0:00,169
4/15/2020,6:00,0
4/15/2020,12:00,68
4/15/2020,18:00,734
4/16/2020,0:00,172
4/16/2020,6:00,0
4/16/2020,12:00,66
4/16/2020,18:00,719
4/17/2020,0:00,167
4/17/2020,6:00,0
4/17/2020,12:00,63
4/17/2020,18:00,702
4/18/2020,0:00,159
4/18/2020,6:00,0
4/18/2020,12:00,63
4/18/2020,18:00,700
4/19/2020,0:00,159
4/19/2020,6:00,0
4/19/2020,12:00,61
4/19/2020,18:00,692
4/20/2020,0:00,156
4/20/2020,6:00,0
4/20/2020,12:00,61
4/20/2020,18:00,689
4/21/2020,0:00,154
4/21/2020,6:00,0
4/21/2020,12:00,60
4/21/2020,18:00,687
4/22/2020,0:00,153
4/22/2020,6:00,0
4/22/2020,12:00,60
4/22/2020,18:00,682
4/23/2020,0:00,135
4/23/2020,6:00,0
4/23/2020,12:00,59
4/23/2020,18:00,678
4/24/2020,0:00,149
4/24/2020,6:00,0
4/24/2020,12:00,58
4/24/2020,18:00,678
4/25/2020,0:00,148
4/25/2020,6:00,0
4/25/2020,12:00,57
4/25/2020,18:00,660
4/26/2020,0:00,139
4/26/2020,6:00,0
4/26/2020,12:00,40
4/26/2020,18:00,400
4/27/2020,0:00,97
4/27/2020,6:00,0
4/27/2020,12:00,51
4/27/2020,18:00,636
4/28/2020,0:00,105
4/28/2020,6:00,0
4/28/2020,12:00,52
4/28/2020,18:00,635
4/29/2020,0:00,134
4/29/2020,6:00,0
4/29/2020,12:00,32
4/29/2020,18:00,500
4/30/2020,0:00,127
4/30/2020,6:00,0
4/30/2020,12:00,50
4/30/2020,18:00,624
5/1/2020,0:00,130
5/1/2020,6:00,0
5/1/2020,12:00,13
5/1/2020,18:00,426
5/2/2020,0:00,65
5/2/2020,6:00,0
5/2/2020,12:00,54
5/2/2020,18:00,650
5/3/2020,0:00,135
5/3/2020,6:00,0
5/3/2020,12:00,53
5/3/2020,18:00,653
5/4/2020,0:00,128
5/4/2020,6:00,0
5/4/2020,12:00,49
5/4/2020,18:00,512
5/5/2020,0:00,120
5/5/2020,6:00,0
5/5/2020,12:00,13
5/5/2020,18:00,491
5/6/2020,0:00,78
5/6/2020,6:00,0
5/6/2020,12:00,49
5/6/2020,18:00,638
5/7/2020,0:00,129
5/7/2020,6:00,0
5/7/2020,12:00,50
5/7/2020,18:00,633
5/8/2020,0:00,125
5/8/2020,6:00,0
5/8/2020,12:00,49
5/8/2020,18:00,631
5/9/2020,0:00,126
5/9/2020,6:00,0
5/9/2020,12:00,49
5/9/2020,18:00,627
5/10/2020,0:00,124
5/10/2020,6:00,0
5/10/2020,12:00,47
5/10/2020,18:00,597
5/11/2020,0:00,113
5/11/2020,6:00,0
5/11/2020,12:00,35
5/11/2020,18:00,545
5/12/2020,0:00,110
5/12/2020,6:00,0
5/12/2020,12:00,4
5/12/2020,18:00,40
5/13/2020,0:00,9
5/13/2020,6:00,0
5/13/2020,12:00,5
5/13/2020,18:00,108
5/14/2020,0:00,104
5/14/2020,6:00,0
5/14/2020,12:00,42
5/14/2020,18:00,608
5/15/2020,0:00,117
5/15/2020,6:00,0
5/15/2020,12:00,46
5/15/2020,18:00,614
5/16/2020,0:00,119
5/16/2020,6:00,0
5/16/2020,12:00,43
5/16/2020,18:00,587
5/17/2020,0:00,112
5/17/2020,6:00,0
5/17/2020,12:00,42
5/17/2020,18:00,586
5/18/2020,0:00,112
5/18/2020,6:00,0
5/18/2020,12:00,42
5/18/2020,18:00,584
5/19/2020,0:00,111
5/19/2020,6:00,0
5/19/2020,12:00,40
5/19/2020,18:00,578
5/20/2020,0:00,110
5/20/2020,6:00,0
5/20/2020,12:00,39
5/20/2020,18:00,568
5/21/2020,0:00,106
5/21/2020,6:00,0
5/21/2020,12:00,22
5/21/2020,18:00,214
5/22/2020,0:00,47
5/22/2020,6:00,0
5/22/2020,12:00,20
5/22/2020,18:00,228
5/23/2020,0:00,10
5/23/2020,6:00,0
5/23/2020,12:00,4
5/23/2020,18:00,24
5/24/2020,0:00,3
5/24/2020,6:00,0
5/24/2020,12:00,4
5/24/2020,18:00,184
5/25/2020,0:00,52
5/25/2020,6:00,0
5/25/2020,12:00,37
5/25/2020,18:00,561
5/26/2020,0:00,106
5/26/2020,6:00,0
5/26/2020,12:00,40
5/26/2020,18:00,375
5/27/2020,0:00,70
5/27/2020,6:00,0
5/27/2020,12:00,36
5/27/2020,18:00,555
5/28/2020,0:00,104
5/28/2020,6:00,0
5/28/2020,12:00,37
5/28/2020,18:00,561
5/29/2020,0:00,104
5/29/2020,6:00,0
5/29/2020,12:00,40
5/29/2020,18:00,560
5/30/2020,0:00,105
5/30/2020,6:00,0
5/30/2020,12:00,40
5/30/2020,18:00,553
5/31/2020,0:00,102
5/31/2020,6:00,0
5/31/2020,12:00,30
5/31/2020,18:00,23
6/1/2020,0:00,3
6/1/2020,6:00,0
6/1/2020,12:00,32
6/1/2020,18:00,499
6/2/2020,0:00,52
6/2/2020,6:00,0
6/2/2020,12:00,34
6/2/2020,18:00,546
6/3/2020,0:00,102
6/3/2020,6:00,0
6/3/2020,12:00,30
6/3/2020,18:00,555
6/4/2020,0:00,103
6/4/2020,6:00,0
6/4/2020,12:00,10
6/4/2020,18:00,289
6/5/2020,0:00,23
6/5/2020,6:00,0
6/5/2020,12:00,11
6/5/2020,18:00,216
6/6/2020,0:00,2
6/6/2020,6:00,0
6/6/2020,12:00,0
6/6/2020,18:00,92
6/7/2020,0:00,23
6/7/2020,6:00,0
6/7/2020,12:00,10
6/7/2020,18:00,414
6/8/2020,0:00,80
6/8/2020,6:00,0
6/8/2020,12:00,31
6/8/2020,18:00,341
6/9/2020,0:00,46
6/9/2020,6:00,0
6/9/2020,12:00,27
6/9/2020,18:00,251
6/10/2020,0:00,15
6/10/2020,6:00,0
6/10/2020,12:00,10
6/10/2020,18:00,121
6/11/2020,0:00,29
6/11/2020,6:00,0
6/11/2020,12:00,20
6/11/2020,18:00,389
6/12/2020,0:00,91
6/12/2020,6:00,0
6/12/2020,12:00,28
6/12/2020,18:00,503
6/13/2020,0:00,91
6/13/2020,6:00,0
6/13/2020,12:00,1
6/13/2020,18:00,189
6/14/2020,0:00,66
6/14/2020,6:00,0
6/14/2020,12:00,31
6/14/2020,18:00,545
6/15/2020,0:00,103
6/15/2020,6:00,0
6/15/2020,12:00,13
6/15/2020,18:00,290
6/16/2020,0:00,65
6/16/2020,6:00,0
6/16/2020,12:00,27
6/16/2020,18:00,489
6/17/2020,0:00,76
6/17/2020,6:00,0
6/17/2020,12:00,28
6/17/2020,18:00,510
6/18/2020,0:00,96
6/18/2020,6:00,0
6/18/2020,12:00,15
6/18/2020,18:00,176
6/19/2020,0:00,24
6/19/2020,6:00,0
6/19/2020,12:00,25
6/19/2020,18:00,383
6/20/2020,0:00,74
6/20/2020,6:00,0
6/20/2020,12:00,3
6/20/2020,18:00,270
6/21/2020,0:00,94
6/21/2020,6:00,0
6/21/2020,12:00,27
6/21/2020,18:00,507
6/22/2020,0:00,96
6/22/2020,6:00,0
6/22/2020,12:00,30
6/22/2020,18:00,504
6/23/2020,0:00,96
6/23/2020,6:00,0
6/23/2020,12:00,20
6/23/2020,18:00,355
6/24/2020,0:00,96
6/24/2020,6:00,0
6/24/2020,12:00,30
6/24/2020,18:00,473
6/25/2020,0:00,85
6/25/2020,6:00,0
6/25/2020,12:00,2
6/25/2020,18:00,28
6/26/2020,0:00,7
6/26/2020,6:00,0
6/26/2020,12:00,19
6/26/2020,18:00,410
6/27/2020,0:00,67
6/27/2020,6:00,0
6/27/2020,12:00,27
6/27/2020,18:00,516
6/28/2020,0:00,92
6/28/2020,6:00,0
6/28/2020,12:00,21
6/28/2020,18:00,499
6/29/2020,0:00,102
6/29/2020,6:00,0
6/29/2020,12:00,10
6/29/2020,18:00,86
6/30/2020,0:00,11
6/30/2020,6:00,0
6/30/2020,12:00,1
6/30/2020,18:00,48
7/1/2020,0:00,60
7/1/2020,6:00,0
7/1/2020,12:00,2
7/1/2020,18:00,68
7/2/2020,0:00,14
7/2/2020,6:00,0
7/2/2020,12:00,13
7/2/2020,18:00,275
7/3/2020,0:00,36
7/3/2020,6:00,0
7/3/2020,12:00,28
7/3/2020,18:00,539
7/4/2020,0:00,108
7/4/2020,6:00,0
7/4/2020,12:00,29
7/4/2020,18:00,436
7/5/2020,0:00,43
7/5/2020,6:00,0
7/5/2020,12:00,8
7/5/2020,18:00,361
7/6/2020,0:00,46
7/6/2020,6:00,0
7/6/2020,12:00,4
7/6/2020,18:00,301
7/7/2020,0:00,21
7/7/2020,6:00,0
7/7/2020,12:00,4
7/7/2020,18:00,33
7/8/2020,0:00,4
7/8/2020,6:00,0
7/8/2020,12:00,4
7/8/2020,18:00,100
7/9/2020,0:00,19
7/9/2020,6:00,0
7/9/2020,12:00,15
7/9/2020,18:00,347
7/10/2020,0:00,94
7/10/2020,6:00,0
7/10/2020,12:00,30
7/10/2020,18:00,560
7/11/2020,0:00,110
7/11/2020,6:00,0
7/11/2020,12:00,9
7/11/2020,18:00,288
7/12/2020,0:00,43
7/12/2020,6:00,0
7/12/2020,12:00,26
7/12/2020,18:00,189
7/13/2020,0:00,100
7/13/2020,6:00,0
7/13/2020,12:00,24
7/13/2020,18:00,224
7/14/2020,0:00,16
7/14/2020,6:00,0
7/14/2020,12:00,31
7/14/2020,18:00,572
7/15/2020,0:00,121
7/15/2020,6:00,0
7/15/2020,12:00,32
7/15/2020,18:00,564
7/16/2020,0:00,58
7/16/2020,6:00,0
7/16/2020,12:00,8
7/16/2020,18:00,115
7/17/2020,0:00,11
7/17/2020,6:00,0
7/17/2020,12:00,28
7/17/2020,18:00,524
7/18/2020,0:00,110
7/18/2020,6:00,0
7/18/2020,12:00,29
7/18/2020,18:00,542
7/19/2020,0:00,115
7/19/2020,6:00,0
7/19/2020,12:00,30
7/19/2020,18:00,545
7/20/2020,0:00,116
7/20/2020,6:00,0
7/20/2020,12:00,31
7/20/2020,18:00,543
7/21/2020,0:00,116
7/21/2020,6:00,0
7/21/2020,12:00,23
7/21/2020,18:00,481
7/22/2020,0:00,99
7/22/2020,6:00,0
7/22/2020,12:00,24
7/22/2020,18:00,475
7/23/2020,0:00,103
7/23/2020,6:00,0
7/23/2020,12:00,27
7/23/2020,18:00,539
7/24/2020,0:00,115
7/24/2020,6:00,0
7/24/2020,12:00,23
7/24/2020,18:00,321
7/25/2020,0:00,64
7/25/2020,6:00,0
7/25/2020,12:00,5
7/25/2020,18:00,536
7/26/2020,0:00,114
7/26/2020,6:00,0
7/26/2020,12:00,30
7/26/2020,18:00,547
7/27/2020,0:00,112
7/27/2020,6:00,0
7/27/2020,12:00,30
7/27/2020,18:00,199
7/28/2020,0:00,116
7/28/2020,6:00,0
7/28/2020,12:00,16
7/28/2020,18:00,213
7/29/2020,0:00,70
7/29/2020,6:00,0
7/29/2020,12:00,38
7/29/2020,18:00,618
7/30/2020,0:00,137
7/30/2020,6:00,0
7/30/2020,12:00,37
7/30/2020,18:00,604
7/31/2020,0:00,134
7/31/2020,6:00,0
7/31/2020,12:00,16
7/31/2020,18:00,298
8/1/2020,0:00,21
8/1/2020,6:00,0
8/1/2020,12:00,36
8/1/2020,18:00,585
8/2/2020,0:00,130
8/2/2020,6:00,0
8/2/2020,12:00,38
8/2/2020,18:00,596
8/3/2020,0:00,133
8/3/2020,6:00,0
8/3/2020,12:00,30
8/3/2020,18:00,599
8/4/2020,0:00,136
8/4/2020,6:00,0
8/4/2020,12:00,40
8/4/2020,18:00,612
8/5/2020,0:00,139
8/5/2020,6:00,0
8/5/2020,12:00,41
8/5/2020,18:00,621
8/6/2020,0:00,141
8/6/2020,6:00,0
8/6/2020,12:00,42
8/6/2020,18:00,628
8/7/2020,0:00,142
8/7/2020,6:00,0
8/7/2020,12:00,42
8/7/2020,18:00,622
8/8/2020,0:00,142
8/8/2020,6:00,0
8/8/2020,12:00,42
8/8/2020,18:00,616
8/9/2020,0:00,141
8/9/2020,6:00,0
8/9/2020,12:00,43
8/9/2020,18:00,626
8/10/2020,0:00,144
8/10/2020,6:00,0
8/10/2020,12:00,44
8/10/2020,18:00,625
8/11/2020,0:00,143
8/11/2020,6:00,0
8/11/2020,12:00,8
8/11/2020,18:00,469
8/12/2020,0:00,76
8/12/2020,6:00,0
8/12/2020,12:00,2
8/12/2020,18:00,29
8/13/2020,0:00,24
8/13/2020,6:00,0
8/13/2020,12:00,5
8/13/2020,18:00,118
8/14/2020,0:00,15
8/14/2020,6:00,0
8/14/2020,12:00,48
8/14/2020,18:00,543
8/15/2020,0:00,58
8/15/2020,6:00,0
8/15/2020,12:00,49
8/15/2020,18:00,661
8/16/2020,0:00,151
8/16/2020,6:00,0
8/16/2020,12:00,50
8/16/2020,18:00,675
8/17/2020,0:00,159
8/17/2020,6:00,0
8/17/2020,12:00,53
8/17/2020,18:00,677
8/18/2020,0:00,157
8/18/2020,6:00,0
8/18/2020,12:00,44
8/18/2020,18:00,638
8/19/2020,0:00,145
8/19/2020,6:00,0
8/19/2020,12:00,34
8/19/2020,18:00,579
8/20/2020,0:00,154
8/20/2020,6:00,0
8/20/2020,12:00,53
8/20/2020,18:00,668
8/21/2020,0:00,140
8/21/2020,6:00,0
8/21/2020,12:00,60
8/21/2020,18:00,713
8/22/2020,0:00,167
8/22/2020,6:00,0
8/22/2020,12:00,59
8/22/2020,18:00,702
8/23/2020,0:00,166
8/23/2020,6:00,0
8/23/2020,12:00,59
8/23/2020,18:00,701
8/24/2020,0:00,165
8/24/2020,6:00,0
8/24/2020,12:00,52
8/24/2020,18:00,613
8/25/2020,0:00,141
8/25/2020,6:00,0
8/25/2020,12:00,53
8/25/2020,18:00,676
8/26/2020,0:00,161
8/26/2020,6:00,0
8/26/2020,12:00,60
8/26/2020,18:00,632
8/27/2020,0:00,135
8/27/2020,6:00,0
8/27/2020,12:00,60
8/27/2020,18:00,691
8/28/2020,0:00,163
8/28/2020,6:00,0
8/28/2020,12:00,47
8/28/2020,18:00,529
8/29/2020,0:00,105
8/29/2020,6:00,0
8/29/2020,12:00,63
8/29/2020,18:00,691
8/30/2020,0:00,134
8/30/2020,6:00,0
8/30/2020,12:00,45
8/30/2020,18:00,241
8/31/2020,0:00,21
8/31/2020,6:00,0
8/31/2020,12:00,9
8/31/2020,18:00,304
9/1/2020,0:00,53
9/1/2020,6:00,0
9/1/2020,12:00,56
9/1/2020,18:00,690
9/2/2020,0:00,156
9/2/2020,6:00,0
9/2/2020,12:00,70
9/2/2020,18:00,561
9/3/2020,0:00,141
9/3/2020,6:00,0
9/3/2020,12:00,50
9/3/2020,18:00,228
9/4/2020,0:00,18
9/4/2020,6:00,0
9/4/2020,12:00,77
9/4/2020,18:00,766
9/5/2020,0:00,182
9/5/2020,6:00,0
9/5/2020,12:00,32
9/5/2020,18:00,594
9/6/2020,0:00,116
9/6/2020,6:00,0
9/6/2020,12:00,10
9/6/2020,18:00,341
9/7/2020,0:00,13
9/7/2020,6:00,0
9/7/2020,12:00,20
9/7/2020,18:00,66
9/8/2020,0:00,25
9/8/2020,6:00,0
9/8/2020,12:00,67
9/8/2020,18:00,468
9/9/2020,0:00,128
9/9/2020,6:00,0
9/9/2020,12:00,44
9/9/2020,18:00,736
9/10/2020,0:00,177
9/10/2020,6:00,0
9/10/2020,12:00,71
9/10/2020,18:00,711
9/11/2020,0:00,183
9/11/2020,6:00,0
9/11/2020,12:00,80
9/11/2020,18:00,719
9/12/2020,0:00,152
9/12/2020,6:00,0
9/12/2020,12:00,65
9/12/2020,18:00,568
9/13/2020,0:00,133
9/13/2020,6:00,0
9/13/2020,12:00,70
9/13/2020,18:00,766
9/14/2020,0:00,190
9/14/2020,6:00,0
9/14/2020,12:00,17
9/14/2020,18:00,459
9/15/2020,0:00,113
9/15/2020,6:00,0
9/15/2020,12:00,36
9/15/2020,18:00,477
9/16/2020,0:00,134
9/16/2020,6:00,0
9/16/2020,12:00,22
9/16/2020,18:00,246
9/17/2020,0:00,16
9/17/2020,6:00,0
9/17/2020,12:00,54
9/17/2020,18:00,555
9/18/2020,0:00,177
9/18/2020,6:00,0
9/18/2020,12:00,99
9/18/2020,18:00,810
9/19/2020,0:00,199
9/19/2020,6:00,0
9/19/2020,12:00,102
9/19/2020,18:00,764
9/20/2020,0:00,197
9/20/2020,6:00,0
9/20/2020,12:00,108
9/20/2020,18:00,849
9/21/2020,0:00,209
9/21/2020,6:00,0
9/21/2020,12:00,112
9/21/2020,18:00,860
9/22/2020,0:00,211
9/22/2020,6:00,0
9/22/2020,12:00,110
9/22/2020,18:00,682
9/23/2020,0:00,167
9/23/2020,6:00,0
9/23/2020,12:00,108
9/23/2020,18:00,825
9/24/2020,0:00,203
9/24/2020,6:00,0
9/24/2020,12:00,110
9/24/2020,18:00,833
9/25/2020,0:00,200
9/25/2020,6:00,0
9/25/2020,12:00,99
9/25/2020,18:00,770
9/26/2020,0:00,178
9/26/2020,6:00,0
9/26/2020,12:00,112
9/26/2020,18:00,828
9/27/2020,0:00,204
9/27/2020,6:00,0
9/27/2020,12:00,78
9/27/2020,18:00,517
9/28/2020,0:00,147
9/28/2020,6:00,0
9/28/2020,12:00,59
9/28/2020,18:00,863
9/29/2020,0:00,218
9/29/2020,6:00,0
9/29/2020,12:00,116
9/29/2020,18:00,608
9/30/2020,0:00,193
9/30/2020,6:00,0
9/30/2020,12:00,97
9/30/2020,18:00,796
10/1/2020,0:00,200
10/1/2020,6:00,0
10/1/2020,12:00,121
10/1/2020,18:00,830
10/2/2020,0:00,207
10/2/2020,6:00,0
10/2/2020,12:00,98
10/2/2020,18:00,709
10/3/2020,0:00,180
10/3/2020,6:00,0
10/3/2020,12:00,60
10/3/2020,18:00,274
10/4/2020,0:00,165
10/4/2020,6:00,0
10/4/2020,12:00,80
10/4/2020,18:00,778
10/5/2020,0:00,181
10/5/2020,6:00,0
10/5/2020,12:00,107
10/5/2020,18:00,854
10/6/2020,0:00,215
10/6/2020,6:00,0
10/6/2020,12:00,131
10/6/2020,18:00,866
10/7/2020,0:00,217
10/7/2020,6:00,0
10/7/2020,12:00,22
10/7/2020,18:00,509
10/8/2020,0:00,168
10/8/2020,6:00,0
10/8/2020,12:00,27
10/8/2020,18:00,110
10/9/2020,0:00,111
10/9/2020,6:00,0
10/9/2020,12:00,67
10/9/2020,18:00,360
10/10/2020,0:00,170
10/10/2020,6:00,0
10/10/2020,12:00,145
10/10/2020,18:00,916
10/11/2020,0:00,234
10/11/2020,6:00,0
10/11/2020,12:00,145
10/11/2020,18:00,918
10/12/2020,0:00,234
10/12/2020,6:00,0
10/12/2020,12:00,148
10/12/2020,18:00,905
10/13/2020,0:00,228
10/13/2020,6:00,0
10/13/2020,12:00,153
10/13/2020,18:00,921
10/14/2020,0:00,231
10/14/2020,6:00,0
10/14/2020,12:00,129
10/14/2020,18:00,730
10/15/2020,0:00,131
10/15/2020,6:00,0
10/15/2020,12:00,150
10/15/2020,18:00,890
10/16/2020,0:00,234
10/16/2020,6:00,0
10/16/2020,12:00,150
10/16/2020,18:00,900
10/17/2020,0:00,233
10/17/2020,6:00,0
10/17/2020,12:00,140
10/17/2020,18:00,860
10/18/2020,0:00,214
10/18/2020,6:00,0
10/18/2020,12:00,130
10/18/2020,18:00,610
10/19/2020,0:00,225
10/19/2020,6:00,0
10/19/2020,12:00,160
10/19/2020,18:00,920
10/20/2020,0:00,236
10/20/2020,6:00,0
10/20/2020,12:00,160
10/20/2020,18:00,910
10/21/2020,0:00,134
10/21/2020,6:00,0
10/21/2020,12:00,160
10/21/2020,18:00,910
10/22/2020,0:00,236
10/22/2020,6:00,0
10/22/2020,12:00,160
10/22/2020,18:00,900
10/23/2020,0:00,204
10/23/2020,6:00,0
10/23/2020,12:00,120
10/23/2020,18:00,710
10/24/2020,0:00,120
10/24/2020,6:00,0
10/24/2020,12:00,90
10/24/2020,18:00,420
10/25/2020,0:00,212
10/25/2020,6:00,0
10/25/2020,12:00,170
10/25/2020,18:00,920
10/26/2020,0:00,239
10/26/2020,6:00,0
10/26/2020,12:00,33
10/26/2020,18:00,230
10/27/2020,0:00,116
10/27/2020,6:00,0
10/27/2020,12:00,140
10/27/2020,18:00,800
10/28/2020,0:00,255
10/28/2020,6:00,0
10/28/2020,12:00,180
10/28/2020,18:00,970
10/29/2020,0:00,257
10/29/2020,6:00,0
10/29/2020,12:00,120
10/29/2020,18:00,490
10/30/2020,0:00,187
10/30/2020,6:00,0
10/30/2020,12:00,130
10/30/2020,18:00,850
10/31/2020,0:00,167
10/31/2020,6:00,0
10/31/2020,12:00,110
10/31/2020,18:00,570
11/1/2020,0:00,252
11/1/2020,6:00,0
11/1/2020,12:00,180
11/1/2020,18:00,960
11/2/2020,0:00,259
11/2/2020,6:00,0
11/2/2020,12:00,180
11/2/2020,18:00,970
11/3/2020,0:00,260
11/3/2020,6:00,0
11/3/2020,12:00,180
11/3/2020,18:00,870
11/4/2020,0:00,262
11/4/2020,6:00,0
11/4/2020,12:00,190
11/4/2020,18:00,990
11/5/2020,0:00,272
11/5/2020,6:00,0
11/5/2020,12:00,200
11/5/2020,18:00,1000
11/6/2020,0:00,270
11/6/2020,6:00,0
11/6/2020,12:00,190
11/6/2020,18:00,990
11/7/2020,0:00,270
11/7/2020,6:00,0
11/7/2020,12:00,190
11/7/2020,18:00,970
11/8/2020,0:00,265
11/8/2020,6:00,0
11/8/2020,12:00,170
11/8/2020,18:00,910
11/9/2020,0:00,236
11/9/2020,6:00,0
11/9/2020,12:00,10
11/9/2020,18:00,410
11/10/2020,0:00,114
11/10/2020,6:00,0
11/10/2020,12:00,180
11/10/2020,18:00,730
11/11/2020,0:00,186
11/11/2020,6:00,0
11/11/2020,12:00,160
11/11/2020,18:00,850
11/12/2020,0:00,163
11/12/2020,6:00,0
11/12/2020,12:00,180
11/12/2020,18:00,960
11/13/2020,0:00,270
11/13/2020,6:00,0
11/13/2020,12:00,190
11/13/2020,18:00,970
11/14/2020,0:00,273
11/14/2020,6:00,0
11/14/2020,12:00,190
11/14/2020,18:00,970
11/15/2020,0:00,243
11/15/2020,6:00,0
11/15/2020,12:00,100
11/15/2020,18:00,380
11/16/2020,0:00,185
11/16/2020,6:00,0
11/16/2020,12:00,190
11/16/2020,18:00,930
11/17/2020,0:00,265
11/17/2020,6:00,0
11/17/2020,12:00,200
11/17/2020,18:00,1000
11/18/2020,0:00,289
11/18/2020,6:00,0
11/18/2020,12:00,150
11/18/2020,18:00,830
11/19/2020,0:00,287
11/19/2020,6:00,0
11/19/2020,12:00,200
11/19/2020,18:00,990
11/20/2020,0:00,242
11/20/2020,6:00,0
11/20/2020,12:00,200
11/20/2020,18:00,630
11/21/2020,0:00,90
11/21/2020,6:00,0
11/21/2020,12:00,200
11/21/2020,18:00,1000
11/22/2020,0:00,290
11/22/2020,6:00,0
11/22/2020,12:00,200
11/22/2020,18:00,990
11/23/2020,0:00,290
11/23/2020,6:00,0
11/23/2020,12:00,200
11/23/2020,18:00,990
11/24/2020,0:00,292
11/24/2020,6:00,0
11/24/2020,12:00,200
11/24/2020,18:00,990
11/25/2020,0:00,267
11/25/2020,6:00,0
11/25/2020,12:00,180
11/25/2020,18:00,900
11/26/2020,0:00,226
11/26/2020,6:00,0
11/26/2020,12:00,60
11/26/2020,18:00,160
11/27/2020,0:00,10
11/27/2020,6:00,0
11/27/2020,12:00,190
11/27/2020,18:00,960
11/28/2020,0:00,281
11/28/2020,6:00,0
11/28/2020,12:00,110
11/28/2020,18:00,790
11/29/2020,0:00,208
11/29/2020,6:00,0
11/29/2020,12:00,100
11/29/2020,18:00,420
11/30/2020,0:00,270
11/30/2020,6:00,0
11/30/2020,12:00,30
11/30/2020,18:00,160
12/1/2020,0:00,30
12/1/2020,6:00,0
12/1/2020,12:00,190
12/1/2020,18:00,870
12/2/2020,0:00,233
12/2/2020,6:00,0
12/2/2020,12:00,180
12/2/2020,18:00,880
12/3/2020,0:00,223
12/3/2020,6:00,0
12/3/2020,12:00,30
12/3/2020,18:00,520
12/4/2020,0:00,300
12/4/2020,6:00,0
12/4/2020,12:00,200
12/4/2020,18:00,1000
12/5/2020,0:00,303
12/5/2020,6:00,0
12/5/2020,12:00,190
12/5/2020,18:00,890
12/6/2020,0:00,300
12/6/2020,6:00,0
12/6/2020,12:00,190
12/6/2020,18:00,620
12/7/2020,0:00,300
12/7/2020,6:00,0
12/7/2020,12:00,190
12/7/2020,18:00,970
12/8/2020,0:00,310
12/8/2020,6:00,0
12/8/2020,12:00,200
12/8/2020,18:00,1010
12/9/2020,0:00,320
12/9/2020,6:00,0
12/9/2020,12:00,200
12/9/2020,18:00,1010
12/10/2020,0:00,322
12/10/2020,6:00,0
12/10/2020,12:00,200
12/10/2020,18:00,1010
12/11/2020,0:00,323
12/11/2020,6:00,0
12/11/2020,12:00,190
12/11/2020,18:00,1000
12/12/2020,0:00,320
12/12/2020,6:00,0
12/12/2020,12:00,190
12/12/2020,18:00,990
12/13/2020,0:00,210
12/13/2020,6:00,0
12/13/2020,12:00,190
12/13/2020,18:00,980
12/14/2020,0:00,250
12/14/2020,6:00,0
12/14/2020,12:00,170
12/14/2020,18:00,710
12/15/2020,0:00,190
12/15/2020,6:00,0
12/15/2020,12:00,190
12/15/2020,18:00,990
12/16/2020,0:00,320
12/16/2020,6:00,0
12/16/2020,12:00,160
12/16/2020,18:00,630
12/17/2020,0:00,150
12/17/2020,6:00,0
12/17/2020,12:00,180
12/17/2020,18:00,740
12/18/2020,0:00,80
12/18/2020,6:00,0
12/18/2020,12:00,180
12/18/2020,18:00,990
12/19/2020,0:00,250
12/19/2020,6:00,0
12/19/2020,12:00,90
12/19/2020,18:00,280
12/20/2020,0:00,180
12/20/2020,6:00,0
12/20/2020,12:00,120
12/20/2020,18:00,230
12/21/2020,0:00,240
12/21/2020,6:00,0
12/21/2020,12:00,190
12/21/2020,18:00,1010
12/22/2020,0:00,340
12/22/2020,6:00,0
12/22/2020,12:00,190
12/22/2020,18:00,1030
12/23/2020,0:00,349
12/23/2020,6:00,0
12/23/2020,12:00,190
12/23/2020,18:00,1020
12/24/2020,0:00,347
12/24/2020,6:00,0
12/24/2020,12:00,180
12/24/2020,18:00,1000
12/25/2020,0:00,340
12/25/2020,6:00,0
12/25/2020,12:00,180
12/25/2020,18:00,910
12/26/2020,0:00,216
12/26/2020,6:00,0
12/26/2020,12:00,160
12/26/2020,18:00,590
12/27/2020,0:00,171
12/27/2020,6:00,0
12/27/2020,12:00,140
12/27/2020,18:00,560
12/28/2020,0:00,335
12/28/2020,6:00,0
12/28/2020,12:00,170
12/28/2020,18:00,970
12/29/2020,0:00,204
12/29/2020,6:00,0
12/29/2020,12:00,170
12/29/2020,18:00,820
12/30/2020,0:00,326
12/30/2020,6:00,0
12/30/2020,12:00,170
12/30/2020,18:00,890
12/31/2020,0:00,274
12/31/2020,6:00,0
12/31/2020,12:00,130
12/31/2020,18:00,640
1/1/2021,0:00,330
1/1/2021,6:00,0
1/1/2021,12:00,180
1/1/2021,18:00,1000
1/2/2021,0:00,350
1/2/2021,6:00,0
1/2/2021,12:00,170
1/2/2021,18:00,1010
1/3/2021,0:00,350
1/3/2021,6:00,0
1/3/2021,12:00,170
1/3/2021,18:00,980
1/4/2021,0:00,330
1/4/2021,6:00,0
1/4/2021,12:00,160
1/4/2021,18:00,900
1/5/2021,0:00,170
1/5/2021,6:00,0
1/5/2021,12:00,40
1/5/2021,18:00,120
1/6/2021,0:00,150
1/6/2021,6:00,0
1/6/2021,12:00,160
1/6/2021,18:00,900
1/7/2021,0:00,205
1/7/2021,6:00,0
1/7/2021,12:00,20
1/7/2021,18:00,590
1/8/2021,0:00,283
1/8/2021,6:00,0
1/8/2021,12:00,170
1/8/2021,18:00,1010
1/9/2021,0:00,357
1/9/2021,6:00,0
1/9/2021,12:00,160
1/9/2021,18:00,980
1/10/2021,0:00,327
1/10/2021,6:00,0
1/10/2021,12:00,160
1/10/2021,18:00,840
1/11/2021,0:00,252
1/11/2021,6:00,0
1/11/2021,12:00,160
1/11/2021,18:00,920
1/12/2021,0:00,307
1/12/2021,6:00,0
1/12/2021,12:00,150
1/12/2021,18:00,820
1/13/2021,0:00,224
1/13/2021,6:00,0
1/13/2021,12:00,150
1/13/2021,18:00,940
1/14/2021,0:00,312
1/14/2021,6:00,0
1/14/2021,12:00,150
1/14/2021,18:00,960
1/15/2021,0:00,340
1/15/2021,6:00,0
1/15/2021,12:00,150
1/15/2021,18:00,940
1/16/2021,0:00,240
1/16/2021,6:00,0
1/16/2021,12:00,140
1/16/2021,18:00,790
1/17/2021,0:00,270
1/17/2021,6:00,0
1/17/2021,12:00,50
1/17/2021,18:00,460
1/18/2021,0:00,262
1/18/2021,6:00,0
1/18/2021,12:00,70
1/18/2021,18:00,990
1/19/2021,0:00,359
1/19/2021,6:00,0
1/19/2021,12:00,150
1/19/2021,18:00,870
1/20/2021,0:00,340
1/20/2021,6:00,0
1/20/2021,12:00,130
1/20/2021,18:00,730
1/21/2021,0:00,254
1/21/2021,6:00,0
1/21/2021,12:00,38
1/21/2021,18:00,700
1/22/2021,0:00,168
1/22/2021,6:00,0
1/22/2021,12:00,60
1/22/2021,18:00,740
1/23/2021,0:00,336
1/23/2021,6:00,0
1/23/2021,12:00,140
1/23/2021,18:00,920
1/24/2021,0:00,335
1/24/2021,6:00,0
1/24/2021,12:00,110
1/24/2021,18:00,780
1/25/2021,0:00,336
1/25/2021,6:00,0
1/25/2021,12:00,140
1/25/2021,18:00,930
1/26/2021,0:00,330
1/26/2021,6:00,0
1/26/2021,12:00,120
1/26/2021,18:00,590
1/27/2021,0:00,236
1/27/2021,6:00,0
1/27/2021,12:00,40
1/27/2021,18:00,240
1/28/2021,0:00,226
1/28/2021,6:00,0
1/28/2021,12:00,120
1/28/2021,18:00,880
1/29/2021,0:00,299
1/29/2021,6:00,0
1/29/2021,12:00,90
1/29/2021,18:00,740
1/30/2021,0:00,336
1/30/2021,6:00,0
1/30/2021,12:00,130
1/30/2021,18:00,780
1/31/2021,0:00,183
1/31/2021,6:00,0
1/31/2021,12:00,70
1/31/2021,18:00,170
2/1/2021,0:00,98
2/1/2021,6:00,0
2/1/2021,12:00,130
2/1/2021,18:00,930
2/2/2021,0:00,307
2/2/2021,6:00,0
2/2/2021,12:00,120
2/2/2021,18:00,910
2/3/2021,0:00,289
2/3/2021,6:00,0
2/3/2021,12:00,40
2/3/2021,18:00,540
2/4/2021,0:00,191
2/4/2021,6:00,0
2/4/2021,12:00,32
2/4/2021,18:00,510
2/5/2021,0:00,318
2/5/2021,6:00,0
2/5/2021,12:00,130
2/5/2021,18:00,970
2/6/2021,0:00,343
2/6/2021,6:00,0
2/6/2021,12:00,131
2/6/2021,18:00,970
2/7/2021,0:00,340
2/7/2021,6:00,0
2/7/2021,12:00,129
2/7/2021,18:00,960
2/8/2021,0:00,336
2/8/2021,6:00,0
2/8/2021,12:00,127
2/8/2021,18:00,950
2/9/2021,0:00,332
2/9/2021,6:00,0
2/9/2021,12:00,123
2/9/2021,18:00,890
2/10/2021,0:00,314
2/10/2021,6:00,0
2/10/2021,12:00,69
2/10/2021,18:00,640
2/11/2021,0:00,165
2/11/2021,6:00,0
2/11/2021,12:00,37
2/11/2021,18:00,710
2/12/2021,0:00,298
2/12/2021,6:00,0
2/12/2021,12:00,114
2/12/2021,18:00,870
2/13/2021,0:00,195
2/13/2021,6:00,0
2/13/2021,12:00,114
2/13/2021,18:00,900
2/14/2021,0:00,314
2/14/2021,6:00,0
2/14/2021,12:00,115
2/14/2021,18:00,911
2/15/2021,0:00,314
2/15/2021,6:00,0
2/15/2021,12:00,114
2/15/2021,18:00,901
2/16/2021,0:00,267
2/16/2021,6:00,0
2/16/2021,12:00,113
2/16/2021,18:00,920
2/17/2021,0:00,316
2/17/2021,6:00,0
2/17/2021,12:00,117
2/17/2021,18:00,940
2/18/2021,0:00,321
2/18/2021,6:00,0
2/18/2021,12:00,115
2/18/2021,18:00,926
2/19/2021,0:00,315
2/19/2021,6:00,0
2/19/2021,12:00,114
2/19/2021,18:00,924
2/20/2021,0:00,295
2/20/2021,6:00,0
2/20/2021,12:00,112
2/20/2021,18:00,924
2/21/2021,0:00,281
2/21/2021,6:00,0
2/21/2021,12:00,110
2/21/2021,18:00,909
2/22/2021,0:00,305
2/22/2021,6:00,0
2/22/2021,12:00,107
2/22/2021,18:00,890
2/23/2021,0:00,275
2/23/2021,6:00,0
2/23/2021,12:00,55
2/23/2021,18:00,886
2/24/2021,0:00,260
2/24/2021,6:00,0
2/24/2021,12:00,81
2/24/2021,18:00,870
2/25/2021,0:00,281
2/25/2021,6:00,0
2/25/2021,12:00,110
2/25/2021,18:00,892
2/26/2021,0:00,296
2/26/2021,6:00,0
2/26/2021,12:00,110
2/26/2021,18:00,888
2/27/2021,0:00,287
2/27/2021,6:00,0
2/27/2021,12:00,100
2/27/2021,18:00,890
2/28/2021,0:00,288
2/28/2021,6:00,0
2/28/2021,12:00,105
2/28/2021,18:00,889
3/1/2021,0:00,282
3/1/2021,6:00,0
3/1/2021,12:00,99
3/1/2021,18:00,845
3/2/2021,0:00,272
3/2/2021,6:00,0
3/2/2021,12:00,97
3/2/2021,18:00,834
3/3/2021,0:00,223
3/3/2021,6:00,0
3/3/2021,12:00,83
3/3/2021,18:00,653
3/4/2021,0:00,115
3/4/2021,6:00,0
3/4/2021,12:00,76
3/4/2021,18:00,337
3/5/2021,0:00,126
3/5/2021,6:00,0
3/5/2021,12:00,72
3/5/2021,18:00,676
3/6/2021,0:00,265
3/6/2021,6:00,0
3/6/2021,12:00,100
3/6/2021,18:00,817
3/7/2021,0:00,274
3/7/2021,6:00,0
3/7/2021,12:00,100
3/7/2021,18:00,874
3/8/2021,0:00,255
3/8/2021,6:00,0
3/8/2021,12:00,100
3/8/2021,18:00,874
3/9/2021,0:00,271
3/9/2021,6:00,0
3/9/2021,12:00,100
3/9/2021,18:00,780
3/10/2021,0:00,262
3/10/2021,6:00,0
3/10/2021,12:00,100
3/10/2021,18:00,871
3/11/2021,0:00,267
3/11/2021,6:00,0
3/11/2021,12:00,100
3/11/2021,18:00,872
3/12/2021,0:00,264
3/12/2021,6:00,0
3/12/2021,12:00,100
3/12/2021,18:00,867
3/13/2021,0:00,258
3/13/2021,6:00,0
3/13/2021,12:00,90
3/13/2021,18:00,856
3/14/2021,0:00,257
3/14/2021,6:00,0
3/14/2021,12:00,90
3/14/2021,18:00,832
3/15/2021,0:00,247
3/15/2021,6:00,0
3/15/2021,12:00,80
3/15/2021,18:00,818
3/16/2021,0:00,236
3/16/2021,6:00,0
3/16/2021,12:00,90
3/16/2021,18:00,805
3/17/2021,0:00,213
3/17/2021,6:00,0
3/17/2021,12:00,37
3/17/2021,18:00,658
3/18/2021,0:00,147
3/18/2021,6:00,0
3/18/2021,12:00,84
3/18/2021,18:00,508
3/19/2021,0:00,213
3/19/2021,6:00,0
3/19/2021,12:00,85
3/19/2021,18:00,815
3/20/2021,0:00,233
3/20/2021,6:00,0
3/20/2021,12:00,80
3/20/2021,18:00,749
3/21/2021,0:00,189
3/21/2021,6:00,0
3/21/2021,12:00,30
3/21/2021,18:00,394
3/22/2021,0:00,78
3/22/2021,6:00,0
3/22/2021,12:00,80
3/22/2021,18:00,739
3/23/2021,0:00,177
3/23/2021,6:00,0
3/23/2021,12:00,25.12
3/23/2021,18:00,307.408
3/24/2021,0:00,164.56
3/24/2021,6:00,0
3/24/2021,12:00,69.36
3/24/2021,18:00,749.968
3/25/2021,0:00,176.32
3/25/2021,6:00,0
3/25/2021,12:00,79.68
3/25/2021,18:00,781.568
3/26/2021,0:00,192.24
3/26/2021,6:00,0
3/26/2021,12:00,11.96
3/26/2021,18:00,626.208
3/27/2021,0:00,140.656
3/27/2021,6:00,0
3/27/2021,12:00,17.42
3/27/2021,18:00,248.112
3/28/2021,0:00,112.832
3/28/2021,6:00,0
3/28/2021,12:00,27.58
3/28/2021,18:00,335.312
3/29/2021,0:00,63.12
3/29/2021,6:00,0
3/29/2021,12:00,35.56
3/29/2021,18:00,531.632
3/30/2021,0:00,198.016
3/30/2021,6:00,0
3/30/2021,12:00,77.296
3/30/2021,18:00,624.928
3/31/2021,0:00,127.872
3/31/2021,6:00,0
3/31/2021,12:00,77.62
3/31/2021,18:00,786.272
4/1/2021,0:00,206.56
4/1/2021,6:00,0
4/1/2021,12:00,77.88
4/1/2021,18:00,780.48
4/2/2021,0:00,202.656
4/2/2021,6:00,0
4/2/2021,12:00,75.38
4/2/2021,18:00,771.984
4/3/2021,0:00,198.496
4/3/2021,6:00,0
4/3/2021,12:00,73.952
4/3/2021,18:00,761.952
4/4/2021,0:00,194.528
4/4/2021,6:00,0
4/4/2021,12:00,72.432
4/4/2021,18:00,658.64
4/5/2021,0:00,120.128
4/5/2021,6:00,0
4/5/2021,12:00,50.512
4/5/2021,18:00,382.768
4/6/2021,0:00,47.264
4/6/2021,6:00,0
4/6/2021,12:00,61.38
4/6/2021,18:00,678.976
4/7/2021,0:00,180.464
4/7/2021,6:00,0
4/7/2021,12:00,71.02
4/7/2021,18:00,744.24
4/8/2021,0:00,184.8
4/8/2021,6:00,0
4/8/2021,12:00,68.2
4/8/2021,18:00,700.736
4/9/2021,0:00,138.32
4/9/2021,6:00,0
4/9/2021,12:00,66.72
4/9/2021,18:00,693.312
4/10/2021,0:00,174.272
4/10/2021,6:00,0
4/10/2021,12:00,63.2
4/10/2021,18:00,719.584
4/11/2021,0:00,174.096
4/11/2021,6:00,0
4/11/2021,12:00,65.888
4/11/2021,18:00,669.568
4/12/2021,0:00,122.384
4/12/2021,6:00,0
4/12/2021,12:00,67.008
4/12/2021,18:00,734.464
4/13/2021,0:00,175.312
4/13/2021,6:00,0
4/13/2021,12:00,67.936
4/13/2021,18:00,689.088
4/14/2021,0:00,144.352
4/14/2021,6:00,0
4/14/2021,12:00,37.12
4/14/2021,18:00,171.056
4/15/2021,0:00,40.576
4/15/2021,6:00,0
4/15/2021,12:00,59.712
4/15/2021,18:00,430.8
4/16/2021,0:00,42.704
4/16/2021,6:00,0
4/16/2021,12:00,27.504
4/16/2021,18:00,260.864
4/17/2021,0:00,96
4/17/2021,6:00,0
4/17/2021,12:00,60.912
4/17/2021,18:00,685.856
4/18/2021,0:00,151.904
4/18/2021,6:00,0
4/18/2021,12:00,52.576
4/18/2021,18:00,676.016
4/19/2021,0:00,156.4
4/19/2021,6:00,0
4/19/2021,12:00,60.816
4/19/2021,18:00,689.168
4/20/2021,0:00,155.392
4/20/2021,6:00,0
4/20/2021,12:00,60.336
4/20/2021,18:00,686.176
4/21/2021,0:00,145.2
4/21/2021,6:00,0
4/21/2021,12:00,59.808
4/21/2021,18:00,686.704
4/22/2021,0:00,153.056
4/22/2021,6:00,0
4/22/2021,12:00,58.128
4/22/2021,18:00,678.592
4/23/2021,0:00,149.312
4/23/2021,6:00,0
4/23/2021,12:00,57.52
4/23/2021,18:00,657.568
4/24/2021,0:00,141.664
4/24/2021,6:00,0
4/24/2021,12:00,37.792
4/24/2021,18:00,97.072
4/25/2021,0:00,7.76
4/25/2021,6:00,0
4/25/2021,12:00,5.712
4/25/2021,18:00,322.928
4/26/2021,0:00,44.576
4/26/2021,6:00,0
4/26/2021,12:00,57.648
4/26/2021,18:00,680.656
4/27/2021,0:00,143.6
4/27/2021,6:00,0
4/27/2021,12:00,56.688
4/27/2021,18:00,673.744
4/28/2021,0:00,143.904
4/28/2021,6:00,0
4/28/2021,12:00,57.168
4/28/2021,18:00,680.144
4/29/2021,0:00,145.136
4/29/2021,6:00,0
4/29/2021,12:00,56.112
4/29/2021,18:00,669.776
4/30/2021,0:00,141.648
4/30/2021,6:00,0
4/30/2021,12:00,54.784
4/30/2021,18:00,663.36
5/1/2021,0:00,138.352
5/1/2021,6:00,0
5/1/2021,12:00,52.336
5/1/2021,18:00,644.752
5/2/2021,0:00,134.544
5/2/2021,6:00,0
5/2/2021,12:00,47.776
5/2/2021,18:00,548.928
5/3/2021,0:00,94.656
5/3/2021,6:00,0
5/3/2021,12:00,49.216
5/3/2021,18:00,620.144
5/4/2021,0:00,122.496
5/4/2021,6:00,0
5/4/2021,12:00,47.36
5/4/2021,18:00,530.704
5/5/2021,0:00,65.648
5/5/2021,6:00,0
5/5/2021,12:00,8.128
5/5/2021,18:00,200.592
5/6/2021,0:00,29.936
5/6/2021,6:00,0
5/6/2021,12:00,1.936
5/6/2021,18:00,94.4
5/7/2021,0:00,88.016
5/7/2021,6:00,0
5/7/2021,12:00,50.16
5/7/2021,18:00,638.608
5/8/2021,0:00,128.752
5/8/2021,6:00,0
5/8/2021,12:00,49.008
5/8/2021,18:00,626.736
5/9/2021,0:00,125.376
5/9/2021,6:00,0
5/9/2021,12:00,47.152
5/9/2021,18:00,610.512
5/10/2021,0:00,119.392
5/10/2021,6:00,0
5/10/2021,12:00,42.928
5/10/2021,18:00,297.808
5/11/2021,0:00,79.424
5/11/2021,6:00,0
5/11/2021,12:00,10.928
5/11/2021,18:00,61.616
5/12/2021,0:00,4.048
5/12/2021,6:00,0
5/12/2021,12:00,43.888
5/12/2021,18:00,616.688
5/13/2021,0:00,122.96
5/13/2021,6:00,0
5/13/2021,12:00,47.28
5/13/2021,18:00,620.608
5/14/2021,0:00,121.04
5/14/2021,6:00,0
5/14/2021,12:00,15.984
5/14/2021,18:00,455.632
5/15/2021,0:00,87.648
5/15/2021,6:00,0
5/15/2021,12:00,43.552
5/15/2021,18:00,594.496
5/16/2021,0:00,115.728
5/16/2021,6:00,0
5/16/2021,12:00,41.18
5/16/2021,18:00,493.216
5/17/2021,0:00,100.624
5/17/2021,6:00,0
5/17/2021,12:00,40.14
5/17/2021,18:00,519.456
5/18/2021,0:00,110.48
5/18/2021,6:00,0
5/18/2021,12:00,41.648
5/18/2021,18:00,591.104
5/19/2021,0:00,112.656
5/19/2021,6:00,0
5/19/2021,12:00,41.392
5/19/2021,18:00,589.936
5/20/2021,0:00,111.2
5/20/2021,6:00,0
5/20/2021,12:00,34.96
5/20/2021,18:00,245.776
5/21/2021,0:00,32.528
5/21/2021,6:00,0
5/21/2021,12:00,7.616
5/21/2021,18:00,293.712
5/22/2021,0:00,65.024
5/22/2021,6:00,0
5/22/2021,12:00,10.58
5/22/2021,18:00,230.672
5/23/2021,0:00,105.936
5/23/2021,6:00,0
5/23/2021,12:00,38.368
5/23/2021,18:00,400.624
5/24/2021,0:00,39.136
5/24/2021,6:00,0
5/24/2021,12:00,37.696
5/24/2021,18:00,571.216
5/25/2021,0:00,107.12
5/25/2021,6:00,0
5/25/2021,12:00,37.552
5/25/2021,18:00,573.696
5/26/2021,0:00,108.336
5/26/2021,6:00,0
5/26/2021,12:00,33.472
5/26/2021,18:00,556.016
5/27/2021,0:00,103.648
5/27/2021,6:00,0
5/27/2021,12:00,35.696
5/27/2021,18:00,551.856
5/28/2021,0:00,97.6
5/28/2021,6:00,0
5/28/2021,12:00,1.872
5/28/2021,18:00,277.408
5/29/2021,0:00,91.584
5/29/2021,6:00,0
5/29/2021,12:00,6.976
5/29/2021,18:00,254.768
5/30/2021,0:00,54.368
5/30/2021,6:00,0
5/30/2021,12:00,32.992
5/30/2021,18:00,555.232
5/31/2021,0:00,104.56
5/31/2021,6:00,0
5/31/2021,12:00,35.6
5/31/2021,18:00,561.888
6/1/2021,0:00,103.36
6/1/2021,6:00,0
6/1/2021,12:00,34.128
6/1/2021,18:00,544.944
6/2/2021,0:00,100.064
6/2/2021,6:00,0
6/2/2021,12:00,6.04
6/2/2021,18:00,479.328
6/3/2021,0:00,69.344
6/3/2021,6:00,0
6/3/2021,12:00,31.52
6/3/2021,18:00,524.864
6/4/2021,0:00,95.2
6/4/2021,6:00,0
6/4/2021,12:00,30.4
6/4/2021,18:00,515.44
6/5/2021,0:00,96
6/5/2021,6:00,0
6/5/2021,12:00,27.98
6/5/2021,18:00,435.808
6/6/2021,0:00,76.64
6/6/2021,6:00,0
6/6/2021,12:00,2.64
6/6/2021,18:00,91.952
6/7/2021,0:00,22.288
6/7/2021,6:00,0
6/7/2021,12:00,8.34
6/7/2021,18:00,145.952
6/8/2021,0:00,22.384
6/8/2021,6:00,0
6/8/2021,12:00,11.68
6/8/2021,18:00,76.976
6/9/2021,0:00,7.12
6/9/2021,6:00,0
6/9/2021,12:00,6.832
6/9/2021,18:00,393.248
6/10/2021,0:00,61.856
6/10/2021,6:00,0
6/10/2021,12:00,5.264
6/10/2021,18:00,51.104
6/11/2021,0:00,32.624
6/11/2021,6:00,0
6/11/2021,12:00,29.728
6/11/2021,18:00,529.04
6/12/2021,0:00,95.824
6/12/2021,6:00,0
6/12/2021,12:00,29.472
6/12/2021,18:00,522.96
6/13/2021,0:00,97.44
6/13/2021,6:00,0
6/13/2021,12:00,29.392
6/13/2021,18:00,525.728
6/14/2021,0:00,98.576
6/14/2021,6:00,0
6/14/2021,12:00,29.024
6/14/2021,18:00,521.632
6/15/2021,0:00,97.568
6/15/2021,6:00,0
6/15/2021,12:00,28.112
6/15/2021,18:00,486.48
6/16/2021,0:00,68.416
6/16/2021,6:00,0
6/16/2021,12:00,27.264
6/16/2021,18:00,435.088
6/17/2021,0:00,59.376
6/17/2021,6:00,0
6/17/2021,12:00,27.696
6/17/2021,18:00,519.616
6/18/2021,0:00,96.768
6/18/2021,6:00,0
6/18/2021,12:00,10.24
6/18/2021,18:00,285.568
6/19/2021,0:00,67.936
6/19/2021,6:00,0
6/19/2021,12:00,0.94
6/19/2021,18:00,22.304
6/20/2021,0:00,4.032
6/20/2021,6:00,0
6/20/2021,12:00,4.86
6/20/2021,18:00,169.616
6/21/2021,0:00,44.224
6/21/2021,6:00,0
6/21/2021,12:00,23.072
6/21/2021,18:00,51.072
6/22/2021,0:00,5.456
6/22/2021,6:00,0
6/22/2021,12:00,14.416
6/22/2021,18:00,477.472
6/23/2021,0:00,98.512
6/23/2021,6:00,0
6/23/2021,12:00,13.264
6/23/2021,18:00,200.8
6/24/2021,0:00,46.96
6/24/2021,6:00,0
6/24/2021,12:00,5.904
6/24/2021,18:00,67.312
6/25/2021,0:00,24.576
6/25/2021,6:00,0
6/25/2021,12:00,27.856
6/25/2021,18:00,528.24
6/26/2021,0:00,65.744
6/26/2021,6:00,0
6/26/2021,12:00,16.976
6/26/2021,18:00,325.776
6/27/2021,0:00,67.456
6/27/2021,6:00,0
6/27/2021,12:00,0.496
6/27/2021,18:00,24.56
6/28/2021,0:00,2.896
6/28/2021,6:00,0
6/28/2021,12:00,28.4
6/28/2021,18:00,538.64
6/29/2021,0:00,105.408
6/29/2021,6:00,0
6/29/2021,12:00,13.456
6/29/2021,18:00,520.56
6/30/2021,0:00,104.144
6/30/2021,6:00,0
6/30/2021,12:00,27.12
6/30/2021,18:00,531.456
7/1/2021,0:00,104.816
7/1/2021,6:00,0
7/1/2021,12:00,27.488
7/1/2021,18:00,536
7/2/2021,0:00,106.784
7/2/2021,6:00,0
7/2/2021,12:00,27.936
7/2/2021,18:00,522.944
7/3/2021,0:00,101.36
7/3/2021,6:00,0
7/3/2021,12:00,19.488
7/3/2021,18:00,426.768
7/4/2021,0:00,68.4
7/4/2021,6:00,0
7/4/2021,12:00,20.88
7/4/2021,18:00,421.856
7/5/2021,0:00,81.232
7/5/2021,6:00,0
7/5/2021,12:00,26.416
7/5/2021,18:00,516.368
7/6/2021,0:00,102.928
7/6/2021,6:00,0
7/6/2021,12:00,26.544
7/6/2021,18:00,520.288
7/7/2021,0:00,105.056
7/7/2021,6:00,0
7/7/2021,12:00,26.992
7/7/2021,18:00,525.856
7/8/2021,0:00,104.96
7/8/2021,6:00,0
7/8/2021,12:00,26.848
7/8/2021,18:00,524.592
7/9/2021,0:00,106.32
7/9/2021,6:00,0
7/9/2021,12:00,28.16
7/9/2021,18:00,541.936
7/10/2021,0:00,111.488
7/10/2021,6:00,0
7/10/2021,12:00,28.4
7/10/2021,18:00,527.152
7/11/2021,0:00,104.848
7/11/2021,6:00,0
7/11/2021,12:00,26.864
7/11/2021,18:00,521.936
7/12/2021,0:00,107.312
7/12/2021,6:00,0
7/12/2021,12:00,21.312
7/12/2021,18:00,470.832
7/13/2021,0:00,103.296
7/13/2021,6:00,0
7/13/2021,12:00,20.64
7/13/2021,18:00,291.584
7/14/2021,0:00,71.344
7/14/2021,6:00,0
7/14/2021,12:00,8.048
7/14/2021,18:00,469.568
7/15/2021,0:00,74.816
7/15/2021,6:00,0
7/15/2021,12:00,6.56
7/15/2021,18:00,29.168
7/16/2021,0:00,13.872
7/16/2021,6:00,0
7/16/2021,12:00,29.84
7/16/2021,18:00,555.616
7/17/2021,0:00,117.056
7/17/2021,6:00,0
7/17/2021,12:00,29.92
7/17/2021,18:00,552.176
7/18/2021,0:00,116.752
7/18/2021,6:00,0
7/18/2021,12:00,31.744
7/18/2021,18:00,577.632
7/19/2021,0:00,123.216
7/19/2021,6:00,0
7/19/2021,12:00,31.344
7/19/2021,18:00,573.008
7/20/2021,0:00,121.104
7/20/2021,6:00,0
7/20/2021,12:00,22.176
7/20/2021,18:00,405.744
7/21/2021,0:00,75.584
7/21/2021,6:00,0
7/21/2021,12:00,32.448
7/21/2021,18:00,562.8
7/22/2021,0:00,118.4
7/22/2021,6:00,0
7/22/2021,12:00,30.896
7/22/2021,18:00,556.192
7/23/2021,0:00,120.32
7/23/2021,6:00,0
7/23/2021,12:00,32.368
7/23/2021,18:00,584.624
7/24/2021,0:00,126
7/24/2021,6:00,0
7/24/2021,12:00,32.288
7/24/2021,18:00,567.264
7/25/2021,0:00,122.688
7/25/2021,6:00,0
7/25/2021,12:00,31.28
7/25/2021,18:00,540.208
7/26/2021,0:00,105.344
7/26/2021,6:00,0
7/26/2021,12:00,19.456
7/26/2021,18:00,236.576
7/27/2021,0:00,23.984
7/27/2021,6:00,0
7/27/2021,12:00,4.784
7/27/2021,18:00,489.696
7/28/2021,0:00,133.776
7/28/2021,6:00,0
7/28/2021,12:00,36
7/28/2021,18:00,593.248
7/29/2021,0:00,122.336
7/29/2021,6:00,0
7/29/2021,12:00,36.832
7/29/2021,18:00,607.2
7/30/2021,0:00,134.416
7/30/2021,6:00,0
7/30/2021,12:00,37.168
7/30/2021,18:00,606.464
7/31/2021,0:00,134.88
7/31/2021,6:00,0
7/31/2021,12:00,36.928
7/31/2021,18:00,604.048
8/1/2021,0:00,86.688
8/1/2021,6:00,0
8/1/2021,12:00,36.448
8/1/2021,18:00,596.096
8/2/2021,0:00,132.656
8/2/2021,6:00,0
8/2/2021,12:00,38.4
8/2/2021,18:00,613.68
8/3/2021,0:00,138.576
8/3/2021,6:00,0
8/3/2021,12:00,39.952
8/3/2021,18:00,577.2
8/4/2021,0:00,120.208
8/4/2021,6:00,0
8/4/2021,12:00,39.072
8/4/2021,18:00,539.44
8/5/2021,0:00,126.64
8/5/2021,6:00,0
8/5/2021,12:00,26.368
8/5/2021,18:00,455.136
8/6/2021,0:00,94.64
8/6/2021,6:00,0
8/6/2021,12:00,32.368
8/6/2021,18:00,498.752
8/7/2021,0:00,127.152
8/7/2021,6:00,0
8/7/2021,12:00,40.304
8/7/2021,18:00,605.248
8/8/2021,0:00,137.792
8/8/2021,6:00,0
8/8/2021,12:00,41.76
8/8/2021,18:00,620.128
8/9/2021,0:00,141.952
8/9/2021,6:00,0
8/9/2021,12:00,35.344
8/9/2021,18:00,450.64
8/10/2021,0:00,28.112
8/10/2021,6:00,0
8/10/2021,12:00,6.672
8/10/2021,18:00,53.04
8/11/2021,0:00,49.472
8/11/2021,6:00,0
8/11/2021,12:00,43.776
8/11/2021,18:00,642.192
8/12/2021,0:00,150.416
8/12/2021,6:00,0
8/12/2021,12:00,34.208
8/12/2021,18:00,327.792
8/13/2021,0:00,81.44
8/13/2021,6:00,0
8/13/2021,12:00,44.784
8/13/2021,18:00,550.4
8/14/2021,0:00,33.76
8/14/2021,6:00,0
8/14/2021,12:00,23.296
8/14/2021,18:00,210.384
8/15/2021,0:00,85.28
8/15/2021,6:00,0
8/15/2021,12:00,46.896
8/15/2021,18:00,600.592
8/16/2021,0:00,59.84
8/16/2021,6:00,0
8/16/2021,12:00,48.128
8/16/2021,18:00,646
8/17/2021,0:00,142.224
8/17/2021,6:00,0
8/17/2021,12:00,49.088
8/17/2021,18:00,643.616
8/18/2021,0:00,148.992
8/18/2021,6:00,0
8/18/2021,12:00,49.952
8/18/2021,18:00,649.456
8/19/2021,0:00,151.184
8/19/2021,6:00,0
8/19/2021,12:00,52.176
8/19/2021,18:00,662.16
8/20/2021,0:00,156.256
8/20/2021,6:00,0
8/20/2021,12:00,53.248
8/20/2021,18:00,629.872
8/21/2021,0:00,88.368
8/21/2021,6:00,0
8/21/2021,12:00,53.952
8/21/2021,18:00,673.264
8/22/2021,0:00,159.088
8/22/2021,6:00,0
8/22/2021,12:00,56.032
8/22/2021,18:00,681.184
8/23/2021,0:00,160.944
8/23/2021,6:00,0
8/23/2021,12:00,56.448
8/23/2021,18:00,451.472
8/24/2021,0:00,87.648
8/24/2021,6:00,0
8/24/2021,12:00,23.312
8/24/2021,18:00,531.68
8/25/2021,0:00,151.52
8/25/2021,6:00,0
8/25/2021,12:00,6.784
8/25/2021,18:00,369.392
8/26/2021,0:00,26.016
8/26/2021,6:00,0
8/26/2021,12:00,3.712
8/26/2021,18:00,374.576
8/27/2021,0:00,48.608
8/27/2021,6:00,0
8/27/2021,12:00,49.552
8/27/2021,18:00,673.12
8/28/2021,0:00,149.072
8/28/2021,6:00,0
8/28/2021,12:00,64.4
8/28/2021,18:00,708.592
8/29/2021,0:00,106.448
8/29/2021,6:00,0
8/29/2021,12:00,63.216
8/29/2021,18:00,643.104
8/30/2021,0:00,143.344
8/30/2021,6:00,0
8/30/2021,12:00,65.904
8/30/2021,18:00,717.584
8/31/2021,0:00,173.792
8/31/2021,6:00,0
8/31/2021,12:00,68.592
8/31/2021,18:00,718.272
9/1/2021,0:00,174.144
9/1/2021,6:00,0
9/1/2021,12:00,70.448
9/1/2021,18:00,738.112
9/2/2021,0:00,174.256
9/2/2021,6:00,0
9/2/2021,12:00,45.184
9/2/2021,18:00,531.744
9/3/2021,0:00,117.024
9/3/2021,6:00,0
9/3/2021,12:00,69.312
9/3/2021,18:00,646.528
9/4/2021,0:00,171.488
9/4/2021,6:00,0
9/4/2021,12:00,65.392
9/4/2021,18:00,612.368
9/5/2021,0:00,105.728
9/5/2021,6:00,0
9/5/2021,12:00,74.048
9/5/2021,18:00,295.168
9/6/2021,0:00,158.912
9/6/2021,6:00,0
9/6/2021,12:00,32.272
9/6/2021,18:00,430.816
9/7/2021,0:00,54.752
9/7/2021,6:00,0
9/7/2021,12:00,56.544
9/7/2021,18:00,519.744
9/8/2021,0:00,95.392
9/8/2021,6:00,0
9/8/2021,12:00,2.608
9/8/2021,18:00,20.544
9/9/2021,0:00,11.312
9/9/2021,6:00,0
9/9/2021,12:00,85.264
9/9/2021,18:00,780.128
9/10/2021,0:00,183.44
9/10/2021,6:00,0
9/10/2021,12:00,86.176
9/10/2021,18:00,771.072
9/11/2021,0:00,188.112
9/11/2021,6:00,0
9/11/2021,12:00,88.304
9/11/2021,18:00,789.296
9/12/2021,0:00,192.032
9/12/2021,6:00,0
9/12/2021,12:00,84.688
9/12/2021,18:00,754.832
9/13/2021,0:00,182.464
9/13/2021,6:00,0
9/13/2021,12:00,14.816
9/13/2021,18:00,312.032
9/14/2021,0:00,108.864
9/14/2021,6:00,0
9/14/2021,12:00,14.352
9/14/2021,18:00,361.968
9/15/2021,0:00,70.048
9/15/2021,6:00,0
9/15/2021,12:00,96.64
9/15/2021,18:00,768.064
9/16/2021,0:00,171.76
9/16/2021,6:00,0
9/16/2021,12:00,94.912
9/16/2021,18:00,417.568
9/17/2021,0:00,20
9/17/2021,6:00,0
9/17/2021,12:00,3.552
9/17/2021,18:00,72.992
9/18/2021,0:00,15.312
9/18/2021,6:00,0
9/18/2021,12:00,93.696
9/18/2021,18:00,777.856
9/19/2021,0:00,189.312
9/19/2021,6:00,0
9/19/2021,12:00,95.392
9/19/2021,18:00,565.184
9/20/2021,0:00,153.664
9/20/2021,6:00,0
9/20/2021,12:00,99.872
9/20/2021,18:00,793.84
9/21/2021,0:00,186.512
9/21/2021,6:00,0
9/21/2021,12:00,18.352
9/21/2021,18:00,225.008
9/22/2021,0:00,40.544
9/22/2021,6:00,0
9/22/2021,12:00,110.784
9/22/2021,18:00,777.792
9/23/2021,0:00,167.376
9/23/2021,6:00,0
9/23/2021,12:00,71.648
9/23/2021,18:00,303.472
9/24/2021,0:00,152.544
9/24/2021,6:00,0
9/24/2021,12:00,28.544
9/24/2021,18:00,766.048
9/25/2021,0:00,208.256
9/25/2021,6:00,0
9/25/2021,12:00,115.984
9/25/2021,18:00,855.312
9/26/2021,0:00,210.496
9/26/2021,6:00,0
9/26/2021,12:00,118.464
9/26/2021,18:00,866.832
9/27/2021,0:00,213.392
9/27/2021,6:00,0
9/27/2021,12:00,119.168
9/27/2021,18:00,854.96
9/28/2021,0:00,209.472
9/28/2021,6:00,0
9/28/2021,12:00,78.832
9/28/2021,18:00,408.656
9/29/2021,0:00,12.624
9/29/2021,6:00,0
9/29/2021,12:00,52.384
9/29/2021,18:00,656.848
9/30/2021,0:00,149.152
9/30/2021,6:00,0
9/30/2021,12:00,79.728
9/30/2021,18:00,825.152
10/1/2021,0:00,135.904
10/1/2021,6:00,0
10/1/2021,12:00,11.36
10/1/2021,18:00,108.528
10/2/2021,0:00,51.232
10/2/2021,6:00,0
10/2/2021,12:00,72.096
10/2/2021,18:00,194.608
10/3/2021,0:00,59.824
10/3/2021,6:00,0
10/3/2021,12:00,7.072
10/3/2021,18:00,70.52
10/4/2021,0:00,40.672
10/4/2021,6:00,0
10/4/2021,12:00,24.48
10/4/2021,18:00,359.1
10/5/2021,0:00,190.432
10/5/2021,6:00,0
10/5/2021,12:00,137.744
10/5/2021,18:00,904.192
10/6/2021,0:00,219.824
10/6/2021,6:00,0
10/6/2021,12:00,34.592
10/6/2021,18:00,143.488
10/7/2021,0:00,6.352
10/7/2021,6:00,0
10/7/2021,12:00,83.936
10/7/2021,18:00,886.896
10/8/2021,0:00,222.976
10/8/2021,6:00,0
10/8/2021,12:00,41.808
10/8/2021,18:00,207.6
10/9/2021,0:00,6.816
10/9/2021,6:00,0
10/9/2021,12:00,20.016
10/9/2021,18:00,110.016
10/10/2021,0:00,39.584
10/10/2021,6:00,0
10/10/2021,12:00,40.992
10/10/2021,18:00,367.84
10/11/2021,0:00,176.224
10/11/2021,6:00,0
10/11/2021,12:00,27.28
10/11/2021,18:00,301.98
10/12/2021,0:00,201.488
10/12/2021,6:00,0
10/12/2021,12:00,143.12
10/12/2021,18:00,898.44
10/13/2021,0:00,228.176
10/13/2021,6:00,0
10/13/2021,12:00,98.16
10/13/2021,18:00,687.08
10/14/2021,0:00,185.44
10/14/2021,6:00,0
10/14/2021,12:00,72.144
10/14/2021,18:00,586.94
10/15/2021,0:00,201.76
10/15/2021,6:00,0
10/15/2021,12:00,15.36
10/15/2021,18:00,86.82
10/16/2021,0:00,22.944
10/16/2021,6:00,0
10/16/2021,12:00,34.52
10/16/2021,18:00,203.96
10/17/2021,0:00,60.48
10/17/2021,6:00,0
10/17/2021,12:00,84.82
10/17/2021,18:00,534.46
10/18/2021,0:00,104.08
10/18/2021,6:00,0
10/18/2021,12:00,145.5
10/18/2021,18:00,781.26
10/19/2021,0:00,237.264
10/19/2021,6:00,0
10/19/2021,12:00,158.144
10/19/2021,18:00,925.6
10/20/2021,0:00,240.72
10/20/2021,6:00,0
10/20/2021,12:00,161.6
10/20/2021,18:00,938.12
10/21/2021,0:00,239.168
10/21/2021,6:00,0
10/21/2021,12:00,161.776
10/21/2021,18:00,934.74
10/22/2021,0:00,242.32
10/22/2021,6:00,0
10/22/2021,12:00,164.02
10/22/2021,18:00,937.42
10/23/2021,0:00,243.104
10/23/2021,6:00,0
10/23/2021,12:00,45.24
10/23/2021,18:00,110.46
10/24/2021,0:00,12.88
10/24/2021,6:00,0
10/24/2021,12:00,57.312
10/24/2021,18:00,837.8
10/25/2021,0:00,251.808
10/25/2021,6:00,0
10/25/2021,12:00,175.4
10/25/2021,18:00,963.82
10/26/2021,0:00,250.96
10/26/2021,6:00,0
10/26/2021,12:00,171.08
10/26/2021,18:00,945.64
10/27/2021,0:00,248.416
10/27/2021,6:00,0
10/27/2021,12:00,171.008
10/27/2021,18:00,945.12
10/28/2021,0:00,250.192
10/28/2021,6:00,0
10/28/2021,12:00,174.176
10/28/2021,18:00,919.06
10/29/2021,0:00,226.368
10/29/2021,6:00,0
10/29/2021,12:00,152.58
10/29/2021,18:00,776.98
10/30/2021,0:00,67.904
10/30/2021,6:00,0
10/30/2021,12:00,163.32
10/30/2021,18:00,692.38
10/31/2021,0:00,165.744
10/31/2021,6:00,0
10/31/2021,12:00,171.9
10/31/2021,18:00,927.38
11/1/2021,0:00,182.56
11/1/2021,6:00,0
11/1/2021,12:00,176.48
11/1/2021,18:00,925.34
11/2/2021,0:00,213.856
11/2/2021,6:00,0
11/2/2021,12:00,177.28
11/2/2021,18:00,912.26
11/3/2021,0:00,70.144
11/3/2021,6:00,0
11/3/2021,12:00,111.92
11/3/2021,18:00,926.36
11/4/2021,0:00,139.456
11/4/2021,6:00,0
11/4/2021,12:00,178.66
11/4/2021,18:00,858.76
11/5/2021,0:00,99.072
11/5/2021,6:00,0
11/5/2021,12:00,178.44
11/5/2021,18:00,676.1
11/6/2021,0:00,31.024
11/6/2021,6:00,0
11/6/2021,12:00,119.7
11/6/2021,18:00,589.64
11/7/2021,0:00,133.184
11/7/2021,6:00,0
11/7/2021,12:00,68.12
11/7/2021,18:00,575.72
11/8/2021,0:00,64.736
11/8/2021,6:00,0
11/8/2021,12:00,166.4
11/8/2021,18:00,938.96
11/9/2021,0:00,264.768
11/9/2021,6:00,0
11/9/2021,12:00,191.8
11/9/2021,18:00,989.02
11/10/2021,0:00,275.184
11/10/2021,6:00,0
11/10/2021,12:00,192.18
11/10/2021,18:00,864.48
11/11/2021,0:00,208.464
11/11/2021,6:00,0
11/11/2021,12:00,185.06
11/11/2021,18:00,507.32
11/12/2021,0:00,82.064
11/12/2021,6:00,0
11/12/2021,12:00,186.56
11/12/2021,18:00,787.1
11/13/2021,0:00,87.824
11/13/2021,6:00,0
11/13/2021,12:00,189.1
11/13/2021,18:00,757.52
11/14/2021,0:00,273.2
11/14/2021,6:00,0
11/14/2021,12:00,182.8
11/14/2021,18:00,874.34
11/15/2021,0:00,191.712
11/15/2021,6:00,0
11/15/2021,12:00,111.08
11/15/2021,18:00,941.84
11/16/2021,0:00,74.208
11/16/2021,6:00,0
11/16/2021,12:00,142.26
11/16/2021,18:00,361.6
11/17/2021,0:00,50.08
11/17/2021,6:00,0
11/17/2021,12:00,43.16
11/17/2021,18:00,56.92
11/18/2021,0:00,6.4
11/18/2021,6:00,0
11/18/2021,12:00,25.16
11/18/2021,18:00,637.76
11/19/2021,0:00,74.144
11/19/2021,6:00,0
11/19/2021,12:00,198.88
11/19/2021,18:00,1002.14
11/20/2021,0:00,288.864
11/20/2021,6:00,0
11/20/2021,12:00,202.88
11/20/2021,18:00,1004.04
11/21/2021,0:00,289.52
11/21/2021,6:00,0
11/21/2021,12:00,199.18
11/21/2021,18:00,997.48
11/22/2021,0:00,289.456
11/22/2021,6:00,0
11/22/2021,12:00,194.96
11/22/2021,18:00,980.14
11/23/2021,0:00,284.336
11/23/2021,6:00,0
11/23/2021,12:00,170.08
11/23/2021,18:00,686.54
11/24/2021,0:00,262.56
11/24/2021,6:00,0
11/24/2021,12:00,203.24
11/24/2021,18:00,1007.1
11/25/2021,0:00,295.264
11/25/2021,6:00,0
11/25/2021,12:00,181.56
11/25/2021,18:00,614.3
11/26/2021,0:00,15.76
11/26/2021,6:00,0
11/26/2021,12:00,68.72
11/26/2021,18:00,313.02
11/27/2021,0:00,182.352
11/27/2021,6:00,0
11/27/2021,12:00,128.98
11/27/2021,18:00,769.6
11/28/2021,0:00,297.072
11/28/2021,6:00,0
11/28/2021,12:00,146.84
11/28/2021,18:00,573
11/29/2021,0:00,103.66
11/29/2021,6:00,0
11/29/2021,12:00,201.12
11/29/2021,18:00,1008.1
11/30/2021,0:00,193.42
11/30/2021,6:00,0
11/30/2021,12:00,197.66
11/30/2021,18:00,1002.92
12/1/2021,0:00,306.62
12/1/2021,6:00,0
12/1/2021,12:00,200.88
12/1/2021,18:00,1007.8
12/2/2021,0:00,307.856
12/2/2021,6:00,0
12/2/2021,12:00,197.12
12/2/2021,18:00,1004.04
12/3/2021,0:00,310.016
12/3/2021,6:00,0
12/3/2021,12:00,198.3
12/3/2021,18:00,1002.5
12/4/2021,0:00,309.2
12/4/2021,6:00,0
12/4/2021,12:00,182.02
12/4/2021,18:00,946.06
12/5/2021,0:00,292.816
12/5/2021,6:00,0
12/5/2021,12:00,178.22
12/5/2021,18:00,956.84
12/6/2021,0:00,282.26
12/6/2021,6:00,0
12/6/2021,12:00,193.28
12/6/2021,18:00,974.58
12/7/2021,0:00,279.14
12/7/2021,6:00,0
12/7/2021,12:00,194.14
12/7/2021,18:00,995.96
12/8/2021,0:00,315.02
12/8/2021,6:00,0
12/8/2021,12:00,200.2
12/8/2021,18:00,1023.06
12/9/2021,0:00,322.8
12/9/2021,6:00,0
12/9/2021,12:00,198.62
12/9/2021,18:00,1014.66
12/10/2021,0:00,323.24
12/10/2021,6:00,0
12/10/2021,12:00,196.82
12/10/2021,18:00,1013.02
12/11/2021,0:00,323.32
12/11/2021,6:00,0
12/11/2021,12:00,59.98
12/11/2021,18:00,592.46
12/12/2021,0:00,161.5
12/12/2021,6:00,0
12/12/2021,12:00,43.96
12/12/2021,18:00,226.22
12/13/2021,0:00,315.36
12/13/2021,6:00,0
12/13/2021,12:00,181.76
12/13/2021,18:00,556.4
12/14/2021,0:00,18.18
12/14/2021,6:00,0
12/14/2021,12:00,53.16
12/14/2021,18:00,682.82
12/15/2021,0:00,310.68
12/15/2021,6:00,0
12/15/2021,12:00,42.92
12/15/2021,18:00,831.08
12/16/2021,0:00,90.24
12/16/2021,6:00,0
12/16/2021,12:00,126.2
12/16/2021,18:00,990.08
12/17/2021,0:00,327.3
12/17/2021,6:00,0
12/17/2021,12:00,193.52
12/17/2021,18:00,1019.72
12/18/2021,0:00,336.66
12/18/2021,6:00,0
12/18/2021,12:00,182.7
12/18/2021,18:00,625.48
12/19/2021,0:00,291.72
12/19/2021,6:00,0
12/19/2021,12:00,176.42
12/19/2021,18:00,962.86
12/20/2021,0:00,326.02
12/20/2021,6:00,0
12/20/2021,12:00,177.28
12/20/2021,18:00,956.76
12/21/2021,0:00,211.98
12/21/2021,6:00,0
12/21/2021,12:00,180.18
12/21/2021,18:00,883
12/22/2021,0:00,229.46
12/22/2021,6:00,0
12/22/2021,12:00,179.16
12/22/2021,18:00,883.76
12/23/2021,0:00,201.74
12/23/2021,6:00,0
12/23/2021,12:00,193.06
12/23/2021,18:00,1031.4
12/24/2021,0:00,345.86
12/24/2021,6:00,0
12/24/2021,12:00,184.08
12/24/2021,18:00,1007.12
12/25/2021,0:00,342.1
12/25/2021,6:00,0
12/25/2021,12:00,183.7
12/25/2021,18:00,1000.58
12/26/2021,0:00,343.34
12/26/2021,6:00,0
12/26/2021,12:00,167.3
12/26/2021,18:00,996.9
12/27/2021,0:00,315.632
12/27/2021,6:00,0
12/27/2021,12:00,176.64
12/27/2021,18:00,1004.88
12/28/2021,0:00,351.056
12/28/2021,6:00,0
12/28/2021,12:00,181.18
12/28/2021,18:00,1014.04
12/29/2021,0:00,349.328
12/29/2021,6:00,0
12/29/2021,12:00,147.28
12/29/2021,18:00,872.82
12/30/2021,0:00,194.928
12/30/2021,6:00,0
12/30/2021,12:00,162.38
12/30/2021,18:00,864.84
12/31/2021,0:00,158.576
12/31/2021,6:00,0
12/31/2021,12:00,170.04
12/31/2021,18:00,946.72
1/1/2022,0:00,64.28
1/1/2022,6:00,0
1/1/2022,12:00,171.72
1/1/2022,18:00,993.78
1/2/2022,0:00,345.8
1/2/2022,6:00,0
1/2/2022,12:00,169.08
1/2/2022,18:00,981.92
1/3/2022,0:00,146.656
1/3/2022,6:00,0
1/3/2022,12:00,164.52
1/3/2022,18:00,844.22
1/4/2022,0:00,138.096
1/4/2022,6:00,0
1/4/2022,12:00,122.54
1/4/2022,18:00,790.5
1/5/2022,0:00,254.74
1/5/2022,6:00,0
1/5/2022,12:00,162.04
1/5/2022,18:00,721.34
1/6/2022,0:00,198.64
1/6/2022,6:00,0
1/6/2022,12:00,163.62
1/6/2022,18:00,742.32
1/7/2022,0:00,236.88
1/7/2022,6:00,0
1/7/2022,12:00,164.32
1/7/2022,18:00,987.42
1/8/2022,0:00,348.192
1/8/2022,6:00,0
1/8/2022,12:00,160.54
1/8/2022,18:00,576.38
1/9/2022,0:00,114.064
1/9/2022,6:00,0
1/9/2022,12:00,146.416
1/9/2022,18:00,993.7
1/10/2022,0:00,357.328
1/10/2022,6:00,0
1/10/2022,12:00,162.02
1/10/2022,18:00,991.76
1/11/2022,0:00,353.68
1/11/2022,6:00,0
1/11/2022,12:00,159.744
1/11/2022,18:00,984.84
1/12/2022,0:00,354.176
1/12/2022,6:00,0
1/12/2022,12:00,164.512
1/12/2022,18:00,1016.04
1/13/2022,0:00,368.768
1/13/2022,6:00,0
1/13/2022,12:00,161.024
1/13/2022,18:00,999.96
1/14/2022,0:00,351.1
1/14/2022,6:00,0
1/14/2022,12:00,149.968
1/14/2022,18:00,681.8
1/15/2022,0:00,281.024
1/15/2022,6:00,0
1/15/2022,12:00,107.78
1/15/2022,18:00,668.22
1/16/2022,0:00,205.52
1/16/2022,6:00,0
1/16/2022,12:00,123.36
1/16/2022,18:00,804.1
1/17/2022,0:00,205.6
1/17/2022,6:00,0
1/17/2022,12:00,146.96
1/17/2022,18:00,959.78
1/18/2022,0:00,345.648
1/18/2022,6:00,0
1/18/2022,12:00,138.26
1/18/2022,18:00,819.22
1/19/2022,0:00,92.256
1/19/2022,6:00,0
1/19/2022,12:00,145.648
1/19/2022,18:00,857.36
1/20/2022,0:00,141.552
1/20/2022,6:00,0
1/20/2022,12:00,128.92
1/20/2022,18:00,789.92
1/21/2022,0:00,135.792
1/21/2022,6:00,0
1/21/2022,12:00,141.54
1/21/2022,18:00,739.1
1/22/2022,0:00,107.152
1/22/2022,6:00,0
1/22/2022,12:00,140.74
1/22/2022,18:00,775.68
1/23/2022,0:00,81.568
1/23/2022,6:00,0
1/23/2022,12:00,131.62
1/23/2022,18:00,560.06
1/24/2022,0:00,189.024
1/24/2022,6:00,0
1/24/2022,12:00,136.76
1/24/2022,18:00,541.52
1/25/2022,0:00,66.016
1/25/2022,6:00,0
1/25/2022,12:00,136.08
1/25/2022,18:00,822.26
1/26/2022,0:00,152.224
1/26/2022,6:00,0
1/26/2022,12:00,98.02
1/26/2022,18:00,749.96
1/27/2022,0:00,153.728
1/27/2022,6:00,0
1/27/2022,12:00,40.6
1/27/2022,18:00,583.42
1/28/2022,0:00,158.944
1/28/2022,6:00,0
1/28/2022,12:00,134.96
1/28/2022,18:00,366.68
1/29/2022,0:00,112.992
1/29/2022,6:00,0
1/29/2022,12:00,135.3
1/29/2022,18:00,690.2
1/30/2022,0:00,120.08
1/30/2022,6:00,0
1/30/2022,12:00,77.18
1/30/2022,18:00,579.88
1/31/2022,0:00,213.024
1/31/2022,6:00,0
1/31/2022,12:00,129.88
1/31/2022,18:00,967.14
2/1/2022,0:00,332.544
2/1/2022,6:00,0
2/1/2022,12:00,134.1
2/1/2022,18:00,975.26
2/2/2022,0:00,346.032
2/2/2022,6:00,0
2/2/2022,12:00,132.12
2/2/2022,18:00,948.08
2/3/2022,0:00,341.232
2/3/2022,6:00,0
2/3/2022,12:00,111.06
2/3/2022,18:00,819.7
2/4/2022,0:00,138.528
2/4/2022,6:00,0
2/4/2022,12:00,43.88
2/4/2022,18:00,440.1
2/5/2022,0:00,253.216
2/5/2022,6:00,0
2/5/2022,12:00,9.088
2/5/2022,18:00,108.28
2/6/2022,0:00,116.736
2/6/2022,6:00,0
2/6/2022,12:00,126.24
2/6/2022,18:00,953.04
2/7/2022,0:00,340.064
2/7/2022,6:00,0
2/7/2022,12:00,133.04
2/7/2022,18:00,980.3
2/8/2022,0:00,347.2
2/8/2022,6:00,0
2/8/2022,12:00,127.824
2/8/2022,18:00,964.96
2/9/2022,0:00,339.12
2/9/2022,6:00,0
2/9/2022,12:00,126.848
2/9/2022,18:00,960.86
2/10/2022,0:00,337.6
2/10/2022,6:00,0
2/10/2022,12:00,124.464
2/10/2022,18:00,946.94
2/11/2022,0:00,314.56
2/11/2022,6:00,0
2/11/2022,12:00,82.62
2/11/2022,18:00,499.86
2/12/2022,0:00,201.056
2/12/2022,6:00,0
2/12/2022,12:00,39.22
2/12/2022,18:00,652.82
2/13/2022,0:00,269.792
2/13/2022,6:00,0
2/13/2022,12:00,58.112
2/13/2022,18:00,370.64
2/14/2022,0:00,261.664
2/14/2022,6:00,0
2/14/2022,12:00,124
2/14/2022,18:00,969.02
2/15/2022,0:00,335.648
2/15/2022,6:00,0
2/15/2022,12:00,122.16
2/15/2022,18:00,956.82
2/16/2022,0:00,328.56
2/16/2022,6:00,0
2/16/2022,12:00,120.528
2/16/2022,18:00,951.64
2/17/2022,0:00,328.672
2/17/2022,6:00,0
2/17/2022,12:00,117.328
2/17/2022,18:00,930.6
2/18/2022,0:00,323.136
2/18/2022,6:00,0
2/18/2022,12:00,114.86
2/18/2022,18:00,913.28
2/19/2022,0:00,308.608
2/19/2022,6:00,0
2/19/2022,12:00,114.04
2/19/2022,18:00,930.16
2/20/2022,0:00,318.864
2/20/2022,6:00,0
2/20/2022,12:00,111.46
2/20/2022,18:00,811.94
2/21/2022,0:00,36.704
2/21/2022,6:00,0
2/21/2022,12:00,14.912
2/21/2022,18:00,359.56
2/22/2022,0:00,119.216
2/22/2022,6:00,0
2/22/2022,12:00,101.92
2/22/2022,18:00,835.54
2/23/2022,0:00,197.52
2/23/2022,6:00,0
2/23/2022,12:00,107.792
2/23/2022,18:00,898.8
2/24/2022,0:00,300.944
2/24/2022,6:00,0
2/24/2022,12:00,106.928
2/24/2022,18:00,894.68
2/25/2022,0:00,280.608
2/25/2022,6:00,0
2/25/2022,12:00,46.88
2/25/2022,18:00,527.46
2/26/2022,0:00,238.64
2/26/2022,6:00,0
2/26/2022,12:00,102.096
2/26/2022,18:00,768.464
2/27/2022,0:00,124.288
2/27/2022,6:00,0
2/27/2022,12:00,82.032
2/27/2022,18:00,870.272
2/28/2022,0:00,58.304
2/28/2022,6:00,0
2/28/2022,12:00,83.44
2/28/2022,18:00,804.224
3/1/2022,0:00,205.92
3/1/2022,6:00,0
3/1/2022,12:00,69.824
3/1/2022,18:00,531.088
3/2/2022,0:00,185.552
3/2/2022,6:00,0
3/2/2022,12:00,70.3
3/2/2022,18:00,547.344
3/3/2022,0:00,168.624
3/3/2022,6:00,0
3/3/2022,12:00,98.66
3/3/2022,18:00,846.704
3/4/2022,0:00,277.568
3/4/2022,6:00,0
3/4/2022,12:00,98.48
3/4/2022,18:00,861.92
3/5/2022,0:00,267.984
3/5/2022,6:00,0
3/5/2022,12:00,85.6
3/5/2022,18:00,845.344
3/6/2022,0:00,143.504
3/6/2022,6:00,0
3/6/2022,12:00,92
3/6/2022,18:00,601.088
3/7/2022,0:00,113.008
3/7/2022,6:00,0
3/7/2022,12:00,93.26
3/7/2022,18:00,617.76
3/8/2022,0:00,193.488
3/8/2022,6:00,0
3/8/2022,12:00,92.14
3/8/2022,18:00,806.208
3/9/2022,0:00,171.216
3/9/2022,6:00,0
3/9/2022,12:00,86.94
3/9/2022,18:00,819.456
3/10/2022,0:00,220.672
3/10/2022,6:00,0
3/10/2022,12:00,89.3
3/10/2022,18:00,610.24
3/11/2022,0:00,62.976
3/11/2022,6:00,0
3/11/2022,12:00,10.26
3/11/2022,18:00,51.936
3/12/2022,0:00,29.456
3/12/2022,6:00,0
3/12/2022,12:00,86.06
3/12/2022,18:00,773.312
3/13/2022,0:00,70.944
3/13/2022,6:00,0
3/13/2022,12:00,84.08
3/13/2022,18:00,405.68
3/14/2022,0:00,110.384
3/14/2022,6:00,0
3/14/2022,12:00,91.24
3/14/2022,18:00,841.136
3/15/2022,0:00,250.72
3/15/2022,6:00,0
3/15/2022,12:00,60.52
3/15/2022,18:00,733.376
3/16/2022,0:00,204.256
3/16/2022,6:00,0
3/16/2022,12:00,86.912
3/16/2022,18:00,820.736
3/17/2022,0:00,88.608
3/17/2022,6:00,0
3/17/2022,12:00,86.448
3/17/2022,18:00,819.12
3/18/2022,0:00,225.632
3/18/2022,6:00,0
3/18/2022,12:00,73.36
3/18/2022,18:00,543.968
3/19/2022,0:00,130.208
3/19/2022,6:00,0
3/19/2022,12:00,14.752
3/19/2022,18:00,382.608
3/20/2022,0:00,94.816
3/20/2022,6:00,0
3/20/2022,12:00,87.776
3/20/2022,18:00,836.608
3/21/2022,0:00,237.952
3/21/2022,6:00,0
3/21/2022,12:00,84.24
3/21/2022,18:00,813.104
3/22/2022,0:00,228.96
3/22/2022,6:00,0
3/22/2022,12:00,73.2
3/22/2022,18:00,790
3/23/2022,0:00,172.08
3/23/2022,6:00,0
3/23/2022,12:00,20.52
3/23/2022,18:00,227.312
3/24/2022,0:00,10.784
3/24/2022,6:00,0
3/24/2022,12:00,27.664
3/24/2022,18:00,90.864
3/25/2022,0:00,101.536
3/25/2022,6:00,0
3/25/2022,12:00,11.584
3/25/2022,18:00,491.36
3/26/2022,0:00,222.256
3/26/2022,6:00,0
3/26/2022,12:00,80.88
3/26/2022,18:00,496.848
3/27/2022,0:00,86.496
3/27/2022,6:00,0
3/27/2022,12:00,80.8
3/27/2022,18:00,796.64
3/28/2022,0:00,214.704
3/28/2022,6:00,0
3/28/2022,12:00,81.952
3/28/2022,18:00,806.224
3/29/2022,0:00,215.984
3/29/2022,6:00,0
3/29/2022,12:00,78.52
3/29/2022,18:00,768.672
3/30/2022,0:00,175.856
3/30/2022,6:00,0
3/30/2022,12:00,6.84
3/30/2022,18:00,36.208
3/31/2022,0:00,17.68
3/31/2022,6:00,0
3/31/2022,12:00,75.42
3/31/2022,18:00,814.56
4/1/2022,0:00,214.32
4/1/2022,6:00,0
4/1/2022,12:00,78.34
4/1/2022,18:00,697.824
4/2/2022,0:00,155.104
4/2/2022,6:00,0
4/2/2022,12:00,75.76
4/2/2022,18:00,756.768
4/3/2022,0:00,187.008
4/3/2022,6:00,0
4/3/2022,12:00,17.376
4/3/2022,18:00,389.664
4/4/2022,0:00,44.032
4/4/2022,6:00,0
4/4/2022,12:00,15.32
4/4/2022,18:00,228.448
4/5/2022,0:00,67.248
4/5/2022,6:00,0
4/5/2022,12:00,70.58
4/5/2022,18:00,584.096
4/6/2022,0:00,104.304
4/6/2022,6:00,0
4/6/2022,12:00,60.3
4/6/2022,18:00,681.552
4/7/2022,0:00,89.392
4/7/2022,6:00,0
4/7/2022,12:00,2.28
4/7/2022,18:00,40.528
4/8/2022,0:00,141.376
4/8/2022,6:00,0
4/8/2022,12:00,19.72
4/8/2022,18:00,486.672
4/9/2022,0:00,102.384
4/9/2022,6:00,0
4/9/2022,12:00,69.04
4/9/2022,18:00,732.592
4/10/2022,0:00,178.992
4/10/2022,6:00,0
4/10/2022,12:00,44.416
4/10/2022,18:00,294.752
4/11/2022,0:00,9.232
4/11/2022,6:00,0
4/11/2022,12:00,5.984
4/11/2022,18:00,17.872
4/12/2022,0:00,11.664
4/12/2022,6:00,0
4/12/2022,12:00,41.12
4/12/2022,18:00,107.088
4/13/2022,0:00,40.528
4/13/2022,6:00,0
4/13/2022,12:00,31.984
4/13/2022,18:00,396.304
4/14/2022,0:00,43.504
4/14/2022,6:00,0
4/14/2022,12:00,65.36
4/14/2022,18:00,612.384
4/15/2022,0:00,172.816
4/15/2022,6:00,0
4/15/2022,12:00,68.02
4/15/2022,18:00,731.776
4/16/2022,0:00,170.512
4/16/2022,6:00,0
4/16/2022,12:00,67.024
4/16/2022,18:00,728.416
4/17/2022,0:00,167.888
4/17/2022,6:00,0
4/17/2022,12:00,64.512
4/17/2022,18:00,705.936
4/18/2022,0:00,161.504
4/18/2022,6:00,0
4/18/2022,12:00,61.488
4/18/2022,18:00,691.44
4/19/2022,0:00,156.864
4/19/2022,6:00,0
4/19/2022,12:00,61.52
4/19/2022,18:00,692.528
4/20/2022,0:00,156.704
4/20/2022,6:00,0
4/20/2022,12:00,61.424
4/20/2022,18:00,697.584
4/21/2022,0:00,154.384
4/21/2022,6:00,0
4/21/2022,12:00,53.86
4/21/2022,18:00,390.016
4/22/2022,0:00,33.328
4/22/2022,6:00,0
4/22/2022,12:00,33.152
4/22/2022,18:00,246.336
4/23/2022,0:00,35.488
4/23/2022,6:00,0
4/23/2022,12:00,34.64
4/23/2022,18:00,680.304
4/24/2022,0:00,151.6
4/24/2022,6:00,0
4/24/2022,12:00,58.848
4/24/2022,18:00,660.272
4/25/2022,0:00,141.904
4/25/2022,6:00,0
4/25/2022,12:00,52.816
4/25/2022,18:00,603.664
4/26/2022,0:00,137.456
4/26/2022,6:00,0
4/26/2022,12:00,48.864
4/26/2022,18:00,633.296
4/27/2022,0:00,128.96
4/27/2022,6:00,0
4/27/2022,12:00,52.064
4/27/2022,18:00,640.336
4/28/2022,0:00,128.464
4/28/2022,6:00,0
4/28/2022,12:00,52.304
4/28/2022,18:00,200.56
4/29/2022,0:00,21.024
4/29/2022,6:00,0
4/29/2022,12:00,10.22
4/29/2022,18:00,304.672
4/30/2022,0:00,80.864
4/30/2022,6:00,0
4/30/2022,12:00,10.416
4/30/2022,18:00,372.672
5/1/2022,0:00,68.4
5/1/2022,6:00,0
5/1/2022,12:00,7.296
5/1/2022,18:00,183.328
5/2/2022,0:00,34.208
5/2/2022,6:00,0
5/2/2022,12:00,5.952
5/2/2022,18:00,91.056
5/3/2022,0:00,10.544
5/3/2022,6:00,0
5/3/2022,12:00,5.52
5/3/2022,18:00,31.632
5/4/2022,0:00,17.36
5/4/2022,6:00,0
5/4/2022,12:00,1.696
5/4/2022,18:00,132.96
5/5/2022,0:00,86.112
5/5/2022,6:00,0
5/5/2022,12:00,11.1
5/5/2022,18:00,574.736
5/6/2022,0:00,111.632
5/6/2022,6:00,0
5/6/2022,12:00,51
5/6/2022,18:00,623.344
5/7/2022,0:00,105.808
5/7/2022,6:00,0
5/7/2022,12:00,44.336
5/7/2022,18:00,521.088
5/8/2022,0:00,103.424
5/8/2022,6:00,0
5/8/2022,12:00,47.856
5/8/2022,18:00,622.256
5/9/2022,0:00,125.088
5/9/2022,6:00,0
5/9/2022,12:00,46.896
5/9/2022,18:00,611.984
5/10/2022,0:00,111.312
5/10/2022,6:00,0
5/10/2022,12:00,6.816
5/10/2022,18:00,92.048
5/11/2022,0:00,33.76
5/11/2022,6:00,0
5/11/2022,12:00,19.776
5/11/2022,18:00,424.608
5/12/2022,0:00,70.928
5/12/2022,6:00,0
5/12/2022,12:00,44.4
5/12/2022,18:00,598.992
5/13/2022,0:00,117.28
5/13/2022,6:00,0
5/13/2022,12:00,44.544
5/13/2022,18:00,600.096
5/14/2022,0:00,114.64
5/14/2022,6:00,0
5/14/2022,12:00,13.376
5/14/2022,18:00,145.456
5/15/2022,0:00,18.768
5/15/2022,6:00,0
5/15/2022,12:00,12.8
5/15/2022,18:00,209.168
5/16/2022,0:00,86.864
5/16/2022,6:00,0
5/16/2022,12:00,44.12
5/16/2022,18:00,608.592
5/17/2022,0:00,116.096
5/17/2022,6:00,0
5/17/2022,12:00,33.16
5/17/2022,18:00,574.496
5/18/2022,0:00,77.824
5/18/2022,6:00,0
5/18/2022,12:00,2.4
5/18/2022,18:00,46.784
5/19/2022,0:00,11.264
5/19/2022,6:00,0
5/19/2022,12:00,40.48
5/19/2022,18:00,485.616
5/20/2022,0:00,31.152
5/20/2022,6:00,0
5/20/2022,12:00,41.36
5/20/2022,18:00,592.048
5/21/2022,0:00,112.592
5/21/2022,6:00,0
5/21/2022,12:00,40.44
5/21/2022,18:00,580.704
5/22/2022,0:00,109.28
5/22/2022,6:00,0
5/22/2022,12:00,29.792
5/22/2022,18:00,414.224
5/23/2022,0:00,36.72
5/23/2022,6:00,0
5/23/2022,12:00,38.192
5/23/2022,18:00,564.624
5/24/2022,0:00,105.424
5/24/2022,6:00,0
5/24/2022,12:00,37.392
5/24/2022,18:00,558.544
5/25/2022,0:00,104.144
5/25/2022,6:00,0
5/25/2022,12:00,37.36
5/25/2022,18:00,557.168
5/26/2022,0:00,102.704
5/26/2022,6:00,0
5/26/2022,12:00,8.2
5/26/2022,18:00,132.016
5/27/2022,0:00,26.768
5/27/2022,6:00,0
5/27/2022,12:00,33.392
5/27/2022,18:00,275.104
5/28/2022,0:00,5.44
5/28/2022,6:00,0
5/28/2022,12:00,4.56
5/28/2022,18:00,313.568
5/29/2022,0:00,19.472
5/29/2022,6:00,0
5/29/2022,12:00,1.264
5/29/2022,18:00,49.088
5/30/2022,0:00,5.76
5/30/2022,6:00,0
5/30/2022,12:00,4.752
5/30/2022,18:00,149.568
5/31/2022,0:00,54.592
5/31/2022,6:00,0
5/31/2022,12:00,36.144
5/31/2022,18:00,564.384
6/1/2022,0:00,104.512
6/1/2022,6:00,0
6/1/2022,12:00,6.832
6/1/2022,18:00,79.472
6/2/2022,0:00,46.976
6/2/2022,6:00,0
6/2/2022,12:00,20.8
6/2/2022,18:00,337.376
6/3/2022,0:00,20.224
6/3/2022,6:00,0
6/3/2022,12:00,32.976
6/3/2022,18:00,541.824
6/4/2022,0:00,98.048
6/4/2022,6:00,0
6/4/2022,12:00,31.216
6/4/2022,18:00,376.416
6/5/2022,0:00,74.816
6/5/2022,6:00,0
6/5/2022,12:00,5.6
6/5/2022,18:00,226.736
6/6/2022,0:00,29.84
6/6/2022,6:00,0
6/6/2022,12:00,1.6
6/6/2022,18:00,18.512
6/7/2022,0:00,6.384
6/7/2022,6:00,0
6/7/2022,12:00,19.056
6/7/2022,18:00,387.312
6/8/2022,0:00,54.512
6/8/2022,6:00,0
6/8/2022,12:00,29.872
6/8/2022,18:00,456.272
6/9/2022,0:00,24.496
6/9/2022,6:00,0
6/9/2022,12:00,30.064
6/9/2022,18:00,522.544
6/10/2022,0:00,85.6
6/10/2022,6:00,0
6/10/2022,12:00,29.232
6/10/2022,18:00,522.32
6/11/2022,0:00,99.936
6/11/2022,6:00,0
6/11/2022,12:00,32.512
6/11/2022,18:00,555.136
6/12/2022,0:00,103.344
6/12/2022,6:00,0
6/12/2022,12:00,30.896
6/12/2022,18:00,547.376
6/13/2022,0:00,102.736
6/13/2022,6:00,0
6/13/2022,12:00,30.416
6/13/2022,18:00,537.376
6/14/2022,0:00,100.448
6/14/2022,6:00,0
6/14/2022,12:00,30.368
6/14/2022,18:00,540.56
6/15/2022,0:00,101.92
6/15/2022,6:00,0
6/15/2022,12:00,29.504
6/15/2022,18:00,529.136
6/16/2022,0:00,98.704
6/16/2022,6:00,0
6/16/2022,12:00,25.552
6/16/2022,18:00,303.632
6/17/2022,0:00,51.68
6/17/2022,6:00,0
6/17/2022,12:00,0.576
6/17/2022,18:00,47.632
6/18/2022,0:00,15.088
6/18/2022,6:00,0
6/18/2022,12:00,30.336
6/18/2022,18:00,545.712
6/19/2022,0:00,103.456
6/19/2022,6:00,0
6/19/2022,12:00,22.32
6/19/2022,18:00,498.48
6/20/2022,0:00,100.752
6/20/2022,6:00,0
6/20/2022,12:00,27.08
6/20/2022,18:00,508.192
6/21/2022,0:00,94.688
6/21/2022,6:00,0
6/21/2022,12:00,14.9
6/21/2022,18:00,303.712
6/22/2022,0:00,90
6/22/2022,6:00,0
6/22/2022,12:00,4.208
6/22/2022,18:00,235.36
6/23/2022,0:00,86.688
6/23/2022,6:00,0
6/23/2022,12:00,5.9
6/23/2022,18:00,80.032
6/24/2022,0:00,7.584
6/24/2022,6:00,0
6/24/2022,12:00,2.016
6/24/2022,18:00,52.992
6/25/2022,0:00,15.696
6/25/2022,6:00,0
6/25/2022,12:00,3.008
6/25/2022,18:00,105.776
6/26/2022,0:00,34.944
6/26/2022,6:00,0
6/26/2022,12:00,8.512
6/26/2022,18:00,307.28
6/27/2022,0:00,23.024
6/27/2022,6:00,0
6/27/2022,12:00,12.816
6/27/2022,18:00,344.384
6/28/2022,0:00,83.568
6/28/2022,6:00,0
6/28/2022,12:00,21.632
6/28/2022,18:00,260.672
6/29/2022,0:00,7.584
6/29/2022,6:00,0
6/29/2022,12:00,27.06
6/29/2022,18:00,533.312
6/30/2022,0:00,105.088
6/30/2022,6:00,0
6/30/2022,12:00,27.856
6/30/2022,18:00,533.488
7/1/2022,0:00,105.712
7/1/2022,6:00,0
7/1/2022,12:00,27.552
7/1/2022,18:00,523.104
7/2/2022,0:00,101.632
7/2/2022,6:00,0
7/2/2022,12:00,25.84
7/2/2022,18:00,480.688
7/3/2022,0:00,100.384
7/3/2022,6:00,0
7/3/2022,12:00,5.344
7/3/2022,18:00,303.728
7/4/2022,0:00,50.832
7/4/2022,6:00,0
7/4/2022,12:00,25.824
7/4/2022,18:00,496.48
7/5/2022,0:00,101.472
7/5/2022,6:00,0
7/5/2022,12:00,17.76
7/5/2022,18:00,410.256
7/6/2022,0:00,71.088
7/6/2022,6:00,0
7/6/2022,12:00,20.8
7/6/2022,18:00,424.896
7/7/2022,0:00,79.2
7/7/2022,6:00,0
7/7/2022,12:00,16.304
7/7/2022,18:00,100.512
7/8/2022,0:00,13.04
7/8/2022,6:00,0
7/8/2022,12:00,26.656
7/8/2022,18:00,500.656
7/9/2022,0:00,103.504
7/9/2022,6:00,0
7/9/2022,12:00,25.952
7/9/2022,18:00,506.928
7/10/2022,0:00,94.4
7/10/2022,6:00,0
7/10/2022,12:00,19.872
7/10/2022,18:00,413.856
7/11/2022,0:00,62.32
7/11/2022,6:00,0
7/11/2022,12:00,14.784
7/11/2022,18:00,395.792
7/12/2022,0:00,55.264
7/12/2022,6:00,0
7/12/2022,12:00,11.776
7/12/2022,18:00,316.832
7/13/2022,0:00,113.104
7/13/2022,6:00,0
7/13/2022,12:00,29.856
7/13/2022,18:00,559.008
7/14/2022,0:00,115.904
7/14/2022,6:00,0
7/14/2022,12:00,6.992
7/14/2022,18:00,166.864
7/15/2022,0:00,48.528
7/15/2022,6:00,0
7/15/2022,12:00,17.056
7/15/2022,18:00,100.928
7/16/2022,0:00,23.632
7/16/2022,6:00,0
7/16/2022,12:00,12.256
7/16/2022,18:00,246.144
7/17/2022,0:00,11.088
7/17/2022,6:00,0
7/17/2022,12:00,22.272
7/17/2022,18:00,487.248
7/18/2022,0:00,117.616
7/18/2022,6:00,0
7/18/2022,12:00,30.784
7/18/2022,18:00,443.072
7/19/2022,0:00,39.696
7/19/2022,6:00,0
7/19/2022,12:00,25.456
7/19/2022,18:00,385.584
7/20/2022,0:00,44.8
7/20/2022,6:00,0
7/20/2022,12:00,28.848
7/20/2022,18:00,411.856
7/21/2022,0:00,84.32
7/21/2022,6:00,0
7/21/2022,12:00,22.48
7/21/2022,18:00,471.28
7/22/2022,0:00,79.296
7/22/2022,6:00,0
7/22/2022,12:00,8.992
7/22/2022,18:00,204.768
7/23/2022,0:00,104.56
7/23/2022,6:00,0
7/23/2022,12:00,13.664
7/23/2022,18:00,511.504
7/24/2022,0:00,78.64
7/24/2022,6:00,0
7/24/2022,12:00,23.072
7/24/2022,18:00,485.04
7/25/2022,0:00,95.168
7/25/2022,6:00,0
7/25/2022,12:00,31.984
7/25/2022,18:00,561.088
7/26/2022,0:00,120.896
7/26/2022,6:00,0
7/26/2022,12:00,32.512
7/26/2022,18:00,564.512
7/27/2022,0:00,123.136
7/27/2022,6:00,0
7/27/2022,12:00,31.712
7/27/2022,18:00,536.592
7/28/2022,0:00,113.2
7/28/2022,6:00,0
7/28/2022,12:00,26.24
7/28/2022,18:00,367.76
7/29/2022,0:00,20.88
7/29/2022,6:00,0
7/29/2022,12:00,34.976
7/29/2022,18:00,591.792
7/30/2022,0:00,98.064
7/30/2022,6:00,0
7/30/2022,12:00,36.848
7/30/2022,18:00,605.712
7/31/2022,0:00,133.68
7/31/2022,6:00,0
7/31/2022,12:00,37.328
7/31/2022,18:00,603.952
8/1/2022,0:00,134.24
8/1/2022,6:00,0
8/1/2022,12:00,35.856
8/1/2022,18:00,574.384
8/2/2022,0:00,124.976
8/2/2022,6:00,0
8/2/2022,12:00,35.216
8/2/2022,18:00,558.688
8/3/2022,0:00,129.904
8/3/2022,6:00,0
8/3/2022,12:00,36.608
8/3/2022,18:00,587.12
8/4/2022,0:00,130.656
8/4/2022,6:00,0
8/4/2022,12:00,17.472
8/4/2022,18:00,410.592
8/5/2022,0:00,53.136
8/5/2022,6:00,0
8/5/2022,12:00,26.24
8/5/2022,18:00,622.656
8/6/2022,0:00,141.456
8/6/2022,6:00,0
8/6/2022,12:00,39.92
8/6/2022,18:00,261.2
8/7/2022,0:00,5.856
8/7/2022,6:00,0
8/7/2022,12:00,9.376
8/7/2022,18:00,246.176
8/8/2022,0:00,58.064
8/8/2022,6:00,0
8/8/2022,12:00,22.352
8/8/2022,18:00,286.352
8/9/2022,0:00,27.904
8/9/2022,6:00,0
8/9/2022,12:00,4.256
8/9/2022,18:00,63.856
8/10/2022,0:00,5.92
8/10/2022,6:00,0
8/10/2022,12:00,7.824
8/10/2022,18:00,317.36
8/11/2022,0:00,121.168
8/11/2022,6:00,0
8/11/2022,12:00,45.296
8/11/2022,18:00,644.672
8/12/2022,0:00,148.064
8/12/2022,6:00,0
8/12/2022,12:00,30.784
8/12/2022,18:00,552.208
8/13/2022,0:00,116.512
8/13/2022,6:00,0
8/13/2022,12:00,32.528
8/13/2022,18:00,476.512
8/14/2022,0:00,114.368
8/14/2022,6:00,0
8/14/2022,12:00,46.048
8/14/2022,18:00,292.464
8/15/2022,0:00,19.024
8/15/2022,6:00,0
8/15/2022,12:00,16.016
8/15/2022,18:00,508.88
8/16/2022,0:00,138.672
8/16/2022,6:00,0
8/16/2022,12:00,7.904
8/16/2022,18:00,84.224
8/17/2022,0:00,97.408
8/17/2022,6:00,0
8/17/2022,12:00,49.056
8/17/2022,18:00,418.784
8/18/2022,0:00,86.864
8/18/2022,6:00,0
8/18/2022,12:00,3.776
8/18/2022,18:00,420.72
8/19/2022,0:00,159.92
8/19/2022,6:00,0
8/19/2022,12:00,56.624
8/19/2022,18:00,703.616
8/20/2022,0:00,164.864
8/20/2022,6:00,0
8/20/2022,12:00,58.096
8/20/2022,18:00,706.272
8/21/2022,0:00,165.888
8/21/2022,6:00,0
8/21/2022,12:00,57.392
8/21/2022,18:00,692.096
8/22/2022,0:00,163.632
8/22/2022,6:00,0
8/22/2022,12:00,56.816
8/22/2022,18:00,688.992
8/23/2022,0:00,161.632
8/23/2022,6:00,0
8/23/2022,12:00,57.312
8/23/2022,18:00,683.6
8/24/2022,0:00,157.408
8/24/2022,6:00,0
8/24/2022,12:00,56.896
8/24/2022,18:00,671.456
8/24/2022,18:00,671.456
8/25/2022,0:00,154.992
8/25/2022,6:00,0
8/25/2022,12:00,58.208
8/25/2022,18:00,686.272
8/26/2022,0:00,164.048
8/26/2022,6:00,0
8/26/2022,12:00,60.352
8/26/2022,18:00,694.352
8/27/2022,0:00,165.424
8/27/2022,6:00,0
8/27/2022,12:00,63.04
8/27/2022,18:00,699.76
8/28/2022,0:00,164.688
8/28/2022,6:00,0
8/28/2022,12:00,3.04
8/28/2022,18:00,125.072
8/29/2022,0:00,67.184
8/29/2022,6:00,0
8/29/2022,12:00,52.336
8/29/2022,18:00,641.856
8/30/2022,0:00,150.064
8/30/2022,6:00,0
8/30/2022,12:00,70.256
8/30/2022,18:00,742.512
8/31/2022,0:00,176.496
8/31/2022,6:00,0
8/31/2022,12:00,68.816
8/31/2022,18:00,726.512
9/1/2022,0:00,173.36
9/1/2022,6:00,0
9/1/2022,12:00,68.592
9/1/2022,18:00,718.224
9/2/2022,0:00,168.176
9/2/2022,6:00,0
9/2/2022,12:00,43.776
9/2/2022,18:00,97.904
9/3/2022,0:00,27.184
9/3/2022,6:00,0
9/3/2022,12:00,68.256
9/3/2022,18:00,766.864
9/4/2022,0:00,186.768
9/4/2022,6:00,0
9/4/2022,12:00,81.792
9/4/2022,18:00,785.28
9/5/2022,0:00,187.888
9/5/2022,6:00,0
9/5/2022,12:00,60.912
9/5/2022,18:00,555.296
9/6/2022,0:00,87.92
9/6/2022,6:00,0
9/6/2022,12:00,43.744
9/6/2022,18:00,359.712
9/7/2022,0:00,126.848
9/7/2022,6:00,0
9/7/2022,12:00,76.96
9/7/2022,18:00,449.04
9/8/2022,0:00,111.648
9/8/2022,6:00,0
9/8/2022,12:00,67.872
9/8/2022,18:00,686.624
9/9/2022,0:00,153.008
9/9/2022,6:00,0
9/9/2022,12:00,13.616
9/9/2022,18:00,374.944
9/10/2022,0:00,66.656
9/10/2022,6:00,0
9/10/2022,12:00,72.688
9/10/2022,18:00,787.696
9/11/2022,0:00,195.68
9/11/2022,6:00,0
9/11/2022,12:00,91.104
9/11/2022,18:00,776.864
9/12/2022,0:00,54.032
9/12/2022,6:00,0
9/12/2022,12:00,76.496
9/12/2022,18:00,662.992
9/13/2022,0:00,185.264
9/13/2022,6:00,0
9/13/2022,12:00,91.936
9/13/2022,18:00,801.056
9/14/2022,0:00,192.848
9/14/2022,6:00,0
9/14/2022,12:00,85.456
9/14/2022,18:00,738.848
9/15/2022,0:00,192.864
9/15/2022,6:00,0
9/15/2022,12:00,92.464
9/15/2022,18:00,640.592
9/16/2022,0:00,79.072
9/16/2022,6:00,0
9/16/2022,12:00,94.496
9/16/2022,18:00,667.376
9/17/2022,0:00,195.376
9/17/2022,6:00,0
9/17/2022,12:00,100.576
9/17/2022,18:00,824.864
9/18/2022,0:00,200.912
9/18/2022,6:00,0
9/18/2022,12:00,101.472
9/18/2022,18:00,827.648
9/19/2022,0:00,195.968
9/19/2022,6:00,0
9/19/2022,12:00,9.472
9/19/2022,18:00,72.16
9/20/2022,0:00,23.472
9/20/2022,6:00,0
9/20/2022,12:00,99.072
9/20/2022,18:00,741.12
9/21/2022,0:00,180.832
9/21/2022,6:00,0
9/21/2022,12:00,102.064
9/21/2022,18:00,486.224
9/22/2022,0:00,123.568
9/22/2022,6:00,0
9/22/2022,12:00,8.448
9/22/2022,18:00,421.824
9/23/2022,0:00,102.496
9/23/2022,6:00,0
9/23/2022,12:00,112.224
9/23/2022,18:00,850.432
9/24/2022,0:00,208.976
9/24/2022,6:00,0
9/24/2022,12:00,115.232
9/24/2022,18:00,861.456
9/25/2022,0:00,211.584
9/25/2022,6:00,0
9/25/2022,12:00,17.248
9/25/2022,18:00,135.136
9/26/2022,0:00,14.656
9/26/2022,6:00,0
9/26/2022,12:00,86.576
9/26/2022,18:00,636.656
9/27/2022,0:00,140.352
9/27/2022,6:00,0
9/27/2022,12:00,113.84
9/27/2022,18:00,677.536
9/28/2022,0:00,140.144
9/28/2022,6:00,0
9/28/2022,12:00,61.44
9/28/2022,18:00,181.376
9/29/2022,0:00,58.4
9/29/2022,6:00,0
9/29/2022,12:00,8.24
9/29/2022,18:00,27.888
9/30/2022,0:00,7.888
9/30/2022,6:00,0
9/30/2022,12:00,37.296
9/30/2022,18:00,130.112
10/1/2022,0:00,34.976
10/1/2022,6:00,0
10/1/2022,12:00,36.448
10/1/2022,18:00,664.32
10/2/2022,0:00,215.44
10/2/2022,6:00,0
10/2/2022,12:00,128.06
10/2/2022,18:00,875.872
10/3/2022,0:00,218.016
10/3/2022,6:00,0
10/3/2022,12:00,131.2
10/3/2022,18:00,888.464
10/4/2022,0:00,222.752
10/4/2022,6:00,0
10/4/2022,12:00,134.18
10/4/2022,18:00,894.36
10/5/2022,0:00,223.056
10/5/2022,6:00,0
10/5/2022,12:00,134.42
10/5/2022,18:00,844.64
10/6/2022,0:00,179.152
10/6/2022,6:00,0
10/6/2022,12:00,2.8
10/6/2022,18:00,384.2
10/7/2022,0:00,204.304
10/7/2022,6:00,0
10/7/2022,12:00,57.42
10/7/2022,18:00,659.8
10/8/2022,0:00,127.856
10/8/2022,6:00,0
10/8/2022,12:00,140.96
10/8/2022,18:00,907.54
10/9/2022,0:00,226.688
10/9/2022,6:00,0
10/9/2022,12:00,29.72
10/9/2022,18:00,118.86
10/10/2022,0:00,36.608
10/10/2022,6:00,0
10/10/2022,12:00,14.66
10/10/2022,18:00,88.82
10/11/2022,0:00,11.616
10/11/2022,6:00,0
10/11/2022,12:00,16.52
10/11/2022,18:00,170.74
10/12/2022,0:00,51.68
10/12/2022,6:00,0
10/12/2022,12:00,48.02
10/12/2022,18:00,520.26
10/13/2022,0:00,73.104
10/13/2022,6:00,0
10/13/2022,12:00,142.08
10/13/2022,18:00,803.02
10/14/2022,0:00,228.288
10/14/2022,6:00,0
10/14/2022,12:00,50.08
10/14/2022,18:00,371.68
10/15/2022,0:00,99.872
10/15/2022,6:00,0
10/15/2022,12:00,26.2
10/15/2022,18:00,248.34
10/16/2022,0:00,53.152
10/16/2022,6:00,0
10/16/2022,12:00,24.304
10/16/2022,18:00,639.24
10/17/2022,0:00,219.648
10/17/2022,6:00,0
10/17/2022,12:00,140.768
10/17/2022,18:00,718.44
10/18/2022,0:00,125.584
10/18/2022,6:00,0
10/18/2022,12:00,10.62
10/18/2022,18:00,39.98
10/19/2022,0:00,127.744
10/19/2022,6:00,0
10/19/2022,12:00,135.22
10/19/2022,18:00,645.28
10/20/2022,0:00,201.552
10/20/2022,6:00,0
10/20/2022,12:00,115.66
10/20/2022,18:00,258.3
10/21/2022,0:00,46.784
10/21/2022,6:00,0
10/21/2022,12:00,34.4
10/21/2022,18:00,452.1
10/22/2022,0:00,139.504
10/22/2022,6:00,0
10/22/2022,12:00,158.08
10/22/2022,18:00,881.44
10/23/2022,0:00,238.96
10/23/2022,6:00,0
10/23/2022,12:00,162.976
10/23/2022,18:00,929.8
10/24/2022,0:00,241.216
10/24/2022,6:00,0
10/24/2022,12:00,174.848
10/24/2022,18:00,972.78
10/25/2022,0:00,252.832
10/25/2022,6:00,0
10/25/2022,12:00,174.528
10/25/2022,18:00,964.84
10/26/2022,0:00,249.376
10/26/2022,6:00,0
10/26/2022,12:00,166.624
10/26/2022,18:00,904.58
10/27/2022,0:00,213.44
10/27/2022,6:00,0
10/27/2022,12:00,52.352
10/27/2022,18:00,450.1
10/28/2022,0:00,248.24
10/28/2022,6:00,0
10/28/2022,12:00,177.5
10/28/2022,18:00,960.86
10/29/2022,0:00,253.056
10/29/2022,6:00,0
10/29/2022,12:00,91.632
10/29/2022,18:00,546.04
10/30/2022,0:00,197.296
10/30/2022,6:00,0
10/30/2022,12:00,91.888
10/30/2022,18:00,735.86
10/31/2022,0:00,128.112
10/31/2022,6:00,0
10/31/2022,12:00,4.32
10/31/2022,18:00,30.38
11/1/2022,0:00,6.96
11/1/2022,6:00,0
11/1/2022,12:00,185.88
11/1/2022,18:00,998.08
11/2/2022,0:00,268.928
11/2/2022,6:00,0
11/2/2022,12:00,190.2
11/2/2022,18:00,995.72
11/3/2022,0:00,267.904
11/3/2022,6:00,0
11/3/2022,12:00,186.368
11/3/2022,18:00,983.24
11/4/2022,0:00,265.888
11/4/2022,6:00,0
11/4/2022,12:00,190.784
11/4/2022,18:00,983.84
11/5/2022,0:00,267.136
11/5/2022,6:00,0
11/5/2022,12:00,189.04
11/5/2022,18:00,984.26
11/6/2022,0:00,266.208
11/6/2022,6:00,0
11/6/2022,12:00,186.84
11/6/2022,18:00,898.96
11/7/2022,0:00,189.248
11/7/2022,6:00,0
11/7/2022,12:00,189.584
11/7/2022,18:00,985.38
11/8/2022,0:00,270
11/8/2022,6:00,0
11/8/2022,12:00,188.928
11/8/2022,18:00,980.22
11/9/2022,0:00,268.832
11/9/2022,6:00,0
11/9/2022,12:00,193.344
11/9/2022,18:00,994.68
11/10/2022,0:00,267.856
11/10/2022,6:00,0
11/10/2022,12:00,195.008
11/10/2022,18:00,969.1
11/11/2022,0:00,140.976
11/11/2022,6:00,0
11/11/2022,12:00,156.112
11/11/2022,18:00,861.08
11/12/2022,0:00,198.912
11/12/2022,6:00,0
11/12/2022,12:00,185.86
11/12/2022,18:00,649.62
11/13/2022,0:00,150.496
11/13/2022,6:00,0
11/13/2022,12:00,12.6
11/13/2022,18:00,206.6
11/14/2022,0:00,178.192
11/14/2022,6:00,0
11/14/2022,12:00,53.84
11/14/2022,18:00,902.5
11/15/2022,0:00,278.688
11/15/2022,6:00,0
11/15/2022,12:00,196.2
11/15/2022,18:00,994.2
11/16/2022,0:00,280.976
11/16/2022,6:00,0
11/16/2022,12:00,199.4
11/16/2022,18:00,1000.48
11/17/2022,0:00,283.072
11/17/2022,6:00,0
11/17/2022,12:00,200.34
11/17/2022,18:00,1003.18
11/18/2022,0:00,286.992
11/18/2022,6:00,0
11/18/2022,12:00,197.82
11/18/2022,18:00,994.88
11/19/2022,0:00,285.9
11/19/2022,6:00,0
11/19/2022,12:00,198.2
11/19/2022,18:00,989
11/20/2022,0:00,286.848
11/20/2022,6:00,0
11/20/2022,12:00,193.86
11/20/2022,18:00,953.36
11/21/2022,0:00,238.464
11/21/2022,6:00,0
11/21/2022,12:00,97.12
11/21/2022,18:00,303.98
11/22/2022,0:00,50.592
11/22/2022,6:00,0
11/22/2022,12:00,131.9
11/22/2022,18:00,482.8
11/23/2022,0:00,93.872
11/23/2022,6:00,0
11/23/2022,12:00,201.08
11/23/2022,18:00,1015.54
11/24/2022,0:00,294.608
11/24/2022,6:00,0
11/24/2022,12:00,198.76
11/24/2022,18:00,996.9
11/25/2022,0:00,294.912
11/25/2022,6:00,0
11/25/2022,12:00,203.02
11/25/2022,18:00,1009.3
11/26/2022,0:00,299.98
11/26/2022,6:00,0
11/26/2022,12:00,197.52
11/26/2022,18:00,983.94
11/27/2022,0:00,193.088
11/27/2022,6:00,0
11/27/2022,12:00,193.72
11/27/2022,18:00,720.8
11/28/2022,0:00,185.72
11/28/2022,6:00,0
11/28/2022,12:00,192.14
11/28/2022,18:00,994.38
11/29/2022,0:00,267.3
11/29/2022,6:00,0
11/29/2022,12:00,193.36
11/29/2022,18:00,798.9
11/30/2022,0:00,97.7
11/30/2022,6:00,0
11/30/2022,12:00,189.64
11/30/2022,18:00,779.64
12/1/2022,0:00,97.76
12/1/2022,6:00,0
12/1/2022,12:00,191.12
12/1/2022,18:00,936.18
12/2/2022,0:00,296.976
12/2/2022,6:00,0
12/2/2022,12:00,187.16
12/2/2022,18:00,847.62
12/3/2022,0:00,209.408
12/3/2022,6:00,0
12/3/2022,12:00,179.36
12/3/2022,18:00,832
12/4/2022,0:00,183.744
12/4/2022,6:00,0
12/4/2022,12:00,188.4
12/4/2022,18:00,629.48
12/5/2022,0:00,150.24
12/5/2022,6:00,0
12/5/2022,12:00,189.74
12/5/2022,18:00,759.86
12/6/2022,0:00,154.48
12/6/2022,6:00,0
12/6/2022,12:00,191.92
12/6/2022,18:00,981.72
12/7/2022,0:00,290.16
12/7/2022,6:00,0
12/7/2022,12:00,191.66
12/7/2022,18:00,986.52
12/8/2022,0:00,307.696
12/8/2022,6:00,0
12/8/2022,12:00,189.4
12/8/2022,18:00,982.42
12/9/2022,0:00,283.488
12/9/2022,6:00,0
12/9/2022,12:00,187.78
12/9/2022,18:00,943.82
12/10/2022,0:00,276.74
12/10/2022,6:00,0
12/10/2022,12:00,158.04
12/10/2022,18:00,866.58
12/11/2022,0:00,115.88
12/11/2022,6:00,0
12/11/2022,12:00,14.36
12/11/2022,18:00,651.52
12/12/2022,0:00,279.52
12/12/2022,6:00,0
12/12/2022,12:00,186.12
12/12/2022,18:00,756.22
12/13/2022,0:00,104.88
12/13/2022,6:00,0
12/13/2022,12:00,191.26
12/13/2022,18:00,1026.82
12/14/2022,0:00,331.8
12/14/2022,6:00,0
12/14/2022,12:00,195.98
12/14/2022,18:00,1015.68
12/15/2022,0:00,329.728
12/15/2022,6:00,0
12/15/2022,12:00,188.74
12/15/2022,18:00,976.38
12/16/2022,0:00,94.56
12/16/2022,6:00,0
12/16/2022,12:00,188.24
12/16/2022,18:00,995.98
12/17/2022,0:00,244.42
12/17/2022,6:00,0
12/17/2022,12:00,190.96
12/17/2022,18:00,982.74
12/18/2022,0:00,283.96
12/18/2022,6:00,0
12/18/2022,12:00,81.58
12/18/2022,18:00,681.2
12/19/2022,0:00,272.64
12/19/2022,6:00,0
12/19/2022,12:00,181.68
12/19/2022,18:00,949.84
12/20/2022,0:00,101.52
12/20/2022,6:00,0
12/20/2022,12:00,183.12
12/20/2022,18:00,878.26
12/21/2022,0:00,276.368
12/21/2022,6:00,0
12/21/2022,12:00,182.62
12/21/2022,18:00,988.36
12/22/2022,0:00,310.528
12/22/2022,6:00,0
12/22/2022,12:00,184.06
12/22/2022,18:00,991.96
12/23/2022,0:00,335.12
12/23/2022,6:00,0
12/23/2022,12:00,177.04
12/23/2022,18:00,985.32
12/24/2022,0:00,336.06
12/24/2022,6:00,0
12/24/2022,12:00,183
12/24/2022,18:00,1000.14
12/25/2022,0:00,338.048
12/25/2022,6:00,0
12/25/2022,12:00,149.5
12/25/2022,18:00,845.82
12/26/2022,0:00,40.512
12/26/2022,6:00,0
12/26/2022,12:00,175.06
12/26/2022,18:00,717.08
12/27/2022,0:00,147.024
12/27/2022,6:00,0
12/27/2022,12:00,140.62
12/27/2022,18:00,531.44
12/28/2022,0:00,72.44
12/28/2022,6:00,0
12/28/2022,12:00,121.98
12/28/2022,18:00,884.42
12/29/2022,0:00,344.04
12/29/2022,6:00,0
12/29/2022,12:00,175.8
12/29/2022,18:00,1003.56
12/30/2022,0:00,351.64
12/30/2022,6:00,0
12/30/2022,12:00,180.02
12/30/2022,18:00,1009.32
12/31/2022,0:00,351.4
12/31/2022,6:00,0
12/31/2022,12:00,176.76
12/31/2022,18:00,997.1
1/1/2023,0:00,345.26
1/1/2023,6:00,0
1/1/2023,12:00,170.74
1/1/2023,18:00,980.38
1/2/2023,0:00,191.1
1/2/2023,6:00,0
1/2/2023,12:00,146.26
1/2/2023,18:00,530.68
1/3/2023,0:00,218.192
1/3/2023,6:00,0
1/3/2023,12:00,172.06
1/3/2023,18:00,1004.62
1/4/2023,0:00,300.976
1/4/2023,6:00,0
1/4/2023,12:00,170.4
1/4/2023,18:00,1001.74
1/5/2023,0:00,330.832
1/5/2023,6:00,0
1/5/2023,12:00,169.96
1/5/2023,18:00,999.74
1/6/2023,0:00,352.14
1/6/2023,6:00,0
1/6/2023,12:00,168.26
1/6/2023,18:00,1002.66
1/7/2023,0:00,356.14
1/7/2023,6:00,0
1/7/2023,12:00,168.56
1/7/2023,18:00,1008.04
1/8/2023,0:00,359.12
1/8/2023,6:00,0
1/8/2023,12:00,162.76
1/8/2023,18:00,990.4
1/9/2023,0:00,355.3
1/9/2023,6:00,0
1/9/2023,12:00,159.44
1/9/2023,18:00,838.26
1/10/2023,0:00,161.92
1/10/2023,6:00,0
1/10/2023,12:00,158.58
1/10/2023,18:00,822.04
1/11/2023,0:00,112.16
1/11/2023,6:00,0
1/11/2023,12:00,159.1
1/11/2023,18:00,912.62
1/12/2023,0:00,239.12
1/12/2023,6:00,0
1/12/2023,12:00,121.84
1/12/2023,18:00,834.98
1/13/2023,0:00,128.28
1/13/2023,6:00,0
1/13/2023,12:00,149.68
1/13/2023,18:00,626.3
1/14/2023,0:00,38.44
1/14/2023,6:00,0
1/14/2023,12:00,107.64
1/14/2023,18:00,695.82
1/15/2023,0:00,52.66
1/15/2023,6:00,0
1/15/2023,12:00,58.94
1/15/2023,18:00,834.44
1/16/2023,0:00,173.1
1/16/2023,6:00,0
1/16/2023,12:00,150.64
1/16/2023,18:00,630.92
1/17/2023,0:00,38.7
1/17/2023,6:00,0
1/17/2023,12:00,149.54
1/17/2023,18:00,767.4
1/18/2023,0:00,294.928
1/18/2023,6:00,0
1/18/2023,12:00,147.26
1/18/2023,18:00,890.5
1/19/2023,0:00,186.848
1/19/2023,6:00,0
1/19/2023,12:00,146.4
1/19/2023,18:00,939.66
1/20/2023,0:00,193.984
1/20/2023,6:00,0
1/20/2023,12:00,144.192
1/20/2023,18:00,627.76
1/21/2023,0:00,121.696
1/21/2023,6:00,0
1/21/2023,12:00,141.98
1/21/2023,18:00,543.38
1/22/2023,0:00,110.656
1/22/2023,6:00,0
1/22/2023,12:00,140.88
1/22/2023,18:00,669.14
1/23/2023,0:00,338.192
1/23/2023,6:00,0
1/23/2023,12:00,141.1
1/23/2023,18:00,947.24
1/24/2023,0:00,343.088
1/24/2023,6:00,0
1/24/2023,12:00,143.28
1/24/2023,18:00,977.82
1/25/2023,0:00,349.392
1/25/2023,6:00,0
1/25/2023,12:00,142
1/25/2023,18:00,972.84
1/26/2023,0:00,325.232
1/26/2023,6:00,0
1/26/2023,12:00,115.664
1/26/2023,18:00,627.94
1/27/2023,0:00,79.008
1/27/2023,6:00,0
1/27/2023,12:00,71.728
1/27/2023,18:00,657.48
1/28/2023,0:00,202.4
1/28/2023,6:00,0
1/28/2023,12:00,131.472
1/28/2023,18:00,504.22
1/29/2023,0:00,76.56
1/29/2023,6:00,0
1/29/2023,12:00,129.46
1/29/2023,18:00,661.48
1/30/2023,0:00,188.272
1/30/2023,6:00,0
1/30/2023,12:00,122.58
1/30/2023,18:00,602.7
1/31/2023,0:00,109.472
1/31/2023,6:00,0
1/31/2023,12:00,131.536
1/31/2023,18:00,949.1
2/1/2023,0:00,276.528
2/1/2023,6:00,0
2/1/2023,12:00,130.064
2/1/2023,18:00,935.42
2/2/2023,0:00,298.048
2/2/2023,6:00,0
2/2/2023,12:00,117.888
2/2/2023,18:00,759.02
2/3/2023,0:00,82.128
2/3/2023,6:00,0
2/3/2023,12:00,104.688
2/3/2023,18:00,477.5
2/4/2023,0:00,170.304
2/4/2023,6:00,0
2/4/2023,12:00,126.752
2/4/2023,18:00,752.32
2/5/2023,0:00,54.016
2/5/2023,6:00,0
2/5/2023,12:00,121.02
2/5/2023,18:00,971.06
2/6/2023,0:00,346.896
2/6/2023,6:00,0
2/6/2023,12:00,124.688
2/6/2023,18:00,946.84
2/7/2023,0:00,337.968
2/7/2023,6:00,0
2/7/2023,12:00,116.032
2/7/2023,18:00,948.52
2/8/2023,0:00,336.624
2/8/2023,6:00,0
2/8/2023,12:00,123.728
2/8/2023,18:00,945.78
2/9/2023,0:00,322.496
2/9/2023,6:00,0
2/9/2023,12:00,102.656
2/9/2023,18:00,749.056
2/10/2023,0:00,151.568
2/10/2023,6:00,0
2/10/2023,12:00,120.944
2/10/2023,18:00,775.904
2/11/2023,0:00,265.696
2/11/2023,6:00,0
2/11/2023,12:00,120.8
2/11/2023,18:00,900.8
2/12/2023,0:00,205.568
2/12/2023,6:00,0
2/12/2023,12:00,122
2/12/2023,18:00,947.168
2/13/2023,0:00,328.08
2/13/2023,6:00,0
2/13/2023,12:00,118.22
2/13/2023,18:00,842.928
2/14/2023,0:00,172.544
2/14/2023,6:00,0
2/14/2023,12:00,112.82
2/14/2023,18:00,672.16
2/15/2023,0:00,109.536
2/15/2023,6:00,0
2/15/2023,12:00,64.42
2/15/2023,18:00,828.896
2/16/2023,0:00,270.864
2/16/2023,6:00,0
2/16/2023,12:00,100
2/16/2023,18:00,877.42
2/17/2023,0:00,170.704
2/17/2023,6:00,0
2/17/2023,12:00,19.68
2/17/2023,18:00,355.392
2/18/2023,0:00,323.472
2/18/2023,6:00,0
2/18/2023,12:00,119.74
2/18/2023,18:00,974.352
2/19/2023,0:00,330.24
2/19/2023,6:00,0
2/19/2023,12:00,101.62
2/19/2023,18:00,901.216
2/20/2023,0:00,302.48
2/20/2023,6:00,0
2/20/2023,12:00,33.02
2/20/2023,18:00,129.84
2/21/2023,0:00,123.36
2/21/2023,6:00,0
2/21/2023,12:00,109.392
2/21/2023,18:00,901.2
2/22/2023,0:00,305.232
2/22/2023,6:00,0
2/22/2023,12:00,105.056
2/22/2023,18:00,871.6
2/23/2023,0:00,276.896
2/23/2023,6:00,0
2/23/2023,12:00,96.496
2/23/2023,18:00,636.416
2/24/2023,0:00,144.32
2/24/2023,6:00,0
2/24/2023,12:00,72.56
2/24/2023,18:00,698.448
2/25/2023,0:00,194.464
2/25/2023,6:00,0
2/25/2023,12:00,102.48
2/25/2023,18:00,779.456
2/26/2023,0:00,287.728
2/26/2023,6:00,0
2/26/2023,12:00,104.496
2/26/2023,18:00,865.568
2/27/2023,0:00,108.8
2/27/2023,6:00,0
2/27/2023,12:00,104.592
2/27/2023,18:00,904.752
2/28/2023,0:00,287.248
2/28/2023,6:00,0
2/28/2023,12:00,102.416
2/28/2023,18:00,740.448
3/1/2023,0:00,140.08
3/1/2023,6:00,0
3/1/2023,12:00,99.888
3/1/2023,18:00,797.472
3/2/2023,0:00,212.288
3/2/2023,6:00,0
3/2/2023,12:00,98.016
3/2/2023,18:00,623.856
3/3/2023,0:00,41.904
3/3/2023,6:00,0
3/3/2023,12:00,14.752
3/3/2023,18:00,107.632
3/4/2023,0:00,95.312
3/4/2023,6:00,0
3/4/2023,12:00,47.504
3/4/2023,18:00,568.832
3/5/2023,0:00,264.576
3/5/2023,6:00,0
3/5/2023,12:00,54.12
3/5/2023,18:00,835.008
3/6/2023,0:00,269.456
3/6/2023,6:00,0
3/6/2023,12:00,100.82
3/6/2023,18:00,765.968
3/7/2023,0:00,81.616
3/7/2023,6:00,0
3/7/2023,12:00,62.02
3/7/2023,18:00,843.952
3/8/2023,0:00,201.312
3/8/2023,6:00,0
3/8/2023,12:00,93.296
3/8/2023,18:00,850.496
3/9/2023,0:00,259.568
3/9/2023,6:00,0
3/9/2023,12:00,94.592
3/9/2023,18:00,854.096
3/10/2023,0:00,257.76
3/10/2023,6:00,0
3/10/2023,12:00,92.768
3/10/2023,18:00,677.424
3/11/2023,0:00,123.472
3/11/2023,6:00,0
3/11/2023,12:00,94.304
3/11/2023,18:00,848.368
3/12/2023,0:00,255.84
3/12/2023,6:00,0
3/12/2023,12:00,91.216
3/12/2023,18:00,836.24
3/13/2023,0:00,250.832
3/13/2023,6:00,0
3/13/2023,12:00,87.968
3/13/2023,18:00,614.512
3/14/2023,0:00,56.352
3/14/2023,6:00,0
3/14/2023,12:00,56.4
3/14/2023,18:00,522.288
3/15/2023,0:00,56.304
3/15/2023,6:00,0
3/15/2023,12:00,4.848
3/15/2023,18:00,96.128
3/16/2023,0:00,40.368
3/16/2023,6:00,0
3/16/2023,12:00,22.592
3/16/2023,18:00,532.736
3/17/2023,0:00,207.344
3/17/2023,6:00,0
3/17/2023,12:00,70.976
3/17/2023,18:00,772.496
3/18/2023,0:00,157.632
3/18/2023,6:00,0
3/18/2023,12:00,87.456
3/18/2023,18:00,823.04
3/19/2023,0:00,202.672
3/19/2023,6:00,0
3/19/2023,12:00,73.936
3/19/2023,18:00,729.12
3/20/2023,0:00,197.024
3/20/2023,6:00,0
3/20/2023,12:00,83.568
3/20/2023,18:00,583.696
3/21/2023,0:00,26.624
3/21/2023,6:00,0
3/21/2023,12:00,81.872
3/21/2023,18:00,796.272
3/22/2023,0:00,38.48
3/22/2023,6:00,0
3/22/2023,12:00,81.248
3/22/2023,18:00,700.24
3/23/2023,0:00,89.936
3/23/2023,6:00,0
3/23/2023,12:00,79.904
3/23/2023,18:00,645.104
3/24/2023,0:00,111.376
3/24/2023,6:00,0
3/24/2023,12:00,68.112
3/24/2023,18:00,588.56
3/25/2023,0:00,118.336
3/25/2023,6:00,0
3/25/2023,12:00,74.032
3/25/2023,18:00,625.12
3/26/2023,0:00,70.288
3/26/2023,6:00,0
3/26/2023,12:00,21.76
3/26/2023,18:00,794.176
3/27/2023,0:00,218.8
3/27/2023,6:00,0
3/27/2023,12:00,82.768
3/27/2023,18:00,812.368
3/28/2023,0:00,221.648
3/28/2023,6:00,0
3/28/2023,12:00,79.984
3/28/2023,18:00,758.256
3/29/2023,0:00,153.408
3/29/2023,6:00,0
3/29/2023,12:00,38.384
3/29/2023,18:00,578.976
3/30/2023,0:00,140.816
3/30/2023,6:00,0
3/30/2023,12:00,15.824
3/30/2023,18:00,431.184
3/31/2023,0:00,169.168
3/31/2023,6:00,0
3/31/2023,12:00,74.064
3/31/2023,18:00,729.728
4/1/2023,0:00,50.496
4/1/2023,6:00,0
4/1/2023,12:00,76.032
4/1/2023,18:00,805.36
4/2/2023,0:00,213.36
4/2/2023,6:00,0
4/2/2023,12:00,81.136
4/2/2023,18:00,805.152
4/3/2023,0:00,207.952
4/3/2023,6:00,0
4/3/2023,12:00,77.776
4/3/2023,18:00,778.176
4/4/2023,0:00,194.72
4/4/2023,6:00,0
4/4/2023,12:00,74.736
4/4/2023,18:00,585.232
4/5/2023,0:00,148.752
4/5/2023,6:00,0
4/5/2023,12:00,20.224
4/5/2023,18:00,393.632
4/6/2023,0:00,12.8
4/6/2023,6:00,0
4/6/2023,12:00,4.592
4/6/2023,18:00,79.152
4/7/2023,0:00,23.552
4/7/2023,6:00,0
4/7/2023,12:00,7.232
4/7/2023,18:00,119.552
4/8/2023,0:00,82.88
4/8/2023,6:00,0
4/8/2023,12:00,65.52
4/8/2023,18:00,432.256
4/9/2023,0:00,118.656
4/9/2023,6:00,0
4/9/2023,12:00,67.04
4/9/2023,18:00,697.728
4/10/2023,0:00,117.52
4/10/2023,6:00,0
4/10/2023,12:00,55.42
4/10/2023,18:00,539.584
4/11/2023,0:00,134.864
4/11/2023,6:00,0
4/11/2023,12:00,66.864
4/11/2023,18:00,719.632
4/12/2023,0:00,170.432
4/12/2023,6:00,0
4/12/2023,12:00,41.344
4/12/2023,18:00,717.424
4/13/2023,0:00,171.792
4/13/2023,6:00,0
4/13/2023,12:00,51.28
4/13/2023,18:00,451.216
4/14/2023,0:00,76.96
4/14/2023,6:00,0
4/14/2023,12:00,31.984
4/14/2023,18:00,388.64
4/15/2023,0:00,94.288
4/15/2023,6:00,0
4/15/2023,12:00,61.264
4/15/2023,18:00,658.16
4/16/2023,0:00,147.36
4/16/2023,6:00,0
4/16/2023,12:00,31.44
4/16/2023,18:00,138.16
4/17/2023,0:00,35.888
4/17/2023,6:00,0
4/17/2023,12:00,44.752
4/17/2023,18:00,398.64
4/18/2023,0:00,29.504
4/18/2023,6:00,0
4/18/2023,12:00,41.888
4/18/2023,18:00,697.92
4/19/2023,0:00,162.208
4/19/2023,6:00,0
4/19/2023,12:00,62.78
4/19/2023,18:00,528.528
4/20/2023,0:00,19.344
4/20/2023,6:00,0
4/20/2023,12:00,63.136
4/20/2023,18:00,710.512
4/21/2023,0:00,161.056
4/21/2023,6:00,0
4/21/2023,12:00,62.64
4/21/2023,18:00,710.208
4/22/2023,0:00,158.72
4/22/2023,6:00,0
4/22/2023,12:00,51.136
4/22/2023,18:00,657.616
4/23/2023,0:00,152.976
4/23/2023,6:00,0
4/23/2023,12:00,58.672
4/23/2023,18:00,664.736
4/24/2023,0:00,127.136
4/24/2023,6:00,0
4/24/2023,12:00,57.392
4/24/2023,18:00,600.704
4/25/2023,0:00,31.824
4/25/2023,6:00,0
4/25/2023,12:00,10.528
4/25/2023,18:00,512.288
4/26/2023,0:00,29.888
4/26/2023,6:00,0
4/26/2023,12:00,52.24
4/26/2023,18:00,459.136
4/27/2023,0:00,128.544
4/27/2023,6:00,0
4/27/2023,12:00,54.8
4/27/2023,18:00,657.696
4/28/2023,0:00,140
4/28/2023,6:00,0
4/28/2023,12:00,55.856
4/28/2023,18:00,662.576
4/29/2023,0:00,141.28
4/29/2023,6:00,0
4/29/2023,12:00,54.176
4/29/2023,18:00,651.152
4/30/2023,0:00,137.68
4/30/2023,6:00,0
4/30/2023,12:00,53.408
4/30/2023,18:00,653.6
5/1/2023,0:00,136.992
5/1/2023,6:00,0
5/1/2023,12:00,27.888
5/1/2023,18:00,530.192
5/2/2023,0:00,65.184
5/2/2023,6:00,0
5/2/2023,12:00,45.584
5/2/2023,18:00,209.472
5/3/2023,0:00,43.424
5/3/2023,6:00,0
5/3/2023,12:00,10.512
5/3/2023,18:00,130.736
5/4/2023,0:00,5.856
5/4/2023,6:00,0
5/4/2023,12:00,4.72
5/4/2023,18:00,41.696
5/5/2023,0:00,8.992
5/5/2023,6:00,0
5/5/2023,12:00,5.744
5/5/2023,18:00,271.936
5/6/2023,0:00,76.208
5/6/2023,6:00,0
5/6/2023,12:00,27.776
5/6/2023,18:00,481.936
5/7/2023,0:00,73.36
5/7/2023,6:00,0
5/7/2023,12:00,42.624
5/7/2023,18:00,443.792
5/8/2023,0:00,39.328
5/8/2023,6:00,0
5/8/2023,12:00,11.424
5/8/2023,18:00,420.688
5/9/2023,0:00,103.408
5/9/2023,6:00,0
5/9/2023,12:00,49.104
5/9/2023,18:00,632.064
5/10/2023,0:00,125.328
5/10/2023,6:00,0
5/10/2023,12:00,47.664
5/10/2023,18:00,619.024
5/11/2023,0:00,123.04
5/11/2023,6:00,0
5/11/2023,12:00,45.968
5/11/2023,18:00,609.968
5/12/2023,0:00,112.864
5/12/2023,6:00,0
5/12/2023,12:00,45.28
5/12/2023,18:00,606.48
5/13/2023,0:00,118.416
5/13/2023,6:00,0
5/13/2023,12:00,44.624
5/13/2023,18:00,601.44
5/14/2023,0:00,117.536
5/14/2023,6:00,0
5/14/2023,12:00,44.176
5/14/2023,18:00,596.608
5/15/2023,0:00,114.928
5/15/2023,6:00,0
5/15/2023,12:00,43.408
5/15/2023,18:00,595.104
5/16/2023,0:00,115.376
5/16/2023,6:00,0
5/16/2023,12:00,43.744
5/16/2023,18:00,600.832
5/17/2023,0:00,116
5/17/2023,6:00,0
5/17/2023,12:00,38.848
5/17/2023,18:00,579.008
5/18/2023,0:00,114.768
5/18/2023,6:00,0
5/18/2023,12:00,41.76
5/18/2023,18:00,587.6
5/19/2023,0:00,111.808
5/19/2023,6:00,0
5/19/2023,12:00,41.056
5/19/2023,18:00,521.296
5/20/2023,0:00,112.928
5/20/2023,6:00,0
5/20/2023,12:00,26.08
5/20/2023,18:00,391.008
5/21/2023,0:00,60.368
5/21/2023,6:00,0
5/21/2023,12:00,2.848
5/21/2023,18:00,57.52
5/22/2023,0:00,3.136
5/22/2023,6:00,0
5/22/2023,12:00,7.072
5/22/2023,18:00,405.008
5/23/2023,0:00,103.248
5/23/2023,6:00,0
5/23/2023,12:00,37.312
5/23/2023,18:00,555.232
5/24/2023,0:00,103.008
5/24/2023,6:00,0
5/24/2023,12:00,36.688
5/24/2023,18:00,554.8
5/25/2023,0:00,103.968
5/25/2023,6:00,0
5/25/2023,12:00,36.912
5/25/2023,18:00,557.68
5/26/2023,0:00,104.16
5/26/2023,6:00,0
5/26/2023,12:00,27.392
5/26/2023,18:00,447.616
5/27/2023,0:00,77.632
5/27/2023,6:00,0
5/27/2023,12:00,23.456
5/27/2023,18:00,168.528
5/28/2023,0:00,21.36
5/28/2023,6:00,0
5/28/2023,12:00,1.76
5/28/2023,18:00,56.624
5/29/2023,0:00,73.504
5/29/2023,6:00,0
5/29/2023,12:00,34.048
5/29/2023,18:00,358.352
5/30/2023,0:00,21.776
5/30/2023,6:00,0
5/30/2023,12:00,24.528
5/30/2023,18:00,394.32
5/31/2023,0:00,79.936
5/31/2023,6:00,0
5/31/2023,12:00,32.512
5/31/2023,18:00,526.56
6/1/2023,0:00,98.128
6/1/2023,6:00,0
6/1/2023,12:00,32.992
6/1/2023,18:00,536.08
6/2/2023,0:00,99.264
6/2/2023,6:00,0
6/2/2023,12:00,33.12
6/2/2023,18:00,539.44
6/3/2023,0:00,90.912
6/3/2023,6:00,0
6/3/2023,12:00,32.832
6/3/2023,18:00,540.944
6/4/2023,0:00,89.568
6/4/2023,6:00,0
6/4/2023,12:00,32.176
6/4/2023,18:00,524.8
6/5/2023,0:00,72.784
6/5/2023,6:00,0
6/5/2023,12:00,24.064
6/5/2023,18:00,454.16
6/6/2023,0:00,89.6
6/6/2023,6:00,0
6/6/2023,12:00,29.92
6/6/2023,18:00,514.896
6/7/2023,0:00,94.864
6/7/2023,6:00,0
6/7/2023,12:00,29.792
6/7/2023,18:00,515.536
6/8/2023,0:00,95.28
6/8/2023,6:00,0
6/8/2023,12:00,28.88
6/8/2023,18:00,518.544
6/9/2023,0:00,96.208
6/9/2023,6:00,0
6/9/2023,12:00,30.688
6/9/2023,18:00,530.624
6/10/2023,0:00,96.896
6/10/2023,6:00,0
6/10/2023,12:00,5.408
6/10/2023,18:00,182.896
6/11/2023,0:00,9.712
6/11/2023,6:00,0
6/11/2023,12:00,1.232
6/11/2023,18:00,15.744
6/12/2023,0:00,8.112
6/12/2023,6:00,0
6/12/2023,12:00,29.472
6/12/2023,18:00,422.192
6/13/2023,0:00,73.76
6/13/2023,6:00,0
6/13/2023,12:00,25.12
6/13/2023,18:00,350.352
6/14/2023,0:00,5.312
6/14/2023,6:00,0
6/14/2023,12:00,3.152
6/14/2023,18:00,29.68
6/15/2023,0:00,2.608
6/15/2023,6:00,0
6/15/2023,12:00,0.656
6/15/2023,18:00,36.752
6/16/2023,0:00,2.96
6/16/2023,6:00,0
6/16/2023,12:00,0.912
6/16/2023,18:00,171.6
6/17/2023,0:00,33.44
6/17/2023,6:00,0
6/17/2023,12:00,29.024
6/17/2023,18:00,526.72
6/18/2023,0:00,98.656
6/18/2023,6:00,0
6/18/2023,12:00,28.736
6/18/2023,18:00,531.92
6/19/2023,0:00,100.896
6/19/2023,6:00,0
6/19/2023,12:00,25.36
6/19/2023,18:00,445.488
6/20/2023,0:00,77.632
6/20/2023,6:00,0
6/20/2023,12:00,24.26
6/20/2023,18:00,505.648
6/21/2023,0:00,74.112
6/21/2023,6:00,0
6/21/2023,12:00,11.02
6/21/2023,18:00,119.152
6/22/2023,0:00,17.968
6/22/2023,6:00,0
6/22/2023,12:00,3.376
6/22/2023,18:00,158.208
6/23/2023,0:00,9.088
6/23/2023,6:00,0
6/23/2023,12:00,4.624
6/23/2023,18:00,333.584
6/24/2023,0:00,92.544
6/24/2023,6:00,0
6/24/2023,12:00,16.976
6/24/2023,18:00,448.704
6/25/2023,0:00,72.288
6/25/2023,6:00,0
6/25/2023,12:00,26
6/25/2023,18:00,455.776
6/26/2023,0:00,95.808
6/26/2023,6:00,0
6/26/2023,12:00,26.18
6/26/2023,18:00,513.264
6/27/2023,0:00,99.44
6/27/2023,6:00,0
6/27/2023,12:00,27.34
6/27/2023,18:00,524.736
6/28/2023,0:00,102
6/28/2023,6:00,0
6/28/2023,12:00,26.256
6/28/2023,18:00,498.608
6/29/2023,0:00,46.992
6/29/2023,6:00,0
6/29/2023,12:00,26.624
6/29/2023,18:00,497.952
6/30/2023,0:00,81.792
6/30/2023,6:00,0
6/30/2023,12:00,15.312
6/30/2023,18:00,145.888
7/1/2023,0:00,92.784
7/1/2023,6:00,0
7/1/2023,12:00,25.42
7/1/2023,18:00,480.032
7/2/2023,0:00,98.288
7/2/2023,6:00,0
7/2/2023,12:00,26
7/2/2023,18:00,513.712
7/3/2023,0:00,101.808
7/3/2023,6:00,0
7/3/2023,12:00,26.832
7/3/2023,18:00,524.896
7/4/2023,0:00,104.048
7/4/2023,6:00,0
7/4/2023,12:00,26.928
7/4/2023,18:00,526.368
7/5/2023,0:00,105.68
7/5/2023,6:00,0
7/5/2023,12:00,26.48
7/5/2023,18:00,518.416
7/6/2023,0:00,103.664
7/6/2023,6:00,0
7/6/2023,12:00,24.24
7/6/2023,18:00,520.016
7/7/2023,0:00,97.168
7/7/2023,6:00,0
7/7/2023,12:00,15.36
7/7/2023,18:00,255.344
7/8/2023,0:00,38.688
7/8/2023,6:00,0
7/8/2023,12:00,9.696
7/8/2023,18:00,471.808
7/9/2023,0:00,102.88
7/9/2023,6:00,0
7/9/2023,12:00,21.408
7/9/2023,18:00,244.32
7/10/2023,0:00,65.392
7/10/2023,6:00,0
7/10/2023,12:00,14.608
7/10/2023,18:00,166.384
7/11/2023,0:00,21.056
7/11/2023,6:00,0
7/11/2023,12:00,5.776
7/11/2023,18:00,78.288
7/12/2023,0:00,19.232
7/12/2023,6:00,0
7/12/2023,12:00,9.92
7/12/2023,18:00,81.76
7/13/2023,0:00,4.592
7/13/2023,6:00,0
7/13/2023,12:00,1.104
7/13/2023,18:00,29.248
7/14/2023,0:00,5.2
7/14/2023,6:00,0
7/14/2023,12:00,28.04
7/14/2023,18:00,212.56
7/15/2023,0:00,30.592
7/15/2023,6:00,0
7/15/2023,12:00,29.568
7/15/2023,18:00,552.272
7/16/2023,0:00,113.904
7/16/2023,6:00,0
7/16/2023,12:00,28.704
7/16/2023,18:00,541.552
7/17/2023,0:00,112.848
7/17/2023,6:00,0
7/17/2023,12:00,26.704
7/17/2023,18:00,493.952
7/18/2023,0:00,109.248
7/18/2023,6:00,0
7/18/2023,12:00,30.512
7/18/2023,18:00,562.464
7/19/2023,0:00,119.104
7/19/2023,6:00,0
7/19/2023,12:00,29.664
7/19/2023,18:00,548.336
7/20/2023,0:00,100.064
7/20/2023,6:00,0
7/20/2023,12:00,7.92
7/20/2023,18:00,256.48
7/21/2023,0:00,49.36
7/21/2023,6:00,0
7/21/2023,12:00,29.36
7/21/2023,18:00,542.768
7/22/2023,0:00,116
7/22/2023,6:00,0
7/22/2023,12:00,26.688
7/22/2023,18:00,501.424
7/23/2023,0:00,114.08
7/23/2023,6:00,0
7/23/2023,12:00,29.76
7/23/2023,18:00,528.448
7/24/2023,0:00,116.384
7/24/2023,6:00,0
7/24/2023,12:00,30.848
7/24/2023,18:00,510.96
7/25/2023,0:00,104.88
7/25/2023,6:00,0
7/25/2023,12:00,15.744
7/25/2023,18:00,342.576
7/26/2023,0:00,116.512
7/26/2023,6:00,0
7/26/2023,12:00,4.208
7/26/2023,18:00,234.544
7/27/2023,0:00,21.328
7/27/2023,6:00,0
7/27/2023,12:00,32.688
7/27/2023,18:00,565.072
7/28/2023,0:00,118.016
7/28/2023,6:00,0
7/28/2023,12:00,28.864
7/28/2023,18:00,505.872
7/29/2023,0:00,123.824
7/29/2023,6:00,0
7/29/2023,12:00,35.168
7/29/2023,18:00,593.136
7/30/2023,0:00,131.136
7/30/2023,6:00,0
7/30/2023,12:00,31.056
7/30/2023,18:00,575.936
7/31/2023,0:00,127.44
7/31/2023,6:00,0
7/31/2023,12:00,34.608
7/31/2023,18:00,577.568
8/1/2023,0:00,127.68
8/1/2023,6:00,0
8/1/2023,12:00,35.952
8/1/2023,18:00,590.928
8/2/2023,0:00,132.08
8/2/2023,6:00,0
8/2/2023,12:00,37.536
8/2/2023,18:00,601.632
8/3/2023,0:00,133.904
8/3/2023,6:00,0
8/3/2023,12:00,37.728
8/3/2023,18:00,597.2
8/4/2023,0:00,132.32
8/4/2023,6:00,0
8/4/2023,12:00,38
8/4/2023,18:00,597.088
8/5/2023,0:00,134.672
8/5/2023,6:00,0
8/5/2023,12:00,38.272
8/5/2023,18:00,599.696
8/6/2023,0:00,135.888
8/6/2023,6:00,0
8/6/2023,12:00,40.48
8/6/2023,18:00,611.568
8/7/2023,0:00,136.32
8/7/2023,6:00,0
8/7/2023,12:00,4
8/7/2023,18:00,250.24
8/8/2023,0:00,87.76
8/8/2023,6:00,0
8/8/2023,12:00,35.152
8/8/2023,18:00,357.392
8/9/2023,0:00,25.168
8/9/2023,6:00,0
8/9/2023,12:00,1.664
8/9/2023,18:00,35.184
8/10/2023,0:00,15.52
8/10/2023,6:00,0
8/10/2023,12:00,41.168
8/10/2023,18:00,528.672
8/11/2023,0:00,122.944
8/11/2023,6:00,0
8/11/2023,12:00,30.992
8/11/2023,18:00,509.152
8/12/2023,0:00,135.216
8/12/2023,6:00,0
8/12/2023,12:00,23.536
8/12/2023,18:00,492.704
8/13/2023,0:00,138.48
8/13/2023,6:00,0
8/13/2023,12:00,46.656
8/13/2023,18:00,665.184
8/14/2023,0:00,153.936
8/14/2023,6:00,0
8/14/2023,12:00,48.8
8/14/2023,18:00,657.44
8/15/2023,0:00,137.696
8/15/2023,6:00,0
8/15/2023,12:00,47.152
8/15/2023,18:00,640.416
8/16/2023,0:00,148.432
8/16/2023,6:00,0
8/16/2023,12:00,47.632
8/16/2023,18:00,639.024
8/17/2023,0:00,147.632
8/17/2023,6:00,0
8/17/2023,12:00,47.744
8/17/2023,18:00,639.216
8/18/2023,0:00,148.624
8/18/2023,6:00,0
8/18/2023,12:00,46.432
8/18/2023,18:00,253.408
8/19/2023,0:00,10.24
8/19/2023,6:00,0
8/19/2023,12:00,12.112
8/19/2023,18:00,587.904
8/20/2023,0:00,155.36
8/20/2023,6:00,0
8/20/2023,12:00,53.36
8/20/2023,18:00,662.88
8/21/2023,0:00,135.744
8/21/2023,6:00,0
8/21/2023,12:00,53.808
8/21/2023,18:00,676.224
8/22/2023,0:00,158.896
8/22/2023,6:00,0
8/22/2023,12:00,53.024
8/22/2023,18:00,662
8/23/2023,0:00,156.304
8/23/2023,6:00,0
8/23/2023,12:00,55.408
8/23/2023,18:00,671.792
8/24/2023,0:00,157.856
8/24/2023,6:00,0
8/24/2023,12:00,3.952
8/24/2023,18:00,90.704
8/25/2023,0:00,54.848
8/25/2023,6:00,0
8/25/2023,12:00,59.152
8/25/2023,18:00,696.288
8/26/2023,0:00,166.752
8/26/2023,6:00,0
8/26/2023,12:00,63.36
8/26/2023,18:00,717.136
8/27/2023,0:00,170.56
8/27/2023,6:00,0
8/27/2023,12:00,65.264
8/27/2023,18:00,726.352
8/28/2023,0:00,172.544
8/28/2023,6:00,0
8/28/2023,12:00,65.408
8/28/2023,18:00,719.968
8/29/2023,0:00,170.912
8/29/2023,6:00,0
8/29/2023,12:00,64.144
8/29/2023,18:00,706.544
8/30/2023,0:00,156.96
8/30/2023,6:00,0
8/30/2023,12:00,66.224
8/30/2023,18:00,713.744
8/31/2023,0:00,170.224
8/31/2023,6:00,0
8/31/2023,12:00,67.52
8/31/2023,18:00,719.92
9/1/2023,0:00,171.216
9/1/2023,6:00,0
9/1/2023,12:00,42.32
9/1/2023,18:00,124.704
9/2/2023,0:00,31.872
9/2/2023,6:00,0
9/2/2023,12:00,14.576
9/2/2023,18:00,107.76
9/3/2023,0:00,104.64
9/3/2023,6:00,0
9/3/2023,12:00,42.32
9/3/2023,18:00,504.656
9/4/2023,0:00,58.72
9/4/2023,6:00,0
9/4/2023,12:00,33.632
9/4/2023,18:00,290.496
9/5/2023,0:00,10.48
9/5/2023,6:00,0
9/5/2023,12:00,16.992
9/5/2023,18:00,353.376
9/6/2023,0:00,55.632
9/6/2023,6:00,0
9/6/2023,12:00,74.768
9/6/2023,18:00,271.04
9/7/2023,0:00,23.264
9/7/2023,6:00,0
9/7/2023,12:00,15.776
9/7/2023,18:00,223.712
9/8/2023,0:00,56.4
9/8/2023,6:00,0
9/8/2023,12:00,9.92
9/8/2023,18:00,275.424
9/9/2023,0:00,50.304
9/9/2023,6:00,0
9/9/2023,12:00,63.936
9/9/2023,18:00,466.096
9/10/2023,0:00,84.784
9/10/2023,6:00,0
9/10/2023,12:00,78.112
9/10/2023,18:00,732.432
9/11/2023,0:00,178.608
9/11/2023,6:00,0
9/11/2023,12:00,82.992
9/11/2023,18:00,755.824
9/12/2023,0:00,184.368
9/12/2023,6:00,0
9/12/2023,12:00,83.6
9/12/2023,18:00,654.576
9/13/2023,0:00,181.6
9/13/2023,6:00,0
9/13/2023,12:00,25.424
9/13/2023,18:00,37.632
9/14/2023,0:00,10.976
9/14/2023,6:00,0
9/14/2023,12:00,15.952
9/14/2023,18:00,337.488
9/15/2023,0:00,197.536
9/15/2023,6:00,0
9/15/2023,12:00,95.728
9/15/2023,18:00,805.392
9/16/2023,0:00,191.312
9/16/2023,6:00,0
9/16/2023,12:00,98.544
9/16/2023,18:00,812.016
9/17/2023,0:00,196.816
9/17/2023,6:00,0
9/17/2023,12:00,94.192
9/17/2023,18:00,785.632
9/18/2023,0:00,190.56
9/18/2023,6:00,0
9/18/2023,12:00,88.704
9/18/2023,18:00,723.664
9/19/2023,0:00,158.352
9/19/2023,6:00,0
9/19/2023,12:00,93.76
9/19/2023,18:00,664.896
9/20/2023,0:00,172.384
9/20/2023,6:00,0
9/20/2023,12:00,96.48
9/20/2023,18:00,779.76
9/21/2023,0:00,150.096
9/21/2023,6:00,0
9/21/2023,12:00,98.656
9/21/2023,18:00,786.544
9/22/2023,0:00,190.544
9/22/2023,6:00,0
9/22/2023,12:00,21.44
9/22/2023,18:00,509.056
9/23/2023,0:00,184.48
9/23/2023,6:00,0
9/23/2023,12:00,92.784
9/23/2023,18:00,801.168
9/24/2023,0:00,195.36
9/24/2023,6:00,0
9/24/2023,12:00,104.832
9/24/2023,18:00,567.76
9/25/2023,0:00,137.696
9/25/2023,6:00,0
9/25/2023,12:00,55.424
9/25/2023,18:00,588.992
9/26/2023,0:00,195.568
9/26/2023,6:00,0
9/26/2023,12:00,38.384
9/26/2023,18:00,437.408
9/27/2023,0:00,136.56
9/27/2023,6:00,0
9/27/2023,12:00,10.576
9/27/2023,18:00,206.544
9/28/2023,0:00,47.68
9/28/2023,6:00,0
9/28/2023,12:00,122.768
9/28/2023,18:00,876.528
9/29/2023,0:00,166.336
9/29/2023,6:00,0
9/29/2023,12:00,115.888
9/29/2023,18:00,813.76
9/30/2023,0:00,92.896
9/30/2023,6:00,0
9/30/2023,12:00,81.536
9/30/2023,18:00,541.904
10/1/2023,0:00,109.92
10/1/2023,6:00,0
10/1/2023,12:00,119.76
10/1/2023,18:00,871.648
10/2/2023,0:00,218.224
10/2/2023,6:00,0
10/2/2023,12:00,126.752
10/2/2023,18:00,872.976
10/3/2023,0:00,219.792
10/3/2023,6:00,0
10/3/2023,12:00,128.26
10/3/2023,18:00,815.328
10/4/2023,0:00,194.592
10/4/2023,6:00,0
10/4/2023,12:00,4.896
10/4/2023,18:00,49.808
10/5/2023,0:00,89.056
10/5/2023,6:00,0
10/5/2023,12:00,131.78
10/5/2023,18:00,884.84
10/6/2023,0:00,219.232
10/6/2023,6:00,0
10/6/2023,12:00,20.74
10/6/2023,18:00,162.14
10/7/2023,0:00,12.528
10/7/2023,6:00,0
10/7/2023,12:00,5.72
10/7/2023,18:00,25.472
10/8/2023,0:00,25.536
10/8/2023,6:00,0
10/8/2023,12:00,20.224
10/8/2023,18:00,161.24
10/9/2023,0:00,61.12
10/9/2023,6:00,0
10/9/2023,12:00,35.58
10/9/2023,18:00,614.6
10/10/2023,0:00,225.456
10/10/2023,6:00,0
10/10/2023,12:00,143.088
10/10/2023,18:00,906.68
10/11/2023,0:00,224.32
10/11/2023,6:00,0
10/11/2023,12:00,29.888
10/11/2023,18:00,547.1
10/12/2023,0:00,131.952
10/12/2023,6:00,0
10/12/2023,12:00,14.352
10/12/2023,18:00,129.3
10/13/2023,0:00,38.24
10/13/2023,6:00,0
10/13/2023,12:00,148.208
10/13/2023,18:00,726.52
10/14/2023,0:00,121.984
10/14/2023,6:00,0
10/14/2023,12:00,149.136
10/14/2023,18:00,765.48
10/15/2023,0:00,77.264
10/15/2023,6:00,0
10/15/2023,12:00,99.5
10/15/2023,18:00,733.4
10/16/2023,0:00,206.64
10/16/2023,6:00,0
10/16/2023,12:00,10.656
10/16/2023,18:00,265.328
10/17/2023,0:00,181.856
10/17/2023,6:00,0
10/17/2023,12:00,9.28
10/17/2023,18:00,53.104
10/18/2023,0:00,32
10/18/2023,6:00,0
10/18/2023,12:00,94.992
10/18/2023,18:00,215
10/19/2023,0:00,189.84
10/19/2023,6:00,0
10/19/2023,12:00,14.24
10/19/2023,18:00,478.88
10/20/2023,0:00,108.224
10/20/2023,6:00,0
10/20/2023,12:00,110.816
10/20/2023,18:00,753.04
10/21/2023,0:00,210.464
10/21/2023,6:00,0
10/21/2023,12:00,153.728
10/21/2023,18:00,894.28
10/22/2023,0:00,228.336
10/22/2023,6:00,0
10/22/2023,12:00,141.84
10/22/2023,18:00,784.32
10/23/2023,0:00,178.144
10/23/2023,6:00,0
10/23/2023,12:00,59.96
10/23/2023,18:00,721.14
10/24/2023,0:00,12.656
10/24/2023,6:00,0
10/24/2023,12:00,23.36
10/24/2023,18:00,134.32
10/25/2023,0:00,35.04
10/25/2023,6:00,0
10/25/2023,12:00,78.8
10/25/2023,18:00,563.1
10/26/2023,0:00,240.096
10/26/2023,6:00,0
10/26/2023,12:00,120.58
10/26/2023,18:00,932.5
10/27/2023,0:00,244
10/27/2023,6:00,0
10/27/2023,12:00,154.48
10/27/2023,18:00,644
10/28/2023,0:00,173.056
10/28/2023,6:00,0
10/28/2023,12:00,4.44
10/28/2023,18:00,46.2
10/29/2023,0:00,7.712
10/29/2023,6:00,0
10/29/2023,12:00,98.88
10/29/2023,18:00,583.46
10/30/2023,0:00,200.256
10/30/2023,6:00,0
10/30/2023,12:00,16.064
10/30/2023,18:00,210.12
10/31/2023,0:00,131.168
10/31/2023,6:00,0
10/31/2023,12:00,112.272
10/31/2023,18:00,595.4
11/1/2023,0:00,124.448
11/1/2023,6:00,0
11/1/2023,12:00,159.76
11/1/2023,18:00,449.66
11/2/2023,0:00,140.336
11/2/2023,6:00,0
11/2/2023,12:00,6.224
11/2/2023,18:00,157.66
11/3/2023,0:00,15.28
11/3/2023,6:00,0
11/3/2023,12:00,5.08
11/3/2023,18:00,85.32
11/4/2023,0:00,37.744
11/4/2023,6:00,0
11/4/2023,12:00,68.98
11/4/2023,18:00,941.54
11/5/2023,0:00,268.4
11/5/2023,6:00,0
11/5/2023,12:00,193.584
11/5/2023,18:00,999.54
11/6/2023,0:00,265.6
11/6/2023,6:00,0
11/6/2023,12:00,188.352
11/6/2023,18:00,976.52
11/7/2023,0:00,263.552
11/7/2023,6:00,0
11/7/2023,12:00,186.384
11/7/2023,18:00,970.82
11/8/2023,0:00,262.72
11/8/2023,6:00,0
11/8/2023,12:00,161.88
11/8/2023,18:00,790.32
11/9/2023,0:00,139.28
11/9/2023,6:00,0
11/9/2023,12:00,43.06
11/9/2023,18:00,159.56
11/10/2023,0:00,43.488
11/10/2023,6:00,0
11/10/2023,12:00,156.58
11/10/2023,18:00,802.8
11/11/2023,0:00,243.584
11/11/2023,6:00,0
11/11/2023,12:00,182
11/11/2023,18:00,938.42
11/12/2023,0:00,258.832
11/12/2023,6:00,0
11/12/2023,12:00,113.04
11/12/2023,18:00,879.78
11/13/2023,0:00,210.448
11/13/2023,6:00,0
11/13/2023,12:00,59.8
11/13/2023,18:00,572.54
11/14/2023,0:00,154.656
11/14/2023,6:00,0
11/14/2023,12:00,9.32
11/14/2023,18:00,75.54
11/15/2023,0:00,39.376
11/15/2023,6:00,0
11/15/2023,12:00,95.42
11/15/2023,18:00,607.08
11/16/2023,0:00,180.208
11/16/2023,6:00,0
11/16/2023,12:00,59.52
11/16/2023,18:00,651.06
11/17/2023,0:00,48.672
11/17/2023,6:00,0
11/17/2023,12:00,17.12
11/17/2023,18:00,764.84
11/18/2023,0:00,180.496
11/18/2023,6:00,0
11/18/2023,12:00,25.6
11/18/2023,18:00,164.2
11/19/2023,0:00,239.184
11/19/2023,6:00,0
11/19/2023,12:00,199.06
11/19/2023,18:00,1001.56
11/20/2023,0:00,288.064
11/20/2023,6:00,0
11/20/2023,12:00,192.52
11/20/2023,18:00,949.34
11/21/2023,0:00,271.7
11/21/2023,6:00,0
11/21/2023,12:00,193.36
11/21/2023,18:00,938.86
11/22/2023,0:00,265.2
11/22/2023,6:00,0
11/22/2023,12:00,107.24
11/22/2023,18:00,498.16
11/23/2023,0:00,163.44
11/23/2023,6:00,0
11/23/2023,12:00,59.98
11/23/2023,18:00,242.24
11/24/2023,0:00,96.52
11/24/2023,6:00,0
11/24/2023,12:00,173.36
11/24/2023,18:00,970.68
11/25/2023,0:00,288.336
11/25/2023,6:00,0
11/25/2023,12:00,93.38
11/25/2023,18:00,804.7
11/26/2023,0:00,283.904
11/26/2023,6:00,0
11/26/2023,12:00,109.74
11/26/2023,18:00,350.14
11/27/2023,0:00,133.616
11/27/2023,6:00,0
11/27/2023,12:00,23.38
11/27/2023,18:00,127.26
11/28/2023,0:00,19.904
11/28/2023,6:00,0
11/28/2023,12:00,89.64
11/28/2023,18:00,237.2
11/29/2023,0:00,146.88
11/29/2023,6:00,0
11/29/2023,12:00,177.82
11/29/2023,18:00,613.36
11/30/2023,0:00,126.26
11/30/2023,6:00,0
11/30/2023,12:00,177.8
11/30/2023,18:00,939.18
12/1/2023,0:00,282.22
12/1/2023,6:00,0
12/1/2023,12:00,185.16
12/1/2023,18:00,956.4
12/2/2023,0:00,284.98
12/2/2023,6:00,0
12/2/2023,12:00,178.98
12/2/2023,18:00,663.38
12/3/2023,0:00,100.7
12/3/2023,6:00,0
12/3/2023,12:00,185.28
12/3/2023,18:00,777.36
12/4/2023,0:00,155.62
12/4/2023,6:00,0
12/4/2023,12:00,50.24
12/4/2023,18:00,412.74
12/5/2023,0:00,139.18
12/5/2023,6:00,0
12/5/2023,12:00,174.36
12/5/2023,18:00,692.88
12/6/2023,0:00,228.96
12/6/2023,6:00,0
12/6/2023,12:00,83.18
12/6/2023,18:00,537.56
12/7/2023,0:00,227.648
12/7/2023,6:00,0
12/7/2023,12:00,159.68
12/7/2023,18:00,330.04
12/8/2023,0:00,84.98
12/8/2023,6:00,0
12/8/2023,12:00,98.08
12/8/2023,18:00,997.98
12/9/2023,0:00,318.3
12/9/2023,6:00,0
12/9/2023,12:00,198.24
12/9/2023,18:00,1001.08
12/10/2023,0:00,316.36
12/10/2023,6:00,0
12/10/2023,12:00,12.06
12/10/2023,18:00,107.22
12/11/2023,0:00,176.6
12/11/2023,6:00,0
12/11/2023,12:00,195.88
12/11/2023,18:00,1006.38
12/12/2023,0:00,320.28
12/12/2023,6:00,0
12/12/2023,12:00,192.58
12/12/2023,18:00,999.3
12/13/2023,0:00,318.66
12/13/2023,6:00,0
12/13/2023,12:00,170.02
12/13/2023,18:00,823.54
12/14/2023,0:00,153.02
12/14/2023,6:00,0
12/14/2023,12:00,155.22
12/14/2023,18:00,845.5
12/15/2023,0:00,201
12/15/2023,6:00,0
12/15/2023,12:00,171.02
12/15/2023,18:00,963.58
12/16/2023,0:00,220.816
12/16/2023,6:00,0
12/16/2023,12:00,179.56
12/16/2023,18:00,967.86
12/17/2023,0:00,283.44
12/17/2023,6:00,0
12/17/2023,12:00,185.88
12/17/2023,18:00,855.78
12/18/2023,0:00,310.44
12/18/2023,6:00,0
12/18/2023,12:00,182.12
12/18/2023,18:00,889.06
12/19/2023,0:00,296.336
12/19/2023,6:00,0
12/19/2023,12:00,137.44
12/19/2023,18:00,614.58
12/20/2023,0:00,202.752
12/20/2023,6:00,0
12/20/2023,12:00,139.12
12/20/2023,18:00,548.66
12/21/2023,0:00,297.9
12/21/2023,6:00,0
12/21/2023,12:00,178.72
12/21/2023,18:00,949.92
12/22/2023,0:00,307.34
12/22/2023,6:00,0
12/22/2023,12:00,176.76
12/22/2023,18:00,957.2
12/23/2023,0:00,241.04
12/23/2023,6:00,0
12/23/2023,12:00,111.88
12/23/2023,18:00,928.48
12/24/2023,0:00,314.48
12/24/2023,6:00,0
12/24/2023,12:00,176.36
12/24/2023,18:00,863.88
12/25/2023,0:00,254.18
12/25/2023,6:00,0
12/25/2023,12:00,22.98
12/25/2023,18:00,272.14
12/26/2023,0:00,118.34
12/26/2023,6:00,0
12/26/2023,12:00,187.08
12/27/2023,0:00,350.98
12/27/2023,6:00,0
12/27/2023,12:00,184.58
12/27/2023,18:00,1016.8
12/28/2023,0:00,346.26
12/28/2023,6:00,0
12/28/2023,12:00,179.18
12/28/2023,18:00,980.02
12/29/2023,0:00,330.72
12/29/2023,6:00,0
12/29/2023,12:00,24.98
12/29/2023,18:00,67.54
12/30/2023,0:00,77.84
12/30/2023,6:00,0
12/30/2023,12:00,138.82
12/30/2023,18:00,517.12
12/31/2023,0:00,301.7
12/31/2023,6:00,0
12/31/2023,12:00,166.12
12/31/2023,18:00,853.08
1/1/2024,0:00,243.32
1/1/2024,6:00,0
1/1/2024,12:00,168.52
1/1/2024,18:00,971.26
1/2/2024,0:00,336.38
1/2/2024,6:00,0
1/2/2024,12:00,166.78
1/2/2024,18:00,887.54
1/3/2024,0:00,332.66
1/3/2024,6:00,0
1/3/2024,12:00,169.56
1/3/2024,18:00,932.46
1/4/2024,0:00,280.54
1/4/2024,6:00,0
1/4/2024,12:00,166.52
1/4/2024,18:00,944.6
1/5/2024,0:00,334.56
1/5/2024,6:00,0
1/5/2024,12:00,166.86
1/5/2024,18:00,982.58
1/6/2024,0:00,194.304
1/6/2024,6:00,0
1/6/2024,12:00,164.26
1/6/2024,18:00,978.82
1/7/2024,0:00,342
1/7/2024,6:00,0
1/7/2024,12:00,162.592
1/7/2024,18:00,974.6
1/8/2024,0:00,174.608
1/8/2024,6:00,0
1/8/2024,12:00,21.712
1/8/2024,18:00,711.9
1/9/2024,0:00,247.616
1/9/2024,6:00,0
1/9/2024,12:00,62.88
1/9/2024,18:00,405.68
1/10/2024,0:00,301.216
1/10/2024,6:00,0
1/10/2024,12:00,112.72
1/10/2024,18:00,485.96
1/11/2024,0:00,247.632
1/11/2024,6:00,0
1/11/2024,12:00,17.18
1/11/2024,18:00,144.76
1/12/2024,0:00,150.272
1/12/2024,6:00,0
1/12/2024,12:00,59.58
1/12/2024,18:00,459.8
1/13/2024,0:00,185.888
1/13/2024,6:00,0
1/13/2024,12:00,155.04
1/13/2024,18:00,970.2
1/14/2024,0:00,345.84
1/14/2024,6:00,0
1/14/2024,12:00,151.82
1/14/2024,18:00,958.6
1/15/2024,0:00,327.16
1/15/2024,6:00,0
1/15/2024,12:00,148.96
1/15/2024,18:00,926.82
1/16/2024,0:00,342.74
1/16/2024,6:00,0
1/16/2024,12:00,145.84
1/16/2024,18:00,809.66
1/17/2024,0:00,107.68
1/17/2024,6:00,0
1/17/2024,12:00,2.048
1/17/2024,18:00,249.22
1/18/2024,0:00,227.872
1/18/2024,6:00,0
1/18/2024,12:00,118.384
1/18/2024,18:00,804.6
1/19/2024,0:00,325.248
1/19/2024,6:00,0
1/19/2024,12:00,142.98
1/19/2024,18:00,699.98
1/20/2024,0:00,297.12
1/20/2024,6:00,0
1/20/2024,12:00,142.48
1/20/2024,18:00,771.44
1/21/2024,0:00,234.048
1/21/2024,6:00,0
1/21/2024,12:00,136.944
1/21/2024,18:00,542.24
1/22/2024,0:00,271.088
1/22/2024,6:00,0
1/22/2024,12:00,141.78
1/22/2024,18:00,624.24
1/23/2024,0:00,266.656
1/23/2024,6:00,0
1/23/2024,12:00,141.152
1/23/2024,18:00,463.6
1/24/2024,0:00,323.664
1/24/2024,6:00,0
1/24/2024,12:00,141.52
1/24/2024,18:00,917.2
1/25/2024,0:00,343.776
1/25/2024,6:00,0
1/25/2024,12:00,139.66
1/25/2024,18:00,866.92
1/26/2024,0:00,345.376
1/26/2024,6:00,0
1/26/2024,12:00,140.92
1/26/2024,18:00,967.38
1/27/2024,0:00,325.328
1/27/2024,6:00,0
1/27/2024,12:00,133.48
1/27/2024,18:00,904.66
1/28/2024,0:00,337.04
1/28/2024,6:00,0
1/28/2024,12:00,136.3
1/28/2024,18:00,952.08
1/29/2024,0:00,339.184
1/29/2024,6:00,0
1/29/2024,12:00,135.216
1/29/2024,18:00,950.84
1/30/2024,0:00,340.912
1/30/2024,6:00,0
1/30/2024,12:00,134.76
1/30/2024,18:00,954.54
1/31/2024,0:00,260.176
1/31/2024,6:00,0
1/31/2024,12:00,135.16
1/31/2024,18:00,959.8
2/1/2024,0:00,340.688
2/1/2024,6:00,0
2/1/2024,12:00,134.384
2/1/2024,18:00,950.42
2/2/2024,0:00,338.96
2/2/2024,6:00,0
2/2/2024,12:00,131.92
2/2/2024,18:00,944.04
2/3/2024,0:00,335.104
2/3/2024,6:00,0
2/3/2024,12:00,128.8
2/3/2024,18:00,939.14
2/4/2024,0:00,303.84
2/4/2024,6:00,0
2/4/2024,12:00,126.928
2/4/2024,18:00,934.464
2/5/2024,0:00,331.52
2/5/2024,6:00,0
2/5/2024,12:00,124.048
2/5/2024,18:00,859.7
2/6/2024,0:00,283.2
2/6/2024,6:00,0
2/6/2024,12:00,99.08
2/6/2024,18:00,776.08
2/7/2024,0:00,305.92
2/7/2024,6:00,0
2/7/2024,12:00,110.704
2/7/2024,18:00,918.784
2/8/2024,0:00,319.84
2/8/2024,6:00,0
2/8/2024,12:00,121.12
2/8/2024,18:00,878.592
2/9/2024,0:00,314.928
2/9/2024,6:00,0
2/9/2024,12:00,119.648
2/9/2024,18:00,912.28
2/10/2024,0:00,206.56
2/10/2024,6:00,0
2/10/2024,12:00,98.44
2/10/2024,18:00,909.82
2/11/2024,0:00,310.704
2/11/2024,6:00,0
2/11/2024,12:00,58.544
2/11/2024,18:00,508.56
2/12/2024,0:00,229.056
2/12/2024,6:00,0
2/12/2024,12:00,117.52
2/12/2024,18:00,903.328
2/13/2024,0:00,154.704
2/13/2024,6:00,0
2/13/2024,12:00,100.66
2/13/2024,18:00,508.864
2/14/2024,0:00,19.424
2/14/2024,6:00,0
2/14/2024,12:00,49.568
2/14/2024,18:00,458.8
2/15/2024,0:00,123.936
2/15/2024,6:00,0
2/15/2024,12:00,15.104
2/15/2024,18:00,366.224
2/16/2024,0:00,27.952
2/16/2024,6:00,0
2/16/2024,12:00,11.76
2/16/2024,18:00,562.192
2/17/2024,0:00,237.472
2/17/2024,6:00,0
2/17/2024,12:00,53.6
2/17/2024,18:00,782.16
2/18/2024,0:00,305.392
2/18/2024,6:00,0
2/18/2024,12:00,112.336
2/18/2024,18:00,913.456
2/19/2024,0:00,290.832
2/19/2024,6:00,0
2/19/2024,12:00,59.568
2/19/2024,18:00,731.424
2/20/2024,0:00,151.568
2/20/2024,6:00,0
2/20/2024,12:00,43.264
2/20/2024,18:00,790.56
2/21/2024,0:00,294.016
2/21/2024,6:00,0
2/21/2024,12:00,110.144
2/21/2024,18:00,907.472
2/22/2024,0:00,302.256
2/22/2024,6:00,0
2/22/2024,12:00,109.52
2/22/2024,18:00,899.328
2/23/2024,0:00,293.424
2/23/2024,6:00,0
2/23/2024,12:00,105.408
2/23/2024,18:00,890.736
2/24/2024,0:00,184.432
2/24/2024,6:00,0
2/24/2024,12:00,105.216
2/24/2024,18:00,874.032
2/25/2024,0:00,287.28
2/25/2024,6:00,0
2/25/2024,12:00,102.62
2/25/2024,18:00,636.656
2/26/2024,0:00,283.36
2/26/2024,6:00,0
2/26/2024,12:00,77.024
2/26/2024,18:00,61.824
2/27/2024,0:00,18.624
2/27/2024,6:00,0
2/27/2024,12:00,13.6
2/27/2024,18:00,239.184
2/28/2024,0:00,209.984
2/28/2024,6:00,0
2/28/2024,12:00,43.808
2/28/2024,18:00,664.848
2/29/2024,0:00,244.752
2/29/2024,6:00,0
2/29/2024,12:00,84.784
2/29/2024,18:00,331.488
3/1/2024,0:00,88.096
3/1/2024,6:00,0
3/1/2024,12:00,100.096
3/1/2024,18:00,867.296
3/2/2024,0:00,259.184
3/2/2024,6:00,0
3/2/2024,12:00,100.272
3/2/2024,18:00,869.792
3/3/2024,0:00,274.944
3/3/2024,6:00,0
3/3/2024,12:00,81.44
3/3/2024,18:00,653.024
3/4/2024,0:00,215.92
3/4/2024,6:00,0
3/4/2024,12:00,71.328
3/4/2024,18:00,98.704
3/5/2024,0:00,39.2
3/5/2024,6:00,0
3/5/2024,12:00,86.224
3/5/2024,18:00,801.536
3/6/2024,0:00,258.752
3/6/2024,6:00,0
3/6/2024,12:00,100.256
3/6/2024,18:00,877.088
3/7/2024,0:00,271.728
3/7/2024,6:00,0
3/7/2024,12:00,83.568
3/7/2024,18:00,473.024
3/8/2024,0:00,81.856
3/8/2024,6:00,0
3/8/2024,12:00,30.656
3/8/2024,18:00,392.96
3/9/2024,0:00,182.832
3/9/2024,6:00,0
3/9/2024,12:00,91.104
3/9/2024,18:00,830.624
3/10/2024,0:00,198.144
3/10/2024,6:00,0
3/10/2024,12:00,91.744
3/10/2024,18:00,830.368
3/11/2024,0:00,261.536
3/11/2024,6:00,0
3/11/2024,12:00,83.14
3/11/2024,18:00,863.872
3/12/2024,0:00,261.264
3/12/2024,6:00,0
3/12/2024,12:00,95
3/12/2024,18:00,856.144
3/13/2024,0:00,256.464
3/13/2024,6:00,0
3/13/2024,12:00,93.648
3/13/2024,18:00,853.888
3/14/2024,0:00,254.544
3/14/2024,6:00,0
3/14/2024,12:00,90.064
3/14/2024,18:00,829.168
3/15/2024,0:00,240.112
3/15/2024,6:00,0
3/15/2024,12:00,64.14
3/15/2024,18:00,361.792
3/16/2024,0:00,157.52
3/16/2024,6:00,0
3/16/2024,12:00,85.52
3/16/2024,18:00,409.28
3/17/2024,0:00,205.792
3/17/2024,6:00,0
3/17/2024,12:00,70.28
3/17/2024,18:00,529.84
3/18/2024,0:00,161.12
3/18/2024,6:00,0
3/18/2024,12:00,68.74
3/18/2024,18:00,739.792
3/19/2024,0:00,206.976
3/19/2024,6:00,0
3/19/2024,12:00,41.824
3/19/2024,18:00,556.384
3/20/2024,0:00,84.176
3/20/2024,6:00,0
3/20/2024,12:00,80.94
3/20/2024,18:00,785.008
3/21/2024,0:00,204.32
3/21/2024,6:00,0
3/21/2024,12:00,17.48
3/21/2024,18:00,64.16
3/22/2024,0:00,93.104
3/22/2024,6:00,0
3/22/2024,12:00,84.368
3/22/2024,18:00,817.584
3/23/2024,0:00,228.048
3/23/2024,6:00,0
3/23/2024,12:00,83.984
3/23/2024,18:00,807.744
3/24/2024,0:00,223.952
3/24/2024,6:00,0
3/24/2024,12:00,81.888
3/24/2024,18:00,798.816
3/25/2024,0:00,218.864
3/25/2024,6:00,0
3/25/2024,12:00,81.392
3/25/2024,18:00,795.456
3/26/2024,0:00,216.752
3/26/2024,6:00,0
3/26/2024,12:00,81.152
3/26/2024,18:00,798.592
3/27/2024,0:00,215.168
3/27/2024,6:00,0
3/27/2024,12:00,78.192
3/27/2024,18:00,777.552
3/28/2024,0:00,206.976
3/28/2024,6:00,0
3/28/2024,12:00,55.648
3/28/2024,18:00,462.88
3/29/2024,0:00,155.776
3/29/2024,6:00,0
3/29/2024,12:00,75.408
3/29/2024,18:00,720.368
3/30/2024,0:00,181.136
3/30/2024,6:00,0
3/30/2024,12:00,76.32
3/30/2024,18:00,767.488
3/31/2024,0:00,202.64
3/31/2024,6:00,0
3/31/2024,12:00,59.2
3/31/2024,18:00,703.936
4/1/2024,0:00,192.576
4/1/2024,6:00,0
4/1/2024,12:00,73.536
4/1/2024,18:00,754.208
4/2/2024,0:00,195.232
4/2/2024,6:00,0
4/2/2024,12:00,69.904
4/2/2024,18:00,743.872
4/3/2024,0:00,189.936
4/3/2024,6:00,0
4/3/2024,12:00,71.584
4/3/2024,18:00,742.352
4/4/2024,0:00,189.824
4/4/2024,6:00,0
4/4/2024,12:00,40.192
4/4/2024,18:00,422.736
4/5/2024,0:00,41.248
4/5/2024,6:00,0
4/5/2024,12:00,65.936
4/5/2024,18:00,714.272
4/6/2024,0:00,159.232
4/6/2024,6:00,0
4/6/2024,12:00,69.12
4/6/2024,18:00,729.728
4/7/2024,0:00,180.848
4/7/2024,6:00,0
4/7/2024,12:00,1.168
4/7/2024,18:00,102.064
4/8/2024,0:00,54.8
4/8/2024,6:00,0
4/8/2024,12:00,58.512
4/8/2024,18:00,640.864
4/9/2024,0:00,120.464
4/9/2024,6:00,0
4/9/2024,12:00,7.04
4/9/2024,18:00,338.832
4/10/2024,0:00,72.016
4/10/2024,6:00,0
4/10/2024,12:00,64.832
4/10/2024,18:00,272.624
4/11/2024,0:00,33.344
4/11/2024,6:00,0
4/11/2024,12:00,4.272
4/11/2024,18:00,35.008
4/12/2024,0:00,10.96
4/12/2024,6:00,0
4/12/2024,12:00,7.56
4/12/2024,18:00,174.688
4/13/2024,0:00,54.528
4/13/2024,6:00,0
4/13/2024,12:00,18.512
4/13/2024,18:00,366.848
4/14/2024,0:00,66.656
4/14/2024,6:00,0
4/14/2024,12:00,45.92
4/14/2024,18:00,341.232
4/15/2024,0:00,71.872
4/15/2024,6:00,0
4/15/2024,12:00,4.224
4/15/2024,18:00,99.296
4/16/2024,0:00,121.328
4/16/2024,6:00,0
4/16/2024,12:00,1.92
4/16/2024,18:00,13.12
4/17/2024,0:00,31.312
4/17/2024,6:00,0
4/17/2024,12:00,63.872
4/17/2024,18:00,716.16
4/18/2024,0:00,162.848
4/18/2024,6:00,0
4/18/2024,12:00,63.264
4/18/2024,18:00,704.096
4/19/2024,0:00,158.928
4/19/2024,6:00,0
4/19/2024,12:00,62.24
4/19/2024,18:00,694.528
4/20/2024,0:00,159.728
4/20/2024,6:00,0
4/20/2024,12:00,62.736
4/20/2024,18:00,705.44
4/21/2024,0:00,157.664
4/21/2024,6:00,0
4/21/2024,12:00,61.984
4/21/2024,18:00,694.352
4/22/2024,0:00,152.048
4/22/2024,6:00,0
4/22/2024,12:00,44.032
4/22/2024,18:00,566.656
4/23/2024,0:00,76.48
4/23/2024,6:00,0
4/23/2024,12:00,44.72
4/23/2024,18:00,557.264
4/24/2024,0:00,117.92
4/24/2024,6:00,0
4/24/2024,12:00,12.656
4/24/2024,18:00,143.968
4/25/2024,0:00,6.256
4/25/2024,6:00,0
4/25/2024,12:00,8.944
4/25/2024,18:00,213.2
4/26/2024,0:00,94.304
4/26/2024,6:00,0
4/26/2024,12:00,52.208
4/26/2024,18:00,621.392
4/27/2024,0:00,135.168
4/27/2024,6:00,0
4/27/2024,12:00,51.856
4/27/2024,18:00,631.344
4/28/2024,0:00,133.184
4/28/2024,6:00,0
4/28/2024,12:00,26.448
4/28/2024,18:00,304.336
4/29/2024,0:00,127.808
4/29/2024,6:00,0
4/29/2024,12:00,33.92
4/29/2024,18:00,617.584
4/30/2024,0:00,128.096
4/30/2024,6:00,0
4/30/2024,12:00,49.248
4/30/2024,18:00,611.056
5/1/2024,0:00,126.512
5/1/2024,6:00,0
5/1/2024,12:00,32.976
5/1/2024,18:00,507.312
5/2/2024,0:00,122.352
5/2/2024,6:00,0
5/2/2024,12:00,4.016
5/2/2024,18:00,216.288
5/3/2024,0:00,7.744
5/3/2024,6:00,0
5/3/2024,12:00,3.872
5/3/2024,18:00,36.512
5/4/2024,0:00,19.488
5/4/2024,6:00,0
5/4/2024,12:00,1.072
5/4/2024,18:00,85.616
5/5/2024,0:00,19.984
5/5/2024,6:00,0
5/5/2024,12:00,20.784
5/5/2024,18:00,565.744
5/6/2024,0:00,120.48
5/6/2024,6:00,0
5/6/2024,12:00,46.928
5/6/2024,18:00,610.352
5/7/2024,0:00,121.664
5/7/2024,6:00,0
5/7/2024,12:00,43.216
5/7/2024,18:00,601.824
5/8/2024,0:00,119.568
5/8/2024,6:00,0
5/8/2024,12:00,26.912
5/8/2024,18:00,202.928
5/9/2024,0:00,6.288
5/9/2024,6:00,0
5/9/2024,12:00,31.104
5/9/2024,18:00,230.64
5/10/2024,0:00,55.504
5/10/2024,6:00,0
5/10/2024,12:00,8.704
5/10/2024,18:00,278.528
5/11/2024,0:00,48.352
5/11/2024,6:00,0
5/11/2024,12:00,30.096
5/11/2024,18:00,174.16
5/12/2024,0:00,17.888
5/12/2024,6:00,0
5/12/2024,12:00,19.712
5/12/2024,18:00,326.64
5/13/2024,0:00,76.752
5/13/2024,6:00,0
5/13/2024,12:00,2.256
5/13/2024,18:00,18.864
5/14/2024,0:00,2.656
5/14/2024,6:00,0
5/14/2024,12:00,34.688
5/14/2024,18:00,528
5/15/2024,0:00,106.832
5/15/2024,6:00,0
5/15/2024,12:00,31.248
5/15/2024,18:00,533.312
5/16/2024,0:00,92.464
5/16/2024,6:00,0
5/16/2024,12:00,0.992
5/16/2024,18:00,106.208
5/17/2024,0:00,17.52
5/17/2024,6:00,0
5/17/2024,12:00,4.768
5/17/2024,18:00,98.336
5/18/2024,0:00,5.984
5/18/2024,6:00,0
5/18/2024,12:00,8.288
5/18/2024,18:00,91.696
5/19/2024,0:00,10.944
5/19/2024,6:00,0
5/19/2024,12:00,21.6
5/19/2024,18:00,226.368
5/20/2024,0:00,21.888
5/20/2024,6:00,0
5/20/2024,12:00,41.36
5/21/2024,0:00,112.272
5/21/2024,6:00,0
5/21/2024,12:00,36
5/21/2024,18:00,197.312
5/22/2024,0:00,76.832
5/22/2024,6:00,0
5/22/2024,12:00,36.464
5/22/2024,18:00,524.304
5/23/2024,0:00,29.312
5/23/2024,6:00,0
5/23/2024,12:00,17.008
5/23/2024,18:00,217.424
5/24/2024,0:00,41.072
5/24/2024,6:00,0
5/24/2024,12:00,1.44
5/24/2024,18:00,41.536
5/25/2024,0:00,11.616
5/25/2024,6:00,0
5/25/2024,12:00,19.104
5/25/2024,18:00,276.144
5/26/2024,0:00,79.216
5/26/2024,6:00,0
5/26/2024,12:00,36.32
5/26/2024,18:00,438.848
5/27/2024,0:00,24.432
5/27/2024,6:00,0
5/27/2024,12:00,0.704
5/27/2024,18:00,71.424
5/28/2024,0:00,10.816
5/28/2024,6:00,0
5/28/2024,12:00,35.424
5/28/2024,18:00,231.664
5/29/2024,0:00,11.52
5/29/2024,12:00,7.696
5/29/2024,18:00,525.456
5/30/2024,0:00,102.016
5/30/2024,6:00,0
5/30/2024,12:00,35.904
5/30/2024,18:00,560.016
5/31/2024,0:00,104
5/31/2024,6:00,0
5/31/2024,12:00,34.896
5/31/2024,18:00,523.952
6/1/2024,0:00,102.752
6/1/2024,6:00,0
6/1/2024,12:00,34.192
6/1/2024,18:00,511.824
6/2/2024,0:00,88.88
6/2/2024,6:00,0
6/2/2024,12:00,32.8
6/2/2024,18:00,534.592
6/3/2024,0:00,97.92
6/3/2024,6:00,0
6/3/2024,12:00,16.064
6/3/2024,18:00,95.312
6/4/2024,0:00,13.664
6/4/2024,6:00,0
6/4/2024,12:00,28.848
6/4/2024,18:00,427.584
6/5/2024,0:00,71.632
6/5/2024,6:00,0
6/5/2024,12:00,26.4
6/5/2024,18:00,435.216
6/6/2024,0:00,93.616
6/6/2024,6:00,0
6/6/2024,12:00,30.032
6/6/2024,18:00,514.24
6/7/2024,0:00,90.32
6/7/2024,6:00,0
6/7/2024,12:00,29.968
6/7/2024,18:00,516.096
6/8/2024,0:00,94.88
6/8/2024,6:00,0
6/8/2024,12:00,30.064
6/8/2024,18:00,522.32
6/9/2024,0:00,96.496
6/9/2024,6:00,0
6/9/2024,12:00,29.808
6/9/2024,18:00,520.672
6/10/2024,0:00,96.528
6/10/2024,6:00,0
6/10/2024,12:00,28.816
6/10/2024,18:00,511.168
6/11/2024,0:00,94.752
6/11/2024,6:00,0
6/11/2024,12:00,28.432
6/11/2024,18:00,509.12
6/12/2024,0:00,94.256
6/12/2024,6:00,0
6/12/2024,12:00,27.792
6/12/2024,18:00,513.728
6/13/2024,0:00,95.856
6/13/2024,6:00,0
6/13/2024,12:00,28.624
6/13/2024,18:00,496.48
6/14/2024,0:00,88.624
6/14/2024,6:00,0
6/14/2024,12:00,28.688
6/14/2024,18:00,511.552
6/15/2024,0:00,95.472
6/15/2024,6:00,0
6/15/2024,12:00,23.504
6/15/2024,18:00,298.256
6/16/2024,0:00,66.096
6/16/2024,6:00,0
6/16/2024,12:00,3.26
6/16/2024,18:00,109.76
6/17/2024,0:00,8.48
6/17/2024,6:00,0
6/17/2024,12:00,2.656
6/17/2024,18:00,30.288
6/18/2024,0:00,3.232
6/18/2024,6:00,0
6/18/2024,12:00,17.664
6/18/2024,18:00,329.664
6/19/2024,0:00,90.736
6/19/2024,6:00,0
6/19/2024,12:00,17.296
6/19/2024,18:00,401.36
6/20/2024,0:00,64.352
6/20/2024,6:00,0
6/20/2024,12:00,9.984
6/20/2024,18:00,359.328
6/21/2024,0:00,65.824
6/21/2024,6:00,0
6/21/2024,12:00,21.84
6/21/2024,18:00,455.92
6/22/2024,0:00,64.784
6/22/2024,6:00,0
6/22/2024,12:00,26.64
6/22/2024,18:00,504.96
6/23/2024,0:00,95.104
6/23/2024,6:00,0
6/23/2024,12:00,22.752
6/23/2024,18:00,159.776
6/24/2024,0:00,74.816
6/24/2024,6:00,0
6/24/2024,12:00,5.392
6/24/2024,18:00,62.304
6/25/2024,0:00,26.688
6/25/2024,6:00,0
6/25/2024,12:00,2.96
6/25/2024,18:00,70.048
6/26/2024,0:00,17.296
6/26/2024,6:00,0
6/26/2024,12:00,2.352
6/26/2024,18:00,110.32
6/27/2024,0:00,16
6/27/2024,6:00,0
6/27/2024,12:00,27.552
6/27/2024,18:00,529.76
6/28/2024,0:00,101.472
6/28/2024,6:00,0
6/28/2024,12:00,3.088
6/28/2024,18:00,164.192
6/29/2024,0:00,14.432
6/29/2024,6:00,0
6/29/2024,12:00,20.368
6/29/2024,18:00,475.68
6/30/2024,0:00,91.824
6/30/2024,6:00,0
6/30/2024,12:00,28.224
6/30/2024,18:00,539.584
7/1/2024,0:00,106.848
7/1/2024,6:00,0
7/1/2024,12:00,28.528
7/1/2024,18:00,541.424
7/2/2024,0:00,107.072
7/2/2024,6:00,0
7/2/2024,12:00,27.584
7/2/2024,18:00,525.552
7/3/2024,0:00,102.256
7/3/2024,6:00,0
7/3/2024,12:00,19.92
7/3/2024,18:00,219.056
7/4/2024,0:00,82.528
7/4/2024,6:00,0
7/4/2024,12:00,18.192
7/4/2024,18:00,303.072
7/5/2024,0:00,28.624
7/5/2024,6:00,0
7/5/2024,12:00,19.136
7/5/2024,18:00,133.488
7/6/2024,0:00,8.352
7/6/2024,6:00,0
7/6/2024,12:00,1.584
7/6/2024,18:00,77.584
7/7/2024,0:00,3.52
7/7/2024,6:00,0
7/7/2024,12:00,10.816
7/7/2024,18:00,133.792
7/8/2024,0:00,11.328
7/8/2024,6:00,0
7/8/2024,12:00,18.624
7/8/2024,18:00,360.848
7/9/2024,0:00,27.536
7/9/2024,6:00,0
7/9/2024,12:00,5.28
7/9/2024,18:00,173.312
7/10/2024,0:00,7.664
7/10/2024,6:00,0
7/10/2024,12:00,11.36
7/10/2024,18:00,224.752
7/11/2024,0:00,47.856
7/11/2024,6:00,0
7/11/2024,12:00,0.928
7/11/2024,18:00,46.928
7/12/2024,0:00,10.336
7/12/2024,6:00,0
7/12/2024,12:00,23.168
7/12/2024,18:00,202.112
7/13/2024,0:00,28.688
7/13/2024,6:00,0
7/13/2024,12:00,22.928
7/13/2024,18:00,212.912
7/14/2024,0:00,4.576
7/14/2024,6:00,0
7/14/2024,12:00,3.664
7/14/2024,18:00,69.216
7/15/2024,0:00,24.56
7/15/2024,6:00,0
7/15/2024,12:00,11.04
7/15/2024,18:00,251.312
7/16/2024,0:00,18.848
7/16/2024,6:00,0
7/16/2024,12:00,6.192
7/16/2024,18:00,296.096
7/17/2024,0:00,45.696
7/17/2024,6:00,0
7/17/2024,12:00,21.28
7/17/2024,18:00,543.6
7/18/2024,0:00,117.52
7/18/2024,6:00,0
7/18/2024,12:00,29.792
7/18/2024,18:00,551.216
7/19/2024,0:00,116.304
7/19/2024,6:00,0
7/19/2024,12:00,30.544
7/19/2024,18:00,553.056
7/20/2024,0:00,116.256
7/20/2024,6:00,0
7/20/2024,12:00,30.192
7/20/2024,18:00,527.744
7/21/2024,0:00,85.632
7/21/2024,6:00,0
7/21/2024,12:00,22.944
7/21/2024,18:00,520.352
7/22/2024,0:00,112.336
7/22/2024,6:00,0
7/22/2024,12:00,31.648
7/22/2024,18:00,562.688
7/23/2024,0:00,108.048
7/23/2024,6:00,0
7/23/2024,12:00,27.712
7/23/2024,18:00,538.064
7/24/2024,0:00,100.976
7/24/2024,6:00,0
7/24/2024,12:00,28.544
7/24/2024,18:00,563.728
7/25/2024,0:00,122.432
7/25/2024,6:00,0
7/25/2024,12:00,31.008
7/25/2024,18:00,502.384
7/26/2024,0:00,121.952
7/26/2024,6:00,0
7/26/2024,12:00,25.904
7/26/2024,18:00,227.52
7/27/2024,0:00,48.496
7/27/2024,6:00,0
7/27/2024,12:00,3.632
7/27/2024,18:00,347.216
7/28/2024,0:00,60.592
7/28/2024,6:00,0
7/28/2024,12:00,20.416
7/28/2024,18:00,312.912
7/29/2024,0:00,39.728
7/29/2024,6:00,0
7/29/2024,12:00,6.944
7/29/2024,18:00,193.824
7/30/2024,0:00,34.416
7/30/2024,6:00,0
7/30/2024,12:00,34.944
7/30/2024,18:00,418.432
7/31/2024,0:00,19.712
7/31/2024,6:00,0
7/31/2024,12:00,34.976
7/31/2024,18:00,577.264
8/1/2024,0:00,127.584
8/1/2024,6:00,0
8/1/2024,12:00,35.712
8/1/2024,18:00,585.024
8/2/2024,0:00,130.208
8/2/2024,6:00,0
8/2/2024,12:00,36.848
8/2/2024,18:00,591.904
8/3/2024,0:00,132.816
8/3/2024,6:00,0
8/3/2024,12:00,37.36
8/3/2024,18:00,589.856
8/4/2024,0:00,131.936
8/4/2024,6:00,0
8/4/2024,12:00,4.304
8/4/2024,18:00,204.016
8/5/2024,0:00,28.656
8/5/2024,6:00,0
8/5/2024,12:00,29.488
8/5/2024,18:00,299.424
8/6/2024,0:00,56.112
8/6/2024,6:00,0
8/6/2024,12:00,11.344
8/6/2024,18:00,598.32
8/7/2024,0:00,124.704
8/7/2024,6:00,0
8/7/2024,12:00,5.936
8/7/2024,18:00,66.448
8/8/2024,0:00,2.544
8/8/2024,6:00,0
8/8/2024,12:00,3.648
8/8/2024,18:00,85.024
8/9/2024,0:00,137.824
8/9/2024,6:00,0
8/9/2024,12:00,23.008
8/9/2024,18:00,138.08
8/10/2024,0:00,25.584
8/10/2024,6:00,0
8/10/2024,12:00,43.536
8/10/2024,18:00,647.504
8/11/2024,0:00,149.408
8/11/2024,6:00,0
8/11/2024,12:00,47.168
8/11/2024,18:00,659.088
8/12/2024,0:00,149.808
8/12/2024,6:00,0
8/12/2024,12:00,47.84
8/12/2024,18:00,662.224
8/13/2024,0:00,153.184
8/13/2024,6:00,0
8/13/2024,12:00,49.328
8/13/2024,18:00,668.992
8/14/2024,0:00,154.752
8/14/2024,6:00,0
8/14/2024,12:00,50.208
8/14/2024,18:00,668.688
8/15/2024,0:00,155.472
8/15/2024,6:00,0
8/15/2024,12:00,48.512
8/15/2024,18:00,649.952
8/16/2024,0:00,151.216
8/16/2024,6:00,0
8/16/2024,12:00,36.88
8/16/2024,18:00,636.992
8/17/2024,0:00,129.664
8/17/2024,6:00,0
8/17/2024,12:00,33.936
8/17/2024,18:00,611.2
8/18/2024,0:00,150.784
8/18/2024,6:00,0
8/18/2024,12:00,47.952
8/18/2024,18:00,648.176
8/19/2024,0:00,152.72
8/19/2024,6:00,0
8/19/2024,12:00,27.312
8/19/2024,18:00,486.64
8/20/2024,0:00,15.216
8/20/2024,6:00,0
8/20/2024,12:00,19.968
8/20/2024,18:00,493.04
8/21/2024,0:00,153.184
8/21/2024,6:00,0
8/21/2024,12:00,40.88
8/21/2024,18:00,570.736
8/22/2024,0:00,148.192
8/22/2024,6:00,0
8/22/2024,12:00,26.704
8/22/2024,18:00,598.224
8/23/2024,0:00,82.144
8/23/2024,6:00,0
8/23/2024,12:00,2.032
8/23/2024,18:00,170.448
8/24/2024,0:00,49.712
8/24/2024,6:00,0
8/24/2024,12:00,59.632
8/24/2024,18:00,709.888
8/25/2024,0:00,169.792
8/25/2024,6:00,0
8/25/2024,12:00,62.336
8/25/2024,18:00,716.144
8/26/2024,0:00,90.96
8/26/2024,6:00,0
8/26/2024,12:00,64.528
8/26/2024,18:00,725.76
8/27/2024,0:00,172.848
8/27/2024,6:00,0
8/27/2024,12:00,64.832
8/27/2024,18:00,668.016
8/28/2024,0:00,163.872
8/28/2024,6:00,0
8/28/2024,12:00,19.6
8/28/2024,18:00,628.464
8/29/2024,0:00,131.152
8/29/2024,6:00,0
8/29/2024,12:00,50.736
8/29/2024,18:00,583.424
8/30/2024,0:00,137.728
8/30/2024,6:00,0
8/30/2024,12:00,55.328
8/30/2024,18:00,652.128
8/31/2024,0:00,157.424
8/31/2024,6:00,0
8/31/2024,12:00,27.824
8/31/2024,18:00,619.376
9/1/2024,0:00,61.92
9/1/2024,6:00,0
9/1/2024,12:00,66.976
9/1/2024,18:00,622.24
9/2/2024,0:00,172.368
9/2/2024,6:00,0
9/2/2024,12:00,75.12
9/2/2024,18:00,754.48
9/3/2024,0:00,182.384
9/3/2024,6:00,0
9/3/2024,12:00,72.608
9/3/2024,18:00,676.112
9/4/2024,0:00,173.84
9/4/2024,6:00,0
9/4/2024,12:00,42.304
9/4/2024,18:00,544.768
9/5/2024,0:00,65.168
9/5/2024,6:00,0
9/5/2024,12:00,60.048
9/5/2024,18:00,770.016
9/6/2024,0:00,187.872
9/6/2024,6:00,0
9/6/2024,12:00,83.968
9/6/2024,18:00,776.368
9/7/2024,0:00,179.232
9/7/2024,6:00,0
9/7/2024,12:00,77.952
9/7/2024,18:00,744.4
9/8/2024,0:00,179.696
9/8/2024,6:00,0
9/8/2024,12:00,65.904
9/8/2024,18:00,742.24
9/9/2024,0:00,163.936
9/9/2024,6:00,0
9/9/2024,12:00,68.656
9/9/2024,18:00,739.648
9/10/2024,0:00,183.216
9/10/2024,6:00,0
9/10/2024,12:00,84.304
9/10/2024,18:00,761.68
9/11/2024,0:00,181.472
9/11/2024,6:00,0
9/11/2024,12:00,76.272
9/11/2024,18:00,735.344
9/12/2024,0:00,174.144
9/12/2024,6:00,0
9/12/2024,12:00,79.648
9/12/2024,18:00,688.176
9/13/2024,0:00,129.84
9/13/2024,6:00,0
9/13/2024,12:00,23.904
9/13/2024,18:00,204.384
9/14/2024,0:00,125.296
9/14/2024,6:00,0
9/14/2024,12:00,50.62
9/14/2024,18:00,561.312
9/15/2024,0:00,108.784
9/15/2024,6:00,0
9/15/2024,12:00,36.288
9/15/2024,18:00,573.168
9/16/2024,0:00,42.624
9/16/2024,6:00,0
9/16/2024,12:00,96
9/16/2024,18:00,704.16
9/17/2024,0:00,196.896
9/17/2024,6:00,0
9/17/2024,12:00,100.064
9/17/2024,18:00,818.656
9/18/2024,0:00,200.48
9/18/2024,6:00,0
9/18/2024,12:00,64.016
9/18/2024,18:00,776.144
9/19/2024,0:00,194.624
9/19/2024,6:00,0
9/19/2024,12:00,97.344
9/19/2024,18:00,603.184
9/20/2024,0:00,191.536
9/20/2024,6:00,0
9/20/2024,12:00,2.048
9/20/2024,18:00,127.984
9/21/2024,0:00,24.704
9/21/2024,6:00,0
9/21/2024,12:00,102.816
9/21/2024,18:00,806.128
9/22/2024,0:00,189.184
9/22/2024,6:00,0
9/22/2024,12:00,103.04
9/22/2024,18:00,799.456
9/23/2024,0:00,198.8
9/23/2024,6:00,0
9/23/2024,12:00,106.32
9/23/2024,18:00,810.48
9/24/2024,0:00,201.664
9/24/2024,6:00,0
9/24/2024,12:00,108.448
9/24/2024,18:00,816.928
9/25/2024,0:00,196.352
9/25/2024,6:00,0
9/25/2024,12:00,80.48
9/25/2024,18:00,722.32
9/26/2024,0:00,54.816
9/26/2024,6:00,0
9/26/2024,12:00,56.448
9/26/2024,18:00,268.768
9/27/2024,0:00,49.568
9/27/2024,6:00,0
9/27/2024,12:00,19.808
9/27/2024,18:00,430.576
9/28/2024,0:00,200.592
9/28/2024,6:00,0
9/28/2024,12:00,121.952
9/28/2024,18:00,869.824
9/29/2024,0:00,212.048
9/29/2024,6:00,0
9/29/2024,12:00,122.752
9/29/2024,18:00,859.264
9/30/2024,0:00,211.792
9/30/2024,6:00,0
9/30/2024,12:00,124.64
9/30/2024,18:00,861.76
10/1/2024,0:00,213.712
10/1/2024,6:00,0
10/1/2024,12:00,120.208
10/1/2024,18:00,541.76
10/2/2024,0:00,197.36
10/2/2024,6:00,0
10/2/2024,12:00,46.784
10/2/2024,18:00,136.656
10/3/2024,0:00,30.128
10/3/2024,6:00,0
10/3/2024,12:00,131.968
10/3/2024,18:00,887.552
10/4/2024,0:00,221.728
10/4/2024,6:00,0
10/4/2024,12:00,132.272
10/4/2024,18:00,889.152
10/5/2024,0:00,222.96
10/5/2024,6:00,0
10/5/2024,12:00,135.152
10/5/2024,18:00,882.144
10/6/2024,0:00,219.712
10/6/2024,6:00,0
10/6/2024,12:00,120.72
10/6/2024,18:00,793.344
10/7/2024,0:00,184.544
10/7/2024,6:00,0
10/7/2024,12:00,74.592
10/7/2024,18:00,816.832
10/8/2024,0:00,212.128
10/8/2024,6:00,0
10/8/2024,12:00,44.736
10/8/2024,18:00,279.168
10/9/2024,0:00,103.84
10/9/2024,6:00,0
10/9/2024,12:00,7.312
10/9/2024,18:00,80.62
10/10/2024,0:00,34.576
10/10/2024,6:00,0
10/10/2024,12:00,54.448
10/10/2024,18:00,203.14
10/11/2024,0:00,8.528
10/11/2024,6:00,0
10/11/2024,12:00,12.976
10/11/2024,18:00,67.22
10/12/2024,0:00,30.96
10/12/2024,6:00,0
10/12/2024,12:00,46.58
10/12/2024,18:00,505.68
10/13/2024,0:00,54.816
10/13/2024,6:00,0
10/13/2024,12:00,145.424
10/13/2024,18:00,897.06
10/14/2024,0:00,225.344
10/14/2024,6:00,0
10/14/2024,12:00,119.264
10/14/2024,18:00,610.38
10/15/2024,0:00,132.464
10/15/2024,6:00,0
10/15/2024,12:00,108.528
10/15/2024,18:00,310.38
10/16/2024,0:00,81.36
10/16/2024,6:00,0
10/16/2024,12:00,145.856
10/16/2024,18:00,900.9
10/17/2024,0:00,233.632
10/17/2024,6:00,0
10/17/2024,12:00,157.648
10/17/2024,18:00,873.26
10/18/2024,0:00,217.648
10/18/2024,6:00,0
10/18/2024,12:00,55.86
10/18/2024,18:00,482.86
10/19/2024,0:00,75.76
10/19/2024,6:00,0
10/19/2024,12:00,129.472
10/19/2024,18:00,884.18
10/20/2024,0:00,199.312
10/20/2024,6:00,0
10/20/2024,12:00,161.888
10/20/2024,18:00,927.84
10/21/2024,0:00,237.12
10/21/2024,6:00,0
10/21/2024,12:00,157.12
10/21/2024,18:00,825.36
10/22/2024,0:00,40.208
10/22/2024,6:00,0
10/22/2024,18:00,672.06
10/23/2024,0:00,22.8
10/23/2024,6:00,0
10/23/2024,12:00,155.26
10/23/2024,18:00,862.18
10/24/2024,0:00,134.288
10/24/2024,6:00,0
10/24/2024,12:00,102.54
10/24/2024,18:00,478.26
10/25/2024,0:00,73.76
10/25/2024,6:00,0
10/25/2024,12:00,169.776
10/25/2024,18:00,947.28
10/26/2024,0:00,248.304
10/26/2024,6:00,0
10/26/2024,12:00,177.4
10/26/2024,18:00,931.02
10/27/2024,0:00,200.176
10/27/2024,6:00,0
10/27/2024,12:00,178.48
10/27/2024,18:00,965.66
10/28/2024,0:00,249.264
10/28/2024,6:00,0
10/28/2024,12:00,149.66
10/28/2024,18:00,940.62
10/29/2024,0:00,250.192
10/29/2024,6:00,0
10/29/2024,12:00,175.504
10/29/2024,18:00,956.84
10/30/2024,0:00,254.656
10/30/2024,6:00,0
10/30/2024,12:00,179.64
10/30/2024,18:00,965.08
10/31/2024,0:00,257.6
10/31/2024,6:00,0
10/31/2024,12:00,174.128
10/31/2024,18:00,938.62
11/1/2024,0:00,199.968
11/1/2024,6:00,0
11/1/2024,12:00,137.056
11/1/2024,18:00,792.98
11/2/2024,0:00,108.336
11/2/2024,6:00,0
11/2/2024,12:00,16.16
11/2/2024,18:00,63.96
11/3/2024,0:00,19.088
11/3/2024,6:00,0
11/3/2024,12:00,10.42
11/3/2024,18:00,328.86
11/4/2024,0:00,194.08
11/4/2024,6:00,0
11/4/2024,12:00,174.5
11/4/2024,18:00,744.54
11/5/2024,0:00,54.592
11/5/2024,6:00,0
11/5/2024,12:00,175.76
11/5/2024,18:00,636.78
11/6/2024,0:00,149.936
11/6/2024,6:00,0
11/6/2024,12:00,168.68
11/6/2024,18:00,910.66
11/7/2024,0:00,57.504
11/7/2024,6:00,0
11/7/2024,18:00,726.98
11/8/2024,0:00,147.264
11/8/2024,6:00,0
11/8/2024,12:00,40.9
11/8/2024,18:00,379.6
11/9/2024,0:00,123.728
11/9/2024,6:00,0
11/9/2024,12:00,196.68
11/9/2024,18:00,998.3
11/10/2024,0:00,274.384
11/10/2024,6:00,0
11/10/2024,12:00,193.84
11/10/2024,18:00,984.82
11/11/2024,0:00,271.68
11/11/2024,6:00,0
11/11/2024,12:00,189.8
11/11/2024,18:00,967.28
11/12/2024,0:00,57.904
11/12/2024,6:00,0
11/12/2024,12:00,74.62
11/12/2024,18:00,787.1
11/13/2024,0:00,283.152
11/13/2024,6:00,0
11/13/2024,12:00,196.4
11/13/2024,18:00,1000.46
11/14/2024,0:00,280.336
11/14/2024,6:00,0
11/14/2024,12:00,193.46
11/14/2024,18:00,987.12
11/15/2024,0:00,275.84
11/15/2024,6:00,0
11/15/2024,12:00,129.28
11/15/2024,18:00,838.16
11/16/2024,0:00,122.224
11/16/2024,6:00,0
11/16/2024,12:00,190.54
11/16/2024,18:00,971.36
11/17/2024,0:00,276.288
11/17/2024,6:00,0
11/17/2024,12:00,190.14
11/17/2024,18:00,946.74
11/18/2024,0:00,205.824
11/18/2024,6:00,0
11/18/2024,12:00,110.5
11/18/2024,18:00,683.72
11/19/2024,0:00,153.792
11/19/2024,6:00,0
11/19/2024,12:00,13.12
11/19/2024,18:00,141.28
11/20/2024,0:00,20.432
11/20/2024,6:00,0
11/20/2024,12:00,42.36
11/20/2024,18:00,517.76
11/21/2024,0:00,221.12
11/21/2024,6:00,0
11/21/2024,12:00,142.16
11/21/2024,18:00,382.74
11/22/2024,0:00,190.368
11/22/2024,6:00,0
11/22/2024,12:00,21.24
11/22/2024,18:00,327.62
11/23/2024,0:00,143.72
11/23/2024,6:00,0
11/23/2024,12:00,192.98
11/23/2024,18:00,834.62
11/24/2024,0:00,176.416
11/24/2024,6:00,0
11/24/2024,12:00,193.74
11/24/2024,18:00,981.02
11/25/2024,0:00,290.704
11/25/2024,6:00,0
11/25/2024,12:00,192.02
11/25/2024,18:00,841.86
11/26/2024,0:00,173.568
11/26/2024,6:00,0
11/26/2024,12:00,101.78
11/26/2024,18:00,304.1
11/27/2024,0:00,125.44
11/27/2024,6:00,0
11/27/2024,12:00,104.26
11/27/2024,18:00,559.78
11/28/2024,0:00,78.928
11/28/2024,6:00,0
11/28/2024,12:00,39.36
11/28/2024,18:00,61.52
11/29/2024,0:00,26.352
11/29/2024,6:00,0
11/29/2024,12:00,154.04
11/29/2024,18:00,852.52
11/30/2024,0:00,259.66
11/30/2024,6:00,0
11/30/2024,12:00,164.2
11/30/2024,18:00,935.64
12/1/2024,0:00,240.368
12/1/2024,6:00,0
12/1/2024,12:00,181.2
12/1/2024,18:00,767.68
12/2/2024,0:00,184.912
12/2/2024,6:00,0
12/2/2024,12:00,27.82
12/2/2024,18:00,117.66
12/3/2024,0:00,122.88
12/3/2024,6:00,0
12/3/2024,12:00,194.9
12/3/2024,18:00,969.92
12/4/2024,0:00,179.38
12/4/2024,6:00,0
12/4/2024,12:00,194.18
12/4/2024,18:00,969.86
12/5/2024,0:00,120.1
12/5/2024,6:00,0
12/5/2024,12:00,188.52
12/5/2024,18:00,800.1
12/6/2024,0:00,118.08
12/6/2024,6:00,0
12/6/2024,12:00,181.74
12/6/2024,18:00,751.28
12/7/2024,0:00,117.888
12/7/2024,6:00,0
12/7/2024,12:00,16.96
12/7/2024,18:00,73.3
12/8/2024,0:00,26.24
12/8/2024,6:00,0
12/8/2024,12:00,11.8
12/8/2024,18:00,60.14
12/9/2024,0:00,26.34
12/9/2024,6:00,0
12/9/2024,12:00,43.84
12/9/2024,18:00,311.98
12/10/2024,0:00,82.08
12/10/2024,6:00,0
12/10/2024,12:00,187.82
12/10/2024,18:00,926.86
12/11/2024,0:00,319.02
12/11/2024,6:00,0
12/11/2024,12:00,182.52
12/11/2024,18:00,998.12
12/12/2024,0:00,305.328
12/12/2024,6:00,0
12/12/2024,12:00,153.34
12/12/2024,18:00,791.12
12/13/2024,0:00,125.58
12/13/2024,6:00,0
12/13/2024,12:00,80.9
12/13/2024,18:00,148.76
12/14/2024,0:00,68.28
12/14/2024,6:00,0
12/14/2024,12:00,32.28
12/14/2024,18:00,531.44
12/15/2024,0:00,269.9
12/15/2024,6:00,0
12/15/2024,12:00,187.34
12/15/2024,18:00,856.9
12/16/2024,0:00,217.46
12/16/2024,6:00,0
12/16/2024,12:00,180.4
12/16/2024,18:00,716.34
12/17/2024,0:00,303.88
12/17/2024,6:00,0
12/17/2024,12:00,188.26
12/17/2024,18:00,597.08
12/18/2024,0:00,261.14
12/18/2024,6:00,0
12/18/2024,12:00,188.86
12/18/2024,18:00,994.36
12/19/2024,0:00,331.74
12/19/2024,6:00,0
12/19/2024,12:00,78.8
12/19/2024,18:00,188.44
12/20/2024,0:00,53.38
12/20/2024,6:00,0
12/20/2024,12:00,39.62
12/20/2024,18:00,588.42
12/21/2024,0:00,258.06
12/21/2024,6:00,0
12/21/2024,12:00,184.62
12/21/2024,18:00,994.96
12/22/2024,0:00,328.9
12/22/2024,6:00,0
12/22/2024,12:00,81.34
12/22/2024,18:00,810.78
12/23/2024,0:00,178.1
12/23/2024,6:00,0
12/23/2024,12:00,184.84
12/23/2024,18:00,1008.24
12/24/2024,0:00,339.9
12/24/2024,6:00,0
12/24/2024,12:00,176.12
12/24/2024,18:00,959.78
12/25/2024,0:00,292.208
12/25/2024,6:00,0
12/25/2024,12:00,79.44
12/25/2024,18:00,496
12/26/2024,0:00,344.592
12/26/2024,6:00,0
12/26/2024,12:00,183.3
12/26/2024,18:00,1013.22
12/27/2024,0:00,346.224
12/27/2024,6:00,0
12/27/2024,12:00,184.2
12/27/2024,18:00,1015.12
12/28/2024,0:00,346.656
12/28/2024,6:00,0
12/28/2024,12:00,179.56
12/28/2024,18:00,1008.14
12/29/2024,0:00,345.696
12/29/2024,6:00,0
12/29/2024,12:00,176.38
12/29/2024,18:00,989.98
12/30/2024,0:00,342.288
12/30/2024,6:00,0
12/30/2024,12:00,173.82
12/30/2024,18:00,912.14
12/31/2024,0:00,302.04
12/31/2024,6:00,0
12/31/2024,12:00,170.84
12/31/2024,18:00,884.44
1/1/2025,0:00,344
1/1/2025,6:00,0
1/1/2025,12:00,169.28
1/1/2025,18:00,980.98
1/2/2025,0:00,318.34
1/2/2025,6:00,0
1/2/2025,12:00,166.42
1/2/2025,18:00,976.14
1/3/2025,0:00,249.984
1/3/2025,6:00,0
1/3/2025,12:00,170.2
1/3/2025,18:00,1000.16
1/4/2025,0:00,351.64
1/4/2025,6:00,0
1/4/2025,12:00,172.44
1/4/2025,18:00,1012
1/5/2025,0:00,358.56
1/5/2025,6:00,0
1/5/2025,12:00,172.06
1/5/2025,18:00,1007.92
1/6/2025,0:00,352.32
1/6/2025,6:00,0
1/6/2025,12:00,168.38
1/6/2025,18:00,996.52
1/7/2025,0:00,307.872
1/7/2025,6:00,0
1/7/2025,12:00,167.44
1/7/2025,18:00,1003.8
1/8/2025,0:00,354.864
1/8/2025,6:00,0
1/8/2025,12:00,163.78
1/8/2025,18:00,992.8
1/9/2025,0:00,349.296
1/9/2025,6:00,0
1/9/2025,12:00,160.94
1/9/2025,18:00,980
1/10/2025,0:00,345.696
1/10/2025,6:00,0
1/10/2025,12:00,145.46
1/10/2025,18:00,672.5
1/11/2025,0:00,236.56
1/11/2025,6:00,0
1/11/2025,12:00,144.64
1/11/2025,18:00,965.62
1/12/2025,0:00,219.08
1/12/2025,6:00,0
1/12/2025,12:00,156.26
1/12/2025,18:00,939.38
1/13/2025,0:00,344.66
1/13/2025,6:00,0
1/13/2025,12:00,155
1/13/2025,18:00,854.68
1/14/2025,0:00,148.448
1/14/2025,6:00,0
1/14/2025,12:00,152.38
1/14/2025,18:00,589
1/15/2025,0:00,174
1/15/2025,6:00,0
1/15/2025,12:00,110.92
1/15/2025,18:00,698.24
1/16/2025,0:00,132.544
1/16/2025,6:00,0
1/16/2025,12:00,88.62
1/16/2025,18:00,954.88
1/17/2025,0:00,126.416
1/17/2025,6:00,0
1/17/2025,12:00,130.86
1/17/2025,18:00,906.66
1/18/2025,0:00,336.128
1/18/2025,6:00,0
1/18/2025,12:00,146.48
1/18/2025,18:00,808.82
1/19/2025,0:00,297.008
1/19/2025,6:00,0
1/19/2025,12:00,145.82
1/19/2025,18:00,943.76
1/20/2025,0:00,236.4
1/20/2025,6:00,0
1/20/2025,12:00,139.62
1/20/2025,18:00,632.28
1/21/2025,0:00,353.088
1/21/2025,6:00,0
1/21/2025,12:00,147.312
1/21/2025,18:00,979.7
1/22/2025,0:00,351.536
1/22/2025,6:00,0
1/22/2025,12:00,145.488
1/22/2025,18:00,970.02
1/23/2025,0:00,351.488
1/23/2025,6:00,0
1/23/2025,12:00,135.2
1/23/2025,18:00,941.98
1/24/2025,0:00,227.968
1/24/2025,6:00,0
1/24/2025,12:00,10.848
1/24/2025,18:00,406.78
1/25/2025,0:00,292.864
1/25/2025,6:00,0
1/25/2025,12:00,68.224
1/25/2025,18:00,937.26
1/26/2025,0:00,332.992
1/26/2025,6:00,0
1/26/2025,12:00,138.224
1/26/2025,18:00,863.06
1/27/2025,0:00,256.144
1/27/2025,6:00,0
1/27/2025,12:00,137.2
1/27/2025,18:00,917.54
1/28/2025,0:00,170.048
1/28/2025,6:00,0
1/28/2025,12:00,132.08
1/28/2025,18:00,577.66
1/29/2025,0:00,255.712
1/29/2025,6:00,0
1/29/2025,12:00,130.48
1/29/2025,18:00,893
1/30/2025,0:00,190.544
1/30/2025,6:00,0
1/30/2025,12:00,130.288
1/30/2025,18:00,682.42
1/31/2025,0:00,164.32
1/31/2025,6:00,0
1/31/2025,12:00,130.016
1/31/2025,18:00,919.58
2/1/2025,0:00,130.88
2/1/2025,6:00,0
2/1/2025,12:00,129.744
2/1/2025,18:00,749.1
2/2/2025,0:00,139.856
2/2/2025,6:00,0
2/2/2025,12:00,129.52
2/2/2025,18:00,723.68
2/3/2025,0:00,32.816
2/3/2025,6:00,0
2/3/2025,12:00,127.54
2/3/2025,18:00,727.04
2/4/2025,0:00,264.208
2/4/2025,6:00,0
2/4/2025,12:00,125.18
2/4/2025,18:00,656.7
2/5/2025,0:00,295.584
2/5/2025,6:00,0
2/5/2025,12:00,123.904
2/5/2025,18:00,917.94
2/6/2025,0:00,182.928
2/6/2025,6:00,0
2/6/2025,12:00,115.872
2/6/2025,18:00,650.94
2/7/2025,0:00,127.12
2/7/2025,6:00,0
2/7/2025,12:00,121.664
2/7/2025,18:00,931.56
2/8/2025,0:00,311.408
2/8/2025,6:00,0
2/8/2025,12:00,122.496
2/8/2025,18:00,937.28
2/9/2025,0:00,224.624
2/9/2025,6:00,0
2/9/2025,12:00,108.64
2/9/2025,18:00,838.672
2/10/2025,0:00,223.68
2/10/2025,6:00,0
2/10/2025,12:00,118.688
2/10/2025,18:00,837.52
2/11/2025,0:00,122.448
2/11/2025,6:00,0
2/11/2025,12:00,117.28
2/11/2025,18:00,671.776
2/12/2025,0:00,186.08
2/12/2025,6:00,0
2/12/2025,12:00,115.68
2/12/2025,18:00,652
2/13/2025,0:00,63.568
2/13/2025,6:00,0
2/13/2025,12:00,113.504
2/13/2025,18:00,641.936
2/14/2025,0:00,66.016
2/14/2025,6:00,0
2/14/2025,12:00,114.64
2/14/2025,18:00,910.336
2/15/2025,0:00,204.464
2/15/2025,6:00,0
2/15/2025,12:00,96.64
2/15/2025,18:00,499.28
2/16/2025,0:00,178.096
2/16/2025,6:00,0
2/16/2025,12:00,97.824
2/16/2025,18:00,646.304
2/17/2025,0:00,118.64
2/17/2025,6:00,0
2/17/2025,12:00,53.28
2/17/2025,18:00,506.656
2/18/2025,0:00,113.488
2/18/2025,6:00,0
2/18/2025,12:00,84.86
2/18/2025,18:00,581.94
2/19/2025,0:00,163.456
2/19/2025,6:00,0
2/19/2025,12:00,63.18
2/19/2025,18:00,659.16
2/20/2025,0:00,237.728
2/20/2025,6:00,0
2/20/2025,12:00,105.06
2/20/2025,18:00,791.008
2/21/2025,0:00,268.912
2/21/2025,6:00,0
2/21/2025,12:00,99
2/21/2025,18:00,805.424
2/22/2025,0:00,190.288
2/22/2025,6:00,0
2/22/2025,12:00,105.82
2/22/2025,18:00,888.304
2/23/2025,0:00,284.544
2/23/2025,6:00,0
2/23/2025,12:00,106.62
2/23/2025,18:00,889.984
2/24/2025,0:00,253.792
2/24/2025,6:00,0
2/24/2025,12:00,104.46
2/24/2025,18:00,750.352
2/25/2025,0:00,168.272
2/25/2025,6:00,0
2/25/2025,12:00,103.42
2/25/2025,18:00,834.816
2/26/2025,0:00,183.232
2/26/2025,6:00,0
2/26/2025,12:00,101.84
2/26/2025,18:00,765.488
2/27/2025,0:00,60.512
2/27/2025,6:00,0
2/27/2025,12:00,63.56
2/27/2025,18:00,591.296
2/28/2025,0:00,79.904
2/28/2025,6:00,0
2/28/2025,12:00,88.96
2/28/2025,18:00,863.536
3/1/2025,0:00,150.4
3/1/2025,6:00,0
3/1/2025,12:00,98.144
3/1/2025,18:00,844.896
3/2/2025,0:00,91.168
3/2/2025,6:00,0
3/2/2025,12:00,98.34
3/2/2025,18:00,709.44
3/3/2025,0:00,128.896
3/3/2025,6:00,0
3/3/2025,12:00,98.16
3/3/2025,18:00,859.472
3/4/2025,0:00,178.8
3/4/2025,6:00,0
3/4/2025,12:00,97.904
3/4/2025,18:00,870.4
3/5/2025,0:00,274.864
3/5/2025,6:00,0
3/5/2025,12:00,98.28
3/5/2025,18:00,869.328
3/6/2025,0:00,181.616
3/6/2025,6:00,0
3/6/2025,12:00,87.04
3/6/2025,18:00,818.208
3/7/2025,0:00,141.072
3/7/2025,6:00,0
3/7/2025,12:00,94.9
3/7/2025,18:00,860.032
3/8/2025,0:00,268.384
3/8/2025,6:00,0
3/8/2025,12:00,94.016
3/8/2025,18:00,679.664
3/9/2025,0:00,242.288
3/9/2025,6:00,0
3/9/2025,12:00,49.808
3/9/2025,18:00,437.92
3/10/2025,0:00,149.76
3/10/2025,6:00,0
3/10/2025,12:00,94.848
3/10/2025,18:00,865.856
3/11/2025,0:00,260.208
3/11/2025,6:00,0
3/11/2025,12:00,85.824
3/11/2025,18:00,574.144
3/12/2025,0:00,188.064
3/12/2025,6:00,0
3/12/2025,12:00,59.216
3/12/2025,18:00,756.976
3/13/2025,0:00,204.384
3/13/2025,6:00,0
3/13/2025,12:00,87.968
3/13/2025,18:00,777.312
3/14/2025,0:00,89.728
3/14/2025,6:00,0
3/14/2025,12:00,94.12
3/14/2025,18:00,875.728
3/15/2025,0:00,258.032
3/15/2025,6:00,0
3/15/2025,12:00,90.416
3/15/2025,18:00,866.48
3/16/2025,0:00,254.432
3/16/2025,6:00,0
3/16/2025,12:00,90.96
3/16/2025,18:00,847.936
3/17/2025,0:00,248.016
3/17/2025,6:00,0
3/17/2025,12:00,57.648
3/17/2025,18:00,804.144
3/18/2025,0:00,232.256
3/18/2025,6:00,0
3/18/2025,12:00,86
3/18/2025,18:00,809.616
3/19/2025,0:00,214.88
3/19/2025,6:00,0
3/19/2025,12:00,90.128
3/19/2025,18:00,851.664
3/20/2025,0:00,241.392
3/20/2025,6:00,0
3/20/2025,12:00,88.08
3/20/2025,18:00,837.68
3/21/2025,0:00,238.688
3/21/2025,6:00,0
3/21/2025,12:00,86.144
3/21/2025,18:00,825.584
3/22/2025,0:00,228.96
3/22/2025,6:00,0
3/22/2025,12:00,83.584
3/22/2025,18:00,608.064
3/23/2025,0:00,51.696
3/23/2025,6:00,0
3/23/2025,12:00,72.176
3/23/2025,18:00,595.952
3/24/2025,0:00,54.944
3/24/2025,6:00,0
3/24/2025,12:00,66.784
3/24/2025,18:00,643.424
3/25/2025,0:00,196.496
3/25/2025,6:00,0
3/25/2025,12:00,38.176
3/25/2025,18:00,380.816
3/26/2025,0:00,160.032
3/26/2025,6:00,0
3/26/2025,12:00,58.656
3/26/2025,18:00,686.256
3/27/2025,0:00,40.208
3/27/2025,6:00,0
3/27/2025,12:00,57.968
3/27/2025,18:00,663.488
3/28/2025,0:00,38.576
3/28/2025,6:00,0
3/28/2025,12:00,69.552
3/28/2025,18:00,567.04
3/29/2025,0:00,155.328
3/29/2025,6:00,0
3/29/2025,12:00,49.696
3/29/2025,18:00,735.184
3/30/2025,0:00,180.528
3/30/2025,6:00,0
3/30/2025,12:00,74.432
3/30/2025,18:00,756.368
3/31/2025,0:00,199.968
3/31/2025,6:00,0
3/31/2025,12:00,73.984
3/31/2025,18:00,729.728
4/1/2025,0:00,110.32
4/1/2025,6:00,0
4/1/2025,12:00,26.36
4/1/2025,18:00,308.992
4/2/2025,0:00,149.344
4/2/2025,6:00,0
4/2/2025,12:00,69.08
4/2/2025,18:00,102.16
4/3/2025,0:00,14.192
4/3/2025,6:00,0
4/3/2025,12:00,9.5
4/3/2025,18:00,147.328
4/4/2025,0:00,57.072
4/4/2025,6:00,0
4/4/2025,12:00,75.26
4/4/2025,18:00,784.704
4/5/2025,0:00,202.256
4/5/2025,6:00,0
4/5/2025,12:00,76.048
4/5/2025,18:00,775.92
4/6/2025,0:00,193.104
4/6/2025,6:00,0
4/6/2025,12:00,73.744
4/6/2025,18:00,750.72
4/7/2025,0:00,181.392
4/7/2025,6:00,0
4/7/2025,12:00,56.944
4/7/2025,18:00,371.408
4/8/2025,0:00,19.408
4/8/2025,6:00,0
4/8/2025,12:00,7.536
4/8/2025,18:00,29.536
4/9/2025,0:00,76.528
4/9/2025,6:00,0
4/9/2025,12:00,69.3
4/9/2025,18:00,479.088
4/10/2025,0:00,83.536
4/10/2025,6:00,0
4/10/2025,12:00,69.14
4/10/2025,18:00,735.104
4/11/2025,0:00,177.936
4/11/2025,6:00,0
4/11/2025,12:00,60.848
4/11/2025,18:00,725.216
4/12/2025,0:00,169.52
4/12/2025,6:00,0
4/12/2025,12:00,43.888
4/12/2025,18:00,335.824
4/13/2025,0:00,53.024
4/13/2025,6:00,0
4/13/2025,12:00,4.656
4/13/2025,18:00,259.616
4/14/2025,0:00,132.912
4/14/2025,6:00,0
4/14/2025,12:00,63.888
4/14/2025,18:00,713.024
4/15/2025,0:00,166.688
4/15/2025,6:00,0
4/15/2025,12:00,59.2
4/15/2025,18:00,624.32
4/16/2025,0:00,150.752
4/16/2025,6:00,0
4/16/2025,12:00,62
4/16/2025,18:00,683.344
4/17/2025,0:00,99.12
4/17/2025,6:00,0
4/17/2025,12:00,61.2
4/17/2025,18:00,687.664
4/18/2025,0:00,150.592
4/18/2025,6:00,0
4/18/2025,12:00,28.944
4/18/2025,18:00,503.216
4/19/2025,0:00,21.312
4/19/2025,6:00,0
4/19/2025,12:00,16.624
4/19/2025,18:00,664.72
4/20/2025,0:00,152.048
4/20/2025,6:00,0
4/20/2025,12:00,58.512
4/20/2025,18:00,665.76
4/21/2025,0:00,146.8
4/21/2025,6:00,0
4/21/2025,12:00,45.7
4/21/2025,18:00,585.984
4/22/2025,0:00,102.464
4/22/2025,6:00,0
4/22/2025,12:00,47.12
4/22/2025,18:00,642.848
4/23/2025,0:00,87.488
4/23/2025,6:00,0
4/23/2025,12:00,45.04
4/23/2025,18:00,516.512
4/24/2025,0:00,105.312
4/24/2025,6:00,0
4/24/2025,12:00,18.24
4/24/2025,18:00,239.504
4/25/2025,0:00,34.176
4/25/2025,6:00,0
4/25/2025,12:00,54.416
4/25/2025,18:00,654.704
4/26/2025,0:00,142.4
4/26/2025,6:00,0
4/26/2025,12:00,53.056
4/26/2025,18:00,466.224
4/27/2025,0:00,81.024
4/27/2025,6:00,0
4/27/2025,12:00,22
4/27/2025,18:00,146.096
4/28/2025,0:00,40.64
4/28/2025,6:00,0
4/28/2025,12:00,56.944
4/28/2025,18:00,676.336
4/29/2025,0:00,143.12
4/29/2025,6:00,0
4/29/2025,12:00,55.008
4/29/2025,18:00,661.152
4/30/2025,0:00,139.232
4/30/2025,6:00,0
4/30/2025,12:00,55.232
4/30/2025,18:00,665.792
5/1/2025,0:00,139.888
5/1/2025,6:00,0
5/1/2025,12:00,53.92
5/1/2025,18:00,651.072
5/2/2025,0:00,134.176
5/2/2025,6:00,0
5/2/2025,12:00,29.888
5/2/2025,18:00,347.824
5/3/2025,0:00,79.296
5/3/2025,6:00,0
5/3/2025,12:00,46.704
5/3/2025,18:00,624.448
5/4/2025,0:00,128.512
5/4/2025,6:00,0
5/4/2025,12:00,50.432
5/4/2025,18:00,627.488
5/5/2025,0:00,120.912
5/5/2025,6:00,0
5/5/2025,12:00,46.4
5/5/2025,18:00,493.04
5/6/2025,0:00,121.376
5/6/2025,6:00,0
5/6/2025,12:00,16.928
5/6/2025,18:00,226.24
5/7/2025,0:00,55.184
5/7/2025,6:00,0
5/7/2025,12:00,8.784
5/7/2025,18:00,105.936
5/8/2025,0:00,84.176
5/8/2025,6:00,0
5/8/2025,12:00,34.976
5/8/2025,18:00,569.632
5/9/2025,0:00,103.408
5/9/2025,6:00,0
5/9/2025,12:00,36.608
5/9/2025,18:00,436.992
5/10/2025,0:00,9.776
5/10/2025,6:00,0
5/10/2025,12:00,45.264
5/10/2025,18:00,608.064
5/11/2025,0:00,121.312
5/11/2025,6:00,0
5/11/2025,12:00,46.08
5/11/2025,18:00,612.944
5/12/2025,0:00,120.928
5/12/2025,6:00,0
5/12/2025,12:00,45.488
5/12/2025,18:00,606.688
5/13/2025,0:00,118.944
5/13/2025,6:00,0
5/13/2025,12:00,42.896
5/13/2025,18:00,446.768
5/14/2025,0:00,114.064
5/14/2025,6:00,0
5/14/2025,12:00,42.08
5/14/2025,18:00,581.488
5/15/2025,0:00,111.632
5/15/2025,6:00,0
5/15/2025,12:00,30.576
5/15/2025,18:00,544.224
5/16/2025,0:00,110.72
5/16/2025,6:00,0
5/16/2025,12:00,39.92
5/16/2025,18:00,474.848
5/17/2025,0:00,81.968
5/17/2025,6:00,0
5/17/2025,12:00,26.496
5/17/2025,18:00,506.848
5/18/2025,0:00,96.064
5/18/2025,6:00,0
5/18/2025,12:00,22.208
5/18/2025,18:00,266.816
5/19/2025,0:00,20.336
5/19/2025,6:00,0
5/19/2025,12:00,37.96
5/19/2025,18:00,515.504
5/20/2025,0:00,73.056
5/20/2025,6:00,0
5/20/2025,12:00,30.72
5/20/2025,18:00,100.672
5/21/2025,0:00,25.376
5/21/2025,6:00,0
5/21/2025,12:00,15.5
5/21/2025,18:00,86.128
5/22/2025,0:00,3.6
5/22/2025,6:00,0
5/22/2025,12:00,28.12
5/22/2025,18:00,430.944
5/23/2025,0:00,91.488
5/23/2025,6:00,0
5/23/2025,12:00,38.672
5/23/2025,18:00,571.456
5/24/2025,0:00,106.112
5/24/2025,6:00,0
5/24/2025,12:00,4.672
5/24/2025,18:00,409.52
5/25/2025,0:00,54.624
5/25/2025,6:00,0
5/25/2025,12:00,28.032
5/25/2025,18:00,477.456
5/26/2025,0:00,56.208
5/26/2025,6:00,0
5/26/2025,12:00,12.4
5/26/2025,18:00,421.712
5/27/2025,0:00,53.92
5/27/2025,6:00,0
5/27/2025,12:00,9.728
5/27/2025,18:00,211.184
5/28/2025,0:00,55.344
5/28/2025,6:00,0
5/28/2025,12:00,1.248
5/28/2025,18:00,26.32
5/29/2025,0:00,2.576
5/29/2025,6:00,0
5/29/2025,12:00,26.58
5/29/2025,18:00,175.168
5/30/2025,0:00,27.952
5/30/2025,6:00,0
5/30/2025,12:00,35.2
5/30/2025,18:00,554.736
5/31/2025,0:00,101.856
5/31/2025,6:00,0
5/31/2025,12:00,34.176
5/31/2025,18:00,547.616
6/1/2025,0:00,102.272
6/1/2025,6:00,0
6/1/2025,12:00,33.984
6/1/2025,18:00,551.168
6/2/2025,0:00,97.856
6/2/2025,6:00,0
6/2/2025,12:00,20.4
6/2/2025,18:00,246.352
6/3/2025,0:00,8.688
6/3/2025,6:00,0
6/3/2025,12:00,10.08
6/3/2025,18:00,166.352
6/4/2025,0:00,73.92
6/4/2025,6:00,0
6/4/2025,12:00,5.04
6/4/2025,18:00,145.504
6/5/2025,0:00,26.928
6/5/2025,6:00,0
6/5/2025,12:00,14.5
6/5/2025,18:00,407.152
6/6/2025,0:00,45.392
6/6/2025,6:00,0
6/6/2025,12:00,29.104
6/6/2025,18:00,461.808
6/7/2025,0:00,73.856
6/7/2025,6:00,0
6/7/2025,12:00,31.792
6/7/2025,18:00,533.776
6/8/2025,0:00,92.336
6/8/2025,6:00,0
6/8/2025,12:00,29.312
6/8/2025,18:00,438.8
6/9/2025,0:00,97.648
6/9/2025,6:00,0
6/9/2025,12:00,30.384
6/9/2025,18:00,530.768
6/10/2025,0:00,99.088
6/10/2025,6:00,0
6/10/2025,12:00,31.088
6/10/2025,18:00,539.344
6/11/2025,0:00,100.688
6/11/2025,6:00,0
6/11/2025,12:00,30.624
6/11/2025,18:00,540.944
6/12/2025,0:00,102.208
6/12/2025,6:00,0
6/12/2025,12:00,31.216
6/12/2025,18:00,543.712
6/13/2025,0:00,101.936
6/13/2025,6:00,0
6/13/2025,12:00,30.16
6/13/2025,18:00,536.928
6/14/2025,0:00,95.664
6/14/2025,6:00,0
6/14/2025,12:00,1.008
6/14/2025,18:00,41.84
6/15/2025,0:00,18.96
6/15/2025,6:00,0
6/15/2025,12:00,3.8
6/15/2025,18:00,103.392
6/16/2025,0:00,27.632
6/16/2025,6:00,0
6/16/2025,12:00,28.368
6/16/2025,18:00,501.712
6/17/2025,0:00,91.936
6/17/2025,6:00,0
6/17/2025,12:00,20.74
6/17/2025,18:00,299.84
6/18/2025,0:00,54.064
6/18/2025,6:00,0
6/18/2025,12:00,4.02
6/18/2025,18:00,24.88
6/19/2025,0:00,11.12
6/19/2025,6:00,0
6/19/2025,12:00,1.84
6/19/2025,18:00,91.328
6/20/2025,0:00,6.528
6/20/2025,6:00,0
6/20/2025,12:00,1.14
6/20/2025,18:00,35.2
6/21/2025,0:00,7.424
6/21/2025,6:00,0
6/21/2025,12:00,6.016
6/21/2025,18:00,218.256
6/22/2025,0:00,99.76
6/22/2025,6:00,0
6/22/2025,12:00,12.16
6/22/2025,18:00,122.096
6/23/2025,0:00,14.112
6/23/2025,6:00,0
6/23/2025,12:00,22.096
6/23/2025,18:00,505.488
6/24/2025,0:00,102.24
6/24/2025,6:00,0
6/24/2025,12:00,29.68
6/24/2025,18:00,549.232
6/25/2025,0:00,106.32
6/25/2025,6:00,0
6/25/2025,12:00,29.632
6/25/2025,18:00,551.584
6/26/2025,0:00,105.568
6/26/2025,6:00,0
6/26/2025,12:00,0.464
6/26/2025,18:00,44.688
6/27/2025,0:00,6.224
6/27/2025,6:00,0
6/27/2025,12:00,16.016
6/27/2025,18:00,365.92
6/28/2025,0:00,32.592
6/28/2025,6:00,0
6/28/2025,12:00,0.816
6/28/2025,18:00,12.704
6/29/2025,0:00,4.192
6/29/2025,6:00,0
6/29/2025,12:00,1.824
6/29/2025,18:00,84.992
6/30/2025,0:00,7.744
6/30/2025,6:00,0
6/30/2025,12:00,3.536
6/30/2025,18:00,133.296
7/1/2025,0:00,55.376
7/1/2025,6:00,0
7/1/2025,12:00,28.72
7/1/2025,18:00,535.104
7/2/2025,0:00,104.624
7/2/2025,6:00,0
7/2/2025,12:00,28.896
7/2/2025,18:00,536.128
7/3/2025,0:00,108.144
7/3/2025,6:00,0
7/3/2025,12:00,27.568
7/3/2025,18:00,533.92
7/4/2025,0:00,105.744
7/4/2025,6:00,0
7/4/2025,12:00,27.264
7/4/2025,18:00,525.408
7/5/2025,0:00,96.976
7/5/2025,6:00,0
7/5/2025,12:00,21.056
7/5/2025,18:00,512.192
7/6/2025,0:00,107.424
7/6/2025,6:00,0
7/6/2025,12:00,27.888
7/6/2025,18:00,538.576
7/7/2025,0:00,109.408
7/7/2025,6:00,0
7/7/2025,12:00,27.856
7/7/2025,18:00,535.616
7/8/2025,0:00,106.64
7/8/2025,6:00,0
7/8/2025,12:00,26.144
7/8/2025,18:00,501.664
7/9/2025,0:00,107.648
7/9/2025,6:00,0
7/9/2025,12:00,28.752
7/9/2025,18:00,550.208
7/10/2025,0:00,112.32
7/10/2025,6:00,0
7/10/2025,12:00,26.544
7/10/2025,18:00,533.04
7/11/2025,0:00,108.72
7/11/2025,6:00,0
7/11/2025,12:00,27.568
7/11/2025,18:00,528.928
7/12/2025,0:00,106.992
7/12/2025,6:00,0
7/12/2025,12:00,26.32
7/12/2025,18:00,506.848
7/13/2025,0:00,92.128
7/13/2025,6:00,0
7/13/2025,12:00,25.536
7/13/2025,18:00,529.184
7/14/2025,0:00,109.2
7/14/2025,6:00,0
7/14/2025,12:00,27.808
7/14/2025,18:00,527.248
7/15/2025,0:00,110.4
7/15/2025,6:00,0
7/15/2025,12:00,28.816
7/15/2025,18:00,541.872
7/16/2025,0:00,112.144
7/16/2025,6:00,0
7/16/2025,12:00,28.368
7/16/2025,18:00,405.92
7/17/2025,0:00,26.928
7/17/2025,6:00,0
7/17/2025,12:00,0.848
7/17/2025,18:00,146.72
7/18/2025,0:00,40.496
7/18/2025,6:00,0
7/18/2025,12:00,9.152
7/18/2025,18:00,283.856
7/19/2025,0:00,36.464
7/19/2025,6:00,0
7/19/2025,12:00,30.848
7/19/2025,18:00,563.168
7/20/2025,0:00,120.672
7/20/2025,6:00,0
7/20/2025,12:00,31.52
7/20/2025,18:00,566.4
7/21/2025,0:00,120.528
7/21/2025,6:00,0
7/21/2025,12:00,31.232
7/21/2025,18:00,553.248
7/22/2025,0:00,118.64
7/22/2025,6:00,0
7/22/2025,12:00,29.552
7/22/2025,18:00,534.496
7/23/2025,0:00,116.784
7/23/2025,6:00,0
7/23/2025,12:00,30.096
7/23/2025,18:00,474.256
7/24/2025,0:00,86.096
7/24/2025,6:00,0
7/24/2025,12:00,4.192
7/24/2025,18:00,80.688
7/25/2025,0:00,8.992
7/25/2025,6:00,0
7/25/2025,12:00,5.584
7/25/2025,18:00,384.992
7/26/2025,0:00,86.224
7/26/2025,6:00,0
7/26/2025,12:00,26.144
7/26/2025,18:00,513.712
7/27/2025,0:00,69.52
7/27/2025,6:00,0
7/27/2025,12:00,12.048
7/27/2025,18:00,81.6
7/28/2025,0:00,5.808
7/28/2025,6:00,0
7/28/2025,12:00,2.016
7/28/2025,18:00,163.168
7/29/2025,0:00,95.424
7/29/2025,6:00,0
7/29/2025,12:00,34.32
7/29/2025,18:00,595.616
7/30/2025,0:00,131.44
7/30/2025,6:00,0
7/30/2025,12:00,36.128
7/30/2025,18:00,596.832
7/31/2025,0:00,132.304
7/31/2025,6:00,0
7/31/2025,12:00,37.6
7/31/2025,18:00,608.32
8/1/2025,0:00,135.312
8/1/2025,6:00,0
8/1/2025,12:00,29.824
8/1/2025,18:00,496.24
8/2/2025,0:00,81.952
8/2/2025,6:00,0
8/2/2025,12:00,34.624
8/2/2025,18:00,582.896
8/3/2025,0:00,126.544
8/3/2025,6:00,0
8/3/2025,12:00,1.76
8/3/2025,18:00,119.312
8/4/2025,0:00,45.392
8/4/2025,6:00,0
8/4/2025,12:00,1.28
8/4/2025,18:00,18.512
8/5/2025,0:00,4.176
8/5/2025,6:00,0
8/5/2025,12:00,11.072
8/5/2025,18:00,312.864
8/6/2025,0:00,53.888
8/6/2025,6:00,0
8/6/2025,12:00,9.792
8/6/2025,18:00,311.536
8/7/2025,0:00,48.768
8/7/2025,6:00,0
8/7/2025,12:00,7.2
8/7/2025,18:00,42.64
8/8/2025,0:00,8.688
8/8/2025,6:00,0
8/8/2025,12:00,27.488
8/8/2025,18:00,201.584
8/9/2025,0:00,52.544
8/9/2025,6:00,0
8/9/2025,12:00,38.368
8/9/2025,18:00,385.44
8/10/2025,0:00,34
8/10/2025,6:00,0
8/10/2025,12:00,45.68
8/10/2025,18:00,646.544
8/11/2025,0:00,146.864
8/11/2025,6:00,0
8/11/2025,12:00,42.896
8/11/2025,18:00,649.84
8/12/2025,0:00,148.528
8/12/2025,6:00,0
8/12/2025,12:00,46.816
8/12/2025,18:00,650.976
8/13/2025,0:00,150.352
8/13/2025,6:00,0
8/13/2025,12:00,47.664
8/13/2025,18:00,651.68
8/14/2025,0:00,139.776
8/14/2025,6:00,0
8/14/2025,12:00,45.552
8/14/2025,18:00,502.72
8/15/2025,0:00,129.584
8/15/2025,6:00,0
8/15/2025,12:00,47.904
8/15/2025,18:00,648.928
8/16/2025,0:00,147.76
8/16/2025,6:00,0
8/16/2025,12:00,48.384
8/16/2025,18:00,646.992
8/17/2025,0:00,149.76
8/17/2025,6:00,0
8/17/2025,12:00,49.296
8/17/2025,18:00,650.08
8/18/2025,0:00,151.616
8/18/2025,6:00,0
8/18/2025,12:00,42.624
8/18/2025,18:00,536.64
8/19/2025,0:00,21.168
8/19/2025,6:00,0
8/19/2025,12:00,32.624
8/19/2025,18:00,570.528
8/20/2025,0:00,127.584
8/20/2025,6:00,0
8/20/2025,12:00,52.56
8/20/2025,18:00,501.216
8/21/2025,0:00,121.84
8/21/2025,6:00,0
8/21/2025,12:00,54.304
8/21/2025,18:00,668.288
8/22/2025,0:00,88.416
8/22/2025,6:00,0
8/22/2025,12:00,49.712
8/22/2025,18:00,603.376
8/23/2025,0:00,154.976
8/23/2025,6:00,0
8/23/2025,12:00,4.896
8/23/2025,18:00,64.576
8/24/2025,0:00,12.288
8/24/2025,6:00,0
8/24/2025,12:00,13.504
8/24/2025,18:00,135.184
8/25/2025,0:00,33.472
8/25/2025,6:00,0
8/25/2025,12:00,37.936
8/25/2025,18:00,313.968
8/26/2025,0:00,42.752
8/26/2025,6:00,0
8/26/2025,12:00,62.96
8/26/2025,18:00,676.064
8/27/2025,0:00,71.936
8/27/2025,6:00,0
8/27/2025,12:00,61.024
8/27/2025,18:00,622.96
8/28/2025,0:00,104.512
8/28/2025,6:00,0
8/28/2025,12:00,62.976
8/28/2025,18:00,702.496
8/29/2025,0:00,146.08
8/29/2025,6:00,0
8/29/2025,12:00,66.864
8/29/2025,18:00,717.616
8/30/2025,0:00,167.6
8/30/2025,6:00,0
8/30/2025,12:00,66.848
8/30/2025,18:00,716.8
8/31/2025,0:00,169.76
8/31/2025,6:00,0
8/31/2025,12:00,62.144
8/31/2025,18:00,593.008
9/1/2025,0:00,159.184
9/1/2025,6:00,0
9/1/2025,12:00,68.192
9/1/2025,18:00,607.76
9/2/2025,0:00,57.632
9/2/2025,6:00,0
9/2/2025,12:00,53.424
9/2/2025,18:00,521.84
9/3/2025,0:00,68.256
9/3/2025,6:00,0
9/3/2025,12:00,12.128
9/3/2025,18:00,325.296
9/4/2025,0:00,133.856
9/4/2025,6:00,0
9/4/2025,12:00,3.568
9/4/2025,18:00,77.04
9/5/2025,0:00,14.24
9/5/2025,6:00,0
9/5/2025,12:00,3.136
9/5/2025,18:00,242.432
9/6/2025,0:00,51.744
9/6/2025,6:00,0
9/6/2025,12:00,80.592
9/6/2025,18:00,768.384
9/7/2025,0:00,155.936
9/7/2025,6:00,0
9/7/2025,12:00,61.52
9/7/2025,18:00,650.16
9/8/2025,0:00,70.368
9/8/2025,6:00,0
9/8/2025,12:00,18.128
9/8/2025,18:00,159.824
9/9/2025,0:00,12.08
9/9/2025,6:00,0
9/9/2025,12:00,52.784
9/9/2025,18:00,481.824
9/10/2025,0:00,66.496
9/10/2025,6:00,0
9/10/2025,12:00,89.328
9/10/2025,18:00,798.496
9/11/2025,0:00,193.776
9/11/2025,6:00,0
9/11/2025,12:00,86.16
9/11/2025,18:00,773.392
9/12/2025,0:00,187.968
9/12/2025,6:00,0
9/12/2025,12:00,93.04
9/12/2025,18:00,807.008
9/13/2025,0:00,197.392
9/13/2025,6:00,0
9/13/2025,12:00,78.72
9/13/2025,18:00,788.352
9/14/2025,0:00,187.312
9/14/2025,6:00,0
9/14/2025,12:00,42.448
9/14/2025,18:00,178.608
9/15/2025,0:00,122.88
9/15/2025,6:00,0
9/15/2025,12:00,67.072
9/15/2025,18:00,532.592
9/16/2025,0:00,103.008
9/16/2025,6:00,0
9/16/2025,12:00,91.936
9/16/2025,18:00,751.28
9/17/2025,0:00,92.784
9/17/2025,6:00,0
9/17/2025,12:00,100.24
9/17/2025,18:00,819.552
9/18/2025,0:00,200.016
9/18/2025,6:00,0
9/18/2025,12:00,98.912
9/18/2025,18:00,706.256
9/19/2025,0:00,190.48
9/19/2025,6:00,0
9/19/2025,12:00,67.632
9/19/2025,18:00,613.2
9/20/2025,0:00,193.824
9/20/2025,6:00,0
9/20/2025,12:00,97.536
9/20/2025,18:00,718.752
9/21/2025,0:00,186.512
9/21/2025,6:00,0
9/21/2025,12:00,82.928
9/21/2025,18:00,381.456
9/22/2025,0:00,142.752
9/22/2025,6:00,0
9/22/2025,12:00,69.856
9/22/2025,18:00,781.952
9/23/2025,0:00,207.184
9/23/2025,6:00,0
9/23/2025,12:00,111.056
9/23/2025,18:00,846.448
9/24/2025,0:00,208.032
9/24/2025,6:00,0
9/24/2025,12:00,112.144
9/24/2025,18:00,845.44
9/25/2025,0:00,207.2
9/25/2025,6:00,0
9/25/2025,12:00,113.84
9/25/2025,18:00,849.44
9/26/2025,0:00,209.168
9/26/2025,6:00,0
9/26/2025,12:00,119.12
9/26/2025,18:00,860.128
9/27/2025,0:00,212.304
9/27/2025,6:00,0
9/27/2025,12:00,97.152
9/27/2025,18:00,759.328
9/28/2025,0:00,115.712
9/28/2025,6:00,0
9/28/2025,12:00,15.184
9/28/2025,18:00,249.808
9/29/2025,0:00,207.52
9/29/2025,6:00,0
9/29/2025,12:00,128.176
9/29/2025,18:00,841.296
9/30/2025,0:00,195.136
9/30/2025,6:00,0
9/30/2025,12:00,58.032
9/30/2025,18:00,72.48
10/1/2025,0:00,9.296
10/1/2025,6:00,0
10/1/2025,12:00,34.24
10/1/2025,18:00,345.984
10/2/2025,0:00,87.936
10/2/2025,6:00,0
10/2/2025,12:00,22.976
10/2/2025,18:00,80.18
10/3/2025,0:00,30.736
10/3/2025,6:00,0
10/3/2025,12:00,8.16
10/3/2025,18:00,468.28
10/4/2025,0:00,178.672
10/4/2025,6:00,0
10/4/2025,12:00,120.42
10/4/2025,18:00,509.56
10/5/2025,0:00,194.864
10/5/2025,6:00,0
10/5/2025,12:00,58.864
10/5/2025,18:00,768.94
10/6/2025,0:00,213.968
10/6/2025,6:00,0
10/6/2025,12:00,9.712
10/6/2025,18:00,78.24
10/7/2025,0:00,20.032
10/7/2025,6:00,0
10/7/2025,12:00,86.224
10/7/2025,18:00,802.288
10/8/2025,0:00,213.072
10/8/2025,6:00,0
10/8/2025,12:00,143.152
10/8/2025,18:00,908.64
10/9/2025,0:00,225.856
10/9/2025,6:00,0
10/9/2025,12:00,141.136
10/9/2025,18:00,656.08
10/10/2025,0:00,215.728
10/10/2025,6:00,0
10/10/2025,12:00,141.584
10/10/2025,18:00,894
10/11/2025,0:00,224.912
10/11/2025,6:00,0
10/11/2025,12:00,140.912
10/11/2025,18:00,868.06
10/12/2025,0:00,60.976
10/12/2025,6:00,0
10/12/2025,12:00,40.992
10/12/2025,18:00,61.84
10/13/2025,0:00,33.28
10/13/2025,6:00,0
10/13/2025,12:00,150.6
10/13/2025,18:00,918.78
10/14/2025,0:00,231.12
10/14/2025,6:00,0
10/14/2025,12:00,153.16
10/14/2025,18:00,930.416
10/15/2025,0:00,236.336
10/15/2025,6:00,0
10/15/2025,12:00,154.12
10/15/2025,18:00,910.76
10/16/2025,0:00,224.656
10/16/2025,6:00,0
10/16/2025,12:00,5.36
10/16/2025,18:00,107
10/17/2025,0:00,104.48
10/17/2025,6:00,0
10/17/2025,12:00,19.872
10/17/2025,18:00,128.9
10/18/2025,0:00,27.792
10/18/2025,6:00,0
10/18/2025,12:00,9.06
10/18/2025,18:00,130.82
10/19/2025,0:00,136.704
10/19/2025,6:00,0
10/19/2025,12:00,155.82
10/19/2025,18:00,951.1
10/20/2025,0:00,244.432
10/20/2025,6:00,0
10/20/2025,12:00,163.54
10/20/2025,18:00,945.98
10/21/2025,0:00,245.872
10/21/2025,6:00,0
10/21/2025,12:00,167.232
10/21/2025,18:00,940.92
10/22/2025,0:00,246.64
10/22/2025,6:00,0
10/22/2025,12:00,163.728
10/22/2025,18:00,957.26
10/23/2025,0:00,225.92
10/23/2025,6:00,0
10/23/2025,12:00,156.064
10/23/2025,18:00,921.64
10/24/2025,0:00,244.992
10/24/2025,6:00,0
10/24/2025,12:00,131.776
10/24/2025,18:00,890.3
10/25/2025,0:00,233.888
10/25/2025,6:00,0
10/25/2025,12:00,77.312
10/25/2025,18:00,805.66
10/26/2025,0:00,138.832
10/26/2025,6:00,0
10/26/2025,12:00,18.464
10/26/2025,18:00,163.76
10/27/2025,0:00,118.992
10/27/2025,6:00,0
10/27/2025,12:00,100.24
10/27/2025,18:00,504.36
10/28/2025,0:00,195.648
10/28/2025,6:00,0
10/28/2025,12:00,138.22
10/28/2025,18:00,394.9
10/29/2025,0:00,18.768
10/29/2025,6:00,0
10/29/2025,12:00,17.82
10/29/2025,18:00,229.6
10/30/2025,0:00,101.696
10/30/2025,6:00,0
10/30/2025,12:00,172.52
10/30/2025,18:00,491.74
10/31/2025,0:00,148.976
10/31/2025,6:00,0
10/31/2025,12:00,175.12
10/31/2025,18:00,917.46
11/1/2025,0:00,182.96
11/1/2025,6:00,0
11/1/2025,12:00,172.22
11/1/2025,18:00,728.24
11/2/2025,0:00,87.456
11/2/2025,6:00,0
11/2/2025,12:00,173.64
11/2/2025,18:00,505.42
11/3/2025,0:00,212.064
11/3/2025,6:00,0
11/3/2025,12:00,174.82
11/3/2025,18:00,701.22
11/4/2025,0:00,165.536
11/4/2025,6:00,0
11/4/2025,12:00,180.512
11/4/2025,18:00,948.68
11/5/2025,0:00,254.448
11/5/2025,6:00,0
11/5/2025,12:00,161.216
11/5/2025,18:00,911.1
11/6/2025,0:00,230.048
11/6/2025,6:00,0
11/6/2025,12:00,187.504
11/6/2025,18:00,938.1
11/7/2025,0:00,229.648
11/7/2025,6:00,0
11/7/2025,12:00,16.432
11/7/2025,18:00,22.18
11/8/2025,0:00,21.376
11/8/2025,6:00,0
11/8/2025,12:00,17.44
11/8/2025,18:00,252.72
11/9/2025,0:00,186.592
11/9/2025,6:00,0
11/9/2025,12:00,190.06
11/9/2025,18:00,981.7
11/10/2025,0:00,263.792
11/10/2025,6:00,0
11/10/2025,12:00,192.576
11/10/2025,18:00,987.06
11/11/2025,0:00,270.512
11/11/2025,6:00,0
11/11/2025,12:00,176.464
11/11/2025,18:00,817.86
11/12/2025,0:00,202.208
11/12/2025,6:00,0
11/12/2025,12:00,48.68
11/12/2025,18:00,313.62
11/13/2025,0:00,131.984
11/13/2025,6:00,0
11/13/2025,12:00,144
11/13/2025,18:00,562.76
11/14/2025,0:00,218.576
11/14/2025,6:00,0
11/14/2025,12:00,136.14
11/14/2025,18:00,873.98
11/15/2025,0:00,208.288
11/15/2025,6:00,0
11/15/2025,12:00,161.14
11/15/2025,18:00,802.18
11/16/2025,0:00,254.624
11/16/2025,6:00,0
11/16/2025,12:00,171.14
11/16/2025,18:00,796.42
11/17/2025,0:00,168.768
11/17/2025,6:00,0
11/17/2025,12:00,26.78
11/17/2025,18:00,790.02
11/18/2025,0:00,265.168
11/18/2025,6:00,0
11/18/2025,12:00,149.28
11/18/2025,18:00,968.86
11/19/2025,0:00,281.72
11/19/2025,6:00,0
11/19/2025,12:00,195.5
11/19/2025,18:00,989.02
11/20/2025,0:00,286.34
11/20/2025,6:00,0
11/20/2025,12:00,201.28
11/20/2025,18:00,1005.82
11/21/2025,0:00,290.64
11/21/2025,6:00,0
11/21/2025,12:00,197.94
11/21/2025,18:00,949.7
11/22/2025,0:00,183.26
11/22/2025,6:00,0
11/22/2025,12:00,118.3
11/22/2025,18:00,563.78
11/23/2025,0:00,174.352
11/23/2025,6:00,0
11/23/2025,12:00,153.08
11/23/2025,18:00,955.32
11/24/2025,0:00,272.68
11/24/2025,6:00,0
11/24/2025,12:00,195.22
11/24/2025,18:00,550.76
11/25/2025,0:00,226.608
11/25/2025,6:00,0
11/25/2025,12:00,196.46
11/25/2025,18:00,823.84
11/26/2025,0:00,273.408
11/26/2025,6:00,0
11/26/2025,12:00,196.08
11/26/2025,18:00,993.34
11/27/2025,0:00,295.136
11/27/2025,6:00,0
11/27/2025,12:00,194.56
11/27/2025,18:00,985.12
11/28/2025,0:00,294.6
11/28/2025,6:00,0
11/28/2025,12:00,194.28
11/28/2025,18:00,901.08
11/29/2025,0:00,249.08
11/29/2025,6:00,0
11/29/2025,12:00,162.1
11/29/2025,18:00,895.1
11/30/2025,0:00,219.86
11/30/2025,6:00,0
11/30/2025,12:00,164.62
11/30/2025,18:00,831.46
12/1/2025,0:00,64.22
12/1/2025,6:00,0
12/1/2025,12:00,176.42
12/1/2025,18:00,440.78
12/2/2025,0:00,143.06
12/2/2025,6:00,0
12/2/2025,12:00,184.64
12/2/2025,18:00,982.92
12/3/2025,0:00,213.08
12/3/2025,6:00,0
12/3/2025,12:00,194.28
12/3/2025,18:00,1001.88
12/4/2025,0:00,307.94
12/4/2025,6:00,0
12/4/2025,12:00,199.1
12/4/2025,18:00,1012.2
12/5/2025,0:00,313.36
12/5/2025,6:00,0
12/5/2025,12:00,197.3
12/5/2025,18:00,1002.46
12/6/2025,0:00,313.216
12/6/2025,6:00,0
12/6/2025,12:00,164.1
12/6/2025,18:00,892.28
12/7/2025,0:00,280.8
12/7/2025,6:00,0
12/7/2025,12:00,191.64
12/7/2025,18:00,904.5
12/8/2025,0:00,311.52
12/8/2025,6:00,0
12/8/2025,12:00,102.74
12/8/2025,18:00,316.02
12/9/2025,0:00,66.9
12/9/2025,6:00,0
12/9/2025,12:00,83.4
12/9/2025,18:00,526.34
12/10/2025,0:00,158.7
12/10/2025,6:00,0
12/10/2025,12:00,9.18
12/10/2025,18:00,56.68
12/11/2025,0:00,32.8
12/11/2025,6:00,0
12/11/2025,12:00,185.88
12/11/2025,18:00,1003.22
12/12/2025,0:00,263.24
12/12/2025,6:00,0
12/12/2025,12:00,154.74
12/12/2025,18:00,255.24
12/13/2025,0:00,125.4
12/13/2025,6:00,0
12/13/2025,12:00,187.84
12/13/2025,18:00,982.6
12/14/2025,0:00,318.14
12/14/2025,6:00,0
12/14/2025,12:00,187.42
12/14/2025,18:00,986.6
12/15/2025,0:00,321.76
12/15/2025,6:00,0
12/15/2025,12:00,104.3
12/15/2025,18:00,741
12/16/2025,0:00,70.88
12/16/2025,6:00,0
12/16/2025,12:00,176.04
12/16/2025,18:00,1024.18
12/17/2025,0:00,338.4
12/17/2025,6:00,0
12/17/2025,12:00,198.64
12/17/2025,18:00,1033.14
12/18/2025,0:00,340.2
12/18/2025,6:00,0
12/18/2025,12:00,193.62
12/18/2025,18:00,1018.88
12/19/2025,0:00,336.16
12/19/2025,6:00,0
12/19/2025,12:00,187.22
12/19/2025,18:00,1004.44
12/20/2025,0:00,336.46
12/20/2025,6:00,0
12/20/2025,12:00,185.76
12/20/2025,18:00,999.56
12/21/2025,0:00,332.46
12/21/2025,6:00,0
12/21/2025,12:00,149.5
12/21/2025,18:00,500.72
12/22/2025,0:00,20.06
12/22/2025,6:00,0
12/22/2025,12:00,40
12/22/2025,18:00,437.56
12/23/2025,0:00,86.02
12/23/2025,6:00,0
12/23/2025,12:00,79.14
12/23/2025,18:00,650.82
12/24/2025,0:00,63.78
12/24/2025,6:00,0
12/24/2025,12:00,69.808
12/24/2025,18:00,544.76
12/25/2025,0:00,188.38
12/25/2025,6:00,0
12/25/2025,12:00,103.12
12/25/2025,18:00,286.4
12/26/2025,0:00,14.14
12/26/2025,6:00,0
12/26/2025,12:00,146.72
12/26/2025,18:00,907.14
12/27/2025,0:00,184.56
12/27/2025,6:00,0
12/27/2025,12:00,170.68
12/27/2025,18:00,963.32
12/28/2025,0:00,305.68
12/28/2025,6:00,0
12/28/2025,12:00,170.28
12/28/2025,18:00,962.34
12/29/2025,0:00,204.92
12/29/2025,6:00,0
12/29/2025,12:00,142
12/29/2025,18:00,909.7
12/30/2025,0:00,50.06
12/30/2025,6:00,0
12/30/2025,12:00,31.32
12/30/2025,18:00,846.98
12/31/2025,0:00,154.96
12/31/2025,6:00,0
12/31/2025,12:00,120.78
12/31/2025,18:00,794.98
1/1/2026,0:00,303.58
1/1/2026,6:00,0
1/1/2026,12:00,151.04
1/1/2026,18:00,765.56
1/2/2026,0:00,291.96
1/2/2026,6:00,0
1/2/2026,12:00,169.94
1/2/2026,18:00,981.48
1/3/2026,0:00,294.62
1/3/2026,6:00,0
1/3/2026,12:00,145.18
1/3/2026,18:00,803.24
1/4/2026,0:00,349.52
1/4/2026,6:00,0
1/4/2026,12:00,177.024
1/4/2026,18:00,1024.9
1/5/2026,0:00,358.224
1/5/2026,6:00,0
1/5/2026,12:00,173.792
1/5/2026,18:00,1015.32
1/6/2026,0:00,354.8
1/6/2026,6:00,0
1/6/2026,12:00,166.98
1/6/2026,18:00,986.52
1/7/2026,0:00,343.04
1/7/2026,6:00,0
1/7/2026,12:00,165.1
1/7/2026,18:00,987.16
1/8/2026,0:00,288.016
1/8/2026,6:00,0
1/8/2026,12:00,159.24
1/8/2026,18:00,669.72
1/9/2026,0:00,304.752
1/9/2026,6:00,0
1/9/2026,12:00,146.34
1/9/2026,18:00,807.94
1/10/2026,0:00,163.952
1/10/2026,6:00,0
1/10/2026,12:00,61.14
1/10/2026,18:00,159
1/11/2026,0:00,30.752
1/11/2026,6:00,0
1/11/2026,12:00,65.02
1/11/2026,18:00,640.3
1/12/2026,0:00,344.544
1/12/2026,6:00,0
1/12/2026,12:00,155.088
1/12/2026,18:00,778.28
1/13/2026,0:00,326.592
1/13/2026,6:00,0
1/13/2026,12:00,156.72
1/13/2026,18:00,978.94
1/14/2026,0:00,347.904
1/14/2026,6:00,0
1/14/2026,12:00,154.6
1/14/2026,18:00,978.54
1/15/2026,0:00,334.048
1/15/2026,6:00,0
1/15/2026,12:00,152.24
1/15/2026,18:00,976.82
1/16/2026,0:00,347.52
1/16/2026,6:00,0
1/16/2026,12:00,106.24
1/16/2026,18:00,897.16
1/17/2026,0:00,321.968
1/17/2026,6:00,0
1/23/2026,0:00,350.832
1/23/2026,6:00,0
1/23/2026,12:00,145.86
1/23/2026,18:00,980.5
1/24/2026,0:00,350.864
1/24/2026,6:00,0
1/24/2026,12:00,145.04
1/24/2026,18:00,981.96
1/25/2026,0:00,350.528
1/25/2026,6:00,0
1/25/2026,12:00,139
1/25/2026,18:00,962.04
1/26/2026,0:00,346.016
1/26/2026,6:00,0
1/26/2026,12:00,140.288
1/26/2026,18:00,960.16
1/27/2026,0:00,342.88
1/27/2026,6:00,0
1/27/2026,12:00,138.08
1/27/2026,18:00,951.18
1/28/2026,0:00,319.248
1/28/2026,6:00,0
1/28/2026,12:00,135.18
1/28/2026,18:00,890.02
1/29/2026,0:00,256.784
1/29/2026,6:00,0
1/29/2026,12:00,121.66
1/29/2026,18:00,937.52
1/30/2026,0:00,303.408
1/30/2026,6:00,0
1/30/2026,12:00,135.66
1/30/2026,18:00,951.48
1/31/2026,0:00,341.872
1/31/2026,6:00,0
1/31/2026,12:00,132.672
1/31/2026,18:00,951.5
2/1/2026,0:00,286.096
2/1/2026,6:00,0
2/1/2026,12:00,134.288
2/1/2026,18:00,919.5
2/2/2026,0:00,279.6
2/2/2026,6:00,0
2/2/2026,12:00,132.416
2/2/2026,18:00,958.14
2/3/2026,0:00,341.92
2/3/2026,6:00,0
2/3/2026,12:00,62.672
2/3/2026,18:00,800.88
2/4/2026,0:00,335.664
2/4/2026,6:00,0
2/4/2026,12:00,130.576
2/4/2026,18:00,958.28
2/5/2026,0:00,340.464
2/5/2026,6:00,0
2/5/2026,12:00,129.4
2/5/2026,18:00,950.5
2/6/2026,0:00,333.776
2/6/2026,6:00,0
2/6/2026,12:00,126.96
2/6/2026,18:00,944.048
2/7/2026,0:00,326.848
2/7/2026,6:00,0
2/7/2026,12:00,121.216
2/7/2026,18:00,866.36
2/8/2026,0:00,322.24
2/8/2026,6:00,0
2/8/2026,12:00,126.976
2/8/2026,18:00,942.26
2/9/2026,0:00,332.752
2/9/2026,6:00,0
2/9/2026,12:00,123.28
2/9/2026,18:00,919.42
2/10/2026,0:00,211.472
2/10/2026,6:00,0
2/10/2026,12:00,120.34
2/10/2026,18:00,883.08
2/11/2026,0:00,184.64
2/11/2026,6:00,0
2/11/2026,12:00,115.616
2/11/2026,18:00,583.264
2/12/2026,0:00,209.04
2/12/2026,6:00,0
2/12/2026,12:00,116.896
2/12/2026,18:00,810.336
2/13/2026,0:00,103.312
2/13/2026,6:00,0
2/13/2026,12:00,112.64
2/13/2026,18:00,779.22
2/14/2026,0:00,311.264
2/14/2026,6:00,0
2/14/2026,12:00,86.608
2/14/2026,18:00,600.62
2/15/2026,0:00,122.384
2/15/2026,6:00,0
2/15/2026,12:00,12
2/15/2026,18:00,79
2/16/2026,0:00,138.896
2/16/2026,6:00,0
2/16/2026,12:00,105.7
2/16/2026,18:00,481.06
2/17/2026,0:00,216.784
2/17/2026,6:00,0
2/17/2026,12:00,75.232
2/17/2026,18:00,380.384
2/18/2026,0:00,138.368
2/18/2026,6:00,0
2/18/2026,12:00,110.68
2/18/2026,18:00,845.68
2/19/2026,0:00,273.008
2/19/2026,6:00,0
2/19/2026,12:00,110.608
2/19/2026,18:00,900.816
2/20/2026,0:00,141.872
2/20/2026,6:00,0
2/20/2026,12:00,99.24
2/20/2026,18:00,563.12
2/21/2026,0:00,163.76
2/21/2026,6:00,0
2/21/2026,12:00,108.528
2/21/2026,18:00,828.464
2/22/2026,0:00,80.096
2/22/2026,6:00,0
2/22/2026,12:00,86.192
2/22/2026,18:00,634.048
2/23/2026,0:00,154.528
2/23/2026,6:00,0
2/23/2026,12:00,89.312
2/23/2026,18:00,479.776
2/24/2026,0:00,21.776
2/24/2026,6:00,0
2/24/2026,12:00,103.2
2/24/2026,18:00,853.664
2/25/2026,0:00,278.432
2/25/2026,6:00,0
2/25/2026,12:00,87.472
2/25/2026,18:00,725.248
2/26/2026,0:00,166.704
2/26/2026,6:00,0
2/26/2026,12:00,108.016
2/26/2026,18:00,918.4
2/27/2026,0:00,302.624
2/27/2026,6:00,0
2/27/2026,12:00,109.216
2/27/2026,18:00,921.024
2/28/2026,0:00,297.648
2/28/2026,6:00,0
2/28/2026,12:00,104.768
2/28/2026,18:00,892.56
3/1/2026,0:00,274.16
3/1/2026,6:00,0
3/1/2026,12:00,103.216
3/1/2026,18:00,884.464
3/2/2026,0:00,282.8
3/2/2026,6:00,0
3/2/2026,12:00,92.416
3/2/2026,18:00,664.736
3/3/2026,0:00,152.864
3/3/2026,6:00,0
3/3/2026,12:00,100.592
3/3/2026,18:00,740.064
3/4/2026,0:00,149.072
3/4/2026,6:00,0
3/4/2026,12:00,30.16
3/4/2026,18:00,713.872
3/5/2026,0:00,65.12
3/5/2026,6:00,0
3/5/2026,12:00,96.176
3/5/2026,18:00,672.336
3/6/2026,0:00,84.304
3/6/2026,6:00,0
3/6/2026,12:00,91.28
3/6/2026,18:00,599.904
3/7/2026,0:00,91.232
3/7/2026,6:00,0
3/7/2026,12:00,55.808
3/7/2026,18:00,601.328
3/8/2026,0:00,171.76
3/8/2026,6:00,0
3/8/2026,12:00,93.376
3/8/2026,18:00,812.272
3/9/2026,0:00,219.84
3/9/2026,6:00,0
3/9/2026,12:00,3.6
3/9/2026,18:00,462.608
3/10/2026,0:00,105.696
3/10/2026,6:00,0
3/10/2026,12:00,18.304
3/10/2026,18:00,659.984
3/11/2026,0:00,189.328
3/11/2026,6:00,0
3/11/2026,12:00,42.176
3/11/2026,18:00,699.568
3/12/2026,0:00,107.312
3/12/2026,6:00,0
3/12/2026,12:00,89.376
3/12/2026,18:00,768.64
3/13/2026,0:00,60.384
3/13/2026,6:00,0
3/13/2026,12:00,91.824
3/13/2026,18:00,851.76
3/14/2026,0:00,254.864
3/14/2026,6:00,0
3/14/2026,12:00,92.48
3/14/2026,18:00,851.232
3/15/2026,0:00,253.328
3/15/2026,6:00,0
3/15/2026,12:00,91.88
3/15/2026,18:00,847.6
3/16/2026,0:00,247.776
3/16/2026,6:00,0
3/16/2026,12:00,78.24
3/16/2026,18:00,721.76
3/17/2026,0:00,104.144
3/17/2026,6:00,0
3/17/2026,12:00,17.94
3/17/2026,18:00,311.984
3/18/2026,0:00,28.16
3/18/2026,6:00,0
3/18/2026,12:00,79.776
3/18/2026,18:00,607.84
3/19/2026,0:00,117.168
3/19/2026,6:00,0
3/19/2026,12:00,85.312
3/19/2026,18:00,815.584
3/20/2026,0:00,234.432
3/20/2026,6:00,0
3/20/2026,12:00,85.696
3/20/2026,18:00,817.264
3/21/2026,0:00,223.872
3/21/2026,6:00,0
3/21/2026,12:00,82.896
3/21/2026,18:00,654.512
3/22/2026,0:00,100.656
3/22/2026,6:00,0
3/22/2026,12:00,37.312
3/22/2026,18:00,712.128
3/23/2026,0:00,91.616
3/23/2026,6:00,0
3/23/2026,12:00,78.4
3/23/2026,18:00,628.224
3/24/2026,0:00,129.696
3/24/2026,6:00,0
3/24/2026,12:00,5.84
3/24/2026,18:00,205.68
3/25/2026,0:00,76.576
3/25/2026,6:00,0
3/25/2026,12:00,76.208
3/25/2026,18:00,714.416
3/26/2026,0:00,197.312
3/26/2026,6:00,0
3/26/2026,12:00,76.512
3/26/2026,18:00,705.744
3/27/2026,0:00,44.816
3/27/2026,6:00,0
3/27/2026,12:00,76.816
3/27/2026,18:00,691.36
3/28/2026,0:00,51.312
3/28/2026,6:00,0
3/28/2026,12:00,75.6
3/28/2026,18:00,760.368
3/29/2026,0:00,57.984
3/29/2026,6:00,0
3/29/2026,12:00,76.72
3/29/2026,18:00,770.384
3/30/2026,0:00,205.824
3/30/2026,6:00,0
3/30/2026,12:00,75.104
3/30/2026,18:00,701.6
3/31/2026,0:00,132.832
3/31/2026,6:00,0
3/31/2026,12:00,73.968
3/31/2026,18:00,754.608
4/1/2026,0:00,179.408
4/1/2026,6:00,0
4/1/2026,12:00,74.26
4/1/2026,18:00,755.456
4/2/2026,0:00,164.384
4/2/2026,6:00,0
4/2/2026,12:00,74.24
4/2/2026,18:00,729.28
4/3/2026,0:00,167.12
4/3/2026,6:00,0
4/3/2026,12:00,73.072
4/4/2026,0:00,188.224
4/4/2026,6:00,0
4/4/2026,12:00,72.5
4/4/2026,18:00,748.816
4/5/2026,0:00,154.48
4/5/2026,6:00,0
4/5/2026,12:00,11.12
4/5/2026,18:00,728.928
4/6/2026,6:00,0
4/6/2026,12:00,68.048
4/6/2026,18:00,690.32
4/7/2026,6:00,0
4/7/2026,18:00,500.16
4/8/2026,0:00,88.544
4/8/2026,6:00,0
4/8/2026,12:00,7.296
4/8/2026,18:00,297.664
4/9/2026,0:00,95.344
4/9/2026,6:00,0
4/9/2026,12:00,14.8
4/9/2026,18:00,556.592
4/10/2026,0:00,152.768
4/10/2026,6:00,0
4/10/2026,12:00,70.08
4/10/2026,18:00,743.936
4/11/2026,0:00,180.928
4/11/2026,6:00,0
4/11/2026,12:00,68.192
4/11/2026,18:00,615.312
4/12/2026,0:00,19.968
4/12/2026,6:00,0
4/12/2026,12:00,30.896
4/12/2026,18:00,208.864
4/13/2026,0:00,70.848
4/13/2026,6:00,0
4/13/2026,12:00,61.104
4/13/2026,18:00,496.4
4/14/2026,0:00,43.744
4/14/2026,6:00,0
4/14/2026,12:00,45.712
4/14/2026,18:00,574.784
4/15/2026,0:00,118.8
4/15/2026,6:00,0
4/15/2026,12:00,60.624
4/15/2026,18:00,547.616
4/16/2026,0:00,16.048
4/16/2026,6:00,0
4/16/2026,12:00,3.696
4/16/2026,18:00,281.808
4/17/2026,0:00,74.432
4/17/2026,6:00,0
4/17/2026,12:00,10.512
4/17/2026,18:00,218.416
4/18/2026,0:00,113.328
4/18/2026,6:00,0
4/18/2026,12:00,62.096
4/18/2026,18:00,699.68
4/19/2026,0:00,159.808
4/19/2026,6:00,0
4/19/2026,12:00,62.352
4/19/2026,18:00,699.488
4/20/2026,0:00,159.088
4/20/2026,6:00,0
4/20/2026,12:00,59.616
4/20/2026,18:00,630.848
4/21/2026,0:00,71.536
4/21/2026,6:00,0
4/21/2026,12:00,10.592
4/21/2026,18:00,153.952
4/22/2026,0:00,13.216
4/22/2026,6:00,0
4/22/2026,12:00,55.696
4/22/2026,18:00,643.024
4/23/2026,0:00,69.456
4/23/2026,6:00,0
4/23/2026,12:00,8.928
4/23/2026,18:00,285.04
4/24/2026,0:00,102.848
4/24/2026,6:00,0
4/24/2026,12:00,7.328
4/24/2026,18:00,212.544
4/25/2026,0:00,9.696
4/25/2026,6:00,0
4/25/2026,12:00,7.616
4/25/2026,18:00,307.184
4/26/2026,0:00,95.696
4/26/2026,6:00,0
4/26/2026,12:00,8.048
4/26/2026,18:00,402.944
4/27/2026,0:00,91.168
4/27/2026,6:00,0
4/27/2026,12:00,58.56
4/27/2026,18:00,689.552
4/28/2026,0:00,147.664
4/28/2026,6:00,0
4/28/2026,12:00,57.12
4/28/2026,18:00,673.984
4/29/2026,0:00,142.544
4/29/2026,6:00,0
4/29/2026,12:00,53.296
4/29/2026,18:00,570.976
4/30/2026,0:00,133.216
4/30/2026,6:00,0
4/30/2026,12:00,54.368
4/30/2026,18:00,603.344
5/1/2026,0:00,109.6
5/1/2026,6:00,0
5/1/2026,12:00,46.352
5/1/2026,18:00,588.208
5/2/2026,0:00,44.688
5/2/2026,6:00,0
5/2/2026,12:00,7.104
5/2/2026,18:00,44.752
5/3/2026,0:00,123.632
5/3/2026,6:00,0
5/3/2026,12:00,54.096
5/3/2026,18:00,658.88
5/4/2026,0:00,133.984
5/4/2026,6:00,0
5/4/2026,12:00,40.096
5/4/2026,18:00,419.6
5/5/2026,0:00,113.488
5/5/2026,6:00,0
5/5/2026,12:00,47.2
5/5/2026,18:00,607.376
5/6/2026,0:00,121.904
5/6/2026,6:00,0
5/6/2026,12:00,28.72
5/6/2026,18:00,449.488
5/7/2026,0:00,94.16
5/7/2026,6:00,0
5/7/2026,12:00,14.048
5/7/2026,18:00,415.696
5/8/2026,0:00,53.28
5/8/2026,6:00,0
5/8/2026,12:00,47.92
5/8/2026,18:00,454
5/9/2026,0:00,70.656
5/9/2026,6:00,0
5/9/2026,12:00,38.592
5/9/2026,18:00,277.488
5/10/2026,0:00,58.048
5/10/2026,6:00,0
5/10/2026,12:00,46.56
5/10/2026,18:00,381.76
5/11/2026,0:00,32.16
5/11/2026,6:00,0
5/11/2026,12:00,47.872
5/11/2026,18:00,627.424
5/12/2026,0:00,123.696
5/12/2026,6:00,0
5/12/2026,12:00,47.936
5/12/2026,18:00,629.536
5/13/2026,0:00,124.192
5/13/2026,6:00,0
5/13/2026,12:00,31.712
5/13/2026,18:00,568.672
5/14/2026,0:00,119.84
5/14/2026,6:00,0
5/14/2026,12:00,44.224
5/14/2026,18:00,577.04
5/15/2026,0:00,88.576
5/15/2026,6:00,0
5/15/2026,12:00,39.36
5/15/2026,18:00,564.608
5/16/2026,0:00,111.52
5/16/2026,6:00,0
5/16/2026,12:00,38.992
5/16/2026,18:00,302.336
5/17/2026,0:00,60.704
5/17/2026,6:00,0
5/17/2026,12:00,16.4
5/17/2026,18:00,116.752
5/18/2026,0:00,30.272
5/18/2026,6:00,0
5/18/2026,12:00,8.672
5/18/2026,18:00,299.392
5/19/2026,0:00,104.24
5/19/2026,6:00,0
5/19/2026,12:00,41.216
5/19/2026,18:00,590.336
5/20/2026,0:00,113.584
5/20/2026,6:00,0
5/20/2026,12:00,42.144
5/20/2026,18:00,597.104
5/21/2026,0:00,113.424
5/21/2026,6:00,0
5/21/2026,12:00,39.776
5/21/2026,18:00,536.864
5/22/2026,0:00,104.704
5/22/2026,6:00,0
5/22/2026,12:00,32.016
5/22/2026,18:00,266.176
5/23/2026,0:00,14.624
5/23/2026,6:00,0
5/23/2026,12:00,17.616
5/23/2026,18:00,462.272
5/24/2026,0:00,71.824
5/24/2026,6:00,0
5/24/2026,12:00,35.84
5/24/2026,18:00,541.408
5/25/2026,0:00,99.968
5/25/2026,6:00,0
5/25/2026,12:00,8.912
5/25/2026,18:00,161.456
5/26/2026,0:00,25.504
5/26/2026,6:00,0
5/26/2026,12:00,8.928
5/26/2026,18:00,223.952
5/27/2026,0:00,36.848
5/27/2026,6:00,0
5/27/2026,12:00,35.984
5/27/2026,18:00,558.576
5/28/2026,0:00,104.464
5/28/2026,6:00,0
5/28/2026,12:00,34.896
5/28/2026,18:00,539.904
5/29/2026,0:00,92.96
5/29/2026,6:00,0
5/29/2026,12:00,28.656
5/29/2026,18:00,145.168
5/30/2026,0:00,13.616
5/30/2026,6:00,0
5/30/2026,12:00,32.432
5/30/2026,18:00,430.176
5/31/2026,0:00,31.648
5/31/2026,6:00,0
5/31/2026,12:00,23.968
5/31/2026,18:00,433.456
6/1/2026,0:00,71.68
6/1/2026,6:00,0
6/1/2026,12:00,34.288
6/1/2026,18:00,551.776
6/2/2026,0:00,102.288
6/2/2026,6:00,0
6/2/2026,12:00,32.688
6/2/2026,18:00,536.672
6/3/2026,0:00,80.272
6/3/2026,6:00,0
6/3/2026,12:00,32.02
6/3/2026,18:00,530.112
6/4/2026,0:00,98.192
6/4/2026,6:00,0
6/4/2026,12:00,32.24
6/4/2026,18:00,533.952
6/5/2026,0:00,99.056
6/5/2026,6:00,0
6/5/2026,12:00,26.24
6/5/2026,18:00,438.064
6/6/2026,0:00,97.968
6/6/2026,12:00,30.64
6/6/2026,18:00,494.368
6/7/2026,0:00,86.128
6/7/2026,6:00,0
6/7/2026,12:00,23.712
6/7/2026,18:00,442.128
6/8/2026,0:00,86.512
6/8/2026,6:00,0
6/8/2026,12:00,21.184
6/8/2026,18:00,285.936
6/9/2026,0:00,25.968
6/9/2026,6:00,0
6/9/2026,12:00,28.72
6/9/2026,18:00,482.576
6/10/2026,0:00,75.136
6/10/2026,6:00,0
6/10/2026,12:00,17.856
6/10/2026,18:00,297.856
6/11/2026,0:00,13.152
6/11/2026,6:00,0
6/11/2026,12:00,1.6
6/11/2026,18:00,32.224
6/12/2026,0:00,2.656
6/12/2026,6:00,0
6/12/2026,12:00,1.728
6/12/2026,18:00,44.24
6/13/2026,0:00,28.736
6/13/2026,6:00,0
6/13/2026,12:00,18.496
6/13/2026,18:00,514.608
6/14/2026,0:00,97.824
6/14/2026,6:00,0
6/14/2026,12:00,29.008
6/14/2026,18:00,519.072
6/15/2026,0:00,97.472
6/15/2026,6:00,0
6/15/2026,12:00,23.328
6/15/2026,18:00,427.6
6/16/2026,0:00,62.608
6/16/2026,6:00,0
6/16/2026,12:00,29.58
6/16/2026,18:00,535.744
6/17/2026,0:00,100.928
6/17/2026,6:00,0
6/17/2026,12:00,25.184
6/17/2026,18:00,479.856
6/18/2026,0:00,99.28
6/18/2026,6:00,0
6/18/2026,12:00,18.384
6/18/2026,18:00,337.92
6/19/2026,0:00,42.576
6/19/2026,6:00,0
6/19/2026,12:00,1.98
6/19/2026,18:00,71.84
6/20/2026,0:00,4.336
6/20/2026,6:00,0
6/20/2026,12:00,11.584
6/20/2026,18:00,199.632
6/21/2026,0:00,22.16
6/21/2026,6:00,0
6/21/2026,12:00,28.256
6/21/2026,18:00,528.48
6/22/2026,0:00,101.04
6/22/2026,6:00,0
6/22/2026,12:00,1.14
6/22/2026,18:00,51.296
6/23/2026,0:00,12.64
6/23/2026,6:00,0
6/23/2026,12:00,28.016
6/23/2026,18:00,531.776
6/24/2026,0:00,102.88
6/24/2026,6:00,0
6/24/2026,12:00,28.112
6/24/2026,18:00,535.376
6/25/2026,0:00,103.952
6/25/2026,6:00,0
6/25/2026,12:00,20.78
6/25/2026,18:00,499.936
6/26/2026,0:00,80.672
6/26/2026,6:00,0
6/26/2026,12:00,29.184
6/26/2026,18:00,545.2
6/27/2026,0:00,104.144
6/27/2026,6:00,0
6/27/2026,12:00,1.552
6/27/2026,18:00,422.672
6/28/2026,0:00,49.088
6/28/2026,6:00,0
6/28/2026,12:00,7.6
6/28/2026,18:00,51.376
6/29/2026,0:00,4.256
6/29/2026,6:00,0
6/29/2026,12:00,25.872
6/29/2026,18:00,131.36
6/30/2026,0:00,15.728
6/30/2026,6:00,0
6/30/2026,12:00,1.648
6/30/2026,18:00,71.744
7/1/2026,0:00,7.424
7/1/2026,6:00,0
7/1/2026,12:00,3.216
7/1/2026,18:00,173.792
7/2/2026,0:00,41.6
7/2/2026,6:00,0
7/2/2026,12:00,1.28
7/2/2026,18:00,26.944
7/3/2026,0:00,9.152
7/3/2026,6:00,0
7/3/2026,12:00,21.856
7/3/2026,18:00,509.232
7/4/2026,0:00,91.744
7/4/2026,6:00,0
7/4/2026,12:00,28.048
7/4/2026,18:00,424.944
7/5/2026,0:00,37.472
7/5/2026,6:00,0
7/5/2026,12:00,14.4
7/5/2026,18:00,477.824
7/6/2026,0:00,86.048
7/6/2026,6:00,0
7/6/2026,12:00,2.864
7/6/2026,18:00,230.512
7/7/2026,0:00,92.416
7/7/2026,6:00,0
7/7/2026,12:00,29.296
7/7/2026,18:00,554.352
7/8/2026,0:00,112.512
7/8/2026,6:00,0
7/8/2026,12:00,28.32
7/8/2026,18:00,541.44
7/9/2026,0:00,110.24
7/9/2026,6:00,0
7/9/2026,12:00,28.32
7/9/2026,18:00,496.992
7/10/2026,0:00,87.056
7/10/2026,6:00,0
7/10/2026,12:00,6.368
7/10/2026,18:00,304.112
7/11/2026,0:00,48.368
7/11/2026,6:00,0
7/11/2026,12:00,16.62
7/11/2026,18:00,123.92
7/12/2026,0:00,18.352
7/12/2026,6:00,0
7/12/2026,12:00,15.408
7/12/2026,18:00,329.584
7/13/2026,0:00,57.6
7/13/2026,6:00,0
7/13/2026,12:00,29.232
7/13/2026,18:00,553.904
7/14/2026,0:00,115.216
7/14/2026,6:00,0
7/14/2026,12:00,25.728
7/14/2026,18:00,561.2
7/15/2026,0:00,117.04
7/15/2026,6:00,0
7/15/2026,12:00,30.032
7/15/2026,18:00,557.616
7/16/2026,0:00,115.904
7/16/2026,6:00,0
7/16/2026,12:00,28.528
7/16/2026,18:00,533.776
7/17/2026,0:00,111.84
7/17/2026,6:00,0
7/17/2026,12:00,26.48
7/17/2026,18:00,496.72
7/18/2026,0:00,107.376
7/18/2026,6:00,0
7/18/2026,12:00,28.336
7/18/2026,18:00,531.392
7/19/2026,0:00,111.952
7/19/2026,6:00,0
7/19/2026,12:00,28.656
7/19/2026,18:00,533.328
7/20/2026,0:00,26.592
7/20/2026,6:00,0
7/20/2026,12:00,23.952
7/20/2026,18:00,463.856
7/21/2026,0:00,55.088
7/21/2026,6:00,0
7/21/2026,12:00,17.136
7/21/2026,18:00,151.072
7/22/2026,0:00,78.176
7/22/2026,6:00,0
7/22/2026,12:00,3.552
7/22/2026,18:00,39.856
7/23/2026,0:00,63.248
7/23/2026,6:00,0
7/23/2026,12:00,16.304
7/23/2026,18:00,416.576
7/24/2026,0:00,32.128
7/24/2026,6:00,0
7/24/2026,12:00,24.272
7/24/2026,18:00,350.512
7/25/2026,0:00,7.696
7/25/2026,6:00,0
7/25/2026,12:00,28.496
7/25/2026,18:00,432.304
7/26/2026,0:00,117.392
7/26/2026,6:00,0
7/26/2026,12:00,4.752
7/26/2026,18:00,264.176
7/27/2026,0:00,54.512
7/27/2026,6:00,0
7/27/2026,12:00,22.4
7/27/2026,18:00,501.824
7/28/2026,0:00,100.384
7/28/2026,6:00,0
7/28/2026,12:00,30.048
7/28/2026,18:00,321.792
7/29/2026,0:00,113.312
7/29/2026,6:00,0
7/29/2026,12:00,27.104
7/29/2026,18:00,562.336
7/30/2026,0:00,124.08
7/30/2026,6:00,0
7/30/2026,12:00,10.928
7/30/2026,18:00,547.632
7/31/2026,0:00,111.2
7/31/2026,6:00,0
7/31/2026,12:00,34.112
7/31/2026,18:00,571.104
8/1/2026,0:00,126.64
8/1/2026,6:00,0
8/1/2026,12:00,35.76
