"Date","Time","Minimum temperature@Specified height above ground: 2 m"
6/14/2019,0:00,292.806
6/14/2019,6:00,291.622
6/14/2019,12:00,291
6/14/2019,18:00,293.579
6/15/2019,0:00,293.269
6/15/2019,6:00,291.8
6/15/2019,12:00,291.848
6/15/2019,18:00,293.8
6/16/2019,0:00,292.6
6/16/2019,6:00,291.281
6/16/2019,12:00,290.706
6/16/2019,18:00,292.681
6/17/2019,0:00,292.1
6/17/2019,6:00,291.6
6/17/2019,12:00,291.417
6/17/2019,18:00,293.246
6/18/2019,0:00,291.948
6/18/2019,6:00,290.861
6/18/2019,12:00,290.4
6/18/2019,18:00,291.339
6/19/2019,0:00,291.133
6/19/2019,6:00,288.8
6/19/2019,12:00,284.567
6/19/2019,18:00,285.481
6/20/2019,0:00,283.6
6/20/2019,6:00,281.7
6/20/2019,12:00,280.8
6/20/2019,18:00,283.54
6/21/2019,0:00,284.3
6/21/2019,6:00,283.42
6/21/2019,12:00,283.6
6/21/2019,18:00,287
6/22/2019,0:00,290.74
6/22/2019,6:00,289.812
6/22/2019,12:00,289.001
6/22/2019,18:00,291.339
6/23/2019,0:00,290.923
6/23/2019,6:00,289.319
6/23/2019,12:00,288.406
6/23/2019,18:00,290.7
6/24/2019,0:00,290.371
6/24/2019,6:00,288.91
6/24/2019,12:00,287.793
6/24/2019,18:00,289.9
6/25/2019,0:00,291.518
6/25/2019,6:00,290.219
6/25/2019,12:00,289.3
6/25/2019,18:00,290.8
6/26/2019,0:00,284.512
6/26/2019,6:00,281.212
6/26/2019,12:00,277.5
6/26/2019,18:00,279.135
6/27/2019,0:00,278.9
6/27/2019,6:00,278.696
6/27/2019,12:00,279.912
6/27/2019,18:00,284.683
6/28/2019,0:00,288.721
6/28/2019,6:00,288.936
6/28/2019,12:00,290
6/28/2019,18:00,291.756
6/29/2019,0:00,293.16
6/29/2019,6:00,292.976
6/29/2019,12:00,292.806
6/29/2019,18:00,293.498
6/30/2019,0:00,293.247
6/30/2019,6:00,292.749
6/30/2019,12:00,291.4
6/30/2019,18:00,291.4
7/1/2019,0:00,288.86
7/1/2019,6:00,286.51
7/1/2019,12:00,284.5
7/1/2019,18:00,284
7/2/2019,0:00,283.4
7/2/2019,6:00,282.557
7/2/2019,12:00,282.113
7/2/2019,18:00,284.5
7/3/2019,0:00,286.5
7/3/2019,6:00,284.6
7/3/2019,12:00,281.2
7/3/2019,18:00,282.843
7/4/2019,0:00,279.419
7/4/2019,6:00,276.919
7/4/2019,12:00,275.6
7/4/2019,18:00,277.866
7/5/2019,0:00,278.032
7/5/2019,6:00,276.071
7/5/2019,12:00,274.351
7/5/2019,18:00,276.803
7/6/2019,0:00,274.905
7/6/2019,6:00,272.614
7/6/2019,12:00,272.151
7/6/2019,18:00,275.3
7/7/2019,0:00,275.357
7/7/2019,6:00,273.433
7/7/2019,12:00,273.2
7/7/2019,18:00,276.5
7/8/2019,0:00,278.442
7/8/2019,6:00,277.624
7/8/2019,12:00,277.2
7/8/2019,18:00,280.351
7/9/2019,0:00,281.907
7/9/2019,6:00,281.107
7/9/2019,12:00,280.432
7/9/2019,18:00,283.395
7/10/2019,0:00,284.394
7/10/2019,6:00,283.425
7/10/2019,12:00,283.2
7/10/2019,18:00,285.615
7/11/2019,0:00,287.268
7/11/2019,6:00,286.161
7/11/2019,12:00,285.5
7/11/2019,18:00,288.6
7/12/2019,0:00,288.456
7/12/2019,6:00,287.003
7/12/2019,12:00,287.2
7/12/2019,18:00,289.542
7/13/2019,0:00,291.345
7/13/2019,6:00,288.967
7/13/2019,12:00,288
7/13/2019,18:00,289.809
7/14/2019,0:00,290.628
7/14/2019,6:00,289.555
7/14/2019,12:00,288.6
7/14/2019,18:00,289.2
7/15/2019,0:00,287.3
7/15/2019,6:00,285.495
7/15/2019,12:00,283.8
7/15/2019,18:00,285.8
7/16/2019,0:00,282.239
7/16/2019,6:00,279.5
7/16/2019,12:00,278.473
7/16/2019,18:00,281.128
7/17/2019,0:00,280.649
7/17/2019,6:00,279.81
7/17/2019,12:00,278.561
7/17/2019,18:00,281.6
7/18/2019,0:00,282.288
7/18/2019,6:00,281.803
7/18/2019,12:00,280.473
7/18/2019,18:00,283.596
7/19/2019,0:00,285.621
7/19/2019,6:00,285
7/19/2019,12:00,285.401
7/19/2019,18:00,287.529
7/20/2019,0:00,287.721
7/20/2019,6:00,286.558
7/20/2019,12:00,286.2
7/20/2019,18:00,288.703
7/21/2019,0:00,290.943
7/21/2019,6:00,289.529
7/21/2019,12:00,288.358
7/21/2019,18:00,290.302
7/22/2019,0:00,291.346
7/22/2019,6:00,289.795
7/22/2019,12:00,288.9
7/22/2019,18:00,290.9
7/23/2019,0:00,293.079
7/23/2019,6:00,290.942
7/23/2019,12:00,290.821
7/23/2019,18:00,291.522
7/24/2019,0:00,291.861
7/24/2019,6:00,289.677
7/24/2019,12:00,289.029
7/24/2019,18:00,290.159
7/25/2019,0:00,288.935
7/25/2019,6:00,288.816
7/25/2019,12:00,288.328
7/25/2019,18:00,289.758
7/26/2019,0:00,286.884
7/26/2019,6:00,285.64
7/26/2019,12:00,284.801
7/26/2019,18:00,284.7
7/27/2019,0:00,279.895
7/27/2019,6:00,278.468
7/27/2019,12:00,277.807
7/27/2019,18:00,281.1
7/28/2019,0:00,281.818
7/28/2019,6:00,280.203
7/28/2019,12:00,279.476
7/28/2019,18:00,282.81
7/29/2019,0:00,285.7
7/29/2019,6:00,285.284
7/29/2019,12:00,286.2
7/29/2019,18:00,290.5
7/30/2019,0:00,288.8
7/30/2019,6:00,286.7
7/30/2019,12:00,286.056
7/30/2019,18:00,288.9
7/31/2019,0:00,286.755
7/31/2019,6:00,285.633
7/31/2019,12:00,284.7
7/31/2019,18:00,288.2
8/1/2019,0:00,289.6
8/1/2019,6:00,288.898
8/1/2019,12:00,287.818
8/1/2019,18:00,290.473
8/2/2019,0:00,288.379
8/2/2019,6:00,281.4
8/2/2019,12:00,278.815
8/2/2019,18:00,280.013
8/3/2019,0:00,278.4
8/3/2019,6:00,276.32
8/3/2019,12:00,275
8/3/2019,18:00,278.707
8/4/2019,0:00,278.2
8/4/2019,6:00,276.2
8/4/2019,12:00,275.5
8/4/2019,18:00,279.54
8/5/2019,0:00,279.2
8/5/2019,6:00,277.9
8/5/2019,12:00,278.2
8/5/2019,18:00,282.4
8/6/2019,0:00,283.847
8/6/2019,6:00,283.831
8/6/2019,12:00,283.883
8/6/2019,18:00,287.58
8/7/2019,0:00,289.514
8/7/2019,6:00,288.396
8/7/2019,12:00,287.913
8/7/2019,18:00,290.865
8/8/2019,0:00,291.548
8/8/2019,6:00,290.049
8/8/2019,12:00,289.984
8/8/2019,18:00,291.892
8/9/2019,0:00,291.771
8/9/2019,6:00,290.771
8/9/2019,12:00,289.8
8/9/2019,18:00,293.4
8/10/2019,0:00,289.516
8/10/2019,6:00,286.861
8/10/2019,12:00,283.245
8/10/2019,18:00,283.6
8/11/2019,0:00,281.328
8/11/2019,6:00,280.406
8/11/2019,12:00,280.075
8/11/2019,18:00,284.1
8/12/2019,0:00,289.283
8/12/2019,6:00,289.928
8/12/2019,12:00,287.6
8/12/2019,18:00,290.145
8/13/2019,0:00,286.5
8/13/2019,6:00,282.9
8/13/2019,12:00,278.8
8/13/2019,18:00,280.3
8/14/2019,0:00,277.4
8/14/2019,6:00,274.947
8/14/2019,12:00,274.3
8/14/2019,18:00,277.807
8/15/2019,0:00,280.3
8/15/2019,6:00,279.605
8/15/2019,12:00,279.1
8/15/2019,18:00,282.6
8/16/2019,0:00,285.9
8/16/2019,6:00,285.829
8/16/2019,12:00,286.004
8/16/2019,18:00,289.812
8/17/2019,0:00,290.806
8/17/2019,6:00,288.656
8/17/2019,12:00,287.3
8/17/2019,18:00,290.279
8/18/2019,0:00,291.876
8/18/2019,6:00,289.817
8/18/2019,12:00,289.4
8/18/2019,18:00,289.969
8/19/2019,0:00,284
8/19/2019,6:00,280.399
8/19/2019,12:00,278.558
8/19/2019,18:00,280.9
8/20/2019,0:00,280.507
8/20/2019,6:00,278
8/20/2019,12:00,277.727
8/20/2019,18:00,281.333
8/21/2019,0:00,281.5
8/21/2019,6:00,278.794
8/21/2019,12:00,278.1
8/21/2019,18:00,282.348
8/22/2019,0:00,282.7
8/22/2019,6:00,280.952
8/22/2019,12:00,280.466
8/22/2019,18:00,285.914
8/23/2019,0:00,286.939
8/23/2019,6:00,281.912
8/23/2019,12:00,280.281
8/23/2019,18:00,283.5
8/24/2019,0:00,282.934
8/24/2019,6:00,280.792
8/24/2019,12:00,280.1
8/24/2019,18:00,285.773
8/25/2019,0:00,287.064
8/25/2019,6:00,284.843
8/25/2019,12:00,284.591
8/25/2019,18:00,287.202
8/26/2019,0:00,287.802
8/26/2019,6:00,286.813
8/26/2019,12:00,286.2
8/26/2019,18:00,288.805
8/27/2019,0:00,290.5
8/27/2019,6:00,289.3
8/27/2019,12:00,287.706
8/27/2019,18:00,291.919
8/28/2019,0:00,289.907
8/28/2019,6:00,288.7
8/28/2019,12:00,287.8
8/28/2019,18:00,292.3
8/29/2019,0:00,291.324
8/29/2019,6:00,290.005
8/29/2019,12:00,289.4
8/29/2019,18:00,293.005
8/30/2019,0:00,293.372
8/30/2019,6:00,291.483
8/30/2019,12:00,290.339
8/30/2019,18:00,293.748
8/31/2019,0:00,294.452
8/31/2019,6:00,291.3
8/31/2019,12:00,289.4
8/31/2019,18:00,289.663
9/1/2019,0:00,287.617
9/1/2019,6:00,285.9
9/1/2019,12:00,281.917
9/1/2019,18:00,284.6
9/2/2019,0:00,281.5
9/2/2019,6:00,278.7
9/2/2019,12:00,277.457
9/2/2019,18:00,283.1
9/3/2019,0:00,281.458
9/3/2019,6:00,279.312
9/3/2019,12:00,278.7
9/3/2019,18:00,284.552
9/4/2019,0:00,282.23
9/4/2019,6:00,279.361
9/4/2019,12:00,278.3
9/4/2019,18:00,282.682
9/5/2019,0:00,280.117
9/5/2019,6:00,278.287
9/5/2019,12:00,277.76
9/5/2019,18:00,280.537
9/6/2019,0:00,284.807
9/6/2019,6:00,284.523
9/6/2019,12:00,285.462
9/6/2019,18:00,289.6
9/7/2019,0:00,293
9/7/2019,6:00,291.136
9/7/2019,12:00,289.4
9/7/2019,18:00,293.058
9/8/2019,0:00,295.9
9/8/2019,6:00,295.519
9/8/2019,12:00,294.1
9/8/2019,18:00,295.758
9/9/2019,0:00,296.698
9/9/2019,6:00,297.239
9/9/2019,12:00,294.992
9/9/2019,18:00,296.7
9/10/2019,0:00,295.613
9/10/2019,6:00,291.2
9/10/2019,12:00,289.6
9/10/2019,18:00,296.3
9/11/2019,0:00,290.521
9/11/2019,6:00,287.917
9/11/2019,12:00,287.8
9/11/2019,18:00,294.248
9/12/2019,0:00,290.015
9/12/2019,6:00,288.736
9/12/2019,12:00,288.1
9/12/2019,18:00,287.505
9/13/2019,0:00,286
9/13/2019,6:00,283.749
9/13/2019,12:00,283.434
9/13/2019,18:00,286.161
9/14/2019,0:00,286.748
9/14/2019,6:00,286.134
9/14/2019,12:00,286.866
9/14/2019,18:00,293.325
9/15/2019,0:00,291.8
9/15/2019,6:00,292.691
9/15/2019,12:00,292.513
9/15/2019,18:00,296.282
9/16/2019,0:00,297.929
9/16/2019,6:00,296.206
9/16/2019,12:00,294.383
9/16/2019,18:00,297.892
9/17/2019,0:00,295.6
9/17/2019,6:00,291.294
9/17/2019,12:00,289.402
9/17/2019,18:00,291.053
9/18/2019,0:00,288.644
9/18/2019,6:00,286.4
9/18/2019,12:00,285.2
9/18/2019,18:00,285.588
9/19/2019,0:00,285.388
9/19/2019,6:00,283.8
9/19/2019,12:00,284.32
9/19/2019,18:00,291.7
9/20/2019,0:00,290.041
9/20/2019,6:00,286.094
9/20/2019,12:00,285.4
9/20/2019,18:00,288.316
9/21/2019,0:00,284.905
9/21/2019,6:00,281.489
9/21/2019,12:00,279.362
9/21/2019,18:00,285.181
9/22/2019,0:00,282.833
9/22/2019,6:00,280.567
9/22/2019,12:00,279.6
9/22/2019,18:00,286.7
9/23/2019,0:00,284.5
9/23/2019,6:00,282.027
9/23/2019,12:00,281.2
9/23/2019,18:00,286.8
9/24/2019,0:00,287.009
9/24/2019,6:00,284.98
9/24/2019,12:00,283.8
9/24/2019,18:00,289.61
9/25/2019,0:00,288.715
9/25/2019,6:00,286.073
9/25/2019,12:00,284.5
9/25/2019,18:00,291.293
9/26/2019,0:00,286.669
9/26/2019,6:00,284.027
9/26/2019,12:00,283.962
9/26/2019,18:00,291.392
9/27/2019,0:00,287.796
9/27/2019,6:00,285.406
9/27/2019,12:00,284.64
9/27/2019,18:00,290.6
9/28/2019,0:00,287.98
9/28/2019,6:00,285.549
9/28/2019,12:00,285.53
9/28/2019,18:00,292.3
9/29/2019,0:00,290.988
9/29/2019,6:00,289.726
9/29/2019,12:00,288.6
9/29/2019,18:00,295.644
9/30/2019,0:00,291.894
9/30/2019,6:00,290.504
9/30/2019,12:00,290.251
9/30/2019,18:00,295.403
10/1/2019,0:00,295.933
10/1/2019,6:00,294.095
10/1/2019,12:00,292.63
10/1/2019,18:00,296.557
10/2/2019,0:00,297.73
10/2/2019,6:00,296.868
10/2/2019,12:00,295.023
10/2/2019,18:00,297.665
10/3/2019,0:00,292.032
10/3/2019,6:00,292.073
10/3/2019,12:00,289.605
10/3/2019,18:00,290.832
10/4/2019,0:00,291.224
10/4/2019,6:00,291.372
10/4/2019,12:00,292.142
10/4/2019,18:00,293.011
10/5/2019,0:00,292.678
10/5/2019,6:00,291.204
10/5/2019,12:00,290.678
10/5/2019,18:00,289.367
10/6/2019,0:00,288.95
10/6/2019,6:00,287.744
10/6/2019,12:00,286.886
10/6/2019,18:00,287.237
10/7/2019,0:00,287.448
10/7/2019,6:00,285.301
10/7/2019,12:00,285.28
10/7/2019,18:00,292
10/8/2019,0:00,289.971
10/8/2019,6:00,287.418
10/8/2019,12:00,287.2
10/8/2019,18:00,293.331
10/9/2019,0:00,289.449
10/9/2019,6:00,287.004
10/9/2019,12:00,286.683
10/9/2019,18:00,294.282
10/10/2019,0:00,291.112
10/10/2019,6:00,289.72
10/10/2019,12:00,290.165
10/10/2019,18:00,295.996
10/11/2019,0:00,294.311
10/11/2019,6:00,291.849
10/11/2019,12:00,290.688
10/11/2019,18:00,297.196
10/12/2019,0:00,296.726
10/12/2019,6:00,294.11
10/12/2019,12:00,293.811
10/12/2019,18:00,299.853
10/13/2019,0:00,298.516
10/13/2019,6:00,296.783
10/13/2019,12:00,295.503
10/13/2019,18:00,295.108
10/14/2019,0:00,294.383
10/14/2019,6:00,292.02
10/14/2019,12:00,291.797
10/14/2019,18:00,293.726
10/15/2019,0:00,287.91
10/15/2019,6:00,286.875
10/15/2019,12:00,286.951
10/15/2019,18:00,292.483
10/16/2019,0:00,292.086
10/16/2019,6:00,291.12
10/16/2019,12:00,290.428
10/16/2019,18:00,292.012
10/17/2019,0:00,291.611
10/17/2019,6:00,291.536
10/17/2019,12:00,291.098
10/17/2019,18:00,296.059
10/18/2019,0:00,293.413
10/18/2019,6:00,292.135
10/18/2019,12:00,292.158
10/18/2019,18:00,293.055
10/19/2019,0:00,291.231
10/19/2019,6:00,289.688
10/19/2019,12:00,288.451
10/19/2019,18:00,292.4
10/20/2019,0:00,288.8
10/20/2019,6:00,284.479
10/20/2019,12:00,283.93
10/20/2019,18:00,290.107
10/21/2019,0:00,289.311
10/21/2019,6:00,287.344
10/21/2019,12:00,287.712
10/21/2019,18:00,288.918
10/22/2019,0:00,286.748
10/22/2019,6:00,284.611
10/22/2019,12:00,283.03
10/22/2019,18:00,289.161
10/23/2019,0:00,286.892
10/23/2019,6:00,284.933
10/23/2019,12:00,284.437
10/23/2019,18:00,291.93
10/24/2019,0:00,289.802
10/24/2019,6:00,287.455
10/24/2019,12:00,286.79
10/24/2019,18:00,294.18
10/25/2019,0:00,290.19
10/25/2019,6:00,286.804
10/25/2019,12:00,285.668
10/25/2019,18:00,292.477
10/26/2019,0:00,289.871
10/26/2019,6:00,287.473
10/26/2019,12:00,287.251
10/26/2019,18:00,295.385
10/27/2019,0:00,295.655
10/27/2019,6:00,294.98
10/27/2019,12:00,294.335
10/27/2019,18:00,293.242
10/28/2019,0:00,292.117
10/28/2019,6:00,292.024
10/28/2019,12:00,293.051
10/28/2019,18:00,299.512
10/29/2019,0:00,299.189
10/29/2019,6:00,297.029
10/29/2019,12:00,294.82
10/29/2019,18:00,301.13
10/30/2019,0:00,300.2
10/30/2019,6:00,297.609
10/30/2019,12:00,296.47
10/30/2019,18:00,301.44
10/31/2019,0:00,300.678
10/31/2019,6:00,296.13
10/31/2019,12:00,294.506
10/31/2019,18:00,295.26
11/1/2019,0:00,294.97
11/1/2019,6:00,293.101
11/1/2019,12:00,292.701
11/1/2019,18:00,297.52
11/2/2019,0:00,298.194
11/2/2019,6:00,295.336
11/2/2019,12:00,294.034
11/2/2019,18:00,298.624
11/3/2019,0:00,295.346
11/3/2019,6:00,292.635
11/3/2019,12:00,294.109
11/3/2019,18:00,297.306
11/4/2019,0:00,295.284
11/4/2019,6:00,293.312
11/4/2019,12:00,292.752
11/4/2019,18:00,294.447
11/5/2019,0:00,295.355
11/5/2019,6:00,293.382
11/5/2019,12:00,293.449
11/5/2019,18:00,295.285
11/6/2019,0:00,292.957
11/6/2019,6:00,288.521
11/6/2019,12:00,287.846
11/6/2019,18:00,292.662
11/7/2019,0:00,294.423
11/7/2019,6:00,292.014
11/7/2019,12:00,292.418
11/7/2019,18:00,296.421
11/8/2019,0:00,293.876
11/8/2019,6:00,292.14
11/8/2019,12:00,291.737
11/8/2019,18:00,297.212
11/9/2019,0:00,295.13
11/9/2019,6:00,292.249
11/9/2019,12:00,292.711
11/9/2019,18:00,297.302
11/10/2019,0:00,295.461
11/10/2019,6:00,293.365
11/10/2019,12:00,292.799
11/10/2019,18:00,296.91
11/11/2019,0:00,294.329
11/11/2019,6:00,291.401
11/11/2019,12:00,290.403
11/11/2019,18:00,294.97
11/12/2019,0:00,294.47
11/12/2019,6:00,291.319
11/12/2019,12:00,290.808
11/12/2019,18:00,295.32
11/13/2019,0:00,296.192
11/13/2019,6:00,293.428
11/13/2019,12:00,292.751
11/13/2019,18:00,295.283
11/14/2019,0:00,291.95
11/14/2019,6:00,291.892
11/14/2019,12:00,292.358
11/14/2019,18:00,293.51
11/15/2019,0:00,292.776
11/15/2019,6:00,289.352
11/15/2019,12:00,288.886
11/15/2019,18:00,293.853
11/16/2019,0:00,289.99
11/16/2019,6:00,287.06
11/16/2019,12:00,286.123
11/16/2019,18:00,292.135
11/17/2019,0:00,290.708
11/17/2019,6:00,287.514
11/17/2019,12:00,287.351
11/17/2019,18:00,294.717
11/18/2019,0:00,293.841
11/18/2019,6:00,290.964
11/18/2019,12:00,290.576
11/18/2019,18:00,297.214
11/19/2019,0:00,296.245
11/19/2019,6:00,293.697
11/19/2019,12:00,291.925
11/19/2019,18:00,298.711
11/20/2019,0:00,297.077
11/20/2019,6:00,294.362
11/20/2019,12:00,293.132
11/20/2019,18:00,298.431
11/21/2019,0:00,298.035
11/21/2019,6:00,294.801
11/21/2019,12:00,293.783
11/21/2019,18:00,299.11
11/22/2019,0:00,298.505
11/22/2019,6:00,295.21
11/22/2019,12:00,294.403
11/22/2019,18:00,299.35
11/23/2019,0:00,295.25
11/23/2019,6:00,291.862
11/23/2019,12:00,291.494
11/23/2019,18:00,294.524
11/24/2019,0:00,290.299
11/24/2019,6:00,286.554
11/24/2019,12:00,285.734
11/24/2019,18:00,292.171
11/25/2019,0:00,293.67
11/25/2019,6:00,291.292
11/25/2019,12:00,290.447
11/25/2019,18:00,295.557
11/26/2019,0:00,296.973
11/26/2019,6:00,294.46
11/26/2019,12:00,293.468
11/26/2019,18:00,295.005
11/27/2019,0:00,292.496
11/27/2019,6:00,292.695
11/27/2019,12:00,292.792
11/27/2019,18:00,293.202
11/28/2019,0:00,292.633
11/28/2019,6:00,288.727
11/28/2019,12:00,286.934
11/28/2019,18:00,292.687
11/29/2019,0:00,290.608
11/29/2019,6:00,288.994
11/29/2019,12:00,289.286
11/29/2019,18:00,294.315
11/30/2019,0:00,295.942
11/30/2019,6:00,293.979
11/30/2019,12:00,293.441
11/30/2019,18:00,300.133
12/1/2019,0:00,297.584
12/1/2019,6:00,295.592
12/1/2019,12:00,294.106
12/1/2019,18:00,298.212
12/2/2019,0:00,292.548
12/2/2019,6:00,288.308
12/2/2019,12:00,286.519
12/2/2019,18:00,291.704
12/3/2019,0:00,290.771
12/3/2019,6:00,287.424
12/3/2019,12:00,287.305
12/3/2019,18:00,294.08
12/4/2019,0:00,295.928
12/4/2019,6:00,293.042
12/4/2019,12:00,292.653
12/4/2019,18:00,297.37
12/5/2019,0:00,294.875
12/5/2019,6:00,291.568
12/5/2019,12:00,291.2
12/5/2019,18:00,293.607
12/6/2019,0:00,291.062
12/6/2019,6:00,286.566
12/6/2019,12:00,285.745
12/6/2019,18:00,292.375
12/7/2019,0:00,290.829
12/7/2019,6:00,288.799
12/7/2019,12:00,288.388
12/7/2019,18:00,295.837
12/8/2019,0:00,292.948
12/8/2019,6:00,290.437
12/8/2019,12:00,288.999
12/8/2019,18:00,297.114
12/9/2019,0:00,294.488
12/9/2019,6:00,291.957
12/9/2019,12:00,291.017
12/9/2019,18:00,298.042
12/10/2019,0:00,294.011
12/10/2019,6:00,291.7
12/10/2019,12:00,290.88
12/10/2019,18:00,297.955
12/11/2019,0:00,296.272
12/11/2019,6:00,292.963
12/11/2019,12:00,291.934
12/11/2019,18:00,299.32
12/12/2019,0:00,297.275
12/12/2019,6:00,294.673
12/12/2019,12:00,293.882
12/12/2019,18:00,300.425
12/13/2019,0:00,296.719
12/13/2019,6:00,292.95
12/13/2019,12:00,290.713
12/13/2019,18:00,294.764
12/14/2019,0:00,294.741
12/14/2019,6:00,291.816
12/14/2019,12:00,292.528
12/14/2019,18:00,298.493
12/15/2019,0:00,294.776
12/15/2019,6:00,293.313
12/15/2019,12:00,294.3
12/15/2019,18:00,299.257
12/16/2019,0:00,291.837
12/16/2019,6:00,291.843
12/16/2019,12:00,291.615
12/16/2019,18:00,291.868
12/17/2019,0:00,291.686
12/17/2019,6:00,289.226
12/17/2019,12:00,289.024
12/17/2019,18:00,294.861
12/18/2019,0:00,292.91
12/18/2019,6:00,289.039
12/18/2019,12:00,288.732
12/18/2019,18:00,295.394
12/19/2019,0:00,294.865
12/19/2019,6:00,291.435
12/19/2019,12:00,290.483
12/19/2019,18:00,296.304
12/20/2019,0:00,296.357
12/20/2019,6:00,294.226
12/20/2019,12:00,293.731
12/20/2019,18:00,298.271
12/21/2019,0:00,297.684
12/21/2019,6:00,294.477
12/21/2019,12:00,292.285
12/21/2019,18:00,294.794
12/22/2019,0:00,292.355
12/22/2019,6:00,287.874
12/22/2019,12:00,286.355
12/22/2019,18:00,291.455
12/23/2019,0:00,289.562
12/23/2019,6:00,286.865
12/23/2019,12:00,285.325
12/23/2019,18:00,292.312
12/24/2019,0:00,291.183
12/24/2019,6:00,288.146
12/24/2019,12:00,287.39
12/24/2019,18:00,295.41
12/25/2019,0:00,294.245
12/25/2019,6:00,290.846
12/25/2019,12:00,290.542
12/25/2019,18:00,297.7
12/26/2019,0:00,297.521
12/26/2019,6:00,294.777
12/26/2019,12:00,294.648
12/26/2019,18:00,300.661
12/27/2019,0:00,298.565
12/27/2019,6:00,296.067
12/27/2019,12:00,294.747
12/27/2019,18:00,299.926
12/28/2019,0:00,295.387
12/28/2019,6:00,295.654
12/28/2019,12:00,294.579
12/28/2019,18:00,300.129
12/29/2019,0:00,299.327
12/29/2019,6:00,297.025
12/29/2019,12:00,295.037
12/29/2019,18:00,301.413
12/30/2019,0:00,298.649
12/30/2019,6:00,294.049
12/30/2019,12:00,293.481
12/30/2019,18:00,301.003
12/31/2019,0:00,300.322
12/31/2019,6:00,296.841
12/31/2019,12:00,295.832
12/31/2019,18:00,300.07
1/1/2020,0:00,299.576
1/1/2020,6:00,294.696
1/1/2020,12:00,293.793
1/1/2020,18:00,298.763
1/2/2020,0:00,295.943
1/2/2020,6:00,292.878
1/2/2020,12:00,292.569
1/2/2020,18:00,295.587
1/3/2020,0:00,293.655
1/3/2020,6:00,289.582
1/3/2020,12:00,289.118
1/3/2020,18:00,294.426
1/4/2020,0:00,293.639
1/4/2020,6:00,290.848
1/4/2020,12:00,289.794
1/4/2020,18:00,295.583
1/5/2020,0:00,294.049
1/5/2020,6:00,290.787
1/5/2020,12:00,290.094
1/5/2020,18:00,296.649
1/6/2020,0:00,295.452
1/6/2020,6:00,292.882
1/6/2020,12:00,292.373
1/6/2020,18:00,299.164
1/7/2020,0:00,297.751
1/7/2020,6:00,294.356
1/7/2020,12:00,293.372
1/7/2020,18:00,298.557
1/8/2020,0:00,296.058
1/8/2020,6:00,292.38
1/8/2020,12:00,291.41
1/8/2020,18:00,299.222
1/9/2020,0:00,297.625
1/9/2020,6:00,294.71
1/9/2020,12:00,293.804
1/9/2020,18:00,300.44
1/10/2020,0:00,297.386
1/10/2020,6:00,295.746
1/10/2020,12:00,295.316
1/10/2020,18:00,300.137
1/11/2020,0:00,293.387
1/11/2020,6:00,295.102
1/11/2020,12:00,294.351
1/11/2020,18:00,300.583
1/12/2020,0:00,298.321
1/12/2020,6:00,294.329
1/12/2020,12:00,293.045
1/12/2020,18:00,299.23
1/13/2020,0:00,296.383
1/13/2020,6:00,294.989
1/13/2020,12:00,294.428
1/13/2020,18:00,299.013
1/14/2020,0:00,297.619
1/14/2020,6:00,292.601
1/14/2020,12:00,293.116
1/14/2020,18:00,297.068
1/15/2020,0:00,296.226
1/15/2020,6:00,295.041
1/15/2020,12:00,295.181
1/15/2020,18:00,298.282
1/16/2020,0:00,297.151
1/16/2020,6:00,294.614
1/16/2020,12:00,293.882
1/16/2020,18:00,297.2
1/17/2020,0:00,293.773
1/17/2020,6:00,289.307
1/17/2020,12:00,286.969
1/17/2020,18:00,291.175
1/18/2020,0:00,293.117
1/18/2020,6:00,289.834
1/18/2020,12:00,289.922
1/18/2020,18:00,295.55
1/19/2020,0:00,296.096
1/19/2020,6:00,293.674
1/19/2020,12:00,292.644
1/19/2020,18:00,295.555
1/20/2020,0:00,297.063
1/20/2020,6:00,293.976
1/20/2020,12:00,293.496
1/20/2020,18:00,297.71
1/21/2020,0:00,296.729
1/21/2020,6:00,295.164
1/21/2020,12:00,294.212
1/21/2020,18:00,294.683
1/22/2020,0:00,293.119
1/22/2020,6:00,292.562
1/22/2020,12:00,292.183
1/22/2020,18:00,291.201
1/23/2020,0:00,288.777
1/23/2020,6:00,288.516
1/23/2020,12:00,289.004
1/23/2020,18:00,290.601
1/24/2020,0:00,291.977
1/24/2020,6:00,288.076
1/24/2020,12:00,286.757
1/24/2020,18:00,292.894
1/25/2020,0:00,292.067
1/25/2020,6:00,288.452
1/25/2020,12:00,288.008
1/25/2020,18:00,295.205
1/26/2020,0:00,292.524
1/26/2020,6:00,291.181
1/26/2020,12:00,289.895
1/26/2020,18:00,296.304
1/27/2020,0:00,294.532
1/27/2020,6:00,293.367
1/27/2020,12:00,292.69
1/27/2020,18:00,297.899
1/28/2020,0:00,295.15
1/28/2020,6:00,292.282
1/28/2020,12:00,290.597
1/28/2020,18:00,297.115
1/29/2020,0:00,295.879
1/29/2020,6:00,294.173
1/29/2020,12:00,293.422
1/29/2020,18:00,296.011
1/30/2020,0:00,293.217
1/30/2020,6:00,293.621
1/30/2020,12:00,291.972
1/30/2020,18:00,293.108
1/31/2020,0:00,293.617
1/31/2020,6:00,292.208
1/31/2020,12:00,291.027
1/31/2020,18:00,295.675
2/1/2020,0:00,293.042
2/1/2020,6:00,290.606
2/1/2020,12:00,290.071
2/1/2020,18:00,296.222
2/2/2020,0:00,293.541
2/2/2020,6:00,291.416
2/2/2020,12:00,290.92
2/2/2020,18:00,297.225
2/3/2020,0:00,295.176
2/3/2020,6:00,291.88
2/3/2020,12:00,291.905
2/3/2020,18:00,296.265
2/4/2020,0:00,295.714
2/4/2020,6:00,293.432
2/4/2020,12:00,290.878
2/4/2020,18:00,295.116
2/5/2020,0:00,295.899
2/5/2020,6:00,294.417
2/5/2020,12:00,293.046
2/5/2020,18:00,296.896
2/6/2020,0:00,295.584
2/6/2020,6:00,293.705
2/6/2020,12:00,292.041
2/6/2020,18:00,296.966
2/7/2020,0:00,296.723
2/7/2020,6:00,294.41
2/7/2020,12:00,293.284
2/7/2020,18:00,297.798
2/8/2020,0:00,297.186
2/8/2020,6:00,294.663
2/8/2020,12:00,293.435
2/8/2020,18:00,297.921
2/9/2020,0:00,296.101
2/9/2020,6:00,294.002
2/9/2020,12:00,292.763
2/9/2020,18:00,295.372
2/10/2020,0:00,294.236
2/10/2020,6:00,288.415
2/10/2020,12:00,287.931
2/10/2020,18:00,292.94
2/11/2020,0:00,292.152
2/11/2020,6:00,288.406
2/11/2020,12:00,287.868
2/11/2020,18:00,294.285
2/12/2020,0:00,293.34
2/12/2020,6:00,289.046
2/12/2020,12:00,289.005
2/12/2020,18:00,293.932
2/13/2020,0:00,292.739
2/13/2020,6:00,290.824
2/13/2020,12:00,290.604
2/13/2020,18:00,295.134
2/14/2020,0:00,295.064
2/14/2020,6:00,293.019
2/14/2020,12:00,292.243
2/14/2020,18:00,296.231
2/15/2020,0:00,295.533
2/15/2020,6:00,292.317
2/15/2020,12:00,293.9
2/15/2020,18:00,295.658
2/16/2020,0:00,295.574
2/16/2020,6:00,294.095
2/16/2020,12:00,293.77
2/16/2020,18:00,298.327
2/17/2020,0:00,296.415
2/17/2020,6:00,294.309
2/17/2020,12:00,293.32
2/17/2020,18:00,298.485
2/18/2020,0:00,298.93
2/18/2020,6:00,297.454
2/18/2020,12:00,295.93
2/18/2020,18:00,293.967
2/19/2020,0:00,293.68
2/19/2020,6:00,292.598
2/19/2020,12:00,292.06
2/19/2020,18:00,296.59
2/20/2020,0:00,294.333
2/20/2020,6:00,290.581
2/20/2020,12:00,289.325
2/20/2020,18:00,294.67
2/21/2020,0:00,294.512
2/21/2020,6:00,286.929
2/21/2020,12:00,286.715
2/21/2020,18:00,289.713
2/22/2020,0:00,287.143
2/22/2020,6:00,283.206
2/22/2020,12:00,281.17
2/22/2020,18:00,287.245
2/23/2020,0:00,286.893
2/23/2020,6:00,284.984
2/23/2020,12:00,283.719
2/23/2020,18:00,290.816
2/24/2020,0:00,292.391
2/24/2020,6:00,289.91
2/24/2020,12:00,289.644
2/24/2020,18:00,294.368
2/25/2020,0:00,295.245
2/25/2020,6:00,292.678
2/25/2020,12:00,292.367
2/25/2020,18:00,295.294
2/26/2020,0:00,294.655
2/26/2020,6:00,291.809
2/26/2020,12:00,288.967
2/26/2020,18:00,292.034
2/27/2020,0:00,289.867
2/27/2020,6:00,286.442
2/27/2020,12:00,286.044
2/27/2020,18:00,292.419
2/28/2020,0:00,290.513
2/28/2020,6:00,288.318
2/28/2020,12:00,287.218
2/28/2020,18:00,293.48
2/29/2020,0:00,291.213
2/29/2020,6:00,288.798
2/29/2020,12:00,288.238
2/29/2020,18:00,294.022
3/1/2020,0:00,292.653
3/1/2020,6:00,289.429
3/1/2020,12:00,288.019
3/1/2020,18:00,294.404
3/2/2020,0:00,291.846
3/2/2020,6:00,290.874
3/2/2020,12:00,289.203
3/2/2020,18:00,293.817
3/3/2020,0:00,293.617
3/3/2020,6:00,291.441
3/3/2020,12:00,288.043
3/3/2020,18:00,294.286
3/4/2020,0:00,293.668
3/4/2020,6:00,289.843
3/4/2020,12:00,288.332
3/4/2020,18:00,295.288
3/5/2020,0:00,293.877
3/5/2020,6:00,288.396
3/5/2020,12:00,286.428
3/5/2020,18:00,293.709
3/6/2020,0:00,292.431
3/6/2020,6:00,288.283
3/6/2020,12:00,288.072
3/6/2020,18:00,295.202
3/7/2020,0:00,294.051
3/7/2020,6:00,290.59
3/7/2020,12:00,290.198
3/7/2020,18:00,295.851
3/8/2020,0:00,294.088
3/8/2020,6:00,290.255
3/8/2020,12:00,288.704
3/8/2020,18:00,296.427
3/9/2020,0:00,296.169
3/9/2020,6:00,293.449
3/9/2020,12:00,291.537
3/9/2020,18:00,298.542
3/10/2020,0:00,296.844
3/10/2020,6:00,293.929
3/10/2020,12:00,292.246
3/10/2020,18:00,299.192
3/11/2020,0:00,297.374
3/11/2020,6:00,294.31
3/11/2020,12:00,292.672
3/11/2020,18:00,298.42
3/12/2020,0:00,296.896
3/12/2020,6:00,294.181
3/12/2020,12:00,293.457
3/12/2020,18:00,297.69
3/13/2020,0:00,298.194
3/13/2020,6:00,294.918
3/13/2020,12:00,294.4
3/13/2020,18:00,300.857
3/14/2020,0:00,298.84
3/14/2020,6:00,296.111
3/14/2020,12:00,294.953
3/14/2020,18:00,301.33
3/15/2020,0:00,299.258
3/15/2020,6:00,294.951
3/15/2020,12:00,293.911
3/15/2020,18:00,300.971
3/16/2020,0:00,298.548
3/16/2020,6:00,293.905
3/16/2020,12:00,292.05
3/16/2020,18:00,293.796
3/17/2020,0:00,295.95
3/17/2020,6:00,291.81
3/17/2020,12:00,291.472
3/17/2020,18:00,299.981
3/18/2020,0:00,298.007
3/18/2020,6:00,296.599
3/18/2020,12:00,293.163
3/18/2020,18:00,295.5
3/19/2020,0:00,294.3
3/19/2020,6:00,293.334
3/19/2020,12:00,293.7
3/19/2020,18:00,295.004
3/20/2020,0:00,292.6
3/20/2020,6:00,287
3/20/2020,12:00,285.5
3/20/2020,18:00,291.951
3/21/2020,0:00,290.762
3/21/2020,6:00,287.851
3/21/2020,12:00,286
3/21/2020,18:00,293.896
3/22/2020,0:00,292.452
3/22/2020,6:00,289.448
3/22/2020,12:00,287.819
3/22/2020,18:00,295.7
3/23/2020,0:00,294.1
3/23/2020,6:00,289.812
3/23/2020,12:00,290.08
3/23/2020,18:00,296.434
3/24/2020,0:00,295.4
3/24/2020,6:00,292.622
3/24/2020,12:00,290.533
3/24/2020,18:00,295.83
3/25/2020,0:00,294.447
3/25/2020,6:00,291.092
3/25/2020,12:00,290.367
3/25/2020,18:00,295.779
3/26/2020,0:00,294.69
3/26/2020,6:00,292.609
3/26/2020,12:00,290.82
3/26/2020,18:00,296.539
3/27/2020,0:00,294.402
3/27/2020,6:00,291.187
3/27/2020,12:00,290.132
3/27/2020,18:00,296.008
3/28/2020,0:00,295.757
3/28/2020,6:00,294.138
3/28/2020,12:00,291.679
3/28/2020,18:00,297.31
3/29/2020,0:00,293.4
3/29/2020,6:00,291.679
3/29/2020,12:00,291.471
3/29/2020,18:00,295.049
3/30/2020,0:00,296.289
3/30/2020,6:00,293.503
3/30/2020,12:00,292.507
3/30/2020,18:00,297.838
3/31/2020,0:00,295.35
3/31/2020,6:00,293.733
3/31/2020,12:00,293.298
3/31/2020,18:00,295.268
4/1/2020,0:00,296.012
4/1/2020,6:00,292.89
4/1/2020,12:00,292.1
4/1/2020,18:00,298.162
4/2/2020,0:00,295.796
4/2/2020,6:00,294.61
4/2/2020,12:00,292.761
4/2/2020,18:00,293.068
4/3/2020,0:00,288.861
4/3/2020,6:00,284.123
4/3/2020,12:00,281.855
4/3/2020,18:00,286.201
4/4/2020,0:00,286.92
4/4/2020,6:00,284.536
4/4/2020,12:00,283.788
4/4/2020,18:00,289.667
4/5/2020,0:00,288.637
4/5/2020,6:00,286.499
4/5/2020,12:00,286.248
4/5/2020,18:00,292.1
4/6/2020,0:00,293.612
4/6/2020,6:00,293.13
4/6/2020,12:00,288.878
4/6/2020,18:00,288.9
4/7/2020,0:00,290.176
4/7/2020,6:00,285.98
4/7/2020,12:00,284.972
4/7/2020,18:00,285.862
4/8/2020,0:00,284.024
4/8/2020,6:00,281.437
4/8/2020,12:00,280.045
4/8/2020,18:00,285.1
4/9/2020,0:00,284.211
4/9/2020,6:00,282.277
4/9/2020,12:00,280.985
4/9/2020,18:00,286.115
4/10/2020,0:00,285.859
4/10/2020,6:00,282.787
4/10/2020,12:00,282.31
4/10/2020,18:00,287.458
4/11/2020,0:00,286.525
4/11/2020,6:00,284.019
4/11/2020,12:00,283.241
4/11/2020,18:00,288.835
4/12/2020,0:00,288.224
4/12/2020,6:00,285.402
4/12/2020,12:00,284.5
4/12/2020,18:00,290.378
4/13/2020,0:00,290.103
4/13/2020,6:00,288.179
4/13/2020,12:00,287.606
4/13/2020,18:00,292.3
4/14/2020,0:00,289.939
4/14/2020,6:00,286.969
4/14/2020,12:00,284.53
4/14/2020,18:00,286.823
4/15/2020,0:00,283
4/15/2020,6:00,280.958
4/15/2020,12:00,280.45
4/15/2020,18:00,285.039
4/16/2020,0:00,283.77
4/16/2020,6:00,281.455
4/16/2020,12:00,280.637
4/16/2020,18:00,286.131
4/17/2020,0:00,285.13
4/17/2020,6:00,283.223
4/17/2020,12:00,283.099
4/17/2020,18:00,288.234
4/18/2020,0:00,288.108
4/18/2020,6:00,286.003
4/18/2020,12:00,284.705
4/18/2020,18:00,289.466
4/19/2020,0:00,289.858
4/19/2020,6:00,287.773
4/19/2020,12:00,287.344
4/19/2020,18:00,291.238
4/20/2020,0:00,291.095
4/20/2020,6:00,288.341
4/20/2020,12:00,286.577
4/20/2020,18:00,291.569
4/21/2020,0:00,291.53
4/21/2020,6:00,289
4/21/2020,12:00,288.066
4/21/2020,18:00,293.139
4/22/2020,0:00,291.577
4/22/2020,6:00,288.952
4/22/2020,12:00,288.038
4/22/2020,18:00,293.221
4/23/2020,0:00,291.347
4/23/2020,6:00,289.133
4/23/2020,12:00,288.432
4/23/2020,18:00,293.286
4/24/2020,0:00,292.411
4/24/2020,6:00,290.833
4/24/2020,12:00,289.728
4/24/2020,18:00,292.846
4/25/2020,0:00,292.163
4/25/2020,6:00,289.238
4/25/2020,12:00,288.463
4/25/2020,18:00,294.243
4/26/2020,0:00,295.639
4/26/2020,6:00,293.505
4/26/2020,12:00,292.2
4/26/2020,18:00,296.04
4/27/2020,0:00,295.361
4/27/2020,6:00,293.077
4/27/2020,12:00,291.891
4/27/2020,18:00,295.16
4/28/2020,0:00,295.027
4/28/2020,6:00,292.935
4/28/2020,12:00,291.414
4/28/2020,18:00,294.325
4/29/2020,0:00,294.007
4/29/2020,6:00,291.528
4/29/2020,12:00,290.97
4/29/2020,18:00,293.644
4/30/2020,0:00,293.615
4/30/2020,6:00,289.657
4/30/2020,12:00,288.814
4/30/2020,18:00,292.024
5/1/2020,0:00,291.256
5/1/2020,6:00,289.232
5/1/2020,12:00,286.937
5/1/2020,18:00,289.322
5/2/2020,0:00,288.613
5/2/2020,6:00,285.049
5/2/2020,12:00,283.76
5/2/2020,18:00,288.185
5/3/2020,0:00,286.208
5/3/2020,6:00,283.668
5/3/2020,12:00,282.506
5/3/2020,18:00,287.086
5/4/2020,0:00,288.069
5/4/2020,6:00,286.464
5/4/2020,12:00,285.779
5/4/2020,18:00,289.951
5/5/2020,0:00,291.705
5/5/2020,6:00,290.199
5/5/2020,12:00,289.182
5/5/2020,18:00,291.469
5/6/2020,0:00,289.704
5/6/2020,6:00,284.298
5/6/2020,12:00,281
5/6/2020,18:00,282.908
5/7/2020,0:00,282.4
5/7/2020,6:00,279.395
5/7/2020,12:00,278.5
5/7/2020,18:00,282.434
5/8/2020,0:00,282.893
5/8/2020,6:00,280.706
5/8/2020,12:00,280.6
5/8/2020,18:00,284.9
5/9/2020,0:00,285.5
5/9/2020,6:00,283.92
5/9/2020,12:00,283.112
5/9/2020,18:00,287.481
5/10/2020,0:00,288.2
5/10/2020,6:00,286.217
5/10/2020,12:00,285.7
5/10/2020,18:00,290.5
5/11/2020,0:00,292
5/11/2020,6:00,290.06
5/11/2020,12:00,289.876
5/11/2020,18:00,292.6
5/12/2020,0:00,293.575
5/12/2020,6:00,291.133
5/12/2020,12:00,290.817
5/12/2020,18:00,291.053
5/13/2020,0:00,291.515
5/13/2020,6:00,291.16
5/13/2020,12:00,290.61
5/13/2020,18:00,291.018
5/14/2020,0:00,288.405
5/14/2020,6:00,286.331
5/14/2020,12:00,284.09
5/14/2020,18:00,285.006
5/15/2020,0:00,283.14
5/15/2020,6:00,280.923
5/15/2020,12:00,279.934
5/15/2020,18:00,283.7
5/16/2020,0:00,282.877
5/16/2020,6:00,281.66
5/16/2020,12:00,281.5
5/16/2020,18:00,285.377
5/17/2020,0:00,286.333
5/17/2020,6:00,284.904
5/17/2020,12:00,284.4
5/17/2020,18:00,288
5/18/2020,0:00,288.484
5/18/2020,6:00,286.359
5/18/2020,12:00,285.8
5/18/2020,18:00,289.4
5/19/2020,0:00,290.1
5/19/2020,6:00,288.814
5/19/2020,12:00,287.905
5/19/2020,18:00,290.328
5/20/2020,0:00,290.4
5/20/2020,6:00,289.111
5/20/2020,12:00,288.861
5/20/2020,18:00,291.6
5/21/2020,0:00,292.1
5/21/2020,6:00,291.422
5/21/2020,12:00,291.7
5/21/2020,18:00,292.818
5/22/2020,0:00,291.859
5/22/2020,6:00,292.343
5/22/2020,12:00,291.415
5/22/2020,18:00,291.768
5/23/2020,0:00,287.09
5/23/2020,6:00,283.514
5/23/2020,12:00,281.818
5/23/2020,18:00,282.021
5/24/2020,0:00,284.126
5/24/2020,6:00,283.543
5/24/2020,12:00,282.9
5/24/2020,18:00,283.3
5/25/2020,0:00,282.855
5/25/2020,6:00,281.677
5/25/2020,12:00,280.237
5/25/2020,18:00,282.905
5/26/2020,0:00,282.89
5/26/2020,6:00,280.793
5/26/2020,12:00,279.805
5/26/2020,18:00,282.735
5/27/2020,0:00,283.063
5/27/2020,6:00,281.092
5/27/2020,12:00,280.9
5/27/2020,18:00,284.079
5/28/2020,0:00,285.592
5/28/2020,6:00,284.831
5/28/2020,12:00,284.1
5/28/2020,18:00,287.407
5/29/2020,0:00,287.6
5/29/2020,6:00,285.649
5/29/2020,12:00,284.5
5/29/2020,18:00,287.703
5/30/2020,0:00,287.1
5/30/2020,6:00,285.511
5/30/2020,12:00,284.3
5/30/2020,18:00,287.98
5/31/2020,0:00,288.166
5/31/2020,6:00,287.038
5/31/2020,12:00,286.594
5/31/2020,18:00,287.572
6/1/2020,0:00,283.287
6/1/2020,6:00,281.466
6/1/2020,12:00,279.739
6/1/2020,18:00,281.704
6/2/2020,0:00,282.973
6/2/2020,6:00,279.39
6/2/2020,12:00,277.965
6/2/2020,18:00,280.9
6/3/2020,0:00,280.795
6/3/2020,6:00,279.08
6/3/2020,12:00,279.3
6/3/2020,18:00,282.867
6/4/2020,0:00,284.068
6/4/2020,6:00,283.418
6/4/2020,12:00,284.205
6/4/2020,18:00,287
6/5/2020,0:00,288.599
6/5/2020,6:00,288.541
6/5/2020,12:00,289.462
6/5/2020,18:00,290.7
6/6/2020,0:00,286.901
6/6/2020,6:00,284.341
6/6/2020,12:00,282.536
6/6/2020,18:00,282.703
6/7/2020,0:00,283.949
6/7/2020,6:00,284.717
6/7/2020,12:00,284.7
6/7/2020,18:00,285.361
6/8/2020,0:00,285.15
6/8/2020,6:00,284.038
6/8/2020,12:00,283.3
6/8/2020,18:00,287.234
6/9/2020,0:00,289.308
6/9/2020,6:00,288.395
6/9/2020,12:00,289.442
6/9/2020,18:00,292.063
6/10/2020,0:00,291.419
6/10/2020,6:00,291.081
6/10/2020,12:00,290.7
6/10/2020,18:00,292.119
6/11/2020,0:00,291.239
6/11/2020,6:00,291.305
6/11/2020,12:00,291.202
6/11/2020,18:00,292.524
6/12/2020,0:00,293.518
6/12/2020,6:00,293.172
6/12/2020,12:00,292.6
6/12/2020,18:00,294
6/13/2020,0:00,292.501
6/13/2020,6:00,291.817
6/13/2020,12:00,291.039
6/13/2020,18:00,287.2
6/14/2020,0:00,282.4
6/14/2020,6:00,279.503
6/14/2020,12:00,277.6
6/14/2020,18:00,279.4
6/15/2020,0:00,282
6/15/2020,6:00,281.924
6/15/2020,12:00,284.5
6/15/2020,18:00,288.151
6/16/2020,0:00,290.79
6/16/2020,6:00,290.19
6/16/2020,12:00,289.146
6/16/2020,18:00,290.645
6/17/2020,0:00,291
6/17/2020,6:00,290.136
6/17/2020,12:00,289.3
6/17/2020,18:00,290.9
6/18/2020,0:00,291.984
6/18/2020,6:00,291.263
6/18/2020,12:00,290.7
6/18/2020,18:00,291.724
6/19/2020,0:00,291.873
6/19/2020,6:00,290.997
6/19/2020,12:00,290.544
6/19/2020,18:00,292.425
6/20/2020,0:00,293.116
6/20/2020,6:00,291.334
6/20/2020,12:00,291.762
6/20/2020,18:00,291.922
6/21/2020,0:00,293.284
6/21/2020,6:00,290.954
6/21/2020,12:00,289.476
6/21/2020,18:00,291.648
6/22/2020,0:00,291.799
6/22/2020,6:00,290.294
6/22/2020,12:00,289.4
6/22/2020,18:00,291.8
6/23/2020,0:00,292.401
6/23/2020,6:00,291.474
6/23/2020,12:00,290.521
6/23/2020,18:00,291.7
6/24/2020,0:00,292.075
6/24/2020,6:00,290.051
6/24/2020,12:00,289.242
6/24/2020,18:00,290.62
6/25/2020,0:00,292.422
6/25/2020,6:00,290.781
6/25/2020,12:00,290.103
6/25/2020,18:00,285.6
6/26/2020,0:00,281.82
6/26/2020,6:00,279.539
6/26/2020,12:00,278.8
6/26/2020,18:00,280.054
6/27/2020,0:00,279.2
6/27/2020,6:00,277.291
6/27/2020,12:00,277.551
6/27/2020,18:00,279.71
6/28/2020,0:00,281.968
6/28/2020,6:00,279.381
6/28/2020,12:00,279.1
6/28/2020,18:00,282.3
6/29/2020,0:00,284.612
6/29/2020,6:00,284.188
6/29/2020,12:00,284.2
6/29/2020,18:00,285.1
6/30/2020,0:00,285.852
6/30/2020,6:00,287.22
6/30/2020,12:00,287.502
6/30/2020,18:00,286.377
7/1/2020,0:00,283.829
7/1/2020,6:00,280.856
7/1/2020,12:00,280.2
7/1/2020,18:00,281.3
7/2/2020,0:00,280.495
7/2/2020,6:00,277.812
7/2/2020,12:00,278.9
7/2/2020,18:00,279.9
7/3/2020,0:00,278.569
7/3/2020,6:00,276.232
7/3/2020,12:00,275.408
7/3/2020,18:00,278.1
7/4/2020,0:00,279.132
7/4/2020,6:00,278.6
7/4/2020,12:00,277.8
7/4/2020,18:00,281.415
7/5/2020,0:00,286.208
7/5/2020,6:00,287.404
7/5/2020,12:00,287.201
7/5/2020,18:00,288.9
7/6/2020,0:00,288.201
7/6/2020,6:00,288.156
7/6/2020,12:00,287.2
7/6/2020,18:00,287.767
7/7/2020,0:00,285.883
7/7/2020,6:00,284.067
7/7/2020,12:00,283.903
7/7/2020,18:00,284.842
7/8/2020,0:00,286
7/8/2020,6:00,285.275
7/8/2020,12:00,283.6
7/8/2020,18:00,282.805
7/9/2020,0:00,282.006
7/9/2020,6:00,280.712
7/9/2020,12:00,278.203
7/9/2020,18:00,280.904
7/10/2020,0:00,279.953
7/10/2020,6:00,279.206
7/10/2020,12:00,279.8
7/10/2020,18:00,282.901
7/11/2020,0:00,286.7
7/11/2020,6:00,286.47
7/11/2020,12:00,285.88
7/11/2020,18:00,287.5
7/12/2020,0:00,288.908
7/12/2020,6:00,289.099
7/12/2020,12:00,288.802
7/12/2020,18:00,290.416
7/13/2020,0:00,288.262
7/13/2020,6:00,288
7/13/2020,12:00,285.916
7/13/2020,18:00,287.3
7/14/2020,0:00,281.011
7/14/2020,6:00,278.553
7/14/2020,12:00,277.1
7/14/2020,18:00,279
7/15/2020,0:00,277.15
7/15/2020,6:00,276.366
7/15/2020,12:00,276.5
7/15/2020,18:00,280.352
7/16/2020,0:00,285.005
7/16/2020,6:00,284.39
7/16/2020,12:00,284.6
7/16/2020,18:00,286.292
7/17/2020,0:00,286.617
7/17/2020,6:00,286.868
7/17/2020,12:00,287.508
7/17/2020,18:00,290.108
7/18/2020,0:00,291.697
7/18/2020,6:00,290.24
7/18/2020,12:00,289.34
7/18/2020,18:00,291.3
7/19/2020,0:00,291.9
7/19/2020,6:00,290.3
7/19/2020,12:00,290.032
7/19/2020,18:00,291.518
7/20/2020,0:00,291.658
7/20/2020,6:00,290.133
7/20/2020,12:00,288.8
7/20/2020,18:00,290.933
7/21/2020,0:00,290.8
7/21/2020,6:00,288.994
7/21/2020,12:00,288.295
7/21/2020,18:00,290.139
7/22/2020,0:00,290.918
7/22/2020,6:00,289.654
7/22/2020,12:00,289
7/22/2020,18:00,290.913
7/23/2020,0:00,291.2
7/23/2020,6:00,289.773
7/23/2020,12:00,288.82
7/23/2020,18:00,291.6
7/24/2020,0:00,290.8
7/24/2020,6:00,290.256
7/24/2020,12:00,288.351
7/24/2020,18:00,289.876
7/25/2020,0:00,286.862
7/25/2020,6:00,280.782
7/25/2020,12:00,279.758
7/25/2020,18:00,279.909
7/26/2020,0:00,279.71
7/26/2020,6:00,277.94
7/26/2020,12:00,277.318
7/26/2020,18:00,280.628
7/27/2020,0:00,284.7
7/27/2020,6:00,286.7
7/27/2020,12:00,286.8
7/27/2020,18:00,288.551
7/28/2020,0:00,289.001
7/28/2020,6:00,287.486
7/28/2020,12:00,284.8
7/28/2020,18:00,283.8
7/29/2020,0:00,279.1
7/29/2020,6:00,275.821
7/29/2020,12:00,274.679
7/29/2020,18:00,277.3
7/30/2020,0:00,277.396
7/30/2020,6:00,275.9
7/30/2020,12:00,275.754
7/30/2020,18:00,281.993
7/31/2020,0:00,283.748
7/31/2020,6:00,283.104
7/31/2020,12:00,283.124
7/31/2020,18:00,285.499
8/1/2020,0:00,286.631
8/1/2020,6:00,286.5
8/1/2020,12:00,285.9
8/1/2020,18:00,289.1
8/2/2020,0:00,289.413
8/2/2020,6:00,288
8/2/2020,12:00,287.2
8/2/2020,18:00,289.9
8/3/2020,0:00,289.501
8/3/2020,6:00,286.884
8/3/2020,12:00,286.4
8/3/2020,18:00,289.12
8/4/2020,0:00,288.2
8/4/2020,6:00,286.648
8/4/2020,12:00,285.8
8/4/2020,18:00,288.687
8/5/2020,0:00,288.8
8/5/2020,6:00,287.148
8/5/2020,12:00,286.073
8/5/2020,18:00,288.571
8/6/2020,0:00,289.4
8/6/2020,6:00,286.993
8/6/2020,12:00,285.7
8/6/2020,18:00,288.8
8/7/2020,0:00,289.027
8/7/2020,6:00,287.266
8/7/2020,12:00,286.508
8/7/2020,18:00,289.9
8/8/2020,0:00,289.019
8/8/2020,6:00,286.919
8/8/2020,12:00,286.726
8/8/2020,18:00,290.252
8/9/2020,0:00,288.6
8/9/2020,6:00,287.3
8/9/2020,12:00,286.5
8/9/2020,18:00,289.619
8/10/2020,0:00,289.106
8/10/2020,6:00,287.1
8/10/2020,12:00,287.068
8/10/2020,18:00,290.2
8/11/2020,0:00,291.208
8/11/2020,6:00,290.169
8/11/2020,12:00,285.043
8/11/2020,18:00,284.501
8/12/2020,0:00,283.6
8/12/2020,6:00,280.4
8/12/2020,12:00,281.285
8/12/2020,18:00,284.4
8/13/2020,0:00,286.705
8/13/2020,6:00,286.6
8/13/2020,12:00,285.8
8/13/2020,18:00,287
8/14/2020,0:00,286.002
8/14/2020,6:00,285.5
8/14/2020,12:00,284.5
8/14/2020,18:00,288.122
8/15/2020,0:00,290
8/15/2020,6:00,288
8/15/2020,12:00,283.428
8/15/2020,18:00,286.605
8/16/2020,0:00,284.859
8/16/2020,6:00,282.7
8/16/2020,12:00,279.282
8/16/2020,18:00,283.9
8/17/2020,0:00,282.4
8/17/2020,6:00,280.829
8/17/2020,12:00,280.2
8/17/2020,18:00,285
8/18/2020,0:00,284.2
8/18/2020,6:00,284.2
8/18/2020,12:00,285.408
8/18/2020,18:00,290.504
8/19/2020,0:00,288.724
8/19/2020,6:00,286.6
8/19/2020,12:00,285.7
8/19/2020,18:00,287.695
8/20/2020,0:00,282.406
8/20/2020,6:00,279.494
8/20/2020,12:00,277.336
8/20/2020,18:00,278.81
8/21/2020,0:00,275.912
8/21/2020,6:00,273.261
8/21/2020,12:00,272.112
8/21/2020,18:00,277.1
8/22/2020,0:00,276.137
8/22/2020,6:00,274.7
8/22/2020,12:00,274.711
8/22/2020,18:00,279.947
8/23/2020,0:00,280.713
8/23/2020,6:00,279.807
8/23/2020,12:00,279.3
8/23/2020,18:00,284.201
8/24/2020,0:00,284.605
8/24/2020,6:00,283.517
8/24/2020,12:00,282.651
8/24/2020,18:00,285.904
8/25/2020,0:00,288.651
8/25/2020,6:00,288.014
8/25/2020,12:00,287.421
8/25/2020,18:00,289.649
8/26/2020,0:00,291.166
8/26/2020,6:00,288.917
8/26/2020,12:00,288.109
8/26/2020,18:00,290.5
8/27/2020,0:00,291.924
8/27/2020,6:00,288.673
8/27/2020,12:00,288.3
8/27/2020,18:00,291.8
8/28/2020,0:00,293.532
8/28/2020,6:00,290.6
8/28/2020,12:00,290.4
8/28/2020,18:00,292.967
8/29/2020,0:00,293.8
8/29/2020,6:00,291.633
8/29/2020,12:00,291
8/29/2020,18:00,294.439
8/30/2020,0:00,294.641
8/30/2020,6:00,290.405
8/30/2020,12:00,290.8
8/30/2020,18:00,289.605
8/31/2020,0:00,287.099
8/31/2020,6:00,286.798
8/31/2020,12:00,286.2
8/31/2020,18:00,287.336
9/1/2020,0:00,285.176
9/1/2020,6:00,284.149
9/1/2020,12:00,284.994
9/1/2020,18:00,289.589
9/2/2020,0:00,289.921
9/2/2020,6:00,289.538
9/2/2020,12:00,289.514
9/2/2020,18:00,292.033
9/3/2020,0:00,290.551
9/3/2020,6:00,285.278
9/3/2020,12:00,284.679
9/3/2020,18:00,285.473
9/4/2020,0:00,285.171
9/4/2020,6:00,282.197
9/4/2020,12:00,281.152
9/4/2020,18:00,286.396
9/5/2020,0:00,286.932
9/5/2020,6:00,286.184
9/5/2020,12:00,286.508
9/5/2020,18:00,293.2
9/6/2020,0:00,291.8
9/6/2020,6:00,291.013
9/6/2020,12:00,288.433
9/6/2020,18:00,290.9
9/7/2020,0:00,288.1
9/7/2020,6:00,286.4
9/7/2020,12:00,286.7
9/7/2020,18:00,286.561
9/8/2020,0:00,286.4
9/8/2020,6:00,284.3
9/8/2020,12:00,284.1
9/8/2020,18:00,287.7
9/9/2020,0:00,290.4
9/9/2020,6:00,290.558
9/9/2020,12:00,290.532
9/9/2020,18:00,294.301
9/10/2020,0:00,291.951
9/10/2020,6:00,290.539
9/10/2020,12:00,288.796
9/10/2020,18:00,292.2
9/11/2020,0:00,290.4
9/11/2020,6:00,290.7
9/11/2020,12:00,292.032
9/11/2020,18:00,296.1
9/12/2020,0:00,296.545
9/12/2020,6:00,294.5
9/12/2020,12:00,292.108
9/12/2020,18:00,295.326
9/13/2020,0:00,294.7
9/13/2020,6:00,293.341
9/13/2020,12:00,292.447
9/13/2020,18:00,294.7
9/14/2020,0:00,293.733
9/14/2020,6:00,290.784
9/14/2020,12:00,288.852
9/14/2020,18:00,288.6
9/15/2020,0:00,285.042
9/15/2020,6:00,284.313
9/15/2020,12:00,283.655
9/15/2020,18:00,284.552
9/16/2020,0:00,291.594
9/16/2020,6:00,289.543
9/16/2020,12:00,290.053
9/16/2020,18:00,291.1
9/17/2020,0:00,290.707
9/17/2020,6:00,287.887
9/17/2020,12:00,287.802
9/17/2020,18:00,291.6
9/18/2020,0:00,289.738
9/18/2020,6:00,287.238
9/18/2020,12:00,286.8
9/18/2020,18:00,291.924
9/19/2020,0:00,288.171
9/19/2020,6:00,286.719
9/19/2020,12:00,286.119
9/19/2020,18:00,290.874
9/20/2020,0:00,284.157
9/20/2020,6:00,279.956
9/20/2020,12:00,279.148
9/20/2020,18:00,283.633
9/21/2020,0:00,281.747
9/21/2020,6:00,278.139
9/21/2020,12:00,277.56
9/21/2020,18:00,283.867
9/22/2020,0:00,281.531
9/22/2020,6:00,279.274
9/22/2020,12:00,279.4
9/22/2020,18:00,286.988
9/23/2020,0:00,287.776
9/23/2020,6:00,286.101
9/23/2020,12:00,286.085
9/23/2020,18:00,291.002
9/24/2020,0:00,290.146
9/24/2020,6:00,288.308
9/24/2020,12:00,287.712
9/24/2020,18:00,292.859
9/25/2020,0:00,291.724
9/25/2020,6:00,289.947
9/25/2020,12:00,289.04
9/25/2020,18:00,294.252
9/26/2020,0:00,293.321
9/26/2020,6:00,292.095
9/26/2020,12:00,291.65
9/26/2020,18:00,297.233
9/27/2020,0:00,296.627
9/27/2020,6:00,295.548
9/27/2020,12:00,294.581
9/27/2020,18:00,295.2
9/28/2020,0:00,292.845
9/28/2020,6:00,287.73
9/28/2020,12:00,285.561
9/28/2020,18:00,287.882
9/29/2020,0:00,285.954
9/29/2020,6:00,283.328
9/29/2020,12:00,283.44
9/29/2020,18:00,289.7
9/30/2020,0:00,293.96
9/30/2020,6:00,292.838
9/30/2020,12:00,291.657
9/30/2020,18:00,296.381
10/1/2020,0:00,298.23
10/1/2020,6:00,297.229
10/1/2020,12:00,295.171
10/1/2020,18:00,300.285
10/2/2020,0:00,298.367
10/2/2020,6:00,297.439
10/2/2020,12:00,295.134
10/2/2020,18:00,299.465
10/3/2020,0:00,293.267
10/3/2020,6:00,291.02
10/3/2020,12:00,289.54
10/3/2020,18:00,290.086
10/4/2020,0:00,287.396
10/4/2020,6:00,288.039
10/4/2020,12:00,289.365
10/4/2020,18:00,294.193
10/5/2020,0:00,295.276
10/5/2020,6:00,291.993
10/5/2020,12:00,290.864
10/5/2020,18:00,292.703
10/6/2020,0:00,286.691
10/6/2020,6:00,284.932
10/6/2020,12:00,284.67
10/6/2020,18:00,291.389
10/7/2020,0:00,293.074
10/7/2020,6:00,291.845
10/7/2020,12:00,290.414
10/7/2020,18:00,294.35
10/8/2020,0:00,291.342
10/8/2020,6:00,290.209
10/8/2020,12:00,289.216
10/8/2020,18:00,290.322
10/9/2020,0:00,290.244
10/9/2020,6:00,286.015
10/9/2020,12:00,285.509
10/9/2020,18:00,290.306
10/10/2020,0:00,287.488
10/10/2020,6:00,285.241
10/10/2020,12:00,283.716
10/10/2020,18:00,289.891
10/11/2020,0:00,286.501
10/11/2020,6:00,284.603
10/11/2020,12:00,284.886
10/11/2020,18:00,293.169
10/12/2020,0:00,290.256
10/12/2020,6:00,287.368
10/12/2020,12:00,287.077
10/12/2020,18:00,294.939
10/13/2020,0:00,289.873
10/13/2020,6:00,285.359
10/13/2020,12:00,283.997
10/13/2020,18:00,290.971
10/14/2020,0:00,289.428
10/14/2020,6:00,286.777
10/14/2020,12:00,286.291
10/14/2020,18:00,294.318
10/15/2020,0:00,293.71
10/15/2020,6:00,289.442
10/15/2020,12:00,288.284
10/15/2020,18:00,293.43
10/16/2020,0:00,291.066
10/16/2020,6:00,289.099
10/16/2020,12:00,289.069
10/16/2020,18:00,294.854
10/17/2020,0:00,293.504
10/17/2020,6:00,291.739
10/17/2020,12:00,288.794
10/17/2020,18:00,293.776
10/18/2020,0:00,292.79
10/18/2020,6:00,292.235
10/18/2020,12:00,290.317
10/18/2020,18:00,291.75
10/19/2020,0:00,295.09
10/19/2020,6:00,291.326
10/19/2020,12:00,291.375
10/19/2020,18:00,297.162
10/20/2020,0:00,296.446
10/20/2020,6:00,293.476
10/20/2020,12:00,291.842
10/20/2020,18:00,298.472
10/21/2020,0:00,296.42
10/21/2020,6:00,290.862
10/21/2020,12:00,289.879
10/21/2020,18:00,296.57
10/22/2020,0:00,293.812
10/22/2020,6:00,292.188
10/22/2020,12:00,292.192
10/22/2020,18:00,296.998
10/23/2020,0:00,296.807
10/23/2020,6:00,295.255
10/23/2020,12:00,293.384
10/23/2020,18:00,295.956
10/24/2020,0:00,295.508
10/24/2020,6:00,293.492
10/24/2020,12:00,291.537
10/24/2020,18:00,296.26
10/25/2020,0:00,296.092
10/25/2020,6:00,292.697
10/25/2020,12:00,290.734
10/25/2020,18:00,298.502
10/26/2020,0:00,297.358
10/26/2020,6:00,295.582
10/26/2020,12:00,292.037
10/26/2020,18:00,293.873
10/27/2020,0:00,288.572
10/27/2020,6:00,286.508
10/27/2020,12:00,286.266
10/27/2020,18:00,292.212
10/28/2020,0:00,289.455
10/28/2020,6:00,285.94
10/28/2020,12:00,285.572
10/28/2020,18:00,293.368
10/29/2020,0:00,291.693
10/29/2020,6:00,288.287
10/29/2020,12:00,287.806
10/29/2020,18:00,291.1
10/30/2020,0:00,288.198
10/30/2020,6:00,284.847
10/30/2020,12:00,285.554
10/30/2020,18:00,288.42
10/31/2020,0:00,288.621
10/31/2020,6:00,286.967
10/31/2020,12:00,285.754
10/31/2020,18:00,292.536
11/1/2020,0:00,288.982
11/1/2020,6:00,285.509
11/1/2020,12:00,284.78
11/1/2020,18:00,291.963
11/2/2020,0:00,289.75
11/2/2020,6:00,285.911
11/2/2020,12:00,284.604
11/2/2020,18:00,292.86
11/3/2020,0:00,290.436
11/3/2020,6:00,286.288
11/3/2020,12:00,285.664
11/3/2020,18:00,293.644
11/4/2020,0:00,290.266
11/4/2020,6:00,285.88
11/4/2020,12:00,284.435
11/4/2020,18:00,290.137
11/5/2020,0:00,287.898
11/5/2020,6:00,283.067
11/5/2020,12:00,281.851
11/5/2020,18:00,289.519
11/6/2020,0:00,289.548
11/6/2020,6:00,285.482
11/6/2020,12:00,284.326
11/6/2020,18:00,293.541
11/7/2020,0:00,293.541
11/7/2020,6:00,290.179
11/7/2020,12:00,289.655
11/7/2020,18:00,297.413
11/8/2020,0:00,296.055
11/8/2020,6:00,291.617
11/8/2020,12:00,289.973
11/8/2020,18:00,297.897
11/9/2020,0:00,295.841
11/9/2020,6:00,291.61
11/9/2020,12:00,290.341
11/9/2020,18:00,292.144
11/10/2020,0:00,293.373
11/10/2020,6:00,291.208
11/10/2020,12:00,290.759
11/10/2020,18:00,297.052
11/11/2020,0:00,294.186
11/11/2020,6:00,291.972
11/11/2020,12:00,291.57
11/11/2020,18:00,298.72
11/12/2020,0:00,294.622
11/12/2020,6:00,291.71
11/12/2020,12:00,290.958
11/12/2020,18:00,297.574
11/13/2020,0:00,294.27
11/13/2020,6:00,291.508
11/13/2020,12:00,290.468
11/13/2020,18:00,298.123
11/14/2020,0:00,295.613
11/14/2020,6:00,292.888
11/14/2020,12:00,292.333
11/14/2020,18:00,300.584
11/15/2020,0:00,298.265
11/15/2020,6:00,294.688
11/15/2020,12:00,294.047
11/15/2020,18:00,295.958
11/16/2020,0:00,294.556
11/16/2020,6:00,292.813
11/16/2020,12:00,292.641
11/16/2020,18:00,297.292
11/17/2020,0:00,292.907
11/17/2020,6:00,289.27
11/17/2020,12:00,287.709
11/17/2020,18:00,292.895
11/18/2020,0:00,290.335
11/18/2020,6:00,286.791
11/18/2020,12:00,286.344
11/18/2020,18:00,291.402
11/19/2020,0:00,289.845
11/19/2020,6:00,286.533
11/19/2020,12:00,285.166
11/19/2020,18:00,293.643
11/20/2020,0:00,291.73
11/20/2020,6:00,287.683
11/20/2020,12:00,287.332
11/20/2020,18:00,295.009
11/21/2020,0:00,290.329
11/21/2020,6:00,287.011
11/21/2020,12:00,286.137
11/21/2020,18:00,294.355
11/22/2020,0:00,292.49
11/22/2020,6:00,289.275
11/22/2020,12:00,288.086
11/22/2020,18:00,296.935
11/23/2020,0:00,294.941
11/23/2020,6:00,291.548
11/23/2020,12:00,290.584
11/23/2020,18:00,297.745
11/24/2020,0:00,297.682
11/24/2020,6:00,293.732
11/24/2020,12:00,293.211
11/24/2020,18:00,298.655
11/25/2020,0:00,296.923
11/25/2020,6:00,294.005
11/25/2020,12:00,293.525
11/25/2020,18:00,301.357
11/26/2020,0:00,300.562
11/26/2020,6:00,295.173
11/26/2020,12:00,293.401
11/26/2020,18:00,293.608
11/27/2020,0:00,291.804
11/27/2020,6:00,291.661
11/27/2020,12:00,291.107
11/27/2020,18:00,296.226
11/28/2020,0:00,295.643
11/28/2020,6:00,293.831
11/28/2020,12:00,293.084
11/28/2020,18:00,297.808
11/29/2020,0:00,295.416
11/29/2020,6:00,293.561
11/29/2020,12:00,293.215
11/29/2020,18:00,297.832
11/30/2020,0:00,296.749
11/30/2020,6:00,294.035
11/30/2020,12:00,292.694
11/30/2020,18:00,291.568
12/1/2020,0:00,290.751
12/1/2020,6:00,290.413
12/1/2020,12:00,289.621
12/1/2020,18:00,295.751
12/2/2020,0:00,294.731
12/2/2020,6:00,293.223
12/2/2020,12:00,293.104
12/2/2020,18:00,299.355
12/3/2020,0:00,291.137
12/3/2020,6:00,292.061
12/3/2020,12:00,292.07
12/3/2020,18:00,293.78
12/4/2020,0:00,292.91
12/4/2020,6:00,289.73
12/4/2020,12:00,289.566
12/4/2020,18:00,295.318
12/5/2020,0:00,293.051
12/5/2020,6:00,290.07
12/5/2020,12:00,289.021
12/5/2020,18:00,293.766
12/6/2020,0:00,290.13
12/6/2020,6:00,288.019
12/6/2020,12:00,287.581
12/6/2020,18:00,292.193
12/7/2020,0:00,290.123
12/7/2020,6:00,288.43
12/7/2020,12:00,287.963
12/7/2020,18:00,294.722
12/8/2020,0:00,292.369
12/8/2020,6:00,289.806
12/8/2020,12:00,289.047
12/8/2020,18:00,295.945
12/9/2020,0:00,293.08
12/9/2020,6:00,289.845
12/9/2020,12:00,288.656
12/9/2020,18:00,296.33
12/10/2020,0:00,293.541
12/10/2020,6:00,290.724
12/10/2020,12:00,289.845
12/10/2020,18:00,298.598
12/11/2020,0:00,296.834
12/11/2020,6:00,293.986
12/11/2020,12:00,293.287
12/11/2020,18:00,300.15
12/12/2020,0:00,299.555
12/12/2020,6:00,294.944
12/12/2020,12:00,295.022
12/12/2020,18:00,301.137
12/13/2020,0:00,298.495
12/13/2020,6:00,294.838
12/13/2020,12:00,295.29
12/13/2020,18:00,301.03
12/14/2020,0:00,292.971
12/14/2020,6:00,291.906
12/14/2020,12:00,292.113
12/14/2020,18:00,297.375
12/15/2020,0:00,295.664
12/15/2020,6:00,292.858
12/15/2020,12:00,291.751
12/15/2020,18:00,299.128
12/16/2020,0:00,297.175
12/16/2020,6:00,294.407
12/16/2020,12:00,294.113
12/16/2020,18:00,300.702
12/17/2020,0:00,293.066
12/17/2020,6:00,291.808
12/17/2020,12:00,291.378
12/17/2020,18:00,296.096
12/18/2020,0:00,296.67
12/18/2020,6:00,293.487
12/18/2020,12:00,292.125
12/18/2020,18:00,299.012
12/19/2020,0:00,298.276
12/19/2020,6:00,296.359
12/19/2020,12:00,295.403
12/19/2020,18:00,295.774
12/20/2020,0:00,292.743
12/20/2020,6:00,293.744
12/20/2020,12:00,293.847
12/20/2020,18:00,293.513
12/21/2020,0:00,292.408
12/21/2020,6:00,288.81
12/21/2020,12:00,287.756
12/21/2020,18:00,293.333
12/22/2020,0:00,290.297
12/22/2020,6:00,286.553
12/22/2020,12:00,285.401
12/22/2020,18:00,293.012
12/23/2020,0:00,291.744
12/23/2020,6:00,287.686
12/23/2020,12:00,287.292
12/23/2020,18:00,296.35
12/24/2020,0:00,294.821
12/24/2020,6:00,292.137
12/24/2020,12:00,291.884
12/24/2020,18:00,298.474
12/25/2020,0:00,296.868
12/25/2020,6:00,293.857
12/25/2020,12:00,292.666
12/25/2020,18:00,297.854
12/26/2020,0:00,295.529
12/26/2020,6:00,293.807
12/26/2020,12:00,292.656
12/26/2020,18:00,296.414
12/27/2020,0:00,291.588
12/27/2020,6:00,292.053
12/27/2020,12:00,291.01
12/27/2020,18:00,295.311
12/28/2020,0:00,294.821
12/28/2020,6:00,292.887
12/28/2020,12:00,291.427
12/28/2020,18:00,298.333
12/29/2020,0:00,292.564
12/29/2020,6:00,292.65
12/29/2020,12:00,292.228
12/29/2020,18:00,297.648
12/30/2020,0:00,295.249
12/30/2020,6:00,293.661
12/30/2020,12:00,293.85
12/30/2020,18:00,300.426
12/31/2020,0:00,299.244
12/31/2020,6:00,295.901
12/31/2020,12:00,293.19
12/31/2020,18:00,297.113
1/1/2021,0:00,291.674
1/1/2021,6:00,287.779
1/1/2021,12:00,286.644
1/1/2021,18:00,294.009
1/2/2021,0:00,293.171
1/2/2021,6:00,289.941
1/2/2021,12:00,288.946
1/2/2021,18:00,297.185
1/3/2021,0:00,293.653
1/3/2021,6:00,289.759
1/3/2021,12:00,289.2
1/3/2021,18:00,296.11
1/4/2021,0:00,295.157
1/4/2021,6:00,292.337
1/4/2021,12:00,291.419
1/4/2021,18:00,296.297
1/5/2021,0:00,293.699
1/5/2021,6:00,292.926
1/5/2021,12:00,293.118
1/5/2021,18:00,292.208
1/6/2021,0:00,291.854
1/6/2021,6:00,290.779
1/6/2021,12:00,291.313
1/6/2021,18:00,297.363
1/7/2021,0:00,296.942
1/7/2021,6:00,294.335
1/7/2021,12:00,293.049
1/7/2021,18:00,294.492
1/8/2021,0:00,294.242
1/8/2021,6:00,292.407
1/8/2021,12:00,290.96
1/8/2021,18:00,297.993
1/9/2021,0:00,294.911
1/9/2021,6:00,292.653
1/9/2021,12:00,291.621
1/9/2021,18:00,298.451
1/10/2021,0:00,298.332
1/10/2021,6:00,294.348
1/10/2021,12:00,292.285
1/10/2021,18:00,298.389
1/11/2021,0:00,297.845
1/11/2021,6:00,295.547
1/11/2021,12:00,295.031
1/11/2021,18:00,299.683
1/12/2021,0:00,300.163
1/12/2021,6:00,294.102
1/12/2021,12:00,292.003
1/12/2021,18:00,299.32
1/13/2021,0:00,295.943
1/13/2021,6:00,292.844
1/13/2021,12:00,293.239
1/13/2021,18:00,297.371
1/14/2021,0:00,295.149
1/14/2021,6:00,291.702
1/14/2021,12:00,291.654
1/14/2021,18:00,296.152
1/15/2021,0:00,295.035
1/15/2021,6:00,293.074
1/15/2021,12:00,292.283
1/15/2021,18:00,297.723
1/16/2021,0:00,296.285
1/16/2021,6:00,294.57
1/16/2021,12:00,294.455
1/16/2021,18:00,298.27
1/17/2021,0:00,295.181
1/17/2021,6:00,294.322
1/17/2021,12:00,294.424
1/17/2021,18:00,295.4
1/18/2021,0:00,294.236
1/18/2021,6:00,289.605
1/18/2021,12:00,288.529
1/18/2021,18:00,293.232
1/19/2021,0:00,291.72
1/19/2021,6:00,289.612
1/19/2021,12:00,288.451
1/19/2021,18:00,294.933
1/20/2021,0:00,293.286
1/20/2021,6:00,291.512
1/20/2021,12:00,290.908
1/20/2021,18:00,295.37
1/21/2021,0:00,293.459
1/21/2021,6:00,291.881
1/21/2021,12:00,291.433
1/21/2021,18:00,294.768
1/22/2021,0:00,292.374
1/22/2021,6:00,292.213
1/22/2021,12:00,291.273
1/22/2021,18:00,295.011
1/23/2021,0:00,293.736
1/23/2021,6:00,291.802
1/23/2021,12:00,291.494
1/23/2021,18:00,296.815
1/24/2021,0:00,294.292
1/24/2021,6:00,292.754
1/24/2021,12:00,292.227
1/24/2021,18:00,297.062
1/25/2021,0:00,295.005
1/25/2021,6:00,293.255
1/25/2021,12:00,292.33
1/25/2021,18:00,296.634
1/26/2021,0:00,294.328
1/26/2021,6:00,293.083
1/26/2021,12:00,292.471
1/26/2021,18:00,294.947
1/27/2021,0:00,294.841
1/27/2021,6:00,293.803
1/27/2021,12:00,293.521
1/27/2021,18:00,293.938
1/28/2021,0:00,294.214
1/28/2021,6:00,293.337
1/28/2021,12:00,293.145
1/28/2021,18:00,295.744
1/29/2021,0:00,294.562
1/29/2021,6:00,293.499
1/29/2021,12:00,293.277
1/29/2021,18:00,295.155
1/30/2021,0:00,294.559
1/30/2021,6:00,293.426
1/30/2021,12:00,293.132
1/30/2021,18:00,296.802
1/31/2021,0:00,294.282
1/31/2021,6:00,292.448
1/31/2021,12:00,292.827
1/31/2021,18:00,292.76
2/1/2021,0:00,292.612
2/1/2021,6:00,292.044
2/1/2021,12:00,290.72
2/1/2021,18:00,295.394
2/2/2021,0:00,294.642
2/2/2021,6:00,293.974
2/2/2021,12:00,293.544
2/2/2021,18:00,297.444
2/3/2021,0:00,296.174
2/3/2021,6:00,294.68
2/3/2021,12:00,294.519
2/3/2021,18:00,297.052
2/4/2021,0:00,295.918
2/4/2021,6:00,291.612
2/4/2021,12:00,290.027
2/4/2021,18:00,292.212
2/5/2021,0:00,290.95
2/5/2021,6:00,287.166
2/5/2021,12:00,285.91
2/5/2021,18:00,290.322
2/6/2021,0:00,288.29
2/6/2021,6:00,285.098
2/6/2021,12:00,284.518
2/6/2021,18:00,290.546
2/7/2021,0:00,289.511
2/7/2021,6:00,287.378
2/7/2021,12:00,286.863
2/7/2021,18:00,292.877
2/8/2021,0:00,291.803
2/8/2021,6:00,290.31
2/8/2021,12:00,288.56
2/8/2021,18:00,294.214
2/9/2021,0:00,292.704
2/9/2021,6:00,289.765
2/9/2021,12:00,288.452
2/9/2021,18:00,294.655
2/10/2021,0:00,289.413
2/10/2021,6:00,289.012
2/10/2021,12:00,288.693
2/10/2021,18:00,293.908
2/11/2021,0:00,289.63
2/11/2021,6:00,289.606
2/11/2021,12:00,289.373
2/11/2021,18:00,293.701
2/12/2021,0:00,291.983
2/12/2021,6:00,290.135
2/12/2021,12:00,289.514
2/12/2021,18:00,294.12
2/13/2021,0:00,291.331
2/13/2021,6:00,290.22
2/13/2021,12:00,290.193
2/13/2021,18:00,294.984
2/14/2021,0:00,292.06
2/14/2021,6:00,289.928
2/14/2021,12:00,289.949
2/14/2021,18:00,295.117
2/15/2021,0:00,292.089
2/15/2021,6:00,290.54
2/15/2021,12:00,290.296
2/15/2021,18:00,294.86
2/16/2021,0:00,292.297
2/16/2021,6:00,289.87
2/16/2021,12:00,289.889
2/16/2021,18:00,293.704
2/17/2021,0:00,290.892
2/17/2021,6:00,289.027
2/17/2021,12:00,288.012
2/17/2021,18:00,292.932
2/18/2021,0:00,289.208
2/18/2021,6:00,287.663
2/18/2021,12:00,286.632
2/18/2021,18:00,292.421
2/19/2021,0:00,290.097
2/19/2021,6:00,288.728
2/19/2021,12:00,288.445
2/19/2021,18:00,294.055
2/20/2021,0:00,291.449
2/20/2021,6:00,289.206
2/20/2021,12:00,288.327
2/20/2021,18:00,294.461
2/21/2021,0:00,291.759
2/21/2021,6:00,290.963
2/21/2021,12:00,288.52
2/21/2021,18:00,294.483
2/22/2021,0:00,294.742
2/22/2021,6:00,292.059
2/22/2021,12:00,291.541
2/22/2021,18:00,295.568
2/23/2021,0:00,294.347
2/23/2021,6:00,293.056
2/23/2021,12:00,293.02
2/23/2021,18:00,297.168
2/24/2021,0:00,295.413
2/24/2021,6:00,291.564
2/24/2021,12:00,289.9
2/24/2021,18:00,294.149
2/25/2021,0:00,293.123
2/25/2021,6:00,289.877
2/25/2021,12:00,288.741
2/25/2021,18:00,294.12
2/26/2021,0:00,292.92
2/26/2021,6:00,290.904
2/26/2021,12:00,290.02
2/26/2021,18:00,294.895
2/27/2021,0:00,294.459
2/27/2021,6:00,293.241
2/27/2021,12:00,291.463
2/27/2021,18:00,295.104
2/28/2021,0:00,294.364
2/28/2021,6:00,291.046
2/28/2021,12:00,288.995
2/28/2021,18:00,293.573
3/1/2021,0:00,293.512
3/1/2021,6:00,290.745
3/1/2021,12:00,291.334
3/1/2021,18:00,295.835
3/2/2021,0:00,293.84
3/2/2021,6:00,292.52
3/2/2021,12:00,292.046
3/2/2021,18:00,296.458
3/3/2021,0:00,294.674
3/3/2021,6:00,293.286
3/3/2021,12:00,292.669
3/3/2021,18:00,296.6
3/4/2021,0:00,292.419
3/4/2021,6:00,291.421
3/4/2021,12:00,292.231
3/4/2021,18:00,294.642
3/5/2021,0:00,292.952
3/5/2021,6:00,291.078
3/5/2021,12:00,290.436
3/5/2021,18:00,293.921
3/6/2021,0:00,292.007
3/6/2021,6:00,289.829
3/6/2021,12:00,288.816
3/6/2021,18:00,292.891
3/7/2021,0:00,290.207
3/7/2021,6:00,288.231
3/7/2021,12:00,287.762
3/7/2021,18:00,293.713
3/8/2021,0:00,291.264
3/8/2021,6:00,288.743
3/8/2021,12:00,288.564
3/8/2021,18:00,294.95
3/9/2021,0:00,291.228
3/9/2021,6:00,288.572
3/9/2021,12:00,288.014
3/9/2021,18:00,293.175
3/10/2021,0:00,291.17
3/10/2021,6:00,287.67
3/10/2021,12:00,286.126
3/10/2021,18:00,291.556
3/11/2021,0:00,289.674
3/11/2021,6:00,287.45
3/11/2021,12:00,286.578
3/11/2021,18:00,292.912
3/12/2021,0:00,290.414
3/12/2021,6:00,287.948
3/12/2021,12:00,287.4
3/12/2021,18:00,293.46
3/13/2021,0:00,290.993
3/13/2021,6:00,288.646
3/13/2021,12:00,288.129
3/13/2021,18:00,294.034
3/14/2021,0:00,292.319
3/14/2021,6:00,290.115
3/14/2021,12:00,289.468
3/14/2021,18:00,295.134
3/15/2021,0:00,293.793
3/15/2021,6:00,290.662
3/15/2021,12:00,289.922
3/15/2021,18:00,295.302
3/16/2021,0:00,294.647
3/16/2021,6:00,291.721
3/16/2021,12:00,291.594
3/16/2021,18:00,297.431
3/17/2021,0:00,294.003
3/17/2021,6:00,293.565
3/17/2021,12:00,292.887
3/17/2021,18:00,296.75
3/18/2021,0:00,293.527
3/18/2021,6:00,287.856
3/18/2021,12:00,287.354
3/18/2021,18:00,291.801
3/19/2021,0:00,290.395
3/19/2021,6:00,288.576
3/19/2021,12:00,287.815
3/19/2021,18:00,293.949
3/20/2021,0:00,295.675
3/20/2021,6:00,294.203
3/20/2021,12:00,292.86
3/20/2021,18:00,296.372
3/21/2021,0:00,296.561
3/21/2021,6:00,293.065
3/21/2021,12:00,293.36
3/21/2021,18:00,295.992
3/22/2021,0:00,293.537
3/22/2021,6:00,292.1
3/22/2021,12:00,291.362
3/22/2021,18:00,295.714
3/23/2021,0:00,295.07
3/23/2021,6:00,291.894
3/23/2021,12:00,292.405
3/23/2021,18:00,293.641
3/24/2021,0:00,293.843
3/24/2021,6:00,293.007
3/24/2021,12:00,292.587
3/24/2021,18:00,296.477
3/25/2021,0:00,294.134
3/25/2021,6:00,292.43
3/25/2021,12:00,291.582
3/25/2021,18:00,297.206
3/26/2021,0:00,293.775
3/26/2021,6:00,292.663
3/26/2021,12:00,292.079
3/26/2021,18:00,295.205
3/27/2021,0:00,291.881
3/27/2021,6:00,291.936
3/27/2021,12:00,291.871
3/27/2021,18:00,293.965
3/28/2021,0:00,292.375
3/28/2021,6:00,291.816
3/28/2021,12:00,291.022
3/28/2021,18:00,291.36
3/29/2021,0:00,290.689
3/29/2021,6:00,289.596
3/29/2021,12:00,288.1
3/29/2021,18:00,290.215
3/30/2021,0:00,287.655
3/30/2021,6:00,286.086
3/30/2021,12:00,285.612
3/30/2021,18:00,291.152
3/31/2021,0:00,288.112
3/31/2021,6:00,286.197
3/31/2021,12:00,285.3
3/31/2021,18:00,290.412
4/1/2021,0:00,288.436
4/1/2021,6:00,285.387
4/1/2021,12:00,284.529
4/1/2021,18:00,290.4
4/2/2021,0:00,288.865
4/2/2021,6:00,286.347
4/2/2021,12:00,285.345
4/2/2021,18:00,291.872
4/3/2021,0:00,291.668
4/3/2021,6:00,288.688
4/3/2021,12:00,288.159
4/3/2021,18:00,294.9
4/4/2021,0:00,292.995
4/4/2021,6:00,290.881
4/4/2021,12:00,289.83
4/4/2021,18:00,295.929
4/5/2021,0:00,294.032
4/5/2021,6:00,292.103
4/5/2021,12:00,291.1
4/5/2021,18:00,294.79
4/6/2021,0:00,291.935
4/6/2021,6:00,290.612
4/6/2021,12:00,290.4
4/6/2021,18:00,292.7
4/7/2021,0:00,292.059
4/7/2021,6:00,290.407
4/7/2021,12:00,288.8
4/7/2021,18:00,294.3
4/8/2021,0:00,293.2
4/8/2021,6:00,291.45
4/8/2021,12:00,290.153
4/8/2021,18:00,294.455
4/9/2021,0:00,295.416
4/9/2021,6:00,292.916
4/9/2021,12:00,292.479
4/9/2021,18:00,297.345
4/10/2021,0:00,297.058
4/10/2021,6:00,294.512
4/10/2021,12:00,293.247
4/10/2021,18:00,299.1
4/11/2021,0:00,296.4
4/11/2021,6:00,294.336
4/11/2021,12:00,293.061
4/11/2021,18:00,298.921
4/12/2021,0:00,291.33
4/12/2021,6:00,288.4
4/12/2021,12:00,285.285
4/12/2021,18:00,290.2
4/13/2021,0:00,290.179
4/13/2021,6:00,286.799
4/13/2021,12:00,285.385
4/13/2021,18:00,291.536
4/14/2021,0:00,293.028
4/14/2021,6:00,288.815
4/14/2021,12:00,289.5
4/14/2021,18:00,292.758
4/15/2021,0:00,292.362
4/15/2021,6:00,289.964
4/15/2021,12:00,288.935
4/15/2021,18:00,294.801
4/16/2021,0:00,291.172
4/16/2021,6:00,290.314
4/16/2021,12:00,291
4/16/2021,18:00,291.191
4/17/2021,0:00,290.587
4/17/2021,6:00,288.508
4/17/2021,12:00,288.2
4/17/2021,18:00,292.743
4/18/2021,0:00,291.633
4/18/2021,6:00,289.242
4/18/2021,12:00,287.98
4/18/2021,18:00,292.3
4/19/2021,0:00,291.806
4/19/2021,6:00,288.544
4/19/2021,12:00,287.835
4/19/2021,18:00,292.749
4/20/2021,0:00,291.208
4/20/2021,6:00,288.015
4/20/2021,12:00,286.715
4/20/2021,18:00,293.215
4/21/2021,0:00,291.863
4/21/2021,6:00,289.1
4/21/2021,12:00,287.958
4/21/2021,18:00,293.342
4/22/2021,0:00,292.201
4/22/2021,6:00,289.024
4/22/2021,12:00,287.805
4/22/2021,18:00,293.036
4/23/2021,0:00,292.015
4/23/2021,6:00,289.829
4/23/2021,12:00,288.042
4/23/2021,18:00,293.403
4/24/2021,0:00,293.103
4/24/2021,6:00,292.212
4/24/2021,12:00,290.499
4/24/2021,18:00,290.271
4/25/2021,0:00,290.082
4/25/2021,6:00,289.821
4/25/2021,12:00,289.555
4/25/2021,18:00,290.647
4/26/2021,0:00,289.107
4/26/2021,6:00,285.096
4/26/2021,12:00,283.055
4/26/2021,18:00,287.865
4/27/2021,0:00,286.637
4/27/2021,6:00,283.646
4/27/2021,12:00,282.479
4/27/2021,18:00,287.401
4/28/2021,0:00,285.5
4/28/2021,6:00,282.594
4/28/2021,12:00,281.594
4/28/2021,18:00,287.542
4/29/2021,0:00,285.921
4/29/2021,6:00,283.17
4/29/2021,12:00,281.963
4/29/2021,18:00,288.427
4/30/2021,0:00,288.8
4/30/2021,6:00,286.1
4/30/2021,12:00,285.218
4/30/2021,18:00,290.984
5/1/2021,0:00,290.1
5/1/2021,6:00,287.8
5/1/2021,12:00,286.888
5/1/2021,18:00,292
5/2/2021,0:00,291.427
5/2/2021,6:00,289.227
5/2/2021,12:00,288.512
5/2/2021,18:00,292.912
5/3/2021,0:00,292.345
5/3/2021,6:00,290.809
5/3/2021,12:00,291.209
5/3/2021,18:00,296.261
5/4/2021,0:00,295.4
5/4/2021,6:00,293.5
5/4/2021,12:00,292.017
5/4/2021,18:00,297.601
5/5/2021,0:00,293.402
5/5/2021,6:00,290.519
5/5/2021,12:00,289.388
5/5/2021,18:00,288.717
5/6/2021,0:00,284.935
5/6/2021,6:00,284.652
5/6/2021,12:00,283.506
5/6/2021,18:00,283.701
5/7/2021,0:00,281.729
5/7/2021,6:00,279.7
5/7/2021,12:00,278.89
5/7/2021,18:00,282.924
5/8/2021,0:00,283.094
5/8/2021,6:00,281.603
5/8/2021,12:00,281.03
5/8/2021,18:00,286.301
5/9/2021,0:00,286.703
5/9/2021,6:00,285
5/9/2021,12:00,284.539
5/9/2021,18:00,289.361
5/10/2021,0:00,289.742
5/10/2021,6:00,288.656
5/10/2021,12:00,287.23
5/10/2021,18:00,290.235
5/11/2021,0:00,289.366
5/11/2021,6:00,287.434
5/11/2021,12:00,286.619
5/11/2021,18:00,287.053
5/12/2021,0:00,286.435
5/12/2021,6:00,285.019
5/12/2021,12:00,281.921
5/12/2021,18:00,283.708
5/13/2021,0:00,282.94
5/13/2021,6:00,281.1
5/13/2021,12:00,280.32
5/13/2021,18:00,285.372
5/14/2021,0:00,285.653
5/14/2021,6:00,283.948
5/14/2021,12:00,283.719
5/14/2021,18:00,287.524
5/15/2021,0:00,287.435
5/15/2021,6:00,285.319
5/15/2021,12:00,284.348
5/15/2021,18:00,289.005
5/16/2021,0:00,287.918
5/16/2021,6:00,286
5/16/2021,12:00,285.9
5/16/2021,18:00,290.175
5/17/2021,0:00,288.924
5/17/2021,6:00,286.722
5/17/2021,12:00,285.113
5/17/2021,18:00,289.182
5/18/2021,0:00,287.288
5/18/2021,6:00,284.398
5/18/2021,12:00,283.041
5/18/2021,18:00,286.819
5/19/2021,0:00,286.135
5/19/2021,6:00,284.043
5/19/2021,12:00,283.434
5/19/2021,18:00,288.131
5/20/2021,0:00,289.119
5/20/2021,6:00,287.525
5/20/2021,12:00,285.981
5/20/2021,18:00,289.256
5/21/2021,0:00,289.815
5/21/2021,6:00,289.309
5/21/2021,12:00,288.61
5/21/2021,18:00,291.37
5/22/2021,0:00,290.749
5/22/2021,6:00,288.931
5/22/2021,12:00,288.724
5/22/2021,18:00,288.049
5/23/2021,0:00,283.9
5/23/2021,6:00,281.757
5/23/2021,12:00,280.352
5/23/2021,18:00,282.212
5/24/2021,0:00,283.905
5/24/2021,6:00,282.888
5/24/2021,12:00,279.958
5/24/2021,18:00,282.805
5/25/2021,0:00,282.558
5/25/2021,6:00,280.804
5/25/2021,12:00,280.106
5/25/2021,18:00,284.256
5/26/2021,0:00,284.089
5/26/2021,6:00,282.393
5/26/2021,12:00,281.619
5/26/2021,18:00,285.833
5/27/2021,0:00,287.346
5/27/2021,6:00,286.076
5/27/2021,12:00,285
5/27/2021,18:00,288.949
5/28/2021,0:00,290.218
5/28/2021,6:00,289.421
5/28/2021,12:00,289.028
5/28/2021,18:00,289.877
5/29/2021,0:00,292.386
5/29/2021,6:00,289.7
5/29/2021,12:00,290.205
5/29/2021,18:00,289.724
5/30/2021,0:00,285.212
5/30/2021,6:00,282.049
5/30/2021,12:00,280.531
5/30/2021,18:00,282.658
5/31/2021,0:00,281.642
5/31/2021,6:00,279.514
5/31/2021,12:00,279.342
5/31/2021,18:00,282.996
6/1/2021,0:00,284.3
6/1/2021,6:00,283.365
6/1/2021,12:00,282.396
6/1/2021,18:00,286.132
6/2/2021,0:00,288.106
6/2/2021,6:00,287.143
6/2/2021,12:00,286.705
6/2/2021,18:00,290.032
6/3/2021,0:00,288.461
6/3/2021,6:00,285.917
6/3/2021,12:00,285.404
6/3/2021,18:00,288.883
6/4/2021,0:00,291.142
6/4/2021,6:00,290.598
6/4/2021,12:00,290.233
6/4/2021,18:00,293.335
6/5/2021,0:00,293.152
6/5/2021,6:00,290.895
6/5/2021,12:00,290.879
6/5/2021,18:00,293.574
6/6/2021,0:00,294.611
6/6/2021,6:00,290.055
6/6/2021,12:00,290.148
6/6/2021,18:00,290.979
6/7/2021,0:00,290
6/7/2021,6:00,288.151
6/7/2021,12:00,287.531
6/7/2021,18:00,289.267
6/8/2021,0:00,289.045
6/8/2021,6:00,288.514
6/8/2021,12:00,288.62
6/8/2021,18:00,288.712
6/9/2021,0:00,288.909
6/9/2021,6:00,287.937
6/9/2021,12:00,286.537
6/9/2021,18:00,288.755
6/10/2021,0:00,289.537
6/10/2021,6:00,288.402
6/10/2021,12:00,288.397
6/10/2021,18:00,289.117
6/11/2021,0:00,287.863
6/11/2021,6:00,285.972
6/11/2021,12:00,283.05
6/11/2021,18:00,285.3
6/12/2021,0:00,283.8
6/12/2021,6:00,281.295
6/12/2021,12:00,280.825
6/12/2021,18:00,284.09
6/13/2021,0:00,284.654
6/13/2021,6:00,283.114
6/13/2021,12:00,282.551
6/13/2021,18:00,285.329
6/14/2021,0:00,286.464
6/14/2021,6:00,285.201
6/14/2021,12:00,284.301
6/14/2021,18:00,287.2
6/15/2021,0:00,287.302
6/15/2021,6:00,285.507
6/15/2021,12:00,284.57
6/15/2021,18:00,287.304
6/16/2021,0:00,284.131
6/16/2021,6:00,282.105
6/16/2021,12:00,281.432
6/16/2021,18:00,283.084
6/17/2021,0:00,281.358
6/17/2021,6:00,279.298
6/17/2021,12:00,277.5
6/17/2021,18:00,280
6/18/2021,0:00,280.445
6/18/2021,6:00,278.904
6/18/2021,12:00,278.803
6/18/2021,18:00,281.495
6/19/2021,0:00,283.948
6/19/2021,6:00,283.506
6/19/2021,12:00,284.171
6/19/2021,18:00,284.462
6/20/2021,0:00,283.451
6/20/2021,6:00,282.908
6/20/2021,12:00,282.578
6/20/2021,18:00,283.673
6/21/2021,0:00,283.398
6/21/2021,6:00,282.288
6/21/2021,12:00,282.218
6/21/2021,18:00,284.51
6/22/2021,0:00,284.413
6/22/2021,6:00,283.623
6/22/2021,12:00,285.227
6/22/2021,18:00,287
6/23/2021,0:00,285.59
6/23/2021,6:00,284.92
6/23/2021,12:00,285.23
6/23/2021,18:00,287.506
6/24/2021,0:00,289.864
6/24/2021,6:00,289.05
6/24/2021,12:00,288.313
6/24/2021,18:00,288.211
6/25/2021,0:00,286.697
6/25/2021,6:00,283.1
6/25/2021,12:00,282.26
6/25/2021,18:00,284.263
6/26/2021,0:00,287.405
6/26/2021,6:00,287.885
6/26/2021,12:00,288.203
6/26/2021,18:00,290.791
6/27/2021,0:00,289.7
6/27/2021,6:00,286.269
6/27/2021,12:00,282.783
6/27/2021,18:00,281.205
6/28/2021,0:00,279.8
6/28/2021,6:00,277.031
6/28/2021,12:00,274.397
6/28/2021,18:00,276.3
6/29/2021,0:00,275.579
6/29/2021,6:00,273.817
6/29/2021,12:00,273.605
6/29/2021,18:00,275.628
6/30/2021,0:00,275.543
6/30/2021,6:00,275.127
6/30/2021,12:00,274.503
6/30/2021,18:00,278.112
7/1/2021,0:00,279.699
7/1/2021,6:00,278.761
7/1/2021,12:00,278.577
7/1/2021,18:00,281.375
7/2/2021,0:00,282.293
7/2/2021,6:00,281.01
7/2/2021,12:00,280.219
7/2/2021,18:00,283.368
7/3/2021,0:00,283.615
7/3/2021,6:00,282.651
7/3/2021,12:00,281.368
7/3/2021,18:00,283.748
7/4/2021,0:00,283.222
7/4/2021,6:00,281.573
7/4/2021,12:00,281.308
7/4/2021,18:00,283.572
7/5/2021,0:00,284.778
7/5/2021,6:00,284.522
7/5/2021,12:00,283.816
7/5/2021,18:00,287.156
7/6/2021,0:00,287.777
7/6/2021,6:00,286.266
7/6/2021,12:00,285.398
7/6/2021,18:00,288.172
7/7/2021,0:00,287.221
7/7/2021,6:00,285.837
7/7/2021,12:00,284.774
7/7/2021,18:00,286.664
7/8/2021,0:00,287.5
7/8/2021,6:00,285.922
7/8/2021,12:00,285.061
7/8/2021,18:00,288.278
7/9/2021,0:00,287.31
7/9/2021,6:00,285.624
7/9/2021,12:00,284.025
7/9/2021,18:00,286.793
7/10/2021,0:00,287.01
7/10/2021,6:00,285.39
7/10/2021,12:00,284.106
7/10/2021,18:00,287.088
7/11/2021,0:00,290.182
7/11/2021,6:00,287.483
7/11/2021,12:00,286.81
7/11/2021,18:00,290.111
7/12/2021,0:00,289.816
7/12/2021,6:00,287.781
7/12/2021,12:00,286.401
7/12/2021,18:00,288.275
7/13/2021,0:00,289.073
7/13/2021,6:00,287.9
7/13/2021,12:00,287.4
7/13/2021,18:00,289.885
7/14/2021,0:00,290.803
7/14/2021,6:00,288.92
7/14/2021,12:00,288.452
7/14/2021,18:00,290.851
7/15/2021,0:00,292.102
7/15/2021,6:00,290.053
7/15/2021,12:00,288.25
7/15/2021,18:00,288.348
7/16/2021,0:00,285.53
7/16/2021,6:00,284.569
7/16/2021,12:00,282.142
7/16/2021,18:00,285.002
7/17/2021,0:00,284.017
7/17/2021,6:00,283.017
7/17/2021,12:00,281.884
7/17/2021,18:00,284.668
7/18/2021,0:00,281.994
7/18/2021,6:00,277.235
7/18/2021,12:00,274.801
7/18/2021,18:00,278
7/19/2021,0:00,276.232
7/19/2021,6:00,274.133
7/19/2021,12:00,273.223
7/19/2021,18:00,276.569
7/20/2021,0:00,278.035
7/20/2021,6:00,276.701
7/20/2021,12:00,276.6
7/20/2021,18:00,279.506
7/21/2021,0:00,280.699
7/21/2021,6:00,279.132
7/21/2021,12:00,278.837
7/21/2021,18:00,283.463
7/22/2021,0:00,285.263
7/22/2021,6:00,284.1
7/22/2021,12:00,284.119
7/22/2021,18:00,287.997
7/23/2021,0:00,289.155
7/23/2021,6:00,287.516
7/23/2021,12:00,286.511
7/23/2021,18:00,289.116
7/24/2021,0:00,289.261
7/24/2021,6:00,287.366
7/24/2021,12:00,286.922
7/24/2021,18:00,290.034
7/25/2021,0:00,290.624
7/25/2021,6:00,288.621
7/25/2021,12:00,288.661
7/25/2021,18:00,290.623
7/26/2021,0:00,292.461
7/26/2021,6:00,292.225
7/26/2021,12:00,290.406
7/26/2021,18:00,291.847
7/27/2021,0:00,289.315
7/27/2021,6:00,286.505
7/27/2021,12:00,281.899
7/27/2021,18:00,282.211
7/28/2021,0:00,276.598
7/28/2021,6:00,274.477
7/28/2021,12:00,272.977
7/28/2021,18:00,277.032
7/29/2021,0:00,275.855
7/29/2021,6:00,272.119
7/29/2021,12:00,270.955
7/29/2021,18:00,275.128
7/30/2021,0:00,275.745
7/30/2021,6:00,273.724
7/30/2021,12:00,273.325
7/30/2021,18:00,277.912
7/31/2021,0:00,279.034
7/31/2021,6:00,278.181
7/31/2021,12:00,277.942
7/31/2021,18:00,282.355
8/1/2021,0:00,284.068
8/1/2021,6:00,282.74
8/1/2021,12:00,281.039
8/1/2021,18:00,284.851
8/2/2021,0:00,283.683
8/2/2021,6:00,280.913
8/2/2021,12:00,279.737
8/2/2021,18:00,283.657
8/3/2021,0:00,281.563
8/3/2021,6:00,279.309
8/3/2021,12:00,278.798
8/3/2021,18:00,282.945
8/4/2021,0:00,283.436
8/4/2021,6:00,281.378
8/4/2021,12:00,280.993
8/4/2021,18:00,285.215
8/5/2021,0:00,284.993
8/5/2021,6:00,284.4
8/5/2021,12:00,283.575
8/5/2021,18:00,286.495
8/6/2021,0:00,287.924
8/6/2021,6:00,287.812
8/6/2021,12:00,286.041
8/6/2021,18:00,289.241
8/7/2021,0:00,289.5
8/7/2021,6:00,287.9
8/7/2021,12:00,287.6
8/7/2021,18:00,290.5
8/8/2021,0:00,291.023
8/8/2021,6:00,288.602
8/8/2021,12:00,287.979
8/8/2021,18:00,291.505
8/9/2021,0:00,291
8/9/2021,6:00,289.621
8/9/2021,12:00,288.815
8/9/2021,18:00,291.8
8/10/2021,0:00,290.205
8/10/2021,6:00,286.183
8/10/2021,12:00,285.376
8/10/2021,18:00,285.339
8/11/2021,0:00,284.786
8/11/2021,6:00,283.38
8/11/2021,12:00,280.31
8/11/2021,18:00,281.919
8/12/2021,0:00,279.61
8/12/2021,6:00,277.072
8/12/2021,12:00,276.929
8/12/2021,18:00,280.15
8/13/2021,0:00,280.6
8/13/2021,6:00,279.456
8/13/2021,12:00,279.546
8/13/2021,18:00,284.775
8/14/2021,0:00,287.124
8/14/2021,6:00,283.565
8/14/2021,12:00,283.303
8/14/2021,18:00,287.451
8/15/2021,0:00,287.154
8/15/2021,6:00,285.344
8/15/2021,12:00,284.542
8/15/2021,18:00,288.884
8/16/2021,0:00,287.084
8/16/2021,6:00,285.011
8/16/2021,12:00,285.318
8/16/2021,18:00,290.736
8/17/2021,0:00,290.212
8/17/2021,6:00,289.115
8/17/2021,12:00,288.382
8/17/2021,18:00,293.345
8/18/2021,0:00,294.005
8/18/2021,6:00,292.5
8/18/2021,12:00,291.969
8/18/2021,18:00,295.458
8/19/2021,0:00,294.968
8/19/2021,6:00,294.703
8/19/2021,12:00,293.148
8/19/2021,18:00,295.402
8/20/2021,0:00,294.951
8/20/2021,6:00,294.047
8/20/2021,12:00,293.3
8/20/2021,18:00,294.605
8/21/2021,0:00,293.603
8/21/2021,6:00,289.716
8/21/2021,12:00,288.073
8/21/2021,18:00,293.965
8/22/2021,0:00,294.19
8/22/2021,6:00,293.298
8/22/2021,12:00,290.999
8/22/2021,18:00,293.903
8/23/2021,0:00,294.118
8/23/2021,6:00,293.535
8/23/2021,12:00,290.435
8/23/2021,18:00,293.884
8/24/2021,0:00,294.653
8/24/2021,6:00,292.931
8/24/2021,12:00,292.997
8/24/2021,18:00,296.427
8/25/2021,0:00,290.847
8/25/2021,6:00,289.341
8/25/2021,12:00,289.61
8/25/2021,18:00,293.234
8/26/2021,0:00,287.781
8/26/2021,6:00,286.086
8/26/2021,12:00,284
8/26/2021,18:00,284.125
8/27/2021,0:00,285.914
8/27/2021,6:00,281.799
8/27/2021,12:00,280.8
8/27/2021,18:00,285.478
8/28/2021,0:00,284.943
8/28/2021,6:00,283.839
8/28/2021,12:00,283.557
8/28/2021,18:00,288.392
8/29/2021,0:00,288.022
8/29/2021,6:00,286.844
8/29/2021,12:00,286.1
8/29/2021,18:00,291.275
8/30/2021,0:00,289.708
8/30/2021,6:00,287.541
8/30/2021,12:00,286.459
8/30/2021,18:00,290.965
8/31/2021,0:00,289.759
8/31/2021,6:00,287.743
8/31/2021,12:00,287.02
8/31/2021,18:00,290.746
9/1/2021,0:00,290.659
9/1/2021,6:00,289.105
9/1/2021,12:00,287.786
9/1/2021,18:00,291.224
9/2/2021,0:00,291.705
9/2/2021,6:00,290.219
9/2/2021,12:00,289.204
9/2/2021,18:00,293.237
9/3/2021,0:00,291.729
9/3/2021,6:00,290.722
9/3/2021,12:00,288.445
9/3/2021,18:00,292.963
9/4/2021,0:00,290.797
9/4/2021,6:00,288.334
9/4/2021,12:00,287.635
9/4/2021,18:00,292.588
9/5/2021,0:00,290.836
9/5/2021,6:00,289.308
9/5/2021,12:00,288.507
9/5/2021,18:00,292.053
9/6/2021,0:00,287.211
9/6/2021,6:00,285.621
9/6/2021,12:00,285.2
9/6/2021,18:00,289
9/7/2021,0:00,289.99
9/7/2021,6:00,289.006
9/7/2021,12:00,289.088
9/7/2021,18:00,292.176
9/8/2021,0:00,295.808
9/8/2021,6:00,297.289
9/8/2021,12:00,289.396
9/8/2021,18:00,289
9/9/2021,0:00,287.4
9/9/2021,6:00,283.451
9/9/2021,12:00,282.396
9/9/2021,18:00,284.785
9/10/2021,0:00,283.2
9/10/2021,6:00,281.336
9/10/2021,12:00,280.185
9/10/2021,18:00,285.118
9/11/2021,0:00,283.491
9/11/2021,6:00,281.911
9/11/2021,12:00,281.266
9/11/2021,18:00,287.195
9/12/2021,0:00,287.703
9/12/2021,6:00,287.7
9/12/2021,12:00,287.908
9/12/2021,18:00,294.7
9/13/2021,0:00,295.758
9/13/2021,6:00,294.825
9/13/2021,12:00,291.636
9/13/2021,18:00,291.214
9/14/2021,0:00,293.399
9/14/2021,6:00,292.13
9/14/2021,12:00,291.29
9/14/2021,18:00,290.982
9/15/2021,0:00,286.742
9/15/2021,6:00,281.609
9/15/2021,12:00,280.386
9/15/2021,18:00,284.314
9/16/2021,0:00,286.008
9/16/2021,6:00,282.651
9/16/2021,12:00,281.394
9/16/2021,18:00,287.763
9/17/2021,0:00,288.342
9/17/2021,6:00,287.698
9/17/2021,12:00,287.443
9/17/2021,18:00,288.508
9/18/2021,0:00,289.448
9/18/2021,6:00,288.16
9/18/2021,12:00,288.831
9/18/2021,18:00,293.811
9/19/2021,0:00,292.254
9/19/2021,6:00,290.893
9/19/2021,12:00,291.238
9/19/2021,18:00,296.643
9/20/2021,0:00,296.5
9/20/2021,6:00,295.8
9/20/2021,12:00,294.58
9/20/2021,18:00,299.091
9/21/2021,0:00,295.055
9/21/2021,6:00,292.522
9/21/2021,12:00,291.294
9/21/2021,18:00,289.219
9/22/2021,0:00,286.396
9/22/2021,6:00,281.578
9/22/2021,12:00,280.727
9/22/2021,18:00,285.732
9/23/2021,0:00,289.536
9/23/2021,6:00,287.706
9/23/2021,12:00,286.602
9/23/2021,18:00,289.58
9/24/2021,0:00,288.384
9/24/2021,6:00,285.874
9/24/2021,12:00,285.8
9/24/2021,18:00,287.704
9/25/2021,0:00,285.6
9/25/2021,6:00,283.3
9/25/2021,12:00,282.659
9/25/2021,18:00,289.18
9/26/2021,0:00,287.507
9/26/2021,6:00,285.846
9/26/2021,12:00,285.424
9/26/2021,18:00,292.782
9/27/2021,0:00,290.118
9/27/2021,6:00,288.8
9/27/2021,12:00,288.086
9/27/2021,18:00,295.964
9/28/2021,0:00,294.854
9/28/2021,6:00,291.9
9/28/2021,12:00,291.279
9/28/2021,18:00,296.116
9/29/2021,0:00,290.335
9/29/2021,6:00,289.74
9/29/2021,12:00,288.878
9/29/2021,18:00,291.987
9/30/2021,0:00,290.442
9/30/2021,6:00,288.654
9/30/2021,12:00,289.295
9/30/2021,18:00,295.065
10/1/2021,0:00,294.328
10/1/2021,6:00,291.626
10/1/2021,12:00,290.405
10/1/2021,18:00,289.224
10/2/2021,0:00,289.505
10/2/2021,6:00,288.993
10/2/2021,12:00,289.408
10/2/2021,18:00,291.015
10/3/2021,0:00,289.922
10/3/2021,6:00,289.416
10/3/2021,12:00,289.748
10/3/2021,18:00,291.732
10/4/2021,0:00,289.36
10/4/2021,6:00,287.613
10/4/2021,12:00,286.131
10/4/2021,18:00,287.163
10/5/2021,0:00,284.236
10/5/2021,6:00,281.745
10/5/2021,12:00,281.383
10/5/2021,18:00,288.399
10/6/2021,0:00,289.87
10/6/2021,6:00,288.655
10/6/2021,12:00,289.053
10/6/2021,18:00,291.116
10/7/2021,0:00,289.304
10/7/2021,6:00,286.715
10/7/2021,12:00,283.836
10/7/2021,18:00,286.576
10/8/2021,0:00,286.521
10/8/2021,6:00,284.21
10/8/2021,12:00,284.874
10/8/2021,18:00,290.005
10/9/2021,0:00,289.505
10/9/2021,6:00,289.279
10/9/2021,12:00,289.516
10/9/2021,18:00,291.358
10/10/2021,0:00,290.518
10/10/2021,6:00,290.146
10/10/2021,12:00,288.824
10/10/2021,18:00,290.578
10/11/2021,0:00,290.132
10/11/2021,6:00,289.294
10/11/2021,12:00,288.694
10/11/2021,18:00,290.795
10/12/2021,0:00,289.207
10/12/2021,6:00,288.129
10/12/2021,12:00,287.578
10/12/2021,18:00,293.085
10/13/2021,0:00,290.245
10/13/2021,6:00,289.095
10/13/2021,12:00,288.677
10/13/2021,18:00,293.308
10/14/2021,0:00,292.105
10/14/2021,6:00,290.385
10/14/2021,12:00,290.56
10/14/2021,18:00,292.588
10/15/2021,0:00,294.273
10/15/2021,6:00,292.405
10/15/2021,12:00,290.807
10/15/2021,18:00,291.423
10/16/2021,0:00,287.442
10/16/2021,6:00,286.285
10/16/2021,12:00,285.963
10/16/2021,18:00,286.6
10/17/2021,0:00,287.561
10/17/2021,6:00,284.083
10/17/2021,12:00,283.372
10/17/2021,18:00,287.17
10/18/2021,0:00,288.413
10/18/2021,6:00,284.06
10/18/2021,12:00,283.461
10/18/2021,18:00,290.647
10/19/2021,0:00,287.933
10/19/2021,6:00,284.84
10/19/2021,12:00,284.407
10/19/2021,18:00,290.961
10/20/2021,0:00,287.061
10/20/2021,6:00,284
10/20/2021,12:00,283.461
10/20/2021,18:00,290.394
10/21/2021,0:00,288.9
10/21/2021,6:00,285.713
10/21/2021,12:00,285.3
10/21/2021,18:00,291.914
10/22/2021,0:00,289.333
10/22/2021,6:00,287.431
10/22/2021,12:00,286.766
10/22/2021,18:00,294.165
10/23/2021,0:00,292.457
10/23/2021,6:00,289.993
10/23/2021,12:00,289.392
10/23/2021,18:00,289.809
10/24/2021,0:00,289.228
10/24/2021,6:00,287.458
10/24/2021,12:00,285.688
10/24/2021,18:00,288.19
10/25/2021,0:00,286.26
10/25/2021,6:00,283.992
10/25/2021,12:00,283.556
10/25/2021,18:00,290.753
10/26/2021,0:00,290.133
10/26/2021,6:00,288.394
10/26/2021,12:00,287.773
10/26/2021,18:00,294.903
10/27/2021,0:00,292.532
10/27/2021,6:00,290.302
10/27/2021,12:00,289.653
10/27/2021,18:00,297.607
10/28/2021,0:00,293.682
10/28/2021,6:00,290.147
10/28/2021,12:00,288.873
10/28/2021,18:00,295.995
10/29/2021,0:00,294.428
10/29/2021,6:00,291.699
10/29/2021,12:00,291.951
10/29/2021,18:00,296.32
10/30/2021,0:00,291.102
10/30/2021,6:00,289.772
10/30/2021,12:00,290.559
10/30/2021,18:00,295.878
10/31/2021,0:00,293.971
10/31/2021,6:00,290.435
10/31/2021,12:00,289.961
10/31/2021,18:00,295.991
11/1/2021,0:00,293.702
11/1/2021,6:00,290.975
11/1/2021,12:00,290.172
11/1/2021,18:00,295.556
11/2/2021,0:00,294.418
11/2/2021,6:00,292.044
11/2/2021,12:00,290.478
11/2/2021,18:00,296.958
11/3/2021,0:00,296.305
11/3/2021,6:00,293.537
11/3/2021,12:00,292.57
11/3/2021,18:00,297.374
11/4/2021,0:00,292.629
11/4/2021,6:00,291.528
11/4/2021,12:00,291.312
11/4/2021,18:00,297.455
11/5/2021,0:00,295.138
11/5/2021,6:00,292.958
11/5/2021,12:00,292.406
11/5/2021,18:00,298.618
11/6/2021,0:00,292.282
11/6/2021,6:00,292.038
11/6/2021,12:00,291.138
11/6/2021,18:00,293.842
11/7/2021,0:00,290.834
11/7/2021,6:00,289.587
11/7/2021,12:00,288.797
11/7/2021,18:00,290.747
11/8/2021,0:00,293.147
11/8/2021,6:00,288.473
11/8/2021,12:00,288.096
11/8/2021,18:00,293.795
11/9/2021,0:00,291.775
11/9/2021,6:00,287.903
11/9/2021,12:00,286.605
11/9/2021,18:00,293.753
11/10/2021,0:00,290.514
11/10/2021,6:00,287.421
11/10/2021,12:00,286.273
11/10/2021,18:00,293.484
11/11/2021,0:00,291.73
11/11/2021,6:00,288.077
11/11/2021,12:00,288.122
11/11/2021,18:00,295.314
11/12/2021,0:00,292.34
11/12/2021,6:00,288.598
11/12/2021,12:00,287.56
11/12/2021,18:00,294.335
11/13/2021,0:00,293.264
11/13/2021,6:00,289.764
11/13/2021,12:00,288.802
11/13/2021,18:00,292.353
11/14/2021,0:00,295.498
11/14/2021,6:00,291.851
11/14/2021,12:00,290.102
11/14/2021,18:00,296.664
11/15/2021,0:00,294.107
11/15/2021,6:00,292.318
11/15/2021,12:00,293.124
11/15/2021,18:00,296.766
11/16/2021,0:00,297.409
11/16/2021,6:00,295.581
11/16/2021,12:00,294.235
11/16/2021,18:00,296.423
11/17/2021,0:00,292.305
11/17/2021,6:00,292.577
11/17/2021,12:00,292.032
11/17/2021,18:00,291.08
11/18/2021,0:00,289.123
11/18/2021,6:00,287.791
11/18/2021,12:00,287.653
11/18/2021,18:00,288.758
11/19/2021,0:00,290.279
11/19/2021,6:00,287.229
11/19/2021,12:00,286.233
11/19/2021,18:00,292.354
11/20/2021,0:00,290.085
11/20/2021,6:00,286.841
11/20/2021,12:00,285.981
11/20/2021,18:00,293.75
11/21/2021,0:00,292.666
11/21/2021,6:00,289.965
11/21/2021,12:00,289.408
11/21/2021,18:00,297.916
11/22/2021,0:00,295.828
11/22/2021,6:00,292.951
11/22/2021,12:00,292.055
11/22/2021,18:00,299.374
11/23/2021,0:00,297.949
11/23/2021,6:00,295.874
11/23/2021,12:00,294.438
11/23/2021,18:00,300.541
11/24/2021,0:00,295.685
11/24/2021,6:00,290.386
11/24/2021,12:00,289.061
11/24/2021,18:00,299.106
11/25/2021,0:00,297.785
11/25/2021,6:00,295.527
11/25/2021,12:00,294.874
11/25/2021,18:00,301.962
11/26/2021,0:00,292.445
11/26/2021,6:00,292.175
11/26/2021,12:00,291.593
11/26/2021,18:00,291.779
11/27/2021,0:00,290.908
11/27/2021,6:00,288.999
11/27/2021,12:00,288.157
11/27/2021,18:00,292.794
11/28/2021,0:00,293.451
11/28/2021,6:00,291.096
11/28/2021,12:00,290.332
11/28/2021,18:00,295.987
11/29/2021,0:00,291.631
11/29/2021,6:00,290.593
11/29/2021,12:00,289.89
11/29/2021,18:00,292.98
11/30/2021,0:00,293.803
11/30/2021,6:00,290.353
11/30/2021,12:00,288.352
11/30/2021,18:00,294.561
12/1/2021,0:00,291.902
12/1/2021,6:00,288.786
12/1/2021,12:00,287.813
12/1/2021,18:00,295.168
12/2/2021,0:00,293.414
12/2/2021,6:00,288.831
12/2/2021,12:00,287.671
12/2/2021,18:00,294.917
12/3/2021,0:00,293.27
12/3/2021,6:00,287.787
12/3/2021,12:00,287.766
12/3/2021,18:00,296.051
12/4/2021,0:00,295.636
12/4/2021,6:00,291.587
12/4/2021,12:00,290.335
12/4/2021,18:00,297.791
12/5/2021,0:00,298.162
12/5/2021,6:00,293.325
12/5/2021,12:00,292.84
12/5/2021,18:00,301.041
12/6/2021,0:00,296.261
12/6/2021,6:00,290.726
12/6/2021,12:00,290.009
12/6/2021,18:00,295.689
12/7/2021,0:00,293.253
12/7/2021,6:00,289.92
12/7/2021,12:00,288.558
12/7/2021,18:00,295.018
12/8/2021,0:00,293.497
12/8/2021,6:00,289.809
12/8/2021,12:00,288.171
12/8/2021,18:00,294.514
12/9/2021,0:00,293.492
12/9/2021,6:00,288.357
12/9/2021,12:00,286.547
12/9/2021,18:00,295.778
12/10/2021,0:00,294.448
12/10/2021,6:00,288.54
12/10/2021,12:00,287.597
12/10/2021,18:00,297.355
12/11/2021,0:00,295.902
12/11/2021,6:00,292.307
12/11/2021,12:00,292.614
12/11/2021,18:00,298.635
12/12/2021,0:00,297.376
12/12/2021,6:00,296.13
12/12/2021,12:00,294.091
12/12/2021,18:00,296.255
12/13/2021,0:00,297.572
12/13/2021,6:00,294.951
12/13/2021,12:00,294.253
12/13/2021,18:00,300.695
12/14/2021,0:00,293.87
12/14/2021,6:00,292.846
12/14/2021,12:00,292.801
12/14/2021,18:00,295.848
12/15/2021,0:00,294.714
12/15/2021,6:00,292.705
12/15/2021,12:00,293.614
12/15/2021,18:00,298.328
12/16/2021,0:00,296.951
12/16/2021,6:00,293.083
12/16/2021,12:00,292.802
12/16/2021,18:00,297.5
12/17/2021,0:00,296.651
12/17/2021,6:00,291.923
12/17/2021,12:00,290.412
12/17/2021,18:00,297.38
12/18/2021,0:00,296.273
12/18/2021,6:00,291.327
12/18/2021,12:00,291.023
12/18/2021,18:00,300.245
12/19/2021,0:00,297.254
12/19/2021,6:00,294.136
12/19/2021,12:00,292.147
12/19/2021,18:00,300.182
12/20/2021,0:00,299.959
12/20/2021,6:00,296.495
12/20/2021,12:00,295.158
12/20/2021,18:00,303.056
12/21/2021,0:00,298.346
12/21/2021,6:00,296.845
12/21/2021,12:00,295.293
12/21/2021,18:00,301.612
12/22/2021,0:00,296.522
12/22/2021,6:00,294.681
12/22/2021,12:00,292.903
12/22/2021,18:00,302.605
12/23/2021,0:00,296.012
12/23/2021,6:00,290.58
12/23/2021,12:00,287.055
12/23/2021,18:00,294.616
12/24/2021,0:00,294.371
12/24/2021,6:00,289.273
12/24/2021,12:00,288.119
12/24/2021,18:00,295.973
12/25/2021,0:00,295.71
12/25/2021,6:00,290.971
12/25/2021,12:00,289.838
12/25/2021,18:00,299.816
12/26/2021,0:00,296.789
12/26/2021,6:00,293.371
12/26/2021,12:00,292.665
12/26/2021,18:00,302.163
12/27/2021,0:00,300.108
12/27/2021,6:00,291.947
12/27/2021,12:00,291.623
12/27/2021,18:00,301.066
12/28/2021,0:00,296.799
12/28/2021,6:00,293.228
12/28/2021,12:00,292.223
12/28/2021,18:00,300.872
12/29/2021,0:00,296.348
12/29/2021,6:00,294.325
12/29/2021,12:00,293.042
12/29/2021,18:00,299.921
12/30/2021,0:00,294.781
12/30/2021,6:00,293.531
12/30/2021,12:00,292.192
12/30/2021,18:00,300.35
12/31/2021,0:00,293.023
12/31/2021,6:00,291.576
12/31/2021,12:00,291.065
12/31/2021,18:00,298.598
1/1/2022,0:00,298.691
1/1/2022,6:00,294.203
1/1/2022,12:00,293.196
1/1/2022,18:00,302.582
1/2/2022,0:00,300.788
1/2/2022,6:00,297.175
1/2/2022,12:00,295.881
1/2/2022,18:00,304.896
1/3/2022,0:00,303.238
1/3/2022,6:00,296.291
1/3/2022,12:00,295.145
1/3/2022,18:00,303.862
1/4/2022,0:00,294.206
1/4/2022,6:00,293.178
1/4/2022,12:00,292.817
1/4/2022,18:00,294.455
1/5/2022,0:00,293.712
1/5/2022,6:00,291.379
1/5/2022,12:00,291.178
1/5/2022,18:00,295.601
1/6/2022,0:00,293.305
1/6/2022,6:00,289.238
1/6/2022,12:00,288.807
1/6/2022,18:00,294.594
1/7/2022,0:00,294.016
1/7/2022,6:00,288.714
1/7/2022,12:00,287.692
1/7/2022,18:00,295.987
1/8/2022,0:00,295.959
1/8/2022,6:00,289.914
1/8/2022,12:00,289.849
1/8/2022,18:00,295.857
1/9/2022,0:00,293.991
1/9/2022,6:00,291.428
1/9/2022,12:00,290.028
1/9/2022,18:00,296.497
1/10/2022,0:00,294.998
1/10/2022,6:00,289.444
1/10/2022,12:00,288.989
1/10/2022,18:00,297.963
1/11/2022,0:00,295.507
1/11/2022,6:00,291.421
1/11/2022,12:00,290.496
1/11/2022,18:00,300.331
1/12/2022,0:00,298.195
1/12/2022,6:00,292.726
1/12/2022,12:00,291.439
1/12/2022,18:00,301.748
1/13/2022,0:00,297.902
1/13/2022,6:00,294.996
1/13/2022,12:00,293.515
1/13/2022,18:00,302.289
1/14/2022,0:00,301.743
1/14/2022,6:00,294.425
1/14/2022,12:00,293.527
1/14/2022,18:00,301.692
1/15/2022,0:00,299.904
1/15/2022,6:00,297.382
1/15/2022,12:00,296.651
1/15/2022,18:00,303.526
1/16/2022,0:00,300.667
1/16/2022,6:00,295.371
1/16/2022,12:00,295.442
1/16/2022,18:00,304.452
1/17/2022,0:00,299.979
1/17/2022,6:00,297.148
1/17/2022,12:00,296.41
1/17/2022,18:00,304.516
1/18/2022,0:00,302.714
1/18/2022,6:00,298.064
1/18/2022,12:00,295.807
1/18/2022,18:00,304.617
1/19/2022,0:00,301.518
1/19/2022,6:00,297.285
1/19/2022,12:00,294.379
1/19/2022,18:00,304.781
1/20/2022,0:00,300.924
1/20/2022,6:00,296.425
1/20/2022,12:00,296.202
1/20/2022,18:00,305.606
1/21/2022,0:00,298.201
1/21/2022,6:00,295.252
1/21/2022,12:00,295.152
1/21/2022,18:00,304.82
1/22/2022,0:00,302.019
1/22/2022,6:00,298.608
1/22/2022,12:00,297.282
1/22/2022,18:00,305.975
1/23/2022,0:00,297.228
1/23/2022,6:00,299.065
1/23/2022,12:00,298.389
1/23/2022,18:00,308.016
1/24/2022,0:00,300.311
1/24/2022,6:00,295.78
1/24/2022,12:00,296.282
1/24/2022,18:00,306.048
1/25/2022,0:00,298.871
1/25/2022,6:00,295.139
1/25/2022,12:00,294.257
1/25/2022,18:00,303.779
1/26/2022,0:00,298.269
1/26/2022,6:00,295.016
1/26/2022,12:00,294.951
1/26/2022,18:00,302.273
1/27/2022,0:00,294.635
1/27/2022,6:00,294.097
1/27/2022,12:00,294.372
1/27/2022,18:00,296.567
1/28/2022,0:00,293.54
1/28/2022,6:00,290.329
1/28/2022,12:00,288.257
1/28/2022,18:00,293.46
1/29/2022,0:00,292.506
1/29/2022,6:00,288.261
1/29/2022,12:00,287.669
1/29/2022,18:00,295.299
1/30/2022,0:00,292.545
1/30/2022,6:00,288.644
1/30/2022,12:00,288.217
1/30/2022,18:00,294.08
1/31/2022,0:00,295.247
1/31/2022,6:00,291.864
1/31/2022,12:00,290.734
1/31/2022,18:00,299.277
2/1/2022,0:00,298.411
2/1/2022,6:00,292.585
2/1/2022,12:00,290.424
2/1/2022,18:00,301.071
2/2/2022,0:00,297.909
2/2/2022,6:00,292.781
2/2/2022,12:00,291.508
2/2/2022,18:00,302.207
2/3/2022,0:00,299.891
2/3/2022,6:00,294.452
2/3/2022,12:00,294.48
2/3/2022,18:00,301.805
2/4/2022,0:00,295.473
2/4/2022,6:00,292.796
2/4/2022,12:00,292.562
2/4/2022,18:00,295.498
2/5/2022,0:00,294.829
2/5/2022,6:00,293.583
2/5/2022,12:00,293.474
2/5/2022,18:00,293.744
2/6/2022,0:00,293.25
2/6/2022,6:00,291.548
2/6/2022,12:00,289.921
2/6/2022,18:00,293.301
2/7/2022,0:00,291.205
2/7/2022,6:00,286.758
2/7/2022,12:00,284.861
2/7/2022,18:00,292.47
2/8/2022,0:00,290.33
2/8/2022,6:00,287.823
2/8/2022,12:00,286.964
2/8/2022,18:00,294.142
2/9/2022,0:00,292.075
2/9/2022,6:00,289.241
2/9/2022,12:00,287.02
2/9/2022,18:00,296.107
2/10/2022,0:00,294.05
2/10/2022,6:00,289.142
2/10/2022,12:00,288.79
2/10/2022,18:00,299.237
2/11/2022,0:00,296.646
2/11/2022,6:00,292.856
2/11/2022,12:00,292.03
2/11/2022,18:00,298.818
2/12/2022,0:00,293.21
2/12/2022,6:00,293.304
2/12/2022,12:00,294.225
2/12/2022,18:00,298.877
2/13/2022,0:00,295.367
2/13/2022,6:00,293.868
2/13/2022,12:00,290.583
2/13/2022,18:00,292.615
2/14/2022,0:00,295.025
2/14/2022,6:00,287.888
2/14/2022,12:00,286.324
2/14/2022,18:00,295.935
2/15/2022,0:00,293.504
2/15/2022,6:00,289.579
2/15/2022,12:00,288.105
2/15/2022,18:00,297.831
2/16/2022,0:00,295.846
2/16/2022,6:00,291.393
2/16/2022,12:00,289.576
2/16/2022,18:00,300.468
2/17/2022,0:00,296.926
2/17/2022,6:00,293.266
2/17/2022,12:00,290.603
2/17/2022,18:00,300.424
2/18/2022,0:00,297.547
2/18/2022,6:00,292.074
2/18/2022,12:00,290.524
2/18/2022,18:00,300.144
2/19/2022,0:00,297.736
2/19/2022,6:00,292.274
2/19/2022,12:00,290.736
2/19/2022,18:00,299.224
2/20/2022,0:00,297.673
2/20/2022,6:00,292.569
2/20/2022,12:00,292.518
2/20/2022,18:00,301.277
2/21/2022,0:00,294.102
2/21/2022,6:00,291.516
2/21/2022,12:00,291.881
2/21/2022,18:00,292.752
2/22/2022,0:00,292.527
2/22/2022,6:00,292.207
2/22/2022,12:00,292.055
2/22/2022,18:00,300.193
2/23/2022,0:00,300.089
2/23/2022,6:00,293.701
2/23/2022,12:00,292.309
2/23/2022,18:00,301.003
2/24/2022,0:00,299.107
2/24/2022,6:00,294.202
2/24/2022,12:00,292.527
2/24/2022,18:00,301.143
2/25/2022,0:00,299.607
2/25/2022,6:00,293.245
2/25/2022,12:00,293.607
2/25/2022,18:00,298.85
2/26/2022,0:00,293.783
2/26/2022,6:00,293.237
2/26/2022,12:00,293.256
2/26/2022,18:00,302.363
2/27/2022,0:00,298.801
2/27/2022,6:00,296.785
2/27/2022,12:00,295.752
2/27/2022,18:00,303.682
2/28/2022,0:00,302.81
2/28/2022,6:00,298.595
2/28/2022,12:00,297.763
2/28/2022,18:00,303.048
3/1/2022,0:00,295.811
3/1/2022,6:00,292.863
3/1/2022,12:00,293.037
3/1/2022,18:00,295.041
3/2/2022,0:00,295.348
3/2/2022,6:00,293.958
3/2/2022,12:00,292.726
3/2/2022,18:00,297.636
3/3/2022,0:00,294.545
3/3/2022,6:00,293.079
3/3/2022,12:00,292.072
3/3/2022,18:00,297.778
3/4/2022,0:00,297.142
3/4/2022,6:00,293.799
3/4/2022,12:00,292.38
3/4/2022,18:00,298.972
3/5/2022,0:00,298.038
3/5/2022,6:00,294.92
3/5/2022,12:00,294.133
3/5/2022,18:00,300.266
3/6/2022,0:00,298.232
3/6/2022,6:00,296.469
3/6/2022,12:00,294.501
3/6/2022,18:00,301.466
3/7/2022,0:00,297.88
3/7/2022,6:00,294.897
3/7/2022,12:00,293.702
3/7/2022,18:00,300.702
3/8/2022,0:00,293.725
3/8/2022,6:00,292.296
3/8/2022,12:00,292.034
3/8/2022,18:00,299.482
3/9/2022,0:00,292.788
3/9/2022,6:00,292.86
3/9/2022,12:00,293.411
3/9/2022,18:00,298.373
3/10/2022,0:00,294.109
3/10/2022,6:00,291.606
3/10/2022,12:00,293.049
3/10/2022,18:00,298.501
3/11/2022,0:00,292.99
3/11/2022,6:00,292.212
3/11/2022,12:00,291.841
3/11/2022,18:00,291.173
3/12/2022,0:00,290.153
3/12/2022,6:00,287.41
3/12/2022,12:00,285.643
3/12/2022,18:00,290.7
3/13/2022,0:00,291.217
3/13/2022,6:00,287.787
3/13/2022,12:00,287.701
3/13/2022,18:00,292.88
3/14/2022,0:00,290.361
3/14/2022,6:00,287.561
3/14/2022,12:00,286.901
3/14/2022,18:00,291.468
3/15/2022,0:00,289.612
3/15/2022,6:00,287.956
3/15/2022,12:00,288.064
3/15/2022,18:00,292.8
3/16/2022,0:00,292.4
3/16/2022,6:00,289.969
3/16/2022,12:00,289.81
3/16/2022,18:00,293.403
3/17/2022,0:00,292.427
3/17/2022,6:00,291.203
3/17/2022,12:00,290.503
3/17/2022,18:00,296.934
3/18/2022,0:00,296.096
3/18/2022,6:00,294.303
3/18/2022,12:00,293.683
3/18/2022,18:00,297.848
3/19/2022,0:00,296.411
3/19/2022,6:00,292.859
3/19/2022,12:00,290.685
3/19/2022,18:00,290.946
3/20/2022,0:00,290.297
3/20/2022,6:00,285.992
3/20/2022,12:00,284.892
3/20/2022,18:00,289.799
3/21/2022,0:00,288.505
3/21/2022,6:00,285.889
3/21/2022,12:00,286.018
3/21/2022,18:00,293.273
3/22/2022,0:00,292.549
3/22/2022,6:00,289.715
3/22/2022,12:00,289.276
3/22/2022,18:00,294.7
3/23/2022,0:00,293.989
3/23/2022,6:00,291.724
3/23/2022,12:00,292.014
3/23/2022,18:00,291.885
3/24/2022,0:00,291.804
3/24/2022,6:00,292.566
3/24/2022,12:00,292.542
3/24/2022,18:00,293.144
3/25/2022,0:00,292.727
3/25/2022,6:00,291.209
3/25/2022,12:00,286
3/25/2022,18:00,286.48
3/26/2022,0:00,287.192
3/26/2022,6:00,285.435
3/26/2022,12:00,284.571
3/26/2022,18:00,288.885
3/27/2022,0:00,288.117
3/27/2022,6:00,286.708
3/27/2022,12:00,286.331
3/27/2022,18:00,291.263
3/28/2022,0:00,290.2
3/28/2022,6:00,287.958
3/28/2022,12:00,286.814
3/28/2022,18:00,292.435
3/29/2022,0:00,291.727
3/29/2022,6:00,290.54
3/29/2022,12:00,289.929
3/29/2022,18:00,295.4
3/30/2022,0:00,297.604
3/30/2022,6:00,294.566
3/30/2022,12:00,291.572
3/30/2022,18:00,287.769
3/31/2022,0:00,284.107
3/31/2022,6:00,283.005
3/31/2022,12:00,282.149
3/31/2022,18:00,284.106
4/1/2022,0:00,282.598
4/1/2022,6:00,280.81
4/1/2022,12:00,280.344
4/1/2022,18:00,286.066
4/2/2022,0:00,288.955
4/2/2022,6:00,285.275
4/2/2022,12:00,284.6
4/2/2022,18:00,290.562
4/3/2022,0:00,292.152
4/3/2022,6:00,290.204
4/3/2022,12:00,289.615
4/3/2022,18:00,290.349
4/4/2022,0:00,293.34
4/4/2022,6:00,291.44
4/4/2022,12:00,290.733
4/4/2022,18:00,291.856
4/5/2022,0:00,291.961
4/5/2022,6:00,290.3
4/5/2022,12:00,289.903
4/5/2022,18:00,293.467
4/6/2022,0:00,292.043
4/6/2022,6:00,291.04
4/6/2022,12:00,290.658
4/6/2022,18:00,293.784
4/7/2022,0:00,294.358
4/7/2022,6:00,292.7
4/7/2022,12:00,292.181
4/7/2022,18:00,290.067
4/8/2022,0:00,291.4
4/8/2022,6:00,289.399
4/8/2022,12:00,289.2
4/8/2022,18:00,292.397
4/9/2022,0:00,291.372
4/9/2022,6:00,289.167
4/9/2022,12:00,288.7
4/9/2022,18:00,292.719
4/10/2022,0:00,291.106
4/10/2022,6:00,289.461
4/10/2022,12:00,288.552
4/10/2022,18:00,292
4/11/2022,0:00,290.701
4/11/2022,6:00,290.1
4/11/2022,12:00,290.346
4/11/2022,18:00,290.224
4/12/2022,0:00,289.941
4/12/2022,6:00,289.954
4/12/2022,12:00,289.686
4/12/2022,18:00,291.515
4/13/2022,0:00,290.5
4/13/2022,6:00,289.815
4/13/2022,12:00,289.7
4/13/2022,18:00,292.509
4/14/2022,0:00,289.256
4/14/2022,6:00,287.204
4/14/2022,12:00,286.198
4/14/2022,18:00,288.398
4/15/2022,0:00,284.348
4/15/2022,6:00,282.118
4/15/2022,12:00,281.183
4/15/2022,18:00,285.739
4/16/2022,0:00,285.124
4/16/2022,6:00,283.384
4/16/2022,12:00,282.3
4/16/2022,18:00,286.497
4/17/2022,0:00,286.649
4/17/2022,6:00,284.008
4/17/2022,12:00,283.475
4/17/2022,18:00,288.919
4/18/2022,0:00,288.367
4/18/2022,6:00,286.354
4/18/2022,12:00,285.7
4/18/2022,18:00,290.656
4/19/2022,0:00,289.486
4/19/2022,6:00,287.605
4/19/2022,12:00,286.694
4/19/2022,18:00,291.345
4/20/2022,0:00,290.206
4/20/2022,6:00,288.056
4/20/2022,12:00,287
4/20/2022,18:00,291.9
4/21/2022,0:00,290.904
4/21/2022,6:00,289.167
4/21/2022,12:00,288.6
4/21/2022,18:00,292.481
4/22/2022,0:00,289.442
4/22/2022,6:00,289.317
4/22/2022,12:00,287.836
4/22/2022,18:00,290.189
4/23/2022,0:00,289.358
4/23/2022,6:00,288.715
4/23/2022,12:00,287.407
4/23/2022,18:00,288.831
4/24/2022,0:00,286.913
4/24/2022,6:00,285.55
4/24/2022,12:00,285.325
4/24/2022,18:00,290.5
4/25/2022,0:00,293.624
4/25/2022,6:00,293.057
4/25/2022,12:00,292.471
4/25/2022,18:00,295.056
4/26/2022,0:00,296.408
4/26/2022,6:00,293.212
4/26/2022,12:00,292.124
4/26/2022,18:00,295.929
4/27/2022,0:00,297.104
4/27/2022,6:00,295.625
4/27/2022,12:00,295.003
4/27/2022,18:00,296.903
4/28/2022,0:00,296.325
4/28/2022,6:00,294.85
4/28/2022,12:00,294.751
4/28/2022,18:00,295.177
4/29/2022,0:00,291.775
4/29/2022,6:00,290.353
4/29/2022,12:00,289.302
4/29/2022,18:00,289.077
4/30/2022,0:00,286.956
4/30/2022,6:00,285.525
4/30/2022,12:00,285.334
4/30/2022,18:00,290.6
5/1/2022,0:00,290.839
5/1/2022,6:00,289.826
5/1/2022,12:00,289.503
5/1/2022,18:00,291.165
5/2/2022,0:00,290.524
5/2/2022,6:00,289.402
5/2/2022,12:00,289.9
5/2/2022,18:00,288.764
5/3/2022,0:00,286.221
5/3/2022,6:00,286.798
5/3/2022,12:00,285.415
5/3/2022,18:00,285.915
5/4/2022,0:00,287
5/4/2022,6:00,285.498
5/4/2022,12:00,286.608
5/4/2022,18:00,287.431
5/5/2022,0:00,287.465
5/5/2022,6:00,287.065
5/5/2022,12:00,287.31
5/5/2022,18:00,287.915
5/6/2022,0:00,285.813
5/6/2022,6:00,283.837
5/6/2022,12:00,283.032
5/6/2022,18:00,286.799
5/7/2022,0:00,286.251
5/7/2022,6:00,284.789
5/7/2022,12:00,283.655
5/7/2022,18:00,287.421
5/8/2022,0:00,287.792
5/8/2022,6:00,286.054
5/8/2022,12:00,285.239
5/8/2022,18:00,289.048
5/9/2022,0:00,287.5
5/9/2022,6:00,285.881
5/9/2022,12:00,285.058
5/9/2022,18:00,288.935
5/10/2022,0:00,289.127
5/10/2022,6:00,288.147
5/10/2022,12:00,287.7
5/10/2022,18:00,288.902
5/11/2022,0:00,287.539
5/11/2022,6:00,285.9
5/11/2022,12:00,285.22
5/11/2022,18:00,286.416
5/12/2022,0:00,285.831
5/12/2022,6:00,283.061
5/12/2022,12:00,282.308
5/12/2022,18:00,285.448
5/13/2022,0:00,285.061
5/13/2022,6:00,283.664
5/13/2022,12:00,283.086
5/13/2022,18:00,286.89
5/14/2022,0:00,288.065
5/14/2022,6:00,287.016
5/14/2022,12:00,287.09
5/14/2022,18:00,288.669
5/15/2022,0:00,288.061
5/15/2022,6:00,288.246
5/15/2022,12:00,288.206
5/15/2022,18:00,287.715
5/16/2022,0:00,284.839
5/16/2022,6:00,282.004
5/16/2022,12:00,279.046
5/16/2022,18:00,281.338
5/17/2022,0:00,281.569
5/17/2022,6:00,281.221
5/17/2022,12:00,280.783
5/17/2022,18:00,281.336
5/18/2022,0:00,280.077
5/18/2022,6:00,279.576
5/18/2022,12:00,280.286
5/18/2022,18:00,280.385
5/19/2022,0:00,282.298
5/19/2022,6:00,279.927
5/19/2022,12:00,278.711
5/19/2022,18:00,281.152
5/20/2022,0:00,283.48
5/20/2022,6:00,280.375
5/20/2022,12:00,278.965
5/20/2022,18:00,282.318
5/21/2022,0:00,282.673
5/21/2022,6:00,281.328
5/21/2022,12:00,280.59
5/21/2022,18:00,284.242
5/22/2022,0:00,284.471
5/22/2022,6:00,283.758
5/22/2022,12:00,282.854
5/22/2022,18:00,285.827
5/23/2022,0:00,286.216
5/23/2022,6:00,283.986
5/23/2022,12:00,283.541
5/23/2022,18:00,287.354
5/24/2022,0:00,287.091
5/24/2022,6:00,285.982
5/24/2022,12:00,285.11
5/24/2022,18:00,288.61
5/25/2022,0:00,289.285
5/25/2022,6:00,287.636
5/25/2022,12:00,286.97
5/25/2022,18:00,290.3
5/26/2022,0:00,291.01
5/26/2022,6:00,289.024
5/26/2022,12:00,290.428
5/26/2022,18:00,290.442
5/27/2022,0:00,289.815
5/27/2022,6:00,289.601
5/27/2022,12:00,287.693
5/27/2022,18:00,290.169
5/28/2022,0:00,288.843
5/28/2022,6:00,288.57
5/28/2022,12:00,288.732
5/28/2022,18:00,290.428
5/29/2022,0:00,289.615
5/29/2022,6:00,289.342
5/29/2022,12:00,289.5
5/29/2022,18:00,289.815
5/30/2022,0:00,287.241
5/30/2022,6:00,285.84
5/30/2022,12:00,284.848
5/30/2022,18:00,285.113
5/31/2022,0:00,279.4
5/31/2022,6:00,277.274
5/31/2022,12:00,275.921
5/31/2022,18:00,278.612
6/1/2022,0:00,279.294
6/1/2022,6:00,278.603
6/1/2022,12:00,278.603
6/1/2022,18:00,280.853
6/2/2022,0:00,281.931
6/2/2022,6:00,279.805
6/2/2022,12:00,278.894
6/2/2022,18:00,280.68
6/3/2022,0:00,282.199
6/3/2022,6:00,280.907
6/3/2022,12:00,278.4
6/3/2022,18:00,280.605
6/4/2022,0:00,281.744
6/4/2022,6:00,281.21
6/4/2022,12:00,282.007
6/4/2022,18:00,285.658
6/5/2022,0:00,287.717
6/5/2022,6:00,288.417
6/5/2022,12:00,288.032
6/5/2022,18:00,289.088
6/6/2022,0:00,288.948
6/6/2022,6:00,288.545
6/6/2022,12:00,288.645
6/6/2022,18:00,288.85
6/7/2022,0:00,288.384
6/7/2022,6:00,287.537
6/7/2022,12:00,287.518
6/7/2022,18:00,288.956
6/8/2022,0:00,289.244
6/8/2022,6:00,288.1
6/8/2022,12:00,285.696
6/8/2022,18:00,288.261
6/9/2022,0:00,288.518
6/9/2022,6:00,286.332
6/9/2022,12:00,285.41
6/9/2022,18:00,288.148
6/10/2022,0:00,288.449
6/10/2022,6:00,286.125
6/10/2022,12:00,284.923
6/10/2022,18:00,286.373
6/11/2022,0:00,280.427
6/11/2022,6:00,276.541
6/11/2022,12:00,274.685
6/11/2022,18:00,276.968
6/12/2022,0:00,276.925
6/12/2022,6:00,275.336
6/12/2022,12:00,274.958
6/12/2022,18:00,277.834
6/13/2022,0:00,278.749
6/13/2022,6:00,277.331
6/13/2022,12:00,276.997
6/13/2022,18:00,279.932
6/14/2022,0:00,282.398
6/14/2022,6:00,281.63
6/14/2022,12:00,281.056
6/14/2022,18:00,284
6/15/2022,0:00,284.378
6/15/2022,6:00,283.337
6/15/2022,12:00,282.345
6/15/2022,18:00,285.035
6/16/2022,0:00,286.386
6/16/2022,6:00,285.745
6/16/2022,12:00,285.426
6/16/2022,18:00,288.267
6/17/2022,0:00,289.246
6/17/2022,6:00,288.926
6/17/2022,12:00,289.24
6/17/2022,18:00,287.715
6/18/2022,0:00,283.824
6/18/2022,6:00,279.993
6/18/2022,12:00,277.856
6/18/2022,18:00,279.882
6/19/2022,0:00,279.215
6/19/2022,6:00,278.021
6/19/2022,12:00,277.6
6/19/2022,18:00,280.563
6/20/2022,0:00,283.686
6/20/2022,6:00,283.208
6/20/2022,12:00,282.865
6/20/2022,18:00,285.8
6/21/2022,0:00,287.772
6/21/2022,6:00,287.644
6/21/2022,12:00,287.751
6/21/2022,18:00,289.152
6/22/2022,0:00,290.032
6/22/2022,6:00,288.682
6/22/2022,12:00,288.706
6/22/2022,18:00,290.506
6/23/2022,0:00,289.929
6/23/2022,6:00,289.251
6/23/2022,12:00,288.282
6/23/2022,18:00,288.271
6/24/2022,0:00,288.716
6/24/2022,6:00,288.7
6/24/2022,12:00,288.2
6/24/2022,18:00,289.362
6/25/2022,0:00,287.503
6/25/2022,6:00,287.035
6/25/2022,12:00,286.744
6/25/2022,18:00,286.065
6/26/2022,0:00,283.988
6/26/2022,6:00,281.25
6/26/2022,12:00,280.943
6/26/2022,18:00,283.328
6/27/2022,0:00,286.998
6/27/2022,6:00,287.308
6/27/2022,12:00,287.744
6/27/2022,18:00,289.3
6/28/2022,0:00,289.047
6/28/2022,6:00,287.919
6/28/2022,12:00,287.256
6/28/2022,18:00,289.167
6/29/2022,0:00,286.394
6/29/2022,6:00,283.454
6/29/2022,12:00,280.367
6/29/2022,18:00,281.248
6/30/2022,0:00,282.332
6/30/2022,6:00,281.01
6/30/2022,12:00,280.209
6/30/2022,18:00,283.327
7/1/2022,0:00,283
7/1/2022,6:00,281.722
7/1/2022,12:00,281.481
7/1/2022,18:00,284.679
7/2/2022,0:00,288.74
7/2/2022,6:00,288.91
7/2/2022,12:00,287.889
7/2/2022,18:00,289.885
7/3/2022,0:00,291.014
7/3/2022,6:00,290.902
7/3/2022,12:00,291.003
7/3/2022,18:00,291.396
7/4/2022,0:00,290.997
7/4/2022,6:00,290.804
7/4/2022,12:00,290.573
7/4/2022,18:00,292.104
7/5/2022,0:00,291.279
7/5/2022,6:00,289.874
7/5/2022,12:00,289.623
7/5/2022,18:00,291.12
7/6/2022,0:00,290.6
7/6/2022,6:00,289.5
7/6/2022,12:00,289.031
7/6/2022,18:00,290.567
7/7/2022,0:00,290.729
7/7/2022,6:00,289.04
7/7/2022,12:00,289.001
7/7/2022,18:00,290.22
7/8/2022,0:00,289.268
7/8/2022,6:00,288.374
7/8/2022,12:00,287.598
7/8/2022,18:00,290.143
7/9/2022,0:00,290.676
7/9/2022,6:00,290.124
7/9/2022,12:00,289.224
7/9/2022,18:00,290.404
7/10/2022,0:00,291.7
7/10/2022,6:00,291.027
7/10/2022,12:00,289.946
7/10/2022,18:00,290.937
7/11/2022,0:00,292.839
7/11/2022,6:00,291.378
7/11/2022,12:00,291.192
7/11/2022,18:00,292.224
7/12/2022,0:00,291.604
7/12/2022,6:00,283.491
7/12/2022,12:00,282.1
7/12/2022,18:00,282.3
7/13/2022,0:00,280.798
7/13/2022,6:00,278.908
7/13/2022,12:00,278.346
7/13/2022,18:00,281.641
7/14/2022,0:00,285.353
7/14/2022,6:00,285.622
7/14/2022,12:00,287.336
7/14/2022,18:00,288.705
7/15/2022,0:00,291.4
7/15/2022,6:00,289.916
7/15/2022,12:00,290.984
7/15/2022,18:00,290.039
7/16/2022,0:00,291.073
7/16/2022,6:00,291.434
7/16/2022,12:00,291.231
7/16/2022,18:00,289.776
7/17/2022,0:00,282.084
7/17/2022,6:00,280.843
7/17/2022,12:00,278.665
7/17/2022,18:00,280.508
7/18/2022,0:00,281.098
7/18/2022,6:00,279.563
7/18/2022,12:00,279.536
7/18/2022,18:00,283.102
7/19/2022,0:00,285.416
7/19/2022,6:00,285.065
7/19/2022,12:00,284.643
7/19/2022,18:00,287.427
7/20/2022,0:00,287.757
7/20/2022,6:00,287.51
7/20/2022,12:00,287.7
7/20/2022,18:00,290.569
7/21/2022,0:00,291.396
7/21/2022,6:00,290.085
7/21/2022,12:00,289.69
7/21/2022,18:00,291.395
7/22/2022,0:00,291.854
7/22/2022,6:00,290.56
7/22/2022,12:00,289.881
7/22/2022,18:00,291.937
7/23/2022,0:00,291.1
7/23/2022,6:00,289.664
7/23/2022,12:00,288.549
7/23/2022,18:00,291.387
7/24/2022,0:00,291.768
7/24/2022,6:00,290.765
7/24/2022,12:00,289.617
7/24/2022,18:00,291.842
7/25/2022,0:00,291.717
7/25/2022,6:00,290.411
7/25/2022,12:00,289.161
7/25/2022,18:00,292.039
7/26/2022,0:00,291.208
7/26/2022,6:00,290.149
7/26/2022,12:00,288.573
7/26/2022,18:00,291.59
7/27/2022,0:00,290.612
7/27/2022,6:00,288.978
7/27/2022,12:00,288.086
7/27/2022,18:00,291.52
7/28/2022,0:00,290.608
7/28/2022,6:00,289.844
7/28/2022,12:00,288.978
7/28/2022,18:00,291.712
7/29/2022,0:00,288.757
7/29/2022,6:00,280.823
7/29/2022,12:00,279.409
7/29/2022,18:00,281.027
7/30/2022,0:00,284.407
7/30/2022,6:00,279.309
7/30/2022,12:00,278.829
7/30/2022,18:00,282.033
7/31/2022,0:00,282.633
7/31/2022,6:00,281.542
7/31/2022,12:00,281.103
7/31/2022,18:00,284.766
8/1/2022,0:00,284.5
8/1/2022,6:00,283.073
8/1/2022,12:00,283.429
8/1/2022,18:00,287.324
8/2/2022,0:00,288.165
8/2/2022,6:00,286.8
8/2/2022,12:00,286.628
8/2/2022,18:00,290.446
8/3/2022,0:00,291.156
8/3/2022,6:00,289.955
8/3/2022,12:00,289.107
8/3/2022,18:00,292.021
8/4/2022,0:00,291.91
8/4/2022,6:00,291.504
8/4/2022,12:00,290.268
8/4/2022,18:00,290.847
8/5/2022,0:00,285.669
8/5/2022,6:00,284.211
8/5/2022,12:00,283.6
8/5/2022,18:00,284.355
8/6/2022,0:00,282.507
8/6/2022,6:00,280.627
8/6/2022,12:00,280.142
8/6/2022,18:00,284.517
8/7/2022,0:00,284.227
8/7/2022,6:00,283.605
8/7/2022,12:00,283.197
8/7/2022,18:00,285.103
8/8/2022,0:00,284.903
8/8/2022,6:00,283.378
8/8/2022,12:00,284.534
8/8/2022,18:00,285.296
8/9/2022,0:00,285.3
8/9/2022,6:00,284.286
8/9/2022,12:00,284.438
8/9/2022,18:00,284.9
8/10/2022,0:00,282.141
8/10/2022,6:00,280.495
8/10/2022,12:00,280.7
8/10/2022,18:00,281.691
8/11/2022,0:00,281.902
8/11/2022,6:00,279.291
8/11/2022,12:00,278.512
8/11/2022,18:00,282.709
8/12/2022,0:00,283.23
8/12/2022,6:00,282.528
8/12/2022,12:00,282.211
8/12/2022,18:00,284.897
8/13/2022,0:00,285.442
8/13/2022,6:00,284.488
8/13/2022,12:00,284.418
8/13/2022,18:00,287.5
8/14/2022,0:00,287.106
8/14/2022,6:00,286.037
8/14/2022,12:00,285.861
8/14/2022,18:00,289.584
8/15/2022,0:00,288.019
8/15/2022,6:00,288.7
8/15/2022,12:00,289.266
8/15/2022,18:00,290.3
8/16/2022,0:00,292.3
8/16/2022,6:00,288.361
8/16/2022,12:00,288.2
8/16/2022,18:00,287.928
8/17/2022,0:00,287.999
8/17/2022,6:00,286.129
8/17/2022,12:00,285.097
8/17/2022,18:00,289.386
8/18/2022,0:00,290.09
8/18/2022,6:00,288.618
8/18/2022,12:00,281.406
8/18/2022,18:00,280.372
8/19/2022,0:00,277.863
8/19/2022,6:00,275.041
8/19/2022,12:00,273.959
8/19/2022,18:00,277.971
8/20/2022,0:00,277.2
8/20/2022,6:00,275.439
8/20/2022,12:00,274.989
8/20/2022,18:00,280.198
8/21/2022,0:00,280.98
8/21/2022,6:00,280.222
8/21/2022,12:00,279.338
8/21/2022,18:00,284.91
8/22/2022,0:00,283.906
8/22/2022,6:00,282.04
8/22/2022,12:00,281.469
8/22/2022,18:00,286.442
8/23/2022,0:00,286.4
8/23/2022,6:00,284.904
8/23/2022,12:00,284.352
8/23/2022,18:00,288.659
8/24/2022,0:00,288.1
8/24/2022,6:00,286.9
8/24/2022,12:00,286.163
8/24/2022,18:00,289.953
8/24/2022,18:00,289.953
8/25/2022,0:00,289.317
8/25/2022,6:00,287.956
8/25/2022,12:00,287.024
8/25/2022,18:00,291.165
8/26/2022,0:00,289.77
8/26/2022,6:00,288.107
8/26/2022,12:00,287.542
8/26/2022,18:00,292
8/27/2022,0:00,289.664
8/27/2022,6:00,288.386
8/27/2022,12:00,287.68
8/27/2022,18:00,291.928
8/28/2022,0:00,291.671
8/28/2022,6:00,289.304
8/28/2022,12:00,283.505
8/28/2022,18:00,282.322
8/29/2022,0:00,279.907
8/29/2022,6:00,277.253
8/29/2022,12:00,275.273
8/29/2022,18:00,278.916
8/30/2022,0:00,279.503
8/30/2022,6:00,278.58
8/30/2022,12:00,278.148
8/30/2022,18:00,283.18
8/31/2022,0:00,284.368
8/31/2022,6:00,281.995
8/31/2022,12:00,281.047
8/31/2022,18:00,285.924
9/1/2022,0:00,286.439
9/1/2022,6:00,285.712
9/1/2022,12:00,286.075
9/1/2022,18:00,290.2
9/2/2022,0:00,292.228
9/2/2022,6:00,289.2
9/2/2022,12:00,288.718
9/2/2022,18:00,288.9
9/3/2022,0:00,286.368
9/3/2022,6:00,282.4
9/3/2022,12:00,279.332
9/3/2022,18:00,283.095
9/4/2022,0:00,279.127
9/4/2022,6:00,277.499
9/4/2022,12:00,275.644
9/4/2022,18:00,280.724
9/5/2022,0:00,281.838
9/5/2022,6:00,280.325
9/5/2022,12:00,280.712
9/5/2022,18:00,287.002
9/6/2022,0:00,286.978
9/6/2022,6:00,286.658
9/6/2022,12:00,285.96
9/6/2022,18:00,289.106
9/7/2022,0:00,287.077
9/7/2022,6:00,285.497
9/7/2022,12:00,285.216
9/7/2022,18:00,289.455
9/8/2022,0:00,287.273
9/8/2022,6:00,286.638
9/8/2022,12:00,286.801
9/8/2022,18:00,293.116
9/9/2022,0:00,293.744
9/9/2022,6:00,294.586
9/9/2022,12:00,293.458
9/9/2022,18:00,293.31
9/10/2022,0:00,285.291
9/10/2022,6:00,282.527
9/10/2022,12:00,279.801
9/10/2022,18:00,282.066
9/11/2022,0:00,280.427
9/11/2022,6:00,278.463
9/11/2022,12:00,277.9
9/11/2022,18:00,284.135
9/12/2022,0:00,287.573
9/12/2022,6:00,285.863
9/12/2022,12:00,287
9/12/2022,18:00,290.436
9/13/2022,0:00,286.299
9/13/2022,6:00,283.799
9/13/2022,12:00,282.659
9/13/2022,18:00,287.303
9/14/2022,0:00,284.708
9/14/2022,6:00,282.139
9/14/2022,12:00,281.269
9/14/2022,18:00,286.831
9/15/2022,0:00,283.922
9/15/2022,6:00,281.981
9/15/2022,12:00,280.864
9/15/2022,18:00,285.753
9/16/2022,0:00,284.607
9/16/2022,6:00,282.806
9/16/2022,12:00,282.6
9/16/2022,18:00,287.2
9/17/2022,0:00,287.052
9/17/2022,6:00,284.023
9/17/2022,12:00,282.995
9/17/2022,18:00,287.188
9/18/2022,0:00,286.937
9/18/2022,6:00,284.007
9/18/2022,12:00,281.684
9/18/2022,18:00,286.945
9/19/2022,0:00,289.305
9/19/2022,6:00,287.8
9/19/2022,12:00,286.205
9/19/2022,18:00,286.894
9/20/2022,0:00,286.798
9/20/2022,6:00,285.356
9/20/2022,12:00,284.865
9/20/2022,18:00,289.625
9/21/2022,0:00,287.331
9/21/2022,6:00,285.207
9/21/2022,12:00,285
9/21/2022,18:00,290.856
9/22/2022,0:00,287.856
9/22/2022,6:00,285.005
9/22/2022,12:00,285.145
9/22/2022,18:00,284.766
9/23/2022,0:00,282.8
9/23/2022,6:00,279.1
9/23/2022,12:00,278.027
9/23/2022,18:00,284.127
9/24/2022,0:00,282.527
9/24/2022,6:00,279.5
9/24/2022,12:00,278.471
9/24/2022,18:00,285.005
9/25/2022,0:00,284.517
9/25/2022,6:00,283.343
9/25/2022,12:00,284.745
9/25/2022,18:00,287.363
9/26/2022,0:00,287.308
9/26/2022,6:00,285.027
9/26/2022,12:00,285.328
9/26/2022,18:00,290.028
9/27/2022,0:00,288.402
9/27/2022,6:00,287.414
9/27/2022,12:00,286.529
9/27/2022,18:00,291.728
9/28/2022,0:00,288.353
9/28/2022,6:00,285.066
9/28/2022,12:00,284.551
9/28/2022,18:00,287.593
9/29/2022,0:00,287.467
9/29/2022,6:00,284.567
9/29/2022,12:00,284
9/29/2022,18:00,284.765
9/30/2022,0:00,286.136
9/30/2022,6:00,285.676
9/30/2022,12:00,285.649
9/30/2022,18:00,286.62
10/1/2022,0:00,287.524
10/1/2022,6:00,287.636
10/1/2022,12:00,287.128
10/1/2022,18:00,289.7
10/2/2022,0:00,286.824
10/2/2022,6:00,284.015
10/2/2022,12:00,282.886
10/2/2022,18:00,289.1
10/3/2022,0:00,286.629
10/3/2022,6:00,283.337
10/3/2022,12:00,282.717
10/3/2022,18:00,288.8
10/4/2022,0:00,285.757
10/4/2022,6:00,282.565
10/4/2022,12:00,281.492
10/4/2022,18:00,288.532
10/5/2022,0:00,286.584
10/5/2022,6:00,284.384
10/5/2022,12:00,284.209
10/5/2022,18:00,293.199
10/6/2022,0:00,291.909
10/6/2022,6:00,290.933
10/6/2022,12:00,289.614
10/6/2022,18:00,290.455
10/7/2022,0:00,290.862
10/7/2022,6:00,286.436
10/7/2022,12:00,283.423
10/7/2022,18:00,286.184
10/8/2022,0:00,286.239
10/8/2022,6:00,283.95
10/8/2022,12:00,283.343
10/8/2022,18:00,289.994
10/9/2022,0:00,288.75
10/9/2022,6:00,285.895
10/9/2022,12:00,282.506
10/9/2022,18:00,281.685
10/10/2022,0:00,280.559
10/10/2022,6:00,280.902
10/10/2022,12:00,281
10/10/2022,18:00,282.919
10/11/2022,0:00,283.512
10/11/2022,6:00,284.283
10/11/2022,12:00,286.085
10/11/2022,18:00,287.485
10/12/2022,0:00,286.421
10/12/2022,6:00,285.92
10/12/2022,12:00,285.503
10/12/2022,18:00,287.118
10/13/2022,0:00,286.991
10/13/2022,6:00,285.611
10/13/2022,12:00,285.284
10/13/2022,18:00,290.313
10/14/2022,0:00,289.6
10/14/2022,6:00,286.753
10/14/2022,12:00,286.291
10/14/2022,18:00,287.646
10/15/2022,0:00,286.058
10/15/2022,6:00,285.607
10/15/2022,12:00,287.207
10/15/2022,18:00,289.485
10/16/2022,0:00,290.615
10/16/2022,6:00,289.8
10/16/2022,12:00,289.634
10/16/2022,18:00,290.882
10/17/2022,0:00,289.434
10/17/2022,6:00,287.175
10/17/2022,12:00,286.593
10/17/2022,18:00,291.562
10/18/2022,0:00,289.631
10/18/2022,6:00,287.647
10/18/2022,12:00,287.589
10/18/2022,18:00,288.985
10/19/2022,0:00,287.544
10/19/2022,6:00,287.149
10/19/2022,12:00,287.409
10/19/2022,18:00,293.507
10/20/2022,0:00,292.507
10/20/2022,6:00,290.994
10/20/2022,12:00,290.368
10/20/2022,18:00,292.709
10/21/2022,0:00,291.068
10/21/2022,6:00,290.186
10/21/2022,12:00,289.12
10/21/2022,18:00,290.365
10/22/2022,0:00,287.284
10/22/2022,6:00,286.529
10/22/2022,12:00,286.24
10/22/2022,18:00,291.3
10/23/2022,0:00,289.344
10/23/2022,6:00,287.552
10/23/2022,12:00,286.502
10/23/2022,18:00,291.817
10/24/2022,0:00,287.403
10/24/2022,6:00,284.533
10/24/2022,12:00,283.94
10/24/2022,18:00,291.187
10/25/2022,0:00,289.396
10/25/2022,6:00,286.337
10/25/2022,12:00,285.841
10/25/2022,18:00,293.715
10/26/2022,0:00,292.815
10/26/2022,6:00,290.201
10/26/2022,12:00,290.132
10/26/2022,18:00,296.514
10/27/2022,0:00,294.484
10/27/2022,6:00,290.93
10/27/2022,12:00,290.435
10/27/2022,18:00,291.016
10/28/2022,0:00,290.255
10/28/2022,6:00,287.437
10/28/2022,12:00,286.687
10/28/2022,18:00,294.555
10/29/2022,0:00,293.101
10/29/2022,6:00,292.026
10/29/2022,12:00,291.247
10/29/2022,18:00,295.24
10/30/2022,0:00,293.797
10/30/2022,6:00,292.576
10/30/2022,12:00,291.284
10/30/2022,18:00,295.879
10/31/2022,0:00,291.408
10/31/2022,6:00,290.317
10/31/2022,12:00,285.2
10/31/2022,18:00,282.194
11/1/2022,0:00,279.961
11/1/2022,6:00,278.165
11/1/2022,12:00,277.712
11/1/2022,18:00,282.905
11/2/2022,0:00,281.698
11/2/2022,6:00,278.845
11/2/2022,12:00,278.471
11/2/2022,18:00,285.107
11/3/2022,0:00,284.153
11/3/2022,6:00,281.8
11/3/2022,12:00,281.161
11/3/2022,18:00,288.962
11/4/2022,0:00,286.577
11/4/2022,6:00,283.041
11/4/2022,12:00,281.445
11/4/2022,18:00,289.008
11/5/2022,0:00,287.646
11/5/2022,6:00,283.838
11/5/2022,12:00,282.747
11/5/2022,18:00,291.049
11/6/2022,0:00,289.67
11/6/2022,6:00,285.852
11/6/2022,12:00,284.701
11/6/2022,18:00,291.792
11/7/2022,0:00,289.191
11/7/2022,6:00,285.329
11/7/2022,12:00,284.094
11/7/2022,18:00,291.162
11/8/2022,0:00,288.86
11/8/2022,6:00,284.572
11/8/2022,12:00,283.782
11/8/2022,18:00,291.554
11/9/2022,0:00,288.769
11/9/2022,6:00,285.088
11/9/2022,12:00,283.786
11/9/2022,18:00,292.044
11/10/2022,0:00,291.41
11/10/2022,6:00,287.665
11/10/2022,12:00,286.992
11/10/2022,18:00,296.039
11/11/2022,0:00,294.623
11/11/2022,6:00,291.413
11/11/2022,12:00,290.282
11/11/2022,18:00,296.512
11/12/2022,0:00,292.357
11/12/2022,6:00,289.369
11/12/2022,12:00,290.149
11/12/2022,18:00,297.032
11/13/2022,0:00,294.95
11/13/2022,6:00,292.565
11/13/2022,12:00,291.329
11/13/2022,18:00,291.858
11/14/2022,0:00,291.812
11/14/2022,6:00,290.148
11/14/2022,12:00,290.266
11/14/2022,18:00,292.869
11/15/2022,0:00,290.473
11/15/2022,6:00,287.841
11/15/2022,12:00,286.796
11/15/2022,18:00,292.62
11/16/2022,0:00,291.084
11/16/2022,6:00,289.093
11/16/2022,12:00,288.025
11/16/2022,18:00,295.709
11/17/2022,0:00,293.497
11/17/2022,6:00,289.308
11/17/2022,12:00,288.093
11/17/2022,18:00,296.211
11/18/2022,0:00,293.083
11/18/2022,6:00,289.745
11/18/2022,12:00,288.848
11/18/2022,18:00,297.045
11/19/2022,0:00,294.125
11/19/2022,6:00,290.132
11/19/2022,12:00,289.05
11/19/2022,18:00,297.001
11/20/2022,0:00,294.531
11/20/2022,6:00,291.126
11/20/2022,12:00,290.035
11/20/2022,18:00,297.436
11/21/2022,0:00,297.876
11/21/2022,6:00,294.54
11/21/2022,12:00,293.261
11/21/2022,18:00,293.35
11/22/2022,0:00,292.354
11/22/2022,6:00,291.775
11/22/2022,12:00,291.434
11/22/2022,18:00,292.404
11/23/2022,0:00,291.258
11/23/2022,6:00,287.872
11/23/2022,12:00,287.122
11/23/2022,18:00,293.031
11/24/2022,0:00,291.307
11/24/2022,6:00,287.712
11/24/2022,12:00,287.427
11/24/2022,18:00,294.725
11/25/2022,0:00,292.937
11/25/2022,6:00,288.915
11/25/2022,12:00,287.937
11/25/2022,18:00,295.944
11/26/2022,0:00,293.719
11/26/2022,6:00,288.965
11/26/2022,12:00,288.201
11/26/2022,18:00,296.466
11/27/2022,0:00,295.94
11/27/2022,6:00,291.266
11/27/2022,12:00,290.751
11/27/2022,18:00,297.085
11/28/2022,0:00,294.165
11/28/2022,6:00,291.096
11/28/2022,12:00,290.436
11/28/2022,18:00,295.697
11/29/2022,0:00,294.763
11/29/2022,6:00,291.2
11/29/2022,12:00,289.736
11/29/2022,18:00,296.625
11/30/2022,0:00,294.811
11/30/2022,6:00,292.372
11/30/2022,12:00,290.793
11/30/2022,18:00,297.68
12/1/2022,0:00,296.756
12/1/2022,6:00,292.091
12/1/2022,12:00,291.253
12/1/2022,18:00,298.599
12/2/2022,0:00,298.613
12/2/2022,6:00,294.471
12/2/2022,12:00,292.618
12/2/2022,18:00,300.508
12/3/2022,0:00,293.731
12/3/2022,6:00,293.084
12/3/2022,12:00,292.62
12/3/2022,18:00,299.43
12/4/2022,0:00,294.011
12/4/2022,6:00,293.696
12/4/2022,12:00,292.565
12/4/2022,18:00,297.92
12/5/2022,0:00,294.17
12/5/2022,6:00,293.216
12/5/2022,12:00,292.32
12/5/2022,18:00,298.458
12/6/2022,0:00,296.934
12/6/2022,6:00,292.436
12/6/2022,12:00,291.724
12/6/2022,18:00,299.706
12/7/2022,0:00,297.985
12/7/2022,6:00,294.906
12/7/2022,12:00,294.265
12/7/2022,18:00,301.397
12/8/2022,0:00,299.182
12/8/2022,6:00,295.996
12/8/2022,12:00,295.608
12/8/2022,18:00,302.699
12/9/2022,0:00,301.146
12/9/2022,6:00,297.619
12/9/2022,12:00,296.305
12/9/2022,18:00,303.281
12/10/2022,0:00,299.168
12/10/2022,6:00,296.224
12/10/2022,12:00,295.01
12/10/2022,18:00,302.38
12/11/2022,0:00,300.94
12/11/2022,6:00,296.472
12/11/2022,12:00,294.302
12/11/2022,18:00,296.402
12/12/2022,0:00,298.495
12/12/2022,6:00,295.655
12/12/2022,12:00,294.606
12/12/2022,18:00,298.894
12/13/2022,0:00,297.023
12/13/2022,6:00,289.842
12/13/2022,12:00,288.934
12/13/2022,18:00,295.344
12/14/2022,0:00,293.141
12/14/2022,6:00,289.103
12/14/2022,12:00,287.935
12/14/2022,18:00,295.53
12/15/2022,0:00,294.811
12/15/2022,6:00,291.709
12/15/2022,12:00,290.663
12/15/2022,18:00,299.004
12/16/2022,0:00,296.04
12/16/2022,6:00,290.874
12/16/2022,12:00,289.034
12/16/2022,18:00,295.894
12/17/2022,0:00,293.02
12/17/2022,6:00,287.951
12/17/2022,12:00,286.652
12/17/2022,18:00,293.779
12/18/2022,0:00,293.964
12/18/2022,6:00,290.787
12/18/2022,12:00,289.899
12/18/2022,18:00,295.531
12/19/2022,0:00,292.2
12/19/2022,6:00,289.844
12/19/2022,12:00,289.009
12/19/2022,18:00,295.02
12/20/2022,0:00,292.23
12/20/2022,6:00,290.515
12/20/2022,12:00,290.241
12/20/2022,18:00,297.314
12/21/2022,0:00,295.288
12/21/2022,6:00,291.252
12/21/2022,12:00,290.201
12/21/2022,18:00,297.229
12/22/2022,0:00,295.606
12/22/2022,6:00,291.736
12/22/2022,12:00,290.482
12/22/2022,18:00,297.25
12/23/2022,0:00,295.652
12/23/2022,6:00,292.105
12/23/2022,12:00,291.274
12/23/2022,18:00,297.609
12/24/2022,0:00,295.552
12/24/2022,6:00,292.121
12/24/2022,12:00,291.333
12/24/2022,18:00,298.906
12/25/2022,0:00,296.266
12/25/2022,6:00,294.15
12/25/2022,12:00,293.721
12/25/2022,18:00,301.074
12/26/2022,0:00,295.078
12/26/2022,6:00,291.939
12/26/2022,12:00,290.294
12/26/2022,18:00,298.617
12/27/2022,0:00,294.346
12/27/2022,6:00,292.421
12/27/2022,12:00,290.723
12/27/2022,18:00,290.977
12/28/2022,0:00,289.908
12/28/2022,6:00,289.344
12/28/2022,12:00,290.064
12/28/2022,18:00,292.88
12/29/2022,0:00,294.015
12/29/2022,6:00,291.589
12/29/2022,12:00,289.805
12/29/2022,18:00,296.387
12/30/2022,0:00,294.075
12/30/2022,6:00,290.386
12/30/2022,12:00,290.027
12/30/2022,18:00,298.29
12/31/2022,0:00,295.142
12/31/2022,6:00,291.877
12/31/2022,12:00,291.754
12/31/2022,18:00,300.614
1/1/2023,0:00,298.303
1/1/2023,6:00,294.456
1/1/2023,12:00,293.915
1/1/2023,18:00,302.045
1/2/2023,0:00,297.879
1/2/2023,6:00,293.462
1/2/2023,12:00,293.323
1/2/2023,18:00,295.338
1/3/2023,0:00,294.655
1/3/2023,6:00,293.048
1/3/2023,12:00,291.07
1/3/2023,18:00,296.899
1/4/2023,0:00,298.22
1/4/2023,6:00,292.968
1/4/2023,12:00,290.132
1/4/2023,18:00,297.719
1/5/2023,0:00,295.722
1/5/2023,6:00,292.092
1/5/2023,12:00,290.085
1/5/2023,18:00,299.29
1/6/2023,0:00,295.407
1/6/2023,6:00,291.584
1/6/2023,12:00,290.067
1/6/2023,18:00,297.698
1/7/2023,0:00,295.303
1/7/2023,6:00,290.888
1/7/2023,12:00,289.287
1/7/2023,18:00,296.508
1/8/2023,0:00,295.628
1/8/2023,6:00,290.925
1/8/2023,12:00,289.217
1/8/2023,18:00,297.998
1/9/2023,0:00,296.442
1/9/2023,6:00,292.671
1/9/2023,12:00,291.79
1/9/2023,18:00,299.368
1/10/2023,0:00,298.163
1/10/2023,6:00,293.463
1/10/2023,12:00,292.588
1/10/2023,18:00,300.352
1/11/2023,0:00,292.722
1/11/2023,6:00,291.028
1/11/2023,12:00,290.756
1/11/2023,18:00,300.548
1/12/2023,0:00,299.474
1/12/2023,6:00,294.946
1/12/2023,12:00,294.671
1/12/2023,18:00,303.455
1/13/2023,0:00,296.845
1/13/2023,6:00,292.248
1/13/2023,12:00,291.512
1/13/2023,18:00,297.331
1/14/2023,0:00,291.595
1/14/2023,6:00,291.231
1/14/2023,12:00,290.948
1/14/2023,18:00,294.178
1/15/2023,0:00,295.626
1/15/2023,6:00,292.83
1/15/2023,12:00,293.649
1/15/2023,18:00,297.155
1/16/2023,0:00,293.891
1/16/2023,6:00,292.767
1/16/2023,12:00,291.927
1/16/2023,18:00,300.72
1/17/2023,0:00,297.633
1/17/2023,6:00,293.799
1/17/2023,12:00,292.622
1/17/2023,18:00,300.682
1/18/2023,0:00,298.987
1/18/2023,6:00,293.622
1/18/2023,12:00,293.193
1/18/2023,18:00,301.711
1/19/2023,0:00,298.083
1/19/2023,6:00,292.749
1/19/2023,12:00,291.745
1/19/2023,18:00,300.784
1/20/2023,0:00,297.094
1/20/2023,6:00,292.982
1/20/2023,12:00,292.555
1/20/2023,18:00,301.627
1/21/2023,0:00,298.369
1/21/2023,6:00,295.007
1/21/2023,12:00,294.689
1/21/2023,18:00,302.187
1/22/2023,0:00,296.066
1/22/2023,6:00,294.167
1/22/2023,12:00,292.757
1/22/2023,18:00,299.745
1/23/2023,0:00,299.466
1/23/2023,6:00,292.46
1/23/2023,12:00,291.998
1/23/2023,18:00,300.848
1/24/2023,0:00,299.417
1/24/2023,6:00,295.582
1/24/2023,12:00,293.264
1/24/2023,18:00,303.396
1/25/2023,0:00,301.619
1/25/2023,6:00,295.164
1/25/2023,12:00,294.913
1/25/2023,18:00,303.714
1/26/2023,0:00,302.078
1/26/2023,6:00,296.801
1/26/2023,12:00,294.316
1/26/2023,18:00,304.239
1/27/2023,0:00,299.804
1/27/2023,6:00,297.19
1/27/2023,12:00,295.561
1/27/2023,18:00,304.092
1/28/2023,0:00,301.485
1/28/2023,6:00,298.073
1/28/2023,12:00,296.948
1/28/2023,18:00,302.667
1/29/2023,0:00,301.428
1/29/2023,6:00,295.885
1/29/2023,12:00,295.144
1/29/2023,18:00,301.515
1/30/2023,0:00,296.553
1/30/2023,6:00,291.97
1/30/2023,12:00,292.03
1/30/2023,18:00,298.676
1/31/2023,0:00,293.426
1/31/2023,6:00,291.773
1/31/2023,12:00,291.412
1/31/2023,18:00,299.976
2/1/2023,0:00,298.369
2/1/2023,6:00,292.418
2/1/2023,12:00,291.614
2/1/2023,18:00,300.408
2/2/2023,0:00,302.118
2/2/2023,6:00,296.509
2/2/2023,12:00,293.831
2/2/2023,18:00,302.625
2/3/2023,0:00,298.918
2/3/2023,6:00,293.842
2/3/2023,12:00,292.777
2/3/2023,18:00,300.489
2/4/2023,0:00,292.832
2/4/2023,6:00,291.248
2/4/2023,12:00,289.959
2/4/2023,18:00,294.591
2/5/2023,0:00,293.501
2/5/2023,6:00,289.848
2/5/2023,12:00,288.983
2/5/2023,18:00,295.451
2/6/2023,0:00,293.088
2/6/2023,6:00,290.313
2/6/2023,12:00,289.747
2/6/2023,18:00,299.022
2/7/2023,0:00,295.889
2/7/2023,6:00,292.362
2/7/2023,12:00,291.927
2/7/2023,18:00,301.632
2/8/2023,0:00,298.078
2/8/2023,6:00,292.947
2/8/2023,12:00,293.58
2/8/2023,18:00,302.355
2/9/2023,0:00,301.412
2/9/2023,6:00,295.035
2/9/2023,12:00,295.064
2/9/2023,18:00,303.092
2/10/2023,0:00,296.18
2/10/2023,6:00,293.43
2/10/2023,12:00,293.422
2/10/2023,18:00,301.954
2/11/2023,0:00,300.213
2/11/2023,6:00,292.115
2/11/2023,12:00,291.027
2/11/2023,18:00,301.614
2/12/2023,0:00,302.724
2/12/2023,6:00,294.833
2/12/2023,12:00,291.916
2/12/2023,18:00,301.454
2/13/2023,0:00,299.204
2/13/2023,6:00,294.643
2/13/2023,12:00,293.969
2/13/2023,18:00,302.383
2/14/2023,0:00,300.457
2/14/2023,6:00,295.266
2/14/2023,12:00,293.345
2/14/2023,18:00,298.995
2/15/2023,0:00,293.813
2/15/2023,6:00,291.893
2/15/2023,12:00,291.822
2/15/2023,18:00,296.309
2/16/2023,0:00,296.618
2/16/2023,6:00,293.457
2/16/2023,12:00,291.997
2/16/2023,18:00,298.872
2/17/2023,0:00,293.476
2/17/2023,6:00,291.7
2/17/2023,12:00,289.929
2/17/2023,18:00,288.726
2/18/2023,0:00,290.731
2/18/2023,6:00,282.533
2/18/2023,12:00,281.048
2/18/2023,18:00,287.514
2/19/2023,0:00,286.979
2/19/2023,6:00,284.351
2/19/2023,12:00,282.978
2/19/2023,18:00,291.771
2/20/2023,0:00,294.885
2/20/2023,6:00,290.424
2/20/2023,12:00,289.815
2/20/2023,18:00,290.482
2/21/2023,0:00,290.82
2/21/2023,6:00,286.663
2/21/2023,12:00,287.052
2/21/2023,18:00,294.237
2/22/2023,0:00,293.379
2/22/2023,6:00,290.231
2/22/2023,12:00,289.857
2/22/2023,18:00,298.289
2/23/2023,0:00,296.345
2/23/2023,6:00,292.081
2/23/2023,12:00,292.564
2/23/2023,18:00,299.065
2/24/2023,0:00,292.136
2/24/2023,6:00,291.435
2/24/2023,12:00,291.257
2/24/2023,18:00,294.486
2/25/2023,0:00,294.957
2/25/2023,6:00,292.595
2/25/2023,12:00,290.908
2/25/2023,18:00,297.101
2/26/2023,0:00,300.048
2/26/2023,6:00,293.344
2/26/2023,12:00,292.06
2/26/2023,18:00,299.908
2/27/2023,0:00,295.587
2/27/2023,6:00,292.053
2/27/2023,12:00,291.483
2/27/2023,18:00,299.101
2/28/2023,0:00,295.867
2/28/2023,6:00,292.872
2/28/2023,12:00,291.31
2/28/2023,18:00,298.912
3/1/2023,0:00,291.973
3/1/2023,6:00,291.12
3/1/2023,12:00,291.1
3/1/2023,18:00,297.506
3/2/2023,0:00,295.219
3/2/2023,6:00,292.095
3/2/2023,12:00,291.746
3/2/2023,18:00,297.507
3/3/2023,0:00,292.955
3/3/2023,6:00,292.035
3/3/2023,12:00,291.766
3/3/2023,18:00,292.883
3/4/2023,0:00,292.9
3/4/2023,6:00,291.474
3/4/2023,12:00,291.405
3/4/2023,18:00,293.878
3/5/2023,0:00,293.061
3/5/2023,6:00,291.4
3/5/2023,12:00,290.035
3/5/2023,18:00,294.269
3/6/2023,0:00,293.575
3/6/2023,6:00,289.075
3/6/2023,12:00,288.308
3/6/2023,18:00,295.227
3/7/2023,0:00,292.904
3/7/2023,6:00,290.457
3/7/2023,12:00,290.119
3/7/2023,18:00,295.912
3/8/2023,0:00,296.937
3/8/2023,6:00,293.119
3/8/2023,12:00,292.481
3/8/2023,18:00,299.008
3/9/2023,0:00,297.714
3/9/2023,6:00,291.005
3/9/2023,12:00,290.824
3/9/2023,18:00,297.809
3/10/2023,0:00,299.27
3/10/2023,6:00,293.323
3/10/2023,12:00,292.543
3/10/2023,18:00,299.428
3/11/2023,0:00,297.634
3/11/2023,6:00,293.957
3/11/2023,12:00,292.043
3/11/2023,18:00,299.706
3/12/2023,0:00,298.568
3/12/2023,6:00,294.629
3/12/2023,12:00,292.469
3/12/2023,18:00,298.443
3/13/2023,0:00,298.332
3/13/2023,6:00,294.375
3/13/2023,12:00,292.685
3/13/2023,18:00,298.28
3/14/2023,0:00,295.613
3/14/2023,6:00,292.926
3/14/2023,12:00,292.881
3/14/2023,18:00,296.293
3/15/2023,0:00,294.248
3/15/2023,6:00,293.384
3/15/2023,12:00,293.042
3/15/2023,18:00,293.265
3/16/2023,0:00,293.377
3/16/2023,6:00,293.391
3/16/2023,12:00,292.565
3/16/2023,18:00,295.056
3/17/2023,0:00,294.203
3/17/2023,6:00,293.152
3/17/2023,12:00,292.505
3/17/2023,18:00,297.187
3/18/2023,0:00,296.77
3/18/2023,6:00,293.651
3/18/2023,12:00,292.269
3/18/2023,18:00,298.763
3/19/2023,0:00,298.918
3/19/2023,6:00,292.899
3/19/2023,12:00,292.233
3/19/2023,18:00,300.029
3/20/2023,0:00,299.27
3/20/2023,6:00,297.248
3/20/2023,12:00,293.278
3/20/2023,18:00,301.098
3/21/2023,0:00,297.597
3/21/2023,6:00,293.632
3/21/2023,12:00,292.638
3/21/2023,18:00,299.107
3/22/2023,0:00,294.528
3/22/2023,6:00,292.823
3/22/2023,12:00,292.299
3/22/2023,18:00,298.939
3/23/2023,0:00,296.697
3/23/2023,6:00,293.021
3/23/2023,12:00,292.639
3/23/2023,18:00,298.8
3/24/2023,0:00,294.179
3/24/2023,6:00,292.952
3/24/2023,12:00,293.105
3/24/2023,18:00,300.305
3/25/2023,0:00,294.655
3/25/2023,6:00,293.219
3/25/2023,12:00,293.06
3/25/2023,18:00,298.621
3/26/2023,0:00,294.333
3/26/2023,6:00,292.275
3/26/2023,12:00,292.178
3/26/2023,18:00,292.609
3/27/2023,0:00,291.768
3/27/2023,6:00,288.397
3/27/2023,12:00,287.194
3/27/2023,18:00,294.085
3/28/2023,0:00,292.321
3/28/2023,6:00,289.508
3/28/2023,12:00,288.838
3/28/2023,18:00,296.221
3/29/2023,0:00,295.658
3/29/2023,6:00,294.197
3/29/2023,12:00,293.376
3/29/2023,18:00,296.59
3/30/2023,0:00,295.221
3/30/2023,6:00,292.443
3/30/2023,12:00,291.949
3/30/2023,18:00,295
3/31/2023,0:00,295.967
3/31/2023,6:00,293.853
3/31/2023,12:00,292.458
3/31/2023,18:00,297.787
4/1/2023,0:00,294.878
4/1/2023,6:00,291.548
4/1/2023,12:00,286.209
4/1/2023,18:00,289.527
4/2/2023,0:00,287.371
4/2/2023,6:00,285.502
4/2/2023,12:00,284.304
4/2/2023,18:00,290.76
4/3/2023,0:00,290.807
4/3/2023,6:00,287.674
4/3/2023,12:00,287.147
4/3/2023,18:00,294.321
4/4/2023,0:00,293.669
4/4/2023,6:00,291.326
4/4/2023,12:00,289.742
4/4/2023,18:00,296.462
4/5/2023,0:00,293.341
4/5/2023,6:00,289.9
4/5/2023,12:00,289.097
4/5/2023,18:00,294.452
4/6/2023,0:00,294.409
4/6/2023,6:00,290.975
4/6/2023,12:00,290.494
4/6/2023,18:00,290.822
4/7/2023,0:00,290.21
4/7/2023,6:00,289.898
4/7/2023,12:00,289.945
4/7/2023,18:00,290.422
4/8/2023,0:00,290.026
4/8/2023,6:00,287.892
4/8/2023,12:00,287.788
4/8/2023,18:00,293.149
4/9/2023,0:00,291.615
4/9/2023,6:00,290.273
4/9/2023,12:00,289.828
4/9/2023,18:00,294.618
4/10/2023,0:00,293.209
4/10/2023,6:00,291.297
4/10/2023,12:00,291.259
4/10/2023,18:00,295.759
4/11/2023,0:00,294.267
4/11/2023,6:00,292.135
4/11/2023,12:00,291.401
4/11/2023,18:00,296.808
4/12/2023,0:00,295.7
4/12/2023,6:00,293.303
4/12/2023,12:00,293.039
4/12/2023,18:00,297.319
4/13/2023,0:00,296.954
4/13/2023,6:00,293.339
4/13/2023,12:00,292.319
4/13/2023,18:00,295.701
4/14/2023,0:00,290.255
4/14/2023,6:00,289.082
4/14/2023,12:00,288.478
4/14/2023,18:00,288.805
4/15/2023,0:00,288.442
4/15/2023,6:00,287.527
4/15/2023,12:00,287.836
4/15/2023,18:00,293.902
4/16/2023,0:00,291.405
4/16/2023,6:00,290.339
4/16/2023,12:00,290.453
4/16/2023,18:00,291.918
4/17/2023,0:00,291.945
4/17/2023,6:00,290.6
4/17/2023,12:00,290.39
4/17/2023,18:00,292.305
4/18/2023,0:00,291.439
4/18/2023,6:00,289.583
4/18/2023,12:00,287.91
4/18/2023,18:00,291.554
4/19/2023,0:00,287.606
4/19/2023,6:00,284.857
4/19/2023,12:00,283.755
4/19/2023,18:00,287.944
4/20/2023,0:00,284.273
4/20/2023,6:00,280.505
4/20/2023,12:00,279.905
4/20/2023,18:00,285.153
4/21/2023,0:00,285.839
4/21/2023,6:00,283.099
4/21/2023,12:00,282.803
4/21/2023,18:00,289.344
4/22/2023,0:00,288.376
4/22/2023,6:00,286.486
4/22/2023,12:00,285.104
4/22/2023,18:00,290.709
4/23/2023,0:00,290.03
4/23/2023,6:00,287.302
4/23/2023,12:00,286.66
4/23/2023,18:00,292.667
4/24/2023,0:00,290.797
4/24/2023,6:00,288.897
4/24/2023,12:00,287.765
4/24/2023,18:00,293.918
4/25/2023,0:00,291.23
4/25/2023,6:00,289.615
4/25/2023,12:00,289.361
4/25/2023,18:00,291.403
4/26/2023,0:00,289.381
4/26/2023,6:00,289.32
4/26/2023,12:00,286.965
4/26/2023,18:00,289.265
4/27/2023,0:00,291.157
4/27/2023,6:00,288.617
4/27/2023,12:00,286.428
4/27/2023,18:00,290.14
4/28/2023,0:00,289.503
4/28/2023,6:00,287.17
4/28/2023,12:00,286.031
4/28/2023,18:00,290.822
4/29/2023,0:00,289.438
4/29/2023,6:00,288.306
4/29/2023,12:00,287.625
4/29/2023,18:00,292.628
4/30/2023,0:00,291.844
4/30/2023,6:00,289.218
4/30/2023,12:00,287.91
4/30/2023,18:00,292.494
5/1/2023,0:00,292.144
5/1/2023,6:00,290.6
5/1/2023,12:00,290.439
5/1/2023,18:00,292.56
5/2/2023,0:00,296.41
5/2/2023,6:00,293.658
5/2/2023,12:00,291.529
5/2/2023,18:00,294.124
5/3/2023,0:00,291.1
5/3/2023,6:00,290.706
5/3/2023,12:00,291.128
5/3/2023,18:00,292.205
5/4/2023,0:00,290.7
5/4/2023,6:00,289.85
5/4/2023,12:00,290.631
5/4/2023,18:00,291.313
5/5/2023,0:00,291.41
5/5/2023,6:00,291
5/5/2023,12:00,291.35
5/5/2023,18:00,291.95
5/6/2023,0:00,293.605
5/6/2023,6:00,292.385
5/6/2023,12:00,292.444
5/6/2023,18:00,294.051
5/7/2023,0:00,294.705
5/7/2023,6:00,292.804
5/7/2023,12:00,291.745
5/7/2023,18:00,294.636
5/8/2023,0:00,290.781
5/8/2023,6:00,290.281
5/8/2023,12:00,289.535
5/8/2023,18:00,290.196
5/9/2023,0:00,287.717
5/9/2023,6:00,285.625
5/9/2023,12:00,284.326
5/9/2023,18:00,288.225
5/10/2023,0:00,286.9
5/10/2023,6:00,284.7
5/10/2023,12:00,283.667
5/10/2023,18:00,287.467
5/11/2023,0:00,285.4
5/11/2023,6:00,283
5/11/2023,12:00,281.893
5/11/2023,18:00,285.538
5/12/2023,0:00,284.568
5/12/2023,6:00,281.572
5/12/2023,12:00,280.898
5/12/2023,18:00,285.026
5/13/2023,0:00,284.652
5/13/2023,6:00,282.8
5/13/2023,12:00,282.337
5/13/2023,18:00,286.537
5/14/2023,0:00,286.741
5/14/2023,6:00,284.906
5/14/2023,12:00,283.929
5/14/2023,18:00,288.265
5/15/2023,0:00,288.627
5/15/2023,6:00,286.564
5/15/2023,12:00,285.611
5/15/2023,18:00,290.082
5/16/2023,0:00,289.406
5/16/2023,6:00,286.576
5/16/2023,12:00,285.218
5/16/2023,18:00,289.524
5/17/2023,0:00,288.9
5/17/2023,6:00,286.479
5/17/2023,12:00,285.981
5/17/2023,18:00,289.924
5/18/2023,0:00,290.245
5/18/2023,6:00,288.155
5/18/2023,12:00,286.601
5/18/2023,18:00,290.678
5/19/2023,0:00,290.3
5/19/2023,6:00,288.01
5/19/2023,12:00,286.537
5/19/2023,18:00,290.456
5/20/2023,0:00,289.8
5/20/2023,6:00,287.72
5/20/2023,12:00,287.013
5/20/2023,18:00,290.199
5/21/2023,0:00,290.503
5/21/2023,6:00,289.671
5/21/2023,12:00,289.225
5/21/2023,18:00,287.697
5/22/2023,0:00,286.6
5/22/2023,6:00,286.512
5/22/2023,12:00,286.56
5/22/2023,18:00,289.322
5/23/2023,0:00,290.7
5/23/2023,6:00,288.928
5/23/2023,12:00,288.536
5/23/2023,18:00,292.117
5/24/2023,0:00,292.755
5/24/2023,6:00,290.9
5/24/2023,12:00,289.7
5/24/2023,18:00,293.005
5/25/2023,0:00,292.1
5/25/2023,6:00,289.595
5/25/2023,12:00,288.8
5/25/2023,18:00,292.239
5/26/2023,0:00,292.089
5/26/2023,6:00,290.615
5/26/2023,12:00,290.214
5/26/2023,18:00,292.4
5/27/2023,0:00,293.6
5/27/2023,6:00,290.597
5/27/2023,12:00,290.31
5/27/2023,18:00,291.616
5/28/2023,0:00,291.13
5/28/2023,6:00,286.5
5/28/2023,12:00,285.804
5/28/2023,18:00,285.758
5/29/2023,0:00,283.934
5/29/2023,6:00,282.4
5/29/2023,12:00,282.034
5/29/2023,18:00,285.508
5/30/2023,0:00,287.993
5/30/2023,6:00,286.756
5/30/2023,12:00,286.667
5/30/2023,18:00,289.302
5/31/2023,0:00,288.632
5/31/2023,6:00,287.536
5/31/2023,12:00,286.65
5/31/2023,18:00,289.748
6/1/2023,0:00,289.283
6/1/2023,6:00,287.551
6/1/2023,12:00,286.505
6/1/2023,18:00,289.656
6/2/2023,0:00,289.356
6/2/2023,6:00,287.228
6/2/2023,12:00,286.403
6/2/2023,18:00,289.478
6/3/2023,0:00,289.331
6/3/2023,6:00,287.126
6/3/2023,12:00,286.362
6/3/2023,18:00,289.612
6/4/2023,0:00,289.49
6/4/2023,6:00,287.375
6/4/2023,12:00,286.375
6/4/2023,18:00,289.958
6/5/2023,0:00,290.433
6/5/2023,6:00,288.683
6/5/2023,12:00,288.257
6/5/2023,18:00,290.56
6/6/2023,0:00,289.643
6/6/2023,6:00,288.587
6/6/2023,12:00,287.858
6/6/2023,18:00,291.224
6/7/2023,0:00,291.487
6/7/2023,6:00,288.902
6/7/2023,12:00,288.049
6/7/2023,18:00,290.99
6/8/2023,0:00,290.581
6/8/2023,6:00,289.095
6/8/2023,12:00,288.116
6/8/2023,18:00,290.78
6/9/2023,0:00,290.286
6/9/2023,6:00,288.3
6/9/2023,12:00,287.658
6/9/2023,18:00,290.542
6/10/2023,0:00,291.5
6/10/2023,6:00,289.736
6/10/2023,12:00,289.113
6/10/2023,18:00,292.302
6/11/2023,0:00,294.005
6/11/2023,6:00,291.224
6/11/2023,12:00,283.643
6/11/2023,18:00,282.901
6/12/2023,0:00,282.237
6/12/2023,6:00,279.883
6/12/2023,12:00,277.536
6/12/2023,18:00,279.189
6/13/2023,0:00,279.033
6/13/2023,6:00,278
6/13/2023,12:00,276.5
6/13/2023,18:00,278.345
6/14/2023,0:00,280.772
6/14/2023,6:00,280.486
6/14/2023,12:00,281.552
6/14/2023,18:00,282.2
6/15/2023,0:00,283.092
6/15/2023,6:00,283.445
6/15/2023,12:00,283.903
6/15/2023,18:00,284.278
6/16/2023,0:00,283.367
6/16/2023,6:00,283.228
6/16/2023,12:00,283.519
6/16/2023,18:00,284.858
6/17/2023,0:00,285.261
6/17/2023,6:00,281.244
6/17/2023,12:00,280.216
6/17/2023,18:00,283.215
6/18/2023,0:00,282.823
6/18/2023,6:00,280.86
6/18/2023,12:00,279.568
6/18/2023,18:00,282.168
6/19/2023,0:00,281.729
6/19/2023,6:00,280.151
6/19/2023,12:00,279.545
6/19/2023,18:00,282.712
6/20/2023,0:00,285.183
6/20/2023,6:00,284.3
6/20/2023,12:00,283.568
6/20/2023,18:00,286.252
6/21/2023,0:00,287.004
6/21/2023,6:00,286.658
6/21/2023,12:00,286.768
6/21/2023,18:00,288.107
6/22/2023,0:00,288.305
6/22/2023,6:00,287.7
6/22/2023,12:00,287.759
6/22/2023,18:00,288.5
6/23/2023,0:00,289.433
6/23/2023,6:00,289.398
6/23/2023,12:00,289.277
6/23/2023,18:00,289.577
6/24/2023,0:00,290.261
6/24/2023,6:00,288.624
6/24/2023,12:00,288.76
6/24/2023,18:00,291.066
6/25/2023,0:00,292.013
6/25/2023,6:00,289.887
6/25/2023,12:00,288.914
6/25/2023,18:00,291.195
6/26/2023,0:00,291.38
6/26/2023,6:00,289.677
6/26/2023,12:00,288.677
6/26/2023,18:00,291.126
6/27/2023,0:00,290.112
6/27/2023,6:00,287.806
6/27/2023,12:00,286.73
6/27/2023,18:00,289.477
6/28/2023,0:00,289.024
6/28/2023,6:00,287.396
6/28/2023,12:00,286.502
6/28/2023,18:00,289.4
6/29/2023,0:00,286.937
6/29/2023,6:00,282.992
6/29/2023,12:00,282.014
6/29/2023,18:00,284.6
6/30/2023,0:00,284.763
6/30/2023,6:00,284.957
6/30/2023,12:00,285.985
6/30/2023,18:00,288.4
7/1/2023,0:00,287.885
7/1/2023,6:00,287.1
7/1/2023,12:00,287.037
7/1/2023,18:00,289.751
7/2/2023,0:00,288.894
7/2/2023,6:00,287.548
7/2/2023,12:00,287.136
7/2/2023,18:00,289.709
7/3/2023,0:00,289.298
7/3/2023,6:00,287.875
7/3/2023,12:00,286.658
7/3/2023,18:00,289.294
7/4/2023,0:00,289.045
7/4/2023,6:00,287.046
7/4/2023,12:00,285.8
7/4/2023,18:00,288.704
7/5/2023,0:00,288.212
7/5/2023,6:00,286.278
7/5/2023,12:00,285.478
7/5/2023,18:00,288.145
7/6/2023,0:00,288.491
7/6/2023,6:00,287.355
7/6/2023,12:00,286.924
7/6/2023,18:00,289.591
7/7/2023,0:00,292.14
7/7/2023,6:00,289.221
7/7/2023,12:00,288.284
7/7/2023,18:00,290.204
7/8/2023,0:00,290.261
7/8/2023,6:00,289.417
7/8/2023,12:00,286.264
7/8/2023,18:00,287.343
7/9/2023,0:00,287.652
7/9/2023,6:00,286.301
7/9/2023,12:00,286.536
7/9/2023,18:00,290.287
7/10/2023,0:00,289.915
7/10/2023,6:00,289.686
7/10/2023,12:00,289.429
7/10/2023,18:00,291.005
7/11/2023,0:00,290.851
7/11/2023,6:00,288.101
7/11/2023,12:00,287.422
7/11/2023,18:00,287.594
7/12/2023,0:00,287.905
7/12/2023,6:00,288.022
7/12/2023,12:00,289.271
7/12/2023,18:00,290.646
7/13/2023,0:00,288.362
7/13/2023,6:00,282.046
7/13/2023,12:00,280.9
7/13/2023,18:00,280.992
7/14/2023,0:00,279.962
7/14/2023,6:00,279.621
7/14/2023,12:00,278.536
7/14/2023,18:00,280.57
7/15/2023,0:00,280.071
7/15/2023,6:00,278.319
7/15/2023,12:00,278.008
7/15/2023,18:00,281.381
7/16/2023,0:00,282.926
7/16/2023,6:00,281.848
7/16/2023,12:00,281.588
7/16/2023,18:00,283.925
7/17/2023,0:00,284.853
7/17/2023,6:00,281.621
7/17/2023,12:00,279.832
7/17/2023,18:00,282.035
7/18/2023,0:00,279.429
7/18/2023,6:00,277.357
7/18/2023,12:00,276.009
7/18/2023,18:00,279.031
7/19/2023,0:00,279.416
7/19/2023,6:00,277.808
7/19/2023,12:00,277.843
7/19/2023,18:00,282.359
7/20/2023,0:00,288.1
7/20/2023,6:00,286.112
7/20/2023,12:00,286.309
7/20/2023,18:00,287.758
7/21/2023,0:00,288.739
7/21/2023,6:00,288.661
7/21/2023,12:00,288.141
7/21/2023,18:00,290.355
7/22/2023,0:00,292.733
7/22/2023,6:00,291.229
7/22/2023,12:00,290.358
7/22/2023,18:00,291.456
7/23/2023,0:00,292.971
7/23/2023,6:00,289.6
7/23/2023,12:00,289.8
7/23/2023,18:00,292.044
7/24/2023,0:00,291.876
7/24/2023,6:00,289.819
7/24/2023,12:00,289.119
7/24/2023,18:00,291.832
7/25/2023,0:00,291.744
7/25/2023,6:00,290.908
7/25/2023,12:00,289.484
7/25/2023,18:00,292.173
7/26/2023,0:00,290.662
7/26/2023,6:00,289.748
7/26/2023,12:00,289.286
7/26/2023,18:00,290.384
7/27/2023,0:00,286.424
7/27/2023,6:00,282.731
7/27/2023,12:00,281.293
7/27/2023,18:00,284.2
7/28/2023,0:00,286.9
7/28/2023,6:00,286.254
7/28/2023,12:00,285.362
7/28/2023,18:00,286.129
7/29/2023,0:00,282.616
7/29/2023,6:00,279.82
7/29/2023,12:00,278.976
7/29/2023,18:00,282.24
7/30/2023,0:00,282.522
7/30/2023,6:00,282.061
7/30/2023,12:00,282.131
7/30/2023,18:00,286.512
7/31/2023,0:00,288.651
7/31/2023,6:00,287.9
7/31/2023,12:00,287.261
7/31/2023,18:00,290.451
8/1/2023,0:00,289.561
8/1/2023,6:00,288.808
8/1/2023,12:00,287.84
8/1/2023,18:00,291.245
8/2/2023,0:00,290.654
8/2/2023,6:00,289.108
8/2/2023,12:00,287.888
8/2/2023,18:00,291.412
8/3/2023,0:00,290.922
8/3/2023,6:00,289.2
8/3/2023,12:00,288.365
8/3/2023,18:00,292.165
8/4/2023,0:00,291.724
8/4/2023,6:00,289.744
8/4/2023,12:00,288.924
8/4/2023,18:00,292.09
8/5/2023,0:00,292.093
8/5/2023,6:00,290.383
8/5/2023,12:00,289.654
8/5/2023,18:00,292.666
8/6/2023,0:00,291.838
8/6/2023,6:00,289.688
8/6/2023,12:00,288.115
8/6/2023,18:00,291.706
8/7/2023,0:00,292.48
8/7/2023,6:00,291.743
8/7/2023,12:00,291.34
8/7/2023,18:00,292.043
8/8/2023,0:00,286.699
8/8/2023,6:00,285.942
8/8/2023,12:00,284.602
8/8/2023,18:00,286.628
8/9/2023,0:00,288.429
8/9/2023,6:00,287.042
8/9/2023,12:00,286.486
8/9/2023,18:00,287.4
8/10/2023,0:00,288.658
8/10/2023,6:00,287.058
8/10/2023,12:00,287.109
8/10/2023,18:00,291.114
8/11/2023,0:00,292.4
8/11/2023,6:00,290.933
8/11/2023,12:00,289.007
8/11/2023,18:00,291.3
8/12/2023,0:00,291.867
8/12/2023,6:00,288.433
8/12/2023,12:00,285.31
8/12/2023,18:00,284.737
8/13/2023,0:00,280.746
8/13/2023,6:00,277.673
8/13/2023,12:00,276.605
8/13/2023,18:00,279.775
8/14/2023,0:00,280.4
8/14/2023,6:00,279.329
8/14/2023,12:00,279.495
8/14/2023,18:00,284.46
8/15/2023,0:00,285.725
8/15/2023,6:00,284.9
8/15/2023,12:00,284.911
8/15/2023,18:00,289.688
8/16/2023,0:00,290.095
8/16/2023,6:00,289.346
8/16/2023,12:00,288.693
8/16/2023,18:00,291.888
8/17/2023,0:00,292.542
8/17/2023,6:00,291.322
8/17/2023,12:00,290.882
8/17/2023,18:00,293.736
8/18/2023,0:00,292.8
8/18/2023,6:00,291.607
8/18/2023,12:00,291.838
8/18/2023,18:00,287.102
8/19/2023,0:00,285.919
8/19/2023,6:00,284.41
8/19/2023,12:00,284.417
8/19/2023,18:00,285.242
8/20/2023,0:00,284.985
8/20/2023,6:00,284.322
8/20/2023,12:00,283.776
8/20/2023,18:00,288.062
8/21/2023,0:00,287.136
8/21/2023,6:00,285.805
8/21/2023,12:00,285.323
8/21/2023,18:00,289.506
8/22/2023,0:00,290.372
8/22/2023,6:00,290.722
8/22/2023,12:00,290.31
8/22/2023,18:00,293.91
8/23/2023,0:00,293.754
8/23/2023,6:00,294.758
8/23/2023,12:00,294.278
8/23/2023,18:00,295.751
8/24/2023,0:00,292.5
8/24/2023,6:00,290.325
8/24/2023,12:00,288.351
8/24/2023,18:00,287.624
8/25/2023,0:00,285.338
8/25/2023,6:00,284.6
8/25/2023,12:00,282.237
8/25/2023,18:00,284.035
8/26/2023,0:00,282.614
8/26/2023,6:00,279.643
8/26/2023,12:00,278.201
8/26/2023,18:00,282.402
8/27/2023,0:00,279.125
8/27/2023,6:00,276.8
8/27/2023,12:00,275.563
8/27/2023,18:00,280.9
8/28/2023,0:00,279.482
8/28/2023,6:00,277.574
8/28/2023,12:00,276.15
8/28/2023,18:00,282.332
8/29/2023,0:00,283.148
8/29/2023,6:00,282.059
8/29/2023,12:00,281.712
8/29/2023,18:00,287.126
8/30/2023,0:00,289.314
8/30/2023,6:00,285
8/30/2023,12:00,284.471
8/30/2023,18:00,289.7
8/31/2023,0:00,289.059
8/31/2023,6:00,288.051
8/31/2023,12:00,286.56
8/31/2023,18:00,292.206
9/1/2023,0:00,290.091
9/1/2023,6:00,289.444
9/1/2023,12:00,289.983
9/1/2023,18:00,290.3
9/2/2023,0:00,289.724
9/2/2023,6:00,289.448
9/2/2023,12:00,289.253
9/2/2023,18:00,289.724
9/3/2023,0:00,290.755
9/3/2023,6:00,291.54
9/3/2023,12:00,291.476
9/3/2023,18:00,294.473
9/4/2023,0:00,293.845
9/4/2023,6:00,293.651
9/4/2023,12:00,293.015
9/4/2023,18:00,290.233
9/5/2023,0:00,285.664
9/5/2023,6:00,283.995
9/5/2023,12:00,284.281
9/5/2023,18:00,284.904
9/6/2023,0:00,286.077
9/6/2023,6:00,282.391
9/6/2023,12:00,282.078
9/6/2023,18:00,288.488
9/7/2023,0:00,291.018
9/7/2023,6:00,288.918
9/7/2023,12:00,288.315
9/7/2023,18:00,289.562
9/8/2023,0:00,291.414
9/8/2023,6:00,289.22
9/8/2023,12:00,288.937
9/8/2023,18:00,289.432
9/9/2023,0:00,288.593
9/9/2023,6:00,288.118
9/9/2023,12:00,287.118
9/9/2023,18:00,289.432
9/10/2023,0:00,288.907
9/10/2023,6:00,288.052
9/10/2023,12:00,289.257
9/10/2023,18:00,292.945
9/11/2023,0:00,293.089
9/11/2023,6:00,292.024
9/11/2023,12:00,291.397
9/11/2023,18:00,295.22
9/12/2023,0:00,294.615
9/12/2023,6:00,293.012
9/12/2023,12:00,290.713
9/12/2023,18:00,294.719
9/13/2023,0:00,294.319
9/13/2023,6:00,290.455
9/13/2023,12:00,288.725
9/13/2023,18:00,286.041
9/14/2023,0:00,283.346
9/14/2023,6:00,281.083
9/14/2023,12:00,280.629
9/14/2023,18:00,281.044
9/15/2023,0:00,279.152
9/15/2023,6:00,277.932
9/15/2023,12:00,277.7
9/15/2023,18:00,283.9
9/16/2023,0:00,284.424
9/16/2023,6:00,283.905
9/16/2023,12:00,283.598
9/16/2023,18:00,289.271
9/17/2023,0:00,290.1
9/17/2023,6:00,290.117
9/17/2023,12:00,289.96
9/17/2023,18:00,295.077
9/18/2023,0:00,295.226
9/18/2023,6:00,294.792
9/18/2023,12:00,295.026
9/18/2023,18:00,297.229
9/19/2023,0:00,291.6
9/19/2023,6:00,292.63
9/19/2023,12:00,292.573
9/19/2023,18:00,295.888
9/20/2023,0:00,293.916
9/20/2023,6:00,292.533
9/20/2023,12:00,291.278
9/20/2023,18:00,295.779
9/21/2023,0:00,293.354
9/21/2023,6:00,291.797
9/21/2023,12:00,292.054
9/21/2023,18:00,297.06
9/22/2023,0:00,297.009
9/22/2023,6:00,295.39
9/22/2023,12:00,292.629
9/22/2023,18:00,296.282
9/23/2023,0:00,296.718
9/23/2023,6:00,294.4
9/23/2023,12:00,293.821
9/23/2023,18:00,298.271
9/24/2023,0:00,297.921
9/24/2023,6:00,295.833
9/24/2023,12:00,294.41
9/24/2023,18:00,299.5
9/25/2023,0:00,292.701
9/25/2023,6:00,290.637
9/25/2023,12:00,291.117
9/25/2023,18:00,294.575
9/26/2023,0:00,290.056
9/26/2023,6:00,290.033
9/26/2023,12:00,293.274
9/26/2023,18:00,298.758
9/27/2023,0:00,291.583
9/27/2023,6:00,288.407
9/27/2023,12:00,285.317
9/27/2023,18:00,284.348
9/28/2023,0:00,282.581
9/28/2023,6:00,280.528
9/28/2023,12:00,280.8
9/28/2023,18:00,285.714
9/29/2023,0:00,288.607
9/29/2023,6:00,286.609
9/29/2023,12:00,286.007
9/29/2023,18:00,292.379
9/30/2023,0:00,291.839
9/30/2023,6:00,289.587
9/30/2023,12:00,287.822
9/30/2023,18:00,292.242
10/1/2023,0:00,288.393
10/1/2023,6:00,287.035
10/1/2023,12:00,284.258
10/1/2023,18:00,287.839
10/2/2023,0:00,286
10/2/2023,6:00,282.958
10/2/2023,12:00,282.298
10/2/2023,18:00,289.077
10/3/2023,0:00,287.179
10/3/2023,6:00,285.31
10/3/2023,12:00,285.249
10/3/2023,18:00,294.28
10/4/2023,0:00,293.035
10/4/2023,6:00,291.512
10/4/2023,12:00,292.507
10/4/2023,18:00,291.761
10/5/2023,0:00,288.729
10/5/2023,6:00,285.303
10/5/2023,12:00,283.187
10/5/2023,18:00,288.238
10/6/2023,0:00,287.499
10/6/2023,6:00,286.852
10/6/2023,12:00,288.282
10/6/2023,18:00,290.363
10/7/2023,0:00,289.975
10/7/2023,6:00,290.288
10/7/2023,12:00,290.7
10/7/2023,18:00,289.8
10/8/2023,0:00,288.854
10/8/2023,6:00,288.333
10/8/2023,12:00,287.498
10/8/2023,18:00,286.801
10/9/2023,0:00,287.206
10/9/2023,6:00,286.518
10/9/2023,12:00,286.929
10/9/2023,18:00,289.191
10/10/2023,0:00,288.112
10/10/2023,6:00,286.525
10/10/2023,12:00,286.22
10/10/2023,18:00,292.467
10/11/2023,0:00,292.636
10/11/2023,6:00,292.027
10/11/2023,12:00,291.182
10/11/2023,18:00,293.216
10/12/2023,0:00,292.361
10/12/2023,6:00,287.518
10/12/2023,12:00,283.588
10/12/2023,18:00,283.563
10/13/2023,0:00,283.414
10/13/2023,6:00,281.61
10/13/2023,12:00,280.512
10/13/2023,18:00,285.573
10/14/2023,0:00,285.7
10/14/2023,6:00,282.916
10/14/2023,12:00,282.761
10/14/2023,18:00,289.646
10/15/2023,0:00,291.843
10/15/2023,6:00,288.782
10/15/2023,12:00,288.852
10/15/2023,18:00,293.213
10/16/2023,0:00,293.9
10/16/2023,6:00,293.407
10/16/2023,12:00,292.656
10/16/2023,18:00,293.361
10/17/2023,0:00,292
10/17/2023,6:00,292.149
10/17/2023,12:00,291.929
10/17/2023,18:00,291.995
10/18/2023,0:00,290.633
10/18/2023,6:00,289.462
10/18/2023,12:00,287.272
10/18/2023,18:00,287.995
10/19/2023,0:00,288.282
10/19/2023,6:00,287.742
10/19/2023,12:00,290.229
10/19/2023,18:00,291.541
10/20/2023,0:00,293.122
10/20/2023,6:00,291.847
10/20/2023,12:00,290.846
10/20/2023,18:00,295.093
10/21/2023,0:00,292.9
10/21/2023,6:00,291.5
10/21/2023,12:00,291.154
10/21/2023,18:00,297.15
10/22/2023,0:00,295.913
10/22/2023,6:00,294.253
10/22/2023,12:00,293.071
10/22/2023,18:00,297.183
10/23/2023,0:00,295.91
10/23/2023,6:00,295.046
10/23/2023,12:00,293.928
10/23/2023,18:00,298.524
10/24/2023,0:00,294.235
10/24/2023,6:00,293.025
10/24/2023,12:00,292.308
10/24/2023,18:00,293.335
10/25/2023,0:00,292.225
10/25/2023,6:00,291.358
10/25/2023,12:00,289.871
10/25/2023,18:00,291.949
10/26/2023,0:00,289.501
10/26/2023,6:00,287.406
10/26/2023,12:00,287.282
10/26/2023,18:00,291.335
10/27/2023,0:00,289.203
10/27/2023,6:00,287.289
10/27/2023,12:00,287.21
10/27/2023,18:00,295
10/28/2023,0:00,293.594
10/28/2023,6:00,292.467
10/28/2023,12:00,291.952
10/28/2023,18:00,291.697
10/29/2023,0:00,289.426
10/29/2023,6:00,288.976
10/29/2023,12:00,288.948
10/29/2023,18:00,294.803
10/30/2023,0:00,294.699
10/30/2023,6:00,292.745
10/30/2023,12:00,292.37
10/30/2023,18:00,292.239
10/31/2023,0:00,292.904
10/31/2023,6:00,290.721
10/31/2023,12:00,290.412
10/31/2023,18:00,293.378
11/1/2023,0:00,290.487
11/1/2023,6:00,289.183
11/1/2023,12:00,288.939
11/1/2023,18:00,294.154
11/2/2023,0:00,291.431
11/2/2023,6:00,290.444
11/2/2023,12:00,291.345
11/2/2023,18:00,291.726
11/3/2023,0:00,291.617
11/3/2023,6:00,290.964
11/3/2023,12:00,288.157
11/3/2023,18:00,286.118
11/4/2023,0:00,282.837
11/4/2023,6:00,283.07
11/4/2023,12:00,283.083
11/4/2023,18:00,285.374
11/5/2023,0:00,285.122
11/5/2023,6:00,282.561
11/5/2023,12:00,281.715
11/5/2023,18:00,288.182
11/6/2023,0:00,289.22
11/6/2023,6:00,287.236
11/6/2023,12:00,287.125
11/6/2023,18:00,294.606
11/7/2023,0:00,293.186
11/7/2023,6:00,291.185
11/7/2023,12:00,290.7
11/7/2023,18:00,296.233
11/8/2023,0:00,294.456
11/8/2023,6:00,292.139
11/8/2023,12:00,291.648
11/8/2023,18:00,297.517
11/9/2023,0:00,297.146
11/9/2023,6:00,295.871
11/9/2023,12:00,293.839
11/9/2023,18:00,293.929
11/10/2023,0:00,293.04
11/10/2023,6:00,293.156
11/10/2023,12:00,291.77
11/10/2023,18:00,296.796
11/11/2023,0:00,297.721
11/11/2023,6:00,296.975
11/11/2023,12:00,296.306
11/11/2023,18:00,300.154
11/12/2023,0:00,299.038
11/12/2023,6:00,296.29
11/12/2023,12:00,295.741
11/12/2023,18:00,302.254
11/13/2023,0:00,298.03
11/13/2023,6:00,297.193
11/13/2023,12:00,297.796
11/13/2023,18:00,295.182
11/14/2023,0:00,293.245
11/14/2023,6:00,292.981
11/14/2023,12:00,291.651
11/14/2023,18:00,291.863
11/15/2023,0:00,292.105
11/15/2023,6:00,291.573
11/15/2023,12:00,291.596
11/15/2023,18:00,295.424
11/16/2023,0:00,296.815
11/16/2023,6:00,295.873
11/16/2023,12:00,292.872
11/16/2023,18:00,294.575
11/17/2023,0:00,293.353
11/17/2023,6:00,292.814
11/17/2023,12:00,293.13
11/17/2023,18:00,294.733
11/18/2023,0:00,296.733
11/18/2023,6:00,292.359
11/18/2023,12:00,291.811
11/18/2023,18:00,289.255
11/19/2023,0:00,289.789
11/19/2023,6:00,287.356
11/19/2023,12:00,287.343
11/19/2023,18:00,293.283
11/20/2023,0:00,291.076
11/20/2023,6:00,289.318
11/20/2023,12:00,288.812
11/20/2023,18:00,295.614
11/21/2023,0:00,294.444
11/21/2023,6:00,293.137
11/21/2023,12:00,292.349
11/21/2023,18:00,297.437
11/22/2023,0:00,296.972
11/22/2023,6:00,294.786
11/22/2023,12:00,294.771
11/22/2023,18:00,296.928
11/23/2023,0:00,295.17
11/23/2023,6:00,293.104
11/23/2023,12:00,291.645
11/23/2023,18:00,293.933
11/24/2023,0:00,292.286
11/24/2023,6:00,290.265
11/24/2023,12:00,288.293
11/24/2023,18:00,292.131
11/25/2023,0:00,289.93
11/25/2023,6:00,287.085
11/25/2023,12:00,286.661
11/25/2023,18:00,292.17
11/26/2023,0:00,292.574
11/26/2023,6:00,290.79
11/26/2023,12:00,290.143
11/26/2023,18:00,293.328
11/27/2023,0:00,294.076
11/27/2023,6:00,293.018
11/27/2023,12:00,292.22
11/27/2023,18:00,292.482
11/28/2023,0:00,291.92
11/28/2023,6:00,291.367
11/28/2023,12:00,291.965
11/28/2023,18:00,293
11/29/2023,0:00,293.174
11/29/2023,6:00,293.092
11/29/2023,12:00,292.427
11/29/2023,18:00,295.754
11/30/2023,0:00,296.479
11/30/2023,6:00,294.136
11/30/2023,12:00,293.549
11/30/2023,18:00,299.567
12/1/2023,0:00,297.562
12/1/2023,6:00,294.729
12/1/2023,12:00,294.642
12/1/2023,18:00,300.418
12/2/2023,0:00,299.059
12/2/2023,6:00,297.143
12/2/2023,12:00,296.179
12/2/2023,18:00,295.256
12/3/2023,0:00,293.575
12/3/2023,6:00,293.314
12/3/2023,12:00,293.063
12/3/2023,18:00,297.922
12/4/2023,0:00,295.154
12/4/2023,6:00,293.521
12/4/2023,12:00,292.418
12/4/2023,18:00,292.085
12/5/2023,0:00,290.917
12/5/2023,6:00,290.413
12/5/2023,12:00,290.415
12/5/2023,18:00,296.619
12/6/2023,0:00,294.334
12/6/2023,6:00,294.059
12/6/2023,12:00,293.864
12/6/2023,18:00,294.723
12/7/2023,0:00,295.171
12/7/2023,6:00,294.693
12/7/2023,12:00,294.266
12/7/2023,18:00,293.549
12/8/2023,0:00,293.766
12/8/2023,6:00,291.487
12/8/2023,12:00,290.108
12/8/2023,18:00,293.061
12/9/2023,0:00,290.303
12/9/2023,6:00,286.741
12/9/2023,12:00,286.147
12/9/2023,18:00,293.854
12/10/2023,0:00,293.393
12/10/2023,6:00,292.586
12/10/2023,12:00,291.508
12/10/2023,18:00,292.66
12/11/2023,0:00,290.816
12/11/2023,6:00,289.223
12/11/2023,12:00,288.726
12/11/2023,18:00,295.322
12/12/2023,0:00,293.826
12/12/2023,6:00,291.242
12/12/2023,12:00,290.778
12/12/2023,18:00,297.402
12/13/2023,0:00,295.817
12/13/2023,6:00,293.547
12/13/2023,12:00,292.927
12/13/2023,18:00,297.747
12/14/2023,0:00,295.186
12/14/2023,6:00,294.412
12/14/2023,12:00,295.474
12/14/2023,18:00,300.506
12/15/2023,0:00,294.139
12/15/2023,6:00,295.071
12/15/2023,12:00,294.738
12/15/2023,18:00,301.323
12/16/2023,0:00,294.033
12/16/2023,6:00,293.672
12/16/2023,12:00,294.012
12/16/2023,18:00,301.575
12/17/2023,0:00,300.806
12/17/2023,6:00,296.131
12/17/2023,12:00,295.412
12/17/2023,18:00,301.493
12/18/2023,0:00,295.87
12/18/2023,6:00,294.875
12/18/2023,12:00,294.938
12/18/2023,18:00,301.536
12/19/2023,0:00,294.684
12/19/2023,6:00,293.052
12/19/2023,12:00,293.57
12/19/2023,18:00,297.78
12/20/2023,0:00,293.011
12/20/2023,6:00,291.759
12/20/2023,12:00,292.5
12/20/2023,18:00,297.536
12/21/2023,0:00,295.232
12/21/2023,6:00,292.994
12/21/2023,12:00,293.079
12/21/2023,18:00,297.385
12/22/2023,0:00,295.979
12/22/2023,6:00,294.617
12/22/2023,12:00,294.217
12/22/2023,18:00,299.388
12/23/2023,0:00,292.98
12/23/2023,6:00,292.215
12/23/2023,12:00,292.862
12/23/2023,18:00,297.07
12/24/2023,0:00,295.329
12/24/2023,6:00,293.877
12/24/2023,12:00,293.243
12/24/2023,18:00,298.085
12/25/2023,0:00,295.827
12/25/2023,6:00,292.732
12/25/2023,12:00,292.632
12/25/2023,18:00,295.71
12/26/2023,0:00,294.146
12/26/2023,6:00,290.139
12/26/2023,12:00,288.373
12/27/2023,0:00,289.406
12/27/2023,6:00,286.625
12/27/2023,12:00,286.1
12/27/2023,18:00,292.35
12/28/2023,0:00,291.734
12/28/2023,6:00,290.101
12/28/2023,12:00,289.459
12/28/2023,18:00,296.403
12/29/2023,0:00,297
12/29/2023,6:00,294.83
12/29/2023,12:00,293.196
12/29/2023,18:00,291.951
12/30/2023,0:00,292.126
12/30/2023,6:00,290.317
12/30/2023,12:00,290.725
12/30/2023,18:00,292.539
12/31/2023,0:00,291.342
12/31/2023,6:00,288.981
12/31/2023,12:00,288.052
12/31/2023,18:00,293.717
1/1/2024,0:00,292.696
1/1/2024,6:00,289.336
1/1/2024,12:00,289.612
1/1/2024,18:00,296.89
1/2/2024,0:00,295.048
1/2/2024,6:00,292.147
1/2/2024,12:00,291.838
1/2/2024,18:00,296.943
1/3/2024,0:00,294.402
1/3/2024,6:00,292.192
1/3/2024,12:00,291.351
1/3/2024,18:00,296.722
1/4/2024,0:00,292.986
1/4/2024,6:00,291.139
1/4/2024,12:00,290.594
1/4/2024,18:00,296.474
1/5/2024,0:00,293.445
1/5/2024,6:00,290.345
1/5/2024,12:00,289.856
1/5/2024,18:00,296.194
1/6/2024,0:00,294.252
1/6/2024,6:00,292.026
1/6/2024,12:00,291.485
1/6/2024,18:00,297.082
1/7/2024,0:00,296.398
1/7/2024,6:00,294.225
1/7/2024,12:00,293.751
1/7/2024,18:00,299.483
1/8/2024,0:00,297.504
1/8/2024,6:00,296.089
1/8/2024,12:00,294.135
1/8/2024,18:00,299.022
1/9/2024,0:00,297.342
1/9/2024,6:00,294.496
1/9/2024,12:00,294.06
1/9/2024,18:00,298.988
1/10/2024,0:00,297.739
1/10/2024,6:00,295.732
1/10/2024,12:00,295.24
1/10/2024,18:00,295.724
1/11/2024,0:00,295.451
1/11/2024,6:00,294.047
1/11/2024,12:00,293.766
1/11/2024,18:00,293.79
1/12/2024,0:00,294.952
1/12/2024,6:00,292.128
1/12/2024,12:00,292.005
1/12/2024,18:00,295.064
1/13/2024,0:00,294.09
1/13/2024,6:00,290.465
1/13/2024,12:00,289.635
1/13/2024,18:00,296.536
1/14/2024,0:00,296.033
1/14/2024,6:00,295.227
1/14/2024,12:00,294.515
1/14/2024,18:00,299.726
1/15/2024,0:00,298.108
1/15/2024,6:00,294.972
1/15/2024,12:00,292.978
1/15/2024,18:00,298.214
1/16/2024,0:00,297.483
1/16/2024,6:00,295.695
1/16/2024,12:00,295.422
1/16/2024,18:00,299.907
1/17/2024,0:00,299.209
1/17/2024,6:00,294.229
1/17/2024,12:00,292.868
1/17/2024,18:00,293.955
1/18/2024,0:00,294.524
1/18/2024,6:00,293.652
1/18/2024,12:00,293.634
1/18/2024,18:00,297.334
1/19/2024,0:00,296.101
1/19/2024,6:00,294.83
1/19/2024,12:00,294.511
1/19/2024,18:00,298.505
1/20/2024,0:00,295.869
1/20/2024,6:00,294.653
1/20/2024,12:00,293.549
1/20/2024,18:00,297.329
1/21/2024,0:00,294.088
1/21/2024,6:00,291.669
1/21/2024,12:00,291.005
1/21/2024,18:00,294.278
1/22/2024,0:00,292.686
1/22/2024,6:00,289.222
1/22/2024,12:00,288.927
1/22/2024,18:00,293.885
1/23/2024,0:00,292.395
1/23/2024,6:00,289.824
1/23/2024,12:00,289.026
1/23/2024,18:00,291.638
1/24/2024,0:00,290.698
1/24/2024,6:00,288.474
1/24/2024,12:00,287.32
1/24/2024,18:00,292.33
1/25/2024,0:00,290.374
1/25/2024,6:00,287.692
1/25/2024,12:00,286.924
1/25/2024,18:00,291.972
1/26/2024,0:00,291.529
1/26/2024,6:00,287.333
1/26/2024,12:00,285.579
1/26/2024,18:00,291.75
1/27/2024,0:00,289.526
1/27/2024,6:00,287.191
1/27/2024,12:00,286.203
1/27/2024,18:00,291.198
1/28/2024,0:00,290.42
1/28/2024,6:00,288.368
1/28/2024,12:00,287.738
1/28/2024,18:00,293.996
1/29/2024,0:00,291.836
1/29/2024,6:00,289.276
1/29/2024,12:00,288.919
1/29/2024,18:00,295.101
1/30/2024,0:00,292.819
1/30/2024,6:00,290.393
1/30/2024,12:00,289.908
1/30/2024,18:00,295.863
1/31/2024,0:00,294.017
1/31/2024,6:00,290.656
1/31/2024,12:00,289.78
1/31/2024,18:00,295.623
2/1/2024,0:00,292.769
2/1/2024,6:00,290.848
2/1/2024,12:00,290.357
2/1/2024,18:00,296.661
2/2/2024,0:00,294.561
2/2/2024,6:00,290.932
2/2/2024,12:00,290.48
2/2/2024,18:00,297.228
2/3/2024,0:00,295.627
2/3/2024,6:00,292.348
2/3/2024,12:00,292.35
2/3/2024,18:00,297.513
2/4/2024,0:00,295.097
2/4/2024,6:00,294.259
2/4/2024,12:00,293.743
2/4/2024,18:00,298.936
2/5/2024,0:00,296.365
2/5/2024,6:00,292.864
2/5/2024,12:00,291.708
2/5/2024,18:00,297.462
2/6/2024,0:00,296.939
2/6/2024,6:00,294.046
2/6/2024,12:00,293.097
2/6/2024,18:00,297.649
2/7/2024,0:00,296.068
2/7/2024,6:00,293.48
2/7/2024,12:00,293.386
2/7/2024,18:00,298.746
2/8/2024,0:00,294.174
2/8/2024,6:00,291.501
2/8/2024,12:00,291.82
2/8/2024,18:00,297.366
2/9/2024,0:00,296.471
2/9/2024,6:00,294.062
2/9/2024,12:00,293.331
2/9/2024,18:00,298.761
2/10/2024,0:00,294.175
2/10/2024,6:00,293.373
2/10/2024,12:00,294.285
2/10/2024,18:00,298.662
2/11/2024,0:00,295.868
2/11/2024,6:00,295.108
2/11/2024,12:00,294.375
2/11/2024,18:00,299.591
2/12/2024,0:00,298.046
2/12/2024,6:00,295.767
2/12/2024,12:00,296.039
2/12/2024,18:00,300.639
2/13/2024,0:00,300.457
2/13/2024,6:00,294.91
2/13/2024,12:00,292.977
2/13/2024,18:00,296.433
2/14/2024,0:00,292.774
2/14/2024,6:00,290.566
2/14/2024,12:00,290.001
2/14/2024,18:00,291.883
2/15/2024,0:00,292.118
2/15/2024,6:00,289.686
2/15/2024,12:00,289.768
2/15/2024,18:00,292.974
2/16/2024,0:00,292.411
2/16/2024,6:00,292.398
2/16/2024,12:00,292.59
2/16/2024,18:00,294.098
2/17/2024,0:00,292.338
2/17/2024,6:00,291.284
2/17/2024,12:00,291.666
2/17/2024,18:00,296.584
2/18/2024,0:00,293.318
2/18/2024,6:00,291.465
2/18/2024,12:00,291.591
2/18/2024,18:00,297.29
2/19/2024,0:00,295.688
2/19/2024,6:00,292.164
2/19/2024,12:00,292.034
2/19/2024,18:00,294.503
2/20/2024,0:00,292.546
2/20/2024,6:00,291.569
2/20/2024,12:00,291.505
2/20/2024,18:00,294.607
2/21/2024,0:00,292.733
2/21/2024,6:00,290.19
2/21/2024,12:00,290.01
2/21/2024,18:00,295.443
2/22/2024,0:00,294.084
2/22/2024,6:00,291.587
2/22/2024,12:00,291.041
2/22/2024,18:00,297.02
2/23/2024,0:00,296.969
2/23/2024,6:00,294.23
2/23/2024,12:00,293.223
2/23/2024,18:00,298.62
2/24/2024,0:00,294.001
2/24/2024,6:00,292.017
2/24/2024,12:00,292.023
2/24/2024,18:00,298.322
2/25/2024,0:00,297.167
2/25/2024,6:00,293.775
2/25/2024,12:00,292.56
2/25/2024,18:00,297.375
2/26/2024,0:00,297.556
2/26/2024,6:00,294.185
2/26/2024,12:00,294.078
2/26/2024,18:00,294.723
2/27/2024,0:00,294.914
2/27/2024,6:00,294.25
2/27/2024,12:00,293.687
2/27/2024,18:00,294.382
2/28/2024,0:00,295.286
2/28/2024,6:00,294.844
2/28/2024,12:00,294.5
2/28/2024,18:00,297.044
2/29/2024,0:00,294.325
2/29/2024,6:00,293.862
2/29/2024,12:00,293.582
2/29/2024,18:00,295.438
3/1/2024,0:00,293.967
3/1/2024,6:00,292.746
3/1/2024,12:00,292.288
3/1/2024,18:00,296.702
3/2/2024,0:00,295.408
3/2/2024,6:00,293.067
3/2/2024,12:00,292.08
3/2/2024,18:00,297.709
3/3/2024,0:00,296.644
3/3/2024,6:00,295.165
3/3/2024,12:00,295.301
3/3/2024,18:00,299.444
3/4/2024,0:00,295.621
3/4/2024,6:00,292.788
3/4/2024,12:00,292.37
3/4/2024,18:00,292.3
3/5/2024,0:00,291.237
3/5/2024,6:00,290.196
3/5/2024,12:00,288.203
3/5/2024,18:00,291.702
3/6/2024,0:00,289.988
3/6/2024,6:00,287.472
3/6/2024,12:00,286.941
3/6/2024,18:00,292.652
3/7/2024,0:00,291.548
3/7/2024,6:00,290.569
3/7/2024,12:00,290.674
3/7/2024,18:00,296.491
3/8/2024,0:00,293.702
3/8/2024,6:00,292.904
3/8/2024,12:00,294.013
3/8/2024,18:00,294.494
3/9/2024,0:00,294.866
3/9/2024,6:00,293.957
3/9/2024,12:00,293.985
3/9/2024,18:00,298.069
3/10/2024,0:00,296.181
3/10/2024,6:00,295.273
3/10/2024,12:00,294.218
3/10/2024,18:00,298.365
3/11/2024,0:00,295.1
3/11/2024,6:00,292.433
3/11/2024,12:00,290.673
3/11/2024,18:00,295.618
3/12/2024,0:00,294.1
3/12/2024,6:00,291.89
3/12/2024,12:00,292.006
3/12/2024,18:00,297.3
3/13/2024,0:00,296.159
3/13/2024,6:00,294.225
3/13/2024,12:00,293.015
3/13/2024,18:00,298.397
3/14/2024,0:00,297.016
3/14/2024,6:00,295.316
3/14/2024,12:00,293.785
3/14/2024,18:00,298.365
3/15/2024,0:00,298.313
3/15/2024,6:00,297.869
3/15/2024,12:00,296.4
3/15/2024,18:00,297.237
3/16/2024,0:00,296.052
3/16/2024,6:00,296.531
3/16/2024,12:00,295.066
3/16/2024,18:00,299.677
3/17/2024,0:00,295.428
3/17/2024,6:00,293.994
3/17/2024,12:00,292.971
3/17/2024,18:00,296.697
3/18/2024,0:00,296.374
3/18/2024,6:00,295.358
3/18/2024,12:00,293.994
3/18/2024,18:00,297.384
3/19/2024,0:00,296.766
3/19/2024,6:00,295.535
3/19/2024,12:00,295.515
3/19/2024,18:00,297.821
3/20/2024,0:00,295.576
3/20/2024,6:00,296.159
3/20/2024,12:00,294.509
3/20/2024,18:00,299.067
3/21/2024,0:00,299.731
3/21/2024,6:00,298.016
3/21/2024,12:00,291.513
3/21/2024,18:00,291.261
3/22/2024,0:00,291.143
3/22/2024,6:00,288.563
3/22/2024,12:00,286.227
3/22/2024,18:00,289.953
3/23/2024,0:00,290.045
3/23/2024,6:00,287.332
3/23/2024,12:00,287.406
3/23/2024,18:00,291.936
3/24/2024,0:00,290.9
3/24/2024,6:00,290.325
3/24/2024,12:00,288.754
3/24/2024,18:00,293.641
3/25/2024,0:00,293.055
3/25/2024,6:00,290.3
3/25/2024,12:00,289.386
3/25/2024,18:00,294.37
3/26/2024,0:00,292.616
3/26/2024,6:00,289.397
3/26/2024,12:00,288.042
3/26/2024,18:00,293.103
3/27/2024,0:00,291.696
3/27/2024,6:00,289.3
3/27/2024,12:00,289.429
3/27/2024,18:00,295.413
3/28/2024,0:00,294.313
3/28/2024,6:00,292.979
3/28/2024,12:00,291.837
3/28/2024,18:00,295.41
3/29/2024,0:00,295.464
3/29/2024,6:00,293.838
3/29/2024,12:00,291.929
3/29/2024,18:00,296.808
3/30/2024,0:00,291.557
3/30/2024,6:00,290.77
3/30/2024,12:00,291.238
3/30/2024,18:00,296.9
3/31/2024,0:00,295.94
3/31/2024,6:00,292.844
3/31/2024,12:00,292.639
3/31/2024,18:00,297.167
4/1/2024,0:00,294.835
4/1/2024,6:00,291.763
4/1/2024,12:00,292.022
4/1/2024,18:00,297.581
4/2/2024,0:00,296.781
4/2/2024,6:00,293.519
4/2/2024,12:00,291.971
4/2/2024,18:00,296.765
4/3/2024,0:00,293.955
4/3/2024,6:00,292.517
4/3/2024,12:00,292.426
4/3/2024,18:00,298.309
4/4/2024,0:00,297.55
4/4/2024,6:00,296.629
4/4/2024,12:00,295.778
4/4/2024,18:00,299.999
4/5/2024,0:00,296.801
4/5/2024,6:00,294.141
4/5/2024,12:00,292.1
4/5/2024,18:00,295.407
4/6/2024,0:00,292.661
4/6/2024,6:00,291
4/6/2024,12:00,290.419
4/6/2024,18:00,295.351
4/7/2024,0:00,296.604
4/7/2024,6:00,294.715
4/7/2024,12:00,291.805
4/7/2024,18:00,292.781
4/8/2024,0:00,292.717
4/8/2024,6:00,292.296
4/8/2024,12:00,291.425
4/8/2024,18:00,295.002
4/9/2024,0:00,294.365
4/9/2024,6:00,293.056
4/9/2024,12:00,292.779
4/9/2024,18:00,295.86
4/10/2024,0:00,293.602
4/10/2024,6:00,292.4
4/10/2024,12:00,291.548
4/10/2024,18:00,295.612
4/11/2024,0:00,293.527
4/11/2024,6:00,291.648
4/11/2024,12:00,290.401
4/11/2024,18:00,290.938
4/12/2024,0:00,291.757
4/12/2024,6:00,291.8
4/12/2024,12:00,292.104
4/12/2024,18:00,292.406
4/13/2024,0:00,293.806
4/13/2024,6:00,292.806
4/13/2024,12:00,293.4
4/13/2024,18:00,295.641
4/14/2024,0:00,296.085
4/14/2024,6:00,294.569
4/14/2024,12:00,293.419
4/14/2024,18:00,295.858
4/15/2024,0:00,294.617
4/15/2024,6:00,293.955
4/15/2024,12:00,293.896
4/15/2024,18:00,294.341
4/16/2024,0:00,295.8
4/16/2024,6:00,294.134
4/16/2024,12:00,294.1
4/16/2024,18:00,291.648
4/17/2024,0:00,290.597
4/17/2024,6:00,287.2
4/17/2024,12:00,285.195
4/17/2024,18:00,287.17
4/18/2024,0:00,286.682
4/18/2024,6:00,284.655
4/18/2024,12:00,284.337
4/18/2024,18:00,288.739
4/19/2024,0:00,288.263
4/19/2024,6:00,286.153
4/19/2024,12:00,285.472
4/19/2024,18:00,290.047
4/20/2024,0:00,288.612
4/20/2024,6:00,287.004
4/20/2024,12:00,286.157
4/20/2024,18:00,290.6
4/21/2024,0:00,290.099
4/21/2024,6:00,288.601
4/21/2024,12:00,287.335
4/21/2024,18:00,291.95
4/22/2024,0:00,291.468
4/22/2024,6:00,290.345
4/22/2024,12:00,290.059
4/22/2024,18:00,293.902
4/23/2024,0:00,291.822
4/23/2024,6:00,290.567
4/23/2024,12:00,291.183
4/23/2024,18:00,293.797
4/24/2024,0:00,294
4/24/2024,6:00,292.945
4/24/2024,12:00,292.69
4/24/2024,18:00,294.2
4/25/2024,0:00,292.516
4/25/2024,6:00,292.193
4/25/2024,12:00,292.071
4/25/2024,18:00,293.884
4/26/2024,0:00,294.5
4/26/2024,6:00,293.767
4/26/2024,12:00,293.524
4/26/2024,18:00,296.306
4/27/2024,0:00,295.52
4/27/2024,6:00,294.893
4/27/2024,12:00,294.525
4/27/2024,18:00,296.721
4/28/2024,0:00,296.328
4/28/2024,6:00,292.888
4/28/2024,12:00,291.98
4/28/2024,18:00,293.477
4/29/2024,0:00,293.051
4/29/2024,6:00,292.935
4/29/2024,12:00,293.468
4/29/2024,18:00,296.856
4/30/2024,0:00,296.704
4/30/2024,6:00,296.3
4/30/2024,12:00,295.072
4/30/2024,18:00,296.258
5/1/2024,0:00,296.855
5/1/2024,6:00,294.948
5/1/2024,12:00,294.367
5/1/2024,18:00,296.682
5/2/2024,0:00,296.732
5/2/2024,6:00,296.445
5/2/2024,12:00,294.665
5/2/2024,18:00,291.948
5/3/2024,0:00,291.574
5/3/2024,6:00,290.688
5/3/2024,12:00,290.216
5/3/2024,18:00,290.644
5/4/2024,0:00,291.683
5/4/2024,6:00,292.5
5/4/2024,12:00,291.555
5/4/2024,18:00,292.144
5/5/2024,0:00,292.966
5/5/2024,6:00,292.672
5/5/2024,12:00,293.609
5/5/2024,18:00,294.792
5/6/2024,0:00,294.861
5/6/2024,6:00,293.949
5/6/2024,12:00,292.701
5/6/2024,18:00,294.581
5/7/2024,0:00,293.845
5/7/2024,6:00,293.12
5/7/2024,12:00,292.859
5/7/2024,18:00,294.824
5/8/2024,0:00,294.556
5/8/2024,6:00,294.659
5/8/2024,12:00,294.4
5/8/2024,18:00,293.875
5/9/2024,0:00,292.547
5/9/2024,6:00,288.369
5/9/2024,12:00,285.984
5/9/2024,18:00,286.903
5/10/2024,0:00,290.223
5/10/2024,6:00,289.985
5/10/2024,12:00,290.385
5/10/2024,18:00,292.4
5/11/2024,0:00,292.51
5/11/2024,6:00,291.742
5/11/2024,12:00,291.43
5/11/2024,18:00,292.301
5/12/2024,0:00,291.7
5/12/2024,6:00,291.845
5/12/2024,12:00,292.3
5/12/2024,18:00,293.083
5/13/2024,0:00,291.9
5/13/2024,6:00,288.816
5/13/2024,12:00,287.674
5/13/2024,18:00,286.516
5/14/2024,0:00,284.259
5/14/2024,6:00,283.113
5/14/2024,12:00,280.468
5/14/2024,18:00,281.855
5/15/2024,0:00,280.928
5/15/2024,6:00,279.696
5/15/2024,12:00,279.427
5/15/2024,18:00,281.713
5/16/2024,0:00,282.795
5/16/2024,6:00,283.076
5/16/2024,12:00,285.732
5/16/2024,18:00,286.029
5/17/2024,0:00,285.741
5/17/2024,6:00,285.909
5/17/2024,12:00,285.387
5/17/2024,18:00,285.648
5/18/2024,0:00,284.6
5/18/2024,6:00,284.3
5/18/2024,12:00,283.456
5/18/2024,18:00,283.794
5/19/2024,0:00,283.716
5/19/2024,6:00,283.381
5/19/2024,12:00,281.585
5/19/2024,18:00,283.828
5/20/2024,0:00,284.707
5/20/2024,6:00,281.926
5/20/2024,12:00,280.226
5/21/2024,0:00,284.089
5/21/2024,6:00,283.901
5/21/2024,12:00,285.211
5/21/2024,18:00,289.544
5/22/2024,0:00,291.496
5/22/2024,6:00,291.2
5/22/2024,12:00,290.777
5/22/2024,18:00,293.283
5/23/2024,0:00,293.7
5/23/2024,6:00,292.7
5/23/2024,12:00,291.1
5/23/2024,18:00,291.893
5/24/2024,0:00,290.825
5/24/2024,6:00,289.001
5/24/2024,12:00,287.263
5/24/2024,18:00,284.638
5/25/2024,0:00,281.134
5/25/2024,6:00,280.306
5/25/2024,12:00,278.378
5/25/2024,18:00,278.865
5/26/2024,0:00,280.056
5/26/2024,6:00,278.056
5/26/2024,12:00,277.811
5/26/2024,18:00,280.429
5/27/2024,0:00,284.503
5/27/2024,6:00,284.531
5/27/2024,12:00,284.829
5/27/2024,18:00,284.117
5/28/2024,0:00,281.801
5/28/2024,6:00,280.335
5/28/2024,12:00,277.565
5/28/2024,18:00,278.894
5/29/2024,0:00,280.022
5/29/2024,12:00,282.357
5/29/2024,18:00,284.534
5/30/2024,0:00,283.255
5/30/2024,6:00,281.2
5/30/2024,12:00,280.283
5/30/2024,18:00,283.662
5/31/2024,0:00,284.409
5/31/2024,6:00,282.753
5/31/2024,12:00,281.973
5/31/2024,18:00,285.29
6/1/2024,0:00,285.834
6/1/2024,6:00,284.592
6/1/2024,12:00,283.618
6/1/2024,18:00,286.218
6/2/2024,0:00,286.826
6/2/2024,6:00,286.302
6/2/2024,12:00,285.4
6/2/2024,18:00,288.602
6/3/2024,0:00,290.279
6/3/2024,6:00,288.301
6/3/2024,12:00,288.593
6/3/2024,18:00,286.038
6/4/2024,0:00,282.885
6/4/2024,6:00,281.48
6/4/2024,12:00,280.794
6/4/2024,18:00,284.097
6/5/2024,0:00,288.982
6/5/2024,6:00,288.806
6/5/2024,12:00,288.718
6/5/2024,18:00,291.615
6/6/2024,0:00,291.529
6/6/2024,6:00,289.602
6/6/2024,12:00,288.973
6/6/2024,18:00,291.3
6/7/2024,0:00,290.944
6/7/2024,6:00,289.768
6/7/2024,12:00,289.1
6/7/2024,18:00,291.752
6/8/2024,0:00,291.406
6/8/2024,6:00,290.28
6/8/2024,12:00,289.388
6/8/2024,18:00,291.703
6/9/2024,0:00,291.341
6/9/2024,6:00,290.347
6/9/2024,12:00,289.436
6/9/2024,18:00,291.612
6/10/2024,0:00,291.98
6/10/2024,6:00,290.834
6/10/2024,12:00,290.275
6/10/2024,18:00,292.783
6/11/2024,0:00,293.183
6/11/2024,6:00,291.417
6/11/2024,12:00,290.234
6/11/2024,18:00,292.955
6/12/2024,0:00,292.6
6/12/2024,6:00,290.694
6/12/2024,12:00,289.953
6/12/2024,18:00,292.502
6/13/2024,0:00,291.682
6/13/2024,6:00,290.055
6/13/2024,12:00,289.634
6/13/2024,18:00,291.155
6/14/2024,0:00,292.515
6/14/2024,6:00,290.7
6/14/2024,12:00,290.219
6/14/2024,18:00,291.6
6/15/2024,0:00,293.031
6/15/2024,6:00,292.923
6/15/2024,12:00,293.312
6/15/2024,18:00,293.077
6/16/2024,0:00,292.226
6/16/2024,6:00,290.207
6/16/2024,12:00,289.703
6/16/2024,18:00,290.3
6/17/2024,0:00,289.937
6/17/2024,6:00,290.418
6/17/2024,12:00,290.749
6/17/2024,18:00,291.501
6/18/2024,0:00,291.445
6/18/2024,6:00,289.4
6/18/2024,12:00,290.343
6/18/2024,18:00,291.015
6/19/2024,0:00,291.057
6/19/2024,6:00,289.5
6/19/2024,12:00,289.149
6/19/2024,18:00,291.018
6/20/2024,0:00,291.665
6/20/2024,6:00,289.691
6/20/2024,12:00,289.884
6/20/2024,18:00,291.019
6/21/2024,0:00,291.532
6/21/2024,6:00,290.382
6/21/2024,12:00,290.115
6/21/2024,18:00,291.529
6/22/2024,0:00,290.4
6/22/2024,6:00,289.5
6/22/2024,12:00,289.424
6/22/2024,18:00,290.745
6/23/2024,0:00,291.525
6/23/2024,6:00,291.427
6/23/2024,12:00,291.446
6/23/2024,18:00,291.793
6/24/2024,0:00,291.772
6/24/2024,6:00,289.317
6/24/2024,12:00,286.669
6/24/2024,18:00,285.669
6/25/2024,0:00,284.459
6/25/2024,6:00,281.332
6/25/2024,12:00,281.144
6/25/2024,18:00,281.643
6/26/2024,0:00,282.872
6/26/2024,6:00,282.867
6/26/2024,12:00,282.5
6/26/2024,18:00,282.01
6/27/2024,0:00,282.2
6/27/2024,6:00,279.6
6/27/2024,12:00,278.908
6/27/2024,18:00,281.656
6/28/2024,0:00,283.466
6/28/2024,6:00,283.415
6/28/2024,12:00,283.44
6/28/2024,18:00,284.764
6/29/2024,0:00,285.097
6/29/2024,6:00,280.704
6/29/2024,12:00,277.585
6/29/2024,18:00,278.952
6/30/2024,0:00,277.054
6/30/2024,6:00,274.505
6/30/2024,12:00,273.779
6/30/2024,18:00,276.477
7/1/2024,0:00,277.841
7/1/2024,6:00,277.329
7/1/2024,12:00,277.351
7/1/2024,18:00,280.673
7/2/2024,0:00,282.338
7/2/2024,6:00,282.051
7/2/2024,12:00,281.949
7/2/2024,18:00,284.803
7/3/2024,0:00,287.176
7/3/2024,6:00,287.087
7/3/2024,12:00,286.8
7/3/2024,18:00,289.467
7/4/2024,0:00,288.682
7/4/2024,6:00,287.641
7/4/2024,12:00,287.441
7/4/2024,18:00,289.918
7/5/2024,0:00,288.303
7/5/2024,6:00,286.825
7/5/2024,12:00,284.797
7/5/2024,18:00,285.442
7/6/2024,0:00,282.362
7/6/2024,6:00,281.679
7/6/2024,12:00,280.611
7/6/2024,18:00,280.577
7/7/2024,0:00,280.193
7/7/2024,6:00,280.029
7/7/2024,12:00,279.51
7/7/2024,18:00,280.667
7/8/2024,0:00,281.375
7/8/2024,6:00,280.132
7/8/2024,12:00,280.019
7/8/2024,18:00,280.336
7/9/2024,0:00,280.766
7/9/2024,6:00,278.159
7/9/2024,12:00,276.851
7/9/2024,18:00,277.882
7/10/2024,0:00,278.418
7/10/2024,6:00,277.715
7/10/2024,12:00,278.093
7/10/2024,18:00,279.739
7/11/2024,0:00,280.143
7/11/2024,6:00,277.606
7/11/2024,12:00,278.002
7/11/2024,18:00,279.8
7/12/2024,0:00,279.938
7/12/2024,6:00,277.805
7/12/2024,12:00,276.678
7/12/2024,18:00,278.905
7/13/2024,0:00,279.444
7/13/2024,6:00,277.05
7/13/2024,12:00,277.203
7/13/2024,18:00,281.589
7/14/2024,0:00,282.437
7/14/2024,6:00,281.867
7/14/2024,12:00,281.169
7/14/2024,18:00,281.567
7/15/2024,0:00,282.133
7/15/2024,6:00,282.314
7/15/2024,12:00,283.15
7/15/2024,18:00,284.438
7/16/2024,0:00,284.883
7/16/2024,6:00,284.7
7/16/2024,12:00,283.935
7/16/2024,18:00,285.965
7/17/2024,0:00,286.149
7/17/2024,6:00,285.359
7/17/2024,12:00,284.015
7/17/2024,18:00,285.472
7/18/2024,0:00,284
7/18/2024,6:00,282.858
7/18/2024,12:00,283.038
7/18/2024,18:00,286.428
7/19/2024,0:00,288.554
7/19/2024,6:00,287.6
7/19/2024,12:00,286.924
7/19/2024,18:00,289.786
7/20/2024,0:00,289.835
7/20/2024,6:00,288.302
7/20/2024,12:00,286.806
7/20/2024,18:00,289.324
7/21/2024,0:00,288.66
7/21/2024,6:00,287.8
7/21/2024,12:00,286.858
7/21/2024,18:00,288.97
7/22/2024,0:00,289.198
7/22/2024,6:00,287.724
7/22/2024,12:00,286.371
7/22/2024,18:00,289.654
7/23/2024,0:00,289.019
7/23/2024,6:00,287.309
7/23/2024,12:00,286.287
7/23/2024,18:00,289.049
7/24/2024,0:00,288.957
7/24/2024,6:00,287.789
7/24/2024,12:00,286.256
7/24/2024,18:00,288.403
7/25/2024,0:00,289.166
7/25/2024,6:00,288.108
7/25/2024,12:00,287.554
7/25/2024,18:00,290.366
7/26/2024,0:00,290.181
7/26/2024,6:00,289.737
7/26/2024,12:00,289.061
7/26/2024,18:00,291.166
7/27/2024,0:00,290.416
7/27/2024,6:00,290
7/27/2024,12:00,289.427
7/27/2024,18:00,291.11
7/28/2024,0:00,289.48
7/28/2024,6:00,288.215
7/28/2024,12:00,287.702
7/28/2024,18:00,290.21
7/29/2024,0:00,289.259
7/29/2024,6:00,288.777
7/29/2024,12:00,283.959
7/29/2024,18:00,284.158
7/30/2024,0:00,282.798
7/30/2024,6:00,282.475
7/30/2024,12:00,281.062
7/30/2024,18:00,283.431
7/31/2024,0:00,287.162
7/31/2024,6:00,284.861
7/31/2024,12:00,284.736
7/31/2024,18:00,287.02
8/1/2024,0:00,288.915
8/1/2024,6:00,289.211
8/1/2024,12:00,288.763
8/1/2024,18:00,290.6
8/2/2024,0:00,293.01
8/2/2024,6:00,291.519
8/2/2024,12:00,290.586
8/2/2024,18:00,291.57
8/3/2024,0:00,292.9
8/3/2024,6:00,291.595
8/3/2024,12:00,290.908
8/3/2024,18:00,291.5
8/4/2024,0:00,293.821
8/4/2024,6:00,293.122
8/4/2024,12:00,290.405
8/4/2024,18:00,292.68
8/5/2024,0:00,291.219
8/5/2024,6:00,290.61
8/5/2024,12:00,288.686
8/5/2024,18:00,291.075
8/6/2024,0:00,290.252
8/6/2024,6:00,290.069
8/6/2024,12:00,290.429
8/6/2024,18:00,293.001
8/7/2024,0:00,292.737
8/7/2024,6:00,291.639
8/7/2024,12:00,289.848
8/7/2024,18:00,288.425
8/8/2024,0:00,286.442
8/8/2024,6:00,285.479
8/8/2024,12:00,284.236
8/8/2024,18:00,281.511
8/9/2024,0:00,279.685
8/9/2024,6:00,275.602
8/9/2024,12:00,274.506
8/9/2024,18:00,277.396
8/10/2024,0:00,278.059
8/10/2024,6:00,277.959
8/10/2024,12:00,277.428
8/10/2024,18:00,279.876
8/11/2024,0:00,279.526
8/11/2024,6:00,277.905
8/11/2024,12:00,276.874
8/11/2024,18:00,281.046
8/12/2024,0:00,280.23
8/12/2024,6:00,277.302
8/12/2024,12:00,275.346
8/12/2024,18:00,278.96
8/13/2024,0:00,276.916
8/13/2024,6:00,274.781
8/13/2024,12:00,274.181
8/13/2024,18:00,278.765
8/14/2024,0:00,280.341
8/14/2024,6:00,279.872
8/14/2024,12:00,279.8
8/14/2024,18:00,284.418
8/15/2024,0:00,284.472
8/15/2024,6:00,284.541
8/15/2024,12:00,284.428
8/15/2024,18:00,288.497
8/16/2024,0:00,288.873
8/16/2024,6:00,288.651
8/16/2024,12:00,288.708
8/16/2024,18:00,291.486
8/17/2024,0:00,293.229
8/17/2024,6:00,292.261
8/17/2024,12:00,291.078
8/17/2024,18:00,292.845
8/18/2024,0:00,293.492
8/18/2024,6:00,292.323
8/18/2024,12:00,291.2
8/18/2024,18:00,294.119
8/19/2024,0:00,294.385
8/19/2024,6:00,293.037
8/19/2024,12:00,291.581
8/19/2024,18:00,293.742
8/20/2024,0:00,292.858
8/20/2024,6:00,292.008
8/20/2024,12:00,291.443
8/20/2024,18:00,293.895
8/21/2024,0:00,292.834
8/21/2024,6:00,292.931
8/21/2024,12:00,292.01
8/21/2024,18:00,293.151
8/22/2024,0:00,294.153
8/22/2024,6:00,294.901
8/22/2024,12:00,290.483
8/22/2024,18:00,292.581
8/23/2024,0:00,288.389
8/23/2024,6:00,285.176
8/23/2024,12:00,282.672
8/23/2024,18:00,282.892
8/24/2024,0:00,283.262
8/24/2024,6:00,281.609
8/24/2024,12:00,278.589
8/24/2024,18:00,280.653
8/25/2024,0:00,278.045
8/25/2024,6:00,275.678
8/25/2024,12:00,275.253
8/25/2024,18:00,279.962
8/26/2024,0:00,277.748
8/26/2024,6:00,276.04
8/26/2024,12:00,274.922
8/26/2024,18:00,279.701
8/27/2024,0:00,279.02
8/27/2024,6:00,277.408
8/27/2024,12:00,276.745
8/27/2024,18:00,282.253
8/28/2024,0:00,283.031
8/28/2024,6:00,283.492
8/28/2024,12:00,283.747
8/28/2024,18:00,285.892
8/29/2024,0:00,288.056
8/29/2024,6:00,286.972
8/29/2024,12:00,286.807
8/29/2024,18:00,290.358
8/30/2024,0:00,290.368
8/30/2024,6:00,288.687
8/30/2024,12:00,289.024
8/30/2024,18:00,292.895
8/31/2024,0:00,293.559
8/31/2024,6:00,291.229
8/31/2024,12:00,290.9
8/31/2024,18:00,294.044
9/1/2024,0:00,288.063
9/1/2024,6:00,284.553
9/1/2024,12:00,282.99
9/1/2024,18:00,284.247
9/2/2024,0:00,281.669
9/2/2024,6:00,279.2
9/2/2024,12:00,278.922
9/2/2024,18:00,284.246
9/3/2024,0:00,285.8
9/3/2024,6:00,286.311
9/3/2024,12:00,286.895
9/3/2024,18:00,292.7
9/4/2024,0:00,289.309
9/4/2024,6:00,287.637
9/4/2024,12:00,287.345
9/4/2024,18:00,291.149
9/5/2024,0:00,286.011
9/5/2024,6:00,283.724
9/5/2024,12:00,282.106
9/5/2024,18:00,283.5
9/6/2024,0:00,282.319
9/6/2024,6:00,280.653
9/6/2024,12:00,280.013
9/6/2024,18:00,286.892
9/7/2024,0:00,288.34
9/7/2024,6:00,288.316
9/7/2024,12:00,289.301
9/7/2024,18:00,294.093
9/8/2024,0:00,294.11
9/8/2024,6:00,292.856
9/8/2024,12:00,292.556
9/8/2024,18:00,296.188
9/9/2024,0:00,296.264
9/9/2024,6:00,294.456
9/9/2024,12:00,293.456
9/9/2024,18:00,296.867
9/10/2024,0:00,296.979
9/10/2024,6:00,294.214
9/10/2024,12:00,292.7
9/10/2024,18:00,297.11
9/11/2024,0:00,295.764
9/11/2024,6:00,294.419
9/11/2024,12:00,292.516
9/11/2024,18:00,296.363
9/12/2024,0:00,296.481
9/12/2024,6:00,293.993
9/12/2024,12:00,291.635
9/12/2024,18:00,296.146
9/13/2024,0:00,293.574
9/13/2024,6:00,290.132
9/13/2024,12:00,289.598
9/13/2024,18:00,293.697
9/14/2024,0:00,291.016
9/14/2024,6:00,287.715
9/14/2024,12:00,288.624
9/14/2024,18:00,289.747
9/15/2024,0:00,286.919
9/15/2024,6:00,284.834
9/15/2024,12:00,284.014
9/15/2024,18:00,285.177
9/16/2024,0:00,287.485
9/16/2024,6:00,283.641
9/16/2024,12:00,283.2
9/16/2024,18:00,288.631
9/17/2024,0:00,286.304
9/17/2024,6:00,284.024
9/17/2024,12:00,283.8
9/17/2024,18:00,290.156
9/18/2024,0:00,287.946
9/18/2024,6:00,287.059
9/18/2024,12:00,287.712
9/18/2024,18:00,290.382
9/19/2024,0:00,290.506
9/19/2024,6:00,290.5
9/19/2024,12:00,290.183
9/19/2024,18:00,292.605
9/20/2024,0:00,297.708
9/20/2024,6:00,291.768
9/20/2024,12:00,291.3
9/20/2024,18:00,289.879
9/21/2024,0:00,289.328
9/21/2024,6:00,288.191
9/21/2024,12:00,287.346
9/21/2024,18:00,291.883
9/22/2024,0:00,293.62
9/22/2024,6:00,293.547
9/22/2024,12:00,292.823
9/22/2024,18:00,297.473
9/23/2024,0:00,296.937
9/23/2024,6:00,295.626
9/23/2024,12:00,294.983
9/23/2024,18:00,299.501
9/24/2024,0:00,297.995
9/24/2024,6:00,296.362
9/24/2024,12:00,295.322
9/24/2024,18:00,299.629
9/25/2024,0:00,298.7
9/25/2024,6:00,296.445
9/25/2024,12:00,296.105
9/25/2024,18:00,298.613
9/26/2024,0:00,297.244
9/26/2024,6:00,294.431
9/26/2024,12:00,292.523
9/26/2024,18:00,289.96
9/27/2024,0:00,287.488
9/27/2024,6:00,286.266
9/27/2024,12:00,285.939
9/27/2024,18:00,288.358
9/28/2024,0:00,286.878
9/28/2024,6:00,284.439
9/28/2024,12:00,284.3
9/28/2024,18:00,291.355
9/29/2024,0:00,290.252
9/29/2024,6:00,288.877
9/29/2024,12:00,288.51
9/29/2024,18:00,294.763
9/30/2024,0:00,293.918
9/30/2024,6:00,292.852
9/30/2024,12:00,291.081
9/30/2024,18:00,295.9
10/1/2024,0:00,296.921
10/1/2024,6:00,296.2
10/1/2024,12:00,296.115
10/1/2024,18:00,299.961
10/2/2024,0:00,297.97
10/2/2024,6:00,293.711
10/2/2024,12:00,291.5
10/2/2024,18:00,289.609
10/3/2024,0:00,286.505
10/3/2024,6:00,284.15
10/3/2024,12:00,282.329
10/3/2024,18:00,286.693
10/4/2024,0:00,285.499
10/4/2024,6:00,281.931
10/4/2024,12:00,281.5
10/4/2024,18:00,289.2
10/5/2024,0:00,287.855
10/5/2024,6:00,286.451
10/5/2024,12:00,285.606
10/5/2024,18:00,293.54
10/6/2024,0:00,291.745
10/6/2024,6:00,290.709
10/6/2024,12:00,290.067
10/6/2024,18:00,296.382
10/7/2024,0:00,292.916
10/7/2024,6:00,290.6
10/7/2024,12:00,290.325
10/7/2024,18:00,296.873
10/8/2024,0:00,296.88
10/8/2024,6:00,292.074
10/8/2024,12:00,290.99
10/8/2024,18:00,292.155
10/9/2024,0:00,291.2
10/9/2024,6:00,290.015
10/9/2024,12:00,289.88
10/9/2024,18:00,290.529
10/10/2024,0:00,290.083
10/10/2024,6:00,289.203
10/10/2024,12:00,289.543
10/10/2024,18:00,291.741
10/11/2024,0:00,291.508
10/11/2024,6:00,291.041
10/11/2024,12:00,291.443
10/11/2024,18:00,290.246
10/12/2024,0:00,289.955
10/12/2024,6:00,289.505
10/12/2024,12:00,289.978
10/12/2024,18:00,292.266
10/13/2024,0:00,290.584
10/13/2024,6:00,287.998
10/13/2024,12:00,287.901
10/13/2024,18:00,294.606
10/14/2024,0:00,293.694
10/14/2024,6:00,291.723
10/14/2024,12:00,290.646
10/14/2024,18:00,295.235
10/15/2024,0:00,294.9
10/15/2024,6:00,294.003
10/15/2024,12:00,292.649
10/15/2024,18:00,293.469
10/16/2024,0:00,291.531
10/16/2024,6:00,290.715
10/16/2024,12:00,289.473
10/16/2024,18:00,294.214
10/17/2024,0:00,291.743
10/17/2024,6:00,288.614
10/17/2024,12:00,287.74
10/17/2024,18:00,295.472
10/18/2024,0:00,291.65
10/18/2024,6:00,290.436
10/18/2024,12:00,289.747
10/18/2024,18:00,291.163
10/19/2024,0:00,289.243
10/19/2024,6:00,286.267
10/19/2024,12:00,285.99
10/19/2024,18:00,292.233
10/20/2024,0:00,291.81
10/20/2024,6:00,289.228
10/20/2024,12:00,288.032
10/20/2024,18:00,294.232
10/21/2024,0:00,293.836
10/21/2024,6:00,291.102
10/21/2024,12:00,290.74
10/21/2024,18:00,295.648
10/22/2024,0:00,296.336
10/22/2024,6:00,295.102
10/22/2024,18:00,300.215
10/23/2024,0:00,297.035
10/23/2024,6:00,294.052
10/23/2024,12:00,293.933
10/23/2024,18:00,300.425
10/24/2024,0:00,294.637
10/24/2024,6:00,294.33
10/24/2024,12:00,294.344
10/24/2024,18:00,295.368
10/25/2024,0:00,291.834
10/25/2024,6:00,288.829
10/25/2024,12:00,287.122
10/25/2024,18:00,292.263
10/26/2024,0:00,291.489
10/26/2024,6:00,287.673
10/26/2024,12:00,284.502
10/26/2024,18:00,288.767
10/27/2024,0:00,286.915
10/27/2024,6:00,283.607
10/27/2024,12:00,283.175
10/27/2024,18:00,290.739
10/28/2024,0:00,289.986
10/28/2024,6:00,286.901
10/28/2024,12:00,286.682
10/28/2024,18:00,294.362
10/29/2024,0:00,292.457
10/29/2024,6:00,290.174
10/29/2024,12:00,289.359
10/29/2024,18:00,297.446
10/30/2024,0:00,293.522
10/30/2024,6:00,289.691
10/30/2024,12:00,289.22
10/30/2024,18:00,297.858
10/31/2024,0:00,294.635
10/31/2024,6:00,292.514
10/31/2024,12:00,292.155
10/31/2024,18:00,297.711
11/1/2024,0:00,292.811
11/1/2024,6:00,293.676
11/1/2024,12:00,292.57
11/1/2024,18:00,296.632
11/2/2024,0:00,293.093
11/2/2024,6:00,293.244
11/2/2024,12:00,293.765
11/2/2024,18:00,292.3
11/3/2024,0:00,292.68
11/3/2024,6:00,292.523
11/3/2024,12:00,291.988
11/3/2024,18:00,292.685
11/4/2024,0:00,292.481
11/4/2024,6:00,290.785
11/4/2024,12:00,290.372
11/4/2024,18:00,295.962
11/5/2024,0:00,295.775
11/5/2024,6:00,292.798
11/5/2024,12:00,292.721
11/5/2024,18:00,299.073
11/6/2024,0:00,294.906
11/6/2024,6:00,293.518
11/6/2024,12:00,292.932
11/6/2024,18:00,298.507
11/7/2024,0:00,296.577
11/7/2024,6:00,294.147
11/7/2024,18:00,297.576
11/8/2024,0:00,292.911
11/8/2024,6:00,291.12
11/8/2024,12:00,289.997
11/8/2024,18:00,292.309
11/9/2024,0:00,290.067
11/9/2024,6:00,285.631
11/9/2024,12:00,284.713
11/9/2024,18:00,291.484
11/10/2024,0:00,290.46
11/10/2024,6:00,287.696
11/10/2024,12:00,287.131
11/10/2024,18:00,296.16
11/11/2024,0:00,295.862
11/11/2024,6:00,293.703
11/11/2024,12:00,292.226
11/11/2024,18:00,300.288
11/12/2024,0:00,290.88
11/12/2024,6:00,287.043
11/12/2024,12:00,286.474
11/12/2024,18:00,288.156
11/13/2024,0:00,287.58
11/13/2024,6:00,284.829
11/13/2024,12:00,284.005
11/13/2024,18:00,290.937
11/14/2024,0:00,289.959
11/14/2024,6:00,287.243
11/14/2024,12:00,286.398
11/14/2024,18:00,294.216
11/15/2024,0:00,293.128
11/15/2024,6:00,291.072
11/15/2024,12:00,290.961
11/15/2024,18:00,296.684
11/16/2024,0:00,296.368
11/16/2024,6:00,294.12
11/16/2024,12:00,293
11/16/2024,18:00,299.473
11/17/2024,0:00,298.449
11/17/2024,6:00,296.124
11/17/2024,12:00,295.433
11/17/2024,18:00,301.519
11/18/2024,0:00,301.051
11/18/2024,6:00,295.665
11/18/2024,12:00,295.363
11/18/2024,18:00,301.437
11/19/2024,0:00,296.251
11/19/2024,6:00,293.048
11/19/2024,12:00,292.626
11/19/2024,18:00,293.081
11/20/2024,0:00,292.229
11/20/2024,6:00,292.121
11/20/2024,12:00,292.942
11/20/2024,18:00,292.609
11/21/2024,0:00,290.199
11/21/2024,6:00,288.829
11/21/2024,12:00,289.03
11/21/2024,18:00,295.616
11/22/2024,0:00,292.914
11/22/2024,6:00,291.625
11/22/2024,12:00,292.251
11/22/2024,18:00,292.344
11/23/2024,0:00,293.483
11/23/2024,6:00,289.909
11/23/2024,12:00,289.687
11/23/2024,18:00,294.369
11/24/2024,0:00,294.861
11/24/2024,6:00,291.093
11/24/2024,12:00,290.628
11/24/2024,18:00,297.367
11/25/2024,0:00,297.649
11/25/2024,6:00,293.553
11/25/2024,12:00,292.84
11/25/2024,18:00,298.548
11/26/2024,0:00,298.633
11/26/2024,6:00,295.703
11/26/2024,12:00,295.252
11/26/2024,18:00,299.832
11/27/2024,0:00,296.841
11/27/2024,6:00,295.795
11/27/2024,12:00,296.243
11/27/2024,18:00,299.495
11/28/2024,0:00,294.835
11/28/2024,6:00,293.812
11/28/2024,12:00,293.018
11/28/2024,18:00,293.392
11/29/2024,0:00,292.556
11/29/2024,6:00,292.178
11/29/2024,12:00,291.532
11/29/2024,18:00,297.084
11/30/2024,0:00,296.6
11/30/2024,6:00,294.045
11/30/2024,12:00,292.924
11/30/2024,18:00,298.355
12/1/2024,0:00,296.66
12/1/2024,6:00,292.865
12/1/2024,12:00,293.403
12/1/2024,18:00,298.508
12/2/2024,0:00,300.232
12/2/2024,6:00,293.242
12/2/2024,12:00,293.122
12/2/2024,18:00,288.693
12/3/2024,0:00,290.207
12/3/2024,6:00,290.113
12/3/2024,12:00,287.236
12/3/2024,18:00,292.479
12/4/2024,0:00,291.31
12/4/2024,6:00,287.629
12/4/2024,12:00,286.579
12/4/2024,18:00,293.335
12/5/2024,0:00,293.073
12/5/2024,6:00,291.536
12/5/2024,12:00,291.167
12/5/2024,18:00,296.802
12/6/2024,0:00,297.198
12/6/2024,6:00,295.532
12/6/2024,12:00,295.567
12/6/2024,18:00,297.722
12/7/2024,0:00,296.33
12/7/2024,6:00,293.961
12/7/2024,12:00,294.095
12/7/2024,18:00,292.756
12/8/2024,0:00,289.945
12/8/2024,6:00,289.656
12/8/2024,12:00,287.937
12/8/2024,18:00,287.412
12/9/2024,0:00,287.678
12/9/2024,6:00,287.705
12/9/2024,12:00,287.849
12/9/2024,18:00,291.123
12/10/2024,0:00,291.437
12/10/2024,6:00,289.805
12/10/2024,12:00,289.945
12/10/2024,18:00,294.25
12/11/2024,0:00,292.992
12/11/2024,6:00,289.094
12/11/2024,12:00,289.134
12/11/2024,18:00,296.184
12/12/2024,0:00,294.764
12/12/2024,6:00,292.301
12/12/2024,12:00,291.718
12/12/2024,18:00,296.976
12/13/2024,0:00,295.866
12/13/2024,6:00,294.215
12/13/2024,12:00,293.484
12/13/2024,18:00,292.787
12/14/2024,0:00,292.075
12/14/2024,6:00,291.126
12/14/2024,12:00,291.814
12/14/2024,18:00,292.515
12/15/2024,0:00,292.776
12/15/2024,6:00,290.974
12/15/2024,12:00,289.176
12/15/2024,18:00,293.634
12/16/2024,0:00,289.927
12/16/2024,6:00,287.132
12/16/2024,12:00,286.202
12/16/2024,18:00,292.147
12/17/2024,0:00,290.719
12/17/2024,6:00,288.352
12/17/2024,12:00,287.85
12/17/2024,18:00,294.383
12/18/2024,0:00,292.474
12/18/2024,6:00,289.178
12/18/2024,12:00,288.514
12/18/2024,18:00,296.508
12/19/2024,0:00,295.586
12/19/2024,6:00,292.347
12/19/2024,12:00,292.186
12/19/2024,18:00,292.562
12/20/2024,0:00,291.394
12/20/2024,6:00,291.085
12/20/2024,12:00,291.263
12/20/2024,18:00,293.655
12/21/2024,0:00,294.612
12/21/2024,6:00,292.116
12/21/2024,12:00,291.232
12/21/2024,18:00,297.98
12/22/2024,0:00,295.698
12/22/2024,6:00,290.203
12/22/2024,12:00,289.498
12/22/2024,18:00,291.657
12/23/2024,0:00,290.684
12/23/2024,6:00,287.017
12/23/2024,12:00,286.175
12/23/2024,18:00,293.654
12/24/2024,0:00,293.072
12/24/2024,6:00,290.352
12/24/2024,12:00,290.728
12/24/2024,18:00,296.509
12/25/2024,0:00,295.077
12/25/2024,6:00,291.993
12/25/2024,12:00,289.041
12/25/2024,18:00,292.162
12/26/2024,0:00,291.264
12/26/2024,6:00,288.723
12/26/2024,12:00,287.482
12/26/2024,18:00,293.432
12/27/2024,0:00,291.901
12/27/2024,6:00,288.397
12/27/2024,12:00,287.733
12/27/2024,18:00,295.004
12/28/2024,0:00,292.9
12/28/2024,6:00,290.115
12/28/2024,12:00,289.168
12/28/2024,18:00,295.384
12/29/2024,0:00,293.343
12/29/2024,6:00,289.174
12/29/2024,12:00,288.658
12/29/2024,18:00,296.226
12/30/2024,0:00,294.308
12/30/2024,6:00,289.911
12/30/2024,12:00,289.225
12/30/2024,18:00,297.209
12/31/2024,0:00,295.828
12/31/2024,6:00,291.762
12/31/2024,12:00,291.134
12/31/2024,18:00,298.346
1/1/2025,0:00,297.149
1/1/2025,6:00,293.996
1/1/2025,12:00,293.279
1/1/2025,18:00,300.419
1/2/2025,0:00,300.034
1/2/2025,6:00,295.07
1/2/2025,12:00,294.925
1/2/2025,18:00,300.333
1/3/2025,0:00,298.709
1/3/2025,6:00,293.968
1/3/2025,12:00,292.521
1/3/2025,18:00,299.204
1/4/2025,0:00,296.036
1/4/2025,6:00,291.486
1/4/2025,12:00,289.216
1/4/2025,18:00,295.101
1/5/2025,0:00,292.886
1/5/2025,6:00,289.417
1/5/2025,12:00,288.72
1/5/2025,18:00,296.233
1/6/2025,0:00,293.3
1/6/2025,6:00,289.639
1/6/2025,12:00,287.873
1/6/2025,18:00,296.054
1/7/2025,0:00,294.195
1/7/2025,6:00,290.294
1/7/2025,12:00,287.543
1/7/2025,18:00,295.961
1/8/2025,0:00,294.281
1/8/2025,6:00,289.443
1/8/2025,12:00,288.193
1/8/2025,18:00,297.274
1/9/2025,0:00,295.988
1/9/2025,6:00,290.068
1/9/2025,12:00,288.626
1/9/2025,18:00,296.919
1/10/2025,0:00,296.055
1/10/2025,6:00,291.522
1/10/2025,12:00,291.202
1/10/2025,18:00,299.777
1/11/2025,0:00,296.543
1/11/2025,6:00,292.215
1/11/2025,12:00,290.284
1/11/2025,18:00,296.811
1/12/2025,0:00,294.63
1/12/2025,6:00,289.422
1/12/2025,12:00,287.971
1/12/2025,18:00,296.914
1/13/2025,0:00,294.286
1/13/2025,6:00,289.341
1/13/2025,12:00,288.779
1/13/2025,18:00,297.572
1/14/2025,0:00,298.082
1/14/2025,6:00,290.523
1/14/2025,12:00,290.856
1/14/2025,18:00,299.149
1/15/2025,0:00,292.773
1/15/2025,6:00,291.589
1/15/2025,12:00,290.598
1/15/2025,18:00,293.373
1/16/2025,0:00,292.018
1/16/2025,6:00,291.576
1/16/2025,12:00,291.837
1/16/2025,18:00,297.983
1/17/2025,0:00,292.745
1/17/2025,6:00,293.269
1/17/2025,12:00,293.515
1/17/2025,18:00,300.07
1/18/2025,0:00,298.806
1/18/2025,6:00,295.542
1/18/2025,12:00,294.056
1/18/2025,18:00,301.459
1/19/2025,0:00,298.357
1/19/2025,6:00,294.015
1/19/2025,12:00,293.49
1/19/2025,18:00,301.616
1/20/2025,0:00,299.984
1/20/2025,6:00,293.195
1/20/2025,12:00,291.141
1/20/2025,18:00,298.165
1/21/2025,0:00,297.424
1/21/2025,6:00,291.041
1/21/2025,12:00,289.59
1/21/2025,18:00,298.293
1/22/2025,0:00,297.406
1/22/2025,6:00,292.414
1/22/2025,12:00,292.871
1/22/2025,18:00,300.837
1/23/2025,0:00,299.305
1/23/2025,6:00,294.735
1/23/2025,12:00,294.973
1/23/2025,18:00,303.325
1/24/2025,0:00,299.613
1/24/2025,6:00,294.418
1/24/2025,12:00,293.293
1/24/2025,18:00,294.685
1/25/2025,0:00,294.509
1/25/2025,6:00,293.156
1/25/2025,12:00,293.199
1/25/2025,18:00,298.32
1/26/2025,0:00,299.809
1/26/2025,6:00,294.27
1/26/2025,12:00,292.634
1/26/2025,18:00,298.707
1/27/2025,0:00,297.492
1/27/2025,6:00,293.151
1/27/2025,12:00,292.604
1/27/2025,18:00,299.954
1/28/2025,0:00,295.282
1/28/2025,6:00,292.534
1/28/2025,12:00,292.456
1/28/2025,18:00,299.003
1/29/2025,0:00,299.515
1/29/2025,6:00,293.756
1/29/2025,12:00,293.082
1/29/2025,18:00,301.393
1/30/2025,0:00,297.137
1/30/2025,6:00,293.076
1/30/2025,12:00,291.532
1/30/2025,18:00,298.457
1/31/2025,0:00,293.77
1/31/2025,6:00,291.199
1/31/2025,12:00,290.137
1/31/2025,18:00,296.941
2/1/2025,0:00,295.78
2/1/2025,6:00,293.098
2/1/2025,12:00,292.151
2/1/2025,18:00,299.684
2/2/2025,0:00,299.333
2/2/2025,6:00,294.48
2/2/2025,12:00,292.918
2/2/2025,18:00,302.494
2/3/2025,0:00,299.204
2/3/2025,6:00,295.033
2/3/2025,12:00,293.623
2/3/2025,18:00,303.102
2/4/2025,0:00,299.654
2/4/2025,6:00,295.066
2/4/2025,12:00,294.329
2/4/2025,18:00,303.227
2/5/2025,0:00,299.092
2/5/2025,6:00,296.23
2/5/2025,12:00,293.959
2/5/2025,18:00,302.52
2/6/2025,0:00,301.636
2/6/2025,6:00,296.722
2/6/2025,12:00,293.859
2/6/2025,18:00,302.331
2/7/2025,0:00,294.512
2/7/2025,6:00,292.676
2/7/2025,12:00,292.52
2/7/2025,18:00,300.959
2/8/2025,0:00,302.612
2/8/2025,6:00,293.382
2/8/2025,12:00,292.21
2/8/2025,18:00,301.221
2/9/2025,0:00,300.064
2/9/2025,6:00,295.441
2/9/2025,12:00,297.003
2/9/2025,18:00,303.711
2/10/2025,0:00,297.562
2/10/2025,6:00,296.578
2/10/2025,12:00,295.285
2/10/2025,18:00,303.565
2/11/2025,0:00,299.884
2/11/2025,6:00,296.435
2/11/2025,12:00,294.93
2/11/2025,18:00,304.33
2/12/2025,0:00,296.282
2/12/2025,6:00,296.103
2/12/2025,12:00,294.387
2/12/2025,18:00,301.03
2/13/2025,0:00,294.549
2/13/2025,6:00,292.838
2/13/2025,12:00,292.277
2/13/2025,18:00,298.662
2/14/2025,0:00,292.787
2/14/2025,6:00,292.126
2/14/2025,12:00,291.357
2/14/2025,18:00,297.939
2/15/2025,0:00,297.136
2/15/2025,6:00,293.235
2/15/2025,12:00,292.985
2/15/2025,18:00,300.145
2/16/2025,0:00,295.824
2/16/2025,6:00,293.912
2/16/2025,12:00,294.36
2/16/2025,18:00,299.133
2/17/2025,0:00,300.608
2/17/2025,6:00,294.418
2/17/2025,12:00,294.088
2/17/2025,18:00,299.339
2/18/2025,0:00,294.286
2/18/2025,6:00,292.563
2/18/2025,12:00,292.323
2/18/2025,18:00,295.222
2/19/2025,0:00,294.768
2/19/2025,6:00,292.138
2/19/2025,12:00,291.098
2/19/2025,18:00,295.761
2/20/2025,0:00,294.586
2/20/2025,6:00,291.452
2/20/2025,12:00,291.351
2/20/2025,18:00,297.764
2/21/2025,0:00,296.789
2/21/2025,6:00,294.071
2/21/2025,12:00,294.02
2/21/2025,18:00,300.082
2/22/2025,0:00,298.64
2/22/2025,6:00,294.919
2/22/2025,12:00,294.662
2/22/2025,18:00,301.517
2/23/2025,0:00,299.22
2/23/2025,6:00,294.6
2/23/2025,12:00,293.664
2/23/2025,18:00,301.037
2/24/2025,0:00,297.087
2/24/2025,6:00,293.38
2/24/2025,12:00,292.86
2/24/2025,18:00,301.253
2/25/2025,0:00,298.319
2/25/2025,6:00,295.875
2/25/2025,12:00,295.821
2/25/2025,18:00,303.044
2/26/2025,0:00,300.722
2/26/2025,6:00,295.856
2/26/2025,12:00,294.832
2/26/2025,18:00,302.544
2/27/2025,0:00,296.683
2/27/2025,6:00,293.604
2/27/2025,12:00,293.176
2/27/2025,18:00,298.43
2/28/2025,0:00,295.439
2/28/2025,6:00,293.6
2/28/2025,12:00,293.534
2/28/2025,18:00,300.839
3/1/2025,0:00,298.085
3/1/2025,6:00,294.96
3/1/2025,12:00,294.461
3/1/2025,18:00,302.278
3/2/2025,0:00,295.794
3/2/2025,6:00,293.817
3/2/2025,12:00,293.734
3/2/2025,18:00,302.63
3/3/2025,0:00,300.53
3/3/2025,6:00,296.903
3/3/2025,12:00,296.637
3/3/2025,18:00,303.469
3/4/2025,0:00,301.816
3/4/2025,6:00,300.596
3/4/2025,12:00,296.635
3/4/2025,18:00,303.68
3/5/2025,0:00,301.328
3/5/2025,6:00,296.733
3/5/2025,12:00,295.331
3/5/2025,18:00,301.651
3/6/2025,0:00,299.01
3/6/2025,6:00,294.306
3/6/2025,12:00,292.831
3/6/2025,18:00,301.9
3/7/2025,0:00,299.104
3/7/2025,6:00,295.636
3/7/2025,12:00,295.52
3/7/2025,18:00,301.522
3/8/2025,0:00,299.272
3/8/2025,6:00,297.328
3/8/2025,12:00,295.096
3/8/2025,18:00,302.47
3/9/2025,0:00,300.389
3/9/2025,6:00,297.317
3/9/2025,12:00,293.893
3/9/2025,18:00,292.837
3/10/2025,0:00,291.576
3/10/2025,6:00,289.945
3/10/2025,12:00,287.641
3/10/2025,18:00,293.116
3/11/2025,0:00,293.72
3/11/2025,6:00,289.95
3/11/2025,12:00,289.68
3/11/2025,18:00,296.714
3/12/2025,0:00,295.231
3/12/2025,6:00,291.406
3/12/2025,12:00,290.422
3/12/2025,18:00,297.002
3/13/2025,0:00,295.339
3/13/2025,6:00,291.076
3/13/2025,12:00,288.39
3/13/2025,18:00,295.114
3/14/2025,0:00,292.386
3/14/2025,6:00,288.5
3/14/2025,12:00,286.447
3/14/2025,18:00,293
3/15/2025,0:00,290.655
3/15/2025,6:00,288.944
3/15/2025,12:00,287.739
3/15/2025,18:00,295.011
3/16/2025,0:00,292.172
3/16/2025,6:00,287.666
3/16/2025,12:00,286.817
3/16/2025,18:00,296.3
3/17/2025,0:00,293.669
3/17/2025,6:00,289.273
3/17/2025,12:00,288.379
3/17/2025,18:00,297.6
3/18/2025,0:00,295.683
3/18/2025,6:00,291.538
3/18/2025,12:00,290.057
3/18/2025,18:00,296.985
3/19/2025,0:00,296.028
3/19/2025,6:00,289.704
3/19/2025,12:00,288.402
3/19/2025,18:00,296.1
3/20/2025,0:00,293.689
3/20/2025,6:00,290.823
3/20/2025,12:00,288.672
3/20/2025,18:00,297.664
3/21/2025,0:00,295.713
3/21/2025,6:00,291.146
3/21/2025,12:00,289.625
3/21/2025,18:00,298.765
3/22/2025,0:00,297.815
3/22/2025,6:00,293.858
3/22/2025,12:00,291.848
3/22/2025,18:00,299.736
3/23/2025,0:00,292.323
3/23/2025,6:00,291.01
3/23/2025,12:00,289.924
3/23/2025,18:00,296.995
3/24/2025,0:00,294.556
3/24/2025,6:00,292.765
3/24/2025,12:00,290.833
3/24/2025,18:00,296.864
3/25/2025,0:00,294.365
3/25/2025,6:00,291.772
3/25/2025,12:00,293.052
3/25/2025,18:00,296.9
3/26/2025,0:00,291.948
3/26/2025,6:00,292.448
3/26/2025,12:00,290.517
3/26/2025,18:00,298.132
3/27/2025,0:00,294.288
3/27/2025,6:00,292.855
3/27/2025,12:00,293.166
3/27/2025,18:00,296.577
3/28/2025,0:00,290.932
3/28/2025,6:00,291.806
3/28/2025,12:00,292.077
3/28/2025,18:00,293.839
3/29/2025,0:00,291.729
3/29/2025,6:00,291.781
3/29/2025,12:00,292.5
3/29/2025,18:00,295.898
3/30/2025,0:00,296.432
3/30/2025,6:00,293.952
3/30/2025,12:00,293.676
3/30/2025,18:00,299.22
3/31/2025,0:00,298.513
3/31/2025,6:00,296
3/31/2025,12:00,294.934
3/31/2025,18:00,299.52
4/1/2025,0:00,294.157
4/1/2025,6:00,292.706
4/1/2025,12:00,293.071
4/1/2025,18:00,294.144
4/2/2025,0:00,291.975
4/2/2025,6:00,291.397
4/2/2025,12:00,292.14
4/2/2025,18:00,293.733
4/3/2025,0:00,292.417
4/3/2025,6:00,292.134
4/3/2025,12:00,291.612
4/3/2025,18:00,292.503
4/4/2025,0:00,292.035
4/4/2025,6:00,287.531
4/4/2025,12:00,284.224
4/4/2025,18:00,286.2
4/5/2025,0:00,284.024
4/5/2025,6:00,282.42
4/5/2025,12:00,282.148
4/5/2025,18:00,287.692
4/6/2025,0:00,289
4/6/2025,6:00,287.206
4/6/2025,12:00,285.802
4/6/2025,18:00,290.906
4/7/2025,0:00,291.815
4/7/2025,6:00,289.822
4/7/2025,12:00,289.148
4/7/2025,18:00,292.824
4/8/2025,0:00,293.155
4/8/2025,6:00,290.097
4/8/2025,12:00,289.986
4/8/2025,18:00,289.91
4/9/2025,0:00,288.9
4/9/2025,6:00,286.2
4/9/2025,12:00,285.705
4/9/2025,18:00,289.603
4/10/2025,0:00,287.4
4/10/2025,6:00,285.9
4/10/2025,12:00,286.005
4/10/2025,18:00,291.229
4/11/2025,0:00,289.3
4/11/2025,6:00,287.574
4/11/2025,12:00,287.274
4/11/2025,18:00,292.466
4/12/2025,0:00,292.698
4/12/2025,6:00,290.702
4/12/2025,12:00,290.136
4/12/2025,18:00,294.427
4/13/2025,0:00,290.969
4/13/2025,6:00,290.798
4/13/2025,12:00,290.896
4/13/2025,18:00,291.745
4/14/2025,0:00,291.113
4/14/2025,6:00,286.724
4/14/2025,12:00,286.005
4/14/2025,18:00,290.846
4/15/2025,0:00,289.852
4/15/2025,6:00,287.914
4/15/2025,12:00,288.151
4/15/2025,18:00,293.631
4/16/2025,0:00,292.227
4/16/2025,6:00,289.899
4/16/2025,12:00,289.598
4/16/2025,18:00,293.416
4/17/2025,0:00,291.891
4/17/2025,6:00,289.941
4/17/2025,12:00,289.716
4/17/2025,18:00,294.434
4/18/2025,0:00,294.294
4/18/2025,6:00,292.076
4/18/2025,12:00,291.6
4/18/2025,18:00,295.357
4/19/2025,0:00,296.047
4/19/2025,6:00,293.098
4/19/2025,12:00,292.3
4/19/2025,18:00,293.8
4/20/2025,0:00,290.588
4/20/2025,6:00,286.714
4/20/2025,12:00,284.862
4/20/2025,18:00,288.6
4/21/2025,0:00,287.551
4/21/2025,6:00,285.149
4/21/2025,12:00,284.41
4/21/2025,18:00,289.429
4/22/2025,0:00,288.906
4/22/2025,6:00,286.285
4/22/2025,12:00,285.789
4/22/2025,18:00,291
4/23/2025,0:00,291.002
4/23/2025,6:00,289.043
4/23/2025,12:00,287.884
4/23/2025,18:00,292.9
4/24/2025,0:00,292.6
4/24/2025,6:00,290.777
4/24/2025,12:00,290.613
4/24/2025,18:00,292.692
4/25/2025,0:00,290.095
4/25/2025,6:00,288.731
4/25/2025,12:00,288.97
4/25/2025,18:00,293.269
4/26/2025,0:00,293.633
4/26/2025,6:00,290.535
4/26/2025,12:00,290.216
4/26/2025,18:00,294.6
4/27/2025,0:00,291.967
4/27/2025,6:00,291.408
4/27/2025,12:00,290.328
4/27/2025,18:00,292.756
4/28/2025,0:00,291.028
4/28/2025,6:00,287.412
4/28/2025,12:00,283.721
4/28/2025,18:00,286.8
4/29/2025,0:00,285.824
4/29/2025,6:00,283.3
4/29/2025,12:00,282.402
4/29/2025,18:00,287.3
4/30/2025,0:00,286.439
4/30/2025,6:00,284.093
4/30/2025,12:00,282.929
4/30/2025,18:00,288.358
5/1/2025,0:00,287.767
5/1/2025,6:00,285.55
5/1/2025,12:00,285.34
5/1/2025,18:00,291.175
5/2/2025,0:00,291.078
5/2/2025,6:00,289.143
5/2/2025,12:00,288.215
5/2/2025,18:00,291.642
5/3/2025,0:00,290.902
5/3/2025,6:00,289.123
5/3/2025,12:00,288.388
5/3/2025,18:00,293.079
5/4/2025,0:00,292.822
5/4/2025,6:00,290.163
5/4/2025,12:00,288.703
5/4/2025,18:00,294.277
5/5/2025,0:00,294.7
5/5/2025,6:00,293.77
5/5/2025,12:00,291.171
5/5/2025,18:00,295.585
5/6/2025,0:00,294.638
5/6/2025,6:00,292.847
5/6/2025,12:00,292.054
5/6/2025,18:00,293.153
5/7/2025,0:00,294.168
5/7/2025,6:00,291.23
5/7/2025,12:00,291.43
5/7/2025,18:00,292.381
5/8/2025,0:00,293.629
5/8/2025,6:00,292.099
5/8/2025,12:00,291.684
5/8/2025,18:00,294.933
5/9/2025,0:00,295.4
5/9/2025,6:00,293.819
5/9/2025,12:00,294.062
5/9/2025,18:00,296.7
5/10/2025,0:00,289.972
5/10/2025,6:00,288.063
5/10/2025,12:00,287.678
5/10/2025,18:00,289.306
5/11/2025,0:00,287.605
5/11/2025,6:00,285.135
5/11/2025,12:00,284.296
5/11/2025,18:00,288.338
5/12/2025,0:00,287.008
5/12/2025,6:00,284.582
5/12/2025,12:00,284.232
5/12/2025,18:00,287.913
5/13/2025,0:00,288.883
5/13/2025,6:00,286.884
5/13/2025,12:00,286.246
5/13/2025,18:00,290.636
5/14/2025,0:00,291.231
5/14/2025,6:00,289.121
5/14/2025,12:00,288.952
5/14/2025,18:00,292.342
5/15/2025,0:00,293.234
5/15/2025,6:00,290.542
5/15/2025,12:00,289.571
5/15/2025,18:00,292.3
5/16/2025,0:00,291.4
5/16/2025,6:00,289.813
5/16/2025,12:00,287.515
5/16/2025,18:00,291.229
5/17/2025,0:00,291.615
5/17/2025,6:00,290.395
5/17/2025,12:00,289.599
5/17/2025,18:00,293.144
5/18/2025,0:00,293.37
5/18/2025,6:00,291.862
5/18/2025,12:00,291.412
5/18/2025,18:00,294.239
5/19/2025,0:00,290.618
5/19/2025,6:00,289.315
5/19/2025,12:00,288.506
5/19/2025,18:00,292.2
5/20/2025,0:00,292.761
5/20/2025,6:00,290.997
5/20/2025,12:00,289.897
5/20/2025,18:00,291.514
5/21/2025,0:00,289.622
5/21/2025,6:00,288.608
5/21/2025,12:00,288.903
5/21/2025,18:00,290.302
5/22/2025,0:00,287.674
5/22/2025,6:00,286.694
5/22/2025,12:00,285.532
5/22/2025,18:00,287.4
5/23/2025,0:00,286.355
5/23/2025,6:00,283.937
5/23/2025,12:00,282.6
5/23/2025,18:00,287.169
5/24/2025,0:00,288.844
5/24/2025,6:00,288.586
5/24/2025,12:00,289.097
5/24/2025,18:00,290.278
5/25/2025,0:00,289.736
5/25/2025,6:00,287.961
5/25/2025,12:00,288.399
5/25/2025,18:00,290.894
5/26/2025,0:00,292.358
5/26/2025,6:00,291.006
5/26/2025,12:00,290.401
5/26/2025,18:00,292.861
5/27/2025,0:00,293.002
5/27/2025,6:00,292.784
5/27/2025,12:00,292.274
5/27/2025,18:00,291.625
5/28/2025,0:00,291.545
5/28/2025,6:00,290.335
5/28/2025,12:00,284.054
5/28/2025,18:00,280.619
5/29/2025,0:00,279.598
5/29/2025,6:00,278.548
5/29/2025,12:00,278.444
5/29/2025,18:00,279.316
5/30/2025,0:00,279.4
5/30/2025,6:00,278.855
5/30/2025,12:00,277.51
5/30/2025,18:00,280.781
5/31/2025,0:00,282.042
5/31/2025,6:00,280.98
5/31/2025,12:00,280.3
5/31/2025,18:00,283.63
6/1/2025,0:00,282.323
6/1/2025,6:00,280.564
6/1/2025,12:00,279.519
6/1/2025,18:00,282.782
6/2/2025,0:00,283.736
6/2/2025,6:00,282.654
6/2/2025,12:00,282.853
6/2/2025,18:00,286.268
6/3/2025,0:00,285.967
6/3/2025,6:00,286.453
6/3/2025,12:00,286.671
6/3/2025,18:00,287.914
6/4/2025,0:00,288.019
6/4/2025,6:00,288.202
6/4/2025,12:00,288.75
6/4/2025,18:00,289.576
6/5/2025,0:00,289.5
6/5/2025,6:00,289.7
6/5/2025,12:00,289.578
6/5/2025,18:00,290.37
6/6/2025,0:00,289.683
6/6/2025,6:00,286.175
6/6/2025,12:00,284.784
6/6/2025,18:00,286.715
6/7/2025,0:00,285.604
6/7/2025,6:00,283.497
6/7/2025,12:00,282.917
6/7/2025,18:00,286.015
6/8/2025,0:00,285.643
6/8/2025,6:00,284.026
6/8/2025,12:00,282.185
6/8/2025,18:00,284.449
6/9/2025,0:00,283.338
6/9/2025,6:00,281.285
6/9/2025,12:00,280.007
6/9/2025,18:00,282.634
6/10/2025,0:00,281.683
6/10/2025,6:00,279.49
6/10/2025,12:00,278.59
6/10/2025,18:00,281.863
6/11/2025,0:00,281.748
6/11/2025,6:00,279.453
6/11/2025,12:00,278.419
6/11/2025,18:00,281.339
6/12/2025,0:00,281.172
6/12/2025,6:00,279.605
6/12/2025,12:00,279.026
6/12/2025,18:00,282.01
6/13/2025,0:00,283.125
6/13/2025,6:00,281.915
6/13/2025,12:00,281.483
6/13/2025,18:00,283.788
6/14/2025,0:00,286.136
6/14/2025,6:00,286.493
6/14/2025,12:00,285.948
6/14/2025,18:00,286.104
6/15/2025,0:00,287.1
6/15/2025,6:00,287.376
6/15/2025,12:00,284.209
6/15/2025,18:00,284.265
6/16/2025,0:00,282.342
6/16/2025,6:00,281.277
6/16/2025,12:00,281.2
6/16/2025,18:00,285.8
6/17/2025,0:00,291.283
6/17/2025,6:00,291.426
6/17/2025,12:00,290.382
6/17/2025,18:00,292.051
6/18/2025,0:00,291.312
6/18/2025,6:00,290.6
6/18/2025,12:00,289.248
6/18/2025,18:00,289.16
6/19/2025,0:00,289.871
6/19/2025,6:00,288.864
6/19/2025,12:00,288.858
6/19/2025,18:00,289.291
6/20/2025,0:00,288.158
6/20/2025,6:00,288.109
6/20/2025,12:00,286.545
6/20/2025,18:00,285.96
6/21/2025,0:00,285.731
6/21/2025,6:00,285.631
6/21/2025,12:00,285.508
6/21/2025,18:00,285.958
6/22/2025,0:00,283.6
6/22/2025,6:00,283.051
6/22/2025,12:00,283
6/22/2025,18:00,286.16
6/23/2025,0:00,288.553
6/23/2025,6:00,284.729
6/23/2025,12:00,281.644
6/23/2025,18:00,280.3
6/24/2025,0:00,275.851
6/24/2025,6:00,273.553
6/24/2025,12:00,272.6
6/24/2025,18:00,275.399
6/25/2025,0:00,276.081
6/25/2025,6:00,274.833
6/25/2025,12:00,274.507
6/25/2025,18:00,278.052
6/26/2025,0:00,281.505
6/26/2025,6:00,282.4
6/26/2025,12:00,282.14
6/26/2025,18:00,282.907
6/27/2025,0:00,284.27
6/27/2025,6:00,283.465
6/27/2025,12:00,281.406
6/27/2025,18:00,284.185
6/28/2025,0:00,283.424
6/28/2025,6:00,284.455
6/28/2025,12:00,285.481
6/28/2025,18:00,287.509
6/29/2025,0:00,287.328
6/29/2025,6:00,285.809
6/29/2025,12:00,284.286
6/29/2025,18:00,283.646
6/30/2025,0:00,283.078
6/30/2025,6:00,281.479
6/30/2025,12:00,279.859
6/30/2025,18:00,278.727
7/1/2025,0:00,275.847
7/1/2025,6:00,273.161
7/1/2025,12:00,272.762
7/1/2025,18:00,275.206
7/2/2025,0:00,274.13
7/2/2025,6:00,273.124
7/2/2025,12:00,273.058
7/2/2025,18:00,276.042
7/3/2025,0:00,276.754
7/3/2025,6:00,275.9
7/3/2025,12:00,275.932
7/3/2025,18:00,278.979
7/4/2025,0:00,281.709
7/4/2025,6:00,281.036
7/4/2025,12:00,280.443
7/4/2025,18:00,283.047
7/5/2025,0:00,283.5
7/5/2025,6:00,282.5
7/5/2025,12:00,281.954
7/5/2025,18:00,284.4
7/6/2025,0:00,284.533
7/6/2025,6:00,282.9
7/6/2025,12:00,281.6
7/6/2025,18:00,284.634
7/7/2025,0:00,284.729
7/7/2025,6:00,283.782
7/7/2025,12:00,282.922
7/7/2025,18:00,285.943
7/8/2025,0:00,286.882
7/8/2025,6:00,285.8
7/8/2025,12:00,284.91
7/8/2025,18:00,287.358
7/9/2025,0:00,285.557
7/9/2025,6:00,283.626
7/9/2025,12:00,282.092
7/9/2025,18:00,284.727
7/10/2025,0:00,284.418
7/10/2025,6:00,284.088
7/10/2025,12:00,283.031
7/10/2025,18:00,285.805
7/11/2025,0:00,286.016
7/11/2025,6:00,284.279
7/11/2025,12:00,283.715
7/11/2025,18:00,287.3
7/12/2025,0:00,287.073
7/12/2025,6:00,285.855
7/12/2025,12:00,285.419
7/12/2025,18:00,288.138
7/13/2025,0:00,288.206
7/13/2025,6:00,286.957
7/13/2025,12:00,287.734
7/13/2025,18:00,289.703
7/14/2025,0:00,288.224
7/14/2025,6:00,287.123
7/14/2025,12:00,286.325
7/14/2025,18:00,289.106
7/15/2025,0:00,288.9
7/15/2025,6:00,287.702
7/15/2025,12:00,286.123
7/15/2025,18:00,289.075
7/16/2025,0:00,289.142
7/16/2025,6:00,287.802
7/16/2025,12:00,287.347
7/16/2025,18:00,289.579
7/17/2025,0:00,290.506
7/17/2025,6:00,286.621
7/17/2025,12:00,282.205
7/17/2025,18:00,281.621
7/18/2025,0:00,279.748
7/18/2025,6:00,280.163
7/18/2025,12:00,280.3
7/18/2025,18:00,281.905
7/19/2025,0:00,281.352
7/19/2025,6:00,280.5
7/19/2025,12:00,280.867
7/19/2025,18:00,284.012
7/20/2025,0:00,284.251
7/20/2025,6:00,282.833
7/20/2025,12:00,282.677
7/20/2025,18:00,286.16
7/21/2025,0:00,286.291
7/21/2025,6:00,285.065
7/21/2025,12:00,284.313
7/21/2025,18:00,287.404
7/22/2025,0:00,287.606
7/22/2025,6:00,286.319
7/22/2025,12:00,286.032
7/22/2025,18:00,289.255
7/23/2025,0:00,288.7
7/23/2025,6:00,286.3
7/23/2025,12:00,285.521
7/23/2025,18:00,287.5
7/24/2025,0:00,285.1
7/24/2025,6:00,284.232
7/24/2025,12:00,283.407
7/24/2025,18:00,283.985
7/25/2025,0:00,286.507
7/25/2025,6:00,286.167
7/25/2025,12:00,286.354
7/25/2025,18:00,288.567
7/26/2025,0:00,289.019
7/26/2025,6:00,288.1
7/26/2025,12:00,287.345
7/26/2025,18:00,290.145
7/27/2025,0:00,291.552
7/27/2025,6:00,289.867
7/27/2025,12:00,288.869
7/27/2025,18:00,288.732
7/28/2025,0:00,288.32
7/28/2025,6:00,284.488
7/28/2025,12:00,282.406
7/28/2025,18:00,282.482
7/29/2025,0:00,279.986
7/29/2025,6:00,278.333
7/29/2025,12:00,276.754
7/29/2025,18:00,279.86
7/30/2025,0:00,279.376
7/30/2025,6:00,278.149
7/30/2025,12:00,277.499
7/30/2025,18:00,281.03
7/31/2025,0:00,282.757
7/31/2025,6:00,282.2
7/31/2025,12:00,282.292
7/31/2025,18:00,284.7
8/1/2025,0:00,286.5
8/1/2025,6:00,286.342
8/1/2025,12:00,285.703
8/1/2025,18:00,286.755
8/2/2025,0:00,290.253
8/2/2025,6:00,289.6
8/2/2025,12:00,288.9
8/2/2025,18:00,290.924
8/3/2025,0:00,291.182
8/3/2025,6:00,289.644
8/3/2025,12:00,288.713
8/3/2025,18:00,289.213
8/4/2025,0:00,288.783
8/4/2025,6:00,288.917
8/4/2025,12:00,288.539
8/4/2025,18:00,286.854
8/5/2025,0:00,284.043
8/5/2025,6:00,283.1
8/5/2025,12:00,283.738
8/5/2025,18:00,284.596
8/6/2025,0:00,284.926
8/6/2025,6:00,283.5
8/6/2025,12:00,283.744
8/6/2025,18:00,287.786
8/7/2025,0:00,286.381
8/7/2025,6:00,286.089
8/7/2025,12:00,286.34
8/7/2025,18:00,287.536
8/8/2025,0:00,285.583
8/8/2025,6:00,281.357
8/8/2025,12:00,281.489
8/8/2025,18:00,281.6
8/9/2025,0:00,278.545
8/9/2025,6:00,275.328
8/9/2025,12:00,274.802
8/9/2025,18:00,278.7
8/10/2025,0:00,281.341
8/10/2025,6:00,277.648
8/10/2025,12:00,276.556
8/10/2025,18:00,280.615
8/11/2025,0:00,280.61
8/11/2025,6:00,278.638
8/11/2025,12:00,278.154
8/11/2025,18:00,282.212
8/12/2025,0:00,281.7
8/12/2025,6:00,280.103
8/12/2025,12:00,279.573
8/12/2025,18:00,284.02
8/13/2025,0:00,283.944
8/13/2025,6:00,282.612
8/13/2025,12:00,281.504
8/13/2025,18:00,285.912
8/14/2025,0:00,284.7
8/14/2025,6:00,281.9
8/14/2025,12:00,280.94
8/14/2025,18:00,283.602
8/15/2025,0:00,281.088
8/15/2025,6:00,279.761
8/15/2025,12:00,279.27
8/15/2025,18:00,284.38
8/16/2025,0:00,286.163
8/16/2025,6:00,284.906
8/16/2025,12:00,284.095
8/16/2025,18:00,287.383
8/17/2025,0:00,287.705
8/17/2025,6:00,286.292
8/17/2025,12:00,285.428
8/17/2025,18:00,289.148
8/18/2025,0:00,287.359
8/18/2025,6:00,286.044
8/18/2025,12:00,286.482
8/18/2025,18:00,290.737
8/19/2025,0:00,290.756
8/19/2025,6:00,290.524
8/19/2025,12:00,289.995
8/19/2025,18:00,290.508
8/20/2025,0:00,286.072
8/20/2025,6:00,286.109
8/20/2025,12:00,284.196
8/20/2025,18:00,286.152
8/21/2025,0:00,285.33
8/21/2025,6:00,284.131
8/21/2025,12:00,283.648
8/21/2025,18:00,287.834
8/22/2025,0:00,289.763
8/22/2025,6:00,291.234
8/22/2025,12:00,291.158
8/22/2025,18:00,292.432
8/23/2025,0:00,295.428
8/23/2025,6:00,291.282
8/23/2025,12:00,290.294
8/23/2025,18:00,283.167
8/24/2025,0:00,281.012
8/24/2025,6:00,280.858
8/24/2025,12:00,280.434
8/24/2025,18:00,281.394
8/25/2025,0:00,280.806
8/25/2025,6:00,279.852
8/25/2025,12:00,278.948
8/25/2025,18:00,281.344
8/26/2025,0:00,282.205
8/26/2025,6:00,279.2
8/26/2025,12:00,277.202
8/26/2025,18:00,282.12
8/27/2025,0:00,284.149
8/27/2025,6:00,281.582
8/27/2025,12:00,281.517
8/27/2025,18:00,287.303
8/28/2025,0:00,286.354
8/28/2025,6:00,285
8/28/2025,12:00,284.039
8/28/2025,18:00,288.424
8/29/2025,0:00,287.677
8/29/2025,6:00,285.967
8/29/2025,12:00,285.432
8/29/2025,18:00,290.252
8/30/2025,0:00,289.763
8/30/2025,6:00,288.424
8/30/2025,12:00,287.384
8/30/2025,18:00,291.105
8/31/2025,0:00,290.79
8/31/2025,6:00,288.996
8/31/2025,12:00,288.134
8/31/2025,18:00,290.739
9/1/2025,0:00,291.917
9/1/2025,6:00,289.934
9/1/2025,12:00,288.567
9/1/2025,18:00,290.715
9/2/2025,0:00,293.082
9/2/2025,6:00,290.937
9/2/2025,12:00,289.712
9/2/2025,18:00,292.263
9/3/2025,0:00,294
9/3/2025,6:00,293.4
9/3/2025,12:00,292.463
9/3/2025,18:00,292.876
9/4/2025,0:00,294.621
9/4/2025,6:00,292.814
9/4/2025,12:00,290.305
9/4/2025,18:00,285.7
9/5/2025,0:00,282.893
9/5/2025,6:00,281.968
9/5/2025,12:00,280.897
9/5/2025,18:00,280.916
9/6/2025,0:00,280.405
9/6/2025,6:00,277.834
9/6/2025,12:00,276.517
9/6/2025,18:00,280.616
9/7/2025,0:00,280.708
9/7/2025,6:00,279.455
9/7/2025,12:00,279.458
9/7/2025,18:00,286.737
9/8/2025,0:00,288.547
9/8/2025,6:00,288.704
9/8/2025,12:00,289.108
9/8/2025,18:00,290.101
9/9/2025,0:00,288.749
9/9/2025,6:00,287.252
9/9/2025,12:00,286.235
9/9/2025,18:00,286.704
9/10/2025,0:00,284.938
9/10/2025,6:00,283.2
9/10/2025,12:00,282.367
9/10/2025,18:00,287.944
9/11/2025,0:00,287.029
9/11/2025,6:00,286.001
9/11/2025,12:00,284.498
9/11/2025,18:00,289.354
9/12/2025,0:00,286.585
9/12/2025,6:00,284.558
9/12/2025,12:00,281.972
9/12/2025,18:00,287.445
9/13/2025,0:00,284.842
9/13/2025,6:00,282.857
9/13/2025,12:00,283.165
9/13/2025,18:00,290.564
9/14/2025,0:00,291.241
9/14/2025,6:00,289.88
9/14/2025,12:00,289.412
9/14/2025,18:00,291.33
9/15/2025,0:00,291.218
9/15/2025,6:00,290.096
9/15/2025,12:00,290.214
9/15/2025,18:00,294.275
9/16/2025,0:00,290.911
9/16/2025,6:00,288.899
9/16/2025,12:00,287.682
9/16/2025,18:00,292.658
9/17/2025,0:00,289.738
9/17/2025,6:00,287.149
9/17/2025,12:00,285.751
9/17/2025,18:00,291.374
9/18/2025,0:00,289.869
9/18/2025,6:00,288.538
9/18/2025,12:00,287.783
9/18/2025,18:00,292.519
9/19/2025,0:00,292.2
9/19/2025,6:00,290.65
9/19/2025,12:00,289.733
9/19/2025,18:00,294
9/20/2025,0:00,292.848
9/20/2025,6:00,291.807
9/20/2025,12:00,291.163
9/20/2025,18:00,296.143
9/21/2025,0:00,295.602
9/21/2025,6:00,293.966
9/21/2025,12:00,292.237
9/21/2025,18:00,292.233
9/22/2025,0:00,292.694
9/22/2025,6:00,288.79
9/22/2025,12:00,284.765
9/22/2025,18:00,284.602
9/23/2025,0:00,283.445
9/23/2025,6:00,281.311
9/23/2025,12:00,280.794
9/23/2025,18:00,286.791
9/24/2025,0:00,284.832
9/24/2025,6:00,283.375
9/24/2025,12:00,282.439
9/24/2025,18:00,288.296
9/25/2025,0:00,285.808
9/25/2025,6:00,282.462
9/25/2025,12:00,282.136
9/25/2025,18:00,287.6
9/26/2025,0:00,286.535
9/26/2025,6:00,284.573
9/26/2025,12:00,283.012
9/26/2025,18:00,287.435
9/27/2025,0:00,287.801
9/27/2025,6:00,285.498
9/27/2025,12:00,284.764
9/27/2025,18:00,288.795
9/28/2025,0:00,289
9/28/2025,6:00,288.97
9/28/2025,12:00,287.655
9/28/2025,18:00,286.624
9/29/2025,0:00,286.3
9/29/2025,6:00,284.379
9/29/2025,12:00,283.355
9/29/2025,18:00,291.359
9/30/2025,0:00,292.595
9/30/2025,6:00,290.399
9/30/2025,12:00,289.76
9/30/2025,18:00,291.456
10/1/2025,0:00,290.334
10/1/2025,6:00,288.925
10/1/2025,12:00,288.407
10/1/2025,18:00,290.542
10/2/2025,0:00,289.456
10/2/2025,6:00,288.252
10/2/2025,12:00,288.189
10/2/2025,18:00,290.205
10/3/2025,0:00,290.601
10/3/2025,6:00,290.564
10/3/2025,12:00,290.303
10/3/2025,18:00,290.998
10/4/2025,0:00,291
10/4/2025,6:00,289.37
10/4/2025,12:00,288.908
10/4/2025,18:00,294.155
10/5/2025,0:00,293.217
10/5/2025,6:00,292.7
10/5/2025,12:00,292.7
10/5/2025,18:00,294.103
10/6/2025,0:00,295.775
10/6/2025,6:00,295.274
10/6/2025,12:00,288.519
10/6/2025,18:00,287.383
10/7/2025,0:00,284.463
10/7/2025,6:00,283.292
10/7/2025,12:00,283.611
10/7/2025,18:00,286.044
10/8/2025,0:00,283.731
10/8/2025,6:00,282.085
10/8/2025,12:00,280.675
10/8/2025,18:00,287.459
10/9/2025,0:00,285.834
10/9/2025,6:00,283.608
10/9/2025,12:00,283.723
10/9/2025,18:00,289.769
10/10/2025,0:00,286.906
10/10/2025,6:00,285.093
10/10/2025,12:00,284.641
10/10/2025,18:00,291.406
10/11/2025,0:00,291.307
10/11/2025,6:00,289.108
10/11/2025,12:00,288.287
10/11/2025,18:00,294.101
10/12/2025,0:00,293.627
10/12/2025,6:00,291.982
10/12/2025,12:00,291.592
10/12/2025,18:00,288.934
10/13/2025,0:00,288.203
10/13/2025,6:00,287.008
10/13/2025,12:00,287.151
10/13/2025,18:00,289.993
10/14/2025,0:00,287.125
10/14/2025,6:00,285.4
10/14/2025,12:00,284.864
10/14/2025,18:00,290.468
10/15/2025,0:00,288.295
10/15/2025,6:00,287.013
10/15/2025,12:00,286.56
10/15/2025,18:00,292.918
10/16/2025,0:00,294.297
10/16/2025,6:00,291.968
10/16/2025,12:00,290.579
10/16/2025,18:00,290.978
10/17/2025,0:00,291.663
10/17/2025,6:00,291.23
10/17/2025,12:00,290.759
10/17/2025,18:00,291.001
10/18/2025,0:00,290.256
10/18/2025,6:00,289.724
10/18/2025,12:00,288.507
10/18/2025,18:00,288.486
10/19/2025,0:00,286.325
10/19/2025,6:00,282.157
10/19/2025,12:00,281.05
10/19/2025,18:00,286.248
10/20/2025,0:00,284.979
10/20/2025,6:00,282.661
10/20/2025,12:00,282.616
10/20/2025,18:00,288.468
10/21/2025,0:00,287.164
10/21/2025,6:00,284.416
10/21/2025,12:00,282.78
10/21/2025,18:00,287.732
10/22/2025,0:00,288.565
10/22/2025,6:00,285.822
10/22/2025,12:00,284.584
10/22/2025,18:00,289.452
10/23/2025,0:00,290.236
10/23/2025,6:00,287.295
10/23/2025,12:00,286.291
10/23/2025,18:00,290.864
10/24/2025,0:00,291.162
10/24/2025,6:00,289.466
10/24/2025,12:00,288.492
10/24/2025,18:00,292.249
10/25/2025,0:00,294.501
10/25/2025,6:00,291.644
10/25/2025,12:00,290.71
10/25/2025,18:00,294.124
10/26/2025,0:00,289.594
10/26/2025,6:00,289.257
10/26/2025,12:00,290.037
10/26/2025,18:00,291.512
10/27/2025,0:00,289.776
10/27/2025,6:00,288.949
10/27/2025,12:00,288.942
10/27/2025,18:00,291.725
10/28/2025,0:00,290.228
10/28/2025,6:00,286.59
10/28/2025,12:00,286.375
10/28/2025,18:00,288.694
10/29/2025,0:00,285.601
10/29/2025,6:00,285.26
10/29/2025,12:00,285.149
10/29/2025,18:00,286.308
10/30/2025,0:00,285.622
10/30/2025,6:00,284.692
10/30/2025,12:00,283.107
10/30/2025,18:00,288.971
10/31/2025,0:00,287.598
10/31/2025,6:00,284.547
10/31/2025,12:00,283.977
10/31/2025,18:00,290.55
11/1/2025,0:00,288.514
11/1/2025,6:00,287.51
11/1/2025,12:00,287.635
11/1/2025,18:00,293.505
11/2/2025,0:00,292.201
11/2/2025,6:00,289.977
11/2/2025,12:00,289.396
11/2/2025,18:00,293.192
11/3/2025,0:00,292.592
11/3/2025,6:00,289.939
11/3/2025,12:00,289.753
11/3/2025,18:00,291.715
11/4/2025,0:00,291.341
11/4/2025,6:00,289.332
11/4/2025,12:00,289.267
11/4/2025,18:00,296.404
11/5/2025,0:00,294.808
11/5/2025,6:00,292.768
11/5/2025,12:00,292.332
11/5/2025,18:00,295.689
11/6/2025,0:00,289.955
11/6/2025,6:00,286.727
11/6/2025,12:00,285.18
11/6/2025,18:00,290.253
11/7/2025,0:00,290.366
11/7/2025,6:00,288.988
11/7/2025,12:00,288.184
11/7/2025,18:00,290.814
11/8/2025,0:00,287.955
11/8/2025,6:00,286.026
11/8/2025,12:00,285.376
11/8/2025,18:00,285.631
11/9/2025,0:00,285.504
11/9/2025,6:00,283.452
11/9/2025,12:00,283.045
11/9/2025,18:00,289.728
11/10/2025,0:00,288.304
11/10/2025,6:00,285.661
11/10/2025,12:00,285.205
11/10/2025,18:00,292.077
11/11/2025,0:00,289.934
11/11/2025,6:00,287.38
11/11/2025,12:00,286.952
11/11/2025,18:00,294.673
11/12/2025,0:00,291.945
11/12/2025,6:00,290.487
11/12/2025,12:00,290.44
11/12/2025,18:00,291.744
11/13/2025,0:00,291.618
11/13/2025,6:00,290.922
11/13/2025,12:00,290.437
11/13/2025,18:00,295.139
11/14/2025,0:00,293.234
11/14/2025,6:00,290.279
11/14/2025,12:00,289.564
11/14/2025,18:00,295.727
11/15/2025,0:00,294.429
11/15/2025,6:00,292.877
11/15/2025,12:00,292.326
11/15/2025,18:00,298.113
11/16/2025,0:00,295.108
11/16/2025,6:00,292.918
11/16/2025,12:00,292.392
11/16/2025,18:00,296.589
11/17/2025,0:00,288.567
11/17/2025,6:00,289.108
11/17/2025,12:00,287.502
11/17/2025,18:00,288.298
11/18/2025,0:00,288.867
11/18/2025,6:00,287.159
11/18/2025,12:00,286.333
11/18/2025,18:00,289.752
11/19/2025,0:00,288.83
11/19/2025,6:00,286.972
11/19/2025,12:00,287.09
11/19/2025,18:00,293.057
11/20/2025,0:00,292.073
11/20/2025,6:00,288.816
11/20/2025,12:00,287.7
11/20/2025,18:00,295.658
11/21/2025,0:00,293.754
11/21/2025,6:00,291.543
11/21/2025,12:00,291.211
11/21/2025,18:00,297.493
11/22/2025,0:00,294.323
11/22/2025,6:00,290.558
11/22/2025,12:00,290.061
11/22/2025,18:00,293.998
11/23/2025,0:00,289.997
11/23/2025,6:00,286.379
11/23/2025,12:00,286.718
11/23/2025,18:00,292.131
11/24/2025,0:00,288.671
11/24/2025,6:00,288.358
11/24/2025,12:00,288.114
11/24/2025,18:00,294.289
11/25/2025,0:00,292.613
11/25/2025,6:00,289.195
11/25/2025,12:00,288.177
11/25/2025,18:00,295.779
11/26/2025,0:00,294.235
11/26/2025,6:00,291.09
11/26/2025,12:00,290.567
11/26/2025,18:00,298.237
11/27/2025,0:00,295.757
11/27/2025,6:00,292.198
11/27/2025,12:00,291.698
11/27/2025,18:00,298.906
11/28/2025,0:00,297.3
11/28/2025,6:00,294.182
11/28/2025,12:00,293.313
11/28/2025,18:00,301.324
11/29/2025,0:00,297.851
11/29/2025,6:00,293.886
11/29/2025,12:00,293.394
11/29/2025,18:00,300.928
11/30/2025,0:00,297.482
11/30/2025,6:00,295.03
11/30/2025,12:00,293.849
11/30/2025,18:00,301.462
12/1/2025,0:00,292.779
12/1/2025,6:00,293.245
12/1/2025,12:00,291.789
12/1/2025,18:00,296.762
12/2/2025,0:00,294.99
12/2/2025,6:00,292.443
12/2/2025,12:00,292.261
12/2/2025,18:00,297.488
12/3/2025,0:00,294.394
12/3/2025,6:00,291.144
12/3/2025,12:00,289.896
12/3/2025,18:00,296.246
12/4/2025,0:00,292.569
12/4/2025,6:00,289.276
12/4/2025,12:00,288.175
12/4/2025,18:00,294.873
12/5/2025,0:00,294.526
12/5/2025,6:00,290.595
12/5/2025,12:00,290.36
12/5/2025,18:00,298.906
12/6/2025,0:00,297.554
12/6/2025,6:00,295.299
12/6/2025,12:00,294.586
12/6/2025,18:00,300.348
12/7/2025,0:00,299.608
12/7/2025,6:00,296.346
12/7/2025,12:00,295.507
12/7/2025,18:00,303.484
12/8/2025,0:00,299.924
12/8/2025,6:00,296.564
12/8/2025,12:00,295.396
12/8/2025,18:00,295.45
12/9/2025,0:00,293.193
12/9/2025,6:00,291.976
12/9/2025,12:00,291.971
12/9/2025,18:00,293.467
12/10/2025,0:00,290.318
12/10/2025,6:00,289.915
12/10/2025,12:00,289.835
12/10/2025,18:00,288.882
12/11/2025,0:00,288.101
12/11/2025,6:00,286.435
12/11/2025,12:00,286.025
12/11/2025,18:00,293.027
12/12/2025,0:00,293.895
12/12/2025,6:00,291.991
12/12/2025,12:00,291.177
12/12/2025,18:00,292.727
12/13/2025,0:00,289.885
12/13/2025,6:00,288.927
12/13/2025,12:00,288.275
12/13/2025,18:00,295.445
12/14/2025,0:00,295.097
12/14/2025,6:00,293.146
12/14/2025,12:00,292.57
12/14/2025,18:00,298.886
12/15/2025,0:00,297.428
12/15/2025,6:00,294.619
12/15/2025,12:00,294.005
12/15/2025,18:00,299.954
12/16/2025,0:00,292.457
12/16/2025,6:00,290.248
12/16/2025,12:00,289.613
12/16/2025,18:00,293.694
12/17/2025,0:00,289.543
12/17/2025,6:00,286.147
12/17/2025,12:00,285.673
12/17/2025,18:00,292.924
12/18/2025,0:00,291.025
12/18/2025,6:00,288.139
12/18/2025,12:00,287.605
12/18/2025,18:00,296.123
12/19/2025,0:00,294.964
12/19/2025,6:00,291.959
12/19/2025,12:00,291.193
12/19/2025,18:00,298.65
12/20/2025,0:00,296.14
12/20/2025,6:00,292.853
12/20/2025,12:00,292.956
12/20/2025,18:00,297.619
12/21/2025,0:00,298.598
12/21/2025,6:00,295.785
12/21/2025,12:00,295.908
12/21/2025,18:00,299.825
12/22/2025,0:00,292.643
12/22/2025,6:00,294.272
12/22/2025,12:00,294.74
12/22/2025,18:00,295.346
12/23/2025,0:00,294.839
12/23/2025,6:00,293.957
12/23/2025,12:00,293.003
12/23/2025,18:00,296.15
12/24/2025,0:00,294.847
12/24/2025,6:00,293.783
12/24/2025,12:00,293.745
12/24/2025,18:00,294.989
12/25/2025,0:00,295.19
12/25/2025,6:00,293.775
12/25/2025,12:00,293.403
12/25/2025,18:00,294.09
12/26/2025,0:00,293.865
12/26/2025,6:00,294.012
12/26/2025,12:00,292.962
12/26/2025,18:00,296.511
12/27/2025,0:00,295.967
12/27/2025,6:00,294.514
12/27/2025,12:00,293.993
12/27/2025,18:00,299.863
12/28/2025,0:00,295.613
12/28/2025,6:00,294.054
12/28/2025,12:00,294.012
12/28/2025,18:00,300.811
12/29/2025,0:00,293.595
12/29/2025,6:00,292.855
12/29/2025,12:00,293.224
12/29/2025,18:00,298.716
12/30/2025,0:00,295.116
12/30/2025,6:00,294.497
12/30/2025,12:00,293.952
12/30/2025,18:00,296.167
12/31/2025,0:00,294.113
12/31/2025,6:00,293.462
12/31/2025,12:00,293.664
12/31/2025,18:00,296.339
1/1/2026,0:00,295.492
1/1/2026,6:00,293.765
1/1/2026,12:00,293.513
1/1/2026,18:00,297.395
1/2/2026,0:00,295.778
1/2/2026,6:00,293.808
1/2/2026,12:00,293.282
1/2/2026,18:00,298.691
1/3/2026,0:00,296.136
1/3/2026,6:00,293.507
1/3/2026,12:00,293.039
1/3/2026,18:00,296.774
1/4/2026,0:00,290.398
1/4/2026,6:00,285.722
1/4/2026,12:00,284.791
1/4/2026,18:00,289.577
1/5/2026,0:00,286.576
1/5/2026,6:00,284.966
1/5/2026,12:00,283.999
1/5/2026,18:00,289.836
1/6/2026,0:00,289.013
1/6/2026,6:00,286.637
1/6/2026,12:00,286.516
1/6/2026,18:00,293.948
1/7/2026,0:00,294.273
1/7/2026,6:00,291.952
1/7/2026,12:00,291.315
1/7/2026,18:00,297.596
1/8/2026,0:00,292.058
1/8/2026,6:00,292.464
1/8/2026,12:00,291.88
1/8/2026,18:00,294.91
1/9/2026,0:00,295.349
1/9/2026,6:00,292.199
1/9/2026,12:00,291.935
1/9/2026,18:00,297.325
1/10/2026,0:00,292.408
1/10/2026,6:00,291.538
1/10/2026,12:00,291.732
1/10/2026,18:00,293.084
1/11/2026,0:00,291.148
1/11/2026,6:00,291.18
1/11/2026,12:00,291.379
1/11/2026,18:00,293.552
1/12/2026,0:00,288.8
1/12/2026,6:00,288.281
1/12/2026,12:00,287.58
1/12/2026,18:00,292.875
1/13/2026,0:00,291.742
1/13/2026,6:00,289.887
1/13/2026,12:00,289.417
1/13/2026,18:00,295.552
1/14/2026,0:00,293.854
1/14/2026,6:00,292.224
1/14/2026,12:00,291.588
1/14/2026,18:00,297.233
1/15/2026,0:00,295.381
1/15/2026,6:00,292.977
1/15/2026,12:00,292.427
1/15/2026,18:00,298.592
1/16/2026,0:00,297.363
1/16/2026,6:00,294.975
1/16/2026,12:00,294.546
1/16/2026,18:00,298.032
1/17/2026,0:00,294.348
1/17/2026,6:00,292.61
1/23/2026,0:00,292.464
1/23/2026,6:00,288.448
1/23/2026,12:00,287.829
1/23/2026,18:00,294.335
1/24/2026,0:00,292.47
1/24/2026,6:00,289.11
1/24/2026,12:00,287.811
1/24/2026,18:00,294.83
1/25/2026,0:00,293.329
1/25/2026,6:00,291.391
1/25/2026,12:00,290.231
1/25/2026,18:00,295.981
1/26/2026,0:00,294.827
1/26/2026,6:00,293.895
1/26/2026,12:00,291.427
1/26/2026,18:00,297.344
1/27/2026,0:00,296.754
1/27/2026,6:00,293.873
1/27/2026,12:00,292.896
1/27/2026,18:00,299.104
1/28/2026,0:00,296.761
1/28/2026,6:00,294.122
1/28/2026,12:00,292.737
1/28/2026,18:00,299.473
1/29/2026,0:00,293.77
1/29/2026,6:00,291.63
1/29/2026,12:00,291.615
1/29/2026,18:00,298.198
1/30/2026,0:00,291.858
1/30/2026,6:00,290.156
1/30/2026,12:00,289.287
1/30/2026,18:00,295.54
1/31/2026,0:00,294.769
1/31/2026,6:00,289.975
1/31/2026,12:00,289.226
1/31/2026,18:00,295.289
2/1/2026,0:00,292.989
2/1/2026,6:00,289.754
2/1/2026,12:00,289.185
2/1/2026,18:00,296.252
2/2/2026,0:00,293.491
2/2/2026,6:00,290.626
2/2/2026,12:00,290.277
2/2/2026,18:00,296.263
2/3/2026,0:00,293.732
2/3/2026,6:00,291.784
2/3/2026,12:00,292.877
2/3/2026,18:00,295.631
2/4/2026,0:00,295.654
2/4/2026,6:00,292.077
2/4/2026,12:00,291.166
2/4/2026,18:00,298.352
2/5/2026,0:00,295.475
2/5/2026,6:00,293.371
2/5/2026,12:00,292.473
2/5/2026,18:00,299.576
2/6/2026,0:00,296.707
2/6/2026,6:00,294.089
2/6/2026,12:00,293.373
2/6/2026,18:00,299.601
2/7/2026,0:00,297.336
2/7/2026,6:00,292.67
2/7/2026,12:00,291.656
2/7/2026,18:00,297.368
2/8/2026,0:00,292.861
2/8/2026,6:00,289.183
2/8/2026,12:00,288.888
2/8/2026,18:00,295.413
2/9/2026,0:00,293.91
2/9/2026,6:00,289.136
2/9/2026,12:00,290.11
2/9/2026,18:00,298.546
2/10/2026,0:00,297.029
2/10/2026,6:00,294.372
2/10/2026,12:00,293.423
2/10/2026,18:00,300.16
2/11/2026,0:00,298.349
2/11/2026,6:00,296.029
2/11/2026,12:00,293.615
2/11/2026,18:00,301.445
2/12/2026,0:00,298.783
2/12/2026,6:00,295.337
2/12/2026,12:00,294.662
2/12/2026,18:00,302.748
2/13/2026,0:00,298.982
2/13/2026,6:00,294.871
2/13/2026,12:00,292.341
2/13/2026,18:00,301.084
2/14/2026,0:00,298.248
2/14/2026,6:00,293.46
2/14/2026,12:00,292.707
2/14/2026,18:00,295.889
2/15/2026,0:00,294.046
2/15/2026,6:00,293.753
2/15/2026,12:00,293.535
2/15/2026,18:00,294.806
2/16/2026,0:00,294.373
2/16/2026,6:00,293.098
2/16/2026,12:00,293.219
2/16/2026,18:00,299.212
2/17/2026,0:00,296.7
2/17/2026,6:00,294.912
2/17/2026,12:00,294.137
2/17/2026,18:00,299.446
2/18/2026,0:00,294.791
2/18/2026,6:00,294.016
2/18/2026,12:00,293.621
2/18/2026,18:00,301.536
2/19/2026,0:00,295.554
2/19/2026,6:00,294.943
2/19/2026,12:00,294.035
2/19/2026,18:00,301.684
2/20/2026,0:00,294.826
2/20/2026,6:00,292.847
2/20/2026,12:00,291.711
2/20/2026,18:00,294.782
2/21/2026,0:00,294.998
2/21/2026,6:00,290.529
2/21/2026,12:00,290.659
2/21/2026,18:00,296.688
2/22/2026,0:00,296.192
2/22/2026,6:00,293.553
2/22/2026,12:00,291.82
2/22/2026,18:00,297.315
2/23/2026,0:00,295.414
2/23/2026,6:00,293.044
2/23/2026,12:00,291.448
2/23/2026,18:00,293.025
2/24/2026,0:00,292.134
2/24/2026,6:00,291.667
2/24/2026,12:00,291.487
2/24/2026,18:00,295.637
2/25/2026,0:00,293.712
2/25/2026,6:00,291.907
2/25/2026,12:00,291.74
2/25/2026,18:00,295.562
2/26/2026,0:00,293.972
2/26/2026,6:00,289.824
2/26/2026,12:00,287.917
2/26/2026,18:00,293.616
2/27/2026,0:00,291.292
2/27/2026,6:00,287.688
2/27/2026,12:00,285.732
2/27/2026,18:00,293.941
2/28/2026,0:00,292.451
2/28/2026,6:00,287.91
2/28/2026,12:00,287.035
2/28/2026,18:00,295.845
3/1/2026,0:00,293.878
3/1/2026,6:00,288.781
3/1/2026,12:00,287.746
3/1/2026,18:00,296.81
3/2/2026,0:00,295.5
3/2/2026,6:00,289.612
3/2/2026,12:00,289.546
3/2/2026,18:00,298.779
3/3/2026,0:00,297.041
3/3/2026,6:00,292.953
3/3/2026,12:00,292.188
3/3/2026,18:00,301.343
3/4/2026,0:00,300.492
3/4/2026,6:00,294.88
3/4/2026,12:00,294.382
3/4/2026,18:00,301.683
3/5/2026,0:00,294.897
3/5/2026,6:00,293.637
3/5/2026,12:00,292.942
3/5/2026,18:00,301.998
3/6/2026,0:00,297.836
3/6/2026,6:00,295.262
3/6/2026,12:00,293.274
3/6/2026,18:00,298.953
3/7/2026,0:00,293.096
3/7/2026,6:00,291.994
3/7/2026,12:00,291.172
3/7/2026,18:00,295.753
3/8/2026,0:00,293.333
3/8/2026,6:00,291.658
3/8/2026,12:00,290.246
3/8/2026,18:00,295.244
3/9/2026,0:00,294.472
3/9/2026,6:00,290.406
3/9/2026,12:00,289.841
3/9/2026,18:00,293.368
3/10/2026,0:00,294.204
3/10/2026,6:00,292.419
3/10/2026,12:00,292.589
3/10/2026,18:00,294.23
3/11/2026,0:00,295.152
3/11/2026,6:00,292.634
3/11/2026,12:00,291.428
3/11/2026,18:00,294.612
3/12/2026,0:00,289.981
3/12/2026,6:00,291.337
3/12/2026,12:00,291.003
3/12/2026,18:00,295.956
3/13/2026,0:00,294.708
3/13/2026,6:00,291.031
3/13/2026,12:00,290.163
3/13/2026,18:00,296.881
3/14/2026,0:00,293.615
3/14/2026,6:00,291.42
3/14/2026,12:00,289.306
3/14/2026,18:00,296.572
3/15/2026,0:00,295.138
3/15/2026,6:00,292.517
3/15/2026,12:00,290.74
3/15/2026,18:00,300.077
3/16/2026,0:00,297.516
3/16/2026,6:00,294.416
3/16/2026,12:00,294.326
3/16/2026,18:00,299.953
3/17/2026,0:00,293.477
3/17/2026,6:00,294.039
3/17/2026,12:00,292.414
3/17/2026,18:00,293.658
3/18/2026,0:00,293.405
3/18/2026,6:00,292.381
3/18/2026,12:00,292.406
3/18/2026,18:00,296.624
3/19/2026,0:00,295.264
3/19/2026,6:00,292.527
3/19/2026,12:00,291.825
3/19/2026,18:00,296.95
3/20/2026,0:00,296.355
3/20/2026,6:00,292.459
3/20/2026,12:00,291.419
3/20/2026,18:00,300.155
3/21/2026,0:00,298.333
3/21/2026,6:00,295.198
3/21/2026,12:00,293.871
3/21/2026,18:00,300.71
3/22/2026,0:00,296.03
3/22/2026,6:00,293.698
3/22/2026,12:00,293.4
3/22/2026,18:00,297.8
3/23/2026,0:00,295.331
3/23/2026,6:00,294.632
3/23/2026,12:00,294.674
3/23/2026,18:00,299.065
3/24/2026,0:00,294.461
3/24/2026,6:00,293.612
3/24/2026,12:00,291.672
3/24/2026,18:00,292.098
3/25/2026,0:00,293.7
3/25/2026,6:00,292.633
3/25/2026,12:00,293.34
3/25/2026,18:00,297.35
3/26/2026,0:00,295.337
3/26/2026,6:00,293.37
3/26/2026,12:00,293.158
3/26/2026,18:00,298.209
3/27/2026,0:00,296.697
3/27/2026,6:00,294.335
3/27/2026,12:00,294.277
3/27/2026,18:00,299.724
3/28/2026,0:00,298.12
3/28/2026,6:00,296.032
3/28/2026,12:00,294.908
3/28/2026,18:00,300.342
3/29/2026,0:00,299.419
3/29/2026,6:00,295.948
3/29/2026,12:00,294.848
3/29/2026,18:00,300.258
3/30/2026,0:00,297.753
3/30/2026,6:00,294.77
3/30/2026,12:00,294.591
3/30/2026,18:00,300.404
3/31/2026,0:00,298.179
3/31/2026,6:00,293.558
3/31/2026,12:00,292.585
3/31/2026,18:00,298.624
4/1/2026,0:00,296.767
4/1/2026,6:00,292.515
4/1/2026,12:00,291.23
4/1/2026,18:00,297.688
4/2/2026,0:00,295.871
4/2/2026,6:00,294.16
4/2/2026,12:00,292.045
4/2/2026,18:00,298.3
4/3/2026,0:00,298.625
4/3/2026,6:00,293.461
4/3/2026,12:00,291.907
4/4/2026,0:00,297.611
4/4/2026,6:00,294.272
4/4/2026,12:00,293.611
4/4/2026,18:00,300.233
4/5/2026,0:00,298.856
4/5/2026,6:00,292.07
4/5/2026,12:00,292.4
4/5/2026,18:00,296.77
4/6/2026,6:00,290.584
4/6/2026,12:00,291.811
4/6/2026,18:00,296.272
4/7/2026,6:00,293.43
4/7/2026,18:00,295.503
4/8/2026,0:00,292.567
4/8/2026,6:00,289.763
4/8/2026,12:00,289.283
4/8/2026,18:00,289.903
4/9/2026,0:00,288.3
4/9/2026,6:00,288.76
4/9/2026,12:00,289.2
4/9/2026,18:00,290.296
4/10/2026,0:00,287.791
4/10/2026,6:00,285.28
4/10/2026,12:00,284.742
4/10/2026,18:00,290.02
4/11/2026,0:00,288.65
4/11/2026,6:00,286.796
4/11/2026,12:00,286.703
4/11/2026,18:00,293.127
4/12/2026,0:00,292.568
4/12/2026,6:00,291.29
4/12/2026,12:00,290.388
4/12/2026,18:00,290.678
4/13/2026,0:00,289.871
4/13/2026,6:00,289.54
4/13/2026,12:00,288.65
4/13/2026,18:00,292.588
4/14/2026,0:00,295.074
4/14/2026,6:00,291.578
4/14/2026,12:00,291.413
4/14/2026,18:00,295.542
4/15/2026,0:00,295.796
4/15/2026,6:00,293.274
4/15/2026,12:00,292.211
4/15/2026,18:00,295.962
4/16/2026,0:00,293.327
4/16/2026,6:00,292.527
4/16/2026,12:00,292.008
4/16/2026,18:00,293.039
4/17/2026,0:00,290.821
4/17/2026,6:00,289.331
4/17/2026,12:00,289.025
4/17/2026,18:00,290.943
4/18/2026,0:00,289.345
4/18/2026,6:00,287.925
4/18/2026,12:00,287.198
4/18/2026,18:00,291.601
4/19/2026,0:00,290.4
4/19/2026,6:00,289.012
4/19/2026,12:00,288.367
4/19/2026,18:00,293.887
4/20/2026,0:00,292.714
4/20/2026,6:00,291.199
4/20/2026,12:00,290.601
4/20/2026,18:00,296.522
4/21/2026,0:00,295.607
4/21/2026,6:00,290.726
4/21/2026,12:00,290.767
4/21/2026,18:00,291.954
4/22/2026,0:00,291.829
4/22/2026,6:00,291.218
4/22/2026,12:00,291.726
4/22/2026,18:00,296.12
4/23/2026,0:00,293.743
4/23/2026,6:00,291.495
4/23/2026,12:00,291.323
4/23/2026,18:00,294.144
4/24/2026,0:00,292.325
4/24/2026,6:00,291.318
4/24/2026,12:00,291.415
4/24/2026,18:00,293.16
4/25/2026,0:00,291.571
4/25/2026,6:00,291.121
4/25/2026,12:00,290.842
4/25/2026,18:00,291.997
4/26/2026,0:00,293.134
4/26/2026,6:00,291.366
4/26/2026,12:00,291.177
4/26/2026,18:00,291.686
4/27/2026,0:00,290.416
4/27/2026,6:00,286.961
4/27/2026,12:00,282.6
4/27/2026,18:00,284.642
4/28/2026,0:00,283.301
4/28/2026,6:00,280.209
4/28/2026,12:00,279.708
4/28/2026,18:00,284.423
4/29/2026,0:00,285.398
4/29/2026,6:00,284.035
4/29/2026,12:00,283.333
4/29/2026,18:00,289.067
4/30/2026,0:00,288.28
4/30/2026,6:00,286.332
4/30/2026,12:00,285.382
4/30/2026,18:00,290.535
5/1/2026,0:00,291.442
5/1/2026,6:00,291.4
5/1/2026,12:00,291.102
5/1/2026,18:00,294.554
5/2/2026,0:00,295.765
5/2/2026,6:00,293.5
5/2/2026,12:00,291.807
5/2/2026,18:00,292.048
5/3/2026,0:00,287.245
5/3/2026,6:00,282.502
5/3/2026,12:00,281.39
5/3/2026,18:00,284.405
5/4/2026,0:00,287.21
5/4/2026,6:00,286.848
5/4/2026,12:00,287.798
5/4/2026,18:00,291.094
5/5/2026,0:00,292.764
5/5/2026,6:00,291.442
5/5/2026,12:00,291.028
5/5/2026,18:00,294.628
5/6/2026,0:00,295.728
5/6/2026,6:00,293.139
5/6/2026,12:00,292.759
5/6/2026,18:00,295.597
5/7/2026,0:00,295.524
5/7/2026,6:00,294.965
5/7/2026,12:00,295.115
5/7/2026,18:00,295.334
5/8/2026,0:00,296.944
5/8/2026,6:00,285.515
5/8/2026,12:00,283.446
5/8/2026,18:00,284.529
5/9/2026,0:00,283.521
5/9/2026,6:00,280.1
5/9/2026,12:00,279.345
5/9/2026,18:00,281.795
5/10/2026,0:00,279.6
5/10/2026,6:00,277.6
5/10/2026,12:00,277.032
5/10/2026,18:00,280.29
5/11/2026,0:00,279.81
5/11/2026,6:00,277.581
5/11/2026,12:00,276.509
5/11/2026,18:00,280.414
5/12/2026,0:00,281.3
5/12/2026,6:00,279.629
5/12/2026,12:00,279.149
5/12/2026,18:00,283.703
5/13/2026,0:00,284.35
5/13/2026,6:00,282.456
5/13/2026,12:00,282.218
5/13/2026,18:00,285.343
5/14/2026,0:00,285.619
5/14/2026,6:00,283.854
5/14/2026,12:00,283.056
5/14/2026,18:00,286.972
5/15/2026,0:00,286.943
5/15/2026,6:00,283.596
5/15/2026,12:00,283.265
5/15/2026,18:00,287.4
5/16/2026,0:00,287.759
5/16/2026,6:00,286.837
5/16/2026,12:00,286.6
5/16/2026,18:00,289.355
5/17/2026,0:00,289.845
5/17/2026,6:00,289.334
5/17/2026,12:00,287.024
5/17/2026,18:00,289.188
5/18/2026,0:00,286.185
5/18/2026,6:00,284.824
5/18/2026,12:00,283.02
5/18/2026,18:00,283.351
5/19/2026,0:00,282.3
5/19/2026,6:00,280.239
5/19/2026,12:00,279.716
5/19/2026,18:00,283.403
5/20/2026,0:00,282.333
5/20/2026,6:00,279.633
5/20/2026,12:00,278.219
5/20/2026,18:00,282.477
5/21/2026,0:00,281.297
5/21/2026,6:00,279.021
5/21/2026,12:00,278.376
5/21/2026,18:00,282.181
5/22/2026,0:00,281.2
5/22/2026,6:00,279.065
5/22/2026,12:00,279.1
5/22/2026,18:00,282.955
5/23/2026,0:00,284.027
5/23/2026,6:00,281.919
5/23/2026,12:00,282.449
5/23/2026,18:00,286.429
5/24/2026,0:00,287.733
5/24/2026,6:00,284.355
5/24/2026,12:00,282.832
5/24/2026,18:00,286.506
5/25/2026,0:00,288.893
5/25/2026,6:00,287.378
5/25/2026,12:00,287.077
5/25/2026,18:00,289.9
5/26/2026,0:00,290.248
5/26/2026,6:00,288.616
5/26/2026,12:00,289
5/26/2026,18:00,289.851
5/27/2026,0:00,289.203
5/27/2026,6:00,286.825
5/27/2026,12:00,284.39
5/27/2026,18:00,287.255
5/28/2026,0:00,286.67
5/28/2026,6:00,284.332
5/28/2026,12:00,284.231
5/28/2026,18:00,287.909
5/29/2026,0:00,289.458
5/29/2026,6:00,287.797
5/29/2026,12:00,287.6
5/29/2026,18:00,290.056
5/30/2026,0:00,288.731
5/30/2026,6:00,287.789
5/30/2026,12:00,286.961
5/30/2026,18:00,289.544
5/31/2026,0:00,290.344
5/31/2026,6:00,289.332
5/31/2026,12:00,288.511
5/31/2026,18:00,289.702
6/1/2026,0:00,287.452
6/1/2026,6:00,284.59
6/1/2026,12:00,283.242
6/1/2026,18:00,286.334
6/2/2026,0:00,286.3
6/2/2026,6:00,283.756
6/2/2026,12:00,283.259
6/2/2026,18:00,286.626
6/3/2026,0:00,287.5
6/3/2026,6:00,286.586
6/3/2026,12:00,285.683
6/3/2026,18:00,288.854
6/4/2026,0:00,289.156
6/4/2026,6:00,286.672
6/4/2026,12:00,285.042
6/4/2026,18:00,288.46
6/5/2026,0:00,288.796
6/5/2026,6:00,286.985
6/5/2026,12:00,285.8
6/5/2026,18:00,289.071
6/6/2026,0:00,289.022
6/6/2026,12:00,286.056
6/6/2026,18:00,289.339
6/7/2026,0:00,289.954
6/7/2026,6:00,288.128
6/7/2026,12:00,287.076
6/7/2026,18:00,289.988
6/8/2026,0:00,289.6
6/8/2026,6:00,287.801
6/8/2026,12:00,286.7
6/8/2026,18:00,288.605
6/9/2026,0:00,287.566
6/9/2026,6:00,286.431
6/9/2026,12:00,284.433
6/9/2026,18:00,286.325
6/10/2026,0:00,284.907
6/10/2026,6:00,283.922
6/10/2026,12:00,283.824
6/10/2026,18:00,286.58
6/11/2026,0:00,287.6
6/11/2026,6:00,287.615
6/11/2026,12:00,288.006
6/11/2026,18:00,288.481
6/12/2026,0:00,288.639
6/12/2026,6:00,285.319
6/12/2026,12:00,284.117
6/12/2026,18:00,283.857
6/13/2026,0:00,285.075
6/13/2026,6:00,284.427
6/13/2026,12:00,283.169
6/13/2026,18:00,284.672
6/14/2026,0:00,285.201
6/14/2026,6:00,283.704
6/14/2026,12:00,281.906
6/14/2026,18:00,283.754
6/15/2026,0:00,283.827
6/15/2026,6:00,280.367
6/15/2026,12:00,278.895
6/15/2026,18:00,281.627
6/16/2026,0:00,281.402
6/16/2026,6:00,279.149
6/16/2026,12:00,278.56
6/16/2026,18:00,282.089
6/17/2026,0:00,283.2
6/17/2026,6:00,282.008
6/17/2026,12:00,280.929
6/17/2026,18:00,284.167
6/18/2026,0:00,283.825
6/18/2026,6:00,283.139
6/18/2026,12:00,282.818
6/18/2026,18:00,285.2
6/19/2026,0:00,288.249
6/19/2026,6:00,287.052
6/19/2026,12:00,284.118
6/19/2026,18:00,284.507
6/20/2026,0:00,284.909
6/20/2026,6:00,283.109
6/20/2026,12:00,282.33
6/20/2026,18:00,283.481
6/21/2026,0:00,284.107
6/21/2026,6:00,280.656
6/21/2026,12:00,280.385
6/21/2026,18:00,283.121
6/22/2026,0:00,284.521
6/22/2026,6:00,284.714
6/22/2026,12:00,284.486
6/22/2026,18:00,282.965
6/23/2026,0:00,279.746
6/23/2026,6:00,276.9
6/23/2026,12:00,276.565
6/23/2026,18:00,278.757
6/24/2026,0:00,277.901
6/24/2026,6:00,276.21
6/24/2026,12:00,275.227
6/24/2026,18:00,278.1
6/25/2026,0:00,279.05
6/25/2026,6:00,277.441
6/25/2026,12:00,277.241
6/25/2026,18:00,280.561
6/26/2026,0:00,280.126
6/26/2026,6:00,278.445
6/26/2026,12:00,277.442
6/26/2026,18:00,280.937
6/27/2026,0:00,283.235
6/27/2026,6:00,283.358
6/27/2026,12:00,284.095
6/27/2026,18:00,286.378
6/28/2026,0:00,289.343
6/28/2026,6:00,288.505
6/28/2026,12:00,288.281
6/28/2026,18:00,289.461
6/29/2026,0:00,287.819
6/29/2026,6:00,284.6
6/29/2026,12:00,281.467
6/29/2026,18:00,283.423
6/30/2026,0:00,286.088
6/30/2026,6:00,283.4
6/30/2026,12:00,283.388
6/30/2026,18:00,285.848
7/1/2026,0:00,287.137
7/1/2026,6:00,287.171
7/1/2026,12:00,287.79
7/1/2026,18:00,289.879
7/2/2026,0:00,290.001
7/2/2026,6:00,289.862
7/2/2026,12:00,286.84
7/2/2026,18:00,284.921
7/3/2026,0:00,282.256
7/3/2026,6:00,280.441
7/3/2026,12:00,276.858
7/3/2026,18:00,277.01
7/4/2026,0:00,276.953
7/4/2026,6:00,275.411
7/4/2026,12:00,275.131
7/4/2026,18:00,278.649
7/5/2026,0:00,282.517
7/5/2026,6:00,281.512
7/5/2026,12:00,281.673
7/5/2026,18:00,285.3
7/6/2026,0:00,285.597
7/6/2026,6:00,284.998
7/6/2026,12:00,281.872
7/6/2026,18:00,281.632
7/7/2026,0:00,279.544
7/7/2026,6:00,277.063
7/7/2026,12:00,276.012
7/7/2026,18:00,279.1
7/8/2026,0:00,279.484
7/8/2026,6:00,278.098
7/8/2026,12:00,278.019
7/8/2026,18:00,281.247
7/9/2026,0:00,283.2
7/9/2026,6:00,281.869
7/9/2026,12:00,281.6
7/9/2026,18:00,284.851
7/10/2026,0:00,287.022
7/10/2026,6:00,286.721
7/10/2026,12:00,286.87
7/10/2026,18:00,288.858
7/11/2026,0:00,289.512
7/11/2026,6:00,288.73
7/11/2026,12:00,288.306
7/11/2026,18:00,289.818
7/12/2026,0:00,287.8
7/12/2026,6:00,286.651
7/12/2026,12:00,283.302
7/12/2026,18:00,284.381
7/13/2026,0:00,280.637
7/13/2026,6:00,278.122
7/13/2026,12:00,278.133
7/13/2026,18:00,281.065
7/14/2026,0:00,281.1
7/14/2026,6:00,280.081
7/14/2026,12:00,279.541
7/14/2026,18:00,282.461
7/15/2026,0:00,283.319
7/15/2026,6:00,282.919
7/15/2026,12:00,282.421
7/15/2026,18:00,284.804
7/16/2026,0:00,287.4
7/16/2026,6:00,286.443
7/16/2026,12:00,285.842
7/16/2026,18:00,287.957
7/17/2026,0:00,292.081
7/17/2026,6:00,291.2
7/17/2026,12:00,291.167
7/17/2026,18:00,292.3
7/18/2026,0:00,293.948
7/18/2026,6:00,293.465
7/18/2026,12:00,292.769
7/18/2026,18:00,292.96
7/19/2026,0:00,293.754
7/19/2026,6:00,292.767
7/19/2026,12:00,292.139
7/19/2026,18:00,292.432
7/20/2026,0:00,293.831
7/20/2026,6:00,290.511
7/20/2026,12:00,290.046
7/20/2026,18:00,292.041
7/21/2026,0:00,293
7/21/2026,6:00,290.702
7/21/2026,12:00,290.163
7/21/2026,18:00,291.068
7/22/2026,0:00,291.651
7/22/2026,6:00,290.583
7/22/2026,12:00,290.051
7/22/2026,18:00,287.849
7/23/2026,0:00,286.515
7/23/2026,6:00,284.902
7/23/2026,12:00,285.431
7/23/2026,18:00,286.832
7/24/2026,0:00,286.463
7/24/2026,6:00,283.99
7/24/2026,12:00,283.153
7/24/2026,18:00,286.963
7/25/2026,0:00,288.2
7/25/2026,6:00,287.545
7/25/2026,12:00,286.8
7/25/2026,18:00,289.822
7/26/2026,0:00,289.858
7/26/2026,6:00,288.918
7/26/2026,12:00,290.13
7/26/2026,18:00,290.801
7/27/2026,0:00,290.699
7/27/2026,6:00,289.704
7/27/2026,12:00,289.594
7/27/2026,18:00,291.9
7/28/2026,0:00,293
7/28/2026,6:00,292.2
7/28/2026,12:00,292.5
7/28/2026,18:00,293.127
7/29/2026,0:00,293.824
7/29/2026,6:00,291.036
7/29/2026,12:00,288.724
7/29/2026,18:00,290.983
7/30/2026,0:00,291.195
7/30/2026,6:00,289.601
7/30/2026,12:00,288.31
7/30/2026,18:00,291.356
7/31/2026,0:00,292.144
7/31/2026,6:00,291.515
7/31/2026,12:00,291.015
7/31/2026,18:00,292.515
8/1/2026,0:00,294.303
8/1/2026,6:00,291.402
8/1/2026,12:00,290.329
8/1/2026,18:00,291.178
8/2/2026,0:00,289.035
8/2/2026,6:00,286.938
8/2/2026,12:00,286.77
