"Date","Time","Minimum temperature@Specified height above ground: 2 m"
6/14/2019,0:00,294.106
6/14/2019,6:00,292.922
6/14/2019,12:00,292.9
6/14/2019,18:00,295.179
6/15/2019,0:00,295.269
6/15/2019,6:00,293.4
6/15/2019,12:00,292.848
6/15/2019,18:00,294.1
6/16/2019,0:00,294.8
6/16/2019,6:00,292.781
6/16/2019,12:00,291.406
6/16/2019,18:00,293.481
6/17/2019,0:00,293.6
6/17/2019,6:00,292.6
6/17/2019,12:00,291.817
6/17/2019,18:00,293.746
6/18/2019,0:00,294.248
6/18/2019,6:00,292.861
6/18/2019,12:00,291
6/18/2019,18:00,289.539
6/19/2019,0:00,286.033
6/19/2019,6:00,283.8
6/19/2019,12:00,281.267
6/19/2019,18:00,283.381
6/20/2019,0:00,283.5
6/20/2019,6:00,281.6
6/20/2019,12:00,280
6/20/2019,18:00,282.74
6/21/2019,0:00,284.1
6/21/2019,6:00,282.62
6/21/2019,12:00,282
6/21/2019,18:00,284.3
6/22/2019,0:00,290.54
6/22/2019,6:00,290.082
6/22/2019,12:00,289.901
6/22/2019,18:00,291.639
6/23/2019,0:00,292.723
6/23/2019,6:00,290.619
6/23/2019,12:00,289.706
6/23/2019,18:00,291.4
6/24/2019,0:00,292.131
6/24/2019,6:00,290.28
6/24/2019,12:00,288.793
6/24/2019,18:00,290.4
6/25/2019,0:00,292.418
6/25/2019,6:00,290.819
6/25/2019,12:00,290.9
6/25/2019,18:00,285.1
6/26/2019,0:00,282.412
6/26/2019,6:00,279.112
6/26/2019,12:00,277
6/26/2019,18:00,279.335
6/27/2019,0:00,279.1
6/27/2019,6:00,276.996
6/27/2019,12:00,276.512
6/27/2019,18:00,279.383
6/28/2019,0:00,286.541
6/28/2019,6:00,286.196
6/28/2019,12:00,289
6/28/2019,18:00,290.756
6/29/2019,0:00,293.1
6/29/2019,6:00,293.016
6/29/2019,12:00,291.706
6/29/2019,18:00,293.378
6/30/2019,0:00,294.087
6/30/2019,6:00,290.769
6/30/2019,12:00,287.5
6/30/2019,18:00,287.7
7/1/2019,0:00,286.48
7/1/2019,6:00,283.73
7/1/2019,12:00,282.1
7/1/2019,18:00,282.2
7/2/2019,0:00,281.6
7/2/2019,6:00,279.767
7/2/2019,12:00,279.213
7/2/2019,18:00,281.8
7/3/2019,0:00,284.9
7/3/2019,6:00,281.4
7/3/2019,12:00,278.9
7/3/2019,18:00,280.643
7/4/2019,0:00,279.019
7/4/2019,6:00,276.419
7/4/2019,12:00,275.6
7/4/2019,18:00,278.266
7/5/2019,0:00,279.742
7/5/2019,6:00,276.071
7/5/2019,12:00,273.951
7/5/2019,18:00,276.403
7/6/2019,0:00,276.005
7/6/2019,6:00,274.294
7/6/2019,12:00,273.151
7/6/2019,18:00,276.1
7/7/2019,0:00,276.727
7/7/2019,6:00,274.993
7/7/2019,12:00,274.3
7/7/2019,18:00,277.1
7/8/2019,0:00,278.482
7/8/2019,6:00,277.334
7/8/2019,12:00,276.5
7/8/2019,18:00,279.151
7/9/2019,0:00,281.987
7/9/2019,6:00,280.537
7/9/2019,12:00,280.032
7/9/2019,18:00,282.395
7/10/2019,0:00,284.594
7/10/2019,6:00,283.825
7/10/2019,12:00,284.5
7/10/2019,18:00,286.815
7/11/2019,0:00,287.948
7/11/2019,6:00,287.771
7/11/2019,12:00,288.5
7/11/2019,18:00,290.1
7/12/2019,0:00,290.676
7/12/2019,6:00,288.883
7/12/2019,12:00,289.5
7/12/2019,18:00,290.142
7/13/2019,0:00,289.445
7/13/2019,6:00,288.457
7/13/2019,12:00,288.4
7/13/2019,18:00,290.009
7/14/2019,0:00,288.028
7/14/2019,6:00,287.055
7/14/2019,12:00,285.7
7/14/2019,18:00,285.1
7/15/2019,0:00,284.1
7/15/2019,6:00,281.095
7/15/2019,12:00,279.7
7/15/2019,18:00,282.2
7/16/2019,0:00,283.239
7/16/2019,6:00,280.8
7/16/2019,12:00,279.273
7/16/2019,18:00,281.728
7/17/2019,0:00,281.549
7/17/2019,6:00,279.61
7/17/2019,12:00,278.461
7/17/2019,18:00,281.2
7/18/2019,0:00,283.388
7/18/2019,6:00,281.403
7/18/2019,12:00,281.073
7/18/2019,18:00,283.896
7/19/2019,0:00,287.721
7/19/2019,6:00,286.3
7/19/2019,12:00,285.701
7/19/2019,18:00,287.729
7/20/2019,0:00,289.721
7/20/2019,6:00,288.958
7/20/2019,12:00,286.5
7/20/2019,18:00,288.803
7/21/2019,0:00,292.243
7/21/2019,6:00,292.029
7/21/2019,12:00,290.858
7/21/2019,18:00,292.602
7/22/2019,0:00,293.246
7/22/2019,6:00,292.095
7/22/2019,12:00,290.6
7/22/2019,18:00,292.7
7/23/2019,0:00,293.279
7/23/2019,6:00,291.572
7/23/2019,12:00,290.821
7/23/2019,18:00,291.122
7/24/2019,0:00,288.961
7/24/2019,6:00,287.037
7/24/2019,12:00,284.029
7/24/2019,18:00,285.259
7/25/2019,0:00,285.845
7/25/2019,6:00,286.076
7/25/2019,12:00,286.398
7/25/2019,18:00,286.628
7/26/2019,0:00,285.264
7/26/2019,6:00,284.23
7/26/2019,12:00,282.301
7/26/2019,18:00,282.8
7/27/2019,0:00,281.675
7/27/2019,6:00,282.058
7/27/2019,12:00,282.107
7/27/2019,18:00,283.7
7/28/2019,0:00,284.018
7/28/2019,6:00,282.453
7/28/2019,12:00,281.696
7/28/2019,18:00,284.21
7/29/2019,0:00,284.4
7/29/2019,6:00,282.814
7/29/2019,12:00,283.4
7/29/2019,18:00,285
7/30/2019,0:00,285.6
7/30/2019,6:00,283.9
7/30/2019,12:00,283.256
7/30/2019,18:00,285.8
7/31/2019,0:00,286.055
7/31/2019,6:00,284.033
7/31/2019,12:00,283.5
7/31/2019,18:00,286.2
8/1/2019,0:00,290.7
8/1/2019,6:00,289.298
8/1/2019,12:00,289.018
8/1/2019,18:00,290.073
8/2/2019,0:00,283.779
8/2/2019,6:00,282.7
8/2/2019,12:00,280.715
8/2/2019,18:00,281.613
8/3/2019,0:00,280.3
8/3/2019,6:00,278.22
8/3/2019,12:00,277.5
8/3/2019,18:00,280.507
8/4/2019,0:00,280.3
8/4/2019,6:00,278.3
8/4/2019,12:00,277.5
8/4/2019,18:00,280.34
8/5/2019,0:00,281.1
8/5/2019,6:00,278.8
8/5/2019,12:00,277.7
8/5/2019,18:00,280.7
8/6/2019,0:00,284.847
8/6/2019,6:00,283.021
8/6/2019,12:00,283.083
8/6/2019,18:00,287.09
8/7/2019,0:00,289.824
8/7/2019,6:00,288.166
8/7/2019,12:00,287.583
8/7/2019,18:00,290.565
8/8/2019,0:00,292.238
8/8/2019,6:00,290.839
8/8/2019,12:00,290.684
8/8/2019,18:00,293.392
8/9/2019,0:00,291.501
8/9/2019,6:00,290.311
8/9/2019,12:00,290.1
8/9/2019,18:00,290
8/10/2019,0:00,286.456
8/10/2019,6:00,284.301
8/10/2019,12:00,282.845
8/10/2019,18:00,283.4
8/11/2019,0:00,282.398
8/11/2019,6:00,280.986
8/11/2019,12:00,280.675
8/11/2019,18:00,283.9
8/12/2019,0:00,288.683
8/12/2019,6:00,286.928
8/12/2019,12:00,286.2
8/12/2019,18:00,287.045
8/13/2019,0:00,284.8
8/13/2019,6:00,280.1
8/13/2019,12:00,278.1
8/13/2019,18:00,280.4
8/14/2019,0:00,278.3
8/14/2019,6:00,275.247
8/14/2019,12:00,274.1
8/14/2019,18:00,277.707
8/15/2019,0:00,280
8/15/2019,6:00,279.205
8/15/2019,12:00,277.9
8/15/2019,18:00,281.6
8/16/2019,0:00,286
8/16/2019,6:00,285.229
8/16/2019,12:00,285.104
8/16/2019,18:00,287.912
8/17/2019,0:00,292.306
8/17/2019,6:00,290.956
8/17/2019,12:00,290.1
8/17/2019,18:00,291.879
8/18/2019,0:00,293.176
8/18/2019,6:00,286.817
8/18/2019,12:00,283.2
8/18/2019,18:00,284.569
8/19/2019,0:00,283.6
8/19/2019,6:00,279.599
8/19/2019,12:00,276.958
8/19/2019,18:00,279.1
8/20/2019,0:00,280.307
8/20/2019,6:00,278.6
8/20/2019,12:00,277.927
8/20/2019,18:00,280.533
8/21/2019,0:00,281.2
8/21/2019,6:00,278.864
8/21/2019,12:00,277.7
8/21/2019,18:00,280.548
8/22/2019,0:00,282.9
8/22/2019,6:00,280.282
8/22/2019,12:00,279.666
8/22/2019,18:00,282.614
8/23/2019,0:00,283.739
8/23/2019,6:00,281.142
8/23/2019,12:00,280.081
8/23/2019,18:00,283.9
8/24/2019,0:00,284.244
8/24/2019,6:00,281.482
8/24/2019,12:00,280.7
8/24/2019,18:00,283.673
8/25/2019,0:00,286.014
8/25/2019,6:00,283.753
8/25/2019,12:00,282.791
8/25/2019,18:00,286.802
8/26/2019,0:00,290.502
8/26/2019,6:00,287.943
8/26/2019,12:00,286.9
8/26/2019,18:00,288.405
8/27/2019,0:00,289
8/27/2019,6:00,287
8/27/2019,12:00,285.906
8/27/2019,18:00,289.919
8/28/2019,0:00,290.507
8/28/2019,6:00,288.4
8/28/2019,12:00,287.2
8/28/2019,18:00,291.2
8/29/2019,0:00,292.624
8/29/2019,6:00,290.505
8/29/2019,12:00,290
8/29/2019,18:00,293.405
8/30/2019,0:00,294.272
8/30/2019,6:00,292.083
8/30/2019,12:00,290.739
8/30/2019,18:00,294.248
8/31/2019,0:00,290.052
8/31/2019,6:00,288.6
8/31/2019,12:00,286.7
8/31/2019,18:00,286.963
9/1/2019,0:00,285.317
9/1/2019,6:00,281.8
9/1/2019,12:00,280.217
9/1/2019,18:00,284.8
9/2/2019,0:00,283.4
9/2/2019,6:00,280.8
9/2/2019,12:00,279.357
9/2/2019,18:00,284
9/3/2019,0:00,284.258
9/3/2019,6:00,281.012
9/3/2019,12:00,281.1
9/3/2019,18:00,282.952
9/4/2019,0:00,280.63
9/4/2019,6:00,277.691
9/4/2019,12:00,276.5
9/4/2019,18:00,280.882
9/5/2019,0:00,280.717
9/5/2019,6:00,277.577
9/5/2019,12:00,277.06
9/5/2019,18:00,280.837
9/6/2019,0:00,282.487
9/6/2019,6:00,281.053
9/6/2019,12:00,280.862
9/6/2019,18:00,283.5
9/7/2019,0:00,287.4
9/7/2019,6:00,286.826
9/7/2019,12:00,288.7
9/7/2019,18:00,292.758
9/8/2019,0:00,293.1
9/8/2019,6:00,291.799
9/8/2019,12:00,292.2
9/8/2019,18:00,292.558
9/9/2019,0:00,293.598
9/9/2019,6:00,292.319
9/9/2019,12:00,292.092
9/9/2019,18:00,293.7
9/10/2019,0:00,289.913
9/10/2019,6:00,287.1
9/10/2019,12:00,285.9
9/10/2019,18:00,287.7
9/11/2019,0:00,288.021
9/11/2019,6:00,287.027
9/11/2019,12:00,286.1
9/11/2019,18:00,286.948
9/12/2019,0:00,287.315
9/12/2019,6:00,286.336
9/12/2019,12:00,286.2
9/12/2019,18:00,288.205
9/13/2019,0:00,285.8
9/13/2019,6:00,282.339
9/13/2019,12:00,281.634
9/13/2019,18:00,286.261
9/14/2019,0:00,286.948
9/14/2019,6:00,283.984
9/14/2019,12:00,283.066
9/14/2019,18:00,287.525
9/15/2019,0:00,290.2
9/15/2019,6:00,289.681
9/15/2019,12:00,289.813
9/15/2019,18:00,294.382
9/16/2019,0:00,297.129
9/16/2019,6:00,295.506
9/16/2019,12:00,293.783
9/16/2019,18:00,294.792
9/17/2019,0:00,286.3
9/17/2019,6:00,286.594
9/17/2019,12:00,285.402
9/17/2019,18:00,286.853
9/18/2019,0:00,285.844
9/18/2019,6:00,282.6
9/18/2019,12:00,281.8
9/18/2019,18:00,287.388
9/19/2019,0:00,287.488
9/19/2019,6:00,284.1
9/19/2019,12:00,283.02
9/19/2019,18:00,288.8
9/20/2019,0:00,288.621
9/20/2019,6:00,284.534
9/20/2019,12:00,282.2
9/20/2019,18:00,285.016
9/21/2019,0:00,283.215
9/21/2019,6:00,280.479
9/21/2019,12:00,278.862
9/21/2019,18:00,284.681
9/22/2019,0:00,284.533
9/22/2019,6:00,281.667
9/22/2019,12:00,280.8
9/22/2019,18:00,287.3
9/23/2019,0:00,285.3
9/23/2019,6:00,282.557
9/23/2019,12:00,279.4
9/23/2019,18:00,283.8
9/24/2019,0:00,285.759
9/24/2019,6:00,282.18
9/24/2019,12:00,281
9/24/2019,18:00,286.91
9/25/2019,0:00,287.615
9/25/2019,6:00,284.783
9/25/2019,12:00,283.7
9/25/2019,18:00,289.583
9/26/2019,0:00,288.869
9/26/2019,6:00,285.197
9/26/2019,12:00,284.092
9/26/2019,18:00,290.492
9/27/2019,0:00,290.196
9/27/2019,6:00,287.156
9/27/2019,12:00,285.69
9/27/2019,18:00,289.2
9/28/2019,0:00,288.05
9/28/2019,6:00,284.819
9/28/2019,12:00,283.44
9/28/2019,18:00,288
9/29/2019,0:00,289.838
9/29/2019,6:00,286.436
9/29/2019,12:00,284.9
9/29/2019,18:00,291.044
9/30/2019,0:00,291.214
9/30/2019,6:00,288.924
9/30/2019,12:00,288.151
9/30/2019,18:00,295.703
10/1/2019,0:00,296.473
10/1/2019,6:00,296.165
10/1/2019,12:00,295.69
10/1/2019,18:00,298.357
10/2/2019,0:00,297.7
10/2/2019,6:00,294.688
10/2/2019,12:00,292.943
10/2/2019,18:00,290.525
10/3/2019,0:00,291.202
10/3/2019,6:00,288.773
10/3/2019,12:00,289.185
10/3/2019,18:00,289.572
10/4/2019,0:00,288.844
10/4/2019,6:00,288.252
10/4/2019,12:00,289.172
10/4/2019,18:00,291.101
10/5/2019,0:00,291.328
10/5/2019,6:00,289.424
10/5/2019,12:00,289.238
10/5/2019,18:00,289.707
10/6/2019,0:00,288.19
10/6/2019,6:00,286.664
10/6/2019,12:00,284.596
10/6/2019,18:00,287.937
10/7/2019,0:00,286.628
10/7/2019,6:00,284.231
10/7/2019,12:00,283.84
10/7/2019,18:00,289.9
10/8/2019,0:00,289.901
10/8/2019,6:00,286.728
10/8/2019,12:00,286.05
10/8/2019,18:00,292.071
10/9/2019,0:00,291.279
10/9/2019,6:00,288.174
10/9/2019,12:00,287.673
10/9/2019,18:00,293.722
10/10/2019,0:00,292.182
10/10/2019,6:00,289.39
10/10/2019,12:00,288.385
10/10/2019,18:00,294.956
10/11/2019,0:00,295.871
10/11/2019,6:00,293.069
10/11/2019,12:00,292.188
10/11/2019,18:00,297.646
10/12/2019,0:00,298.126
10/12/2019,6:00,296.69
10/12/2019,12:00,296.091
10/12/2019,18:00,299.893
10/13/2019,0:00,300.396
10/13/2019,6:00,297.433
10/13/2019,12:00,296.403
10/13/2019,18:00,297.618
10/14/2019,0:00,293.563
10/14/2019,6:00,288.32
10/14/2019,12:00,285.887
10/14/2019,18:00,284.296
10/15/2019,0:00,284.26
10/15/2019,6:00,284.475
10/15/2019,12:00,285.471
10/15/2019,18:00,286.493
10/16/2019,0:00,288.196
10/16/2019,6:00,287.96
10/16/2019,12:00,287.898
10/16/2019,18:00,288.752
10/17/2019,0:00,290.311
10/17/2019,6:00,289.856
10/17/2019,12:00,290.168
10/17/2019,18:00,292.449
10/18/2019,0:00,290.893
10/18/2019,6:00,288.735
10/18/2019,12:00,289.748
10/18/2019,18:00,292.925
10/19/2019,0:00,289.701
10/19/2019,6:00,286.228
10/19/2019,12:00,284.421
10/19/2019,18:00,289.85
10/20/2019,0:00,289.33
10/20/2019,6:00,286.099
10/20/2019,12:00,284.73
10/20/2019,18:00,287.617
10/21/2019,0:00,288.751
10/21/2019,6:00,286.184
10/21/2019,12:00,285.972
10/21/2019,18:00,288.928
10/22/2019,0:00,287.048
10/22/2019,6:00,283.621
10/22/2019,12:00,282.72
10/22/2019,18:00,288.931
10/23/2019,0:00,287.842
10/23/2019,6:00,285.213
10/23/2019,12:00,284.707
10/23/2019,18:00,291.56
10/24/2019,0:00,290.032
10/24/2019,6:00,286.435
10/24/2019,12:00,285.62
10/24/2019,18:00,293
10/25/2019,0:00,290.8
10/25/2019,6:00,285.544
10/25/2019,12:00,284.738
10/25/2019,18:00,291.227
10/26/2019,0:00,289.651
10/26/2019,6:00,286.043
10/26/2019,12:00,284.921
10/26/2019,18:00,292.595
10/27/2019,0:00,294.245
10/27/2019,6:00,292.61
10/27/2019,12:00,291.885
10/27/2019,18:00,294.142
10/28/2019,0:00,293.607
10/28/2019,6:00,292.104
10/28/2019,12:00,292.201
10/28/2019,18:00,297.452
10/29/2019,0:00,299.799
10/29/2019,6:00,296.969
10/29/2019,12:00,295.76
10/29/2019,18:00,300.18
10/30/2019,0:00,296.28
10/30/2019,6:00,295.109
10/30/2019,12:00,293.97
10/30/2019,18:00,298.77
10/31/2019,0:00,297.978
10/31/2019,6:00,293.29
10/31/2019,12:00,290.836
10/31/2019,18:00,292.45
11/1/2019,0:00,293.59
11/1/2019,6:00,290.621
11/1/2019,12:00,290.461
11/1/2019,18:00,294.6
11/2/2019,0:00,297.504
11/2/2019,6:00,294.256
11/2/2019,12:00,293.234
11/2/2019,18:00,299.774
11/3/2019,0:00,293.076
11/3/2019,6:00,292.225
11/3/2019,12:00,292.299
11/3/2019,18:00,292.666
11/4/2019,0:00,293.534
11/4/2019,6:00,291.442
11/4/2019,12:00,290.922
11/4/2019,18:00,293.847
11/5/2019,0:00,293.885
11/5/2019,6:00,291.182
11/5/2019,12:00,291.089
11/5/2019,18:00,292.365
11/6/2019,0:00,291.637
11/6/2019,6:00,289.851
11/6/2019,12:00,288.216
11/6/2019,18:00,292.442
11/7/2019,0:00,290.683
11/7/2019,6:00,287.994
11/7/2019,12:00,287.048
11/7/2019,18:00,292.691
11/8/2019,0:00,291.606
11/8/2019,6:00,289.07
11/8/2019,12:00,289.247
11/8/2019,18:00,296.412
11/9/2019,0:00,293.8
11/9/2019,6:00,291.049
11/9/2019,12:00,290.401
11/9/2019,18:00,295.712
11/10/2019,0:00,294.811
11/10/2019,6:00,292.255
11/10/2019,12:00,291.979
11/10/2019,18:00,295.35
11/11/2019,0:00,294.489
11/11/2019,6:00,290.331
11/11/2019,12:00,289.473
11/11/2019,18:00,292.71
11/12/2019,0:00,293.95
11/12/2019,6:00,290.329
11/12/2019,12:00,289.618
11/12/2019,18:00,294.68
11/13/2019,0:00,297.332
11/13/2019,6:00,294.348
11/13/2019,12:00,293.811
11/13/2019,18:00,294.553
11/14/2019,0:00,293.42
11/14/2019,6:00,291.472
11/14/2019,12:00,290.138
11/14/2019,18:00,297.03
11/15/2019,0:00,293.806
11/15/2019,6:00,287.762
11/15/2019,12:00,286.936
11/15/2019,18:00,292.163
11/16/2019,0:00,289.81
11/16/2019,6:00,286.76
11/16/2019,12:00,286.423
11/16/2019,18:00,293.395
11/17/2019,0:00,291.708
11/17/2019,6:00,288.534
11/17/2019,12:00,287.831
11/17/2019,18:00,295.347
11/18/2019,0:00,292.311
11/18/2019,6:00,289.104
11/18/2019,12:00,288.376
11/18/2019,18:00,295.754
11/19/2019,0:00,294.645
11/19/2019,6:00,291.027
11/19/2019,12:00,290.635
11/19/2019,18:00,297.881
11/20/2019,0:00,297.227
11/20/2019,6:00,292.942
11/20/2019,12:00,291.572
11/20/2019,18:00,299.981
11/21/2019,0:00,299.415
11/21/2019,6:00,295.371
11/21/2019,12:00,294.113
11/21/2019,18:00,301.28
11/22/2019,0:00,300.565
11/22/2019,6:00,296.63
11/22/2019,12:00,294.403
11/22/2019,18:00,294.69
11/23/2019,0:00,294.31
11/23/2019,6:00,291.432
11/23/2019,12:00,290.934
11/23/2019,18:00,294.214
11/24/2019,0:00,291.749
11/24/2019,6:00,286.354
11/24/2019,12:00,285.664
11/24/2019,18:00,291.141
11/25/2019,0:00,292.28
11/25/2019,6:00,287.752
11/25/2019,12:00,287.377
11/25/2019,18:00,294.377
11/26/2019,0:00,297.363
11/26/2019,6:00,294.33
11/26/2019,12:00,290.478
11/26/2019,18:00,292.225
11/27/2019,0:00,293.576
11/27/2019,6:00,291.845
11/27/2019,12:00,291.592
11/27/2019,18:00,295.032
11/28/2019,0:00,290.653
11/28/2019,6:00,286.787
11/28/2019,12:00,286.684
11/28/2019,18:00,294.307
11/29/2019,0:00,290.948
11/29/2019,6:00,286.784
11/29/2019,12:00,285.746
11/29/2019,18:00,294.565
11/30/2019,0:00,297.282
11/30/2019,6:00,294.469
11/30/2019,12:00,294.281
11/30/2019,18:00,299.573
12/1/2019,0:00,298.284
12/1/2019,6:00,294.452
12/1/2019,12:00,291.406
12/1/2019,18:00,294.892
12/2/2019,0:00,291.398
12/2/2019,6:00,286.778
12/2/2019,12:00,284.469
12/2/2019,18:00,291.504
12/3/2019,0:00,290.531
12/3/2019,6:00,286.344
12/3/2019,12:00,285.115
12/3/2019,18:00,293.09
12/4/2019,0:00,293.478
12/4/2019,6:00,290.382
12/4/2019,12:00,287.983
12/4/2019,18:00,295.31
12/5/2019,0:00,294.435
12/5/2019,6:00,291.268
12/5/2019,12:00,289.26
12/5/2019,18:00,294.717
12/6/2019,0:00,290.132
12/6/2019,6:00,286.566
12/6/2019,12:00,285.515
12/6/2019,18:00,293.765
12/7/2019,0:00,292.729
12/7/2019,6:00,289.909
12/7/2019,12:00,289.188
12/7/2019,18:00,296.407
12/8/2019,0:00,294.538
12/8/2019,6:00,289.977
12/8/2019,12:00,288.619
12/8/2019,18:00,296.114
12/9/2019,0:00,295.678
12/9/2019,6:00,292.877
12/9/2019,12:00,291.317
12/9/2019,18:00,299.142
12/10/2019,0:00,297.001
12/10/2019,6:00,293.13
12/10/2019,12:00,292.43
12/10/2019,18:00,299.525
12/11/2019,0:00,299.742
12/11/2019,6:00,294.643
12/11/2019,12:00,293.054
12/11/2019,18:00,300.61
12/12/2019,0:00,297.985
12/12/2019,6:00,295.893
12/12/2019,12:00,294.612
12/12/2019,18:00,300.615
12/13/2019,0:00,296.619
12/13/2019,6:00,292.7
12/13/2019,12:00,288.423
12/13/2019,18:00,294.424
12/14/2019,0:00,293.511
12/14/2019,6:00,290.786
12/14/2019,12:00,288.278
12/14/2019,18:00,289.893
12/15/2019,0:00,296.896
12/15/2019,6:00,293.003
12/15/2019,12:00,296.24
12/15/2019,18:00,291.267
12/16/2019,0:00,292.207
12/16/2019,6:00,290.103
12/16/2019,12:00,289.385
12/16/2019,18:00,294.778
12/17/2019,0:00,293.996
12/17/2019,6:00,289.956
12/17/2019,12:00,288.904
12/17/2019,18:00,296.471
12/18/2019,0:00,294.59
12/18/2019,6:00,290.509
12/18/2019,12:00,288.572
12/18/2019,18:00,295.874
12/19/2019,0:00,295.935
12/19/2019,6:00,292.955
12/19/2019,12:00,291.373
12/19/2019,18:00,299.614
12/20/2019,0:00,299.637
12/20/2019,6:00,295.866
12/20/2019,12:00,295.021
12/20/2019,18:00,301.721
12/21/2019,0:00,300.924
12/21/2019,6:00,292.957
12/21/2019,12:00,292.375
12/21/2019,18:00,295.864
12/22/2019,0:00,293.815
12/22/2019,6:00,287.284
12/22/2019,12:00,286.145
12/22/2019,18:00,293.535
12/23/2019,0:00,291.372
12/23/2019,6:00,287.375
12/23/2019,12:00,285.955
12/23/2019,18:00,294.882
12/24/2019,0:00,292.923
12/24/2019,6:00,288.516
12/24/2019,12:00,288.21
12/24/2019,18:00,297.21
12/25/2019,0:00,296.775
12/25/2019,6:00,291.736
12/25/2019,12:00,290.792
12/25/2019,18:00,300.46
12/26/2019,0:00,300.111
12/26/2019,6:00,295.577
12/26/2019,12:00,295.658
12/26/2019,18:00,303.621
12/27/2019,0:00,299.875
12/27/2019,6:00,297.507
12/27/2019,12:00,294.967
12/27/2019,18:00,303.476
12/28/2019,0:00,301.837
12/28/2019,6:00,298.644
12/28/2019,12:00,297.339
12/28/2019,18:00,305.119
12/29/2019,0:00,297.997
12/29/2019,6:00,297.225
12/29/2019,12:00,297.547
12/29/2019,18:00,304.803
12/30/2019,0:00,303.479
12/30/2019,6:00,297.609
12/30/2019,12:00,297.381
12/30/2019,18:00,304.693
12/31/2019,0:00,303.692
12/31/2019,6:00,299.471
12/31/2019,12:00,298.812
12/31/2019,18:00,305.41
1/1/2020,0:00,302.806
1/1/2020,6:00,296.616
1/1/2020,12:00,294.343
1/1/2020,18:00,299.533
1/2/2020,0:00,296.743
1/2/2020,6:00,292.378
1/2/2020,12:00,291.129
1/2/2020,18:00,297.627
1/3/2020,0:00,297.495
1/3/2020,6:00,290.722
1/3/2020,12:00,289.398
1/3/2020,18:00,296.786
1/4/2020,0:00,296.609
1/4/2020,6:00,290.958
1/4/2020,12:00,289.834
1/4/2020,18:00,297.113
1/5/2020,0:00,298.349
1/5/2020,6:00,294.007
1/5/2020,12:00,291.644
1/5/2020,18:00,299.829
1/6/2020,0:00,300.082
1/6/2020,6:00,296.232
1/6/2020,12:00,294.813
1/6/2020,18:00,304.374
1/7/2020,0:00,300.461
1/7/2020,6:00,294.536
1/7/2020,12:00,292.172
1/7/2020,18:00,299.547
1/8/2020,0:00,297.338
1/8/2020,6:00,292.49
1/8/2020,12:00,290.38
1/8/2020,18:00,299.352
1/9/2020,0:00,299.215
1/9/2020,6:00,295.16
1/9/2020,12:00,295.184
1/9/2020,18:00,305.19
1/10/2020,0:00,304.286
1/10/2020,6:00,297.536
1/10/2020,12:00,296.996
1/10/2020,18:00,301.247
1/11/2020,0:00,299.827
1/11/2020,6:00,297.422
1/11/2020,12:00,294.831
1/11/2020,18:00,301.753
1/12/2020,0:00,302.321
1/12/2020,6:00,297.849
1/12/2020,12:00,294.905
1/12/2020,18:00,302.83
1/13/2020,0:00,302.083
1/13/2020,6:00,297.729
1/13/2020,12:00,294.618
1/13/2020,18:00,301.143
1/14/2020,0:00,302.509
1/14/2020,6:00,296.281
1/14/2020,12:00,294.136
1/14/2020,18:00,300.718
1/15/2020,0:00,299.346
1/15/2020,6:00,297.521
1/15/2020,12:00,297.071
1/15/2020,18:00,303.922
1/16/2020,0:00,296.431
1/16/2020,6:00,296.034
1/16/2020,12:00,291.662
1/16/2020,18:00,293.04
1/17/2020,0:00,293.273
1/17/2020,6:00,290.217
1/17/2020,12:00,287.759
1/17/2020,18:00,294.235
1/18/2020,0:00,294.677
1/18/2020,6:00,290.634
1/18/2020,12:00,289.402
1/18/2020,18:00,295.35
1/19/2020,0:00,301.476
1/19/2020,6:00,296.824
1/19/2020,12:00,295.934
1/19/2020,18:00,297.445
1/20/2020,0:00,301.683
1/20/2020,6:00,297.466
1/20/2020,12:00,296.406
1/20/2020,18:00,300.11
1/21/2020,0:00,298.339
1/21/2020,6:00,298.364
1/21/2020,12:00,297.622
1/21/2020,18:00,300.013
1/22/2020,0:00,296.389
1/22/2020,6:00,293.872
1/22/2020,12:00,293.653
1/22/2020,18:00,292.971
1/23/2020,0:00,293.137
1/23/2020,6:00,290.606
1/23/2020,12:00,290.144
1/23/2020,18:00,295.431
1/24/2020,0:00,296.547
1/24/2020,6:00,292.006
1/24/2020,12:00,289.667
1/24/2020,18:00,295.574
1/25/2020,0:00,296.747
1/25/2020,6:00,292.662
1/25/2020,12:00,291.068
1/25/2020,18:00,298.385
1/26/2020,0:00,298.104
1/26/2020,6:00,294.931
1/26/2020,12:00,293.615
1/26/2020,18:00,299.414
1/27/2020,0:00,299.752
1/27/2020,6:00,296.497
1/27/2020,12:00,295.92
1/27/2020,18:00,301.959
1/28/2020,0:00,300.04
1/28/2020,6:00,294.592
1/28/2020,12:00,292.807
1/28/2020,18:00,297.355
1/29/2020,0:00,299.969
1/29/2020,6:00,296.253
1/29/2020,12:00,295.232
1/29/2020,18:00,299.901
1/30/2020,0:00,299.157
1/30/2020,6:00,294.891
1/30/2020,12:00,294.322
1/30/2020,18:00,295.308
1/31/2020,0:00,296.467
1/31/2020,6:00,292.578
1/31/2020,12:00,290.567
1/31/2020,18:00,296.335
2/1/2020,0:00,297.512
2/1/2020,6:00,292.556
2/1/2020,12:00,291.581
2/1/2020,18:00,299.272
2/2/2020,0:00,298.841
2/2/2020,6:00,294.926
2/2/2020,12:00,292.86
2/2/2020,18:00,300.395
2/3/2020,0:00,300.886
2/3/2020,6:00,295.84
2/3/2020,12:00,293.125
2/3/2020,18:00,299.655
2/4/2020,0:00,301.974
2/4/2020,6:00,297.182
2/4/2020,12:00,294.728
2/4/2020,18:00,300.666
2/5/2020,0:00,302.869
2/5/2020,6:00,296.927
2/5/2020,12:00,295.126
2/5/2020,18:00,302.136
2/6/2020,0:00,302.144
2/6/2020,6:00,297.815
2/6/2020,12:00,295.091
2/6/2020,18:00,302.186
2/7/2020,0:00,304.633
2/7/2020,6:00,298.8
2/7/2020,12:00,295.434
2/7/2020,18:00,302.408
2/8/2020,0:00,305.566
2/8/2020,6:00,297.853
2/8/2020,12:00,295.935
2/8/2020,18:00,303.111
2/9/2020,0:00,302.431
2/9/2020,6:00,296.722
2/9/2020,12:00,294.743
2/9/2020,18:00,296.842
2/10/2020,0:00,298.656
2/10/2020,6:00,292.395
2/10/2020,12:00,289.621
2/10/2020,18:00,295.17
2/11/2020,0:00,296.222
2/11/2020,6:00,291.896
2/11/2020,12:00,288.768
2/11/2020,18:00,296.395
2/12/2020,0:00,296.7
2/12/2020,6:00,291.886
2/12/2020,12:00,289.795
2/12/2020,18:00,296.562
2/13/2020,0:00,300.299
2/13/2020,6:00,294.974
2/13/2020,12:00,292.004
2/13/2020,18:00,299.654
2/14/2020,0:00,301.524
2/14/2020,6:00,296.499
2/14/2020,12:00,296.753
2/14/2020,18:00,296.871
2/15/2020,0:00,294.833
2/15/2020,6:00,293.647
2/15/2020,12:00,294.21
2/15/2020,18:00,298.938
2/16/2020,0:00,300.874
2/16/2020,6:00,297.015
2/16/2020,12:00,296.32
2/16/2020,18:00,301.217
2/17/2020,0:00,301.335
2/17/2020,6:00,298.319
2/17/2020,12:00,295.32
2/17/2020,18:00,300.105
2/18/2020,0:00,299.73
2/18/2020,6:00,297.574
2/18/2020,12:00,293.25
2/18/2020,18:00,294.637
2/19/2020,0:00,298.43
2/19/2020,6:00,291.898
2/19/2020,12:00,289.3
2/19/2020,18:00,294.59
2/20/2020,0:00,294.483
2/20/2020,6:00,292.091
2/20/2020,12:00,291.545
2/20/2020,18:00,297.77
2/21/2020,0:00,293.332
2/21/2020,6:00,287.399
2/21/2020,12:00,284.995
2/21/2020,18:00,291.523
2/22/2020,0:00,290.083
2/22/2020,6:00,285.576
2/22/2020,12:00,282.97
2/22/2020,18:00,288.975
2/23/2020,0:00,289.833
2/23/2020,6:00,287.334
2/23/2020,12:00,285.619
2/23/2020,18:00,292.366
2/24/2020,0:00,293.401
2/24/2020,6:00,289.95
2/24/2020,12:00,288.434
2/24/2020,18:00,295.638
2/25/2020,0:00,297.035
2/25/2020,6:00,294.128
2/25/2020,12:00,294.367
2/25/2020,18:00,299.784
2/26/2020,0:00,298.355
2/26/2020,6:00,292.979
2/26/2020,12:00,287.927
2/26/2020,18:00,294.054
2/27/2020,0:00,294.237
2/27/2020,6:00,289.582
2/27/2020,12:00,287.574
2/27/2020,18:00,294.669
2/28/2020,0:00,294.983
2/28/2020,6:00,290.598
2/28/2020,12:00,289.488
2/28/2020,18:00,296.61
2/29/2020,0:00,296.873
2/29/2020,6:00,292.458
2/29/2020,12:00,290.668
2/29/2020,18:00,297.782
3/1/2020,0:00,297.763
3/1/2020,6:00,292.279
3/1/2020,12:00,290.009
3/1/2020,18:00,297.974
3/2/2020,0:00,297.226
3/2/2020,6:00,292.644
3/2/2020,12:00,288.943
3/2/2020,18:00,295.927
3/3/2020,0:00,298.197
3/3/2020,6:00,293.051
3/3/2020,12:00,289.743
3/3/2020,18:00,296.776
3/4/2020,0:00,298.468
3/4/2020,6:00,293.263
3/4/2020,12:00,290.432
3/4/2020,18:00,297.548
3/5/2020,0:00,297.797
3/5/2020,6:00,292.836
3/5/2020,12:00,289.198
3/5/2020,18:00,294.809
3/6/2020,0:00,296.291
3/6/2020,6:00,291.563
3/6/2020,12:00,288.552
3/6/2020,18:00,295.312
3/7/2020,0:00,299.841
3/7/2020,6:00,293.44
3/7/2020,12:00,291.148
3/7/2020,18:00,296.141
3/8/2020,0:00,297.968
3/8/2020,6:00,293.125
3/8/2020,12:00,291.804
3/8/2020,18:00,299.887
3/9/2020,0:00,300.409
3/9/2020,6:00,296.569
3/9/2020,12:00,294.237
3/9/2020,18:00,301.612
3/10/2020,0:00,301.874
3/10/2020,6:00,297.269
3/10/2020,12:00,294.696
3/10/2020,18:00,301.712
3/11/2020,0:00,302.984
3/11/2020,6:00,296.35
3/11/2020,12:00,294.322
3/11/2020,18:00,298.84
3/12/2020,0:00,302.606
3/12/2020,6:00,298.211
3/12/2020,12:00,295.777
3/12/2020,18:00,302.69
3/13/2020,0:00,302.334
3/13/2020,6:00,298.008
3/13/2020,12:00,295.75
3/13/2020,18:00,303.417
3/14/2020,0:00,303.04
3/14/2020,6:00,298.871
3/14/2020,12:00,296.993
3/14/2020,18:00,304.72
3/15/2020,0:00,303.978
3/15/2020,6:00,300.761
3/15/2020,12:00,296.021
3/15/2020,18:00,300.551
3/16/2020,0:00,295.728
3/16/2020,6:00,295.035
3/16/2020,12:00,293.99
3/16/2020,18:00,294.786
3/17/2020,0:00,298.66
3/17/2020,6:00,293.54
3/17/2020,12:00,291.272
3/17/2020,18:00,295.511
3/18/2020,0:00,298.197
3/18/2020,6:00,293.079
3/18/2020,12:00,292.673
3/18/2020,18:00,294.1
3/19/2020,0:00,297.3
3/19/2020,6:00,293.124
3/19/2020,12:00,291.5
3/19/2020,18:00,296.004
3/20/2020,0:00,293.3
3/20/2020,6:00,289.98
3/20/2020,12:00,288
3/20/2020,18:00,293.451
3/21/2020,0:00,292.962
3/21/2020,6:00,289.451
3/21/2020,12:00,288.4
3/21/2020,18:00,294.496
3/22/2020,0:00,295.452
3/22/2020,6:00,291.248
3/22/2020,12:00,288.619
3/22/2020,18:00,295.6
3/23/2020,0:00,295.7
3/23/2020,6:00,290.932
3/23/2020,12:00,289.88
3/23/2020,18:00,295.434
3/24/2020,0:00,296.7
3/24/2020,6:00,294.022
3/24/2020,12:00,291.633
3/24/2020,18:00,298.5
3/25/2020,0:00,299.117
3/25/2020,6:00,294.902
3/25/2020,12:00,292.247
3/25/2020,18:00,298.059
3/26/2020,0:00,298.61
3/26/2020,6:00,295.719
3/26/2020,12:00,292.89
3/26/2020,18:00,298.519
3/27/2020,0:00,298.402
3/27/2020,6:00,294.277
3/27/2020,12:00,291.992
3/27/2020,18:00,296.798
3/28/2020,0:00,299.027
3/28/2020,6:00,295.618
3/28/2020,12:00,294.409
3/28/2020,18:00,298.5
3/29/2020,0:00,294.92
3/29/2020,6:00,293.379
3/29/2020,12:00,292.361
3/29/2020,18:00,296.029
3/30/2020,0:00,298.359
3/30/2020,6:00,295.313
3/30/2020,12:00,294.087
3/30/2020,18:00,298.418
3/31/2020,0:00,297.98
3/31/2020,6:00,293.953
3/31/2020,12:00,293.248
3/31/2020,18:00,297.838
4/1/2020,0:00,298.692
4/1/2020,6:00,294.56
4/1/2020,12:00,292.8
4/1/2020,18:00,296.832
4/2/2020,0:00,297.476
4/2/2020,6:00,294.73
4/2/2020,12:00,294.221
4/2/2020,18:00,295.138
4/3/2020,0:00,289.811
4/3/2020,6:00,286.183
4/3/2020,12:00,284.755
4/3/2020,18:00,288.801
4/4/2020,0:00,290.55
4/4/2020,6:00,286.576
4/4/2020,12:00,285.678
4/4/2020,18:00,290.567
4/5/2020,0:00,291.517
4/5/2020,6:00,288.389
4/5/2020,12:00,287.068
4/5/2020,18:00,292.5
4/6/2020,0:00,295.912
4/6/2020,6:00,293.96
4/6/2020,12:00,290.978
4/6/2020,18:00,292.7
4/7/2020,0:00,292.076
4/7/2020,6:00,283.64
4/7/2020,12:00,281.662
4/7/2020,18:00,286.662
4/8/2020,0:00,285.954
4/8/2020,6:00,282.377
4/8/2020,12:00,280.145
4/8/2020,18:00,285.2
4/9/2020,0:00,287.311
4/9/2020,6:00,282.267
4/9/2020,12:00,281.285
4/9/2020,18:00,286.415
4/10/2020,0:00,288.059
4/10/2020,6:00,284.117
4/10/2020,12:00,282.51
4/10/2020,18:00,287.758
4/11/2020,0:00,288.525
4/11/2020,6:00,285.529
4/11/2020,12:00,284.841
4/11/2020,18:00,289.595
4/12/2020,0:00,289.914
4/12/2020,6:00,286.092
4/12/2020,12:00,284.9
4/12/2020,18:00,289.598
4/13/2020,0:00,289.803
4/13/2020,6:00,287.089
4/13/2020,12:00,286.106
4/13/2020,18:00,290.7
4/14/2020,0:00,286.839
4/14/2020,6:00,284.749
4/14/2020,12:00,285.33
4/14/2020,18:00,286.123
4/15/2020,0:00,285.8
4/15/2020,6:00,281.868
4/15/2020,12:00,280.95
4/15/2020,18:00,286.679
4/16/2020,0:00,285.47
4/16/2020,6:00,282.615
4/16/2020,12:00,281.137
4/16/2020,18:00,286.341
4/17/2020,0:00,286.99
4/17/2020,6:00,284.763
4/17/2020,12:00,284.569
4/17/2020,18:00,289.034
4/18/2020,0:00,290.508
4/18/2020,6:00,286.573
4/18/2020,12:00,286.145
4/18/2020,18:00,290.376
4/19/2020,0:00,291.168
4/19/2020,6:00,288.063
4/19/2020,12:00,286.514
4/19/2020,18:00,291.468
4/20/2020,0:00,292.385
4/20/2020,6:00,288.981
4/20/2020,12:00,287.367
4/20/2020,18:00,292.709
4/21/2020,0:00,293.37
4/21/2020,6:00,289.48
4/21/2020,12:00,288.286
4/21/2020,18:00,293.799
4/22/2020,0:00,293.637
4/22/2020,6:00,289.902
4/22/2020,12:00,288.348
4/22/2020,18:00,293.481
4/23/2020,0:00,293.417
4/23/2020,6:00,290.003
4/23/2020,12:00,288.482
4/23/2020,18:00,293.596
4/24/2020,0:00,294.061
4/24/2020,6:00,289.723
4/24/2020,12:00,288.848
4/24/2020,18:00,294.946
4/25/2020,0:00,293.683
4/25/2020,6:00,290.498
4/25/2020,12:00,288.613
4/25/2020,18:00,293.583
4/26/2020,0:00,298.819
4/26/2020,6:00,292.825
4/26/2020,12:00,291.37
4/26/2020,18:00,292.69
4/27/2020,0:00,293.461
4/27/2020,6:00,291.658
4/27/2020,12:00,291.751
4/27/2020,18:00,294.27
4/28/2020,0:00,296.237
4/28/2020,6:00,293.385
4/28/2020,12:00,293.094
4/28/2020,18:00,296.955
4/29/2020,0:00,296.337
4/29/2020,6:00,292.958
4/29/2020,12:00,289.08
4/29/2020,18:00,291.574
4/30/2020,0:00,288.405
4/30/2020,6:00,284.657
4/30/2020,12:00,284.184
4/30/2020,18:00,288.624
5/1/2020,0:00,289.696
5/1/2020,6:00,286.212
5/1/2020,12:00,285.117
5/1/2020,18:00,288.482
5/2/2020,0:00,288.003
5/2/2020,6:00,284.459
5/2/2020,12:00,283.2
5/2/2020,18:00,287.415
5/3/2020,0:00,286.168
5/3/2020,6:00,283.318
5/3/2020,12:00,282.806
5/3/2020,18:00,286.866
5/4/2020,0:00,287.479
5/4/2020,6:00,285.844
5/4/2020,12:00,287.499
5/4/2020,18:00,290.141
5/5/2020,0:00,288.335
5/5/2020,6:00,287.729
5/5/2020,12:00,287.492
5/5/2020,18:00,290.479
5/6/2020,0:00,287.354
5/6/2020,6:00,282.908
5/6/2020,12:00,280.2
5/6/2020,18:00,283.708
5/7/2020,0:00,282.4
5/7/2020,6:00,279.495
5/7/2020,12:00,278.1
5/7/2020,18:00,282.634
5/8/2020,0:00,282.693
5/8/2020,6:00,280.396
5/8/2020,12:00,279.9
5/8/2020,18:00,284.3
5/9/2020,0:00,284.9
5/9/2020,6:00,282.16
5/9/2020,12:00,281.312
5/9/2020,18:00,285.781
5/10/2020,0:00,286.9
5/10/2020,6:00,285.317
5/10/2020,12:00,284.8
5/10/2020,18:00,288.8
5/11/2020,0:00,291.9
5/11/2020,6:00,290.6
5/11/2020,12:00,291.076
5/11/2020,18:00,293.4
5/12/2020,0:00,292.255
5/12/2020,6:00,291.773
5/12/2020,12:00,291.287
5/12/2020,18:00,292.143
5/13/2020,0:00,290.495
5/13/2020,6:00,289.54
5/13/2020,12:00,288.69
5/13/2020,18:00,289.378
5/14/2020,0:00,285.475
5/14/2020,6:00,282.741
5/14/2020,12:00,280.95
5/14/2020,18:00,284.276
5/15/2020,0:00,283.37
5/15/2020,6:00,280.683
5/15/2020,12:00,279.534
5/15/2020,18:00,283.7
5/16/2020,0:00,284.277
5/16/2020,6:00,282.62
5/16/2020,12:00,281.9
5/16/2020,18:00,285.277
5/17/2020,0:00,286.633
5/17/2020,6:00,284.144
5/17/2020,12:00,283.3
5/17/2020,18:00,286.9
5/18/2020,0:00,287.884
5/18/2020,6:00,285.629
5/18/2020,12:00,284.9
5/18/2020,18:00,288.3
5/19/2020,0:00,289.1
5/19/2020,6:00,286.984
5/19/2020,12:00,286.505
5/19/2020,18:00,290.328
5/20/2020,0:00,290.8
5/20/2020,6:00,288.951
5/20/2020,12:00,288.961
5/20/2020,18:00,292.4
5/21/2020,0:00,294.6
5/21/2020,6:00,292.082
5/21/2020,12:00,291.5
5/21/2020,18:00,293.318
5/22/2020,0:00,293.679
5/22/2020,6:00,292.313
5/22/2020,12:00,289.805
5/22/2020,18:00,287.768
5/23/2020,0:00,287.91
5/23/2020,6:00,284.784
5/23/2020,12:00,282.718
5/23/2020,18:00,284.371
5/24/2020,0:00,287.206
5/24/2020,6:00,281.913
5/24/2020,12:00,280.7
5/24/2020,18:00,283.3
5/25/2020,0:00,283.555
5/25/2020,6:00,281.627
5/25/2020,12:00,280.737
5/25/2020,18:00,283.505
5/26/2020,0:00,284.29
5/26/2020,6:00,282.423
5/26/2020,12:00,280.705
5/26/2020,18:00,283.535
5/27/2020,0:00,283.943
5/27/2020,6:00,282.302
5/27/2020,12:00,281.8
5/27/2020,18:00,284.979
5/28/2020,0:00,285.812
5/28/2020,6:00,284.221
5/28/2020,12:00,283.3
5/28/2020,18:00,286.507
5/29/2020,0:00,288
5/29/2020,6:00,286.109
5/29/2020,12:00,285.1
5/29/2020,18:00,287.903
5/30/2020,0:00,288.9
5/30/2020,6:00,286.081
5/30/2020,12:00,284.8
5/30/2020,18:00,287.89
5/31/2020,0:00,290.006
5/31/2020,6:00,289.398
5/31/2020,12:00,283.294
5/31/2020,18:00,283.242
6/1/2020,0:00,281.067
6/1/2020,6:00,279.006
6/1/2020,12:00,278.239
6/1/2020,18:00,281.214
6/2/2020,0:00,281.253
6/2/2020,6:00,278.52
6/2/2020,12:00,277.465
6/2/2020,18:00,280.7
6/3/2020,0:00,282.305
6/3/2020,6:00,279.81
6/3/2020,12:00,279.1
6/3/2020,18:00,281.867
6/4/2020,0:00,283.268
6/4/2020,6:00,282.618
6/4/2020,12:00,281.805
6/4/2020,18:00,284.6
6/5/2020,0:00,286.799
6/5/2020,6:00,287.671
6/5/2020,12:00,288.662
6/5/2020,18:00,289.1
6/6/2020,0:00,285.401
6/6/2020,6:00,284.441
6/6/2020,12:00,283.936
6/6/2020,18:00,284.503
6/7/2020,0:00,286.839
6/7/2020,6:00,286.927
6/7/2020,12:00,286.4
6/7/2020,18:00,286.061
6/8/2020,0:00,286.05
6/8/2020,6:00,284.048
6/8/2020,12:00,283.1
6/8/2020,18:00,285.834
6/9/2020,0:00,286.738
6/9/2020,6:00,286.255
6/9/2020,12:00,285.442
6/9/2020,18:00,287.063
6/10/2020,0:00,287.719
6/10/2020,6:00,287.231
6/10/2020,12:00,286
6/10/2020,18:00,288.619
6/11/2020,0:00,289.239
6/11/2020,6:00,286.975
6/11/2020,12:00,287.302
6/11/2020,18:00,289.324
6/12/2020,0:00,292.218
6/12/2020,6:00,292.182
6/12/2020,12:00,294.6
6/12/2020,18:00,294.5
6/13/2020,0:00,293.401
6/13/2020,6:00,291.587
6/13/2020,12:00,284.939
6/13/2020,18:00,284.5
6/14/2020,0:00,281
6/14/2020,6:00,278.393
6/14/2020,12:00,277
6/14/2020,18:00,279.1
6/15/2020,0:00,280.3
6/15/2020,6:00,279.924
6/15/2020,12:00,279.1
6/15/2020,18:00,281.951
6/16/2020,0:00,286.79
6/16/2020,6:00,286.99
6/16/2020,12:00,287.746
6/16/2020,18:00,291.345
6/17/2020,0:00,292.5
6/17/2020,6:00,291.176
6/17/2020,12:00,290.5
6/17/2020,18:00,292.1
6/18/2020,0:00,293.284
6/18/2020,6:00,293.423
6/18/2020,12:00,292.5
6/18/2020,18:00,293.424
6/19/2020,0:00,290.373
6/19/2020,6:00,288.527
6/19/2020,12:00,287.844
6/19/2020,18:00,291.725
6/20/2020,0:00,294.126
6/20/2020,6:00,293.604
6/20/2020,12:00,293.062
6/20/2020,18:00,293.652
6/21/2020,0:00,294.294
6/21/2020,6:00,293.614
6/21/2020,12:00,294.076
6/21/2020,18:00,293.248
6/22/2020,0:00,292.569
6/22/2020,6:00,291.824
6/22/2020,12:00,290.2
6/22/2020,18:00,291.4
6/23/2020,0:00,293.761
6/23/2020,6:00,293.284
6/23/2020,12:00,293.221
6/23/2020,18:00,293.8
6/24/2020,0:00,293.045
6/24/2020,6:00,293.261
6/24/2020,12:00,292.942
6/24/2020,18:00,293.09
6/25/2020,0:00,292.412
6/25/2020,6:00,291.921
6/25/2020,12:00,286.973
6/25/2020,18:00,284.2
6/26/2020,0:00,281.82
6/26/2020,6:00,279.249
6/26/2020,12:00,278
6/26/2020,18:00,280.054
6/27/2020,0:00,280.5
6/27/2020,6:00,278.651
6/27/2020,12:00,277.951
6/27/2020,18:00,280.61
6/28/2020,0:00,280.268
6/28/2020,6:00,278.631
6/28/2020,12:00,277.7
6/28/2020,18:00,280.1
6/29/2020,0:00,282.582
6/29/2020,6:00,281.818
6/29/2020,12:00,281.8
6/29/2020,18:00,283.9
6/30/2020,0:00,285.882
6/30/2020,6:00,286.19
6/30/2020,12:00,287.802
6/30/2020,18:00,287.677
7/1/2020,0:00,284.429
7/1/2020,6:00,283.146
7/1/2020,12:00,282.3
7/1/2020,18:00,283
7/2/2020,0:00,282.175
7/2/2020,6:00,279.862
7/2/2020,12:00,277.8
7/2/2020,18:00,279.2
7/3/2020,0:00,278.659
7/3/2020,6:00,276.772
7/3/2020,12:00,276.408
7/3/2020,18:00,278.9
7/4/2020,0:00,279.732
7/4/2020,6:00,278.2
7/4/2020,12:00,277.3
7/4/2020,18:00,280.315
7/5/2020,0:00,286.008
7/5/2020,6:00,286.184
7/5/2020,12:00,285.501
7/5/2020,18:00,286.5
7/6/2020,0:00,286.301
7/6/2020,6:00,283.696
7/6/2020,12:00,281.3
7/6/2020,18:00,282.267
7/7/2020,0:00,282.583
7/7/2020,6:00,282.637
7/7/2020,12:00,281.903
7/7/2020,18:00,282.442
7/8/2020,0:00,282.8
7/8/2020,6:00,282.675
7/8/2020,12:00,281.6
7/8/2020,18:00,281.605
7/9/2020,0:00,282.106
7/9/2020,6:00,278.912
7/9/2020,12:00,277.903
7/9/2020,18:00,280.304
7/10/2020,0:00,280.853
7/10/2020,6:00,279.206
7/10/2020,12:00,278.9
7/10/2020,18:00,281.501
7/11/2020,0:00,287.6
7/11/2020,6:00,286.67
7/11/2020,12:00,284.98
7/11/2020,18:00,286.9
7/12/2020,0:00,285.808
7/12/2020,6:00,285.479
7/12/2020,12:00,285.702
7/12/2020,18:00,287.116
7/13/2020,0:00,283.362
7/13/2020,6:00,280.6
7/13/2020,12:00,279.216
7/13/2020,18:00,281
7/14/2020,0:00,280.811
7/14/2020,6:00,277.303
7/14/2020,12:00,275.5
7/14/2020,18:00,277.7
7/15/2020,0:00,277.98
7/15/2020,6:00,275.446
7/15/2020,12:00,274.5
7/15/2020,18:00,277.422
7/16/2020,0:00,280.755
7/16/2020,6:00,281.02
7/16/2020,12:00,281.1
7/16/2020,18:00,280.092
7/17/2020,0:00,281.987
7/17/2020,6:00,282.108
7/17/2020,12:00,283.108
7/17/2020,18:00,285.108
7/18/2020,0:00,289.347
7/18/2020,6:00,289.25
7/18/2020,12:00,290.04
7/18/2020,18:00,291.8
7/19/2020,0:00,293
7/19/2020,6:00,292.2
7/19/2020,12:00,290.932
7/19/2020,18:00,292.518
7/20/2020,0:00,293.058
7/20/2020,6:00,291.633
7/20/2020,12:00,290.9
7/20/2020,18:00,292.233
7/21/2020,0:00,292.7
7/21/2020,6:00,290.874
7/21/2020,12:00,289.895
7/21/2020,18:00,291.739
7/22/2020,0:00,292.438
7/22/2020,6:00,291.744
7/22/2020,12:00,290.7
7/22/2020,18:00,292.413
7/23/2020,0:00,294.2
7/23/2020,6:00,292.213
7/23/2020,12:00,290.92
7/23/2020,18:00,293
7/24/2020,0:00,291.9
7/24/2020,6:00,287.316
7/24/2020,12:00,284.751
7/24/2020,18:00,283.376
7/25/2020,0:00,281.262
7/25/2020,6:00,279.992
7/25/2020,12:00,277.758
7/25/2020,18:00,280.109
7/26/2020,0:00,280.91
7/26/2020,6:00,279.2
7/26/2020,12:00,278.218
7/26/2020,18:00,281.128
7/27/2020,0:00,282.7
7/27/2020,6:00,282.5
7/27/2020,12:00,284.8
7/27/2020,18:00,287.151
7/28/2020,0:00,287.201
7/28/2020,6:00,284.986
7/28/2020,12:00,279.2
7/28/2020,18:00,280.2
7/29/2020,0:00,278.7
7/29/2020,6:00,276.421
7/29/2020,12:00,274.979
7/29/2020,18:00,278
7/30/2020,0:00,278.396
7/30/2020,6:00,276.2
7/30/2020,12:00,275.654
7/30/2020,18:00,278.493
7/31/2020,0:00,282.048
7/31/2020,6:00,280.704
7/31/2020,12:00,280.524
7/31/2020,18:00,285.299
8/1/2020,0:00,287.231
8/1/2020,6:00,286.9
8/1/2020,12:00,288
8/1/2020,18:00,289.3
8/2/2020,0:00,291.413
8/2/2020,6:00,289.7
8/2/2020,12:00,288.6
8/2/2020,18:00,291.3
8/3/2020,0:00,292.501
8/3/2020,6:00,289.884
8/3/2020,12:00,288.7
8/3/2020,18:00,291.82
8/4/2020,0:00,291.2
8/4/2020,6:00,288.748
8/4/2020,12:00,287.2
8/4/2020,18:00,290.187
8/5/2020,0:00,291.6
8/5/2020,6:00,289.048
8/5/2020,12:00,287.773
8/5/2020,18:00,290.771
8/6/2020,0:00,291.2
8/6/2020,6:00,288.493
8/6/2020,12:00,287.4
8/6/2020,18:00,290.4
8/7/2020,0:00,291.527
8/7/2020,6:00,288.996
8/7/2020,12:00,288.108
8/7/2020,18:00,290.8
8/8/2020,0:00,292.119
8/8/2020,6:00,289.519
8/8/2020,12:00,288.326
8/8/2020,18:00,291.052
8/9/2020,0:00,291.7
8/9/2020,6:00,289.3
8/9/2020,12:00,287.7
8/9/2020,18:00,290.519
8/10/2020,0:00,291.306
8/10/2020,6:00,288.8
8/10/2020,12:00,288.068
8/10/2020,18:00,290.9
8/11/2020,0:00,293.408
8/11/2020,6:00,285.769
8/11/2020,12:00,281.543
8/11/2020,18:00,282.401
8/12/2020,0:00,282.1
8/12/2020,6:00,279.9
8/12/2020,12:00,279.585
8/12/2020,18:00,281.3
8/13/2020,0:00,283.205
8/13/2020,6:00,281.4
8/13/2020,12:00,282.7
8/13/2020,18:00,284.2
8/14/2020,0:00,288.202
8/14/2020,6:00,284.6
8/14/2020,12:00,283.8
8/14/2020,18:00,286.922
8/15/2020,0:00,287.9
8/15/2020,6:00,285.9
8/15/2020,12:00,284.228
8/15/2020,18:00,287.505
8/16/2020,0:00,283.759
8/16/2020,6:00,279.7
8/16/2020,12:00,278.182
8/16/2020,18:00,282.2
8/17/2020,0:00,282.9
8/17/2020,6:00,280.229
8/17/2020,12:00,278.9
8/17/2020,18:00,283
8/18/2020,0:00,283.7
8/18/2020,6:00,280.9
8/18/2020,12:00,280.408
8/18/2020,18:00,284.104
8/19/2020,0:00,287.024
8/19/2020,6:00,283.6
8/19/2020,12:00,281.2
8/19/2020,18:00,284.595
8/20/2020,0:00,280.706
8/20/2020,6:00,278.094
8/20/2020,12:00,275.836
8/20/2020,18:00,279.31
8/21/2020,0:00,277.812
8/21/2020,6:00,275.161
8/21/2020,12:00,274.412
8/21/2020,18:00,279.1
8/22/2020,0:00,279.837
8/22/2020,6:00,277.4
8/22/2020,12:00,276.411
8/22/2020,18:00,280.947
8/23/2020,0:00,282.213
8/23/2020,6:00,279.607
8/23/2020,12:00,278.6
8/23/2020,18:00,283.601
8/24/2020,0:00,286.305
8/24/2020,6:00,284.317
8/24/2020,12:00,284.051
8/24/2020,18:00,288.004
8/25/2020,0:00,290.391
8/25/2020,6:00,289.844
8/25/2020,12:00,289.851
8/25/2020,18:00,291.849
8/26/2020,0:00,294.116
8/26/2020,6:00,292.417
8/26/2020,12:00,290.609
8/26/2020,18:00,294.1
8/27/2020,0:00,294.624
8/27/2020,6:00,293.773
8/27/2020,12:00,291.8
8/27/2020,18:00,292.8
8/28/2020,0:00,293.132
8/28/2020,6:00,292.6
8/28/2020,12:00,290.7
8/28/2020,18:00,291.967
8/29/2020,0:00,294.2
8/29/2020,6:00,292.533
8/29/2020,12:00,291.4
8/29/2020,18:00,294.239
8/30/2020,0:00,293.241
8/30/2020,6:00,287.905
8/30/2020,12:00,283.5
8/30/2020,18:00,283.205
8/31/2020,0:00,283.209
8/31/2020,6:00,283.448
8/31/2020,12:00,281.9
8/31/2020,18:00,283.336
9/1/2020,0:00,283.726
9/1/2020,6:00,283.369
9/1/2020,12:00,282.274
9/1/2020,18:00,282.709
9/2/2020,0:00,286.721
9/2/2020,6:00,287.028
9/2/2020,12:00,287.024
9/2/2020,18:00,290.003
9/3/2020,0:00,286.761
9/3/2020,6:00,282.548
9/3/2020,12:00,281.599
9/3/2020,18:00,285.083
9/4/2020,0:00,285.841
9/4/2020,6:00,281.447
9/4/2020,12:00,280.452
9/4/2020,18:00,285.376
9/5/2020,0:00,285.032
9/5/2020,6:00,283.084
9/5/2020,12:00,283.508
9/5/2020,18:00,287.1
9/6/2020,0:00,287.6
9/6/2020,6:00,287.413
9/6/2020,12:00,287.833
9/6/2020,18:00,287.8
9/7/2020,0:00,287.6
9/7/2020,6:00,285
9/7/2020,12:00,284.2
9/7/2020,18:00,285.961
9/8/2020,0:00,285.7
9/8/2020,6:00,283.5
9/8/2020,12:00,283.1
9/8/2020,18:00,287
9/9/2020,0:00,287.8
9/9/2020,6:00,287.178
9/9/2020,12:00,288.332
9/9/2020,18:00,291.801
9/10/2020,0:00,291.651
9/10/2020,6:00,287.969
9/10/2020,12:00,285.696
9/10/2020,18:00,290.1
9/11/2020,0:00,290.2
9/11/2020,6:00,288.7
9/11/2020,12:00,288.032
9/11/2020,18:00,292.8
9/12/2020,0:00,293.845
9/12/2020,6:00,289.8
9/12/2020,12:00,288.508
9/12/2020,18:00,290.626
9/13/2020,0:00,291.4
9/13/2020,6:00,290.181
9/13/2020,12:00,290.047
9/13/2020,18:00,291.9
9/14/2020,0:00,292.833
9/14/2020,6:00,288.004
9/14/2020,12:00,283.752
9/14/2020,18:00,285.4
9/15/2020,0:00,283.242
9/15/2020,6:00,282.343
9/15/2020,12:00,281.355
9/15/2020,18:00,282.952
9/16/2020,0:00,284.894
9/16/2020,6:00,285.223
9/16/2020,12:00,285.233
9/16/2020,18:00,287.2
9/17/2020,0:00,288.007
9/17/2020,6:00,285.667
9/17/2020,12:00,284.902
9/17/2020,18:00,289.4
9/18/2020,0:00,289.038
9/18/2020,6:00,286.338
9/18/2020,12:00,285.9
9/18/2020,18:00,291.024
9/19/2020,0:00,290.271
9/19/2020,6:00,287.009
9/19/2020,12:00,285.519
9/19/2020,18:00,288.474
9/20/2020,0:00,283.657
9/20/2020,6:00,279.286
9/20/2020,12:00,277.478
9/20/2020,18:00,282.743
9/21/2020,0:00,281.957
9/21/2020,6:00,279.109
9/21/2020,12:00,278.21
9/21/2020,18:00,284.457
9/22/2020,0:00,283.191
9/22/2020,6:00,279.484
9/22/2020,12:00,278.8
9/22/2020,18:00,284.118
9/23/2020,0:00,285.356
9/23/2020,6:00,282.571
9/23/2020,12:00,281.505
9/23/2020,18:00,288.472
9/24/2020,0:00,291.726
9/24/2020,6:00,289.338
9/24/2020,12:00,289.222
9/24/2020,18:00,294.889
9/25/2020,0:00,293.754
9/25/2020,6:00,291.117
9/25/2020,12:00,290.07
9/25/2020,18:00,294.052
9/26/2020,0:00,295.221
9/26/2020,6:00,291.815
9/26/2020,12:00,290.9
9/26/2020,18:00,295.833
9/27/2020,0:00,295.727
9/27/2020,6:00,293.088
9/27/2020,12:00,290.981
9/27/2020,18:00,292
9/28/2020,0:00,288.915
9/28/2020,6:00,284.46
9/28/2020,12:00,282.311
9/28/2020,18:00,286.782
9/29/2020,0:00,285.954
9/29/2020,6:00,283.098
9/29/2020,12:00,282.28
9/29/2020,18:00,288.9
9/30/2020,0:00,289.76
9/30/2020,6:00,289.618
9/30/2020,12:00,289.977
9/30/2020,18:00,295.881
10/1/2020,0:00,298.13
10/1/2020,6:00,296.409
10/1/2020,12:00,294.791
10/1/2020,18:00,298.015
10/2/2020,0:00,297.657
10/2/2020,6:00,293.999
10/2/2020,12:00,291.744
10/2/2020,18:00,289.995
10/3/2020,0:00,288.297
10/3/2020,6:00,285.77
10/3/2020,12:00,284.79
10/3/2020,18:00,284.936
10/4/2020,0:00,284.666
10/4/2020,6:00,285.999
10/4/2020,12:00,286.485
10/4/2020,18:00,288.243
10/5/2020,0:00,289.156
10/5/2020,6:00,287.133
10/5/2020,12:00,286.994
10/5/2020,18:00,287.583
10/6/2020,0:00,284.311
10/6/2020,6:00,282.452
10/6/2020,12:00,281.16
10/6/2020,18:00,287.729
10/7/2020,0:00,288.774
10/7/2020,6:00,286.575
10/7/2020,12:00,285.834
10/7/2020,18:00,290.81
10/8/2020,0:00,289.892
10/8/2020,6:00,287.909
10/8/2020,12:00,286.296
10/8/2020,18:00,291.972
10/9/2020,0:00,288.994
10/9/2020,6:00,286.005
10/9/2020,12:00,284.999
10/9/2020,18:00,290.136
10/10/2020,0:00,289.568
10/10/2020,6:00,284.751
10/10/2020,12:00,282.646
10/10/2020,18:00,288.381
10/11/2020,0:00,286.521
10/11/2020,6:00,283.263
10/11/2020,12:00,281.906
10/11/2020,18:00,289.259
10/12/2020,0:00,291.256
10/12/2020,6:00,287.188
10/12/2020,12:00,285.177
10/12/2020,18:00,291.019
10/13/2020,0:00,287.873
10/13/2020,6:00,283.249
10/13/2020,12:00,282.447
10/13/2020,18:00,289.351
10/14/2020,0:00,288.428
10/14/2020,6:00,285.477
10/14/2020,12:00,284.441
10/14/2020,18:00,290.968
10/15/2020,0:00,291.62
10/15/2020,6:00,288.662
10/15/2020,12:00,286.404
10/15/2020,18:00,291.56
10/16/2020,0:00,290.446
10/16/2020,6:00,287.639
10/16/2020,12:00,286.649
10/16/2020,18:00,292.214
10/17/2020,0:00,294.604
10/17/2020,6:00,289.349
10/17/2020,12:00,287.634
10/17/2020,18:00,294.376
10/18/2020,0:00,294.85
10/18/2020,6:00,291.435
10/18/2020,12:00,290.647
10/18/2020,18:00,295.4
10/19/2020,0:00,296.45
10/19/2020,6:00,292.876
10/19/2020,12:00,291.125
10/19/2020,18:00,297.782
10/20/2020,0:00,296.816
10/20/2020,6:00,293.186
10/20/2020,12:00,291.832
10/20/2020,18:00,297.142
10/21/2020,0:00,292.84
10/21/2020,6:00,289.882
10/21/2020,12:00,290.489
10/21/2020,18:00,293.95
10/22/2020,0:00,293.422
10/22/2020,6:00,290.998
10/22/2020,12:00,290.812
10/22/2020,18:00,295.408
10/23/2020,0:00,295.237
10/23/2020,6:00,291.025
10/23/2020,12:00,290.564
10/23/2020,18:00,292.566
10/24/2020,0:00,293.578
10/24/2020,6:00,292.572
10/24/2020,12:00,291.987
10/24/2020,18:00,296.89
10/25/2020,0:00,295.862
10/25/2020,6:00,292.877
10/25/2020,12:00,291.714
10/25/2020,18:00,297.842
10/26/2020,0:00,297.758
10/26/2020,6:00,292.082
10/26/2020,12:00,293.367
10/26/2020,18:00,291.043
10/27/2020,0:00,289.302
10/27/2020,6:00,285.298
10/27/2020,12:00,284.286
10/27/2020,18:00,288.662
10/28/2020,0:00,288.535
10/28/2020,6:00,284.67
10/28/2020,12:00,284.142
10/28/2020,18:00,291.528
10/29/2020,0:00,291.433
10/29/2020,6:00,287.077
10/29/2020,12:00,285.266
10/29/2020,18:00,288.96
10/30/2020,0:00,288.048
10/30/2020,6:00,284.827
10/30/2020,12:00,282.764
10/30/2020,18:00,288.54
10/31/2020,0:00,288.371
10/31/2020,6:00,286.477
10/31/2020,12:00,284.834
10/31/2020,18:00,290.756
11/1/2020,0:00,289.212
11/1/2020,6:00,284.039
11/1/2020,12:00,282.65
11/1/2020,18:00,290.053
11/2/2020,0:00,288.57
11/2/2020,6:00,285.711
11/2/2020,12:00,283.684
11/2/2020,18:00,290.86
11/3/2020,0:00,288.206
11/3/2020,6:00,285.468
11/3/2020,12:00,284.174
11/3/2020,18:00,291.304
11/4/2020,0:00,290.456
11/4/2020,6:00,285.93
11/4/2020,12:00,284.235
11/4/2020,18:00,290.117
11/5/2020,0:00,288.628
11/5/2020,6:00,283.687
11/5/2020,12:00,282.501
11/5/2020,18:00,289.989
11/6/2020,0:00,290.358
11/6/2020,6:00,286.362
11/6/2020,12:00,285.526
11/6/2020,18:00,291.851
11/7/2020,0:00,291.701
11/7/2020,6:00,288.769
11/7/2020,12:00,287.505
11/7/2020,18:00,293.223
11/8/2020,0:00,293.665
11/8/2020,6:00,289.527
11/8/2020,12:00,288.463
11/8/2020,18:00,293.917
11/9/2020,0:00,294.831
11/9/2020,6:00,290.91
11/9/2020,12:00,289.351
11/9/2020,18:00,292.364
11/10/2020,0:00,292.963
11/10/2020,6:00,290.098
11/10/2020,12:00,289.339
11/10/2020,18:00,293.852
11/11/2020,0:00,291.496
11/11/2020,6:00,286.912
11/11/2020,12:00,286.58
11/11/2020,18:00,293.72
11/12/2020,0:00,292.592
11/12/2020,6:00,288.82
11/12/2020,12:00,287.338
11/12/2020,18:00,294.364
11/13/2020,0:00,291.95
11/13/2020,6:00,288.928
11/13/2020,12:00,288.718
11/13/2020,18:00,296.043
11/14/2020,0:00,294.033
11/14/2020,6:00,290.008
11/14/2020,12:00,289.813
11/14/2020,18:00,297.994
11/15/2020,0:00,298.545
11/15/2020,6:00,291.948
11/15/2020,12:00,291.977
11/15/2020,18:00,295.458
11/16/2020,0:00,295.396
11/16/2020,6:00,291.513
11/16/2020,12:00,291.451
11/16/2020,18:00,294.942
11/17/2020,0:00,291.317
11/17/2020,6:00,286.34
11/17/2020,12:00,284.719
11/17/2020,18:00,292.255
11/18/2020,0:00,289.905
11/18/2020,6:00,287.641
11/18/2020,12:00,285.454
11/18/2020,18:00,293.372
11/19/2020,0:00,290.575
11/19/2020,6:00,288.243
11/19/2020,12:00,287.246
11/19/2020,18:00,293.783
11/20/2020,0:00,290.48
11/20/2020,6:00,287.293
11/20/2020,12:00,286.452
11/20/2020,18:00,292.419
11/21/2020,0:00,290.639
11/21/2020,6:00,287.861
11/21/2020,12:00,286.287
11/21/2020,18:00,292.875
11/22/2020,0:00,291.84
11/22/2020,6:00,287.895
11/22/2020,12:00,286.116
11/22/2020,18:00,293.455
11/23/2020,0:00,293.011
11/23/2020,6:00,289.328
11/23/2020,12:00,287.594
11/23/2020,18:00,294.825
11/24/2020,0:00,298.402
11/24/2020,6:00,292.852
11/24/2020,12:00,291.491
11/24/2020,18:00,300.905
11/25/2020,0:00,299.463
11/25/2020,6:00,296.145
11/25/2020,12:00,295.605
11/25/2020,18:00,301.347
11/26/2020,0:00,294.162
11/26/2020,6:00,294.023
11/26/2020,12:00,293.711
11/26/2020,18:00,295.988
11/27/2020,0:00,294.164
11/27/2020,6:00,293.041
11/27/2020,12:00,292.527
11/27/2020,18:00,294.626
11/28/2020,0:00,296.933
11/28/2020,6:00,293.601
11/28/2020,12:00,292.384
11/28/2020,18:00,298.058
11/29/2020,0:00,293.626
11/29/2020,6:00,293.401
11/29/2020,12:00,292.435
11/29/2020,18:00,298.762
11/30/2020,0:00,297.659
11/30/2020,6:00,295.055
11/30/2020,12:00,293.204
11/30/2020,18:00,296.478
12/1/2020,0:00,294.541
12/1/2020,6:00,289.803
12/1/2020,12:00,289.171
12/1/2020,18:00,294.301
12/2/2020,0:00,295.291
12/2/2020,6:00,292.053
12/2/2020,12:00,290.634
12/2/2020,18:00,296.995
12/3/2020,0:00,292.697
12/3/2020,6:00,292.181
12/3/2020,12:00,292.33
12/3/2020,18:00,293.99
12/4/2020,0:00,293.47
12/4/2020,6:00,289.02
12/4/2020,12:00,288.316
12/4/2020,18:00,295.858
12/5/2020,0:00,292.701
12/5/2020,6:00,288.47
12/5/2020,12:00,287.321
12/5/2020,18:00,290.986
12/6/2020,0:00,289.76
12/6/2020,6:00,286.619
12/6/2020,12:00,286.031
12/6/2020,18:00,291.533
12/7/2020,0:00,289.893
12/7/2020,6:00,287.41
12/7/2020,12:00,286.753
12/7/2020,18:00,293.102
12/8/2020,0:00,292.489
12/8/2020,6:00,289.246
12/8/2020,12:00,287.197
12/8/2020,18:00,294.225
12/9/2020,0:00,293.99
12/9/2020,6:00,290.065
12/9/2020,12:00,288.996
12/9/2020,18:00,295.92
12/10/2020,0:00,294.721
12/10/2020,6:00,290.224
12/10/2020,12:00,289.615
12/10/2020,18:00,298.018
12/11/2020,0:00,297.404
12/11/2020,6:00,292.786
12/11/2020,12:00,292.377
12/11/2020,18:00,300.73
12/12/2020,0:00,299.685
12/12/2020,6:00,296.544
12/12/2020,12:00,293.962
12/12/2020,18:00,300.577
12/13/2020,0:00,301.155
12/13/2020,6:00,299.028
12/13/2020,12:00,293.52
12/13/2020,18:00,293.07
12/14/2020,0:00,295.461
12/14/2020,6:00,290.296
12/14/2020,12:00,287.523
12/14/2020,18:00,295.275
12/15/2020,0:00,295.064
12/15/2020,6:00,290.768
12/15/2020,12:00,289.911
12/15/2020,18:00,298.278
12/16/2020,0:00,296.875
12/16/2020,6:00,292.757
12/16/2020,12:00,292.033
12/16/2020,18:00,298.752
12/17/2020,0:00,297.966
12/17/2020,6:00,293.358
12/17/2020,12:00,291.118
12/17/2020,18:00,297.566
12/18/2020,0:00,297.49
12/18/2020,6:00,293.477
12/18/2020,12:00,291.985
12/18/2020,18:00,300.142
12/19/2020,0:00,299.796
12/19/2020,6:00,297.899
12/19/2020,12:00,294.663
12/19/2020,18:00,294.324
12/20/2020,0:00,296.953
12/20/2020,6:00,292.554
12/20/2020,12:00,287.877
12/20/2020,18:00,293.883
12/21/2020,0:00,292.828
12/21/2020,6:00,289.08
12/21/2020,12:00,287.336
12/21/2020,18:00,294.593
12/22/2020,0:00,291.657
12/22/2020,6:00,287.983
12/22/2020,12:00,285.901
12/22/2020,18:00,294.282
12/23/2020,0:00,292.994
12/23/2020,6:00,289.956
12/23/2020,12:00,287.642
12/23/2020,18:00,296.03
12/24/2020,0:00,295.641
12/24/2020,6:00,292.137
12/24/2020,12:00,290.284
12/24/2020,18:00,298.564
12/25/2020,0:00,299.378
12/25/2020,6:00,295.957
12/25/2020,12:00,293.486
12/25/2020,18:00,300.454
12/26/2020,0:00,300.759
12/26/2020,6:00,295.217
12/26/2020,12:00,293.456
12/26/2020,18:00,297.464
12/27/2020,0:00,293.898
12/27/2020,6:00,292.893
12/27/2020,12:00,292.08
12/27/2020,18:00,298.271
12/28/2020,0:00,299.031
12/28/2020,6:00,294.017
12/28/2020,12:00,292.787
12/28/2020,18:00,299.493
12/29/2020,0:00,300.074
12/29/2020,6:00,294.34
12/29/2020,12:00,293.228
12/29/2020,18:00,300.278
12/30/2020,0:00,300.049
12/30/2020,6:00,295.911
12/30/2020,12:00,295.51
12/30/2020,18:00,303.076
12/31/2020,0:00,300.314
12/31/2020,6:00,294.221
12/31/2020,12:00,292.9
12/31/2020,18:00,294.993
1/1/2021,0:00,293.674
1/1/2021,6:00,289.039
1/1/2021,12:00,288.454
1/1/2021,18:00,296.719
1/2/2021,0:00,295.811
1/2/2021,6:00,291.811
1/2/2021,12:00,290.096
1/2/2021,18:00,299.345
1/3/2021,0:00,297.763
1/3/2021,6:00,291.189
1/3/2021,12:00,288.59
1/3/2021,18:00,296.14
1/4/2021,0:00,298.877
1/4/2021,6:00,293.517
1/4/2021,12:00,291.609
1/4/2021,18:00,300.187
1/5/2021,0:00,302.109
1/5/2021,6:00,295.646
1/5/2021,12:00,294.538
1/5/2021,18:00,295.648
1/6/2021,0:00,298.804
1/6/2021,6:00,294.659
1/6/2021,12:00,293.873
1/6/2021,18:00,300.113
1/7/2021,0:00,299.902
1/7/2021,6:00,296.045
1/7/2021,12:00,294.189
1/7/2021,18:00,301.342
1/8/2021,0:00,298.252
1/8/2021,6:00,293.887
1/8/2021,12:00,292.91
1/8/2021,18:00,302.043
1/9/2021,0:00,299.721
1/9/2021,6:00,295.193
1/9/2021,12:00,292.611
1/9/2021,18:00,301.611
1/10/2021,0:00,300.962
1/10/2021,6:00,296.958
1/10/2021,12:00,293.935
1/10/2021,18:00,300.889
1/11/2021,0:00,302.665
1/11/2021,6:00,298.897
1/11/2021,12:00,297.291
1/11/2021,18:00,298.623
1/12/2021,0:00,294.023
1/12/2021,6:00,294.212
1/12/2021,12:00,294.473
1/12/2021,18:00,296.51
1/13/2021,0:00,296.913
1/13/2021,6:00,293.064
1/13/2021,12:00,292.039
1/13/2021,18:00,295.671
1/14/2021,0:00,297.769
1/14/2021,6:00,290.832
1/14/2021,12:00,290.044
1/14/2021,18:00,295.562
1/15/2021,0:00,299.135
1/15/2021,6:00,292.854
1/15/2021,12:00,291.923
1/15/2021,18:00,298.713
1/16/2021,0:00,299.145
1/16/2021,6:00,295.93
1/16/2021,12:00,294.255
1/16/2021,18:00,299.63
1/17/2021,0:00,298.441
1/17/2021,6:00,295.772
1/17/2021,12:00,294.444
1/17/2021,18:00,297.31
1/18/2021,0:00,295.476
1/18/2021,6:00,291.135
1/18/2021,12:00,289.599
1/18/2021,18:00,295.932
1/19/2021,0:00,295.16
1/19/2021,6:00,291.952
1/19/2021,12:00,289.871
1/19/2021,18:00,296.373
1/20/2021,0:00,296.716
1/20/2021,6:00,291.772
1/20/2021,12:00,290.568
1/20/2021,18:00,296.19
1/21/2021,0:00,298.199
1/21/2021,6:00,293.091
1/21/2021,12:00,292.143
1/21/2021,18:00,297.568
1/22/2021,0:00,297.244
1/22/2021,6:00,293.743
1/22/2021,12:00,292.873
1/22/2021,18:00,298.421
1/23/2021,0:00,299.566
1/23/2021,6:00,295.332
1/23/2021,12:00,293.734
1/23/2021,18:00,299.295
1/24/2021,0:00,301.992
1/24/2021,6:00,296.564
1/24/2021,12:00,295.567
1/24/2021,18:00,299.242
1/25/2021,0:00,300.835
1/25/2021,6:00,297.075
1/25/2021,12:00,295.9
1/25/2021,18:00,300.824
1/26/2021,0:00,299.788
1/26/2021,6:00,295.463
1/26/2021,12:00,295.031
1/26/2021,18:00,299.277
1/27/2021,0:00,296.001
1/27/2021,6:00,296.293
1/27/2021,12:00,295.701
1/27/2021,18:00,297.418
1/28/2021,0:00,296.174
1/28/2021,6:00,293.187
1/28/2021,12:00,292.375
1/28/2021,18:00,297.094
1/29/2021,0:00,296.302
1/29/2021,6:00,293.829
1/29/2021,12:00,293.977
1/29/2021,18:00,299.135
1/30/2021,0:00,299.769
1/30/2021,6:00,296.136
1/30/2021,12:00,295.072
1/30/2021,18:00,299.832
1/31/2021,0:00,295.052
1/31/2021,6:00,292.798
1/31/2021,12:00,293.717
1/31/2021,18:00,297.34
2/1/2021,0:00,296.762
2/1/2021,6:00,294.574
2/1/2021,12:00,293.48
2/1/2021,18:00,297.754
2/2/2021,0:00,297.542
2/2/2021,6:00,296.614
2/2/2021,12:00,294.564
2/2/2021,18:00,297.544
2/3/2021,0:00,297.544
2/3/2021,6:00,296.66
2/3/2021,12:00,296.229
2/3/2021,18:00,298.882
2/4/2021,0:00,292.858
2/4/2021,6:00,291.122
2/4/2021,12:00,290.917
2/4/2021,18:00,295.072
2/5/2021,0:00,293.48
2/5/2021,6:00,289.126
2/5/2021,12:00,287.54
2/5/2021,18:00,292.482
2/6/2021,0:00,292.13
2/6/2021,6:00,288.158
2/6/2021,12:00,286.968
2/6/2021,18:00,292.616
2/7/2021,0:00,293.441
2/7/2021,6:00,290.588
2/7/2021,12:00,289.963
2/7/2021,18:00,295.817
2/8/2021,0:00,295.673
2/8/2021,6:00,292.36
2/8/2021,12:00,290.59
2/8/2021,18:00,296.264
2/9/2021,0:00,297.134
2/9/2021,6:00,292.265
2/9/2021,12:00,290.732
2/9/2021,18:00,296.735
2/10/2021,0:00,295.713
2/10/2021,6:00,291.972
2/10/2021,12:00,291.303
2/10/2021,18:00,295.478
2/11/2021,0:00,295.65
2/11/2021,6:00,292.116
2/11/2021,12:00,292.093
2/11/2021,18:00,294.071
2/12/2021,0:00,294.883
2/12/2021,6:00,292.895
2/12/2021,12:00,292.574
2/12/2021,18:00,296.45
2/13/2021,0:00,295.821
2/13/2021,6:00,292.89
2/13/2021,12:00,292.063
2/13/2021,18:00,296.934
2/14/2021,0:00,295.87
2/14/2021,6:00,294.458
2/14/2021,12:00,292.479
2/14/2021,18:00,295.147
2/15/2021,0:00,296.419
2/15/2021,6:00,293.65
2/15/2021,12:00,293.116
2/15/2021,18:00,296.33
2/16/2021,0:00,295.247
2/16/2021,6:00,290.9
2/16/2021,12:00,289.979
2/16/2021,18:00,295.734
2/17/2021,0:00,294.682
2/17/2021,6:00,290.287
2/17/2021,12:00,288.922
2/17/2021,18:00,294.262
2/18/2021,0:00,293.268
2/18/2021,6:00,290.383
2/18/2021,12:00,289.612
2/18/2021,18:00,295.351
2/19/2021,0:00,294.717
2/19/2021,6:00,290.978
2/19/2021,12:00,290.105
2/19/2021,18:00,296.445
2/20/2021,0:00,295.469
2/20/2021,6:00,292.486
2/20/2021,12:00,291.967
2/20/2021,18:00,297.451
2/21/2021,0:00,297.549
2/21/2021,6:00,292.823
2/21/2021,12:00,290.82
2/21/2021,18:00,297.443
2/22/2021,0:00,297.122
2/22/2021,6:00,294.089
2/22/2021,12:00,291.891
2/22/2021,18:00,298.038
2/23/2021,0:00,299.637
2/23/2021,6:00,296.536
2/23/2021,12:00,296.02
2/23/2021,18:00,299.408
2/24/2021,0:00,297.263
2/24/2021,6:00,294.234
2/24/2021,12:00,291.1
2/24/2021,18:00,295.609
2/25/2021,0:00,294.913
2/25/2021,6:00,290.977
2/25/2021,12:00,288.871
2/25/2021,18:00,295.97
2/26/2021,0:00,295.51
2/26/2021,6:00,291.544
2/26/2021,12:00,288.88
2/26/2021,18:00,295.105
2/27/2021,0:00,298.989
2/27/2021,6:00,292.581
2/27/2021,12:00,291.003
2/27/2021,18:00,296.254
2/28/2021,0:00,299.184
2/28/2021,6:00,293.306
2/28/2021,12:00,292.275
2/28/2021,18:00,296.973
3/1/2021,0:00,297.472
3/1/2021,6:00,293.175
3/1/2021,12:00,292.494
3/1/2021,18:00,297.475
3/2/2021,0:00,299.01
3/2/2021,6:00,294.46
3/2/2021,12:00,292.816
3/2/2021,18:00,298.668
3/3/2021,0:00,299.744
3/3/2021,6:00,296.366
3/3/2021,12:00,294.639
3/3/2021,18:00,300.46
3/4/2021,0:00,300.799
3/4/2021,6:00,295.461
3/4/2021,12:00,294.661
3/4/2021,18:00,297.502
3/5/2021,0:00,294.212
3/5/2021,6:00,292.638
3/5/2021,12:00,293.286
3/5/2021,18:00,297.501
3/6/2021,0:00,295.447
3/6/2021,6:00,291.419
3/6/2021,12:00,288.896
3/6/2021,18:00,293.331
3/7/2021,0:00,292.657
3/7/2021,6:00,289.121
3/7/2021,12:00,287.902
3/7/2021,18:00,294.113
3/8/2021,0:00,294.844
3/8/2021,6:00,290.623
3/8/2021,12:00,288.924
3/8/2021,18:00,295.86
3/9/2021,0:00,296.248
3/9/2021,6:00,292.112
3/9/2021,12:00,290.954
3/9/2021,18:00,297.355
3/10/2021,0:00,295.22
3/10/2021,6:00,290.93
3/10/2021,12:00,288.926
3/10/2021,18:00,295.636
3/11/2021,0:00,294.634
3/11/2021,6:00,289.34
3/11/2021,12:00,287.908
3/11/2021,18:00,295.092
3/12/2021,0:00,295.174
3/12/2021,6:00,291.108
3/12/2021,12:00,289.94
3/12/2021,18:00,296.4
3/13/2021,0:00,296.503
3/13/2021,6:00,292.396
3/13/2021,12:00,290.939
3/13/2021,18:00,297.594
3/14/2021,0:00,297.619
3/14/2021,6:00,294.085
3/14/2021,12:00,291.798
3/14/2021,18:00,297.534
3/15/2021,0:00,297.763
3/15/2021,6:00,292.832
3/15/2021,12:00,290.502
3/15/2021,18:00,295.562
3/16/2021,0:00,296.287
3/16/2021,6:00,293.251
3/16/2021,12:00,291.784
3/16/2021,18:00,296.291
3/17/2021,0:00,299.603
3/17/2021,6:00,293.865
3/17/2021,12:00,293.057
3/17/2021,18:00,296.62
3/18/2021,0:00,293.397
3/18/2021,6:00,289.536
3/18/2021,12:00,286.874
3/18/2021,18:00,292.101
3/19/2021,0:00,294.015
3/19/2021,6:00,290.186
3/19/2021,12:00,289.455
3/19/2021,18:00,294.449
3/20/2021,0:00,297.735
3/20/2021,6:00,293.673
3/20/2021,12:00,292.23
3/20/2021,18:00,301.402
3/21/2021,0:00,293.351
3/21/2021,6:00,293.845
3/21/2021,12:00,293.25
3/21/2021,18:00,292.872
3/22/2021,0:00,293.877
3/22/2021,6:00,291.8
3/22/2021,12:00,291.152
3/22/2021,18:00,294.554
3/23/2021,0:00,294.84
3/23/2021,6:00,292.994
3/23/2021,12:00,291.915
3/23/2021,18:00,292.741
3/24/2021,0:00,293.273
3/24/2021,6:00,291.687
3/24/2021,12:00,291.117
3/24/2021,18:00,294.777
3/25/2021,0:00,296.534
3/25/2021,6:00,293.26
3/25/2021,12:00,292.482
3/25/2021,18:00,297.706
3/26/2021,0:00,299.775
3/26/2021,6:00,295.923
3/26/2021,12:00,293.379
3/26/2021,18:00,292.805
3/27/2021,0:00,292.971
3/27/2021,6:00,293.456
3/27/2021,12:00,292.441
3/27/2021,18:00,292.235
3/28/2021,0:00,292.145
3/28/2021,6:00,290.146
3/28/2021,12:00,287.422
3/28/2021,18:00,290.82
3/29/2021,0:00,290.419
3/29/2021,6:00,287.326
3/29/2021,12:00,286.6
3/29/2021,18:00,291.015
3/30/2021,0:00,293.025
3/30/2021,6:00,290.326
3/30/2021,12:00,288.512
3/30/2021,18:00,292.152
3/31/2021,0:00,290.012
3/31/2021,6:00,287.697
3/31/2021,12:00,286.3
3/31/2021,18:00,291.012
4/1/2021,0:00,290.136
4/1/2021,6:00,287.267
4/1/2021,12:00,286.229
4/1/2021,18:00,291.3
4/2/2021,0:00,290.765
4/2/2021,6:00,288.387
4/2/2021,12:00,287.445
4/2/2021,18:00,291.672
4/3/2021,0:00,293.448
4/3/2021,6:00,288.788
4/3/2021,12:00,287.759
4/3/2021,18:00,291.7
4/4/2021,0:00,293.595
4/4/2021,6:00,290.471
4/4/2021,12:00,289.33
4/4/2021,18:00,294.329
4/5/2021,0:00,294.972
4/5/2021,6:00,291.673
4/5/2021,12:00,290.6
4/5/2021,18:00,294.99
4/6/2021,0:00,293.635
4/6/2021,6:00,292.562
4/6/2021,12:00,291.6
4/6/2021,18:00,294.8
4/7/2021,0:00,294.159
4/7/2021,6:00,291.227
4/7/2021,12:00,290.4
4/7/2021,18:00,295.5
4/8/2021,0:00,294.8
4/8/2021,6:00,291.85
4/8/2021,12:00,290.753
4/8/2021,18:00,296.655
4/9/2021,0:00,297.216
4/9/2021,6:00,294.816
4/9/2021,12:00,293.779
4/9/2021,18:00,298.245
4/10/2021,0:00,297.958
4/10/2021,6:00,296.512
4/10/2021,12:00,294.347
4/10/2021,18:00,298
4/11/2021,0:00,298.8
4/11/2021,6:00,295.736
4/11/2021,12:00,293.961
4/11/2021,18:00,291.521
4/12/2021,0:00,289.33
4/12/2021,6:00,285.4
4/12/2021,12:00,284.685
4/12/2021,18:00,289.6
4/13/2021,0:00,289.579
4/13/2021,6:00,286.199
4/13/2021,12:00,285.385
4/13/2021,18:00,290.636
4/14/2021,0:00,292.028
4/14/2021,6:00,288.815
4/14/2021,12:00,287.5
4/14/2021,18:00,291.558
4/15/2021,0:00,292.462
4/15/2021,6:00,291.264
4/15/2021,12:00,290.735
4/15/2021,18:00,294.101
4/16/2021,0:00,292.772
4/16/2021,6:00,291.904
4/16/2021,12:00,291.6
4/16/2021,18:00,294.391
4/17/2021,0:00,293.687
4/17/2021,6:00,290.558
4/17/2021,12:00,290.7
4/17/2021,18:00,294.043
4/18/2021,0:00,295.133
4/18/2021,6:00,290.832
4/18/2021,12:00,288.68
4/18/2021,18:00,292.6
4/19/2021,0:00,292.206
4/19/2021,6:00,289.444
4/19/2021,12:00,288.035
4/19/2021,18:00,291.549
4/20/2021,0:00,290.908
4/20/2021,6:00,289.015
4/20/2021,12:00,287.015
4/20/2021,18:00,290.915
4/21/2021,0:00,291.763
4/21/2021,6:00,289.3
4/21/2021,12:00,288.158
4/21/2021,18:00,291.742
4/22/2021,0:00,293.801
4/22/2021,6:00,289.924
4/22/2021,12:00,288.205
4/22/2021,18:00,292.336
4/23/2021,0:00,293.015
4/23/2021,6:00,289.929
4/23/2021,12:00,288.242
4/23/2021,18:00,292.703
4/24/2021,0:00,295.803
4/24/2021,6:00,293.412
4/24/2021,12:00,290.299
4/24/2021,18:00,293.971
4/25/2021,0:00,291.182
4/25/2021,6:00,290.321
4/25/2021,12:00,287.055
4/25/2021,18:00,290.347
4/26/2021,0:00,287.107
4/26/2021,6:00,283.376
4/26/2021,12:00,282.755
4/26/2021,18:00,287.865
4/27/2021,0:00,287.437
4/27/2021,6:00,284.046
4/27/2021,12:00,282.679
4/27/2021,18:00,287.601
4/28/2021,0:00,286.5
4/28/2021,6:00,283.634
4/28/2021,12:00,282.194
4/28/2021,18:00,287.342
4/29/2021,0:00,287.221
4/29/2021,6:00,283.79
4/29/2021,12:00,282.063
4/29/2021,18:00,287.327
4/30/2021,0:00,288.1
4/30/2021,6:00,284.8
4/30/2021,12:00,283.418
4/30/2021,18:00,289.284
5/1/2021,0:00,291.1
5/1/2021,6:00,287
5/1/2021,12:00,286.188
5/1/2021,18:00,291.4
5/2/2021,0:00,291.627
5/2/2021,6:00,289.027
5/2/2021,12:00,288.312
5/2/2021,18:00,293.312
5/3/2021,0:00,293.645
5/3/2021,6:00,292.109
5/3/2021,12:00,291.409
5/3/2021,18:00,295.961
5/4/2021,0:00,297.3
5/4/2021,6:00,295.6
5/4/2021,12:00,294.517
5/4/2021,18:00,291.701
5/5/2021,0:00,288.202
5/5/2021,6:00,284.719
5/5/2021,12:00,283.388
5/5/2021,18:00,283.517
5/6/2021,0:00,284.835
5/6/2021,6:00,283.252
5/6/2021,12:00,281.206
5/6/2021,18:00,284.201
5/7/2021,0:00,282.829
5/7/2021,6:00,280.4
5/7/2021,12:00,278.79
5/7/2021,18:00,283.124
5/8/2021,0:00,283.794
5/8/2021,6:00,281.603
5/8/2021,12:00,280.33
5/8/2021,18:00,284.701
5/9/2021,0:00,286.003
5/9/2021,6:00,283.4
5/9/2021,12:00,282.539
5/9/2021,18:00,287.361
5/10/2021,0:00,291.342
5/10/2021,6:00,290.156
5/10/2021,12:00,289.53
5/10/2021,18:00,288.535
5/11/2021,0:00,287.766
5/11/2021,6:00,286.334
5/11/2021,12:00,283.719
5/11/2021,18:00,285.653
5/12/2021,0:00,283.935
5/12/2021,6:00,280.419
5/12/2021,12:00,279.021
5/12/2021,18:00,283.308
5/13/2021,0:00,283.94
5/13/2021,6:00,281
5/13/2021,12:00,279.72
5/13/2021,18:00,284.372
5/14/2021,0:00,284.953
5/14/2021,6:00,282.848
5/14/2021,12:00,281.919
5/14/2021,18:00,285.324
5/15/2021,0:00,285.435
5/15/2021,6:00,283.219
5/15/2021,12:00,281.948
5/15/2021,18:00,286.405
5/16/2021,0:00,287.918
5/16/2021,6:00,285.7
5/16/2021,12:00,284
5/16/2021,18:00,287.675
5/17/2021,0:00,287.624
5/17/2021,6:00,286.122
5/17/2021,12:00,286.213
5/17/2021,18:00,290.782
5/18/2021,0:00,286.578
5/18/2021,6:00,282.558
5/18/2021,12:00,280.741
5/18/2021,18:00,284.819
5/19/2021,0:00,285.435
5/19/2021,6:00,282.043
5/19/2021,12:00,281.134
5/19/2021,18:00,284.831
5/20/2021,0:00,288.619
5/20/2021,6:00,285.925
5/20/2021,12:00,285.381
5/20/2021,18:00,286.156
5/21/2021,0:00,288.115
5/21/2021,6:00,287.709
5/21/2021,12:00,287.21
5/21/2021,18:00,288.07
5/22/2021,0:00,289.049
5/22/2021,6:00,289.931
5/22/2021,12:00,286.324
5/22/2021,18:00,286.049
5/23/2021,0:00,285.6
5/23/2021,6:00,284.457
5/23/2021,12:00,283.752
5/23/2021,18:00,284.612
5/24/2021,0:00,282.705
5/24/2021,6:00,280.888
5/24/2021,12:00,279.758
5/24/2021,18:00,282.905
5/25/2021,0:00,283.258
5/25/2021,6:00,281.004
5/25/2021,12:00,280.006
5/25/2021,18:00,283.656
5/26/2021,0:00,284.489
5/26/2021,6:00,282.453
5/26/2021,12:00,281.519
5/26/2021,18:00,285.133
5/27/2021,0:00,286.046
5/27/2021,6:00,284.076
5/27/2021,12:00,283.5
5/27/2021,18:00,287.049
5/28/2021,0:00,287.618
5/28/2021,6:00,286.621
5/28/2021,12:00,287.928
5/28/2021,18:00,289.477
5/29/2021,0:00,291.086
5/29/2021,6:00,290
5/29/2021,12:00,285.205
5/29/2021,18:00,286.124
5/30/2021,0:00,283.012
5/30/2021,6:00,280.049
5/30/2021,12:00,277.931
5/30/2021,18:00,280.658
5/31/2021,0:00,281.142
5/31/2021,6:00,279.214
5/31/2021,12:00,279.042
5/31/2021,18:00,282.396
6/1/2021,0:00,283.5
6/1/2021,6:00,282.065
6/1/2021,12:00,281.596
6/1/2021,18:00,284.732
6/2/2021,0:00,286.106
6/2/2021,6:00,285.143
6/2/2021,12:00,284.805
6/2/2021,18:00,287.432
6/3/2021,0:00,286.461
6/3/2021,6:00,284.417
6/3/2021,12:00,283.204
6/3/2021,18:00,286.483
6/4/2021,0:00,287.742
6/4/2021,6:00,288.098
6/4/2021,12:00,288.833
6/4/2021,18:00,292.335
6/5/2021,0:00,294.152
6/5/2021,6:00,293.295
6/5/2021,12:00,293.079
6/5/2021,18:00,294.174
6/6/2021,0:00,291.011
6/6/2021,6:00,289.555
6/6/2021,12:00,287.848
6/6/2021,18:00,288.479
6/7/2021,0:00,287.8
6/7/2021,6:00,287.251
6/7/2021,12:00,285.031
6/7/2021,18:00,286.467
6/8/2021,0:00,289.045
6/8/2021,6:00,287.614
6/8/2021,12:00,286.62
6/8/2021,18:00,288.212
6/9/2021,0:00,288.709
6/9/2021,6:00,288.137
6/9/2021,12:00,287.937
6/9/2021,18:00,288.655
6/10/2021,0:00,290.137
6/10/2021,6:00,287.902
6/10/2021,12:00,286.597
6/10/2021,18:00,288.017
6/11/2021,0:00,286.163
6/11/2021,6:00,284.972
6/11/2021,12:00,281.95
6/11/2021,18:00,284.4
6/12/2021,0:00,282.9
6/12/2021,6:00,281.495
6/12/2021,12:00,280.925
6/12/2021,18:00,283.99
6/13/2021,0:00,285.354
6/13/2021,6:00,283.614
6/13/2021,12:00,282.851
6/13/2021,18:00,285.529
6/14/2021,0:00,286.364
6/14/2021,6:00,284.801
6/14/2021,12:00,284.001
6/14/2021,18:00,286.7
6/15/2021,0:00,287.902
6/15/2021,6:00,285.407
6/15/2021,12:00,283.37
6/15/2021,18:00,284.804
6/16/2021,0:00,283.031
6/16/2021,6:00,280.005
6/16/2021,12:00,277.932
6/16/2021,18:00,280.384
6/17/2021,0:00,280.558
6/17/2021,6:00,277.798
6/17/2021,12:00,276.3
6/17/2021,18:00,279.4
6/18/2021,0:00,280.045
6/18/2021,6:00,278.504
6/18/2021,12:00,277.503
6/18/2021,18:00,280.095
6/19/2021,0:00,283.048
6/19/2021,6:00,283.006
6/19/2021,12:00,281.871
6/19/2021,18:00,281.862
6/20/2021,0:00,284.351
6/20/2021,6:00,280.908
6/20/2021,12:00,279.978
6/20/2021,18:00,282.473
6/21/2021,0:00,282.698
6/21/2021,6:00,281.088
6/21/2021,12:00,281.018
6/21/2021,18:00,283.51
6/22/2021,0:00,284.313
6/22/2021,6:00,282.423
6/22/2021,12:00,281.927
6/22/2021,18:00,283.7
6/23/2021,0:00,286.19
6/23/2021,6:00,284.52
6/23/2021,12:00,284.33
6/23/2021,18:00,286.006
6/24/2021,0:00,288.364
6/24/2021,6:00,289.35
6/24/2021,12:00,287.813
6/24/2021,18:00,288.511
6/25/2021,0:00,284.297
6/25/2021,6:00,283.2
6/25/2021,12:00,281.96
6/25/2021,18:00,284.163
6/26/2021,0:00,284.605
6/26/2021,6:00,283.885
6/26/2021,12:00,284.703
6/26/2021,18:00,286.291
6/27/2021,0:00,285
6/27/2021,6:00,283.369
6/27/2021,12:00,281.283
6/27/2021,18:00,281.705
6/28/2021,0:00,278.5
6/28/2021,6:00,275.631
6/28/2021,12:00,273.697
6/28/2021,18:00,277
6/29/2021,0:00,279.679
6/29/2021,6:00,279.217
6/29/2021,12:00,275.105
6/29/2021,18:00,277.128
6/30/2021,0:00,280.943
6/30/2021,6:00,279.127
6/30/2021,12:00,276.803
6/30/2021,18:00,279.012
7/1/2021,0:00,280.799
7/1/2021,6:00,280.061
7/1/2021,12:00,278.777
7/1/2021,18:00,280.975
7/2/2021,0:00,283.193
7/2/2021,6:00,281.41
7/2/2021,12:00,280.419
7/2/2021,18:00,282.468
7/3/2021,0:00,283.815
7/3/2021,6:00,281.451
7/3/2021,12:00,280.268
7/3/2021,18:00,282.948
7/4/2021,0:00,282.922
7/4/2021,6:00,280.473
7/4/2021,12:00,279.808
7/4/2021,18:00,281.872
7/5/2021,0:00,283.378
7/5/2021,6:00,282.262
7/5/2021,12:00,281.816
7/5/2021,18:00,283.856
7/6/2021,0:00,285.477
7/6/2021,6:00,284.466
7/6/2021,12:00,283.798
7/6/2021,18:00,285.972
7/7/2021,0:00,288.121
7/7/2021,6:00,286.437
7/7/2021,12:00,285.374
7/7/2021,18:00,287.164
7/8/2021,0:00,289.5
7/8/2021,6:00,287.122
7/8/2021,12:00,286.661
7/8/2021,18:00,288.978
7/9/2021,0:00,289.41
7/9/2021,6:00,287.224
7/9/2021,12:00,286.025
7/9/2021,18:00,288.093
7/10/2021,0:00,288.41
7/10/2021,6:00,286.29
7/10/2021,12:00,285.706
7/10/2021,18:00,287.888
7/11/2021,0:00,288.482
7/11/2021,6:00,286.383
7/11/2021,12:00,285.51
7/11/2021,18:00,287.911
7/12/2021,0:00,290.616
7/12/2021,6:00,289.881
7/12/2021,12:00,288.601
7/12/2021,18:00,290.275
7/13/2021,0:00,289.473
7/13/2021,6:00,288.4
7/13/2021,12:00,288.3
7/13/2021,18:00,290.585
7/14/2021,0:00,291.503
7/14/2021,6:00,290.62
7/14/2021,12:00,289.252
7/14/2021,18:00,290.351
7/15/2021,0:00,289.302
7/15/2021,6:00,288.653
7/15/2021,12:00,287.55
7/15/2021,18:00,287.348
7/16/2021,0:00,284.73
7/16/2021,6:00,282.769
7/16/2021,12:00,282.042
7/16/2021,18:00,284.402
7/17/2021,0:00,284.417
7/17/2021,6:00,282.617
7/17/2021,12:00,281.784
7/17/2021,18:00,284.268
7/18/2021,0:00,280.394
7/18/2021,6:00,277.235
7/18/2021,12:00,275.601
7/18/2021,18:00,278.7
7/19/2021,0:00,277.832
7/19/2021,6:00,275.933
7/19/2021,12:00,274.723
7/19/2021,18:00,277.769
7/20/2021,0:00,279.535
7/20/2021,6:00,277.701
7/20/2021,12:00,276.7
7/20/2021,18:00,279.706
7/21/2021,0:00,280.899
7/21/2021,6:00,278.532
7/21/2021,12:00,277.737
7/21/2021,18:00,281.263
7/22/2021,0:00,283.363
7/22/2021,6:00,281.9
7/22/2021,12:00,281.519
7/22/2021,18:00,284.797
7/23/2021,0:00,287.855
7/23/2021,6:00,287.116
7/23/2021,12:00,286.111
7/23/2021,18:00,289.016
7/24/2021,0:00,289.561
7/24/2021,6:00,287.266
7/24/2021,12:00,286.722
7/24/2021,18:00,289.434
7/25/2021,0:00,291.924
7/25/2021,6:00,290.821
7/25/2021,12:00,288.861
7/25/2021,18:00,292.323
7/26/2021,0:00,294.161
7/26/2021,6:00,291.525
7/26/2021,12:00,289.906
7/26/2021,18:00,290.247
7/27/2021,0:00,287.715
7/27/2021,6:00,281.205
7/27/2021,12:00,278.899
7/27/2021,18:00,280.611
7/28/2021,0:00,278.298
7/28/2021,6:00,276.177
7/28/2021,12:00,275.177
7/28/2021,18:00,278.132
7/29/2021,0:00,275.955
7/29/2021,6:00,273.919
7/29/2021,12:00,273.155
7/29/2021,18:00,276.928
7/30/2021,0:00,278.445
7/30/2021,6:00,276.424
7/30/2021,12:00,275.725
7/30/2021,18:00,279.312
7/31/2021,0:00,280.234
7/31/2021,6:00,278.381
7/31/2021,12:00,277.342
7/31/2021,18:00,281.155
8/1/2021,0:00,283.368
8/1/2021,6:00,281.24
8/1/2021,12:00,280.639
8/1/2021,18:00,284.051
8/2/2021,0:00,284.383
8/2/2021,6:00,281.313
8/2/2021,12:00,279.637
8/2/2021,18:00,282.557
8/3/2021,0:00,283.063
8/3/2021,6:00,280.309
8/3/2021,12:00,279.098
8/3/2021,18:00,282.545
8/4/2021,0:00,283.836
8/4/2021,6:00,281.778
8/4/2021,12:00,280.793
8/4/2021,18:00,283.615
8/5/2021,0:00,285.493
8/5/2021,6:00,284.9
8/5/2021,12:00,284.275
8/5/2021,18:00,286.395
8/6/2021,0:00,288.924
8/6/2021,6:00,287.712
8/6/2021,12:00,287.241
8/6/2021,18:00,290.141
8/7/2021,0:00,292.2
8/7/2021,6:00,288.7
8/7/2021,12:00,288.3
8/7/2021,18:00,291.9
8/8/2021,0:00,292.523
8/8/2021,6:00,290.202
8/8/2021,12:00,289.279
8/8/2021,18:00,292.405
8/9/2021,0:00,293.2
8/9/2021,6:00,291.321
8/9/2021,12:00,291.315
8/9/2021,18:00,292.6
8/10/2021,0:00,285.905
8/10/2021,6:00,284.683
8/10/2021,12:00,284.476
8/10/2021,18:00,284.639
8/11/2021,0:00,285.886
8/11/2021,6:00,279.48
8/11/2021,12:00,277.01
8/11/2021,18:00,280.419
8/12/2021,0:00,279.91
8/12/2021,6:00,277.272
8/12/2021,12:00,276.329
8/12/2021,18:00,279.85
8/13/2021,0:00,281.9
8/13/2021,6:00,279.056
8/13/2021,12:00,278.346
8/13/2021,18:00,282.575
8/14/2021,0:00,286.324
8/14/2021,6:00,283.765
8/14/2021,12:00,283.503
8/14/2021,18:00,286.251
8/15/2021,0:00,286.354
8/15/2021,6:00,285.344
8/15/2021,12:00,284.142
8/15/2021,18:00,287.984
8/16/2021,0:00,287.484
8/16/2021,6:00,284.411
8/16/2021,12:00,283.118
8/16/2021,18:00,287.436
8/17/2021,0:00,288.812
8/17/2021,6:00,287.515
8/17/2021,12:00,287.082
8/17/2021,18:00,290.845
8/18/2021,0:00,293.105
8/18/2021,6:00,291.8
8/18/2021,12:00,292.169
8/18/2021,18:00,296.358
8/19/2021,0:00,298.568
8/19/2021,6:00,295.403
8/19/2021,12:00,294.948
8/19/2021,18:00,297.302
8/20/2021,0:00,298.051
8/20/2021,6:00,293.967
8/20/2021,12:00,288.6
8/20/2021,18:00,291.605
8/21/2021,0:00,288.803
8/21/2021,6:00,286.916
8/21/2021,12:00,286.073
8/21/2021,18:00,288.165
8/22/2021,0:00,290.19
8/22/2021,6:00,289.498
8/22/2021,12:00,290.999
8/22/2021,18:00,294.703
8/23/2021,0:00,291.018
8/23/2021,6:00,290.335
8/23/2021,12:00,288.035
8/23/2021,18:00,288.484
8/24/2021,0:00,288.753
8/24/2021,6:00,285.931
8/24/2021,12:00,284.797
8/24/2021,18:00,287.327
8/25/2021,0:00,286.347
8/25/2021,6:00,286.141
8/25/2021,12:00,286.01
8/25/2021,18:00,286.134
8/26/2021,0:00,286.281
8/26/2021,6:00,284.586
8/26/2021,12:00,282.7
8/26/2021,18:00,284.525
8/27/2021,0:00,284.214
8/27/2021,6:00,281.899
8/27/2021,12:00,281
8/27/2021,18:00,285.378
8/28/2021,0:00,284.643
8/28/2021,6:00,282.639
8/28/2021,12:00,281.957
8/28/2021,18:00,286.292
8/29/2021,0:00,289.122
8/29/2021,6:00,286.444
8/29/2021,12:00,284.9
8/29/2021,18:00,289.375
8/30/2021,0:00,290.108
8/30/2021,6:00,288.141
8/30/2021,12:00,287.759
8/30/2021,18:00,292.265
8/31/2021,0:00,292.159
8/31/2021,6:00,288.843
8/31/2021,12:00,287.42
8/31/2021,18:00,291.946
9/1/2021,0:00,292.559
9/1/2021,6:00,289.805
9/1/2021,12:00,289.386
9/1/2021,18:00,293.224
9/2/2021,0:00,293.405
9/2/2021,6:00,291.219
9/2/2021,12:00,291.404
9/2/2021,18:00,295.637
9/3/2021,0:00,291.529
9/3/2021,6:00,288.922
9/3/2021,12:00,288.345
9/3/2021,18:00,291.263
9/4/2021,0:00,288.897
9/4/2021,6:00,287.334
9/4/2021,12:00,286.335
9/4/2021,18:00,289.788
9/5/2021,0:00,290.936
9/5/2021,6:00,288.408
9/5/2021,12:00,287.007
9/5/2021,18:00,290.553
9/6/2021,0:00,289.311
9/6/2021,6:00,286.921
9/6/2021,12:00,286.5
9/6/2021,18:00,290.7
9/7/2021,0:00,289.89
9/7/2021,6:00,288.506
9/7/2021,12:00,288.488
9/7/2021,18:00,289.676
9/8/2021,0:00,291.008
9/8/2021,6:00,289.789
9/8/2021,12:00,289.296
9/8/2021,18:00,288.4
9/9/2021,0:00,286.6
9/9/2021,6:00,282.751
9/9/2021,12:00,281.996
9/9/2021,18:00,284.085
9/10/2021,0:00,284.2
9/10/2021,6:00,282.636
9/10/2021,12:00,282.185
9/10/2021,18:00,286.118
9/11/2021,0:00,285.591
9/11/2021,6:00,283.711
9/11/2021,12:00,283.066
9/11/2021,18:00,287.595
9/12/2021,0:00,287.203
9/12/2021,6:00,286.3
9/12/2021,12:00,286.108
9/12/2021,18:00,292.2
9/13/2021,0:00,296.658
9/13/2021,6:00,292.725
9/13/2021,12:00,292.336
9/13/2021,18:00,293.514
9/14/2021,0:00,292.699
9/14/2021,6:00,291.63
9/14/2021,12:00,291.79
9/14/2021,18:00,289.682
9/15/2021,0:00,284.242
9/15/2021,6:00,281.609
9/15/2021,12:00,280.386
9/15/2021,18:00,285.214
9/16/2021,0:00,284.508
9/16/2021,6:00,281.551
9/16/2021,12:00,280.394
9/16/2021,18:00,285.763
9/17/2021,0:00,285.442
9/17/2021,6:00,283.598
9/17/2021,12:00,282.443
9/17/2021,18:00,287.308
9/18/2021,0:00,287.148
9/18/2021,6:00,286.16
9/18/2021,12:00,286.631
9/18/2021,18:00,290.911
9/19/2021,0:00,290.554
9/19/2021,6:00,289.393
9/19/2021,12:00,289.138
9/19/2021,18:00,292.543
9/20/2021,0:00,293.8
9/20/2021,6:00,293.1
9/20/2021,12:00,293.38
9/20/2021,18:00,295.991
9/21/2021,0:00,292.855
9/21/2021,6:00,288.522
9/21/2021,12:00,285.294
9/21/2021,18:00,286.419
9/22/2021,0:00,286.396
9/22/2021,6:00,282.418
9/22/2021,12:00,280.427
9/22/2021,18:00,285.832
9/23/2021,0:00,288.636
9/23/2021,6:00,286.706
9/23/2021,12:00,285.802
9/23/2021,18:00,285.58
9/24/2021,0:00,287.184
9/24/2021,6:00,283.974
9/24/2021,12:00,283.3
9/24/2021,18:00,288.304
9/25/2021,0:00,286.1
9/25/2021,6:00,284.3
9/25/2021,12:00,282.859
9/25/2021,18:00,288.88
9/26/2021,0:00,287.807
9/26/2021,6:00,285.046
9/26/2021,12:00,284.224
9/26/2021,18:00,290.482
9/27/2021,0:00,290.118
9/27/2021,6:00,287.1
9/27/2021,12:00,286.186
9/27/2021,18:00,292.764
9/28/2021,0:00,293.054
9/28/2021,6:00,291
9/28/2021,12:00,289.379
9/28/2021,18:00,291.216
9/29/2021,0:00,289.835
9/29/2021,6:00,288.74
9/29/2021,12:00,288.478
9/29/2021,18:00,290.187
9/30/2021,0:00,292.042
9/30/2021,6:00,288.754
9/30/2021,12:00,288.095
9/30/2021,18:00,291.165
10/1/2021,0:00,293.728
10/1/2021,6:00,292.126
10/1/2021,12:00,291.905
10/1/2021,18:00,291.924
10/2/2021,0:00,290.005
10/2/2021,6:00,286.693
10/2/2021,12:00,286.408
10/2/2021,18:00,290.715
10/3/2021,0:00,292.022
10/3/2021,6:00,290.816
10/3/2021,12:00,288.348
10/3/2021,18:00,291.232
10/4/2021,0:00,287.32
10/4/2021,6:00,283.433
10/4/2021,12:00,280.561
10/4/2021,18:00,285.563
10/5/2021,0:00,284.136
10/5/2021,6:00,281.345
10/5/2021,12:00,280.383
10/5/2021,18:00,287.099
10/6/2021,0:00,286.67
10/6/2021,6:00,284.155
10/6/2021,12:00,284.603
10/6/2021,18:00,288.616
10/7/2021,0:00,290.684
10/7/2021,6:00,283.705
10/7/2021,12:00,281.246
10/7/2021,18:00,285.526
10/8/2021,0:00,285.841
10/8/2021,6:00,283.98
10/8/2021,12:00,282.894
10/8/2021,18:00,286.885
10/9/2021,0:00,289.285
10/9/2021,6:00,287.239
10/9/2021,12:00,285.286
10/9/2021,18:00,289.558
10/10/2021,0:00,290.068
10/10/2021,6:00,289.556
10/10/2021,12:00,289.454
10/10/2021,18:00,289.778
10/11/2021,0:00,290.642
10/11/2021,6:00,290.054
10/11/2021,12:00,289.874
10/11/2021,18:00,291.495
10/12/2021,0:00,289.107
10/12/2021,6:00,287.179
10/12/2021,12:00,286.308
10/12/2021,18:00,291.585
10/13/2021,0:00,291.445
10/13/2021,6:00,289.195
10/13/2021,12:00,288.847
10/13/2021,18:00,294.308
10/14/2021,0:00,292.105
10/14/2021,6:00,288.985
10/14/2021,12:00,292.46
10/14/2021,18:00,293.288
10/15/2021,0:00,294.943
10/15/2021,6:00,291.525
10/15/2021,12:00,288.327
10/15/2021,18:00,288.923
10/16/2021,0:00,287.712
10/16/2021,6:00,282.795
10/16/2021,12:00,281.363
10/16/2021,18:00,286.7
10/17/2021,0:00,287.661
10/17/2021,6:00,284.283
10/17/2021,12:00,283.022
10/17/2021,18:00,287.97
10/18/2021,0:00,286.513
10/18/2021,6:00,282.66
10/18/2021,12:00,282.061
10/18/2021,18:00,289.147
10/19/2021,0:00,287.933
10/19/2021,6:00,284.64
10/19/2021,12:00,284.007
10/19/2021,18:00,291.261
10/20/2021,0:00,288.861
10/20/2021,6:00,285.2
10/20/2021,12:00,283.661
10/20/2021,18:00,290.694
10/21/2021,0:00,288.7
10/21/2021,6:00,284.613
10/21/2021,12:00,283.7
10/21/2021,18:00,291.014
10/22/2021,0:00,288.733
10/22/2021,6:00,285.131
10/22/2021,12:00,284.356
10/22/2021,18:00,292.065
10/23/2021,0:00,291.257
10/23/2021,6:00,288.993
10/23/2021,12:00,289.062
10/23/2021,18:00,290.039
10/24/2021,0:00,289.428
10/24/2021,6:00,285.538
10/24/2021,12:00,284.498
10/24/2021,18:00,290.49
10/25/2021,0:00,288.78
10/25/2021,6:00,285.552
10/25/2021,12:00,284.596
10/25/2021,18:00,291.533
10/26/2021,0:00,290.743
10/26/2021,6:00,288.044
10/26/2021,12:00,287.453
10/26/2021,18:00,294.823
10/27/2021,0:00,293.492
10/27/2021,6:00,290.852
10/27/2021,12:00,289.753
10/27/2021,18:00,297.587
10/28/2021,0:00,294.652
10/28/2021,6:00,291.467
10/28/2021,12:00,289.683
10/28/2021,18:00,296.455
10/29/2021,0:00,293.858
10/29/2021,6:00,290.459
10/29/2021,12:00,289.081
10/29/2021,18:00,295.92
10/30/2021,0:00,297.382
10/30/2021,6:00,291.062
10/30/2021,12:00,290.009
10/30/2021,18:00,296.458
10/31/2021,0:00,296.851
10/31/2021,6:00,292.365
10/31/2021,12:00,291.291
10/31/2021,18:00,297.981
11/1/2021,0:00,295.732
11/1/2021,6:00,292.765
11/1/2021,12:00,291.932
11/1/2021,18:00,298.736
11/2/2021,0:00,296.638
11/2/2021,6:00,293.264
11/2/2021,12:00,292.858
11/2/2021,18:00,299.588
11/3/2021,0:00,292.575
11/3/2021,6:00,292.197
11/3/2021,12:00,291.84
11/3/2021,18:00,293.714
11/4/2021,0:00,294.469
11/4/2021,6:00,291.858
11/4/2021,12:00,291.442
11/4/2021,18:00,297.195
11/5/2021,0:00,296.418
11/5/2021,6:00,292.748
11/5/2021,12:00,291.936
11/5/2021,18:00,296.558
11/6/2021,0:00,292.012
11/6/2021,6:00,289.108
11/6/2021,12:00,288.548
11/6/2021,18:00,289.923
11/7/2021,0:00,290.984
11/7/2021,6:00,289.607
11/7/2021,12:00,288.157
11/7/2021,18:00,291.547
11/8/2021,0:00,290.967
11/8/2021,6:00,287.243
11/8/2021,12:00,286.136
11/8/2021,18:00,293.085
11/9/2021,0:00,291.145
11/9/2021,6:00,287.883
11/9/2021,12:00,286.145
11/9/2021,18:00,294.243
11/10/2021,0:00,291.724
11/10/2021,6:00,288.551
11/10/2021,12:00,287.063
11/10/2021,18:00,292.694
11/11/2021,0:00,292.78
11/11/2021,6:00,287.557
11/11/2021,12:00,286.142
11/11/2021,18:00,292.184
11/12/2021,0:00,292.81
11/12/2021,6:00,287.338
11/12/2021,12:00,286.5
11/12/2021,18:00,292.685
11/13/2021,0:00,293.474
11/13/2021,6:00,287.784
11/13/2021,12:00,286.672
11/13/2021,18:00,294.383
11/14/2021,0:00,297.498
11/14/2021,6:00,291.851
11/14/2021,12:00,291.752
11/14/2021,18:00,295.474
11/15/2021,0:00,293.557
11/15/2021,6:00,290.718
11/15/2021,12:00,290.644
11/15/2021,18:00,296.376
11/16/2021,0:00,298.099
11/16/2021,6:00,296.501
11/16/2021,12:00,294.345
11/16/2021,18:00,293.033
11/17/2021,0:00,292.805
11/17/2021,6:00,288.277
11/17/2021,12:00,287.352
11/17/2021,18:00,287.49
11/18/2021,0:00,287.553
11/18/2021,6:00,285.611
11/18/2021,12:00,284.373
11/18/2021,18:00,291.788
11/19/2021,0:00,291.119
11/19/2021,6:00,286.879
11/19/2021,12:00,285.873
11/19/2021,18:00,293.594
11/20/2021,0:00,291.775
11/20/2021,6:00,287.121
11/20/2021,12:00,286.661
11/20/2021,18:00,295.3
11/21/2021,0:00,294.056
11/21/2021,6:00,291.175
11/21/2021,12:00,290.068
11/21/2021,18:00,299.186
11/22/2021,0:00,296.838
11/22/2021,6:00,292.891
11/22/2021,12:00,292.035
11/22/2021,18:00,301.324
11/23/2021,0:00,300.599
11/23/2021,6:00,296.834
11/23/2021,12:00,291.808
11/23/2021,18:00,296.641
11/24/2021,0:00,293.525
11/24/2021,6:00,289.246
11/24/2021,12:00,286.641
11/24/2021,18:00,296.006
11/25/2021,0:00,295.985
11/25/2021,6:00,292.717
11/25/2021,12:00,292.024
11/25/2021,18:00,291.802
11/26/2021,0:00,293.615
11/26/2021,6:00,291.525
11/26/2021,12:00,290.993
11/26/2021,18:00,294.579
11/27/2021,0:00,294.618
11/27/2021,6:00,288.999
11/27/2021,12:00,288.317
11/27/2021,18:00,293.714
11/28/2021,0:00,295.811
11/28/2021,6:00,293.306
11/28/2021,12:00,292.332
11/28/2021,18:00,292.477
11/29/2021,0:00,290.961
11/29/2021,6:00,288.023
11/29/2021,12:00,287.2
11/29/2021,18:00,293.3
11/30/2021,0:00,292.823
11/30/2021,6:00,289.403
11/30/2021,12:00,288.242
11/30/2021,18:00,296.011
12/1/2021,0:00,292.562
12/1/2021,6:00,288.196
12/1/2021,12:00,287.133
12/1/2021,18:00,295.368
12/2/2021,0:00,294.304
12/2/2021,6:00,289.931
12/2/2021,12:00,288.001
12/2/2021,18:00,294.647
12/3/2021,0:00,292.78
12/3/2021,6:00,288.427
12/3/2021,12:00,286.606
12/3/2021,18:00,294.431
12/4/2021,0:00,296.126
12/4/2021,6:00,290.437
12/4/2021,12:00,288.815
12/4/2021,18:00,296.281
12/5/2021,0:00,298.302
12/5/2021,6:00,293.605
12/5/2021,12:00,291.66
12/5/2021,18:00,298.031
12/6/2021,0:00,295.421
12/6/2021,6:00,291.026
12/6/2021,12:00,289.449
12/6/2021,18:00,297.109
12/7/2021,0:00,296.663
12/7/2021,6:00,290.99
12/7/2021,12:00,289.508
12/7/2021,18:00,296.408
12/8/2021,0:00,295.977
12/8/2021,6:00,289.759
12/8/2021,12:00,288.401
12/8/2021,18:00,296.064
12/9/2021,0:00,295.912
12/9/2021,6:00,290.247
12/9/2021,12:00,288.307
12/9/2021,18:00,295.818
12/10/2021,0:00,296.278
12/10/2021,6:00,290.23
12/10/2021,12:00,288.427
12/10/2021,18:00,296.265
12/11/2021,0:00,297.942
12/11/2021,6:00,293.177
12/11/2021,12:00,290.044
12/11/2021,18:00,299.215
12/12/2021,0:00,299.496
12/12/2021,6:00,295.34
12/12/2021,12:00,291.661
12/12/2021,18:00,297.685
12/13/2021,0:00,301.652
12/13/2021,6:00,294.201
12/13/2021,12:00,295.093
12/13/2021,18:00,297.675
12/14/2021,0:00,294.21
12/14/2021,6:00,293.786
12/14/2021,12:00,294.001
12/14/2021,18:00,294.518
12/15/2021,0:00,295.304
12/15/2021,6:00,292.585
12/15/2021,12:00,292.454
12/15/2021,18:00,294.818
12/16/2021,0:00,295.081
12/16/2021,6:00,291.373
12/16/2021,12:00,290.372
12/16/2021,18:00,297.24
12/17/2021,0:00,298.341
12/17/2021,6:00,292.963
12/17/2021,12:00,290.162
12/17/2021,18:00,296.73
12/18/2021,0:00,298.213
12/18/2021,6:00,291.507
12/18/2021,12:00,291.383
12/18/2021,18:00,297.625
12/19/2021,0:00,298.384
12/19/2021,6:00,292.026
12/19/2021,12:00,290.257
12/19/2021,18:00,298.262
12/20/2021,0:00,302.489
12/20/2021,6:00,296.585
12/20/2021,12:00,295.108
12/20/2021,18:00,304.736
12/21/2021,0:00,305.866
12/21/2021,6:00,297.235
12/21/2021,12:00,294.983
12/21/2021,18:00,303.192
12/22/2021,0:00,295.932
12/22/2021,6:00,293.901
12/22/2021,12:00,293.033
12/22/2021,18:00,300.235
12/23/2021,0:00,300.152
12/23/2021,6:00,293.17
12/23/2021,12:00,289.275
12/23/2021,18:00,297.126
12/24/2021,0:00,297.171
12/24/2021,6:00,292.023
12/24/2021,12:00,288.939
12/24/2021,18:00,297.283
12/25/2021,0:00,298.51
12/25/2021,6:00,292.041
12/25/2021,12:00,289.868
12/25/2021,18:00,300.936
12/26/2021,0:00,302.679
12/26/2021,6:00,295.101
12/26/2021,12:00,293.175
12/26/2021,18:00,300.913
12/27/2021,0:00,299.198
12/27/2021,6:00,292.957
12/27/2021,12:00,291.143
12/27/2021,18:00,303.116
12/28/2021,0:00,301.359
12/28/2021,6:00,293.398
12/28/2021,12:00,291.323
12/28/2021,18:00,302.062
12/29/2021,0:00,300.398
12/29/2021,6:00,294.415
12/29/2021,12:00,291.062
12/29/2021,18:00,299.741
12/30/2021,0:00,302.551
12/30/2021,6:00,293.751
12/30/2021,12:00,291.652
12/30/2021,18:00,301.11
12/31/2021,0:00,304.213
12/31/2021,6:00,295.806
12/31/2021,12:00,294.455
12/31/2021,18:00,303.348
1/1/2022,0:00,304.691
1/1/2022,6:00,297.083
1/1/2022,12:00,295.976
1/1/2022,18:00,306.232
1/2/2022,0:00,305.518
1/2/2022,6:00,298.275
1/2/2022,12:00,296.281
1/2/2022,18:00,308.086
1/3/2022,0:00,305.888
1/3/2022,6:00,297.901
1/3/2022,12:00,296.075
1/3/2022,18:00,303.982
1/4/2022,0:00,296.866
1/4/2022,6:00,295.738
1/4/2022,12:00,296.947
1/4/2022,18:00,300.185
1/5/2022,0:00,298.012
1/5/2022,6:00,293.569
1/5/2022,12:00,293.738
1/5/2022,18:00,297.751
1/6/2022,0:00,299.215
1/6/2022,6:00,290.558
1/6/2022,12:00,288.257
1/6/2022,18:00,295.894
1/7/2022,0:00,297.416
1/7/2022,6:00,291.294
1/7/2022,12:00,289.512
1/7/2022,18:00,296.367
1/8/2022,0:00,298.089
1/8/2022,6:00,291.714
1/8/2022,12:00,289.709
1/8/2022,18:00,296.067
1/9/2022,0:00,300.851
1/9/2022,6:00,292.468
1/9/2022,12:00,290.928
1/9/2022,18:00,298.277
1/10/2022,0:00,301.658
1/10/2022,6:00,293.824
1/10/2022,12:00,290.499
1/10/2022,18:00,299.423
1/11/2022,0:00,300.967
1/11/2022,6:00,294.071
1/11/2022,12:00,291.976
1/11/2022,18:00,302.051
1/12/2022,0:00,303.035
1/12/2022,6:00,295.216
1/12/2022,12:00,293.409
1/12/2022,18:00,304.268
1/13/2022,0:00,304.312
1/13/2022,6:00,296.516
1/13/2022,12:00,294.165
1/13/2022,18:00,304.339
1/14/2022,0:00,304.123
1/14/2022,6:00,298.835
1/14/2022,12:00,297.667
1/14/2022,18:00,305.332
1/15/2022,0:00,306.264
1/15/2022,6:00,300.302
1/15/2022,12:00,299.311
1/15/2022,18:00,306.126
1/16/2022,0:00,306.297
1/16/2022,6:00,296.961
1/16/2022,12:00,295.872
1/16/2022,18:00,298.782
1/17/2022,0:00,305.669
1/17/2022,6:00,300.558
1/17/2022,12:00,296.37
1/17/2022,18:00,302.406
1/18/2022,0:00,302.574
1/18/2022,6:00,297.604
1/18/2022,12:00,297.177
1/18/2022,18:00,301.287
1/19/2022,0:00,300.218
1/19/2022,6:00,299.495
1/19/2022,12:00,297.629
1/19/2022,18:00,307.221
1/20/2022,0:00,307.954
1/20/2022,6:00,301.715
1/20/2022,12:00,299.672
1/20/2022,18:00,308.456
1/21/2022,0:00,303.921
1/21/2022,6:00,300.482
1/21/2022,12:00,298.602
1/21/2022,18:00,306.52
1/22/2022,0:00,306.069
1/22/2022,6:00,302.808
1/22/2022,12:00,301.172
1/22/2022,18:00,308.775
1/23/2022,0:00,307.368
1/23/2022,6:00,303.295
1/23/2022,12:00,302.859
1/23/2022,18:00,308.516
1/24/2022,0:00,306.531
1/24/2022,6:00,299.79
1/24/2022,12:00,300.152
1/24/2022,18:00,308.498
1/25/2022,0:00,300.581
1/25/2022,6:00,297.709
1/25/2022,12:00,297.097
1/25/2022,18:00,304.599
1/26/2022,0:00,297.549
1/26/2022,6:00,295.746
1/26/2022,12:00,297.031
1/26/2022,18:00,302.133
1/27/2022,0:00,297.485
1/27/2022,6:00,296.147
1/27/2022,12:00,294.442
1/27/2022,18:00,296.177
1/28/2022,0:00,296.45
1/28/2022,6:00,290.989
1/28/2022,12:00,289.037
1/28/2022,18:00,295.12
1/29/2022,0:00,296.696
1/29/2022,6:00,291.361
1/29/2022,12:00,289.609
1/29/2022,18:00,295.319
1/30/2022,0:00,297.245
1/30/2022,6:00,292.184
1/30/2022,12:00,289.757
1/30/2022,18:00,297.17
1/31/2022,0:00,299.047
1/31/2022,6:00,294.314
1/31/2022,12:00,292.934
1/31/2022,18:00,301.457
2/1/2022,0:00,301.261
2/1/2022,6:00,293.815
2/1/2022,12:00,291.864
2/1/2022,18:00,297.821
2/2/2022,0:00,301.419
2/2/2022,6:00,295.501
2/2/2022,12:00,293.288
2/2/2022,18:00,302.447
2/3/2022,0:00,304.411
2/3/2022,6:00,297.492
2/3/2022,12:00,296.34
2/3/2022,18:00,305.565
2/4/2022,0:00,296.933
2/4/2022,6:00,294.446
2/4/2022,12:00,293.822
2/4/2022,18:00,297.438
2/5/2022,0:00,299.449
2/5/2022,6:00,295.393
2/5/2022,12:00,294.384
2/5/2022,18:00,299.304
2/6/2022,0:00,299.42
2/6/2022,6:00,292.368
2/6/2022,12:00,289.771
2/6/2022,18:00,294.581
2/7/2022,0:00,293.315
2/7/2022,6:00,288.408
2/7/2022,12:00,286.911
2/7/2022,18:00,294.79
2/8/2022,0:00,295.54
2/8/2022,6:00,289.663
2/8/2022,12:00,288.054
2/8/2022,18:00,295.592
2/9/2022,0:00,295.705
2/9/2022,6:00,291.551
2/9/2022,12:00,289.15
2/9/2022,18:00,295.687
2/10/2022,0:00,297.23
2/10/2022,6:00,292.312
2/10/2022,12:00,289.47
2/10/2022,18:00,297.087
2/11/2022,0:00,299.776
2/11/2022,6:00,294.626
2/11/2022,12:00,292.59
2/11/2022,18:00,301.928
2/12/2022,0:00,302.71
2/12/2022,6:00,298.104
2/12/2022,12:00,294.605
2/12/2022,18:00,302.827
2/13/2022,0:00,297.977
2/13/2022,6:00,293.058
2/13/2022,12:00,291.013
2/13/2022,18:00,295.725
2/14/2022,0:00,294.835
2/14/2022,6:00,288.528
2/14/2022,12:00,287.694
2/14/2022,18:00,295.325
2/15/2022,0:00,298.234
2/15/2022,6:00,291.619
2/15/2022,12:00,290.455
2/15/2022,18:00,299.481
2/16/2022,0:00,299.646
2/16/2022,6:00,292.983
2/16/2022,12:00,291.266
2/16/2022,18:00,300.438
2/17/2022,0:00,300.586
2/17/2022,6:00,294.266
2/17/2022,12:00,292.763
2/17/2022,18:00,301.444
2/18/2022,0:00,301.797
2/18/2022,6:00,295.764
2/18/2022,12:00,291.554
2/18/2022,18:00,298.934
2/19/2022,0:00,300.626
2/19/2022,6:00,294.174
2/19/2022,12:00,290.896
2/19/2022,18:00,298.884
2/20/2022,0:00,300.863
2/20/2022,6:00,293.549
2/20/2022,12:00,292.918
2/20/2022,18:00,301.437
2/21/2022,0:00,298.492
2/21/2022,6:00,297.756
2/21/2022,12:00,294.091
2/21/2022,18:00,301.752
2/22/2022,0:00,302.607
2/22/2022,6:00,295.447
2/22/2022,12:00,293.075
2/22/2022,18:00,298.993
2/23/2022,0:00,300.179
2/23/2022,6:00,294.531
2/23/2022,12:00,291.189
2/23/2022,18:00,298.543
2/24/2022,0:00,300.617
2/24/2022,6:00,295.132
2/24/2022,12:00,292.967
2/24/2022,18:00,300.243
2/25/2022,0:00,299.947
2/25/2022,6:00,294.935
2/25/2022,12:00,295.177
2/25/2022,18:00,295.21
2/26/2022,0:00,300.933
2/26/2022,6:00,297.417
2/26/2022,12:00,296.146
2/26/2022,18:00,302.843
2/27/2022,0:00,304.501
2/27/2022,6:00,299.175
2/27/2022,12:00,297.712
2/27/2022,18:00,306.092
2/28/2022,0:00,306.02
2/28/2022,6:00,297.335
2/28/2022,12:00,295.273
2/28/2022,18:00,297.878
3/1/2022,0:00,295.431
3/1/2022,6:00,293.783
3/1/2022,12:00,292.177
3/1/2022,18:00,294.341
3/2/2022,0:00,298.238
3/2/2022,6:00,293.298
3/2/2022,12:00,292.836
3/2/2022,18:00,298.836
3/3/2022,0:00,298.625
3/3/2022,6:00,294.239
3/3/2022,12:00,292.092
3/3/2022,18:00,298.068
3/4/2022,0:00,297.952
3/4/2022,6:00,294.099
3/4/2022,12:00,293.35
3/4/2022,18:00,298.712
3/5/2022,0:00,299.988
3/5/2022,6:00,297.68
3/5/2022,12:00,297.443
3/5/2022,18:00,303.146
3/6/2022,0:00,298.342
3/6/2022,6:00,295.809
3/6/2022,12:00,294.631
3/6/2022,18:00,296.486
3/7/2022,0:00,296.39
3/7/2022,6:00,294.907
3/7/2022,12:00,294.342
3/7/2022,18:00,299.002
3/8/2022,0:00,296.425
3/8/2022,6:00,293.496
3/8/2022,12:00,293.064
3/8/2022,18:00,295.882
3/9/2022,0:00,295.088
3/9/2022,6:00,294.51
3/9/2022,12:00,293.481
3/9/2022,18:00,297.273
3/10/2022,0:00,296.269
3/10/2022,6:00,293.896
3/10/2022,12:00,293.839
3/10/2022,18:00,293.801
3/11/2022,0:00,292.02
3/11/2022,6:00,292.242
3/11/2022,12:00,291.491
3/11/2022,18:00,292.973
3/12/2022,0:00,290.303
3/12/2022,6:00,287.22
3/12/2022,12:00,286.433
3/12/2022,18:00,290.7
3/13/2022,0:00,291.697
3/13/2022,6:00,288.807
3/13/2022,12:00,287.701
3/13/2022,18:00,291.38
3/14/2022,0:00,289.861
3/14/2022,6:00,287.861
3/14/2022,12:00,287.701
3/14/2022,18:00,292.868
3/15/2022,0:00,292.612
3/15/2022,6:00,289.756
3/15/2022,12:00,288.864
3/15/2022,18:00,293.5
3/16/2022,0:00,294.1
3/16/2022,6:00,290.969
3/16/2022,12:00,290.88
3/16/2022,18:00,294.573
3/17/2022,0:00,296.397
3/17/2022,6:00,293.623
3/17/2022,12:00,292.623
3/17/2022,18:00,296.724
3/18/2022,0:00,297.676
3/18/2022,6:00,295.233
3/18/2022,12:00,294.973
3/18/2022,18:00,299.458
3/19/2022,0:00,291.681
3/19/2022,6:00,288.099
3/19/2022,12:00,286.845
3/19/2022,18:00,289.476
3/20/2022,0:00,288.477
3/20/2022,6:00,285.912
3/20/2022,12:00,285.172
3/20/2022,18:00,288.949
3/21/2022,0:00,289.885
3/21/2022,6:00,286.919
3/21/2022,12:00,286.518
3/21/2022,18:00,290.633
3/22/2022,0:00,296.379
3/22/2022,6:00,291.095
3/22/2022,12:00,289.746
3/22/2022,18:00,294.5
3/23/2022,0:00,292.589
3/23/2022,6:00,291.854
3/23/2022,12:00,291.854
3/23/2022,18:00,293.185
3/24/2022,0:00,292.454
3/24/2022,6:00,292.766
3/24/2022,12:00,292.702
3/24/2022,18:00,293.944
3/25/2022,0:00,289.357
3/25/2022,6:00,284.449
3/25/2022,12:00,284
3/25/2022,18:00,287.88
3/26/2022,0:00,290.842
3/26/2022,6:00,289.185
3/26/2022,12:00,288.871
3/26/2022,18:00,290.385
3/27/2022,0:00,292.417
3/27/2022,6:00,289.018
3/27/2022,12:00,288.031
3/27/2022,18:00,292.863
3/28/2022,0:00,292.7
3/28/2022,6:00,290.068
3/28/2022,12:00,288.414
3/28/2022,18:00,293.635
3/29/2022,0:00,293.227
3/29/2022,6:00,290.56
3/29/2022,12:00,288.829
3/29/2022,18:00,294.8
3/30/2022,0:00,297.004
3/30/2022,6:00,293.366
3/30/2022,12:00,286.472
3/30/2022,18:00,286.269
3/31/2022,0:00,285.607
3/31/2022,6:00,282.485
3/31/2022,12:00,280.549
3/31/2022,18:00,285.206
4/1/2022,0:00,285.298
4/1/2022,6:00,282.05
4/1/2022,12:00,280.944
4/1/2022,18:00,286.266
4/2/2022,0:00,286.755
4/2/2022,6:00,284.255
4/2/2022,12:00,283.1
4/2/2022,18:00,287.762
4/3/2022,0:00,291.052
4/3/2022,6:00,290.074
4/3/2022,12:00,289.215
4/3/2022,18:00,289.949
4/4/2022,0:00,290.24
4/4/2022,6:00,290.54
4/4/2022,12:00,290.733
4/4/2022,18:00,293.556
4/5/2022,0:00,291.861
4/5/2022,6:00,290
4/5/2022,12:00,289.003
4/5/2022,18:00,291.367
4/6/2022,0:00,293.743
4/6/2022,6:00,290.54
4/6/2022,12:00,289.158
4/6/2022,18:00,292.684
4/7/2022,0:00,293.958
4/7/2022,6:00,292
4/7/2022,12:00,291.081
4/7/2022,18:00,292.467
4/8/2022,0:00,292
4/8/2022,6:00,289.799
4/8/2022,12:00,289.5
4/8/2022,18:00,292.797
4/9/2022,0:00,292.172
4/9/2022,6:00,288.967
4/9/2022,12:00,288
4/9/2022,18:00,292.219
4/10/2022,0:00,291.406
4/10/2022,6:00,289.521
4/10/2022,12:00,289.052
4/10/2022,18:00,292.4
4/11/2022,0:00,292.401
4/11/2022,6:00,291.5
4/11/2022,12:00,291.746
4/11/2022,18:00,292.524
4/12/2022,0:00,292.241
4/12/2022,6:00,292.194
4/12/2022,12:00,291.186
4/12/2022,18:00,292.515
4/13/2022,0:00,291.6
4/13/2022,6:00,287.615
4/13/2022,12:00,286.4
4/13/2022,18:00,289.709
4/14/2022,0:00,288.156
4/14/2022,6:00,283.604
4/14/2022,12:00,281.698
4/14/2022,18:00,286.398
4/15/2022,0:00,285.948
4/15/2022,6:00,283.218
4/15/2022,12:00,281.083
4/15/2022,18:00,285.539
4/16/2022,0:00,286.624
4/16/2022,6:00,284.584
4/16/2022,12:00,283.7
4/16/2022,18:00,287.697
4/17/2022,0:00,287.249
4/17/2022,6:00,285.008
4/17/2022,12:00,283.475
4/17/2022,18:00,288.019
4/18/2022,0:00,288.167
4/18/2022,6:00,285.654
4/18/2022,12:00,284.8
4/18/2022,18:00,288.956
4/19/2022,0:00,290.186
4/19/2022,6:00,288.005
4/19/2022,12:00,287.194
4/19/2022,18:00,291.745
4/20/2022,0:00,291.206
4/20/2022,6:00,288.556
4/20/2022,12:00,287.6
4/20/2022,18:00,291.9
4/21/2022,0:00,291.604
4/21/2022,6:00,289.067
4/21/2022,12:00,287.9
4/21/2022,18:00,291.681
4/22/2022,0:00,290.742
4/22/2022,6:00,289.917
4/22/2022,12:00,289.336
4/22/2022,18:00,291.889
4/23/2022,0:00,290.958
4/23/2022,6:00,284.415
4/23/2022,12:00,281.807
4/23/2022,18:00,285.931
4/24/2022,0:00,286.513
4/24/2022,6:00,284.15
4/24/2022,12:00,283.625
4/24/2022,18:00,288.9
4/25/2022,0:00,294.224
4/25/2022,6:00,293.757
4/25/2022,12:00,293.771
4/25/2022,18:00,294.656
4/26/2022,0:00,295.408
4/26/2022,6:00,292.612
4/26/2022,12:00,293.424
4/26/2022,18:00,295.229
4/27/2022,0:00,297.304
4/27/2022,6:00,296.525
4/27/2022,12:00,297.003
4/27/2022,18:00,298.603
4/28/2022,0:00,297.025
4/28/2022,6:00,295.25
4/28/2022,12:00,294.251
4/28/2022,18:00,290.177
4/29/2022,0:00,290.875
4/29/2022,6:00,286.253
4/29/2022,12:00,282.702
4/29/2022,18:00,284.277
4/30/2022,0:00,283.356
4/30/2022,6:00,282.525
4/30/2022,12:00,282.834
4/30/2022,18:00,285.4
5/1/2022,0:00,287.239
5/1/2022,6:00,286.326
5/1/2022,12:00,286.803
5/1/2022,18:00,287.765
5/2/2022,0:00,288.424
5/2/2022,6:00,286.802
5/2/2022,12:00,285.7
5/2/2022,18:00,285.164
5/3/2022,0:00,285.221
5/3/2022,6:00,285.398
5/3/2022,12:00,285.215
5/3/2022,18:00,285.515
5/4/2022,0:00,284.9
5/4/2022,6:00,285.298
5/4/2022,12:00,285.908
5/4/2022,18:00,287.231
5/5/2022,0:00,289.865
5/5/2022,6:00,286.165
5/5/2022,12:00,284.81
5/5/2022,18:00,287.715
5/6/2022,0:00,288.013
5/6/2022,6:00,285.237
5/6/2022,12:00,284.032
5/6/2022,18:00,287.199
5/7/2022,0:00,287.351
5/7/2022,6:00,286.189
5/7/2022,12:00,284.655
5/7/2022,18:00,287.821
5/8/2022,0:00,286.792
5/8/2022,6:00,284.154
5/8/2022,12:00,283.939
5/8/2022,18:00,287.948
5/9/2022,0:00,289.2
5/9/2022,6:00,287.081
5/9/2022,12:00,284.558
5/9/2022,18:00,288.135
5/10/2022,0:00,289.027
5/10/2022,6:00,288.547
5/10/2022,12:00,287.6
5/10/2022,18:00,288.502
5/11/2022,0:00,288.139
5/11/2022,6:00,286.2
5/11/2022,12:00,284.62
5/11/2022,18:00,287.616
5/12/2022,0:00,285.731
5/12/2022,6:00,283.061
5/12/2022,12:00,281.408
5/12/2022,18:00,284.948
5/13/2022,0:00,284.561
5/13/2022,6:00,282.564
5/13/2022,12:00,281.486
5/13/2022,18:00,284.89
5/14/2022,0:00,286.265
5/14/2022,6:00,285.016
5/14/2022,12:00,284.79
5/14/2022,18:00,287.469
5/15/2022,0:00,288.361
5/15/2022,6:00,288.446
5/15/2022,12:00,287.306
5/15/2022,18:00,287.015
5/16/2022,0:00,283.139
5/16/2022,6:00,279.504
5/16/2022,12:00,277.746
5/16/2022,18:00,281.138
5/17/2022,0:00,284.069
5/17/2022,6:00,282.821
5/17/2022,12:00,277.583
5/17/2022,18:00,280.036
5/18/2022,0:00,282.477
5/18/2022,6:00,282.676
5/18/2022,12:00,281.686
5/18/2022,18:00,283.785
5/19/2022,0:00,282.898
5/19/2022,6:00,279.827
5/19/2022,12:00,278.911
5/19/2022,18:00,282.252
5/20/2022,0:00,282.78
5/20/2022,6:00,281.075
5/20/2022,12:00,279.265
5/20/2022,18:00,282.918
5/21/2022,0:00,282.973
5/21/2022,6:00,280.928
5/21/2022,12:00,280.09
5/21/2022,18:00,283.542
5/22/2022,0:00,285.171
5/22/2022,6:00,282.858
5/22/2022,12:00,282.554
5/22/2022,18:00,285.627
5/23/2022,0:00,285.516
5/23/2022,6:00,283.486
5/23/2022,12:00,282.541
5/23/2022,18:00,286.054
5/24/2022,0:00,287.091
5/24/2022,6:00,285.482
5/24/2022,12:00,285.01
5/24/2022,18:00,288.21
5/25/2022,0:00,289.985
5/25/2022,6:00,288.336
5/25/2022,12:00,287.87
5/25/2022,18:00,291.3
5/26/2022,0:00,290.01
5/26/2022,6:00,290.424
5/26/2022,12:00,287.728
5/26/2022,18:00,288.142
5/27/2022,0:00,289.115
5/27/2022,6:00,290.101
5/27/2022,12:00,289.893
5/27/2022,18:00,290.569
5/28/2022,0:00,290.843
5/28/2022,6:00,289.27
5/28/2022,12:00,288.932
5/28/2022,18:00,289.828
5/29/2022,0:00,290.415
5/29/2022,6:00,290.042
5/29/2022,12:00,287.6
5/29/2022,18:00,288.315
5/30/2022,0:00,283.841
5/30/2022,6:00,279.89
5/30/2022,12:00,276.948
5/30/2022,18:00,279.712
5/31/2022,0:00,278.8
5/31/2022,6:00,276.474
5/31/2022,12:00,275.621
5/31/2022,18:00,278.512
6/1/2022,0:00,278.094
6/1/2022,6:00,276.303
6/1/2022,12:00,275.703
6/1/2022,18:00,278.953
6/2/2022,0:00,279.031
6/2/2022,6:00,277.705
6/2/2022,12:00,275.694
6/2/2022,18:00,279.08
6/3/2022,0:00,279.399
6/3/2022,6:00,277.107
6/3/2022,12:00,276.3
6/3/2022,18:00,279.305
6/4/2022,0:00,279.344
6/4/2022,6:00,279.11
6/4/2022,12:00,279.007
6/4/2022,18:00,281.758
6/5/2022,0:00,287.917
6/5/2022,6:00,287.917
6/5/2022,12:00,288.232
6/5/2022,18:00,289.188
6/6/2022,0:00,289.948
6/6/2022,6:00,290.245
6/6/2022,12:00,290.445
6/6/2022,18:00,289.85
6/7/2022,0:00,288.684
6/7/2022,6:00,287.837
6/7/2022,12:00,287.118
6/7/2022,18:00,288.456
6/8/2022,0:00,288.844
6/8/2022,6:00,287.5
6/8/2022,12:00,288.196
6/8/2022,18:00,288.661
6/9/2022,0:00,288.118
6/9/2022,6:00,286.032
6/9/2022,12:00,285.21
6/9/2022,18:00,287.148
6/10/2022,0:00,288.019
6/10/2022,6:00,286.015
6/10/2022,12:00,283.723
6/10/2022,18:00,284.373
6/11/2022,0:00,279.027
6/11/2022,6:00,275.841
6/11/2022,12:00,274.385
6/11/2022,18:00,277.068
6/12/2022,0:00,278.225
6/12/2022,6:00,276.636
6/12/2022,12:00,275.858
6/12/2022,18:00,279.034
6/13/2022,0:00,280.849
6/13/2022,6:00,278.391
6/13/2022,12:00,277.397
6/13/2022,18:00,280.532
6/14/2022,0:00,281.898
6/14/2022,6:00,281.21
6/14/2022,12:00,280.856
6/14/2022,18:00,283.4
6/15/2022,0:00,285.498
6/15/2022,6:00,283.657
6/15/2022,12:00,282.345
6/15/2022,18:00,284.935
6/16/2022,0:00,286.316
6/16/2022,6:00,285.145
6/16/2022,12:00,285.226
6/16/2022,18:00,287.167
6/17/2022,0:00,288.716
6/17/2022,6:00,288.896
6/17/2022,12:00,288.64
6/17/2022,18:00,286.515
6/18/2022,0:00,281.724
6/18/2022,6:00,278.593
6/18/2022,12:00,277.056
6/18/2022,18:00,279.082
6/19/2022,0:00,279.215
6/19/2022,6:00,277.521
6/19/2022,12:00,276.6
6/19/2022,18:00,279.463
6/20/2022,0:00,280.886
6/20/2022,6:00,279.308
6/20/2022,12:00,279.165
6/20/2022,18:00,282
6/21/2022,0:00,286.072
6/21/2022,6:00,285.544
6/21/2022,12:00,286.851
6/21/2022,18:00,288.752
6/22/2022,0:00,288.782
6/22/2022,6:00,287.452
6/22/2022,12:00,284.806
6/22/2022,18:00,285.306
6/23/2022,0:00,284.229
6/23/2022,6:00,283.751
6/23/2022,12:00,282.482
6/23/2022,18:00,282.771
6/24/2022,0:00,285.616
6/24/2022,6:00,285.1
6/24/2022,12:00,285.1
6/24/2022,18:00,285.762
6/25/2022,0:00,285.403
6/25/2022,6:00,284.235
6/25/2022,12:00,283.444
6/25/2022,18:00,283.365
6/26/2022,0:00,281.888
6/26/2022,6:00,280.95
6/26/2022,12:00,279.943
6/26/2022,18:00,281.028
6/27/2022,0:00,282.698
6/27/2022,6:00,282.008
6/27/2022,12:00,282.644
6/27/2022,18:00,285.6
6/28/2022,0:00,288.147
6/28/2022,6:00,287.819
6/28/2022,12:00,288.556
6/28/2022,18:00,286.767
6/29/2022,0:00,283.294
6/29/2022,6:00,280.054
6/29/2022,12:00,278.867
6/29/2022,18:00,281.448
6/30/2022,0:00,282.432
6/30/2022,6:00,281.11
6/30/2022,12:00,280.309
6/30/2022,18:00,282.827
7/1/2022,0:00,283.1
7/1/2022,6:00,281.022
7/1/2022,12:00,280.681
7/1/2022,18:00,282.979
7/2/2022,0:00,288.54
7/2/2022,6:00,288.51
7/2/2022,12:00,288.589
7/2/2022,18:00,289.385
7/3/2022,0:00,288.314
7/3/2022,6:00,285.102
7/3/2022,12:00,285.103
7/3/2022,18:00,286.496
7/4/2022,0:00,286.297
7/4/2022,6:00,286.704
7/4/2022,12:00,287.473
7/4/2022,18:00,289.904
7/5/2022,0:00,291.779
7/5/2022,6:00,290.574
7/5/2022,12:00,289.823
7/5/2022,18:00,290.12
7/6/2022,0:00,289.3
7/6/2022,6:00,288.8
7/6/2022,12:00,289.331
7/6/2022,18:00,290.967
7/7/2022,0:00,290.929
7/7/2022,6:00,290.24
7/7/2022,12:00,288.201
7/7/2022,18:00,289.62
7/8/2022,0:00,287.668
7/8/2022,6:00,286.474
7/8/2022,12:00,284.898
7/8/2022,18:00,286.843
7/9/2022,0:00,289.776
7/9/2022,6:00,288.824
7/9/2022,12:00,289.024
7/9/2022,18:00,291.204
7/10/2022,0:00,292.7
7/10/2022,6:00,292.127
7/10/2022,12:00,292.646
7/10/2022,18:00,293.437
7/11/2022,0:00,293.739
7/11/2022,6:00,294.078
7/11/2022,12:00,294.492
7/11/2022,18:00,291.824
7/12/2022,0:00,284.504
7/12/2022,6:00,282.491
7/12/2022,12:00,280.9
7/12/2022,18:00,281.9
7/13/2022,0:00,281.598
7/13/2022,6:00,279.508
7/13/2022,12:00,278.246
7/13/2022,18:00,280.641
7/14/2022,0:00,282.953
7/14/2022,6:00,284.222
7/14/2022,12:00,284.236
7/14/2022,18:00,287.805
7/15/2022,0:00,290.1
7/15/2022,6:00,289.616
7/15/2022,12:00,289.284
7/15/2022,18:00,291.039
7/16/2022,0:00,291.673
7/16/2022,6:00,289.734
7/16/2022,12:00,289.931
7/16/2022,18:00,285.476
7/17/2022,0:00,281.984
7/17/2022,6:00,280.743
7/17/2022,12:00,279.265
7/17/2022,18:00,280.708
7/18/2022,0:00,281.898
7/18/2022,6:00,280.363
7/18/2022,12:00,279.236
7/18/2022,18:00,281.602
7/19/2022,0:00,285.516
7/19/2022,6:00,283.165
7/19/2022,12:00,282.043
7/19/2022,18:00,283.727
7/20/2022,0:00,284.257
7/20/2022,6:00,283.61
7/20/2022,12:00,283.6
7/20/2022,18:00,286.569
7/21/2022,0:00,291.696
7/21/2022,6:00,291.185
7/21/2022,12:00,290.69
7/21/2022,18:00,292.295
7/22/2022,0:00,292.554
7/22/2022,6:00,291.26
7/22/2022,12:00,290.181
7/22/2022,18:00,291.937
7/23/2022,0:00,290.8
7/23/2022,6:00,290.064
7/23/2022,12:00,289.449
7/23/2022,18:00,291.687
7/24/2022,0:00,293.068
7/24/2022,6:00,291.565
7/24/2022,12:00,291.417
7/24/2022,18:00,292.642
7/25/2022,0:00,293.617
7/25/2022,6:00,291.811
7/25/2022,12:00,290.761
7/25/2022,18:00,293.539
7/26/2022,0:00,293.208
7/26/2022,6:00,291.649
7/26/2022,12:00,290.273
7/26/2022,18:00,292.29
7/27/2022,0:00,292.812
7/27/2022,6:00,290.878
7/27/2022,12:00,290.286
7/27/2022,18:00,293.12
7/28/2022,0:00,293.108
7/28/2022,6:00,291.444
7/28/2022,12:00,290.678
7/28/2022,18:00,290.012
7/29/2022,0:00,284.557
7/29/2022,6:00,280.623
7/29/2022,12:00,279.409
7/29/2022,18:00,281.727
7/30/2022,0:00,282.707
7/30/2022,6:00,280.309
7/30/2022,12:00,279.729
7/30/2022,18:00,282.033
7/31/2022,0:00,283.433
7/31/2022,6:00,281.342
7/31/2022,12:00,280.603
7/31/2022,18:00,283.566
8/1/2022,0:00,285.3
8/1/2022,6:00,283.173
8/1/2022,12:00,282.329
8/1/2022,18:00,285.224
8/2/2022,0:00,286.165
8/2/2022,6:00,285
8/2/2022,12:00,284.728
8/2/2022,18:00,287.046
8/3/2022,0:00,288.856
8/3/2022,6:00,289.155
8/3/2022,12:00,288.307
8/3/2022,18:00,289.521
8/4/2022,0:00,292.41
8/4/2022,6:00,289.704
8/4/2022,12:00,289.868
8/4/2022,18:00,285.847
8/5/2022,0:00,283.569
8/5/2022,6:00,280.411
8/5/2022,12:00,279.2
8/5/2022,18:00,281.755
8/6/2022,0:00,282.007
8/6/2022,6:00,279.327
8/6/2022,12:00,278.642
8/6/2022,18:00,281.617
8/7/2022,0:00,283.827
8/7/2022,6:00,280.705
8/7/2022,12:00,279.997
8/7/2022,18:00,282.703
8/8/2022,0:00,285.403
8/8/2022,6:00,283.878
8/8/2022,12:00,284.234
8/8/2022,18:00,285.096
8/9/2022,0:00,285.4
8/9/2022,6:00,284.786
8/9/2022,12:00,283.738
8/9/2022,18:00,283.3
8/10/2022,0:00,283.141
8/10/2022,6:00,279.695
8/10/2022,12:00,277.9
8/10/2022,18:00,280.891
8/11/2022,0:00,282.702
8/11/2022,6:00,280.691
8/11/2022,12:00,279.912
8/11/2022,18:00,283.309
8/12/2022,0:00,284.23
8/12/2022,6:00,283.228
8/12/2022,12:00,283.011
8/12/2022,18:00,285.497
8/13/2022,0:00,287.242
8/13/2022,6:00,285.888
8/13/2022,12:00,285.418
8/13/2022,18:00,288.9
8/14/2022,0:00,289.706
8/14/2022,6:00,287.237
8/14/2022,12:00,286.661
8/14/2022,18:00,290.184
8/15/2022,0:00,290.919
8/15/2022,6:00,289.5
8/15/2022,12:00,289.366
8/15/2022,18:00,290.2
8/16/2022,0:00,289.3
8/16/2022,6:00,284.561
8/16/2022,12:00,282.2
8/16/2022,18:00,284.328
8/17/2022,0:00,287.399
8/17/2022,6:00,286.229
8/17/2022,12:00,285.597
8/17/2022,18:00,289.986
8/18/2022,0:00,290.59
8/18/2022,6:00,283.518
8/18/2022,12:00,279.906
8/18/2022,18:00,281.572
8/19/2022,0:00,279.063
8/19/2022,6:00,277.141
8/19/2022,12:00,276.059
8/19/2022,18:00,279.371
8/20/2022,0:00,280
8/20/2022,6:00,277.639
8/20/2022,12:00,276.689
8/20/2022,18:00,280.398
8/21/2022,0:00,281.68
8/21/2022,6:00,279.722
8/21/2022,12:00,278.638
8/21/2022,18:00,282.91
8/22/2022,0:00,284.206
8/22/2022,6:00,281.24
8/22/2022,12:00,280.469
8/22/2022,18:00,284.442
8/23/2022,0:00,285.6
8/23/2022,6:00,283.104
8/23/2022,12:00,282.852
8/23/2022,18:00,287.059
8/24/2022,0:00,289.8
8/24/2022,6:00,289.2
8/24/2022,12:00,288.163
8/24/2022,18:00,290.753
8/24/2022,18:00,290.753
8/25/2022,0:00,291.117
8/25/2022,6:00,289.956
8/25/2022,12:00,288.624
8/25/2022,18:00,290.965
8/26/2022,0:00,292.67
8/26/2022,6:00,290.507
8/26/2022,12:00,289.342
8/26/2022,18:00,291.8
8/27/2022,0:00,292.664
8/27/2022,6:00,290.086
8/27/2022,12:00,288.68
8/27/2022,18:00,292.328
8/28/2022,0:00,293.371
8/28/2022,6:00,283.704
8/28/2022,12:00,280.205
8/28/2022,18:00,280.922
8/29/2022,0:00,280.407
8/29/2022,6:00,278.153
8/29/2022,12:00,276.773
8/29/2022,18:00,280.116
8/30/2022,0:00,280.903
8/30/2022,6:00,279.28
8/30/2022,12:00,278.148
8/30/2022,18:00,282.28
8/31/2022,0:00,285.568
8/31/2022,6:00,283.495
8/31/2022,12:00,282.947
8/31/2022,18:00,286.024
9/1/2022,0:00,288.939
9/1/2022,6:00,286.512
9/1/2022,12:00,286.275
9/1/2022,18:00,291
9/2/2022,0:00,289.928
9/2/2022,6:00,289.2
9/2/2022,12:00,288.818
9/2/2022,18:00,288.6
9/3/2022,0:00,285.268
9/3/2022,6:00,280.2
9/3/2022,12:00,276.732
9/3/2022,18:00,281.195
9/4/2022,0:00,281.527
9/4/2022,6:00,278.799
9/4/2022,12:00,277.644
9/4/2022,18:00,282.324
9/5/2022,0:00,282.638
9/5/2022,6:00,280.125
9/5/2022,12:00,279.812
9/5/2022,18:00,284.402
9/6/2022,0:00,286.578
9/6/2022,6:00,285.158
9/6/2022,12:00,285.06
9/6/2022,18:00,287.606
9/7/2022,0:00,288.677
9/7/2022,6:00,286.397
9/7/2022,12:00,285.916
9/7/2022,18:00,290.155
9/8/2022,0:00,289.273
9/8/2022,6:00,286.938
9/8/2022,12:00,286.401
9/8/2022,18:00,291.816
9/9/2022,0:00,295.344
9/9/2022,6:00,293.586
9/9/2022,12:00,288.758
9/9/2022,18:00,287.01
9/10/2022,0:00,283.791
9/10/2022,6:00,279.627
9/10/2022,12:00,278.301
9/10/2022,18:00,282.466
9/11/2022,0:00,281.827
9/11/2022,6:00,278.763
9/11/2022,12:00,278
9/11/2022,18:00,283.435
9/12/2022,0:00,286.773
9/12/2022,6:00,281.063
9/12/2022,12:00,280
9/12/2022,18:00,285.036
9/13/2022,0:00,285.299
9/13/2022,6:00,282.799
9/13/2022,12:00,281.959
9/13/2022,18:00,287.703
9/14/2022,0:00,286.308
9/14/2022,6:00,283.339
9/14/2022,12:00,282.269
9/14/2022,18:00,287.031
9/15/2022,0:00,286.122
9/15/2022,6:00,283.381
9/15/2022,12:00,282.064
9/15/2022,18:00,287.053
9/16/2022,0:00,287.907
9/16/2022,6:00,284.306
9/16/2022,12:00,283.6
9/16/2022,18:00,286.2
9/17/2022,0:00,289.452
9/17/2022,6:00,285.923
9/17/2022,12:00,284.095
9/17/2022,18:00,288.788
9/18/2022,0:00,289.837
9/18/2022,6:00,285.907
9/18/2022,12:00,284.584
9/18/2022,18:00,289.445
9/19/2022,0:00,290.005
9/19/2022,6:00,288
9/19/2022,12:00,287.805
9/19/2022,18:00,289.594
9/20/2022,0:00,289.098
9/20/2022,6:00,287.456
9/20/2022,12:00,286.265
9/20/2022,18:00,289.825
9/21/2022,0:00,289.431
9/21/2022,6:00,287.407
9/21/2022,12:00,286.4
9/21/2022,18:00,288.356
9/22/2022,0:00,286.556
9/22/2022,6:00,284.905
9/22/2022,12:00,283.245
9/22/2022,18:00,283.966
9/23/2022,0:00,283.2
9/23/2022,6:00,281
9/23/2022,12:00,280.027
9/23/2022,18:00,285.527
9/24/2022,0:00,284.827
9/24/2022,6:00,281.6
9/24/2022,12:00,280.771
9/24/2022,18:00,286.505
9/25/2022,0:00,285.317
9/25/2022,6:00,283.343
9/25/2022,12:00,283.045
9/25/2022,18:00,285.563
9/26/2022,0:00,286.908
9/26/2022,6:00,287.127
9/26/2022,12:00,286.328
9/26/2022,18:00,289.428
9/27/2022,0:00,289.002
9/27/2022,6:00,286.314
9/27/2022,12:00,285.829
9/27/2022,18:00,291.928
9/28/2022,0:00,288.853
9/28/2022,6:00,286.066
9/28/2022,12:00,284.551
9/28/2022,18:00,288.093
9/29/2022,0:00,288.767
9/29/2022,6:00,284.267
9/29/2022,12:00,283.7
9/29/2022,18:00,286.565
9/30/2022,0:00,286.236
9/30/2022,6:00,285.676
9/30/2022,12:00,285.149
9/30/2022,18:00,286.22
10/1/2022,0:00,286.324
10/1/2022,6:00,287.536
10/1/2022,12:00,284.628
10/1/2022,18:00,289.3
10/2/2022,0:00,287.124
10/2/2022,6:00,284.315
10/2/2022,12:00,283.286
10/2/2022,18:00,289.7
10/3/2022,0:00,287.529
10/3/2022,6:00,284.637
10/3/2022,12:00,283.817
10/3/2022,18:00,290
10/4/2022,0:00,285.757
10/4/2022,6:00,282.465
10/4/2022,12:00,281.292
10/4/2022,18:00,286.732
10/5/2022,0:00,286.484
10/5/2022,6:00,284.254
10/5/2022,12:00,282.409
10/5/2022,18:00,289.199
10/6/2022,0:00,292.209
10/6/2022,6:00,289.383
10/6/2022,12:00,288.624
10/6/2022,18:00,292.355
10/7/2022,0:00,288.172
10/7/2022,6:00,285.066
10/7/2022,12:00,283.593
10/7/2022,18:00,288.984
10/8/2022,0:00,288.619
10/8/2022,6:00,285.38
10/8/2022,12:00,284.483
10/8/2022,18:00,290.984
10/9/2022,0:00,290.87
10/9/2022,6:00,284.405
10/9/2022,12:00,282.866
10/9/2022,18:00,283.885
10/10/2022,0:00,282.759
10/10/2022,6:00,279.942
10/10/2022,12:00,279.64
10/10/2022,18:00,285.819
10/11/2022,0:00,285.612
10/11/2022,6:00,284.123
10/11/2022,12:00,284.825
10/11/2022,18:00,286.285
10/12/2022,0:00,287.821
10/12/2022,6:00,284.25
10/12/2022,12:00,283.073
10/12/2022,18:00,288.418
10/13/2022,0:00,288.791
10/13/2022,6:00,285.511
10/13/2022,12:00,284.714
10/13/2022,18:00,292.213
10/14/2022,0:00,289.9
10/14/2022,6:00,283.913
10/14/2022,12:00,282.581
10/14/2022,18:00,286.946
10/15/2022,0:00,287.558
10/15/2022,6:00,284.607
10/15/2022,12:00,284.117
10/15/2022,18:00,287.485
10/16/2022,0:00,289.515
10/16/2022,6:00,288.3
10/16/2022,12:00,286.264
10/16/2022,18:00,291.882
10/17/2022,0:00,289.834
10/17/2022,6:00,284.475
10/17/2022,12:00,283.703
10/17/2022,18:00,290.942
10/18/2022,0:00,290.851
10/18/2022,6:00,289.247
10/18/2022,12:00,289.219
10/18/2022,18:00,291.865
10/19/2022,0:00,290.104
10/19/2022,6:00,288.199
10/19/2022,12:00,288.269
10/19/2022,18:00,291.337
10/20/2022,0:00,292.707
10/20/2022,6:00,290.004
10/20/2022,12:00,288.788
10/20/2022,18:00,293.199
10/21/2022,0:00,291.648
10/21/2022,6:00,290.276
10/21/2022,12:00,289.56
10/21/2022,18:00,289.495
10/22/2022,0:00,289.024
10/22/2022,6:00,286.349
10/22/2022,12:00,285.54
10/22/2022,18:00,291.4
10/23/2022,0:00,290.384
10/23/2022,6:00,284.182
10/23/2022,12:00,282.102
10/23/2022,18:00,287.687
10/24/2022,0:00,287.413
10/24/2022,6:00,284.533
10/24/2022,12:00,284.17
10/24/2022,18:00,291.387
10/25/2022,0:00,289.906
10/25/2022,6:00,286.667
10/25/2022,12:00,285.601
10/25/2022,18:00,292.765
10/26/2022,0:00,292.285
10/26/2022,6:00,289.411
10/26/2022,12:00,289.352
10/26/2022,18:00,293.444
10/27/2022,0:00,292.224
10/27/2022,6:00,290.89
10/27/2022,12:00,288.295
10/27/2022,18:00,293.876
10/28/2022,0:00,289.805
10/28/2022,6:00,286.977
10/28/2022,12:00,286.197
10/28/2022,18:00,294.025
10/29/2022,0:00,293.111
10/29/2022,6:00,289.326
10/29/2022,12:00,289.077
10/29/2022,18:00,297.02
10/30/2022,0:00,298.297
10/30/2022,6:00,294.456
10/30/2022,12:00,293.234
10/30/2022,18:00,298.089
10/31/2022,0:00,288.118
10/31/2022,6:00,285.157
10/31/2022,12:00,282.04
10/31/2022,18:00,283.124
11/1/2022,0:00,283.961
11/1/2022,6:00,279.885
11/1/2022,12:00,278.793
11/1/2022,18:00,285.345
11/2/2022,0:00,282.678
11/2/2022,6:00,280.005
11/2/2022,12:00,279.111
11/2/2022,18:00,287.287
11/3/2022,0:00,286.213
11/3/2022,6:00,282.78
11/3/2022,12:00,282.081
11/3/2022,18:00,290.452
11/4/2022,0:00,288.187
11/4/2022,6:00,285.131
11/4/2022,12:00,283.145
11/4/2022,18:00,289.958
11/5/2022,0:00,288.036
11/5/2022,6:00,285.258
11/5/2022,12:00,283.437
11/5/2022,18:00,290.999
11/6/2022,0:00,289.72
11/6/2022,6:00,286.962
11/6/2022,12:00,285.531
11/6/2022,18:00,292.392
11/7/2022,0:00,291.751
11/7/2022,6:00,287.059
11/7/2022,12:00,285.314
11/7/2022,18:00,291.702
11/8/2022,0:00,289.82
11/8/2022,6:00,285.422
11/8/2022,12:00,283.422
11/8/2022,18:00,291.254
11/9/2022,0:00,290.689
11/9/2022,6:00,285.758
11/9/2022,12:00,284.326
11/9/2022,18:00,292.414
11/10/2022,0:00,291.83
11/10/2022,6:00,288.215
11/10/2022,12:00,285.852
11/10/2022,18:00,295.569
11/11/2022,0:00,295.873
11/11/2022,6:00,292.293
11/11/2022,12:00,290.952
11/11/2022,18:00,295.672
11/12/2022,0:00,292.037
11/12/2022,6:00,287.709
11/12/2022,12:00,288.389
11/12/2022,18:00,296.622
11/13/2022,0:00,292.68
11/13/2022,6:00,291.685
11/13/2022,12:00,292.339
11/13/2022,18:00,292.638
11/14/2022,0:00,291.922
11/14/2022,6:00,291.158
11/14/2022,12:00,289.066
11/14/2022,18:00,291.919
11/15/2022,0:00,289.293
11/15/2022,6:00,288.041
11/15/2022,12:00,286.656
11/15/2022,18:00,295.39
11/16/2022,0:00,292.894
11/16/2022,6:00,290.093
11/16/2022,12:00,289.345
11/16/2022,18:00,297.519
11/17/2022,0:00,295.257
11/17/2022,6:00,291.568
11/17/2022,12:00,290.373
11/17/2022,18:00,298.911
11/18/2022,0:00,295.563
11/18/2022,6:00,290.775
11/18/2022,12:00,289.378
11/18/2022,18:00,299.725
11/19/2022,0:00,297.545
11/19/2022,6:00,291.752
11/19/2022,12:00,290.46
11/19/2022,18:00,299.711
11/20/2022,0:00,298.311
11/20/2022,6:00,294.276
11/20/2022,12:00,292.525
11/20/2022,18:00,301.476
11/21/2022,0:00,299.996
11/21/2022,6:00,293.12
11/21/2022,12:00,291.871
11/21/2022,18:00,292.89
11/22/2022,0:00,292.474
11/22/2022,6:00,289.735
11/22/2022,12:00,289.134
11/22/2022,18:00,292.454
11/23/2022,0:00,291.108
11/23/2022,6:00,287.842
11/23/2022,12:00,286.282
11/23/2022,18:00,293.251
11/24/2022,0:00,292.287
11/24/2022,6:00,288.392
11/24/2022,12:00,287.017
11/24/2022,18:00,295.465
11/25/2022,0:00,295.027
11/25/2022,6:00,291.155
11/25/2022,12:00,290.067
11/25/2022,18:00,298.744
11/26/2022,0:00,296.289
11/26/2022,6:00,291.275
11/26/2022,12:00,288.331
11/26/2022,18:00,296.946
11/27/2022,0:00,298.43
11/27/2022,6:00,293.606
11/27/2022,12:00,291.641
11/27/2022,18:00,298.415
11/28/2022,0:00,298.785
11/28/2022,6:00,292.906
11/28/2022,12:00,290.526
11/28/2022,18:00,298.027
11/29/2022,0:00,297.153
11/29/2022,6:00,292.08
11/29/2022,12:00,290.066
11/29/2022,18:00,298.535
11/30/2022,0:00,298.861
11/30/2022,6:00,293.072
11/30/2022,12:00,291.883
11/30/2022,18:00,300.56
12/1/2022,0:00,301.276
12/1/2022,6:00,293.721
12/1/2022,12:00,292.053
12/1/2022,18:00,300.479
12/2/2022,0:00,299.503
12/2/2022,6:00,293.091
12/2/2022,12:00,292.248
12/2/2022,18:00,298.438
12/3/2022,0:00,296.901
12/3/2022,6:00,293.874
12/3/2022,12:00,293.16
12/3/2022,18:00,298.96
12/4/2022,0:00,296.921
12/4/2022,6:00,293.316
12/4/2022,12:00,292.915
12/4/2022,18:00,298.61
12/5/2022,0:00,298.53
12/5/2022,6:00,293.596
12/5/2022,12:00,292.72
12/5/2022,18:00,300.328
12/6/2022,0:00,298.924
12/6/2022,6:00,293.576
12/6/2022,12:00,291.094
12/6/2022,18:00,299.456
12/7/2022,0:00,300.335
12/7/2022,6:00,295.336
12/7/2022,12:00,293.545
12/7/2022,18:00,303.077
12/8/2022,0:00,302.282
12/8/2022,6:00,296.026
12/8/2022,12:00,294.358
12/8/2022,18:00,304.179
12/9/2022,0:00,304.506
12/9/2022,6:00,298.539
12/9/2022,12:00,296.655
12/9/2022,18:00,306.941
12/10/2022,0:00,305.198
12/10/2022,6:00,300.444
12/10/2022,12:00,297.73
12/10/2022,18:00,304.69
12/11/2022,0:00,302.8
12/11/2022,6:00,297.262
12/11/2022,12:00,297.062
12/11/2022,18:00,303.502
12/12/2022,0:00,303.775
12/12/2022,6:00,298.385
12/12/2022,12:00,297.976
12/12/2022,18:00,306.054
12/13/2022,0:00,299.663
12/13/2022,6:00,291.592
12/13/2022,12:00,288.104
12/13/2022,18:00,297.914
12/14/2022,0:00,296.701
12/14/2022,6:00,291.163
12/14/2022,12:00,288.665
12/14/2022,18:00,299.34
12/15/2022,0:00,298.181
12/15/2022,6:00,291.729
12/15/2022,12:00,290.253
12/15/2022,18:00,301.244
12/16/2022,0:00,300.02
12/16/2022,6:00,291.764
12/16/2022,12:00,288.464
12/16/2022,18:00,295.444
12/17/2022,0:00,295.34
12/17/2022,6:00,289.541
12/17/2022,12:00,287.202
12/17/2022,18:00,295.159
12/18/2022,0:00,296.874
12/18/2022,6:00,291.127
12/18/2022,12:00,289.919
12/18/2022,18:00,296.961
12/19/2022,0:00,295.68
12/19/2022,6:00,291.194
12/19/2022,12:00,290.039
12/19/2022,18:00,298.14
12/20/2022,0:00,298.1
12/20/2022,6:00,291.375
12/20/2022,12:00,289.801
12/20/2022,18:00,297.604
12/21/2022,0:00,300.318
12/21/2022,6:00,292.822
12/21/2022,12:00,291.101
12/21/2022,18:00,298.929
12/22/2022,0:00,298.816
12/22/2022,6:00,293.186
12/22/2022,12:00,291.082
12/22/2022,18:00,299.6
12/23/2022,0:00,302.292
12/23/2022,6:00,294.335
12/23/2022,12:00,292.564
12/23/2022,18:00,303.009
12/24/2022,0:00,301.022
12/24/2022,6:00,295.341
12/24/2022,12:00,294.213
12/24/2022,18:00,302.226
12/25/2022,0:00,298.076
12/25/2022,6:00,293.14
12/25/2022,12:00,291.381
12/25/2022,18:00,294.934
12/26/2022,0:00,294.978
12/26/2022,6:00,292.069
12/26/2022,12:00,291.084
12/26/2022,18:00,296.247
12/27/2022,0:00,300.176
12/27/2022,6:00,292.181
12/27/2022,12:00,291.313
12/27/2022,18:00,298.127
12/28/2022,0:00,294.388
12/28/2022,6:00,289.894
12/28/2022,12:00,289.934
12/28/2022,18:00,296.2
12/29/2022,0:00,298.465
12/29/2022,6:00,293.549
12/29/2022,12:00,291.195
12/29/2022,18:00,299.117
12/30/2022,0:00,298.275
12/30/2022,6:00,292.106
12/30/2022,12:00,290.517
12/30/2022,18:00,301.76
12/31/2022,0:00,300.992
12/31/2022,6:00,295.607
12/31/2022,12:00,294.834
12/31/2022,18:00,305.174
1/1/2023,0:00,302.943
1/1/2023,6:00,297.516
1/1/2023,12:00,295.665
1/1/2023,18:00,307.805
1/2/2023,0:00,299.469
1/2/2023,6:00,296.012
1/2/2023,12:00,295.593
1/2/2023,18:00,301.948
1/3/2023,0:00,298.425
1/3/2023,6:00,292.218
1/3/2023,12:00,290.48
1/3/2023,18:00,299.689
1/4/2023,0:00,300.28
1/4/2023,6:00,292.758
1/4/2023,12:00,291.502
1/4/2023,18:00,301.869
1/5/2023,0:00,299.992
1/5/2023,6:00,293.182
1/5/2023,12:00,291.605
1/5/2023,18:00,300.64
1/6/2023,0:00,301.087
1/6/2023,6:00,294.654
1/6/2023,12:00,292.237
1/6/2023,18:00,301.118
1/7/2023,0:00,301.523
1/7/2023,6:00,293.138
1/7/2023,12:00,291.337
1/7/2023,18:00,299.228
1/8/2023,0:00,300.958
1/8/2023,6:00,293.255
1/8/2023,12:00,291.207
1/8/2023,18:00,298.618
1/9/2023,0:00,300.872
1/9/2023,6:00,293.911
1/9/2023,12:00,291.92
1/9/2023,18:00,299.608
1/10/2023,0:00,301.563
1/10/2023,6:00,295.833
1/10/2023,12:00,294.388
1/10/2023,18:00,300.552
1/11/2023,0:00,299.692
1/11/2023,6:00,295.028
1/11/2023,12:00,293.476
1/11/2023,18:00,303.638
1/12/2023,0:00,303.614
1/12/2023,6:00,297.896
1/12/2023,12:00,298.261
1/12/2023,18:00,302.775
1/13/2023,0:00,298.695
1/13/2023,6:00,294.848
1/13/2023,12:00,292.212
1/13/2023,18:00,292.241
1/14/2023,0:00,292.625
1/14/2023,6:00,292.131
1/14/2023,12:00,291.148
1/14/2023,18:00,296.388
1/15/2023,0:00,296.606
1/15/2023,6:00,292.83
1/15/2023,12:00,293.159
1/15/2023,18:00,298.115
1/16/2023,0:00,298.671
1/16/2023,6:00,294.707
1/16/2023,12:00,293.327
1/16/2023,18:00,300.67
1/17/2023,0:00,301.813
1/17/2023,6:00,296.859
1/17/2023,12:00,294.752
1/17/2023,18:00,301.732
1/18/2023,0:00,302.177
1/18/2023,6:00,296.122
1/18/2023,12:00,294.423
1/18/2023,18:00,300.891
1/19/2023,0:00,304.003
1/19/2023,6:00,295.659
1/19/2023,12:00,294.935
1/19/2023,18:00,300.994
1/20/2023,0:00,301.194
1/20/2023,6:00,296.502
1/20/2023,12:00,294.505
1/20/2023,18:00,301.767
1/21/2023,0:00,305.769
1/21/2023,6:00,297.957
1/21/2023,12:00,296.279
1/21/2023,18:00,304.667
1/22/2023,0:00,303.356
1/22/2023,6:00,295.927
1/22/2023,12:00,295.277
1/22/2023,18:00,301.325
1/23/2023,0:00,302.896
1/23/2023,6:00,296.55
1/23/2023,12:00,295.288
1/23/2023,18:00,303.658
1/24/2023,0:00,303.827
1/24/2023,6:00,296.162
1/24/2023,12:00,293.834
1/24/2023,18:00,301.636
1/25/2023,0:00,304.089
1/25/2023,6:00,296.614
1/25/2023,12:00,295.033
1/25/2023,18:00,304.624
1/26/2023,0:00,303.988
1/26/2023,6:00,300.121
1/26/2023,12:00,298.566
1/26/2023,18:00,301.629
1/27/2023,0:00,303.414
1/27/2023,6:00,297.65
1/27/2023,12:00,296.081
1/27/2023,18:00,301.082
1/28/2023,0:00,305.875
1/28/2023,6:00,299.583
1/28/2023,12:00,299.268
1/28/2023,18:00,305.937
1/29/2023,0:00,302.458
1/29/2023,6:00,297.935
1/29/2023,12:00,296.664
1/29/2023,18:00,303.785
1/30/2023,0:00,303.503
1/30/2023,6:00,295.94
1/30/2023,12:00,293.93
1/30/2023,18:00,300.686
1/31/2023,0:00,300.756
1/31/2023,6:00,295.553
1/31/2023,12:00,293.692
1/31/2023,18:00,302.266
2/1/2023,0:00,302.279
2/1/2023,6:00,295.998
2/1/2023,12:00,294.034
2/1/2023,18:00,303.438
2/2/2023,0:00,303.678
2/2/2023,6:00,298.129
2/2/2023,12:00,297.231
2/2/2023,18:00,302.675
2/3/2023,0:00,295.388
2/3/2023,6:00,293.182
2/3/2023,12:00,292.327
2/3/2023,18:00,297.569
2/4/2023,0:00,297.352
2/4/2023,6:00,292.738
2/4/2023,12:00,290.699
2/4/2023,18:00,296.231
2/5/2023,0:00,296.731
2/5/2023,6:00,291.318
2/5/2023,12:00,289.553
2/5/2023,18:00,296.831
2/6/2023,0:00,297.998
2/6/2023,6:00,293.293
2/6/2023,12:00,291.507
2/6/2023,18:00,299.582
2/7/2023,0:00,299.539
2/7/2023,6:00,293.742
2/7/2023,12:00,293.247
2/7/2023,18:00,302.342
2/8/2023,0:00,301.518
2/8/2023,6:00,295.997
2/8/2023,12:00,293.75
2/8/2023,18:00,303.375
2/9/2023,0:00,304.212
2/9/2023,6:00,297.855
2/9/2023,12:00,296.094
2/9/2023,18:00,301.202
2/10/2023,0:00,301.08
2/10/2023,6:00,297.64
2/10/2023,12:00,296.812
2/10/2023,18:00,303.084
2/11/2023,0:00,302.903
2/11/2023,6:00,298.345
2/11/2023,12:00,296.387
2/11/2023,18:00,303.854
2/12/2023,0:00,304.964
2/12/2023,6:00,297.213
2/12/2023,12:00,295.236
2/12/2023,18:00,304.054
2/13/2023,0:00,302.754
2/13/2023,6:00,296.643
2/13/2023,12:00,296.729
2/13/2023,18:00,304.923
2/14/2023,0:00,304.627
2/14/2023,6:00,301.396
2/14/2023,12:00,297.415
2/14/2023,18:00,303.245
2/15/2023,0:00,292.673
2/15/2023,6:00,294.483
2/15/2023,12:00,294.052
2/15/2023,18:00,298.199
2/16/2023,0:00,300.518
2/16/2023,6:00,297.387
2/16/2023,12:00,296.727
2/16/2023,18:00,302.482
2/17/2023,0:00,295.996
2/17/2023,6:00,292.29
2/17/2023,12:00,287.899
2/17/2023,18:00,289.816
2/18/2023,0:00,288.641
2/18/2023,6:00,283.013
2/18/2023,12:00,281.338
2/18/2023,18:00,288.374
2/19/2023,0:00,289.489
2/19/2023,6:00,285.521
2/19/2023,12:00,284.178
2/19/2023,18:00,291.581
2/20/2023,0:00,295.305
2/20/2023,6:00,291.534
2/20/2023,12:00,288.455
2/20/2023,18:00,295.572
2/21/2023,0:00,295.78
2/21/2023,6:00,292.293
2/21/2023,12:00,289.852
2/21/2023,18:00,296.787
2/22/2023,0:00,297.999
2/22/2023,6:00,293.901
2/22/2023,12:00,291.297
2/22/2023,18:00,298.899
2/23/2023,0:00,300.855
2/23/2023,6:00,294.831
2/23/2023,12:00,293.574
2/23/2023,18:00,296.725
2/24/2023,0:00,300.146
2/24/2023,6:00,294.995
2/24/2023,12:00,293.007
2/24/2023,18:00,297.866
2/25/2023,0:00,295.607
2/25/2023,6:00,293.495
2/25/2023,12:00,292.658
2/25/2023,18:00,296.411
2/26/2023,0:00,297.258
2/26/2023,6:00,294.584
2/26/2023,12:00,293.08
2/26/2023,18:00,299.878
2/27/2023,0:00,299.357
2/27/2023,6:00,294.913
2/27/2023,12:00,292.763
2/27/2023,18:00,300.181
2/28/2023,0:00,300.477
2/28/2023,6:00,296.302
2/28/2023,12:00,295.44
2/28/2023,18:00,300.812
3/1/2023,0:00,297.653
3/1/2023,6:00,292.87
3/1/2023,12:00,292.71
3/1/2023,18:00,301.006
3/2/2023,0:00,298.919
3/2/2023,6:00,293.865
3/2/2023,12:00,292.906
3/2/2023,18:00,299.007
3/3/2023,0:00,295.155
3/3/2023,6:00,295.525
3/3/2023,12:00,293.406
3/3/2023,18:00,296.783
3/4/2023,0:00,294.6
3/4/2023,6:00,294.074
3/4/2023,12:00,294.335
3/4/2023,18:00,295.778
3/5/2023,0:00,296.261
3/5/2023,6:00,293.6
3/5/2023,12:00,292.045
3/5/2023,18:00,296.969
3/6/2023,0:00,298.075
3/6/2023,6:00,293.775
3/6/2023,12:00,290.358
3/6/2023,18:00,295.527
3/7/2023,0:00,296.604
3/7/2023,6:00,292.497
3/7/2023,12:00,292.539
3/7/2023,18:00,297.312
3/8/2023,0:00,300.717
3/8/2023,6:00,296.189
3/8/2023,12:00,294.981
3/8/2023,18:00,300.408
3/9/2023,0:00,301.854
3/9/2023,6:00,296.795
3/9/2023,12:00,293.844
3/9/2023,18:00,299.699
3/10/2023,0:00,301.37
3/10/2023,6:00,296.773
3/10/2023,12:00,295.943
3/10/2023,18:00,301.068
3/11/2023,0:00,302.044
3/11/2023,6:00,296.897
3/11/2023,12:00,295.323
3/11/2023,18:00,300.236
3/12/2023,0:00,302.238
3/12/2023,6:00,296.579
3/12/2023,12:00,294.359
3/12/2023,18:00,300.003
3/13/2023,0:00,303.462
3/13/2023,6:00,296.945
3/13/2023,12:00,294.475
3/13/2023,18:00,300.5
3/14/2023,0:00,302.143
3/14/2023,6:00,297.126
3/14/2023,12:00,296.041
3/14/2023,18:00,300.223
3/15/2023,0:00,297.858
3/15/2023,6:00,296.244
3/15/2023,12:00,295.152
3/15/2023,18:00,296.945
3/16/2023,0:00,294.847
3/16/2023,6:00,294.631
3/16/2023,12:00,294.435
3/16/2023,18:00,294.856
3/17/2023,0:00,296.753
3/17/2023,6:00,296.232
3/17/2023,12:00,294.995
3/17/2023,18:00,298.687
3/18/2023,0:00,296.4
3/18/2023,6:00,295.511
3/18/2023,12:00,294.509
3/18/2023,18:00,298.163
3/19/2023,0:00,299.708
3/19/2023,6:00,296.899
3/19/2023,12:00,294.633
3/19/2023,18:00,299.529
3/20/2023,0:00,299.08
3/20/2023,6:00,297.448
3/20/2023,12:00,296.478
3/20/2023,18:00,298.698
3/21/2023,0:00,298.747
3/21/2023,6:00,294.292
3/21/2023,12:00,293.738
3/21/2023,18:00,296.607
3/22/2023,0:00,298.828
3/22/2023,6:00,294.533
3/22/2023,12:00,292.299
3/22/2023,18:00,295.139
3/23/2023,0:00,298.997
3/23/2023,6:00,295.021
3/23/2023,12:00,293.039
3/23/2023,18:00,297.1
3/24/2023,0:00,295.779
3/24/2023,6:00,294.822
3/24/2023,12:00,294.805
3/24/2023,18:00,297.305
3/25/2023,0:00,297.655
3/25/2023,6:00,295.019
3/25/2023,12:00,294.12
3/25/2023,18:00,294.121
3/26/2023,0:00,295.233
3/26/2023,6:00,291.415
3/26/2023,12:00,289.908
3/26/2023,18:00,293.609
3/27/2023,0:00,293.478
3/27/2023,6:00,288.717
3/27/2023,12:00,286.884
3/27/2023,18:00,292.285
3/28/2023,0:00,292.981
3/28/2023,6:00,289.048
3/28/2023,12:00,287.838
3/28/2023,18:00,293.521
3/29/2023,0:00,295.158
3/29/2023,6:00,293.747
3/29/2023,12:00,292.476
3/29/2023,18:00,298.09
3/30/2023,0:00,297.221
3/30/2023,6:00,294.313
3/30/2023,12:00,293.849
3/30/2023,18:00,295.9
3/31/2023,0:00,298.957
3/31/2023,6:00,296.212
3/31/2023,12:00,294.168
3/31/2023,18:00,295.987
4/1/2023,0:00,294.278
4/1/2023,6:00,286.628
4/1/2023,12:00,283.489
4/1/2023,18:00,287.527
4/2/2023,0:00,289.171
4/2/2023,6:00,286.302
4/2/2023,12:00,285.314
4/2/2023,18:00,290.56
4/3/2023,0:00,290.657
4/3/2023,6:00,287.384
4/3/2023,12:00,286.317
4/3/2023,18:00,292.011
4/4/2023,0:00,293.509
4/4/2023,6:00,290.106
4/4/2023,12:00,289.792
4/4/2023,18:00,290.362
4/5/2023,0:00,293.331
4/5/2023,6:00,291.95
4/5/2023,12:00,291.707
4/5/2023,18:00,293.002
4/6/2023,0:00,294.489
4/6/2023,6:00,291.725
4/6/2023,12:00,291.094
4/6/2023,18:00,291.432
4/7/2023,0:00,292.8
4/7/2023,6:00,289.438
4/7/2023,12:00,288.245
4/7/2023,18:00,292.522
4/8/2023,0:00,292.586
4/8/2023,6:00,291.642
4/8/2023,12:00,290.758
4/8/2023,18:00,292.439
4/9/2023,0:00,292.575
4/9/2023,6:00,290.163
4/9/2023,12:00,288.928
4/9/2023,18:00,293.418
4/10/2023,0:00,294.709
4/10/2023,6:00,291.927
4/10/2023,12:00,290.859
4/10/2023,18:00,295.459
4/11/2023,0:00,294.867
4/11/2023,6:00,292.535
4/11/2023,12:00,291.401
4/11/2023,18:00,296.608
4/12/2023,0:00,298.2
4/12/2023,6:00,295.303
4/12/2023,12:00,294.439
4/12/2023,18:00,295.719
4/13/2023,0:00,297.954
4/13/2023,6:00,291.639
4/13/2023,12:00,288.719
4/13/2023,18:00,288.101
4/14/2023,0:00,289.955
4/14/2023,6:00,287.582
4/14/2023,12:00,285.478
4/14/2023,18:00,289.305
4/15/2023,0:00,289.442
4/15/2023,6:00,286.697
4/15/2023,12:00,285.936
4/15/2023,18:00,289.902
4/16/2023,0:00,291.905
4/16/2023,6:00,288.629
4/16/2023,12:00,289.853
4/16/2023,18:00,291.018
4/17/2023,0:00,290.245
4/17/2023,6:00,288.7
4/17/2023,12:00,288.19
4/17/2023,18:00,290.905
4/18/2023,0:00,293.339
4/18/2023,6:00,286.643
4/18/2023,12:00,284.51
4/18/2023,18:00,289.454
4/19/2023,0:00,286.806
4/19/2023,6:00,284.497
4/19/2023,12:00,282.355
4/19/2023,18:00,287.744
4/20/2023,0:00,283.973
4/20/2023,6:00,281.205
4/20/2023,12:00,280.605
4/20/2023,18:00,286.353
4/21/2023,0:00,286.339
4/21/2023,6:00,283.299
4/21/2023,12:00,282.003
4/21/2023,18:00,287.744
4/22/2023,0:00,290.576
4/22/2023,6:00,287.166
4/22/2023,12:00,285.804
4/22/2023,18:00,290.009
4/23/2023,0:00,291.63
4/23/2023,6:00,288.402
4/23/2023,12:00,286.86
4/23/2023,18:00,291.167
4/24/2023,0:00,292.397
4/24/2023,6:00,288.697
4/24/2023,12:00,287.565
4/24/2023,18:00,293.018
4/25/2023,0:00,292.63
4/25/2023,6:00,289.515
4/25/2023,12:00,289.161
4/25/2023,18:00,291.703
4/26/2023,0:00,293.381
4/26/2023,6:00,291.12
4/26/2023,12:00,287.565
4/26/2023,18:00,291.165
4/27/2023,0:00,292.757
4/27/2023,6:00,287.927
4/27/2023,12:00,287.028
4/27/2023,18:00,291.04
4/28/2023,0:00,290.903
4/28/2023,6:00,288.78
4/28/2023,12:00,287.331
4/28/2023,18:00,292.222
4/29/2023,0:00,290.738
4/29/2023,6:00,288.006
4/29/2023,12:00,287.025
4/29/2023,18:00,292.328
4/30/2023,0:00,293.744
4/30/2023,6:00,290.038
4/30/2023,12:00,288.81
4/30/2023,18:00,293.694
5/1/2023,0:00,296.174
5/1/2023,6:00,294.96
5/1/2023,12:00,291.039
5/1/2023,18:00,290.46
5/2/2023,0:00,288.61
5/2/2023,6:00,287.558
5/2/2023,12:00,287.629
5/2/2023,18:00,287.024
5/3/2023,0:00,286
5/3/2023,6:00,287.006
5/3/2023,12:00,287.328
5/3/2023,18:00,287.705
5/4/2023,0:00,288.5
5/4/2023,6:00,288.35
5/4/2023,12:00,288.631
5/4/2023,18:00,289.713
5/5/2023,0:00,290.21
5/5/2023,6:00,290.3
5/5/2023,12:00,290.65
5/5/2023,18:00,291.15
5/6/2023,0:00,291.505
5/6/2023,6:00,291.985
5/6/2023,12:00,290.444
5/6/2023,18:00,290.351
5/7/2023,0:00,290.405
5/7/2023,6:00,290.704
5/7/2023,12:00,291.045
5/7/2023,18:00,290.536
5/8/2023,0:00,287.981
5/8/2023,6:00,286.381
5/8/2023,12:00,284.735
5/8/2023,18:00,287.996
5/9/2023,0:00,287.417
5/9/2023,6:00,286.125
5/9/2023,12:00,284.926
5/9/2023,18:00,287.925
5/10/2023,0:00,286.7
5/10/2023,6:00,284.3
5/10/2023,12:00,283.867
5/10/2023,18:00,287.067
5/11/2023,0:00,287.1
5/11/2023,6:00,284.2
5/11/2023,12:00,281.793
5/11/2023,18:00,284.438
5/12/2023,0:00,284.668
5/12/2023,6:00,281.672
5/12/2023,12:00,281.198
5/12/2023,18:00,284.826
5/13/2023,0:00,285.352
5/13/2023,6:00,283.2
5/13/2023,12:00,282.537
5/13/2023,18:00,286.137
5/14/2023,0:00,287.041
5/14/2023,6:00,285.306
5/14/2023,12:00,284.229
5/14/2023,18:00,287.965
5/15/2023,0:00,288.127
5/15/2023,6:00,285.964
5/15/2023,12:00,285.011
5/15/2023,18:00,288.882
5/16/2023,0:00,289.206
5/16/2023,6:00,286.676
5/16/2023,12:00,285.818
5/16/2023,18:00,289.024
5/17/2023,0:00,288.7
5/17/2023,6:00,286.479
5/17/2023,12:00,285.381
5/17/2023,18:00,288.524
5/18/2023,0:00,290.045
5/18/2023,6:00,287.855
5/18/2023,12:00,286.401
5/18/2023,18:00,289.778
5/19/2023,0:00,290.3
5/19/2023,6:00,287.81
5/19/2023,12:00,287.737
5/19/2023,18:00,290.556
5/20/2023,0:00,290.9
5/20/2023,6:00,288.42
5/20/2023,12:00,287.713
5/20/2023,18:00,290.999
5/21/2023,0:00,291.203
5/21/2023,6:00,289.871
5/21/2023,12:00,288.425
5/21/2023,18:00,290.097
5/22/2023,0:00,287.9
5/22/2023,6:00,287.812
5/22/2023,12:00,287.56
5/22/2023,18:00,290.022
5/23/2023,0:00,291.6
5/23/2023,6:00,290.428
5/23/2023,12:00,289.636
5/23/2023,18:00,292.217
5/24/2023,0:00,293.155
5/24/2023,6:00,291.3
5/24/2023,12:00,290.6
5/24/2023,18:00,293.505
5/25/2023,0:00,293.4
5/25/2023,6:00,290.695
5/25/2023,12:00,289.5
5/25/2023,18:00,292.339
5/26/2023,0:00,292.289
5/26/2023,6:00,290.715
5/26/2023,12:00,290.714
5/26/2023,18:00,293.6
5/27/2023,0:00,292.4
5/27/2023,6:00,291.397
5/27/2023,12:00,290.71
5/27/2023,18:00,288.716
5/28/2023,0:00,288.83
5/28/2023,6:00,284.4
5/28/2023,12:00,282.204
5/28/2023,18:00,283.958
5/29/2023,0:00,282.634
5/29/2023,6:00,280.6
5/29/2023,12:00,279.534
5/29/2023,18:00,282.808
5/30/2023,0:00,284.393
5/30/2023,6:00,282.656
5/30/2023,12:00,282.267
5/30/2023,18:00,284.902
5/31/2023,0:00,286.832
5/31/2023,6:00,285.436
5/31/2023,12:00,285.05
5/31/2023,18:00,287.848
6/1/2023,0:00,289.183
6/1/2023,6:00,288.151
6/1/2023,12:00,287.905
6/1/2023,18:00,290.356
6/2/2023,0:00,290.356
6/2/2023,6:00,288.428
6/2/2023,12:00,287.503
6/2/2023,18:00,289.878
6/3/2023,0:00,290.531
6/3/2023,6:00,288.326
6/3/2023,12:00,287.662
6/3/2023,18:00,290.212
6/4/2023,0:00,291.29
6/4/2023,6:00,288.975
6/4/2023,12:00,288.275
6/4/2023,18:00,290.758
6/5/2023,0:00,291.133
6/5/2023,6:00,290.583
6/5/2023,12:00,289.657
6/5/2023,18:00,289.76
6/6/2023,0:00,289.943
6/6/2023,6:00,287.987
6/6/2023,12:00,287.558
6/6/2023,18:00,290.424
6/7/2023,0:00,292.287
6/7/2023,6:00,290.502
6/7/2023,12:00,289.249
6/7/2023,18:00,291.29
6/8/2023,0:00,292.181
6/8/2023,6:00,290.195
6/8/2023,12:00,289.116
6/8/2023,18:00,290.98
6/9/2023,0:00,291.086
6/9/2023,6:00,289
6/9/2023,12:00,288.158
6/9/2023,18:00,290.442
6/10/2023,0:00,292.9
6/10/2023,6:00,291.296
6/10/2023,12:00,291.013
6/10/2023,18:00,291.402
6/11/2023,0:00,286.705
6/11/2023,6:00,283.524
6/11/2023,12:00,282.843
6/11/2023,18:00,282.701
6/12/2023,0:00,280.437
6/12/2023,6:00,277.283
6/12/2023,12:00,276.136
6/12/2023,18:00,278.689
6/13/2023,0:00,278.633
6/13/2023,6:00,276.1
6/13/2023,12:00,275.6
6/13/2023,18:00,278.345
6/14/2023,0:00,279.972
6/14/2023,6:00,278.336
6/14/2023,12:00,277.852
6/14/2023,18:00,280.9
6/15/2023,0:00,283.632
6/15/2023,6:00,283.405
6/15/2023,12:00,283.503
6/15/2023,18:00,284.278
6/16/2023,0:00,285.267
6/16/2023,6:00,285.278
6/16/2023,12:00,284.219
6/16/2023,18:00,285.358
6/17/2023,0:00,285.061
6/17/2023,6:00,282.744
6/17/2023,12:00,281.316
6/17/2023,18:00,283.415
6/18/2023,0:00,282.623
6/18/2023,6:00,280.37
6/18/2023,12:00,280.568
6/18/2023,18:00,282.568
6/19/2023,0:00,282.329
6/19/2023,6:00,279.921
6/19/2023,12:00,279.145
6/19/2023,18:00,281.512
6/20/2023,0:00,284.583
6/20/2023,6:00,284.23
6/20/2023,12:00,283.668
6/20/2023,18:00,285.852
6/21/2023,0:00,286.304
6/21/2023,6:00,285.858
6/21/2023,12:00,286.768
6/21/2023,18:00,286.907
6/22/2023,0:00,286.905
6/22/2023,6:00,286
6/22/2023,12:00,284.559
6/22/2023,18:00,287.1
6/23/2023,0:00,287.433
6/23/2023,6:00,286.998
6/23/2023,12:00,287.877
6/23/2023,18:00,289.777
6/24/2023,0:00,291.661
6/24/2023,6:00,291.524
6/24/2023,12:00,291.16
6/24/2023,18:00,292.366
6/25/2023,0:00,293.013
6/25/2023,6:00,291.387
6/25/2023,12:00,291.014
6/25/2023,18:00,292.395
6/26/2023,0:00,292.48
6/26/2023,6:00,291.277
6/26/2023,12:00,290.377
6/26/2023,18:00,292.226
6/27/2023,0:00,292.812
6/27/2023,6:00,290.406
6/27/2023,12:00,289.03
6/27/2023,18:00,290.677
6/28/2023,0:00,292.024
6/28/2023,6:00,289.296
6/28/2023,12:00,289.502
6/28/2023,18:00,287.6
6/29/2023,0:00,284.337
6/29/2023,6:00,281.792
6/29/2023,12:00,279.714
6/29/2023,18:00,281.9
6/30/2023,0:00,282.863
6/30/2023,6:00,281.057
6/30/2023,12:00,280.285
6/30/2023,18:00,282.4
7/1/2023,0:00,284.785
7/1/2023,6:00,283.7
7/1/2023,12:00,283.837
7/1/2023,18:00,286.051
7/2/2023,0:00,287.294
7/2/2023,6:00,285.448
7/2/2023,12:00,285.536
7/2/2023,18:00,287.509
7/3/2023,0:00,288.798
7/3/2023,6:00,287.175
7/3/2023,12:00,286.658
7/3/2023,18:00,288.894
7/4/2023,0:00,290.445
7/4/2023,6:00,288.646
7/4/2023,12:00,287.4
7/4/2023,18:00,289.504
7/5/2023,0:00,291.012
7/5/2023,6:00,288.078
7/5/2023,12:00,287.478
7/5/2023,18:00,289.445
7/6/2023,0:00,291.191
7/6/2023,6:00,288.855
7/6/2023,12:00,288.424
7/6/2023,18:00,290.691
7/7/2023,0:00,291.74
7/7/2023,6:00,290.321
7/7/2023,12:00,288.884
7/7/2023,18:00,290.604
7/8/2023,0:00,289.961
7/8/2023,6:00,287.617
7/8/2023,12:00,286.264
7/8/2023,18:00,287.543
7/9/2023,0:00,287.452
7/9/2023,6:00,286.001
7/9/2023,12:00,285.636
7/9/2023,18:00,287.287
7/10/2023,0:00,288.515
7/10/2023,6:00,287.786
7/10/2023,12:00,287.429
7/10/2023,18:00,288.305
7/11/2023,0:00,288.551
7/11/2023,6:00,287.701
7/11/2023,12:00,286.022
7/11/2023,18:00,286.294
7/12/2023,0:00,287.305
7/12/2023,6:00,285.622
7/12/2023,12:00,286.171
7/12/2023,18:00,287.346
7/13/2023,0:00,285.462
7/13/2023,6:00,282.946
7/13/2023,12:00,282.9
7/13/2023,18:00,282.192
7/14/2023,0:00,282.362
7/14/2023,6:00,280.521
7/14/2023,12:00,277.736
7/14/2023,18:00,279.67
7/15/2023,0:00,282.371
7/15/2023,6:00,278.919
7/15/2023,12:00,278.108
7/15/2023,18:00,280.481
7/16/2023,0:00,282.726
7/16/2023,6:00,281.348
7/16/2023,12:00,279.088
7/16/2023,18:00,281.625
7/17/2023,0:00,281.553
7/17/2023,6:00,278.321
7/17/2023,12:00,276.732
7/17/2023,18:00,279.235
7/18/2023,0:00,279.329
7/18/2023,6:00,276.657
7/18/2023,12:00,275.309
7/18/2023,18:00,278.031
7/19/2023,0:00,279.016
7/19/2023,6:00,277.608
7/19/2023,12:00,277.443
7/19/2023,18:00,279.559
7/20/2023,0:00,283
7/20/2023,6:00,281.712
7/20/2023,12:00,282.009
7/20/2023,18:00,285.958
7/21/2023,0:00,288.439
7/21/2023,6:00,287.861
7/21/2023,12:00,288.041
7/21/2023,18:00,291.855
7/22/2023,0:00,294.333
7/22/2023,6:00,294.529
7/22/2023,12:00,293.458
7/22/2023,18:00,293.856
7/23/2023,0:00,293.671
7/23/2023,6:00,294
7/23/2023,12:00,291
7/23/2023,18:00,293.144
7/24/2023,0:00,289.976
7/24/2023,6:00,288.719
7/24/2023,12:00,287.519
7/24/2023,18:00,287.532
7/25/2023,0:00,288.344
7/25/2023,6:00,286.808
7/25/2023,12:00,286.984
7/25/2023,18:00,287.173
7/26/2023,0:00,288.662
7/26/2023,6:00,288.648
7/26/2023,12:00,288.286
7/26/2023,18:00,288.784
7/27/2023,0:00,283.924
7/27/2023,6:00,282.031
7/27/2023,12:00,280.893
7/27/2023,18:00,283.1
7/28/2023,0:00,285
7/28/2023,6:00,284.754
7/28/2023,12:00,282.462
7/28/2023,18:00,284.729
7/29/2023,0:00,283.216
7/29/2023,6:00,280.72
7/29/2023,12:00,279.676
7/29/2023,18:00,282.34
7/30/2023,0:00,282.622
7/30/2023,6:00,281.361
7/30/2023,12:00,281.131
7/30/2023,18:00,284.512
7/31/2023,0:00,287.851
7/31/2023,6:00,286.3
7/31/2023,12:00,286.261
7/31/2023,18:00,289.751
8/1/2023,0:00,291.261
8/1/2023,6:00,289.908
8/1/2023,12:00,288.94
8/1/2023,18:00,291.745
8/2/2023,0:00,293.254
8/2/2023,6:00,290.908
8/2/2023,12:00,289.788
8/2/2023,18:00,292.412
8/3/2023,0:00,293.922
8/3/2023,6:00,291.2
8/3/2023,12:00,289.865
8/3/2023,18:00,292.765
8/4/2023,0:00,291.124
8/4/2023,6:00,289.344
8/4/2023,12:00,288.224
8/4/2023,18:00,291.79
8/5/2023,0:00,294.193
8/5/2023,6:00,290.583
8/5/2023,12:00,289.654
8/5/2023,18:00,292.266
8/6/2023,0:00,293.138
8/6/2023,6:00,291.088
8/6/2023,12:00,290.415
8/6/2023,18:00,293.106
8/7/2023,0:00,295.38
8/7/2023,6:00,294.143
8/7/2023,12:00,289.64
8/7/2023,18:00,288.443
8/8/2023,0:00,285.199
8/8/2023,6:00,282.742
8/8/2023,12:00,281.902
8/8/2023,18:00,284.428
8/9/2023,0:00,288.529
8/9/2023,6:00,285.942
8/9/2023,12:00,285.186
8/9/2023,18:00,286.4
8/10/2023,0:00,286.658
8/10/2023,6:00,285.258
8/10/2023,12:00,286.909
8/10/2023,18:00,287.614
8/11/2023,0:00,292.4
8/11/2023,6:00,291.133
8/11/2023,12:00,289.907
8/11/2023,18:00,292.9
8/12/2023,0:00,288.967
8/12/2023,6:00,284.733
8/12/2023,12:00,280.91
8/12/2023,18:00,283.437
8/13/2023,0:00,281.646
8/13/2023,6:00,278.773
8/13/2023,12:00,277.005
8/13/2023,18:00,280.075
8/14/2023,0:00,281.2
8/14/2023,6:00,279.929
8/14/2023,12:00,279.095
8/14/2023,18:00,283.06
8/15/2023,0:00,285.725
8/15/2023,6:00,284.6
8/15/2023,12:00,284.811
8/15/2023,18:00,288.788
8/16/2023,0:00,291.795
8/16/2023,6:00,290.346
8/16/2023,12:00,290.193
8/16/2023,18:00,293.188
8/17/2023,0:00,294.842
8/17/2023,6:00,293.022
8/17/2023,12:00,292.682
8/17/2023,18:00,295.336
8/18/2023,0:00,295.7
8/18/2023,6:00,291.807
8/18/2023,12:00,290.638
8/18/2023,18:00,289.002
8/19/2023,0:00,288.319
8/19/2023,6:00,284.31
8/19/2023,12:00,281.317
8/19/2023,18:00,284.442
8/20/2023,0:00,286.285
8/20/2023,6:00,283.422
8/20/2023,12:00,283.476
8/20/2023,18:00,287.562
8/21/2023,0:00,289.136
8/21/2023,6:00,286.805
8/21/2023,12:00,285.623
8/21/2023,18:00,289.006
8/22/2023,0:00,291.372
8/22/2023,6:00,290.222
8/22/2023,12:00,289.81
8/22/2023,18:00,295.11
8/23/2023,0:00,294.954
8/23/2023,6:00,288.958
8/23/2023,12:00,287.678
8/23/2023,18:00,289.251
8/24/2023,0:00,288.2
8/24/2023,6:00,285.225
8/24/2023,12:00,283.051
8/24/2023,18:00,285.824
8/25/2023,0:00,284.438
8/25/2023,6:00,282
8/25/2023,12:00,280.437
8/25/2023,18:00,283.935
8/26/2023,0:00,283.714
8/26/2023,6:00,280.543
8/26/2023,12:00,279.001
8/26/2023,18:00,283.202
8/27/2023,0:00,282.025
8/27/2023,6:00,278.5
8/27/2023,12:00,277.163
8/27/2023,18:00,281.8
8/28/2023,0:00,281.082
8/28/2023,6:00,278.574
8/28/2023,12:00,276.65
8/28/2023,18:00,280.832
8/29/2023,0:00,281.748
8/29/2023,6:00,279.559
8/29/2023,12:00,278.212
8/29/2023,18:00,283.426
8/30/2023,0:00,286.614
8/30/2023,6:00,283.7
8/30/2023,12:00,283.271
8/30/2023,18:00,288.5
8/31/2023,0:00,290.859
8/31/2023,6:00,287.851
8/31/2023,12:00,286.96
8/31/2023,18:00,292.006
9/1/2023,0:00,290.191
9/1/2023,6:00,288.044
9/1/2023,12:00,286.983
9/1/2023,18:00,290.3
9/2/2023,0:00,292.024
9/2/2023,6:00,291.548
9/2/2023,12:00,291.153
9/2/2023,18:00,293.624
9/3/2023,0:00,293.655
9/3/2023,6:00,292.74
9/3/2023,12:00,292.376
9/3/2023,18:00,294.073
9/4/2023,0:00,295.545
9/4/2023,6:00,291.751
9/4/2023,12:00,287.615
9/4/2023,18:00,286.833
9/5/2023,0:00,285.264
9/5/2023,6:00,280.795
9/5/2023,12:00,279.781
9/5/2023,18:00,282.104
9/6/2023,0:00,283.177
9/6/2023,6:00,282.591
9/6/2023,12:00,280.878
9/6/2023,18:00,283.788
9/7/2023,0:00,288.218
9/7/2023,6:00,287.218
9/7/2023,12:00,287.615
9/7/2023,18:00,291.962
9/8/2023,0:00,291.914
9/8/2023,6:00,289.82
9/8/2023,12:00,288.037
9/8/2023,18:00,287.932
9/9/2023,0:00,289.093
9/9/2023,6:00,287.318
9/9/2023,12:00,286.118
9/9/2023,18:00,287.532
9/10/2023,0:00,287.007
9/10/2023,6:00,284.652
9/10/2023,12:00,284.957
9/10/2023,18:00,289.045
9/11/2023,0:00,293.889
9/11/2023,6:00,292.924
9/11/2023,12:00,292.297
9/11/2023,18:00,296.02
9/12/2023,0:00,295.715
9/12/2023,6:00,291.812
9/12/2023,12:00,286.713
9/12/2023,18:00,285.719
9/13/2023,0:00,283.319
9/13/2023,6:00,282.055
9/13/2023,12:00,281.425
9/13/2023,18:00,282.241
9/14/2023,0:00,282.046
9/14/2023,6:00,279.513
9/14/2023,12:00,278.529
9/14/2023,18:00,282.744
9/15/2023,0:00,282.902
9/15/2023,6:00,280.762
9/15/2023,12:00,280
9/15/2023,18:00,284.8
9/16/2023,0:00,285.924
9/16/2023,6:00,283.745
9/16/2023,12:00,283.398
9/16/2023,18:00,288.771
9/17/2023,0:00,291.5
9/17/2023,6:00,290.217
9/17/2023,12:00,290.26
9/17/2023,18:00,295.477
9/18/2023,0:00,296.626
9/18/2023,6:00,296.192
9/18/2023,12:00,293.726
9/18/2023,18:00,295.429
9/19/2023,0:00,288.9
9/19/2023,6:00,288.43
9/19/2023,12:00,289.373
9/19/2023,18:00,290.488
9/20/2023,0:00,291.716
9/20/2023,6:00,291.233
9/20/2023,12:00,291.178
9/20/2023,18:00,294.079
9/21/2023,0:00,295.354
9/21/2023,6:00,294.327
9/21/2023,12:00,294.114
9/21/2023,18:00,296.86
9/22/2023,0:00,298.879
9/22/2023,6:00,296
9/22/2023,12:00,294.029
9/22/2023,18:00,295.282
9/23/2023,0:00,295.318
9/23/2023,6:00,293.74
9/23/2023,12:00,291.521
9/23/2023,18:00,292.271
9/24/2023,0:00,295.021
9/24/2023,6:00,292.093
9/24/2023,12:00,291.41
9/24/2023,18:00,293
9/25/2023,0:00,292.501
9/25/2023,6:00,289.087
9/25/2023,12:00,288.507
9/25/2023,18:00,288.775
9/26/2023,0:00,289.056
9/26/2023,6:00,287.033
9/26/2023,12:00,287.644
9/26/2023,18:00,288.458
9/27/2023,0:00,286.583
9/27/2023,6:00,284.657
9/27/2023,12:00,283.717
9/27/2023,18:00,285.848
9/28/2023,0:00,283.081
9/28/2023,6:00,280.788
9/28/2023,12:00,280.1
9/28/2023,18:00,285.814
9/29/2023,0:00,286.707
9/29/2023,6:00,284.109
9/29/2023,12:00,283.207
9/29/2023,18:00,288.179
9/30/2023,0:00,287.639
9/30/2023,6:00,285.287
9/30/2023,12:00,283.922
9/30/2023,18:00,288.342
10/1/2023,0:00,284.893
10/1/2023,6:00,282.535
10/1/2023,12:00,281.758
10/1/2023,18:00,287.439
10/2/2023,0:00,285.5
10/2/2023,6:00,281.958
10/2/2023,12:00,280.698
10/2/2023,18:00,286.777
10/3/2023,0:00,285.979
10/3/2023,6:00,283.31
10/3/2023,12:00,281.649
10/3/2023,18:00,287.48
10/4/2023,0:00,290.235
10/4/2023,6:00,289.912
10/4/2023,12:00,289.107
10/4/2023,18:00,289.761
10/5/2023,0:00,287.029
10/5/2023,6:00,283.203
10/5/2023,12:00,282.387
10/5/2023,18:00,288.038
10/6/2023,0:00,286.199
10/6/2023,6:00,283.852
10/6/2023,12:00,283.682
10/6/2023,18:00,286.363
10/7/2023,0:00,287.075
10/7/2023,6:00,287.188
10/7/2023,12:00,286
10/7/2023,18:00,291.3
10/8/2023,0:00,288.854
10/8/2023,6:00,286.233
10/8/2023,12:00,285.798
10/8/2023,18:00,288.901
10/9/2023,0:00,288.506
10/9/2023,6:00,284.718
10/9/2023,12:00,284.119
10/9/2023,18:00,290.471
10/10/2023,0:00,289.472
10/10/2023,6:00,286.485
10/10/2023,12:00,285.69
10/10/2023,18:00,292.327
10/11/2023,0:00,292.936
10/11/2023,6:00,291.557
10/11/2023,12:00,291.572
10/11/2023,18:00,292.116
10/12/2023,0:00,284.561
10/12/2023,6:00,280.898
10/12/2023,12:00,279.748
10/12/2023,18:00,281.863
10/13/2023,0:00,282.784
10/13/2023,6:00,281.21
10/13/2023,12:00,279.782
10/13/2023,18:00,284.773
10/14/2023,0:00,284.1
10/14/2023,6:00,282.326
10/14/2023,12:00,281.331
10/14/2023,18:00,287.246
10/15/2023,0:00,289.343
10/15/2023,6:00,286.062
10/15/2023,12:00,285.442
10/15/2023,18:00,290.313
10/16/2023,0:00,293.8
10/16/2023,6:00,291.947
10/16/2023,12:00,291.916
10/16/2023,18:00,294.911
10/17/2023,0:00,293.1
10/17/2023,6:00,292.649
10/17/2023,12:00,292.399
10/17/2023,18:00,291.355
10/18/2023,0:00,289.023
10/18/2023,6:00,287.112
10/18/2023,12:00,284.112
10/18/2023,18:00,285.195
10/19/2023,0:00,287.282
10/19/2023,6:00,286.652
10/19/2023,12:00,286.249
10/19/2023,18:00,288.841
10/20/2023,0:00,291.422
10/20/2023,6:00,288.597
10/20/2023,12:00,288.286
10/20/2023,18:00,289.293
10/21/2023,0:00,292.2
10/21/2023,6:00,289.72
10/21/2023,12:00,288.524
10/21/2023,18:00,290.35
10/22/2023,0:00,295.213
10/22/2023,6:00,293.073
10/22/2023,12:00,292.441
10/22/2023,18:00,294.983
10/23/2023,0:00,294.31
10/23/2023,6:00,293.856
10/23/2023,12:00,293.518
10/23/2023,18:00,293.424
10/24/2023,0:00,293.235
10/24/2023,6:00,291.325
10/24/2023,12:00,291.248
10/24/2023,18:00,293.065
10/25/2023,0:00,291.725
10/25/2023,6:00,289.458
10/25/2023,12:00,287.611
10/25/2023,18:00,290.629
10/26/2023,0:00,288.481
10/26/2023,6:00,286.156
10/26/2023,12:00,284.882
10/26/2023,18:00,289.765
10/27/2023,0:00,288.843
10/27/2023,6:00,285.819
10/27/2023,12:00,285
10/27/2023,18:00,291.2
10/28/2023,0:00,292.644
10/28/2023,6:00,291.727
10/28/2023,12:00,292.162
10/28/2023,18:00,293.727
10/29/2023,0:00,292.846
10/29/2023,6:00,289.996
10/29/2023,12:00,289.708
10/29/2023,18:00,294.703
10/30/2023,0:00,295.399
10/30/2023,6:00,292.965
10/30/2023,12:00,293.04
10/30/2023,18:00,294.849
10/31/2023,0:00,291.604
10/31/2023,6:00,289.481
10/31/2023,12:00,290.232
10/31/2023,18:00,292.658
11/1/2023,0:00,289.327
11/1/2023,6:00,288.003
11/1/2023,12:00,289.549
11/1/2023,18:00,291.944
11/2/2023,0:00,290.041
11/2/2023,6:00,289.154
11/2/2023,12:00,288.955
11/2/2023,18:00,289.496
11/3/2023,0:00,291.057
11/3/2023,6:00,290.114
11/3/2023,12:00,285.447
11/3/2023,18:00,284.288
11/4/2023,0:00,285.507
11/4/2023,6:00,285.15
11/4/2023,12:00,282.093
11/4/2023,18:00,287.314
11/5/2023,0:00,286.952
11/5/2023,6:00,283.551
11/5/2023,12:00,282.905
11/5/2023,18:00,289.512
11/6/2023,0:00,289.08
11/6/2023,6:00,285.126
11/6/2023,12:00,284.575
11/6/2023,18:00,291.666
11/7/2023,0:00,292.336
11/7/2023,6:00,289.965
11/7/2023,12:00,289.06
11/7/2023,18:00,297.183
11/8/2023,0:00,296.756
11/8/2023,6:00,294.279
11/8/2023,12:00,293.818
11/8/2023,18:00,296.297
11/9/2023,0:00,296.846
11/9/2023,6:00,294.951
11/9/2023,12:00,291.169
11/9/2023,18:00,292.169
11/10/2023,0:00,290.64
11/10/2023,6:00,290.086
11/10/2023,12:00,290.19
11/10/2023,18:00,291.696
11/11/2023,0:00,295.421
11/11/2023,6:00,295.835
11/11/2023,12:00,294.956
11/11/2023,18:00,296.234
11/12/2023,0:00,300.698
11/12/2023,6:00,295.52
11/12/2023,12:00,297.151
11/12/2023,18:00,295.564
11/13/2023,0:00,294.7
11/13/2023,6:00,293.803
11/13/2023,12:00,293.616
11/13/2023,18:00,293.612
11/14/2023,0:00,293.425
11/14/2023,6:00,293.331
11/14/2023,12:00,292.911
11/14/2023,18:00,294.013
11/15/2023,0:00,293.825
11/15/2023,6:00,292.713
11/15/2023,12:00,292.196
11/15/2023,18:00,293.844
11/16/2023,0:00,294.325
11/16/2023,6:00,293.023
11/16/2023,12:00,293.222
11/16/2023,18:00,296.855
11/17/2023,0:00,293.753
11/17/2023,6:00,292.024
11/17/2023,12:00,291.41
11/17/2023,18:00,293.613
11/18/2023,0:00,292.563
11/18/2023,6:00,292.169
11/18/2023,12:00,292.411
11/18/2023,18:00,291.445
11/19/2023,0:00,292.269
11/19/2023,6:00,286.996
11/19/2023,12:00,285.713
11/19/2023,18:00,290.993
11/20/2023,0:00,290.526
11/20/2023,6:00,287.158
11/20/2023,12:00,286.733
11/20/2023,18:00,294.254
11/21/2023,0:00,293.364
11/21/2023,6:00,292.367
11/21/2023,12:00,292.049
11/21/2023,18:00,299.237
11/22/2023,0:00,298.072
11/22/2023,6:00,296.286
11/22/2023,12:00,292.471
11/22/2023,18:00,292.708
11/23/2023,0:00,292.69
11/23/2023,6:00,291.134
11/23/2023,12:00,289.225
11/23/2023,18:00,292.093
11/24/2023,0:00,293.636
11/24/2023,6:00,289.525
11/24/2023,12:00,288.763
11/24/2023,18:00,294.771
11/25/2023,0:00,291.38
11/25/2023,6:00,287.945
11/25/2023,12:00,286.251
11/25/2023,18:00,290.72
11/26/2023,0:00,291.964
11/26/2023,6:00,289.72
11/26/2023,12:00,288.373
11/26/2023,18:00,292.828
11/27/2023,0:00,294.776
11/27/2023,6:00,292.868
11/27/2023,12:00,292.58
11/27/2023,18:00,296.882
11/28/2023,0:00,294.66
11/28/2023,6:00,291.417
11/28/2023,12:00,291.725
11/28/2023,18:00,296.64
11/29/2023,0:00,293.864
11/29/2023,6:00,290.782
11/29/2023,12:00,289.417
11/29/2023,18:00,295.804
11/30/2023,0:00,295.579
11/30/2023,6:00,292.036
11/30/2023,12:00,292.199
11/30/2023,18:00,298.197
12/1/2023,0:00,297.622
12/1/2023,6:00,296.389
12/1/2023,12:00,295.822
12/1/2023,18:00,300.658
12/2/2023,0:00,300.499
12/2/2023,6:00,298.153
12/2/2023,12:00,293.919
12/2/2023,18:00,293.816
12/3/2023,0:00,295.055
12/3/2023,6:00,293.374
12/3/2023,12:00,292.503
12/3/2023,18:00,293.782
12/4/2023,0:00,293.854
12/4/2023,6:00,290.591
12/4/2023,12:00,289.358
12/4/2023,18:00,291.125
12/5/2023,0:00,291.107
12/5/2023,6:00,289.393
12/5/2023,12:00,289.785
12/5/2023,18:00,292.009
12/6/2023,0:00,294.614
12/6/2023,6:00,293.109
12/6/2023,12:00,293.644
12/6/2023,18:00,299.003
12/7/2023,0:00,296.091
12/7/2023,6:00,294.453
12/7/2023,12:00,293.976
12/7/2023,18:00,295.749
12/8/2023,0:00,293.266
12/8/2023,6:00,289.647
12/8/2023,12:00,287.728
12/8/2023,18:00,292.071
12/9/2023,0:00,290.483
12/9/2023,6:00,288.191
12/9/2023,12:00,286.417
12/9/2023,18:00,291.544
12/10/2023,0:00,292.283
12/10/2023,6:00,290.006
12/10/2023,12:00,288.858
12/10/2023,18:00,294.14
12/11/2023,0:00,292.466
12/11/2023,6:00,289.063
12/11/2023,12:00,288.806
12/11/2023,18:00,295.282
12/12/2023,0:00,294.936
12/12/2023,6:00,291.682
12/12/2023,12:00,290.678
12/12/2023,18:00,296.752
12/13/2023,0:00,297.657
12/13/2023,6:00,295.567
12/13/2023,12:00,295.007
12/13/2023,18:00,296.687
12/14/2023,0:00,294.206
12/14/2023,6:00,294.182
12/14/2023,12:00,293.924
12/14/2023,18:00,299.026
12/15/2023,0:00,298.749
12/15/2023,6:00,294.801
12/15/2023,12:00,296.378
12/15/2023,18:00,298.373
12/16/2023,0:00,297.313
12/16/2023,6:00,295.662
12/16/2023,12:00,294.412
12/16/2023,18:00,299.405
12/17/2023,0:00,300.086
12/17/2023,6:00,298.551
12/17/2023,12:00,297.132
12/17/2023,18:00,302.883
12/18/2023,0:00,302.69
12/18/2023,6:00,297.245
12/18/2023,12:00,298.218
12/18/2023,18:00,302.636
12/19/2023,0:00,293.854
12/19/2023,6:00,294.542
12/19/2023,12:00,292.15
12/19/2023,18:00,292.01
12/20/2023,0:00,292.461
12/20/2023,6:00,291.229
12/20/2023,12:00,291.3
12/20/2023,18:00,293.356
12/21/2023,0:00,294.342
12/21/2023,6:00,292.844
12/21/2023,12:00,292.419
12/21/2023,18:00,296.735
12/22/2023,0:00,298.549
12/22/2023,6:00,295.017
12/22/2023,12:00,294.207
12/22/2023,18:00,299.098
12/23/2023,0:00,296.16
12/23/2023,6:00,292.155
12/23/2023,12:00,293.192
12/23/2023,18:00,297.2
12/24/2023,0:00,296.899
12/24/2023,6:00,294.627
12/24/2023,12:00,293.893
12/24/2023,18:00,298.105
12/25/2023,0:00,297.287
12/25/2023,6:00,295.152
12/25/2023,12:00,293.752
12/25/2023,18:00,298.02
12/26/2023,0:00,294.806
12/26/2023,6:00,289.549
12/26/2023,12:00,287.373
12/27/2023,0:00,290.726
12/27/2023,6:00,288.015
12/27/2023,12:00,287.2
12/27/2023,18:00,293.19
12/28/2023,0:00,292.974
12/28/2023,6:00,290.941
12/28/2023,12:00,290.169
12/28/2023,18:00,296.873
12/29/2023,0:00,299.9
12/29/2023,6:00,295.44
12/29/2023,12:00,293.496
12/29/2023,18:00,293.421
12/30/2023,0:00,295.146
12/30/2023,6:00,289.957
12/30/2023,12:00,287.745
12/30/2023,18:00,290.899
12/31/2023,0:00,290.762
12/31/2023,6:00,288.041
12/31/2023,12:00,287.752
12/31/2023,18:00,290.977
1/1/2024,0:00,291.546
1/1/2024,6:00,289.556
1/1/2024,12:00,287.812
1/1/2024,18:00,293.64
1/2/2024,0:00,294.988
1/2/2024,6:00,290.957
1/2/2024,12:00,290.528
1/2/2024,18:00,296.963
1/3/2024,0:00,297.212
1/3/2024,6:00,293.132
1/3/2024,12:00,291.621
1/3/2024,18:00,296.202
1/4/2024,0:00,294.686
1/4/2024,6:00,292.009
1/4/2024,12:00,292.274
1/4/2024,18:00,294.004
1/5/2024,0:00,294.435
1/5/2024,6:00,291.545
1/5/2024,12:00,290.836
1/5/2024,18:00,294.664
1/6/2024,0:00,295.632
1/6/2024,6:00,292.456
1/6/2024,12:00,291.545
1/6/2024,18:00,297.632
1/7/2024,0:00,298.618
1/7/2024,6:00,295.455
1/7/2024,12:00,295.041
1/7/2024,18:00,300.503
1/8/2024,0:00,295.404
1/8/2024,6:00,293.819
1/8/2024,12:00,293.275
1/8/2024,18:00,294.122
1/9/2024,0:00,294.082
1/9/2024,6:00,293.496
1/9/2024,12:00,292.66
1/9/2024,18:00,295.548
1/10/2024,0:00,296.369
1/10/2024,6:00,294.942
1/10/2024,12:00,294.34
1/10/2024,18:00,294.104
1/11/2024,0:00,294.261
1/11/2024,6:00,293.907
1/11/2024,12:00,294.026
1/11/2024,18:00,296.65
1/12/2024,0:00,295.952
1/12/2024,6:00,293.488
1/12/2024,12:00,291.705
1/12/2024,18:00,295.094
1/13/2024,0:00,294.85
1/13/2024,6:00,290.925
1/13/2024,12:00,289.175
1/13/2024,18:00,293.606
1/14/2024,0:00,296.903
1/14/2024,6:00,295.577
1/14/2024,12:00,295.325
1/14/2024,18:00,301.046
1/15/2024,0:00,294.818
1/15/2024,6:00,294.232
1/15/2024,12:00,294.188
1/15/2024,18:00,298.284
1/16/2024,0:00,299.153
1/16/2024,6:00,296.795
1/16/2024,12:00,296.292
1/16/2024,18:00,300.817
1/17/2024,0:00,296.169
1/17/2024,6:00,293.129
1/17/2024,12:00,294.388
1/17/2024,18:00,294.495
1/18/2024,0:00,294.704
1/18/2024,6:00,293.752
1/18/2024,12:00,293.954
1/18/2024,18:00,294.694
1/19/2024,0:00,297.191
1/19/2024,6:00,294.76
1/19/2024,12:00,294.131
1/19/2024,18:00,298.455
1/20/2024,0:00,297.459
1/20/2024,6:00,294.533
1/20/2024,12:00,293.439
1/20/2024,18:00,295.869
1/21/2024,0:00,295.388
1/21/2024,6:00,292.579
1/21/2024,12:00,291.875
1/21/2024,18:00,294.788
1/22/2024,0:00,293.596
1/22/2024,6:00,290.542
1/22/2024,12:00,289.087
1/22/2024,18:00,293.115
1/23/2024,0:00,293.585
1/23/2024,6:00,290.134
1/23/2024,12:00,289.246
1/23/2024,18:00,293.028
1/24/2024,0:00,293.328
1/24/2024,6:00,290.164
1/24/2024,12:00,288.83
1/24/2024,18:00,293.27
1/25/2024,0:00,293.144
1/25/2024,6:00,290.422
1/25/2024,12:00,288.944
1/25/2024,18:00,293.492
1/26/2024,0:00,293.369
1/26/2024,6:00,289.933
1/26/2024,12:00,288.289
1/26/2024,18:00,292.99
1/27/2024,0:00,294.916
1/27/2024,6:00,290.871
1/27/2024,12:00,289.123
1/27/2024,18:00,293.548
1/28/2024,0:00,294.74
1/28/2024,6:00,291.638
1/28/2024,12:00,289.588
1/28/2024,18:00,294.596
1/29/2024,0:00,294.976
1/29/2024,6:00,291.936
1/29/2024,12:00,291.139
1/29/2024,18:00,296.401
1/30/2024,0:00,298.939
1/30/2024,6:00,294.383
1/30/2024,12:00,293.028
1/30/2024,18:00,297.943
1/31/2024,0:00,299.587
1/31/2024,6:00,294.486
1/31/2024,12:00,292.46
1/31/2024,18:00,297.433
2/1/2024,0:00,296.989
2/1/2024,6:00,293.568
2/1/2024,12:00,291.917
2/1/2024,18:00,297.731
2/2/2024,0:00,297.981
2/2/2024,6:00,294.522
2/2/2024,12:00,290.81
2/2/2024,18:00,296.608
2/3/2024,0:00,298.417
2/3/2024,6:00,294.218
2/3/2024,12:00,292.44
2/3/2024,18:00,299.003
2/4/2024,0:00,302.327
2/4/2024,6:00,297.319
2/4/2024,12:00,295.993
2/4/2024,18:00,301.696
2/5/2024,0:00,300.085
2/5/2024,6:00,294.694
2/5/2024,12:00,293.018
2/5/2024,18:00,298.752
2/6/2024,0:00,300.169
2/6/2024,6:00,296.996
2/6/2024,12:00,295.007
2/6/2024,18:00,299.369
2/7/2024,0:00,300.208
2/7/2024,6:00,295.89
2/7/2024,12:00,294.656
2/7/2024,18:00,299.756
2/8/2024,0:00,300.354
2/8/2024,6:00,296.881
2/8/2024,12:00,294.73
2/8/2024,18:00,299.946
2/9/2024,0:00,301.221
2/9/2024,6:00,296.592
2/9/2024,12:00,296.091
2/9/2024,18:00,301.471
2/10/2024,0:00,299.375
2/10/2024,6:00,296.213
2/10/2024,12:00,295.435
2/10/2024,18:00,299.992
2/11/2024,0:00,302.278
2/11/2024,6:00,296.418
2/11/2024,12:00,296.025
2/11/2024,18:00,300.821
2/12/2024,0:00,297.556
2/12/2024,6:00,297.077
2/12/2024,12:00,297.199
2/12/2024,18:00,302.359
2/13/2024,0:00,298.787
2/13/2024,6:00,294.92
2/13/2024,12:00,294.587
2/13/2024,18:00,292.563
2/14/2024,0:00,291.684
2/14/2024,6:00,290.166
2/14/2024,12:00,287.201
2/14/2024,18:00,292.383
2/15/2024,0:00,294.058
2/15/2024,6:00,291.096
2/15/2024,12:00,290.078
2/15/2024,18:00,293.764
2/16/2024,0:00,296.191
2/16/2024,6:00,294.948
2/16/2024,12:00,293.8
2/16/2024,18:00,294.058
2/17/2024,0:00,295.258
2/17/2024,6:00,291.964
2/17/2024,12:00,292.666
2/17/2024,18:00,293.854
2/18/2024,0:00,296.188
2/18/2024,6:00,293.685
2/18/2024,12:00,292.891
2/18/2024,18:00,297.55
2/19/2024,0:00,298.998
2/19/2024,6:00,294.794
2/19/2024,12:00,293.884
2/19/2024,18:00,297.493
2/20/2024,0:00,294.456
2/20/2024,6:00,293.939
2/20/2024,12:00,292.485
2/20/2024,18:00,296.517
2/21/2024,0:00,296.653
2/21/2024,6:00,292.47
2/21/2024,12:00,290.11
2/21/2024,18:00,295.053
2/22/2024,0:00,297.454
2/22/2024,6:00,293.567
2/22/2024,12:00,291.501
2/22/2024,18:00,297.66
2/23/2024,0:00,299.359
2/23/2024,6:00,295.61
2/23/2024,12:00,295.243
2/23/2024,18:00,300.16
2/24/2024,0:00,300.451
2/24/2024,6:00,296.307
2/24/2024,12:00,295.203
2/24/2024,18:00,300.632
2/25/2024,0:00,301.107
2/25/2024,6:00,296.585
2/25/2024,12:00,295.18
2/25/2024,18:00,298.215
2/26/2024,0:00,300.456
2/26/2024,6:00,295.075
2/26/2024,12:00,294.888
2/26/2024,18:00,297.613
2/27/2024,0:00,297.934
2/27/2024,6:00,296.1
2/27/2024,12:00,296.407
2/27/2024,18:00,297.932
2/28/2024,0:00,297.966
2/28/2024,6:00,296.544
2/28/2024,12:00,296.03
2/28/2024,18:00,297.014
2/29/2024,0:00,296.235
2/29/2024,6:00,294.802
2/29/2024,12:00,294.962
2/29/2024,18:00,297.538
3/1/2024,0:00,297.727
3/1/2024,6:00,295.566
3/1/2024,12:00,294.558
3/1/2024,18:00,299.022
3/2/2024,0:00,300.558
3/2/2024,6:00,295.267
3/2/2024,12:00,293.66
3/2/2024,18:00,298.409
3/3/2024,0:00,301.344
3/3/2024,6:00,299.295
3/3/2024,12:00,295.051
3/3/2024,18:00,297.704
3/4/2024,0:00,294.991
3/4/2024,6:00,292.768
3/4/2024,12:00,290.87
3/4/2024,18:00,291.97
3/5/2024,0:00,295.407
3/5/2024,6:00,292.236
3/5/2024,12:00,288.803
3/5/2024,18:00,293.042
3/6/2024,0:00,292.958
3/6/2024,6:00,288.862
3/6/2024,12:00,286.841
3/6/2024,18:00,292.342
3/7/2024,0:00,292.448
3/7/2024,6:00,289.029
3/7/2024,12:00,288.354
3/7/2024,18:00,293.501
3/8/2024,0:00,297.002
3/8/2024,6:00,294.854
3/8/2024,12:00,294.343
3/8/2024,18:00,295.394
3/9/2024,0:00,298.246
3/9/2024,6:00,295.657
3/9/2024,12:00,295.575
3/9/2024,18:00,294.569
3/10/2024,0:00,297.381
3/10/2024,6:00,297.553
3/10/2024,12:00,296.728
3/10/2024,18:00,300.265
3/11/2024,0:00,299.1
3/11/2024,6:00,294.633
3/11/2024,12:00,292.743
3/11/2024,18:00,298.118
3/12/2024,0:00,298.1
3/12/2024,6:00,293.68
3/12/2024,12:00,293.026
3/12/2024,18:00,298.4
3/13/2024,0:00,301.259
3/13/2024,6:00,297.355
3/13/2024,12:00,295.335
3/13/2024,18:00,301.797
3/14/2024,0:00,302.216
3/14/2024,6:00,297.916
3/14/2024,12:00,297.175
3/14/2024,18:00,301.865
3/15/2024,0:00,304.613
3/15/2024,6:00,301.479
3/15/2024,12:00,297.18
3/15/2024,18:00,295.537
3/16/2024,0:00,296.172
3/16/2024,6:00,295.641
3/16/2024,12:00,295.576
3/16/2024,18:00,297.477
3/17/2024,0:00,295.528
3/17/2024,6:00,294.384
3/17/2024,12:00,294.581
3/17/2024,18:00,296.097
3/18/2024,0:00,297.864
3/18/2024,6:00,295.948
3/18/2024,12:00,294.204
3/18/2024,18:00,297.084
3/19/2024,0:00,295.946
3/19/2024,6:00,295.615
3/19/2024,12:00,295.945
3/19/2024,18:00,297.521
3/20/2024,0:00,296.476
3/20/2024,6:00,298.199
3/20/2024,12:00,296.019
3/20/2024,18:00,299.967
3/21/2024,0:00,301.531
3/21/2024,6:00,300.936
3/21/2024,12:00,292.963
3/21/2024,18:00,291.661
3/22/2024,0:00,291.343
3/22/2024,6:00,287.573
3/22/2024,12:00,285.667
3/22/2024,18:00,289.053
3/23/2024,0:00,289.445
3/23/2024,6:00,287.812
3/23/2024,12:00,287.106
3/23/2024,18:00,290.536
3/24/2024,0:00,293.1
3/24/2024,6:00,290.375
3/24/2024,12:00,288.454
3/24/2024,18:00,294.241
3/25/2024,0:00,295.955
3/25/2024,6:00,293.7
3/25/2024,12:00,292.486
3/25/2024,18:00,296.47
3/26/2024,0:00,295.416
3/26/2024,6:00,291.497
3/26/2024,12:00,289.442
3/26/2024,18:00,293.703
3/27/2024,0:00,292.796
3/27/2024,6:00,288.8
3/27/2024,12:00,287.429
3/27/2024,18:00,292.013
3/28/2024,0:00,293.113
3/28/2024,6:00,290.639
3/28/2024,12:00,290.337
3/28/2024,18:00,293.91
3/29/2024,0:00,295.064
3/29/2024,6:00,292.848
3/29/2024,12:00,291.329
3/29/2024,18:00,295.608
3/30/2024,0:00,295.657
3/30/2024,6:00,292.97
3/30/2024,12:00,292.338
3/30/2024,18:00,297.1
3/31/2024,0:00,297.04
3/31/2024,6:00,294.944
3/31/2024,12:00,294.539
3/31/2024,18:00,298.567
4/1/2024,0:00,292.035
4/1/2024,6:00,292.763
4/1/2024,12:00,292.322
4/1/2024,18:00,295.881
4/2/2024,0:00,293.081
4/2/2024,6:00,290.419
4/2/2024,12:00,290.471
4/2/2024,18:00,290.865
4/3/2024,0:00,291.855
4/3/2024,6:00,291.317
4/3/2024,12:00,290.526
4/3/2024,18:00,295.409
4/4/2024,0:00,299.95
4/4/2024,6:00,294.729
4/4/2024,12:00,293.778
4/4/2024,18:00,295.599
4/5/2024,0:00,296.001
4/5/2024,6:00,293.041
4/5/2024,12:00,293.1
4/5/2024,18:00,294.807
4/6/2024,0:00,293.561
4/6/2024,6:00,290.5
4/6/2024,12:00,288.419
4/6/2024,18:00,292.151
4/7/2024,0:00,293.104
4/7/2024,6:00,288.515
4/7/2024,12:00,288.505
4/7/2024,18:00,289.981
4/8/2024,0:00,292.117
4/8/2024,6:00,290.496
4/8/2024,12:00,291.125
4/8/2024,18:00,293.802
4/9/2024,0:00,295.065
4/9/2024,6:00,292.456
4/9/2024,12:00,294.179
4/9/2024,18:00,295.36
4/10/2024,0:00,293.802
4/10/2024,6:00,291.5
4/10/2024,12:00,290.448
4/10/2024,18:00,294.012
4/11/2024,0:00,291.227
4/11/2024,6:00,289.448
4/11/2024,12:00,288.901
4/11/2024,18:00,290.538
4/12/2024,0:00,290.957
4/12/2024,6:00,290.8
4/12/2024,12:00,290.704
4/12/2024,18:00,290.706
4/13/2024,0:00,291.506
4/13/2024,6:00,291.536
4/13/2024,12:00,291.9
4/13/2024,18:00,292.841
4/14/2024,0:00,294.285
4/14/2024,6:00,293.819
4/14/2024,12:00,293.919
4/14/2024,18:00,294.958
4/15/2024,0:00,296.117
4/15/2024,6:00,295.255
4/15/2024,12:00,295.396
4/15/2024,18:00,295.941
4/16/2024,0:00,295.2
4/16/2024,6:00,292.534
4/16/2024,12:00,291.1
4/16/2024,18:00,292.248
4/17/2024,0:00,288.897
4/17/2024,6:00,285.7
4/17/2024,12:00,284.195
4/17/2024,18:00,288.27
4/18/2024,0:00,287.982
4/18/2024,6:00,286.155
4/18/2024,12:00,285.837
4/18/2024,18:00,289.439
4/19/2024,0:00,290.063
4/19/2024,6:00,287.553
4/19/2024,12:00,286.872
4/19/2024,18:00,290.047
4/20/2024,0:00,290.312
4/20/2024,6:00,287.904
4/20/2024,12:00,286.357
4/20/2024,18:00,290.4
4/21/2024,0:00,291.099
4/21/2024,6:00,288.701
4/21/2024,12:00,287.835
4/21/2024,18:00,291.55
4/22/2024,0:00,292.868
4/22/2024,6:00,291.145
4/22/2024,12:00,291.759
4/22/2024,18:00,290.502
4/23/2024,0:00,291.322
4/23/2024,6:00,291.667
4/23/2024,12:00,291.883
4/23/2024,18:00,293.797
4/24/2024,0:00,294.1
4/24/2024,6:00,292.445
4/24/2024,12:00,287.69
4/24/2024,18:00,288.8
4/25/2024,0:00,289.916
4/25/2024,6:00,287.793
4/25/2024,12:00,287.971
4/25/2024,18:00,289.684
4/26/2024,0:00,292.4
4/26/2024,6:00,291.967
4/26/2024,12:00,292.424
4/26/2024,18:00,295.906
4/27/2024,0:00,296.02
4/27/2024,6:00,294.593
4/27/2024,12:00,294.225
4/27/2024,18:00,295.421
4/28/2024,0:00,287.428
4/28/2024,6:00,285.688
4/28/2024,12:00,285.68
4/28/2024,18:00,287.377
4/29/2024,0:00,290.351
4/29/2024,6:00,289.135
4/29/2024,12:00,288.668
4/29/2024,18:00,291.856
4/30/2024,0:00,296.804
4/30/2024,6:00,295.7
4/30/2024,12:00,294.672
4/30/2024,18:00,296.258
5/1/2024,0:00,297.755
5/1/2024,6:00,295.748
5/1/2024,12:00,294.667
5/1/2024,18:00,296.482
5/2/2024,0:00,295.432
5/2/2024,6:00,290.525
5/2/2024,12:00,287.965
5/2/2024,18:00,288.748
5/3/2024,0:00,288.574
5/3/2024,6:00,287.388
5/3/2024,12:00,286.916
5/3/2024,18:00,286.844
5/4/2024,0:00,287.083
5/4/2024,6:00,286.7
5/4/2024,12:00,287.155
5/4/2024,18:00,288.744
5/5/2024,0:00,291.666
5/5/2024,6:00,291.372
5/5/2024,12:00,291.609
5/5/2024,18:00,294.092
5/6/2024,0:00,295.161
5/6/2024,6:00,294.449
5/6/2024,12:00,293.601
5/6/2024,18:00,295.481
5/7/2024,0:00,295.145
5/7/2024,6:00,293.22
5/7/2024,12:00,293.559
5/7/2024,18:00,294.524
5/8/2024,0:00,295.256
5/8/2024,6:00,295.359
5/8/2024,12:00,293.1
5/8/2024,18:00,294.275
5/9/2024,0:00,289.147
5/9/2024,6:00,284.169
5/9/2024,12:00,281.184
5/9/2024,18:00,283.603
5/10/2024,0:00,284.723
5/10/2024,6:00,285.385
5/10/2024,12:00,284.985
5/10/2024,18:00,287
5/11/2024,0:00,287.11
5/11/2024,6:00,286.942
5/11/2024,12:00,287.73
5/11/2024,18:00,287.701
5/12/2024,0:00,288.4
5/12/2024,6:00,288.245
5/12/2024,12:00,289.1
5/12/2024,18:00,289.183
5/13/2024,0:00,288.8
5/13/2024,6:00,287.216
5/13/2024,12:00,283.774
5/13/2024,18:00,283.616
5/14/2024,0:00,283.659
5/14/2024,6:00,279.413
5/14/2024,12:00,277.668
5/14/2024,18:00,280.955
5/15/2024,0:00,281.428
5/15/2024,6:00,278.896
5/15/2024,12:00,278.027
5/15/2024,18:00,280.913
5/16/2024,0:00,280.695
5/16/2024,6:00,279.816
5/16/2024,12:00,281.132
5/16/2024,18:00,283.029
5/17/2024,0:00,284.241
5/17/2024,6:00,284.109
5/17/2024,12:00,280.187
5/17/2024,18:00,283.548
5/18/2024,0:00,282.6
5/18/2024,6:00,280.1
5/18/2024,12:00,279.356
5/18/2024,18:00,282.394
5/19/2024,0:00,283.316
5/19/2024,6:00,279.181
5/19/2024,12:00,278.485
5/19/2024,18:00,281.628
5/20/2024,0:00,282.307
5/20/2024,6:00,280.026
5/20/2024,12:00,279.726
5/21/2024,0:00,283.489
5/21/2024,6:00,282.401
5/21/2024,12:00,282.311
5/21/2024,18:00,285.144
5/22/2024,0:00,286.896
5/22/2024,6:00,287.6
5/22/2024,12:00,288.777
5/22/2024,18:00,290.583
5/23/2024,0:00,291.8
5/23/2024,6:00,290.6
5/23/2024,12:00,289.5
5/23/2024,18:00,290.793
5/24/2024,0:00,288.425
5/24/2024,6:00,287.601
5/24/2024,12:00,285.063
5/24/2024,18:00,281.338
5/25/2024,0:00,281.234
5/25/2024,6:00,278.106
5/25/2024,12:00,276.678
5/25/2024,18:00,279.365
5/26/2024,0:00,281.456
5/26/2024,6:00,279.356
5/26/2024,12:00,278.111
5/26/2024,18:00,280.829
5/27/2024,0:00,284.003
5/27/2024,6:00,282.731
5/27/2024,12:00,282.829
5/27/2024,18:00,283.017
5/28/2024,0:00,281.701
5/28/2024,6:00,278.535
5/28/2024,12:00,277.765
5/28/2024,18:00,282.194
5/29/2024,0:00,283.522
5/29/2024,12:00,281.557
5/29/2024,18:00,285.534
5/30/2024,0:00,283.455
5/30/2024,6:00,282.6
5/30/2024,12:00,281.383
5/30/2024,18:00,283.962
5/31/2024,0:00,284.409
5/31/2024,6:00,282.543
5/31/2024,12:00,281.573
5/31/2024,18:00,284.07
6/1/2024,0:00,285.364
6/1/2024,6:00,284.742
6/1/2024,12:00,284.618
6/1/2024,18:00,287.018
6/2/2024,0:00,288.226
6/2/2024,6:00,286.702
6/2/2024,12:00,286
6/2/2024,18:00,288.402
6/3/2024,0:00,291.679
6/3/2024,6:00,284.401
6/3/2024,12:00,283.093
6/3/2024,18:00,283.838
6/4/2024,0:00,281.685
6/4/2024,6:00,280.88
6/4/2024,12:00,280.094
6/4/2024,18:00,281.397
6/5/2024,0:00,283.882
6/5/2024,6:00,283.306
6/5/2024,12:00,284.518
6/5/2024,18:00,287.615
6/6/2024,0:00,290.329
6/6/2024,6:00,289.502
6/6/2024,12:00,289.573
6/6/2024,18:00,291.4
6/7/2024,0:00,292.044
6/7/2024,6:00,290.668
6/7/2024,12:00,290.1
6/7/2024,18:00,292.452
6/8/2024,0:00,292.906
6/8/2024,6:00,291.28
6/8/2024,12:00,290.088
6/8/2024,18:00,292.103
6/9/2024,0:00,292.341
6/9/2024,6:00,291.047
6/9/2024,12:00,290.936
6/9/2024,18:00,293.312
6/10/2024,0:00,292.88
6/10/2024,6:00,291.834
6/10/2024,12:00,291.675
6/10/2024,18:00,293.283
6/11/2024,0:00,292.783
6/11/2024,6:00,291.117
6/11/2024,12:00,290.534
6/11/2024,18:00,292.855
6/12/2024,0:00,293.5
6/12/2024,6:00,291.594
6/12/2024,12:00,291.253
6/12/2024,18:00,292.702
6/13/2024,0:00,293.282
6/13/2024,6:00,291.255
6/13/2024,12:00,291.334
6/13/2024,18:00,291.755
6/14/2024,0:00,293.515
6/14/2024,6:00,293.6
6/14/2024,12:00,292.819
6/14/2024,18:00,292.8
6/15/2024,0:00,295.431
6/15/2024,6:00,294.723
6/15/2024,12:00,291.712
6/15/2024,18:00,292.777
6/16/2024,0:00,292.326
6/16/2024,6:00,291.607
6/16/2024,12:00,290.103
6/16/2024,18:00,289.2
6/17/2024,0:00,289.337
6/17/2024,6:00,288.518
6/17/2024,12:00,286.749
6/17/2024,18:00,288.101
6/18/2024,0:00,289.345
6/18/2024,6:00,289.1
6/18/2024,12:00,289.443
6/18/2024,18:00,290.615
6/19/2024,0:00,291.657
6/19/2024,6:00,290.9
6/19/2024,12:00,291.049
6/19/2024,18:00,292.318
6/20/2024,0:00,292.765
6/20/2024,6:00,291.291
6/20/2024,12:00,290.784
6/20/2024,18:00,292.319
6/21/2024,0:00,292.332
6/21/2024,6:00,291.282
6/21/2024,12:00,290.615
6/21/2024,18:00,291.129
6/22/2024,0:00,291.4
6/22/2024,6:00,289.9
6/22/2024,12:00,289.324
6/22/2024,18:00,290.845
6/23/2024,0:00,291.225
6/23/2024,6:00,291.427
6/23/2024,12:00,290.646
6/23/2024,18:00,292.193
6/24/2024,0:00,287.272
6/24/2024,6:00,284.817
6/24/2024,12:00,282.169
6/24/2024,18:00,283.069
6/25/2024,0:00,281.959
6/25/2024,6:00,280.032
6/25/2024,12:00,279.344
6/25/2024,18:00,280.643
6/26/2024,0:00,283.572
6/26/2024,6:00,281.567
6/26/2024,12:00,279.5
6/26/2024,18:00,281.01
6/27/2024,0:00,280.6
6/27/2024,6:00,279.7
6/27/2024,12:00,278.608
6/27/2024,18:00,280.856
6/28/2024,0:00,283.366
6/28/2024,6:00,282.515
6/28/2024,12:00,282.24
6/28/2024,18:00,284.064
6/29/2024,0:00,282.897
6/29/2024,6:00,278.104
6/29/2024,12:00,276.385
6/29/2024,18:00,278.452
6/30/2024,0:00,277.054
6/30/2024,6:00,275.705
6/30/2024,12:00,275.079
6/30/2024,18:00,277.777
7/1/2024,0:00,279.241
7/1/2024,6:00,277.329
7/1/2024,12:00,276.651
7/1/2024,18:00,279.673
7/2/2024,0:00,281.538
7/2/2024,6:00,280.351
7/2/2024,12:00,280.149
7/2/2024,18:00,282.903
7/3/2024,0:00,286.076
7/3/2024,6:00,285.787
7/3/2024,12:00,287
7/3/2024,18:00,286.967
7/4/2024,0:00,285.982
7/4/2024,6:00,284.141
7/4/2024,12:00,284.241
7/4/2024,18:00,285.118
7/5/2024,0:00,284.703
7/5/2024,6:00,283.225
7/5/2024,12:00,282.397
7/5/2024,18:00,281.542
7/6/2024,0:00,281.362
7/6/2024,6:00,276.079
7/6/2024,12:00,274.911
7/6/2024,18:00,277.277
7/7/2024,0:00,279.593
7/7/2024,6:00,275.929
7/7/2024,12:00,274.71
7/7/2024,18:00,277.267
7/8/2024,0:00,278.375
7/8/2024,6:00,276.132
7/8/2024,12:00,274.919
7/8/2024,18:00,277.136
7/9/2024,0:00,276.166
7/9/2024,6:00,273.559
7/9/2024,12:00,273.251
7/9/2024,18:00,275.382
7/10/2024,0:00,277.118
7/10/2024,6:00,275.515
7/10/2024,12:00,275.193
7/10/2024,18:00,277.439
7/11/2024,0:00,278.643
7/11/2024,6:00,277.906
7/11/2024,12:00,277.602
7/11/2024,18:00,279.9
7/12/2024,0:00,282.138
7/12/2024,6:00,281.105
7/12/2024,12:00,280.578
7/12/2024,18:00,281.105
7/13/2024,0:00,281.544
7/13/2024,6:00,277.55
7/13/2024,12:00,276.803
7/13/2024,18:00,278.989
7/14/2024,0:00,283.137
7/14/2024,6:00,282.167
7/14/2024,12:00,281.569
7/14/2024,18:00,281.967
7/15/2024,0:00,283.833
7/15/2024,6:00,283.914
7/15/2024,12:00,282.65
7/15/2024,18:00,284.138
7/16/2024,0:00,285.283
7/16/2024,6:00,284.2
7/16/2024,12:00,282.835
7/16/2024,18:00,284.765
7/17/2024,0:00,287.249
7/17/2024,6:00,285.159
7/17/2024,12:00,283.815
7/17/2024,18:00,285.972
7/18/2024,0:00,286.4
7/18/2024,6:00,284.058
7/18/2024,12:00,283.238
7/18/2024,18:00,285.328
7/19/2024,0:00,288.754
7/19/2024,6:00,288.1
7/19/2024,12:00,287.924
7/19/2024,18:00,290.286
7/20/2024,0:00,291.435
7/20/2024,6:00,288.802
7/20/2024,12:00,287.906
7/20/2024,18:00,287.624
7/21/2024,0:00,288.86
7/21/2024,6:00,287.7
7/21/2024,12:00,287.358
7/21/2024,18:00,290.07
7/22/2024,0:00,291.798
7/22/2024,6:00,289.924
7/22/2024,12:00,288.671
7/22/2024,18:00,290.854
7/23/2024,0:00,292.219
7/23/2024,6:00,289.929
7/23/2024,12:00,288.987
7/23/2024,18:00,290.749
7/24/2024,0:00,290.557
7/24/2024,6:00,289.289
7/24/2024,12:00,288.056
7/24/2024,18:00,290.403
7/25/2024,0:00,291.066
7/25/2024,6:00,289.708
7/25/2024,12:00,288.754
7/25/2024,18:00,291.366
7/26/2024,0:00,290.781
7/26/2024,6:00,288.337
7/26/2024,12:00,287.661
7/26/2024,18:00,288.666
7/27/2024,0:00,291.516
7/27/2024,6:00,289.1
7/27/2024,12:00,288.627
7/27/2024,18:00,291.21
7/28/2024,0:00,291.48
7/28/2024,6:00,288.905
7/28/2024,12:00,288.302
7/28/2024,18:00,289.31
7/29/2024,0:00,284.259
7/29/2024,6:00,282.377
7/29/2024,12:00,281.359
7/29/2024,18:00,281.958
7/30/2024,0:00,281.098
7/30/2024,6:00,279.275
7/30/2024,12:00,278.062
7/30/2024,18:00,279.931
7/31/2024,0:00,286.162
7/31/2024,6:00,283.861
7/31/2024,12:00,283.736
7/31/2024,18:00,287.62
8/1/2024,0:00,290.615
8/1/2024,6:00,289.411
8/1/2024,12:00,289.263
8/1/2024,18:00,292.5
8/2/2024,0:00,294.91
8/2/2024,6:00,294.889
8/2/2024,12:00,293.886
8/2/2024,18:00,294.37
8/3/2024,0:00,296.3
8/3/2024,6:00,295.585
8/3/2024,12:00,294.008
8/3/2024,18:00,294.4
8/4/2024,0:00,295.221
8/4/2024,6:00,288.782
8/4/2024,12:00,287.605
8/4/2024,18:00,287.98
8/5/2024,0:00,286.749
8/5/2024,6:00,287.06
8/5/2024,12:00,288.986
8/5/2024,18:00,289.575
8/6/2024,0:00,292.052
8/6/2024,6:00,290.969
8/6/2024,12:00,290.429
8/6/2024,18:00,292.801
8/7/2024,0:00,292.637
8/7/2024,6:00,289.339
8/7/2024,12:00,289.148
8/7/2024,18:00,289.025
8/8/2024,0:00,285.242
8/8/2024,6:00,284.979
8/8/2024,12:00,280.436
8/8/2024,18:00,282.311
8/9/2024,0:00,280.485
8/9/2024,6:00,279.702
8/9/2024,12:00,277.506
8/9/2024,18:00,280.596
8/10/2024,0:00,281.759
8/10/2024,6:00,279.659
8/10/2024,12:00,277.528
8/10/2024,18:00,280.976
8/11/2024,0:00,281.626
8/11/2024,6:00,279.505
8/11/2024,12:00,278.574
8/11/2024,18:00,281.746
8/12/2024,0:00,281.93
8/12/2024,6:00,278.802
8/12/2024,12:00,276.846
8/12/2024,18:00,279.76
8/13/2024,0:00,279.916
8/13/2024,6:00,277.681
8/13/2024,12:00,276.881
8/13/2024,18:00,280.265
8/14/2024,0:00,281.841
8/14/2024,6:00,279.972
8/14/2024,12:00,279.4
8/14/2024,18:00,283.118
8/15/2024,0:00,285.772
8/15/2024,6:00,284.441
8/15/2024,12:00,284.128
8/15/2024,18:00,287.897
8/16/2024,0:00,289.373
8/16/2024,6:00,288.151
8/16/2024,12:00,288.108
8/16/2024,18:00,290.686
8/17/2024,0:00,290.729
8/17/2024,6:00,289.261
8/17/2024,12:00,288.178
8/17/2024,18:00,288.145
8/18/2024,0:00,290.292
8/18/2024,6:00,288.123
8/18/2024,12:00,287.7
8/18/2024,18:00,290.419
8/19/2024,0:00,293.785
8/19/2024,6:00,292.437
8/19/2024,12:00,291.381
8/19/2024,18:00,291.542
8/20/2024,0:00,292.358
8/20/2024,6:00,288.908
8/20/2024,12:00,288.843
8/20/2024,18:00,289.595
8/21/2024,0:00,289.634
8/21/2024,6:00,288.331
8/21/2024,12:00,288.31
8/21/2024,18:00,290.751
8/22/2024,0:00,291.453
8/22/2024,6:00,291.001
8/22/2024,12:00,288.883
8/22/2024,18:00,285.081
8/23/2024,0:00,284.889
8/23/2024,6:00,281.976
8/23/2024,12:00,280.572
8/23/2024,18:00,282.792
8/24/2024,0:00,281.462
8/24/2024,6:00,278.309
8/24/2024,12:00,276.889
8/24/2024,18:00,280.553
8/25/2024,0:00,280.445
8/25/2024,6:00,277.878
8/25/2024,12:00,277.153
8/25/2024,18:00,280.762
8/26/2024,0:00,280.248
8/26/2024,6:00,277.84
8/26/2024,12:00,276.822
8/26/2024,18:00,280.601
8/27/2024,0:00,281.32
8/27/2024,6:00,279.008
8/27/2024,12:00,278.145
8/27/2024,18:00,282.553
8/28/2024,0:00,283.661
8/28/2024,6:00,282.572
8/28/2024,12:00,281.747
8/28/2024,18:00,284.592
8/29/2024,0:00,287.256
8/29/2024,6:00,284.552
8/29/2024,12:00,284.207
8/29/2024,18:00,287.458
8/30/2024,0:00,287.768
8/30/2024,6:00,286.987
8/30/2024,12:00,286.824
8/30/2024,18:00,289.395
8/31/2024,0:00,292.159
8/31/2024,6:00,289.429
8/31/2024,12:00,289.3
8/31/2024,18:00,288.844
9/1/2024,0:00,285.763
9/1/2024,6:00,281.153
9/1/2024,12:00,279.59
9/1/2024,18:00,281.347
9/2/2024,0:00,285.349
9/2/2024,6:00,282.2
9/2/2024,12:00,281.122
9/2/2024,18:00,285.346
9/3/2024,0:00,286.8
9/3/2024,6:00,285.561
9/3/2024,12:00,284.995
9/3/2024,18:00,289.7
9/4/2024,0:00,289.209
9/4/2024,6:00,286.437
9/4/2024,12:00,286.345
9/4/2024,18:00,285.749
9/5/2024,0:00,284.711
9/5/2024,6:00,282.724
9/5/2024,12:00,279.906
9/5/2024,18:00,284.7
9/6/2024,0:00,284.119
9/6/2024,6:00,281.553
9/6/2024,12:00,280.413
9/6/2024,18:00,285.292
9/7/2024,0:00,287.94
9/7/2024,6:00,286.516
9/7/2024,12:00,285.901
9/7/2024,18:00,290.593
9/8/2024,0:00,290.91
9/8/2024,6:00,289.656
9/8/2024,12:00,288.956
9/8/2024,18:00,291.488
9/9/2024,0:00,293.164
9/9/2024,6:00,290.756
9/9/2024,12:00,289.356
9/9/2024,18:00,293.067
9/10/2024,0:00,297.079
9/10/2024,6:00,293.814
9/10/2024,12:00,291.6
9/10/2024,18:00,295.81
9/11/2024,0:00,295.664
9/11/2024,6:00,295.019
9/11/2024,12:00,293.916
9/11/2024,18:00,294.863
9/12/2024,0:00,293.481
9/12/2024,6:00,289.193
9/12/2024,12:00,288.635
9/12/2024,18:00,289.246
9/13/2024,0:00,289.874
9/13/2024,6:00,289.232
9/13/2024,12:00,289.298
9/13/2024,18:00,289.597
9/14/2024,0:00,290.716
9/14/2024,6:00,286.015
9/14/2024,12:00,286.224
9/14/2024,18:00,289.347
9/15/2024,0:00,286.419
9/15/2024,6:00,283.834
9/15/2024,12:00,282.814
9/15/2024,18:00,286.377
9/16/2024,0:00,286.285
9/16/2024,6:00,283.441
9/16/2024,12:00,282.4
9/16/2024,18:00,288.031
9/17/2024,0:00,286.804
9/17/2024,6:00,284.324
9/17/2024,12:00,283.6
9/17/2024,18:00,289.156
9/18/2024,0:00,290.146
9/18/2024,6:00,286.759
9/18/2024,12:00,285.912
9/18/2024,18:00,291.582
9/19/2024,0:00,292.106
9/19/2024,6:00,290
9/19/2024,12:00,289.083
9/19/2024,18:00,292.505
9/20/2024,0:00,296.308
9/20/2024,6:00,291.968
9/20/2024,12:00,292.7
9/20/2024,18:00,294.179
9/21/2024,0:00,291.728
9/21/2024,6:00,289.591
9/21/2024,12:00,289.846
9/21/2024,18:00,292.883
9/22/2024,0:00,292.52
9/22/2024,6:00,291.447
9/22/2024,12:00,290.223
9/22/2024,18:00,296.373
9/23/2024,0:00,298.937
9/23/2024,6:00,297.126
9/23/2024,12:00,297.283
9/23/2024,18:00,298.801
9/24/2024,0:00,299.795
9/24/2024,6:00,294.162
9/24/2024,12:00,294.022
9/24/2024,18:00,298.629
9/25/2024,0:00,296.5
9/25/2024,6:00,294.105
9/25/2024,12:00,292.005
9/25/2024,18:00,294.063
9/26/2024,0:00,294.044
9/26/2024,6:00,292.091
9/26/2024,12:00,289.523
9/26/2024,18:00,288.36
9/27/2024,0:00,288.288
9/27/2024,6:00,286.466
9/27/2024,12:00,286.739
9/27/2024,18:00,288.158
9/28/2024,0:00,287.578
9/28/2024,6:00,285.839
9/28/2024,12:00,285.4
9/28/2024,18:00,290.755
9/29/2024,0:00,290.452
9/29/2024,6:00,287.777
9/29/2024,12:00,287.21
9/29/2024,18:00,293.563
9/30/2024,0:00,295.218
9/30/2024,6:00,293.152
9/30/2024,12:00,292.181
9/30/2024,18:00,297.1
10/1/2024,0:00,298.321
10/1/2024,6:00,296.4
10/1/2024,12:00,294.115
10/1/2024,18:00,296.161
10/2/2024,0:00,293.77
10/2/2024,6:00,289.111
10/2/2024,12:00,287.5
10/2/2024,18:00,289.509
10/3/2024,0:00,287.605
10/3/2024,6:00,282.45
10/3/2024,12:00,281.629
10/3/2024,18:00,285.993
10/4/2024,0:00,284.199
10/4/2024,6:00,282.531
10/4/2024,12:00,281.1
10/4/2024,18:00,286.8
10/5/2024,0:00,286.955
10/5/2024,6:00,284.751
10/5/2024,12:00,283.106
10/5/2024,18:00,290.64
10/6/2024,0:00,292.345
10/6/2024,6:00,290.009
10/6/2024,12:00,289.127
10/6/2024,18:00,292.882
10/7/2024,0:00,293.116
10/7/2024,6:00,289.8
10/7/2024,12:00,288.725
10/7/2024,18:00,291.373
10/8/2024,0:00,291.68
10/8/2024,6:00,289.574
10/8/2024,12:00,289.48
10/8/2024,18:00,289.455
10/9/2024,0:00,290.8
10/9/2024,6:00,288.715
10/9/2024,12:00,288.51
10/9/2024,18:00,289.429
10/10/2024,0:00,288.883
10/10/2024,6:00,288.803
10/10/2024,12:00,288.273
10/10/2024,18:00,288.841
10/11/2024,0:00,290.108
10/11/2024,6:00,290.141
10/11/2024,12:00,290.813
10/11/2024,18:00,290.846
10/12/2024,0:00,291.055
10/12/2024,6:00,288.705
10/12/2024,12:00,287.888
10/12/2024,18:00,293.266
10/13/2024,0:00,292.684
10/13/2024,6:00,288.398
10/13/2024,12:00,286.391
10/13/2024,18:00,291.306
10/14/2024,0:00,293.094
10/14/2024,6:00,290.133
10/14/2024,12:00,289.436
10/14/2024,18:00,294.735
10/15/2024,0:00,295.1
10/15/2024,6:00,293.093
10/15/2024,12:00,291.669
10/15/2024,18:00,292.169
10/16/2024,0:00,293.431
10/16/2024,6:00,291.315
10/16/2024,12:00,290.473
10/16/2024,18:00,293.814
10/17/2024,0:00,290.353
10/17/2024,6:00,287.214
10/17/2024,12:00,286.56
10/17/2024,18:00,292.672
10/18/2024,0:00,291.45
10/18/2024,6:00,290.376
10/18/2024,12:00,289.837
10/18/2024,18:00,292.463
10/19/2024,0:00,290.653
10/19/2024,6:00,287.077
10/19/2024,12:00,286.13
10/19/2024,18:00,292.633
10/20/2024,0:00,291.01
10/20/2024,6:00,289.098
10/20/2024,12:00,287.792
10/20/2024,18:00,293.932
10/21/2024,0:00,295.236
10/21/2024,6:00,291.102
10/21/2024,12:00,290.33
10/21/2024,18:00,297.748
10/22/2024,0:00,296.836
10/22/2024,6:00,294.492
10/22/2024,18:00,299.715
10/23/2024,0:00,299.385
10/23/2024,6:00,294.952
10/23/2024,12:00,293.993
10/23/2024,18:00,300.295
10/24/2024,0:00,296.917
10/24/2024,6:00,295.62
10/24/2024,12:00,294.904
10/24/2024,18:00,294.058
10/25/2024,0:00,292.304
10/25/2024,6:00,287.549
10/25/2024,12:00,286.552
10/25/2024,18:00,291.783
10/26/2024,0:00,293.009
10/26/2024,6:00,284.713
10/26/2024,12:00,282.712
10/26/2024,18:00,288.777
10/27/2024,0:00,286.735
10/27/2024,6:00,283.517
10/27/2024,12:00,283.055
10/27/2024,18:00,290.289
10/28/2024,0:00,288.776
10/28/2024,6:00,285.731
10/28/2024,12:00,284.352
10/28/2024,18:00,291.532
10/29/2024,0:00,291.097
10/29/2024,6:00,287.604
10/29/2024,12:00,287.419
10/29/2024,18:00,294.736
10/30/2024,0:00,292.012
10/30/2024,6:00,289.571
10/30/2024,12:00,289.24
10/30/2024,18:00,295.118
10/31/2024,0:00,293.175
10/31/2024,6:00,290.544
10/31/2024,12:00,289.695
10/31/2024,18:00,296.321
11/1/2024,0:00,297.361
11/1/2024,6:00,294.526
11/1/2024,12:00,293.42
11/1/2024,18:00,297.772
11/2/2024,0:00,293.293
11/2/2024,6:00,292.854
11/2/2024,12:00,293.885
11/2/2024,18:00,295.46
11/3/2024,0:00,293.91
11/3/2024,6:00,292.953
11/3/2024,12:00,292.648
11/3/2024,18:00,297.245
11/4/2024,0:00,296.691
11/4/2024,6:00,292.955
11/4/2024,12:00,291.692
11/4/2024,18:00,297.282
11/5/2024,0:00,297.785
11/5/2024,6:00,294.788
11/5/2024,12:00,292.051
11/5/2024,18:00,295.543
11/6/2024,0:00,294.866
11/6/2024,6:00,290.968
11/6/2024,12:00,290.452
11/6/2024,18:00,294.447
11/7/2024,0:00,296.257
11/7/2024,6:00,293.027
11/7/2024,18:00,294.036
11/8/2024,0:00,292.181
11/8/2024,6:00,288.27
11/8/2024,12:00,287.777
11/8/2024,18:00,290.719
11/9/2024,0:00,290.277
11/9/2024,6:00,286.381
11/9/2024,12:00,285.643
11/9/2024,18:00,292.574
11/10/2024,0:00,290.98
11/10/2024,6:00,287.466
11/10/2024,12:00,285.731
11/10/2024,18:00,293.9
11/11/2024,0:00,293.852
11/11/2024,6:00,290.693
11/11/2024,12:00,290.016
11/11/2024,18:00,292.758
11/12/2024,0:00,288.16
11/12/2024,6:00,285.463
11/12/2024,12:00,283.354
11/12/2024,18:00,289.606
11/13/2024,0:00,288.2
11/13/2024,6:00,285.339
11/13/2024,12:00,284.795
11/13/2024,18:00,293.067
11/14/2024,0:00,291.439
11/14/2024,6:00,288.173
11/14/2024,12:00,287.568
11/14/2024,18:00,294.826
11/15/2024,0:00,292.918
11/15/2024,6:00,291.032
11/15/2024,12:00,288.521
11/15/2024,18:00,296.124
11/16/2024,0:00,296.628
11/16/2024,6:00,292.44
11/16/2024,12:00,291.96
11/16/2024,18:00,300.943
11/17/2024,0:00,300.059
11/17/2024,6:00,295.934
11/17/2024,12:00,295.273
11/17/2024,18:00,302.079
11/18/2024,0:00,295.331
11/18/2024,6:00,293.895
11/18/2024,12:00,293.223
11/18/2024,18:00,294.977
11/19/2024,0:00,292.681
11/19/2024,6:00,291.378
11/19/2024,12:00,290.446
11/19/2024,18:00,290.661
11/20/2024,0:00,290.189
11/20/2024,6:00,288.581
11/20/2024,12:00,287.522
11/20/2024,18:00,289.149
11/21/2024,0:00,290.159
11/21/2024,6:00,288.579
11/21/2024,12:00,288.85
11/21/2024,18:00,291.306
11/22/2024,0:00,293.854
11/22/2024,6:00,290.295
11/22/2024,12:00,289.681
11/22/2024,18:00,293.714
11/23/2024,0:00,292.553
11/23/2024,6:00,289.719
11/23/2024,12:00,290.057
11/23/2024,18:00,294.619
11/24/2024,0:00,295.381
11/24/2024,6:00,290.793
11/24/2024,12:00,289.908
11/24/2024,18:00,297.317
11/25/2024,0:00,298.559
11/25/2024,6:00,294.893
11/25/2024,12:00,294.6
11/25/2024,18:00,297.488
11/26/2024,0:00,294.603
11/26/2024,6:00,293.643
11/26/2024,12:00,293.892
11/26/2024,18:00,295.852
11/27/2024,0:00,293.721
11/27/2024,6:00,292.875
11/27/2024,12:00,292.563
11/27/2024,18:00,295.805
11/28/2024,0:00,295.565
11/28/2024,6:00,294.502
11/28/2024,12:00,293.298
11/28/2024,18:00,294.832
11/29/2024,0:00,294.326
11/29/2024,6:00,292.368
11/29/2024,12:00,291.442
11/29/2024,18:00,296.814
11/30/2024,0:00,298.76
11/30/2024,6:00,294.295
11/30/2024,12:00,293.864
11/30/2024,18:00,297.085
12/1/2024,0:00,297.64
12/1/2024,6:00,292.855
12/1/2024,12:00,290.933
12/1/2024,18:00,297.068
12/2/2024,0:00,295.922
12/2/2024,6:00,291.842
12/2/2024,12:00,290.562
12/2/2024,18:00,292.943
12/3/2024,0:00,290.407
12/3/2024,6:00,287.753
12/3/2024,12:00,286.616
12/3/2024,18:00,293.699
12/4/2024,0:00,289.33
12/4/2024,6:00,285.689
12/4/2024,12:00,285.359
12/4/2024,18:00,291.525
12/5/2024,0:00,291.773
12/5/2024,6:00,288.386
12/5/2024,12:00,287.897
12/5/2024,18:00,297.382
12/6/2024,0:00,298.988
12/6/2024,6:00,294.512
12/6/2024,12:00,294.597
12/6/2024,18:00,297.582
12/7/2024,0:00,293.82
12/7/2024,6:00,294.221
12/7/2024,12:00,293.195
12/7/2024,18:00,293.776
12/8/2024,0:00,293.295
12/8/2024,6:00,290.426
12/8/2024,12:00,288.147
12/8/2024,18:00,289.722
12/9/2024,0:00,289.658
12/9/2024,6:00,287.765
12/9/2024,12:00,287.659
12/9/2024,18:00,292.333
12/10/2024,0:00,292.487
12/10/2024,6:00,287.285
12/10/2024,12:00,286.535
12/10/2024,18:00,293.64
12/11/2024,0:00,293.552
12/11/2024,6:00,289.064
12/11/2024,12:00,288.644
12/11/2024,18:00,292.954
12/12/2024,0:00,296.194
12/12/2024,6:00,292.441
12/12/2024,12:00,290.728
12/12/2024,18:00,297.386
12/13/2024,0:00,298.216
12/13/2024,6:00,295.335
12/13/2024,12:00,293.094
12/13/2024,18:00,293.897
12/14/2024,0:00,293.385
12/14/2024,6:00,292.906
12/14/2024,12:00,292.294
12/14/2024,18:00,297.015
12/15/2024,0:00,295.936
12/15/2024,6:00,290.044
12/15/2024,12:00,288.946
12/15/2024,18:00,291.974
12/16/2024,0:00,292.087
12/16/2024,6:00,288.342
12/16/2024,12:00,287.302
12/16/2024,18:00,293.627
12/17/2024,0:00,293.369
12/17/2024,6:00,289.212
12/17/2024,12:00,288.52
12/17/2024,18:00,294.973
12/18/2024,0:00,293.804
12/18/2024,6:00,290.268
12/18/2024,12:00,288.424
12/18/2024,18:00,296.078
12/19/2024,0:00,297.356
12/19/2024,6:00,293.697
12/19/2024,12:00,293.166
12/19/2024,18:00,292.132
12/20/2024,0:00,291.914
12/20/2024,6:00,290.725
12/20/2024,12:00,291.073
12/20/2024,18:00,296.495
12/21/2024,0:00,297.292
12/21/2024,6:00,293.536
12/21/2024,12:00,293.292
12/21/2024,18:00,297.46
12/22/2024,0:00,293.108
12/22/2024,6:00,288.823
12/22/2024,12:00,288.038
12/22/2024,18:00,293.277
12/23/2024,0:00,294.034
12/23/2024,6:00,289.297
12/23/2024,12:00,287.045
12/23/2024,18:00,293.934
12/24/2024,0:00,294.652
12/24/2024,6:00,290.852
12/24/2024,12:00,288.478
12/24/2024,18:00,296.449
12/25/2024,0:00,296.297
12/25/2024,6:00,291.223
12/25/2024,12:00,288.451
12/25/2024,18:00,295.922
12/26/2024,0:00,294.254
12/26/2024,6:00,289.723
12/26/2024,12:00,288.472
12/26/2024,18:00,294.492
12/27/2024,0:00,293.821
12/27/2024,6:00,290.237
12/27/2024,12:00,289.583
12/27/2024,18:00,296.844
12/28/2024,0:00,295.69
12/28/2024,6:00,291.985
12/28/2024,12:00,290.598
12/28/2024,18:00,297.604
12/29/2024,0:00,295.153
12/29/2024,6:00,291.424
12/29/2024,12:00,289.438
12/29/2024,18:00,296.906
12/30/2024,0:00,297.558
12/30/2024,6:00,291.571
12/30/2024,12:00,288.915
12/30/2024,18:00,296.469
12/31/2024,0:00,299.008
12/31/2024,6:00,293.372
12/31/2024,12:00,291.684
12/31/2024,18:00,299.526
1/1/2025,0:00,302.679
1/1/2025,6:00,294.866
1/1/2025,12:00,293.359
1/1/2025,18:00,301.689
1/2/2025,0:00,300.664
1/2/2025,6:00,295.16
1/2/2025,12:00,294.535
1/2/2025,18:00,303.443
1/3/2025,0:00,302.339
1/3/2025,6:00,295.068
1/3/2025,12:00,291.861
1/3/2025,18:00,300.744
1/4/2025,0:00,298.456
1/4/2025,6:00,291.636
1/4/2025,12:00,290.186
1/4/2025,18:00,297.571
1/5/2025,0:00,296.586
1/5/2025,6:00,291.647
1/5/2025,12:00,289.4
1/5/2025,18:00,298.223
1/6/2025,0:00,297.29
1/6/2025,6:00,292.009
1/6/2025,12:00,289.263
1/6/2025,18:00,297.754
1/7/2025,0:00,299.135
1/7/2025,6:00,292.874
1/7/2025,12:00,289.483
1/7/2025,18:00,297.571
1/8/2025,0:00,297.791
1/8/2025,6:00,292.513
1/8/2025,12:00,289.673
1/8/2025,18:00,297.954
1/9/2025,0:00,298.608
1/9/2025,6:00,292.408
1/9/2025,12:00,290.276
1/9/2025,18:00,297.019
1/10/2025,0:00,300.695
1/10/2025,6:00,293.702
1/10/2025,12:00,291.872
1/10/2025,18:00,299.017
1/11/2025,0:00,301.133
1/11/2025,6:00,294.195
1/11/2025,12:00,291.564
1/11/2025,18:00,298.371
1/12/2025,0:00,300.54
1/12/2025,6:00,292.442
1/12/2025,12:00,289.331
1/12/2025,18:00,297.054
1/13/2025,0:00,298.786
1/13/2025,6:00,292.891
1/13/2025,12:00,290.169
1/13/2025,18:00,297.752
1/14/2025,0:00,299.912
1/14/2025,6:00,293.613
1/14/2025,12:00,291.466
1/14/2025,18:00,299.459
1/15/2025,0:00,302.083
1/15/2025,6:00,296.449
1/15/2025,12:00,293.828
1/15/2025,18:00,300.783
1/16/2025,0:00,303.698
1/16/2025,6:00,296.536
1/16/2025,12:00,294.867
1/16/2025,18:00,302.143
1/17/2025,0:00,295.265
1/17/2025,6:00,293.489
1/17/2025,12:00,293.485
1/17/2025,18:00,302.39
1/18/2025,0:00,305.306
1/18/2025,6:00,297.292
1/18/2025,12:00,295.996
1/18/2025,18:00,304.689
1/19/2025,0:00,305.377
1/19/2025,6:00,298.355
1/19/2025,12:00,295.84
1/19/2025,18:00,303.206
1/20/2025,0:00,294.804
1/20/2025,6:00,294.585
1/20/2025,12:00,292.151
1/20/2025,18:00,297.765
1/21/2025,0:00,296.714
1/21/2025,6:00,291.541
1/21/2025,12:00,289.88
1/21/2025,18:00,297.223
1/22/2025,0:00,300.916
1/22/2025,6:00,293.864
1/22/2025,12:00,292.391
1/22/2025,18:00,301.857
1/23/2025,0:00,303.665
1/23/2025,6:00,297.365
1/23/2025,12:00,295.693
1/23/2025,18:00,301.875
1/24/2025,0:00,304.613
1/24/2025,6:00,298.488
1/24/2025,12:00,295.373
1/24/2025,18:00,302.225
1/25/2025,0:00,294.199
1/25/2025,6:00,293.706
1/25/2025,12:00,295.569
1/25/2025,18:00,299.34
1/26/2025,0:00,305.159
1/26/2025,6:00,298.74
1/26/2025,12:00,295.894
1/26/2025,18:00,300.657
1/27/2025,0:00,301.092
1/27/2025,6:00,294.611
1/27/2025,12:00,292.454
1/27/2025,18:00,299.804
1/28/2025,0:00,301.822
1/28/2025,6:00,295.604
1/28/2025,12:00,294.336
1/28/2025,18:00,300.953
1/29/2025,0:00,305.025
1/29/2025,6:00,297.486
1/29/2025,12:00,295.342
1/29/2025,18:00,300.583
1/30/2025,0:00,296.337
1/30/2025,6:00,294.486
1/30/2025,12:00,293.442
1/30/2025,18:00,298.567
1/31/2025,0:00,299.66
1/31/2025,6:00,294.019
1/31/2025,12:00,291.717
1/31/2025,18:00,298.301
2/1/2025,0:00,302.1
2/1/2025,6:00,295.608
2/1/2025,12:00,292.841
2/1/2025,18:00,299.994
2/2/2025,0:00,300.623
2/2/2025,6:00,296.25
2/2/2025,12:00,293.558
2/2/2025,18:00,301.804
2/3/2025,0:00,303.764
2/3/2025,6:00,297.553
2/3/2025,12:00,295.603
2/3/2025,18:00,303.992
2/4/2025,0:00,305.224
2/4/2025,6:00,298.526
2/4/2025,12:00,297.219
2/4/2025,18:00,306.327
2/5/2025,0:00,306.042
2/5/2025,6:00,301.46
2/5/2025,12:00,299.919
2/5/2025,18:00,306.67
2/6/2025,0:00,309.606
2/6/2025,6:00,296.292
2/6/2025,12:00,295.679
2/6/2025,18:00,306.331
2/7/2025,0:00,305.312
2/7/2025,6:00,297.786
2/7/2025,12:00,295.22
2/7/2025,18:00,301.659
2/8/2025,0:00,302.542
2/8/2025,6:00,295.882
2/8/2025,12:00,293.51
2/8/2025,18:00,300.381
2/9/2025,0:00,304.734
2/9/2025,6:00,297.371
2/9/2025,12:00,295.553
2/9/2025,18:00,304.971
2/10/2025,0:00,304.082
2/10/2025,6:00,299.048
2/10/2025,12:00,297.785
2/10/2025,18:00,305.425
2/11/2025,0:00,306.754
2/11/2025,6:00,300.525
2/11/2025,12:00,299.49
2/11/2025,18:00,306.46
2/12/2025,0:00,305.802
2/12/2025,6:00,302.133
2/12/2025,12:00,297.847
2/12/2025,18:00,304.2
2/13/2025,0:00,298.469
2/13/2025,6:00,296.508
2/13/2025,12:00,294.427
2/13/2025,18:00,297.242
2/14/2025,0:00,298.857
2/14/2025,6:00,295.996
2/14/2025,12:00,294.537
2/14/2025,18:00,299.459
2/15/2025,0:00,302.196
2/15/2025,6:00,296.845
2/15/2025,12:00,295.365
2/15/2025,18:00,300.805
2/16/2025,0:00,297.544
2/16/2025,6:00,296.392
2/16/2025,12:00,296.16
2/16/2025,18:00,301.163
2/17/2025,0:00,295.428
2/17/2025,6:00,295.218
2/17/2025,12:00,295.088
2/17/2025,18:00,296.389
2/18/2025,0:00,294.076
2/18/2025,6:00,293.093
2/18/2025,12:00,292.103
2/18/2025,18:00,292.552
2/19/2025,0:00,295.028
2/19/2025,6:00,290.888
2/19/2025,12:00,290.028
2/19/2025,18:00,296.291
2/20/2025,0:00,297.586
2/20/2025,6:00,293.872
2/20/2025,12:00,292.341
2/20/2025,18:00,298.234
2/21/2025,0:00,299.249
2/21/2025,6:00,296.701
2/21/2025,12:00,294.85
2/21/2025,18:00,300.032
2/22/2025,0:00,301.74
2/22/2025,6:00,299.189
2/22/2025,12:00,296.432
2/22/2025,18:00,302.317
2/23/2025,0:00,303.29
2/23/2025,6:00,297.87
2/23/2025,12:00,295.524
2/23/2025,18:00,300.937
2/24/2025,0:00,302.907
2/24/2025,6:00,297.35
2/24/2025,12:00,296.07
2/24/2025,18:00,302.233
2/25/2025,0:00,303.809
2/25/2025,6:00,300.695
2/25/2025,12:00,299.001
2/25/2025,18:00,303.734
2/26/2025,0:00,301.802
2/26/2025,6:00,301.936
2/26/2025,12:00,300.152
2/26/2025,18:00,304.814
2/27/2025,0:00,298.173
2/27/2025,6:00,296.504
2/27/2025,12:00,295.916
2/27/2025,18:00,301.35
2/28/2025,0:00,297.729
2/28/2025,6:00,295.6
2/28/2025,12:00,295.684
2/28/2025,18:00,300.999
3/1/2025,0:00,302.045
3/1/2025,6:00,298.67
3/1/2025,12:00,296.361
3/1/2025,18:00,302.268
3/2/2025,0:00,304.324
3/2/2025,6:00,296.647
3/2/2025,12:00,296.144
3/2/2025,18:00,303.58
3/3/2025,0:00,301.95
3/3/2025,6:00,297.843
3/3/2025,12:00,297.267
3/3/2025,18:00,305.289
3/4/2025,0:00,306.186
3/4/2025,6:00,300.786
3/4/2025,12:00,299.365
3/4/2025,18:00,306.18
3/5/2025,0:00,305.378
3/5/2025,6:00,299.293
3/5/2025,12:00,297.701
3/5/2025,18:00,302.651
3/6/2025,0:00,305.21
3/6/2025,6:00,301.406
3/6/2025,12:00,296.851
3/6/2025,18:00,304
3/7/2025,0:00,302.804
3/7/2025,6:00,297.956
3/7/2025,12:00,296.52
3/7/2025,18:00,303.102
3/8/2025,0:00,303.302
3/8/2025,6:00,299.938
3/8/2025,12:00,298.086
3/8/2025,18:00,304.47
3/9/2025,0:00,301.549
3/9/2025,6:00,295.477
3/9/2025,12:00,291.903
3/9/2025,18:00,291.717
3/10/2025,0:00,291.606
3/10/2025,6:00,289.845
3/10/2025,12:00,287.271
3/10/2025,18:00,293.286
3/11/2025,0:00,294.77
3/11/2025,6:00,289.71
3/11/2025,12:00,288.2
3/11/2025,18:00,295.514
3/12/2025,0:00,297.181
3/12/2025,6:00,292.306
3/12/2025,12:00,290.292
3/12/2025,18:00,296.002
3/13/2025,0:00,293.939
3/13/2025,6:00,289.576
3/13/2025,12:00,288.07
3/13/2025,18:00,291.414
3/14/2025,0:00,292.786
3/14/2025,6:00,287.4
3/14/2025,12:00,285.447
3/14/2025,18:00,291.8
3/15/2025,0:00,293.555
3/15/2025,6:00,289.944
3/15/2025,12:00,287.349
3/15/2025,18:00,294.711
3/16/2025,0:00,294.872
3/16/2025,6:00,290.296
3/16/2025,12:00,288.717
3/16/2025,18:00,295
3/17/2025,0:00,296.769
3/17/2025,6:00,292.253
3/17/2025,12:00,290.639
3/17/2025,18:00,296.2
3/18/2025,0:00,297.773
3/18/2025,6:00,293.348
3/18/2025,12:00,290.937
3/18/2025,18:00,297.885
3/19/2025,0:00,298.018
3/19/2025,6:00,291.634
3/19/2025,12:00,290.592
3/19/2025,18:00,297
3/20/2025,0:00,297.589
3/20/2025,6:00,291.543
3/20/2025,12:00,289.672
3/20/2025,18:00,297.564
3/21/2025,0:00,298.713
3/21/2025,6:00,292.976
3/21/2025,12:00,290.845
3/21/2025,18:00,298.165
3/22/2025,0:00,299.415
3/22/2025,6:00,294.858
3/22/2025,12:00,293.848
3/22/2025,18:00,297.336
3/23/2025,0:00,298.123
3/23/2025,6:00,292.71
3/23/2025,12:00,291.024
3/23/2025,18:00,295.195
3/24/2025,0:00,298.356
3/24/2025,6:00,293.415
3/24/2025,12:00,293.233
3/24/2025,18:00,296.264
3/25/2025,0:00,296.765
3/25/2025,6:00,293.292
3/25/2025,12:00,292.452
3/25/2025,18:00,294.3
3/26/2025,0:00,299.248
3/26/2025,6:00,294.748
3/26/2025,12:00,292.117
3/26/2025,18:00,293.932
3/27/2025,0:00,297.588
3/27/2025,6:00,295.265
3/27/2025,12:00,293.166
3/27/2025,18:00,294.577
3/28/2025,0:00,293.532
3/28/2025,6:00,293.106
3/28/2025,12:00,292.877
3/28/2025,18:00,294.639
3/29/2025,0:00,291.929
3/29/2025,6:00,292.581
3/29/2025,12:00,294.2
3/29/2025,18:00,296.398
3/30/2025,0:00,297.632
3/30/2025,6:00,294.952
3/30/2025,12:00,293.376
3/30/2025,18:00,297.52
3/31/2025,0:00,300.213
3/31/2025,6:00,297.5
3/31/2025,12:00,294.334
3/31/2025,18:00,292.12
4/1/2025,0:00,288.257
4/1/2025,6:00,287.806
4/1/2025,12:00,287.771
4/1/2025,18:00,288.544
4/2/2025,0:00,290.275
4/2/2025,6:00,290.897
4/2/2025,12:00,291.34
4/2/2025,18:00,291.633
4/3/2025,0:00,291.517
4/3/2025,6:00,291.034
4/3/2025,12:00,291.012
4/3/2025,18:00,293.803
4/4/2025,0:00,291.935
4/4/2025,6:00,287.831
4/4/2025,12:00,282.624
4/4/2025,18:00,285.2
4/5/2025,0:00,284.524
4/5/2025,6:00,281.82
4/5/2025,12:00,280.848
4/5/2025,18:00,286.492
4/6/2025,0:00,288.8
4/6/2025,6:00,287.906
4/6/2025,12:00,286.002
4/6/2025,18:00,290.306
4/7/2025,0:00,291.415
4/7/2025,6:00,291.022
4/7/2025,12:00,288.248
4/7/2025,18:00,289.024
4/8/2025,0:00,289.355
4/8/2025,6:00,289.997
4/8/2025,12:00,288.786
4/8/2025,18:00,289.61
4/9/2025,0:00,290
4/9/2025,6:00,289.7
4/9/2025,12:00,289.705
4/9/2025,18:00,291.203
4/10/2025,0:00,290.4
4/10/2025,6:00,290.7
4/10/2025,12:00,287.205
4/10/2025,18:00,291.429
4/11/2025,0:00,293.8
4/11/2025,6:00,289.274
4/11/2025,12:00,287.474
4/11/2025,18:00,291.666
4/12/2025,0:00,293.198
4/12/2025,6:00,290.502
4/12/2025,12:00,290.136
4/12/2025,18:00,292.727
4/13/2025,0:00,294.169
4/13/2025,6:00,291.798
4/13/2025,12:00,289.496
4/13/2025,18:00,292.545
4/14/2025,0:00,288.813
4/14/2025,6:00,284.974
4/14/2025,12:00,283.605
4/14/2025,18:00,288.446
4/15/2025,0:00,288.252
4/15/2025,6:00,286.914
4/15/2025,12:00,284.751
4/15/2025,18:00,289.131
4/16/2025,0:00,290.527
4/16/2025,6:00,286.399
4/16/2025,12:00,286.198
4/16/2025,18:00,290.416
4/17/2025,0:00,290.391
4/17/2025,6:00,287.241
4/17/2025,12:00,286.116
4/17/2025,18:00,291.234
4/18/2025,0:00,292.894
4/18/2025,6:00,291.876
4/18/2025,12:00,290.6
4/18/2025,18:00,293.757
4/19/2025,0:00,293.547
4/19/2025,6:00,290.338
4/19/2025,12:00,288.2
4/19/2025,18:00,291
4/20/2025,0:00,288.188
4/20/2025,6:00,282.914
4/20/2025,12:00,282.362
4/20/2025,18:00,286.6
4/21/2025,0:00,286.751
4/21/2025,6:00,284.649
4/21/2025,12:00,283.51
4/21/2025,18:00,287.729
4/22/2025,0:00,288.306
4/22/2025,6:00,284.685
4/22/2025,12:00,283.489
4/22/2025,18:00,288.8
4/23/2025,0:00,289.202
4/23/2025,6:00,286.143
4/23/2025,12:00,284.784
4/23/2025,18:00,291.2
4/24/2025,0:00,292.3
4/24/2025,6:00,290.377
4/24/2025,12:00,289.513
4/24/2025,18:00,291.992
4/25/2025,0:00,291.295
4/25/2025,6:00,288.531
4/25/2025,12:00,287.57
4/25/2025,18:00,292.969
4/26/2025,0:00,293.233
4/26/2025,6:00,290.895
4/26/2025,12:00,289.816
4/26/2025,18:00,294.1
4/27/2025,0:00,294.667
4/27/2025,6:00,294.078
4/27/2025,12:00,289.328
4/27/2025,18:00,291.156
4/28/2025,0:00,289.328
4/28/2025,6:00,284.112
4/28/2025,12:00,282.721
4/28/2025,18:00,288.1
4/29/2025,0:00,287.024
4/29/2025,6:00,283.6
4/29/2025,12:00,282.502
4/29/2025,18:00,287.5
4/30/2025,0:00,286.819
4/30/2025,6:00,283.833
4/30/2025,12:00,282.429
4/30/2025,18:00,287.558
5/1/2025,0:00,287.557
5/1/2025,6:00,284.43
5/1/2025,12:00,283.14
5/1/2025,18:00,288.475
5/2/2025,0:00,289.658
5/2/2025,6:00,287.693
5/2/2025,12:00,287.915
5/2/2025,18:00,289.342
5/3/2025,0:00,289.902
5/3/2025,6:00,288.673
5/3/2025,12:00,287.888
5/3/2025,18:00,292.179
5/4/2025,0:00,292.222
5/4/2025,6:00,289.723
5/4/2025,12:00,288.103
5/4/2025,18:00,292.877
5/5/2025,0:00,293.3
5/5/2025,6:00,291.04
5/5/2025,12:00,290.671
5/5/2025,18:00,295.585
5/6/2025,0:00,295.338
5/6/2025,6:00,291.647
5/6/2025,12:00,291.254
5/6/2025,18:00,295.153
5/7/2025,0:00,292.768
5/7/2025,6:00,292.33
5/7/2025,12:00,291.73
5/7/2025,18:00,293.281
5/8/2025,0:00,293.229
5/8/2025,6:00,293.199
5/8/2025,12:00,292.084
5/8/2025,18:00,293.233
5/9/2025,0:00,295.7
5/9/2025,6:00,294.219
5/9/2025,12:00,293.162
5/9/2025,18:00,289.3
5/10/2025,0:00,289.672
5/10/2025,6:00,286.663
5/10/2025,12:00,285.878
5/10/2025,18:00,289.106
5/11/2025,0:00,288.105
5/11/2025,6:00,286.135
5/11/2025,12:00,284.496
5/11/2025,18:00,287.238
5/12/2025,0:00,285.508
5/12/2025,6:00,284.282
5/12/2025,12:00,282.232
5/12/2025,18:00,285.913
5/13/2025,0:00,287.483
5/13/2025,6:00,285.484
5/13/2025,12:00,284.846
5/13/2025,18:00,288.836
5/14/2025,0:00,290.931
5/14/2025,6:00,289.421
5/14/2025,12:00,288.452
5/14/2025,18:00,291.942
5/15/2025,0:00,292.834
5/15/2025,6:00,291.742
5/15/2025,12:00,290.671
5/15/2025,18:00,293.3
5/16/2025,0:00,294
5/16/2025,6:00,290.913
5/16/2025,12:00,289.415
5/16/2025,18:00,291.829
5/17/2025,0:00,291.415
5/17/2025,6:00,290.295
5/17/2025,12:00,289.499
5/17/2025,18:00,292.844
5/18/2025,0:00,294.37
5/18/2025,6:00,293.562
5/18/2025,12:00,292.012
5/18/2025,18:00,292.439
5/19/2025,0:00,291.018
5/19/2025,6:00,290.015
5/19/2025,12:00,289.606
5/19/2025,18:00,290.9
5/20/2025,0:00,290.861
5/20/2025,6:00,290.297
5/20/2025,12:00,289.597
5/20/2025,18:00,290.314
5/21/2025,0:00,288.522
5/21/2025,6:00,284.908
5/21/2025,12:00,284.203
5/21/2025,18:00,285.302
5/22/2025,0:00,284.274
5/22/2025,6:00,282.094
5/22/2025,12:00,281.432
5/22/2025,18:00,284.4
5/23/2025,0:00,284.055
5/23/2025,6:00,282.437
5/23/2025,12:00,281.2
5/23/2025,18:00,283.769
5/24/2025,0:00,285.444
5/24/2025,6:00,284.486
5/24/2025,12:00,284.597
5/24/2025,18:00,287.078
5/25/2025,0:00,288.536
5/25/2025,6:00,289.061
5/25/2025,12:00,288.199
5/25/2025,18:00,289.494
5/26/2025,0:00,291.658
5/26/2025,6:00,290.606
5/26/2025,12:00,290.601
5/26/2025,18:00,291.961
5/27/2025,0:00,291.702
5/27/2025,6:00,291.384
5/27/2025,12:00,290.774
5/27/2025,18:00,290.925
5/28/2025,0:00,289.045
5/28/2025,6:00,285.535
5/28/2025,12:00,281.054
5/28/2025,18:00,281.819
5/29/2025,0:00,280.698
5/29/2025,6:00,278.248
5/29/2025,12:00,278.244
5/29/2025,18:00,280.916
5/30/2025,0:00,282.9
5/30/2025,6:00,279.055
5/30/2025,12:00,278.41
5/30/2025,18:00,281.481
5/31/2025,0:00,282.442
5/31/2025,6:00,280.03
5/31/2025,12:00,279.2
5/31/2025,18:00,282.13
6/1/2025,0:00,282.123
6/1/2025,6:00,280.264
6/1/2025,12:00,279.419
6/1/2025,18:00,282.182
6/2/2025,0:00,281.736
6/2/2025,6:00,280.554
6/2/2025,12:00,279.953
6/2/2025,18:00,282.268
6/3/2025,0:00,285.667
6/3/2025,6:00,285.353
6/3/2025,12:00,284.871
6/3/2025,18:00,287.914
6/4/2025,0:00,288.819
6/4/2025,6:00,289.902
6/4/2025,12:00,289.75
6/4/2025,18:00,291.576
6/5/2025,0:00,290.5
6/5/2025,6:00,289.7
6/5/2025,12:00,287.078
6/5/2025,18:00,288.47
6/6/2025,0:00,285.983
6/6/2025,6:00,283.775
6/6/2025,12:00,282.384
6/6/2025,18:00,284.315
6/7/2025,0:00,283.504
6/7/2025,6:00,281.297
6/7/2025,12:00,280.417
6/7/2025,18:00,282.815
6/8/2025,0:00,282.743
6/8/2025,6:00,280.626
6/8/2025,12:00,280.085
6/8/2025,18:00,282.249
6/9/2025,0:00,283.438
6/9/2025,6:00,281.585
6/9/2025,12:00,279.807
6/9/2025,18:00,282.034
6/10/2025,0:00,281.883
6/10/2025,6:00,279.29
6/10/2025,12:00,278.09
6/10/2025,18:00,280.463
6/11/2025,0:00,281.248
6/11/2025,6:00,279.253
6/11/2025,12:00,278.119
6/11/2025,18:00,280.439
6/12/2025,0:00,280.672
6/12/2025,6:00,279.705
6/12/2025,12:00,279.526
6/12/2025,18:00,281.51
6/13/2025,0:00,283.825
6/13/2025,6:00,281.615
6/13/2025,12:00,280.783
6/13/2025,18:00,283.688
6/14/2025,0:00,287.036
6/14/2025,6:00,286.173
6/14/2025,12:00,286.548
6/14/2025,18:00,286.704
6/15/2025,0:00,286.9
6/15/2025,6:00,284.576
6/15/2025,12:00,284.209
6/15/2025,18:00,284.265
6/16/2025,0:00,283.042
6/16/2025,6:00,281.177
6/16/2025,12:00,280.6
6/16/2025,18:00,283
6/17/2025,0:00,290.883
6/17/2025,6:00,290.726
6/17/2025,12:00,291.482
6/17/2025,18:00,291.551
6/18/2025,0:00,291.712
6/18/2025,6:00,291.2
6/18/2025,12:00,290.348
6/18/2025,18:00,290.86
6/19/2025,0:00,286.671
6/19/2025,6:00,285.564
6/19/2025,12:00,285.758
6/19/2025,18:00,286.191
6/20/2025,0:00,286.358
6/20/2025,6:00,286.809
6/20/2025,12:00,285.545
6/20/2025,18:00,285.46
6/21/2025,0:00,284.531
6/21/2025,6:00,283.431
6/21/2025,12:00,282.308
6/21/2025,18:00,284.558
6/22/2025,0:00,284
6/22/2025,6:00,282.551
6/22/2025,12:00,282
6/22/2025,18:00,284.26
6/23/2025,0:00,285.653
6/23/2025,6:00,282.629
6/23/2025,12:00,277.844
6/23/2025,18:00,278.2
6/24/2025,0:00,276.951
6/24/2025,6:00,273.953
6/24/2025,12:00,273.2
6/24/2025,18:00,275.399
6/25/2025,0:00,276.581
6/25/2025,6:00,275.133
6/25/2025,12:00,274.507
6/25/2025,18:00,276.952
6/26/2025,0:00,282.305
6/26/2025,6:00,281.8
6/26/2025,12:00,281.74
6/26/2025,18:00,282.507
6/27/2025,0:00,280.37
6/27/2025,6:00,278.865
6/27/2025,12:00,277.206
6/27/2025,18:00,279.285
6/28/2025,0:00,280.124
6/28/2025,6:00,279.655
6/28/2025,12:00,279.681
6/28/2025,18:00,282.109
6/29/2025,0:00,283.428
6/29/2025,6:00,282.809
6/29/2025,12:00,282.586
6/29/2025,18:00,282.846
6/30/2025,0:00,282.078
6/30/2025,6:00,279.279
6/30/2025,12:00,274.859
6/30/2025,18:00,276.227
7/1/2025,0:00,275.747
7/1/2025,6:00,273.661
7/1/2025,12:00,273.362
7/1/2025,18:00,275.406
7/2/2025,0:00,275.13
7/2/2025,6:00,273.724
7/2/2025,12:00,273.258
7/2/2025,18:00,275.842
7/3/2025,0:00,277.554
7/3/2025,6:00,276.4
7/3/2025,12:00,275.932
7/3/2025,18:00,278.379
7/4/2025,0:00,281.109
7/4/2025,6:00,280.136
7/4/2025,12:00,279.543
7/4/2025,18:00,281.647
7/5/2025,0:00,285.1
7/5/2025,6:00,283.7
7/5/2025,12:00,282.854
7/5/2025,18:00,285.2
7/6/2025,0:00,286.833
7/6/2025,6:00,284.3
7/6/2025,12:00,282.7
7/6/2025,18:00,284.834
7/7/2025,0:00,285.229
7/7/2025,6:00,283.082
7/7/2025,12:00,282.922
7/7/2025,18:00,285.943
7/8/2025,0:00,287.582
7/8/2025,6:00,285.5
7/8/2025,12:00,284.31
7/8/2025,18:00,286.058
7/9/2025,0:00,285.857
7/9/2025,6:00,283.826
7/9/2025,12:00,282.592
7/9/2025,18:00,284.427
7/10/2025,0:00,284.518
7/10/2025,6:00,282.288
7/10/2025,12:00,281.531
7/10/2025,18:00,283.305
7/11/2025,0:00,285.916
7/11/2025,6:00,284.279
7/11/2025,12:00,283.215
7/11/2025,18:00,285.6
7/12/2025,0:00,286.673
7/12/2025,6:00,284.855
7/12/2025,12:00,283.719
7/12/2025,18:00,285.538
7/13/2025,0:00,286.206
7/13/2025,6:00,284.957
7/13/2025,12:00,284.634
7/13/2025,18:00,287.303
7/14/2025,0:00,288.224
7/14/2025,6:00,286.923
7/14/2025,12:00,286.425
7/14/2025,18:00,287.806
7/15/2025,0:00,289.7
7/15/2025,6:00,288.002
7/15/2025,12:00,287.523
7/15/2025,18:00,289.775
7/16/2025,0:00,290.342
7/16/2025,6:00,288.502
7/16/2025,12:00,288.047
7/16/2025,18:00,290.379
7/17/2025,0:00,286.006
7/17/2025,6:00,282.921
7/17/2025,12:00,281.405
7/17/2025,18:00,280.921
7/18/2025,0:00,281.148
7/18/2025,6:00,281.663
7/18/2025,12:00,280.1
7/18/2025,18:00,281.705
7/19/2025,0:00,282.852
7/19/2025,6:00,281
7/19/2025,12:00,280.667
7/19/2025,18:00,283.412
7/20/2025,0:00,284.751
7/20/2025,6:00,283.333
7/20/2025,12:00,282.477
7/20/2025,18:00,285.06
7/21/2025,0:00,286.691
7/21/2025,6:00,285.565
7/21/2025,12:00,285.213
7/21/2025,18:00,287.604
7/22/2025,0:00,289.206
7/22/2025,6:00,287.419
7/22/2025,12:00,287.332
7/22/2025,18:00,289.455
7/23/2025,0:00,289.2
7/23/2025,6:00,285.2
7/23/2025,12:00,283.221
7/23/2025,18:00,283.2
7/24/2025,0:00,286.2
7/24/2025,6:00,283.232
7/24/2025,12:00,281.607
7/24/2025,18:00,281.985
7/25/2025,0:00,285.107
7/25/2025,6:00,284.167
7/25/2025,12:00,284.654
7/25/2025,18:00,287.667
7/26/2025,0:00,289.319
7/26/2025,6:00,288.1
7/26/2025,12:00,287.845
7/26/2025,18:00,289.645
7/27/2025,0:00,289.952
7/27/2025,6:00,287.967
7/27/2025,12:00,287.769
7/27/2025,18:00,287.832
7/28/2025,0:00,285.52
7/28/2025,6:00,284.888
7/28/2025,12:00,283.006
7/28/2025,18:00,283.382
7/29/2025,0:00,284.186
7/29/2025,6:00,280.133
7/29/2025,12:00,278.554
7/29/2025,18:00,281.16
7/30/2025,0:00,281.676
7/30/2025,6:00,280.249
7/30/2025,12:00,279.499
7/30/2025,18:00,282.13
7/31/2025,0:00,283.757
7/31/2025,6:00,282.2
7/31/2025,12:00,281.592
7/31/2025,18:00,284.8
8/1/2025,0:00,288.1
8/1/2025,6:00,286.342
8/1/2025,12:00,286.603
8/1/2025,18:00,288.155
8/2/2025,0:00,289.553
8/2/2025,6:00,289
8/2/2025,12:00,287.7
8/2/2025,18:00,290.324
8/3/2025,0:00,290.982
8/3/2025,6:00,290.144
8/3/2025,12:00,289.713
8/3/2025,18:00,287.813
8/4/2025,0:00,287.283
8/4/2025,6:00,285.017
8/4/2025,12:00,283.939
8/4/2025,18:00,283.754
8/5/2025,0:00,283.443
8/5/2025,6:00,280.8
8/5/2025,12:00,279.338
8/5/2025,18:00,281.796
8/6/2025,0:00,283.226
8/6/2025,6:00,281.9
8/6/2025,12:00,280.144
8/6/2025,18:00,282.886
8/7/2025,0:00,287.181
8/7/2025,6:00,285.389
8/7/2025,12:00,284.84
8/7/2025,18:00,285.336
8/8/2025,0:00,285.083
8/8/2025,6:00,284.157
8/8/2025,12:00,280.889
8/8/2025,18:00,282.4
8/9/2025,0:00,282.145
8/9/2025,6:00,281.128
8/9/2025,12:00,277.602
8/9/2025,18:00,280.2
8/10/2025,0:00,281.341
8/10/2025,6:00,279.248
8/10/2025,12:00,278.456
8/10/2025,18:00,281.715
8/11/2025,0:00,282.71
8/11/2025,6:00,280.438
8/11/2025,12:00,279.854
8/11/2025,18:00,283.312
8/12/2025,0:00,284
8/12/2025,6:00,282.003
8/12/2025,12:00,280.973
8/12/2025,18:00,284.52
8/13/2025,0:00,285.544
8/13/2025,6:00,283.812
8/13/2025,12:00,283.004
8/13/2025,18:00,286.412
8/14/2025,0:00,286.9
8/14/2025,6:00,281.8
8/14/2025,12:00,279.24
8/14/2025,18:00,281.402
8/15/2025,0:00,282.188
8/15/2025,6:00,280.661
8/15/2025,12:00,279.67
8/15/2025,18:00,281.68
8/16/2025,0:00,285.963
8/16/2025,6:00,283.006
8/16/2025,12:00,282.295
8/16/2025,18:00,285.883
8/17/2025,0:00,287.405
8/17/2025,6:00,285.492
8/17/2025,12:00,284.728
8/17/2025,18:00,286.448
8/18/2025,0:00,287.359
8/18/2025,6:00,285.744
8/18/2025,12:00,285.882
8/18/2025,18:00,287.337
8/19/2025,0:00,290.656
8/19/2025,6:00,290.224
8/19/2025,12:00,289.395
8/19/2025,18:00,289.208
8/20/2025,0:00,287.972
8/20/2025,6:00,286.479
8/20/2025,12:00,285.996
8/20/2025,18:00,285.752
8/21/2025,0:00,285.33
8/21/2025,6:00,283.231
8/21/2025,12:00,282.848
8/21/2025,18:00,286.434
8/22/2025,0:00,289.963
8/22/2025,6:00,289.434
8/22/2025,12:00,288.958
8/22/2025,18:00,294.032
8/23/2025,0:00,293.228
8/23/2025,6:00,289.382
8/23/2025,12:00,283.194
8/23/2025,18:00,282.667
8/24/2025,0:00,281.842
8/24/2025,6:00,279.058
8/24/2025,12:00,278.134
8/24/2025,18:00,281.594
8/25/2025,0:00,281.706
8/25/2025,6:00,279.752
8/25/2025,12:00,278.448
8/25/2025,18:00,282.444
8/26/2025,0:00,283.105
8/26/2025,6:00,281.4
8/26/2025,12:00,280.502
8/26/2025,18:00,284.82
8/27/2025,0:00,285.149
8/27/2025,6:00,282.982
8/27/2025,12:00,282.217
8/27/2025,18:00,285.803
8/28/2025,0:00,286.954
8/28/2025,6:00,285.6
8/28/2025,12:00,284.339
8/28/2025,18:00,287.824
8/29/2025,0:00,289.777
8/29/2025,6:00,286.997
8/29/2025,12:00,285.732
8/29/2025,18:00,288.952
8/30/2025,0:00,290.663
8/30/2025,6:00,288.824
8/30/2025,12:00,287.684
8/30/2025,18:00,291.505
8/31/2025,0:00,293.29
8/31/2025,6:00,290.996
8/31/2025,12:00,289.634
8/31/2025,18:00,293.039
9/1/2025,0:00,293.317
9/1/2025,6:00,291.334
9/1/2025,12:00,290.167
9/1/2025,18:00,291.915
9/2/2025,0:00,291.682
9/2/2025,6:00,291.037
9/2/2025,12:00,290.612
9/2/2025,18:00,291.663
9/3/2025,0:00,293.1
9/3/2025,6:00,292.3
9/3/2025,12:00,290.963
9/3/2025,18:00,292.976
9/4/2025,0:00,292.221
9/4/2025,6:00,289.014
9/4/2025,12:00,284.405
9/4/2025,18:00,283.7
9/5/2025,0:00,283.993
9/5/2025,6:00,278.768
9/5/2025,12:00,277.897
9/5/2025,18:00,281.016
9/6/2025,0:00,280.605
9/6/2025,6:00,277.734
9/6/2025,12:00,276.817
9/6/2025,18:00,280.916
9/7/2025,0:00,280.908
9/7/2025,6:00,278.655
9/7/2025,12:00,278.058
9/7/2025,18:00,282.637
9/8/2025,0:00,286.847
9/8/2025,6:00,286.604
9/8/2025,12:00,286.408
9/8/2025,18:00,286.801
9/9/2025,0:00,286.849
9/9/2025,6:00,285.352
9/9/2025,12:00,284.135
9/9/2025,18:00,287.604
9/10/2025,0:00,287.138
9/10/2025,6:00,284.3
9/10/2025,12:00,283.367
9/10/2025,18:00,288.144
9/11/2025,0:00,288.229
9/11/2025,6:00,286.301
9/11/2025,12:00,285.898
9/11/2025,18:00,290.054
9/12/2025,0:00,286.685
9/12/2025,6:00,283.358
9/12/2025,12:00,282.172
9/12/2025,18:00,286.445
9/13/2025,0:00,285.442
9/13/2025,6:00,283.157
9/13/2025,12:00,281.565
9/13/2025,18:00,285.464
9/14/2025,0:00,289.241
9/14/2025,6:00,287.58
9/14/2025,12:00,287.212
9/14/2025,18:00,290.93
9/15/2025,0:00,293.318
9/15/2025,6:00,291.296
9/15/2025,12:00,290.814
9/15/2025,18:00,292.075
9/16/2025,0:00,290.811
9/16/2025,6:00,288.999
9/16/2025,12:00,287.882
9/16/2025,18:00,291.358
9/17/2025,0:00,290.638
9/17/2025,6:00,288.049
9/17/2025,12:00,287.151
9/17/2025,18:00,289.974
9/18/2025,0:00,289.869
9/18/2025,6:00,288.628
9/18/2025,12:00,287.783
9/18/2025,18:00,291.219
9/19/2025,0:00,293
9/19/2025,6:00,292.25
9/19/2025,12:00,291.633
9/19/2025,18:00,293.7
9/20/2025,0:00,295.448
9/20/2025,6:00,293.407
9/20/2025,12:00,292.523
9/20/2025,18:00,293.743
9/21/2025,0:00,292.172
9/21/2025,6:00,290.786
9/21/2025,12:00,290.937
9/21/2025,18:00,292.033
9/22/2025,0:00,290.394
9/22/2025,6:00,284.95
9/22/2025,12:00,282.745
9/22/2025,18:00,286.702
9/23/2025,0:00,285.585
9/23/2025,6:00,283.431
9/23/2025,12:00,282.324
9/23/2025,18:00,286.931
9/24/2025,0:00,287.192
9/24/2025,6:00,285.085
9/24/2025,12:00,283.379
9/24/2025,18:00,287.896
9/25/2025,0:00,286.498
9/25/2025,6:00,283.352
9/25/2025,12:00,281.936
9/25/2025,18:00,285.4
9/26/2025,0:00,286.135
9/26/2025,6:00,283.073
9/26/2025,12:00,282.112
9/26/2025,18:00,287.035
9/27/2025,0:00,289.801
9/27/2025,6:00,286.298
9/27/2025,12:00,285.864
9/27/2025,18:00,288.995
9/28/2025,0:00,289.8
9/28/2025,6:00,286.87
9/28/2025,12:00,282.455
9/28/2025,18:00,287.424
9/29/2025,0:00,287.3
9/29/2025,6:00,284.279
9/29/2025,12:00,284.055
9/29/2025,18:00,289.559
9/30/2025,0:00,290.795
9/30/2025,6:00,289.099
9/30/2025,12:00,288.86
9/30/2025,18:00,291.056
10/1/2025,0:00,290.904
10/1/2025,6:00,287.785
10/1/2025,12:00,287.347
10/1/2025,18:00,288.942
10/2/2025,0:00,291.276
10/2/2025,6:00,287.812
10/2/2025,12:00,287.229
10/2/2025,18:00,290.105
10/3/2025,0:00,291.701
10/3/2025,6:00,291.154
10/3/2025,12:00,290.113
10/3/2025,18:00,292.498
10/4/2025,0:00,293.4
10/4/2025,6:00,291.25
10/4/2025,12:00,290.528
10/4/2025,18:00,294.655
10/5/2025,0:00,294.937
10/5/2025,6:00,293.34
10/5/2025,12:00,293.4
10/5/2025,18:00,295.443
10/6/2025,0:00,296.395
10/6/2025,6:00,291.194
10/6/2025,12:00,285.789
10/6/2025,18:00,285.143
10/7/2025,0:00,285.613
10/7/2025,6:00,283.512
10/7/2025,12:00,281.981
10/7/2025,18:00,286.844
10/8/2025,0:00,285.331
10/8/2025,6:00,282.575
10/8/2025,12:00,281.465
10/8/2025,18:00,287.329
10/9/2025,0:00,286.374
10/9/2025,6:00,283.408
10/9/2025,12:00,281.983
10/9/2025,18:00,288.879
10/10/2025,0:00,290.186
10/10/2025,6:00,287.663
10/10/2025,12:00,286.981
10/10/2025,18:00,292.506
10/11/2025,0:00,291.607
10/11/2025,6:00,289.828
10/11/2025,12:00,288.647
10/11/2025,18:00,294.201
10/12/2025,0:00,295.627
10/12/2025,6:00,292.582
10/12/2025,12:00,290.162
10/12/2025,18:00,291.564
10/13/2025,0:00,288.813
10/13/2025,6:00,285.208
10/13/2025,12:00,284.541
10/13/2025,18:00,289.733
10/14/2025,0:00,288.935
10/14/2025,6:00,285.6
10/14/2025,12:00,284.314
10/14/2025,18:00,290.678
10/15/2025,0:00,289.095
10/15/2025,6:00,286.543
10/15/2025,12:00,285.61
10/15/2025,18:00,291.018
10/16/2025,0:00,295.197
10/16/2025,6:00,292.008
10/16/2025,12:00,291.819
10/16/2025,18:00,294.978
10/17/2025,0:00,293.863
10/17/2025,6:00,291.73
10/17/2025,12:00,291.319
10/17/2025,18:00,292.701
10/18/2025,0:00,291.526
10/18/2025,6:00,288.724
10/18/2025,12:00,286.697
10/18/2025,18:00,290.236
10/19/2025,0:00,286.955
10/19/2025,6:00,283.007
10/19/2025,12:00,281.09
10/19/2025,18:00,286.878
10/20/2025,0:00,285.759
10/20/2025,6:00,283.841
10/20/2025,12:00,282.436
10/20/2025,18:00,287.878
10/21/2025,0:00,288.864
10/21/2025,6:00,285.416
10/21/2025,12:00,284.58
10/21/2025,18:00,290.962
10/22/2025,0:00,289.755
10/22/2025,6:00,287.062
10/22/2025,12:00,286.184
10/22/2025,18:00,292.342
10/23/2025,0:00,290.986
10/23/2025,6:00,288.265
10/23/2025,12:00,288.081
10/23/2025,18:00,294.024
10/24/2025,0:00,292.272
10/24/2025,6:00,290.806
10/24/2025,12:00,289.822
10/24/2025,18:00,293.949
10/25/2025,0:00,293.241
10/25/2025,6:00,292.544
10/25/2025,12:00,291.44
10/25/2025,18:00,291.274
10/26/2025,0:00,289.284
10/26/2025,6:00,287.547
10/26/2025,12:00,287.907
10/26/2025,18:00,290.112
10/27/2025,0:00,289.536
10/27/2025,6:00,287.429
10/27/2025,12:00,286.712
10/27/2025,18:00,292.265
10/28/2025,0:00,290.888
10/28/2025,6:00,286.7
10/28/2025,12:00,285.715
10/28/2025,18:00,287.644
10/29/2025,0:00,284.791
10/29/2025,6:00,284.42
10/29/2025,12:00,284.069
10/29/2025,18:00,283.958
10/30/2025,0:00,284.932
10/30/2025,6:00,282.802
10/30/2025,12:00,282.277
10/30/2025,18:00,287.461
10/31/2025,0:00,287.418
10/31/2025,6:00,284.707
10/31/2025,12:00,283.917
10/31/2025,18:00,290.15
11/1/2025,0:00,289.684
11/1/2025,6:00,285.83
11/1/2025,12:00,285.375
11/1/2025,18:00,292.275
11/2/2025,0:00,292.741
11/2/2025,6:00,290.417
11/2/2025,12:00,290.366
11/2/2025,18:00,294.282
11/3/2025,0:00,292.082
11/3/2025,6:00,288.789
11/3/2025,12:00,287.913
11/3/2025,18:00,293.465
11/4/2025,0:00,291.921
11/4/2025,6:00,289.212
11/4/2025,12:00,287.707
11/4/2025,18:00,294.104
11/5/2025,0:00,295.778
11/5/2025,6:00,291.598
11/5/2025,12:00,288.772
11/5/2025,18:00,292.859
11/6/2025,0:00,290.065
11/6/2025,6:00,285.467
11/6/2025,12:00,283.95
11/6/2025,18:00,289.123
11/7/2025,0:00,289.446
11/7/2025,6:00,287.388
11/7/2025,12:00,285.134
11/7/2025,18:00,285.764
11/8/2025,0:00,287.275
11/8/2025,6:00,285.836
11/8/2025,12:00,285.786
11/8/2025,18:00,286.701
11/9/2025,0:00,288.434
11/9/2025,6:00,284.702
11/9/2025,12:00,283.765
11/9/2025,18:00,290.128
11/10/2025,0:00,288.944
11/10/2025,6:00,285.551
11/10/2025,12:00,284.815
11/10/2025,18:00,292.367
11/11/2025,0:00,290.164
11/11/2025,6:00,286.55
11/11/2025,12:00,285.532
11/11/2025,18:00,292.783
11/12/2025,0:00,294.995
11/12/2025,6:00,291.797
11/12/2025,12:00,291.5
11/12/2025,18:00,296.064
11/13/2025,0:00,293.528
11/13/2025,6:00,290.682
11/13/2025,12:00,290.147
11/13/2025,18:00,295.379
11/14/2025,0:00,293.644
11/14/2025,6:00,290.729
11/14/2025,12:00,288.574
11/14/2025,18:00,294.167
11/15/2025,0:00,293.049
11/15/2025,6:00,290.177
11/15/2025,12:00,289.036
11/15/2025,18:00,296.833
11/16/2025,0:00,298.828
11/16/2025,6:00,295.138
11/16/2025,12:00,294.542
11/16/2025,18:00,290.259
11/17/2025,0:00,290.327
11/17/2025,6:00,286.008
11/17/2025,12:00,284.602
11/17/2025,18:00,289.008
11/18/2025,0:00,289.007
11/18/2025,6:00,286.299
11/18/2025,12:00,284.723
11/18/2025,18:00,291.882
11/19/2025,0:00,290.71
11/19/2025,6:00,287.842
11/19/2025,12:00,286.88
11/19/2025,18:00,293.297
11/20/2025,0:00,291.633
11/20/2025,6:00,288.856
11/20/2025,12:00,288.02
11/20/2025,18:00,295.318
11/21/2025,0:00,294.804
11/21/2025,6:00,292.933
11/21/2025,12:00,291.511
11/21/2025,18:00,296.543
11/22/2025,0:00,292.903
11/22/2025,6:00,287.368
11/22/2025,12:00,286.171
11/22/2025,18:00,291.818
11/23/2025,0:00,290.917
11/23/2025,6:00,286.059
11/23/2025,12:00,285.008
11/23/2025,18:00,291.311
11/24/2025,0:00,289.291
11/24/2025,6:00,285.428
11/24/2025,12:00,285.314
11/24/2025,18:00,291.799
11/25/2025,0:00,292.323
11/25/2025,6:00,289.705
11/25/2025,12:00,288.257
11/25/2025,18:00,296.039
11/26/2025,0:00,294.945
11/26/2025,6:00,291.71
11/26/2025,12:00,289.667
11/26/2025,18:00,297.487
11/27/2025,0:00,296.027
11/27/2025,6:00,291.198
11/27/2025,12:00,289.938
11/27/2025,18:00,297.156
11/28/2025,0:00,299.43
11/28/2025,6:00,294.962
11/28/2025,12:00,294.623
11/28/2025,18:00,300.834
11/29/2025,0:00,300.261
11/29/2025,6:00,295.396
11/29/2025,12:00,293.434
11/29/2025,18:00,297.808
11/30/2025,0:00,297.092
11/30/2025,6:00,293.3
11/30/2025,12:00,291.809
11/30/2025,18:00,293.882
12/1/2025,0:00,293.059
12/1/2025,6:00,292.245
12/1/2025,12:00,290.719
12/1/2025,18:00,296.002
12/2/2025,0:00,295.72
12/2/2025,6:00,292.103
12/2/2025,12:00,291.411
12/2/2025,18:00,297.278
12/3/2025,0:00,294.654
12/3/2025,6:00,291.324
12/3/2025,12:00,288.846
12/3/2025,18:00,296.496
12/4/2025,0:00,294.479
12/4/2025,6:00,289.156
12/4/2025,12:00,288.165
12/4/2025,18:00,296.663
12/5/2025,0:00,295.006
12/5/2025,6:00,290.705
12/5/2025,12:00,289.2
12/5/2025,18:00,298.226
12/6/2025,0:00,297.384
12/6/2025,6:00,295.219
12/6/2025,12:00,294.086
12/6/2025,18:00,302.148
12/7/2025,0:00,301.888
12/7/2025,6:00,297.696
12/7/2025,12:00,297.057
12/7/2025,18:00,304.544
12/8/2025,0:00,301.264
12/8/2025,6:00,296.134
12/8/2025,12:00,293.596
12/8/2025,18:00,296.12
12/9/2025,0:00,293.683
12/9/2025,6:00,293.276
12/9/2025,12:00,292.861
12/9/2025,18:00,294.027
12/10/2025,0:00,293.168
12/10/2025,6:00,290.365
12/10/2025,12:00,289.645
12/10/2025,18:00,290.042
12/11/2025,0:00,290.671
12/11/2025,6:00,288.725
12/11/2025,12:00,287.995
12/11/2025,18:00,296.017
12/12/2025,0:00,296.515
12/12/2025,6:00,293.091
12/12/2025,12:00,291.537
12/12/2025,18:00,297.667
12/13/2025,0:00,295.285
12/13/2025,6:00,291.297
12/13/2025,12:00,290.265
12/13/2025,18:00,297.155
12/14/2025,0:00,297.247
12/14/2025,6:00,294.686
12/14/2025,12:00,293.81
12/14/2025,18:00,300.786
12/15/2025,0:00,299.258
12/15/2025,6:00,297.069
12/15/2025,12:00,295.705
12/15/2025,18:00,293.004
12/16/2025,0:00,291.457
12/16/2025,6:00,288.198
12/16/2025,12:00,287.723
12/16/2025,18:00,294.704
12/17/2025,0:00,292.213
12/17/2025,6:00,287.937
12/17/2025,12:00,287.013
12/17/2025,18:00,293.854
12/18/2025,0:00,292.365
12/18/2025,6:00,289.159
12/18/2025,12:00,287.415
12/18/2025,18:00,295.383
12/19/2025,0:00,295.254
12/19/2025,6:00,292.309
12/19/2025,12:00,292.003
12/19/2025,18:00,300.02
12/20/2025,0:00,297.79
12/20/2025,6:00,294.873
12/20/2025,12:00,293.646
12/20/2025,18:00,300.659
12/21/2025,0:00,302.328
12/21/2025,6:00,298.545
12/21/2025,12:00,293.308
12/21/2025,18:00,293.885
12/22/2025,0:00,295.243
12/22/2025,6:00,295.432
12/22/2025,12:00,294.59
12/22/2025,18:00,294.726
12/23/2025,0:00,295.459
12/23/2025,6:00,294.127
12/23/2025,12:00,294.923
12/23/2025,18:00,296.68
12/24/2025,0:00,298.177
12/24/2025,6:00,295.423
12/24/2025,12:00,294.595
12/24/2025,18:00,299.479
12/25/2025,0:00,298.82
12/25/2025,6:00,295.635
12/25/2025,12:00,295.573
12/25/2025,18:00,300.91
12/26/2025,0:00,295.795
12/26/2025,6:00,295.642
12/26/2025,12:00,295.012
12/26/2025,18:00,296.501
12/27/2025,0:00,297.327
12/27/2025,6:00,296.484
12/27/2025,12:00,295.753
12/27/2025,18:00,300.413
12/28/2025,0:00,295.253
12/28/2025,6:00,294.844
12/28/2025,12:00,294.452
12/28/2025,18:00,299.291
12/29/2025,0:00,296.945
12/29/2025,6:00,294.215
12/29/2025,12:00,294.254
12/29/2025,18:00,294.226
12/30/2025,0:00,295.036
12/30/2025,6:00,294.647
12/30/2025,12:00,293.522
12/30/2025,18:00,297.177
12/31/2025,0:00,296.143
12/31/2025,6:00,294.772
12/31/2025,12:00,294.344
12/31/2025,18:00,299.109
1/1/2026,0:00,299.812
1/1/2026,6:00,296.515
1/1/2026,12:00,295.923
1/1/2026,18:00,300.555
1/2/2026,0:00,300.328
1/2/2026,6:00,296.508
1/2/2026,12:00,295.272
1/2/2026,18:00,300.151
1/3/2026,0:00,300.036
1/3/2026,6:00,296.197
1/3/2026,12:00,295.199
1/3/2026,18:00,296.314
1/4/2026,0:00,291.898
1/4/2026,6:00,288.032
1/4/2026,12:00,285.791
1/4/2026,18:00,290.947
1/5/2026,0:00,290.336
1/5/2026,6:00,287.616
1/5/2026,12:00,285.639
1/5/2026,18:00,292.286
1/6/2026,0:00,291.973
1/6/2026,6:00,288.067
1/6/2026,12:00,286.276
1/6/2026,18:00,294.278
1/7/2026,0:00,297.533
1/7/2026,6:00,294.552
1/7/2026,12:00,293.555
1/7/2026,18:00,300.226
1/8/2026,0:00,293.638
1/8/2026,6:00,293.114
1/8/2026,12:00,291.71
1/8/2026,18:00,293.86
1/9/2026,0:00,295.089
1/9/2026,6:00,294.239
1/9/2026,12:00,293.165
1/9/2026,18:00,294.905
1/10/2026,0:00,294.528
1/10/2026,6:00,292.698
1/10/2026,12:00,293.122
1/10/2026,18:00,293.184
1/11/2026,0:00,294.548
1/11/2026,6:00,290.06
1/11/2026,12:00,287.589
1/11/2026,18:00,290.742
1/12/2026,0:00,293.67
1/12/2026,6:00,291.411
1/12/2026,12:00,289.09
1/12/2026,18:00,294.885
1/13/2026,0:00,296.562
1/13/2026,6:00,293.337
1/13/2026,12:00,292.047
1/13/2026,18:00,297.532
1/14/2026,0:00,298.314
1/14/2026,6:00,296.244
1/14/2026,12:00,294.508
1/14/2026,18:00,299.253
1/15/2026,0:00,300.631
1/15/2026,6:00,295.737
1/15/2026,12:00,295.047
1/15/2026,18:00,301.652
1/16/2026,0:00,301.463
1/16/2026,6:00,298.105
1/16/2026,12:00,295.006
1/16/2026,18:00,294.412
1/17/2026,0:00,297.248
1/17/2026,6:00,295.12
1/23/2026,0:00,297.734
1/23/2026,6:00,292.568
1/23/2026,12:00,290.329
1/23/2026,18:00,296.425
1/24/2026,0:00,296.97
1/24/2026,6:00,292.22
1/24/2026,12:00,289.821
1/24/2026,18:00,296.43
1/25/2026,0:00,298.829
1/25/2026,6:00,294.271
1/25/2026,12:00,291.931
1/25/2026,18:00,300.031
1/26/2026,0:00,300.627
1/26/2026,6:00,295.685
1/26/2026,12:00,293.247
1/26/2026,18:00,301.844
1/27/2026,0:00,302.504
1/27/2026,6:00,297.133
1/27/2026,12:00,296.126
1/27/2026,18:00,302.624
1/28/2026,0:00,302.541
1/28/2026,6:00,298.312
1/28/2026,12:00,297.357
1/28/2026,18:00,304.263
1/29/2026,0:00,300.67
1/29/2026,6:00,295.31
1/29/2026,12:00,293.925
1/29/2026,18:00,300.018
1/30/2026,0:00,300.448
1/30/2026,6:00,294.766
1/30/2026,12:00,292.607
1/30/2026,18:00,299.68
1/31/2026,0:00,299.099
1/31/2026,6:00,294.645
1/31/2026,12:00,291.926
1/31/2026,18:00,298.069
2/1/2026,0:00,299.659
2/1/2026,6:00,291.924
2/1/2026,12:00,290.825
2/1/2026,18:00,298.922
2/2/2026,0:00,299.681
2/2/2026,6:00,293.846
2/2/2026,12:00,292.897
2/2/2026,18:00,300.773
2/3/2026,0:00,299.602
2/3/2026,6:00,295.734
2/3/2026,12:00,295.027
2/3/2026,18:00,302.101
2/4/2026,0:00,301.314
2/4/2026,6:00,296.317
2/4/2026,12:00,294.906
2/4/2026,18:00,303.432
2/5/2026,0:00,302.635
2/5/2026,6:00,297.501
2/5/2026,12:00,295.103
2/5/2026,18:00,303.276
2/6/2026,0:00,303.267
2/6/2026,6:00,298.019
2/6/2026,12:00,296.363
2/6/2026,18:00,304.201
2/7/2026,0:00,301.436
2/7/2026,6:00,294.7
2/7/2026,12:00,292.286
2/7/2026,18:00,295.198
2/8/2026,0:00,299.111
2/8/2026,6:00,292.973
2/8/2026,12:00,290.008
2/8/2026,18:00,298.433
2/9/2026,0:00,297.2
2/9/2026,6:00,292.166
2/9/2026,12:00,289.73
2/9/2026,18:00,297.976
2/10/2026,0:00,300.259
2/10/2026,6:00,294.802
2/10/2026,12:00,294.753
2/10/2026,18:00,303.43
2/11/2026,0:00,303.279
2/11/2026,6:00,300.319
2/11/2026,12:00,298.555
2/11/2026,18:00,305.235
2/12/2026,0:00,304.453
2/12/2026,6:00,299.667
2/12/2026,12:00,297.362
2/12/2026,18:00,299.608
2/13/2026,0:00,297.182
2/13/2026,6:00,294.391
2/13/2026,12:00,293.811
2/13/2026,18:00,297.424
2/14/2026,0:00,300.578
2/14/2026,6:00,295.07
2/14/2026,12:00,293.867
2/14/2026,18:00,299.349
2/15/2026,0:00,299.206
2/15/2026,6:00,293.963
2/15/2026,12:00,292.955
2/15/2026,18:00,300.146
2/16/2026,0:00,299.253
2/16/2026,6:00,296.348
2/16/2026,12:00,295.409
2/16/2026,18:00,300.742
2/17/2026,0:00,296.82
2/17/2026,6:00,297.312
2/17/2026,12:00,296.697
2/17/2026,18:00,299.376
2/18/2026,0:00,297.251
2/18/2026,6:00,296.246
2/18/2026,12:00,296.251
2/18/2026,18:00,299.576
2/19/2026,0:00,302.724
2/19/2026,6:00,297.073
2/19/2026,12:00,295.575
2/19/2026,18:00,300.264
2/20/2026,0:00,294.846
2/20/2026,6:00,293.417
2/20/2026,12:00,292.511
2/20/2026,18:00,296.852
2/21/2026,0:00,298.818
2/21/2026,6:00,294.409
2/21/2026,12:00,291.359
2/21/2026,18:00,296.918
2/22/2026,0:00,299.762
2/22/2026,6:00,294.193
2/22/2026,12:00,292.91
2/22/2026,18:00,297.535
2/23/2026,0:00,302.044
2/23/2026,6:00,294.624
2/23/2026,12:00,293.508
2/23/2026,18:00,295.525
2/24/2026,0:00,296.264
2/24/2026,6:00,294.447
2/24/2026,12:00,293.787
2/24/2026,18:00,296.937
2/25/2026,0:00,297.912
2/25/2026,6:00,294.707
2/25/2026,12:00,293.64
2/25/2026,18:00,298.462
2/26/2026,0:00,296.262
2/26/2026,6:00,291.024
2/26/2026,12:00,289.217
2/26/2026,18:00,293.916
2/27/2026,0:00,295.392
2/27/2026,6:00,290.208
2/27/2026,12:00,287.782
2/27/2026,18:00,293.211
2/28/2026,0:00,295.251
2/28/2026,6:00,290.85
2/28/2026,12:00,288.945
2/28/2026,18:00,294.555
3/1/2026,0:00,296.298
3/1/2026,6:00,291.701
3/1/2026,12:00,289.466
3/1/2026,18:00,295.39
3/2/2026,0:00,296.9
3/2/2026,6:00,292.002
3/2/2026,12:00,289.436
3/2/2026,18:00,295.589
3/3/2026,0:00,300.651
3/3/2026,6:00,294.573
3/3/2026,12:00,292.328
3/3/2026,18:00,299.183
3/4/2026,0:00,303.362
3/4/2026,6:00,297
3/4/2026,12:00,295.322
3/4/2026,18:00,299.583
3/5/2026,0:00,301.807
3/5/2026,6:00,294.867
3/5/2026,12:00,292.512
3/5/2026,18:00,298.478
3/6/2026,0:00,300.666
3/6/2026,6:00,295.412
3/6/2026,12:00,293.564
3/6/2026,18:00,298.203
3/7/2026,0:00,294.186
3/7/2026,6:00,293.764
3/7/2026,12:00,292.882
3/7/2026,18:00,296.433
3/8/2026,0:00,295.063
3/8/2026,6:00,291.188
3/8/2026,12:00,290.266
3/8/2026,18:00,295.614
3/9/2026,0:00,296.772
3/9/2026,6:00,290.326
3/9/2026,12:00,289.511
3/9/2026,18:00,294.348
3/10/2026,0:00,294.914
3/10/2026,6:00,293.099
3/10/2026,12:00,290.179
3/10/2026,18:00,295.19
3/11/2026,0:00,295.052
3/11/2026,6:00,291.134
3/11/2026,12:00,290.468
3/11/2026,18:00,295.582
3/12/2026,0:00,298.401
3/12/2026,6:00,291.998
3/12/2026,12:00,290.773
3/12/2026,18:00,296.616
3/13/2026,0:00,296.108
3/13/2026,6:00,290.951
3/13/2026,12:00,289.433
3/13/2026,18:00,295.281
3/14/2026,0:00,297.015
3/14/2026,6:00,292.13
3/14/2026,12:00,290.206
3/14/2026,18:00,296.472
3/15/2026,0:00,298.638
3/15/2026,6:00,292.707
3/15/2026,12:00,290.84
3/15/2026,18:00,299.177
3/16/2026,0:00,301.216
3/16/2026,6:00,296.216
3/16/2026,12:00,294.826
3/16/2026,18:00,302.353
3/17/2026,0:00,299.977
3/17/2026,6:00,295.939
3/17/2026,12:00,293.914
3/17/2026,18:00,295.858
3/18/2026,0:00,297.105
3/18/2026,6:00,296.481
3/18/2026,12:00,296.506
3/18/2026,18:00,298.724
3/19/2026,0:00,297.364
3/19/2026,6:00,292.827
3/19/2026,12:00,291.025
3/19/2026,18:00,296.05
3/20/2026,0:00,297.355
3/20/2026,6:00,293.659
3/20/2026,12:00,291.219
3/20/2026,18:00,297.855
3/21/2026,0:00,300.833
3/21/2026,6:00,295.588
3/21/2026,12:00,293.471
3/21/2026,18:00,302.01
3/22/2026,0:00,293.03
3/22/2026,6:00,293.398
3/22/2026,12:00,291.5
3/22/2026,18:00,293.3
3/23/2026,0:00,296.831
3/23/2026,6:00,295.932
3/23/2026,12:00,295.174
3/23/2026,18:00,295.965
3/24/2026,0:00,291.961
3/24/2026,6:00,290.612
3/24/2026,12:00,288.372
3/24/2026,18:00,291.298
3/25/2026,0:00,291.2
3/25/2026,6:00,289.333
3/25/2026,12:00,289.34
3/25/2026,18:00,293.35
3/26/2026,0:00,294.737
3/26/2026,6:00,289.87
3/26/2026,12:00,290.058
3/26/2026,18:00,294.609
3/27/2026,0:00,296.797
3/27/2026,6:00,293.835
3/27/2026,12:00,293.277
3/27/2026,18:00,297.024
3/28/2026,0:00,297.72
3/28/2026,6:00,296.472
3/28/2026,12:00,295.708
3/28/2026,18:00,300.742
3/29/2026,0:00,302.029
3/29/2026,6:00,298.548
3/29/2026,12:00,297.348
3/29/2026,18:00,302.058
3/30/2026,0:00,302.853
3/30/2026,6:00,296.8
3/30/2026,12:00,295.391
3/30/2026,18:00,300.504
3/31/2026,0:00,299.329
3/31/2026,6:00,295.978
3/31/2026,12:00,294.215
3/31/2026,18:00,298.724
4/1/2026,0:00,298.637
4/1/2026,6:00,294.235
4/1/2026,12:00,291.43
4/1/2026,18:00,296.688
4/2/2026,0:00,296.371
4/2/2026,6:00,292.01
4/2/2026,12:00,291.545
4/2/2026,18:00,297.4
4/3/2026,0:00,297.425
4/3/2026,6:00,293.221
4/3/2026,12:00,292.107
4/4/2026,0:00,298.351
4/4/2026,6:00,295.492
4/4/2026,12:00,294.251
4/4/2026,18:00,299.633
4/5/2026,0:00,292.956
4/5/2026,6:00,289.24
4/5/2026,12:00,288.5
4/5/2026,18:00,292.07
4/6/2026,6:00,290.384
4/6/2026,12:00,291.011
4/6/2026,18:00,291.572
4/7/2026,6:00,293.23
4/7/2026,18:00,293.903
4/8/2026,0:00,290.867
4/8/2026,6:00,290.403
4/8/2026,12:00,289.783
4/8/2026,18:00,290.403
4/9/2026,0:00,290.6
4/9/2026,6:00,290.47
4/9/2026,12:00,289
4/9/2026,18:00,290.896
4/10/2026,0:00,288.591
4/10/2026,6:00,286.22
4/10/2026,12:00,285.042
4/10/2026,18:00,289.52
4/11/2026,0:00,288.83
4/11/2026,6:00,285.616
4/11/2026,12:00,284.753
4/11/2026,18:00,289.547
4/12/2026,0:00,290.368
4/12/2026,6:00,290.98
4/12/2026,12:00,291.788
4/12/2026,18:00,292.778
4/13/2026,0:00,293.671
4/13/2026,6:00,292.55
4/13/2026,12:00,290.55
4/13/2026,18:00,293.588
4/14/2026,0:00,293.674
4/14/2026,6:00,291.988
4/14/2026,12:00,291.413
4/14/2026,18:00,293.742
4/15/2026,0:00,295.796
4/15/2026,6:00,295.264
4/15/2026,12:00,292.911
4/15/2026,18:00,293.762
4/16/2026,0:00,293.927
4/16/2026,6:00,292.418
4/16/2026,12:00,292.308
4/16/2026,18:00,292.339
4/17/2026,0:00,291.621
4/17/2026,6:00,289.971
4/17/2026,12:00,290.225
4/17/2026,18:00,292.343
4/18/2026,0:00,290.345
4/18/2026,6:00,288.545
4/18/2026,12:00,287.498
4/18/2026,18:00,291.201
4/19/2026,0:00,291.09
4/19/2026,6:00,288.752
4/19/2026,12:00,287.667
4/19/2026,18:00,292.087
4/20/2026,0:00,292.314
4/20/2026,6:00,290.239
4/20/2026,12:00,288.701
4/20/2026,18:00,292.122
4/21/2026,0:00,289.207
4/21/2026,6:00,289.336
4/21/2026,12:00,290.467
4/21/2026,18:00,292.154
4/22/2026,0:00,292.929
4/22/2026,6:00,290.898
4/22/2026,12:00,289.826
4/22/2026,18:00,293.23
4/23/2026,0:00,293.583
4/23/2026,6:00,291.445
4/23/2026,12:00,289.223
4/23/2026,18:00,289.544
4/24/2026,0:00,291.525
4/24/2026,6:00,290.818
4/24/2026,12:00,290.315
4/24/2026,18:00,292.06
4/25/2026,0:00,291.171
4/25/2026,6:00,289.921
4/25/2026,12:00,289.042
4/25/2026,18:00,292.397
4/26/2026,0:00,293.734
4/26/2026,6:00,290.866
4/26/2026,12:00,289.577
4/26/2026,18:00,292.686
4/27/2026,0:00,288.816
4/27/2026,6:00,282.361
4/27/2026,12:00,278.9
4/27/2026,18:00,282.242
4/28/2026,0:00,282.501
4/28/2026,6:00,279.709
4/28/2026,12:00,279.108
4/28/2026,18:00,283.723
4/29/2026,0:00,284.098
4/29/2026,6:00,281.635
4/29/2026,12:00,280.933
4/29/2026,18:00,285.767
4/30/2026,0:00,286.98
4/30/2026,6:00,284.532
4/30/2026,12:00,283.782
4/30/2026,18:00,287.935
5/1/2026,0:00,288.342
5/1/2026,6:00,288.3
5/1/2026,12:00,288.602
5/1/2026,18:00,291.854
5/2/2026,0:00,292.765
5/2/2026,6:00,292.4
5/2/2026,12:00,291.307
5/2/2026,18:00,292.048
5/3/2026,0:00,283.945
5/3/2026,6:00,280.302
5/3/2026,12:00,278.59
5/3/2026,18:00,282.405
5/4/2026,0:00,283.51
5/4/2026,6:00,282.048
5/4/2026,12:00,281.798
5/4/2026,18:00,286.894
5/5/2026,0:00,290.664
5/5/2026,6:00,290.642
5/5/2026,12:00,290.928
5/5/2026,18:00,294.028
5/6/2026,0:00,295.028
5/6/2026,6:00,292.639
5/6/2026,12:00,293.059
5/6/2026,18:00,295.397
5/7/2026,0:00,296.724
5/7/2026,6:00,296.515
5/7/2026,12:00,295.715
5/7/2026,18:00,297.134
5/8/2026,0:00,287.944
5/8/2026,6:00,283.315
5/8/2026,12:00,281.246
5/8/2026,18:00,283.329
5/9/2026,0:00,282.021
5/9/2026,6:00,279.6
5/9/2026,12:00,278.845
5/9/2026,18:00,281.595
5/10/2026,0:00,281.7
5/10/2026,6:00,281.2
5/10/2026,12:00,277.732
5/10/2026,18:00,281.09
5/11/2026,0:00,280.11
5/11/2026,6:00,277.561
5/11/2026,12:00,276.509
5/11/2026,18:00,280.514
5/12/2026,0:00,281.5
5/12/2026,6:00,279.229
5/12/2026,12:00,278.249
5/12/2026,18:00,282.203
5/13/2026,0:00,283.35
5/13/2026,6:00,281.256
5/13/2026,12:00,280.318
5/13/2026,18:00,283.943
5/14/2026,0:00,284.919
5/14/2026,6:00,282.254
5/14/2026,12:00,281.356
5/14/2026,18:00,285.072
5/15/2026,0:00,283.443
5/15/2026,6:00,280.956
5/15/2026,12:00,279.765
5/15/2026,18:00,283.4
5/16/2026,0:00,284.159
5/16/2026,6:00,282.397
5/16/2026,12:00,281.7
5/16/2026,18:00,284.655
5/17/2026,0:00,286.745
5/17/2026,6:00,286.134
5/17/2026,12:00,285.324
5/17/2026,18:00,285.188
5/18/2026,0:00,284.185
5/18/2026,6:00,282.124
5/18/2026,12:00,280.12
5/18/2026,18:00,282.151
5/19/2026,0:00,281
5/19/2026,6:00,278.339
5/19/2026,12:00,277.616
5/19/2026,18:00,281.503
5/20/2026,0:00,281.533
5/20/2026,6:00,278.933
5/20/2026,12:00,278.019
5/20/2026,18:00,281.777
5/21/2026,0:00,282.297
5/21/2026,6:00,279.221
5/21/2026,12:00,277.976
5/21/2026,18:00,280.981
5/22/2026,0:00,280.2
5/22/2026,6:00,277.665
5/22/2026,12:00,277
5/22/2026,18:00,280.755
5/23/2026,0:00,282.227
5/23/2026,6:00,280.019
5/23/2026,12:00,279.749
5/23/2026,18:00,282.729
5/24/2026,0:00,284.233
5/24/2026,6:00,282.755
5/24/2026,12:00,282.632
5/24/2026,18:00,285.306
5/25/2026,0:00,285.393
5/25/2026,6:00,284.278
5/25/2026,12:00,283.977
5/25/2026,18:00,286.5
5/26/2026,0:00,287.448
5/26/2026,6:00,287.616
5/26/2026,12:00,285.3
5/26/2026,18:00,287.951
5/27/2026,0:00,289.803
5/27/2026,6:00,284.525
5/27/2026,12:00,283.39
5/27/2026,18:00,286.255
5/28/2026,0:00,285.97
5/28/2026,6:00,283.932
5/28/2026,12:00,282.631
5/28/2026,18:00,285.409
5/29/2026,0:00,289.658
5/29/2026,6:00,288.097
5/29/2026,12:00,286.9
5/29/2026,18:00,287.156
5/30/2026,0:00,286.231
5/30/2026,6:00,285.289
5/30/2026,12:00,287.061
5/30/2026,18:00,288.444
5/31/2026,0:00,291.544
5/31/2026,6:00,289.132
5/31/2026,12:00,285.511
5/31/2026,18:00,287.202
6/1/2026,0:00,286.352
6/1/2026,6:00,283.79
6/1/2026,12:00,281.842
6/1/2026,18:00,284.634
6/2/2026,0:00,285.9
6/2/2026,6:00,282.056
6/2/2026,12:00,281.659
6/2/2026,18:00,284.226
6/3/2026,0:00,285.5
6/3/2026,6:00,283.986
6/3/2026,12:00,283.283
6/3/2026,18:00,286.254
6/4/2026,0:00,287.756
6/4/2026,6:00,286.072
6/4/2026,12:00,285.742
6/4/2026,18:00,288.26
6/5/2026,0:00,288.896
6/5/2026,6:00,286.785
6/5/2026,12:00,286.7
6/5/2026,18:00,289.071
6/6/2026,0:00,290.422
6/6/2026,12:00,287.556
6/6/2026,18:00,289.939
6/7/2026,0:00,291.354
6/7/2026,6:00,288.328
6/7/2026,12:00,287.076
6/7/2026,18:00,289.888
6/8/2026,0:00,288.8
6/8/2026,6:00,288.101
6/8/2026,12:00,288.4
6/8/2026,18:00,288.405
6/9/2026,0:00,287.966
6/9/2026,6:00,285.831
6/9/2026,12:00,283.233
6/9/2026,18:00,286.325
6/10/2026,0:00,289.407
6/10/2026,6:00,284.322
6/10/2026,12:00,283.924
6/10/2026,18:00,285.58
6/11/2026,0:00,288.2
6/11/2026,6:00,286.515
6/11/2026,12:00,285.906
6/11/2026,18:00,285.681
6/12/2026,0:00,284.439
6/12/2026,6:00,284.119
6/12/2026,12:00,284.217
6/12/2026,18:00,284.857
6/13/2026,0:00,288.275
6/13/2026,6:00,285.427
6/13/2026,12:00,283.569
6/13/2026,18:00,285.472
6/14/2026,0:00,287.301
6/14/2026,6:00,284.004
6/14/2026,12:00,282.806
6/14/2026,18:00,284.754
6/15/2026,0:00,282.127
6/15/2026,6:00,278.567
6/15/2026,12:00,276.895
6/15/2026,18:00,279.527
6/16/2026,0:00,280.602
6/16/2026,6:00,278.749
6/16/2026,12:00,277.86
6/16/2026,18:00,280.789
6/17/2026,0:00,282.1
6/17/2026,6:00,280.708
6/17/2026,12:00,279.229
6/17/2026,18:00,282.167
6/18/2026,0:00,283.325
6/18/2026,6:00,282.539
6/18/2026,12:00,281.518
6/18/2026,18:00,283.5
6/19/2026,0:00,287.649
6/19/2026,6:00,285.252
6/19/2026,12:00,285.818
6/19/2026,18:00,285.707
6/20/2026,0:00,283.309
6/20/2026,6:00,280.109
6/20/2026,12:00,278.53
6/20/2026,18:00,280.981
6/21/2026,0:00,281.007
6/21/2026,6:00,279.056
6/21/2026,12:00,278.785
6/21/2026,18:00,280.921
6/22/2026,0:00,284.721
6/22/2026,6:00,283.314
6/22/2026,12:00,282.086
6/22/2026,18:00,282.065
6/23/2026,0:00,280.246
6/23/2026,6:00,278.1
6/23/2026,12:00,276.565
6/23/2026,18:00,278.857
6/24/2026,0:00,278.501
6/24/2026,6:00,276.61
6/24/2026,12:00,276.027
6/24/2026,18:00,278.5
6/25/2026,0:00,280.35
6/25/2026,6:00,279.541
6/25/2026,12:00,280.341
6/25/2026,18:00,281.461
6/26/2026,0:00,281.726
6/26/2026,6:00,279.245
6/26/2026,12:00,278.042
6/26/2026,18:00,280.737
6/27/2026,0:00,281.935
6/27/2026,6:00,280.658
6/27/2026,12:00,280.695
6/27/2026,18:00,283.778
6/28/2026,0:00,289.343
6/28/2026,6:00,288.505
6/28/2026,12:00,289.081
6/28/2026,18:00,289.061
6/29/2026,0:00,283.619
6/29/2026,6:00,280.8
6/29/2026,12:00,279.467
6/29/2026,18:00,281.423
6/30/2026,0:00,282.288
6/30/2026,6:00,279.9
6/30/2026,12:00,279.188
6/30/2026,18:00,281.048
7/1/2026,0:00,282.837
7/1/2026,6:00,281.671
7/1/2026,12:00,281.89
7/1/2026,18:00,284.079
7/2/2026,0:00,286.501
7/2/2026,6:00,284.162
7/2/2026,12:00,282.94
7/2/2026,18:00,282.821
7/3/2026,0:00,280.556
7/3/2026,6:00,276.341
7/3/2026,12:00,273.258
7/3/2026,18:00,275.91
7/4/2026,0:00,277.753
7/4/2026,6:00,276.011
7/4/2026,12:00,275.631
7/4/2026,18:00,278.249
7/5/2026,0:00,282.117
7/5/2026,6:00,280.512
7/5/2026,12:00,279.573
7/5/2026,18:00,281.7
7/6/2026,0:00,284.597
7/6/2026,6:00,280.698
7/6/2026,12:00,277.672
7/6/2026,18:00,280.132
7/7/2026,0:00,279.844
7/7/2026,6:00,277.763
7/7/2026,12:00,276.512
7/7/2026,18:00,279.1
7/8/2026,0:00,280.684
7/8/2026,6:00,279.098
7/8/2026,12:00,278.419
7/8/2026,18:00,280.847
7/9/2026,0:00,283.9
7/9/2026,6:00,281.469
7/9/2026,12:00,281.2
7/9/2026,18:00,284.551
7/10/2026,0:00,288.222
7/10/2026,6:00,287.621
7/10/2026,12:00,288.17
7/10/2026,18:00,289.558
7/11/2026,0:00,290.012
7/11/2026,6:00,289.33
7/11/2026,12:00,287.506
7/11/2026,18:00,288.018
7/12/2026,0:00,289.5
7/12/2026,6:00,283.451
7/12/2026,12:00,281.302
7/12/2026,18:00,282.981
7/13/2026,0:00,282.037
7/13/2026,6:00,279.422
7/13/2026,12:00,278.333
7/13/2026,18:00,280.665
7/14/2026,0:00,282.3
7/14/2026,6:00,280.281
7/14/2026,12:00,279.641
7/14/2026,18:00,282.161
7/15/2026,0:00,284.519
7/15/2026,6:00,282.719
7/15/2026,12:00,281.621
7/15/2026,18:00,284.304
7/16/2026,0:00,287.5
7/16/2026,6:00,286.443
7/16/2026,12:00,286.842
7/16/2026,18:00,290.557
7/17/2026,0:00,294.481
7/17/2026,6:00,294.5
7/17/2026,12:00,294.167
7/17/2026,18:00,296.6
7/18/2026,0:00,299.348
7/18/2026,6:00,297.865
7/18/2026,12:00,297.869
7/18/2026,18:00,297.66
7/19/2026,0:00,298.354
7/19/2026,6:00,294.967
7/19/2026,12:00,294.039
7/19/2026,18:00,295.132
7/20/2026,0:00,291.831
7/20/2026,6:00,289.311
7/20/2026,12:00,289.146
7/20/2026,18:00,290.841
7/21/2026,0:00,289.8
7/21/2026,6:00,288.802
7/21/2026,12:00,287.163
7/21/2026,18:00,287.968
7/22/2026,0:00,288.351
7/22/2026,6:00,288.083
7/22/2026,12:00,288.051
7/22/2026,18:00,287.149
7/23/2026,0:00,286.115
7/23/2026,6:00,283.502
7/23/2026,12:00,284.231
7/23/2026,18:00,285.832
7/24/2026,0:00,287.163
7/24/2026,6:00,284.99
7/24/2026,12:00,283.753
7/24/2026,18:00,284.963
7/25/2026,0:00,286.1
7/25/2026,6:00,285.145
7/25/2026,12:00,284.7
7/25/2026,18:00,287.422
7/26/2026,0:00,290.658
7/26/2026,6:00,289.618
7/26/2026,12:00,291.03
7/26/2026,18:00,291.601
7/27/2026,0:00,290.699
7/27/2026,6:00,289.304
7/27/2026,12:00,289.594
7/27/2026,18:00,291
7/28/2026,0:00,293.4
7/28/2026,6:00,292.4
7/28/2026,12:00,291
7/28/2026,18:00,292.527
7/29/2026,0:00,291.224
7/29/2026,6:00,288.836
7/29/2026,12:00,288.724
7/29/2026,18:00,289.983
7/30/2026,0:00,287.995
7/30/2026,6:00,286.901
7/30/2026,12:00,286.11
7/30/2026,18:00,287.956
7/31/2026,0:00,289.144
7/31/2026,6:00,288.615
7/31/2026,12:00,288.415
7/31/2026,18:00,293.115
8/1/2026,0:00,294.103
8/1/2026,6:00,294.202
8/1/2026,12:00,291.229
8/1/2026,18:00,289.178
8/2/2026,0:00,288.235
8/2/2026,6:00,286.638
8/2/2026,12:00,285.07
