"Date","Time","Maximum temperature@Specified height above ground: 2 m"
6/13/2019,18:00,299.163
6/14/2019,0:00,299.312
6/14/2019,6:00,294.2
6/14/2019,12:00,295.143
6/14/2019,18:00,298.6
6/15/2019,0:00,297
6/15/2019,6:00,294.676
6/15/2019,12:00,293.952
6/15/2019,18:00,299.7
6/16/2019,0:00,299.6
6/16/2019,6:00,294.5
6/16/2019,12:00,293.3
6/16/2019,18:00,297.995
6/17/2019,0:00,297.942
6/17/2019,6:00,294.1
6/17/2019,12:00,293.733
6/17/2019,18:00,298.919
6/18/2019,0:00,298.677
6/18/2019,6:00,294.152
6/18/2019,12:00,292.378
6/18/2019,18:00,294.8
6/19/2019,0:00,288.768
6/19/2019,6:00,286.246
6/19/2019,12:00,285.182
6/19/2019,18:00,289.9
6/20/2019,0:00,289.715
6/20/2019,6:00,283.445
6/20/2019,12:00,282.633
6/20/2019,18:00,289.9
6/21/2019,0:00,289.881
6/21/2019,6:00,284.018
6/21/2019,12:00,284
6/21/2019,18:00,295.348
6/22/2019,0:00,295.304
6/22/2019,6:00,291.1
6/22/2019,12:00,291.34
6/22/2019,18:00,298.262
6/23/2019,0:00,298.329
6/23/2019,6:00,293.403
6/23/2019,12:00,291.159
6/23/2019,18:00,297.714
6/24/2019,0:00,297.674
6/24/2019,6:00,292.147
6/24/2019,12:00,290.505
6/24/2019,18:00,296.821
6/25/2019,0:00,297.1
6/25/2019,6:00,292.618
6/25/2019,12:00,293
6/25/2019,18:00,292.412
6/26/2019,0:00,284.3
6/26/2019,6:00,281.001
6/26/2019,12:00,279.169
6/26/2019,18:00,285.22
6/27/2019,0:00,285.2
6/27/2019,6:00,279.242
6/27/2019,12:00,279.046
6/27/2019,18:00,290.912
6/28/2019,0:00,290.905
6/28/2019,6:00,288.906
6/28/2019,12:00,290.8
6/28/2019,18:00,296.368
6/29/2019,0:00,293.7
6/29/2019,6:00,294.008
6/29/2019,12:00,293.181
6/29/2019,18:00,298.768
6/30/2019,0:00,295.881
6/30/2019,6:00,293.465
6/30/2019,12:00,290.354
6/30/2019,18:00,290.186
7/1/2019,0:00,289.4
7/1/2019,6:00,285.9
7/1/2019,12:00,284.413
7/1/2019,18:00,286.7
7/2/2019,0:00,286.414
7/2/2019,6:00,281.413
7/2/2019,12:00,281.502
7/2/2019,18:00,288.472
7/3/2019,0:00,287.137
7/3/2019,6:00,284.539
7/3/2019,12:00,280.633
7/3/2019,18:00,285
7/4/2019,0:00,284.881
7/4/2019,6:00,278.819
7/4/2019,12:00,277.998
7/4/2019,18:00,285.2
7/5/2019,0:00,285.075
7/5/2019,6:00,278.749
7/5/2019,12:00,276.383
7/5/2019,18:00,282.3
7/6/2019,0:00,282.124
7/6/2019,6:00,278.603
7/6/2019,12:00,275.8
7/6/2019,18:00,282.6
7/7/2019,0:00,282.713
7/7/2019,6:00,276.9
7/7/2019,12:00,276.794
7/7/2019,18:00,284.496
7/8/2019,0:00,284.7
7/8/2019,6:00,278.652
7/8/2019,12:00,278.891
7/8/2019,18:00,289.06
7/9/2019,0:00,288.867
7/9/2019,6:00,282.391
7/9/2019,12:00,282.1
7/9/2019,18:00,291.195
7/10/2019,0:00,291.1
7/10/2019,6:00,285.6
7/10/2019,12:00,286.542
7/10/2019,18:00,290.7
7/11/2019,0:00,291.455
7/11/2019,6:00,289.9
7/11/2019,12:00,290.4
7/11/2019,18:00,295.399
7/12/2019,0:00,296
7/12/2019,6:00,290.5
7/12/2019,12:00,290.801
7/12/2019,18:00,294.3
7/13/2019,0:00,293.823
7/13/2019,6:00,290.829
7/13/2019,12:00,290.216
7/13/2019,18:00,291.3
7/14/2019,0:00,290.885
7/14/2019,6:00,288.2
7/14/2019,12:00,286.228
7/14/2019,18:00,290.218
7/15/2019,0:00,290.017
7/15/2019,6:00,283.618
7/15/2019,12:00,282.105
7/15/2019,18:00,289.7
7/16/2019,0:00,289.639
7/16/2019,6:00,283.3
7/16/2019,12:00,281.6
7/16/2019,18:00,287.71
7/17/2019,0:00,287.349
7/17/2019,6:00,281.377
7/17/2019,12:00,280.912
7/17/2019,18:00,290.383
7/18/2019,0:00,290.434
7/18/2019,6:00,283.521
7/18/2019,12:00,283.534
7/18/2019,18:00,292.307
7/19/2019,0:00,292.269
7/19/2019,6:00,288.285
7/19/2019,12:00,287.548
7/19/2019,18:00,294
7/20/2019,0:00,293.603
7/20/2019,6:00,290.3
7/20/2019,12:00,288.603
7/20/2019,18:00,296.646
7/21/2019,0:00,296.501
7/21/2019,6:00,292.701
7/21/2019,12:00,292.505
7/21/2019,18:00,298.8
7/22/2019,0:00,298.7
7/22/2019,6:00,293.4
7/22/2019,12:00,294.205
7/22/2019,18:00,297.503
7/23/2019,0:00,296.221
7/23/2019,6:00,292.779
7/23/2019,12:00,291.385
7/23/2019,18:00,291.264
7/24/2019,0:00,292
7/24/2019,6:00,290.452
7/24/2019,12:00,287.676
7/24/2019,18:00,286.45
7/25/2019,0:00,286.913
7/25/2019,6:00,286.451
7/25/2019,12:00,288.004
7/25/2019,18:00,287.991
7/26/2019,0:00,287.134
7/26/2019,6:00,285.873
7/26/2019,12:00,284.2
7/26/2019,18:00,285.636
7/27/2019,0:00,284.683
7/27/2019,6:00,283.639
7/27/2019,12:00,283.785
7/27/2019,18:00,288.367
7/28/2019,0:00,288.37
7/28/2019,6:00,285.605
7/28/2019,12:00,284
7/28/2019,18:00,287.4
7/29/2019,0:00,287.6
7/29/2019,6:00,284.195
7/29/2019,12:00,285.051
7/29/2019,18:00,288.9
7/30/2019,0:00,287.5
7/30/2019,6:00,287
7/30/2019,12:00,285.517
7/30/2019,18:00,291.469
7/31/2019,0:00,291.341
7/31/2019,6:00,285.801
7/31/2019,12:00,286
7/31/2019,18:00,295
8/1/2019,0:00,294.9
8/1/2019,6:00,290.9
8/1/2019,12:00,290.708
8/1/2019,18:00,293.2
8/2/2019,0:00,289.5
8/2/2019,6:00,284.442
8/2/2019,12:00,282.214
8/2/2019,18:00,286.536
8/3/2019,0:00,286.2
8/3/2019,6:00,280.231
8/3/2019,12:00,280.295
8/3/2019,18:00,286.7
8/4/2019,0:00,286.7
8/4/2019,6:00,280.4
8/4/2019,12:00,280.04
8/4/2019,18:00,287.3
8/5/2019,0:00,287.4
8/5/2019,6:00,280.8
8/5/2019,12:00,280.432
8/5/2019,18:00,290.759
8/6/2019,0:00,290.728
8/6/2019,6:00,284.547
8/6/2019,12:00,286.8
8/6/2019,18:00,294.932
8/7/2019,0:00,294.77
8/7/2019,6:00,289.87
8/7/2019,12:00,290.3
8/7/2019,18:00,298.205
8/8/2019,0:00,298.064
8/8/2019,6:00,292.643
8/8/2019,12:00,293.216
8/8/2019,18:00,297.1
8/9/2019,0:00,294.292
8/9/2019,6:00,292.1
8/9/2019,12:00,291.605
8/9/2019,18:00,292.607
8/10/2019,0:00,291.741
8/10/2019,6:00,286.108
8/10/2019,12:00,284.263
8/10/2019,18:00,285.502
8/11/2019,0:00,286.405
8/11/2019,6:00,285.059
8/11/2019,12:00,283.624
8/11/2019,18:00,291.628
8/12/2019,0:00,290.658
8/12/2019,6:00,287.631
8/12/2019,12:00,287.785
8/12/2019,18:00,290.055
8/13/2019,0:00,288.367
8/13/2019,6:00,285.006
8/13/2019,12:00,280.315
8/13/2019,18:00,284.786
8/14/2019,0:00,284.436
8/14/2019,6:00,278.1
8/14/2019,12:00,277.5
8/14/2019,18:00,284.914
8/15/2019,0:00,285.017
8/15/2019,6:00,280.4
8/15/2019,12:00,281.4
8/15/2019,18:00,291.2
8/16/2019,0:00,291.501
8/16/2019,6:00,285.8
8/16/2019,12:00,287.135
8/16/2019,18:00,297.702
8/17/2019,0:00,298.024
8/17/2019,6:00,292.377
8/17/2019,12:00,291.661
8/17/2019,18:00,299
8/18/2019,0:00,298.8
8/18/2019,6:00,292.595
8/18/2019,12:00,286.195
8/18/2019,18:00,289.726
8/19/2019,0:00,289.612
8/19/2019,6:00,283.539
8/19/2019,12:00,279.719
8/19/2019,18:00,285.612
8/20/2019,0:00,285.432
8/20/2019,6:00,280.1
8/20/2019,12:00,280.4
8/20/2019,18:00,287.982
8/21/2019,0:00,287.9
8/21/2019,6:00,281.413
8/21/2019,12:00,280.448
8/21/2019,18:00,288.4
8/22/2019,0:00,288.4
8/22/2019,6:00,282.8
8/22/2019,12:00,282.425
8/22/2019,18:00,290.443
8/23/2019,0:00,290.5
8/23/2019,6:00,283.533
8/23/2019,12:00,283.681
8/23/2019,18:00,290.746
8/24/2019,0:00,290.546
8/24/2019,6:00,284.1
8/24/2019,12:00,283.381
8/24/2019,18:00,290.7
8/25/2019,0:00,290.9
8/25/2019,6:00,286.5
8/25/2019,12:00,286.539
8/25/2019,18:00,296.5
8/26/2019,0:00,296.9
8/26/2019,6:00,289.919
8/26/2019,12:00,288.424
8/26/2019,18:00,294.3
8/27/2019,0:00,294.279
8/27/2019,6:00,289.131
8/27/2019,12:00,289.648
8/27/2019,18:00,296.921
8/28/2019,0:00,296.706
8/28/2019,6:00,289.821
8/28/2019,12:00,290.9
8/28/2019,18:00,299.8
8/29/2019,0:00,299.5
8/29/2019,6:00,292.306
8/29/2019,12:00,293.126
8/29/2019,18:00,301.2
8/30/2019,0:00,301.055
8/30/2019,6:00,294.456
8/30/2019,12:00,294
8/30/2019,18:00,298.2
8/31/2019,0:00,296.4
8/31/2019,6:00,289.934
8/31/2019,12:00,288.563
8/31/2019,18:00,291.525
9/1/2019,0:00,291.5
9/1/2019,6:00,284.6
9/1/2019,12:00,284.5
9/1/2019,18:00,290.617
9/2/2019,0:00,290.6
9/2/2019,6:00,283.607
9/2/2019,12:00,283.8
9/2/2019,18:00,291.021
9/3/2019,0:00,291.093
9/3/2019,6:00,284.7
9/3/2019,12:00,283.219
9/3/2019,18:00,287.833
9/4/2019,0:00,288.196
9/4/2019,6:00,281.488
9/4/2019,12:00,280.757
9/4/2019,18:00,287.096
9/5/2019,0:00,286.944
9/5/2019,6:00,280.9
9/5/2019,12:00,280.712
9/5/2019,18:00,287.555
9/6/2019,0:00,287.569
9/6/2019,6:00,282.7
9/6/2019,12:00,283.5
9/6/2019,18:00,289.7
9/7/2019,0:00,289.806
9/7/2019,6:00,289.4
9/7/2019,12:00,291.743
9/7/2019,18:00,298.5
9/8/2019,0:00,298.226
9/8/2019,6:00,293.6
9/8/2019,12:00,293.4
9/8/2019,18:00,298.032
9/9/2019,0:00,296.87
9/9/2019,6:00,293.701
9/9/2019,12:00,295.539
9/9/2019,18:00,302.7
9/10/2019,0:00,292.825
9/10/2019,6:00,288.7
9/10/2019,12:00,287.449
9/10/2019,18:00,290.4
9/11/2019,0:00,289.8
9/11/2019,6:00,287.7
9/11/2019,12:00,286.8
9/11/2019,18:00,290.845
9/12/2019,0:00,290.201
9/12/2019,6:00,288.4
9/12/2019,12:00,288.8
9/12/2019,18:00,289.926
9/13/2019,0:00,290.661
9/13/2019,6:00,285.248
9/13/2019,12:00,286.161
9/13/2019,18:00,292.7
9/14/2019,0:00,292.833
9/14/2019,6:00,286.914
9/14/2019,12:00,287.3
9/14/2019,18:00,295.559
9/15/2019,0:00,296
9/15/2019,6:00,290.4
9/15/2019,12:00,294.201
9/15/2019,18:00,303.5
9/16/2019,0:00,303.369
9/16/2019,6:00,297.3
9/16/2019,12:00,295.681
9/16/2019,18:00,297.7
9/17/2019,0:00,297.939
9/17/2019,6:00,287.6
9/17/2019,12:00,286.707
9/17/2019,18:00,289.929
9/18/2019,0:00,289.317
9/18/2019,6:00,286.731
9/18/2019,12:00,287.201
9/18/2019,18:00,293.965
9/19/2019,0:00,293.9
9/19/2019,6:00,286.8
9/19/2019,12:00,288.5
9/19/2019,18:00,296.3
9/20/2019,0:00,296.5
9/20/2019,6:00,289.326
9/20/2019,12:00,285.9
9/20/2019,18:00,290.021
9/21/2019,0:00,289.915
9/21/2019,6:00,283.219
9/21/2019,12:00,284.413
9/21/2019,18:00,292
9/22/2019,0:00,292.173
9/22/2019,6:00,284.7
9/22/2019,12:00,287.091
9/22/2019,18:00,293.776
9/23/2019,0:00,293.6
9/23/2019,6:00,284.9
9/23/2019,12:00,283.567
9/23/2019,18:00,292.4
9/24/2019,0:00,292.615
9/24/2019,6:00,285.5
9/24/2019,12:00,286.72
9/24/2019,18:00,296.7
9/25/2019,0:00,296.86
9/25/2019,6:00,288.055
9/25/2019,12:00,289.4
9/25/2019,18:00,297.2
9/26/2019,0:00,297.1
9/26/2019,6:00,288.807
9/26/2019,12:00,290.208
9/26/2019,18:00,298.1
9/27/2019,0:00,298.068
9/27/2019,6:00,290.208
9/27/2019,12:00,289
9/27/2019,18:00,294.4
9/28/2019,0:00,294.36
9/28/2019,6:00,288
9/28/2019,12:00,287.8
9/28/2019,18:00,297.7
9/29/2019,0:00,297.818
9/29/2019,6:00,290.1
9/29/2019,12:00,290.722
9/29/2019,18:00,300.588
9/30/2019,0:00,300.8
9/30/2019,6:00,291.1
9/30/2019,12:00,295.4
9/30/2019,18:00,304.1
10/1/2019,0:00,304.633
10/1/2019,6:00,297.357
10/1/2019,12:00,298.2
10/1/2019,18:00,306.704
10/2/2019,0:00,306.8
10/2/2019,6:00,301.285
10/2/2019,12:00,294.741
10/2/2019,18:00,295.201
10/3/2019,0:00,294
10/3/2019,6:00,291.368
10/3/2019,12:00,290.217
10/3/2019,18:00,292
10/4/2019,0:00,289.694
10/4/2019,6:00,289.326
10/4/2019,12:00,291.098
10/4/2019,18:00,295.604
10/5/2019,0:00,294.933
10/5/2019,6:00,291.224
10/5/2019,12:00,289.918
10/5/2019,18:00,290.7
10/6/2019,0:00,290.692
10/6/2019,6:00,288.727
10/6/2019,12:00,287.793
10/6/2019,18:00,293.014
10/7/2019,0:00,293.228
10/7/2019,6:00,286.842
10/7/2019,12:00,289.749
10/7/2019,18:00,297
10/8/2019,0:00,296.906
10/8/2019,6:00,289.354
10/8/2019,12:00,291.9
10/8/2019,18:00,298.5
10/9/2019,0:00,298.543
10/9/2019,6:00,291.922
10/9/2019,12:00,293.489
10/9/2019,18:00,299.442
10/10/2019,0:00,299.41
10/10/2019,6:00,292.23
10/10/2019,12:00,294.711
10/10/2019,18:00,303.058
10/11/2019,0:00,302.922
10/11/2019,6:00,295.89
10/11/2019,12:00,297.471
10/11/2019,18:00,304.632
10/12/2019,0:00,304.788
10/12/2019,6:00,298.3
10/12/2019,12:00,299.463
10/12/2019,18:00,306.733
10/13/2019,0:00,307
10/13/2019,6:00,300.7
10/13/2019,12:00,298.928
10/13/2019,18:00,302.669
10/14/2019,0:00,301.993
10/14/2019,6:00,292.995
10/14/2019,12:00,289.113
10/14/2019,18:00,286.839
10/15/2019,0:00,285.734
10/15/2019,6:00,285.5
10/15/2019,12:00,286.473
10/15/2019,18:00,288.3
10/16/2019,0:00,288.766
10/16/2019,6:00,288.1
10/16/2019,12:00,288.727
10/16/2019,18:00,292.5
10/17/2019,0:00,292.754
10/17/2019,6:00,290.592
10/17/2019,12:00,292.076
10/17/2019,18:00,295.255
10/18/2019,0:00,294.322
10/18/2019,6:00,290.875
10/18/2019,12:00,292.87
10/18/2019,18:00,294.92
10/19/2019,0:00,295.675
10/19/2019,6:00,289.858
10/19/2019,12:00,289.728
10/19/2019,18:00,294.241
10/20/2019,0:00,294.219
10/20/2019,6:00,289.314
10/20/2019,12:00,287.44
10/20/2019,18:00,293.279
10/21/2019,0:00,291.765
10/21/2019,6:00,288.468
10/21/2019,12:00,288.91
10/21/2019,18:00,292.83
10/22/2019,0:00,292.555
10/22/2019,6:00,287.793
10/22/2019,12:00,288.772
10/22/2019,18:00,294.955
10/23/2019,0:00,294.93
10/23/2019,6:00,288.024
10/23/2019,12:00,291.384
10/23/2019,18:00,297.061
10/24/2019,0:00,297.22
10/24/2019,6:00,289.774
10/24/2019,12:00,292.822
10/24/2019,18:00,298.378
10/25/2019,0:00,297.948
10/25/2019,6:00,290.214
10/25/2019,12:00,291.049
10/25/2019,18:00,297.56
10/26/2019,0:00,297.259
10/26/2019,6:00,289.711
10/26/2019,12:00,292.405
10/26/2019,18:00,302.154
10/27/2019,0:00,302.433
10/27/2019,6:00,295.126
10/27/2019,12:00,294.086
10/27/2019,18:00,297.704
10/28/2019,0:00,295.853
10/28/2019,6:00,293.101
10/28/2019,12:00,297.256
10/28/2019,18:00,306.643
10/29/2019,0:00,306.975
10/29/2019,6:00,300.915
10/29/2019,12:00,301
10/29/2019,18:00,305.11
10/30/2019,0:00,304.545
10/30/2019,6:00,294.737
10/30/2019,12:00,298.21
10/30/2019,18:00,307.8
10/31/2019,0:00,307.697
10/31/2019,6:00,297.816
10/31/2019,12:00,292.87
10/31/2019,18:00,297.484
11/1/2019,0:00,296.831
11/1/2019,6:00,293.848
11/1/2019,12:00,294.456
11/1/2019,18:00,304.469
11/2/2019,0:00,304.549
11/2/2019,6:00,296.89
11/2/2019,12:00,299.699
11/2/2019,18:00,306.195
11/3/2019,0:00,304.82
11/3/2019,6:00,293.903
11/3/2019,12:00,293.194
11/3/2019,18:00,295.975
11/4/2019,0:00,297.09
11/4/2019,6:00,293.434
11/4/2019,12:00,294.523
11/4/2019,18:00,302.261
11/5/2019,0:00,297.317
11/5/2019,6:00,293.355
11/5/2019,12:00,292.386
11/5/2019,18:00,297.483
11/6/2019,0:00,297.287
11/6/2019,6:00,291.664
11/6/2019,12:00,292.306
11/6/2019,18:00,297.772
11/7/2019,0:00,297.754
11/7/2019,6:00,291.29
11/7/2019,12:00,292.47
11/7/2019,18:00,300.093
11/8/2019,0:00,300.072
11/8/2019,6:00,292.24
11/8/2019,12:00,296.262
11/8/2019,18:00,301.434
11/9/2019,0:00,301.049
11/9/2019,6:00,294.097
11/9/2019,12:00,295.5
11/9/2019,18:00,301.96
11/10/2019,0:00,300.533
11/10/2019,6:00,295.096
11/10/2019,12:00,295.32
11/10/2019,18:00,300.276
11/11/2019,0:00,300.317
11/11/2019,6:00,294.17
11/11/2019,12:00,292.64
11/11/2019,18:00,298.792
11/12/2019,0:00,298.884
11/12/2019,6:00,293.814
11/12/2019,12:00,294.452
11/12/2019,18:00,301.883
11/13/2019,0:00,302.734
11/13/2019,6:00,297.397
11/13/2019,12:00,298.195
11/13/2019,18:00,299.26
11/14/2019,0:00,295.718
11/14/2019,6:00,291.824
11/14/2019,12:00,296.845
11/14/2019,18:00,302.511
11/15/2019,0:00,302.125
11/15/2019,6:00,293.928
11/15/2019,12:00,291.955
11/15/2019,18:00,298.25
11/16/2019,0:00,298.13
11/16/2019,6:00,290.064
11/16/2019,12:00,293.241
11/16/2019,18:00,299.934
11/17/2019,0:00,299.975
11/17/2019,6:00,292.091
11/17/2019,12:00,295.13
11/17/2019,18:00,300.771
11/18/2019,0:00,300.681
11/18/2019,6:00,292.374
11/18/2019,12:00,295.56
11/18/2019,18:00,302.802
11/19/2019,0:00,302.872
11/19/2019,6:00,295.633
11/19/2019,12:00,297.68
11/19/2019,18:00,304.7
11/20/2019,0:00,304.685
11/20/2019,6:00,295.906
11/20/2019,12:00,299.803
11/20/2019,18:00,306.618
11/21/2019,0:00,306.771
11/21/2019,6:00,299.245
11/21/2019,12:00,301.133
11/21/2019,18:00,307.45
11/22/2019,0:00,307.268
11/22/2019,6:00,299.012
11/22/2019,12:00,296.811
11/22/2019,18:00,301.181
11/23/2019,0:00,299.934
11/23/2019,6:00,293.802
11/23/2019,12:00,293.97
11/23/2019,18:00,298.27
11/24/2019,0:00,298.308
11/24/2019,6:00,291.589
11/24/2019,12:00,290.988
11/24/2019,18:00,297.647
11/25/2019,0:00,297.626
11/25/2019,6:00,292.177
11/25/2019,12:00,294.1
11/25/2019,18:00,305.061
11/26/2019,0:00,304.767
11/26/2019,6:00,297.301
11/26/2019,12:00,292.045
11/26/2019,18:00,293.897
11/27/2019,0:00,295.161
11/27/2019,6:00,292.881
11/27/2019,12:00,295.011
11/27/2019,18:00,298.614
11/28/2019,0:00,298.542
11/28/2019,6:00,291.103
11/28/2019,12:00,294.132
11/28/2019,18:00,299.162
11/29/2019,0:00,298.842
11/29/2019,6:00,290.978
11/29/2019,12:00,294.309
11/29/2019,18:00,303.985
11/30/2019,0:00,304.071
11/30/2019,6:00,297.626
11/30/2019,12:00,299.404
11/30/2019,18:00,305.038
12/1/2019,0:00,305.87
12/1/2019,6:00,297.337
12/1/2019,12:00,294.766
12/1/2019,18:00,300.291
12/2/2019,0:00,298.757
12/2/2019,6:00,291.008
12/2/2019,12:00,291.354
12/2/2019,18:00,296.717
12/3/2019,0:00,296.665
12/3/2019,6:00,290.176
12/3/2019,12:00,292.888
12/3/2019,18:00,300.945
12/4/2019,0:00,300.953
12/4/2019,6:00,293.616
12/4/2019,12:00,295.098
12/4/2019,18:00,303.06
12/5/2019,0:00,302.952
12/5/2019,6:00,295.149
12/5/2019,12:00,294.556
12/5/2019,18:00,299.031
12/6/2019,0:00,298.336
12/6/2019,6:00,290.03
12/6/2019,12:00,293.589
12/6/2019,18:00,301.654
12/7/2019,0:00,301.564
12/7/2019,6:00,293.024
12/7/2019,12:00,296.267
12/7/2019,18:00,303.144
12/8/2019,0:00,303.231
12/8/2019,6:00,294.565
12/8/2019,12:00,295.844
12/8/2019,18:00,303.84
12/9/2019,0:00,303.484
12/9/2019,6:00,296.946
12/9/2019,12:00,298.95
12/9/2019,18:00,305.327
12/10/2019,0:00,305.415
12/10/2019,6:00,297.124
12/10/2019,12:00,299.358
12/10/2019,18:00,306.489
12/11/2019,0:00,306.552
12/11/2019,6:00,297.936
12/11/2019,12:00,300.449
12/11/2019,18:00,307.125
12/12/2019,0:00,307.353
12/12/2019,6:00,299.37
12/12/2019,12:00,301.524
12/12/2019,18:00,305.734
12/13/2019,0:00,303.329
12/13/2019,6:00,295.728
12/13/2019,12:00,294.264
12/13/2019,18:00,301.456
12/14/2019,0:00,301.213
12/14/2019,6:00,293.306
12/14/2019,12:00,290.696
12/14/2019,18:00,300.605
12/15/2019,0:00,303.718
12/15/2019,6:00,297.326
12/15/2019,12:00,301.292
12/15/2019,18:00,303.654
12/16/2019,0:00,300.038
12/16/2019,6:00,293.083
12/16/2019,12:00,294.584
12/16/2019,18:00,302.236
12/17/2019,0:00,302.152
12/17/2019,6:00,293.737
12/17/2019,12:00,296.283
12/17/2019,18:00,302.714
12/18/2019,0:00,302.542
12/18/2019,6:00,294.662
12/18/2019,12:00,295.668
12/18/2019,18:00,303.264
12/19/2019,0:00,303.264
12/19/2019,6:00,295.588
12/19/2019,12:00,299.389
12/19/2019,18:00,307.084
12/20/2019,0:00,306.293
12/20/2019,6:00,298.738
12/20/2019,12:00,301.553
12/20/2019,18:00,307.994
12/21/2019,0:00,308.526
12/21/2019,6:00,301.224
12/21/2019,12:00,295.72
12/21/2019,18:00,302.415
12/22/2019,0:00,301.219
12/22/2019,6:00,291.727
12/22/2019,12:00,293.348
12/22/2019,18:00,300.606
12/23/2019,0:00,300.385
12/23/2019,6:00,291.375
12/23/2019,12:00,294.714
12/23/2019,18:00,302.531
12/24/2019,0:00,303.184
12/24/2019,6:00,293.846
12/24/2019,12:00,296.985
12/24/2019,18:00,306.078
12/25/2019,0:00,306.146
12/25/2019,6:00,297.128
12/25/2019,12:00,300.188
12/25/2019,18:00,309.492
12/26/2019,0:00,309.622
12/26/2019,6:00,301.633
12/26/2019,12:00,303.285
12/26/2019,18:00,311.065
12/27/2019,0:00,310.772
12/27/2019,6:00,296.008
12/27/2019,12:00,303.236
12/27/2019,18:00,312.127
12/28/2019,0:00,311.579
12/28/2019,6:00,302.523
12/28/2019,12:00,304.938
12/28/2019,18:00,311.839
12/29/2019,0:00,311.343
12/29/2019,6:00,303.188
12/29/2019,12:00,304.596
12/29/2019,18:00,313.12
12/30/2019,0:00,309.828
12/30/2019,6:00,301.242
12/30/2019,12:00,304.452
12/30/2019,18:00,312.597
12/31/2019,0:00,313.404
12/31/2019,6:00,303.888
12/31/2019,12:00,305.157
12/31/2019,18:00,311.468
1/1/2020,0:00,310.923
1/1/2020,6:00,301.168
1/1/2020,12:00,299.595
1/1/2020,18:00,303.026
1/2/2020,0:00,301.961
1/2/2020,6:00,297.6
1/2/2020,12:00,297.4
1/2/2020,18:00,305.765
1/3/2020,0:00,305.029
1/3/2020,6:00,297.899
1/3/2020,12:00,296.583
1/3/2020,18:00,305.432
1/4/2020,0:00,305.536
1/4/2020,6:00,297.15
1/4/2020,12:00,296.85
1/4/2020,18:00,305.36
1/5/2020,0:00,306.582
1/5/2020,6:00,297.976
1/5/2020,12:00,299.595
1/5/2020,18:00,308.721
1/6/2020,0:00,309.043
1/6/2020,6:00,300.156
1/6/2020,12:00,304.108
1/6/2020,18:00,310.76
1/7/2020,0:00,310.259
1/7/2020,6:00,296.605
1/7/2020,12:00,299.312
1/7/2020,18:00,307.723
1/8/2020,0:00,307.556
1/8/2020,6:00,296.688
1/8/2020,12:00,299.052
1/8/2020,18:00,309.732
1/9/2020,0:00,309.834
1/9/2020,6:00,299.072
1/9/2020,12:00,304.913
1/9/2020,18:00,312.323
1/10/2020,0:00,310.244
1/10/2020,6:00,300.454
1/10/2020,12:00,301.229
1/10/2020,18:00,310.241
1/11/2020,0:00,308.956
1/11/2020,6:00,297.505
1/11/2020,12:00,301.537
1/11/2020,18:00,310.059
1/12/2020,0:00,311.028
1/12/2020,6:00,302.314
1/12/2020,12:00,302.544
1/12/2020,18:00,310.702
1/13/2020,0:00,310.208
1/13/2020,6:00,302.219
1/13/2020,12:00,300.879
1/13/2020,18:00,311.911
1/14/2020,0:00,311.306
1/14/2020,6:00,304.106
1/14/2020,12:00,300.386
1/14/2020,18:00,310.407
1/15/2020,0:00,308.627
1/15/2020,6:00,299.139
1/15/2020,12:00,303.651
1/15/2020,18:00,310.791
1/16/2020,0:00,311.42
1/16/2020,6:00,295.901
1/16/2020,12:00,295.829
1/16/2020,18:00,301.096
1/17/2020,0:00,301.801
1/17/2020,6:00,294.284
1/17/2020,12:00,294.047
1/17/2020,18:00,301.834
1/18/2020,0:00,301.778
1/18/2020,6:00,294.454
1/18/2020,12:00,295.099
1/18/2020,18:00,306.053
1/19/2020,0:00,307.356
1/19/2020,6:00,299.667
1/19/2020,12:00,297.268
1/19/2020,18:00,308.743
1/20/2020,0:00,309.334
1/20/2020,6:00,301.874
1/20/2020,12:00,300.215
1/20/2020,18:00,306.814
1/21/2020,0:00,306.867
1/21/2020,6:00,299.689
1/21/2020,12:00,299.452
1/21/2020,18:00,303.956
1/22/2020,0:00,299.716
1/22/2020,6:00,295.146
1/22/2020,12:00,294.794
1/22/2020,18:00,296.901
1/23/2020,0:00,299.037
1/23/2020,6:00,292.409
1/23/2020,12:00,295.268
1/23/2020,18:00,303.6
1/24/2020,0:00,303.642
1/24/2020,6:00,297.062
1/24/2020,12:00,295.361
1/24/2020,18:00,304.066
1/25/2020,0:00,304.101
1/25/2020,6:00,296.717
1/25/2020,12:00,298.187
1/25/2020,18:00,305.723
1/26/2020,0:00,306.172
1/26/2020,6:00,298.012
1/26/2020,12:00,299.148
1/26/2020,18:00,309.123
1/27/2020,0:00,309.238
1/27/2020,6:00,300.086
1/27/2020,12:00,301.765
1/27/2020,18:00,310.033
1/28/2020,0:00,309.081
1/28/2020,6:00,300.384
1/28/2020,12:00,297.181
1/28/2020,18:00,306.666
1/29/2020,0:00,306.399
1/29/2020,6:00,300.364
1/29/2020,12:00,299.756
1/29/2020,18:00,308.696
1/30/2020,0:00,307.998
1/30/2020,6:00,299.228
1/30/2020,12:00,296.189
1/30/2020,18:00,302.993
1/31/2020,0:00,303.452
1/31/2020,6:00,296.332
1/31/2020,12:00,296.194
1/31/2020,18:00,305.319
2/1/2020,0:00,304.245
2/1/2020,6:00,296.697
2/1/2020,12:00,299.043
2/1/2020,18:00,306.904
2/2/2020,0:00,306.863
2/2/2020,6:00,298.895
2/2/2020,12:00,300.152
2/2/2020,18:00,309.18
2/3/2020,0:00,309.387
2/3/2020,6:00,300.688
2/3/2020,12:00,299.4
2/3/2020,18:00,308.896
2/4/2020,0:00,309.271
2/4/2020,6:00,301.449
2/4/2020,12:00,300.38
2/4/2020,18:00,310.317
2/5/2020,0:00,309.861
2/5/2020,6:00,303.625
2/5/2020,12:00,301.913
2/5/2020,18:00,309.46
2/6/2020,0:00,308.698
2/6/2020,6:00,302.762
2/6/2020,12:00,301.93
2/6/2020,18:00,311.196
2/7/2020,0:00,311.262
2/7/2020,6:00,303.05
2/7/2020,12:00,302.138
2/7/2020,18:00,312.745
2/8/2020,0:00,312.902
2/8/2020,6:00,303.818
2/8/2020,12:00,302.932
2/8/2020,18:00,312.041
2/9/2020,0:00,311.22
2/9/2020,6:00,300.405
2/9/2020,12:00,296.617
2/9/2020,18:00,307.536
2/10/2020,0:00,307.281
2/10/2020,6:00,299.102
2/10/2020,12:00,294.95
2/10/2020,18:00,305.258
2/11/2020,0:00,305.65
2/11/2020,6:00,296.471
2/11/2020,12:00,296.052
2/11/2020,18:00,306.072
2/12/2020,0:00,306.275
2/12/2020,6:00,296.681
2/12/2020,12:00,296.19
2/12/2020,18:00,307.274
2/13/2020,0:00,307.759
2/13/2020,6:00,299.815
2/13/2020,12:00,299.361
2/13/2020,18:00,310.494
2/14/2020,0:00,308.973
2/14/2020,6:00,301.183
2/14/2020,12:00,301.751
2/14/2020,18:00,307.531
2/15/2020,0:00,296.039
2/15/2020,6:00,295.314
2/15/2020,12:00,298.693
2/15/2020,18:00,306.212
2/16/2020,0:00,308.514
2/16/2020,6:00,300.378
2/16/2020,12:00,301.004
2/16/2020,18:00,310.064
2/17/2020,0:00,308.72
2/17/2020,6:00,299.025
2/17/2020,12:00,299.931
2/17/2020,18:00,303.231
2/18/2020,0:00,307.168
2/18/2020,6:00,300.466
2/18/2020,12:00,298.815
2/18/2020,18:00,301.427
2/19/2020,0:00,302.4
2/19/2020,6:00,295.366
2/19/2020,12:00,294.331
2/19/2020,18:00,302.06
2/20/2020,0:00,302.44
2/20/2020,6:00,295.407
2/20/2020,12:00,297.561
2/20/2020,18:00,304.289
2/21/2020,0:00,303.049
2/21/2020,6:00,292.903
2/21/2020,12:00,291.268
2/21/2020,18:00,297.51
2/22/2020,0:00,297.346
2/22/2020,6:00,290.16
2/22/2020,12:00,288.779
2/22/2020,18:00,297.852
2/23/2020,0:00,298.281
2/23/2020,6:00,289.996
2/23/2020,12:00,292.143
2/23/2020,18:00,302.175
2/24/2020,0:00,302.162
2/24/2020,6:00,293.685
2/24/2020,12:00,295.371
2/24/2020,18:00,306.162
2/25/2020,0:00,305.989
2/25/2020,6:00,297.441
2/25/2020,12:00,299.533
2/25/2020,18:00,307.4
2/26/2020,0:00,307.133
2/26/2020,6:00,296.5
2/26/2020,12:00,293.772
2/26/2020,18:00,302.824
2/27/2020,0:00,302.642
2/27/2020,6:00,293.56
2/27/2020,12:00,294.431
2/27/2020,18:00,303.343
2/28/2020,0:00,303.377
2/28/2020,6:00,294.982
2/28/2020,12:00,296.36
2/28/2020,18:00,305.422
2/29/2020,0:00,305.248
2/29/2020,6:00,296.766
2/29/2020,12:00,297.529
2/29/2020,18:00,307.338
3/1/2020,0:00,307.063
3/1/2020,6:00,298.116
3/1/2020,12:00,297.655
3/1/2020,18:00,307.95
3/2/2020,0:00,307.923
3/2/2020,6:00,297.457
3/2/2020,12:00,295.662
3/2/2020,18:00,307.023
3/3/2020,0:00,307.137
3/3/2020,6:00,297.996
3/3/2020,12:00,296.502
3/3/2020,18:00,307.033
3/4/2020,0:00,307.364
3/4/2020,6:00,298.38
3/4/2020,12:00,297.256
3/4/2020,18:00,307.306
3/5/2020,0:00,307.486
3/5/2020,6:00,297.581
3/5/2020,12:00,294.567
3/5/2020,18:00,305.981
3/6/2020,0:00,306.045
3/6/2020,6:00,296.271
3/6/2020,12:00,294.971
3/6/2020,18:00,307.001
3/7/2020,0:00,306.924
3/7/2020,6:00,299.591
3/7/2020,12:00,295.652
3/7/2020,18:00,308.703
3/8/2020,0:00,308.833
3/8/2020,6:00,299.307
3/8/2020,12:00,299.6
3/8/2020,18:00,309.9
3/9/2020,0:00,310
3/9/2020,6:00,300.85
3/9/2020,12:00,301.3
3/9/2020,18:00,312.2
3/10/2020,0:00,311.813
3/10/2020,6:00,301.7
3/10/2020,12:00,301.436
3/10/2020,18:00,311.388
3/11/2020,0:00,311.495
3/11/2020,6:00,303.453
3/11/2020,12:00,298.5
3/11/2020,18:00,311.5
3/12/2020,0:00,311.761
3/12/2020,6:00,302.641
3/12/2020,12:00,302.312
3/12/2020,18:00,312.1
3/13/2020,0:00,312.212
3/13/2020,6:00,302.8
3/13/2020,12:00,303.117
3/13/2020,18:00,313.6
3/14/2020,0:00,312.8
3/14/2020,6:00,302.912
3/14/2020,12:00,304.412
3/14/2020,18:00,313.512
3/15/2020,0:00,312.412
3/15/2020,6:00,301.012
3/15/2020,12:00,300.403
3/15/2020,18:00,304.8
3/16/2020,0:00,299.8
3/16/2020,6:00,297.261
3/16/2020,12:00,294.6
3/16/2020,18:00,304.528
3/17/2020,0:00,304.133
3/17/2020,6:00,297.533
3/17/2020,12:00,295.3
3/17/2020,18:00,306.2
3/18/2020,0:00,306.7
3/18/2020,6:00,299.699
3/18/2020,12:00,296
3/18/2020,18:00,304.377
3/19/2020,0:00,302.8
3/19/2020,6:00,297.1
3/19/2020,12:00,295.8
3/19/2020,18:00,303.2
3/20/2020,0:00,302.7
3/20/2020,6:00,293.732
3/20/2020,12:00,293.2
3/20/2020,18:00,302
3/21/2020,0:00,301.8
3/21/2020,6:00,293.051
3/21/2020,12:00,294.2
3/21/2020,18:00,303.406
3/22/2020,0:00,303.695
3/22/2020,6:00,295.4
3/22/2020,12:00,295.219
3/22/2020,18:00,306.033
3/23/2020,0:00,306.133
3/23/2020,6:00,296
3/23/2020,12:00,295.1
3/23/2020,18:00,307.4
3/24/2020,0:00,307.3
3/24/2020,6:00,296.765
3/24/2020,12:00,298.2
3/24/2020,18:00,307.8
3/25/2020,0:00,307.9
3/25/2020,6:00,299.4
3/25/2020,12:00,297.827
3/25/2020,18:00,306.9
3/26/2020,0:00,307.3
3/26/2020,6:00,299.7
3/26/2020,12:00,298.2
3/26/2020,18:00,306.6
3/27/2020,0:00,307.334
3/27/2020,6:00,298.402
3/27/2020,12:00,296.6
3/27/2020,18:00,307.711
3/28/2020,0:00,307.744
3/28/2020,6:00,300.611
3/28/2020,12:00,298.538
3/28/2020,18:00,306.349
3/29/2020,0:00,306
3/29/2020,6:00,294.217
3/29/2020,12:00,295.528
3/29/2020,18:00,303.911
3/30/2020,0:00,303.505
3/30/2020,6:00,297.978
3/30/2020,12:00,298.217
3/30/2020,18:00,306.9
3/31/2020,0:00,306
3/31/2020,6:00,298.027
3/31/2020,12:00,297.6
3/31/2020,18:00,306.928
4/1/2020,0:00,306.556
4/1/2020,6:00,299.301
4/1/2020,12:00,296.567
4/1/2020,18:00,305.31
4/2/2020,0:00,306.905
4/2/2020,6:00,299.7
4/2/2020,12:00,295
4/2/2020,18:00,299.3
4/3/2020,0:00,297.986
4/3/2020,6:00,290.5
4/3/2020,12:00,288.6
4/3/2020,18:00,295.987
4/4/2020,0:00,296.503
4/4/2020,6:00,289.601
4/4/2020,12:00,290.303
4/4/2020,18:00,298.604
4/5/2020,0:00,298.514
4/5/2020,6:00,291.5
4/5/2020,12:00,292.215
4/5/2020,18:00,301.901
4/6/2020,0:00,302.136
4/6/2020,6:00,296.639
4/6/2020,12:00,292.724
4/6/2020,18:00,301.851
4/7/2020,0:00,301.808
4/7/2020,6:00,291.7
4/7/2020,12:00,286.494
4/7/2020,18:00,294.758
4/8/2020,0:00,294.7
4/8/2020,6:00,286.045
4/8/2020,12:00,285
4/8/2020,18:00,294
4/9/2020,0:00,294.315
4/9/2020,6:00,286.715
4/9/2020,12:00,286.1
4/9/2020,18:00,295.1
4/10/2020,0:00,295.501
4/10/2020,6:00,288.101
4/10/2020,12:00,287.587
4/10/2020,18:00,296.117
4/11/2020,0:00,296.1
4/11/2020,6:00,288.38
4/11/2020,12:00,289.3
4/11/2020,18:00,297.348
4/12/2020,0:00,297.2
4/12/2020,6:00,290.1
4/12/2020,12:00,289.4
4/12/2020,18:00,298.755
4/13/2020,0:00,298.846
4/13/2020,6:00,290.24
4/13/2020,12:00,290.3
4/13/2020,18:00,299.907
4/14/2020,0:00,297.958
4/14/2020,6:00,288.536
4/14/2020,12:00,287.005
4/14/2020,18:00,294.078
4/15/2020,0:00,293.599
4/15/2020,6:00,285.354
4/15/2020,12:00,286.455
4/15/2020,18:00,294.424
4/16/2020,0:00,294.382
4/16/2020,6:00,285.6
4/16/2020,12:00,286.143
4/16/2020,18:00,295.974
4/17/2020,0:00,295.964
4/17/2020,6:00,287.196
4/17/2020,12:00,288.804
4/17/2020,18:00,297.767
4/18/2020,0:00,297.671
4/18/2020,6:00,290.115
4/18/2020,12:00,290.145
4/18/2020,18:00,298.966
4/19/2020,0:00,299
4/19/2020,6:00,291.43
4/19/2020,12:00,291.17
4/19/2020,18:00,301.495
4/20/2020,0:00,301.377
4/20/2020,6:00,292.852
4/20/2020,12:00,292.5
4/20/2020,18:00,301.712
4/21/2020,0:00,301.635
4/21/2020,6:00,293.398
4/21/2020,12:00,293.6
4/21/2020,18:00,302.217
4/22/2020,0:00,302.253
4/22/2020,6:00,293.798
4/22/2020,12:00,293.178
4/22/2020,18:00,301.601
4/23/2020,0:00,301.6
4/23/2020,6:00,293.9
4/23/2020,12:00,293.3
4/23/2020,18:00,303.2
4/24/2020,0:00,303.137
4/24/2020,6:00,293.852
4/24/2020,12:00,294.673
4/24/2020,18:00,303.719
4/25/2020,0:00,303.4
4/25/2020,6:00,294.71
4/25/2020,12:00,293.333
4/25/2020,18:00,305.033
4/26/2020,0:00,305.219
4/26/2020,6:00,296.6
4/26/2020,12:00,293.426
4/26/2020,18:00,299.7
4/27/2020,0:00,299.8
4/27/2020,6:00,295.754
4/27/2020,12:00,294.068
4/27/2020,18:00,303.9
4/28/2020,0:00,303.512
4/28/2020,6:00,296.803
4/28/2020,12:00,296.735
4/28/2020,18:00,303.6
4/29/2020,0:00,303.6
4/29/2020,6:00,296.809
4/29/2020,12:00,292.801
4/29/2020,18:00,298.515
4/30/2020,0:00,298.257
4/30/2020,6:00,288.983
4/30/2020,12:00,288.347
4/30/2020,18:00,294.833
5/1/2020,0:00,296.356
5/1/2020,6:00,289.706
5/1/2020,12:00,288.256
5/1/2020,18:00,296.8
5/2/2020,0:00,296.731
5/2/2020,6:00,288.243
5/2/2020,12:00,287.179
5/2/2020,18:00,295.594
5/3/2020,0:00,295.393
5/3/2020,6:00,286.214
5/3/2020,12:00,286.6
5/3/2020,18:00,296.7
5/4/2020,0:00,296.501
5/4/2020,6:00,288.234
5/4/2020,12:00,290.106
5/4/2020,18:00,296.501
5/5/2020,0:00,296.789
5/5/2020,6:00,289.263
5/5/2020,12:00,290.383
5/5/2020,18:00,294.688
5/6/2020,0:00,294.392
5/6/2020,6:00,286.808
5/6/2020,12:00,283.581
5/6/2020,18:00,289.808
5/7/2020,0:00,289.3
5/7/2020,6:00,282.667
5/7/2020,12:00,282.5
5/7/2020,18:00,289.533
5/8/2020,0:00,289.7
5/8/2020,6:00,282.533
5/8/2020,12:00,283.979
5/8/2020,18:00,292
5/9/2020,0:00,292.2
5/9/2020,6:00,285.056
5/9/2020,12:00,285.499
5/9/2020,18:00,295.401
5/10/2020,0:00,295.2
5/10/2020,6:00,286.751
5/10/2020,12:00,288.5
5/10/2020,18:00,298.2
5/11/2020,0:00,298.3
5/11/2020,6:00,291.938
5/11/2020,12:00,294.3
5/11/2020,18:00,297.317
5/12/2020,0:00,296.418
5/12/2020,6:00,293.199
5/12/2020,12:00,292.316
5/12/2020,18:00,292.822
5/13/2020,0:00,292.731
5/13/2020,6:00,291.272
5/13/2020,12:00,290.403
5/13/2020,18:00,291.933
5/14/2020,0:00,292.99
5/14/2020,6:00,285.897
5/14/2020,12:00,284.107
5/14/2020,18:00,291
5/15/2020,0:00,290.865
5/15/2020,6:00,283.003
5/15/2020,12:00,283.431
5/15/2020,18:00,291.213
5/16/2020,0:00,291.238
5/16/2020,6:00,284.503
5/16/2020,12:00,285
5/16/2020,18:00,294.101
5/17/2020,0:00,293.9
5/17/2020,6:00,286.7
5/17/2020,12:00,286.654
5/17/2020,18:00,296
5/18/2020,0:00,295.931
5/18/2020,6:00,288.371
5/18/2020,12:00,288
5/18/2020,18:00,297.356
5/19/2020,0:00,297.244
5/19/2020,6:00,289.4
5/19/2020,12:00,290
5/19/2020,18:00,299.3
5/20/2020,0:00,299.104
5/20/2020,6:00,290.904
5/20/2020,12:00,292.1
5/20/2020,18:00,300.4
5/21/2020,0:00,299.691
5/21/2020,6:00,294.5
5/21/2020,12:00,293.51
5/21/2020,18:00,295.516
5/22/2020,0:00,295.227
5/22/2020,6:00,293.9
5/22/2020,12:00,292.924
5/22/2020,18:00,291.707
5/23/2020,0:00,290.619
5/23/2020,6:00,286.1
5/23/2020,12:00,284.7
5/23/2020,18:00,287.8
5/24/2020,0:00,288.073
5/24/2020,6:00,286.704
5/24/2020,12:00,283.1
5/24/2020,18:00,288.852
5/25/2020,0:00,288.3
5/25/2020,6:00,283.8
5/25/2020,12:00,283.315
5/25/2020,18:00,290
5/26/2020,0:00,290.013
5/26/2020,6:00,286.301
5/26/2020,12:00,283.322
5/26/2020,18:00,290.089
5/27/2020,0:00,289.832
5/27/2020,6:00,284.1
5/27/2020,12:00,284.836
5/27/2020,18:00,292.722
5/28/2020,0:00,292.8
5/28/2020,6:00,285.901
5/28/2020,12:00,286.3
5/28/2020,18:00,295.307
5/29/2020,0:00,295.3
5/29/2020,6:00,288.4
5/29/2020,12:00,287.676
5/29/2020,18:00,295.636
5/30/2020,0:00,295.322
5/30/2020,6:00,288.8
5/30/2020,12:00,287.629
5/30/2020,18:00,295.857
5/31/2020,0:00,295.434
5/31/2020,6:00,289.878
5/31/2020,12:00,288.3
5/31/2020,18:00,286
6/1/2020,0:00,285.017
6/1/2020,6:00,281.81
6/1/2020,12:00,281.158
6/1/2020,18:00,287.1
6/2/2020,0:00,286.7
6/2/2020,6:00,282.343
6/2/2020,12:00,280.5
6/2/2020,18:00,287.5
6/3/2020,0:00,287.195
6/3/2020,6:00,281.501
6/3/2020,12:00,281.656
6/3/2020,18:00,289.5
6/4/2020,0:00,289.418
6/4/2020,6:00,283.295
6/4/2020,12:00,284.401
6/4/2020,18:00,290.841
6/5/2020,0:00,290.649
6/5/2020,6:00,288.731
6/5/2020,12:00,290.488
6/5/2020,18:00,291.8
6/6/2020,0:00,289.207
6/6/2020,6:00,286.303
6/6/2020,12:00,284.448
6/6/2020,18:00,286.8
6/7/2020,0:00,288.3
6/7/2020,6:00,288
6/7/2020,12:00,286.072
6/7/2020,18:00,290
6/8/2020,0:00,290.304
6/8/2020,6:00,286.1
6/8/2020,12:00,285.6
6/8/2020,18:00,290.952
6/9/2020,0:00,290.793
6/9/2020,6:00,287.589
6/9/2020,12:00,287.483
6/9/2020,18:00,292.207
6/10/2020,0:00,291.3
6/10/2020,6:00,287.219
6/10/2020,12:00,288.6
6/10/2020,18:00,290.912
6/11/2020,0:00,291.239
6/11/2020,6:00,289.206
6/11/2020,12:00,289.106
6/11/2020,18:00,295.956
6/12/2020,0:00,295.2
6/12/2020,6:00,296.115
6/12/2020,12:00,295.69
6/12/2020,18:00,299.603
6/13/2020,0:00,298.3
6/13/2020,6:00,293.475
6/13/2020,12:00,290.839
6/13/2020,18:00,287.366
6/14/2020,0:00,286.994
6/14/2020,6:00,280.9
6/14/2020,12:00,278.9
6/14/2020,18:00,284.9
6/15/2020,0:00,284.9
6/15/2020,6:00,281.1
6/15/2020,12:00,281.811
6/15/2020,18:00,288.217
6/16/2020,0:00,289.99
6/16/2020,6:00,287.7
6/16/2020,12:00,290.996
6/16/2020,18:00,297.356
6/17/2020,0:00,297.256
6/17/2020,6:00,292.9
6/17/2020,12:00,291.9
6/17/2020,18:00,297.638
6/18/2020,0:00,297.5
6/18/2020,6:00,294.844
6/18/2020,12:00,293.943
6/18/2020,18:00,295.324
6/19/2020,0:00,295.501
6/19/2020,6:00,288.936
6/19/2020,12:00,291.551
6/19/2020,18:00,295.9
6/20/2020,0:00,298.458
6/20/2020,6:00,294.823
6/20/2020,12:00,293.739
6/20/2020,18:00,298.346
6/21/2020,0:00,298.885
6/21/2020,6:00,294.861
6/21/2020,12:00,294.1
6/21/2020,18:00,296.291
6/22/2020,0:00,297.028
6/22/2020,6:00,294.04
6/22/2020,12:00,291.6
6/22/2020,18:00,295.601
6/23/2020,0:00,296.733
6/23/2020,6:00,294.261
6/23/2020,12:00,294.707
6/23/2020,18:00,299.2
6/24/2020,0:00,299.5
6/24/2020,6:00,294.183
6/24/2020,12:00,293.983
6/24/2020,18:00,297
6/25/2020,0:00,296.327
6/25/2020,6:00,294.87
6/25/2020,12:00,291.7
6/25/2020,18:00,287
6/26/2020,0:00,286.6
6/26/2020,6:00,281.9
6/26/2020,12:00,279.9
6/26/2020,18:00,285.5
6/27/2020,0:00,284.972
6/27/2020,6:00,280.962
6/27/2020,12:00,280.5
6/27/2020,18:00,286.432
6/28/2020,0:00,286.328
6/28/2020,6:00,280.545
6/28/2020,12:00,279.9
6/28/2020,18:00,288.1
6/29/2020,0:00,288.015
6/29/2020,6:00,282.965
6/29/2020,12:00,283.844
6/29/2020,18:00,286
6/30/2020,0:00,286.2
6/30/2020,6:00,287.7
6/30/2020,12:00,288
6/30/2020,18:00,289.5
7/1/2020,0:00,287.185
7/1/2020,6:00,284.251
7/1/2020,12:00,283.856
7/1/2020,18:00,284.1
7/2/2020,0:00,284.095
7/2/2020,6:00,282.309
7/2/2020,12:00,279.721
7/2/2020,18:00,284.1
7/3/2020,0:00,283.602
7/3/2020,6:00,278.802
7/3/2020,12:00,278.686
7/3/2020,18:00,285.392
7/4/2020,0:00,285.6
7/4/2020,6:00,279.6
7/4/2020,12:00,280
7/4/2020,18:00,289.756
7/5/2020,0:00,288.792
7/5/2020,6:00,287.001
7/5/2020,12:00,286.201
7/5/2020,18:00,293.2
7/6/2020,0:00,292.6
7/6/2020,6:00,287.4
7/6/2020,12:00,282.7
7/6/2020,18:00,287.155
7/7/2020,0:00,287
7/7/2020,6:00,283.1
7/7/2020,12:00,282.492
7/7/2020,18:00,283.8
7/8/2020,0:00,283.382
7/8/2020,6:00,283.1
7/8/2020,12:00,282.2
7/8/2020,18:00,284.463
7/9/2020,0:00,284.8
7/9/2020,6:00,283.001
7/9/2020,12:00,280.103
7/9/2020,18:00,286.305
7/10/2020,0:00,286.233
7/10/2020,6:00,280.926
7/10/2020,12:00,281.2
7/10/2020,18:00,290.4
7/11/2020,0:00,290.5
7/11/2020,6:00,287.98
7/11/2020,12:00,286.907
7/11/2020,18:00,289.005
7/12/2020,0:00,288.374
7/12/2020,6:00,286.605
7/12/2020,12:00,287.4
7/12/2020,18:00,289.2
7/13/2020,0:00,288.731
7/13/2020,6:00,283.5
7/13/2020,12:00,280.9
7/13/2020,18:00,287.024
7/14/2020,0:00,287.024
7/14/2020,6:00,280.8
7/14/2020,12:00,277.526
7/14/2020,18:00,284.052
7/15/2020,0:00,284.061
7/15/2020,6:00,278.002
7/15/2020,12:00,277.2
7/15/2020,18:00,286.2
7/16/2020,0:00,286.2
7/16/2020,6:00,282.9
7/16/2020,12:00,282.3
7/16/2020,18:00,284.472
7/17/2020,0:00,283.192
7/17/2020,6:00,283.3
7/17/2020,12:00,285.035
7/17/2020,18:00,291.9
7/18/2020,0:00,292
7/18/2020,6:00,290.935
7/18/2020,12:00,291.63
7/18/2020,18:00,299.4
7/19/2020,0:00,299.3
7/19/2020,6:00,293
7/19/2020,12:00,292.3
7/19/2020,18:00,299
7/20/2020,0:00,298.907
7/20/2020,6:00,293
7/20/2020,12:00,292.033
7/20/2020,18:00,297.6
7/21/2020,0:00,296.534
7/21/2020,6:00,292.966
7/21/2020,12:00,292.4
7/21/2020,18:00,297.743
7/22/2020,0:00,297.343
7/22/2020,6:00,292.708
7/22/2020,12:00,293.322
7/22/2020,18:00,298.5
7/23/2020,0:00,298.526
7/23/2020,6:00,293.766
7/23/2020,12:00,293.9
7/23/2020,18:00,297.719
7/24/2020,0:00,298.1
7/24/2020,6:00,291.542
7/24/2020,12:00,287.519
7/24/2020,18:00,284.562
7/25/2020,0:00,283.062
7/25/2020,6:00,281.324
7/25/2020,12:00,280.689
7/25/2020,18:00,286.687
7/26/2020,0:00,286.509
7/26/2020,6:00,280.725
7/26/2020,12:00,280.85
7/26/2020,18:00,289
7/27/2020,0:00,288.955
7/27/2020,6:00,284.7
7/27/2020,12:00,286.7
7/27/2020,18:00,291.399
7/28/2020,0:00,290.201
7/28/2020,6:00,286.251
7/28/2020,12:00,284.861
7/28/2020,18:00,284.603
7/29/2020,0:00,284.278
7/29/2020,6:00,278.537
7/29/2020,12:00,277.769
7/29/2020,18:00,284.103
7/30/2020,0:00,284.102
7/30/2020,6:00,278.494
7/30/2020,12:00,278.319
7/30/2020,18:00,287.4
7/31/2020,0:00,287.304
7/31/2020,6:00,281.9
7/31/2020,12:00,284.8
7/31/2020,18:00,291.701
8/1/2020,0:00,291.9
8/1/2020,6:00,288.4
8/1/2020,12:00,289.1
8/1/2020,18:00,297.6
8/2/2020,0:00,297.6
8/2/2020,6:00,291.2
8/2/2020,12:00,291.1
8/2/2020,18:00,298.801
8/3/2020,0:00,298.8
8/3/2020,6:00,292.3
8/3/2020,12:00,291.608
8/3/2020,18:00,298.501
8/4/2020,0:00,298.5
8/4/2020,6:00,291.439
8/4/2020,12:00,289.931
8/4/2020,18:00,298.225
8/5/2020,0:00,298.19
8/5/2020,6:00,291.469
8/5/2020,12:00,290.5
8/5/2020,18:00,297.422
8/6/2020,0:00,297.278
8/6/2020,6:00,290.971
8/6/2020,12:00,290.133
8/6/2020,18:00,298.202
8/7/2020,0:00,297.928
8/7/2020,6:00,291.9
8/7/2020,12:00,290.577
8/7/2020,18:00,298.967
8/8/2020,0:00,298.821
8/8/2020,6:00,292.117
8/8/2020,12:00,290.8
8/8/2020,18:00,298.9
8/9/2020,0:00,298.738
8/9/2020,6:00,290.931
8/9/2020,12:00,290.4
8/9/2020,18:00,298.598
8/10/2020,0:00,298.419
8/10/2020,6:00,291.4
8/10/2020,12:00,290.715
8/10/2020,18:00,299.982
8/11/2020,0:00,299.271
8/11/2020,6:00,293.964
8/11/2020,12:00,285.599
8/11/2020,18:00,284.065
8/12/2020,0:00,283
8/12/2020,6:00,281.539
8/12/2020,12:00,281.2
8/12/2020,18:00,286.256
8/13/2020,0:00,287.124
8/13/2020,6:00,284.475
8/13/2020,12:00,284.069
8/13/2020,18:00,290.204
8/14/2020,0:00,290.15
8/14/2020,6:00,287.8
8/14/2020,12:00,286.783
8/14/2020,18:00,294.4
8/15/2020,0:00,293.6
8/15/2020,6:00,287.1
8/15/2020,12:00,287.3
8/15/2020,18:00,293.396
8/16/2020,0:00,292.8
8/16/2020,6:00,283.145
8/16/2020,12:00,282
8/16/2020,18:00,289.5
8/17/2020,0:00,289.4
8/17/2020,6:00,282.9
8/17/2020,12:00,282.714
8/17/2020,18:00,292.3
8/18/2020,0:00,292.1
8/18/2020,6:00,283.708
8/18/2020,12:00,283.808
8/18/2020,18:00,294.416
8/19/2020,0:00,294.541
8/19/2020,6:00,287.625
8/19/2020,12:00,284.5
8/19/2020,18:00,289.6
8/20/2020,0:00,288.794
8/20/2020,6:00,280.339
8/20/2020,12:00,279.1
8/20/2020,18:00,284.661
8/21/2020,0:00,284.561
8/21/2020,6:00,277.924
8/21/2020,12:00,278.908
8/21/2020,18:00,285.7
8/22/2020,0:00,285.8
8/22/2020,6:00,279.9
8/22/2020,12:00,280.7
8/22/2020,18:00,289.3
8/23/2020,0:00,289.3
8/23/2020,6:00,282.006
8/23/2020,12:00,283.306
8/23/2020,18:00,293.837
8/24/2020,0:00,293.725
8/24/2020,6:00,286.324
8/24/2020,12:00,287.884
8/24/2020,18:00,296.079
8/25/2020,0:00,295.943
8/25/2020,6:00,290.783
8/25/2020,12:00,291.939
8/25/2020,18:00,299.645
8/26/2020,0:00,299.142
8/26/2020,6:00,293.477
8/26/2020,12:00,293.811
8/26/2020,18:00,301.4
8/27/2020,0:00,300.8
8/27/2020,6:00,295.7
8/27/2020,12:00,294.121
8/27/2020,18:00,298.9
8/28/2020,0:00,299.249
8/28/2020,6:00,294.601
8/28/2020,12:00,292.548
8/28/2020,18:00,299.9
8/29/2020,0:00,300.3
8/29/2020,6:00,292.66
8/29/2020,12:00,294.906
8/29/2020,18:00,301.756
8/30/2020,0:00,300.929
8/30/2020,6:00,292.821
8/30/2020,12:00,286.6
8/30/2020,18:00,285.111
8/31/2020,0:00,284.8
8/31/2020,6:00,285.4
8/31/2020,12:00,283.2
8/31/2020,18:00,288.176
9/1/2020,0:00,287.8
9/1/2020,6:00,284.488
9/1/2020,12:00,283.059
9/1/2020,18:00,286.809
9/2/2020,0:00,287.463
9/2/2020,6:00,287.845
9/2/2020,12:00,289.869
9/2/2020,18:00,291.217
9/3/2020,0:00,290.437
9/3/2020,6:00,286.506
9/3/2020,12:00,284.862
9/3/2020,18:00,287.351
9/4/2020,0:00,287.5
9/4/2020,6:00,286.007
9/4/2020,12:00,285.2
9/4/2020,18:00,292.413
9/5/2020,0:00,292.278
9/5/2020,6:00,284.7
9/5/2020,12:00,286.908
9/5/2020,18:00,292.946
9/6/2020,0:00,291.7
9/6/2020,6:00,288.18
9/6/2020,12:00,287.973
9/6/2020,18:00,290.195
9/7/2020,0:00,290.229
9/7/2020,6:00,287.303
9/7/2020,12:00,286.048
9/7/2020,18:00,289.7
9/8/2020,0:00,289.634
9/8/2020,6:00,286.4
9/8/2020,12:00,287
9/8/2020,18:00,291.2
9/9/2020,0:00,292
9/9/2020,6:00,288.9
9/9/2020,12:00,291.6
9/9/2020,18:00,298.6
9/10/2020,0:00,297.903
9/10/2020,6:00,290.915
9/10/2020,12:00,289.932
9/10/2020,18:00,296.534
9/11/2020,0:00,296.4
9/11/2020,6:00,289.9
9/11/2020,12:00,292.632
9/11/2020,18:00,299.882
9/12/2020,0:00,296.8
9/12/2020,6:00,292.328
9/12/2020,12:00,290.5
9/12/2020,18:00,295.6
9/13/2020,0:00,294.5
9/13/2020,6:00,291.126
9/13/2020,12:00,292.2
9/13/2020,18:00,295.907
9/14/2020,0:00,295.72
9/14/2020,6:00,292.319
9/14/2020,12:00,287.319
9/14/2020,18:00,288.4
9/15/2020,0:00,288.5
9/15/2020,6:00,282.975
9/15/2020,12:00,282.9
9/15/2020,18:00,287.251
9/16/2020,0:00,286.361
9/16/2020,6:00,285.999
9/16/2020,12:00,287
9/16/2020,18:00,292.103
9/17/2020,0:00,289.4
9/17/2020,6:00,288.301
9/17/2020,12:00,289.3
9/17/2020,18:00,295.3
9/18/2020,0:00,295.7
9/18/2020,6:00,289.4
9/18/2020,12:00,290.84
9/18/2020,18:00,297.3
9/19/2020,0:00,297.162
9/19/2020,6:00,290.4
9/19/2020,12:00,288.9
9/19/2020,18:00,292.494
9/20/2020,0:00,290.963
9/20/2020,6:00,283.379
9/20/2020,12:00,282.541
9/20/2020,18:00,288.818
9/21/2020,0:00,288.641
9/21/2020,6:00,281.9
9/21/2020,12:00,284.205
9/21/2020,18:00,290.901
9/22/2020,0:00,290.841
9/22/2020,6:00,283.227
9/22/2020,12:00,283.916
9/22/2020,18:00,292.6
9/23/2020,0:00,292.617
9/23/2020,6:00,285.52
9/23/2020,12:00,288.207
9/23/2020,18:00,298.605
9/24/2020,0:00,298.6
9/24/2020,6:00,291.908
9/24/2020,12:00,294.705
9/24/2020,18:00,301.616
9/25/2020,0:00,301.508
9/25/2020,6:00,293.608
9/25/2020,12:00,293.808
9/25/2020,18:00,301.516
9/26/2020,0:00,301.97
9/26/2020,6:00,295.542
9/26/2020,12:00,295.537
9/26/2020,18:00,300.8
9/27/2020,0:00,302.4
9/27/2020,6:00,294.698
9/27/2020,12:00,292.933
9/27/2020,18:00,297.613
9/28/2020,0:00,293.467
9/28/2020,6:00,289.376
9/28/2020,12:00,286.641
9/28/2020,18:00,293.5
9/29/2020,0:00,293.6
9/29/2020,6:00,286.02
9/29/2020,12:00,288.641
9/29/2020,18:00,297.046
9/30/2020,0:00,296.6
9/30/2020,6:00,290.535
9/30/2020,12:00,295.622
9/30/2020,18:00,304.5
10/1/2020,0:00,304.3
10/1/2020,6:00,297.865
10/1/2020,12:00,297.8
10/1/2020,18:00,307.3
10/2/2020,0:00,306.567
10/2/2020,6:00,297.914
10/2/2020,12:00,294.666
10/2/2020,18:00,293.115
10/3/2020,0:00,292.4
10/3/2020,6:00,289.317
10/3/2020,12:00,286.549
10/3/2020,18:00,287.3
10/4/2020,0:00,286.2
10/4/2020,6:00,286.5
10/4/2020,12:00,288.18
10/4/2020,18:00,292.4
10/5/2020,0:00,292.3
10/5/2020,6:00,288.34
10/5/2020,12:00,288.902
10/5/2020,18:00,289.41
10/6/2020,0:00,289.6
10/6/2020,6:00,285.657
10/6/2020,12:00,287.5
10/6/2020,18:00,294.8
10/7/2020,0:00,294.8
10/7/2020,6:00,289.236
10/7/2020,12:00,290.5
10/7/2020,18:00,296
10/8/2020,0:00,296
10/8/2020,6:00,290.037
10/8/2020,12:00,291.826
10/8/2020,18:00,297
10/9/2020,0:00,296.989
10/9/2020,6:00,289.546
10/9/2020,12:00,289.91
10/9/2020,18:00,298
10/10/2020,0:00,297.595
10/10/2020,6:00,289.858
10/10/2020,12:00,288.211
10/10/2020,18:00,294.475
10/11/2020,0:00,294.4
10/11/2020,6:00,286.381
10/11/2020,12:00,289.045
10/11/2020,18:00,298.445
10/12/2020,0:00,298.6
10/12/2020,6:00,291.62
10/12/2020,12:00,290.842
10/12/2020,18:00,296.9
10/13/2020,0:00,296.563
10/13/2020,6:00,287.544
10/13/2020,12:00,289.164
10/13/2020,18:00,296.458
10/14/2020,0:00,296.469
10/14/2020,6:00,288.596
10/14/2020,12:00,290.803
10/14/2020,18:00,297.939
10/15/2020,0:00,297.406
10/15/2020,6:00,292.247
10/15/2020,12:00,291.376
10/15/2020,18:00,298.1
10/16/2020,0:00,298.045
10/16/2020,6:00,291.683
10/16/2020,12:00,292.04
10/16/2020,18:00,301.6
10/17/2020,0:00,301.2
10/17/2020,6:00,294.109
10/17/2020,12:00,294.099
10/17/2020,18:00,302.913
10/18/2020,0:00,302.412
10/18/2020,6:00,295.46
10/18/2020,12:00,295.2
10/18/2020,18:00,304
10/19/2020,0:00,303.92
10/19/2020,6:00,296
10/19/2020,12:00,297.579
10/19/2020,18:00,305.4
10/20/2020,0:00,305.541
10/20/2020,6:00,297.14
10/20/2020,12:00,297
10/20/2020,18:00,302.1
10/21/2020,0:00,301.319
10/21/2020,6:00,292.95
10/21/2020,12:00,293.805
10/21/2020,18:00,298.451
10/22/2020,0:00,299.253
10/22/2020,6:00,293.658
10/22/2020,12:00,295.494
10/22/2020,18:00,303.155
10/23/2020,0:00,302.807
10/23/2020,6:00,294.843
10/23/2020,12:00,292.328
10/23/2020,18:00,298.049
10/24/2020,0:00,297.154
10/24/2020,6:00,294.183
10/24/2020,12:00,296.643
10/24/2020,18:00,302.313
10/25/2020,0:00,302.253
10/25/2020,6:00,295.156
10/25/2020,12:00,297.652
10/25/2020,18:00,304.846
10/26/2020,0:00,304.802
10/26/2020,6:00,297.899
10/26/2020,12:00,295.268
10/26/2020,18:00,292.962
10/27/2020,0:00,292.581
10/27/2020,6:00,289.402
10/27/2020,12:00,288.519
10/27/2020,18:00,296.351
10/28/2020,0:00,296.539
10/28/2020,6:00,288.278
10/28/2020,12:00,291.355
10/28/2020,18:00,299.564
10/29/2020,0:00,299.645
10/29/2020,6:00,291.728
10/29/2020,12:00,288.88
10/29/2020,18:00,293.878
10/30/2020,0:00,293.395
10/30/2020,6:00,288.246
10/30/2020,12:00,288.365
10/30/2020,18:00,294.25
10/31/2020,0:00,294.211
10/31/2020,6:00,289.27
10/31/2020,12:00,290.598
10/31/2020,18:00,296.046
11/1/2020,0:00,295.987
11/1/2020,6:00,289.52
11/1/2020,12:00,289.86
11/1/2020,18:00,296.93
11/2/2020,0:00,296.679
11/2/2020,6:00,288.311
11/2/2020,12:00,290.683
11/2/2020,18:00,297.397
11/3/2020,0:00,297.225
11/3/2020,6:00,288.555
11/3/2020,12:00,291.153
11/3/2020,18:00,297.908
11/4/2020,0:00,297.629
11/4/2020,6:00,289.963
11/4/2020,12:00,289.939
11/4/2020,18:00,296.401
11/5/2020,0:00,296.145
11/5/2020,6:00,288.545
11/5/2020,12:00,289.813
11/5/2020,18:00,297.152
11/6/2020,0:00,297.096
11/6/2020,6:00,290.617
11/6/2020,12:00,291.682
11/6/2020,18:00,299.072
11/7/2020,0:00,299.147
11/7/2020,6:00,292.26
11/7/2020,12:00,293.048
11/7/2020,18:00,302.16
11/8/2020,0:00,301.956
11/8/2020,6:00,293.879
11/8/2020,12:00,293.78
11/8/2020,18:00,301.209
11/9/2020,0:00,301.063
11/9/2020,6:00,294.623
11/9/2020,12:00,292.048
11/9/2020,18:00,297.635
11/10/2020,0:00,298.325
11/10/2020,6:00,292.787
11/10/2020,12:00,293.718
11/10/2020,18:00,299.325
11/11/2020,0:00,298.995
11/11/2020,6:00,291.985
11/11/2020,12:00,293.515
11/11/2020,18:00,300.808
11/12/2020,0:00,299.202
11/12/2020,6:00,292.139
11/12/2020,12:00,294.188
11/12/2020,18:00,301.133
11/13/2020,0:00,301.141
11/13/2020,6:00,291.998
11/13/2020,12:00,295.842
11/13/2020,18:00,302.723
11/14/2020,0:00,302.636
11/14/2020,6:00,293.947
11/14/2020,12:00,297.777
11/14/2020,18:00,306.089
11/15/2020,0:00,305.411
11/15/2020,6:00,296.576
11/15/2020,12:00,295.174
11/15/2020,18:00,302.535
11/16/2020,0:00,302.699
11/16/2020,6:00,295.363
11/16/2020,12:00,294.68
11/16/2020,18:00,300.001
11/17/2020,0:00,300.33
11/17/2020,6:00,291.861
11/17/2020,12:00,292.077
11/17/2020,18:00,298.141
11/18/2020,0:00,297.88
11/18/2020,6:00,290.982
11/18/2020,12:00,293.209
11/18/2020,18:00,299.765
11/19/2020,0:00,299.213
11/19/2020,6:00,290.74
11/19/2020,12:00,293.624
11/19/2020,18:00,298.282
11/20/2020,0:00,298.524
11/20/2020,6:00,290.155
11/20/2020,12:00,292.229
11/20/2020,18:00,299.11
11/21/2020,0:00,299.024
11/21/2020,6:00,290.869
11/21/2020,12:00,292.684
11/21/2020,18:00,300.102
11/22/2020,0:00,300.119
11/22/2020,6:00,291.695
11/22/2020,12:00,293.203
11/22/2020,18:00,301.408
11/23/2020,0:00,301.326
11/23/2020,6:00,292.592
11/23/2020,12:00,294.519
11/23/2020,18:00,307.55
11/24/2020,0:00,307.714
11/24/2020,6:00,298.792
11/24/2020,12:00,300.737
11/24/2020,18:00,308.414
11/25/2020,0:00,308.548
11/25/2020,6:00,299.45
11/25/2020,12:00,301.263
11/25/2020,18:00,309.463
11/26/2020,0:00,305.422
11/26/2020,6:00,295.437
11/26/2020,12:00,296.113
11/26/2020,18:00,297.244
11/27/2020,0:00,300.564
11/27/2020,6:00,294.138
11/27/2020,12:00,294.559
11/27/2020,18:00,301.726
11/28/2020,0:00,301.482
11/28/2020,6:00,295.524
11/28/2020,12:00,297.891
11/28/2020,18:00,305.852
11/29/2020,0:00,305.528
11/29/2020,6:00,296.217
11/29/2020,12:00,298.866
11/29/2020,18:00,303.09
11/30/2020,0:00,304.441
11/30/2020,6:00,298.1
11/30/2020,12:00,296.559
11/30/2020,18:00,301.837
12/1/2020,0:00,301.344
12/1/2020,6:00,294.539
12/1/2020,12:00,294.128
12/1/2020,18:00,301.858
12/2/2020,0:00,302.146
12/2/2020,6:00,295.586
12/2/2020,12:00,296.781
12/2/2020,18:00,304.092
12/3/2020,0:00,300.905
12/3/2020,6:00,294.231
12/3/2020,12:00,294.168
12/3/2020,18:00,300.359
12/4/2020,0:00,299.914
12/4/2020,6:00,294.033
12/4/2020,12:00,295.659
12/4/2020,18:00,300.846
12/5/2020,0:00,300.764
12/5/2020,6:00,293.507
12/5/2020,12:00,290.775
12/5/2020,18:00,296.557
12/6/2020,0:00,296.497
12/6/2020,6:00,290.718
12/6/2020,12:00,291.36
12/6/2020,18:00,297.783
12/7/2020,0:00,297.942
12/7/2020,6:00,290.165
12/7/2020,12:00,292.971
12/7/2020,18:00,299.363
12/8/2020,0:00,299.447
12/8/2020,6:00,291.818
12/8/2020,12:00,294.037
12/8/2020,18:00,301.504
12/9/2020,0:00,301.713
12/9/2020,6:00,294.023
12/9/2020,12:00,295.724
12/9/2020,18:00,302.985
12/10/2020,0:00,303.38
12/10/2020,6:00,294.64
12/10/2020,12:00,297.819
12/10/2020,18:00,305.635
12/11/2020,0:00,305.518
12/11/2020,6:00,297.022
12/11/2020,12:00,300.513
12/11/2020,18:00,308.701
12/12/2020,0:00,308.256
12/12/2020,6:00,300.166
12/12/2020,12:00,300.392
12/12/2020,18:00,309.247
12/13/2020,0:00,308.671
12/13/2020,6:00,297.894
12/13/2020,12:00,301.954
12/13/2020,18:00,304.575
12/14/2020,0:00,303.146
12/14/2020,6:00,295.057
12/14/2020,12:00,295.025
12/14/2020,18:00,302.858
12/15/2020,0:00,302.676
12/15/2020,6:00,294.679
12/15/2020,12:00,298.082
12/15/2020,18:00,305.157
12/16/2020,0:00,305.38
12/16/2020,6:00,297.066
12/16/2020,12:00,298.456
12/16/2020,18:00,304.895
12/17/2020,0:00,304.736
12/17/2020,6:00,298.965
12/17/2020,12:00,297.356
12/17/2020,18:00,305.039
12/18/2020,0:00,305.264
12/18/2020,6:00,297.148
12/18/2020,12:00,299.938
12/18/2020,18:00,307.793
12/19/2020,0:00,308.199
12/19/2020,6:00,300.06
12/19/2020,12:00,297.641
12/19/2020,18:00,301.532
12/20/2020,0:00,301.739
12/20/2020,6:00,295.692
12/20/2020,12:00,293.651
12/20/2020,18:00,300.944
12/21/2020,0:00,301.033
12/21/2020,6:00,292.577
12/21/2020,12:00,294.42
12/21/2020,18:00,300.848
12/22/2020,0:00,300.847
12/22/2020,6:00,291.232
12/22/2020,12:00,294.095
12/22/2020,18:00,302.519
12/23/2020,0:00,302.579
12/23/2020,6:00,293.213
12/23/2020,12:00,295.785
12/23/2020,18:00,305.289
12/24/2020,0:00,305.273
12/24/2020,6:00,295.686
12/24/2020,12:00,298.303
12/24/2020,18:00,308.872
12/25/2020,0:00,309.117
12/25/2020,6:00,299.759
12/25/2020,12:00,300.207
12/25/2020,18:00,310.052
12/26/2020,0:00,309.897
12/26/2020,6:00,299.512
12/26/2020,12:00,297.448
12/26/2020,18:00,307.478
12/27/2020,0:00,307.073
12/27/2020,6:00,294.253
12/27/2020,12:00,297.964
12/27/2020,18:00,307.194
12/28/2020,0:00,307.301
12/28/2020,6:00,298.824
12/28/2020,12:00,299.262
12/28/2020,18:00,307.651
12/29/2020,0:00,307.969
12/29/2020,6:00,300.38
12/29/2020,12:00,300.094
12/29/2020,18:00,307.029
12/30/2020,0:00,307.715
12/30/2020,6:00,300.012
12/30/2020,12:00,302.844
12/30/2020,18:00,309.476
12/31/2020,0:00,308.644
12/31/2020,6:00,300.182
12/31/2020,12:00,294.684
12/31/2020,18:00,303.159
1/1/2021,0:00,303.299
1/1/2021,6:00,293.157
1/1/2021,12:00,296.483
1/1/2021,18:00,305.094
1/2/2021,0:00,304.961
1/2/2021,6:00,295.85
1/2/2021,12:00,299.092
1/2/2021,18:00,307.899
1/3/2021,0:00,307.371
1/3/2021,6:00,296.83
1/3/2021,12:00,295.88
1/3/2021,18:00,307.282
1/4/2021,0:00,307.635
1/4/2021,6:00,298.655
1/4/2021,12:00,299.883
1/4/2021,18:00,307.412
1/5/2021,0:00,306.957
1/5/2021,6:00,300.142
1/5/2021,12:00,295.652
1/5/2021,18:00,305.447
1/6/2021,0:00,305.599
1/6/2021,6:00,298.015
1/6/2021,12:00,299.906
1/6/2021,18:00,306.985
1/7/2021,0:00,306.079
1/7/2021,6:00,300.27
1/7/2021,12:00,301.223
1/7/2021,18:00,307.701
1/8/2021,0:00,307.368
1/8/2021,6:00,298.793
1/8/2021,12:00,301.797
1/8/2021,18:00,308.533
1/9/2021,0:00,308.388
1/9/2021,6:00,299.347
1/9/2021,12:00,301.363
1/9/2021,18:00,309.807
1/10/2021,0:00,309.702
1/10/2021,6:00,298.926
1/10/2021,12:00,300.672
1/10/2021,18:00,310.504
1/11/2021,0:00,311.314
1/11/2021,6:00,302.779
1/11/2021,12:00,298.997
1/11/2021,18:00,312.177
1/12/2021,0:00,313.041
1/12/2021,6:00,294.887
1/12/2021,12:00,296.375
1/12/2021,18:00,301.347
1/13/2021,0:00,300.193
1/13/2021,6:00,295.933
1/13/2021,12:00,295.547
1/13/2021,18:00,304.434
1/14/2021,0:00,305.27
1/14/2021,6:00,297.252
1/14/2021,12:00,295.354
1/14/2021,18:00,305.916
1/15/2021,0:00,306.372
1/15/2021,6:00,298.709
1/15/2021,12:00,298.481
1/15/2021,18:00,307.913
1/16/2021,0:00,307.712
1/16/2021,6:00,302.909
1/16/2021,12:00,299.464
1/16/2021,18:00,306.308
1/17/2021,0:00,307.629
1/17/2021,6:00,298.934
1/17/2021,12:00,297.098
1/17/2021,18:00,302.351
1/18/2021,0:00,301.418
1/18/2021,6:00,294.348
1/18/2021,12:00,295.738
1/18/2021,18:00,302.837
1/19/2021,0:00,303.336
1/19/2021,6:00,294.979
1/19/2021,12:00,296.146
1/19/2021,18:00,305.396
1/20/2021,0:00,305.323
1/20/2021,6:00,297.001
1/20/2021,12:00,295.953
1/20/2021,18:00,305.937
1/21/2021,0:00,305.621
1/21/2021,6:00,297.972
1/21/2021,12:00,297.338
1/21/2021,18:00,304.827
1/22/2021,0:00,302.99
1/22/2021,6:00,297.475
1/22/2021,12:00,298.206
1/22/2021,18:00,305.812
1/23/2021,0:00,306.12
1/23/2021,6:00,300.407
1/23/2021,12:00,299.08
1/23/2021,18:00,308.2
1/24/2021,0:00,307.903
1/24/2021,6:00,302.912
1/24/2021,12:00,299.055
1/24/2021,18:00,307.642
1/25/2021,0:00,307.12
1/25/2021,6:00,300.882
1/25/2021,12:00,300.655
1/25/2021,18:00,307.761
1/26/2021,0:00,306.519
1/26/2021,6:00,301.27
1/26/2021,12:00,299.699
1/26/2021,18:00,300.773
1/27/2021,0:00,296.994
1/27/2021,6:00,297.165
1/27/2021,12:00,297.134
1/27/2021,18:00,302.115
1/28/2021,0:00,300.086
1/28/2021,6:00,295.074
1/28/2021,12:00,296.928
1/28/2021,18:00,303.461
1/29/2021,0:00,301.146
1/29/2021,6:00,296.006
1/29/2021,12:00,298.945
1/29/2021,18:00,305.472
1/30/2021,0:00,305.206
1/30/2021,6:00,300.27
1/30/2021,12:00,299.687
1/30/2021,18:00,306.096
1/31/2021,0:00,305.265
1/31/2021,6:00,298.093
1/31/2021,12:00,297.376
1/31/2021,18:00,303.083
2/1/2021,0:00,299.766
2/1/2021,6:00,296.788
2/1/2021,12:00,297.587
2/1/2021,18:00,303.966
2/2/2021,0:00,304.076
2/2/2021,6:00,296.069
2/2/2021,12:00,297.407
2/2/2021,18:00,303.892
2/3/2021,0:00,303.718
2/3/2021,6:00,298.175
2/3/2021,12:00,298.778
2/3/2021,18:00,302.399
2/4/2021,0:00,302.119
2/4/2021,6:00,294.011
2/4/2021,12:00,294.871
2/4/2021,18:00,300.345
2/5/2021,0:00,300.124
2/5/2021,6:00,292.739
2/5/2021,12:00,292.308
2/5/2021,18:00,299.552
2/6/2021,0:00,299.275
2/6/2021,6:00,291.789
2/6/2021,12:00,292.46
2/6/2021,18:00,300.114
2/7/2021,0:00,300.678
2/7/2021,6:00,293.915
2/7/2021,12:00,295.612
2/7/2021,18:00,303.668
2/8/2021,0:00,303.76
2/8/2021,6:00,295.969
2/8/2021,12:00,296.059
2/8/2021,18:00,304.178
2/9/2021,0:00,304.449
2/9/2021,6:00,297.246
2/9/2021,12:00,296.519
2/9/2021,18:00,304.208
2/10/2021,0:00,299.948
2/10/2021,6:00,294.268
2/10/2021,12:00,295.24
2/10/2021,18:00,303.801
2/11/2021,0:00,303.04
2/11/2021,6:00,294.361
2/11/2021,12:00,294.057
2/11/2021,18:00,301.263
2/12/2021,0:00,300.621
2/12/2021,6:00,293.233
2/12/2021,12:00,296.182
2/12/2021,18:00,302.076
2/13/2021,0:00,301.166
2/13/2021,6:00,294.715
2/13/2021,12:00,296.761
2/13/2021,18:00,303.166
2/14/2021,0:00,302.811
2/14/2021,6:00,295.714
2/14/2021,12:00,294.959
2/14/2021,18:00,303.498
2/15/2021,0:00,303.226
2/15/2021,6:00,296.373
2/15/2021,12:00,296.88
2/15/2021,18:00,302.197
2/16/2021,0:00,302.431
2/16/2021,6:00,295.259
2/16/2021,12:00,295.538
2/16/2021,18:00,301.896
2/17/2021,0:00,301.734
2/17/2021,6:00,294.21
2/17/2021,12:00,294.027
2/17/2021,18:00,301.485
2/18/2021,0:00,301.216
2/18/2021,6:00,293.789
2/18/2021,12:00,295.159
2/18/2021,18:00,301.354
2/19/2021,0:00,301.079
2/19/2021,6:00,294.37
2/19/2021,12:00,296.245
2/19/2021,18:00,304.977
2/20/2021,0:00,304.725
2/20/2021,6:00,296.647
2/20/2021,12:00,297.267
2/20/2021,18:00,305.482
2/21/2021,0:00,304.514
2/21/2021,6:00,297.257
2/21/2021,12:00,297.188
2/21/2021,18:00,304.918
2/22/2021,0:00,305.192
2/22/2021,6:00,297.449
2/22/2021,12:00,297.815
2/22/2021,18:00,306.535
2/23/2021,0:00,307.266
2/23/2021,6:00,299.427
2/23/2021,12:00,298.98
2/23/2021,18:00,309.47
2/24/2021,0:00,307.766
2/24/2021,6:00,295.6
2/24/2021,12:00,295.358
2/24/2021,18:00,304.45
2/25/2021,0:00,304.665
2/25/2021,6:00,295.456
2/25/2021,12:00,295.666
2/25/2021,18:00,304.691
2/26/2021,0:00,304.604
2/26/2021,6:00,295.317
2/26/2021,12:00,294.872
2/26/2021,18:00,306.241
2/27/2021,0:00,306.294
2/27/2021,6:00,298.82
2/27/2021,12:00,296.04
2/27/2021,18:00,307.14
2/28/2021,0:00,306.808
2/28/2021,6:00,299.212
2/28/2021,12:00,296.787
2/28/2021,18:00,306.101
3/1/2021,0:00,306.247
3/1/2021,6:00,298.036
3/1/2021,12:00,297.261
3/1/2021,18:00,306.762
3/2/2021,0:00,306.785
3/2/2021,6:00,298.8
3/2/2021,12:00,298.434
3/2/2021,18:00,306.939
3/3/2021,0:00,307.915
3/3/2021,6:00,300.26
3/3/2021,12:00,300.244
3/3/2021,18:00,308.246
3/4/2021,0:00,308.291
3/4/2021,6:00,300.272
3/4/2021,12:00,297.262
3/4/2021,18:00,301.961
3/5/2021,0:00,300.902
3/5/2021,6:00,294.574
3/5/2021,12:00,297.356
3/5/2021,18:00,305.177
3/6/2021,0:00,303.906
3/6/2021,6:00,296.039
3/6/2021,12:00,293.12
3/6/2021,18:00,301.924
3/7/2021,0:00,302.291
3/7/2021,6:00,292.928
3/7/2021,12:00,293.859
3/7/2021,18:00,302.914
3/8/2021,0:00,302.96
3/8/2021,6:00,294.795
3/8/2021,12:00,295.6
3/8/2021,18:00,305.264
3/9/2021,0:00,305.475
3/9/2021,6:00,296.411
3/9/2021,12:00,297.11
3/9/2021,18:00,305.265
3/10/2021,0:00,304.58
3/10/2021,6:00,295.22
3/10/2021,12:00,295.372
3/10/2021,18:00,304.1
3/11/2021,0:00,304.163
3/11/2021,6:00,294.535
3/11/2021,12:00,294.8
3/11/2021,18:00,304.634
3/12/2021,0:00,305.04
3/12/2021,6:00,294.936
3/12/2021,12:00,296.212
3/12/2021,18:00,306.4
3/13/2021,0:00,305.817
3/13/2021,6:00,296.353
3/13/2021,12:00,297.3
3/13/2021,18:00,306.667
3/14/2021,0:00,306.882
3/14/2021,6:00,298.88
3/14/2021,12:00,297.4
3/14/2021,18:00,307.349
3/15/2021,0:00,307.143
3/15/2021,6:00,298.584
3/15/2021,12:00,295.258
3/15/2021,18:00,306.1
3/16/2021,0:00,306.4
3/16/2021,6:00,297.43
3/16/2021,12:00,296.028
3/16/2021,18:00,310.3
3/17/2021,0:00,310
3/17/2021,6:00,296.244
3/17/2021,12:00,296.4
3/17/2021,18:00,303.6
3/18/2021,0:00,302.439
3/18/2021,6:00,293.3
3/18/2021,12:00,291.8
3/18/2021,18:00,301.7
3/19/2021,0:00,302.1
3/19/2021,6:00,293.7
3/19/2021,12:00,294.2
3/19/2021,18:00,305.7
3/20/2021,0:00,306.294
3/20/2021,6:00,298.27
3/20/2021,12:00,301.2
3/20/2021,18:00,308.2
3/21/2021,0:00,306.9
3/21/2021,6:00,294.695
3/21/2021,12:00,293.92
3/21/2021,18:00,299.5
3/22/2021,0:00,299.538
3/22/2021,6:00,293.688
3/22/2021,12:00,294.35
3/22/2021,18:00,299.265
3/23/2021,0:00,297.166
3/23/2021,6:00,293.431
3/23/2021,12:00,292.664
3/23/2021,18:00,299
3/24/2021,0:00,299.242
3/24/2021,6:00,293.812
3/24/2021,12:00,294.552
3/24/2021,18:00,302.6
3/25/2021,0:00,302.954
3/25/2021,6:00,295.993
3/25/2021,12:00,297.482
3/25/2021,18:00,306.668
3/26/2021,0:00,307.051
3/26/2021,6:00,300.251
3/26/2021,12:00,296.649
3/26/2021,18:00,297.303
3/27/2021,0:00,295.929
3/27/2021,6:00,293.329
3/27/2021,12:00,293.744
3/27/2021,18:00,294.05
3/28/2021,0:00,293.677
3/28/2021,6:00,293.182
3/28/2021,12:00,290.695
3/28/2021,18:00,297.339
3/29/2021,0:00,297.145
3/29/2021,6:00,289.733
3/29/2021,12:00,290.852
3/29/2021,18:00,297.8
3/30/2021,0:00,298.041
3/30/2021,6:00,292.68
3/30/2021,12:00,292.044
3/30/2021,18:00,295.47
3/31/2021,0:00,295.467
3/31/2021,6:00,292.646
3/31/2021,12:00,290.8
3/31/2021,18:00,297.812
4/1/2021,0:00,297.628
4/1/2021,6:00,290.561
4/1/2021,12:00,291.106
4/1/2021,18:00,297.86
4/2/2021,0:00,297.7
4/2/2021,6:00,290.7
4/2/2021,12:00,291.522
4/2/2021,18:00,298.801
4/3/2021,0:00,299.282
4/3/2021,6:00,294.419
4/3/2021,12:00,291.536
4/3/2021,18:00,301.342
4/4/2021,0:00,301.657
4/4/2021,6:00,293.801
4/4/2021,12:00,294.104
4/4/2021,18:00,303.39
4/5/2021,0:00,302.429
4/5/2021,6:00,294.832
4/5/2021,12:00,295.032
4/5/2021,18:00,301.382
4/6/2021,0:00,300.165
4/6/2021,6:00,293.5
4/6/2021,12:00,294.699
4/6/2021,18:00,300.772
4/7/2021,0:00,300.886
4/7/2021,6:00,294.841
4/7/2021,12:00,295.26
4/7/2021,18:00,304.175
4/8/2021,0:00,304.845
4/8/2021,6:00,295.916
4/8/2021,12:00,296.574
4/8/2021,18:00,304.548
4/9/2021,0:00,304.455
4/9/2021,6:00,297.037
4/9/2021,12:00,298.056
4/9/2021,18:00,305.695
4/10/2021,0:00,306.478
4/10/2021,6:00,298.568
4/10/2021,12:00,297.698
4/10/2021,18:00,307.409
4/11/2021,0:00,306.973
4/11/2021,6:00,298.055
4/11/2021,12:00,295.752
4/11/2021,18:00,296.848
4/12/2021,0:00,295.355
4/12/2021,6:00,291.089
4/12/2021,12:00,289.4
4/12/2021,18:00,298.009
4/13/2021,0:00,298.098
4/13/2021,6:00,289.501
4/13/2021,12:00,290.461
4/13/2021,18:00,300.036
4/14/2021,0:00,299.508
4/14/2021,6:00,293.561
4/14/2021,12:00,291.364
4/14/2021,18:00,301.7
4/15/2021,0:00,299.475
4/15/2021,6:00,292.196
4/15/2021,12:00,294.041
4/15/2021,18:00,301.108
4/16/2021,0:00,300.435
4/16/2021,6:00,293.465
4/16/2021,12:00,294.268
4/16/2021,18:00,299.927
4/17/2021,0:00,298.744
4/17/2021,6:00,293.039
4/17/2021,12:00,294
4/17/2021,18:00,301.205
4/18/2021,0:00,300.591
4/18/2021,6:00,293.8
4/18/2021,12:00,292.4
4/18/2021,18:00,298.995
4/19/2021,0:00,298.997
4/19/2021,6:00,292.026
4/19/2021,12:00,291.427
4/19/2021,18:00,299.058
4/20/2021,0:00,299.872
4/20/2021,6:00,291.512
4/20/2021,12:00,290.7
4/20/2021,18:00,299.999
4/21/2021,0:00,299.8
4/21/2021,6:00,293.021
4/21/2021,12:00,291.595
4/21/2021,18:00,302.505
4/22/2021,0:00,301.96
4/22/2021,6:00,294.134
4/22/2021,12:00,292.145
4/22/2021,18:00,301.373
4/23/2021,0:00,300.9
4/23/2021,6:00,293.618
4/23/2021,12:00,292.604
4/23/2021,18:00,301.804
4/24/2021,0:00,303.2
4/24/2021,6:00,295.926
4/24/2021,12:00,293.857
4/24/2021,18:00,297.388
4/25/2021,0:00,295.842
4/25/2021,6:00,291.09
4/25/2021,12:00,290.135
4/25/2021,18:00,296.847
4/26/2021,0:00,296.842
4/26/2021,6:00,287.019
4/26/2021,12:00,287.654
4/26/2021,18:00,295.801
4/27/2021,0:00,295.329
4/27/2021,6:00,286.885
4/27/2021,12:00,287.381
4/27/2021,18:00,295.03
4/28/2021,0:00,295.237
4/28/2021,6:00,286.829
4/28/2021,12:00,287.2
4/28/2021,18:00,295.748
4/29/2021,0:00,296.207
4/29/2021,6:00,287.872
4/29/2021,12:00,287.1
4/29/2021,18:00,297.258
4/30/2021,0:00,297.265
4/30/2021,6:00,287.929
4/30/2021,12:00,289.115
4/30/2021,18:00,300.479
5/1/2021,0:00,299.86
5/1/2021,6:00,290.524
5/1/2021,12:00,291.251
5/1/2021,18:00,300.939
5/2/2021,0:00,301.16
5/2/2021,6:00,291.873
5/2/2021,12:00,293.261
5/2/2021,18:00,301.548
5/3/2021,0:00,302.709
5/3/2021,6:00,295.227
5/3/2021,12:00,295.831
5/3/2021,18:00,305.79
5/4/2021,0:00,306
5/4/2021,6:00,298.192
5/4/2021,12:00,296.203
5/4/2021,18:00,300.142
5/5/2021,0:00,290.244
5/5/2021,6:00,288.821
5/5/2021,12:00,285.344
5/5/2021,18:00,285.151
5/6/2021,0:00,285.175
5/6/2021,6:00,285.789
5/6/2021,12:00,284.456
5/6/2021,18:00,290.564
5/7/2021,0:00,290.523
5/7/2021,6:00,282.8
5/7/2021,12:00,282.989
5/7/2021,18:00,291.328
5/8/2021,0:00,291.526
5/8/2021,6:00,283.706
5/8/2021,12:00,284.505
5/8/2021,18:00,294.361
5/9/2021,0:00,294.414
5/9/2021,6:00,285.997
5/9/2021,12:00,287.199
5/9/2021,18:00,294.72
5/10/2021,0:00,293.811
5/10/2021,6:00,291.432
5/10/2021,12:00,290.639
5/10/2021,18:00,291.7
5/11/2021,0:00,290.425
5/11/2021,6:00,288.358
5/11/2021,12:00,286.507
5/11/2021,18:00,291.144
5/12/2021,0:00,291.138
5/12/2021,6:00,283.641
5/12/2021,12:00,283.168
5/12/2021,18:00,292.263
5/13/2021,0:00,291.93
5/13/2021,6:00,283.788
5/13/2021,12:00,284.162
5/13/2021,18:00,293.627
5/14/2021,0:00,293.384
5/14/2021,6:00,285.019
5/14/2021,12:00,285.114
5/14/2021,18:00,294.486
5/15/2021,0:00,295.126
5/15/2021,6:00,285.899
5/15/2021,12:00,286.161
5/15/2021,18:00,295.809
5/16/2021,0:00,296.117
5/16/2021,6:00,288.207
5/16/2021,12:00,287.575
5/16/2021,18:00,296.245
5/17/2021,0:00,296.352
5/17/2021,6:00,289.3
5/17/2021,12:00,290.682
5/17/2021,18:00,296.501
5/18/2021,0:00,296.062
5/18/2021,6:00,286.446
5/18/2021,12:00,284.669
5/18/2021,18:00,293.713
5/19/2021,0:00,294
5/19/2021,6:00,285.568
5/19/2021,12:00,284.656
5/19/2021,18:00,295.32
5/20/2021,0:00,294.918
5/20/2021,6:00,289.071
5/20/2021,12:00,286.496
5/20/2021,18:00,290.226
5/21/2021,0:00,290.809
5/21/2021,6:00,287.943
5/21/2021,12:00,288.31
5/21/2021,18:00,290.336
5/22/2021,0:00,290.652
5/22/2021,6:00,289.611
5/22/2021,12:00,288.737
5/22/2021,18:00,287.815
5/23/2021,0:00,289.331
5/23/2021,6:00,286.769
5/23/2021,12:00,284.842
5/23/2021,18:00,288.385
5/24/2021,0:00,289.066
5/24/2021,6:00,283.049
5/24/2021,12:00,282.734
5/24/2021,18:00,290
5/25/2021,0:00,290.025
5/25/2021,6:00,282.99
5/25/2021,12:00,283.436
5/25/2021,18:00,292.239
5/26/2021,0:00,291.861
5/26/2021,6:00,284.732
5/26/2021,12:00,284.908
5/26/2021,18:00,293.147
5/27/2021,0:00,293.302
5/27/2021,6:00,286.182
5/27/2021,12:00,286.989
5/27/2021,18:00,295.166
5/28/2021,0:00,294.805
5/28/2021,6:00,287.937
5/28/2021,12:00,289.501
5/28/2021,18:00,292.961
5/29/2021,0:00,293.09
5/29/2021,6:00,291.569
5/29/2021,12:00,289.827
5/29/2021,18:00,292.211
5/30/2021,0:00,291.843
5/30/2021,6:00,283.008
5/30/2021,12:00,280.523
5/30/2021,18:00,287.572
5/31/2021,0:00,287.8
5/31/2021,6:00,281.63
5/31/2021,12:00,282.211
5/31/2021,18:00,290.814
6/1/2021,0:00,290.831
6/1/2021,6:00,283.541
6/1/2021,12:00,284.635
6/1/2021,18:00,292.519
6/2/2021,0:00,292.939
6/2/2021,6:00,287.024
6/2/2021,12:00,287.2
6/2/2021,18:00,294.058
6/3/2021,0:00,294.004
6/3/2021,6:00,286.704
6/3/2021,12:00,286.247
6/3/2021,18:00,293.728
6/4/2021,0:00,294.3
6/4/2021,6:00,288.902
6/4/2021,12:00,292.069
6/4/2021,18:00,301.283
6/5/2021,0:00,301
6/5/2021,6:00,294.967
6/5/2021,12:00,294.52
6/5/2021,18:00,299.56
6/6/2021,0:00,295.975
6/6/2021,6:00,290.456
6/6/2021,12:00,288.424
6/6/2021,18:00,291.558
6/7/2021,0:00,290.653
6/7/2021,6:00,287.176
6/7/2021,12:00,286.379
6/7/2021,18:00,290.726
6/8/2021,0:00,290.231
6/8/2021,6:00,289.402
6/8/2021,12:00,288.187
6/8/2021,18:00,290.063
6/9/2021,0:00,290.305
6/9/2021,6:00,288.428
6/9/2021,12:00,288.624
6/9/2021,18:00,291.6
6/10/2021,0:00,291.934
6/10/2021,6:00,290.766
6/10/2021,12:00,287.966
6/10/2021,18:00,293.397
6/11/2021,0:00,292.497
6/11/2021,6:00,287.718
6/11/2021,12:00,284.926
6/11/2021,18:00,289.972
6/12/2021,0:00,290.156
6/12/2021,6:00,283.442
6/12/2021,12:00,283.847
6/12/2021,18:00,291.942
6/13/2021,0:00,291.613
6/13/2021,6:00,285.348
6/13/2021,12:00,285.353
6/13/2021,18:00,293.717
6/14/2021,0:00,293.741
6/14/2021,6:00,286.301
6/14/2021,12:00,286.414
6/14/2021,18:00,294.7
6/15/2021,0:00,294.812
6/15/2021,6:00,288.344
6/15/2021,12:00,285.705
6/15/2021,18:00,286.894
6/16/2021,0:00,286.784
6/16/2021,6:00,283.002
6/16/2021,12:00,280.246
6/16/2021,18:00,286.395
6/17/2021,0:00,285.955
6/17/2021,6:00,281.56
6/17/2021,12:00,279.206
6/17/2021,18:00,286.402
6/18/2021,0:00,286.422
6/18/2021,6:00,280.294
6/18/2021,12:00,279.959
6/18/2021,18:00,287.583
6/19/2021,0:00,287.456
6/19/2021,6:00,283.451
6/19/2021,12:00,282.986
6/19/2021,18:00,286.803
6/20/2021,0:00,287.566
6/20/2021,6:00,283.013
6/20/2021,12:00,282.31
6/20/2021,18:00,289.339
6/21/2021,0:00,288.937
6/21/2021,6:00,282.561
6/21/2021,12:00,283.427
6/21/2021,18:00,290.829
6/22/2021,0:00,290.624
6/22/2021,6:00,283.936
6/22/2021,12:00,283.538
6/22/2021,18:00,290.358
6/23/2021,0:00,291.118
6/23/2021,6:00,286.7
6/23/2021,12:00,285.952
6/23/2021,18:00,289.5
6/24/2021,0:00,289.637
6/24/2021,6:00,291.621
6/24/2021,12:00,291.942
6/24/2021,18:00,291.448
6/25/2021,0:00,289.588
6/25/2021,6:00,286.404
6/25/2021,12:00,283.989
6/25/2021,18:00,290.416
6/26/2021,0:00,290.344
6/26/2021,6:00,285.939
6/26/2021,12:00,286.278
6/26/2021,18:00,289.006
6/27/2021,0:00,288.189
6/27/2021,6:00,284.905
6/27/2021,12:00,282.154
6/27/2021,18:00,283.776
6/28/2021,0:00,283.659
6/28/2021,6:00,278.522
6/28/2021,12:00,276.785
6/28/2021,18:00,282.515
6/29/2021,0:00,282.003
6/29/2021,6:00,279.797
6/29/2021,12:00,279.533
6/29/2021,18:00,283.156
6/30/2021,0:00,283.031
6/30/2021,6:00,280.003
6/30/2021,12:00,278.902
6/30/2021,18:00,285.912
7/1/2021,0:00,285.842
7/1/2021,6:00,280.248
7/1/2021,12:00,280.821
7/1/2021,18:00,289.661
7/2/2021,0:00,289.541
7/2/2021,6:00,283.324
7/2/2021,12:00,282.265
7/2/2021,18:00,290.368
7/3/2021,0:00,290.337
7/3/2021,6:00,284.32
7/3/2021,12:00,282.809
7/3/2021,18:00,289.406
7/4/2021,0:00,289.511
7/4/2021,6:00,283.486
7/4/2021,12:00,281.701
7/4/2021,18:00,289.367
7/5/2021,0:00,289.6
7/5/2021,6:00,283.313
7/5/2021,12:00,283.745
7/5/2021,18:00,292.11
7/6/2021,0:00,292.532
7/6/2021,6:00,285.817
7/6/2021,12:00,285.839
7/6/2021,18:00,295.847
7/7/2021,0:00,295.766
7/7/2021,6:00,288.39
7/7/2021,12:00,286.948
7/7/2021,18:00,294.948
7/8/2021,0:00,294.865
7/8/2021,6:00,290.35
7/8/2021,12:00,288.824
7/8/2021,18:00,296.705
7/9/2021,0:00,296.773
7/9/2021,6:00,289.508
7/9/2021,12:00,287.963
7/9/2021,18:00,295.963
7/10/2021,0:00,295.793
7/10/2021,6:00,288.472
7/10/2021,12:00,287.602
7/10/2021,18:00,294.277
7/11/2021,0:00,294.97
7/11/2021,6:00,288.845
7/11/2021,12:00,287.8
7/11/2021,18:00,296.08
7/12/2021,0:00,296.571
7/12/2021,6:00,291.202
7/12/2021,12:00,290.2
7/12/2021,18:00,297.283
7/13/2021,0:00,297.451
7/13/2021,6:00,289.572
7/13/2021,12:00,290.408
7/13/2021,18:00,296.498
7/14/2021,0:00,295.485
7/14/2021,6:00,292.166
7/14/2021,12:00,290.363
7/14/2021,18:00,296.743
7/15/2021,0:00,293.921
7/15/2021,6:00,289.571
7/15/2021,12:00,288.844
7/15/2021,18:00,289.188
7/16/2021,0:00,290.015
7/16/2021,6:00,284.861
7/16/2021,12:00,284.254
7/16/2021,18:00,290.539
7/17/2021,0:00,290.572
7/17/2021,6:00,284.484
7/17/2021,12:00,284.051
7/17/2021,18:00,290.172
7/18/2021,0:00,289.662
7/18/2021,6:00,280.461
7/18/2021,12:00,278.516
7/18/2021,18:00,284.501
7/19/2021,0:00,284.513
7/19/2021,6:00,277.973
7/19/2021,12:00,277.65
7/19/2021,18:00,286.335
7/20/2021,0:00,286.631
7/20/2021,6:00,279.734
7/20/2021,12:00,279.604
7/20/2021,18:00,287.81
7/21/2021,0:00,287.636
7/21/2021,6:00,280.868
7/21/2021,12:00,281.004
7/21/2021,18:00,290.909
7/22/2021,0:00,290.9
7/22/2021,6:00,282.784
7/22/2021,12:00,284.554
7/22/2021,18:00,296.129
7/23/2021,0:00,295.878
7/23/2021,6:00,287.635
7/23/2021,12:00,288.797
7/23/2021,18:00,298.273
7/24/2021,0:00,298.4
7/24/2021,6:00,289.912
7/24/2021,12:00,289.234
7/24/2021,18:00,299.148
7/25/2021,0:00,299.652
7/25/2021,6:00,293.877
7/25/2021,12:00,292.751
7/25/2021,18:00,300.424
7/26/2021,0:00,300.473
7/26/2021,6:00,294.336
7/26/2021,12:00,290.42
7/26/2021,18:00,293.182
7/27/2021,0:00,291.679
7/27/2021,6:00,287.695
7/27/2021,12:00,281.481
7/27/2021,18:00,283.607
7/28/2021,0:00,283.584
7/28/2021,6:00,278.362
7/28/2021,12:00,277.904
7/28/2021,18:00,282.283
7/29/2021,0:00,281.083
7/29/2021,6:00,277.092
7/29/2021,12:00,276.7
7/29/2021,18:00,284.745
7/30/2021,0:00,284.874
7/30/2021,6:00,278.369
7/30/2021,12:00,279.155
7/30/2021,18:00,287.455
7/31/2021,0:00,287.065
7/31/2021,6:00,280.162
7/31/2021,12:00,280.943
7/31/2021,18:00,290.703
8/1/2021,0:00,290.976
8/1/2021,6:00,284.046
8/1/2021,12:00,283.915
8/1/2021,18:00,291.788
8/2/2021,0:00,291.842
8/2/2021,6:00,284.123
8/2/2021,12:00,282.396
8/2/2021,18:00,290.023
8/3/2021,0:00,289.945
8/3/2021,6:00,282.767
8/3/2021,12:00,282.37
8/3/2021,18:00,291.3
8/4/2021,0:00,290.834
8/4/2021,6:00,284.048
8/4/2021,12:00,283.477
8/4/2021,18:00,291.8
8/5/2021,0:00,291.8
8/5/2021,6:00,285.9
8/5/2021,12:00,286.208
8/5/2021,18:00,295.654
8/6/2021,0:00,296.059
8/6/2021,6:00,289.199
8/6/2021,12:00,290.083
8/6/2021,18:00,299.085
8/7/2021,0:00,298.701
8/7/2021,6:00,291.249
8/7/2021,12:00,291.671
8/7/2021,18:00,300.424
8/8/2021,0:00,299.962
8/8/2021,6:00,292.3
8/8/2021,12:00,292.28
8/8/2021,18:00,301.229
8/9/2021,0:00,301.185
8/9/2021,6:00,293.435
8/9/2021,12:00,294.022
8/9/2021,18:00,297.545
8/10/2021,0:00,294.803
8/10/2021,6:00,286.92
8/10/2021,12:00,284.956
8/10/2021,18:00,288.129
8/11/2021,0:00,288.215
8/11/2021,6:00,286.091
8/11/2021,12:00,280.235
8/11/2021,18:00,287.433
8/12/2021,0:00,287.304
8/12/2021,6:00,280.056
8/12/2021,12:00,279.736
8/12/2021,18:00,287.382
8/13/2021,0:00,287.376
8/13/2021,6:00,282.095
8/13/2021,12:00,282.425
8/13/2021,18:00,291.976
8/14/2021,0:00,292.015
8/14/2021,6:00,285.564
8/14/2021,12:00,286.149
8/14/2021,18:00,292.724
8/15/2021,0:00,293.373
8/15/2021,6:00,287.158
8/15/2021,12:00,287.817
8/15/2021,18:00,294.456
8/16/2021,0:00,294.349
8/16/2021,6:00,287.3
8/16/2021,12:00,287.303
8/16/2021,18:00,296.405
8/17/2021,0:00,296.383
8/17/2021,6:00,287.869
8/17/2021,12:00,290.646
8/17/2021,18:00,300.855
8/18/2021,0:00,301.558
8/18/2021,6:00,294.069
8/18/2021,12:00,296.202
8/18/2021,18:00,306.721
8/19/2021,0:00,306.814
8/19/2021,6:00,298.261
8/19/2021,12:00,297.076
8/19/2021,18:00,306.4
8/20/2021,0:00,305.941
8/20/2021,6:00,297.629
8/20/2021,12:00,294.365
8/20/2021,18:00,295.6
8/21/2021,0:00,293.929
8/21/2021,6:00,287.745
8/21/2021,12:00,288.151
8/21/2021,18:00,295.424
8/22/2021,0:00,297.183
8/22/2021,6:00,293.923
8/22/2021,12:00,294.485
8/22/2021,18:00,299.809
8/23/2021,0:00,297.961
8/23/2021,6:00,291.292
8/23/2021,12:00,290.261
8/23/2021,18:00,293.42
8/24/2021,0:00,292.844
8/24/2021,6:00,288.332
8/24/2021,12:00,287.268
8/24/2021,18:00,293.86
8/25/2021,0:00,293.887
8/25/2021,6:00,287.18
8/25/2021,12:00,287.131
8/25/2021,18:00,287.279
8/26/2021,0:00,287.6
8/26/2021,6:00,285.883
8/26/2021,12:00,284.894
8/26/2021,18:00,291.077
8/27/2021,0:00,290.959
8/27/2021,6:00,284.102
8/27/2021,12:00,285.228
8/27/2021,18:00,292.738
8/28/2021,0:00,292.619
8/28/2021,6:00,284.712
8/28/2021,12:00,286.073
8/28/2021,18:00,296.214
8/29/2021,0:00,296.847
8/29/2021,6:00,288.869
8/29/2021,12:00,289.315
8/29/2021,18:00,297.353
8/30/2021,0:00,297.037
8/30/2021,6:00,290.102
8/30/2021,12:00,292.219
8/30/2021,18:00,300.018
8/31/2021,0:00,299.724
8/31/2021,6:00,292.282
8/31/2021,12:00,291.765
8/31/2021,18:00,300.537
9/1/2021,0:00,300.072
9/1/2021,6:00,291.96
9/1/2021,12:00,293.065
9/1/2021,18:00,300.72
9/2/2021,0:00,301.7
9/2/2021,6:00,293.861
9/2/2021,12:00,295.552
9/2/2021,18:00,300.649
9/3/2021,0:00,294.821
9/3/2021,6:00,289.77
9/3/2021,12:00,291.194
9/3/2021,18:00,297.431
9/4/2021,0:00,296.416
9/4/2021,6:00,288.609
9/4/2021,12:00,289.639
9/4/2021,18:00,297.11
9/5/2021,0:00,295.092
9/5/2021,6:00,290.335
9/5/2021,12:00,290.396
9/5/2021,18:00,296.328
9/6/2021,0:00,296.376
9/6/2021,6:00,288.912
9/6/2021,12:00,290.773
9/6/2021,18:00,295.544
9/7/2021,0:00,292.747
9/7/2021,6:00,290.415
9/7/2021,12:00,289.846
9/7/2021,18:00,295.108
9/8/2021,0:00,294.956
9/8/2021,6:00,290.865
9/8/2021,12:00,290.443
9/8/2021,18:00,290.901
9/9/2021,0:00,289.872
9/9/2021,6:00,285.163
9/9/2021,12:00,284.03
9/9/2021,18:00,287.361
9/10/2021,0:00,287.756
9/10/2021,6:00,285.9
9/10/2021,12:00,285.878
9/10/2021,18:00,289.931
9/11/2021,0:00,289.088
9/11/2021,6:00,287.799
9/11/2021,12:00,287.5
9/11/2021,18:00,293.945
9/12/2021,0:00,294.142
9/12/2021,6:00,287.387
9/12/2021,12:00,292.022
9/12/2021,18:00,302.458
9/13/2021,0:00,302.9
9/13/2021,6:00,298.368
9/13/2021,12:00,293.642
9/13/2021,18:00,297.452
9/14/2021,0:00,300.113
9/14/2021,6:00,294.29
9/14/2021,12:00,292.8
9/14/2021,18:00,291.634
9/15/2021,0:00,290.611
9/15/2021,6:00,284.556
9/15/2021,12:00,285.151
9/15/2021,18:00,291.129
9/16/2021,0:00,291.18
9/16/2021,6:00,284.522
9/16/2021,12:00,285.586
9/16/2021,18:00,293.065
9/17/2021,0:00,293.352
9/17/2021,6:00,285.9
9/17/2021,12:00,287.64
9/17/2021,18:00,291.279
9/18/2021,0:00,289.246
9/18/2021,6:00,287.898
9/18/2021,12:00,290.733
9/18/2021,18:00,297.033
9/19/2021,0:00,296.3
9/19/2021,6:00,290.755
9/19/2021,12:00,292.722
9/19/2021,18:00,297
9/20/2021,0:00,299.8
9/20/2021,6:00,294.476
9/20/2021,12:00,297.567
9/20/2021,18:00,302.618
9/21/2021,0:00,300.158
9/21/2021,6:00,292.849
9/21/2021,12:00,289.033
9/21/2021,18:00,292
9/22/2021,0:00,291.375
9/22/2021,6:00,285.9
9/22/2021,12:00,285.734
9/22/2021,18:00,294.024
9/23/2021,0:00,293.871
9/23/2021,6:00,288.341
9/23/2021,12:00,285.905
9/23/2021,18:00,291.51
9/24/2021,0:00,292.45
9/24/2021,6:00,289.277
9/24/2021,12:00,288.2
9/24/2021,18:00,291.9
9/25/2021,0:00,293.154
9/25/2021,6:00,285.824
9/25/2021,12:00,288.708
9/25/2021,18:00,295.322
9/26/2021,0:00,295.157
9/26/2021,6:00,287.814
9/26/2021,12:00,290.335
9/26/2021,18:00,298.727
9/27/2021,0:00,298.441
9/27/2021,6:00,290.059
9/27/2021,12:00,292.609
9/27/2021,18:00,301.548
9/28/2021,0:00,301.827
9/28/2021,6:00,293.14
9/28/2021,12:00,292.8
9/28/2021,18:00,295.339
9/29/2021,0:00,290.397
9/29/2021,6:00,289.7
9/29/2021,12:00,290.135
9/29/2021,18:00,293.942
9/30/2021,0:00,294.09
9/30/2021,6:00,291.727
9/30/2021,12:00,291.014
9/30/2021,18:00,301.4
10/1/2021,0:00,300.661
10/1/2021,6:00,293.389
10/1/2021,12:00,292.764
10/1/2021,18:00,295.856
10/2/2021,0:00,295.326
10/2/2021,6:00,289.414
10/2/2021,12:00,290.629
10/2/2021,18:00,296.892
10/3/2021,0:00,296.672
10/3/2021,6:00,292.675
10/3/2021,12:00,291.156
10/3/2021,18:00,294.324
10/4/2021,0:00,294.051
10/4/2021,6:00,287.18
10/4/2021,12:00,285.373
10/4/2021,18:00,291.673
10/5/2021,0:00,291.463
10/5/2021,6:00,284.089
10/5/2021,12:00,286.888
10/5/2021,18:00,294.229
10/6/2021,0:00,294.332
10/6/2021,6:00,288.648
10/6/2021,12:00,288.616
10/6/2021,18:00,294.494
10/7/2021,0:00,294.667
10/7/2021,6:00,290.885
10/7/2021,12:00,285.376
10/7/2021,18:00,292.26
10/8/2021,0:00,292.228
10/8/2021,6:00,285.069
10/8/2021,12:00,286.693
10/8/2021,18:00,294.418
10/9/2021,0:00,294.019
10/9/2021,6:00,290.786
10/9/2021,12:00,289.429
10/9/2021,18:00,294.651
10/10/2021,0:00,294.6
10/10/2021,6:00,291.052
10/10/2021,12:00,289.769
10/10/2021,18:00,291.992
10/11/2021,0:00,293.09
10/11/2021,6:00,291.246
10/11/2021,12:00,291.507
10/11/2021,18:00,296.2
10/12/2021,0:00,293.707
10/12/2021,6:00,289.03
10/12/2021,12:00,291.511
10/12/2021,18:00,298.025
10/13/2021,0:00,298.113
10/13/2021,6:00,291.675
10/13/2021,12:00,294.1
10/13/2021,18:00,301.902
10/14/2021,0:00,301.991
10/14/2021,6:00,292.856
10/14/2021,12:00,293.276
10/14/2021,18:00,298.282
10/15/2021,0:00,299.5
10/15/2021,6:00,292.753
10/15/2021,12:00,291.208
10/15/2021,18:00,289.165
10/16/2021,0:00,288.4
10/16/2021,6:00,287.141
10/16/2021,12:00,286.631
10/16/2021,18:00,291.915
10/17/2021,0:00,291.646
10/17/2021,6:00,286.14
10/17/2021,12:00,287.791
10/17/2021,18:00,293.751
10/18/2021,0:00,293.794
10/18/2021,6:00,286.714
10/18/2021,12:00,289
10/18/2021,18:00,295.447
10/19/2021,0:00,295.466
10/19/2021,6:00,287.9
10/19/2021,12:00,291.132
10/19/2021,18:00,296.7
10/20/2021,0:00,296.3
10/20/2021,6:00,289.641
10/20/2021,12:00,290.5
10/20/2021,18:00,296.234
10/21/2021,0:00,296
10/21/2021,6:00,288.64
10/21/2021,12:00,290.819
10/21/2021,18:00,296.8
10/22/2021,0:00,296.839
10/22/2021,6:00,288.739
10/22/2021,12:00,291.982
10/22/2021,18:00,299.431
10/23/2021,0:00,299.869
10/23/2021,6:00,291.526
10/23/2021,12:00,292.612
10/23/2021,18:00,293.501
10/24/2021,0:00,290.8
10/24/2021,6:00,288.824
10/24/2021,12:00,290.465
10/24/2021,18:00,295.822
10/25/2021,0:00,295.545
10/25/2021,6:00,288.867
10/25/2021,12:00,291.386
10/25/2021,18:00,298.905
10/26/2021,0:00,299.226
10/26/2021,6:00,291.445
10/26/2021,12:00,294.698
10/26/2021,18:00,302.421
10/27/2021,0:00,302.848
10/27/2021,6:00,293.954
10/27/2021,12:00,297.444
10/27/2021,18:00,304.412
10/28/2021,0:00,303.998
10/28/2021,6:00,294.801
10/28/2021,12:00,296.306
10/28/2021,18:00,302.674
10/29/2021,0:00,302.425
10/29/2021,6:00,294.42
10/29/2021,12:00,295.771
10/29/2021,18:00,303.657
10/30/2021,0:00,303.521
10/30/2021,6:00,296.699
10/30/2021,12:00,296.333
10/30/2021,18:00,304.209
10/31/2021,0:00,304.768
10/31/2021,6:00,295.477
10/31/2021,12:00,297.863
10/31/2021,18:00,304.63
11/1/2021,0:00,303.81
11/1/2021,6:00,296.432
11/1/2021,12:00,298.591
11/1/2021,18:00,304.318
11/2/2021,0:00,304.271
11/2/2021,6:00,298.24
11/2/2021,12:00,299.48
11/2/2021,18:00,304.303
11/3/2021,0:00,303.96
11/3/2021,6:00,293.197
11/3/2021,12:00,293.215
11/3/2021,18:00,299.573
11/4/2021,0:00,300.526
11/4/2021,6:00,295.872
11/4/2021,12:00,297.104
11/4/2021,18:00,304.093
11/5/2021,0:00,303.967
11/5/2021,6:00,298.764
11/5/2021,12:00,296.493
11/5/2021,18:00,299.745
11/6/2021,0:00,299.782
11/6/2021,6:00,293.078
11/6/2021,12:00,289.846
11/6/2021,18:00,293.922
11/7/2021,0:00,292.713
11/7/2021,6:00,290.531
11/7/2021,12:00,291.445
11/7/2021,18:00,298.159
11/8/2021,0:00,298.715
11/8/2021,6:00,291.461
11/8/2021,12:00,292.972
11/8/2021,18:00,300.004
11/9/2021,0:00,299.867
11/9/2021,6:00,291.275
11/9/2021,12:00,294.135
11/9/2021,18:00,300.013
11/10/2021,0:00,300.051
11/10/2021,6:00,292.53
11/10/2021,12:00,292.57
11/10/2021,18:00,298.171
11/11/2021,0:00,297.903
11/11/2021,6:00,292.573
11/11/2021,12:00,292.029
11/11/2021,18:00,299.969
11/12/2021,0:00,300.053
11/12/2021,6:00,292.573
11/12/2021,12:00,292.581
11/12/2021,18:00,301.013
11/13/2021,0:00,300.713
11/13/2021,6:00,294.427
11/13/2021,12:00,294.226
11/13/2021,18:00,305.047
11/14/2021,0:00,306.216
11/14/2021,6:00,298.469
11/14/2021,12:00,295.187
11/14/2021,18:00,300.073
11/15/2021,0:00,299.903
11/15/2021,6:00,292.879
11/15/2021,12:00,295.759
11/15/2021,18:00,305.516
11/16/2021,0:00,306.196
11/16/2021,6:00,298.57
11/16/2021,12:00,297.642
11/16/2021,18:00,299.943
11/17/2021,0:00,294.315
11/17/2021,6:00,293.432
11/17/2021,12:00,288.918
11/17/2021,18:00,294.13
11/18/2021,0:00,296.439
11/18/2021,6:00,288.632
11/18/2021,12:00,291.671
11/18/2021,18:00,298.443
11/19/2021,0:00,299.191
11/19/2021,6:00,290.43
11/19/2021,12:00,293.473
11/19/2021,18:00,300.965
11/20/2021,0:00,300.653
11/20/2021,6:00,291.827
11/20/2021,12:00,295.156
11/20/2021,18:00,303.213
11/21/2021,0:00,303.096
11/21/2021,6:00,293.832
11/21/2021,12:00,299.069
11/21/2021,18:00,306.619
11/22/2021,0:00,306.604
11/22/2021,6:00,296.262
11/22/2021,12:00,301.179
11/22/2021,18:00,309.982
11/23/2021,0:00,310.515
11/23/2021,6:00,301.223
11/23/2021,12:00,296.544
11/23/2021,18:00,303.812
11/24/2021,0:00,303.671
11/24/2021,6:00,292.046
11/24/2021,12:00,295.819
11/24/2021,18:00,307.138
11/25/2021,0:00,307.195
11/25/2021,6:00,296.011
11/25/2021,12:00,298.363
11/25/2021,18:00,303.178
11/26/2021,0:00,295.039
11/26/2021,6:00,294.98
11/26/2021,12:00,294.438
11/26/2021,18:00,302.389
11/27/2021,0:00,301.075
11/27/2021,6:00,294.414
11/27/2021,12:00,293.506
11/27/2021,18:00,299.881
11/28/2021,0:00,301.141
11/28/2021,6:00,294.716
11/28/2021,12:00,293.716
11/28/2021,18:00,294.951
11/29/2021,0:00,292.819
11/29/2021,6:00,292.93
11/29/2021,12:00,293.163
11/29/2021,18:00,299.996
11/30/2021,0:00,300.112
11/30/2021,6:00,293.535
11/30/2021,12:00,295.905
11/30/2021,18:00,301.962
12/1/2021,0:00,301.925
12/1/2021,6:00,292.727
12/1/2021,12:00,295.205
12/1/2021,18:00,302.154
12/2/2021,0:00,302.304
12/2/2021,6:00,294.251
12/2/2021,12:00,294.508
12/2/2021,18:00,301.968
12/3/2021,0:00,302.179
12/3/2021,6:00,293.259
12/3/2021,12:00,294.257
12/3/2021,18:00,303.759
12/4/2021,0:00,303.568
12/4/2021,6:00,295.845
12/4/2021,12:00,296.138
12/4/2021,18:00,305.579
12/5/2021,0:00,305.853
12/5/2021,6:00,298.962
12/5/2021,12:00,297.898
12/5/2021,18:00,306.229
12/6/2021,0:00,305.878
12/6/2021,6:00,296.816
12/6/2021,12:00,297.001
12/6/2021,18:00,304.717
12/7/2021,0:00,305.233
12/7/2021,6:00,296.743
12/7/2021,12:00,296.241
12/7/2021,18:00,304.507
12/8/2021,0:00,304.255
12/8/2021,6:00,295.206
12/8/2021,12:00,295.895
12/8/2021,18:00,306.179
12/9/2021,0:00,306.143
12/9/2021,6:00,295.436
12/9/2021,12:00,295.669
12/9/2021,18:00,305.5
12/10/2021,0:00,305.584
12/10/2021,6:00,296.183
12/10/2021,12:00,296.093
12/10/2021,18:00,305.884
12/11/2021,0:00,306.335
12/11/2021,6:00,297.034
12/11/2021,12:00,299.047
12/11/2021,18:00,307.554
12/12/2021,0:00,307.971
12/12/2021,6:00,298.517
12/12/2021,12:00,298.013
12/12/2021,18:00,309.485
12/13/2021,0:00,310.079
12/13/2021,6:00,300.008
12/13/2021,12:00,302.819
12/13/2021,18:00,303.922
12/14/2021,0:00,301.128
12/14/2021,6:00,294.609
12/14/2021,12:00,294.588
12/14/2021,18:00,301.129
12/15/2021,0:00,298.46
12/15/2021,6:00,294.204
12/15/2021,12:00,294.711
12/15/2021,18:00,301.126
12/16/2021,0:00,304.481
12/16/2021,6:00,295.62
12/16/2021,12:00,297.088
12/16/2021,18:00,307.093
12/17/2021,0:00,306.548
12/17/2021,6:00,297.227
12/17/2021,12:00,296.659
12/17/2021,18:00,306.035
12/18/2021,0:00,306.254
12/18/2021,6:00,297.51
12/18/2021,12:00,297.423
12/18/2021,18:00,307.538
12/19/2021,0:00,307.308
12/19/2021,6:00,298.434
12/19/2021,12:00,298.078
12/19/2021,18:00,310.482
12/20/2021,0:00,311.618
12/20/2021,6:00,302.583
12/20/2021,12:00,304.579
12/20/2021,18:00,313.052
12/21/2021,0:00,314.522
12/21/2021,6:00,304.85
12/21/2021,12:00,302.951
12/21/2021,18:00,312.415
12/22/2021,0:00,313.811
12/22/2021,6:00,296.385
12/22/2021,12:00,300.026
12/22/2021,18:00,309.029
12/23/2021,0:00,310.099
12/23/2021,6:00,300.476
12/23/2021,12:00,296.95
12/23/2021,18:00,306.572
12/24/2021,0:00,306.998
12/24/2021,6:00,296.961
12/24/2021,12:00,297.192
12/24/2021,18:00,307.717
12/25/2021,0:00,308.277
12/25/2021,6:00,298.58
12/25/2021,12:00,300.868
12/25/2021,18:00,310.361
12/26/2021,0:00,310.668
12/26/2021,6:00,302.638
12/26/2021,12:00,300.786
12/26/2021,18:00,309.839
12/27/2021,0:00,310.301
12/27/2021,6:00,300.078
12/27/2021,12:00,302.935
12/27/2021,18:00,310.286
12/28/2021,0:00,311.723
12/28/2021,6:00,300.783
12/28/2021,12:00,301.866
12/28/2021,18:00,312.087
12/29/2021,0:00,311.862
12/29/2021,6:00,301.557
12/29/2021,12:00,299.498
12/29/2021,18:00,311.736
12/30/2021,0:00,311.673
12/30/2021,6:00,302.528
12/30/2021,12:00,300.92
12/30/2021,18:00,311.781
12/31/2021,0:00,312.103
12/31/2021,6:00,303.301
12/31/2021,12:00,303.217
12/31/2021,18:00,312.049
1/1/2022,0:00,312.634
1/1/2022,6:00,304.362
1/1/2022,12:00,306.059
1/1/2022,18:00,314.519
1/2/2022,0:00,314.988
1/2/2022,6:00,306.6
1/2/2022,12:00,307.823
1/2/2022,18:00,314.269
1/3/2022,0:00,313.596
1/3/2022,6:00,303.658
1/3/2022,12:00,303.761
1/3/2022,18:00,313.269
1/4/2022,0:00,313.694
1/4/2022,6:00,298.212
1/4/2022,12:00,300.428
1/4/2022,18:00,307.093
1/5/2022,0:00,308.07
1/5/2022,6:00,298.881
1/5/2022,12:00,297.537
1/5/2022,18:00,307.106
1/6/2022,0:00,307.253
1/6/2022,6:00,299.118
1/6/2022,12:00,295.748
1/6/2022,18:00,306.362
1/7/2022,0:00,306.834
1/7/2022,6:00,299.075
1/7/2022,12:00,296.186
1/7/2022,18:00,307.054
1/8/2022,0:00,307.356
1/8/2022,6:00,298.455
1/8/2022,12:00,295.862
1/8/2022,18:00,307.54
1/9/2022,0:00,308.169
1/9/2022,6:00,298.919
1/9/2022,12:00,298.114
1/9/2022,18:00,309.472
1/10/2022,0:00,310.321
1/10/2022,6:00,301.365
1/10/2022,12:00,299.257
1/10/2022,18:00,309.165
1/11/2022,0:00,309.827
1/11/2022,6:00,300.946
1/11/2022,12:00,301.838
1/11/2022,18:00,311.431
1/12/2022,0:00,311.978
1/12/2022,6:00,302.87
1/12/2022,12:00,304.085
1/12/2022,18:00,314.669
1/13/2022,0:00,314.739
1/13/2022,6:00,304.91
1/13/2022,12:00,304.152
1/13/2022,18:00,314.274
1/14/2022,0:00,314.414
1/14/2022,6:00,304.948
1/14/2022,12:00,305.156
1/14/2022,18:00,313.66
1/15/2022,0:00,312.175
1/15/2022,6:00,303.907
1/15/2022,12:00,305.783
1/15/2022,18:00,313.2
1/16/2022,0:00,313.465
1/16/2022,6:00,305.557
1/16/2022,12:00,298.394
1/16/2022,18:00,314.044
1/17/2022,0:00,313.949
1/17/2022,6:00,308.546
1/17/2022,12:00,302.192
1/17/2022,18:00,314.818
1/18/2022,0:00,315.398
1/18/2022,6:00,298.885
1/18/2022,12:00,301.438
1/18/2022,18:00,312.593
1/19/2022,0:00,314.427
1/19/2022,6:00,304.732
1/19/2022,12:00,307.022
1/19/2022,18:00,316.283
1/20/2022,0:00,315.648
1/20/2022,6:00,304.651
1/20/2022,12:00,308.317
1/20/2022,18:00,315.426
1/21/2022,0:00,315.876
1/21/2022,6:00,303.842
1/21/2022,12:00,306.352
1/21/2022,18:00,315.022
1/22/2022,0:00,314.266
1/22/2022,6:00,306.605
1/22/2022,12:00,308.623
1/22/2022,18:00,315.784
1/23/2022,0:00,315.306
1/23/2022,6:00,306.891
1/23/2022,12:00,309.292
1/23/2022,18:00,316.504
1/24/2022,0:00,314.782
1/24/2022,6:00,307.578
1/24/2022,12:00,308.336
1/24/2022,18:00,315.363
1/25/2022,0:00,314.53
1/25/2022,6:00,301.598
1/25/2022,12:00,304.448
1/25/2022,18:00,315.439
1/26/2022,0:00,314.708
1/26/2022,6:00,298.526
1/26/2022,12:00,302.928
1/26/2022,18:00,307.872
1/27/2022,0:00,305.99
1/27/2022,6:00,297.47
1/27/2022,12:00,296.108
1/27/2022,18:00,303.403
1/28/2022,0:00,302.354
1/28/2022,6:00,296.177
1/28/2022,12:00,294.99
1/28/2022,18:00,303.528
1/29/2022,0:00,304.189
1/29/2022,6:00,296.609
1/29/2022,12:00,295.162
1/29/2022,18:00,304.96
1/30/2022,0:00,305.75
1/30/2022,6:00,296.696
1/30/2022,12:00,297.014
1/30/2022,18:00,307.13
1/31/2022,0:00,307.288
1/31/2022,6:00,298.24
1/31/2022,12:00,301.265
1/31/2022,18:00,310.539
2/1/2022,0:00,310.202
2/1/2022,6:00,301.668
2/1/2022,12:00,297.65
2/1/2022,18:00,309.34
2/2/2022,0:00,309.887
2/2/2022,6:00,302.361
2/2/2022,12:00,302.284
2/2/2022,18:00,311.886
2/3/2022,0:00,313.52
2/3/2022,6:00,304.731
2/3/2022,12:00,305.345
2/3/2022,18:00,312.817
2/4/2022,0:00,312.161
2/4/2022,6:00,294.945
2/4/2022,12:00,297.441
2/4/2022,18:00,305.089
2/5/2022,0:00,305.413
2/5/2022,6:00,301.567
2/5/2022,12:00,298.959
2/5/2022,18:00,307.933
2/6/2022,0:00,308.05
2/6/2022,6:00,299.269
2/6/2022,12:00,294.45
2/6/2022,18:00,301.789
2/7/2022,0:00,302.887
2/7/2022,6:00,293.365
2/7/2022,12:00,294.609
2/7/2022,18:00,303.719
2/8/2022,0:00,304.057
2/8/2022,6:00,296.322
2/8/2022,12:00,295.408
2/8/2022,18:00,304.832
2/9/2022,0:00,305.323
2/9/2022,6:00,295.562
2/9/2022,12:00,295.517
2/9/2022,18:00,305.577
2/10/2022,0:00,306.05
2/10/2022,6:00,297.217
2/10/2022,12:00,296.894
2/10/2022,18:00,307.91
2/11/2022,0:00,309.139
2/11/2022,6:00,301.41
2/11/2022,12:00,301.702
2/11/2022,18:00,312.824
2/12/2022,0:00,312.946
2/12/2022,6:00,303.308
2/12/2022,12:00,302.976
2/12/2022,18:00,307.05
2/13/2022,0:00,304.577
2/13/2022,6:00,297.611
2/13/2022,12:00,295.573
2/13/2022,18:00,304.53
2/14/2022,0:00,305.073
2/14/2022,6:00,294.468
2/14/2022,12:00,295.175
2/14/2022,18:00,306.082
2/15/2022,0:00,306.751
2/15/2022,6:00,297.5
2/15/2022,12:00,299.272
2/15/2022,18:00,308.972
2/16/2022,0:00,309.473
2/16/2022,6:00,299.712
2/16/2022,12:00,300.21
2/16/2022,18:00,311.214
2/17/2022,0:00,311.445
2/17/2022,6:00,301.02
2/17/2022,12:00,301.308
2/17/2022,18:00,312.353
2/18/2022,0:00,312.092
2/18/2022,6:00,305.15
2/18/2022,12:00,298.717
2/18/2022,18:00,309.309
2/19/2022,0:00,309.662
2/19/2022,6:00,300.335
2/19/2022,12:00,298.66
2/19/2022,18:00,309.579
2/20/2022,0:00,309.843
2/20/2022,6:00,300.673
2/20/2022,12:00,301.185
2/20/2022,18:00,311.964
2/21/2022,0:00,311.916
2/21/2022,6:00,297.718
2/21/2022,12:00,301.548
2/21/2022,18:00,310.569
2/22/2022,0:00,310.229
2/22/2022,6:00,301.483
2/22/2022,12:00,298.808
2/22/2022,18:00,307.046
2/23/2022,0:00,308.323
2/23/2022,6:00,299.106
2/23/2022,12:00,298.349
2/23/2022,18:00,309.925
2/24/2022,0:00,310.349
2/24/2022,6:00,300.309
2/24/2022,12:00,300.045
2/24/2022,18:00,311.801
2/25/2022,0:00,312.196
2/25/2022,6:00,303.196
2/25/2022,12:00,295.914
2/25/2022,18:00,303.42
2/26/2022,0:00,306.305
2/26/2022,6:00,299.17
2/26/2022,12:00,302.686
2/26/2022,18:00,312.547
2/27/2022,0:00,312.842
2/27/2022,6:00,305.291
2/27/2022,12:00,305.918
2/27/2022,18:00,314.624
2/28/2022,0:00,313.433
2/28/2022,6:00,297.613
2/28/2022,12:00,297.976
2/28/2022,18:00,302.025
3/1/2022,0:00,302.1
3/1/2022,6:00,295.056
3/1/2022,12:00,294.157
3/1/2022,18:00,304.31
3/2/2022,0:00,304.226
3/2/2022,6:00,297.523
3/2/2022,12:00,298.723
3/2/2022,18:00,307.373
3/3/2022,0:00,306.6
3/3/2022,6:00,296.892
3/3/2022,12:00,297.893
3/3/2022,18:00,307.556
3/4/2022,0:00,305.635
3/4/2022,6:00,297.549
3/4/2022,12:00,298.576
3/4/2022,18:00,308.836
3/5/2022,0:00,311.261
3/5/2022,6:00,301.506
3/5/2022,12:00,302.927
3/5/2022,18:00,310.484
3/6/2022,0:00,310.995
3/6/2022,6:00,297.043
3/6/2022,12:00,296.349
3/6/2022,18:00,301.9
3/7/2022,0:00,299.814
3/7/2022,6:00,295.821
3/7/2022,12:00,298.886
3/7/2022,18:00,309
3/8/2022,0:00,307.834
3/8/2022,6:00,295.125
3/8/2022,12:00,295.683
3/8/2022,18:00,297.8
3/9/2022,0:00,300.421
3/9/2022,6:00,296.302
3/9/2022,12:00,297.102
3/9/2022,18:00,305.2
3/10/2022,0:00,304.734
3/10/2022,6:00,295.143
3/10/2022,12:00,295.028
3/10/2022,18:00,294.6
3/11/2022,0:00,294.436
3/11/2022,6:00,293.707
3/11/2022,12:00,292.825
3/11/2022,18:00,298.5
3/12/2022,0:00,298.305
3/12/2022,6:00,289.926
3/12/2022,12:00,290.6
3/12/2022,18:00,297.1
3/13/2022,0:00,297.365
3/13/2022,6:00,291.279
3/13/2022,12:00,291.26
3/13/2022,18:00,298.26
3/14/2022,0:00,298.928
3/14/2022,6:00,289.4
3/14/2022,12:00,292.733
3/14/2022,18:00,299.66
3/15/2022,0:00,297.724
3/15/2022,6:00,292.797
3/15/2022,12:00,293.293
3/15/2022,18:00,300.93
3/16/2022,0:00,300.764
3/16/2022,6:00,293.797
3/16/2022,12:00,294.42
3/16/2022,18:00,303.454
3/17/2022,0:00,303.541
3/17/2022,6:00,296.548
3/17/2022,12:00,296.601
3/17/2022,18:00,305.288
3/18/2022,0:00,305.756
3/18/2022,6:00,298.293
3/18/2022,12:00,299.291
3/18/2022,18:00,308.032
3/19/2022,0:00,307.129
3/19/2022,6:00,291.574
3/19/2022,12:00,289.374
3/19/2022,18:00,295.622
3/20/2022,0:00,295.199
3/20/2022,6:00,287.856
3/20/2022,12:00,288.773
3/20/2022,18:00,297.447
3/21/2022,0:00,297.771
3/21/2022,6:00,289.3
3/21/2022,12:00,290.451
3/21/2022,18:00,303.816
3/22/2022,0:00,305.102
3/22/2022,6:00,296.197
3/22/2022,12:00,294.543
3/22/2022,18:00,298.352
3/23/2022,0:00,294.661
3/23/2022,6:00,292.295
3/23/2022,12:00,295.29
3/23/2022,18:00,297.201
3/24/2022,0:00,295.424
3/24/2022,6:00,293.097
3/24/2022,12:00,294.01
3/24/2022,18:00,298.4
3/25/2022,0:00,295.911
3/25/2022,6:00,286.81
3/25/2022,12:00,287.722
3/25/2022,18:00,294.933
3/26/2022,0:00,294.053
3/26/2022,6:00,290.75
3/26/2022,12:00,290.154
3/26/2022,18:00,295.149
3/27/2022,0:00,294.979
3/27/2022,6:00,292.513
3/27/2022,12:00,292.76
3/27/2022,18:00,300.495
3/28/2022,0:00,299.582
3/28/2022,6:00,292.583
3/28/2022,12:00,293.4
3/28/2022,18:00,302.293
3/29/2022,0:00,302.428
3/29/2022,6:00,292.8
3/29/2022,12:00,294.648
3/29/2022,18:00,304.785
3/30/2022,0:00,304.319
3/30/2022,6:00,296.975
3/30/2022,12:00,293.486
3/30/2022,18:00,290.852
3/31/2022,0:00,290.834
3/31/2022,6:00,286.358
3/31/2022,12:00,285.117
3/31/2022,18:00,291.836
4/1/2022,0:00,291.801
4/1/2022,6:00,285.44
4/1/2022,12:00,286.029
4/1/2022,18:00,293.683
4/2/2022,0:00,293.499
4/2/2022,6:00,286.62
4/2/2022,12:00,287.645
4/2/2022,18:00,298.036
4/3/2022,0:00,298.307
4/3/2022,6:00,291.52
4/3/2022,12:00,290.006
4/3/2022,18:00,290.844
4/4/2022,0:00,291.089
4/4/2022,6:00,291.401
4/4/2022,12:00,293.539
4/4/2022,18:00,296.742
4/5/2022,0:00,296.17
4/5/2022,6:00,292.437
4/5/2022,12:00,291.363
4/5/2022,18:00,298.2
4/6/2022,0:00,297.615
4/6/2022,6:00,293.618
4/6/2022,12:00,292.527
4/6/2022,18:00,299.663
4/7/2022,0:00,299.515
4/7/2022,6:00,293.439
4/7/2022,12:00,292.365
4/7/2022,18:00,294.313
4/8/2022,0:00,293.3
4/8/2022,6:00,292.057
4/8/2022,12:00,292.601
4/8/2022,18:00,298.128
4/9/2022,0:00,297.8
4/9/2022,6:00,292.403
4/9/2022,12:00,292.117
4/9/2022,18:00,298.243
4/10/2022,0:00,298.628
4/10/2022,6:00,291.184
4/10/2022,12:00,292.282
4/10/2022,18:00,298.375
4/11/2022,0:00,297.8
4/11/2022,6:00,293.1
4/11/2022,12:00,292.554
4/11/2022,18:00,293.554
4/12/2022,0:00,294.6
4/12/2022,6:00,293.248
4/12/2022,12:00,292.954
4/12/2022,18:00,295.483
4/13/2022,0:00,297.677
4/13/2022,6:00,292.01
4/13/2022,12:00,289.6
4/13/2022,18:00,295.516
4/14/2022,0:00,295.914
4/14/2022,6:00,288.51
4/14/2022,12:00,286.206
4/14/2022,18:00,293.055
4/15/2022,0:00,292.625
4/15/2022,6:00,285.738
4/15/2022,12:00,285.315
4/15/2022,18:00,292.9
4/16/2022,0:00,292.858
4/16/2022,6:00,286.3
4/16/2022,12:00,287.634
4/16/2022,18:00,294.152
4/17/2022,0:00,293.883
4/17/2022,6:00,287.217
4/17/2022,12:00,287.892
4/17/2022,18:00,294.644
4/18/2022,0:00,294.822
4/18/2022,6:00,288.41
4/18/2022,18:00,297.055
4/19/2022,0:00,297.071
4/19/2022,6:00,290.303
4/19/2022,12:00,291.569
4/19/2022,18:00,298.505
4/20/2022,0:00,298.63
4/20/2022,6:00,291.473
4/20/2022,12:00,291.7
4/20/2022,18:00,299.924
4/21/2022,0:00,299.502
4/21/2022,6:00,291.534
4/21/2022,12:00,291.707
4/21/2022,18:00,298.404
4/22/2022,0:00,299.661
4/22/2022,6:00,293.368
4/22/2022,12:00,291.767
4/22/2022,18:00,297.296
4/23/2022,0:00,296.307
4/23/2022,6:00,289.465
4/23/2022,12:00,285.843
4/23/2022,18:00,293.131
4/24/2022,0:00,293.582
4/24/2022,6:00,286.724
4/24/2022,12:00,288.633
4/24/2022,18:00,299.628
4/25/2022,0:00,299.324
4/25/2022,6:00,295.938
4/25/2022,12:00,295.471
4/25/2022,18:00,301.232
4/26/2022,0:00,300.5
4/26/2022,6:00,296.44
4/26/2022,12:00,295.104
4/26/2022,18:00,302.018
4/27/2022,0:00,302.3
4/27/2022,6:00,297.987
4/27/2022,12:00,298.502
4/27/2022,18:00,303.306
4/28/2022,0:00,303.119
4/28/2022,6:00,295.587
4/28/2022,12:00,295.249
4/28/2022,18:00,295.531
4/29/2022,0:00,295.6
4/29/2022,6:00,289.922
4/29/2022,12:00,284.981
4/29/2022,18:00,290.156
4/30/2022,0:00,290.2
4/30/2022,6:00,283.936
4/30/2022,12:00,285.117
4/30/2022,18:00,290.603
5/1/2022,0:00,289.099
5/1/2022,6:00,288.302
5/1/2022,12:00,287.729
5/1/2022,18:00,290.922
5/2/2022,0:00,289.433
5/2/2022,6:00,288.184
5/2/2022,12:00,286.4
5/2/2022,18:00,286.659
5/3/2022,0:00,286.503
5/3/2022,6:00,286.229
5/3/2022,12:00,285.952
5/3/2022,18:00,286.197
5/4/2022,0:00,285.605
5/4/2022,6:00,286.2
5/4/2022,12:00,287.016
5/4/2022,18:00,292.171
5/5/2022,0:00,292.581
5/5/2022,6:00,288.939
5/5/2022,12:00,287.571
5/5/2022,18:00,293.758
5/6/2022,0:00,293.556
5/6/2022,6:00,288.503
5/6/2022,12:00,287.103
5/6/2022,18:00,293.215
5/7/2022,0:00,293.382
5/7/2022,6:00,287.508
5/7/2022,12:00,287.74
5/7/2022,18:00,293.822
5/8/2022,0:00,293.698
5/8/2022,6:00,286.3
5/8/2022,12:00,287.781
5/8/2022,18:00,296.076
5/9/2022,0:00,295.839
5/9/2022,6:00,289.3
5/9/2022,12:00,287.965
5/9/2022,18:00,294.735
5/10/2022,0:00,294.941
5/10/2022,6:00,289.263
5/10/2022,12:00,289.254
5/10/2022,18:00,293.3
5/11/2022,0:00,293.45
5/11/2022,6:00,288.317
5/11/2022,12:00,287.494
5/11/2022,18:00,292.085
5/12/2022,0:00,292.451
5/12/2022,6:00,285.804
5/12/2022,12:00,284.779
5/12/2022,18:00,291.231
5/13/2022,0:00,291.051
5/13/2022,6:00,284.587
5/13/2022,12:00,284.727
5/13/2022,18:00,292.4
5/14/2022,0:00,292.364
5/14/2022,6:00,286.1
5/14/2022,12:00,287.676
5/14/2022,18:00,292.196
5/15/2022,0:00,292.592
5/15/2022,6:00,289.303
5/15/2022,12:00,288.173
5/15/2022,18:00,292.353
5/16/2022,0:00,291.603
5/16/2022,6:00,283.041
5/16/2022,12:00,280.945
5/16/2022,18:00,287.488
5/17/2022,0:00,286.331
5/17/2022,6:00,283.875
5/17/2022,12:00,282.43
5/17/2022,18:00,285.6
5/18/2022,0:00,284.288
5/18/2022,6:00,284.012
5/18/2022,12:00,283.621
5/18/2022,18:00,289.3
5/19/2022,0:00,288.669
5/19/2022,6:00,281.856
5/19/2022,12:00,282.067
5/19/2022,18:00,288.856
5/20/2022,0:00,288.914
5/20/2022,6:00,282.508
5/20/2022,12:00,282.761
5/20/2022,18:00,289.863
5/21/2022,0:00,289.564
5/21/2022,6:00,282.851
5/21/2022,12:00,283.284
5/21/2022,18:00,290.803
5/22/2022,0:00,291.058
5/22/2022,6:00,284.946
5/22/2022,12:00,285.4
5/22/2022,18:00,292.606
5/23/2022,0:00,292.491
5/23/2022,6:00,285.341
5/23/2022,12:00,285.919
5/23/2022,18:00,294.26
5/24/2022,0:00,293.79
5/24/2022,6:00,286.865
5/24/2022,12:00,288.015
5/24/2022,18:00,297.056
5/25/2022,0:00,296.736
5/25/2022,6:00,290.273
5/25/2022,12:00,291.1
5/25/2022,18:00,298.515
5/26/2022,0:00,299.02
5/26/2022,6:00,291.581
5/26/2022,12:00,290.883
5/26/2022,18:00,290.128
5/27/2022,0:00,290.801
5/27/2022,6:00,290.907
5/27/2022,12:00,290.704
5/27/2022,18:00,291.342
5/28/2022,0:00,291.368
5/28/2022,6:00,290.354
5/28/2022,12:00,289.718
5/28/2022,18:00,291.484
5/29/2022,0:00,291.999
5/29/2022,6:00,290.838
5/29/2022,12:00,290.842
5/29/2022,18:00,289.359
5/30/2022,0:00,289.8
5/30/2022,6:00,283.983
5/30/2022,12:00,279.816
5/30/2022,18:00,285.602
5/31/2022,0:00,285.422
5/31/2022,6:00,278.5
5/31/2022,12:00,278.312
5/31/2022,18:00,284.942
6/1/2022,0:00,284.989
6/1/2022,6:00,278.157
6/1/2022,12:00,278.803
6/1/2022,18:00,286.238
6/2/2022,0:00,285.934
6/2/2022,6:00,279.045
6/2/2022,12:00,278.956
6/2/2022,18:00,285.876
6/3/2022,0:00,285.901
6/3/2022,6:00,279.044
6/3/2022,12:00,279.1
6/3/2022,18:00,286.249
6/4/2022,0:00,286.3
6/4/2022,6:00,280.047
6/4/2022,12:00,281.555
6/4/2022,18:00,292.19
6/5/2022,0:00,291.875
6/5/2022,6:00,288.364
6/5/2022,12:00,288.975
6/5/2022,18:00,291.458
6/6/2022,0:00,291.259
6/6/2022,6:00,290.925
6/6/2022,12:00,290.845
6/6/2022,18:00,290.69
6/7/2022,0:00,289.59
6/7/2022,6:00,288.335
6/7/2022,12:00,288.345
6/7/2022,18:00,291.395
6/8/2022,0:00,290.439
6/8/2022,6:00,288.933
6/8/2022,12:00,288.61
6/8/2022,18:00,293.386
6/9/2022,0:00,293.427
6/9/2022,6:00,288.308
6/9/2022,12:00,287.012
6/9/2022,18:00,293.25
6/10/2022,0:00,293.073
6/10/2022,6:00,287.82
6/10/2022,12:00,287.727
6/10/2022,18:00,286.503
6/11/2022,0:00,285.582
6/11/2022,6:00,278.243
6/11/2022,12:00,276.893
6/11/2022,18:00,284.8
6/12/2022,0:00,284.577
6/12/2022,6:00,278.461
6/12/2022,12:00,278.822
6/12/2022,18:00,287.736
6/13/2022,0:00,287.739
6/13/2022,6:00,280.975
6/13/2022,12:00,280.353
6/13/2022,18:00,288.703
6/14/2022,0:00,288.429
6/14/2022,6:00,282.198
6/14/2022,12:00,283.144
6/14/2022,18:00,292.052
6/15/2022,0:00,292.209
6/15/2022,6:00,285.757
6/15/2022,12:00,284.735
6/15/2022,18:00,292.958
6/16/2022,0:00,292.773
6/16/2022,6:00,286.614
6/16/2022,12:00,287.072
6/16/2022,18:00,290.616
6/17/2022,0:00,289.768
6/17/2022,6:00,289.959
6/17/2022,12:00,289.866
6/17/2022,18:00,288.792
6/18/2022,0:00,288.002
6/18/2022,6:00,281.7
6/18/2022,12:00,278.962
6/18/2022,18:00,284.956
6/19/2022,0:00,284.901
6/19/2022,6:00,279.351
6/19/2022,12:00,279.267
6/19/2022,18:00,288.092
6/20/2022,0:00,288.073
6/20/2022,6:00,281.229
6/20/2022,12:00,281.829
6/20/2022,18:00,291.097
6/21/2022,0:00,291.069
6/21/2022,6:00,287.932
6/21/2022,12:00,288.931
6/21/2022,18:00,290.271
6/22/2022,0:00,290.459
6/22/2022,6:00,288.718
6/22/2022,12:00,287.475
6/22/2022,18:00,286.223
6/23/2022,0:00,286.315
6/23/2022,6:00,284.965
6/23/2022,12:00,283.687
6/23/2022,18:00,286.516
6/24/2022,0:00,285.604
6/24/2022,6:00,285.858
6/24/2022,12:00,285.748
6/24/2022,18:00,287.489
6/25/2022,0:00,287.438
6/25/2022,6:00,285.665
6/25/2022,12:00,285.078
6/25/2022,18:00,287.21
6/26/2022,0:00,287.082
6/26/2022,6:00,281.812
6/26/2022,12:00,280.98
6/26/2022,18:00,284.766
6/27/2022,0:00,284.408
6/27/2022,6:00,283.324
6/27/2022,12:00,285.5
6/27/2022,18:00,290.74
6/28/2022,0:00,290.673
6/28/2022,6:00,288.545
6/28/2022,12:00,288.9
6/28/2022,18:00,288.802
6/29/2022,0:00,286.633
6/29/2022,6:00,281.835
6/29/2022,12:00,281.251
6/29/2022,18:00,288.242
6/30/2022,0:00,288.322
6/30/2022,6:00,282.651
6/30/2022,12:00,282.61
6/30/2022,18:00,289.246
7/1/2022,0:00,289.327
7/1/2022,6:00,283.313
7/1/2022,12:00,282.761
7/1/2022,18:00,292.34
7/2/2022,0:00,293.174
7/2/2022,6:00,290.225
7/2/2022,12:00,290.225
7/2/2022,18:00,293.873
7/3/2022,0:00,290.061
7/3/2022,6:00,287.285
7/3/2022,12:00,286.402
7/3/2022,18:00,288.403
7/4/2022,0:00,290.588
7/4/2022,6:00,287.844
7/4/2022,12:00,289.827
7/4/2022,18:00,296.1
7/5/2022,0:00,296.234
7/5/2022,6:00,292.366
7/5/2022,12:00,290.578
7/5/2022,18:00,292.383
7/6/2022,0:00,292.281
7/6/2022,6:00,289.876
7/6/2022,12:00,290.985
7/6/2022,18:00,295.452
7/7/2022,0:00,296.205
7/7/2022,6:00,291.612
7/7/2022,12:00,290.72
7/7/2022,18:00,294.735
7/8/2022,0:00,292.207
7/8/2022,6:00,287.547
7/8/2022,12:00,286.846
7/8/2022,18:00,294.757
7/9/2022,0:00,294.724
7/9/2022,6:00,289.638
7/9/2022,12:00,291.142
7/9/2022,18:00,297.333
7/10/2022,0:00,297.249
7/10/2022,6:00,294.004
7/10/2022,12:00,294.079
7/10/2022,18:00,297.78
7/11/2022,0:00,297.412
7/11/2022,6:00,295.463
7/11/2022,12:00,295.545
7/11/2022,18:00,295.145
7/12/2022,0:00,292.058
7/12/2022,6:00,285.414
7/12/2022,12:00,283.055
7/12/2022,18:00,286.404
7/13/2022,0:00,286.515
7/13/2022,6:00,281.735
7/13/2022,12:00,280.5
7/13/2022,18:00,288.498
7/14/2022,0:00,288.151
7/14/2022,6:00,285.351
7/14/2022,12:00,287.809
7/14/2022,18:00,292.579
7/15/2022,0:00,291.718
7/15/2022,6:00,291.1
7/15/2022,12:00,291.124
7/15/2022,18:00,295.637
7/16/2022,0:00,295.28
7/16/2022,6:00,292.469
7/16/2022,12:00,290.551
7/16/2022,18:00,291.132
7/17/2022,0:00,285.6
7/17/2022,6:00,282.332
7/17/2022,12:00,281.986
7/17/2022,18:00,286.23
7/18/2022,0:00,285.832
7/18/2022,6:00,281.14
7/18/2022,12:00,281.411
7/18/2022,18:00,288.509
7/19/2022,0:00,288.551
7/19/2022,6:00,284.91
7/19/2022,12:00,283.872
7/19/2022,18:00,290.128
7/20/2022,0:00,289.927
7/20/2022,6:00,284.32
7/20/2022,12:00,286.312
7/20/2022,18:00,295.654
7/21/2022,0:00,296.424
7/21/2022,6:00,292.368
7/21/2022,12:00,292.175
7/21/2022,18:00,297.352
7/22/2022,0:00,297.377
7/22/2022,6:00,292.639
7/22/2022,12:00,291.69
7/22/2022,18:00,297.632
7/23/2022,0:00,297.018
7/23/2022,6:00,291.956
7/23/2022,12:00,291.597
7/23/2022,18:00,298.066
7/24/2022,0:00,297.151
7/24/2022,6:00,293.131
7/24/2022,12:00,293.048
7/24/2022,18:00,297.863
7/25/2022,0:00,295.812
7/25/2022,6:00,293.441
7/25/2022,12:00,293.527
7/25/2022,18:00,300.057
7/26/2022,0:00,299.422
7/26/2022,6:00,293.132
7/26/2022,12:00,292.032
7/26/2022,18:00,299.73
7/27/2022,0:00,300.083
7/27/2022,6:00,293.133
7/27/2022,12:00,293.004
7/27/2022,18:00,299.259
7/28/2022,0:00,299.258
7/28/2022,6:00,292.976
7/28/2022,12:00,292.355
7/28/2022,18:00,292.851
7/29/2022,0:00,288.843
7/29/2022,6:00,284.814
7/29/2022,12:00,281.509
7/29/2022,18:00,288.606
7/30/2022,0:00,288.117
7/30/2022,6:00,282.542
7/30/2022,12:00,281.819
7/30/2022,18:00,289.385
7/31/2022,0:00,289.688
7/31/2022,6:00,283.566
7/31/2022,12:00,283.451
7/31/2022,18:00,291.475
8/1/2022,0:00,291.781
8/1/2022,6:00,285.469
8/1/2022,12:00,285.04
8/1/2022,18:00,292.726
8/2/2022,0:00,292.756
8/2/2022,6:00,286.272
8/2/2022,12:00,287.4
8/2/2022,18:00,290.5
8/3/2022,0:00,290.731
8/3/2022,6:00,290.644
8/3/2022,12:00,289.983
8/3/2022,18:00,296.869
8/4/2022,0:00,293.479
8/4/2022,6:00,290.861
8/4/2022,12:00,290.772
8/4/2022,18:00,290.966
8/5/2022,0:00,286.482
8/5/2022,6:00,284.938
8/5/2022,12:00,281.632
8/5/2022,18:00,288.395
8/6/2022,0:00,288.202
8/6/2022,6:00,281.8
8/6/2022,12:00,281.486
8/6/2022,18:00,288.025
8/7/2022,0:00,287.074
8/7/2022,6:00,283.124
8/7/2022,12:00,282.512
8/7/2022,18:00,288.003
8/8/2022,0:00,287.978
8/8/2022,6:00,285.427
8/8/2022,12:00,285.117
8/8/2022,18:00,287.066
8/9/2022,0:00,287.096
8/9/2022,6:00,285.746
8/9/2022,12:00,284.423
8/9/2022,18:00,284.065
8/10/2022,0:00,283.798
8/10/2022,6:00,283.781
8/10/2022,12:00,280.763
8/10/2022,18:00,287.9
8/11/2022,0:00,288.038
8/11/2022,6:00,282.645
8/11/2022,12:00,283.127
8/11/2022,18:00,290.482
8/12/2022,0:00,290.495
8/12/2022,6:00,284.363
8/12/2022,12:00,285.463
8/12/2022,18:00,293.042
8/13/2022,0:00,293.295
8/13/2022,6:00,287.336
8/13/2022,12:00,288.728
8/13/2022,18:00,296.104
8/14/2022,0:00,295.716
8/14/2022,6:00,289.154
8/14/2022,12:00,290.136
8/14/2022,18:00,297.639
8/15/2022,0:00,297.377
8/15/2022,6:00,290.982
8/15/2022,12:00,291.333
8/15/2022,18:00,297.4
8/16/2022,0:00,297.032
8/16/2022,6:00,289.301
8/16/2022,12:00,284.203
8/16/2022,18:00,292.476
8/17/2022,0:00,292.485
8/17/2022,6:00,285.559
8/17/2022,12:00,289.813
8/17/2022,18:00,295.549
8/18/2022,0:00,293.853
8/18/2022,6:00,289.586
8/18/2022,12:00,282.848
8/18/2022,18:00,286
8/19/2022,0:00,285.499
8/19/2022,6:00,278.941
8/19/2022,12:00,279.3
8/19/2022,18:00,285.295
8/20/2022,0:00,285.578
8/20/2022,6:00,280.131
8/20/2022,12:00,280.237
8/20/2022,18:00,288.389
8/21/2022,0:00,288.776
8/21/2022,6:00,281.616
8/21/2022,12:00,282.742
8/21/2022,18:00,291.585
8/22/2022,0:00,291.494
8/22/2022,6:00,284.086
8/22/2022,12:00,284.177
8/22/2022,18:00,292.9
8/23/2022,0:00,292.32
8/23/2022,6:00,285.2
8/23/2022,12:00,286.861
8/23/2022,18:00,295.763
8/24/2022,0:00,296.47
8/24/2022,6:00,289.927
8/24/2022,12:00,290.816
8/24/2022,18:00,296.927
8/25/2022,0:00,297.162
8/25/2022,6:00,290.628
8/25/2022,12:00,291.3
8/25/2022,18:00,299.807
8/26/2022,0:00,299.682
8/26/2022,6:00,293.107
8/26/2022,12:00,291.721
8/26/2022,18:00,299.088
8/27/2022,0:00,298.535
8/27/2022,6:00,292.093
8/27/2022,12:00,292.168
8/27/2022,18:00,299.155
8/28/2022,0:00,298.756
8/28/2022,6:00,292.694
8/28/2022,12:00,283.412
8/28/2022,18:00,285.8
8/29/2022,0:00,286.032
8/29/2022,6:00,280.178
8/29/2022,12:00,280.021
8/29/2022,18:00,287.201
8/30/2022,0:00,287.301
8/30/2022,6:00,280.88
8/30/2022,12:00,282.097
8/30/2022,18:00,293.3
8/31/2022,0:00,292.78
8/31/2022,6:00,285.285
8/31/2022,12:00,285.929
8/31/2022,18:00,295.427
9/1/2022,0:00,295.761
9/1/2022,6:00,288.702
9/1/2022,12:00,291
9/1/2022,18:00,297.585
9/2/2022,0:00,296.442
9/2/2022,6:00,290
9/2/2022,12:00,289.682
9/2/2022,18:00,292.207
9/3/2022,0:00,291.599
9/3/2022,6:00,285.1
9/3/2022,12:00,281.048
9/3/2022,18:00,288.824
9/4/2022,0:00,288.458
9/4/2022,6:00,281.575
9/4/2022,12:00,282.151
9/4/2022,18:00,289.5
9/5/2022,0:00,289.427
9/5/2022,6:00,282.603
9/5/2022,12:00,284.3
9/5/2022,18:00,292.205
9/6/2022,0:00,292.5
9/6/2022,6:00,287.116
9/6/2022,12:00,287.439
9/6/2022,18:00,294.96
9/7/2022,0:00,295.151
9/7/2022,6:00,288.463
9/7/2022,12:00,290.005
9/7/2022,18:00,296.386
9/8/2022,0:00,295.942
9/8/2022,6:00,289.032
9/8/2022,12:00,291.642
9/8/2022,18:00,300.597
9/9/2022,0:00,300.951
9/9/2022,6:00,295.706
9/9/2022,12:00,294.572
9/9/2022,18:00,290.259
9/10/2022,0:00,287.427
9/10/2022,6:00,283.205
9/10/2022,12:00,282.318
9/10/2022,18:00,288.836
9/11/2022,0:00,289.099
9/11/2022,6:00,281.931
9/11/2022,12:00,283.342
9/11/2022,18:00,291.299
9/12/2022,0:00,290.99
9/12/2022,6:00,286.438
9/12/2022,12:00,284.813
9/12/2022,18:00,292.955
9/13/2022,0:00,293.054
9/13/2022,6:00,285.299
9/13/2022,12:00,287.506
9/13/2022,18:00,293.701
9/14/2022,0:00,294.036
9/14/2022,6:00,286.438
9/14/2022,12:00,286.891
9/14/2022,18:00,293.134
9/15/2022,0:00,293.257
9/15/2022,6:00,286.839
9/15/2022,12:00,286.928
9/15/2022,18:00,293.265
9/16/2022,0:00,292.065
9/16/2022,6:00,287.161
9/16/2022,12:00,286.069
9/16/2022,18:00,296.881
9/17/2022,0:00,296.835
9/17/2022,6:00,289.912
9/17/2022,12:00,288.603
9/17/2022,18:00,296.937
9/18/2022,0:00,297.264
9/18/2022,6:00,289.394
9/18/2022,12:00,289.427
9/18/2022,18:00,296.75
9/19/2022,0:00,296.768
9/19/2022,6:00,290.305
9/19/2022,12:00,290.022
9/19/2022,18:00,292.459
9/20/2022,0:00,292.375
9/20/2022,6:00,288.658
9/20/2022,12:00,289.743
9/20/2022,18:00,294.444
9/21/2022,0:00,295.226
9/21/2022,6:00,289.072
9/21/2022,12:00,288.902
9/21/2022,18:00,293.4
9/22/2022,0:00,293.476
9/22/2022,6:00,286.9
9/22/2022,12:00,285.758
9/22/2022,18:00,289.377
9/23/2022,0:00,289
9/23/2022,6:00,283.865
9/23/2022,12:00,285.482
9/23/2022,18:00,292.255
9/24/2022,0:00,291.671
9/24/2022,6:00,285.176
9/24/2022,12:00,286.386
9/24/2022,18:00,292.5
9/25/2022,0:00,292.661
9/25/2022,6:00,285.345
9/25/2022,12:00,286.012
9/25/2022,18:00,294.3
9/26/2022,0:00,294.462
9/26/2022,6:00,287.364
9/26/2022,12:00,289.373
9/26/2022,18:00,296.402
9/27/2022,0:00,296.97
9/27/2022,6:00,289.224
9/27/2022,12:00,291.775
9/27/2022,18:00,296.635
9/28/2022,0:00,296.144
9/28/2022,6:00,288.677
9/28/2022,12:00,288.122
9/28/2022,18:00,293.629
9/29/2022,0:00,293.633
9/29/2022,6:00,288.765
9/29/2022,12:00,286.601
9/29/2022,18:00,289.984
9/30/2022,0:00,286.735
9/30/2022,6:00,287.449
9/30/2022,12:00,286.435
9/30/2022,18:00,290.875
10/1/2022,0:00,291.146
10/1/2022,6:00,287.062
10/1/2022,12:00,289.136
10/1/2022,18:00,296.1
10/2/2022,0:00,295.029
10/2/2022,6:00,286.686
10/2/2022,12:00,289.6
10/2/2022,18:00,295.339
10/3/2022,0:00,295.378
10/3/2022,6:00,287.742
10/3/2022,12:00,289.865
10/3/2022,18:00,296.01
10/4/2022,0:00,296.011
10/4/2022,6:00,286.104
10/4/2022,12:00,286.527
10/4/2022,18:00,294.448
10/5/2022,0:00,294.427
10/5/2022,6:00,286.248
10/5/2022,12:00,289.131
10/5/2022,18:00,298.55
10/6/2022,0:00,297.943
10/6/2022,6:00,293.3
10/6/2022,12:00,292.472
10/6/2022,18:00,295.532
10/7/2022,0:00,292.11
10/7/2022,6:00,286.956
10/7/2022,12:00,288.869
10/7/2022,18:00,295.73
10/8/2022,0:00,295.546
10/8/2022,6:00,288.38
10/8/2022,12:00,290.882
10/8/2022,18:00,297.645
10/9/2022,0:00,298.166
10/9/2022,6:00,290.084
10/9/2022,12:00,283.809
10/9/2022,18:00,290.483
10/10/2022,0:00,290
10/10/2022,6:00,282.804
10/10/2022,12:00,285.595
10/10/2022,18:00,291.761
10/11/2022,0:00,291.9
10/11/2022,6:00,285.054
10/11/2022,12:00,286.383
10/11/2022,18:00,290.802
10/12/2022,0:00,291.467
10/12/2022,6:00,287.762
10/12/2022,12:00,288.327
10/12/2022,18:00,295.52
10/13/2022,0:00,295.937
10/13/2022,6:00,288.472
10/13/2022,12:00,292.056
10/13/2022,18:00,299.01
10/14/2022,0:00,298.463
10/14/2022,6:00,289.909
10/14/2022,12:00,286.794
10/14/2022,18:00,294.548
10/15/2022,0:00,294.53
10/15/2022,6:00,287.652
10/15/2022,12:00,287.54
10/15/2022,18:00,292.292
10/16/2022,0:00,293.33
10/16/2022,6:00,288.858
10/16/2022,12:00,291.825
10/16/2022,18:00,298.5
10/17/2022,0:00,298.176
10/17/2022,6:00,288.8
10/17/2022,12:00,290.846
10/17/2022,18:00,296.7
10/18/2022,0:00,295.887
10/18/2022,6:00,290.585
10/18/2022,12:00,291.711
10/18/2022,18:00,296.752
10/19/2022,0:00,296.622
10/19/2022,6:00,292.01
10/19/2022,12:00,291.187
10/19/2022,18:00,299.555
10/20/2022,0:00,299.886
10/20/2022,6:00,293.881
10/20/2022,12:00,293.444
10/20/2022,18:00,298.065
10/21/2022,0:00,295.126
10/21/2022,6:00,291.831
10/21/2022,12:00,290.784
10/21/2022,18:00,295.927
10/22/2022,0:00,294.963
10/22/2022,6:00,288.849
10/22/2022,12:00,291.335
10/22/2022,18:00,298.486
10/23/2022,0:00,299.215
10/23/2022,6:00,290.561
10/23/2022,12:00,287.557
10/23/2022,18:00,295.917
10/24/2022,0:00,296.282
10/24/2022,6:00,287.931
10/24/2022,12:00,291.242
10/24/2022,18:00,298.492
10/25/2022,0:00,298.512
10/25/2022,6:00,289.996
10/25/2022,12:00,292.59
10/25/2022,18:00,302.082
10/26/2022,0:00,301.214
10/26/2022,6:00,293.475
10/26/2022,12:00,297.796
10/26/2022,18:00,304.738
10/27/2022,0:00,293.6
10/27/2022,6:00,292.416
10/27/2022,12:00,293.718
10/27/2022,18:00,299.492
10/28/2022,0:00,299.638
10/28/2022,6:00,289.866
10/28/2022,12:00,293.921
10/28/2022,18:00,300.857
10/29/2022,0:00,301.199
10/29/2022,6:00,293.129
10/29/2022,12:00,296.892
10/29/2022,18:00,304.62
10/30/2022,0:00,304.222
10/30/2022,6:00,296.975
10/30/2022,12:00,297.963
10/30/2022,18:00,304.684
10/31/2022,0:00,301.918
10/31/2022,6:00,288.147
10/31/2022,12:00,286.35
10/31/2022,18:00,288.487
11/1/2022,0:00,289.199
11/1/2022,6:00,284.546
11/1/2022,12:00,285.227
11/1/2022,18:00,291.589
11/2/2022,0:00,292.124
11/2/2022,6:00,283.038
11/2/2022,12:00,287.171
11/2/2022,18:00,294.448
11/3/2022,0:00,294.264
11/3/2022,6:00,286.242
11/3/2022,12:00,290.317
11/3/2022,18:00,297.146
11/4/2022,0:00,297.332
11/4/2022,6:00,288.23
11/4/2022,12:00,289.827
11/4/2022,18:00,296.508
11/5/2022,0:00,296.564
11/5/2022,6:00,288.95
11/5/2022,12:00,290.864
11/5/2022,18:00,297.875
11/6/2022,0:00,298.131
11/6/2022,6:00,290.581
11/6/2022,12:00,292.24
11/6/2022,18:00,299.284
11/7/2022,0:00,298.946
11/7/2022,6:00,291.584
11/7/2022,12:00,291.557
11/7/2022,18:00,298.361
11/8/2022,0:00,298.326
11/8/2022,6:00,289.822
11/8/2022,12:00,291.133
11/8/2022,18:00,298.97
11/9/2022,0:00,299.002
11/9/2022,6:00,290.779
11/9/2022,12:00,292.28
11/9/2022,18:00,300.402
11/10/2022,0:00,300.691
11/10/2022,6:00,291.514
11/10/2022,12:00,295.433
11/10/2022,18:00,303.322
11/11/2022,0:00,302.33
11/11/2022,6:00,295.05
11/11/2022,12:00,295.566
11/11/2022,18:00,300.267
11/12/2022,0:00,301.844
11/12/2022,6:00,292.785
11/12/2022,12:00,296.416
11/12/2022,18:00,303.82
11/13/2022,0:00,303.343
11/13/2022,6:00,296.345
11/13/2022,12:00,293.022
11/13/2022,18:00,294.937
11/14/2022,0:00,293.496
11/14/2022,6:00,291.514
11/14/2022,12:00,292.434
11/14/2022,18:00,296.935
11/15/2022,0:00,295.84
11/15/2022,6:00,288.714
11/15/2022,12:00,295.249
11/15/2022,18:00,301.388
11/16/2022,0:00,303.074
11/16/2022,6:00,293.591
11/16/2022,12:00,297.414
11/16/2022,18:00,305.63
11/17/2022,0:00,305.633
11/17/2022,6:00,296.487
11/17/2022,12:00,298.762
11/17/2022,18:00,306.283
11/18/2022,0:00,306.427
11/18/2022,6:00,295.866
11/18/2022,12:00,299.553
11/18/2022,18:00,308.587
11/19/2022,0:00,307.695
11/19/2022,6:00,296.75
11/19/2022,12:00,299.541
11/19/2022,18:00,308.592
11/20/2022,0:00,308.991
11/20/2022,6:00,298.229
11/20/2022,12:00,301.295
11/20/2022,18:00,309.551
11/21/2022,0:00,309.028
11/21/2022,6:00,298.291
11/21/2022,12:00,292.867
11/21/2022,18:00,295.37
11/22/2022,0:00,295.21
11/22/2022,6:00,293.137
11/22/2022,12:00,292.119
11/22/2022,18:00,297.766
11/23/2022,0:00,297.756
11/23/2022,6:00,290.996
11/23/2022,12:00,293.168
11/23/2022,18:00,299.663
11/24/2022,0:00,299.906
11/24/2022,6:00,292.054
11/24/2022,12:00,295.348
11/24/2022,18:00,303.705
11/25/2022,0:00,304.275
11/25/2022,6:00,295.648
11/25/2022,12:00,298.594
11/25/2022,18:00,305.934
11/26/2022,0:00,306.194
11/26/2022,6:00,296.511
11/26/2022,12:00,296.791
11/26/2022,18:00,305.859
11/27/2022,0:00,305.367
11/27/2022,6:00,298.014
11/27/2022,12:00,298.285
11/27/2022,18:00,306.044
11/28/2022,0:00,306.094
11/28/2022,6:00,298.513
11/28/2022,12:00,297.871
11/28/2022,18:00,305.994
11/29/2022,0:00,306.57
11/29/2022,6:00,297.973
11/29/2022,12:00,298.405
11/29/2022,18:00,307.426
11/30/2022,0:00,307.749
11/30/2022,6:00,299.435
11/30/2022,12:00,300.421
11/30/2022,18:00,309.345
12/1/2022,0:00,309.037
12/1/2022,6:00,300.261
12/1/2022,12:00,300.318
12/1/2022,18:00,309.989
12/2/2022,0:00,308.717
12/2/2022,6:00,300.056
12/2/2022,12:00,298.355
12/2/2022,18:00,305.389
12/3/2022,0:00,307.243
12/3/2022,6:00,295.088
12/3/2022,12:00,299.074
12/3/2022,18:00,303.055
12/4/2022,0:00,305.088
12/4/2022,6:00,295.16
12/4/2022,12:00,298.495
12/4/2022,18:00,306.622
12/5/2022,0:00,307.883
12/5/2022,6:00,297.778
12/5/2022,12:00,300.182
12/5/2022,18:00,307.713
12/6/2022,0:00,307.229
12/6/2022,6:00,298.584
12/6/2022,12:00,299.29
12/6/2022,18:00,309.067
12/7/2022,0:00,311.084
12/7/2022,6:00,300.809
12/7/2022,12:00,302.917
12/7/2022,18:00,312.053
12/8/2022,0:00,312.263
12/8/2022,6:00,302.673
12/8/2022,12:00,303.98
12/8/2022,18:00,313.844
12/9/2022,0:00,314.829
12/9/2022,6:00,303.843
12/9/2022,12:00,306.758
12/9/2022,18:00,314.954
12/10/2022,0:00,314.933
12/10/2022,6:00,303.541
12/10/2022,12:00,304.901
12/10/2022,18:00,310.552
12/11/2022,0:00,309.57
12/11/2022,6:00,302.262
12/11/2022,12:00,303.312
12/11/2022,18:00,312.388
12/12/2022,0:00,313.27
12/12/2022,6:00,302.152
12/12/2022,12:00,305.919
12/12/2022,18:00,314.02
12/13/2022,0:00,310.96
12/13/2022,6:00,296.691
12/13/2022,12:00,297.799
12/13/2022,18:00,305.597
12/14/2022,0:00,306.038
12/14/2022,6:00,296.422
12/14/2022,12:00,299.177
12/14/2022,18:00,307.789
12/15/2022,0:00,308.483
12/15/2022,6:00,298.262
12/15/2022,12:00,301.236
12/15/2022,18:00,309.55
12/16/2022,0:00,309.182
12/16/2022,6:00,300.682
12/16/2022,12:00,295.258
12/16/2022,18:00,304.471
12/17/2022,0:00,304.463
12/17/2022,6:00,295.893
12/17/2022,12:00,294.986
12/17/2022,18:00,304.2
12/18/2022,0:00,304.189
12/18/2022,6:00,296.573
12/18/2022,12:00,296.805
12/18/2022,18:00,306.459
12/19/2022,0:00,307.319
12/19/2022,6:00,297.114
12/19/2022,12:00,297.955
12/19/2022,18:00,306.721
12/20/2022,0:00,306.752
12/20/2022,6:00,297.173
12/20/2022,12:00,297.464
12/20/2022,18:00,307.832
12/21/2022,0:00,307.958
12/21/2022,6:00,299.556
12/21/2022,12:00,298.8
12/21/2022,18:00,309.009
12/22/2022,0:00,309.348
12/22/2022,6:00,300.03
12/22/2022,12:00,299.424
12/22/2022,18:00,310.209
12/23/2022,0:00,310.993
12/23/2022,6:00,303.546
12/23/2022,12:00,302.763
12/23/2022,18:00,310.299
12/24/2022,0:00,310.705
12/24/2022,6:00,298.365
12/24/2022,12:00,302.288
12/24/2022,18:00,303.13
12/25/2022,0:00,305.231
12/25/2022,6:00,298.478
12/25/2022,12:00,294.814
12/25/2022,18:00,303.627
12/26/2022,0:00,304.473
12/26/2022,6:00,294.359
12/26/2022,12:00,296.123
12/26/2022,18:00,304.629
12/27/2022,0:00,305.264
12/27/2022,6:00,298.608
12/27/2022,12:00,298.286
12/27/2022,18:00,300.629
12/28/2022,0:00,297.645
12/28/2022,6:00,293.929
12/28/2022,12:00,296.075
12/28/2022,18:00,305.613
12/29/2022,0:00,307.029
12/29/2022,6:00,300.327
12/29/2022,12:00,298.969
12/29/2022,18:00,307.337
12/30/2022,0:00,307.687
12/30/2022,6:00,297.719
12/30/2022,12:00,301.558
12/30/2022,18:00,309.453
12/31/2022,0:00,309.283
12/31/2022,6:00,300.663
12/31/2022,12:00,305.055
12/31/2022,18:00,311.901
1/1/2023,0:00,312.378
1/1/2023,6:00,302.492
1/1/2023,12:00,307.618
1/1/2023,18:00,314.522
1/2/2023,0:00,314.978
1/2/2023,6:00,298.541
1/2/2023,12:00,301.767
1/2/2023,18:00,308.551
1/3/2023,0:00,309.096
1/3/2023,6:00,298.509
1/3/2023,12:00,299.503
1/3/2023,18:00,309.018
1/4/2023,0:00,308.427
1/4/2023,6:00,299.363
1/4/2023,12:00,301.768
1/4/2023,18:00,309.804
1/5/2023,0:00,309.723
1/5/2023,6:00,299.748
1/5/2023,12:00,300.426
1/5/2023,18:00,310.188
1/6/2023,0:00,310.86
1/6/2023,6:00,301.408
1/6/2023,12:00,300.945
1/6/2023,18:00,310.502
1/7/2023,0:00,310.806
1/7/2023,6:00,301.967
1/7/2023,12:00,299.023
1/7/2023,18:00,310.128
1/8/2023,0:00,310.05
1/8/2023,6:00,300.363
1/8/2023,12:00,298.411
1/8/2023,18:00,309.23
1/9/2023,0:00,309.552
1/9/2023,6:00,300.488
1/9/2023,12:00,299.41
1/9/2023,18:00,308.888
1/10/2023,0:00,310.047
1/10/2023,6:00,302.17
1/10/2023,12:00,300.094
1/10/2023,18:00,309.891
1/11/2023,0:00,310.463
1/11/2023,6:00,299.14
1/11/2023,12:00,303.388
1/11/2023,18:00,312.867
1/12/2023,0:00,312.771
1/12/2023,6:00,305.221
1/12/2023,12:00,303.26
1/12/2023,18:00,311.717
1/13/2023,0:00,311.052
1/13/2023,6:00,297.352
1/13/2023,12:00,294.386
1/13/2023,18:00,292.95
1/14/2023,0:00,295.501
1/14/2023,6:00,293
1/14/2023,12:00,296.188
1/14/2023,18:00,303.987
1/15/2023,0:00,304.218
1/15/2023,6:00,297.469
1/15/2023,12:00,298.003
1/15/2023,18:00,305.922
1/16/2023,0:00,308.55
1/16/2023,6:00,301.647
1/16/2023,12:00,300.477
1/16/2023,18:00,309.963
1/17/2023,0:00,309.279
1/17/2023,6:00,301.275
1/17/2023,12:00,301.558
1/17/2023,18:00,311.432
1/18/2023,0:00,311.951
1/18/2023,6:00,303.133
1/18/2023,12:00,300.731
1/18/2023,18:00,311.445
1/19/2023,0:00,311.936
1/19/2023,6:00,303.51
1/19/2023,12:00,300.835
1/19/2023,18:00,311.069
1/20/2023,0:00,310.531
1/20/2023,6:00,302.165
1/20/2023,12:00,301.587
1/20/2023,18:00,312.55
1/21/2023,0:00,312.758
1/21/2023,6:00,305.796
1/21/2023,12:00,305.498
1/21/2023,18:00,312.519
1/22/2023,0:00,307.621
1/22/2023,6:00,299.915
1/22/2023,12:00,301.203
1/22/2023,18:00,310.254
1/23/2023,0:00,312.248
1/23/2023,6:00,302.679
1/23/2023,12:00,303.451
1/23/2023,18:00,311.387
1/24/2023,0:00,312.276
1/24/2023,6:00,302.765
1/24/2023,12:00,301.417
1/24/2023,18:00,312.962
1/25/2023,0:00,312.208
1/25/2023,6:00,304.286
1/25/2023,12:00,304.418
1/25/2023,18:00,313.339
1/26/2023,0:00,314.359
1/26/2023,6:00,304.81
1/26/2023,12:00,301.55
1/26/2023,18:00,309.604
1/27/2023,0:00,311.418
1/27/2023,6:00,298.23
1/27/2023,12:00,301.168
1/27/2023,18:00,313.731
1/28/2023,0:00,313.865
1/28/2023,6:00,305.374
1/28/2023,12:00,305.988
1/28/2023,18:00,313.621
1/29/2023,0:00,311.214
1/29/2023,6:00,301.174
1/29/2023,12:00,303.598
1/29/2023,18:00,311.981
1/30/2023,0:00,311.445
1/30/2023,6:00,302.38
1/30/2023,12:00,300.509
1/30/2023,18:00,308.695
1/31/2023,0:00,310.504
1/31/2023,6:00,301.476
1/31/2023,12:00,302.142
1/31/2023,18:00,311.412
2/1/2023,0:00,312.02
2/1/2023,6:00,302.08
2/1/2023,12:00,303.306
2/1/2023,18:00,312.132
2/2/2023,0:00,312.844
2/2/2023,6:00,306.208
2/2/2023,12:00,302.632
2/2/2023,18:00,310.226
2/3/2023,0:00,310.855
2/3/2023,6:00,295.458
2/3/2023,12:00,297.387
2/3/2023,18:00,308.091
2/4/2023,0:00,305.854
2/4/2023,6:00,295.114
2/4/2023,12:00,296.03
2/4/2023,18:00,304.483
2/5/2023,0:00,306.394
2/5/2023,6:00,296.474
2/5/2023,12:00,296.659
2/5/2023,18:00,305.117
2/6/2023,0:00,306.631
2/6/2023,6:00,297.802
2/6/2023,12:00,299.449
2/6/2023,18:00,308.553
2/7/2023,0:00,309.29
2/7/2023,6:00,299.887
2/7/2023,12:00,302.138
2/7/2023,18:00,310.744
2/8/2023,0:00,310.68
2/8/2023,6:00,302.48
2/8/2023,12:00,303.171
2/8/2023,18:00,312.782
2/9/2023,0:00,313.049
2/9/2023,6:00,304.22
2/9/2023,12:00,301.047
2/9/2023,18:00,311.492
2/10/2023,0:00,310.516
2/10/2023,6:00,302.112
2/10/2023,12:00,302.981
2/10/2023,18:00,311.981
2/11/2023,0:00,312.609
2/11/2023,6:00,302.825
2/11/2023,12:00,303.691
2/11/2023,18:00,312.581
2/12/2023,0:00,313.179
2/12/2023,6:00,304.045
2/12/2023,12:00,303.847
2/12/2023,18:00,314.608
2/13/2023,0:00,314.386
2/13/2023,6:00,303.501
2/13/2023,12:00,304.746
2/13/2023,18:00,313.862
2/14/2023,0:00,313.264
2/14/2023,6:00,305.288
2/14/2023,12:00,303.06
2/14/2023,18:00,312.229
2/15/2023,0:00,313.008
2/15/2023,6:00,294.935
2/15/2023,12:00,298.118
2/15/2023,18:00,308.673
2/16/2023,0:00,311.108
2/16/2023,6:00,303.224
2/16/2023,12:00,302.311
2/16/2023,18:00,310.845
2/17/2023,0:00,310.861
2/17/2023,6:00,292.975
2/17/2023,12:00,292.409
2/17/2023,18:00,298.543
2/18/2023,0:00,298.336
2/18/2023,6:00,291.34
2/18/2023,12:00,288.184
2/18/2023,18:00,298.632
2/19/2023,0:00,298.659
2/19/2023,6:00,289.57
2/19/2023,12:00,291.365
2/19/2023,18:00,302.493
2/20/2023,0:00,301.548
2/20/2023,6:00,293.761
2/20/2023,12:00,295.378
2/20/2023,18:00,305.903
2/21/2023,0:00,306.563
2/21/2023,6:00,295.653
2/21/2023,12:00,296.574
2/21/2023,18:00,306.181
2/22/2023,0:00,307.414
2/22/2023,6:00,298.017
2/22/2023,12:00,298.736
2/22/2023,18:00,308.478
2/23/2023,0:00,309.27
2/23/2023,6:00,300.395
2/23/2023,12:00,296.446
2/23/2023,18:00,307.519
2/24/2023,0:00,309.695
2/24/2023,6:00,295.807
2/24/2023,12:00,298.136
2/24/2023,18:00,301.848
2/25/2023,0:00,302.047
2/25/2023,6:00,294.109
2/25/2023,12:00,296.33
2/25/2023,18:00,306.476
2/26/2023,0:00,306.524
2/26/2023,6:00,297.88
2/26/2023,12:00,299.675
2/26/2023,18:00,308.78
2/27/2023,0:00,308.932
2/27/2023,6:00,301.666
2/27/2023,12:00,300.036
2/27/2023,18:00,309.615
2/28/2023,0:00,309.452
2/28/2023,6:00,300.91
2/28/2023,12:00,300.635
2/28/2023,18:00,310.021
3/1/2023,0:00,308.234
3/1/2023,6:00,299.118
3/1/2023,12:00,300.801
3/1/2023,18:00,309.184
3/2/2023,0:00,308.674
3/2/2023,6:00,299.614
3/2/2023,12:00,298.961
3/2/2023,18:00,304.233
3/3/2023,0:00,298.937
3/3/2023,6:00,295.537
3/3/2023,12:00,296.612
3/3/2023,18:00,300.6
3/4/2023,0:00,300.679
3/4/2023,6:00,295.265
3/4/2023,12:00,295.719
3/4/2023,18:00,302.3
3/5/2023,0:00,302.391
3/5/2023,6:00,296.697
3/5/2023,12:00,296.816
3/5/2023,18:00,305.2
3/6/2023,0:00,305.326
3/6/2023,6:00,297.738
3/6/2023,12:00,295.356
3/6/2023,18:00,304.414
3/7/2023,0:00,304.907
3/7/2023,6:00,298.384
3/7/2023,12:00,297.151
3/7/2023,18:00,305.946
3/8/2023,0:00,306.094
3/8/2023,6:00,299.853
3/8/2023,12:00,300.249
3/8/2023,18:00,308.11
3/9/2023,0:00,308.155
3/9/2023,6:00,301.496
3/9/2023,12:00,299.549
3/9/2023,18:00,308.525
3/10/2023,0:00,308.963
3/10/2023,6:00,301.485
3/10/2023,12:00,300.918
3/10/2023,18:00,309.644
3/11/2023,0:00,309.607
3/11/2023,6:00,302.508
3/11/2023,12:00,300.073
3/11/2023,18:00,310.642
3/12/2023,0:00,310.57
3/12/2023,6:00,301.767
3/12/2023,12:00,299.824
3/12/2023,18:00,310.972
3/13/2023,0:00,310.929
3/13/2023,6:00,303.514
3/13/2023,12:00,300.314
3/13/2023,18:00,310.276
3/14/2023,0:00,310.723
3/14/2023,6:00,300.688
3/14/2023,12:00,299.927
3/14/2023,18:00,306.847
3/15/2023,0:00,305.372
3/15/2023,6:00,296.999
3/15/2023,12:00,296.799
3/15/2023,18:00,300.714
3/16/2023,0:00,297.291
3/16/2023,6:00,295.354
3/16/2023,12:00,295.033
3/16/2023,18:00,300.279
3/17/2023,0:00,302.409
3/17/2023,6:00,297.499
3/17/2023,12:00,298.628
3/17/2023,18:00,305.201
3/18/2023,0:00,305.482
3/18/2023,6:00,297.73
3/18/2023,12:00,298.026
3/18/2023,18:00,305.644
3/19/2023,0:00,305.963
3/19/2023,6:00,297.232
3/19/2023,12:00,299.482
3/19/2023,18:00,307.8
3/20/2023,0:00,307.612
3/20/2023,6:00,299.833
3/20/2023,12:00,298.719
3/20/2023,18:00,308.564
3/21/2023,0:00,307.124
3/21/2023,6:00,295.743
3/21/2023,12:00,296.534
3/21/2023,18:00,304.506
3/22/2023,0:00,305.181
3/22/2023,6:00,298.228
3/22/2023,12:00,295
3/22/2023,18:00,304.814
3/23/2023,0:00,304.049
3/23/2023,6:00,297.258
3/23/2023,12:00,297.002
3/23/2023,18:00,307.092
3/24/2023,0:00,308.221
3/24/2023,6:00,296.415
3/24/2023,12:00,297.115
3/24/2023,18:00,305.308
3/25/2023,0:00,305.426
3/25/2023,6:00,299.122
3/25/2023,12:00,295.924
3/25/2023,18:00,299.205
3/26/2023,0:00,299.085
3/26/2023,6:00,295.036
3/26/2023,12:00,293.489
3/26/2023,18:00,301.931
3/27/2023,0:00,301.656
3/27/2023,6:00,293.368
3/27/2023,12:00,292.146
3/27/2023,18:00,300.926
3/28/2023,0:00,301.471
3/28/2023,6:00,292.528
3/28/2023,12:00,293.324
3/28/2023,18:00,304.4
3/29/2023,0:00,304.269
3/29/2023,6:00,297.3
3/29/2023,12:00,297.076
3/29/2023,18:00,307.143
3/30/2023,0:00,306.801
3/30/2023,6:00,296.805
3/30/2023,12:00,296.067
3/30/2023,18:00,303.601
3/31/2023,0:00,303.859
3/31/2023,6:00,296.816
3/31/2023,12:00,295.985
3/31/2023,18:00,301.763
4/1/2023,0:00,300.791
4/1/2023,6:00,292.631
4/1/2023,12:00,287.236
4/1/2023,18:00,295.639
4/2/2023,0:00,296.741
4/2/2023,6:00,288.973
4/2/2023,12:00,290.409
4/2/2023,18:00,299.524
4/3/2023,0:00,299.8
4/3/2023,6:00,290.625
4/3/2023,12:00,291.773
4/3/2023,18:00,302.503
4/4/2023,0:00,302.021
4/4/2023,6:00,294.342
4/4/2023,12:00,290.831
4/4/2023,18:00,297.325
4/5/2023,0:00,297.405
4/5/2023,6:00,292.714
4/5/2023,12:00,293.069
4/5/2023,18:00,297.129
4/6/2023,0:00,299.824
4/6/2023,6:00,295.899
4/6/2023,12:00,291.334
4/6/2023,18:00,298.582
4/7/2023,0:00,298.473
4/7/2023,6:00,294.215
4/7/2023,12:00,292.332
4/7/2023,18:00,297.823
4/8/2023,0:00,296.333
4/8/2023,6:00,292.25
4/8/2023,12:00,292.468
4/8/2023,18:00,298.824
4/9/2023,0:00,299.825
4/9/2023,6:00,295
4/9/2023,12:00,293.244
4/9/2023,18:00,301.955
4/10/2023,0:00,302.655
4/10/2023,6:00,294.815
4/10/2023,12:00,295.3
4/10/2023,18:00,303.818
4/11/2023,0:00,303.859
4/11/2023,6:00,295.015
4/11/2023,12:00,296.456
4/11/2023,18:00,305.765
4/12/2023,0:00,305.729
4/12/2023,6:00,298.092
4/12/2023,12:00,296.2
4/12/2023,18:00,303.694
4/13/2023,0:00,305.059
4/13/2023,6:00,296.549
4/13/2023,12:00,291.465
4/13/2023,18:00,289.9
4/14/2023,0:00,290.683
4/14/2023,6:00,290.324
4/14/2023,12:00,289.151
4/14/2023,18:00,296.9
4/15/2023,0:00,297.097
4/15/2023,6:00,288.958
4/15/2023,12:00,289.702
4/15/2023,18:00,298.903
4/16/2023,0:00,299.337
4/16/2023,6:00,293.508
4/16/2023,12:00,290.8
4/16/2023,18:00,297.5
4/17/2023,0:00,298.042
4/17/2023,6:00,293.13
4/17/2023,12:00,290.608
4/17/2023,18:00,297.723
4/18/2023,0:00,297.958
4/18/2023,6:00,289.394
4/18/2023,12:00,289.258
4/18/2023,18:00,297
4/19/2023,0:00,296.787
4/19/2023,6:00,286.643
4/19/2023,12:00,287.667
4/19/2023,18:00,293.725
4/20/2023,0:00,289.897
4/20/2023,6:00,283.512
4/20/2023,12:00,286.112
4/20/2023,18:00,294.958
4/21/2023,0:00,294.976
4/21/2023,6:00,286.331
4/21/2023,12:00,287.515
4/21/2023,18:00,300.06
4/22/2023,0:00,299.775
4/22/2023,6:00,290.231
4/22/2023,12:00,289.504
4/22/2023,18:00,299.512
4/23/2023,0:00,299.506
4/23/2023,6:00,291.964
4/23/2023,12:00,290.928
4/23/2023,18:00,300.3
4/24/2023,0:00,300.677
4/24/2023,6:00,293.971
4/24/2023,12:00,292.933
4/24/2023,18:00,301.345
4/25/2023,0:00,300.839
4/25/2023,6:00,294.081
4/25/2023,12:00,291.7
4/25/2023,18:00,295.639
4/26/2023,0:00,295.881
4/26/2023,6:00,290.898
4/26/2023,12:00,291.033
4/26/2023,18:00,297.391
4/27/2023,0:00,296.113
4/27/2023,6:00,291.866
4/27/2023,12:00,290.927
4/27/2023,18:00,297.972
4/28/2023,0:00,299.002
4/28/2023,6:00,291.436
4/28/2023,12:00,291.999
4/28/2023,18:00,301.165
4/29/2023,0:00,300.534
4/29/2023,6:00,290.337
4/29/2023,12:00,292.125
4/29/2023,18:00,302.607
4/30/2023,0:00,302.106
4/30/2023,6:00,293.623
4/30/2023,12:00,293.48
4/30/2023,18:00,303.904
5/1/2023,0:00,303.886
5/1/2023,6:00,297.417
5/1/2023,12:00,296.07
5/1/2023,18:00,294.143
5/2/2023,0:00,291.947
5/2/2023,6:00,289.677
5/2/2023,12:00,288.609
5/2/2023,18:00,287.448
5/3/2023,0:00,287.585
5/3/2023,6:00,287.864
5/3/2023,12:00,287.813
5/3/2023,18:00,288.876
5/4/2023,0:00,288.403
5/4/2023,6:00,288.635
5/4/2023,12:00,289.756
5/4/2023,18:00,290.6
5/5/2023,0:00,290.713
5/5/2023,6:00,291.148
5/5/2023,12:00,291.224
5/5/2023,18:00,292.621
5/6/2023,0:00,293.565
5/6/2023,6:00,292.533
5/6/2023,12:00,291.19
5/6/2023,18:00,291.737
5/7/2023,0:00,291.582
5/7/2023,6:00,291.336
5/7/2023,12:00,291.224
5/7/2023,18:00,291.142
5/8/2023,0:00,290.677
5/8/2023,6:00,287.822
5/8/2023,12:00,287.8
5/8/2023,18:00,293.9
5/9/2023,0:00,293.834
5/9/2023,6:00,287.749
5/9/2023,12:00,287.8
5/9/2023,18:00,293.478
5/10/2023,0:00,293.8
5/10/2023,6:00,286.733
5/10/2023,12:00,286.983
5/10/2023,18:00,294.167
5/11/2023,0:00,293.738
5/11/2023,6:00,286.7
5/11/2023,12:00,284.21
5/11/2023,18:00,289.969
5/12/2023,0:00,289.679
5/12/2023,6:00,284.534
5/12/2023,12:00,284.63
5/12/2023,18:00,291.638
5/13/2023,0:00,291.395
5/13/2023,6:00,285.353
5/13/2023,12:00,286.034
5/13/2023,18:00,293.107
5/14/2023,0:00,293.672
5/14/2023,6:00,287.122
5/14/2023,12:00,287.8
5/14/2023,18:00,295.475
5/15/2023,0:00,295.214
5/15/2023,6:00,288.258
5/15/2023,12:00,288.673
5/15/2023,18:00,296.541
5/16/2023,0:00,296.262
5/16/2023,6:00,289.441
5/16/2023,12:00,288.865
5/16/2023,18:00,297.1
5/17/2023,0:00,296.647
5/17/2023,6:00,288.589
5/17/2023,12:00,288.477
5/17/2023,18:00,297.02
5/18/2023,0:00,297.794
5/18/2023,6:00,290.344
5/18/2023,12:00,289.532
5/18/2023,18:00,297.79
5/19/2023,0:00,297.532
5/19/2023,6:00,290.6
5/19/2023,12:00,290.332
5/19/2023,18:00,297.745
5/20/2023,0:00,297.521
5/20/2023,6:00,291.145
5/20/2023,12:00,290.8
5/20/2023,18:00,296.461
5/21/2023,0:00,296.209
5/21/2023,6:00,291.54
5/21/2023,12:00,290.453
5/21/2023,18:00,291.442
5/22/2023,0:00,289.933
5/22/2023,6:00,289.766
5/22/2023,12:00,289.768
5/22/2023,18:00,296.763
5/23/2023,0:00,296.935
5/23/2023,6:00,291.917
5/23/2023,12:00,292.028
5/23/2023,18:00,299.405
5/24/2023,0:00,299.25
5/24/2023,6:00,293.451
5/24/2023,12:00,293.371
5/24/2023,18:00,300.4
5/25/2023,0:00,299.695
5/25/2023,6:00,293.677
5/25/2023,12:00,292.26
5/25/2023,18:00,298.943
5/26/2023,0:00,299.586
5/26/2023,6:00,292.39
5/26/2023,12:00,293.679
5/26/2023,18:00,299.194
5/27/2023,0:00,299.939
5/27/2023,6:00,292.785
5/27/2023,12:00,292.416
5/27/2023,18:00,292.15
5/28/2023,0:00,289.785
5/28/2023,6:00,288.622
5/28/2023,12:00,284.842
5/28/2023,18:00,289.113
5/29/2023,0:00,288.7
5/29/2023,6:00,282.202
5/29/2023,12:00,282.666
5/29/2023,18:00,290.091
5/30/2023,0:00,290.176
5/30/2023,6:00,284.714
5/30/2023,12:00,284.737
5/30/2023,18:00,293
5/31/2023,0:00,291.942
5/31/2023,6:00,286.697
5/31/2023,12:00,287.629
5/31/2023,18:00,295.436
6/1/2023,0:00,295.712
6/1/2023,6:00,290.724
6/1/2023,12:00,290.112
6/1/2023,18:00,296.622
6/2/2023,0:00,296.384
6/2/2023,6:00,290.564
6/2/2023,12:00,289.784
6/2/2023,18:00,296.477
6/3/2023,0:00,296.9
6/3/2023,6:00,290.8
6/3/2023,12:00,290.037
6/3/2023,18:00,297.7
6/4/2023,0:00,297.255
6/4/2023,6:00,291.725
6/4/2023,12:00,290.581
6/4/2023,18:00,298.702
6/5/2023,0:00,298.54
6/5/2023,6:00,291.523
6/5/2023,12:00,289.633
6/5/2023,18:00,294.737
6/6/2023,0:00,293.871
6/6/2023,6:00,289.785
6/6/2023,12:00,290.231
6/6/2023,18:00,297.917
6/7/2023,0:00,298.381
6/7/2023,6:00,291.91
6/7/2023,12:00,291.185
6/7/2023,18:00,298.261
6/8/2023,0:00,298.342
6/8/2023,6:00,292.794
6/8/2023,12:00,290.886
6/8/2023,18:00,298.417
6/9/2023,0:00,298.232
6/9/2023,6:00,291.368
6/9/2023,12:00,290.388
6/9/2023,18:00,299.183
6/10/2023,0:00,298.644
6/10/2023,6:00,293.062
6/10/2023,12:00,292.801
6/10/2023,18:00,294.12
6/11/2023,0:00,294.611
6/11/2023,6:00,287.111
6/11/2023,12:00,284.601
6/11/2023,18:00,286.411
6/12/2023,0:00,286.248
6/12/2023,6:00,279.908
6/12/2023,12:00,278.581
6/12/2023,18:00,285.9
6/13/2023,0:00,285.633
6/13/2023,6:00,278.424
6/13/2023,12:00,278.272
6/13/2023,18:00,285.985
6/14/2023,0:00,285.354
6/14/2023,6:00,280.529
6/14/2023,12:00,280.824
6/14/2023,18:00,286.355
6/15/2023,0:00,285.212
6/15/2023,6:00,283.81
6/15/2023,12:00,284.236
6/15/2023,18:00,286.201
6/16/2023,0:00,285.608
6/16/2023,6:00,285.631
6/16/2023,12:00,285.295
6/16/2023,18:00,291.2
6/17/2023,0:00,290.977
6/17/2023,6:00,284.377
6/17/2023,12:00,283.273
6/17/2023,18:00,288.401
6/18/2023,0:00,288.368
6/18/2023,6:00,285.558
6/18/2023,12:00,282.445
6/18/2023,18:00,288.69
6/19/2023,0:00,288.865
6/19/2023,6:00,282.573
6/19/2023,12:00,281.394
6/19/2023,18:00,290.011
6/20/2023,0:00,289.903
6/20/2023,6:00,285.595
6/20/2023,12:00,285.743
6/20/2023,18:00,290.597
6/21/2023,0:00,290.971
6/21/2023,6:00,287.5
6/21/2023,12:00,287.494
6/21/2023,18:00,287.9
6/22/2023,0:00,287.724
6/22/2023,6:00,287.338
6/22/2023,12:00,287.012
6/22/2023,18:00,291.526
6/23/2023,0:00,291.586
6/23/2023,6:00,288.333
6/23/2023,12:00,289.781
6/23/2023,18:00,292.858
6/24/2023,0:00,292.979
6/24/2023,6:00,292.236
6/24/2023,12:00,292.264
6/24/2023,18:00,298.216
6/25/2023,0:00,298.886
6/25/2023,6:00,292.921
6/25/2023,12:00,292.2
6/25/2023,18:00,297.963
6/26/2023,0:00,297.1
6/26/2023,6:00,292.776
6/26/2023,12:00,292.099
6/26/2023,18:00,297.015
6/27/2023,0:00,298.118
6/27/2023,6:00,293.262
6/27/2023,12:00,290.901
6/27/2023,18:00,298.173
6/28/2023,0:00,298.006
6/28/2023,6:00,291.933
6/28/2023,12:00,291.201
6/28/2023,18:00,291.461
6/29/2023,0:00,291.951
6/29/2023,6:00,284.834
6/29/2023,12:00,281.734
6/29/2023,18:00,288.811
6/30/2023,0:00,288.406
6/30/2023,6:00,282.428
6/30/2023,12:00,282.281
6/30/2023,18:00,289.764
7/1/2023,0:00,287.968
7/1/2023,6:00,285.851
7/1/2023,12:00,285.837
7/1/2023,18:00,293.809
7/2/2023,0:00,293.7
7/2/2023,6:00,287.988
7/2/2023,12:00,287.493
7/2/2023,18:00,296.037
7/3/2023,0:00,296.535
7/3/2023,6:00,289.108
7/3/2023,12:00,288.712
7/3/2023,18:00,297.345
7/4/2023,0:00,297.049
7/4/2023,6:00,290.521
7/4/2023,12:00,289.242
7/4/2023,18:00,297.097
7/5/2023,0:00,297.213
7/5/2023,6:00,291.143
7/5/2023,12:00,289.943
7/5/2023,18:00,297.544
7/6/2023,0:00,297.751
7/6/2023,6:00,291.356
7/6/2023,12:00,290.729
7/6/2023,18:00,296.789
7/7/2023,0:00,295.245
7/7/2023,6:00,292.413
7/7/2023,12:00,290.503
7/7/2023,18:00,294.086
7/8/2023,0:00,292.871
7/8/2023,6:00,290.378
7/8/2023,12:00,287.852
7/8/2023,18:00,290.518
7/9/2023,0:00,290.145
7/9/2023,6:00,286.574
7/9/2023,12:00,287.187
7/9/2023,18:00,293.137
7/10/2023,0:00,292.994
7/10/2023,6:00,289.464
7/10/2023,12:00,288.47
7/10/2023,18:00,291.057
7/11/2023,0:00,289.729
7/11/2023,6:00,289.635
7/11/2023,12:00,287.6
7/11/2023,18:00,289.497
7/12/2023,0:00,288.52
7/12/2023,6:00,287.429
7/12/2023,12:00,287.738
7/12/2023,18:00,288.283
7/13/2023,0:00,288.598
7/13/2023,6:00,285.572
7/13/2023,12:00,284.322
7/13/2023,18:00,284.54
7/14/2023,0:00,283.121
7/14/2023,6:00,282.39
7/14/2023,12:00,279.479
7/14/2023,18:00,285.059
7/15/2023,0:00,285.149
7/15/2023,6:00,283.001
7/15/2023,12:00,280.352
7/15/2023,18:00,287.851
7/16/2023,0:00,287.931
7/16/2023,6:00,281.423
7/16/2023,12:00,281.426
7/16/2023,18:00,288.135
7/17/2023,0:00,287.951
7/17/2023,6:00,281.435
7/17/2023,12:00,279.15
7/17/2023,18:00,285.895
7/18/2023,0:00,285.8
7/18/2023,6:00,279.185
7/18/2023,12:00,277.884
7/18/2023,18:00,284.828
7/19/2023,0:00,284.928
7/19/2023,6:00,278.7
7/19/2023,12:00,279.414
7/19/2023,18:00,287.32
7/20/2023,0:00,286.848
7/20/2023,6:00,282.624
7/20/2023,12:00,286.035
7/20/2023,18:00,292.64
7/21/2023,0:00,291.919
7/21/2023,6:00,288.381
7/21/2023,12:00,291.761
7/21/2023,18:00,299.558
7/22/2023,0:00,299.441
7/22/2023,6:00,295.5
7/22/2023,12:00,294.585
7/22/2023,18:00,299.659
7/23/2023,0:00,299.829
7/23/2023,6:00,294.957
7/23/2023,12:00,293.885
7/23/2023,18:00,298.726
7/24/2023,0:00,298.967
7/24/2023,6:00,290.735
7/24/2023,12:00,289.834
7/24/2023,18:00,290.196
7/25/2023,0:00,290.176
7/25/2023,6:00,288.532
7/25/2023,12:00,287.279
7/25/2023,18:00,291.322
7/26/2023,0:00,291.696
7/26/2023,6:00,289.24
7/26/2023,12:00,289.284
7/26/2023,18:00,289.854
7/27/2023,0:00,289.142
7/27/2023,6:00,283.888
7/27/2023,12:00,283.006
7/27/2023,18:00,290.012
7/28/2023,0:00,289.799
7/28/2023,6:00,285.745
7/28/2023,12:00,284.929
7/28/2023,18:00,290.349
7/29/2023,0:00,290.148
7/29/2023,6:00,283.275
7/29/2023,12:00,282.213
7/29/2023,18:00,289.749
7/30/2023,0:00,289.7
7/30/2023,6:00,282.456
7/30/2023,12:00,284.312
7/30/2023,18:00,293.961
7/31/2023,0:00,294.661
7/31/2023,6:00,287.9
7/31/2023,12:00,289.481
7/31/2023,18:00,298.056
8/1/2023,0:00,298.161
8/1/2023,6:00,291.211
8/1/2023,12:00,291.504
8/1/2023,18:00,300.305
8/2/2023,0:00,300.3
8/2/2023,6:00,293.256
8/2/2023,12:00,292.283
8/2/2023,18:00,301.082
8/3/2023,0:00,300.975
8/3/2023,6:00,294.067
8/3/2023,12:00,292.617
8/3/2023,18:00,299.423
8/4/2023,0:00,299.416
8/4/2023,6:00,292.355
8/4/2023,12:00,291.66
8/4/2023,18:00,301.507
8/5/2023,0:00,301.435
8/5/2023,6:00,294.505
8/5/2023,12:00,292.119
8/5/2023,18:00,301.531
8/6/2023,0:00,301.629
8/6/2023,6:00,293.421
8/6/2023,12:00,292.955
8/6/2023,18:00,301.966
8/7/2023,0:00,302.421
8/7/2023,6:00,296.132
8/7/2023,12:00,295.035
8/7/2023,18:00,290.877
8/8/2023,0:00,291.333
8/8/2023,6:00,285.435
8/8/2023,12:00,284.3
8/8/2023,18:00,290.811
8/9/2023,0:00,290.463
8/9/2023,6:00,288.143
8/9/2023,12:00,286.511
8/9/2023,18:00,287.476
8/10/2023,0:00,288.4
8/10/2023,6:00,287.517
8/10/2023,12:00,287.645
8/10/2023,18:00,295.273
8/11/2023,0:00,297
8/11/2023,6:00,292.533
8/11/2023,12:00,292.767
8/11/2023,18:00,296.9
8/12/2023,0:00,296.519
8/12/2023,6:00,287.531
8/12/2023,12:00,284.418
8/12/2023,18:00,289.103
8/13/2023,0:00,289.185
8/13/2023,6:00,281.748
8/13/2023,12:00,279.874
8/13/2023,18:00,287.82
8/14/2023,0:00,288.451
8/14/2023,6:00,281.304
8/14/2023,12:00,282.948
8/14/2023,18:00,293.297
8/15/2023,0:00,292.982
8/15/2023,6:00,285.844
8/15/2023,12:00,288.629
8/15/2023,18:00,298.715
8/16/2023,0:00,298.8
8/16/2023,6:00,291.824
8/16/2023,12:00,292.978
8/16/2023,18:00,302.203
8/17/2023,0:00,301.965
8/17/2023,6:00,294.982
8/17/2023,12:00,295.218
8/17/2023,18:00,303.339
8/18/2023,0:00,303.437
8/18/2023,6:00,295.769
8/18/2023,12:00,292.153
8/18/2023,18:00,291.864
8/19/2023,0:00,291.496
8/19/2023,6:00,288.261
8/19/2023,12:00,284.331
8/19/2023,18:00,290.788
8/20/2023,0:00,290.658
8/20/2023,6:00,285.151
8/20/2023,12:00,287.369
8/20/2023,18:00,294.553
8/21/2023,0:00,294.893
8/21/2023,6:00,288.314
8/21/2023,12:00,288.942
8/21/2023,18:00,297.304
8/22/2023,0:00,297.226
8/22/2023,6:00,291.427
8/22/2023,12:00,294.989
8/22/2023,18:00,303.219
8/23/2023,0:00,303.609
8/23/2023,6:00,294.033
8/23/2023,12:00,290.377
8/23/2023,18:00,293.307
8/24/2023,0:00,292.324
8/24/2023,6:00,287.059
8/24/2023,12:00,285.682
8/24/2023,18:00,291.949
8/25/2023,0:00,291.715
8/25/2023,6:00,284.887
8/25/2023,12:00,283.8
8/25/2023,18:00,290.722
8/26/2023,0:00,291.06
8/26/2023,6:00,283.617
8/26/2023,12:00,283.102
8/26/2023,18:00,289.11
8/27/2023,0:00,288.824
8/27/2023,6:00,281.685
8/27/2023,12:00,281.645
8/27/2023,18:00,288.62
8/28/2023,0:00,288.699
8/28/2023,6:00,280.8
8/28/2023,12:00,280.71
8/28/2023,18:00,289.448
8/29/2023,0:00,288.983
8/29/2023,6:00,281.417
8/29/2023,12:00,283.212
8/29/2023,18:00,293.796
8/30/2023,0:00,293.912
8/30/2023,6:00,286.611
8/30/2023,12:00,288.3
8/30/2023,18:00,298.144
8/31/2023,0:00,298.176
8/31/2023,6:00,290.741
8/31/2023,12:00,291.811
8/31/2023,18:00,298.982
9/1/2023,0:00,298.975
9/1/2023,6:00,290.055
9/1/2023,12:00,290.071
9/1/2023,18:00,295.308
9/2/2023,0:00,294.212
9/2/2023,6:00,291.678
9/2/2023,12:00,293.5
9/2/2023,18:00,297.841
9/3/2023,0:00,297.482
9/3/2023,6:00,294.94
9/3/2023,12:00,293.959
9/3/2023,18:00,299.428
9/4/2023,0:00,300.225
9/4/2023,6:00,294
9/4/2023,12:00,292.861
9/4/2023,18:00,289.564
9/5/2023,0:00,287.861
9/5/2023,6:00,285.42
9/5/2023,12:00,282.004
9/5/2023,18:00,288.921
9/6/2023,0:00,288.768
9/6/2023,6:00,283.128
9/6/2023,12:00,283.708
9/6/2023,18:00,290.841
9/7/2023,0:00,289.624
9/7/2023,6:00,289.337
9/7/2023,12:00,291.856
9/7/2023,18:00,294.744
9/8/2023,0:00,295.192
9/8/2023,6:00,291.733
9/8/2023,12:00,289.451
9/8/2023,18:00,290.915
9/9/2023,0:00,290.4
9/9/2023,6:00,288.6
9/9/2023,12:00,287.381
9/9/2023,18:00,291.095
9/10/2023,0:00,290.7
9/10/2023,6:00,286.602
9/10/2023,12:00,288.883
9/10/2023,18:00,296.128
9/11/2023,0:00,296.34
9/11/2023,6:00,293.066
9/11/2023,12:00,295.901
9/11/2023,18:00,301.285
9/12/2023,0:00,302.093
9/12/2023,6:00,296.802
9/12/2023,12:00,291.018
9/12/2023,18:00,287.819
9/13/2023,0:00,285.657
9/13/2023,6:00,284.282
9/13/2023,12:00,282.924
9/13/2023,18:00,283.4
9/14/2023,0:00,282.489
9/14/2023,6:00,281.868
9/14/2023,12:00,282.59
9/14/2023,18:00,288.678
9/15/2023,0:00,288.763
9/15/2023,6:00,283.247
9/15/2023,12:00,284.609
9/15/2023,18:00,291.891
9/16/2023,0:00,291.962
9/16/2023,6:00,285.733
9/16/2023,12:00,288.706
9/16/2023,18:00,297.635
9/17/2023,0:00,298.03
9/17/2023,6:00,291.853
9/17/2023,12:00,295.376
9/17/2023,18:00,303.335
9/18/2023,0:00,303.335
9/18/2023,6:00,299.158
9/18/2023,12:00,298.095
9/18/2023,18:00,301.3
9/19/2023,0:00,294.528
9/19/2023,6:00,289.383
9/19/2023,12:00,290.342
9/19/2023,18:00,295.148
9/20/2023,0:00,294.435
9/20/2023,6:00,292.077
9/20/2023,12:00,294.044
9/20/2023,18:00,300.064
9/21/2023,0:00,300.515
9/21/2023,6:00,296.054
9/21/2023,12:00,296.732
9/21/2023,18:00,303.565
9/22/2023,0:00,303.531
9/22/2023,6:00,297.514
9/22/2023,12:00,295.867
9/22/2023,18:00,299.406
9/23/2023,0:00,298.621
9/23/2023,6:00,294.641
9/23/2023,12:00,292.594
9/23/2023,18:00,302.976
9/24/2023,0:00,304.383
9/24/2023,6:00,294.533
9/24/2023,12:00,292.951
9/24/2023,18:00,295.985
9/25/2023,0:00,296.497
9/25/2023,6:00,292.506
9/25/2023,12:00,289.637
9/25/2023,18:00,293.385
9/26/2023,0:00,292.956
9/26/2023,6:00,289.196
9/26/2023,12:00,289.551
9/26/2023,18:00,291.368
9/27/2023,0:00,289.119
9/27/2023,6:00,286.409
9/27/2023,12:00,285.773
9/27/2023,18:00,290.336
9/28/2023,0:00,290.829
9/28/2023,6:00,283.5
9/28/2023,12:00,285.651
9/28/2023,18:00,292.79
9/29/2023,0:00,292.724
9/29/2023,6:00,286.628
9/29/2023,12:00,288.065
9/29/2023,18:00,295.061
9/30/2023,0:00,295.177
9/30/2023,6:00,288.011
9/30/2023,12:00,288.205
9/30/2023,18:00,291.725
10/1/2023,0:00,291.945
10/1/2023,6:00,284.8
10/1/2023,12:00,287.3
10/1/2023,18:00,293.6
10/2/2023,0:00,293.297
10/2/2023,6:00,285.2
10/2/2023,12:00,286.731
10/2/2023,18:00,293.805
10/3/2023,0:00,293.814
10/3/2023,6:00,286.3
10/3/2023,12:00,287.407
10/3/2023,18:00,296.9
10/4/2023,0:00,295.824
10/4/2023,6:00,291.058
10/4/2023,12:00,291.606
10/4/2023,18:00,293.746
10/5/2023,0:00,293.803
10/5/2023,6:00,287.034
10/5/2023,12:00,287.935
10/5/2023,18:00,293.2
10/6/2023,0:00,293.1
10/6/2023,6:00,286.077
10/6/2023,12:00,286.305
10/6/2023,18:00,290.1
10/7/2023,0:00,291.817
10/7/2023,6:00,288.876
10/7/2023,12:00,291.116
10/7/2023,18:00,296.9
10/8/2023,0:00,296.626
10/8/2023,6:00,289.765
10/8/2023,12:00,288.646
10/8/2023,18:00,294.312
10/9/2023,0:00,293.688
10/9/2023,6:00,286.483
10/9/2023,12:00,290.349
10/9/2023,18:00,296.86
10/10/2023,0:00,296.784
10/10/2023,6:00,289.166
10/10/2023,12:00,292.206
10/10/2023,18:00,300.03
10/11/2023,0:00,299.802
10/11/2023,6:00,292.696
10/11/2023,12:00,293.168
10/11/2023,18:00,293.33
10/12/2023,0:00,292.524
10/12/2023,6:00,285.384
10/12/2023,12:00,281.872
10/12/2023,18:00,288.883
10/13/2023,0:00,288.963
10/13/2023,6:00,282.869
10/13/2023,12:00,284.6
10/13/2023,18:00,290.702
10/14/2023,0:00,290.608
10/14/2023,6:00,284.061
10/14/2023,12:00,287.103
10/14/2023,18:00,294.804
10/15/2023,0:00,294.639
10/15/2023,6:00,289.261
10/15/2023,12:00,290.076
10/15/2023,18:00,298.749
10/16/2023,0:00,298.991
10/16/2023,6:00,293.616
10/16/2023,12:00,294.799
10/16/2023,18:00,299.14
10/17/2023,0:00,299.536
10/17/2023,6:00,293.527
10/17/2023,12:00,293.434
10/17/2023,18:00,292.821
10/18/2023,0:00,291.466
10/18/2023,6:00,290.623
10/18/2023,12:00,288.196
10/18/2023,18:00,289.5
10/19/2023,0:00,291.01
10/19/2023,6:00,288.528
10/19/2023,12:00,288.732
10/19/2023,18:00,294.2
10/20/2023,0:00,294.4
10/20/2023,6:00,291.223
10/20/2023,12:00,289.315
10/20/2023,18:00,295.276
10/21/2023,0:00,296.318
10/21/2023,6:00,291.187
10/21/2023,12:00,291.311
10/21/2023,18:00,300.714
10/22/2023,0:00,301.1
10/22/2023,6:00,295.131
10/22/2023,12:00,297.38
10/22/2023,18:00,301.122
10/23/2023,0:00,297.3
10/23/2023,6:00,294.629
10/23/2023,12:00,293.564
10/23/2023,18:00,294.396
10/24/2023,0:00,295.624
10/24/2023,6:00,292.466
10/24/2023,12:00,294.84
10/24/2023,18:00,295.727
10/25/2023,0:00,296.8
10/25/2023,6:00,291.711
10/25/2023,12:00,290.548
10/25/2023,18:00,294.361
10/26/2023,0:00,294.272
10/26/2023,6:00,289.342
10/26/2023,12:00,289.646
10/26/2023,18:00,295.56
10/27/2023,0:00,295.463
10/27/2023,6:00,289.232
10/27/2023,12:00,291.042
10/27/2023,18:00,297.969
10/28/2023,0:00,297.777
10/28/2023,6:00,293.845
10/28/2023,12:00,293.765
10/28/2023,18:00,296.625
10/29/2023,0:00,297.406
10/29/2023,6:00,292.855
10/29/2023,12:00,294.62
10/29/2023,18:00,301.729
10/30/2023,0:00,301.277
10/30/2023,6:00,294.778
10/30/2023,12:00,296.769
10/30/2023,18:00,297.874
10/31/2023,0:00,297.947
10/31/2023,6:00,293.702
10/31/2023,12:00,292.584
10/31/2023,18:00,297.454
11/1/2023,0:00,296.856
11/1/2023,6:00,291.912
11/1/2023,12:00,291.924
11/1/2023,18:00,295.909
11/2/2023,0:00,294.224
11/2/2023,6:00,290.237
11/2/2023,12:00,289.624
11/2/2023,18:00,291.839
11/3/2023,0:00,291.642
11/3/2023,6:00,290.815
11/3/2023,12:00,290.49
11/3/2023,18:00,286.271
11/4/2023,0:00,286.313
11/4/2023,6:00,285.83
11/4/2023,12:00,287.194
11/4/2023,18:00,292.991
11/5/2023,0:00,292.964
11/5/2023,6:00,286.987
11/5/2023,12:00,289.405
11/5/2023,18:00,295.273
11/6/2023,0:00,295.209
11/6/2023,6:00,289.486
11/6/2023,12:00,291.566
11/6/2023,18:00,298.928
11/7/2023,0:00,299.1
11/7/2023,6:00,292.693
11/7/2023,12:00,297.029
11/7/2023,18:00,303.759
11/8/2023,0:00,303.8
11/8/2023,6:00,296.801
11/8/2023,12:00,296.409
11/8/2023,18:00,301.207
11/9/2023,0:00,302.165
11/9/2023,6:00,297.065
11/9/2023,12:00,293.698
11/9/2023,18:00,295.666
11/10/2023,0:00,294.137
11/10/2023,6:00,291.308
11/10/2023,12:00,292.25
11/10/2023,18:00,299.805
11/11/2023,0:00,302.021
11/11/2023,6:00,298.762
11/11/2023,12:00,300.53
11/11/2023,18:00,306.347
11/12/2023,0:00,304.512
11/12/2023,6:00,299.06
11/12/2023,12:00,302.537
11/12/2023,18:00,300.061
11/13/2023,0:00,298.219
11/13/2023,6:00,295.081
11/13/2023,12:00,294.214
11/13/2023,18:00,294.764
11/14/2023,0:00,294.475
11/14/2023,6:00,293.672
11/14/2023,12:00,294.009
11/14/2023,18:00,297.397
11/15/2023,0:00,296.283
11/15/2023,6:00,292.791
11/15/2023,12:00,294.159
11/15/2023,18:00,297.84
11/16/2023,0:00,297.714
11/16/2023,6:00,295.392
11/16/2023,12:00,296.818
11/16/2023,18:00,300.379
11/17/2023,0:00,300.195
11/17/2023,6:00,294.73
11/17/2023,12:00,296.701
11/17/2023,18:00,297.623
11/18/2023,0:00,295.119
11/18/2023,6:00,294.267
11/18/2023,12:00,294.233
11/18/2023,18:00,297.246
11/19/2023,0:00,297.271
11/19/2023,6:00,291.081
11/19/2023,12:00,290.894
11/19/2023,18:00,297.256
11/20/2023,0:00,297.419
11/20/2023,6:00,290.595
11/20/2023,12:00,294.171
11/20/2023,18:00,300.892
11/21/2023,0:00,300.917
11/21/2023,6:00,292.743
11/21/2023,12:00,299.161
11/21/2023,18:00,303.885
11/22/2023,0:00,303.407
11/22/2023,6:00,298.301
11/22/2023,12:00,295.242
11/22/2023,18:00,296.99
11/23/2023,0:00,296.425
11/23/2023,6:00,291.481
11/23/2023,12:00,292.033
11/23/2023,18:00,298.718
11/24/2023,0:00,298.892
11/24/2023,6:00,292.369
11/24/2023,12:00,294.674
11/24/2023,18:00,298.941
11/25/2023,0:00,298.983
11/25/2023,6:00,291.205
11/25/2023,12:00,290.611
11/25/2023,18:00,297.401
11/26/2023,0:00,296.932
11/26/2023,6:00,292.818
11/26/2023,12:00,292.7
11/26/2023,18:00,300.609
11/27/2023,0:00,301.001
11/27/2023,6:00,295.124
11/27/2023,12:00,296.969
11/27/2023,18:00,299.677
11/28/2023,0:00,297.582
11/28/2023,6:00,293.713
11/28/2023,12:00,296.541
11/28/2023,18:00,300.455
11/29/2023,0:00,300.704
11/29/2023,6:00,293.673
11/29/2023,12:00,295.698
11/29/2023,18:00,302.344
11/30/2023,0:00,302.606
11/30/2023,6:00,295.998
11/30/2023,12:00,298.095
11/30/2023,18:00,302.797
12/1/2023,0:00,302.601
12/1/2023,6:00,297.128
12/1/2023,12:00,300.497
12/1/2023,18:00,307.548
12/2/2023,0:00,307.403
12/2/2023,6:00,300.661
12/2/2023,12:00,294.833
12/2/2023,18:00,296.425
12/3/2023,0:00,297.729
12/3/2023,6:00,294.082
12/3/2023,12:00,294.928
12/3/2023,18:00,295.692
12/4/2023,0:00,295.646
12/4/2023,6:00,293.35
12/4/2023,12:00,291.142
12/4/2023,18:00,294.101
12/5/2023,0:00,293.408
12/5/2023,6:00,290.645
12/5/2023,12:00,291.94
12/5/2023,18:00,298.319
12/6/2023,0:00,299.344
12/6/2023,6:00,295.372
12/6/2023,12:00,298.924
12/6/2023,18:00,301.599
12/7/2023,0:00,302.162
12/7/2023,6:00,296.772
12/7/2023,12:00,296.086
12/7/2023,18:00,300.348
12/8/2023,0:00,299.849
12/8/2023,6:00,293.716
12/8/2023,12:00,291.979
12/8/2023,18:00,297.358
12/9/2023,0:00,297.17
12/9/2023,6:00,290.233
12/9/2023,12:00,291.444
12/9/2023,18:00,297.725
12/10/2023,0:00,297.7
12/10/2023,6:00,293.964
12/10/2023,12:00,294.04
12/10/2023,18:00,300.177
12/11/2023,0:00,300.604
12/11/2023,6:00,293.097
12/11/2023,12:00,295.161
12/11/2023,18:00,301.127
12/12/2023,0:00,301.331
12/12/2023,6:00,294.684
12/12/2023,12:00,296.633
12/12/2023,18:00,304.631
12/13/2023,0:00,304.638
12/13/2023,6:00,297.78
12/13/2023,12:00,298.932
12/13/2023,18:00,300.627
12/14/2023,0:00,296.467
12/14/2023,6:00,296.028
12/14/2023,12:00,298.915
12/14/2023,18:00,304.004
12/15/2023,0:00,302.611
12/15/2023,6:00,298.231
12/15/2023,12:00,297.38
12/15/2023,18:00,304.558
12/16/2023,0:00,299.172
12/16/2023,6:00,295.514
12/16/2023,12:00,299.33
12/16/2023,18:00,303.461
12/17/2023,0:00,306.563
12/17/2023,6:00,300.13
12/17/2023,12:00,302.74
12/17/2023,18:00,309.089
12/18/2023,0:00,308.728
12/18/2023,6:00,302.316
12/18/2023,12:00,302.615
12/18/2023,18:00,307.875
12/19/2023,0:00,306.346
12/19/2023,6:00,295.369
12/19/2023,12:00,295.113
12/19/2023,18:00,296.227
12/20/2023,0:00,295.254
12/20/2023,6:00,292.071
12/20/2023,12:00,293.422
12/20/2023,18:00,295.169
12/21/2023,0:00,296.086
12/21/2023,6:00,294.842
12/21/2023,12:00,296.69
12/21/2023,18:00,302.449
12/22/2023,0:00,303.008
12/22/2023,6:00,298.843
12/22/2023,12:00,299.279
12/22/2023,18:00,302.972
12/23/2023,0:00,303.053
12/23/2023,6:00,294.947
12/23/2023,12:00,297.149
12/23/2023,18:00,302.191
12/24/2023,0:00,303.119
12/24/2023,6:00,296.851
12/24/2023,12:00,298.061
12/24/2023,18:00,303.23
12/25/2023,0:00,303.219
12/25/2023,6:00,297.437
12/25/2023,12:00,297.915
12/25/2023,18:00,302.576
12/26/2023,0:00,302.921
12/26/2023,6:00,294.2
12/26/2023,18:00,297.302
12/27/2023,0:00,297.5
12/27/2023,6:00,291.029
12/27/2023,12:00,293.149
12/27/2023,18:00,299.748
12/28/2023,0:00,300.258
12/28/2023,6:00,293.07
12/28/2023,12:00,296.79
12/28/2023,18:00,304.612
12/29/2023,0:00,304.82
12/29/2023,6:00,299.618
12/29/2023,12:00,295.026
12/29/2023,18:00,296.874
12/30/2023,0:00,298.196
12/30/2023,6:00,294.75
12/30/2023,12:00,290.812
12/30/2023,18:00,296.721
12/31/2023,0:00,296.768
12/31/2023,6:00,290.666
12/31/2023,12:00,291.044
12/31/2023,18:00,296.82
1/1/2024,0:00,297.74
1/1/2024,6:00,291.373
1/1/2024,12:00,293.556
1/1/2024,18:00,301.247
1/2/2024,0:00,299.023
1/2/2024,6:00,294.208
1/2/2024,12:00,296.852
1/2/2024,18:00,302.947
1/3/2024,0:00,303.225
1/3/2024,6:00,297.688
1/3/2024,12:00,296.19
1/3/2024,18:00,298.504
1/4/2024,0:00,298.92
1/4/2024,6:00,294.865
1/4/2024,12:00,293.865
1/4/2024,18:00,298.276
1/5/2024,0:00,299.416
1/5/2024,6:00,294.474
1/5/2024,12:00,294.513
1/5/2024,18:00,301.105
1/6/2024,0:00,301.357
1/6/2024,6:00,295.568
1/6/2024,12:00,297.514
1/6/2024,18:00,304.807
1/7/2024,0:00,305.387
1/7/2024,6:00,299.322
1/7/2024,12:00,300.649
1/7/2024,18:00,305.053
1/8/2024,0:00,305.096
1/8/2024,6:00,294.661
1/8/2024,12:00,294.527
1/8/2024,18:00,302.408
1/9/2024,0:00,298.182
1/9/2024,6:00,293.302
1/9/2024,12:00,295.767
1/9/2024,18:00,302.44
1/10/2024,0:00,302.822
1/10/2024,6:00,295.557
1/10/2024,12:00,294.454
1/10/2024,18:00,295.271
1/11/2024,0:00,295.243
1/11/2024,6:00,294.537
1/11/2024,12:00,296.79
1/11/2024,18:00,300.777
1/12/2024,0:00,300.252
1/12/2024,6:00,295.502
1/12/2024,12:00,294.993
1/12/2024,18:00,300.815
1/13/2024,0:00,300.677
1/13/2024,6:00,294.149
1/13/2024,12:00,293.483
1/13/2024,18:00,302.789
1/14/2024,0:00,304.14
1/14/2024,6:00,297.346
1/14/2024,12:00,301.197
1/14/2024,18:00,306.286
1/15/2024,0:00,305.302
1/15/2024,6:00,295.452
1/15/2024,12:00,298.221
1/15/2024,18:00,304.133
1/16/2024,0:00,304.604
1/16/2024,6:00,299.412
1/16/2024,12:00,300.734
1/16/2024,18:00,307.036
1/17/2024,0:00,307.129
1/17/2024,6:00,298.291
1/17/2024,12:00,295.911
1/17/2024,18:00,297.274
1/18/2024,0:00,295.128
1/18/2024,6:00,295.14
1/18/2024,12:00,294.503
1/18/2024,18:00,302.582
1/19/2024,0:00,303.37
1/19/2024,6:00,296.752
1/19/2024,12:00,298.38
1/19/2024,18:00,304.062
1/20/2024,0:00,303.82
1/20/2024,6:00,297.585
1/20/2024,12:00,295.769
1/20/2024,18:00,299.695
1/21/2024,0:00,299.967
1/21/2024,6:00,295.046
1/21/2024,12:00,294.696
1/21/2024,18:00,298.219
1/22/2024,0:00,298.13
1/22/2024,6:00,293.594
1/22/2024,12:00,293.032
1/22/2024,18:00,298.967
1/23/2024,0:00,298.035
1/23/2024,6:00,293.608
1/23/2024,12:00,292.984
1/23/2024,18:00,297.957
1/24/2024,0:00,298.519
1/24/2024,6:00,294.596
1/24/2024,12:00,293.161
1/24/2024,18:00,300.309
1/25/2024,0:00,300.703
1/25/2024,6:00,293.963
1/25/2024,12:00,293.409
1/25/2024,18:00,300.012
1/26/2024,0:00,300.037
1/26/2024,6:00,293.4
1/26/2024,12:00,292.806
1/26/2024,18:00,300.329
1/27/2024,0:00,299.91
1/27/2024,6:00,294.205
1/27/2024,12:00,293.446
1/27/2024,18:00,299.975
1/28/2024,0:00,300.228
1/28/2024,6:00,294.08
1/28/2024,12:00,294.477
1/28/2024,18:00,301.21
1/29/2024,0:00,300.797
1/29/2024,6:00,296.02
1/29/2024,12:00,296.292
1/29/2024,18:00,302.805
1/30/2024,0:00,302.854
1/30/2024,6:00,298.343
1/30/2024,12:00,297.814
1/30/2024,18:00,304.011
1/31/2024,0:00,303.562
1/31/2024,6:00,297.641
1/31/2024,12:00,297.317
1/31/2024,18:00,303.519
2/1/2024,0:00,304.026
2/1/2024,6:00,296.567
2/1/2024,12:00,297.583
2/1/2024,18:00,305.064
2/2/2024,0:00,304.908
2/2/2024,6:00,297.714
2/2/2024,12:00,296.49
2/2/2024,18:00,305.268
2/3/2024,0:00,305.606
2/3/2024,6:00,298.608
2/3/2024,12:00,298.844
2/3/2024,18:00,308.146
2/4/2024,0:00,307.988
2/4/2024,6:00,301.299
2/4/2024,12:00,301.555
2/4/2024,18:00,308.201
2/5/2024,0:00,308.963
2/5/2024,6:00,298.189
2/5/2024,12:00,298.601
2/5/2024,18:00,306.376
2/6/2024,0:00,306.702
2/6/2024,6:00,299.558
2/6/2024,12:00,299.235
2/6/2024,18:00,307.21
2/7/2024,0:00,307.197
2/7/2024,6:00,300.262
2/7/2024,12:00,299.625
2/7/2024,18:00,306.982
2/8/2024,0:00,307.756
2/8/2024,6:00,300.81
2/8/2024,12:00,299.834
2/8/2024,18:00,307.648
2/9/2024,0:00,308.329
2/9/2024,6:00,300.984
2/9/2024,12:00,301.328
2/9/2024,18:00,308.897
2/10/2024,0:00,308.976
2/10/2024,6:00,297.07
2/10/2024,12:00,299.751
2/10/2024,18:00,309.289
2/11/2024,0:00,308.191
2/11/2024,6:00,299.8
2/11/2024,12:00,300.703
2/11/2024,18:00,308.823
2/12/2024,0:00,309.013
2/12/2024,6:00,297.965
2/12/2024,12:00,302.204
2/12/2024,18:00,310.876
2/13/2024,0:00,311.3
2/13/2024,6:00,296.293
2/13/2024,12:00,295.573
2/13/2024,18:00,294.554
2/14/2024,0:00,293.104
2/14/2024,6:00,293.195
2/14/2024,12:00,292.215
2/14/2024,18:00,299.749
2/15/2024,0:00,299.979
2/15/2024,6:00,294.119
2/15/2024,12:00,293.639
2/15/2024,18:00,300.888
2/16/2024,0:00,300.09
2/16/2024,6:00,294.995
2/16/2024,12:00,294.023
2/16/2024,18:00,299.314
2/17/2024,0:00,299.219
2/17/2024,6:00,294.551
2/17/2024,12:00,293.834
2/17/2024,18:00,301.831
2/18/2024,0:00,302.508
2/18/2024,6:00,297.148
2/18/2024,12:00,297.411
2/18/2024,18:00,305.416
2/19/2024,0:00,305.579
2/19/2024,6:00,298.999
2/19/2024,12:00,297.366
2/19/2024,18:00,304.836
2/20/2024,0:00,304.676
2/20/2024,6:00,295.55
2/20/2024,12:00,296.384
2/20/2024,18:00,303.514
2/21/2024,0:00,304.207
2/21/2024,6:00,296.707
2/21/2024,12:00,294.921
2/21/2024,18:00,304.606
2/22/2024,0:00,304.227
2/22/2024,6:00,297.724
2/22/2024,12:00,297.503
2/22/2024,18:00,306.107
2/23/2024,0:00,306.106
2/23/2024,6:00,298.475
2/23/2024,12:00,300.023
2/23/2024,18:00,308.123
2/24/2024,0:00,308.426
2/24/2024,6:00,300.448
2/24/2024,12:00,300.464
2/24/2024,18:00,308.532
2/25/2024,0:00,309.338
2/25/2024,6:00,301.187
2/25/2024,12:00,298.357
2/25/2024,18:00,307.784
2/26/2024,0:00,308.165
2/26/2024,6:00,300.133
2/26/2024,12:00,297.886
2/26/2024,18:00,303.915
2/27/2024,0:00,300.951
2/27/2024,6:00,297.72
2/27/2024,12:00,297.95
2/27/2024,18:00,302.513
2/28/2024,0:00,303.51
2/28/2024,6:00,298.32
2/28/2024,12:00,298.938
2/28/2024,18:00,301.5
2/29/2024,0:00,297.975
2/29/2024,6:00,296.064
2/29/2024,12:00,297.456
2/29/2024,18:00,301.508
3/1/2024,0:00,303.058
3/1/2024,6:00,298.326
3/1/2024,12:00,298.889
3/1/2024,18:00,306.013
3/2/2024,0:00,305.734
3/2/2024,6:00,298.566
3/2/2024,12:00,298.3
3/2/2024,18:00,306.273
3/3/2024,0:00,307.273
3/3/2024,6:00,302.021
3/3/2024,12:00,297.64
3/3/2024,18:00,301.77
3/4/2024,0:00,299.039
3/4/2024,6:00,294.093
3/4/2024,12:00,292.414
3/4/2024,18:00,295.965
3/5/2024,0:00,299.422
3/5/2024,6:00,294.854
3/5/2024,12:00,292.906
3/5/2024,18:00,300.856
3/6/2024,0:00,299.68
3/6/2024,6:00,292.499
3/6/2024,12:00,292.165
3/6/2024,18:00,300.483
3/7/2024,0:00,301.249
3/7/2024,6:00,292.713
3/7/2024,12:00,293.22
3/7/2024,18:00,303.696
3/8/2024,0:00,304.357
3/8/2024,6:00,299.293
3/8/2024,12:00,295.822
3/8/2024,18:00,302.288
3/9/2024,0:00,303.419
3/9/2024,6:00,297.515
3/9/2024,12:00,300.235
3/9/2024,18:00,306.724
3/10/2024,0:00,308.886
3/10/2024,6:00,300.887
3/10/2024,12:00,300.098
3/10/2024,18:00,307.767
3/11/2024,0:00,308.521
3/11/2024,6:00,298.555
3/11/2024,12:00,297.992
3/11/2024,18:00,310.035
3/12/2024,0:00,308.463
3/12/2024,6:00,296.846
3/12/2024,12:00,298.2
3/12/2024,18:00,310.811
3/13/2024,0:00,312.136
3/13/2024,6:00,301.341
3/13/2024,12:00,301.614
3/13/2024,18:00,312.5
3/14/2024,0:00,311.158
3/14/2024,6:00,301.883
3/14/2024,12:00,301.683
3/14/2024,18:00,311.424
3/15/2024,0:00,313.595
3/15/2024,6:00,304.722
3/15/2024,12:00,299.585
3/15/2024,18:00,298.269
3/16/2024,0:00,301.157
3/16/2024,6:00,296.185
3/16/2024,12:00,297.404
3/16/2024,18:00,304.872
3/17/2024,0:00,302.622
3/17/2024,6:00,295.398
3/17/2024,12:00,296.124
3/17/2024,18:00,303.409
3/18/2024,0:00,302.311
3/18/2024,6:00,296.435
3/18/2024,12:00,297.018
3/18/2024,18:00,299.878
3/19/2024,0:00,300.698
3/19/2024,6:00,297.983
3/19/2024,12:00,297.753
3/19/2024,18:00,299.598
3/20/2024,0:00,304.721
3/20/2024,6:00,299.065
3/20/2024,12:00,300.054
3/20/2024,18:00,308.345
3/21/2024,0:00,308.693
3/21/2024,6:00,302.808
3/21/2024,12:00,296.833
3/21/2024,18:00,295.837
3/22/2024,0:00,295.294
3/22/2024,6:00,292.058
3/22/2024,12:00,289
3/22/2024,18:00,295.711
3/23/2024,0:00,295.093
3/23/2024,6:00,289.076
3/23/2024,12:00,290.348
3/23/2024,18:00,299.652
3/24/2024,0:00,300.029
3/24/2024,6:00,292.012
3/24/2024,12:00,294.121
3/24/2024,18:00,301.378
3/25/2024,0:00,302.101
3/25/2024,6:00,298.728
3/25/2024,12:00,296.293
3/25/2024,18:00,302.835
3/26/2024,0:00,303.114
3/26/2024,6:00,295.724
3/26/2024,12:00,293.6
3/26/2024,18:00,299.988
3/27/2024,0:00,299.3
3/27/2024,6:00,292.629
3/27/2024,12:00,291.92
3/27/2024,18:00,300.301
3/28/2024,0:00,300.513
3/28/2024,6:00,293.532
3/28/2024,12:00,293.813
3/28/2024,18:00,300.803
3/29/2024,0:00,301.159
3/29/2024,6:00,295.019
3/29/2024,12:00,295.402
3/29/2024,18:00,303.643
3/30/2024,0:00,303.829
3/30/2024,6:00,295.433
3/30/2024,12:00,296.916
3/30/2024,18:00,305.36
3/31/2024,0:00,304.373
3/31/2024,6:00,297.797
3/31/2024,12:00,298.44
3/31/2024,18:00,304.665
4/1/2024,0:00,304.934
4/1/2024,6:00,294.194
4/1/2024,12:00,295.773
4/1/2024,18:00,303.437
4/2/2024,0:00,304.352
4/2/2024,6:00,291.525
4/2/2024,12:00,291.6
4/2/2024,18:00,295.031
4/3/2024,0:00,296.1
4/3/2024,6:00,292.656
4/3/2024,12:00,295.3
4/3/2024,18:00,307.025
4/4/2024,0:00,305.296
4/4/2024,6:00,299.715
4/4/2024,12:00,295.701
4/4/2024,18:00,301.1
4/5/2024,0:00,302.144
4/5/2024,6:00,295.208
4/5/2024,12:00,294.803
4/5/2024,18:00,298.764
4/6/2024,0:00,300.116
4/6/2024,6:00,292.942
4/6/2024,12:00,291.954
4/6/2024,18:00,301.433
4/7/2024,0:00,299.49
4/7/2024,6:00,295.356
4/7/2024,12:00,290.06
4/7/2024,18:00,293.633
4/8/2024,0:00,293.064
4/8/2024,6:00,292.157
4/8/2024,12:00,293.658
4/8/2024,18:00,297.78
4/9/2024,0:00,297.874
4/9/2024,6:00,294.894
4/9/2024,12:00,295.318
4/9/2024,18:00,300.2
4/10/2024,0:00,299.615
4/10/2024,6:00,293.694
4/10/2024,12:00,294.137
4/10/2024,18:00,299.136
4/11/2024,0:00,299.536
4/11/2024,6:00,293.061
4/11/2024,12:00,290.567
4/11/2024,18:00,292.145
4/12/2024,0:00,291.407
4/12/2024,6:00,291.375
4/12/2024,12:00,291.362
4/12/2024,18:00,292.033
4/13/2024,0:00,292.711
4/13/2024,6:00,292.059
4/13/2024,12:00,292.912
4/13/2024,18:00,296.436
4/14/2024,0:00,296.022
4/14/2024,6:00,294.836
4/14/2024,12:00,294.904
4/14/2024,18:00,299.272
4/15/2024,0:00,298.955
4/15/2024,6:00,295.741
4/15/2024,12:00,295.964
4/15/2024,18:00,298.465
4/16/2024,0:00,298.704
4/16/2024,6:00,294.707
4/16/2024,12:00,293.104
4/16/2024,18:00,295.324
4/17/2024,0:00,293.7
4/17/2024,6:00,289
4/17/2024,12:00,288.147
4/17/2024,18:00,294.417
4/18/2024,0:00,294.409
4/18/2024,6:00,288.34
4/18/2024,12:00,289.405
4/18/2024,18:00,296.176
4/19/2024,0:00,296.156
4/19/2024,6:00,289.943
4/19/2024,12:00,289.908
4/19/2024,18:00,297.595
4/20/2024,0:00,297.512
4/20/2024,6:00,290.493
4/20/2024,12:00,290.307
4/20/2024,18:00,298.295
4/21/2024,0:00,298.381
4/21/2024,6:00,291.124
4/21/2024,12:00,291.432
4/21/2024,18:00,299.377
4/22/2024,0:00,299.551
4/22/2024,6:00,293.455
4/22/2024,12:00,292.5
4/22/2024,18:00,294.212
4/23/2024,0:00,292.402
4/23/2024,6:00,292.291
4/23/2024,12:00,293.91
4/23/2024,18:00,295.986
4/24/2024,0:00,298.316
4/24/2024,6:00,294.69
4/24/2024,12:00,291.633
4/24/2024,18:00,293.854
4/25/2024,0:00,291.556
4/25/2024,6:00,289.828
4/25/2024,12:00,289.637
4/25/2024,18:00,297.227
4/26/2024,0:00,297.743
4/26/2024,6:00,292.865
4/26/2024,12:00,295.824
4/26/2024,18:00,302.269
4/27/2024,0:00,302.264
4/27/2024,6:00,296.224
4/27/2024,12:00,295.204
4/27/2024,18:00,299.253
4/28/2024,0:00,297.57
4/28/2024,6:00,288.904
4/28/2024,12:00,287.59
4/28/2024,18:00,292.271
4/29/2024,0:00,292.669
4/29/2024,6:00,291.624
4/29/2024,12:00,291.555
4/29/2024,18:00,299.148
4/30/2024,0:00,300.603
4/30/2024,6:00,297.4
4/30/2024,12:00,296.277
4/30/2024,18:00,301.6
5/1/2024,0:00,301.644
5/1/2024,6:00,298.335
5/1/2024,12:00,297.643
5/1/2024,18:00,300.206
5/2/2024,0:00,300.423
5/2/2024,6:00,296.264
5/2/2024,12:00,293.718
5/2/2024,18:00,292.007
5/3/2024,0:00,289.382
5/3/2024,6:00,287.979
5/3/2024,12:00,287.454
5/3/2024,18:00,288.287
5/4/2024,0:00,287.861
5/4/2024,6:00,287.244
5/4/2024,12:00,288.7
5/4/2024,18:00,292.257
5/5/2024,0:00,291.91
5/5/2024,6:00,291.723
5/5/2024,12:00,293.95
5/5/2024,18:00,299.056
5/6/2024,0:00,299.112
5/6/2024,6:00,295.175
5/6/2024,12:00,295.432
5/6/2024,18:00,299.886
5/7/2024,0:00,299.18
5/7/2024,6:00,295.981
5/7/2024,12:00,295.867
5/7/2024,18:00,298.988
5/8/2024,0:00,299.144
5/8/2024,6:00,297.244
5/8/2024,12:00,297.932
5/8/2024,18:00,297.552
5/9/2024,0:00,294.909
5/9/2024,6:00,288.3
5/9/2024,12:00,283.476
5/9/2024,18:00,288.89
5/10/2024,0:00,287.188
5/10/2024,6:00,286.034
5/10/2024,12:00,287.251
5/10/2024,18:00,288.141
5/11/2024,0:00,287.978
5/11/2024,6:00,288.395
5/11/2024,12:00,288.097
5/11/2024,18:00,289.619
5/12/2024,0:00,289.256
5/12/2024,6:00,289.629
5/12/2024,12:00,289.31
5/12/2024,18:00,290.484
5/13/2024,0:00,290.943
5/13/2024,6:00,289.435
5/13/2024,12:00,288.158
5/13/2024,18:00,288.113
5/14/2024,0:00,286.516
5/14/2024,6:00,282.663
5/14/2024,12:00,280.832
5/14/2024,18:00,286.486
5/15/2024,0:00,286.216
5/15/2024,6:00,281.464
5/15/2024,12:00,280.748
5/15/2024,18:00,286.872
5/16/2024,0:00,287.064
5/16/2024,6:00,281.217
5/16/2024,12:00,283.004
5/16/2024,18:00,284.178
5/17/2024,0:00,284.423
5/17/2024,6:00,284.704
5/17/2024,12:00,283.753
5/17/2024,18:00,289.589
5/18/2024,0:00,289.556
5/18/2024,6:00,282.761
5/18/2024,12:00,282.306
5/18/2024,18:00,287.909
5/19/2024,0:00,287.289
5/19/2024,6:00,282.12
5/19/2024,12:00,281.457
5/19/2024,18:00,288.603
5/20/2024,0:00,288.663
5/20/2024,6:00,284.592
5/20/2024,18:00,289.441
5/21/2024,0:00,289.204
5/21/2024,6:00,283.431
5/21/2024,12:00,285.201
5/21/2024,18:00,288.9
5/22/2024,0:00,289.717
5/22/2024,6:00,289.409
5/22/2024,12:00,290.919
5/22/2024,18:00,294.748
5/23/2024,0:00,295.612
5/23/2024,6:00,291.813
5/23/2024,12:00,291.825
5/23/2024,18:00,292.143
5/24/2024,0:00,291.229
5/24/2024,6:00,288.851
5/24/2024,12:00,288.3
5/24/2024,18:00,284.648
5/25/2024,0:00,283.452
5/25/2024,6:00,280.862
5/25/2024,12:00,279.215
5/25/2024,18:00,284.415
5/26/2024,0:00,284.321
5/26/2024,6:00,282.711
5/26/2024,12:00,280.615
5/26/2024,18:00,286.2
5/27/2024,0:00,285.852
5/27/2024,6:00,284.393
5/27/2024,12:00,283.4
5/27/2024,18:00,284.631
5/28/2024,0:00,284.474
5/28/2024,6:00,281.386
5/28/2024,12:00,282.216
5/28/2024,18:00,289.346
5/29/2024,6:00,283.226
5/29/2024,12:00,285.668
5/29/2024,18:00,288.548
5/30/2024,0:00,288.364
5/30/2024,6:00,283.361
5/30/2024,12:00,283.839
5/30/2024,18:00,290.385
5/31/2024,0:00,290.194
5/31/2024,6:00,284.448
5/31/2024,12:00,283.9
5/31/2024,18:00,291.502
6/1/2024,0:00,291.54
6/1/2024,6:00,285.239
6/1/2024,12:00,286.803
6/1/2024,18:00,293.781
6/2/2024,0:00,293.655
6/2/2024,6:00,288.215
6/2/2024,12:00,288.202
6/2/2024,18:00,296.005
6/3/2024,0:00,296.025
6/3/2024,6:00,292.162
6/3/2024,12:00,284.849
6/3/2024,18:00,287.2
6/4/2024,0:00,287.1
6/4/2024,6:00,281.532
6/4/2024,12:00,281.206
6/4/2024,18:00,287.155
6/5/2024,0:00,287.256
6/5/2024,6:00,284.558
6/5/2024,12:00,287.828
6/5/2024,18:00,295.411
6/6/2024,0:00,295
6/6/2024,6:00,290.34
6/6/2024,12:00,291.264
6/6/2024,18:00,297.745
6/7/2024,0:00,297.715
6/7/2024,6:00,292.417
6/7/2024,12:00,292.234
6/7/2024,18:00,298.571
6/8/2024,0:00,298.307
6/8/2024,6:00,292.814
6/8/2024,12:00,291.959
6/8/2024,18:00,298.48
6/9/2024,0:00,298.698
6/9/2024,6:00,292.412
6/9/2024,12:00,293.261
6/9/2024,18:00,298.904
6/10/2024,0:00,299.005
6/10/2024,6:00,292.92
6/10/2024,12:00,293.293
6/10/2024,18:00,299.069
6/11/2024,0:00,299.006
6/11/2024,6:00,292.683
6/11/2024,12:00,292.805
6/11/2024,18:00,298.467
6/12/2024,0:00,299.09
6/12/2024,6:00,293.855
6/12/2024,12:00,292.535
6/12/2024,18:00,298.896
6/13/2024,0:00,299.033
6/13/2024,6:00,293.478
6/13/2024,12:00,292.061
6/13/2024,18:00,297.957
6/14/2024,0:00,297.806
6/14/2024,6:00,295.596
6/14/2024,12:00,294.326
6/14/2024,18:00,298.612
6/15/2024,0:00,299.33
6/15/2024,6:00,296.329
6/15/2024,12:00,294.456
6/15/2024,18:00,296.268
6/16/2024,0:00,294.887
6/16/2024,6:00,291.436
6/16/2024,12:00,290.69
6/16/2024,18:00,290.935
6/17/2024,0:00,291.1
6/17/2024,6:00,289.153
6/17/2024,12:00,288.079
6/17/2024,18:00,289.873
6/18/2024,0:00,290.8
6/18/2024,6:00,289.413
6/18/2024,12:00,290.705
6/18/2024,18:00,293.2
6/19/2024,0:00,294.015
6/19/2024,6:00,292.746
6/19/2024,12:00,292.419
6/19/2024,18:00,297.23
6/20/2024,0:00,296.704
6/20/2024,6:00,292.999
6/20/2024,12:00,292.4
6/20/2024,18:00,296.337
6/21/2024,0:00,296.3
6/21/2024,6:00,292.563
6/21/2024,12:00,291.272
6/21/2024,18:00,296.558
6/22/2024,0:00,296.258
6/22/2024,6:00,291.077
6/22/2024,12:00,290.896
6/22/2024,18:00,295.629
6/23/2024,0:00,294.321
6/23/2024,6:00,292.955
6/23/2024,12:00,292.446
6/23/2024,18:00,295.198
6/24/2024,0:00,290.598
6/24/2024,6:00,287.365
6/24/2024,12:00,285.734
6/24/2024,18:00,286.679
6/25/2024,0:00,286.65
6/25/2024,6:00,282.123
6/25/2024,12:00,280.522
6/25/2024,18:00,284.2
6/26/2024,0:00,283.691
6/26/2024,6:00,282.902
6/26/2024,12:00,281.703
6/26/2024,18:00,286.06
6/27/2024,0:00,286.555
6/27/2024,6:00,280.643
6/27/2024,12:00,280.8
6/27/2024,18:00,288.356
6/28/2024,0:00,288.203
6/28/2024,6:00,282.932
6/28/2024,12:00,283.915
6/28/2024,18:00,289.664
6/29/2024,0:00,288.688
6/29/2024,6:00,282.106
6/29/2024,12:00,278.255
6/29/2024,18:00,283.321
6/30/2024,0:00,283.148
6/30/2024,6:00,277.13
6/30/2024,12:00,277.513
6/30/2024,18:00,284.455
7/1/2024,0:00,284.641
7/1/2024,6:00,279.229
7/1/2024,12:00,279.473
7/1/2024,18:00,288.037
7/2/2024,0:00,288.178
7/2/2024,6:00,281.617
7/2/2024,12:00,282.738
7/2/2024,18:00,291.402
7/3/2024,0:00,291.402
7/3/2024,6:00,287.488
7/3/2024,12:00,287.7
7/3/2024,18:00,289.841
7/4/2024,0:00,290.252
7/4/2024,6:00,286.76
7/4/2024,12:00,285.1
7/4/2024,18:00,286.2
7/5/2024,0:00,286.918
7/5/2024,6:00,284.994
7/5/2024,12:00,283.518
7/5/2024,18:00,282.722
7/6/2024,0:00,282.015
7/6/2024,6:00,279.773
7/6/2024,12:00,277.171
7/6/2024,18:00,283.955
7/7/2024,0:00,283.786
7/7/2024,6:00,278.722
7/7/2024,12:00,277.109
7/7/2024,18:00,284.573
7/8/2024,0:00,284.771
7/8/2024,6:00,278.734
7/8/2024,12:00,276.924
7/8/2024,18:00,283.096
7/9/2024,0:00,283.078
7/9/2024,6:00,276.363
7/9/2024,12:00,275.286
7/9/2024,18:00,281.966
7/10/2024,0:00,281.713
7/10/2024,6:00,277.016
7/10/2024,12:00,277.345
7/10/2024,18:00,284.604
7/11/2024,0:00,284.439
7/11/2024,6:00,278.916
7/11/2024,12:00,279.629
7/11/2024,18:00,285.269
7/12/2024,0:00,285.162
7/12/2024,6:00,282.113
7/12/2024,12:00,281.028
7/12/2024,18:00,285.178
7/13/2024,0:00,284.813
7/13/2024,6:00,282.35
7/13/2024,12:00,278.937
7/13/2024,18:00,285.988
7/14/2024,0:00,285.506
7/14/2024,6:00,282.778
7/14/2024,12:00,281.965
7/14/2024,18:00,283.862
7/15/2024,0:00,284.008
7/15/2024,6:00,284.11
7/15/2024,12:00,284.172
7/15/2024,18:00,288
7/16/2024,0:00,288.522
7/16/2024,6:00,286.327
7/16/2024,12:00,284.778
7/16/2024,18:00,290.649
7/17/2024,0:00,290.4
7/17/2024,6:00,288.4
7/17/2024,12:00,285.942
7/17/2024,18:00,292.349
7/18/2024,0:00,292.474
7/18/2024,6:00,286.512
7/18/2024,12:00,285.144
7/18/2024,18:00,294.258
7/19/2024,0:00,294.273
7/19/2024,6:00,289.096
7/19/2024,12:00,290.11
7/19/2024,18:00,298.308
7/20/2024,0:00,298.417
7/20/2024,6:00,292.105
7/20/2024,12:00,288.415
7/20/2024,18:00,292.9
7/21/2024,0:00,293.518
7/21/2024,6:00,288.327
7/21/2024,12:00,289.818
7/21/2024,18:00,297.721
7/22/2024,0:00,297.687
7/22/2024,6:00,291.611
7/22/2024,12:00,290.7
7/22/2024,18:00,298
7/23/2024,0:00,297.893
7/23/2024,6:00,292.132
7/23/2024,12:00,290.6
7/23/2024,18:00,297.493
7/24/2024,0:00,297.435
7/24/2024,6:00,290.878
7/24/2024,12:00,290.225
7/24/2024,18:00,298.313
7/25/2024,0:00,298.172
7/25/2024,6:00,291.154
7/25/2024,12:00,291.208
7/25/2024,18:00,296.989
7/26/2024,0:00,296.867
7/26/2024,6:00,289.938
7/26/2024,12:00,288.736
7/26/2024,18:00,296.513
7/27/2024,0:00,295
7/27/2024,6:00,291.72
7/27/2024,12:00,291.056
7/27/2024,18:00,297.266
7/28/2024,0:00,297.662
7/28/2024,6:00,291.092
7/28/2024,12:00,289.695
7/28/2024,18:00,292.765
7/29/2024,0:00,290.673
7/29/2024,6:00,284.333
7/29/2024,12:00,282.715
7/29/2024,18:00,287.242
7/30/2024,0:00,286.906
7/30/2024,6:00,280.6
7/30/2024,12:00,279.803
7/30/2024,18:00,288.474
7/31/2024,0:00,288.627
7/31/2024,6:00,285.316
7/31/2024,12:00,287.469
7/31/2024,18:00,295.877
8/1/2024,0:00,295.575
8/1/2024,6:00,290.484
8/1/2024,12:00,292.3
8/1/2024,18:00,299.942
8/2/2024,0:00,299.719
8/2/2024,6:00,296.052
8/2/2024,12:00,294.63
8/2/2024,18:00,299.951
8/3/2024,0:00,299.813
8/3/2024,6:00,296.884
8/3/2024,12:00,295.348
8/3/2024,18:00,300.382
8/4/2024,0:00,300.648
8/4/2024,6:00,294.994
8/4/2024,12:00,288.944
8/4/2024,18:00,290.343
8/5/2024,0:00,289.41
8/5/2024,6:00,289.3
8/5/2024,12:00,289.492
8/5/2024,18:00,297.415
8/6/2024,0:00,297.031
8/6/2024,6:00,293.833
8/6/2024,12:00,292.742
8/6/2024,18:00,297.725
8/7/2024,0:00,296.845
8/7/2024,6:00,292.923
8/7/2024,12:00,289.434
8/7/2024,18:00,289.652
8/8/2024,0:00,289.449
8/8/2024,6:00,285.398
8/8/2024,12:00,284.561
8/8/2024,18:00,285.625
8/9/2024,0:00,284.914
8/9/2024,6:00,280.706
8/9/2024,12:00,280.506
8/9/2024,18:00,284.4
8/10/2024,0:00,284.5
8/10/2024,6:00,279.349
8/10/2024,12:00,280.808
8/10/2024,18:00,287.2
8/11/2024,0:00,287.1
8/11/2024,6:00,281.653
8/11/2024,12:00,281.631
8/11/2024,18:00,289.443
8/12/2024,0:00,289.712
8/12/2024,6:00,282.167
8/12/2024,12:00,279.56
8/12/2024,18:00,285.802
8/13/2024,0:00,285.624
8/13/2024,6:00,280.001
8/13/2024,12:00,280.074
8/13/2024,18:00,288.1
8/14/2024,0:00,288.048
8/14/2024,6:00,281.602
8/14/2024,12:00,283.038
8/14/2024,18:00,292.441
8/15/2024,0:00,292.541
8/15/2024,6:00,285.703
8/15/2024,12:00,287.723
8/15/2024,18:00,296.994
8/16/2024,0:00,297.286
8/16/2024,6:00,289.729
8/16/2024,12:00,290.708
8/16/2024,18:00,297.073
8/17/2024,0:00,296.829
8/17/2024,6:00,291.173
8/17/2024,12:00,289.841
8/17/2024,18:00,295.5
8/18/2024,0:00,295.166
8/18/2024,6:00,289.112
8/18/2024,12:00,290.2
8/18/2024,18:00,299.228
8/19/2024,0:00,300.433
8/19/2024,6:00,294.314
8/19/2024,12:00,291.9
8/19/2024,18:00,297.428
8/20/2024,0:00,297.563
8/20/2024,6:00,292.419
8/20/2024,12:00,289.888
8/20/2024,18:00,291.808
8/21/2024,0:00,291.851
8/21/2024,6:00,289.496
8/21/2024,12:00,290.761
8/21/2024,18:00,293.861
8/22/2024,0:00,294.481
8/22/2024,6:00,292.3
8/22/2024,12:00,288.608
8/22/2024,18:00,287.621
8/23/2024,0:00,285.624
8/23/2024,6:00,285.349
8/23/2024,12:00,282.925
8/23/2024,18:00,287.727
8/24/2024,0:00,287.696
8/24/2024,6:00,281.253
8/24/2024,12:00,280.396
8/24/2024,18:00,286.578
8/25/2024,0:00,286.303
8/25/2024,6:00,280.866
8/25/2024,12:00,280.583
8/25/2024,18:00,286.089
8/26/2024,0:00,286.272
8/26/2024,6:00,280.125
8/26/2024,12:00,280.462
8/26/2024,18:00,287.366
8/27/2024,0:00,287.445
8/27/2024,6:00,281.256
8/27/2024,12:00,282.41
8/27/2024,18:00,290.397
8/28/2024,0:00,290.35
8/28/2024,6:00,283.817
8/28/2024,12:00,284.347
8/28/2024,18:00,293.061
8/29/2024,0:00,292.858
8/29/2024,6:00,287.4
8/29/2024,12:00,287.148
8/29/2024,18:00,292.091
8/30/2024,0:00,290.83
8/30/2024,6:00,288.424
8/30/2024,12:00,289.241
8/30/2024,18:00,296.8
8/31/2024,0:00,296.5
8/31/2024,6:00,292.171
8/31/2024,12:00,290.591
8/31/2024,18:00,293.045
9/1/2024,0:00,290.795
9/1/2024,6:00,286.459
9/1/2024,12:00,282.127
9/1/2024,18:00,286.622
9/2/2024,0:00,286.97
9/2/2024,6:00,285.576
9/2/2024,12:00,285.19
9/2/2024,18:00,292.663
9/3/2024,0:00,292.937
9/3/2024,6:00,286.8
9/3/2024,12:00,289.726
9/3/2024,18:00,296.452
9/4/2024,0:00,296.691
9/4/2024,6:00,288.935
9/4/2024,12:00,287.492
9/4/2024,18:00,288.716
9/5/2024,0:00,286.524
9/5/2024,6:00,283.8
9/5/2024,12:00,284.546
9/5/2024,18:00,291.085
9/6/2024,0:00,290.859
9/6/2024,6:00,284.002
9/6/2024,12:00,285.119
9/6/2024,18:00,294.42
9/7/2024,0:00,294.651
9/7/2024,6:00,288.105
9/7/2024,12:00,290.468
9/7/2024,18:00,298.418
9/8/2024,0:00,298.751
9/8/2024,6:00,291.716
9/8/2024,12:00,291.306
9/8/2024,18:00,301.132
9/9/2024,0:00,301.232
9/9/2024,6:00,292.514
9/9/2024,12:00,292.984
9/9/2024,18:00,304.135
9/10/2024,0:00,304.114
9/10/2024,6:00,296.096
9/10/2024,12:00,295.728
9/10/2024,18:00,303.691
9/11/2024,0:00,303.615
9/11/2024,6:00,296.434
9/11/2024,12:00,294.738
9/11/2024,18:00,303.562
9/12/2024,0:00,303.947
9/12/2024,6:00,291.918
9/12/2024,12:00,289.126
9/12/2024,18:00,293.473
9/13/2024,0:00,292.346
9/13/2024,6:00,290.104
9/13/2024,12:00,289.555
9/13/2024,18:00,292.181
9/14/2024,0:00,292.029
9/14/2024,6:00,289.715
9/14/2024,12:00,289.288
9/14/2024,18:00,293.4
9/15/2024,0:00,294.058
9/15/2024,6:00,286.655
9/15/2024,12:00,286.247
9/15/2024,18:00,292.739
9/16/2024,0:00,292.7
9/16/2024,6:00,286
9/16/2024,12:00,287.963
9/16/2024,18:00,294.396
9/17/2024,0:00,294.464
9/17/2024,6:00,286.964
9/17/2024,12:00,288.945
9/17/2024,18:00,298.015
9/18/2024,0:00,297.892
9/18/2024,6:00,290.441
9/18/2024,12:00,291.402
9/18/2024,18:00,299.715
9/19/2024,0:00,299.605
9/19/2024,6:00,292.701
9/19/2024,12:00,292.301
9/19/2024,18:00,302.732
9/20/2024,0:00,303.661
9/20/2024,6:00,293.968
9/20/2024,12:00,294.353
9/20/2024,18:00,297.861
9/21/2024,0:00,296.197
9/21/2024,6:00,290.939
9/21/2024,12:00,292.7
9/21/2024,18:00,300.803
9/22/2024,0:00,300.695
9/22/2024,6:00,292.1
9/22/2024,12:00,296.085
9/22/2024,18:00,306.403
9/23/2024,0:00,305.925
9/23/2024,6:00,299.194
9/23/2024,12:00,298.955
9/23/2024,18:00,307.591
9/24/2024,0:00,307.542
9/24/2024,6:00,298.618
9/24/2024,12:00,298.9
9/24/2024,18:00,305.542
9/25/2024,0:00,306.8
9/25/2024,6:00,295.624
9/25/2024,12:00,294.64
9/25/2024,18:00,299
9/26/2024,0:00,297.585
9/26/2024,6:00,293.612
9/26/2024,12:00,292.895
9/26/2024,18:00,290.53
9/27/2024,0:00,290.145
9/27/2024,6:00,287.751
9/27/2024,12:00,288.08
9/27/2024,18:00,294.919
9/28/2024,0:00,294.819
9/28/2024,6:00,287.719
9/28/2024,12:00,290.658
9/28/2024,18:00,297.654
9/29/2024,0:00,297.885
9/29/2024,6:00,290.41
9/29/2024,12:00,293.414
9/29/2024,18:00,301.762
9/30/2024,0:00,301.9
9/30/2024,6:00,295.081
9/30/2024,12:00,296.928
9/30/2024,18:00,305.534
10/1/2024,0:00,305.426
10/1/2024,6:00,298.615
10/1/2024,12:00,297.679
10/1/2024,18:00,302.512
10/2/2024,0:00,303.488
10/2/2024,6:00,292.82
10/2/2024,12:00,289.512
10/2/2024,18:00,294.277
10/3/2024,0:00,293.889
10/3/2024,6:00,286.7
10/3/2024,12:00,285.915
10/3/2024,18:00,291.544
10/4/2024,0:00,291.144
10/4/2024,6:00,283.749
10/4/2024,12:00,286.606
10/4/2024,18:00,294.256
10/5/2024,0:00,294.275
10/5/2024,6:00,287.877
10/5/2024,12:00,290.458
10/5/2024,18:00,299.806
10/6/2024,0:00,299.794
10/6/2024,6:00,292.591
10/6/2024,12:00,292.799
10/6/2024,18:00,298.251
10/7/2024,0:00,298.305
10/7/2024,6:00,293.59
10/7/2024,12:00,291.977
10/7/2024,18:00,299.2
10/8/2024,0:00,295.844
10/8/2024,6:00,290.5
10/8/2024,12:00,289.843
10/8/2024,18:00,290.851
10/9/2024,0:00,292.879
10/9/2024,6:00,291.842
10/9/2024,12:00,289.577
10/9/2024,18:00,291.661
10/10/2024,0:00,291.323
10/10/2024,6:00,289.544
10/10/2024,12:00,289.029
10/10/2024,18:00,291.076
10/11/2024,0:00,290.935
10/11/2024,6:00,291.498
10/11/2024,12:00,291.357
10/11/2024,18:00,297.1
10/12/2024,0:00,297.055
10/12/2024,6:00,291.335
10/12/2024,12:00,293.193
10/12/2024,18:00,298.1
10/13/2024,0:00,297.93
10/13/2024,6:00,291.417
10/13/2024,12:00,291.226
10/13/2024,18:00,299.181
10/14/2024,0:00,299.337
10/14/2024,6:00,293.556
10/14/2024,12:00,294.635
10/14/2024,18:00,302.447
10/15/2024,0:00,302.598
10/15/2024,6:00,295.771
10/15/2024,12:00,293.709
10/15/2024,18:00,297.381
10/16/2024,0:00,295.854
10/16/2024,6:00,293.19
10/16/2024,12:00,293.718
10/16/2024,18:00,298.672
10/17/2024,0:00,298.301
10/17/2024,6:00,290.247
10/17/2024,12:00,292.588
10/17/2024,18:00,298.069
10/18/2024,0:00,297.43
10/18/2024,6:00,293.047
10/18/2024,12:00,292.044
10/18/2024,18:00,298.186
10/19/2024,0:00,298.134
10/19/2024,6:00,290.32
10/19/2024,12:00,292.576
10/19/2024,18:00,297.901
10/20/2024,0:00,297.7
10/20/2024,6:00,291.193
10/20/2024,12:00,293.859
10/20/2024,18:00,302.279
10/21/2024,0:00,302.169
10/21/2024,6:00,294.451
10/21/2024,12:00,297.588
10/21/2024,18:00,302.99
10/22/2024,0:00,303.4
10/22/2024,12:00,299.661
10/22/2024,18:00,305.795
10/23/2024,0:00,305.375
10/23/2024,6:00,298.828
10/23/2024,12:00,300.154
10/23/2024,18:00,307.284
10/24/2024,0:00,307.002
10/24/2024,6:00,297.908
10/24/2024,12:00,298.882
10/24/2024,18:00,297.999
10/25/2024,0:00,297.491
10/25/2024,6:00,291.743
10/25/2024,12:00,291.726
10/25/2024,18:00,298.601
10/26/2024,0:00,299.224
10/26/2024,6:00,293.158
10/26/2024,12:00,288.646
10/26/2024,18:00,294.602
10/27/2024,0:00,293.942
10/27/2024,6:00,286.645
10/27/2024,12:00,290.14
10/27/2024,18:00,296.196
10/28/2024,0:00,295.977
10/28/2024,6:00,288.645
10/28/2024,12:00,291.409
10/28/2024,18:00,299.022
10/29/2024,0:00,299.369
10/29/2024,6:00,291.09
10/29/2024,12:00,294.602
10/29/2024,18:00,301.694
10/30/2024,0:00,301.838
10/30/2024,6:00,291.942
10/30/2024,12:00,295.019
10/30/2024,18:00,301.259
10/31/2024,0:00,300.663
10/31/2024,6:00,294.226
10/31/2024,12:00,296.195
10/31/2024,18:00,305.498
11/1/2024,0:00,305.332
11/1/2024,6:00,297.426
11/1/2024,12:00,297.675
11/1/2024,18:00,301.208
11/2/2024,0:00,294.13
11/2/2024,6:00,294.29
11/2/2024,12:00,295.7
11/2/2024,18:00,299.1
11/3/2024,0:00,298.491
11/3/2024,6:00,293.957
11/3/2024,12:00,297.184
11/3/2024,18:00,302.4
11/4/2024,0:00,300.343
11/4/2024,6:00,296.595
11/4/2024,12:00,297.158
11/4/2024,18:00,303.664
11/5/2024,0:00,303.492
11/5/2024,6:00,298.142
11/5/2024,12:00,295.452
11/5/2024,18:00,299.275
11/6/2024,0:00,298.272
11/6/2024,6:00,294.028
11/6/2024,12:00,294.38
11/6/2024,18:00,298.832
11/7/2024,0:00,299.469
11/7/2024,12:00,293.93
11/7/2024,18:00,298.638
11/8/2024,0:00,297.559
11/8/2024,6:00,291.167
11/8/2024,12:00,290.379
11/8/2024,18:00,297.877
11/9/2024,0:00,297.932
11/9/2024,6:00,290.2
11/9/2024,12:00,292.479
11/9/2024,18:00,298.397
11/10/2024,0:00,298.761
11/10/2024,6:00,290.849
11/10/2024,12:00,293.764
11/10/2024,18:00,302.392
11/11/2024,0:00,303.13
11/11/2024,6:00,293.942
11/11/2024,12:00,297.92
11/11/2024,18:00,296.885
11/12/2024,0:00,296.279
11/12/2024,6:00,288.491
11/12/2024,12:00,289.493
11/12/2024,18:00,296
11/13/2024,0:00,295.988
11/13/2024,6:00,287.901
11/13/2024,12:00,292.931
11/13/2024,18:00,298.883
11/14/2024,0:00,299.176
11/14/2024,6:00,291.759
11/14/2024,12:00,294.737
11/14/2024,18:00,300.532
11/15/2024,0:00,300.713
11/15/2024,6:00,293.151
11/15/2024,12:00,295.947
11/15/2024,18:00,304.902
11/16/2024,0:00,304.856
11/16/2024,6:00,296.494
11/16/2024,12:00,300.807
11/16/2024,18:00,308.972
11/17/2024,0:00,308.763
11/17/2024,6:00,300.061
11/17/2024,12:00,302.877
11/17/2024,18:00,309.428
11/18/2024,0:00,309.155
11/18/2024,6:00,294.812
11/18/2024,12:00,298.002
11/18/2024,18:00,303.033
11/19/2024,0:00,301.949
11/19/2024,6:00,294.648
11/19/2024,12:00,291.225
11/19/2024,18:00,291.005
11/20/2024,0:00,290.429
11/20/2024,6:00,290.191
11/20/2024,12:00,288.982
11/20/2024,18:00,295.317
11/21/2024,0:00,295.291
11/21/2024,6:00,290.769
11/21/2024,12:00,291.185
11/21/2024,18:00,296.15
11/22/2024,0:00,296.214
11/22/2024,6:00,293.603
11/22/2024,12:00,293.552
11/22/2024,18:00,298.151
11/23/2024,0:00,299.422
11/23/2024,6:00,294.66
11/23/2024,12:00,294.506
11/23/2024,18:00,302.797
11/24/2024,0:00,302.103
11/24/2024,6:00,295.896
11/24/2024,12:00,297.177
11/24/2024,18:00,306.712
11/25/2024,0:00,306.886
11/25/2024,6:00,298.59
11/25/2024,12:00,298.137
11/25/2024,18:00,298.749
11/26/2024,0:00,297.7
11/26/2024,6:00,294.895
11/26/2024,12:00,297.723
11/26/2024,18:00,295.925
11/27/2024,0:00,297.519
11/27/2024,6:00,293.43
11/27/2024,12:00,295.869
11/27/2024,18:00,300
11/28/2024,0:00,301.425
11/28/2024,6:00,294.131
11/28/2024,12:00,294.767
11/28/2024,18:00,296.521
11/29/2024,0:00,296.984
11/29/2024,6:00,293.575
11/29/2024,12:00,296.705
11/29/2024,18:00,301.921
11/30/2024,0:00,302.133
11/30/2024,6:00,297.176
11/30/2024,12:00,296.996
11/30/2024,18:00,303.62
12/1/2024,0:00,303.899
12/1/2024,6:00,297.792
12/1/2024,12:00,296.945
12/1/2024,18:00,307.466
12/2/2024,0:00,306.68
12/2/2024,6:00,296.01
12/2/2024,12:00,292.871
12/2/2024,18:00,298.43
12/3/2024,0:00,298.712
12/3/2024,6:00,291.061
12/3/2024,12:00,293.555
12/3/2024,18:00,297.627
12/4/2024,0:00,296.931
12/4/2024,6:00,289.166
12/4/2024,12:00,291.384
12/4/2024,18:00,299.369
12/5/2024,0:00,300.701
12/5/2024,6:00,292.129
12/5/2024,12:00,297.219
12/5/2024,18:00,307.335
12/6/2024,0:00,306.847
12/6/2024,6:00,298.962
12/6/2024,12:00,299.371
12/6/2024,18:00,305.043
12/7/2024,0:00,300.274
12/7/2024,6:00,294.337
12/7/2024,12:00,294.114
12/7/2024,18:00,298.675
12/8/2024,0:00,298.447
12/8/2024,6:00,294.73
12/8/2024,12:00,289.941
12/8/2024,18:00,295.091
12/9/2024,0:00,297.322
12/9/2024,6:00,291.383
12/9/2024,12:00,292.082
12/9/2024,18:00,300.491
12/10/2024,0:00,298.918
12/10/2024,6:00,291.897
12/10/2024,12:00,293.508
12/10/2024,18:00,301.166
12/11/2024,0:00,301.233
12/11/2024,6:00,293.752
12/11/2024,12:00,292.81
12/11/2024,18:00,302.112
12/12/2024,0:00,302.495
12/12/2024,6:00,296.715
12/12/2024,12:00,297.253
12/12/2024,18:00,305.947
12/13/2024,0:00,307.086
12/13/2024,6:00,299.268
12/13/2024,12:00,295.272
12/13/2024,18:00,295.22
12/14/2024,0:00,295.436
12/14/2024,6:00,294.337
12/14/2024,12:00,296.907
12/14/2024,18:00,302.791
12/15/2024,0:00,303.036
12/15/2024,6:00,297.598
12/15/2024,12:00,292.065
12/15/2024,18:00,297.466
12/16/2024,0:00,298.623
12/16/2024,6:00,291.746
12/16/2024,12:00,293.527
12/16/2024,18:00,300.502
12/17/2024,0:00,301.535
12/17/2024,6:00,293.852
12/17/2024,12:00,294.849
12/17/2024,18:00,302.004
12/18/2024,0:00,300.893
12/18/2024,6:00,293.132
12/18/2024,12:00,295.927
12/18/2024,18:00,304.57
12/19/2024,0:00,304.726
12/19/2024,6:00,297.692
12/19/2024,12:00,294.385
12/19/2024,18:00,294.228
12/20/2024,0:00,293.317
12/20/2024,6:00,292.812
12/20/2024,12:00,296.385
12/20/2024,18:00,303.709
12/21/2024,0:00,305.071
12/21/2024,6:00,298.023
12/21/2024,12:00,297.337
12/21/2024,18:00,305.142
12/22/2024,0:00,303.843
12/22/2024,6:00,292.211
12/22/2024,12:00,293.165
12/22/2024,18:00,300.643
12/23/2024,0:00,301.391
12/23/2024,6:00,293.579
12/23/2024,12:00,293.795
12/23/2024,18:00,302.815
12/24/2024,0:00,302.511
12/24/2024,6:00,294.087
12/24/2024,12:00,296.33
12/24/2024,18:00,304.18
12/25/2024,0:00,303.921
12/25/2024,6:00,296.182
12/25/2024,12:00,295.794
12/25/2024,18:00,301.655
12/26/2024,0:00,301.764
12/26/2024,6:00,293.979
12/26/2024,12:00,294.389
12/26/2024,18:00,301.28
12/27/2024,0:00,302.339
12/27/2024,6:00,293.186
12/27/2024,12:00,296.72
12/27/2024,18:00,304.515
12/28/2024,0:00,303.987
12/28/2024,6:00,295.682
12/28/2024,12:00,297.492
12/28/2024,18:00,304.653
12/29/2024,0:00,305.537
12/29/2024,6:00,296.897
12/29/2024,12:00,296.761
12/29/2024,18:00,305.871
12/30/2024,0:00,304.976
12/30/2024,6:00,296.91
12/30/2024,12:00,296.318
12/30/2024,18:00,306.485
12/31/2024,0:00,306.966
12/31/2024,6:00,299.027
12/31/2024,12:00,299.372
12/31/2024,18:00,309.275
1/1/2025,0:00,309.481
1/1/2025,6:00,302.831
1/1/2025,12:00,301.522
1/1/2025,18:00,310.852
1/2/2025,0:00,311.711
1/2/2025,6:00,301.849
1/2/2025,12:00,303.289
1/2/2025,18:00,311.811
1/3/2025,0:00,311.732
1/3/2025,6:00,301.547
1/3/2025,12:00,300.547
1/3/2025,18:00,308.206
1/4/2025,0:00,308.267
1/4/2025,6:00,298.251
1/4/2025,12:00,297.44
1/4/2025,18:00,307.087
1/5/2025,0:00,306.76
1/5/2025,6:00,296.577
1/5/2025,12:00,298.033
1/5/2025,18:00,306.778
1/6/2025,0:00,307.751
1/6/2025,6:00,297.429
1/6/2025,12:00,297.575
1/6/2025,18:00,307.594
1/7/2025,0:00,307.577
1/7/2025,6:00,298.468
1/7/2025,12:00,297.39
1/7/2025,18:00,307.472
1/8/2025,0:00,308.012
1/8/2025,6:00,297.863
1/8/2025,12:00,297.8
1/8/2025,18:00,308.068
1/9/2025,0:00,308.37
1/9/2025,6:00,299.779
1/9/2025,12:00,296.859
1/9/2025,18:00,308.571
1/10/2025,0:00,309.468
1/10/2025,6:00,303.154
1/10/2025,12:00,298.809
1/10/2025,18:00,309.92
1/11/2025,0:00,310.465
1/11/2025,6:00,301.163
1/11/2025,12:00,298.184
1/11/2025,18:00,308.117
1/12/2025,0:00,308.531
1/12/2025,6:00,300.405
1/12/2025,12:00,296.859
1/12/2025,18:00,307.792
1/13/2025,0:00,307.916
1/13/2025,6:00,299.126
1/13/2025,12:00,297.556
1/13/2025,18:00,308.178
1/14/2025,0:00,308.891
1/14/2025,6:00,300.896
1/14/2025,12:00,299.292
1/14/2025,18:00,309.033
1/15/2025,0:00,309.782
1/15/2025,6:00,300.451
1/15/2025,12:00,300.643
1/15/2025,18:00,309.231
1/16/2025,0:00,309.998
1/16/2025,6:00,301.406
1/16/2025,12:00,302.489
1/16/2025,18:00,309.403
1/17/2025,0:00,308.957
1/17/2025,6:00,297.726
1/17/2025,12:00,302.227
1/17/2025,18:00,312.653
1/18/2025,0:00,312.929
1/18/2025,6:00,304.079
1/18/2025,12:00,304.531
1/18/2025,18:00,313.209
1/19/2025,0:00,311.956
1/19/2025,6:00,303.833
1/19/2025,12:00,302.999
1/19/2025,18:00,312.225
1/20/2025,0:00,311.369
1/20/2025,6:00,295.12
1/20/2025,12:00,297.601
1/20/2025,18:00,305.269
1/21/2025,0:00,306.248
1/21/2025,6:00,297.053
1/21/2025,12:00,297.052
1/21/2025,18:00,307.925
1/22/2025,0:00,308.479
1/22/2025,6:00,300.542
1/22/2025,12:00,301.703
1/22/2025,18:00,310.425
1/23/2025,0:00,311.02
1/23/2025,6:00,302.737
1/23/2025,12:00,301.548
1/23/2025,18:00,313.791
1/24/2025,0:00,314.432
1/24/2025,6:00,300.887
1/24/2025,12:00,302.035
1/24/2025,18:00,309.918
1/25/2025,0:00,305.751
1/25/2025,6:00,297.665
1/25/2025,12:00,299.147
1/25/2025,18:00,310.556
1/26/2025,0:00,311.87
1/26/2025,6:00,304.098
1/26/2025,12:00,300.522
1/26/2025,18:00,309.73
1/27/2025,0:00,309.735
1/27/2025,6:00,300.993
1/27/2025,12:00,299.628
1/27/2025,18:00,309.393
1/28/2025,0:00,307.911
1/28/2025,6:00,301.653
1/28/2025,12:00,300.894
1/28/2025,18:00,311.017
1/29/2025,0:00,312.552
1/29/2025,6:00,305.249
1/29/2025,12:00,300.311
1/29/2025,18:00,309.251
1/30/2025,0:00,309.082
1/30/2025,6:00,295.517
1/30/2025,12:00,298.459
1/30/2025,18:00,307.163
1/31/2025,0:00,308.144
1/31/2025,6:00,300.56
1/31/2025,12:00,298.121
1/31/2025,18:00,308.423
2/1/2025,0:00,308.85
2/1/2025,6:00,300.076
2/1/2025,12:00,299.785
2/1/2025,18:00,308.677
2/2/2025,0:00,309.737
2/2/2025,6:00,301.152
2/2/2025,12:00,301.611
2/2/2025,18:00,310.679
2/3/2025,0:00,311.565
2/3/2025,6:00,303.289
2/3/2025,12:00,303.851
2/3/2025,18:00,314.212
2/4/2025,0:00,314.726
2/4/2025,6:00,304.715
2/4/2025,12:00,306.153
2/4/2025,18:00,314.031
2/5/2025,0:00,314.494
2/5/2025,6:00,307.15
2/5/2025,12:00,306.475
2/5/2025,18:00,315.981
2/6/2025,0:00,316.372
2/6/2025,6:00,307.511
2/6/2025,12:00,306.159
2/6/2025,18:00,314.878
2/7/2025,0:00,314.875
2/7/2025,6:00,303.664
2/7/2025,12:00,301.4
2/7/2025,18:00,312.77
2/8/2025,0:00,313.176
2/8/2025,6:00,302.903
2/8/2025,12:00,300.213
2/8/2025,18:00,312.625
2/9/2025,0:00,312.607
2/9/2025,6:00,303.348
2/9/2025,12:00,304.767
2/9/2025,18:00,313.12
2/10/2025,0:00,313.639
2/10/2025,6:00,304.115
2/10/2025,12:00,305.207
2/10/2025,18:00,315.139
2/11/2025,0:00,315.18
2/11/2025,6:00,307.697
2/11/2025,12:00,306.321
2/11/2025,18:00,315.109
2/12/2025,0:00,315.206
2/12/2025,6:00,306.293
2/12/2025,12:00,303.99
2/12/2025,18:00,314.895
2/13/2025,0:00,314.313
2/13/2025,6:00,298.711
2/13/2025,12:00,296.95
2/13/2025,18:00,304.959
2/14/2025,0:00,307.833
2/14/2025,6:00,301.97
2/14/2025,12:00,299.281
2/14/2025,18:00,309.197
2/15/2025,0:00,310.084
2/15/2025,6:00,302.507
2/15/2025,12:00,300.631
2/15/2025,18:00,310.262
2/16/2025,0:00,309.6
2/16/2025,6:00,297.918
2/16/2025,12:00,300.956
2/16/2025,18:00,311.494
2/17/2025,0:00,311.824
2/17/2025,6:00,295.973
2/17/2025,12:00,296.542
2/17/2025,18:00,296.865
2/18/2025,0:00,296.787
2/18/2025,6:00,294.287
2/18/2025,12:00,293.73
2/18/2025,18:00,301.473
2/19/2025,0:00,303.211
2/19/2025,6:00,295.479
2/19/2025,12:00,296.221
2/19/2025,18:00,304.092
2/20/2025,0:00,304.121
2/20/2025,6:00,297.399
2/20/2025,12:00,298.068
2/20/2025,18:00,306.51
2/21/2025,0:00,305.244
2/21/2025,6:00,298.57
2/21/2025,12:00,299.876
2/21/2025,18:00,307.226
2/22/2025,0:00,308.577
2/22/2025,6:00,301.808
2/22/2025,12:00,302.157
2/22/2025,18:00,310.599
2/23/2025,0:00,311.154
2/23/2025,6:00,303.652
2/23/2025,12:00,300.746
2/23/2025,18:00,310.624
2/24/2025,0:00,310.185
2/24/2025,6:00,301.492
2/24/2025,12:00,302.022
2/24/2025,18:00,311.79
2/25/2025,0:00,309.594
2/25/2025,6:00,304.125
2/25/2025,12:00,303.582
2/25/2025,18:00,310.844
2/26/2025,0:00,313.534
2/26/2025,6:00,305.284
2/26/2025,12:00,304.616
2/26/2025,18:00,313.059
2/27/2025,0:00,312.917
2/27/2025,6:00,297.656
2/27/2025,12:00,301.177
2/27/2025,18:00,309.63
2/28/2025,0:00,307.317
2/28/2025,6:00,296.7
2/28/2025,12:00,300.81
2/28/2025,18:00,310.103
3/1/2025,0:00,308.596
3/1/2025,6:00,298.298
3/1/2025,12:00,302.126
3/1/2025,18:00,310.302
3/2/2025,0:00,308.972
3/2/2025,6:00,297.707
3/2/2025,12:00,303.421
3/2/2025,18:00,312.772
3/3/2025,0:00,312.94
3/3/2025,6:00,300.451
3/3/2025,12:00,305.081
3/3/2025,18:00,315.399
3/4/2025,0:00,315.647
3/4/2025,6:00,304.323
3/4/2025,12:00,305.974
3/4/2025,18:00,315.3
3/5/2025,0:00,313.515
3/5/2025,6:00,304.5
3/5/2025,12:00,302.4
3/5/2025,18:00,312.201
3/6/2025,0:00,313.348
3/6/2025,6:00,305.199
3/6/2025,12:00,303.806
3/6/2025,18:00,312.031
3/7/2025,0:00,310.786
3/7/2025,6:00,303.622
3/7/2025,12:00,302.897
3/7/2025,18:00,312.861
3/8/2025,0:00,311.867
3/8/2025,6:00,301.803
3/8/2025,12:00,304.231
3/8/2025,18:00,313.12
3/9/2025,0:00,312.396
3/9/2025,6:00,297.576
3/9/2025,12:00,292.944
3/9/2025,18:00,302.092
3/10/2025,0:00,303.703
3/10/2025,6:00,294.709
3/10/2025,12:00,293.107
3/10/2025,18:00,303.566
3/11/2025,0:00,304.059
3/11/2025,6:00,294.289
3/11/2025,12:00,295.351
3/11/2025,18:00,306.299
3/12/2025,0:00,305.614
3/12/2025,6:00,296.5
3/12/2025,12:00,295.799
3/12/2025,18:00,305.366
3/13/2025,0:00,305.214
3/13/2025,6:00,292.7
3/13/2025,12:00,291.252
3/13/2025,18:00,301.94
3/14/2025,0:00,302.02
3/14/2025,6:00,292.517
3/14/2025,12:00,291.557
3/14/2025,18:00,300.959
3/15/2025,0:00,301.781
3/15/2025,6:00,293.398
3/15/2025,12:00,294.498
3/15/2025,18:00,303.663
3/16/2025,0:00,303.658
3/16/2025,6:00,293.455
3/16/2025,12:00,294.8
3/16/2025,18:00,304.934
3/17/2025,0:00,304.845
3/17/2025,6:00,296.09
3/17/2025,12:00,296.005
3/17/2025,18:00,306.36
3/18/2025,0:00,306.744
3/18/2025,6:00,299.182
3/18/2025,12:00,297.656
3/18/2025,18:00,306.951
3/19/2025,0:00,306.963
3/19/2025,6:00,298.08
3/19/2025,12:00,296.79
3/19/2025,18:00,306.678
3/20/2025,0:00,306.881
3/20/2025,6:00,296.579
3/20/2025,12:00,297.229
3/20/2025,18:00,307.596
3/21/2025,0:00,307.742
3/21/2025,6:00,297.915
3/21/2025,12:00,298.015
3/21/2025,18:00,308.378
3/22/2025,0:00,308.942
3/22/2025,6:00,299.4
3/22/2025,12:00,298.305
3/22/2025,18:00,304.624
3/23/2025,0:00,301.535
3/23/2025,6:00,294.029
3/23/2025,12:00,295.048
3/23/2025,18:00,305.123
3/24/2025,0:00,306.377
3/24/2025,6:00,298.681
3/24/2025,12:00,296.198
3/24/2025,18:00,306.458
3/25/2025,0:00,304.731
3/25/2025,6:00,296.915
3/25/2025,12:00,294.324
3/25/2025,18:00,306.1
3/26/2025,0:00,306.724
3/26/2025,6:00,299.6
3/26/2025,12:00,294.118
3/26/2025,18:00,304.366
3/27/2025,0:00,306.959
3/27/2025,6:00,300.123
3/27/2025,12:00,294.506
3/27/2025,18:00,297.826
3/28/2025,0:00,300.379
3/28/2025,6:00,293.418
3/28/2025,12:00,295.716
3/28/2025,18:00,300.077
3/29/2025,0:00,302.035
3/29/2025,6:00,296.577
3/29/2025,12:00,296.265
3/29/2025,18:00,302.298
3/30/2025,0:00,302.82
3/30/2025,6:00,297.248
3/30/2025,12:00,297.37
3/30/2025,18:00,306.676
3/31/2025,0:00,306.401
3/31/2025,6:00,298.544
3/31/2025,12:00,296.824
3/31/2025,18:00,299.6
4/1/2025,0:00,293.457
4/1/2025,6:00,288.683
4/1/2025,12:00,288.7
4/1/2025,18:00,290.646
4/2/2025,0:00,291.739
4/2/2025,6:00,291.683
4/2/2025,12:00,291.824
4/2/2025,18:00,292.392
4/3/2025,0:00,292.401
4/3/2025,6:00,291.742
4/3/2025,12:00,293.595
4/3/2025,18:00,299.1
4/4/2025,0:00,299.081
4/4/2025,6:00,291.631
4/4/2025,12:00,287.289
4/4/2025,18:00,291.464
4/5/2025,0:00,291.46
4/5/2025,6:00,284.874
4/5/2025,12:00,286.297
4/5/2025,18:00,295.5
4/6/2025,0:00,295.672
4/6/2025,6:00,289.542
4/6/2025,12:00,290.242
4/6/2025,18:00,299.7
4/7/2025,0:00,299.684
4/7/2025,6:00,294.081
4/7/2025,12:00,291.344
4/7/2025,18:00,292.336
4/8/2025,0:00,293.703
4/8/2025,6:00,290.86
4/8/2025,12:00,290.464
4/8/2025,18:00,292.55
4/9/2025,0:00,292.9
4/9/2025,6:00,290.351
4/9/2025,12:00,291.1
4/9/2025,18:00,294.511
4/10/2025,0:00,295.9
4/10/2025,6:00,290.803
4/10/2025,12:00,291.342
4/10/2025,18:00,297.346
4/11/2025,0:00,297.238
4/11/2025,6:00,294
4/11/2025,12:00,291.605
4/11/2025,18:00,299
4/12/2025,0:00,298.767
4/12/2025,6:00,292.391
4/12/2025,12:00,292.663
4/12/2025,18:00,298.897
4/13/2025,0:00,299.483
4/13/2025,6:00,294.75
4/13/2025,12:00,292.488
4/13/2025,18:00,297.562
4/14/2025,0:00,297.073
4/14/2025,6:00,288.393
4/14/2025,12:00,288.262
4/14/2025,18:00,295.978
4/15/2025,0:00,296.334
4/15/2025,6:00,288.318
4/15/2025,12:00,289.022
4/15/2025,18:00,298.293
4/16/2025,0:00,297.91
4/16/2025,6:00,290.024
4/16/2025,12:00,290.253
4/16/2025,18:00,298.357
4/17/2025,0:00,298.5
4/17/2025,6:00,290.341
4/17/2025,12:00,290.999
4/17/2025,18:00,300.797
4/18/2025,0:00,300.788
4/18/2025,6:00,293.452
4/18/2025,12:00,293.766
4/18/2025,18:00,302.205
4/19/2025,0:00,302.416
4/19/2025,6:00,294.387
4/19/2025,12:00,290.867
4/19/2025,18:00,297.05
4/20/2025,0:00,296.184
4/20/2025,6:00,286.937
4/20/2025,12:00,286.502
4/20/2025,18:00,294.113
4/21/2025,0:00,293.749
4/21/2025,6:00,287.175
4/21/2025,12:00,287.581
4/21/2025,18:00,296.1
4/22/2025,0:00,296.034
4/22/2025,6:00,288.166
4/22/2025,12:00,288.616
4/22/2025,18:00,297.649
4/23/2025,0:00,298.312
4/23/2025,6:00,289.386
4/23/2025,12:00,291.05
4/23/2025,18:00,301.276
4/24/2025,0:00,300.4
4/24/2025,6:00,292.204
4/24/2025,12:00,291.992
4/24/2025,18:00,296.485
4/25/2025,0:00,297.227
4/25/2025,6:00,291.371
4/25/2025,12:00,292.827
4/25/2025,18:00,301.695
4/26/2025,0:00,301.349
4/26/2025,6:00,293.498
4/26/2025,12:00,293.948
4/26/2025,18:00,301.5
4/27/2025,0:00,302.138
4/27/2025,6:00,296.045
4/27/2025,12:00,293.794
4/27/2025,18:00,296.109
4/28/2025,0:00,292.485
4/28/2025,6:00,287.748
4/28/2025,12:00,287.91
4/28/2025,18:00,296.051
4/29/2025,0:00,295.93
4/29/2025,6:00,287.009
4/29/2025,12:00,287.35
4/29/2025,18:00,295.6
4/30/2025,0:00,295.623
4/30/2025,6:00,286.881
4/30/2025,12:00,287.398
4/30/2025,18:00,296.865
5/1/2025,0:00,297.003
5/1/2025,6:00,287.447
5/1/2025,12:00,288.267
5/1/2025,18:00,299.8
5/2/2025,0:00,299.6
5/2/2025,6:00,290.6
5/2/2025,12:00,291.618
5/2/2025,18:00,293.116
5/3/2025,0:00,296.344
5/3/2025,6:00,290.446
5/3/2025,12:00,292.028
5/3/2025,18:00,300.667
5/4/2025,0:00,300.243
5/4/2025,6:00,292.2
5/4/2025,12:00,292.626
5/4/2025,18:00,303.149
5/5/2025,0:00,303.079
5/5/2025,6:00,293.379
5/5/2025,12:00,295.363
5/5/2025,18:00,303.395
5/6/2025,0:00,303.394
5/6/2025,6:00,294.244
5/6/2025,12:00,294.941
5/6/2025,18:00,303.161
5/7/2025,0:00,303.918
5/7/2025,6:00,293.73
5/7/2025,12:00,293.739
5/7/2025,18:00,299.61
5/8/2025,0:00,298.237
5/8/2025,6:00,293.929
5/8/2025,12:00,294.054
5/8/2025,18:00,302.962
5/9/2025,0:00,303.807
5/9/2025,6:00,295.3
5/9/2025,12:00,294.656
5/9/2025,18:00,294.207
5/10/2025,0:00,294.429
5/10/2025,6:00,289.129
5/10/2025,12:00,289.035
5/10/2025,18:00,295.401
5/11/2025,0:00,295.085
5/11/2025,6:00,288.12
5/11/2025,12:00,287.157
5/11/2025,18:00,292.643
5/12/2025,0:00,292.956
5/12/2025,6:00,285.471
5/12/2025,12:00,285.8
5/12/2025,18:00,295.752
5/13/2025,0:00,296.397
5/13/2025,6:00,287.223
5/13/2025,12:00,288.764
5/13/2025,18:00,298.041
5/14/2025,0:00,297.636
5/14/2025,6:00,290.731
5/14/2025,12:00,291.828
5/14/2025,18:00,299.796
5/15/2025,0:00,299.627
5/15/2025,6:00,294.185
5/15/2025,12:00,294.462
5/15/2025,18:00,299.642
5/16/2025,0:00,299.623
5/16/2025,6:00,294.3
5/16/2025,12:00,291.6
5/16/2025,18:00,297.521
5/17/2025,0:00,297.824
5/17/2025,6:00,291.815
5/17/2025,12:00,292.663
5/17/2025,18:00,300.376
5/18/2025,0:00,299.999
5/18/2025,6:00,296.161
5/18/2025,12:00,294.681
5/18/2025,18:00,294.481
5/19/2025,0:00,294.188
5/19/2025,6:00,291.122
5/19/2025,12:00,291.301
5/19/2025,18:00,295.503
5/20/2025,0:00,293.387
5/20/2025,6:00,290.933
5/20/2025,12:00,290.175
5/20/2025,18:00,292.824
5/21/2025,0:00,291.993
5/21/2025,6:00,288.286
5/21/2025,12:00,285.302
5/21/2025,18:00,286.904
5/22/2025,0:00,287.075
5/22/2025,6:00,284.178
5/22/2025,12:00,284.342
5/22/2025,18:00,290.835
5/23/2025,0:00,290.792
5/23/2025,6:00,284
5/23/2025,12:00,283.55
5/23/2025,18:00,291.602
5/24/2025,0:00,291.886
5/24/2025,6:00,286.608
5/24/2025,12:00,287.207
5/24/2025,18:00,289.565
5/25/2025,0:00,289.734
5/25/2025,6:00,289.692
5/25/2025,12:00,289.49
5/25/2025,18:00,294.796
5/26/2025,0:00,295.142
5/26/2025,6:00,291.561
5/26/2025,12:00,291.904
5/26/2025,18:00,296.302
5/27/2025,0:00,297.233
5/27/2025,6:00,292.82
5/27/2025,12:00,291.944
5/27/2025,18:00,293.004
5/28/2025,0:00,293.319
5/28/2025,6:00,287.845
5/28/2025,12:00,285.432
5/28/2025,18:00,282.038
5/29/2025,0:00,281.468
5/29/2025,6:00,281.445
5/29/2025,12:00,280.881
5/29/2025,18:00,285.744
5/30/2025,0:00,284.899
5/30/2025,6:00,281.358
5/30/2025,12:00,281.316
5/30/2025,18:00,286.721
5/31/2025,0:00,286.534
5/31/2025,6:00,281.51
5/31/2025,12:00,281.963
5/31/2025,18:00,287.71
6/1/2025,0:00,288.097
6/1/2025,6:00,282
6/1/2025,12:00,282.031
6/1/2025,18:00,288.431
6/2/2025,0:00,288.291
6/2/2025,6:00,281.787
6/2/2025,12:00,282.118
6/2/2025,18:00,290.843
6/3/2025,0:00,291.043
6/3/2025,6:00,286.107
6/3/2025,12:00,287.657
6/3/2025,18:00,292.776
6/4/2025,0:00,292.667
6/4/2025,6:00,290.35
6/4/2025,12:00,291.43
6/4/2025,18:00,295.134
6/5/2025,0:00,295.238
6/5/2025,6:00,290.4
6/5/2025,12:00,289.816
6/5/2025,18:00,292.92
6/6/2025,0:00,292.959
6/6/2025,6:00,286.083
6/6/2025,12:00,284.263
6/6/2025,18:00,290.051
6/7/2025,0:00,289.384
6/7/2025,6:00,283.569
6/7/2025,12:00,282.6
6/7/2025,18:00,289.6
6/8/2025,0:00,289.302
6/8/2025,6:00,283.067
6/8/2025,12:00,282.072
6/8/2025,18:00,289.285
6/9/2025,0:00,289.709
6/9/2025,6:00,283.552
6/9/2025,12:00,281.9
6/9/2025,18:00,288.483
6/10/2025,0:00,288.1
6/10/2025,6:00,281.632
6/10/2025,12:00,280.3
6/10/2025,18:00,287.516
6/11/2025,0:00,287.136
6/11/2025,6:00,281.151
6/11/2025,12:00,280.244
6/11/2025,18:00,287.34
6/12/2025,0:00,287.241
6/12/2025,6:00,280.478
6/12/2025,12:00,281.369
6/12/2025,18:00,290.81
6/13/2025,0:00,291.014
6/13/2025,6:00,283.657
6/13/2025,12:00,283.5
6/13/2025,18:00,291.062
6/14/2025,0:00,289.1
6/14/2025,6:00,288.253
6/14/2025,12:00,287.448
6/14/2025,18:00,287.49
6/15/2025,0:00,287.733
6/15/2025,6:00,286.361
6/15/2025,12:00,284.662
6/15/2025,18:00,286.913
6/16/2025,0:00,285.9
6/16/2025,6:00,282.869
6/16/2025,12:00,282.801
6/16/2025,18:00,293.058
6/17/2025,0:00,293.809
6/17/2025,6:00,292.861
6/17/2025,12:00,292.444
6/17/2025,18:00,294.911
6/18/2025,0:00,293.923
6/18/2025,6:00,292.526
6/18/2025,12:00,291.826
6/18/2025,18:00,292.229
6/19/2025,0:00,288.59
6/19/2025,6:00,286.352
6/19/2025,12:00,286.293
6/19/2025,18:00,286.647
6/20/2025,0:00,286.859
6/20/2025,6:00,286.921
6/20/2025,12:00,286.2
6/20/2025,18:00,287.425
6/21/2025,0:00,287.184
6/21/2025,6:00,284.245
6/21/2025,12:00,284.516
6/21/2025,18:00,289.891
6/22/2025,0:00,290.067
6/22/2025,6:00,284.4
6/22/2025,12:00,284.001
6/22/2025,18:00,287.4
6/23/2025,0:00,287.428
6/23/2025,6:00,285.156
6/23/2025,12:00,281.768
6/23/2025,18:00,281.043
6/24/2025,0:00,280.879
6/24/2025,6:00,276.562
6/24/2025,12:00,275.244
6/24/2025,18:00,282.119
6/25/2025,0:00,282.025
6/25/2025,6:00,276.642
6/25/2025,12:00,276.761
6/25/2025,18:00,286.06
6/26/2025,0:00,286.092
6/26/2025,6:00,283.245
6/26/2025,12:00,282.535
6/26/2025,18:00,284.512
6/27/2025,0:00,285.822
6/27/2025,6:00,281.604
6/27/2025,12:00,279.063
6/27/2025,18:00,286.332
6/28/2025,0:00,286.299
6/28/2025,6:00,280.6
6/28/2025,12:00,282.002
6/28/2025,18:00,285.3
6/29/2025,0:00,285.165
6/29/2025,6:00,284.559
6/29/2025,12:00,283.613
6/29/2025,18:00,284.129
6/30/2025,0:00,283.174
6/30/2025,6:00,281.923
6/30/2025,12:00,278.799
6/30/2025,18:00,281.495
7/1/2025,0:00,281.11
7/1/2025,6:00,275.625
7/1/2025,12:00,275.245
7/1/2025,18:00,281.106
7/2/2025,0:00,281.018
7/2/2025,6:00,275.242
7/2/2025,12:00,275.73
7/2/2025,18:00,283.447
7/3/2025,0:00,283.4
7/3/2025,6:00,277.423
7/3/2025,12:00,278.205
7/3/2025,18:00,286.703
7/4/2025,0:00,286.712
7/4/2025,6:00,281.1
7/4/2025,12:00,281.488
7/4/2025,18:00,290.265
7/5/2025,0:00,290.049
7/5/2025,6:00,285.202
7/5/2025,12:00,285.038
7/5/2025,18:00,291.522
7/6/2025,0:00,291.639
7/6/2025,6:00,286.695
7/6/2025,12:00,284.8
7/6/2025,18:00,291.671
7/7/2025,0:00,291.622
7/7/2025,6:00,284.923
7/7/2025,12:00,285.717
7/7/2025,18:00,293.215
7/8/2025,0:00,292.363
7/8/2025,6:00,287.636
7/8/2025,12:00,285.861
7/8/2025,18:00,292.022
7/9/2025,0:00,291.781
7/9/2025,6:00,285.605
7/9/2025,12:00,284.351
7/9/2025,18:00,290.882
7/10/2025,0:00,290.745
7/10/2025,6:00,284.545
7/10/2025,12:00,283.17
7/10/2025,18:00,291.6
7/11/2025,0:00,291.959
7/11/2025,6:00,285.727
7/11/2025,12:00,285.382
7/11/2025,18:00,292.455
7/12/2025,0:00,292.371
7/12/2025,6:00,286.37
7/12/2025,12:00,285.404
7/12/2025,18:00,292.314
7/13/2025,0:00,292.094
7/13/2025,6:00,285.829
7/13/2025,12:00,287.103
7/13/2025,18:00,292.544
7/14/2025,0:00,292.576
7/14/2025,6:00,288.139
7/14/2025,12:00,287.717
7/14/2025,18:00,295.201
7/15/2025,0:00,295.721
7/15/2025,6:00,289.774
7/15/2025,12:00,289.619
7/15/2025,18:00,297.436
7/16/2025,0:00,297.489
7/16/2025,6:00,290.762
7/16/2025,12:00,290.219
7/16/2025,18:00,295.306
7/17/2025,0:00,291.516
7/17/2025,6:00,286.835
7/17/2025,12:00,282.898
7/17/2025,18:00,281.681
7/18/2025,0:00,281.881
7/18/2025,6:00,282.969
7/18/2025,12:00,282.709
7/18/2025,18:00,288.241
7/19/2025,0:00,288.297
7/19/2025,6:00,282.742
7/19/2025,12:00,283.208
7/19/2025,18:00,290.978
7/20/2025,0:00,291.061
7/20/2025,6:00,284.805
7/20/2025,12:00,284.906
7/20/2025,18:00,292.946
7/21/2025,0:00,292.966
7/21/2025,6:00,286.889
7/21/2025,12:00,287.337
7/21/2025,18:00,294.29
7/22/2025,0:00,294.295
7/22/2025,6:00,289.495
7/22/2025,12:00,289.337
7/22/2025,18:00,295.122
7/23/2025,0:00,295.113
7/23/2025,6:00,288.611
7/23/2025,12:00,285.56
7/23/2025,18:00,288.185
7/24/2025,0:00,288.4
7/24/2025,6:00,285.7
7/24/2025,12:00,282.702
7/24/2025,18:00,288.195
7/25/2025,0:00,288.93
7/25/2025,6:00,286.76
7/25/2025,12:00,287.567
7/25/2025,18:00,293.503
7/26/2025,0:00,292.703
7/26/2025,6:00,289.749
7/26/2025,12:00,289.587
7/26/2025,18:00,293.24
7/27/2025,0:00,293.528
7/27/2025,6:00,290.225
7/27/2025,12:00,288.153
7/27/2025,18:00,288.703
7/28/2025,0:00,289.185
7/28/2025,6:00,285.75
7/28/2025,12:00,285.495
7/28/2025,18:00,287.41
7/29/2025,0:00,287.1
7/29/2025,6:00,282.191
7/29/2025,12:00,281.015
7/29/2025,18:00,287.071
7/30/2025,0:00,287.1
7/30/2025,6:00,281.74
7/30/2025,12:00,282.069
7/30/2025,18:00,290.243
7/31/2025,0:00,290.5
7/31/2025,6:00,283.681
7/31/2025,12:00,284.551
7/31/2025,18:00,293.739
8/1/2025,0:00,293.543
8/1/2025,6:00,288.391
8/1/2025,12:00,288.144
8/1/2025,18:00,294.531
8/2/2025,0:00,294.536
8/2/2025,6:00,292.031
8/2/2025,12:00,290.7
8/2/2025,18:00,296.8
8/3/2025,0:00,294.712
8/3/2025,6:00,290.861
8/3/2025,12:00,290.673
8/3/2025,18:00,289.479
8/4/2025,0:00,288.861
8/4/2025,6:00,288.2
8/4/2025,12:00,286.088
8/4/2025,18:00,288.544
8/5/2025,0:00,288.426
8/5/2025,6:00,283.485
8/5/2025,12:00,281.636
8/5/2025,18:00,288.739
8/6/2025,0:00,288.421
8/6/2025,6:00,283.071
8/6/2025,12:00,282.794
8/6/2025,18:00,290.818
8/7/2025,0:00,290.919
8/7/2025,6:00,286.397
8/7/2025,12:00,285.302
8/7/2025,18:00,289.266
8/8/2025,0:00,289.171
8/8/2025,6:00,285.679
8/8/2025,12:00,282.258
8/8/2025,18:00,285.1
8/9/2025,0:00,285.155
8/9/2025,6:00,281.751
8/9/2025,12:00,281.124
8/9/2025,18:00,286.2
8/10/2025,0:00,286.371
8/10/2025,6:00,281.433
8/10/2025,12:00,281.529
8/10/2025,18:00,287.966
8/11/2025,0:00,288.062
8/11/2025,6:00,282.687
8/11/2025,12:00,283.146
8/11/2025,18:00,289.659
8/12/2025,0:00,289.857
8/12/2025,6:00,283.79
8/12/2025,12:00,284.395
8/12/2025,18:00,291.634
8/13/2025,0:00,291.594
8/13/2025,6:00,285.722
8/13/2025,12:00,286.324
8/13/2025,18:00,292.7
8/14/2025,0:00,292.676
8/14/2025,6:00,287.739
8/14/2025,12:00,281.996
8/14/2025,18:00,287.702
8/15/2025,0:00,287.751
8/15/2025,6:00,282.1
8/15/2025,12:00,281.636
8/15/2025,18:00,289.441
8/16/2025,0:00,289.469
8/16/2025,6:00,286.424
8/16/2025,12:00,285.754
8/16/2025,18:00,294.409
8/17/2025,0:00,294.142
8/17/2025,6:00,287.189
8/17/2025,12:00,286.3
8/17/2025,18:00,293.3
8/18/2025,0:00,293.533
8/18/2025,6:00,287.954
8/18/2025,12:00,287.32
8/18/2025,18:00,293.709
8/19/2025,0:00,293.145
8/19/2025,6:00,290.889
8/19/2025,12:00,290.314
8/19/2025,18:00,290.85
8/20/2025,0:00,290.601
8/20/2025,6:00,287.574
8/20/2025,12:00,286.315
8/20/2025,18:00,287.64
8/21/2025,0:00,288.092
8/21/2025,6:00,285.2
8/21/2025,12:00,286.307
8/21/2025,18:00,294.424
8/22/2025,0:00,294.347
8/22/2025,6:00,290.3
8/22/2025,12:00,293.975
8/22/2025,18:00,301.483
8/23/2025,0:00,301.753
8/23/2025,6:00,293.865
8/23/2025,12:00,288.995
8/23/2025,18:00,284.418
8/24/2025,0:00,283.512
8/24/2025,6:00,282.755
8/24/2025,12:00,281.452
8/24/2025,18:00,286.965
8/25/2025,0:00,286.994
8/25/2025,6:00,281.644
8/25/2025,12:00,282.355
8/25/2025,18:00,289.686
8/26/2025,0:00,289.843
8/26/2025,6:00,283.8
8/26/2025,12:00,284.761
8/26/2025,18:00,291.722
8/27/2025,0:00,291.789
8/27/2025,6:00,285.301
8/27/2025,12:00,285.723
8/27/2025,18:00,292.066
8/28/2025,0:00,292.219
8/28/2025,6:00,286.973
8/28/2025,12:00,287.655
8/28/2025,18:00,295.228
8/29/2025,0:00,295.325
8/29/2025,6:00,289.681
8/29/2025,12:00,288.829
8/29/2025,18:00,297.697
8/30/2025,0:00,297.826
8/30/2025,6:00,291.237
8/30/2025,12:00,291.396
8/30/2025,18:00,299.666
8/31/2025,0:00,299.582
8/31/2025,6:00,293.116
8/31/2025,12:00,292.891
8/31/2025,18:00,297.987
9/1/2025,0:00,296.8
9/1/2025,6:00,293.998
9/1/2025,12:00,293.118
9/1/2025,18:00,293.821
9/2/2025,0:00,293.437
9/2/2025,6:00,291.023
9/2/2025,12:00,292.618
9/2/2025,18:00,296.705
9/3/2025,0:00,297.995
9/3/2025,6:00,294.2
9/3/2025,12:00,292.983
9/3/2025,18:00,298.458
9/4/2025,0:00,297.739
9/4/2025,6:00,292.796
9/4/2025,12:00,288.862
9/4/2025,18:00,286.949
9/5/2025,0:00,287.673
9/5/2025,6:00,283.498
9/5/2025,12:00,281
9/5/2025,18:00,285.91
9/6/2025,0:00,285.709
9/6/2025,6:00,280.455
9/6/2025,12:00,280.859
9/6/2025,18:00,286.813
9/7/2025,0:00,287.037
9/7/2025,6:00,280.84
9/7/2025,12:00,282.503
9/7/2025,18:00,290.156
9/8/2025,0:00,290.519
9/8/2025,6:00,287.422
9/8/2025,12:00,286.983
9/8/2025,18:00,287.45
9/9/2025,0:00,287.642
9/9/2025,6:00,286.718
9/9/2025,12:00,287.425
9/9/2025,18:00,292.648
9/10/2025,0:00,292.5
9/10/2025,6:00,286.935
9/10/2025,12:00,288.032
9/10/2025,18:00,295.7
9/11/2025,0:00,295.9
9/11/2025,6:00,288.628
9/11/2025,12:00,289.971
9/11/2025,18:00,295.582
9/12/2025,0:00,295.085
9/12/2025,6:00,286.347
9/12/2025,12:00,286.336
9/12/2025,18:00,292.653
9/13/2025,0:00,292.354
9/13/2025,6:00,285.256
9/13/2025,12:00,285.256
9/13/2025,18:00,296.194
9/14/2025,0:00,296.321
9/14/2025,6:00,289.119
9/14/2025,12:00,291
9/14/2025,18:00,298.919
9/15/2025,0:00,299.177
9/15/2025,6:00,293.426
9/15/2025,12:00,291.808
9/15/2025,18:00,295.216
9/16/2025,0:00,294.499
9/16/2025,6:00,290.544
9/16/2025,12:00,291.31
9/16/2025,18:00,297.51
9/17/2025,0:00,297.05
9/17/2025,6:00,289.728
9/17/2025,12:00,289.897
9/17/2025,18:00,296.617
9/18/2025,0:00,296.875
9/18/2025,6:00,289.918
9/18/2025,12:00,291.043
9/18/2025,18:00,297.639
9/19/2025,0:00,297.847
9/19/2025,6:00,292.829
9/19/2025,12:00,294.1
9/19/2025,18:00,301.069
9/20/2025,0:00,301.992
9/20/2025,6:00,296.167
9/20/2025,12:00,293.914
9/20/2025,18:00,297.719
9/21/2025,0:00,293.373
9/21/2025,6:00,292.367
9/21/2025,12:00,291.933
9/21/2025,18:00,297.871
9/22/2025,0:00,297.3
9/22/2025,6:00,289.76
9/22/2025,12:00,286.62
9/22/2025,18:00,291.8
9/23/2025,0:00,291.637
9/23/2025,6:00,285.525
9/23/2025,12:00,286.843
9/23/2025,18:00,293.196
9/24/2025,0:00,293.168
9/24/2025,6:00,287.791
9/24/2025,12:00,287.776
9/24/2025,18:00,293.266
9/25/2025,0:00,293.37
9/25/2025,6:00,286.756
9/25/2025,12:00,285.327
9/25/2025,18:00,292.454
9/26/2025,0:00,292.422
9/26/2025,6:00,286.368
9/26/2025,12:00,286.94
9/26/2025,18:00,296.021
9/27/2025,0:00,296.261
9/27/2025,6:00,289.7
9/27/2025,12:00,291.523
9/27/2025,18:00,291.695
9/28/2025,0:00,290.72
9/28/2025,6:00,289.955
9/28/2025,12:00,287.3
9/28/2025,18:00,293.391
9/29/2025,0:00,293.574
9/29/2025,6:00,287.384
9/29/2025,12:00,289.373
9/29/2025,18:00,297.088
9/30/2025,0:00,297.214
9/30/2025,6:00,290.92
9/30/2025,12:00,291.071
9/30/2025,18:00,292.171
10/1/2025,0:00,291.222
10/1/2025,6:00,290.298
10/1/2025,12:00,288.782
10/1/2025,18:00,294.809
10/2/2025,0:00,294.761
10/2/2025,6:00,289.541
10/2/2025,12:00,289.905
10/2/2025,18:00,294.069
10/3/2025,0:00,294.309
10/3/2025,6:00,291.758
10/3/2025,12:00,292.474
10/3/2025,18:00,298.548
10/4/2025,0:00,298.753
10/4/2025,6:00,292.795
10/4/2025,12:00,294.608
10/4/2025,18:00,300.44
10/5/2025,0:00,300.846
10/5/2025,6:00,295.373
10/5/2025,12:00,296.703
10/5/2025,18:00,303.229
10/6/2025,0:00,303
10/6/2025,6:00,297.139
10/6/2025,12:00,292.249
10/6/2025,18:00,287.141
10/7/2025,0:00,287.645
10/7/2025,6:00,287.103
10/7/2025,12:00,286.72
10/7/2025,18:00,291.565
10/8/2025,0:00,291.452
10/8/2025,6:00,285.142
10/8/2025,12:00,287.218
10/8/2025,18:00,293.376
10/9/2025,0:00,293.561
10/9/2025,6:00,286.388
10/9/2025,12:00,288.736
10/9/2025,18:00,297.517
10/10/2025,0:00,297.224
10/10/2025,6:00,290.292
10/10/2025,12:00,292.431
10/10/2025,18:00,298.59
10/11/2025,0:00,298.766
10/11/2025,6:00,291.522
10/11/2025,12:00,294.005
10/11/2025,18:00,299.901
10/12/2025,0:00,300.811
10/12/2025,6:00,295.648
10/12/2025,12:00,293.082
10/12/2025,18:00,294.361
10/13/2025,0:00,294.436
10/13/2025,6:00,288.382
10/13/2025,12:00,289.616
10/13/2025,18:00,295.079
10/14/2025,0:00,295.102
10/14/2025,6:00,288.667
10/14/2025,12:00,290.557
10/14/2025,18:00,296.547
10/15/2025,0:00,296.542
10/15/2025,6:00,289.127
10/15/2025,12:00,290.912
10/15/2025,18:00,300.24
10/16/2025,0:00,300.346
10/16/2025,6:00,295.457
10/16/2025,12:00,294.8
10/16/2025,18:00,297.7
10/17/2025,0:00,297.73
10/17/2025,6:00,293.123
10/17/2025,12:00,292.867
10/17/2025,18:00,294.522
10/18/2025,0:00,294.939
10/18/2025,6:00,292.974
10/18/2025,12:00,290.124
10/18/2025,18:00,294.242
10/19/2025,0:00,293.947
10/19/2025,6:00,287.232
10/19/2025,12:00,286.785
10/19/2025,18:00,292.341
10/20/2025,0:00,292.539
10/20/2025,6:00,286.054
10/20/2025,12:00,287.778
10/20/2025,18:00,296.334
10/21/2025,0:00,296.409
10/21/2025,6:00,288.47
10/21/2025,12:00,290.843
10/21/2025,18:00,297.014
10/22/2025,0:00,296.494
10/22/2025,6:00,289.476
10/22/2025,12:00,292.208
10/22/2025,18:00,298.253
10/23/2025,0:00,298.568
10/23/2025,6:00,291.175
10/23/2025,12:00,293.866
10/23/2025,18:00,299.65
10/24/2025,0:00,299.708
10/24/2025,6:00,292.66
10/24/2025,12:00,293.977
10/24/2025,18:00,297.072
10/25/2025,0:00,298.108
10/25/2025,6:00,296.311
10/25/2025,12:00,295.805
10/25/2025,18:00,292.897
10/26/2025,0:00,292.645
10/26/2025,6:00,292.18
10/26/2025,12:00,289.972
10/26/2025,18:00,293.822
10/27/2025,0:00,293.722
10/27/2025,6:00,290.265
10/27/2025,12:00,292.171
10/27/2025,18:00,297.31
10/28/2025,0:00,297.73
10/28/2025,6:00,291.276
10/28/2025,12:00,289.534
10/28/2025,18:00,293.188
10/29/2025,0:00,288.423
10/29/2025,6:00,285.328
10/29/2025,12:00,284.161
10/29/2025,18:00,285.617
10/30/2025,0:00,286.201
10/30/2025,6:00,285.344
10/30/2025,12:00,287.114
10/30/2025,18:00,292.24
10/31/2025,0:00,292.719
10/31/2025,6:00,287.445
10/31/2025,12:00,290.019
10/31/2025,18:00,295.557
11/1/2025,0:00,295.307
11/1/2025,6:00,289.52
11/1/2025,12:00,292.149
11/1/2025,18:00,298.926
11/2/2025,0:00,299.096
11/2/2025,6:00,292.858
11/2/2025,12:00,294.072
11/2/2025,18:00,299.162
11/3/2025,0:00,299.474
11/3/2025,6:00,292.722
11/3/2025,12:00,293.362
11/3/2025,18:00,298.591
11/4/2025,0:00,298.475
11/4/2025,6:00,292.07
11/4/2025,12:00,293.996
11/4/2025,18:00,302.224
11/5/2025,0:00,302.945
11/5/2025,6:00,296.895
11/5/2025,12:00,292.753
11/5/2025,18:00,297.723
11/6/2025,0:00,297.567
11/6/2025,6:00,289.599
11/6/2025,12:00,288.98
11/6/2025,18:00,294.94
11/7/2025,0:00,294.381
11/7/2025,6:00,290.655
11/7/2025,12:00,288.375
11/7/2025,18:00,288.516
11/8/2025,0:00,288.506
11/8/2025,6:00,287.34
11/8/2025,12:00,286.666
11/8/2025,18:00,292.001
11/9/2025,0:00,292.36
11/9/2025,6:00,286.857
11/9/2025,12:00,290.029
11/9/2025,18:00,295.442
11/10/2025,0:00,294.7
11/10/2025,6:00,289.086
11/10/2025,12:00,292.234
11/10/2025,18:00,297.553
11/11/2025,0:00,297.138
11/11/2025,6:00,289.833
11/11/2025,12:00,292.626
11/11/2025,18:00,300.39
11/12/2025,0:00,300.404
11/12/2025,6:00,295.416
11/12/2025,12:00,295.999
11/12/2025,18:00,302.147
11/13/2025,0:00,303.107
11/13/2025,6:00,292.76
11/13/2025,12:00,295.321
11/13/2025,18:00,300.379
11/14/2025,0:00,300.05
11/14/2025,6:00,293.578
11/14/2025,12:00,294.019
11/14/2025,18:00,300.387
11/15/2025,0:00,299.758
11/15/2025,6:00,293.105
11/15/2025,12:00,296.733
11/15/2025,18:00,304.601
11/16/2025,0:00,304.877
11/16/2025,6:00,298.119
11/16/2025,12:00,297.871
11/16/2025,18:00,299.869
11/17/2025,0:00,292.481
11/17/2025,6:00,290.621
11/17/2025,12:00,288.879
11/17/2025,18:00,294.61
11/18/2025,0:00,294.945
11/18/2025,6:00,288.856
11/18/2025,12:00,291.765
11/18/2025,18:00,297.638
11/19/2025,0:00,297.338
11/19/2025,6:00,290.706
11/19/2025,12:00,293.157
11/19/2025,18:00,299.551
11/20/2025,0:00,298.892
11/20/2025,6:00,291.942
11/20/2025,12:00,295.168
11/20/2025,18:00,302.348
11/21/2025,0:00,302.867
11/21/2025,6:00,295.049
11/21/2025,12:00,297.275
11/21/2025,18:00,299.518
11/22/2025,0:00,296.496
11/22/2025,6:00,292.264
11/22/2025,12:00,291.724
11/22/2025,18:00,297.874
11/23/2025,0:00,297.459
11/23/2025,6:00,290.317
11/23/2025,12:00,291.229
11/23/2025,18:00,297.062
11/24/2025,0:00,296.995
11/24/2025,6:00,289.824
11/24/2025,12:00,291.721
11/24/2025,18:00,298.741
11/25/2025,0:00,298.608
11/25/2025,6:00,293.39
11/25/2025,12:00,295.909
11/25/2025,18:00,302.864
11/26/2025,0:00,303.476
11/26/2025,6:00,295.665
11/26/2025,12:00,297.321
11/26/2025,18:00,304.163
11/27/2025,0:00,303.661
11/27/2025,6:00,295.946
11/27/2025,12:00,297.018
11/27/2025,18:00,306.193
11/28/2025,0:00,305.858
11/28/2025,6:00,298.693
11/28/2025,12:00,300.753
11/28/2025,18:00,306.828
11/29/2025,0:00,307.882
11/29/2025,6:00,296.532
11/29/2025,12:00,297.667
11/29/2025,18:00,304.564
11/30/2025,0:00,306.065
11/30/2025,6:00,300.526
11/30/2025,12:00,294.096
11/30/2025,18:00,295.512
12/1/2025,0:00,295.569
12/1/2025,6:00,294.392
12/1/2025,12:00,295.946
12/1/2025,18:00,302.043
12/2/2025,0:00,303.233
12/2/2025,6:00,295.793
12/2/2025,12:00,297.186
12/2/2025,18:00,303.579
12/3/2025,0:00,304.385
12/3/2025,6:00,295.211
12/3/2025,12:00,296.362
12/3/2025,18:00,302.862
12/4/2025,0:00,303.339
12/4/2025,6:00,294.464
12/4/2025,12:00,296.532
12/4/2025,18:00,303.753
12/5/2025,0:00,303.468
12/5/2025,6:00,294.8
12/5/2025,12:00,298.087
12/5/2025,18:00,306.044
12/6/2025,0:00,305.814
12/6/2025,6:00,297.377
12/6/2025,12:00,302.006
12/6/2025,18:00,308.103
12/7/2025,0:00,308.564
12/7/2025,6:00,301.913
12/7/2025,12:00,304.376
12/7/2025,18:00,310.592
12/8/2025,0:00,310.899
12/8/2025,6:00,300.176
12/8/2025,12:00,296.25
12/8/2025,18:00,298.928
12/9/2025,0:00,296.515
12/9/2025,6:00,293.735
12/9/2025,12:00,294.012
12/9/2025,18:00,298.54
12/10/2025,0:00,297.472
12/10/2025,6:00,292.285
12/10/2025,12:00,290.863
12/10/2025,18:00,293.252
12/11/2025,0:00,295.026
12/11/2025,6:00,291.681
12/11/2025,12:00,295.898
12/11/2025,18:00,303.709
12/12/2025,0:00,303.541
12/12/2025,6:00,297.415
12/12/2025,12:00,297.591
12/12/2025,18:00,302.432
12/13/2025,0:00,302.359
12/13/2025,6:00,293.591
12/13/2025,12:00,297.023
12/13/2025,18:00,304.362
12/14/2025,0:00,304.248
12/14/2025,6:00,297.474
12/14/2025,12:00,300.675
12/14/2025,18:00,306.846
12/15/2025,0:00,307.081
12/15/2025,6:00,300.35
12/15/2025,12:00,298.299
12/15/2025,18:00,298.217
12/16/2025,0:00,292.805
12/16/2025,6:00,291.151
12/16/2025,12:00,294.611
12/16/2025,18:00,299.808
12/17/2025,0:00,299.293
12/17/2025,6:00,292.005
12/17/2025,12:00,293.727
12/17/2025,18:00,300.243
12/18/2025,0:00,300.074
12/18/2025,6:00,291.982
12/18/2025,12:00,295.234
12/18/2025,18:00,303.447
12/19/2025,0:00,304.363
12/19/2025,6:00,296.054
12/19/2025,12:00,299.87
12/19/2025,18:00,307.696
12/20/2025,0:00,308.071
12/20/2025,6:00,298.104
12/20/2025,12:00,300.517
12/20/2025,18:00,309.524
12/21/2025,0:00,309.494
12/21/2025,6:00,301.815
12/21/2025,12:00,298.917
12/21/2025,18:00,297.337
12/22/2025,0:00,300.863
12/22/2025,6:00,295.828
12/22/2025,12:00,299.06
12/22/2025,18:00,300.509
12/23/2025,0:00,297.484
12/23/2025,6:00,296.119
12/23/2025,12:00,296.56
12/23/2025,18:00,303.286
12/24/2025,0:00,303.686
12/24/2025,6:00,297.329
12/24/2025,12:00,299.353
12/24/2025,18:00,304.566
12/25/2025,0:00,304.512
12/25/2025,6:00,298.69
12/25/2025,12:00,300.82
12/25/2025,18:00,304.054
12/26/2025,0:00,302.642
12/26/2025,6:00,296.517
12/26/2025,12:00,296.45
12/26/2025,18:00,299.208
12/27/2025,0:00,302.38
12/27/2025,6:00,296.363
12/27/2025,12:00,300.326
12/27/2025,18:00,304.574
12/28/2025,0:00,302.439
12/28/2025,6:00,296.266
12/28/2025,12:00,299.199
12/28/2025,18:00,305.831
12/29/2025,0:00,305.006
12/29/2025,6:00,295.332
12/29/2025,12:00,294.443
12/29/2025,18:00,297.524
12/30/2025,0:00,301.258
12/30/2025,6:00,296.075
12/30/2025,12:00,297.078
12/30/2025,18:00,303.264
12/31/2025,0:00,302.948
12/31/2025,6:00,296.935
12/31/2025,12:00,299.015
12/31/2025,18:00,304.875
1/1/2026,0:00,303.82
1/1/2026,6:00,299.148
1/1/2026,12:00,300.463
1/1/2026,18:00,308.008
1/2/2026,0:00,308.147
1/2/2026,6:00,300.941
1/2/2026,12:00,300.034
1/2/2026,18:00,308.173
1/3/2026,0:00,308.085
1/3/2026,6:00,299.726
1/3/2026,12:00,299.416
1/3/2026,18:00,301.156
1/4/2026,0:00,301.717
1/4/2026,6:00,292.213
1/4/2026,12:00,290.817
1/4/2026,18:00,297.712
1/5/2026,0:00,299.239
1/5/2026,6:00,290.909
1/5/2026,12:00,292.158
1/5/2026,18:00,299.742
1/6/2026,0:00,299.558
1/6/2026,6:00,291.67
1/6/2026,12:00,294.114
1/6/2026,18:00,304.07
1/7/2026,0:00,303.659
1/7/2026,6:00,297.297
1/7/2026,12:00,300.11
1/7/2026,18:00,306.851
1/8/2026,0:00,306.682
1/8/2026,6:00,293.612
1/8/2026,12:00,293.835
1/8/2026,18:00,302.365
1/9/2026,0:00,303.817
1/9/2026,6:00,296.74
1/9/2026,12:00,294.927
1/9/2026,18:00,301.318
1/10/2026,0:00,300.403
1/10/2026,6:00,294.739
1/10/2026,12:00,294.23
1/10/2026,18:00,297.215
1/11/2026,0:00,296.709
1/11/2026,6:00,292.683
1/11/2026,12:00,292.69
1/11/2026,18:00,297.02
1/12/2026,0:00,299.656
1/12/2026,6:00,292.119
1/12/2026,12:00,294.784
1/12/2026,18:00,302.31
1/13/2026,0:00,302.963
1/13/2026,6:00,296.299
1/13/2026,12:00,297.45
1/13/2026,18:00,304.536
1/14/2026,0:00,304.475
1/14/2026,6:00,298.722
1/14/2026,12:00,299.17
1/14/2026,18:00,306.192
1/15/2026,0:00,305.988
1/15/2026,6:00,299.805
1/15/2026,12:00,301.518
1/15/2026,18:00,308.608
1/16/2026,0:00,308.795
1/16/2026,6:00,301.554
1/16/2026,12:00,297.014
1/16/2026,18:00,302.451
1/17/2026,0:00,301.96
1/22/2026,18:00,304.603
1/23/2026,0:00,304.66
1/23/2026,6:00,297.252
1/23/2026,12:00,296.264
1/23/2026,18:00,305.178
1/24/2026,0:00,305.601
1/24/2026,6:00,297.225
1/24/2026,12:00,296.266
1/24/2026,18:00,305.25
1/25/2026,0:00,307.449
1/25/2026,6:00,298.902
1/25/2026,12:00,299.838
1/25/2026,18:00,309.308
1/26/2026,0:00,309.529
1/26/2026,6:00,300.011
1/26/2026,12:00,301.61
1/26/2026,18:00,310.992
1/27/2026,0:00,310.283
1/27/2026,6:00,301.129
1/27/2026,12:00,302.568
1/27/2026,18:00,311.069
1/28/2026,0:00,311.141
1/28/2026,6:00,303.813
1/28/2026,12:00,304.084
1/28/2026,18:00,313.298
1/29/2026,0:00,313.604
1/29/2026,6:00,299.852
1/29/2026,12:00,299.891
1/29/2026,18:00,310.683
1/30/2026,0:00,310.906
1/30/2026,6:00,301.912
1/30/2026,12:00,299.518
1/30/2026,18:00,308.511
1/31/2026,0:00,307.755
1/31/2026,6:00,298.502
1/31/2026,12:00,297.951
1/31/2026,18:00,306.437
2/1/2026,0:00,306.661
2/1/2026,6:00,297.52
2/1/2026,12:00,298.769
2/1/2026,18:00,307.339
2/2/2026,0:00,308.931
2/2/2026,6:00,299.838
2/2/2026,12:00,300.663
2/2/2026,18:00,307.869
2/3/2026,0:00,308.611
2/3/2026,6:00,302.025
2/3/2026,12:00,301.97
2/3/2026,18:00,310.502
2/4/2026,0:00,310.013
2/4/2026,6:00,301.339
2/4/2026,12:00,303.247
2/4/2026,18:00,312.304
2/5/2026,0:00,312.489
2/5/2026,6:00,302.133
2/5/2026,12:00,303.096
2/5/2026,18:00,312.731
2/6/2026,0:00,313.302
2/6/2026,6:00,303.276
2/6/2026,12:00,304.102
2/6/2026,18:00,312.848
2/7/2026,0:00,313.074
2/7/2026,6:00,300.537
2/7/2026,12:00,295.095
2/7/2026,18:00,307.92
2/8/2026,0:00,307.74
2/8/2026,6:00,298.744
2/8/2026,12:00,298.235
2/8/2026,18:00,307.296
2/9/2026,0:00,307.643
2/9/2026,6:00,297.716
2/9/2026,12:00,297.757
2/9/2026,18:00,308.593
2/10/2026,0:00,309.489
2/10/2026,6:00,301.28
2/10/2026,12:00,303.214
2/10/2026,18:00,312.328
2/11/2026,0:00,312.545
2/11/2026,6:00,304.296
2/11/2026,12:00,305.061
2/11/2026,18:00,313.199
2/12/2026,0:00,312.829
2/12/2026,6:00,303.637
2/12/2026,12:00,306.807
2/12/2026,18:00,313.228
2/13/2026,0:00,312.763
2/13/2026,6:00,294.786
2/13/2026,12:00,297.227
2/13/2026,18:00,307.793
2/14/2026,0:00,308.376
2/14/2026,6:00,301.227
2/14/2026,12:00,299.182
2/14/2026,18:00,309.203
2/15/2026,0:00,308.543
2/15/2026,6:00,298.912
2/15/2026,12:00,299.924
2/15/2026,18:00,308.818
2/16/2026,0:00,306.358
2/16/2026,6:00,298.523
2/16/2026,12:00,300.596
2/16/2026,18:00,308.27
2/17/2026,0:00,305.214
2/17/2026,6:00,298.442
2/17/2026,12:00,299.646
2/17/2026,18:00,308.727
2/18/2026,0:00,310.517
2/18/2026,6:00,300.214
2/18/2026,12:00,299.862
2/18/2026,18:00,309.297
2/19/2026,0:00,308.135
2/19/2026,6:00,301.845
2/19/2026,12:00,300.657
2/19/2026,18:00,311.466
2/20/2026,0:00,305.089
2/20/2026,6:00,295.96
2/20/2026,12:00,296.768
2/20/2026,18:00,306.392
2/21/2026,0:00,308.095
2/21/2026,6:00,300.01
2/21/2026,12:00,296.765
2/21/2026,18:00,306.834
2/22/2026,0:00,307.506
2/22/2026,6:00,300.113
2/22/2026,12:00,297.321
2/22/2026,18:00,308.589
2/23/2026,0:00,306.081
2/23/2026,6:00,299.765
2/23/2026,12:00,295.602
2/23/2026,18:00,301.165
2/24/2026,0:00,304.602
2/24/2026,6:00,295.369
2/24/2026,12:00,296.805
2/24/2026,18:00,305.659
2/25/2026,0:00,306.554
2/25/2026,6:00,297.46
2/25/2026,12:00,298.284
2/25/2026,18:00,306.144
2/26/2026,0:00,306.737
2/26/2026,6:00,295.89
2/26/2026,12:00,293.783
2/26/2026,18:00,302.804
2/27/2026,0:00,301.505
2/27/2026,6:00,294.472
2/27/2026,12:00,293.044
2/27/2026,18:00,301.89
2/28/2026,0:00,303.437
2/28/2026,6:00,295.627
2/28/2026,12:00,294.369
2/28/2026,18:00,305.074
3/1/2026,0:00,305.696
3/1/2026,6:00,297.174
3/1/2026,12:00,295.198
3/1/2026,18:00,306.198
3/2/2026,0:00,306.609
3/2/2026,6:00,296.936
3/2/2026,12:00,295.368
3/2/2026,18:00,308.106
3/3/2026,0:00,307.18
3/3/2026,6:00,299.4
3/3/2026,12:00,299.134
3/3/2026,18:00,312.023
3/4/2026,0:00,312.303
3/4/2026,6:00,297.626
3/4/2026,12:00,299.473
3/4/2026,18:00,310.173
3/5/2026,0:00,310.388
3/5/2026,6:00,301.541
3/5/2026,12:00,298.315
3/5/2026,18:00,309.347
3/6/2026,0:00,309.439
3/6/2026,6:00,301.106
3/6/2026,12:00,297.997
3/6/2026,18:00,308.717
3/7/2026,0:00,308.06
3/7/2026,6:00,294.682
3/7/2026,12:00,296.389
3/7/2026,18:00,301.634
3/8/2026,0:00,303.07
3/8/2026,6:00,294.743
3/8/2026,12:00,295.453
3/8/2026,18:00,305.433
3/9/2026,0:00,305.606
3/9/2026,6:00,297.567
3/9/2026,12:00,294.189
3/9/2026,18:00,301.516
3/10/2026,0:00,303.318
3/10/2026,6:00,295.106
3/10/2026,12:00,295.009
3/10/2026,18:00,303.953
3/11/2026,0:00,304.066
3/11/2026,6:00,294.578
3/11/2026,12:00,295.333
3/11/2026,18:00,304.425
3/12/2026,0:00,305.747
3/12/2026,6:00,299.052
3/12/2026,12:00,296.438
3/12/2026,18:00,306.162
3/13/2026,0:00,306.4
3/13/2026,6:00,297.275
3/13/2026,12:00,295.132
3/13/2026,18:00,305.606
3/14/2026,0:00,305.603
3/14/2026,6:00,297.367
3/14/2026,12:00,296.297
3/14/2026,18:00,305.4
3/15/2026,0:00,305.88
3/15/2026,6:00,297.906
3/15/2026,12:00,299.006
3/15/2026,18:00,308.7
3/16/2026,0:00,310.286
3/16/2026,6:00,301.7
3/16/2026,12:00,302.165
3/16/2026,18:00,312.17
3/17/2026,0:00,311.297
3/17/2026,6:00,298.398
3/17/2026,12:00,297.027
3/17/2026,18:00,299.475
3/18/2026,0:00,301.819
3/18/2026,6:00,297.977
3/18/2026,12:00,298.525
3/18/2026,18:00,304.81
3/19/2026,0:00,305.077
3/19/2026,6:00,296.742
3/19/2026,12:00,295.869
3/19/2026,18:00,305.186
3/20/2026,0:00,308.097
3/20/2026,6:00,297.959
3/20/2026,12:00,297.602
3/20/2026,18:00,309.115
3/21/2026,0:00,310.024
3/21/2026,6:00,300.565
3/21/2026,12:00,301.8
3/21/2026,18:00,310.279
3/22/2026,0:00,308.617
3/22/2026,6:00,294.217
3/22/2026,12:00,293.249
3/22/2026,18:00,302.468
3/23/2026,0:00,302.607
3/23/2026,6:00,298.123
3/23/2026,12:00,297.85
3/23/2026,18:00,302.917
3/24/2026,0:00,297.207
3/24/2026,6:00,292.644
3/24/2026,12:00,291.17
3/24/2026,18:00,299.259
3/25/2026,0:00,299.665
3/25/2026,6:00,291.3
3/25/2026,12:00,293.14
3/25/2026,18:00,300.186
3/26/2026,0:00,298.709
3/26/2026,12:00,294.477
3/26/2026,18:00,301.816
3/27/2026,0:00,302.497
3/27/2026,6:00,296.597
3/27/2026,12:00,296.892
3/27/2026,18:00,305.533
3/28/2026,0:00,306.603
3/28/2026,6:00,297.339
3/28/2026,12:00,300.621
3/28/2026,18:00,308.627
3/29/2026,0:00,308.596
3/29/2026,6:00,301.941
3/29/2026,12:00,301.802
3/29/2026,18:00,309.777
3/30/2026,0:00,309.713
3/30/2026,6:00,302.551
3/30/2026,12:00,300.333
3/30/2026,18:00,305.492
3/31/2026,0:00,305.902
3/31/2026,6:00,297.815
3/31/2026,12:00,298.645
3/31/2026,18:00,306.423
4/1/2026,0:00,307.057
4/1/2026,6:00,298.877
4/1/2026,12:00,296.573
4/1/2026,18:00,305.63
4/2/2026,0:00,306.529
4/2/2026,6:00,296.75
4/2/2026,12:00,297.236
4/2/2026,18:00,306.788
4/3/2026,0:00,306.098
4/3/2026,6:00,297.311
4/3/2026,12:00,297.119
4/3/2026,18:00,307.017
4/4/2026,0:00,306.732
4/4/2026,6:00,298.833
4/4/2026,12:00,299.508
4/4/2026,18:00,306.455
4/5/2026,0:00,306.859
4/5/2026,6:00,291.522
4/5/2026,12:00,291.994
4/5/2026,18:00,301.818
4/6/2026,0:00,301.913
4/6/2026,6:00,295.75
4/6/2026,12:00,292.09
4/6/2026,18:00,308.66
4/7/2026,0:00,308.487
4/7/2026,6:00,295.324
4/7/2026,12:00,295.024
4/7/2026,18:00,295.383
4/8/2026,0:00,294.95
4/8/2026,6:00,292.403
4/8/2026,12:00,290.816
4/8/2026,18:00,294
4/9/2026,0:00,292.436
4/9/2026,6:00,291.409
4/9/2026,12:00,290.783
4/9/2026,18:00,294.507
4/10/2026,0:00,294.415
4/10/2026,6:00,291.066
4/10/2026,12:00,289.327
4/10/2026,18:00,296.329
4/11/2026,0:00,295.961
4/11/2026,6:00,288.937
4/11/2026,12:00,289.336
4/11/2026,18:00,297.8
4/12/2026,0:00,296.085
4/12/2026,6:00,291.828
4/12/2026,12:00,292.685
4/12/2026,18:00,295.448
4/13/2026,0:00,296.963
4/13/2026,6:00,293.881
4/13/2026,12:00,293.571
4/13/2026,18:00,300.027
4/14/2026,0:00,298.91
4/14/2026,6:00,293.4
4/14/2026,12:00,293.668
4/14/2026,18:00,299.934
4/15/2026,0:00,301.372
4/15/2026,6:00,297.039
4/15/2026,12:00,294.7
4/15/2026,18:00,298.2
4/16/2026,0:00,295.238
4/16/2026,6:00,294.161
4/16/2026,12:00,292.9
4/16/2026,18:00,296.182
4/17/2026,0:00,295.377
4/17/2026,6:00,292.437
4/17/2026,12:00,292.139
4/17/2026,18:00,298.488
4/18/2026,0:00,297.891
4/18/2026,6:00,291.11
4/18/2026,12:00,291.103
4/18/2026,18:00,297.906
4/19/2026,0:00,298.817
4/19/2026,6:00,291.458
4/19/2026,12:00,292.005
4/19/2026,18:00,300.931
4/20/2026,0:00,301.971
4/20/2026,6:00,292.735
4/20/2026,12:00,291.909
4/20/2026,18:00,297.449
4/21/2026,0:00,292.393
4/21/2026,6:00,291.499
4/21/2026,12:00,292.159
4/21/2026,18:00,295.1
4/22/2026,0:00,295.942
4/22/2026,6:00,291.316
4/22/2026,12:00,293.159
4/22/2026,18:00,297.442
4/23/2026,0:00,298.655
4/23/2026,6:00,293.489
4/23/2026,12:00,291.308
4/23/2026,18:00,295.988
4/24/2026,0:00,295.1
4/24/2026,6:00,290.856
4/24/2026,12:00,291.958
4/24/2026,18:00,293.479
4/25/2026,0:00,292.143
4/25/2026,6:00,291.405
4/25/2026,12:00,292.31
4/25/2026,18:00,296.667
4/26/2026,0:00,296.269
4/26/2026,6:00,294.006
4/26/2026,12:00,292.5
4/26/2026,18:00,297.631
4/27/2026,0:00,297.832
4/27/2026,6:00,289.315
4/27/2026,12:00,282.834
4/27/2026,18:00,289.299
4/28/2026,0:00,289.9
4/28/2026,6:00,282.607
4/28/2026,12:00,283.639
4/28/2026,18:00,291.808
4/29/2026,0:00,290.864
4/29/2026,6:00,284.098
4/29/2026,12:00,285.565
4/29/2026,18:00,294.322
4/30/2026,0:00,293.925
4/30/2026,6:00,286.803
4/30/2026,12:00,287.8
4/30/2026,18:00,296.5
5/1/2026,0:00,297.833
5/1/2026,6:00,290.031
5/1/2026,12:00,291.687
5/1/2026,18:00,298.295
5/2/2026,0:00,299.608
5/2/2026,6:00,293.082
5/2/2026,12:00,292.762
5/2/2026,18:00,294
5/3/2026,0:00,292.99
5/3/2026,6:00,284.295
5/3/2026,12:00,282.232
5/3/2026,18:00,290.482
5/4/2026,0:00,289.7
5/4/2026,6:00,283.1
5/4/2026,12:00,286.697
5/4/2026,18:00,293.737
5/5/2026,0:00,293.048
5/5/2026,6:00,291.916
5/5/2026,12:00,293.819
5/5/2026,18:00,301.561
5/6/2026,0:00,301.642
5/6/2026,6:00,295.185
5/6/2026,12:00,295.335
5/6/2026,18:00,301.374
5/7/2026,0:00,300.816
5/7/2026,6:00,297.818
5/7/2026,12:00,297.938
5/7/2026,18:00,301.522
5/8/2026,0:00,300.768
5/8/2026,6:00,286.18
5/8/2026,12:00,283.163
5/8/2026,18:00,287.122
5/9/2026,0:00,287.119
5/9/2026,6:00,281.2
5/9/2026,12:00,281.505
5/9/2026,18:00,284.6
5/10/2026,0:00,283.444
5/10/2026,6:00,281.636
5/10/2026,12:00,281.357
5/10/2026,18:00,287.01
5/11/2026,0:00,286.677
5/11/2026,6:00,279.922
5/11/2026,12:00,280.473
5/11/2026,18:00,288.762
5/12/2026,0:00,288.274
5/12/2026,6:00,281.629
5/12/2026,12:00,282.053
5/12/2026,18:00,290.785
5/13/2026,0:00,290.813
5/13/2026,6:00,283.377
5/13/2026,12:00,283.875
5/13/2026,18:00,292.031
5/14/2026,0:00,292.376
5/14/2026,6:00,285.186
5/14/2026,12:00,284.95
5/14/2026,18:00,292.5
5/15/2026,0:00,292.105
5/15/2026,6:00,282.986
5/15/2026,12:00,283.257
5/15/2026,18:00,291.243
5/16/2026,0:00,290.9
5/16/2026,6:00,283.983
5/16/2026,12:00,284.426
5/16/2026,18:00,292.433
5/17/2026,0:00,292.832
5/17/2026,6:00,288.075
5/17/2026,12:00,286.278
5/17/2026,18:00,288.723
5/18/2026,0:00,289.4
5/18/2026,6:00,284.439
5/18/2026,12:00,282.029
5/18/2026,18:00,288.535
5/19/2026,0:00,288.158
5/19/2026,6:00,281.018
5/19/2026,12:00,281.408
5/19/2026,18:00,289.104
5/20/2026,0:00,288.795
5/20/2026,6:00,281.437
5/20/2026,12:00,281.592
5/20/2026,18:00,289.974
5/21/2026,0:00,289.793
5/21/2026,6:00,282.377
5/21/2026,12:00,280.877
5/21/2026,18:00,286.944
5/22/2026,0:00,287.098
5/22/2026,6:00,280.117
5/22/2026,12:00,280.545
5/22/2026,18:00,289.244
5/23/2026,0:00,288.787
5/23/2026,6:00,281.542
5/23/2026,12:00,282.576
5/23/2026,18:00,291.3
5/24/2026,0:00,291.054
5/24/2026,6:00,284.551
5/24/2026,12:00,285.234
5/24/2026,18:00,292.477
5/25/2026,0:00,292.675
5/25/2026,6:00,285.348
5/25/2026,12:00,286.5
5/25/2026,18:00,291.497
5/26/2026,0:00,290.322
5/26/2026,6:00,288.191
5/26/2026,12:00,287.918
5/26/2026,18:00,294.607
5/27/2026,0:00,293.085
5/27/2026,6:00,287.003
5/27/2026,12:00,286.039
5/27/2026,18:00,293.518
5/28/2026,0:00,292.91
5/28/2026,6:00,285.2
5/28/2026,12:00,285.249
5/28/2026,18:00,293.705
5/29/2026,0:00,293.851
5/29/2026,6:00,289.744
5/29/2026,12:00,287.844
5/29/2026,18:00,289.021
5/30/2026,0:00,289.764
5/30/2026,6:00,287.358
5/30/2026,12:00,288.361
5/30/2026,18:00,293.8
5/31/2026,0:00,293.912
5/31/2026,6:00,289.844
5/31/2026,12:00,287.15
5/31/2026,18:00,293.607
6/1/2026,0:00,293.297
6/1/2026,6:00,285.524
6/1/2026,12:00,284.437
6/1/2026,18:00,291.866
6/2/2026,0:00,291.616
6/2/2026,6:00,284.787
6/2/2026,12:00,283.946
6/2/2026,18:00,291.003
6/3/2026,0:00,291.2
6/3/2026,6:00,285.759
6/3/2026,12:00,286.133
6/3/2026,18:00,295.248
6/4/2026,0:00,294.908
6/4/2026,6:00,287.493
6/4/2026,12:00,288.117
6/4/2026,18:00,296.69
6/5/2026,0:00,296.425
6/5/2026,6:00,288.836
6/5/2026,12:00,288.9
6/5/2026,18:00,297.101
6/6/2026,0:00,297.346
6/6/2026,6:00,290.518
6/6/2026,12:00,289.771
6/6/2026,18:00,295.252
6/7/2026,0:00,295.6
6/7/2026,6:00,291.668
6/7/2026,12:00,289.8
6/7/2026,18:00,295.077
6/8/2026,0:00,294.088
6/8/2026,6:00,289.082
6/8/2026,12:00,288.532
6/8/2026,18:00,291.596
6/9/2026,0:00,291.058
6/9/2026,6:00,288.654
6/9/2026,12:00,288.529
6/9/2026,18:00,291.252
6/10/2026,0:00,290.963
6/10/2026,6:00,289.507
6/10/2026,12:00,285.407
6/10/2026,18:00,292.012
6/11/2026,0:00,292.6
6/11/2026,6:00,287.658
6/11/2026,12:00,286.902
6/11/2026,18:00,286.816
6/12/2026,0:00,285.958
6/12/2026,6:00,285.261
6/12/2026,12:00,285.028
6/12/2026,18:00,290.79
6/13/2026,0:00,290.075
6/13/2026,6:00,287.74
6/13/2026,12:00,285.585
6/13/2026,18:00,288.828
6/14/2026,0:00,288.272
6/14/2026,6:00,287.499
6/14/2026,12:00,284.678
6/14/2026,18:00,287.63
6/15/2026,0:00,286.714
6/15/2026,6:00,281.906
6/15/2026,12:00,279.434
6/15/2026,18:00,285.627
6/16/2026,0:00,285.464
6/16/2026,6:00,280.364
6/16/2026,12:00,280.57
6/16/2026,18:00,288.629
6/17/2026,0:00,288.265
6/17/2026,6:00,281.767
6/17/2026,12:00,281.929
6/17/2026,18:00,289.886
6/18/2026,0:00,289.877
6/18/2026,6:00,283.575
6/18/2026,12:00,283.3
6/18/2026,18:00,289.831
6/19/2026,0:00,290.655
6/19/2026,6:00,290.349
6/19/2026,12:00,286.67
6/19/2026,18:00,287.359
6/20/2026,0:00,286.073
6/20/2026,6:00,285.15
6/20/2026,12:00,280.864
6/20/2026,18:00,286.539
6/21/2026,0:00,286.462
6/21/2026,6:00,280.66
6/21/2026,12:00,280.721
6/21/2026,18:00,287.497
6/22/2026,0:00,287.903
6/22/2026,6:00,284.727
6/22/2026,12:00,283.111
6/22/2026,18:00,285.843
6/23/2026,0:00,285.7
6/23/2026,6:00,279.727
6/23/2026,12:00,278.698
6/23/2026,18:00,285.2
6/24/2026,0:00,284.71
6/24/2026,6:00,278.8
6/24/2026,12:00,278.415
6/24/2026,18:00,286.205
6/25/2026,0:00,286.041
6/25/2026,6:00,280.351
6/25/2026,12:00,281.419
6/25/2026,18:00,288.765
6/26/2026,0:00,288.816
6/26/2026,6:00,281.545
6/26/2026,12:00,280.547
6/26/2026,18:00,289.544
6/27/2026,0:00,289.8
6/27/2026,6:00,281.9
6/27/2026,12:00,283.51
6/27/2026,18:00,292.939
6/28/2026,0:00,292.822
6/28/2026,6:00,289.408
6/28/2026,12:00,289.673
6/28/2026,18:00,290.267
6/29/2026,0:00,290.66
6/29/2026,6:00,283.319
6/29/2026,12:00,281.319
6/29/2026,18:00,288.155
6/30/2026,0:00,288.123
6/30/2026,6:00,282.213
6/30/2026,12:00,280.971
6/30/2026,18:00,286.742
7/1/2026,0:00,286.632
7/1/2026,6:00,284.506
7/1/2026,12:00,284.008
7/1/2026,18:00,288.118
7/2/2026,0:00,288.201
7/2/2026,6:00,286.704
7/2/2026,12:00,285.353
7/2/2026,18:00,286.508
7/3/2026,0:00,286.735
7/3/2026,6:00,280.314
7/3/2026,12:00,275.809
7/3/2026,18:00,283.282
7/4/2026,0:00,282.926
7/4/2026,6:00,277.855
7/4/2026,12:00,278.114
7/4/2026,18:00,286.2
7/5/2026,0:00,286.186
7/5/2026,6:00,282.115
7/5/2026,12:00,281.603
7/5/2026,18:00,290.122
7/6/2026,0:00,289.961
7/6/2026,6:00,284.323
7/6/2026,12:00,280.124
7/6/2026,18:00,286.703
7/7/2026,0:00,286.445
7/7/2026,6:00,279.445
7/7/2026,12:00,278.942
7/7/2026,18:00,287.556
7/8/2026,0:00,287.4
7/8/2026,6:00,280.639
7/8/2026,12:00,280.622
7/8/2026,18:00,290.986
7/9/2026,0:00,291.16
7/9/2026,6:00,283.925
7/9/2026,12:00,284.324
7/9/2026,18:00,294.195
7/10/2026,0:00,293.952
7/10/2026,6:00,289.875
7/10/2026,12:00,289.467
7/10/2026,18:00,294.299
7/11/2026,0:00,294.813
7/11/2026,6:00,290.612
7/11/2026,12:00,289.161
7/11/2026,18:00,291.912
7/12/2026,0:00,291.324
7/12/2026,6:00,289.704
7/12/2026,12:00,283.642
7/12/2026,18:00,288.214
7/13/2026,0:00,287.853
7/13/2026,6:00,281.665
7/13/2026,12:00,280.49
7/13/2026,18:00,288.012
7/14/2026,0:00,287.869
7/14/2026,6:00,281.739
7/14/2026,12:00,281.948
7/14/2026,18:00,291.461
7/15/2026,0:00,291.681
7/15/2026,6:00,284.497
7/15/2026,12:00,284.121
7/15/2026,18:00,294.405
7/16/2026,0:00,294.514
7/16/2026,6:00,287.842
7/16/2026,12:00,290.442
7/16/2026,18:00,298.508
7/17/2026,0:00,298.8
7/17/2026,6:00,295.257
7/17/2026,12:00,296.572
7/17/2026,18:00,302.965
7/18/2026,0:00,302.261
7/18/2026,6:00,299.831
7/18/2026,12:00,299.831
7/18/2026,18:00,302.802
7/19/2026,0:00,302
7/19/2026,6:00,297.967
7/19/2026,12:00,297.63
7/19/2026,18:00,297.23
7/20/2026,0:00,294.158
7/20/2026,6:00,290.943
7/20/2026,12:00,291.011
7/20/2026,18:00,292.498
7/21/2026,0:00,291.727
7/21/2026,6:00,289.384
7/21/2026,12:00,288.74
7/21/2026,18:00,289.876
7/22/2026,0:00,289.5
7/22/2026,6:00,289.012
7/22/2026,12:00,288.531
7/22/2026,18:00,291.343
7/23/2026,0:00,290.689
7/23/2026,6:00,287.666
7/23/2026,12:00,285.988
7/23/2026,18:00,288.405
7/24/2026,0:00,288.045
7/24/2026,6:00,286.906
7/24/2026,12:00,284.863
7/24/2026,18:00,291.398
7/25/2026,0:00,291.4
7/25/2026,6:00,285.801
7/25/2026,12:00,287.202
7/25/2026,18:00,294.701
7/26/2026,0:00,293.922
7/26/2026,6:00,291.241
7/26/2026,12:00,291.4
7/26/2026,18:00,295.538
7/27/2026,0:00,295.105
7/27/2026,6:00,291.224
7/27/2026,12:00,290.927
7/27/2026,18:00,297.374
7/28/2026,0:00,297.798
7/28/2026,6:00,294.076
7/28/2026,12:00,292.38
7/28/2026,18:00,297.308
7/29/2026,0:00,296.324
7/29/2026,6:00,291.976
7/29/2026,12:00,290.614
7/29/2026,18:00,291.648
7/30/2026,0:00,291.82
7/30/2026,6:00,287.662
7/30/2026,12:00,287.92
7/30/2026,18:00,293.675
7/31/2026,0:00,293.7
7/31/2026,6:00,288.828
7/31/2026,12:00,292.925
7/31/2026,18:00,299.675
8/1/2026,0:00,299.908
8/1/2026,6:00,295.709
8/1/2026,12:00,294.457
8/1/2026,18:00,294.184
8/2/2026,0:00,290
8/2/2026,6:00,287.502
