"Date","Time","Downward shortwave radiation flux@Ground or water surface"
6/13/2019,0:00,29
6/13/2019,6:00,0
6/13/2019,12:00,0
6/13/2019,18:00,358
6/14/2019,0:00,76
6/14/2019,6:00,0
6/14/2019,12:00,13
6/14/2019,18:00,166
6/15/2019,0:00,21
6/15/2019,6:00,0
6/15/2019,12:00,8
6/15/2019,18:00,399
6/16/2019,0:00,82
6/16/2019,6:00,0
6/16/2019,12:00,17
6/16/2019,18:00,385
6/17/2019,0:00,70
6/17/2019,6:00,0
6/17/2019,12:00,2
6/17/2019,18:00,317
6/18/2019,0:00,60
6/18/2019,6:00,0
6/18/2019,12:00,18
6/18/2019,18:00,184
6/19/2019,0:00,6
6/19/2019,6:00,0
6/19/2019,12:00,20
6/19/2019,18:00,487
6/20/2019,0:00,99
6/20/2019,6:00,0
6/20/2019,12:00,19
6/20/2019,18:00,487
6/21/2019,0:00,99
6/21/2019,6:00,0
6/21/2019,12:00,19
6/21/2019,18:00,448
6/22/2019,0:00,84
6/22/2019,6:00,0
6/22/2019,12:00,13
6/22/2019,18:00,428
6/23/2019,0:00,81
6/23/2019,6:00,0
6/23/2019,12:00,18
6/23/2019,18:00,467
6/24/2019,0:00,89
6/24/2019,6:00,0
6/24/2019,12:00,13
6/24/2019,18:00,384
6/25/2019,0:00,81
6/25/2019,6:00,0
6/25/2019,12:00,6
6/25/2019,18:00,84
6/26/2019,0:00,6
6/26/2019,6:00,0
6/26/2019,12:00,20
6/26/2019,18:00,503
6/27/2019,0:00,105
6/27/2019,6:00,0
6/27/2019,12:00,19
6/27/2019,18:00,487
6/28/2019,0:00,99
6/28/2019,6:00,0
6/28/2019,12:00,4
6/28/2019,18:00,134
6/29/2019,0:00,7
6/29/2019,6:00,0
6/29/2019,12:00,16
6/29/2019,18:00,449
6/30/2019,0:00,37
6/30/2019,6:00,0
6/30/2019,12:00,3
6/30/2019,18:00,302
7/1/2019,0:00,62
7/1/2019,6:00,0
7/1/2019,12:00,13
7/1/2019,18:00,419
7/2/2019,0:00,85
7/2/2019,6:00,0
7/2/2019,12:00,18
7/2/2019,18:00,362
7/3/2019,0:00,10
7/3/2019,6:00,0
7/3/2019,12:00,19
7/3/2019,18:00,499
7/4/2019,0:00,106
7/4/2019,6:00,0
7/4/2019,12:00,19
7/4/2019,18:00,489
7/5/2019,0:00,102
7/5/2019,6:00,0
7/5/2019,12:00,20
7/5/2019,18:00,507
7/6/2019,0:00,108
7/6/2019,6:00,0
7/6/2019,12:00,19
7/6/2019,18:00,507
7/7/2019,0:00,109
7/7/2019,6:00,0
7/7/2019,12:00,19
7/7/2019,18:00,488
7/8/2019,0:00,102
7/8/2019,6:00,0
7/8/2019,12:00,20
7/8/2019,18:00,504
7/9/2019,0:00,110
7/9/2019,6:00,0
7/9/2019,12:00,16
7/9/2019,18:00,444
7/10/2019,0:00,85
7/10/2019,6:00,0
7/10/2019,12:00,13
7/10/2019,18:00,109
7/11/2019,0:00,46
7/11/2019,6:00,0
7/11/2019,12:00,10
7/11/2019,18:00,246
7/12/2019,0:00,86
7/12/2019,6:00,0
7/12/2019,12:00,1
7/12/2019,18:00,115
7/13/2019,0:00,56
7/13/2019,6:00,0
7/13/2019,12:00,13
7/13/2019,18:00,118
7/14/2019,0:00,59
7/14/2019,6:00,0
7/14/2019,12:00,13
7/14/2019,18:00,489
7/15/2019,0:00,107
7/15/2019,6:00,0
7/15/2019,12:00,20
7/15/2019,18:00,506
7/16/2019,0:00,113
7/16/2019,6:00,0
7/16/2019,12:00,21
7/16/2019,18:00,519
7/17/2019,0:00,118
7/17/2019,6:00,0
7/17/2019,12:00,21
7/17/2019,18:00,526
7/18/2019,0:00,119
7/18/2019,6:00,0
7/18/2019,12:00,21
7/18/2019,18:00,520
7/19/2019,0:00,111
7/19/2019,6:00,0
7/19/2019,12:00,19
7/19/2019,18:00,292
7/20/2019,0:00,100
7/20/2019,6:00,0
7/20/2019,12:00,20
7/20/2019,18:00,494
7/21/2019,0:00,109
7/21/2019,6:00,0
7/21/2019,12:00,20
7/21/2019,18:00,496
7/22/2019,0:00,111
7/22/2019,6:00,0
7/22/2019,12:00,11
7/22/2019,18:00,270
7/23/2019,0:00,41
7/23/2019,6:00,0
7/23/2019,12:00,3
7/23/2019,18:00,31
7/24/2019,0:00,6
7/24/2019,6:00,0
7/24/2019,12:00,5
7/24/2019,18:00,21
7/25/2019,0:00,5
7/25/2019,6:00,0
7/25/2019,12:00,2
7/25/2019,18:00,21
7/26/2019,0:00,9
7/26/2019,6:00,0
7/26/2019,12:00,12
7/26/2019,18:00,279
7/27/2019,0:00,23
7/27/2019,6:00,0
7/27/2019,12:00,5
7/27/2019,18:00,373
7/28/2019,0:00,67
7/28/2019,6:00,0
7/28/2019,12:00,24
7/28/2019,18:00,427
7/29/2019,0:00,114
7/29/2019,6:00,0
7/29/2019,12:00,3
7/29/2019,18:00,139
7/30/2019,0:00,17
7/30/2019,6:00,0
7/30/2019,12:00,25
7/30/2019,18:00,544
7/31/2019,0:00,128
7/31/2019,6:00,0
7/31/2019,12:00,26
7/31/2019,18:00,551
8/1/2019,0:00,130
8/1/2019,6:00,0
8/1/2019,12:00,4
8/1/2019,18:00,104
8/2/2019,0:00,9
8/2/2019,6:00,0
8/2/2019,12:00,28
8/2/2019,18:00,575
8/3/2019,0:00,138
8/3/2019,6:00,0
8/3/2019,12:00,28
8/3/2019,18:00,574
8/4/2019,0:00,139
8/4/2019,6:00,0
8/4/2019,12:00,29
8/4/2019,18:00,580
8/5/2019,0:00,141
8/5/2019,6:00,0
8/5/2019,12:00,31
8/5/2019,18:00,592
8/6/2019,0:00,144
8/6/2019,6:00,0
8/6/2019,12:00,29
8/6/2019,18:00,565
8/7/2019,0:00,125
8/7/2019,6:00,0
8/7/2019,12:00,30
8/7/2019,18:00,567
8/8/2019,0:00,99
8/8/2019,6:00,0
8/8/2019,12:00,26
8/8/2019,18:00,273
8/9/2019,0:00,60
8/9/2019,6:00,0
8/9/2019,12:00,8
8/9/2019,18:00,101
8/10/2019,0:00,58
8/10/2019,6:00,0
8/10/2019,12:00,7
8/10/2019,18:00,193
8/11/2019,0:00,70
8/11/2019,6:00,0
8/11/2019,12:00,34
8/11/2019,18:00,545
8/12/2019,0:00,27
8/12/2019,6:00,0
8/12/2019,12:00,22
8/12/2019,18:00,257
8/13/2019,0:00,41
8/13/2019,6:00,0
8/13/2019,12:00,36
8/13/2019,18:00,616
8/14/2019,0:00,157
8/14/2019,6:00,0
8/14/2019,12:00,38
8/14/2019,18:00,637
8/15/2019,0:00,158
8/15/2019,6:00,0
8/15/2019,12:00,38
8/15/2019,18:00,607
8/16/2019,0:00,146
8/16/2019,6:00,0
8/16/2019,12:00,6
8/16/2019,18:00,507
8/17/2019,0:00,148
8/17/2019,6:00,0
8/17/2019,12:00,28
8/17/2019,18:00,541
8/18/2019,0:00,129
8/18/2019,6:00,0
8/18/2019,12:00,35
8/18/2019,18:00,632
8/19/2019,0:00,160
8/19/2019,6:00,0
8/19/2019,12:00,42
8/19/2019,18:00,646
8/20/2019,0:00,162
8/20/2019,6:00,0
8/20/2019,12:00,31
8/20/2019,18:00,636
8/21/2019,0:00,161
8/21/2019,6:00,0
8/21/2019,12:00,43
8/21/2019,18:00,643
8/22/2019,0:00,163
8/22/2019,6:00,0
8/22/2019,12:00,43
8/22/2019,18:00,642
8/23/2019,0:00,142
8/23/2019,6:00,0
8/23/2019,12:00,45
8/23/2019,18:00,659
8/24/2019,0:00,168
8/24/2019,6:00,0
8/24/2019,12:00,37
8/24/2019,18:00,582
8/25/2019,0:00,136
8/25/2019,6:00,0
8/25/2019,12:00,46
8/25/2019,18:00,562
8/26/2019,0:00,116
8/26/2019,6:00,0
8/26/2019,12:00,2
8/26/2019,18:00,327
8/27/2019,0:00,138
8/27/2019,6:00,0
8/27/2019,12:00,48
8/27/2019,18:00,655
8/28/2019,0:00,167
8/28/2019,6:00,0
8/28/2019,12:00,51
8/28/2019,18:00,677
8/29/2019,0:00,174
8/29/2019,6:00,0
8/29/2019,12:00,51
8/29/2019,18:00,667
8/30/2019,0:00,171
8/30/2019,6:00,0
8/30/2019,12:00,50
8/30/2019,18:00,278
8/31/2019,0:00,26
8/31/2019,6:00,0
8/31/2019,12:00,36
8/31/2019,18:00,702
9/1/2019,0:00,181
9/1/2019,6:00,0
9/1/2019,12:00,58
9/1/2019,18:00,713
9/2/2019,0:00,184
9/2/2019,6:00,0
9/2/2019,12:00,59
9/2/2019,18:00,710
9/3/2019,0:00,182
9/3/2019,6:00,0
9/3/2019,12:00,57
9/3/2019,18:00,615
9/4/2019,0:00,137
9/4/2019,6:00,0
9/4/2019,12:00,62
9/4/2019,18:00,740
9/5/2019,0:00,192
9/5/2019,6:00,0
9/5/2019,12:00,63
9/5/2019,18:00,726
9/6/2019,0:00,188
9/6/2019,6:00,0
9/6/2019,12:00,9
9/6/2019,18:00,177
9/7/2019,0:00,96
9/7/2019,6:00,0
9/7/2019,12:00,12
9/7/2019,18:00,291
9/8/2019,0:00,99
9/8/2019,6:00,0
9/8/2019,12:00,7
9/8/2019,18:00,193
9/9/2019,0:00,41
9/9/2019,6:00,0
9/9/2019,12:00,45
9/9/2019,18:00,627
9/10/2019,0:00,70
9/10/2019,6:00,0
9/10/2019,12:00,20
9/10/2019,18:00,195
9/11/2019,0:00,11
9/11/2019,6:00,0
9/11/2019,12:00,8
9/11/2019,18:00,191
9/12/2019,0:00,18
9/12/2019,6:00,0
9/12/2019,12:00,57
9/12/2019,18:00,318
9/13/2019,0:00,77
9/13/2019,6:00,0
9/13/2019,12:00,73
9/13/2019,18:00,609
9/14/2019,0:00,197
9/14/2019,6:00,0
9/14/2019,12:00,65
9/14/2019,18:00,526
9/15/2019,0:00,187
9/15/2019,6:00,0
9/15/2019,12:00,74
9/15/2019,18:00,734
9/16/2019,0:00,192
9/16/2019,6:00,0
9/16/2019,12:00,35
9/16/2019,18:00,295
9/17/2019,0:00,156
9/17/2019,6:00,0
9/17/2019,12:00,71
9/17/2019,18:00,319
9/18/2019,0:00,47
9/18/2019,6:00,0
9/18/2019,12:00,81
9/18/2019,18:00,783
9/19/2019,0:00,208
9/19/2019,6:00,0
9/19/2019,12:00,87
9/19/2019,18:00,789
9/20/2019,0:00,205
9/20/2019,6:00,0
9/20/2019,12:00,86
9/20/2019,18:00,793
9/21/2019,0:00,213
9/21/2019,6:00,0
9/21/2019,12:00,94
9/21/2019,18:00,826
9/22/2019,0:00,218
9/22/2019,6:00,0
9/22/2019,12:00,94
9/22/2019,18:00,814
9/23/2019,0:00,213
9/23/2019,6:00,0
9/23/2019,12:00,99
9/23/2019,18:00,830
9/24/2019,0:00,218
9/24/2019,6:00,0
9/24/2019,12:00,95
9/24/2019,18:00,816
9/25/2019,0:00,218
9/25/2019,6:00,0
9/25/2019,12:00,98
9/25/2019,18:00,822
9/26/2019,0:00,218
9/26/2019,6:00,0
9/26/2019,12:00,99
9/26/2019,18:00,817
9/27/2019,0:00,215
9/27/2019,6:00,0
9/27/2019,12:00,101
9/27/2019,18:00,741
9/28/2019,0:00,194
9/28/2019,6:00,0
9/28/2019,12:00,101
9/28/2019,18:00,822
9/29/2019,0:00,219
9/29/2019,6:00,0
9/29/2019,12:00,105
9/29/2019,18:00,837
9/30/2019,0:00,224
9/30/2019,6:00,0
9/30/2019,12:00,106
9/30/2019,18:00,822
10/1/2019,0:00,215
10/1/2019,6:00,0
10/1/2019,12:00,99
10/1/2019,18:00,801
10/2/2019,0:00,215
10/2/2019,6:00,0
10/2/2019,12:00,5
10/2/2019,18:00,236
10/3/2019,0:00,37
10/3/2019,6:00,0
10/3/2019,12:00,10
10/3/2019,18:00,152
10/4/2019,0:00,6
10/4/2019,6:00,0
10/4/2019,12:00,20
10/4/2019,18:00,217
10/5/2019,0:00,46
10/5/2019,6:00,0
10/5/2019,12:00,21
10/5/2019,18:00,246
10/6/2019,0:00,68
10/6/2019,6:00,0
10/6/2019,12:00,95
10/6/2019,18:00,720
10/7/2019,0:00,195
10/7/2019,6:00,0
10/7/2019,12:00,120
10/7/2019,18:00,870
10/8/2019,0:00,235
10/8/2019,6:00,0
10/8/2019,12:00,121
10/8/2019,18:00,850
10/9/2019,0:00,230
10/9/2019,6:00,0
10/9/2019,12:00,120
10/9/2019,18:00,850
10/10/2019,0:00,231
10/10/2019,6:00,0
10/10/2019,12:00,114
10/10/2019,18:00,850
10/11/2019,0:00,231
10/11/2019,6:00,0
10/11/2019,12:00,123
10/11/2019,18:00,840
10/12/2019,0:00,227
10/12/2019,6:00,0
10/12/2019,12:00,73
10/12/2019,18:00,780
10/13/2019,0:00,231
10/13/2019,6:00,0
10/13/2019,12:00,111
10/13/2019,18:00,551
10/14/2019,0:00,189
10/14/2019,6:00,0
10/14/2019,12:00,10
10/14/2019,18:00,20
10/15/2019,0:00,29
10/15/2019,6:00,0
10/15/2019,12:00,15
10/15/2019,18:00,120
10/16/2019,0:00,47
10/16/2019,6:00,0
10/16/2019,12:00,20
10/16/2019,18:00,220
10/17/2019,0:00,57
10/17/2019,6:00,0
10/17/2019,12:00,20
10/17/2019,18:00,190
10/18/2019,0:00,40
10/18/2019,6:00,0
10/18/2019,12:00,130
10/18/2019,18:00,390
10/19/2019,0:00,230
10/19/2019,6:00,0
10/19/2019,12:00,140
10/19/2019,18:00,860
10/20/2019,0:00,214
10/20/2019,6:00,0
10/20/2019,12:00,106
10/20/2019,18:00,610
10/21/2019,0:00,13
10/21/2019,6:00,0
10/21/2019,12:00,102
10/21/2019,18:00,580
10/22/2019,0:00,172
10/22/2019,6:00,0
10/22/2019,12:00,148
10/22/2019,18:00,910
10/23/2019,0:00,255
10/23/2019,6:00,0
10/23/2019,12:00,146
10/23/2019,18:00,910
10/24/2019,0:00,256
10/24/2019,6:00,0
10/24/2019,12:00,150
10/24/2019,18:00,920
10/25/2019,0:00,253
10/25/2019,6:00,0
10/25/2019,12:00,150
10/25/2019,18:00,930
10/26/2019,0:00,265
10/26/2019,6:00,0
10/26/2019,12:00,160
10/26/2019,18:00,940
10/27/2019,0:00,259
10/27/2019,6:00,0
10/27/2019,12:00,60
10/27/2019,18:00,260
10/28/2019,0:00,69
10/28/2019,6:00,0
10/28/2019,12:00,130
10/28/2019,18:00,890
10/29/2019,0:00,251
10/29/2019,6:00,0
10/29/2019,12:00,110
10/29/2019,18:00,650
10/30/2019,0:00,106
10/30/2019,6:00,0
10/30/2019,12:00,30
10/30/2019,18:00,790
10/31/2019,0:00,254
10/31/2019,6:00,0
10/31/2019,12:00,20
10/31/2019,18:00,600
11/1/2019,0:00,147
11/1/2019,6:00,0
11/1/2019,12:00,150
11/1/2019,18:00,900
11/2/2019,0:00,257
11/2/2019,6:00,0
11/2/2019,12:00,130
11/2/2019,18:00,810
11/3/2019,0:00,215
11/3/2019,6:00,0
11/3/2019,12:00,20
11/3/2019,18:00,200
11/4/2019,0:00,97
11/4/2019,6:00,0
11/4/2019,12:00,120
11/4/2019,18:00,600
11/5/2019,0:00,45
11/5/2019,6:00,0
11/5/2019,12:00,70
11/5/2019,18:00,570
11/6/2019,0:00,269
11/6/2019,6:00,0
11/6/2019,12:00,170
11/6/2019,18:00,960
11/7/2019,0:00,282
11/7/2019,6:00,0
11/7/2019,12:00,160
11/7/2019,18:00,940
11/8/2019,0:00,283
11/8/2019,6:00,0
11/8/2019,12:00,170
11/8/2019,18:00,960
11/9/2019,0:00,287
11/9/2019,6:00,0
11/9/2019,12:00,140
11/9/2019,18:00,860
11/10/2019,0:00,231
11/10/2019,6:00,0
11/10/2019,12:00,170
11/10/2019,18:00,790
11/11/2019,0:00,282
11/11/2019,6:00,0
11/11/2019,12:00,100
11/11/2019,18:00,840
11/12/2019,0:00,259
11/12/2019,6:00,0
11/12/2019,12:00,130
11/12/2019,18:00,600
11/13/2019,0:00,206
11/13/2019,6:00,0
11/13/2019,12:00,90
11/13/2019,18:00,150
11/14/2019,0:00,60
11/14/2019,6:00,0
11/14/2019,12:00,170
11/14/2019,18:00,960
11/15/2019,0:00,287
11/15/2019,6:00,0
11/15/2019,12:00,190
11/15/2019,18:00,990
11/16/2019,0:00,300
11/16/2019,6:00,0
11/16/2019,12:00,180
11/16/2019,18:00,970
11/17/2019,0:00,297
11/17/2019,6:00,0
11/17/2019,12:00,180
11/17/2019,18:00,980
11/18/2019,0:00,303
11/18/2019,6:00,0
11/18/2019,12:00,180
11/18/2019,18:00,970
11/19/2019,0:00,301
11/19/2019,6:00,0
11/19/2019,12:00,170
11/19/2019,18:00,930
11/20/2019,0:00,287
11/20/2019,6:00,0
11/20/2019,12:00,170
11/20/2019,18:00,950
11/21/2019,0:00,294
11/21/2019,6:00,0
11/21/2019,12:00,180
11/21/2019,18:00,920
11/22/2019,0:00,272
11/22/2019,6:00,0
11/22/2019,12:00,10
11/22/2019,18:00,310
11/23/2019,0:00,224
11/23/2019,6:00,0
11/23/2019,12:00,100
11/23/2019,18:00,870
11/24/2019,0:00,311
11/24/2019,6:00,0
11/24/2019,12:00,190
11/24/2019,18:00,1000
11/25/2019,0:00,315
11/25/2019,6:00,0
11/25/2019,12:00,180
11/25/2019,18:00,950
11/26/2019,0:00,270
11/26/2019,6:00,0
11/26/2019,12:00,20
11/26/2019,18:00,100
11/27/2019,0:00,87
11/27/2019,6:00,0
11/27/2019,12:00,150
11/27/2019,18:00,980
11/28/2019,0:00,323
11/28/2019,6:00,0
11/28/2019,12:00,190
11/28/2019,18:00,1000
11/29/2019,0:00,330
11/29/2019,6:00,0
11/29/2019,12:00,190
11/29/2019,18:00,980
11/30/2019,0:00,320
11/30/2019,6:00,0
11/30/2019,12:00,140
11/30/2019,18:00,800
12/1/2019,0:00,200
12/1/2019,6:00,0
12/1/2019,12:00,170
12/1/2019,18:00,980
12/2/2019,0:00,330
12/2/2019,6:00,0
12/2/2019,12:00,190
12/2/2019,18:00,950
12/3/2019,0:00,230
12/3/2019,6:00,0
12/3/2019,12:00,190
12/3/2019,18:00,1000
12/4/2019,0:00,325
12/4/2019,6:00,0
12/4/2019,12:00,170
12/4/2019,18:00,970
12/5/2019,0:00,321
12/5/2019,6:00,0
12/5/2019,12:00,170
12/5/2019,18:00,990
12/6/2019,0:00,340
12/6/2019,6:00,0
12/6/2019,12:00,190
12/6/2019,18:00,1000
12/7/2019,0:00,340
12/7/2019,6:00,0
12/7/2019,12:00,180
12/7/2019,18:00,980
12/8/2019,0:00,330
12/8/2019,6:00,0
12/8/2019,12:00,180
12/8/2019,18:00,980
12/9/2019,0:00,290
12/9/2019,6:00,0
12/9/2019,12:00,180
12/9/2019,18:00,980
12/10/2019,0:00,330
12/10/2019,6:00,0
12/10/2019,12:00,180
12/10/2019,18:00,980
12/11/2019,0:00,320
12/11/2019,6:00,0
12/11/2019,12:00,180
12/11/2019,18:00,990
12/12/2019,0:00,340
12/12/2019,6:00,0
12/12/2019,12:00,170
12/12/2019,18:00,770
12/13/2019,0:00,220
12/13/2019,6:00,0
12/13/2019,12:00,180
12/13/2019,18:00,1000
12/14/2019,0:00,350
12/14/2019,6:00,0
12/14/2019,12:00,10
12/14/2019,18:00,530
12/15/2019,0:00,330
12/15/2019,6:00,0
12/15/2019,12:00,140
12/15/2019,18:00,410
12/16/2019,0:00,190
12/16/2019,6:00,0
12/16/2019,12:00,130
12/16/2019,18:00,960
12/17/2019,0:00,350
12/17/2019,6:00,0
12/17/2019,12:00,170
12/17/2019,18:00,980
12/18/2019,0:00,350
12/18/2019,6:00,0
12/18/2019,12:00,180
12/18/2019,18:00,1010
12/19/2019,0:00,360
12/19/2019,6:00,0
12/19/2019,12:00,170
12/19/2019,18:00,970
12/20/2019,0:00,340
12/20/2019,6:00,0
12/20/2019,12:00,170
12/20/2019,18:00,840
12/21/2019,0:00,230
12/21/2019,6:00,0
12/21/2019,12:00,120
12/21/2019,18:00,620
12/22/2019,0:00,350
12/22/2019,6:00,0
12/22/2019,12:00,180
12/22/2019,18:00,1010
12/23/2019,0:00,370
12/23/2019,6:00,0
12/23/2019,12:00,180
12/23/2019,18:00,1020
12/24/2019,0:00,370
12/24/2019,6:00,0
12/24/2019,12:00,180
12/24/2019,18:00,1010
12/25/2019,0:00,370
12/25/2019,6:00,0
12/25/2019,12:00,170
12/25/2019,18:00,990
12/26/2019,0:00,360
12/26/2019,6:00,0
12/26/2019,12:00,150
12/26/2019,18:00,700
12/27/2019,0:00,260
12/27/2019,6:00,0
12/27/2019,12:00,160
12/27/2019,18:00,950
12/28/2019,0:00,170
12/28/2019,6:00,0
12/28/2019,12:00,160
12/28/2019,18:00,810
12/29/2019,0:00,240
12/29/2019,6:00,0
12/29/2019,12:00,160
12/29/2019,18:00,880
12/30/2019,0:00,179
12/30/2019,6:00,0
12/30/2019,12:00,140
12/30/2019,18:00,820
12/31/2019,0:00,151
12/31/2019,6:00,0
12/31/2019,12:00,150
12/31/2019,18:00,710
1/1/2020,0:00,264
1/1/2020,6:00,0
1/1/2020,12:00,150
1/1/2020,18:00,480
1/2/2020,0:00,205
1/2/2020,6:00,0
1/2/2020,12:00,160
1/2/2020,18:00,980
1/3/2020,0:00,367
1/3/2020,6:00,0
1/3/2020,12:00,160
1/3/2020,18:00,980
1/4/2020,0:00,298
1/4/2020,6:00,0
1/4/2020,12:00,150
1/4/2020,18:00,850
1/5/2020,0:00,370
1/5/2020,6:00,0
1/5/2020,12:00,150
1/5/2020,18:00,970
1/6/2020,0:00,340
1/6/2020,6:00,0
1/6/2020,12:00,150
1/6/2020,18:00,570
1/7/2020,0:00,240
1/7/2020,6:00,0
1/7/2020,12:00,150
1/7/2020,18:00,1000
1/8/2020,0:00,380
1/8/2020,6:00,0
1/8/2020,12:00,150
1/8/2020,18:00,990
1/9/2020,0:00,370
1/9/2020,6:00,0
1/9/2020,12:00,140
1/9/2020,18:00,820
1/10/2020,0:00,180
1/10/2020,6:00,0
1/10/2020,12:00,130
1/10/2020,18:00,770
1/11/2020,0:00,159
1/11/2020,6:00,0
1/11/2020,12:00,130
1/11/2020,18:00,810
1/12/2020,0:00,355
1/12/2020,6:00,0
1/12/2020,12:00,120
1/12/2020,18:00,940
1/13/2020,0:00,364
1/13/2020,6:00,0
1/13/2020,12:00,143
1/13/2020,18:00,950
1/14/2020,0:00,330
1/14/2020,6:00,0
1/14/2020,12:00,130
1/14/2020,18:00,700
1/15/2020,0:00,170
1/15/2020,6:00,0
1/15/2020,12:00,110
1/15/2020,18:00,610
1/16/2020,0:00,230
1/16/2020,6:00,0
1/16/2020,12:00,90
1/16/2020,18:00,720
1/17/2020,0:00,300
1/17/2020,6:00,0
1/17/2020,12:00,140
1/17/2020,18:00,990
1/18/2020,0:00,380
1/18/2020,6:00,0
1/18/2020,12:00,120
1/18/2020,18:00,770
1/19/2020,0:00,257
1/19/2020,6:00,0
1/19/2020,12:00,24
1/19/2020,18:00,830
1/20/2020,0:00,357
1/20/2020,6:00,0
1/20/2020,12:00,70
1/20/2020,18:00,425
1/21/2020,0:00,133
1/21/2020,6:00,0
1/21/2020,12:00,40
1/21/2020,18:00,720
1/22/2020,0:00,124
1/22/2020,6:00,0
1/22/2020,12:00,6
1/22/2020,18:00,260
1/23/2020,0:00,358
1/23/2020,6:00,0
1/23/2020,12:00,130
1/23/2020,18:00,940
1/24/2020,0:00,360
1/24/2020,6:00,0
1/24/2020,12:00,130
1/24/2020,18:00,970
1/25/2020,0:00,373
1/25/2020,6:00,0
1/25/2020,12:00,130
1/25/2020,18:00,950
1/26/2020,0:00,365
1/26/2020,6:00,0
1/26/2020,12:00,120
1/26/2020,18:00,930
1/27/2020,0:00,350
1/27/2020,6:00,0
1/27/2020,12:00,110
1/27/2020,18:00,920
1/28/2020,0:00,229
1/28/2020,6:00,0
1/28/2020,12:00,120
1/28/2020,18:00,880
1/29/2020,0:00,248
1/29/2020,6:00,0
1/29/2020,12:00,30
1/29/2020,18:00,760
1/30/2020,0:00,353
1/30/2020,6:00,0
1/30/2020,12:00,24
1/30/2020,18:00,740
1/31/2020,0:00,245
1/31/2020,6:00,0
1/31/2020,12:00,120
1/31/2020,18:00,920
2/1/2020,0:00,355
2/1/2020,6:00,0
2/1/2020,12:00,120
2/1/2020,18:00,940
2/2/2020,0:00,359
2/2/2020,6:00,0
2/2/2020,12:00,120
2/2/2020,18:00,930
2/3/2020,0:00,358
2/3/2020,6:00,0
2/3/2020,12:00,120
2/3/2020,18:00,920
2/4/2020,0:00,353
2/4/2020,6:00,0
2/4/2020,12:00,110
2/4/2020,18:00,910
2/5/2020,0:00,230
2/5/2020,6:00,0
2/5/2020,12:00,110
2/5/2020,18:00,830
2/6/2020,0:00,186
2/6/2020,6:00,0
2/6/2020,12:00,110
2/6/2020,18:00,900
2/7/2020,0:00,257
2/7/2020,6:00,0
2/7/2020,12:00,110
2/7/2020,18:00,910
2/8/2020,0:00,254
2/8/2020,6:00,0
2/8/2020,12:00,110
2/8/2020,18:00,820
2/9/2020,0:00,143
2/9/2020,6:00,0
2/9/2020,12:00,90
2/9/2020,18:00,910
2/10/2020,0:00,344
2/10/2020,6:00,0
2/10/2020,12:00,110
2/10/2020,18:00,930
2/11/2020,0:00,354
2/11/2020,6:00,0
2/11/2020,12:00,110
2/11/2020,18:00,930
2/12/2020,0:00,348
2/12/2020,6:00,0
2/12/2020,12:00,110
2/12/2020,18:00,910
2/13/2020,0:00,343
2/13/2020,6:00,0
2/13/2020,12:00,105
2/13/2020,18:00,900
2/14/2020,0:00,319
2/14/2020,6:00,0
2/14/2020,12:00,49
2/14/2020,18:00,286
2/15/2020,0:00,61
2/15/2020,6:00,0
2/15/2020,12:00,90
2/15/2020,18:00,629
2/16/2020,0:00,305
2/16/2020,6:00,0
2/16/2020,12:00,97
2/16/2020,18:00,813
2/17/2020,0:00,150
2/17/2020,6:00,0
2/17/2020,12:00,71
2/17/2020,18:00,347
2/18/2020,0:00,249
2/18/2020,6:00,0
2/18/2020,12:00,35
2/18/2020,18:00,282
2/19/2020,0:00,118
2/19/2020,6:00,0
2/19/2020,12:00,95
2/19/2020,18:00,921
2/20/2020,0:00,334
2/20/2020,6:00,0
2/20/2020,12:00,99
2/20/2020,18:00,882
2/21/2020,0:00,323
2/21/2020,6:00,0
2/21/2020,12:00,102
2/21/2020,18:00,915
2/22/2020,0:00,332
2/22/2020,6:00,0
2/22/2020,12:00,101
2/22/2020,18:00,899
2/23/2020,0:00,327
2/23/2020,6:00,0
2/23/2020,12:00,97
2/23/2020,18:00,898
2/24/2020,0:00,322
2/24/2020,6:00,0
2/24/2020,12:00,94
2/24/2020,18:00,879
2/25/2020,0:00,315
2/25/2020,6:00,0
2/25/2020,12:00,73
2/25/2020,18:00,808
2/26/2020,0:00,284
2/26/2020,6:00,0
2/26/2020,12:00,96
2/26/2020,18:00,895
2/27/2020,0:00,315
2/27/2020,6:00,0
2/27/2020,12:00,93
2/27/2020,18:00,880
2/28/2020,0:00,309
2/28/2020,6:00,0
2/28/2020,12:00,90
2/28/2020,18:00,872
2/29/2020,0:00,304
2/29/2020,6:00,0
2/29/2020,12:00,90
2/29/2020,18:00,865
3/1/2020,0:00,300
3/1/2020,6:00,0
3/1/2020,12:00,90
3/1/2020,18:00,865
3/2/2020,0:00,298
3/2/2020,6:00,0
3/2/2020,12:00,90
3/2/2020,18:00,859
3/3/2020,0:00,296
3/3/2020,6:00,0
3/3/2020,12:00,86
3/3/2020,18:00,849
3/4/2020,0:00,291
3/4/2020,6:00,0
3/4/2020,12:00,86
3/4/2020,18:00,851
3/5/2020,0:00,290
3/5/2020,6:00,0
3/5/2020,12:00,86
3/5/2020,18:00,871
3/6/2020,0:00,295
3/6/2020,6:00,0
3/6/2020,12:00,85
3/6/2020,18:00,848
3/7/2020,0:00,251
3/7/2020,6:00,0
3/7/2020,12:00,77
3/7/2020,18:00,838
3/8/2020,0:00,280
3/8/2020,6:00,0
3/8/2020,12:00,81
3/8/2020,18:00,832
3/9/2020,0:00,274
3/9/2020,6:00,0
3/9/2020,12:00,81
3/9/2020,18:00,826
3/10/2020,0:00,271
3/10/2020,6:00,0
3/10/2020,12:00,79
3/10/2020,18:00,816
3/11/2020,0:00,264
3/11/2020,6:00,0
3/11/2020,12:00,70
3/11/2020,18:00,783
3/12/2020,0:00,177
3/12/2020,6:00,0
3/12/2020,12:00,74
3/12/2020,18:00,780
3/13/2020,0:00,261
3/13/2020,6:00,0
3/13/2020,12:00,80
3/13/2020,18:00,750
3/14/2020,0:00,199
3/14/2020,6:00,0
3/14/2020,12:00,74
3/14/2020,18:00,731
3/15/2020,0:00,106
3/15/2020,6:00,0
3/15/2020,12:00,48
3/15/2020,18:00,453
3/16/2020,0:00,97
3/16/2020,6:00,0
3/16/2020,12:00,24
3/16/2020,18:00,720
3/17/2020,0:00,153
3/17/2020,6:00,0
3/17/2020,12:00,71
3/17/2020,18:00,761
3/18/2020,0:00,241
3/18/2020,6:00,0
3/18/2020,12:00,61
3/18/2020,18:00,599
3/19/2020,0:00,137
3/19/2020,6:00,0
3/19/2020,12:00,71
3/19/2020,18:00,794
3/20/2020,0:00,246
3/20/2020,6:00,0
3/20/2020,12:00,73
3/20/2020,18:00,799
3/21/2020,0:00,245
3/21/2020,6:00,0
3/21/2020,12:00,70
3/21/2020,18:00,788
3/22/2020,0:00,239
3/22/2020,6:00,0
3/22/2020,12:00,70
3/22/2020,18:00,792
3/23/2020,0:00,238
3/23/2020,6:00,0
3/23/2020,12:00,70
3/23/2020,18:00,781
3/24/2020,0:00,234
3/24/2020,6:00,0
3/24/2020,12:00,68
3/24/2020,18:00,767
3/25/2020,0:00,227
3/25/2020,6:00,0
3/25/2020,12:00,66
3/25/2020,18:00,725
3/26/2020,0:00,192
3/26/2020,6:00,0
3/26/2020,12:00,55
3/26/2020,18:00,659
3/27/2020,0:00,208
3/27/2020,6:00,0
3/27/2020,12:00,54
3/27/2020,18:00,709
3/28/2020,0:00,173
3/28/2020,6:00,0
3/28/2020,12:00,30
3/28/2020,18:00,371
3/29/2020,0:00,138
3/29/2020,6:00,0
3/29/2020,12:00,13
3/29/2020,18:00,573
3/30/2020,0:00,160
3/30/2020,6:00,0
3/30/2020,12:00,60
3/30/2020,18:00,667
3/31/2020,0:00,187
3/31/2020,6:00,0
3/31/2020,12:00,60
3/31/2020,18:00,671
4/1/2020,0:00,158
4/1/2020,6:00,0
4/1/2020,12:00,57
4/1/2020,18:00,435
4/2/2020,0:00,123
4/2/2020,6:00,0
4/2/2020,12:00,20
4/2/2020,18:00,671
4/3/2020,0:00,207
4/3/2020,6:00,0
4/3/2020,12:00,60
4/3/2020,18:00,538
4/4/2020,0:00,96
4/4/2020,6:00,0
4/4/2020,12:00,60
4/4/2020,18:00,729
4/5/2020,0:00,199
4/5/2020,6:00,0
4/5/2020,12:00,60
4/5/2020,18:00,727
4/6/2020,0:00,185
4/6/2020,6:00,0
4/6/2020,12:00,20
4/6/2020,18:00,616
4/7/2020,0:00,189
4/7/2020,6:00,0
4/7/2020,12:00,60
4/7/2020,18:00,736
4/8/2020,0:00,197
4/8/2020,6:00,0
4/8/2020,12:00,60
4/8/2020,18:00,727
4/9/2020,0:00,192
4/9/2020,6:00,0
4/9/2020,12:00,57
4/9/2020,18:00,711
4/10/2020,0:00,186
4/10/2020,6:00,0
4/10/2020,12:00,60
4/10/2020,18:00,709
4/11/2020,0:00,183
4/11/2020,6:00,0
4/11/2020,12:00,54
4/11/2020,18:00,695
4/12/2020,0:00,180
4/12/2020,6:00,0
4/12/2020,12:00,50
4/12/2020,18:00,690
4/13/2020,0:00,180
4/13/2020,6:00,0
4/13/2020,12:00,37
4/13/2020,18:00,475
4/14/2020,0:00,90
4/14/2020,6:00,0
4/14/2020,12:00,14
4/14/2020,18:00,638
4/15/2020,0:00,175
4/15/2020,6:00,0
4/15/2020,12:00,54
4/15/2020,18:00,702
4/16/2020,0:00,176
4/16/2020,6:00,0
4/16/2020,12:00,52
4/16/2020,18:00,683
4/17/2020,0:00,170
4/17/2020,6:00,0
4/17/2020,12:00,48
4/17/2020,18:00,632
4/18/2020,0:00,115
4/18/2020,6:00,0
4/18/2020,12:00,48
4/18/2020,18:00,659
4/19/2020,0:00,161
4/19/2020,6:00,0
4/19/2020,12:00,48
4/19/2020,18:00,655
4/20/2020,0:00,158
4/20/2020,6:00,0
4/20/2020,12:00,48
4/20/2020,18:00,652
4/21/2020,0:00,157
4/21/2020,6:00,0
4/21/2020,12:00,47
4/21/2020,18:00,648
4/22/2020,0:00,155
4/22/2020,6:00,0
4/22/2020,12:00,50
4/22/2020,18:00,580
4/23/2020,0:00,129
4/23/2020,6:00,0
4/23/2020,12:00,45
4/23/2020,18:00,632
4/24/2020,0:00,145
4/24/2020,6:00,0
4/24/2020,12:00,42
4/24/2020,18:00,627
4/25/2020,0:00,148
4/25/2020,6:00,0
4/25/2020,12:00,44
4/25/2020,18:00,581
4/26/2020,0:00,139
4/26/2020,6:00,0
4/26/2020,12:00,30
4/26/2020,18:00,433
4/27/2020,0:00,120
4/27/2020,6:00,0
4/27/2020,12:00,33
4/27/2020,18:00,507
4/28/2020,0:00,120
4/28/2020,6:00,0
4/28/2020,12:00,40
4/28/2020,18:00,598
4/29/2020,0:00,135
4/29/2020,6:00,0
4/29/2020,12:00,35
4/29/2020,18:00,620
4/30/2020,0:00,143
4/30/2020,6:00,0
4/30/2020,12:00,35
4/30/2020,18:00,315
5/1/2020,0:00,128
5/1/2020,6:00,0
5/1/2020,12:00,38
5/1/2020,18:00,590
5/2/2020,0:00,133
5/2/2020,6:00,0
5/2/2020,12:00,40
5/2/2020,18:00,612
5/3/2020,0:00,136
5/3/2020,6:00,0
5/3/2020,12:00,39
5/3/2020,18:00,591
5/4/2020,0:00,112
5/4/2020,6:00,0
5/4/2020,12:00,20
5/4/2020,18:00,333
5/5/2020,0:00,45
5/5/2020,6:00,0
5/5/2020,12:00,30
5/5/2020,18:00,312
5/6/2020,0:00,97
5/6/2020,6:00,0
5/6/2020,12:00,38
5/6/2020,18:00,598
5/7/2020,0:00,128
5/7/2020,6:00,0
5/7/2020,12:00,37
5/7/2020,18:00,555
5/8/2020,0:00,127
5/8/2020,6:00,0
5/8/2020,12:00,37
5/8/2020,18:00,572
5/9/2020,0:00,126
5/9/2020,6:00,0
5/9/2020,12:00,37
5/9/2020,18:00,587
5/10/2020,0:00,126
5/10/2020,6:00,0
5/10/2020,12:00,30
5/10/2020,18:00,504
5/11/2020,0:00,101
5/11/2020,6:00,0
5/11/2020,12:00,22
5/11/2020,18:00,281
5/12/2020,0:00,67
5/12/2020,6:00,0
5/12/2020,12:00,2
5/12/2020,18:00,24
5/13/2020,0:00,10
5/13/2020,6:00,0
5/13/2020,12:00,5
5/13/2020,18:00,178
5/14/2020,0:00,95
5/14/2020,6:00,0
5/14/2020,12:00,33
5/14/2020,18:00,564
5/15/2020,0:00,118
5/15/2020,6:00,0
5/15/2020,12:00,33
5/15/2020,18:00,562
5/16/2020,0:00,106
5/16/2020,6:00,0
5/16/2020,12:00,30
5/16/2020,18:00,540
5/17/2020,0:00,111
5/17/2020,6:00,0
5/17/2020,12:00,31
5/17/2020,18:00,543
5/18/2020,0:00,112
5/18/2020,6:00,0
5/18/2020,12:00,30
5/18/2020,18:00,538
5/19/2020,0:00,110
5/19/2020,6:00,0
5/19/2020,12:00,29
5/19/2020,18:00,531
5/20/2020,0:00,107
5/20/2020,6:00,0
5/20/2020,12:00,28
5/20/2020,18:00,500
5/21/2020,0:00,17
5/21/2020,6:00,0
5/21/2020,12:00,22
5/21/2020,18:00,136
5/22/2020,0:00,9
5/22/2020,6:00,0
5/22/2020,12:00,3
5/22/2020,18:00,68
5/23/2020,0:00,11
5/23/2020,6:00,0
5/23/2020,12:00,1
5/23/2020,18:00,111
5/24/2020,0:00,23
5/24/2020,6:00,0
5/24/2020,12:00,21
5/24/2020,18:00,489
5/25/2020,0:00,47
5/25/2020,6:00,0
5/25/2020,12:00,26
5/25/2020,18:00,527
5/26/2020,0:00,104
5/26/2020,6:00,0
5/26/2020,12:00,30
5/26/2020,18:00,515
5/27/2020,0:00,100
5/27/2020,6:00,0
5/27/2020,12:00,25
5/27/2020,18:00,514
5/28/2020,0:00,103
5/28/2020,6:00,0
5/28/2020,12:00,25
5/28/2020,18:00,513
5/29/2020,0:00,102
5/29/2020,6:00,0
5/29/2020,12:00,20
5/29/2020,18:00,506
5/30/2020,0:00,101
5/30/2020,6:00,0
5/30/2020,12:00,20
5/30/2020,18:00,459
5/31/2020,0:00,92
5/31/2020,6:00,0
5/31/2020,12:00,0
5/31/2020,18:00,276
6/1/2020,0:00,52
6/1/2020,6:00,0
6/1/2020,12:00,23
6/1/2020,18:00,500
6/2/2020,0:00,86
6/2/2020,6:00,0
6/2/2020,12:00,24
6/2/2020,18:00,501
6/3/2020,0:00,68
6/3/2020,6:00,0
6/3/2020,12:00,20
6/3/2020,18:00,504
6/4/2020,0:00,100
6/4/2020,6:00,0
6/4/2020,12:00,13
6/4/2020,18:00,376
6/5/2020,0:00,90
6/5/2020,6:00,0
6/5/2020,12:00,0
6/5/2020,18:00,29
6/6/2020,0:00,6
6/6/2020,6:00,0
6/6/2020,12:00,0
6/6/2020,18:00,50
6/7/2020,0:00,6
6/7/2020,6:00,0
6/7/2020,12:00,0
6/7/2020,18:00,153
6/8/2020,0:00,50
6/8/2020,6:00,0
6/8/2020,12:00,21
6/8/2020,18:00,212
6/9/2020,0:00,65
6/9/2020,6:00,0
6/9/2020,12:00,19
6/9/2020,18:00,299
6/10/2020,0:00,15
6/10/2020,6:00,0
6/10/2020,12:00,15
6/10/2020,18:00,134
6/11/2020,0:00,24
6/11/2020,6:00,0
6/11/2020,12:00,16
6/11/2020,18:00,258
6/12/2020,0:00,53
6/12/2020,6:00,0
6/12/2020,12:00,10
6/12/2020,18:00,402
6/13/2020,0:00,72
6/13/2020,6:00,0
6/13/2020,12:00,15
6/13/2020,18:00,436
6/14/2020,0:00,96
6/14/2020,6:00,0
6/14/2020,12:00,21
6/14/2020,18:00,499
6/15/2020,0:00,101
6/15/2020,6:00,0
6/15/2020,12:00,10
6/15/2020,18:00,152
6/16/2020,0:00,86
6/16/2020,6:00,0
6/16/2020,12:00,16
6/16/2020,18:00,410
6/17/2020,0:00,74
6/17/2020,6:00,0
6/17/2020,12:00,18
6/17/2020,18:00,464
6/18/2020,0:00,93
6/18/2020,6:00,0
6/18/2020,12:00,5
6/18/2020,18:00,118
6/19/2020,0:00,42
6/19/2020,6:00,0
6/19/2020,12:00,17
6/19/2020,18:00,164
6/20/2020,0:00,91
6/20/2020,6:00,0
6/20/2020,12:00,5
6/20/2020,18:00,246
6/21/2020,0:00,89
6/21/2020,6:00,0
6/21/2020,12:00,3
6/21/2020,18:00,101
6/22/2020,0:00,59
6/22/2020,6:00,0
6/22/2020,12:00,10
6/22/2020,18:00,136
6/23/2020,0:00,42
6/23/2020,6:00,0
6/23/2020,12:00,20
6/23/2020,18:00,340
6/24/2020,0:00,94
6/24/2020,6:00,0
6/24/2020,12:00,10
6/24/2020,18:00,240
6/25/2020,0:00,61
6/25/2020,6:00,0
6/25/2020,12:00,1
6/25/2020,18:00,153
6/26/2020,0:00,101
6/26/2020,6:00,0
6/26/2020,12:00,18
6/26/2020,18:00,430
6/27/2020,0:00,67
6/27/2020,6:00,0
6/27/2020,12:00,19
6/27/2020,18:00,491
6/28/2020,0:00,103
6/28/2020,6:00,0
6/28/2020,12:00,18
6/28/2020,18:00,467
6/29/2020,0:00,89
6/29/2020,6:00,0
6/29/2020,12:00,4
6/29/2020,18:00,46
6/30/2020,0:00,2
6/30/2020,6:00,0
6/30/2020,12:00,1
6/30/2020,18:00,187
7/1/2020,0:00,23
7/1/2020,6:00,0
7/1/2020,12:00,17
7/1/2020,18:00,168
7/2/2020,0:00,18
7/2/2020,6:00,0
7/2/2020,12:00,18
7/2/2020,18:00,478
7/3/2020,0:00,81
7/3/2020,6:00,0
7/3/2020,12:00,18
7/3/2020,18:00,492
7/4/2020,0:00,105
7/4/2020,6:00,0
7/4/2020,12:00,19
7/4/2020,18:00,483
7/5/2020,0:00,30
7/5/2020,6:00,0
7/5/2020,12:00,2
7/5/2020,18:00,408
7/6/2020,0:00,89
7/6/2020,6:00,0
7/6/2020,12:00,15
7/6/2020,18:00,442
7/7/2020,0:00,95
7/7/2020,6:00,0
7/7/2020,12:00,4
7/7/2020,18:00,57
7/8/2020,0:00,7
7/8/2020,6:00,0
7/8/2020,12:00,3
7/8/2020,18:00,271
7/9/2020,0:00,19
7/9/2020,6:00,0
7/9/2020,12:00,19
7/9/2020,18:00,495
7/10/2020,0:00,105
7/10/2020,6:00,0
7/10/2020,12:00,20
7/10/2020,18:00,505
7/11/2020,0:00,83
7/11/2020,6:00,0
7/11/2020,12:00,12
7/11/2020,18:00,212
7/12/2020,0:00,62
7/12/2020,6:00,0
7/12/2020,12:00,3
7/12/2020,18:00,122
7/13/2020,0:00,74
7/13/2020,6:00,0
7/13/2020,12:00,17
7/13/2020,18:00,482
7/14/2020,0:00,113
7/14/2020,6:00,0
7/14/2020,12:00,22
7/14/2020,18:00,537
7/15/2020,0:00,121
7/15/2020,6:00,0
7/15/2020,12:00,22
7/15/2020,18:00,529
7/16/2020,0:00,119
7/16/2020,6:00,0
7/16/2020,12:00,1
7/16/2020,18:00,161
7/17/2020,0:00,25
7/17/2020,6:00,0
7/17/2020,12:00,4
7/17/2020,18:00,288
7/18/2020,0:00,94
7/18/2020,6:00,0
7/18/2020,12:00,20
7/18/2020,18:00,496
7/19/2020,0:00,113
7/19/2020,6:00,0
7/19/2020,12:00,20
7/19/2020,18:00,498
7/20/2020,0:00,102
7/20/2020,6:00,0
7/20/2020,12:00,16
7/20/2020,18:00,396
7/21/2020,0:00,21
7/21/2020,6:00,0
7/21/2020,12:00,15
7/21/2020,18:00,380
7/22/2020,0:00,76
7/22/2020,6:00,0
7/22/2020,12:00,16
7/22/2020,18:00,418
7/23/2020,0:00,91
7/23/2020,6:00,0
7/23/2020,12:00,16
7/23/2020,18:00,439
7/24/2020,0:00,99
7/24/2020,6:00,0
7/24/2020,12:00,2
7/24/2020,18:00,29
7/25/2020,0:00,2
7/25/2020,6:00,0
7/25/2020,12:00,24
7/25/2020,18:00,546
7/26/2020,0:00,129
7/26/2020,6:00,0
7/26/2020,12:00,25
7/26/2020,18:00,530
7/27/2020,0:00,127
7/27/2020,6:00,0
7/27/2020,12:00,11
7/27/2020,18:00,280
7/28/2020,0:00,64
7/28/2020,6:00,0
7/28/2020,12:00,25
7/28/2020,18:00,554
7/29/2020,0:00,134
7/29/2020,6:00,0
7/29/2020,12:00,27
7/29/2020,18:00,573
7/30/2020,0:00,137
7/30/2020,6:00,0
7/30/2020,12:00,28
7/30/2020,18:00,576
7/31/2020,0:00,136
7/31/2020,6:00,0
7/31/2020,12:00,12
7/31/2020,18:00,312
8/1/2020,0:00,29
8/1/2020,6:00,0
8/1/2020,12:00,14
8/1/2020,18:00,540
8/2/2020,0:00,129
8/2/2020,6:00,0
8/2/2020,12:00,27
8/2/2020,18:00,507
8/3/2020,0:00,131
8/3/2020,6:00,0
8/3/2020,12:00,28
8/3/2020,18:00,558
8/4/2020,0:00,135
8/4/2020,6:00,0
8/4/2020,12:00,29
8/4/2020,18:00,566
8/5/2020,0:00,136
8/5/2020,6:00,0
8/5/2020,12:00,29
8/5/2020,18:00,571
8/6/2020,0:00,139
8/6/2020,6:00,0
8/6/2020,12:00,30
8/6/2020,18:00,576
8/7/2020,0:00,139
8/7/2020,6:00,0
8/7/2020,12:00,31
8/7/2020,18:00,578
8/8/2020,0:00,140
8/8/2020,6:00,0
8/8/2020,12:00,22
8/8/2020,18:00,569
8/9/2020,0:00,139
8/9/2020,6:00,0
8/9/2020,12:00,32
8/9/2020,18:00,581
8/10/2020,0:00,143
8/10/2020,6:00,0
8/10/2020,12:00,32
8/10/2020,18:00,580
8/11/2020,0:00,50
8/11/2020,6:00,0
8/11/2020,12:00,1
8/11/2020,18:00,53
8/12/2020,0:00,12
8/12/2020,6:00,0
8/12/2020,12:00,16
8/12/2020,18:00,233
8/13/2020,0:00,51
8/13/2020,6:00,0
8/13/2020,12:00,15
8/13/2020,18:00,362
8/14/2020,0:00,116
8/14/2020,6:00,0
8/14/2020,12:00,35
8/14/2020,18:00,460
8/15/2020,0:00,53
8/15/2020,6:00,0
8/15/2020,12:00,37
8/15/2020,18:00,618
8/16/2020,0:00,154
8/16/2020,6:00,0
8/16/2020,12:00,41
8/16/2020,18:00,648
8/17/2020,0:00,162
8/17/2020,6:00,0
8/17/2020,12:00,42
8/17/2020,18:00,652
8/18/2020,0:00,164
8/18/2020,6:00,0
8/18/2020,12:00,34
8/18/2020,18:00,572
8/19/2020,0:00,145
8/19/2020,6:00,0
8/19/2020,12:00,42
8/19/2020,18:00,615
8/20/2020,0:00,161
8/20/2020,6:00,0
8/20/2020,12:00,43
8/20/2020,18:00,662
8/21/2020,0:00,169
8/21/2020,6:00,0
8/21/2020,12:00,46
8/21/2020,18:00,665
8/22/2020,0:00,168
8/22/2020,6:00,0
8/22/2020,12:00,46
8/22/2020,18:00,667
8/23/2020,0:00,169
8/23/2020,6:00,0
8/23/2020,12:00,46
8/23/2020,18:00,656
8/24/2020,0:00,168
8/24/2020,6:00,0
8/24/2020,12:00,46
8/24/2020,18:00,636
8/25/2020,0:00,159
8/25/2020,6:00,0
8/25/2020,12:00,23
8/25/2020,18:00,439
8/26/2020,0:00,100
8/26/2020,6:00,0
8/26/2020,12:00,44
8/26/2020,18:00,480
8/27/2020,0:00,144
8/27/2020,6:00,0
8/27/2020,12:00,8
8/27/2020,18:00,323
8/28/2020,0:00,110
8/28/2020,6:00,0
8/28/2020,12:00,23
8/28/2020,18:00,594
8/29/2020,0:00,149
8/29/2020,6:00,0
8/29/2020,12:00,48
8/29/2020,18:00,526
8/30/2020,0:00,108
8/30/2020,6:00,0
8/30/2020,12:00,8
8/30/2020,18:00,75
8/31/2020,0:00,24
8/31/2020,6:00,0
8/31/2020,12:00,38
8/31/2020,18:00,534
9/1/2020,0:00,36
9/1/2020,6:00,0
9/1/2020,12:00,1
9/1/2020,18:00,132
9/2/2020,0:00,70
9/2/2020,6:00,0
9/2/2020,12:00,17
9/2/2020,18:00,112
9/3/2020,0:00,18
9/3/2020,6:00,0
9/3/2020,12:00,14
9/3/2020,18:00,272
9/4/2020,0:00,48
9/4/2020,6:00,0
9/4/2020,12:00,63
9/4/2020,18:00,731
9/5/2020,0:00,190
9/5/2020,6:00,0
9/5/2020,12:00,60
9/5/2020,18:00,563
9/6/2020,0:00,71
9/6/2020,6:00,0
9/6/2020,12:00,4
9/6/2020,18:00,102
9/7/2020,0:00,41
9/7/2020,6:00,0
9/7/2020,12:00,27
9/7/2020,18:00,226
9/8/2020,0:00,65
9/8/2020,6:00,0
9/8/2020,12:00,20
9/8/2020,18:00,240
9/9/2020,0:00,112
9/9/2020,6:00,0
9/9/2020,12:00,43
9/9/2020,18:00,650
9/10/2020,0:00,124
9/10/2020,6:00,0
9/10/2020,12:00,70
9/10/2020,18:00,742
9/11/2020,0:00,194
9/11/2020,6:00,0
9/11/2020,12:00,68
9/11/2020,18:00,457
9/12/2020,0:00,130
9/12/2020,6:00,0
9/12/2020,12:00,14
9/12/2020,18:00,338
9/13/2020,0:00,105
9/13/2020,6:00,0
9/13/2020,12:00,51
9/13/2020,18:00,324
9/14/2020,0:00,67
9/14/2020,6:00,0
9/14/2020,12:00,63
9/14/2020,18:00,687
9/15/2020,0:00,170
9/15/2020,6:00,0
9/15/2020,12:00,51
9/15/2020,18:00,273
9/16/2020,0:00,47
9/16/2020,6:00,0
9/16/2020,12:00,15
9/16/2020,18:00,281
9/17/2020,0:00,21
9/17/2020,6:00,0
9/17/2020,12:00,81
9/17/2020,18:00,735
9/18/2020,0:00,155
9/18/2020,6:00,0
9/18/2020,12:00,84
9/18/2020,18:00,779
9/19/2020,0:00,205
9/19/2020,6:00,0
9/19/2020,12:00,75
9/19/2020,18:00,604
9/20/2020,0:00,186
9/20/2020,6:00,0
9/20/2020,12:00,95
9/20/2020,18:00,829
9/21/2020,0:00,218
9/21/2020,6:00,0
9/21/2020,12:00,95
9/21/2020,18:00,822
9/22/2020,0:00,217
9/22/2020,6:00,0
9/22/2020,12:00,96
9/22/2020,18:00,828
9/23/2020,0:00,219
9/23/2020,6:00,0
9/23/2020,12:00,91
9/23/2020,18:00,793
9/24/2020,0:00,170
9/24/2020,6:00,0
9/24/2020,12:00,90
9/24/2020,18:00,775
9/25/2020,0:00,199
9/25/2020,6:00,0
9/25/2020,12:00,64
9/25/2020,18:00,560
9/26/2020,0:00,154
9/26/2020,6:00,0
9/26/2020,12:00,71
9/26/2020,18:00,312
9/27/2020,0:00,179
9/27/2020,6:00,0
9/27/2020,12:00,14
9/27/2020,18:00,303
9/28/2020,0:00,19
9/28/2020,6:00,0
9/28/2020,12:00,104
9/28/2020,18:00,841
9/29/2020,0:00,228
9/29/2020,6:00,0
9/29/2020,12:00,108
9/29/2020,18:00,815
9/30/2020,0:00,214
9/30/2020,6:00,0
9/30/2020,12:00,84
9/30/2020,18:00,755
10/1/2020,0:00,210
10/1/2020,6:00,0
10/1/2020,12:00,77
10/1/2020,18:00,656
10/2/2020,0:00,173
10/2/2020,6:00,0
10/2/2020,12:00,27
10/2/2020,18:00,226
10/3/2020,0:00,124
10/3/2020,6:00,0
10/3/2020,12:00,50
10/3/2020,18:00,200
10/4/2020,0:00,48
10/4/2020,6:00,0
10/4/2020,12:00,19
10/4/2020,18:00,277
10/5/2020,0:00,64
10/5/2020,6:00,0
10/5/2020,12:00,26
10/5/2020,18:00,214
10/6/2020,0:00,71
10/6/2020,6:00,0
10/6/2020,12:00,112
10/6/2020,18:00,837
10/7/2020,0:00,209
10/7/2020,6:00,0
10/7/2020,12:00,95
10/7/2020,18:00,558
10/8/2020,0:00,169
10/8/2020,6:00,0
10/8/2020,12:00,110
10/8/2020,18:00,866
10/9/2020,0:00,236
10/9/2020,6:00,0
10/9/2020,12:00,97
10/9/2020,18:00,870
10/10/2020,0:00,236
10/10/2020,6:00,0
10/10/2020,12:00,130
10/10/2020,18:00,901
10/11/2020,0:00,245
10/11/2020,6:00,0
10/11/2020,12:00,131
10/11/2020,18:00,878
10/12/2020,0:00,237
10/12/2020,6:00,0
10/12/2020,12:00,129
10/12/2020,18:00,888
10/13/2020,0:00,245
10/13/2020,6:00,0
10/13/2020,12:00,134
10/13/2020,18:00,899
10/14/2020,0:00,248
10/14/2020,6:00,0
10/14/2020,12:00,127
10/14/2020,18:00,650
10/15/2020,0:00,192
10/15/2020,6:00,0
10/15/2020,12:00,113
10/15/2020,18:00,860
10/16/2020,0:00,249
10/16/2020,6:00,0
10/16/2020,12:00,130
10/16/2020,18:00,880
10/17/2020,0:00,233
10/17/2020,6:00,0
10/17/2020,12:00,120
10/17/2020,18:00,800
10/18/2020,0:00,115
10/18/2020,6:00,0
10/18/2020,12:00,130
10/18/2020,18:00,870
10/19/2020,0:00,242
10/19/2020,6:00,0
10/19/2020,12:00,140
10/19/2020,18:00,900
10/20/2020,0:00,248
10/20/2020,6:00,0
10/20/2020,12:00,140
10/20/2020,18:00,890
10/21/2020,0:00,246
10/21/2020,6:00,0
10/21/2020,12:00,140
10/21/2020,18:00,520
10/22/2020,0:00,244
10/22/2020,6:00,0
10/22/2020,12:00,130
10/22/2020,18:00,700
10/23/2020,0:00,229
10/23/2020,6:00,0
10/23/2020,12:00,10
10/23/2020,18:00,210
10/24/2020,0:00,88
10/24/2020,6:00,0
10/24/2020,12:00,120
10/24/2020,18:00,780
10/25/2020,0:00,233
10/25/2020,6:00,0
10/25/2020,12:00,150
10/25/2020,18:00,900
10/26/2020,0:00,243
10/26/2020,6:00,0
10/26/2020,12:00,24
10/26/2020,18:00,50
10/27/2020,0:00,56
10/27/2020,6:00,0
10/27/2020,12:00,160
10/27/2020,18:00,950
10/28/2020,0:00,272
10/28/2020,6:00,0
10/28/2020,12:00,160
10/28/2020,18:00,950
10/29/2020,0:00,269
10/29/2020,6:00,0
10/29/2020,12:00,140
10/29/2020,18:00,820
10/30/2020,0:00,153
10/30/2020,6:00,0
10/30/2020,12:00,160
10/30/2020,18:00,950
10/31/2020,0:00,271
10/31/2020,6:00,0
10/31/2020,12:00,160
10/31/2020,18:00,940
11/1/2020,0:00,271
11/1/2020,6:00,0
11/1/2020,12:00,170
11/1/2020,18:00,960
11/2/2020,0:00,276
11/2/2020,6:00,0
11/2/2020,12:00,170
11/2/2020,18:00,950
11/3/2020,0:00,277
11/3/2020,6:00,0
11/3/2020,12:00,170
11/3/2020,18:00,950
11/4/2020,0:00,260
11/4/2020,6:00,0
11/4/2020,12:00,170
11/4/2020,18:00,970
11/5/2020,0:00,287
11/5/2020,6:00,0
11/5/2020,12:00,170
11/5/2020,18:00,970
11/6/2020,0:00,283
11/6/2020,6:00,0
11/6/2020,12:00,170
11/6/2020,18:00,970
11/7/2020,0:00,284
11/7/2020,6:00,0
11/7/2020,12:00,160
11/7/2020,18:00,940
11/8/2020,0:00,277
11/8/2020,6:00,0
11/8/2020,12:00,160
11/8/2020,18:00,890
11/9/2020,0:00,215
11/9/2020,6:00,0
11/9/2020,12:00,40
11/9/2020,18:00,310
11/10/2020,0:00,217
11/10/2020,6:00,0
11/10/2020,12:00,60
11/10/2020,18:00,670
11/11/2020,0:00,240
11/11/2020,6:00,0
11/11/2020,12:00,170
11/11/2020,18:00,910
11/12/2020,0:00,226
11/12/2020,6:00,0
11/12/2020,12:00,170
11/12/2020,18:00,960
11/13/2020,0:00,288
11/13/2020,6:00,0
11/13/2020,12:00,170
11/13/2020,18:00,960
11/14/2020,0:00,291
11/14/2020,6:00,0
11/14/2020,12:00,170
11/14/2020,18:00,920
11/15/2020,0:00,181
11/15/2020,6:00,0
11/15/2020,12:00,90
11/15/2020,18:00,770
11/16/2020,0:00,206
11/16/2020,6:00,0
11/16/2020,12:00,170
11/16/2020,18:00,850
11/17/2020,0:00,295
11/17/2020,6:00,0
11/17/2020,12:00,190
11/17/2020,18:00,970
11/18/2020,0:00,273
11/18/2020,6:00,0
11/18/2020,12:00,130
11/18/2020,18:00,870
11/19/2020,0:00,211
11/19/2020,6:00,0
11/19/2020,12:00,180
11/19/2020,18:00,910
11/20/2020,0:00,291
11/20/2020,6:00,0
11/20/2020,12:00,180
11/20/2020,18:00,970
11/21/2020,0:00,252
11/21/2020,6:00,0
11/21/2020,12:00,180
11/21/2020,18:00,980
11/22/2020,0:00,310
11/22/2020,6:00,0
11/22/2020,12:00,180
11/22/2020,18:00,990
11/23/2020,0:00,310
11/23/2020,6:00,0
11/23/2020,12:00,180
11/23/2020,18:00,970
11/24/2020,0:00,310
11/24/2020,6:00,0
11/24/2020,12:00,180
11/24/2020,18:00,930
11/25/2020,0:00,283
11/25/2020,6:00,0
11/25/2020,12:00,130
11/25/2020,18:00,750
11/26/2020,0:00,116
11/26/2020,6:00,0
11/26/2020,12:00,60
11/26/2020,18:00,280
11/27/2020,0:00,290
11/27/2020,6:00,0
11/27/2020,12:00,130
11/27/2020,18:00,930
11/28/2020,0:00,305
11/28/2020,6:00,0
11/28/2020,12:00,170
11/28/2020,18:00,770
11/29/2020,0:00,155
11/29/2020,6:00,0
11/29/2020,12:00,170
11/29/2020,18:00,640
11/30/2020,0:00,310
11/30/2020,6:00,0
11/30/2020,12:00,60
11/30/2020,18:00,790
12/1/2020,0:00,310
12/1/2020,6:00,0
12/1/2020,12:00,160
12/1/2020,18:00,970
12/2/2020,0:00,319
12/2/2020,6:00,0
12/2/2020,12:00,170
12/2/2020,18:00,820
12/3/2020,0:00,78
12/3/2020,6:00,0
12/3/2020,12:00,90
12/3/2020,18:00,760
12/4/2020,0:00,330
12/4/2020,6:00,0
12/4/2020,12:00,180
12/4/2020,18:00,990
12/5/2020,0:00,272
12/5/2020,6:00,0
12/5/2020,12:00,120
12/5/2020,18:00,900
12/6/2020,0:00,270
12/6/2020,6:00,0
12/6/2020,12:00,170
12/6/2020,18:00,980
12/7/2020,0:00,320
12/7/2020,6:00,0
12/7/2020,12:00,150
12/7/2020,18:00,810
12/8/2020,0:00,320
12/8/2020,6:00,0
12/8/2020,12:00,180
12/8/2020,18:00,990
12/9/2020,0:00,337
12/9/2020,6:00,0
12/9/2020,12:00,180
12/9/2020,18:00,990
12/10/2020,0:00,338
12/10/2020,6:00,0
12/10/2020,12:00,179
12/10/2020,18:00,990
12/11/2020,0:00,342
12/11/2020,6:00,0
12/11/2020,12:00,180
12/11/2020,18:00,980
12/12/2020,0:00,340
12/12/2020,6:00,0
12/12/2020,12:00,170
12/12/2020,18:00,920
12/13/2020,0:00,240
12/13/2020,6:00,0
12/13/2020,12:00,150
12/13/2020,18:00,440
12/14/2020,0:00,220
12/14/2020,6:00,0
12/14/2020,12:00,170
12/14/2020,18:00,1000
12/15/2020,0:00,350
12/15/2020,6:00,0
12/15/2020,12:00,170
12/15/2020,18:00,980
12/16/2020,0:00,350
12/16/2020,6:00,0
12/16/2020,12:00,140
12/16/2020,18:00,700
12/17/2020,0:00,240
12/17/2020,6:00,0
12/17/2020,12:00,170
12/17/2020,18:00,980
12/18/2020,0:00,350
12/18/2020,6:00,0
12/18/2020,12:00,170
12/18/2020,18:00,980
12/19/2020,0:00,350
12/19/2020,6:00,0
12/19/2020,12:00,30
12/19/2020,18:00,320
12/20/2020,0:00,277
12/20/2020,6:00,0
12/20/2020,12:00,170
12/20/2020,18:00,1000
12/21/2020,0:00,360
12/21/2020,6:00,0
12/21/2020,12:00,180
12/21/2020,18:00,1010
12/22/2020,0:00,370
12/22/2020,6:00,0
12/22/2020,12:00,180
12/22/2020,18:00,1020
12/23/2020,0:00,370
12/23/2020,6:00,0
12/23/2020,12:00,170
12/23/2020,18:00,1000
12/24/2020,0:00,368
12/24/2020,6:00,0
12/24/2020,12:00,170
12/24/2020,18:00,1000
12/25/2020,0:00,367
12/25/2020,6:00,0
12/25/2020,12:00,160
12/25/2020,18:00,950
12/26/2020,0:00,331
12/26/2020,6:00,0
12/26/2020,12:00,110
12/26/2020,18:00,900
12/27/2020,0:00,264
12/27/2020,6:00,0
12/27/2020,12:00,160
12/27/2020,18:00,970
12/28/2020,0:00,306
12/28/2020,6:00,0
12/28/2020,12:00,160
12/28/2020,18:00,960
12/29/2020,0:00,280
12/29/2020,6:00,0
12/29/2020,12:00,160
12/29/2020,18:00,630
12/30/2020,0:00,286
12/30/2020,6:00,0
12/30/2020,12:00,160
12/30/2020,18:00,690
12/31/2020,0:00,173
12/31/2020,6:00,0
12/31/2020,12:00,170
12/31/2020,18:00,1010
1/1/2021,0:00,380
1/1/2021,6:00,0
1/1/2021,12:00,160
1/1/2021,18:00,990
1/2/2021,0:00,370
1/2/2021,6:00,0
1/2/2021,12:00,160
1/2/2021,18:00,990
1/3/2021,0:00,370
1/3/2021,6:00,0
1/3/2021,12:00,160
1/3/2021,18:00,990
1/4/2021,0:00,370
1/4/2021,6:00,0
1/4/2021,12:00,130
1/4/2021,18:00,700
1/5/2021,0:00,70
1/5/2021,6:00,0
1/5/2021,12:00,20
1/5/2021,18:00,830
1/6/2021,0:00,220
1/6/2021,6:00,0
1/6/2021,12:00,140
1/6/2021,18:00,700
1/7/2021,0:00,140
1/7/2021,6:00,0
1/7/2021,12:00,150
1/7/2021,18:00,970
1/8/2021,0:00,372
1/8/2021,6:00,0
1/8/2021,12:00,150
1/8/2021,18:00,990
1/9/2021,0:00,382
1/9/2021,6:00,0
1/9/2021,12:00,150
1/9/2021,18:00,950
1/10/2021,0:00,347
1/10/2021,6:00,0
1/10/2021,12:00,140
1/10/2021,18:00,960
1/11/2021,0:00,369
1/11/2021,6:00,0
1/11/2021,12:00,40
1/11/2021,18:00,650
1/12/2021,0:00,262
1/12/2021,6:00,0
1/12/2021,12:00,30
1/12/2021,18:00,420
1/13/2021,0:00,104
1/13/2021,6:00,0
1/13/2021,12:00,140
1/13/2021,18:00,950
1/14/2021,0:00,365
1/14/2021,6:00,0
1/14/2021,12:00,140
1/14/2021,18:00,960
1/15/2021,0:00,368
1/15/2021,6:00,0
1/15/2021,12:00,140
1/15/2021,18:00,800
1/16/2021,0:00,205
1/16/2021,6:00,0
1/16/2021,12:00,130
1/16/2021,18:00,760
1/17/2021,0:00,250
1/17/2021,6:00,0
1/17/2021,12:00,120
1/17/2021,18:00,840
1/18/2021,0:00,326
1/18/2021,6:00,0
1/18/2021,12:00,140
1/18/2021,18:00,990
1/19/2021,0:00,381
1/19/2021,6:00,0
1/19/2021,12:00,140
1/19/2021,18:00,980
1/20/2021,0:00,383
1/20/2021,6:00,0
1/20/2021,12:00,130
1/20/2021,18:00,940
1/21/2021,0:00,330
1/21/2021,6:00,0
1/21/2021,12:00,129
1/21/2021,18:00,680
1/22/2021,0:00,349
1/22/2021,6:00,0
1/22/2021,12:00,130
1/22/2021,18:00,710
1/23/2021,0:00,240
1/23/2021,6:00,0
1/23/2021,12:00,120
1/23/2021,18:00,920
1/24/2021,0:00,212
1/24/2021,6:00,0
1/24/2021,12:00,120
1/24/2021,18:00,870
1/25/2021,0:00,188
1/25/2021,6:00,0
1/25/2021,12:00,120
1/25/2021,18:00,820
1/26/2021,0:00,189
1/26/2021,6:00,0
1/26/2021,12:00,100
1/26/2021,18:00,340
1/27/2021,0:00,33
1/27/2021,6:00,0
1/27/2021,12:00,70
1/27/2021,18:00,630
1/28/2021,0:00,342
1/28/2021,6:00,0
1/28/2021,12:00,120
1/28/2021,18:00,900
1/29/2021,0:00,346
1/29/2021,6:00,0
1/29/2021,12:00,120
1/29/2021,18:00,790
1/30/2021,0:00,271
1/30/2021,6:00,0
1/30/2021,12:00,110
1/30/2021,18:00,890
1/31/2021,0:00,220
1/31/2021,6:00,0
1/31/2021,12:00,100
1/31/2021,18:00,770
2/1/2021,0:00,222
2/1/2021,6:00,0
2/1/2021,12:00,110
2/1/2021,18:00,870
2/2/2021,0:00,261
2/2/2021,6:00,0
2/2/2021,12:00,60
2/2/2021,18:00,770
2/3/2021,0:00,325
2/3/2021,6:00,0
2/3/2021,12:00,90
2/3/2021,18:00,490
2/4/2021,0:00,246
2/4/2021,6:00,0
2/4/2021,12:00,93
2/4/2021,18:00,890
2/5/2021,0:00,321
2/5/2021,6:00,0
2/5/2021,12:00,117
2/5/2021,18:00,940
2/6/2021,0:00,356
2/6/2021,6:00,0
2/6/2021,12:00,116
2/6/2021,18:00,940
2/7/2021,0:00,354
2/7/2021,6:00,0
2/7/2021,12:00,110
2/7/2021,18:00,930
2/8/2021,0:00,350
2/8/2021,6:00,0
2/8/2021,12:00,110
2/8/2021,18:00,920
2/9/2021,0:00,347
2/9/2021,6:00,0
2/9/2021,12:00,86
2/9/2021,18:00,870
2/10/2021,0:00,181
2/10/2021,6:00,0
2/10/2021,12:00,66
2/10/2021,18:00,790
2/11/2021,0:00,234
2/11/2021,6:00,0
2/11/2021,12:00,17
2/11/2021,18:00,630
2/12/2021,0:00,302
2/12/2021,6:00,0
2/12/2021,12:00,63
2/12/2021,18:00,790
2/13/2021,0:00,209
2/13/2021,6:00,0
2/13/2021,12:00,95
2/13/2021,18:00,770
2/14/2021,0:00,155
2/14/2021,6:00,0
2/14/2021,12:00,27
2/14/2021,18:00,795
2/15/2021,0:00,218
2/15/2021,6:00,0
2/15/2021,12:00,93
2/15/2021,18:00,779
2/16/2021,0:00,322
2/16/2021,6:00,0
2/16/2021,12:00,102
2/16/2021,18:00,900
2/17/2021,0:00,329
2/17/2021,6:00,0
2/17/2021,12:00,104
2/17/2021,18:00,910
2/18/2021,0:00,247
2/18/2021,6:00,0
2/18/2021,12:00,99
2/18/2021,18:00,709
2/19/2021,0:00,206
2/19/2021,6:00,0
2/19/2021,12:00,101
2/19/2021,18:00,903
2/20/2021,0:00,325
2/20/2021,6:00,0
2/20/2021,12:00,98
2/20/2021,18:00,885
2/21/2021,0:00,222
2/21/2021,6:00,0
2/21/2021,12:00,98
2/21/2021,18:00,888
2/22/2021,0:00,316
2/22/2021,6:00,0
2/22/2021,12:00,94
2/22/2021,18:00,733
2/23/2021,0:00,310
2/23/2021,6:00,0
2/23/2021,12:00,41
2/23/2021,18:00,701
2/24/2021,0:00,66
2/24/2021,6:00,0
2/24/2021,12:00,70
2/24/2021,18:00,877
2/25/2021,0:00,313
2/25/2021,6:00,0
2/25/2021,12:00,100
2/25/2021,18:00,892
2/26/2021,0:00,315
2/26/2021,6:00,0
2/26/2021,12:00,90
2/26/2021,18:00,866
2/27/2021,0:00,300
2/27/2021,6:00,0
2/27/2021,12:00,90
2/27/2021,18:00,852
2/28/2021,0:00,157
2/28/2021,6:00,0
2/28/2021,12:00,90
2/28/2021,18:00,862
3/1/2021,0:00,300
3/1/2021,6:00,0
3/1/2021,12:00,86
3/1/2021,18:00,843
3/2/2021,0:00,289
3/2/2021,6:00,0
3/2/2021,12:00,82
3/2/2021,18:00,774
3/3/2021,0:00,216
3/3/2021,6:00,0
3/3/2021,12:00,81
3/3/2021,18:00,768
3/4/2021,0:00,198
3/4/2021,6:00,0
3/4/2021,12:00,45
3/4/2021,18:00,379
3/5/2021,0:00,214
3/5/2021,6:00,0
3/5/2021,12:00,65
3/5/2021,18:00,731
3/6/2021,0:00,279
3/6/2021,6:00,0
3/6/2021,12:00,90
3/6/2021,18:00,861
3/7/2021,0:00,289
3/7/2021,6:00,0
3/7/2021,12:00,90
3/7/2021,18:00,850
3/8/2021,0:00,283
3/8/2021,6:00,0
3/8/2021,12:00,80
3/8/2021,18:00,842
3/9/2021,0:00,277
3/9/2021,6:00,0
3/9/2021,12:00,80
3/9/2021,18:00,833
3/10/2021,0:00,268
3/10/2021,6:00,0
3/10/2021,12:00,80
3/10/2021,18:00,829
3/11/2021,0:00,272
3/11/2021,6:00,0
3/11/2021,12:00,80
3/11/2021,18:00,830
3/12/2021,0:00,271
3/12/2021,6:00,0
3/12/2021,12:00,70
3/12/2021,18:00,808
3/13/2021,0:00,256
3/13/2021,6:00,0
3/13/2021,12:00,80
3/13/2021,18:00,806
3/14/2021,0:00,246
3/14/2021,6:00,0
3/14/2021,12:00,70
3/14/2021,18:00,795
3/15/2021,0:00,167
3/15/2021,6:00,0
3/15/2021,12:00,70
3/15/2021,18:00,784
3/16/2021,0:00,239
3/16/2021,6:00,0
3/16/2021,12:00,60
3/16/2021,18:00,744
3/17/2021,0:00,103
3/17/2021,6:00,0
3/17/2021,12:00,57
3/17/2021,18:00,700
3/18/2021,0:00,232
3/18/2021,6:00,0
3/18/2021,12:00,72
3/18/2021,18:00,759
3/19/2021,0:00,247
3/19/2021,6:00,0
3/19/2021,12:00,71
3/19/2021,18:00,777
3/20/2021,0:00,226
3/20/2021,6:00,0
3/20/2021,12:00,70
3/20/2021,18:00,631
3/21/2021,0:00,65
3/21/2021,6:00,0
3/21/2021,12:00,10
3/21/2021,18:00,331
3/22/2021,0:00,145
3/22/2021,6:00,0
3/22/2021,12:00,40
3/22/2021,18:00,436
3/23/2021,0:00,45
3/23/2021,6:00,0
3/23/2021,12:00,7.02
3/23/2021,18:00,373.44
3/24/2021,0:00,84
3/24/2021,6:00,0
3/24/2021,12:00,64.34
3/24/2021,18:00,744.784
3/25/2021,0:00,219.408
3/25/2021,6:00,0
3/25/2021,12:00,64.36
3/25/2021,18:00,691.856
3/26/2021,0:00,213.712
3/26/2021,6:00,0
3/26/2021,12:00,47.94
3/26/2021,18:00,197.408
3/27/2021,0:00,36.912
3/27/2021,6:00,0
3/27/2021,12:00,9.6
3/27/2021,18:00,31.216
3/28/2021,0:00,11.6
3/28/2021,6:00,0
3/28/2021,12:00,63.74
3/28/2021,18:00,754.96
3/29/2021,0:00,218.56
3/29/2021,6:00,0
3/29/2021,12:00,63.84
3/29/2021,18:00,733.984
3/30/2021,0:00,209.52
3/30/2021,6:00,0
3/30/2021,12:00,59.904
3/30/2021,18:00,404.432
3/31/2021,0:00,62.672
3/31/2021,6:00,0
3/31/2021,12:00,63.04
3/31/2021,18:00,748.352
4/1/2021,0:00,210.352
4/1/2021,6:00,0
4/1/2021,12:00,61.44
4/1/2021,18:00,735.728
4/2/2021,0:00,204.416
4/2/2021,6:00,0
4/2/2021,12:00,59.248
4/2/2021,18:00,726.4
4/3/2021,0:00,198.912
4/3/2021,6:00,0
4/3/2021,12:00,49.056
4/3/2021,18:00,692.64
4/4/2021,0:00,186.768
4/4/2021,6:00,0
4/4/2021,12:00,49.76
4/4/2021,18:00,633.952
4/5/2021,0:00,172.928
4/5/2021,6:00,0
4/5/2021,12:00,51.792
4/5/2021,18:00,559.904
4/6/2021,0:00,70.432
4/6/2021,6:00,0
4/6/2021,12:00,51.2
4/6/2021,18:00,617.136
4/7/2021,0:00,121.968
4/7/2021,6:00,0
4/7/2021,12:00,55.48
4/7/2021,18:00,699.12
4/8/2021,0:00,183.44
4/8/2021,6:00,0
4/8/2021,12:00,46.68
4/8/2021,18:00,565.696
4/9/2021,0:00,167.872
4/9/2021,6:00,0
4/9/2021,12:00,48.12
4/9/2021,18:00,575.408
4/10/2021,0:00,170.64
4/10/2021,6:00,0
4/10/2021,12:00,27.32
4/10/2021,18:00,629.12
4/11/2021,0:00,173.44
4/11/2021,6:00,0
4/11/2021,12:00,10.368
4/11/2021,18:00,298.464
4/12/2021,0:00,105.792
4/12/2021,6:00,0
4/12/2021,12:00,54.544
4/12/2021,18:00,703.216
4/13/2021,0:00,181.152
4/13/2021,6:00,0
4/13/2021,12:00,49.376
4/13/2021,18:00,680.416
4/14/2021,0:00,172.08
4/14/2021,6:00,0
4/14/2021,12:00,48.912
4/14/2021,18:00,659.824
4/15/2021,0:00,161.072
4/15/2021,6:00,0
4/15/2021,12:00,35.84
4/15/2021,18:00,622
4/16/2021,0:00,109.584
4/16/2021,6:00,0
4/16/2021,12:00,46.752
4/16/2021,18:00,571.344
4/17/2021,0:00,107.664
4/17/2021,6:00,0
4/17/2021,12:00,47.616
4/17/2021,18:00,646.288
4/18/2021,0:00,97.072
4/18/2021,6:00,0
4/18/2021,12:00,48.144
4/18/2021,18:00,656.72
4/19/2021,0:00,160.576
4/19/2021,6:00,0
4/19/2021,12:00,47.296
4/19/2021,18:00,650.848
4/20/2021,0:00,158.32
4/20/2021,6:00,0
4/20/2021,12:00,47.696
4/20/2021,18:00,649.968
4/21/2021,0:00,156.896
4/21/2021,6:00,0
4/21/2021,12:00,46.208
4/21/2021,18:00,642.592
4/22/2021,0:00,153.536
4/22/2021,6:00,0
4/22/2021,12:00,45.232
4/22/2021,18:00,598.784
4/23/2021,0:00,140.288
4/23/2021,6:00,0
4/23/2021,12:00,40.592
4/23/2021,18:00,600.56
4/24/2021,0:00,141.776
4/24/2021,6:00,0
4/24/2021,12:00,14.992
4/24/2021,18:00,318.064
4/25/2021,0:00,47.136
4/25/2021,6:00,0
4/25/2021,12:00,39.424
4/25/2021,18:00,610.88
4/26/2021,0:00,147.136
4/26/2021,6:00,0
4/26/2021,12:00,42.064
4/26/2021,18:00,624.624
4/27/2021,0:00,145.6
4/27/2021,6:00,0
4/27/2021,12:00,43.136
4/27/2021,18:00,625.392
4/28/2021,0:00,142.976
4/28/2021,6:00,0
4/28/2021,12:00,43.168
4/28/2021,18:00,630.752
4/29/2021,0:00,143.712
4/29/2021,6:00,0
4/29/2021,12:00,43.296
4/29/2021,18:00,632.032
4/30/2021,0:00,143.232
4/30/2021,6:00,0
4/30/2021,12:00,41.888
4/30/2021,18:00,620.832
5/1/2021,0:00,139.456
5/1/2021,6:00,0
5/1/2021,12:00,40.256
5/1/2021,18:00,605.744
5/2/2021,0:00,134.976
5/2/2021,6:00,0
5/2/2021,12:00,38.016
5/2/2021,18:00,440.368
5/3/2021,0:00,127.872
5/3/2021,6:00,0
5/3/2021,12:00,36.672
5/3/2021,18:00,573.952
5/4/2021,0:00,124.32
5/4/2021,6:00,0
5/4/2021,12:00,4.752
5/4/2021,18:00,221.168
5/5/2021,0:00,7.696
5/5/2021,6:00,0
5/5/2021,12:00,5.008
5/5/2021,18:00,37.536
5/6/2021,0:00,10.496
5/6/2021,6:00,0
5/6/2021,12:00,21.168
5/6/2021,18:00,588.48
5/7/2021,0:00,127.648
5/7/2021,6:00,0
5/7/2021,12:00,37.696
5/7/2021,18:00,596.544
5/8/2021,0:00,128.32
5/8/2021,6:00,0
5/8/2021,12:00,36.4
5/8/2021,18:00,589.904
5/9/2021,0:00,125.312
5/9/2021,6:00,0
5/9/2021,12:00,34.656
5/9/2021,18:00,243.408
5/10/2021,0:00,8.992
5/10/2021,6:00,0
5/10/2021,12:00,2.928
5/10/2021,18:00,95.744
5/11/2021,0:00,7.328
5/11/2021,6:00,0
5/11/2021,12:00,28.864
5/11/2021,18:00,487.216
5/12/2021,0:00,101.824
5/12/2021,6:00,0
5/12/2021,12:00,34.288
5/12/2021,18:00,576.896
5/13/2021,0:00,121.392
5/13/2021,6:00,0
5/13/2021,12:00,34.256
5/13/2021,18:00,576.64
5/14/2021,0:00,115.28
5/14/2021,6:00,0
5/14/2021,12:00,25.6
5/14/2021,18:00,569.12
5/15/2021,0:00,117.984
5/15/2021,6:00,0
5/15/2021,12:00,31.136
5/15/2021,18:00,547.6
5/16/2021,0:00,111.104
5/16/2021,6:00,0
5/16/2021,12:00,23.664
5/16/2021,18:00,519.088
5/17/2021,0:00,109.376
5/17/2021,6:00,0
5/17/2021,12:00,28.42
5/17/2021,18:00,534.416
5/18/2021,0:00,111.6
5/18/2021,6:00,0
5/18/2021,12:00,30.72
5/18/2021,18:00,549.872
5/19/2021,0:00,112.576
5/19/2021,6:00,0
5/19/2021,12:00,21.36
5/19/2021,18:00,489.648
5/20/2021,0:00,102.816
5/20/2021,6:00,0
5/20/2021,12:00,3.408
5/20/2021,18:00,159.984
5/21/2021,0:00,61.584
5/21/2021,6:00,0
5/21/2021,12:00,12.144
5/21/2021,18:00,102.992
5/22/2021,0:00,2.752
5/22/2021,6:00,0
5/22/2021,12:00,12.1
5/22/2021,18:00,186.656
5/23/2021,0:00,70.512
5/23/2021,6:00,0
5/23/2021,12:00,5.04
5/23/2021,18:00,138.288
5/24/2021,0:00,73.952
5/24/2021,6:00,0
5/24/2021,12:00,26.96
5/24/2021,18:00,529.456
5/25/2021,0:00,105.696
5/25/2021,6:00,0
5/25/2021,12:00,27.136
5/25/2021,18:00,530.848
5/26/2021,0:00,106.816
5/26/2021,6:00,0
5/26/2021,12:00,26.448
5/26/2021,18:00,524.832
5/27/2021,0:00,105.056
5/27/2021,6:00,0
5/27/2021,12:00,25.36
5/27/2021,18:00,513.328
5/28/2021,0:00,102.208
5/28/2021,6:00,0
5/28/2021,12:00,4.48
5/28/2021,18:00,65.104
5/29/2021,0:00,41.12
5/29/2021,6:00,0
5/29/2021,12:00,23.792
5/29/2021,18:00,511.008
5/30/2021,0:00,101.856
5/30/2021,6:00,0
5/30/2021,12:00,22.976
5/30/2021,18:00,509.264
5/31/2021,0:00,103.184
5/31/2021,6:00,0
5/31/2021,12:00,24.448
5/31/2021,18:00,510.352
6/1/2021,0:00,100.8
6/1/2021,6:00,0
6/1/2021,12:00,23.184
6/1/2021,18:00,475.264
6/2/2021,0:00,77.152
6/2/2021,6:00,0
6/2/2021,12:00,16.64
6/2/2021,18:00,398.416
6/3/2021,0:00,74
6/3/2021,6:00,0
6/3/2021,12:00,22.32
6/3/2021,18:00,473.504
6/4/2021,0:00,97.088
6/4/2021,6:00,0
6/4/2021,12:00,13.264
6/4/2021,18:00,471.712
6/5/2021,0:00,93.136
6/5/2021,6:00,0
6/5/2021,12:00,16.58
6/5/2021,18:00,283.792
6/6/2021,0:00,9.728
6/6/2021,6:00,0
6/6/2021,12:00,14.944
6/6/2021,18:00,277.2
6/7/2021,0:00,24.464
6/7/2021,6:00,0
6/7/2021,12:00,9.96
6/7/2021,18:00,157.792
6/8/2021,0:00,16.064
6/8/2021,6:00,0
6/8/2021,12:00,15.54
6/8/2021,18:00,87.936
6/9/2021,0:00,17.696
6/9/2021,6:00,0
6/9/2021,12:00,4.832
6/9/2021,18:00,143.888
6/10/2021,0:00,23.808
6/10/2021,6:00,0
6/10/2021,12:00,12.112
6/10/2021,18:00,358.928
6/11/2021,0:00,14.416
6/11/2021,6:00,0
6/11/2021,12:00,20.68
6/11/2021,18:00,465.744
6/12/2021,0:00,71.664
6/12/2021,6:00,0
6/12/2021,12:00,19.616
6/12/2021,18:00,477.584
6/13/2021,0:00,94.992
6/13/2021,6:00,0
6/13/2021,12:00,19.856
6/13/2021,18:00,483.472
6/14/2021,0:00,96.64
6/14/2021,6:00,0
6/14/2021,12:00,19.424
6/14/2021,18:00,478.304
6/15/2021,0:00,95.488
6/15/2021,6:00,0
6/15/2021,12:00,18.88
6/15/2021,18:00,240.16
6/16/2021,0:00,30.576
6/16/2021,6:00,0
6/16/2021,12:00,19.52
6/16/2021,18:00,486.4
6/17/2021,0:00,95.344
6/17/2021,6:00,0
6/17/2021,12:00,18.864
6/17/2021,18:00,480.32
6/18/2021,0:00,96.56
6/18/2021,6:00,0
6/18/2021,12:00,18.38
6/18/2021,18:00,457.824
6/19/2021,0:00,71.168
6/19/2021,6:00,0
6/19/2021,12:00,1.1
6/19/2021,18:00,80.384
6/20/2021,0:00,59.456
6/20/2021,6:00,0
6/20/2021,12:00,18.3
6/20/2021,18:00,474.528
6/21/2021,0:00,95.84
6/21/2021,6:00,0
6/21/2021,12:00,18.016
6/21/2021,18:00,450.848
6/22/2021,0:00,95.36
6/22/2021,6:00,0
6/22/2021,12:00,17.28
6/22/2021,18:00,458.016
6/23/2021,0:00,93.28
6/23/2021,6:00,0
6/23/2021,12:00,2.016
6/23/2021,18:00,61.632
6/24/2021,0:00,12.8
6/24/2021,6:00,0
6/24/2021,12:00,5.792
6/24/2021,18:00,200.544
6/25/2021,0:00,64.384
6/25/2021,6:00,0
6/25/2021,12:00,18.192
6/25/2021,18:00,483.376
6/26/2021,0:00,93.728
6/26/2021,6:00,0
6/26/2021,12:00,0.912
6/26/2021,18:00,49.92
6/27/2021,0:00,2.464
6/27/2021,6:00,0
6/27/2021,12:00,3.328
6/27/2021,18:00,169.664
6/28/2021,0:00,71.856
6/28/2021,6:00,0
6/28/2021,12:00,18.816
6/28/2021,18:00,489.392
6/29/2021,0:00,39.52
6/29/2021,6:00,0
6/29/2021,12:00,18.336
6/29/2021,18:00,481.632
6/30/2021,0:00,57.952
6/30/2021,6:00,0
6/30/2021,12:00,17.776
6/30/2021,18:00,482.432
7/1/2021,0:00,97.104
7/1/2021,6:00,0
7/1/2021,12:00,17.584
7/1/2021,18:00,489.616
7/2/2021,0:00,103.344
7/2/2021,6:00,0
7/2/2021,12:00,14.672
7/2/2021,18:00,446.944
7/3/2021,0:00,85.776
7/3/2021,6:00,0
7/3/2021,12:00,18.16
7/3/2021,18:00,468.224
7/4/2021,0:00,80.576
7/4/2021,6:00,0
7/4/2021,12:00,14.016
7/4/2021,18:00,380.544
7/5/2021,0:00,82.592
7/5/2021,6:00,0
7/5/2021,12:00,17.776
7/5/2021,18:00,470.912
7/6/2021,0:00,99.952
7/6/2021,6:00,0
7/6/2021,12:00,17.504
7/6/2021,18:00,475.872
7/7/2021,0:00,102.096
7/7/2021,6:00,0
7/7/2021,12:00,17.776
7/7/2021,18:00,437.248
7/8/2021,0:00,65.76
7/8/2021,6:00,0
7/8/2021,12:00,17.712
7/8/2021,18:00,478.832
7/9/2021,0:00,103.888
7/9/2021,6:00,0
7/9/2021,12:00,18.48
7/9/2021,18:00,493.408
7/10/2021,0:00,107.984
7/10/2021,6:00,0
7/10/2021,12:00,13.728
7/10/2021,18:00,226.368
7/11/2021,0:00,93.456
7/11/2021,6:00,0
7/11/2021,12:00,17.728
7/11/2021,18:00,365.424
7/12/2021,0:00,104.512
7/12/2021,6:00,0
7/12/2021,12:00,15.408
7/12/2021,18:00,462.608
7/13/2021,0:00,107.008
7/13/2021,6:00,0
7/13/2021,12:00,13.312
7/13/2021,18:00,295.12
7/14/2021,0:00,83.968
7/14/2021,6:00,0
7/14/2021,12:00,14.928
7/14/2021,18:00,173.088
7/15/2021,0:00,32.224
7/15/2021,6:00,0
7/15/2021,12:00,3.84
7/15/2021,18:00,201.952
7/16/2021,0:00,44.608
7/16/2021,6:00,0
7/16/2021,12:00,20
7/16/2021,18:00,511.296
7/17/2021,0:00,115.008
7/17/2021,6:00,0
7/17/2021,12:00,20.336
7/17/2021,18:00,509.792
7/18/2021,0:00,35.648
7/18/2021,6:00,0
7/18/2021,12:00,21.776
7/18/2021,18:00,532.688
7/19/2021,0:00,121.552
7/19/2021,6:00,0
7/19/2021,12:00,21.696
7/19/2021,18:00,532.128
7/20/2021,0:00,121.6
7/20/2021,6:00,0
7/20/2021,12:00,17.792
7/20/2021,18:00,464.304
7/21/2021,0:00,119.44
7/21/2021,6:00,0
7/21/2021,12:00,23.184
7/21/2021,18:00,539.248
7/22/2021,0:00,122.976
7/22/2021,6:00,0
7/22/2021,12:00,21.808
7/22/2021,18:00,521.584
7/23/2021,0:00,102.384
7/23/2021,6:00,0
7/23/2021,12:00,22.192
7/23/2021,18:00,527.68
7/24/2021,0:00,123.152
7/24/2021,6:00,0
7/24/2021,12:00,22.384
7/24/2021,18:00,518.432
7/25/2021,0:00,119.712
7/25/2021,6:00,0
7/25/2021,12:00,21.856
7/25/2021,18:00,421.728
7/26/2021,0:00,117.872
7/26/2021,6:00,0
7/26/2021,12:00,5.632
7/26/2021,18:00,192.24
7/27/2021,0:00,10.4
7/27/2021,6:00,0
7/27/2021,12:00,24.928
7/27/2021,18:00,569.408
7/28/2021,0:00,132.592
7/28/2021,6:00,0
7/28/2021,12:00,25.264
7/28/2021,18:00,383.248
7/29/2021,0:00,20.352
7/29/2021,6:00,0
7/29/2021,12:00,26.032
7/29/2021,18:00,561.056
7/30/2021,0:00,132.976
7/30/2021,6:00,0
7/30/2021,12:00,26.224
7/30/2021,18:00,561.616
7/31/2021,0:00,133.952
7/31/2021,6:00,0
7/31/2021,12:00,26.176
7/31/2021,18:00,555.232
8/1/2021,0:00,133.52
8/1/2021,6:00,0
8/1/2021,12:00,26.672
8/1/2021,18:00,557.728
8/2/2021,0:00,134.128
8/2/2021,6:00,0
8/2/2021,12:00,28.352
8/2/2021,18:00,578
8/3/2021,0:00,139.904
8/3/2021,6:00,0
8/3/2021,12:00,29.232
8/3/2021,18:00,547.984
8/4/2021,0:00,140.656
8/4/2021,6:00,0
8/4/2021,12:00,23.856
8/4/2021,18:00,501.936
8/5/2021,0:00,108.432
8/5/2021,6:00,0
8/5/2021,12:00,22.432
8/5/2021,18:00,548.832
8/6/2021,0:00,126.416
8/6/2021,6:00,0
8/6/2021,12:00,15.344
8/6/2021,18:00,519.76
8/7/2021,0:00,131.824
8/7/2021,6:00,0
8/7/2021,12:00,29.248
8/7/2021,18:00,567.04
8/8/2021,0:00,138.576
8/8/2021,6:00,0
8/8/2021,12:00,30.48
8/8/2021,18:00,575.264
8/9/2021,0:00,140.496
8/9/2021,6:00,0
8/9/2021,12:00,5.008
8/9/2021,18:00,328.768
8/10/2021,0:00,57.984
8/10/2021,6:00,0
8/10/2021,12:00,3.488
8/10/2021,18:00,166.752
8/11/2021,0:00,29.072
8/11/2021,6:00,0
8/11/2021,12:00,35.344
8/11/2021,18:00,624.16
8/12/2021,0:00,156.448
8/12/2021,6:00,0
8/12/2021,12:00,25.12
8/12/2021,18:00,473.248
8/13/2021,0:00,117.328
8/13/2021,6:00,0
8/13/2021,12:00,34.8
8/13/2021,18:00,603.152
8/14/2021,0:00,144.128
8/14/2021,6:00,0
8/14/2021,12:00,31.696
8/14/2021,18:00,519.52
8/15/2021,0:00,135.168
8/15/2021,6:00,0
8/15/2021,12:00,36.384
8/15/2021,18:00,577.728
8/16/2021,0:00,140.576
8/16/2021,6:00,0
8/16/2021,12:00,37.92
8/16/2021,18:00,604.976
8/17/2021,0:00,128.672
8/17/2021,6:00,0
8/17/2021,12:00,34.144
8/17/2021,18:00,605.632
8/18/2021,0:00,149.712
8/18/2021,6:00,0
8/18/2021,12:00,33.92
8/18/2021,18:00,610.256
8/19/2021,0:00,152.896
8/19/2021,6:00,0
8/19/2021,12:00,39.936
8/19/2021,18:00,625.792
8/20/2021,0:00,157.088
8/20/2021,6:00,0
8/20/2021,12:00,22.496
8/20/2021,18:00,351.088
8/21/2021,0:00,61.04
8/21/2021,6:00,0
8/21/2021,12:00,33.856
8/21/2021,18:00,352.752
8/22/2021,0:00,152.08
8/22/2021,6:00,0
8/22/2021,12:00,42.656
8/22/2021,18:00,264.96
8/23/2021,0:00,120.56
8/23/2021,6:00,0
8/23/2021,12:00,6.976
8/23/2021,18:00,289.856
8/24/2021,0:00,159.488
8/24/2021,6:00,0
8/24/2021,12:00,20.96
8/24/2021,18:00,566.464
8/25/2021,0:00,86.544
8/25/2021,6:00,0
8/25/2021,12:00,1.2
8/25/2021,18:00,28.288
8/26/2021,0:00,5.568
8/26/2021,6:00,0
8/26/2021,12:00,49.696
8/26/2021,18:00,682.512
8/27/2021,0:00,175.408
8/27/2021,6:00,0
8/27/2021,12:00,51.888
8/27/2021,18:00,693.408
8/28/2021,0:00,176.784
8/28/2021,6:00,0
8/28/2021,12:00,51.44
8/28/2021,18:00,674.368
8/29/2021,0:00,162.688
8/29/2021,6:00,0
8/29/2021,12:00,51.712
8/29/2021,18:00,679.136
8/30/2021,0:00,173.104
8/30/2021,6:00,0
8/30/2021,12:00,51.92
8/30/2021,18:00,672.656
8/31/2021,0:00,172.4
8/31/2021,6:00,0
8/31/2021,12:00,54.144
8/31/2021,18:00,662.144
9/1/2021,0:00,170.832
9/1/2021,6:00,0
9/1/2021,12:00,46.992
9/1/2021,18:00,627.248
9/2/2021,0:00,151.68
9/2/2021,6:00,0
9/2/2021,12:00,48.256
9/2/2021,18:00,456.4
9/3/2021,0:00,15.136
9/3/2021,6:00,0
9/3/2021,12:00,55.184
9/3/2021,18:00,547.488
9/4/2021,0:00,150
9/4/2021,6:00,0
9/4/2021,12:00,51.52
9/4/2021,18:00,676.032
9/5/2021,0:00,27.024
9/5/2021,6:00,0
9/5/2021,12:00,59.392
9/5/2021,18:00,590.56
9/6/2021,0:00,184.272
9/6/2021,6:00,0
9/6/2021,12:00,57.76
9/6/2021,18:00,480.416
9/7/2021,0:00,53.488
9/7/2021,6:00,0
9/7/2021,12:00,5.36
9/7/2021,18:00,386.544
9/8/2021,0:00,120.224
9/8/2021,6:00,0
9/8/2021,12:00,5.648
9/8/2021,18:00,43.648
9/9/2021,0:00,33.76
9/9/2021,6:00,0
9/9/2021,12:00,11.216
9/9/2021,18:00,214.816
9/10/2021,0:00,89.648
9/10/2021,6:00,0
9/10/2021,12:00,18.912
9/10/2021,18:00,290.224
9/11/2021,0:00,97.712
9/11/2021,6:00,0
9/11/2021,12:00,72.464
9/11/2021,18:00,752.256
9/12/2021,0:00,196.608
9/12/2021,6:00,0
9/12/2021,12:00,69.024
9/12/2021,18:00,641.456
9/13/2021,0:00,184.48
9/13/2021,6:00,0
9/13/2021,12:00,22.576
9/13/2021,18:00,215.024
9/14/2021,0:00,104.384
9/14/2021,6:00,0
9/14/2021,12:00,29.792
9/14/2021,18:00,300.224
9/15/2021,0:00,186.528
9/15/2021,6:00,0
9/15/2021,12:00,83.2
9/15/2021,18:00,792.736
9/16/2021,0:00,207.456
9/16/2021,6:00,0
9/16/2021,12:00,84.416
9/16/2021,18:00,794.592
9/17/2021,0:00,208.032
9/17/2021,6:00,0
9/17/2021,12:00,79.168
9/17/2021,18:00,212.176
9/18/2021,0:00,35.952
9/18/2021,6:00,0
9/18/2021,12:00,43.184
9/18/2021,18:00,650
9/19/2021,0:00,79.328
9/19/2021,6:00,0
9/19/2021,12:00,58.592
9/19/2021,18:00,281.68
9/20/2021,0:00,143.072
9/20/2021,6:00,0
9/20/2021,12:00,22.464
9/20/2021,18:00,475.216
9/21/2021,0:00,159.328
9/21/2021,6:00,0
9/21/2021,12:00,42.656
9/21/2021,18:00,769.472
9/22/2021,0:00,187.968
9/22/2021,6:00,0
9/22/2021,12:00,77.136
9/22/2021,18:00,792.496
9/23/2021,0:00,206.592
9/23/2021,6:00,0
9/23/2021,12:00,3.456
9/23/2021,18:00,235.568
9/24/2021,0:00,148.912
9/24/2021,6:00,0
9/24/2021,12:00,94.64
9/24/2021,18:00,756.816
9/25/2021,0:00,213.376
9/25/2021,6:00,0
9/25/2021,12:00,98.48
9/25/2021,18:00,822.56
9/26/2021,0:00,218.576
9/26/2021,6:00,0
9/26/2021,12:00,100.928
9/26/2021,18:00,830.272
9/27/2021,0:00,221.216
9/27/2021,6:00,0
9/27/2021,12:00,102.848
9/27/2021,18:00,834.432
9/28/2021,0:00,218.736
9/28/2021,6:00,0
9/28/2021,12:00,30.896
9/28/2021,18:00,148.864
9/29/2021,0:00,6.48
9/29/2021,6:00,0
9/29/2021,12:00,50.96
9/29/2021,18:00,301.984
9/30/2021,0:00,93.312
9/30/2021,6:00,0
9/30/2021,12:00,83.36
9/30/2021,18:00,746.4
10/1/2021,0:00,43.12
10/1/2021,6:00,0
10/1/2021,12:00,75.184
10/1/2021,18:00,552.544
10/2/2021,0:00,214.688
10/2/2021,6:00,0
10/2/2021,12:00,97.84
10/2/2021,18:00,642.032
10/3/2021,0:00,49.84
10/3/2021,6:00,0
10/3/2021,12:00,96.768
10/3/2021,18:00,622.56
10/4/2021,0:00,112.32
10/4/2021,6:00,0
10/4/2021,12:00,119.2
10/4/2021,18:00,873.78
10/5/2021,0:00,234.528
10/5/2021,6:00,0
10/5/2021,12:00,120.192
10/5/2021,18:00,877.056
10/6/2021,0:00,236.688
10/6/2021,6:00,0
10/6/2021,12:00,32.528
10/6/2021,18:00,283.232
10/7/2021,0:00,67.776
10/7/2021,6:00,0
10/7/2021,12:00,120.688
10/7/2021,18:00,845.968
10/8/2021,0:00,201.056
10/8/2021,6:00,0
10/8/2021,12:00,84.464
10/8/2021,18:00,774.608
10/9/2021,0:00,188.848
10/9/2021,6:00,0
10/9/2021,12:00,91.152
10/9/2021,18:00,543.504
10/10/2021,0:00,48.112
10/10/2021,6:00,0
10/10/2021,12:00,11.248
10/10/2021,18:00,88.6
10/11/2021,0:00,40.416
10/11/2021,6:00,0
10/11/2021,12:00,18.38
10/11/2021,18:00,361.68
10/12/2021,0:00,48.816
10/12/2021,6:00,0
10/12/2021,12:00,128.2
10/12/2021,18:00,882.52
10/13/2021,0:00,239.632
10/13/2021,6:00,0
10/13/2021,12:00,103.72
10/13/2021,18:00,732.08
10/14/2021,0:00,54.112
10/14/2021,6:00,0
10/14/2021,12:00,54.848
10/14/2021,18:00,553.8
10/15/2021,0:00,199.92
10/15/2021,6:00,0
10/15/2021,12:00,26.66
10/15/2021,18:00,95.28
10/16/2021,0:00,28.384
10/16/2021,6:00,0
10/16/2021,12:00,133.3
10/16/2021,18:00,630.76
10/17/2021,0:00,78.864
10/17/2021,6:00,0
10/17/2021,12:00,128.16
10/17/2021,18:00,904.12
10/18/2021,0:00,252.768
10/18/2021,6:00,0
10/18/2021,12:00,128.76
10/18/2021,18:00,908.14
10/19/2021,0:00,252.64
10/19/2021,6:00,0
10/19/2021,12:00,142.608
10/19/2021,18:00,912.24
10/20/2021,0:00,252.8
10/20/2021,6:00,0
10/20/2021,12:00,144.44
10/20/2021,18:00,915.04
10/21/2021,0:00,254.224
10/21/2021,6:00,0
10/21/2021,12:00,145.792
10/21/2021,18:00,915.58
10/22/2021,0:00,255.632
10/22/2021,6:00,0
10/22/2021,12:00,149.48
10/22/2021,18:00,925.04
10/23/2021,0:00,256.464
10/23/2021,6:00,0
10/23/2021,12:00,34.44
10/23/2021,18:00,120.56
10/24/2021,0:00,29.664
10/24/2021,6:00,0
10/24/2021,12:00,153.76
10/24/2021,18:00,938.28
10/25/2021,0:00,264.512
10/25/2021,6:00,0
10/25/2021,12:00,153.9
10/25/2021,18:00,934.28
10/26/2021,0:00,263.792
10/26/2021,6:00,0
10/26/2021,12:00,156.16
10/26/2021,18:00,933.78
10/27/2021,0:00,262.736
10/27/2021,6:00,0
10/27/2021,12:00,154.576
10/27/2021,18:00,925.86
10/28/2021,0:00,262.768
10/28/2021,6:00,0
10/28/2021,12:00,159.28
10/28/2021,18:00,909.9
10/29/2021,0:00,240.816
10/29/2021,6:00,0
10/29/2021,12:00,152.16
10/29/2021,18:00,884.38
10/30/2021,0:00,142.144
10/30/2021,6:00,0
10/30/2021,12:00,137.76
10/30/2021,18:00,858.36
10/31/2021,0:00,176.768
10/31/2021,6:00,0
10/31/2021,12:00,155.06
10/31/2021,18:00,915.76
11/1/2021,0:00,86.752
11/1/2021,6:00,0
11/1/2021,12:00,148.02
11/1/2021,18:00,825.1
11/2/2021,0:00,206.96
11/2/2021,6:00,0
11/2/2021,12:00,155.18
11/2/2021,18:00,900.26
11/3/2021,0:00,97.984
11/3/2021,6:00,0
11/3/2021,12:00,28.62
11/3/2021,18:00,603.32
11/4/2021,0:00,179.536
11/4/2021,6:00,0
11/4/2021,12:00,162.98
11/4/2021,18:00,930.02
11/5/2021,0:00,251.616
11/5/2021,6:00,0
11/5/2021,12:00,93.46
11/5/2021,18:00,544.22
11/6/2021,0:00,119.248
11/6/2021,6:00,0
11/6/2021,12:00,69.04
11/6/2021,18:00,418.78
11/7/2021,0:00,149.92
11/7/2021,6:00,0
11/7/2021,12:00,140.78
11/7/2021,18:00,810.02
11/8/2021,0:00,259.872
11/8/2021,6:00,0
11/8/2021,12:00,169.22
11/8/2021,18:00,955.64
11/9/2021,0:00,282.736
11/9/2021,6:00,0
11/9/2021,12:00,173.54
11/9/2021,18:00,965.02
11/10/2021,0:00,286.464
11/10/2021,6:00,0
11/10/2021,12:00,167.42
11/10/2021,18:00,819.7
11/11/2021,0:00,205.376
11/11/2021,6:00,0
11/11/2021,12:00,173.1
11/11/2021,18:00,952.06
11/12/2021,0:00,285.28
11/12/2021,6:00,0
11/12/2021,12:00,171.1
11/12/2021,18:00,944.96
11/13/2021,0:00,244.976
11/13/2021,6:00,0
11/13/2021,12:00,171.22
11/13/2021,18:00,938.96
11/14/2021,0:00,270.656
11/14/2021,6:00,0
11/14/2021,12:00,33.18
11/14/2021,18:00,350.72
11/15/2021,0:00,111.04
11/15/2021,6:00,0
11/15/2021,12:00,56.36
11/15/2021,18:00,895.3
11/16/2021,0:00,288.96
11/16/2021,6:00,0
11/16/2021,12:00,61.22
11/16/2021,18:00,266.78
11/17/2021,0:00,59.104
11/17/2021,6:00,0
11/17/2021,12:00,19
11/17/2021,18:00,339.7
11/18/2021,0:00,273.872
11/18/2021,6:00,0
11/18/2021,12:00,177.72
11/18/2021,18:00,976.04
11/19/2021,0:00,302.48
11/19/2021,6:00,0
11/19/2021,12:00,182.28
11/19/2021,18:00,982.72
11/20/2021,0:00,306.064
11/20/2021,6:00,0
11/20/2021,12:00,182.88
11/20/2021,18:00,982.06
11/21/2021,0:00,307.06
11/21/2021,6:00,0
11/21/2021,12:00,182.58
11/21/2021,18:00,981.2
11/22/2021,0:00,309.376
11/22/2021,6:00,0
11/22/2021,12:00,179.98
11/22/2021,18:00,965.86
11/23/2021,0:00,299.392
11/23/2021,6:00,0
11/23/2021,12:00,155.94
11/23/2021,18:00,895.56
11/24/2021,0:00,301.776
11/24/2021,6:00,0
11/24/2021,12:00,188.34
11/24/2021,18:00,1005.04
11/25/2021,0:00,319.648
11/25/2021,6:00,0
11/25/2021,12:00,76.66
11/25/2021,18:00,140.9
11/26/2021,0:00,83.616
11/26/2021,6:00,0
11/26/2021,12:00,104.18
11/26/2021,18:00,911.02
11/27/2021,0:00,164.72
11/27/2021,6:00,0
11/27/2021,12:00,112.24
11/27/2021,18:00,679.72
11/28/2021,0:00,309.488
11/28/2021,6:00,0
11/28/2021,12:00,39.7
11/28/2021,18:00,124.72
11/29/2021,0:00,14.8
11/29/2021,6:00,0
11/29/2021,12:00,178.6
11/29/2021,18:00,960.86
11/30/2021,0:00,266.208
11/30/2021,6:00,0
11/30/2021,12:00,183
11/30/2021,18:00,991.8
12/1/2021,0:00,327.76
12/1/2021,6:00,0
12/1/2021,12:00,184.8
12/1/2021,18:00,983.88
12/2/2021,0:00,321.44
12/2/2021,6:00,0
12/2/2021,12:00,181.06
12/2/2021,18:00,985.52
12/3/2021,0:00,328.304
12/3/2021,6:00,0
12/3/2021,12:00,186.02
12/3/2021,18:00,991.16
12/4/2021,0:00,328.176
12/4/2021,6:00,0
12/4/2021,12:00,168.32
12/4/2021,18:00,945.9
12/5/2021,0:00,303.6
12/5/2021,6:00,0
12/5/2021,12:00,172.26
12/5/2021,18:00,962.6
12/6/2021,0:00,323.48
12/6/2021,6:00,0
12/6/2021,12:00,178.48
12/6/2021,18:00,978.32
12/7/2021,0:00,321.16
12/7/2021,6:00,0
12/7/2021,12:00,179.5
12/7/2021,18:00,991.36
12/8/2021,0:00,341.36
12/8/2021,6:00,0
12/8/2021,12:00,182.3
12/8/2021,18:00,991.96
12/9/2021,0:00,341.76
12/9/2021,6:00,0
12/9/2021,12:00,184.52
12/9/2021,18:00,1006.76
12/10/2021,0:00,344.94
12/10/2021,6:00,0
12/10/2021,12:00,179.38
12/10/2021,18:00,976.78
12/11/2021,0:00,290.416
12/11/2021,6:00,0
12/11/2021,12:00,174.34
12/11/2021,18:00,957.16
12/12/2021,0:00,297.872
12/12/2021,6:00,0
12/12/2021,12:00,51.2
12/12/2021,18:00,800.08
12/13/2021,0:00,288.768
12/13/2021,6:00,0
12/13/2021,12:00,138.12
12/13/2021,18:00,280.42
12/14/2021,0:00,152.32
12/14/2021,6:00,0
12/14/2021,12:00,34.56
12/14/2021,18:00,417.52
12/15/2021,0:00,289.04
12/15/2021,6:00,0
12/15/2021,12:00,68.12
12/15/2021,18:00,534
12/16/2021,0:00,319.58
12/16/2021,6:00,0
12/16/2021,12:00,175.74
12/16/2021,18:00,991.9
12/17/2021,0:00,351.52
12/17/2021,6:00,0
12/17/2021,12:00,171.68
12/17/2021,18:00,982.46
12/18/2021,0:00,348.98
12/18/2021,6:00,0
12/18/2021,12:00,145.2
12/18/2021,18:00,945.12
12/19/2021,0:00,333.66
12/19/2021,6:00,0
12/19/2021,12:00,162.32
12/19/2021,18:00,965.44
12/20/2021,0:00,345.64
12/20/2021,6:00,0
12/20/2021,12:00,166.9
12/20/2021,18:00,923.2
12/21/2021,0:00,309.04
12/21/2021,6:00,0
12/21/2021,12:00,166.52
12/21/2021,18:00,958.12
12/22/2021,0:00,251.02
12/22/2021,6:00,0
12/22/2021,12:00,158.38
12/22/2021,18:00,865.12
12/23/2021,0:00,307.18
12/23/2021,6:00,0
12/23/2021,12:00,174.24
12/23/2021,18:00,1007.92
12/24/2021,0:00,366.9
12/24/2021,6:00,0
12/24/2021,12:00,172.14
12/24/2021,18:00,1004.54
12/25/2021,0:00,367.46
12/25/2021,6:00,0
12/25/2021,12:00,170.26
12/25/2021,18:00,990.3
12/26/2021,0:00,332.18
12/26/2021,6:00,0
12/26/2021,12:00,158
12/26/2021,18:00,986.66
12/27/2021,0:00,374.416
12/27/2021,6:00,0
12/27/2021,12:00,168.4
12/27/2021,18:00,998.54
12/28/2021,0:00,368.208
12/28/2021,6:00,0
12/28/2021,12:00,168.9
12/28/2021,18:00,1006.72
12/29/2021,0:00,365.136
12/29/2021,6:00,0
12/29/2021,12:00,125.94
12/29/2021,18:00,914
12/30/2021,0:00,353.024
12/30/2021,6:00,0
12/30/2021,12:00,159.82
12/30/2021,18:00,944.32
12/31/2021,0:00,304.672
12/31/2021,6:00,0
12/31/2021,12:00,155.84
12/31/2021,18:00,948.14
1/1/2022,0:00,314.58
1/1/2022,6:00,0
1/1/2022,12:00,158.46
1/1/2022,18:00,966.04
1/2/2022,0:00,337.94
1/2/2022,6:00,0
1/2/2022,12:00,119.26
1/2/2022,18:00,737.92
1/3/2022,0:00,219.328
1/3/2022,6:00,0
1/3/2022,12:00,151.46
1/3/2022,18:00,948.16
1/4/2022,0:00,269.76
1/4/2022,6:00,0
1/4/2022,12:00,88.82
1/4/2022,18:00,846.06
1/5/2022,0:00,251.9
1/5/2022,6:00,0
1/5/2022,12:00,129.86
1/5/2022,18:00,948.24
1/6/2022,0:00,375.92
1/6/2022,6:00,0
1/6/2022,12:00,157.16
1/6/2022,18:00,992.2
1/7/2022,0:00,377.68
1/7/2022,6:00,0
1/7/2022,12:00,154.7
1/7/2022,18:00,988.66
1/8/2022,0:00,377.536
1/8/2022,6:00,0
1/8/2022,12:00,123.9
1/8/2022,18:00,811.3
1/9/2022,0:00,336.288
1/9/2022,6:00,0
1/9/2022,12:00,146.992
1/9/2022,18:00,965.5
1/10/2022,0:00,344.816
1/10/2022,6:00,0
1/10/2022,12:00,148.9
1/10/2022,18:00,980.32
1/11/2022,0:00,377.488
1/11/2022,6:00,0
1/11/2022,12:00,147.984
1/11/2022,18:00,983.06
1/12/2022,0:00,377.968
1/12/2022,6:00,0
1/12/2022,12:00,148.704
1/12/2022,18:00,979.08
1/13/2022,0:00,374.44
1/13/2022,6:00,0
1/13/2022,12:00,145.808
1/13/2022,18:00,979.12
1/14/2022,0:00,377.92
1/14/2022,6:00,0
1/14/2022,12:00,138.704
1/14/2022,18:00,841.84
1/15/2022,0:00,235.248
1/15/2022,6:00,0
1/15/2022,12:00,101.968
1/15/2022,18:00,854
1/16/2022,0:00,245.168
1/16/2022,6:00,0
1/16/2022,12:00,17.64
1/16/2022,18:00,685.14
1/17/2022,0:00,244.688
1/17/2022,6:00,0
1/17/2022,12:00,80.82
1/17/2022,18:00,777.84
1/18/2022,0:00,186.544
1/18/2022,6:00,0
1/18/2022,12:00,32.992
1/18/2022,18:00,629.62
1/19/2022,0:00,173.6
1/19/2022,6:00,0
1/19/2022,12:00,120.48
1/19/2022,18:00,934.74
1/20/2022,0:00,43.968
1/20/2022,6:00,0
1/20/2022,12:00,130.3
1/20/2022,18:00,808.68
1/21/2022,0:00,296.48
1/21/2022,6:00,0
1/21/2022,12:00,128.46
1/21/2022,18:00,801.34
1/22/2022,0:00,122.224
1/22/2022,6:00,0
1/22/2022,12:00,127.34
1/22/2022,18:00,885.94
1/23/2022,0:00,159.152
1/23/2022,6:00,0
1/23/2022,12:00,125.56
1/23/2022,18:00,773.8
1/24/2022,0:00,152.064
1/24/2022,6:00,0
1/24/2022,12:00,123.74
1/24/2022,18:00,643.26
1/25/2022,0:00,174.384
1/25/2022,6:00,0
1/25/2022,12:00,122.24
1/25/2022,18:00,907.36
1/26/2022,0:00,91.168
1/26/2022,6:00,0
1/26/2022,12:00,80.96
1/26/2022,18:00,296.5
1/27/2022,0:00,270.56
1/27/2022,6:00,0
1/27/2022,12:00,29.88
1/27/2022,18:00,586.72
1/28/2022,0:00,289.184
1/28/2022,6:00,0
1/28/2022,12:00,126.12
1/28/2022,18:00,954.9
1/29/2022,0:00,368.208
1/29/2022,6:00,0
1/29/2022,12:00,126
1/29/2022,18:00,958.36
1/30/2022,0:00,370.64
1/30/2022,6:00,0
1/30/2022,12:00,122.54
1/30/2022,18:00,945.54
1/31/2022,0:00,361.616
1/31/2022,6:00,0
1/31/2022,12:00,123.14
1/31/2022,18:00,948.5
2/1/2022,0:00,358.048
2/1/2022,6:00,0
2/1/2022,12:00,117.22
2/1/2022,18:00,926.72
2/2/2022,0:00,352.928
2/2/2022,6:00,0
2/2/2022,12:00,113.4
2/2/2022,18:00,907.8
2/3/2022,0:00,353.584
2/3/2022,6:00,0
2/3/2022,12:00,95.2
2/3/2022,18:00,736.8
2/4/2022,0:00,177.2
2/4/2022,6:00,0
2/4/2022,12:00,93.56
2/4/2022,18:00,697.68
2/5/2022,0:00,121.312
2/5/2022,6:00,0
2/5/2022,12:00,38.528
2/5/2022,18:00,856.16
2/6/2022,0:00,350.448
2/6/2022,6:00,0
2/6/2022,12:00,113.56
2/6/2022,18:00,936.58
2/7/2022,0:00,360.944
2/7/2022,6:00,0
2/7/2022,12:00,117.66
2/7/2022,18:00,945.18
2/8/2022,0:00,353.536
2/8/2022,6:00,0
2/8/2022,12:00,112.576
2/8/2022,18:00,933.38
2/9/2022,0:00,354.192
2/9/2022,6:00,0
2/9/2022,12:00,113.216
2/9/2022,18:00,935.64
2/10/2022,0:00,353.088
2/10/2022,6:00,0
2/10/2022,12:00,110.608
2/10/2022,18:00,930.16
2/11/2022,0:00,351.024
2/11/2022,6:00,0
2/11/2022,12:00,106.36
2/11/2022,18:00,770.08
2/12/2022,0:00,218.896
2/12/2022,6:00,0
2/12/2022,12:00,57.38
2/12/2022,18:00,412.1
2/13/2022,0:00,85.936
2/13/2022,6:00,0
2/13/2022,12:00,88.624
2/13/2022,18:00,927.4
2/14/2022,0:00,352.656
2/14/2022,6:00,0
2/14/2022,12:00,107.632
2/14/2022,18:00,924.92
2/15/2022,0:00,344.736
2/15/2022,6:00,0
2/15/2022,12:00,107.776
2/15/2022,18:00,930.74
2/16/2022,0:00,345.024
2/16/2022,6:00,0
2/16/2022,12:00,105.056
2/16/2022,18:00,922.192
2/17/2022,0:00,339.776
2/17/2022,6:00,0
2/17/2022,12:00,94.32
2/17/2022,18:00,901.58
2/18/2022,0:00,315.904
2/18/2022,6:00,0
2/18/2022,12:00,100.6
2/18/2022,18:00,898.42
2/19/2022,0:00,329.264
2/19/2022,6:00,0
2/19/2022,12:00,100.44
2/19/2022,18:00,902.56
2/20/2022,0:00,327.984
2/20/2022,6:00,0
2/20/2022,12:00,91.66
2/20/2022,18:00,765.5
2/21/2022,0:00,219.152
2/21/2022,6:00,0
2/21/2022,12:00,89.616
2/21/2022,18:00,842.2
2/22/2022,0:00,271.632
2/22/2022,6:00,0
2/22/2022,12:00,91.6
2/22/2022,18:00,513.28
2/23/2022,0:00,314.976
2/23/2022,6:00,0
2/23/2022,12:00,95.28
2/23/2022,18:00,883.06
2/24/2022,0:00,317.264
2/24/2022,6:00,0
2/24/2022,12:00,91.808
2/24/2022,18:00,733.16
2/25/2022,0:00,93.808
2/25/2022,6:00,0
2/25/2022,12:00,17.584
2/25/2022,18:00,362.2
2/26/2022,0:00,251.84
2/26/2022,6:00,0
2/26/2022,12:00,87.744
2/26/2022,18:00,830.128
2/27/2022,0:00,294.08
2/27/2022,6:00,0
2/27/2022,12:00,87.62
2/27/2022,18:00,759.728
2/28/2022,0:00,222.096
2/28/2022,6:00,0
2/28/2022,12:00,31.58
2/28/2022,18:00,219.84
3/1/2022,0:00,47.424
3/1/2022,6:00,0
3/1/2022,12:00,52.72
3/1/2022,18:00,746.784
3/2/2022,0:00,220.576
3/2/2022,6:00,0
3/2/2022,12:00,85.52
3/2/2022,18:00,843.728
3/3/2022,0:00,286.288
3/3/2022,6:00,0
3/3/2022,12:00,88.3
3/3/2022,18:00,853.984
3/4/2022,0:00,289.76
3/4/2022,6:00,0
3/4/2022,12:00,85.9
3/4/2022,18:00,835.6
3/5/2022,0:00,283.136
3/5/2022,6:00,0
3/5/2022,12:00,68.66
3/5/2022,18:00,690.256
3/6/2022,0:00,127.584
3/6/2022,6:00,0
3/6/2022,12:00,34.36
3/6/2022,18:00,273.28
3/7/2022,0:00,122.688
3/7/2022,6:00,0
3/7/2022,12:00,74.58
3/7/2022,18:00,806.352
3/8/2022,0:00,127.488
3/8/2022,6:00,0
3/8/2022,12:00,62.36
3/8/2022,18:00,309.92
3/9/2022,0:00,236.944
3/9/2022,6:00,0
3/9/2022,12:00,60.84
3/9/2022,18:00,736.72
3/10/2022,0:00,259.168
3/10/2022,6:00,0
3/10/2022,12:00,25.22
3/10/2022,18:00,66.192
3/11/2022,0:00,61.168
3/11/2022,6:00,0
3/11/2022,12:00,60.62
3/11/2022,18:00,626.976
3/12/2022,0:00,248.944
3/12/2022,6:00,0
3/12/2022,12:00,68.22
3/12/2022,18:00,823.12
3/13/2022,0:00,250.816
3/13/2022,6:00,0
3/13/2022,12:00,76.38
3/13/2022,18:00,819.04
3/14/2022,0:00,261.872
3/14/2022,6:00,0
3/14/2022,12:00,75.5
3/14/2022,18:00,746.336
3/15/2022,0:00,99.472
3/15/2022,6:00,0
3/15/2022,12:00,75.28
3/15/2022,18:00,801.136
3/16/2022,0:00,241.952
3/16/2022,6:00,0
3/16/2022,12:00,69.14
3/16/2022,18:00,776.944
3/17/2022,0:00,237.776
3/17/2022,6:00,0
3/17/2022,12:00,51.952
3/17/2022,18:00,684.576
3/18/2022,0:00,125.344
3/18/2022,6:00,0
3/18/2022,12:00,61.9
3/18/2022,18:00,783.68
3/19/2022,0:00,235.12
3/19/2022,6:00,0
3/19/2022,12:00,56.4
3/19/2022,18:00,819.888
3/20/2022,0:00,256.192
3/20/2022,6:00,0
3/20/2022,12:00,73.808
3/20/2022,18:00,806.736
3/21/2022,0:00,246
3/21/2022,6:00,0
3/21/2022,12:00,71.3
3/21/2022,18:00,780.112
3/22/2022,0:00,233.92
3/22/2022,6:00,0
3/22/2022,12:00,11.26
3/22/2022,18:00,179.712
3/23/2022,0:00,21.408
3/23/2022,6:00,0
3/23/2022,12:00,35.14
3/23/2022,18:00,190.416
3/24/2022,0:00,12.704
3/24/2022,6:00,0
3/24/2022,12:00,25.06
3/24/2022,18:00,298.272
3/25/2022,0:00,204.256
3/25/2022,6:00,0
3/25/2022,12:00,68.208
3/25/2022,18:00,774.688
3/26/2022,0:00,103.296
3/26/2022,6:00,0
3/26/2022,12:00,33.52
3/26/2022,18:00,439.152
3/27/2022,0:00,72.064
3/27/2022,6:00,0
3/27/2022,12:00,65.8
3/27/2022,18:00,761.488
3/28/2022,0:00,220.88
3/28/2022,6:00,0
3/28/2022,12:00,66.92
3/28/2022,18:00,770.656
3/29/2022,0:00,222.64
3/29/2022,6:00,0
3/29/2022,12:00,63.136
3/29/2022,18:00,730.512
3/30/2022,0:00,93.872
3/30/2022,6:00,0
3/30/2022,12:00,2.2
3/30/2022,18:00,259.792
3/31/2022,0:00,21.936
3/31/2022,6:00,0
3/31/2022,12:00,67.54
3/31/2022,18:00,776.064
4/1/2022,0:00,218.032
4/1/2022,6:00,0
4/1/2022,12:00,64.2
4/1/2022,18:00,759.264
4/2/2022,0:00,212.832
4/2/2022,6:00,0
4/2/2022,12:00,62.54
4/2/2022,18:00,744.512
4/3/2022,0:00,204.544
4/3/2022,6:00,0
4/3/2022,12:00,0.86
4/3/2022,18:00,26.432
4/4/2022,0:00,16.048
4/4/2022,6:00,0
4/4/2022,12:00,38.68
4/4/2022,18:00,422.272
4/5/2022,0:00,121.904
4/5/2022,6:00,0
4/5/2022,12:00,24.28
4/5/2022,18:00,565.504
4/6/2022,0:00,73.632
4/6/2022,6:00,0
4/6/2022,12:00,53.62
4/6/2022,18:00,688.784
4/7/2022,0:00,182.944
4/7/2022,6:00,0
4/7/2022,12:00,7.22
4/7/2022,18:00,122.784
4/8/2022,0:00,37.392
4/8/2022,6:00,0
4/8/2022,12:00,53.76
4/8/2022,18:00,513.408
4/9/2022,0:00,121.552
4/9/2022,6:00,0
4/9/2022,12:00,55.488
4/9/2022,18:00,704.544
4/10/2022,0:00,184.624
4/10/2022,6:00,0
4/10/2022,12:00,53.856
4/10/2022,18:00,501.04
4/11/2022,0:00,45.152
4/11/2022,6:00,0
4/11/2022,12:00,12.032
4/11/2022,18:00,70.4
4/12/2022,0:00,43.728
4/12/2022,6:00,0
4/12/2022,12:00,9.408
4/12/2022,18:00,180.592
4/13/2022,0:00,131.68
4/13/2022,6:00,0
4/13/2022,12:00,51.776
4/13/2022,18:00,677.616
4/14/2022,0:00,157.856
4/14/2022,6:00,0
4/14/2022,12:00,54.608
4/14/2022,18:00,704.624
4/15/2022,0:00,177.872
4/15/2022,6:00,0
4/15/2022,12:00,53
4/15/2022,18:00,689.008
4/16/2022,0:00,173.232
4/16/2022,6:00,0
4/16/2022,12:00,51.152
4/16/2022,18:00,679.136
4/17/2022,0:00,168.544
4/17/2022,6:00,0
4/17/2022,12:00,50.192
4/17/2022,18:00,623.824
4/18/2022,0:00,121.408
4/18/2022,6:00,0
4/18/2022,18:00,653.12
4/19/2022,0:00,158.448
4/19/2022,6:00,0
4/19/2022,12:00,47.504
4/19/2022,18:00,652.16
4/20/2022,0:00,148.096
4/20/2022,6:00,0
4/20/2022,12:00,47.856
4/20/2022,18:00,651.6
4/21/2022,0:00,139.104
4/21/2022,6:00,0
4/21/2022,12:00,26.84
4/21/2022,18:00,480.368
4/22/2022,0:00,145.6
4/22/2022,6:00,0
4/22/2022,12:00,43.76
4/22/2022,18:00,534.48
4/23/2022,0:00,50.848
4/23/2022,6:00,0
4/23/2022,12:00,47.344
4/23/2022,18:00,658.288
4/24/2022,0:00,155.744
4/24/2022,6:00,0
4/24/2022,12:00,46.4
4/24/2022,18:00,632.768
4/25/2022,0:00,140.56
4/25/2022,6:00,0
4/25/2022,12:00,17.312
4/25/2022,18:00,364.016
4/26/2022,0:00,42.512
4/26/2022,6:00,0
4/26/2022,12:00,37.296
4/26/2022,18:00,425.488
4/27/2022,0:00,117.776
4/27/2022,6:00,0
4/27/2022,12:00,39.296
4/27/2022,18:00,557.52
4/28/2022,0:00,115.52
4/28/2022,6:00,0
4/28/2022,12:00,5.2
4/28/2022,18:00,315.12
4/29/2022,0:00,84.72
4/29/2022,6:00,0
4/29/2022,12:00,43.808
4/29/2022,18:00,639.504
4/30/2022,0:00,143.728
4/30/2022,6:00,0
4/30/2022,12:00,4.736
4/30/2022,18:00,258.608
5/1/2022,0:00,15.824
5/1/2022,6:00,0
5/1/2022,12:00,2.448
5/1/2022,18:00,70.512
5/2/2022,0:00,11.424
5/2/2022,6:00,0
5/2/2022,12:00,2.752
5/2/2022,18:00,72.816
5/3/2022,0:00,7.12
5/3/2022,6:00,0
5/3/2022,12:00,1.744
5/3/2022,18:00,20.288
5/4/2022,0:00,10.352
5/4/2022,6:00,0
5/4/2022,12:00,7.04
5/4/2022,18:00,274.112
5/5/2022,0:00,85.6
5/5/2022,6:00,0
5/5/2022,12:00,36.18
5/5/2022,18:00,511.056
5/6/2022,0:00,53.728
5/6/2022,6:00,0
5/6/2022,12:00,34.704
5/6/2022,18:00,508.48
5/7/2022,0:00,93.376
5/7/2022,6:00,0
5/7/2022,12:00,32.576
5/7/2022,18:00,567.52
5/8/2022,0:00,104.688
5/8/2022,6:00,0
5/8/2022,12:00,35.28
5/8/2022,18:00,562.928
5/9/2022,0:00,107.696
5/9/2022,6:00,0
5/9/2022,12:00,35.392
5/9/2022,18:00,571.616
5/10/2022,0:00,113.44
5/10/2022,6:00,0
5/10/2022,12:00,3.056
5/10/2022,18:00,347.568
5/11/2022,0:00,99.872
5/11/2022,6:00,0
5/11/2022,12:00,31.968
5/11/2022,18:00,355.472
5/12/2022,0:00,98.464
5/12/2022,6:00,0
5/12/2022,12:00,32.8
5/12/2022,18:00,560.944
5/13/2022,0:00,117.536
5/13/2022,6:00,0
5/13/2022,12:00,32.64
5/13/2022,18:00,510.48
5/14/2022,0:00,82.496
5/14/2022,6:00,0
5/14/2022,12:00,9.616
5/14/2022,18:00,307.04
5/15/2022,0:00,55.328
5/15/2022,6:00,0
5/15/2022,12:00,5.6
5/15/2022,18:00,356.944
5/16/2022,0:00,78.144
5/16/2022,6:00,0
5/16/2022,12:00,32.18
5/16/2022,18:00,493.152
5/17/2022,0:00,20.496
5/17/2022,6:00,0
5/17/2022,12:00,31.68
5/17/2022,18:00,322.912
5/18/2022,0:00,27.424
5/18/2022,6:00,0
5/18/2022,12:00,15.84
5/18/2022,18:00,420.752
5/19/2022,0:00,40.72
5/19/2022,6:00,0
5/19/2022,12:00,29.92
5/19/2022,18:00,547.104
5/20/2022,0:00,110.624
5/20/2022,6:00,0
5/20/2022,12:00,29.664
5/20/2022,18:00,546.912
5/21/2022,0:00,111.616
5/21/2022,6:00,0
5/21/2022,12:00,28.7
5/21/2022,18:00,520.416
5/22/2022,0:00,95.712
5/22/2022,6:00,0
5/22/2022,12:00,21.552
5/22/2022,18:00,500.96
5/23/2022,0:00,107.264
5/23/2022,6:00,0
5/23/2022,12:00,27.616
5/23/2022,18:00,529.168
5/24/2022,0:00,99.616
5/24/2022,6:00,0
5/24/2022,12:00,26.256
5/24/2022,18:00,513.68
5/25/2022,0:00,102.544
5/25/2022,6:00,0
5/25/2022,12:00,25.32
5/25/2022,18:00,456.944
5/26/2022,0:00,26.544
5/26/2022,6:00,0
5/26/2022,12:00,3.6
5/26/2022,18:00,34.512
5/27/2022,0:00,14.928
5/27/2022,6:00,0
5/27/2022,12:00,2.224
5/27/2022,18:00,30.864
5/28/2022,0:00,9.168
5/28/2022,6:00,0
5/28/2022,12:00,5.104
5/28/2022,18:00,59.552
5/29/2022,0:00,12.24
5/29/2022,6:00,0
5/29/2022,12:00,4.768
5/29/2022,18:00,125.552
5/30/2022,0:00,16.192
5/30/2022,6:00,0
5/30/2022,12:00,25.424
5/30/2022,18:00,524.304
5/31/2022,0:00,104.96
5/31/2022,6:00,0
5/31/2022,12:00,18.544
5/31/2022,18:00,485.488
6/1/2022,0:00,103.216
6/1/2022,6:00,0
6/1/2022,12:00,24.048
6/1/2022,18:00,509.648
6/2/2022,0:00,100.768
6/2/2022,6:00,0
6/2/2022,12:00,21.168
6/2/2022,18:00,502.912
6/3/2022,0:00,99.28
6/3/2022,6:00,0
6/3/2022,12:00,23.072
6/3/2022,18:00,508.704
6/4/2022,0:00,101.84
6/4/2022,6:00,0
6/4/2022,12:00,22.4
6/4/2022,18:00,491.136
6/5/2022,0:00,47.184
6/5/2022,6:00,0
6/5/2022,12:00,1.12
6/5/2022,18:00,67.936
6/6/2022,0:00,6.496
6/6/2022,6:00,0
6/6/2022,12:00,0.72
6/6/2022,18:00,26
6/7/2022,0:00,3.888
6/7/2022,6:00,0
6/7/2022,12:00,17.92
6/7/2022,18:00,278.496
6/8/2022,0:00,26.944
6/8/2022,6:00,0
6/8/2022,12:00,3.456
6/8/2022,18:00,277.168
6/9/2022,0:00,87.952
6/9/2022,6:00,0
6/9/2022,12:00,18.24
6/9/2022,18:00,405.824
6/10/2022,0:00,77.904
6/10/2022,6:00,0
6/10/2022,12:00,20.48
6/10/2022,18:00,501.712
6/11/2022,0:00,102.992
6/11/2022,6:00,0
6/11/2022,12:00,22.304
6/11/2022,18:00,510.48
6/12/2022,0:00,100.752
6/12/2022,6:00,0
6/12/2022,12:00,21.104
6/12/2022,18:00,498.208
6/13/2022,0:00,99.632
6/13/2022,6:00,0
6/13/2022,12:00,20.88
6/13/2022,18:00,496.576
6/14/2022,0:00,99.456
6/14/2022,6:00,0
6/14/2022,12:00,20.256
6/14/2022,18:00,492.864
6/15/2022,0:00,98.848
6/15/2022,6:00,0
6/15/2022,12:00,20.08
6/15/2022,18:00,488.864
6/16/2022,0:00,98.512
6/16/2022,6:00,0
6/16/2022,12:00,5.568
6/16/2022,18:00,93.28
6/17/2022,0:00,7.632
6/17/2022,6:00,0
6/17/2022,12:00,2.832
6/17/2022,18:00,34.24
6/18/2022,0:00,78.288
6/18/2022,6:00,0
6/18/2022,12:00,20.512
6/18/2022,18:00,503.008
6/19/2022,0:00,101.824
6/19/2022,6:00,0
6/19/2022,12:00,20.048
6/19/2022,18:00,500.608
6/20/2022,0:00,101.6
6/20/2022,6:00,0
6/20/2022,12:00,18.94
6/20/2022,18:00,478.24
6/21/2022,0:00,86.56
6/21/2022,6:00,0
6/21/2022,12:00,11.28
6/21/2022,18:00,60.592
6/22/2022,0:00,14.176
6/22/2022,6:00,0
6/22/2022,12:00,0.928
6/22/2022,18:00,32.016
6/23/2022,0:00,2.144
6/23/2022,6:00,0
6/23/2022,12:00,2.06
6/23/2022,18:00,108.56
6/24/2022,0:00,12.016
6/24/2022,6:00,0
6/24/2022,12:00,1.712
6/24/2022,18:00,64.752
6/25/2022,0:00,13.312
6/25/2022,6:00,0
6/25/2022,12:00,4.352
6/25/2022,18:00,451.536
6/26/2022,0:00,90.272
6/26/2022,6:00,0
6/26/2022,12:00,11.408
6/26/2022,18:00,163.232
6/27/2022,0:00,36
6/27/2022,6:00,0
6/27/2022,12:00,5.312
6/27/2022,18:00,207.488
6/28/2022,0:00,32.016
6/28/2022,6:00,0
6/28/2022,12:00,0.656
6/28/2022,18:00,15.904
6/29/2022,0:00,5.392
6/29/2022,6:00,0
6/29/2022,12:00,18.04
6/29/2022,18:00,484.192
6/30/2022,0:00,100.624
6/30/2022,6:00,0
6/30/2022,12:00,18.24
6/30/2022,18:00,488.704
7/1/2022,0:00,103.36
7/1/2022,6:00,0
7/1/2022,12:00,17.824
7/1/2022,18:00,304.688
7/2/2022,0:00,97.184
7/2/2022,6:00,0
7/2/2022,12:00,2.912
7/2/2022,18:00,308.144
7/3/2022,0:00,26.608
7/3/2022,6:00,0
7/3/2022,12:00,4.048
7/3/2022,18:00,67.92
7/4/2022,0:00,79.664
7/4/2022,6:00,0
7/4/2022,12:00,0.976
7/4/2022,18:00,238.448
7/5/2022,0:00,68.672
7/5/2022,6:00,0
7/5/2022,12:00,2.832
7/5/2022,18:00,171.744
7/6/2022,0:00,55.68
7/6/2022,6:00,0
7/6/2022,12:00,1.424
7/6/2022,18:00,125.088
7/7/2022,0:00,73.6
7/7/2022,6:00,0
7/7/2022,12:00,12.928
7/7/2022,18:00,311.552
7/8/2022,0:00,32.048
7/8/2022,6:00,0
7/8/2022,12:00,6.992
7/8/2022,18:00,378.176
7/9/2022,0:00,18.032
7/9/2022,6:00,0
7/9/2022,12:00,5.792
7/9/2022,18:00,351.872
7/10/2022,0:00,98.688
7/10/2022,6:00,0
7/10/2022,12:00,13.664
7/10/2022,18:00,379.232
7/11/2022,0:00,73.84
7/11/2022,6:00,0
7/11/2022,12:00,5.36
7/11/2022,18:00,92.656
7/12/2022,0:00,5.136
7/12/2022,6:00,0
7/12/2022,12:00,18.288
7/12/2022,18:00,389.44
7/13/2022,0:00,111.856
7/13/2022,6:00,0
7/13/2022,12:00,20.112
7/13/2022,18:00,514.848
7/14/2022,0:00,114.608
7/14/2022,6:00,0
7/14/2022,12:00,13.328
7/14/2022,18:00,158.24
7/15/2022,0:00,14.624
7/15/2022,6:00,0
7/15/2022,12:00,7.488
7/15/2022,18:00,412.848
7/16/2022,0:00,84.848
7/16/2022,6:00,0
7/16/2022,12:00,1.2
7/16/2022,18:00,39.776
7/17/2022,0:00,7.92
7/17/2022,6:00,0
7/17/2022,12:00,20.128
7/17/2022,18:00,513.872
7/18/2022,0:00,117.36
7/18/2022,6:00,0
7/18/2022,12:00,21.136
7/18/2022,18:00,523.088
7/19/2022,0:00,84.32
7/19/2022,6:00,0
7/19/2022,12:00,12.752
7/19/2022,18:00,472.768
7/20/2022,0:00,112.928
7/20/2022,6:00,0
7/20/2022,12:00,4.928
7/20/2022,18:00,377.232
7/21/2022,0:00,105.088
7/21/2022,6:00,0
7/21/2022,12:00,8.416
7/21/2022,18:00,320.96
7/22/2022,0:00,102.208
7/22/2022,6:00,0
7/22/2022,12:00,18.56
7/22/2022,18:00,332.448
7/23/2022,0:00,8.48
7/23/2022,6:00,0
7/23/2022,12:00,20.128
7/23/2022,18:00,426.528
7/24/2022,0:00,67.456
7/24/2022,6:00,0
7/24/2022,12:00,11.344
7/24/2022,18:00,262.368
7/25/2022,0:00,22.56
7/25/2022,6:00,0
7/25/2022,12:00,19.84
7/25/2022,18:00,512
7/26/2022,0:00,118.432
7/26/2022,6:00,0
7/26/2022,12:00,22.448
7/26/2022,18:00,517.152
7/27/2022,0:00,120.784
7/27/2022,6:00,0
7/27/2022,12:00,18.592
7/27/2022,18:00,461.152
7/28/2022,0:00,109.408
7/28/2022,6:00,0
7/28/2022,12:00,4.448
7/28/2022,18:00,44.688
7/29/2022,0:00,4.048
7/29/2022,6:00,0
7/29/2022,12:00,25.296
7/29/2022,18:00,551.232
7/30/2022,0:00,130.928
7/30/2022,6:00,0
7/30/2022,12:00,26.336
7/30/2022,18:00,561.2
7/31/2022,0:00,133.216
7/31/2022,6:00,0
7/31/2022,12:00,26.32
7/31/2022,18:00,559.04
8/1/2022,0:00,133.136
8/1/2022,6:00,0
8/1/2022,12:00,26.464
8/1/2022,18:00,556.8
8/2/2022,0:00,132.096
8/2/2022,6:00,0
8/2/2022,12:00,19.936
8/2/2022,18:00,103.376
8/3/2022,0:00,19.664
8/3/2022,6:00,0
8/3/2022,12:00,22.16
8/3/2022,18:00,177.024
8/4/2022,0:00,17.024
8/4/2022,6:00,0
8/4/2022,12:00,5.952
8/4/2022,18:00,188.256
8/5/2022,0:00,62.64
8/5/2022,6:00,0
8/5/2022,12:00,30.496
8/5/2022,18:00,594.176
8/6/2022,0:00,144.416
8/6/2022,6:00,0
8/6/2022,12:00,21.136
8/6/2022,18:00,404.976
8/7/2022,0:00,72.448
8/7/2022,6:00,0
8/7/2022,12:00,29.136
8/7/2022,18:00,345.616
8/8/2022,0:00,22.8
8/8/2022,6:00,0
8/8/2022,12:00,8.88
8/8/2022,18:00,168.064
8/9/2022,0:00,21.2
8/9/2022,6:00,0
8/9/2022,12:00,6.192
8/9/2022,18:00,44.512
8/10/2022,0:00,5.264
8/10/2022,6:00,0
8/10/2022,12:00,33.936
8/10/2022,18:00,611.712
8/11/2022,0:00,148.192
8/11/2022,6:00,0
8/11/2022,12:00,34.096
8/11/2022,18:00,610.928
8/12/2022,0:00,151.408
8/12/2022,6:00,0
8/12/2022,12:00,23.472
8/12/2022,18:00,475.568
8/13/2022,0:00,108.608
8/13/2022,6:00,0
8/13/2022,12:00,28.928
8/13/2022,18:00,566.096
8/14/2022,0:00,147.2
8/14/2022,6:00,0
8/14/2022,12:00,34.512
8/14/2022,18:00,422.256
8/15/2022,0:00,132.88
8/15/2022,6:00,0
8/15/2022,12:00,8.864
8/15/2022,18:00,369.152
8/16/2022,0:00,130.464
8/16/2022,6:00,0
8/16/2022,12:00,39.344
8/16/2022,18:00,636.592
8/17/2022,0:00,159.68
8/17/2022,6:00,0
8/17/2022,12:00,36.064
8/17/2022,18:00,425.872
8/18/2022,0:00,23.072
8/18/2022,6:00,0
8/18/2022,12:00,41.92
8/18/2022,18:00,651.696
8/19/2022,0:00,157.6
8/19/2022,6:00,0
8/19/2022,12:00,43.664
8/19/2022,18:00,664.256
8/20/2022,0:00,167.552
8/20/2022,6:00,0
8/20/2022,12:00,44.496
8/20/2022,18:00,665.504
8/21/2022,0:00,168.064
8/21/2022,6:00,0
8/21/2022,12:00,44.352
8/21/2022,18:00,658.272
8/22/2022,0:00,166.736
8/22/2022,6:00,0
8/22/2022,12:00,39.328
8/22/2022,18:00,648.832
8/23/2022,0:00,155.648
8/23/2022,6:00,0
8/23/2022,12:00,34.784
8/23/2022,18:00,617.888
8/24/2022,0:00,151.776
8/24/2022,6:00,0
8/24/2022,12:00,16.624
8/24/2022,18:00,392
8/25/2022,0:00,158.896
8/25/2022,6:00,0
8/25/2022,12:00,18.112
8/25/2022,18:00,388.96
8/26/2022,0:00,162.208
8/26/2022,6:00,0
8/26/2022,12:00,15.824
8/26/2022,18:00,610.512
8/27/2022,0:00,164.208
8/27/2022,6:00,0
8/27/2022,12:00,49.008
8/27/2022,18:00,502.288
8/28/2022,0:00,135.888
8/28/2022,6:00,0
8/28/2022,12:00,28.064
8/28/2022,18:00,625.008
8/29/2022,0:00,179.648
8/29/2022,6:00,0
8/29/2022,12:00,41.088
8/29/2022,18:00,669.104
8/30/2022,0:00,182.128
8/30/2022,6:00,0
8/30/2022,12:00,55.008
8/30/2022,18:00,700.32
8/31/2022,0:00,178.64
8/31/2022,6:00,0
8/31/2022,12:00,19.232
8/31/2022,18:00,638.128
9/1/2022,0:00,173.52
9/1/2022,6:00,0
9/1/2022,12:00,54.176
9/1/2022,18:00,461.84
9/2/2022,0:00,44.88
9/2/2022,6:00,0
9/2/2022,12:00,32.256
9/2/2022,18:00,270.416
9/3/2022,0:00,127.936
9/3/2022,6:00,0
9/3/2022,12:00,64.208
9/3/2022,18:00,746.624
9/4/2022,0:00,192.976
9/4/2022,6:00,0
9/4/2022,12:00,65.088
9/4/2022,18:00,745.04
9/5/2022,0:00,193.184
9/5/2022,6:00,0
9/5/2022,12:00,62.032
9/5/2022,18:00,697.856
9/6/2022,0:00,180
9/6/2022,6:00,0
9/6/2022,12:00,8.464
9/6/2022,18:00,624.496
9/7/2022,0:00,134.128
9/7/2022,6:00,0
9/7/2022,12:00,63.312
9/7/2022,18:00,725.6
9/8/2022,0:00,190.112
9/8/2022,6:00,0
9/8/2022,12:00,51.024
9/8/2022,18:00,629.536
9/9/2022,0:00,152.672
9/9/2022,6:00,0
9/9/2022,12:00,4.448
9/9/2022,18:00,182.976
9/10/2022,0:00,52.048
9/10/2022,6:00,0
9/10/2022,12:00,74.624
9/10/2022,18:00,772.544
9/11/2022,0:00,201.76
9/11/2022,6:00,0
9/11/2022,12:00,74.128
9/11/2022,18:00,739.552
9/12/2022,0:00,199.648
9/12/2022,6:00,0
9/12/2022,12:00,69.008
9/12/2022,18:00,737.472
9/13/2022,0:00,198.592
9/13/2022,6:00,0
9/13/2022,12:00,76.48
9/13/2022,18:00,753.088
9/14/2022,0:00,192.592
9/14/2022,6:00,0
9/14/2022,12:00,76.464
9/14/2022,18:00,761.728
9/15/2022,0:00,191.856
9/15/2022,6:00,0
9/15/2022,12:00,77.76
9/15/2022,18:00,756.88
9/16/2022,0:00,152.16
9/16/2022,6:00,0
9/16/2022,12:00,48.368
9/16/2022,18:00,707.536
9/17/2022,0:00,170.928
9/17/2022,6:00,0
9/17/2022,12:00,69.536
9/17/2022,18:00,746.256
9/18/2022,0:00,199.552
9/18/2022,6:00,0
9/18/2022,12:00,73.328
9/18/2022,18:00,670.544
9/19/2022,0:00,89.168
9/19/2022,6:00,0
9/19/2022,12:00,14.352
9/19/2022,18:00,147.664
9/20/2022,0:00,21.28
9/20/2022,6:00,0
9/20/2022,12:00,75.072
9/20/2022,18:00,530.272
9/21/2022,0:00,132.144
9/21/2022,6:00,0
9/21/2022,12:00,34.096
9/21/2022,18:00,697.952
9/22/2022,0:00,156.8
9/22/2022,6:00,0
9/22/2022,12:00,3.632
9/22/2022,18:00,657.216
9/23/2022,0:00,108.736
9/23/2022,6:00,0
9/23/2022,12:00,94.56
9/23/2022,18:00,817.536
9/24/2022,0:00,216.208
9/24/2022,6:00,0
9/24/2022,12:00,96.256
9/24/2022,18:00,820.144
9/25/2022,0:00,218.24
9/25/2022,6:00,0
9/25/2022,12:00,40.832
9/25/2022,18:00,525.248
9/26/2022,0:00,105.248
9/26/2022,6:00,0
9/26/2022,12:00,34.032
9/26/2022,18:00,516.576
9/27/2022,0:00,215.296
9/27/2022,6:00,0
9/27/2022,12:00,101.296
9/27/2022,18:00,828.704
9/28/2022,0:00,218.624
9/28/2022,6:00,0
9/28/2022,12:00,95.888
9/28/2022,18:00,736.976
9/29/2022,0:00,165.488
9/29/2022,6:00,0
9/29/2022,12:00,58.08
9/29/2022,18:00,271.248
9/30/2022,0:00,7.424
9/30/2022,6:00,0
9/30/2022,12:00,15.232
9/30/2022,18:00,408.88
10/1/2022,0:00,59.728
10/1/2022,6:00,0
10/1/2022,12:00,24.8
10/1/2022,18:00,811.12
10/2/2022,0:00,222.848
10/2/2022,6:00,0
10/2/2022,12:00,110.9
10/2/2022,18:00,850.16
10/3/2022,0:00,226.464
10/3/2022,6:00,0
10/3/2022,12:00,111.56
10/3/2022,18:00,848.608
10/4/2022,0:00,231.216
10/4/2022,6:00,0
10/4/2022,12:00,112.04
10/4/2022,18:00,876.92
10/5/2022,0:00,236.976
10/5/2022,6:00,0
10/5/2022,12:00,117.72
10/5/2022,18:00,796.4
10/6/2022,0:00,99.28
10/6/2022,6:00,0
10/6/2022,12:00,34.48
10/6/2022,18:00,317.14
10/7/2022,0:00,35.76
10/7/2022,6:00,0
10/7/2022,12:00,118.94
10/7/2022,18:00,869.98
10/8/2022,0:00,235.856
10/8/2022,6:00,0
10/8/2022,12:00,123.02
10/8/2022,18:00,834.58
10/9/2022,0:00,233.088
10/9/2022,6:00,0
10/9/2022,12:00,50.88
10/9/2022,18:00,820.36
10/10/2022,0:00,243.168
10/10/2022,6:00,0
10/10/2022,12:00,129.52
10/10/2022,18:00,851.56
10/11/2022,0:00,182.704
10/11/2022,6:00,0
10/11/2022,12:00,23
10/11/2022,18:00,338.76
10/12/2022,0:00,44.224
10/12/2022,6:00,0
10/12/2022,12:00,127.98
10/12/2022,18:00,883.54
10/13/2022,0:00,243.2
10/13/2022,6:00,0
10/13/2022,12:00,132.62
10/13/2022,18:00,892.06
10/14/2022,0:00,238.784
10/14/2022,6:00,0
10/14/2022,12:00,131.9
10/14/2022,18:00,884.7
10/15/2022,0:00,238.736
10/15/2022,6:00,0
10/15/2022,12:00,38.58
10/15/2022,18:00,274.16
10/16/2022,0:00,87.136
10/16/2022,6:00,0
10/16/2022,12:00,131.232
10/16/2022,18:00,853.9
10/17/2022,0:00,144.176
10/17/2022,6:00,0
10/17/2022,12:00,135.744
10/17/2022,18:00,557.14
10/18/2022,0:00,149.648
10/18/2022,6:00,0
10/18/2022,12:00,73.3
10/18/2022,18:00,451.58
10/19/2022,0:00,168.48
10/19/2022,6:00,0
10/19/2022,12:00,44.512
10/19/2022,18:00,838.3
10/20/2022,0:00,241.024
10/20/2022,6:00,0
10/20/2022,12:00,100.14
10/20/2022,18:00,428.08
10/21/2022,0:00,57.312
10/21/2022,6:00,0
10/21/2022,12:00,40.36
10/21/2022,18:00,506.96
10/22/2022,0:00,82.4
10/22/2022,6:00,0
10/22/2022,12:00,144.26
10/22/2022,18:00,902.66
10/23/2022,0:00,165.456
10/23/2022,6:00,0
10/23/2022,12:00,150.048
10/23/2022,18:00,940.78
10/24/2022,0:00,263.632
10/24/2022,6:00,0
10/24/2022,12:00,153.86
10/24/2022,18:00,939.4
10/25/2022,0:00,264.672
10/25/2022,6:00,0
10/25/2022,12:00,154.224
10/25/2022,18:00,939.34
10/26/2022,0:00,262.16
10/26/2022,6:00,0
10/26/2022,12:00,110.704
10/26/2022,18:00,499.58
10/27/2022,0:00,23.408
10/27/2022,6:00,0
10/27/2022,12:00,159.776
10/27/2022,18:00,944.04
10/28/2022,0:00,268.48
10/28/2022,6:00,0
10/28/2022,12:00,161.5
10/28/2022,18:00,954.32
10/29/2022,0:00,270.528
10/29/2022,6:00,0
10/29/2022,12:00,156.112
10/29/2022,18:00,911.68
10/30/2022,0:00,158.4
10/30/2022,6:00,0
10/30/2022,12:00,115.264
10/30/2022,18:00,832.36
10/31/2022,0:00,159.424
10/31/2022,6:00,0
10/31/2022,12:00,19.664
10/31/2022,18:00,418.42
11/1/2022,0:00,114.048
11/1/2022,6:00,0
11/1/2022,12:00,169
11/1/2022,18:00,913.44
11/2/2022,0:00,246.448
11/2/2022,6:00,0
11/2/2022,12:00,170.34
11/2/2022,18:00,970.84
11/3/2022,0:00,281.44
11/3/2022,6:00,0
11/3/2022,12:00,168.12
11/3/2022,18:00,963.58
11/4/2022,0:00,281.296
11/4/2022,6:00,0
11/4/2022,12:00,168.656
11/4/2022,18:00,961
11/5/2022,0:00,282.08
11/5/2022,6:00,0
11/5/2022,12:00,172.1
11/5/2022,18:00,968.02
11/6/2022,0:00,284.144
11/6/2022,6:00,0
11/6/2022,12:00,168.92
11/6/2022,18:00,959.84
11/7/2022,0:00,284.144
11/7/2022,6:00,0
11/7/2022,12:00,171.12
11/7/2022,18:00,966.32
11/8/2022,0:00,285.008
11/8/2022,6:00,0
11/8/2022,12:00,171.392
11/8/2022,18:00,956.78
11/9/2022,0:00,283.664
11/9/2022,6:00,0
11/9/2022,12:00,173.74
11/9/2022,18:00,970.68
11/10/2022,0:00,282.88
11/10/2022,6:00,0
11/10/2022,12:00,174.624
11/10/2022,18:00,905.32
11/11/2022,0:00,147.728
11/11/2022,6:00,0
11/11/2022,12:00,125.92
11/11/2022,18:00,886.34
11/12/2022,0:00,283.728
11/12/2022,6:00,0
11/12/2022,12:00,133
11/12/2022,18:00,556.9
11/13/2022,0:00,93.472
11/13/2022,6:00,0
11/13/2022,12:00,15.12
11/13/2022,18:00,127.06
11/14/2022,0:00,44.688
11/14/2022,6:00,0
11/14/2022,12:00,153.44
11/14/2022,18:00,545.06
11/15/2022,0:00,270.048
11/15/2022,6:00,0
11/15/2022,12:00,178.28
11/15/2022,18:00,970.84
11/16/2022,0:00,298.272
11/16/2022,6:00,0
11/16/2022,12:00,175.72
11/16/2022,18:00,975.34
11/17/2022,0:00,299.264
11/17/2022,6:00,0
11/17/2022,12:00,170.32
11/17/2022,18:00,972.32
11/18/2022,0:00,301.328
11/18/2022,6:00,0
11/18/2022,12:00,181.68
11/18/2022,18:00,980.8
11/19/2022,0:00,301.32
11/19/2022,6:00,0
11/19/2022,12:00,170.54
11/19/2022,18:00,973.06
11/20/2022,0:00,303.824
11/20/2022,6:00,0
11/20/2022,12:00,146.22
11/20/2022,18:00,841.52
11/21/2022,0:00,98.96
11/21/2022,6:00,0
11/21/2022,12:00,8.8
11/21/2022,18:00,106.38
11/22/2022,0:00,23.616
11/22/2022,6:00,0
11/22/2022,12:00,115.96
11/22/2022,18:00,911.84
11/23/2022,0:00,312.768
11/23/2022,6:00,0
11/23/2022,12:00,184.4
11/23/2022,18:00,983.1
11/24/2022,0:00,313.616
11/24/2022,6:00,0
11/24/2022,12:00,183.26
11/24/2022,18:00,979.06
11/25/2022,0:00,311.76
11/25/2022,6:00,0
11/25/2022,12:00,183.08
11/25/2022,18:00,984.06
11/26/2022,0:00,314.28
11/26/2022,6:00,0
11/26/2022,12:00,185.48
11/26/2022,18:00,986.32
11/27/2022,0:00,314.656
11/27/2022,6:00,0
11/27/2022,12:00,178.02
11/27/2022,18:00,962.3
11/28/2022,0:00,312.032
11/28/2022,6:00,0
11/28/2022,12:00,177.92
11/28/2022,18:00,973.62
11/29/2022,0:00,319.54
11/29/2022,6:00,0
11/29/2022,12:00,178.78
11/29/2022,18:00,966.68
11/30/2022,0:00,315.36
11/30/2022,6:00,0
11/30/2022,12:00,176.94
11/30/2022,18:00,964.5
12/1/2022,0:00,297.2
12/1/2022,6:00,0
12/1/2022,12:00,176.94
12/1/2022,18:00,852.2
12/2/2022,0:00,39.616
12/2/2022,6:00,0
12/2/2022,12:00,157.92
12/2/2022,18:00,432.22
12/3/2022,0:00,193.328
12/3/2022,6:00,0
12/3/2022,12:00,151.36
12/3/2022,18:00,468.26
12/4/2022,0:00,197.632
12/4/2022,6:00,0
12/4/2022,12:00,172.9
12/4/2022,18:00,816.8
12/5/2022,0:00,232.4
12/5/2022,6:00,0
12/5/2022,12:00,178.18
12/5/2022,18:00,975.62
12/6/2022,0:00,327.48
12/6/2022,6:00,0
12/6/2022,12:00,179.38
12/6/2022,18:00,974
12/7/2022,0:00,330.14
12/7/2022,6:00,0
12/7/2022,12:00,179.08
12/7/2022,18:00,989.06
12/8/2022,0:00,335.424
12/8/2022,6:00,0
12/8/2022,12:00,176.06
12/8/2022,18:00,973.36
12/9/2022,0:00,330.832
12/9/2022,6:00,0
12/9/2022,12:00,179.8
12/9/2022,18:00,987.08
12/10/2022,0:00,338.7
12/10/2022,6:00,0
12/10/2022,12:00,130.76
12/10/2022,18:00,559.38
12/11/2022,0:00,82.62
12/11/2022,6:00,0
12/11/2022,12:00,158.44
12/11/2022,18:00,949.24
12/12/2022,0:00,340.32
12/12/2022,6:00,0
12/12/2022,12:00,173.7
12/12/2022,18:00,933.38
12/13/2022,0:00,247.06
12/13/2022,6:00,0
12/13/2022,12:00,184.12
12/13/2022,18:00,1009.26
12/14/2022,0:00,354.06
12/14/2022,6:00,0
12/14/2022,12:00,181.74
12/14/2022,18:00,1007.42
12/15/2022,0:00,355.6
12/15/2022,6:00,0
12/15/2022,12:00,169.72
12/15/2022,18:00,845.18
12/16/2022,0:00,254.5
12/16/2022,6:00,0
12/16/2022,12:00,169.8
12/16/2022,18:00,1013.5
12/17/2022,0:00,360.5
12/17/2022,6:00,0
12/17/2022,12:00,177.36
12/17/2022,18:00,1003.18
12/18/2022,0:00,302.34
12/18/2022,6:00,0
12/18/2022,12:00,171.74
12/18/2022,18:00,959.7
12/19/2022,0:00,273.9
12/19/2022,6:00,0
12/19/2022,12:00,168.82
12/19/2022,18:00,826.02
12/20/2022,0:00,144.928
12/20/2022,6:00,0
12/20/2022,12:00,170.62
12/20/2022,18:00,986.08
12/21/2022,0:00,357.12
12/21/2022,6:00,0
12/21/2022,12:00,168.34
12/21/2022,18:00,977.1
12/22/2022,0:00,353.472
12/22/2022,6:00,0
12/22/2022,12:00,167.58
12/22/2022,18:00,976.78
12/23/2022,0:00,340.672
12/23/2022,6:00,0
12/23/2022,12:00,151.66
12/23/2022,18:00,862.48
12/24/2022,0:00,194.2
12/24/2022,6:00,0
12/24/2022,12:00,100.02
12/24/2022,18:00,389.58
12/25/2022,0:00,293.28
12/25/2022,6:00,0
12/25/2022,12:00,106.08
12/25/2022,18:00,391.12
12/26/2022,0:00,81.728
12/26/2022,6:00,0
12/26/2022,12:00,152.58
12/26/2022,18:00,690.42
12/27/2022,0:00,354.512
12/27/2022,6:00,0
12/27/2022,12:00,128.1
12/27/2022,18:00,374.88
12/28/2022,0:00,126.72
12/28/2022,6:00,0
12/28/2022,12:00,163.36
12/28/2022,18:00,983.38
12/29/2022,0:00,364.08
12/29/2022,6:00,0
12/29/2022,12:00,166.34
12/29/2022,18:00,1000.62
12/30/2022,0:00,372.24
12/30/2022,6:00,0
12/30/2022,12:00,165.28
12/30/2022,18:00,993.62
12/31/2022,0:00,369.7
12/31/2022,6:00,0
12/31/2022,12:00,163
12/31/2022,18:00,985.7
1/1/2023,0:00,368.86
1/1/2023,6:00,0
1/1/2023,12:00,159.12
1/1/2023,18:00,950.8
1/2/2023,0:00,250.64
1/2/2023,6:00,0
1/2/2023,12:00,133.32
1/2/2023,18:00,662.22
1/3/2023,0:00,377.568
1/3/2023,6:00,0
1/3/2023,12:00,160.52
1/3/2023,18:00,991.48
1/4/2023,0:00,239.184
1/4/2023,6:00,0
1/4/2023,12:00,159.6
1/4/2023,18:00,994.26
1/5/2023,0:00,377.088
1/5/2023,6:00,0
1/5/2023,12:00,155.36
1/5/2023,18:00,981.14
1/6/2023,0:00,365.16
1/6/2023,6:00,0
1/6/2023,12:00,153.58
1/6/2023,18:00,978.76
1/7/2023,0:00,372.86
1/7/2023,6:00,0
1/7/2023,12:00,153.1
1/7/2023,18:00,982.64
1/8/2023,0:00,374
1/8/2023,6:00,0
1/8/2023,12:00,148.32
1/8/2023,18:00,975.4
1/9/2023,0:00,372.92
1/9/2023,6:00,0
1/9/2023,12:00,147.22
1/9/2023,18:00,967.48
1/10/2023,0:00,370.016
1/10/2023,6:00,0
1/10/2023,12:00,65.32
1/10/2023,18:00,741.1
1/11/2023,0:00,340.08
1/11/2023,6:00,0
1/11/2023,12:00,143.94
1/11/2023,18:00,946
1/12/2023,0:00,311.648
1/12/2023,6:00,0
1/12/2023,12:00,97.1
1/12/2023,18:00,785.54
1/13/2023,0:00,177.1
1/13/2023,6:00,0
1/13/2023,12:00,11.02
1/13/2023,18:00,48.76
1/14/2023,0:00,151.92
1/14/2023,6:00,0
1/14/2023,12:00,139.34
1/14/2023,18:00,870.24
1/15/2023,0:00,321.62
1/15/2023,6:00,0
1/15/2023,12:00,81.82
1/15/2023,18:00,846.98
1/16/2023,0:00,368.96
1/16/2023,6:00,0
1/16/2023,12:00,138.16
1/16/2023,18:00,956.98
1/17/2023,0:00,338.912
1/17/2023,6:00,0
1/17/2023,12:00,134.6
1/17/2023,18:00,951.12
1/18/2023,0:00,376.816
1/18/2023,6:00,0
1/18/2023,12:00,132.18
1/18/2023,18:00,939.1
1/19/2023,0:00,358.496
1/19/2023,6:00,0
1/19/2023,12:00,130.464
1/19/2023,18:00,921.66
1/20/2023,0:00,140.24
1/20/2023,6:00,0
1/20/2023,12:00,131.408
1/20/2023,18:00,942.18
1/21/2023,0:00,365.2
1/21/2023,6:00,0
1/21/2023,12:00,129.54
1/21/2023,18:00,479.32
1/22/2023,0:00,130.048
1/22/2023,6:00,0
1/22/2023,12:00,129.9
1/22/2023,18:00,947.1
1/23/2023,0:00,367.664
1/23/2023,6:00,0
1/23/2023,12:00,130.36
1/23/2023,18:00,949.44
1/24/2023,0:00,367.456
1/24/2023,6:00,0
1/24/2023,12:00,130.24
1/24/2023,18:00,954.04
1/25/2023,0:00,369.936
1/25/2023,6:00,0
1/25/2023,12:00,127.472
1/25/2023,18:00,923.32
1/26/2023,0:00,288.144
1/26/2023,6:00,0
1/26/2023,12:00,42.336
1/26/2023,18:00,597.84
1/27/2023,0:00,197.168
1/27/2023,6:00,0
1/27/2023,12:00,28.32
1/27/2023,18:00,907.22
1/28/2023,0:00,101.728
1/28/2023,6:00,0
1/28/2023,12:00,122.064
1/28/2023,18:00,752.14
1/29/2023,0:00,162.864
1/29/2023,6:00,0
1/29/2023,12:00,117.82
1/29/2023,18:00,918.34
1/30/2023,0:00,357.696
1/30/2023,6:00,0
1/30/2023,12:00,118.88
1/30/2023,18:00,937.92
1/31/2023,0:00,363.824
1/31/2023,6:00,0
1/31/2023,12:00,123.312
1/31/2023,18:00,946.42
2/1/2023,0:00,368.88
2/1/2023,6:00,0
2/1/2023,12:00,119.264
2/1/2023,18:00,933.66
2/2/2023,0:00,357.264
2/2/2023,6:00,0
2/2/2023,12:00,105.92
2/2/2023,18:00,641.58
2/3/2023,0:00,79.76
2/3/2023,6:00,0
2/3/2023,12:00,112.704
2/3/2023,18:00,817.44
2/4/2023,0:00,131.728
2/4/2023,6:00,0
2/4/2023,12:00,113.04
2/4/2023,18:00,637.2
2/5/2023,0:00,355.824
2/5/2023,6:00,0
2/5/2023,12:00,110.82
2/5/2023,18:00,932.5
2/6/2023,0:00,332.752
2/6/2023,6:00,0
2/6/2023,12:00,118.96
2/6/2023,18:00,953.56
2/7/2023,0:00,365.472
2/7/2023,6:00,0
2/7/2023,12:00,114.192
2/7/2023,18:00,936.9
2/8/2023,0:00,357.04
2/8/2023,6:00,0
2/8/2023,12:00,111.648
2/8/2023,18:00,928.496
2/9/2023,0:00,345.04
2/9/2023,6:00,0
2/9/2023,12:00,77.168
2/9/2023,18:00,552.1
2/10/2023,0:00,187.696
2/10/2023,6:00,0
2/10/2023,12:00,74.944
2/10/2023,18:00,852.944
2/11/2023,0:00,318.112
2/11/2023,6:00,0
2/11/2023,12:00,106.98
2/11/2023,18:00,902.4
2/12/2023,0:00,275.92
2/12/2023,6:00,0
2/12/2023,12:00,108.86
2/12/2023,18:00,929.584
2/13/2023,0:00,349.68
2/13/2023,6:00,0
2/13/2023,12:00,103.62
2/13/2023,18:00,889.04
2/14/2023,0:00,247.056
2/14/2023,6:00,0
2/14/2023,12:00,100.18
2/14/2023,18:00,795.52
2/15/2023,0:00,260.576
2/15/2023,6:00,0
2/15/2023,12:00,95.152
2/15/2023,18:00,821.776
2/16/2023,0:00,296.592
2/16/2023,6:00,0
2/16/2023,12:00,101.584
2/16/2023,18:00,891.9
2/17/2023,0:00,234.688
2/17/2023,6:00,0
2/17/2023,12:00,81.84
2/17/2023,18:00,911.424
2/18/2023,0:00,296.176
2/18/2023,6:00,0
2/18/2023,12:00,106.12
2/18/2023,18:00,937.44
2/19/2023,0:00,345.072
2/19/2023,6:00,0
2/19/2023,12:00,91.22
2/19/2023,18:00,896.608
2/20/2023,0:00,282.24
2/20/2023,6:00,0
2/20/2023,12:00,83.04
2/20/2023,18:00,877.312
2/21/2023,0:00,316.608
2/21/2023,6:00,0
2/21/2023,12:00,96.288
2/21/2023,18:00,883.472
2/22/2023,0:00,318.88
2/22/2023,6:00,0
2/22/2023,12:00,95.472
2/22/2023,18:00,825.056
2/23/2023,0:00,259.04
2/23/2023,6:00,0
2/23/2023,12:00,26.784
2/23/2023,18:00,428.624
2/24/2023,0:00,226.976
2/24/2023,6:00,0
2/24/2023,12:00,88.144
2/24/2023,18:00,606.656
2/25/2023,0:00,125.808
2/25/2023,6:00,0
2/25/2023,12:00,91.024
2/25/2023,18:00,866.368
2/26/2023,0:00,309.968
2/26/2023,6:00,0
2/26/2023,12:00,93.152
2/26/2023,18:00,871.248
2/27/2023,0:00,305.744
2/27/2023,6:00,0
2/27/2023,12:00,91.86
2/27/2023,18:00,867.568
2/28/2023,0:00,303.488
2/28/2023,6:00,0
2/28/2023,12:00,90.032
2/28/2023,18:00,823.744
3/1/2023,0:00,139.44
3/1/2023,6:00,0
3/1/2023,12:00,87.744
3/1/2023,18:00,806.864
3/2/2023,0:00,106.912
3/2/2023,6:00,0
3/2/2023,12:00,81.12
3/2/2023,18:00,626.576
3/3/2023,0:00,60.992
3/3/2023,6:00,0
3/3/2023,12:00,51.296
3/3/2023,18:00,307.664
3/4/2023,0:00,142.608
3/4/2023,6:00,0
3/4/2023,12:00,31.152
3/4/2023,18:00,552.256
3/5/2023,0:00,249.568
3/5/2023,6:00,0
3/5/2023,12:00,84.44
3/5/2023,18:00,840.448
3/6/2023,0:00,284.976
3/6/2023,6:00,0
3/6/2023,12:00,86.42
3/6/2023,18:00,867.392
3/7/2023,0:00,289.424
3/7/2023,6:00,0
3/7/2023,12:00,80.144
3/7/2023,18:00,821.712
3/8/2023,0:00,272.688
3/8/2023,6:00,0
3/8/2023,12:00,76.336
3/8/2023,18:00,817.824
3/9/2023,0:00,274.4
3/9/2023,6:00,0
3/9/2023,12:00,80.112
3/9/2023,18:00,822.16
3/10/2023,0:00,271.168
3/10/2023,6:00,0
3/10/2023,12:00,78.944
3/10/2023,18:00,811.632
3/11/2023,0:00,267.536
3/11/2023,6:00,0
3/11/2023,12:00,78.496
3/11/2023,18:00,824.656
3/12/2023,0:00,267.904
3/12/2023,6:00,0
3/12/2023,12:00,77.344
3/12/2023,18:00,810.16
3/13/2023,0:00,249.328
3/13/2023,6:00,0
3/13/2023,12:00,75.248
3/13/2023,18:00,800.272
3/14/2023,0:00,171.84
3/14/2023,6:00,0
3/14/2023,12:00,40.544
3/14/2023,18:00,517.888
3/15/2023,0:00,111.36
3/15/2023,6:00,0
3/15/2023,12:00,25.264
3/15/2023,18:00,400.448
3/16/2023,0:00,99.776
3/16/2023,6:00,0
3/16/2023,12:00,4.496
3/16/2023,18:00,233.136
3/17/2023,0:00,219.44
3/17/2023,6:00,0
3/17/2023,12:00,69.584
3/17/2023,18:00,494.64
3/18/2023,0:00,181.664
3/18/2023,6:00,0
3/18/2023,12:00,67.248
3/18/2023,18:00,729.6
3/19/2023,0:00,233.52
3/19/2023,6:00,0
3/19/2023,12:00,69.616
3/19/2023,18:00,767.072
3/20/2023,0:00,109.744
3/20/2023,6:00,0
3/20/2023,12:00,51.088
3/20/2023,18:00,746.512
3/21/2023,0:00,128.752
3/21/2023,6:00,0
3/21/2023,12:00,67.936
3/21/2023,18:00,755.52
3/22/2023,0:00,228.48
3/22/2023,6:00,0
3/22/2023,12:00,62.32
3/22/2023,18:00,753.296
3/23/2023,0:00,218.048
3/23/2023,6:00,0
3/23/2023,12:00,57.28
3/23/2023,18:00,744.224
3/24/2023,0:00,182.64
3/24/2023,6:00,0
3/24/2023,12:00,53.472
3/24/2023,18:00,679.152
3/25/2023,0:00,157.456
3/25/2023,6:00,0
3/25/2023,12:00,1.312
3/25/2023,18:00,222.416
3/26/2023,0:00,109.024
3/26/2023,6:00,0
3/26/2023,12:00,66.624
3/26/2023,18:00,760.112
3/27/2023,0:00,223.136
3/27/2023,6:00,0
3/27/2023,12:00,68.88
3/27/2023,18:00,781.312
3/28/2023,0:00,228.352
3/28/2023,6:00,0
3/28/2023,12:00,65.792
3/28/2023,18:00,767.04
3/29/2023,0:00,218.048
3/29/2023,6:00,0
3/29/2023,12:00,10.208
3/29/2023,18:00,645.152
3/30/2023,0:00,185.104
3/30/2023,6:00,0
3/30/2023,12:00,33.888
3/30/2023,18:00,585.168
3/31/2023,0:00,200.736
3/31/2023,6:00,0
3/31/2023,12:00,35.392
3/31/2023,18:00,515.76
4/1/2023,0:00,165.856
4/1/2023,6:00,0
4/1/2023,12:00,65.776
4/1/2023,18:00,767.504
4/2/2023,0:00,214.928
4/2/2023,6:00,0
4/2/2023,12:00,64.112
4/2/2023,18:00,757.024
4/3/2023,0:00,211.552
4/3/2023,6:00,0
4/3/2023,12:00,63.056
4/3/2023,18:00,747.52
4/4/2023,0:00,193.232
4/4/2023,6:00,0
4/4/2023,12:00,3.28
4/4/2023,18:00,239.968
4/5/2023,0:00,80.256
4/5/2023,6:00,0
4/5/2023,12:00,30.384
4/5/2023,18:00,107.472
4/6/2023,0:00,40.4
4/6/2023,6:00,0
4/6/2023,12:00,10.656
4/6/2023,18:00,471.344
4/7/2023,0:00,157.152
4/7/2023,6:00,0
4/7/2023,12:00,52.704
4/7/2023,18:00,555.52
4/8/2023,0:00,109.856
4/8/2023,6:00,0
4/8/2023,12:00,31.936
4/8/2023,18:00,630.08
4/9/2023,0:00,183.792
4/9/2023,6:00,0
4/9/2023,12:00,54.08
4/9/2023,18:00,685.36
4/10/2023,0:00,181.296
4/10/2023,6:00,0
4/10/2023,12:00,54.14
4/10/2023,18:00,693.472
4/11/2023,0:00,180.72
4/11/2023,6:00,0
4/11/2023,12:00,52.736
4/11/2023,18:00,683.968
4/12/2023,0:00,171.248
4/12/2023,6:00,0
4/12/2023,12:00,8.84
4/12/2023,18:00,291.968
4/13/2023,0:00,88.064
4/13/2023,6:00,0
4/13/2023,12:00,2.16
4/13/2023,18:00,76.32
4/14/2023,0:00,19.072
4/14/2023,6:00,0
4/14/2023,12:00,50.592
4/14/2023,18:00,671.328
4/15/2023,0:00,170.56
4/15/2023,6:00,0
4/15/2023,12:00,48.976
4/15/2023,18:00,654.496
4/16/2023,0:00,163.904
4/16/2023,6:00,0
4/16/2023,12:00,16.32
4/16/2023,18:00,329.216
4/17/2023,0:00,150.72
4/17/2023,6:00,0
4/17/2023,12:00,25.936
4/17/2023,18:00,614.128
4/18/2023,0:00,157.984
4/18/2023,6:00,0
4/18/2023,12:00,49.984
4/18/2023,18:00,673.472
4/19/2023,0:00,164.016
4/19/2023,6:00,0
4/19/2023,12:00,48.88
4/19/2023,18:00,424.976
4/20/2023,0:00,59.744
4/20/2023,6:00,0
4/20/2023,12:00,48.512
4/20/2023,18:00,667.936
4/21/2023,0:00,163.28
4/21/2023,6:00,0
4/21/2023,12:00,49.504
4/21/2023,18:00,670.496
4/22/2023,0:00,155.872
4/22/2023,6:00,0
4/22/2023,12:00,19.904
4/22/2023,18:00,598.944
4/23/2023,0:00,155.136
4/23/2023,6:00,0
4/23/2023,12:00,31.216
4/23/2023,18:00,542.272
4/24/2023,0:00,128.528
4/24/2023,6:00,0
4/24/2023,12:00,44.064
4/24/2023,18:00,450.16
4/25/2023,0:00,78.576
4/25/2023,6:00,0
4/25/2023,12:00,30.032
4/25/2023,18:00,185.312
4/26/2023,0:00,55.488
4/26/2023,6:00,0
4/26/2023,12:00,41.84
4/26/2023,18:00,454
4/27/2023,0:00,26.768
4/27/2023,6:00,0
4/27/2023,12:00,41.856
4/27/2023,18:00,615.616
4/28/2023,0:00,141.808
4/28/2023,6:00,0
4/28/2023,12:00,42.08
4/28/2023,18:00,618.64
4/29/2023,0:00,142.464
4/29/2023,6:00,0
4/29/2023,12:00,41.792
4/29/2023,18:00,613.68
4/30/2023,0:00,138.736
4/30/2023,6:00,0
4/30/2023,12:00,40.736
4/30/2023,18:00,602.72
5/1/2023,0:00,133.52
5/1/2023,6:00,0
5/1/2023,12:00,3.248
5/1/2023,18:00,188.32
5/2/2023,0:00,40.88
5/2/2023,6:00,0
5/2/2023,12:00,1.712
5/2/2023,18:00,29.408
5/3/2023,0:00,2.192
5/3/2023,6:00,0
5/3/2023,12:00,3.04
5/3/2023,18:00,44.912
5/4/2023,0:00,3.968
5/4/2023,6:00,0
5/4/2023,12:00,3.28
5/4/2023,18:00,28.416
5/5/2023,0:00,2.992
5/5/2023,6:00,0
5/5/2023,12:00,2.56
5/5/2023,18:00,18.72
5/6/2023,0:00,2.592
5/6/2023,6:00,0
5/6/2023,12:00,10.24
5/6/2023,18:00,76.704
5/7/2023,0:00,3.056
5/7/2023,6:00,0
5/7/2023,12:00,1.568
5/7/2023,18:00,31.36
5/8/2023,0:00,14.528
5/8/2023,6:00,0
5/8/2023,12:00,35.616
5/8/2023,18:00,580.288
5/9/2023,0:00,124.304
5/9/2023,6:00,0
5/9/2023,12:00,35.152
5/9/2023,18:00,583.6
5/10/2023,0:00,125.344
5/10/2023,6:00,0
5/10/2023,12:00,26.672
5/10/2023,18:00,526.56
5/11/2023,0:00,120.736
5/11/2023,6:00,0
5/11/2023,12:00,32.736
5/11/2023,18:00,528.592
5/12/2023,0:00,85.584
5/12/2023,6:00,0
5/12/2023,12:00,33.2
5/12/2023,18:00,558.4
5/13/2023,0:00,118.048
5/13/2023,6:00,0
5/13/2023,12:00,32.272
5/13/2023,18:00,554.608
5/14/2023,0:00,115.424
5/14/2023,6:00,0
5/14/2023,12:00,31.84
5/14/2023,18:00,551.968
5/15/2023,0:00,114.848
5/15/2023,6:00,0
5/15/2023,12:00,31.936
5/15/2023,18:00,555.136
5/16/2023,0:00,114.896
5/16/2023,6:00,0
5/16/2023,12:00,31.616
5/16/2023,18:00,553.44
5/17/2023,0:00,114.416
5/17/2023,6:00,0
5/17/2023,12:00,28.608
5/17/2023,18:00,541.024
5/18/2023,0:00,113.488
5/18/2023,6:00,0
5/18/2023,12:00,29.824
5/18/2023,18:00,540.144
5/19/2023,0:00,109.632
5/19/2023,6:00,0
5/19/2023,12:00,19.552
5/19/2023,18:00,511.824
5/20/2023,0:00,106.096
5/20/2023,6:00,0
5/20/2023,12:00,21.504
5/20/2023,18:00,404.32
5/21/2023,0:00,71.104
5/21/2023,6:00,0
5/21/2023,12:00,9.856
5/21/2023,18:00,67.056
5/22/2023,0:00,7.568
5/22/2023,6:00,0
5/22/2023,12:00,11.68
5/22/2023,18:00,393.6
5/23/2023,0:00,68.256
5/23/2023,6:00,0
5/23/2023,12:00,25.808
5/23/2023,18:00,505.776
5/24/2023,0:00,100.592
5/24/2023,6:00,0
5/24/2023,12:00,25.712
5/24/2023,18:00,505.216
5/25/2023,0:00,101.36
5/25/2023,6:00,0
5/25/2023,12:00,25.648
5/25/2023,18:00,509.376
5/26/2023,0:00,102.128
5/26/2023,6:00,0
5/26/2023,12:00,12.208
5/26/2023,18:00,383.616
5/27/2023,0:00,72.48
5/27/2023,6:00,0
5/27/2023,12:00,8.496
5/27/2023,18:00,82.176
5/28/2023,0:00,16.08
5/28/2023,6:00,0
5/28/2023,12:00,13.328
5/28/2023,18:00,448.336
5/29/2023,0:00,101.056
5/29/2023,6:00,0
5/29/2023,12:00,25.616
5/29/2023,18:00,522.736
5/30/2023,0:00,102.16
5/30/2023,6:00,0
5/30/2023,12:00,23.2
5/30/2023,18:00,459.376
5/31/2023,0:00,90.064
5/31/2023,6:00,0
5/31/2023,12:00,22.704
5/31/2023,18:00,477.088
6/1/2023,0:00,95.168
6/1/2023,6:00,0
6/1/2023,12:00,22.096
6/1/2023,18:00,482.768
6/2/2023,0:00,94.864
6/2/2023,6:00,0
6/2/2023,12:00,22.464
6/2/2023,18:00,462.08
6/3/2023,0:00,96.432
6/3/2023,6:00,0
6/3/2023,12:00,20.32
6/3/2023,18:00,455.856
6/4/2023,0:00,93.68
6/4/2023,6:00,0
6/4/2023,12:00,21.168
6/4/2023,18:00,475.344
6/5/2023,0:00,91.36
6/5/2023,6:00,0
6/5/2023,12:00,20.096
6/5/2023,18:00,334.672
6/6/2023,0:00,35.488
6/6/2023,6:00,0
6/6/2023,12:00,20
6/6/2023,18:00,467.456
6/7/2023,0:00,91.904
6/7/2023,6:00,0
6/7/2023,12:00,19.76
6/7/2023,18:00,461.664
6/8/2023,0:00,83.648
6/8/2023,6:00,0
6/8/2023,12:00,20
6/8/2023,18:00,473.152
6/9/2023,0:00,94.448
6/9/2023,6:00,0
6/9/2023,12:00,20.448
6/9/2023,18:00,474
6/10/2023,0:00,92.928
6/10/2023,6:00,0
6/10/2023,12:00,1.456
6/10/2023,18:00,70.752
6/11/2023,0:00,49.76
6/11/2023,6:00,0
6/11/2023,12:00,3.008
6/11/2023,18:00,381.072
6/12/2023,0:00,85.504
6/12/2023,6:00,0
6/12/2023,12:00,20.896
6/12/2023,18:00,501.776
6/13/2023,0:00,101.728
6/13/2023,6:00,0
6/13/2023,12:00,19.136
6/13/2023,18:00,491.344
6/14/2023,0:00,79.168
6/14/2023,6:00,0
6/14/2023,12:00,12.56
6/14/2023,18:00,280.768
6/15/2023,0:00,7.712
6/15/2023,6:00,0
6/15/2023,12:00,0.416
6/15/2023,18:00,55.968
6/16/2023,0:00,2.8
6/16/2023,6:00,0
6/16/2023,12:00,17.04
6/16/2023,18:00,471.264
6/17/2023,0:00,49.216
6/17/2023,6:00,0
6/17/2023,12:00,18.592
6/17/2023,18:00,257.296
6/18/2023,0:00,48.848
6/18/2023,6:00,0
6/18/2023,12:00,19.232
6/18/2023,18:00,485.52
6/19/2023,0:00,97.984
6/19/2023,6:00,0
6/19/2023,12:00,14.46
6/19/2023,18:00,409.808
6/20/2023,0:00,89.376
6/20/2023,6:00,0
6/20/2023,12:00,6.98
6/20/2023,18:00,213.968
6/21/2023,0:00,90.8
6/21/2023,6:00,0
6/21/2023,12:00,4.86
6/21/2023,18:00,18.976
6/22/2023,0:00,3.408
6/22/2023,6:00,0
6/22/2023,12:00,11.376
6/22/2023,18:00,367.056
6/23/2023,0:00,90.496
6/23/2023,6:00,0
6/23/2023,12:00,4.864
6/23/2023,18:00,111.024
6/24/2023,0:00,28.832
6/24/2023,6:00,0
6/24/2023,12:00,13.728
6/24/2023,18:00,417.264
6/25/2023,0:00,92.608
6/25/2023,6:00,0
6/25/2023,12:00,1.504
6/25/2023,18:00,281.376
6/26/2023,0:00,90.96
6/26/2023,6:00,0
6/26/2023,12:00,16.8
6/26/2023,18:00,159.616
6/27/2023,0:00,41.52
6/27/2023,6:00,0
6/27/2023,12:00,13.52
6/27/2023,18:00,380.768
6/28/2023,0:00,73.936
6/28/2023,6:00,0
6/28/2023,12:00,3.72
6/28/2023,18:00,179.04
6/29/2023,0:00,100.384
6/29/2023,6:00,0
6/29/2023,12:00,18.88
6/29/2023,18:00,458.304
6/30/2023,0:00,97.52
6/30/2023,6:00,0
6/30/2023,12:00,16.992
6/30/2023,18:00,284.992
7/1/2023,0:00,6.48
7/1/2023,6:00,0
7/1/2023,12:00,16.7
7/1/2023,18:00,462.368
7/2/2023,0:00,96.944
7/2/2023,6:00,0
7/2/2023,12:00,17.056
7/2/2023,18:00,469.712
7/3/2023,0:00,98.976
7/3/2023,6:00,0
7/3/2023,12:00,17.728
7/3/2023,18:00,478.144
7/4/2023,0:00,101.024
7/4/2023,6:00,0
7/4/2023,12:00,17.424
7/4/2023,18:00,474.384
7/5/2023,0:00,100.848
7/5/2023,6:00,0
7/5/2023,12:00,17.376
7/5/2023,18:00,472.24
7/6/2023,0:00,100.704
7/6/2023,6:00,0
7/6/2023,12:00,4.496
7/6/2023,18:00,263.344
7/7/2023,0:00,13.952
7/7/2023,6:00,0
7/7/2023,12:00,9.696
7/7/2023,18:00,219.088
7/8/2023,0:00,3.152
7/8/2023,6:00,0
7/8/2023,12:00,16.976
7/8/2023,18:00,273.696
7/9/2023,0:00,30.448
7/9/2023,6:00,0
7/9/2023,12:00,17.456
7/9/2023,18:00,440.976
7/10/2023,0:00,63.776
7/10/2023,6:00,0
7/10/2023,12:00,5.952
7/10/2023,18:00,89.136
7/11/2023,0:00,5.616
7/11/2023,6:00,0
7/11/2023,12:00,2.608
7/11/2023,18:00,211.12
7/12/2023,0:00,39.44
7/12/2023,6:00,0
7/12/2023,12:00,0.368
7/12/2023,18:00,29.392
7/13/2023,0:00,17.232
7/13/2023,6:00,0
7/13/2023,12:00,2.48
7/13/2023,18:00,44.304
7/14/2023,0:00,6.656
7/14/2023,6:00,0
7/14/2023,12:00,19.28
7/14/2023,18:00,472.224
7/15/2023,0:00,55.872
7/15/2023,6:00,0
7/15/2023,12:00,19.872
7/15/2023,18:00,502.672
7/16/2023,0:00,111.504
7/16/2023,6:00,0
7/16/2023,12:00,19.632
7/16/2023,18:00,505.552
7/17/2023,0:00,113.28
7/17/2023,6:00,0
7/17/2023,12:00,20.8
7/17/2023,18:00,520.064
7/18/2023,0:00,117.296
7/18/2023,6:00,0
7/18/2023,12:00,19.248
7/18/2023,18:00,506.176
7/19/2023,0:00,118.416
7/19/2023,6:00,0
7/19/2023,12:00,21.152
7/19/2023,18:00,493.488
7/20/2023,0:00,92.368
7/20/2023,6:00,0
7/20/2023,12:00,6.592
7/20/2023,18:00,160.464
7/21/2023,0:00,24.784
7/21/2023,6:00,0
7/21/2023,12:00,19.888
7/21/2023,18:00,488.544
7/22/2023,0:00,113.904
7/22/2023,6:00,0
7/22/2023,12:00,13.856
7/22/2023,18:00,465.504
7/23/2023,0:00,107.712
7/23/2023,6:00,0
7/23/2023,12:00,20.896
7/23/2023,18:00,480.688
7/24/2023,0:00,93.328
7/24/2023,6:00,0
7/24/2023,12:00,1.824
7/24/2023,18:00,121.936
7/25/2023,0:00,15.2
7/25/2023,6:00,0
7/25/2023,12:00,2.032
7/25/2023,18:00,192.064
7/26/2023,0:00,50.736
7/26/2023,6:00,0
7/26/2023,12:00,16.112
7/26/2023,18:00,165.552
7/27/2023,0:00,40.288
7/27/2023,6:00,0
7/27/2023,12:00,24.672
7/27/2023,18:00,534.88
7/28/2023,0:00,103.92
7/28/2023,6:00,0
7/28/2023,12:00,22.624
7/28/2023,18:00,541.056
7/29/2023,0:00,129.136
7/29/2023,6:00,0
7/29/2023,12:00,24.496
7/29/2023,18:00,548.928
7/30/2023,0:00,130.24
7/30/2023,6:00,0
7/30/2023,12:00,25.84
7/30/2023,18:00,526.992
7/31/2023,0:00,131.648
7/31/2023,6:00,0
7/31/2023,12:00,24.496
7/31/2023,18:00,535.904
8/1/2023,0:00,122.432
8/1/2023,6:00,0
8/1/2023,12:00,25.712
8/1/2023,18:00,546.032
8/2/2023,0:00,130.032
8/2/2023,6:00,0
8/2/2023,12:00,26.304
8/2/2023,18:00,550.608
8/3/2023,0:00,131.888
8/3/2023,6:00,0
8/3/2023,12:00,26.336
8/3/2023,18:00,540.576
8/4/2023,0:00,129.312
8/4/2023,6:00,0
8/4/2023,12:00,26.784
8/4/2023,18:00,547.792
8/5/2023,0:00,131.2
8/5/2023,6:00,0
8/5/2023,12:00,26.832
8/5/2023,18:00,546.24
8/6/2023,0:00,133.136
8/6/2023,6:00,0
8/6/2023,12:00,28.64
8/6/2023,18:00,559.712
8/7/2023,0:00,135.52
8/7/2023,6:00,0
8/7/2023,12:00,7.504
8/7/2023,18:00,308.736
8/8/2023,0:00,109.76
8/8/2023,6:00,0
8/8/2023,12:00,24.88
8/8/2023,18:00,455.984
8/9/2023,0:00,65.584
8/9/2023,6:00,0
8/9/2023,12:00,9.328
8/9/2023,18:00,58.272
8/10/2023,0:00,67.952
8/10/2023,6:00,0
8/10/2023,12:00,6.72
8/10/2023,18:00,220.64
8/11/2023,0:00,82.64
8/11/2023,6:00,0
8/11/2023,12:00,30.656
8/11/2023,18:00,533.296
8/12/2023,0:00,120.416
8/12/2023,6:00,0
8/12/2023,12:00,34.992
8/12/2023,18:00,609.6
8/13/2023,0:00,146.816
8/13/2023,6:00,0
8/13/2023,12:00,36.912
8/13/2023,18:00,626.496
8/14/2023,0:00,154.736
8/14/2023,6:00,0
8/14/2023,12:00,31.552
8/14/2023,18:00,596.288
8/15/2023,0:00,149.856
8/15/2023,6:00,0
8/15/2023,12:00,32.464
8/15/2023,18:00,581.44
8/16/2023,0:00,149.68
8/16/2023,6:00,0
8/16/2023,12:00,24.672
8/16/2023,18:00,560.576
8/17/2023,0:00,138.032
8/17/2023,6:00,0
8/17/2023,12:00,35.936
8/17/2023,18:00,593.936
8/18/2023,0:00,149.984
8/18/2023,6:00,0
8/18/2023,12:00,3.648
8/18/2023,18:00,167.712
8/19/2023,0:00,71.808
8/19/2023,6:00,0
8/19/2023,12:00,41.712
8/19/2023,18:00,646.608
8/20/2023,0:00,136.144
8/20/2023,6:00,0
8/20/2023,12:00,39.216
8/20/2023,18:00,577.152
8/21/2023,0:00,100.352
8/21/2023,6:00,0
8/21/2023,12:00,41.376
8/21/2023,18:00,630.944
8/22/2023,0:00,159.296
8/22/2023,6:00,0
8/22/2023,12:00,41.168
8/22/2023,18:00,626.96
8/23/2023,0:00,157.792
8/23/2023,6:00,0
8/23/2023,12:00,14.176
8/23/2023,18:00,398.272
8/24/2023,0:00,58.256
8/24/2023,6:00,0
8/24/2023,12:00,46.352
8/24/2023,18:00,668.144
8/25/2023,0:00,170.416
8/25/2023,6:00,0
8/25/2023,12:00,47.824
8/25/2023,18:00,670.24
8/26/2023,0:00,170.08
8/26/2023,6:00,0
8/26/2023,12:00,48.592
8/26/2023,18:00,665.824
8/27/2023,0:00,140.912
8/27/2023,6:00,0
8/27/2023,12:00,50.704
8/27/2023,18:00,686.272
8/28/2023,0:00,176.16
8/28/2023,6:00,0
8/28/2023,12:00,53.6
8/28/2023,18:00,705.264
8/29/2023,0:00,181.008
8/29/2023,6:00,0
8/29/2023,12:00,52.16
8/29/2023,18:00,676.832
8/30/2023,0:00,172.624
8/30/2023,6:00,0
8/30/2023,12:00,52.32
8/30/2023,18:00,679.776
8/31/2023,0:00,174.032
8/31/2023,6:00,0
8/31/2023,12:00,52.912
8/31/2023,18:00,678.64
9/1/2023,0:00,176.064
9/1/2023,6:00,0
9/1/2023,12:00,26.176
9/1/2023,18:00,247.824
9/2/2023,0:00,38.368
9/2/2023,6:00,0
9/2/2023,12:00,30.288
9/2/2023,18:00,248.208
9/3/2023,0:00,141.104
9/3/2023,6:00,0
9/3/2023,12:00,18.672
9/3/2023,18:00,291.152
9/4/2023,0:00,123.968
9/4/2023,6:00,0
9/4/2023,12:00,2.08
9/4/2023,18:00,49.792
9/5/2023,0:00,19.568
9/5/2023,6:00,0
9/5/2023,12:00,59.216
9/5/2023,18:00,723.296
9/6/2023,0:00,187.296
9/6/2023,6:00,0
9/6/2023,12:00,62.016
9/6/2023,18:00,329.2
9/7/2023,0:00,17.408
9/7/2023,6:00,0
9/7/2023,12:00,40.608
9/7/2023,18:00,264.192
9/8/2023,0:00,65.184
9/8/2023,6:00,0
9/8/2023,12:00,25.52
9/8/2023,18:00,270.512
9/9/2023,0:00,10.832
9/9/2023,6:00,0
9/9/2023,12:00,21.696
9/9/2023,18:00,379.168
9/10/2023,0:00,61.2
9/10/2023,6:00,0
9/10/2023,12:00,60.528
9/10/2023,18:00,408.992
9/11/2023,0:00,70.56
9/11/2023,6:00,0
9/11/2023,12:00,64.656
9/11/2023,18:00,372.608
9/12/2023,0:00,182.672
9/12/2023,6:00,0
9/12/2023,12:00,39.568
9/12/2023,18:00,157.024
9/13/2023,0:00,10.816
9/13/2023,6:00,0
9/13/2023,12:00,2.72
9/13/2023,18:00,45.712
9/14/2023,0:00,8.208
9/14/2023,6:00,0
9/14/2023,12:00,77.968
9/14/2023,18:00,780.656
9/15/2023,0:00,203.696
9/15/2023,6:00,0
9/15/2023,12:00,78.176
9/15/2023,18:00,762.432
9/16/2023,0:00,187.328
9/16/2023,6:00,0
9/16/2023,12:00,81.632
9/16/2023,18:00,775.328
9/17/2023,0:00,200.656
9/17/2023,6:00,0
9/17/2023,12:00,77.728
9/17/2023,18:00,745.904
9/18/2023,0:00,195.344
9/18/2023,6:00,0
9/18/2023,12:00,53.008
9/18/2023,18:00,584.464
9/19/2023,0:00,150.656
9/19/2023,6:00,0
9/19/2023,12:00,9.392
9/19/2023,18:00,290.592
9/20/2023,0:00,41.168
9/20/2023,6:00,0
9/20/2023,12:00,32.784
9/20/2023,18:00,595.008
9/21/2023,0:00,168.912
9/21/2023,6:00,0
9/21/2023,12:00,80.064
9/21/2023,18:00,736.192
9/22/2023,0:00,193.632
9/22/2023,6:00,0
9/22/2023,12:00,68.56
9/22/2023,18:00,287.168
9/23/2023,0:00,173.696
9/23/2023,6:00,0
9/23/2023,12:00,17.664
9/23/2023,18:00,643.824
9/24/2023,0:00,194.384
9/24/2023,6:00,0
9/24/2023,12:00,56.544
9/24/2023,18:00,499.664
9/25/2023,0:00,90.864
9/25/2023,6:00,0
9/25/2023,12:00,17.776
9/25/2023,18:00,516.912
9/26/2023,0:00,122.624
9/26/2023,6:00,0
9/26/2023,12:00,40.96
9/26/2023,18:00,157.92
9/27/2023,0:00,13.232
9/27/2023,6:00,0
9/27/2023,12:00,89.408
9/27/2023,18:00,830.048
9/28/2023,0:00,221.088
9/28/2023,6:00,0
9/28/2023,12:00,104.272
9/28/2023,18:00,836.048
9/29/2023,0:00,219.84
9/29/2023,6:00,0
9/29/2023,12:00,99.76
9/29/2023,18:00,825.488
9/30/2023,0:00,210.912
9/30/2023,6:00,0
9/30/2023,12:00,99.456
9/30/2023,18:00,803.728
10/1/2023,0:00,221.056
10/1/2023,6:00,0
10/1/2023,12:00,110.784
10/1/2023,18:00,863.28
10/2/2023,0:00,233.376
10/2/2023,6:00,0
10/2/2023,12:00,115.184
10/2/2023,18:00,870.496
10/3/2023,0:00,232.848
10/3/2023,6:00,0
10/3/2023,12:00,115.18
10/3/2023,18:00,749.104
10/4/2023,0:00,139.392
10/4/2023,6:00,0
10/4/2023,12:00,75.936
10/4/2023,18:00,565.52
10/5/2023,0:00,204.08
10/5/2023,6:00,0
10/5/2023,12:00,119.8
10/5/2023,18:00,883.28
10/6/2023,0:00,237.04
10/6/2023,6:00,0
10/6/2023,12:00,13.72
10/6/2023,18:00,143.9
10/7/2023,0:00,114.304
10/7/2023,6:00,0
10/7/2023,12:00,87.64
10/7/2023,18:00,718.032
10/8/2023,0:00,162.192
10/8/2023,6:00,0
10/8/2023,12:00,63.296
10/8/2023,18:00,842.34
10/9/2023,0:00,223.024
10/9/2023,6:00,0
10/9/2023,12:00,123.06
10/9/2023,18:00,874.56
10/10/2023,0:00,237.168
10/10/2023,6:00,0
10/10/2023,12:00,125.02
10/10/2023,18:00,878.48
10/11/2023,0:00,237.008
10/11/2023,6:00,0
10/11/2023,12:00,12.496
10/11/2023,18:00,36.12
10/12/2023,0:00,8.624
10/12/2023,6:00,0
10/12/2023,12:00,82.176
10/12/2023,18:00,864.94
10/13/2023,0:00,244.592
10/13/2023,6:00,0
10/13/2023,12:00,134.944
10/13/2023,18:00,911.44
10/14/2023,0:00,249.568
10/14/2023,6:00,0
10/14/2023,12:00,133.616
10/14/2023,18:00,894.34
10/15/2023,0:00,242.576
10/15/2023,6:00,0
10/15/2023,12:00,81.3
10/15/2023,18:00,716.8
10/16/2023,0:00,188.656
10/16/2023,6:00,0
10/16/2023,12:00,8.464
10/16/2023,18:00,295.312
10/17/2023,0:00,125.936
10/17/2023,6:00,0
10/17/2023,12:00,2.096
10/17/2023,18:00,27.776
10/18/2023,0:00,42.544
10/18/2023,6:00,0
10/18/2023,12:00,13.888
10/18/2023,18:00,215.66
10/19/2023,0:00,21.648
10/19/2023,6:00,0
10/19/2023,12:00,111.328
10/19/2023,18:00,480.064
10/20/2023,0:00,56.096
10/20/2023,6:00,0
10/20/2023,12:00,19.584
10/20/2023,18:00,433.48
10/21/2023,0:00,169.008
10/21/2023,6:00,0
10/21/2023,12:00,53.52
10/21/2023,18:00,819.98
10/22/2023,0:00,232.544
10/22/2023,6:00,0
10/22/2023,12:00,80.32
10/22/2023,18:00,245.328
10/23/2023,0:00,85.04
10/23/2023,6:00,0
10/23/2023,12:00,5.08
10/23/2023,18:00,111.76
10/24/2023,0:00,149.024
10/24/2023,6:00,0
10/24/2023,12:00,76.28
10/24/2023,18:00,348.4
10/25/2023,0:00,123.84
10/25/2023,6:00,0
10/25/2023,12:00,146.5
10/25/2023,18:00,895.08
10/26/2023,0:00,233.456
10/26/2023,6:00,0
10/26/2023,12:00,152.1
10/26/2023,18:00,919.12
10/27/2023,0:00,258.016
10/27/2023,6:00,0
10/27/2023,12:00,151.66
10/27/2023,18:00,906.94
10/28/2023,0:00,220.208
10/28/2023,6:00,0
10/28/2023,12:00,12.7
10/28/2023,18:00,158.06
10/29/2023,0:00,118.96
10/29/2023,6:00,0
10/29/2023,12:00,153.296
10/29/2023,18:00,919.16
10/30/2023,0:00,261.872
10/30/2023,6:00,0
10/30/2023,12:00,67.296
10/30/2023,18:00,150.32
10/31/2023,0:00,116.096
10/31/2023,6:00,0
10/31/2023,12:00,74.464
10/31/2023,18:00,739.58
11/1/2023,0:00,185.408
11/1/2023,6:00,0
11/1/2023,12:00,89.78
11/1/2023,18:00,478.42
11/2/2023,0:00,33.488
11/2/2023,6:00,0
11/2/2023,12:00,13.616
11/2/2023,18:00,81.96
11/3/2023,0:00,10.032
11/3/2023,6:00,0
11/3/2023,12:00,15.46
11/3/2023,18:00,223.62
11/4/2023,0:00,74.944
11/4/2023,6:00,0
11/4/2023,12:00,169.36
11/4/2023,18:00,967.76
11/5/2023,0:00,282.992
11/5/2023,6:00,0
11/5/2023,12:00,172.84
11/5/2023,18:00,965.62
11/6/2023,0:00,266.96
11/6/2023,6:00,0
11/6/2023,12:00,168.256
11/6/2023,18:00,949.3
11/7/2023,0:00,277.056
11/7/2023,6:00,0
11/7/2023,12:00,166.816
11/7/2023,18:00,931.16
11/8/2023,0:00,271.728
11/8/2023,6:00,0
11/8/2023,12:00,40.16
11/8/2023,18:00,361.3
11/9/2023,0:00,214.08
11/9/2023,6:00,0
11/9/2023,12:00,37.26
11/9/2023,18:00,234.16
11/10/2023,0:00,24.048
11/10/2023,6:00,0
11/10/2023,12:00,68.48
11/10/2023,18:00,380.7
11/11/2023,0:00,254.528
11/11/2023,6:00,0
11/11/2023,12:00,24.86
11/11/2023,18:00,396.28
11/12/2023,0:00,227.552
11/12/2023,6:00,0
11/12/2023,12:00,115.52
11/12/2023,18:00,456.04
11/13/2023,0:00,67.552
11/13/2023,6:00,0
11/13/2023,12:00,1.96
11/13/2023,18:00,129.2
11/14/2023,0:00,36.288
11/14/2023,6:00,0
11/14/2023,12:00,21.3
11/14/2023,18:00,240.86
11/15/2023,0:00,125.696
11/15/2023,6:00,0
11/15/2023,12:00,60.46
11/15/2023,18:00,272.94
11/16/2023,0:00,99.984
11/16/2023,6:00,0
11/16/2023,12:00,155.04
11/16/2023,18:00,801.5
11/17/2023,0:00,265.6
11/17/2023,6:00,0
11/17/2023,12:00,159.4
11/17/2023,18:00,214.1
11/18/2023,0:00,57.952
11/18/2023,6:00,0
11/18/2023,12:00,15.28
11/18/2023,18:00,570.88
11/19/2023,0:00,214.416
11/19/2023,6:00,0
11/19/2023,12:00,184.46
11/19/2023,18:00,979.94
11/20/2023,0:00,304.576
11/20/2023,6:00,0
11/20/2023,12:00,173.86
11/20/2023,18:00,937.08
11/21/2023,0:00,286.58
11/21/2023,6:00,0
11/21/2023,12:00,163.4
11/21/2023,18:00,808.44
11/22/2023,0:00,266.88
11/22/2023,6:00,0
11/22/2023,12:00,35.48
11/22/2023,18:00,309.14
11/23/2023,0:00,145.4
11/23/2023,6:00,0
11/23/2023,12:00,62.74
11/23/2023,18:00,686.46
11/24/2023,0:00,263.92
11/24/2023,6:00,0
11/24/2023,12:00,179.42
11/24/2023,18:00,970.64
11/25/2023,0:00,289.296
11/25/2023,6:00,0
11/25/2023,12:00,181.14
11/25/2023,18:00,982.4
11/26/2023,0:00,285.76
11/26/2023,6:00,0
11/26/2023,12:00,114.8
11/26/2023,18:00,870.86
11/27/2023,0:00,273.568
11/27/2023,6:00,0
11/27/2023,12:00,110.24
11/27/2023,18:00,482.64
11/28/2023,0:00,63.2
11/28/2023,6:00,0
11/28/2023,12:00,171.78
11/28/2023,18:00,673.3
11/29/2023,0:00,249.22
11/29/2023,6:00,0
11/29/2023,12:00,175.56
11/29/2023,18:00,961.56
11/30/2023,0:00,310.28
11/30/2023,6:00,0
11/30/2023,12:00,173.44
11/30/2023,18:00,728.74
12/1/2023,0:00,219.74
12/1/2023,6:00,0
12/1/2023,12:00,137.88
12/1/2023,18:00,935.4
12/2/2023,0:00,304.94
12/2/2023,6:00,0
12/2/2023,12:00,8.04
12/2/2023,18:00,119.3
12/3/2023,0:00,290.76
12/3/2023,6:00,0
12/3/2023,12:00,66.3
12/3/2023,18:00,126.06
12/4/2023,0:00,43.5
12/4/2023,6:00,0
12/4/2023,12:00,53.4
12/4/2023,18:00,428.1
12/5/2023,0:00,116.66
12/5/2023,6:00,0
12/5/2023,12:00,96.96
12/5/2023,18:00,522.86
12/6/2023,0:00,231.9
12/6/2023,6:00,0
12/6/2023,12:00,158.8
12/6/2023,18:00,722
12/7/2023,0:00,291.696
12/7/2023,6:00,0
12/7/2023,12:00,60.96
12/7/2023,18:00,687.86
12/8/2023,0:00,332.56
12/8/2023,6:00,0
12/8/2023,12:00,183.02
12/8/2023,18:00,1000.8
12/9/2023,0:00,338.92
12/9/2023,6:00,0
12/9/2023,12:00,183.8
12/9/2023,18:00,1000.82
12/10/2023,0:00,339.68
12/10/2023,6:00,0
12/10/2023,12:00,174.5
12/10/2023,18:00,940
12/11/2023,0:00,337.24
12/11/2023,6:00,0
12/11/2023,12:00,175.3
12/11/2023,18:00,986.46
12/12/2023,0:00,333.7
12/12/2023,6:00,0
12/12/2023,12:00,176.28
12/12/2023,18:00,980.78
12/13/2023,0:00,339.7
12/13/2023,6:00,0
12/13/2023,12:00,84.46
12/13/2023,18:00,178.12
12/14/2023,0:00,18.5
12/14/2023,6:00,0
12/14/2023,12:00,110.46
12/14/2023,18:00,670.4
12/15/2023,0:00,154.98
12/15/2023,6:00,0
12/15/2023,12:00,7.54
12/15/2023,18:00,464.42
12/16/2023,0:00,129.616
12/16/2023,6:00,0
12/16/2023,12:00,122.6
12/16/2023,18:00,315.56
12/17/2023,0:00,310.768
12/17/2023,6:00,0
12/17/2023,12:00,167.3
12/17/2023,18:00,944.78
12/18/2023,0:00,331.44
12/18/2023,6:00,0
12/18/2023,12:00,137.72
12/18/2023,18:00,784.42
12/19/2023,0:00,25.44
12/19/2023,6:00,0
12/19/2023,12:00,25.26
12/19/2023,18:00,409.2
12/20/2023,0:00,141.696
12/20/2023,6:00,0
12/20/2023,12:00,41.76
12/20/2023,18:00,222.82
12/21/2023,0:00,140.3
12/21/2023,6:00,0
12/21/2023,12:00,112.7
12/21/2023,18:00,774.08
12/22/2023,0:00,241.52
12/22/2023,6:00,0
12/22/2023,12:00,142.8
12/22/2023,18:00,731.78
12/23/2023,0:00,269.26
12/23/2023,6:00,0
12/23/2023,12:00,161.54
12/23/2023,18:00,615.18
12/24/2023,0:00,144.64
12/24/2023,6:00,0
12/24/2023,12:00,143.64
12/24/2023,18:00,905.96
12/25/2023,0:00,324.44
12/25/2023,6:00,0
12/25/2023,12:00,93.34
12/25/2023,18:00,942.14
12/26/2023,0:00,355.78
12/26/2023,6:00,0
12/26/2023,18:00,1020.48
12/27/2023,0:00,370.2
12/27/2023,6:00,0
12/27/2023,12:00,167.1
12/27/2023,18:00,993.16
12/28/2023,0:00,363.52
12/28/2023,6:00,0
12/28/2023,12:00,137.96
12/28/2023,18:00,957.38
12/29/2023,0:00,309.9
12/29/2023,6:00,0
12/29/2023,12:00,5.86
12/29/2023,18:00,272.4
12/30/2023,0:00,216
12/30/2023,6:00,0
12/30/2023,12:00,158.24
12/30/2023,18:00,977.44
12/31/2023,0:00,340.16
12/31/2023,6:00,0
12/31/2023,12:00,95.32
12/31/2023,18:00,688.46
1/1/2024,0:00,331.14
1/1/2024,6:00,0
1/1/2024,12:00,158.56
1/1/2024,18:00,902
1/2/2024,0:00,131.88
1/2/2024,6:00,0
1/2/2024,12:00,155.48
1/2/2024,18:00,962.02
1/3/2024,0:00,341.46
1/3/2024,6:00,0
1/3/2024,12:00,150.7
1/3/2024,18:00,519.16
1/4/2024,0:00,171.08
1/4/2024,6:00,0
1/4/2024,12:00,53.36
1/4/2024,18:00,468.52
1/5/2024,0:00,228
1/5/2024,6:00,0
1/5/2024,12:00,72.9
1/5/2024,18:00,928.6
1/6/2024,0:00,358.432
1/6/2024,6:00,0
1/6/2024,12:00,150.1
1/6/2024,18:00,954.44
1/7/2024,0:00,341.216
1/7/2024,6:00,0
1/7/2024,12:00,119.44
1/7/2024,18:00,517.1
1/8/2024,0:00,214.352
1/8/2024,6:00,0
1/8/2024,12:00,27.216
1/8/2024,18:00,695.88
1/9/2024,0:00,176.96
1/9/2024,6:00,0
1/9/2024,12:00,66.48
1/9/2024,18:00,530.64
1/10/2024,0:00,207.76
1/10/2024,6:00,0
1/10/2024,12:00,19.72
1/10/2024,18:00,48.88
1/11/2024,0:00,53.28
1/11/2024,6:00,0
1/11/2024,12:00,105.86
1/11/2024,18:00,752.2
1/12/2024,0:00,272.576
1/12/2024,6:00,0
1/12/2024,12:00,140.12
1/12/2024,18:00,962.74
1/13/2024,0:00,368.94
1/13/2024,6:00,0
1/13/2024,12:00,146.9
1/13/2024,18:00,960.64
1/14/2024,0:00,359.38
1/14/2024,6:00,0
1/14/2024,12:00,135
1/14/2024,18:00,923.66
1/15/2024,0:00,247.1
1/15/2024,6:00,0
1/15/2024,12:00,136.14
1/15/2024,18:00,944.46
1/16/2024,0:00,362.32
1/16/2024,6:00,0
1/16/2024,12:00,101.92
1/16/2024,18:00,801.12
1/17/2024,0:00,256.76
1/17/2024,6:00,0
1/17/2024,12:00,48.16
1/17/2024,18:00,87.4
1/18/2024,0:00,11.792
1/18/2024,6:00,0
1/18/2024,12:00,13.12
1/18/2024,18:00,782.6
1/19/2024,0:00,251.328
1/19/2024,6:00,0
1/19/2024,12:00,130.88
1/19/2024,18:00,872.98
1/20/2024,0:00,270.752
1/20/2024,6:00,0
1/20/2024,12:00,130.8
1/20/2024,18:00,606.38
1/21/2024,0:00,214.064
1/21/2024,6:00,0
1/21/2024,12:00,129.488
1/21/2024,18:00,614.5
1/22/2024,0:00,251.04
1/22/2024,6:00,0
1/22/2024,12:00,134.624
1/22/2024,18:00,915.16
1/23/2024,0:00,180.88
1/23/2024,6:00,0
1/23/2024,12:00,128.224
1/23/2024,18:00,761.22
1/24/2024,0:00,267.904
1/24/2024,6:00,0
1/24/2024,12:00,128.9
1/24/2024,18:00,914.12
1/25/2024,0:00,365.6
1/25/2024,6:00,0
1/25/2024,12:00,128.84
1/25/2024,18:00,949.9
1/26/2024,0:00,369.216
1/26/2024,6:00,0
1/26/2024,12:00,130.24
1/26/2024,18:00,949.68
1/27/2024,0:00,332.464
1/27/2024,6:00,0
1/27/2024,12:00,123.38
1/27/2024,18:00,933.52
1/28/2024,0:00,357.888
1/28/2024,6:00,0
1/28/2024,12:00,121.64
1/28/2024,18:00,917.14
1/29/2024,0:00,193.904
1/29/2024,6:00,0
1/29/2024,12:00,120.82
1/29/2024,18:00,919.2
1/30/2024,0:00,304.16
1/30/2024,6:00,0
1/30/2024,12:00,118.84
1/30/2024,18:00,879.94
1/31/2024,0:00,86.672
1/31/2024,6:00,0
1/31/2024,12:00,120.88
1/31/2024,18:00,950.24
2/1/2024,0:00,364.208
2/1/2024,6:00,0
2/1/2024,12:00,120.032
2/1/2024,18:00,936.38
2/2/2024,0:00,357.92
2/2/2024,6:00,0
2/2/2024,12:00,120.88
2/2/2024,18:00,934.04
2/3/2024,0:00,353.856
2/3/2024,6:00,0
2/3/2024,12:00,115.008
2/3/2024,18:00,912.14
2/4/2024,0:00,344.192
2/4/2024,6:00,0
2/4/2024,12:00,113.68
2/4/2024,18:00,909.088
2/5/2024,0:00,319.776
2/5/2024,6:00,0
2/5/2024,12:00,98.432
2/5/2024,18:00,799.7
2/6/2024,0:00,304.464
2/6/2024,6:00,0
2/6/2024,12:00,108.864
2/6/2024,18:00,898.016
2/7/2024,0:00,327.232
2/7/2024,6:00,0
2/7/2024,12:00,109.552
2/7/2024,18:00,899.68
2/8/2024,0:00,336.208
2/8/2024,6:00,0
2/8/2024,12:00,106.464
2/8/2024,18:00,886.52
2/9/2024,0:00,324.448
2/9/2024,6:00,0
2/9/2024,12:00,106.56
2/9/2024,18:00,881.84
2/10/2024,0:00,279.056
2/10/2024,6:00,0
2/10/2024,12:00,61.02
2/10/2024,18:00,838.42
2/11/2024,0:00,211.456
2/11/2024,6:00,0
2/11/2024,12:00,95.84
2/11/2024,18:00,874.62
2/12/2024,0:00,267.44
2/12/2024,6:00,0
2/12/2024,12:00,90.704
2/12/2024,18:00,829.296
2/13/2024,0:00,287.36
2/13/2024,6:00,0
2/13/2024,12:00,40.464
2/13/2024,18:00,70.352
2/14/2024,0:00,26.768
2/14/2024,6:00,0
2/14/2024,12:00,107.568
2/14/2024,18:00,918.864
2/15/2024,0:00,337.856
2/15/2024,6:00,0
2/15/2024,12:00,101.008
2/15/2024,18:00,772.816
2/16/2024,0:00,200.096
2/16/2024,6:00,0
2/16/2024,12:00,18.928
2/16/2024,18:00,397.312
2/17/2024,0:00,169.568
2/17/2024,6:00,0
2/17/2024,12:00,25.136
2/17/2024,18:00,568.144
2/18/2024,0:00,300.48
2/18/2024,6:00,0
2/18/2024,12:00,97.904
2/18/2024,18:00,876.192
2/19/2024,0:00,201.936
2/19/2024,6:00,0
2/19/2024,12:00,85.536
2/19/2024,18:00,836.304
2/20/2024,0:00,87.632
2/20/2024,6:00,0
2/20/2024,12:00,95.184
2/20/2024,18:00,875.056
2/21/2024,0:00,318
2/21/2024,6:00,0
2/21/2024,12:00,98.224
2/21/2024,18:00,887.52
2/22/2024,0:00,316.624
2/22/2024,6:00,0
2/22/2024,12:00,95.52
2/22/2024,18:00,855.952
2/23/2024,0:00,268.56
2/23/2024,6:00,0
2/23/2024,12:00,91.04
2/23/2024,18:00,868.56
2/24/2024,0:00,310.24
2/24/2024,6:00,0
2/24/2024,12:00,91.312
2/24/2024,18:00,856.848
2/25/2024,0:00,266.752
2/25/2024,6:00,0
2/25/2024,12:00,73
2/25/2024,18:00,829.44
2/26/2024,0:00,148.224
2/26/2024,6:00,0
2/26/2024,12:00,70.256
2/26/2024,18:00,548.064
2/27/2024,0:00,165.568
2/27/2024,6:00,0
2/27/2024,12:00,42.896
2/27/2024,18:00,487.952
2/28/2024,0:00,158.992
2/28/2024,6:00,0
2/28/2024,12:00,56.8
2/28/2024,18:00,283.024
2/29/2024,0:00,50.192
2/29/2024,6:00,0
2/29/2024,12:00,44.56
2/29/2024,18:00,366.496
3/1/2024,0:00,186.528
3/1/2024,6:00,0
3/1/2024,12:00,84.8
3/1/2024,18:00,831.84
3/2/2024,0:00,238.288
3/2/2024,6:00,0
3/2/2024,12:00,84.272
3/2/2024,18:00,828.96
3/3/2024,0:00,280.576
3/3/2024,6:00,0
3/3/2024,12:00,27.68
3/3/2024,18:00,304.24
3/4/2024,0:00,63.488
3/4/2024,6:00,0
3/4/2024,12:00,5.968
3/4/2024,18:00,228.384
3/5/2024,0:00,92.592
3/5/2024,6:00,0
3/5/2024,12:00,81.056
3/5/2024,18:00,850.304
3/6/2024,0:00,289.552
3/6/2024,6:00,0
3/6/2024,12:00,88.08
3/6/2024,18:00,864.816
3/7/2024,0:00,287.088
3/7/2024,6:00,0
3/7/2024,12:00,58.192
3/7/2024,18:00,753.152
3/8/2024,0:00,258.4
3/8/2024,6:00,0
3/8/2024,12:00,35.584
3/8/2024,18:00,528.304
3/9/2024,0:00,259.104
3/9/2024,6:00,0
3/9/2024,12:00,67.904
3/9/2024,18:00,731.344
3/10/2024,0:00,150.208
3/10/2024,6:00,0
3/10/2024,12:00,66.992
3/10/2024,18:00,774.192
3/11/2024,0:00,263.152
3/11/2024,6:00,0
3/11/2024,12:00,78.86
3/11/2024,18:00,812.384
3/12/2024,0:00,264.72
3/12/2024,6:00,0
3/12/2024,12:00,78.72
3/12/2024,18:00,808.528
3/13/2024,0:00,258.992
3/13/2024,6:00,0
3/13/2024,12:00,78.288
3/13/2024,18:00,815.664
3/14/2024,0:00,259.136
3/14/2024,6:00,0
3/14/2024,12:00,75.568
3/14/2024,18:00,766.4
3/15/2024,0:00,246.864
3/15/2024,6:00,0
3/15/2024,12:00,19.48
3/15/2024,18:00,218.512
3/16/2024,0:00,96.144
3/16/2024,6:00,0
3/16/2024,12:00,67.94
3/16/2024,18:00,576.56
3/17/2024,0:00,145.824
3/17/2024,6:00,0
3/17/2024,12:00,37.02
3/17/2024,18:00,589.76
3/18/2024,0:00,203.6
3/18/2024,6:00,0
3/18/2024,12:00,56.848
3/18/2024,18:00,353.952
3/19/2024,0:00,131.424
3/19/2024,6:00,0
3/19/2024,12:00,16.92
3/19/2024,18:00,204.896
3/20/2024,0:00,202.48
3/20/2024,6:00,0
3/20/2024,12:00,66.66
3/20/2024,18:00,731.2
3/21/2024,0:00,203.632
3/21/2024,6:00,0
3/21/2024,12:00,3.88
3/21/2024,18:00,299.776
3/22/2024,0:00,53.6
3/22/2024,6:00,0
3/22/2024,12:00,72.4
3/22/2024,18:00,803.216
3/23/2024,0:00,241.088
3/23/2024,6:00,0
3/23/2024,12:00,68.816
3/23/2024,18:00,759.648
3/24/2024,0:00,217.344
3/24/2024,6:00,0
3/24/2024,12:00,67.808
3/24/2024,18:00,755.2
3/25/2024,0:00,220.288
3/25/2024,6:00,0
3/25/2024,12:00,65.024
3/25/2024,18:00,735.52
3/26/2024,0:00,202.032
3/26/2024,6:00,0
3/26/2024,12:00,66.608
3/26/2024,18:00,769.952
3/27/2024,0:00,224.4
3/27/2024,6:00,0
3/27/2024,12:00,66.608
3/27/2024,18:00,764.672
3/28/2024,0:00,220.672
3/28/2024,6:00,0
3/28/2024,12:00,38.88
3/28/2024,18:00,529.92
3/29/2024,0:00,134.336
3/29/2024,6:00,0
3/29/2024,12:00,62.272
3/29/2024,18:00,735.072
3/30/2024,0:00,209.024
3/30/2024,6:00,0
3/30/2024,12:00,62.224
3/30/2024,18:00,739.072
3/31/2024,0:00,207.024
3/31/2024,6:00,0
3/31/2024,12:00,54.32
3/31/2024,18:00,621.904
4/1/2024,0:00,67.088
4/1/2024,6:00,0
4/1/2024,12:00,58.416
4/1/2024,18:00,704.512
4/2/2024,0:00,193.44
4/2/2024,6:00,0
4/2/2024,12:00,16.896
4/2/2024,18:00,263.408
4/3/2024,0:00,141.056
4/3/2024,6:00,0
4/3/2024,12:00,56.4
4/3/2024,18:00,697.04
4/4/2024,0:00,189.84
4/4/2024,6:00,0
4/4/2024,12:00,20.656
4/4/2024,18:00,382.336
4/5/2024,0:00,132.096
4/5/2024,6:00,0
4/5/2024,12:00,38.16
4/5/2024,18:00,418.224
4/6/2024,0:00,98.784
4/6/2024,6:00,0
4/6/2024,12:00,59.216
4/6/2024,18:00,711.568
4/7/2024,0:00,124.816
4/7/2024,6:00,0
4/7/2024,12:00,2.8
4/7/2024,18:00,127.552
4/8/2024,0:00,66.528
4/8/2024,6:00,0
4/8/2024,12:00,44.8
4/8/2024,18:00,373.984
4/9/2024,0:00,51.04
4/9/2024,6:00,0
4/9/2024,12:00,11.6
4/9/2024,18:00,407.408
4/10/2024,0:00,143.76
4/10/2024,6:00,0
4/10/2024,12:00,48.864
4/10/2024,18:00,549.216
4/11/2024,0:00,118.176
4/11/2024,6:00,0
4/11/2024,12:00,30.16
4/11/2024,18:00,134.736
4/12/2024,0:00,36.736
4/12/2024,6:00,0
4/12/2024,12:00,3.58
4/12/2024,18:00,70.416
4/13/2024,0:00,43.52
4/13/2024,6:00,0
4/13/2024,12:00,8.272
4/13/2024,18:00,110.112
4/14/2024,0:00,56.608
4/14/2024,6:00,0
4/14/2024,12:00,9.52
4/14/2024,18:00,204.24
4/15/2024,0:00,44.16
4/15/2024,6:00,0
4/15/2024,12:00,10.128
4/15/2024,18:00,125.152
4/16/2024,0:00,49.568
4/16/2024,6:00,0
4/16/2024,12:00,35.008
4/16/2024,18:00,345.36
4/17/2024,0:00,55.632
4/17/2024,6:00,0
4/17/2024,12:00,50.016
4/17/2024,18:00,670.944
4/18/2024,0:00,164.816
4/18/2024,6:00,0
4/18/2024,12:00,48.16
4/18/2024,18:00,655.12
4/19/2024,0:00,158.944
4/19/2024,6:00,0
4/19/2024,12:00,35.776
4/19/2024,18:00,661.856
4/20/2024,0:00,160.912
4/20/2024,6:00,0
4/20/2024,12:00,48.896
4/20/2024,18:00,660.368
4/21/2024,0:00,158.32
4/21/2024,6:00,0
4/21/2024,12:00,46.656
4/21/2024,18:00,612.752
4/22/2024,0:00,151.84
4/22/2024,6:00,0
4/22/2024,12:00,12.656
4/22/2024,18:00,95.936
4/23/2024,0:00,10.608
4/23/2024,6:00,0
4/23/2024,12:00,7.28
4/23/2024,18:00,154.096
4/24/2024,0:00,125.152
4/24/2024,6:00,0
4/24/2024,12:00,42.72
4/24/2024,18:00,515.296
4/25/2024,0:00,33.792
4/25/2024,6:00,0
4/25/2024,12:00,31.552
4/25/2024,18:00,505.456
4/26/2024,0:00,53.44
4/26/2024,6:00,0
4/26/2024,12:00,30.096
4/26/2024,18:00,531.52
4/27/2024,0:00,135.984
4/27/2024,6:00,0
4/27/2024,12:00,14.864
4/27/2024,18:00,148.032
4/28/2024,0:00,85.808
4/28/2024,6:00,0
4/28/2024,12:00,37.12
4/28/2024,18:00,300.624
4/29/2024,0:00,14.48
4/29/2024,6:00,0
4/29/2024,12:00,12.208
4/29/2024,18:00,242.912
4/30/2024,0:00,104.688
4/30/2024,6:00,0
4/30/2024,12:00,26.912
4/30/2024,18:00,293.808
5/1/2024,0:00,125.536
5/1/2024,6:00,0
5/1/2024,12:00,27.136
5/1/2024,18:00,260.416
5/2/2024,0:00,114.32
5/2/2024,6:00,0
5/2/2024,12:00,3.2
5/2/2024,18:00,95.84
5/3/2024,0:00,14.224
5/3/2024,6:00,0
5/3/2024,12:00,1.936
5/3/2024,18:00,76.32
5/4/2024,0:00,12.464
5/4/2024,6:00,0
5/4/2024,12:00,10.08
5/4/2024,18:00,164.64
5/5/2024,0:00,5.888
5/5/2024,6:00,0
5/5/2024,12:00,16.752
5/5/2024,18:00,304.416
5/6/2024,0:00,69.632
5/6/2024,6:00,0
5/6/2024,12:00,34.128
5/6/2024,18:00,366.256
5/7/2024,0:00,64.624
5/7/2024,6:00,0
5/7/2024,12:00,16.528
5/7/2024,18:00,312.384
5/8/2024,0:00,98.912
5/8/2024,6:00,0
5/8/2024,12:00,18.208
5/8/2024,18:00,249.056
5/9/2024,0:00,68.24
5/9/2024,6:00,0
5/9/2024,12:00,36
5/9/2024,18:00,431.344
5/10/2024,0:00,43.168
5/10/2024,6:00,0
5/10/2024,12:00,2.352
5/10/2024,18:00,27.184
5/11/2024,0:00,3.152
5/11/2024,6:00,0
5/11/2024,12:00,0.752
5/11/2024,18:00,62.144
5/12/2024,0:00,8.144
5/12/2024,6:00,0
5/12/2024,12:00,0.736
5/12/2024,18:00,27.408
5/13/2024,0:00,11.648
5/13/2024,6:00,0
5/13/2024,12:00,3.504
5/13/2024,18:00,232.688
5/14/2024,0:00,25.92
5/14/2024,6:00,0
5/14/2024,12:00,31.488
5/14/2024,18:00,535.056
5/15/2024,0:00,98.528
5/15/2024,6:00,0
5/15/2024,12:00,28.512
5/15/2024,18:00,563.488
5/16/2024,0:00,116.976
5/16/2024,6:00,0
5/16/2024,12:00,2.768
5/16/2024,18:00,31.776
5/17/2024,0:00,6.592
5/17/2024,6:00,0
5/17/2024,12:00,29.6
5/17/2024,18:00,539.408
5/18/2024,0:00,110.896
5/18/2024,6:00,0
5/18/2024,12:00,29.408
5/18/2024,18:00,493.6
5/19/2024,0:00,45.952
5/19/2024,6:00,0
5/19/2024,12:00,28.672
5/19/2024,18:00,536.784
5/20/2024,0:00,106.752
5/20/2024,6:00,0
5/20/2024,18:00,543.712
5/21/2024,0:00,110.544
5/21/2024,6:00,0
5/21/2024,12:00,4.656
5/21/2024,18:00,164.032
5/22/2024,0:00,27.792
5/22/2024,6:00,0
5/22/2024,12:00,16.08
5/22/2024,18:00,124.016
5/23/2024,0:00,85.968
5/23/2024,6:00,0
5/23/2024,12:00,1.088
5/23/2024,18:00,38.48
5/24/2024,0:00,7.344
5/24/2024,6:00,0
5/24/2024,12:00,0.464
5/24/2024,18:00,77.84
5/25/2024,0:00,38.88
5/25/2024,6:00,0
5/25/2024,12:00,26.72
5/25/2024,18:00,530.016
5/26/2024,0:00,95.472
5/26/2024,6:00,0
5/26/2024,12:00,26.016
5/26/2024,18:00,517.728
5/27/2024,0:00,54.256
5/27/2024,6:00,0
5/27/2024,12:00,3.328
5/27/2024,18:00,126.24
5/28/2024,0:00,18.192
5/28/2024,6:00,0
5/28/2024,12:00,14.096
5/28/2024,18:00,181.744
5/29/2024,6:00,0
5/29/2024,12:00,7.68
5/29/2024,18:00,178.944
5/30/2024,0:00,74.448
5/30/2024,6:00,0
5/30/2024,12:00,24.032
5/30/2024,18:00,509.552
5/31/2024,0:00,79.984
5/31/2024,6:00,0
5/31/2024,12:00,24.064
5/31/2024,18:00,467.84
6/1/2024,0:00,99.808
6/1/2024,6:00,0
6/1/2024,12:00,20.336
6/1/2024,18:00,484.352
6/2/2024,0:00,95.888
6/2/2024,6:00,0
6/2/2024,12:00,22.32
6/2/2024,18:00,478.656
6/3/2024,0:00,59.776
6/3/2024,6:00,0
6/3/2024,12:00,15.408
6/3/2024,18:00,490.48
6/4/2024,0:00,100.448
6/4/2024,6:00,0
6/4/2024,12:00,21.648
6/4/2024,18:00,365.056
6/5/2024,0:00,82.4
6/5/2024,6:00,0
6/5/2024,12:00,17.712
6/5/2024,18:00,292.56
6/6/2024,0:00,82.688
6/6/2024,6:00,0
6/6/2024,12:00,19.344
6/6/2024,18:00,462.192
6/7/2024,0:00,89.568
6/7/2024,6:00,0
6/7/2024,12:00,19.936
6/7/2024,18:00,469.76
6/8/2024,0:00,92.8
6/8/2024,6:00,0
6/8/2024,12:00,19.456
6/8/2024,18:00,464.848
6/9/2024,0:00,88.032
6/9/2024,6:00,0
6/9/2024,12:00,19.92
6/9/2024,18:00,462.416
6/10/2024,0:00,93.248
6/10/2024,6:00,0
6/10/2024,12:00,15.712
6/10/2024,18:00,463.536
6/11/2024,0:00,91.728
6/11/2024,6:00,0
6/11/2024,12:00,8.112
6/11/2024,18:00,348.96
6/12/2024,0:00,90.272
6/12/2024,6:00,0
6/12/2024,12:00,18.96
6/12/2024,18:00,416.4
6/13/2024,0:00,68.256
6/13/2024,6:00,0
6/13/2024,12:00,14.24
6/13/2024,18:00,396.528
6/14/2024,0:00,69.504
6/14/2024,6:00,0
6/14/2024,12:00,18.304
6/14/2024,18:00,293.68
6/15/2024,0:00,60.064
6/15/2024,6:00,0
6/15/2024,12:00,3.776
6/15/2024,18:00,246.928
6/16/2024,0:00,44.464
6/16/2024,6:00,0
6/16/2024,12:00,1.04
6/16/2024,18:00,20.656
6/17/2024,0:00,3.696
6/17/2024,6:00,0
6/17/2024,12:00,3.44
6/17/2024,18:00,67.344
6/18/2024,0:00,12.048
6/18/2024,6:00,0
6/18/2024,12:00,3.2
6/18/2024,18:00,105.664
6/19/2024,0:00,39.296
6/19/2024,6:00,0
6/19/2024,12:00,9.12
6/19/2024,18:00,273.248
6/20/2024,0:00,36.88
6/20/2024,6:00,0
6/20/2024,12:00,10.848
6/20/2024,18:00,208.336
6/21/2024,0:00,52.672
6/21/2024,6:00,0
6/21/2024,12:00,3.456
6/21/2024,18:00,243.136
6/22/2024,0:00,87.856
6/22/2024,6:00,0
6/22/2024,12:00,14.78
6/22/2024,18:00,213.216
6/23/2024,0:00,31.824
6/23/2024,6:00,0
6/23/2024,12:00,16.656
6/23/2024,18:00,259.968
6/24/2024,0:00,7.936
6/24/2024,6:00,0
6/24/2024,12:00,3.472
6/24/2024,18:00,383.232
6/25/2024,0:00,93.152
6/25/2024,6:00,0
6/25/2024,12:00,17.936
6/25/2024,18:00,213.904
6/26/2024,0:00,7.04
6/26/2024,6:00,0
6/26/2024,12:00,15.152
6/26/2024,18:00,425.904
6/27/2024,0:00,74.512
6/27/2024,6:00,0
6/27/2024,12:00,18.016
6/27/2024,18:00,480.832
6/28/2024,0:00,93.152
6/28/2024,6:00,0
6/28/2024,12:00,15.008
6/28/2024,18:00,434.528
6/29/2024,0:00,80.24
6/29/2024,6:00,0
6/29/2024,12:00,19.008
6/29/2024,18:00,501.952
6/30/2024,0:00,105.68
6/30/2024,6:00,0
6/30/2024,12:00,18.464
6/30/2024,18:00,492.736
7/1/2024,0:00,104.8
7/1/2024,6:00,0
7/1/2024,12:00,18.912
7/1/2024,18:00,500.304
7/2/2024,0:00,106.24
7/2/2024,6:00,0
7/2/2024,12:00,18.512
7/2/2024,18:00,486.528
7/3/2024,0:00,102.4
7/3/2024,6:00,0
7/3/2024,12:00,2.816
7/3/2024,18:00,128.304
7/4/2024,0:00,55.152
7/4/2024,6:00,0
7/4/2024,12:00,3.312
7/4/2024,18:00,85.232
7/5/2024,0:00,64.608
7/5/2024,6:00,0
7/5/2024,12:00,1.328
7/5/2024,18:00,27.088
7/6/2024,0:00,6.832
7/6/2024,6:00,0
7/6/2024,12:00,19.152
7/6/2024,18:00,500.16
7/7/2024,0:00,78.096
7/7/2024,6:00,0
7/7/2024,12:00,19.216
7/7/2024,18:00,503.648
7/8/2024,0:00,108.656
7/8/2024,6:00,0
7/8/2024,12:00,18.864
7/8/2024,18:00,502.864
7/9/2024,0:00,110.56
7/9/2024,6:00,0
7/9/2024,12:00,14.832
7/9/2024,18:00,436.064
7/10/2024,0:00,90.832
7/10/2024,6:00,0
7/10/2024,12:00,18.96
7/10/2024,18:00,502.48
7/11/2024,0:00,109.808
7/11/2024,6:00,0
7/11/2024,12:00,16.896
7/11/2024,18:00,385.376
7/12/2024,0:00,72.224
7/12/2024,6:00,0
7/12/2024,12:00,5.76
7/12/2024,18:00,473.952
7/13/2024,0:00,106.288
7/13/2024,6:00,0
7/13/2024,12:00,19.312
7/13/2024,18:00,449.728
7/14/2024,0:00,16.768
7/14/2024,6:00,0
7/14/2024,12:00,0.656
7/14/2024,18:00,24.944
7/15/2024,0:00,8.224
7/15/2024,6:00,0
7/15/2024,12:00,5.344
7/15/2024,18:00,338.56
7/16/2024,0:00,42.688
7/16/2024,6:00,0
7/16/2024,12:00,19.152
7/16/2024,18:00,366.592
7/17/2024,0:00,16.512
7/17/2024,6:00,0
7/17/2024,12:00,20.208
7/17/2024,18:00,474.8
7/18/2024,0:00,107.056
7/18/2024,6:00,0
7/18/2024,12:00,20.816
7/18/2024,18:00,510.48
7/19/2024,0:00,114.672
7/19/2024,6:00,0
7/19/2024,12:00,19.808
7/19/2024,18:00,497.328
7/20/2024,0:00,109.232
7/20/2024,6:00,0
7/20/2024,12:00,12.32
7/20/2024,18:00,292.032
7/21/2024,0:00,67.2
7/21/2024,6:00,0
7/21/2024,12:00,16.384
7/21/2024,18:00,441.184
7/22/2024,0:00,104.8
7/22/2024,6:00,0
7/22/2024,12:00,20.736
7/22/2024,18:00,506
7/23/2024,0:00,114.736
7/23/2024,6:00,0
7/23/2024,12:00,16.96
7/23/2024,18:00,491.456
7/24/2024,0:00,103.12
7/24/2024,6:00,0
7/24/2024,12:00,19.872
7/24/2024,18:00,493.728
7/25/2024,0:00,120.912
7/25/2024,6:00,0
7/25/2024,12:00,22.128
7/25/2024,18:00,518.656
7/26/2024,0:00,120.96
7/26/2024,6:00,0
7/26/2024,12:00,14.608
7/26/2024,18:00,318.992
7/27/2024,0:00,82.128
7/27/2024,6:00,0
7/27/2024,12:00,22.384
7/27/2024,18:00,506.064
7/28/2024,0:00,117.104
7/28/2024,6:00,0
7/28/2024,12:00,13.856
7/28/2024,18:00,166.592
7/29/2024,0:00,21.68
7/29/2024,6:00,0
7/29/2024,12:00,17.136
7/29/2024,18:00,494.608
7/30/2024,0:00,131.232
7/30/2024,6:00,0
7/30/2024,12:00,25.616
7/30/2024,18:00,547.936
7/31/2024,0:00,127.6
7/31/2024,6:00,0
7/31/2024,12:00,24.464
7/31/2024,18:00,511.504
8/1/2024,0:00,69.84
8/1/2024,6:00,0
8/1/2024,12:00,25.616
8/1/2024,18:00,541.92
8/2/2024,0:00,129.632
8/2/2024,6:00,0
8/2/2024,12:00,26.56
8/2/2024,18:00,551.152
8/3/2024,0:00,132.208
8/3/2024,6:00,0
8/3/2024,12:00,26.72
8/3/2024,18:00,506.784
8/4/2024,0:00,129.568
8/4/2024,6:00,0
8/4/2024,12:00,1.92
8/4/2024,18:00,24.08
8/5/2024,0:00,29.712
8/5/2024,6:00,0
8/5/2024,12:00,10.352
8/5/2024,18:00,449.664
8/6/2024,0:00,65.904
8/6/2024,6:00,0
8/6/2024,12:00,23.6
8/6/2024,18:00,326.256
8/7/2024,0:00,54.176
8/7/2024,6:00,0
8/7/2024,12:00,6.24
8/7/2024,18:00,136.208
8/8/2024,0:00,32.704
8/8/2024,6:00,0
8/8/2024,12:00,31.648
8/8/2024,18:00,593.024
8/9/2024,0:00,122.816
8/9/2024,6:00,0
8/9/2024,12:00,14.016
8/9/2024,18:00,270.016
8/10/2024,0:00,38.144
8/10/2024,6:00,0
8/10/2024,12:00,33.712
8/10/2024,18:00,605.344
8/11/2024,0:00,146.768
8/11/2024,6:00,0
8/11/2024,12:00,34.944
8/11/2024,18:00,607.104
8/12/2024,0:00,149.76
8/12/2024,6:00,0
8/12/2024,12:00,36.368
8/12/2024,18:00,624.768
8/13/2024,0:00,154.384
8/13/2024,6:00,0
8/13/2024,12:00,36.624
8/13/2024,18:00,622
8/14/2024,0:00,155.392
8/14/2024,6:00,0
8/14/2024,12:00,37.936
8/14/2024,18:00,629.2
8/15/2024,0:00,156.976
8/15/2024,6:00,0
8/15/2024,12:00,36.912
8/15/2024,18:00,612.192
8/16/2024,0:00,151.44
8/16/2024,6:00,0
8/16/2024,12:00,25.392
8/16/2024,18:00,424.496
8/17/2024,0:00,124.576
8/17/2024,6:00,0
8/17/2024,12:00,6.336
8/17/2024,18:00,482.192
8/18/2024,0:00,132.64
8/18/2024,6:00,0
8/18/2024,12:00,26.272
8/18/2024,18:00,525.488
8/19/2024,0:00,148.864
8/19/2024,6:00,0
8/19/2024,12:00,2.816
8/19/2024,18:00,396.224
8/20/2024,0:00,69.168
8/20/2024,6:00,0
8/20/2024,12:00,10.496
8/20/2024,18:00,205.632
8/21/2024,0:00,54
8/21/2024,6:00,0
8/21/2024,12:00,23.84
8/21/2024,18:00,157.68
8/22/2024,0:00,19.792
8/22/2024,6:00,0
8/22/2024,12:00,4.96
8/22/2024,18:00,33.568
8/23/2024,0:00,12.096
8/23/2024,6:00,0
8/23/2024,12:00,34.576
8/23/2024,18:00,414.592
8/24/2024,0:00,149.728
8/24/2024,6:00,0
8/24/2024,12:00,47.312
8/24/2024,18:00,673.344
8/25/2024,0:00,170.112
8/25/2024,6:00,0
8/25/2024,12:00,47.984
8/25/2024,18:00,528.96
8/26/2024,0:00,132.816
8/26/2024,6:00,0
8/26/2024,12:00,50.304
8/26/2024,18:00,683.808
8/27/2024,0:00,175.68
8/27/2024,6:00,0
8/27/2024,12:00,52.176
8/27/2024,18:00,692.512
8/28/2024,0:00,177.136
8/28/2024,6:00,0
8/28/2024,12:00,16.848
8/28/2024,18:00,672.288
8/29/2024,0:00,172.192
8/29/2024,6:00,0
8/29/2024,12:00,14
8/29/2024,18:00,192.928
8/30/2024,0:00,23.056
8/30/2024,6:00,0
8/30/2024,12:00,27.936
8/30/2024,18:00,483.552
8/31/2024,0:00,113.28
8/31/2024,6:00,0
8/31/2024,12:00,9.808
8/31/2024,18:00,122.112
9/1/2024,0:00,66.496
9/1/2024,6:00,0
9/1/2024,12:00,18.784
9/1/2024,18:00,246.848
9/2/2024,0:00,56.352
9/2/2024,6:00,0
9/2/2024,12:00,57.92
9/2/2024,18:00,705.92
9/3/2024,0:00,183.6
9/3/2024,6:00,0
9/3/2024,12:00,58.464
9/3/2024,18:00,696.544
9/4/2024,0:00,178.176
9/4/2024,6:00,0
9/4/2024,12:00,32.384
9/4/2024,18:00,209.52
9/5/2024,0:00,6.816
9/5/2024,6:00,0
9/5/2024,12:00,65.616
9/5/2024,18:00,739.104
9/6/2024,0:00,190.48
9/6/2024,6:00,0
9/6/2024,12:00,65.6
9/6/2024,18:00,731.856
9/7/2024,0:00,181.76
9/7/2024,6:00,0
9/7/2024,12:00,62.496
9/7/2024,18:00,692.48
9/8/2024,0:00,182.496
9/8/2024,6:00,0
9/8/2024,12:00,35.136
9/8/2024,18:00,653.904
9/9/2024,0:00,184.416
9/9/2024,6:00,0
9/9/2024,12:00,45.008
9/9/2024,18:00,651.536
9/10/2024,0:00,182.352
9/10/2024,6:00,0
9/10/2024,12:00,67.552
9/10/2024,18:00,724.72
9/11/2024,0:00,188.496
9/11/2024,6:00,0
9/11/2024,12:00,63.264
9/11/2024,18:00,629.552
9/12/2024,0:00,151.12
9/12/2024,6:00,0
9/12/2024,12:00,12.224
9/12/2024,18:00,370.416
9/13/2024,0:00,82.08
9/13/2024,6:00,0
9/13/2024,12:00,7.808
9/13/2024,18:00,134.16
9/14/2024,0:00,12.8
9/14/2024,6:00,0
9/14/2024,12:00,33.8
9/14/2024,18:00,426.88
9/15/2024,0:00,199.952
9/15/2024,6:00,0
9/15/2024,12:00,78.016
9/15/2024,18:00,774.736
9/16/2024,0:00,204.064
9/16/2024,6:00,0
9/16/2024,12:00,82.816
9/16/2024,18:00,786.544
9/17/2024,0:00,208.384
9/17/2024,6:00,0
9/17/2024,12:00,85.328
9/17/2024,18:00,765.664
9/18/2024,0:00,185.648
9/18/2024,6:00,0
9/18/2024,12:00,77.92
9/18/2024,18:00,761.728
9/19/2024,0:00,201.6
9/19/2024,6:00,0
9/19/2024,12:00,20.832
9/19/2024,18:00,444.96
9/20/2024,0:00,194.656
9/20/2024,6:00,0
9/20/2024,12:00,37.344
9/20/2024,18:00,399.568
9/21/2024,0:00,147.008
9/21/2024,6:00,0
9/21/2024,12:00,69.92
9/21/2024,18:00,769.824
9/22/2024,0:00,209.232
9/22/2024,6:00,0
9/22/2024,12:00,87.088
9/22/2024,18:00,769.984
9/23/2024,0:00,202.496
9/23/2024,6:00,0
9/23/2024,12:00,34.896
9/23/2024,18:00,698.576
9/24/2024,0:00,203.872
9/24/2024,6:00,0
9/24/2024,12:00,70.272
9/24/2024,18:00,591.472
9/25/2024,0:00,176.912
9/25/2024,6:00,0
9/25/2024,12:00,47.568
9/25/2024,18:00,409.024
9/26/2024,0:00,164.016
9/26/2024,6:00,0
9/26/2024,12:00,3.952
9/26/2024,18:00,103.84
9/27/2024,0:00,40.992
9/27/2024,6:00,0
9/27/2024,12:00,19.2
9/27/2024,18:00,659.168
9/28/2024,0:00,210.304
9/28/2024,6:00,0
9/28/2024,12:00,103.12
9/28/2024,18:00,824.368
9/29/2024,0:00,210.416
9/29/2024,6:00,0
9/29/2024,12:00,105.408
9/29/2024,18:00,822.32
9/30/2024,0:00,215.6
9/30/2024,6:00,0
9/30/2024,12:00,103.36
9/30/2024,18:00,814.384
10/1/2024,0:00,216.352
10/1/2024,6:00,0
10/1/2024,12:00,63.408
10/1/2024,18:00,626.944
10/2/2024,0:00,215.408
10/2/2024,6:00,0
10/2/2024,12:00,28.736
10/2/2024,18:00,827.248
10/3/2024,0:00,229.328
10/3/2024,6:00,0
10/3/2024,12:00,117.648
10/3/2024,18:00,866.352
10/4/2024,0:00,234
10/4/2024,6:00,0
10/4/2024,12:00,118.464
10/4/2024,18:00,870.624
10/5/2024,0:00,234.528
10/5/2024,6:00,0
10/5/2024,12:00,118.4
10/5/2024,18:00,847.728
10/6/2024,0:00,219.6
10/6/2024,6:00,0
10/6/2024,12:00,82.656
10/6/2024,18:00,719.2
10/7/2024,0:00,156.208
10/7/2024,6:00,0
10/7/2024,12:00,79.392
10/7/2024,18:00,659.376
10/8/2024,0:00,121.456
10/8/2024,6:00,0
10/8/2024,12:00,7.12
10/8/2024,18:00,62.624
10/9/2024,0:00,52.992
10/9/2024,6:00,0
10/9/2024,12:00,18.608
10/9/2024,18:00,153.04
10/10/2024,0:00,24.512
10/10/2024,6:00,0
10/10/2024,12:00,7.536
10/10/2024,18:00,91.26
10/11/2024,0:00,15.28
10/11/2024,6:00,0
10/11/2024,12:00,13.472
10/11/2024,18:00,416.56
10/12/2024,0:00,109.472
10/12/2024,6:00,0
10/12/2024,12:00,127.808
10/12/2024,18:00,875.62
10/13/2024,0:00,237.104
10/13/2024,6:00,0
10/13/2024,12:00,129.072
10/13/2024,18:00,872.84
10/14/2024,0:00,234.224
10/14/2024,6:00,0
10/14/2024,12:00,122.64
10/14/2024,18:00,730.1
10/15/2024,0:00,93.104
10/15/2024,6:00,0
10/15/2024,12:00,2.624
10/15/2024,18:00,323.76
10/16/2024,0:00,55.392
10/16/2024,6:00,0
10/16/2024,12:00,136.112
10/16/2024,18:00,903.74
10/17/2024,0:00,251.312
10/17/2024,6:00,0
10/17/2024,12:00,116.32
10/17/2024,18:00,622.24
10/18/2024,0:00,63.248
10/18/2024,6:00,0
10/18/2024,12:00,37.48
10/18/2024,18:00,679.56
10/19/2024,0:00,210.992
10/19/2024,6:00,0
10/19/2024,12:00,142.864
10/19/2024,18:00,910.5
10/20/2024,0:00,254.432
10/20/2024,6:00,0
10/20/2024,12:00,141.392
10/20/2024,18:00,897.68
10/21/2024,0:00,248.784
10/21/2024,6:00,0
10/21/2024,12:00,138.88
10/21/2024,18:00,884.88
10/22/2024,0:00,243.28
10/22/2024,12:00,140.06
10/22/2024,18:00,874.74
10/23/2024,0:00,66.352
10/23/2024,6:00,0
10/23/2024,12:00,139.46
10/23/2024,18:00,866.14
10/24/2024,0:00,133.6
10/24/2024,6:00,0
10/24/2024,12:00,115
10/24/2024,18:00,194.18
10/25/2024,0:00,230.368
10/25/2024,6:00,0
10/25/2024,12:00,69.888
10/25/2024,18:00,845.62
10/26/2024,0:00,257.904
10/26/2024,6:00,0
10/26/2024,12:00,157.26
10/26/2024,18:00,942.48
10/27/2024,0:00,268.64
10/27/2024,6:00,0
10/27/2024,12:00,158.912
10/27/2024,18:00,939.1
10/28/2024,0:00,266.944
10/28/2024,6:00,0
10/28/2024,12:00,157.12
10/28/2024,18:00,933.42
10/29/2024,0:00,267.168
10/29/2024,6:00,0
10/29/2024,12:00,157.968
10/29/2024,18:00,931.84
10/30/2024,0:00,266.704
10/30/2024,6:00,0
10/30/2024,12:00,160.22
10/30/2024,18:00,940.48
10/31/2024,0:00,270.032
10/31/2024,6:00,0
10/31/2024,12:00,158.42
10/31/2024,18:00,911.5
11/1/2024,0:00,234.304
11/1/2024,6:00,0
11/1/2024,12:00,138.4
11/1/2024,18:00,438.58
11/2/2024,0:00,11.168
11/2/2024,6:00,0
11/2/2024,12:00,39.9
11/2/2024,18:00,255.44
11/3/2024,0:00,207.776
11/3/2024,6:00,0
11/3/2024,12:00,132
11/3/2024,18:00,613.52
11/4/2024,0:00,164.944
11/4/2024,6:00,0
11/4/2024,12:00,157.4
11/4/2024,18:00,746.2
11/5/2024,0:00,56.016
11/5/2024,6:00,0
11/5/2024,12:00,119.06
11/5/2024,18:00,612.1
11/6/2024,0:00,115.552
11/6/2024,6:00,0
11/6/2024,12:00,95.26
11/6/2024,18:00,452.46
11/7/2024,0:00,130.16
11/7/2024,12:00,30.62
11/7/2024,18:00,549.34
11/8/2024,0:00,165.36
11/8/2024,6:00,0
11/8/2024,12:00,55.52
11/8/2024,18:00,599.54
11/9/2024,0:00,276.432
11/9/2024,6:00,0
11/9/2024,12:00,173.04
11/9/2024,18:00,964.68
11/10/2024,0:00,289.12
11/10/2024,6:00,0
11/10/2024,12:00,176.8
11/10/2024,18:00,972.62
11/11/2024,0:00,290.784
11/11/2024,6:00,0
11/11/2024,12:00,140.06
11/11/2024,18:00,240.28
11/12/2024,0:00,56.848
11/12/2024,6:00,0
11/12/2024,12:00,165.5
11/12/2024,18:00,983.68
11/13/2024,0:00,259.072
11/13/2024,6:00,0
11/13/2024,12:00,178.2
11/13/2024,18:00,966.78
11/14/2024,0:00,291.376
11/14/2024,6:00,0
11/14/2024,12:00,175.74
11/14/2024,18:00,959.94
11/15/2024,0:00,287.92
11/15/2024,6:00,0
11/15/2024,12:00,177.34
11/15/2024,18:00,963.98
11/16/2024,0:00,293.2
11/16/2024,6:00,0
11/16/2024,12:00,173.5
11/16/2024,18:00,951.6
11/17/2024,0:00,291.872
11/17/2024,6:00,0
11/17/2024,12:00,172.12
11/17/2024,18:00,817.08
11/18/2024,0:00,74.336
11/18/2024,6:00,0
11/18/2024,12:00,165.72
11/18/2024,18:00,648.3
11/19/2024,0:00,151.184
11/19/2024,6:00,0
11/19/2024,12:00,7.02
11/19/2024,18:00,30.86
11/20/2024,0:00,5.552
11/20/2024,6:00,0
11/20/2024,12:00,22.54
11/20/2024,18:00,612.88
11/21/2024,0:00,222.88
11/21/2024,6:00,0
11/21/2024,12:00,46.5
11/21/2024,18:00,437.68
11/22/2024,0:00,79.584
11/22/2024,6:00,0
11/22/2024,12:00,84.48
11/22/2024,18:00,715.26
11/23/2024,0:00,143.96
11/23/2024,6:00,0
11/23/2024,12:00,152.16
11/23/2024,18:00,962.56
11/24/2024,0:00,306.736
11/24/2024,6:00,0
11/24/2024,12:00,177.78
11/24/2024,18:00,964.6
11/25/2024,0:00,306.256
11/25/2024,6:00,0
11/25/2024,12:00,65.8
11/25/2024,18:00,205.2
11/26/2024,0:00,54.992
11/26/2024,6:00,0
11/26/2024,12:00,87.32
11/26/2024,18:00,80.62
11/27/2024,0:00,58.368
11/27/2024,6:00,0
11/27/2024,12:00,54.52
11/27/2024,18:00,277.32
11/28/2024,0:00,134.32
11/28/2024,6:00,0
11/28/2024,12:00,18.8
11/28/2024,18:00,178.42
11/29/2024,0:00,140.72
11/29/2024,6:00,0
11/29/2024,12:00,172.96
11/29/2024,18:00,736.02
11/30/2024,0:00,111.72
11/30/2024,6:00,0
11/30/2024,12:00,127.8
11/30/2024,18:00,881.72
12/1/2024,0:00,290.992
12/1/2024,6:00,0
12/1/2024,12:00,170.52
12/1/2024,18:00,775.66
12/2/2024,0:00,123.696
12/2/2024,6:00,0
12/2/2024,12:00,124.5
12/2/2024,18:00,954.84
12/3/2024,0:00,258.48
12/3/2024,6:00,0
12/3/2024,12:00,190.22
12/3/2024,18:00,999.56
12/4/2024,0:00,254.36
12/4/2024,6:00,0
12/4/2024,12:00,186.3
12/4/2024,18:00,998.1
12/5/2024,0:00,336.04
12/5/2024,6:00,0
12/5/2024,12:00,168.3
12/5/2024,18:00,961.7
12/6/2024,0:00,289.12
12/6/2024,6:00,0
12/6/2024,12:00,72.48
12/6/2024,18:00,519.1
12/7/2024,0:00,128.016
12/7/2024,6:00,0
12/7/2024,12:00,27.14
12/7/2024,18:00,511.8
12/8/2024,0:00,121.6
12/8/2024,6:00,0
12/8/2024,12:00,95.5
12/8/2024,18:00,597.14
12/9/2024,0:00,286.016
12/9/2024,6:00,0
12/9/2024,12:00,118.74
12/9/2024,18:00,900.8
12/10/2024,0:00,146.84
12/10/2024,6:00,0
12/10/2024,12:00,179.76
12/10/2024,18:00,991.38
12/11/2024,0:00,341.66
12/11/2024,6:00,0
12/11/2024,12:00,129.22
12/11/2024,18:00,926.24
12/12/2024,0:00,278.272
12/12/2024,6:00,0
12/12/2024,12:00,159.5
12/12/2024,18:00,908.92
12/13/2024,0:00,327.2
12/13/2024,6:00,0
12/13/2024,12:00,30
12/13/2024,18:00,86.54
12/14/2024,0:00,23.712
12/14/2024,6:00,0
12/14/2024,12:00,169.16
12/14/2024,18:00,966.94
12/15/2024,0:00,343.88
12/15/2024,6:00,0
12/15/2024,12:00,69.42
12/15/2024,18:00,391.36
12/16/2024,0:00,107.38
12/16/2024,6:00,0
12/16/2024,12:00,176.88
12/16/2024,18:00,994.2
12/17/2024,0:00,350.58
12/17/2024,6:00,0
12/17/2024,12:00,175.24
12/17/2024,18:00,1000.2
12/18/2024,0:00,359.44
12/18/2024,6:00,0
12/18/2024,12:00,174.76
12/18/2024,18:00,966.64
12/19/2024,0:00,336.16
12/19/2024,6:00,0
12/19/2024,12:00,34.66
12/19/2024,18:00,88.94
12/20/2024,0:00,19.78
12/20/2024,6:00,0
12/20/2024,12:00,168.18
12/20/2024,18:00,974.42
12/21/2024,0:00,350.14
12/21/2024,6:00,0
12/21/2024,12:00,167.34
12/21/2024,18:00,966.96
12/22/2024,0:00,241.52
12/22/2024,6:00,0
12/22/2024,12:00,151.72
12/22/2024,18:00,978.24
12/23/2024,0:00,355.52
12/23/2024,6:00,0
12/23/2024,12:00,174.4
12/23/2024,18:00,1010.64
12/24/2024,0:00,360.24
12/24/2024,6:00,0
12/24/2024,12:00,165.12
12/24/2024,18:00,832.04
12/25/2024,0:00,165.888
12/25/2024,6:00,0
12/25/2024,12:00,169.88
12/25/2024,18:00,997.62
12/26/2024,0:00,365.184
12/26/2024,6:00,0
12/26/2024,12:00,169.36
12/26/2024,18:00,1000.96
12/27/2024,0:00,367.216
12/27/2024,6:00,0
12/27/2024,12:00,166.18
12/27/2024,18:00,989.58
12/28/2024,0:00,365.968
12/28/2024,6:00,0
12/28/2024,12:00,164.672
12/28/2024,18:00,994.66
12/29/2024,0:00,373.28
12/29/2024,6:00,0
12/29/2024,12:00,161.62
12/29/2024,18:00,981.2
12/30/2024,0:00,364.592
12/30/2024,6:00,0
12/30/2024,12:00,162.9
12/30/2024,18:00,978.82
12/31/2024,0:00,339.66
12/31/2024,6:00,0
12/31/2024,12:00,155.98
12/31/2024,18:00,963.12
1/1/2025,0:00,361.72
1/1/2025,6:00,0
1/1/2025,12:00,154.74
1/1/2025,18:00,934.94
1/2/2025,0:00,205.94
1/2/2025,6:00,0
1/2/2025,12:00,154.24
1/2/2025,18:00,973.84
1/3/2025,0:00,368.36
1/3/2025,6:00,0
1/3/2025,12:00,158.48
1/3/2025,18:00,991.06
1/4/2025,0:00,374.04
1/4/2025,6:00,0
1/4/2025,12:00,159.48
1/4/2025,18:00,998.54
1/5/2025,0:00,379.16
1/5/2025,6:00,0
1/5/2025,12:00,156.04
1/5/2025,18:00,981.26
1/6/2025,0:00,370.86
1/6/2025,6:00,0
1/6/2025,12:00,152.88
1/6/2025,18:00,962.8
1/7/2025,0:00,332.032
1/7/2025,6:00,0
1/7/2025,12:00,152.48
1/7/2025,18:00,986.28
1/8/2025,0:00,375.808
1/8/2025,6:00,0
1/8/2025,12:00,149.22
1/8/2025,18:00,977.8
1/9/2025,0:00,376.512
1/9/2025,6:00,0
1/9/2025,12:00,149.2
1/9/2025,18:00,973.58
1/10/2025,0:00,371.744
1/10/2025,6:00,0
1/10/2025,12:00,144.54
1/10/2025,18:00,958.14
1/11/2025,0:00,349.98
1/11/2025,6:00,0
1/11/2025,12:00,145.5
1/11/2025,18:00,978.56
1/12/2025,0:00,372.64
1/12/2025,6:00,0
1/12/2025,12:00,148.18
1/12/2025,18:00,984.84
1/13/2025,0:00,378.288
1/13/2025,6:00,0
1/13/2025,12:00,143.08
1/13/2025,18:00,972.94
1/14/2025,0:00,376.672
1/14/2025,6:00,0
1/14/2025,12:00,140.9
1/14/2025,18:00,963.78
1/15/2025,0:00,371.136
1/15/2025,6:00,0
1/15/2025,12:00,115.8
1/15/2025,18:00,709.16
1/16/2025,0:00,346.4
1/16/2025,6:00,0
1/16/2025,12:00,133.42
1/16/2025,18:00,808.32
1/17/2025,0:00,155.2
1/17/2025,6:00,0
1/17/2025,12:00,134.24
1/17/2025,18:00,947.32
1/18/2025,0:00,319.04
1/18/2025,6:00,0
1/18/2025,12:00,135.08
1/18/2025,18:00,941.8
1/19/2025,0:00,188.096
1/19/2025,6:00,0
1/19/2025,12:00,129.8
1/19/2025,18:00,843.4
1/20/2025,0:00,173.616
1/20/2025,6:00,0
1/20/2025,12:00,133.36
1/20/2025,18:00,953.68
1/21/2025,0:00,346.176
1/21/2025,6:00,0
1/21/2025,12:00,130.512
1/21/2025,18:00,950.9
1/22/2025,0:00,368.144
1/22/2025,6:00,0
1/22/2025,12:00,131.584
1/22/2025,18:00,952.92
1/23/2025,0:00,282
1/23/2025,6:00,0
1/23/2025,12:00,73.792
1/23/2025,18:00,927.76
1/24/2025,0:00,347.04
1/24/2025,6:00,0
1/24/2025,12:00,121.28
1/24/2025,18:00,774.1
1/25/2025,0:00,138.736
1/25/2025,6:00,0
1/25/2025,12:00,113.648
1/25/2025,18:00,891.76
1/26/2025,0:00,355.408
1/26/2025,6:00,0
1/26/2025,12:00,121.392
1/26/2025,18:00,944.96
1/27/2025,0:00,337.824
1/27/2025,6:00,0
1/27/2025,12:00,119.2
1/27/2025,18:00,840.38
1/28/2025,0:00,298.192
1/28/2025,6:00,0
1/28/2025,12:00,120.224
1/28/2025,18:00,925.74
1/29/2025,0:00,338.064
1/29/2025,6:00,0
1/29/2025,12:00,75.008
1/29/2025,18:00,573.58
1/30/2025,0:00,232.88
1/30/2025,6:00,0
1/30/2025,12:00,102.144
1/30/2025,18:00,816.48
1/31/2025,0:00,275.36
1/31/2025,6:00,0
1/31/2025,12:00,117.8
1/31/2025,18:00,923.28
2/1/2025,0:00,353.984
2/1/2025,6:00,0
2/1/2025,12:00,118.944
2/1/2025,18:00,939.38
2/2/2025,0:00,360.288
2/2/2025,6:00,0
2/2/2025,12:00,116.736
2/2/2025,18:00,933.08
2/3/2025,0:00,360.576
2/3/2025,6:00,0
2/3/2025,12:00,116.26
2/3/2025,18:00,927.42
2/4/2025,0:00,353.648
2/4/2025,6:00,0
2/4/2025,12:00,115.32
2/4/2025,18:00,921.36
2/5/2025,0:00,350.112
2/5/2025,6:00,0
2/5/2025,12:00,112.368
2/5/2025,18:00,910.52
2/6/2025,0:00,341.952
2/6/2025,6:00,0
2/6/2025,12:00,108.416
2/6/2025,18:00,806.1
2/7/2025,0:00,342.704
2/7/2025,6:00,0
2/7/2025,12:00,111.136
2/7/2025,18:00,922.64
2/8/2025,0:00,354.528
2/8/2025,6:00,0
2/8/2025,12:00,110.176
2/8/2025,18:00,920.36
2/9/2025,0:00,348.176
2/9/2025,6:00,0
2/9/2025,12:00,109.92
2/9/2025,18:00,928.46
2/10/2025,0:00,350.8
2/10/2025,6:00,0
2/10/2025,12:00,109.072
2/10/2025,18:00,904.768
2/11/2025,0:00,335.328
2/11/2025,6:00,0
2/11/2025,12:00,90.448
2/11/2025,18:00,715.536
2/12/2025,0:00,150.128
2/12/2025,6:00,0
2/12/2025,12:00,102.432
2/12/2025,18:00,745.376
2/13/2025,0:00,204
2/13/2025,6:00,0
2/13/2025,12:00,52.096
2/13/2025,18:00,750.592
2/14/2025,0:00,260.304
2/14/2025,6:00,0
2/14/2025,12:00,99.968
2/14/2025,18:00,884.096
2/15/2025,0:00,320.432
2/15/2025,6:00,0
2/15/2025,12:00,66
2/15/2025,18:00,551.568
2/16/2025,0:00,79.312
2/16/2025,6:00,0
2/16/2025,12:00,92.784
2/16/2025,18:00,624.096
2/17/2025,0:00,187.408
2/17/2025,6:00,0
2/17/2025,12:00,7.98
2/17/2025,18:00,74.064
2/18/2025,0:00,43.616
2/18/2025,6:00,0
2/18/2025,12:00,62.78
2/18/2025,18:00,849.4
2/19/2025,0:00,309.984
2/19/2025,6:00,0
2/19/2025,12:00,94.06
2/19/2025,18:00,890.84
2/20/2025,0:00,319.232
2/20/2025,6:00,0
2/20/2025,12:00,97.74
2/20/2025,18:00,886.864
2/21/2025,0:00,321.264
2/21/2025,6:00,0
2/21/2025,12:00,91.86
2/21/2025,18:00,850.112
2/22/2025,0:00,110.064
2/22/2025,6:00,0
2/22/2025,12:00,91.8
2/22/2025,18:00,854.032
2/23/2025,0:00,238.96
2/23/2025,6:00,0
2/23/2025,12:00,92.88
2/23/2025,18:00,865.408
2/24/2025,0:00,302.064
2/24/2025,6:00,0
2/24/2025,12:00,91.58
2/24/2025,18:00,859.68
2/25/2025,0:00,303.52
2/25/2025,6:00,0
2/25/2025,12:00,89.8
2/25/2025,18:00,824.544
2/26/2025,0:00,200.416
2/26/2025,6:00,0
2/26/2025,12:00,88
2/26/2025,18:00,749.024
2/27/2025,0:00,201.136
2/27/2025,6:00,0
2/27/2025,12:00,84.66
2/27/2025,18:00,618.32
2/28/2025,0:00,83.088
2/28/2025,6:00,0
2/28/2025,12:00,77.024
2/28/2025,18:00,643.856
3/1/2025,0:00,224.48
3/1/2025,6:00,0
3/1/2025,12:00,72.896
3/1/2025,18:00,792.88
3/2/2025,0:00,208.112
3/2/2025,6:00,0
3/2/2025,12:00,83.42
3/2/2025,18:00,824.624
3/3/2025,0:00,212.784
3/3/2025,6:00,0
3/3/2025,12:00,84
3/3/2025,18:00,819.552
3/4/2025,0:00,250.864
3/4/2025,6:00,0
3/4/2025,12:00,83.24
3/4/2025,18:00,827.776
3/5/2025,0:00,276.928
3/5/2025,6:00,0
3/5/2025,12:00,83.82
3/5/2025,18:00,840.544
3/6/2025,0:00,281.696
3/6/2025,6:00,0
3/6/2025,12:00,81.488
3/6/2025,18:00,763.376
3/7/2025,0:00,134.352
3/7/2025,6:00,0
3/7/2025,12:00,76.08
3/7/2025,18:00,689.984
3/8/2025,0:00,101.904
3/8/2025,6:00,0
3/8/2025,12:00,80.528
3/8/2025,18:00,808.864
3/9/2025,0:00,240.368
3/9/2025,6:00,0
3/9/2025,12:00,6.736
3/9/2025,18:00,441.312
3/10/2025,0:00,273.12
3/10/2025,6:00,0
3/10/2025,12:00,82.912
3/10/2025,18:00,852.208
3/11/2025,0:00,280.768
3/11/2025,6:00,0
3/11/2025,12:00,80.8
3/11/2025,18:00,828.112
3/12/2025,0:00,266.592
3/12/2025,6:00,0
3/12/2025,12:00,77.136
3/12/2025,18:00,810.176
3/13/2025,0:00,231.952
3/13/2025,6:00,0
3/13/2025,12:00,30.944
3/13/2025,18:00,719.456
3/14/2025,0:00,261.456
3/14/2025,6:00,0
3/14/2025,12:00,80.448
3/14/2025,18:00,838.192
3/15/2025,0:00,247.264
3/15/2025,6:00,0
3/15/2025,12:00,78.9
3/15/2025,18:00,826.944
3/16/2025,0:00,262.672
3/16/2025,6:00,0
3/16/2025,12:00,73.968
3/16/2025,18:00,796.704
3/17/2025,0:00,248.032
3/17/2025,6:00,0
3/17/2025,12:00,72.368
3/17/2025,18:00,786.56
3/18/2025,0:00,245.776
3/18/2025,6:00,0
3/18/2025,12:00,71.776
3/18/2025,18:00,792.064
3/19/2025,0:00,247.296
3/19/2025,6:00,0
3/19/2025,12:00,73.968
3/19/2025,18:00,801.344
3/20/2025,0:00,247.648
3/20/2025,6:00,0
3/20/2025,12:00,72.752
3/20/2025,18:00,794.736
3/21/2025,0:00,241.552
3/21/2025,6:00,0
3/21/2025,12:00,71.984
3/21/2025,18:00,784.864
3/22/2025,0:00,230.624
3/22/2025,6:00,0
3/22/2025,12:00,41.424
3/22/2025,18:00,341.408
3/23/2025,0:00,43.504
3/23/2025,6:00,0
3/23/2025,12:00,66.512
3/23/2025,18:00,753.04
3/24/2025,0:00,216.08
3/24/2025,6:00,0
3/24/2025,12:00,62.416
3/24/2025,18:00,663.488
3/25/2025,0:00,184.208
3/25/2025,6:00,0
3/25/2025,12:00,26.64
3/25/2025,18:00,572.816
3/26/2025,0:00,160.112
3/26/2025,6:00,0
3/26/2025,12:00,8.704
3/26/2025,18:00,426.544
3/27/2025,0:00,176.912
3/27/2025,6:00,0
3/27/2025,12:00,18.576
3/27/2025,18:00,201.232
3/28/2025,0:00,37.936
3/28/2025,6:00,0
3/28/2025,12:00,43.184
3/28/2025,18:00,292.208
3/29/2025,0:00,42.96
3/29/2025,6:00,0
3/29/2025,12:00,54.16
3/29/2025,18:00,643.76
3/30/2025,0:00,168.688
3/30/2025,6:00,0
3/30/2025,12:00,60.336
3/30/2025,18:00,717.904
3/31/2025,0:00,202.944
3/31/2025,6:00,0
3/31/2025,12:00,46.08
3/31/2025,18:00,296.928
4/1/2025,0:00,18.608
4/1/2025,6:00,0
4/1/2025,12:00,4.54
4/1/2025,18:00,81.328
4/2/2025,0:00,24.272
4/2/2025,6:00,0
4/2/2025,12:00,3.08
4/2/2025,18:00,34.128
4/3/2025,0:00,9.76
4/3/2025,6:00,0
4/3/2025,12:00,15.68
4/3/2025,18:00,552.72
4/4/2025,0:00,167.04
4/4/2025,6:00,0
4/4/2025,12:00,63.28
4/4/2025,18:00,750.4
4/5/2025,0:00,204.976
4/5/2025,6:00,0
4/5/2025,12:00,61.168
4/5/2025,18:00,736.032
4/6/2025,0:00,199.968
4/6/2025,6:00,0
4/6/2025,12:00,57.376
4/6/2025,18:00,689.12
4/7/2025,0:00,157.824
4/7/2025,6:00,0
4/7/2025,12:00,2.32
4/7/2025,18:00,163.52
4/8/2025,0:00,23.712
4/8/2025,6:00,0
4/8/2025,12:00,24.736
4/8/2025,18:00,250.8
4/9/2025,0:00,47.76
4/9/2025,6:00,0
4/9/2025,12:00,10.96
4/9/2025,18:00,235.2
4/10/2025,0:00,137.104
4/10/2025,6:00,0
4/10/2025,12:00,53.56
4/10/2025,18:00,686.704
4/11/2025,0:00,98.832
4/11/2025,6:00,0
4/11/2025,12:00,53.152
4/11/2025,18:00,597.888
4/12/2025,0:00,145.552
4/12/2025,6:00,0
4/12/2025,12:00,23.216
4/12/2025,18:00,492.592
4/13/2025,0:00,121.856
4/13/2025,6:00,0
4/13/2025,12:00,49.28
4/13/2025,18:00,671.584
4/14/2025,0:00,179.904
4/14/2025,6:00,0
4/14/2025,12:00,53.792
4/14/2025,18:00,694.96
4/15/2025,0:00,175.152
4/15/2025,6:00,0
4/15/2025,12:00,50.288
4/15/2025,18:00,671.056
4/16/2025,0:00,165.824
4/16/2025,6:00,0
4/16/2025,12:00,50.336
4/16/2025,18:00,665.648
4/17/2025,0:00,165.312
4/17/2025,6:00,0
4/17/2025,12:00,49.568
4/17/2025,18:00,656.048
4/18/2025,0:00,160.56
4/18/2025,6:00,0
4/18/2025,12:00,34.28
4/18/2025,18:00,637.856
4/19/2025,0:00,156.432
4/19/2025,6:00,0
4/19/2025,12:00,46.08
4/19/2025,18:00,623.92
4/20/2025,0:00,158.064
4/20/2025,6:00,0
4/20/2025,12:00,47.472
4/20/2025,18:00,642.176
4/21/2025,0:00,123.856
4/21/2025,6:00,0
4/21/2025,12:00,35.92
4/21/2025,18:00,588.624
4/22/2025,0:00,154.32
4/22/2025,6:00,0
4/22/2025,12:00,38.224
4/22/2025,18:00,562.224
4/23/2025,0:00,140.4
4/23/2025,6:00,0
4/23/2025,12:00,44.752
4/23/2025,18:00,627.024
4/24/2025,0:00,133.184
4/24/2025,6:00,0
4/24/2025,12:00,9.344
4/24/2025,18:00,276.176
4/25/2025,0:00,87.632
4/25/2025,6:00,0
4/25/2025,12:00,42.56
4/25/2025,18:00,618.416
4/26/2025,0:00,143.264
4/26/2025,6:00,0
4/26/2025,12:00,41.056
4/26/2025,18:00,598.96
4/27/2025,0:00,117.024
4/27/2025,6:00,0
4/27/2025,12:00,10.112
4/27/2025,18:00,312.864
4/28/2025,0:00,36.848
4/28/2025,6:00,0
4/28/2025,12:00,43.28
4/28/2025,18:00,627.744
4/29/2025,0:00,143.168
4/29/2025,6:00,0
4/29/2025,12:00,41.792
4/29/2025,18:00,621.68
4/30/2025,0:00,140.144
4/30/2025,6:00,0
4/30/2025,12:00,42.016
4/30/2025,18:00,624.368
5/1/2025,0:00,140.528
5/1/2025,6:00,0
5/1/2025,12:00,41.2
5/1/2025,18:00,614.192
5/2/2025,0:00,131.936
5/2/2025,6:00,0
5/2/2025,12:00,21.472
5/2/2025,18:00,73.36
5/3/2025,0:00,84.272
5/3/2025,6:00,0
5/3/2025,12:00,37.232
5/3/2025,18:00,583.136
5/4/2025,0:00,127.808
5/4/2025,6:00,0
5/4/2025,12:00,37.76
5/4/2025,18:00,591.504
5/5/2025,0:00,128.848
5/5/2025,6:00,0
5/5/2025,12:00,34.848
5/5/2025,18:00,465.312
5/6/2025,0:00,119.648
5/6/2025,6:00,0
5/6/2025,12:00,32.16
5/6/2025,18:00,401.52
5/7/2025,0:00,74.336
5/7/2025,6:00,0
5/7/2025,12:00,5.104
5/7/2025,18:00,153.088
5/8/2025,0:00,83.824
5/8/2025,6:00,0
5/8/2025,12:00,25.552
5/8/2025,18:00,509.456
5/9/2025,0:00,94.848
5/9/2025,6:00,0
5/9/2025,12:00,3.376
5/9/2025,18:00,128.432
5/10/2025,0:00,71.808
5/10/2025,6:00,0
5/10/2025,12:00,34.192
5/10/2025,18:00,568.128
5/11/2025,0:00,120.288
5/11/2025,6:00,0
5/11/2025,12:00,33.584
5/11/2025,18:00,568.304
5/12/2025,0:00,120.432
5/12/2025,6:00,0
5/12/2025,12:00,33.648
5/12/2025,18:00,566.144
5/13/2025,0:00,118.016
5/13/2025,6:00,0
5/13/2025,12:00,32.64
5/13/2025,18:00,555.088
5/14/2025,0:00,114.224
5/14/2025,6:00,0
5/14/2025,12:00,30.384
5/14/2025,18:00,534.448
5/15/2025,0:00,108.416
5/15/2025,6:00,0
5/15/2025,12:00,26.864
5/15/2025,18:00,337.872
5/16/2025,0:00,86.24
5/16/2025,6:00,0
5/16/2025,12:00,19.328
5/16/2025,18:00,334.704
5/17/2025,0:00,59.408
5/17/2025,6:00,0
5/17/2025,12:00,20.672
5/17/2025,18:00,412.032
5/18/2025,0:00,57.104
5/18/2025,6:00,0
5/18/2025,12:00,7.168
5/18/2025,18:00,121.248
5/19/2025,0:00,39.136
5/19/2025,6:00,0
5/19/2025,12:00,6.92
5/19/2025,18:00,192.16
5/20/2025,0:00,15.072
5/20/2025,6:00,0
5/20/2025,12:00,15.52
5/20/2025,18:00,304.352
5/21/2025,0:00,51.44
5/21/2025,6:00,0
5/21/2025,12:00,4.08
5/21/2025,18:00,82.384
5/22/2025,0:00,52.56
5/22/2025,6:00,0
5/22/2025,12:00,27.32
5/22/2025,18:00,512.112
5/23/2025,0:00,107.392
5/23/2025,6:00,0
5/23/2025,12:00,23.2
5/23/2025,18:00,517.136
5/24/2025,0:00,105.632
5/24/2025,6:00,0
5/24/2025,12:00,5.12
5/24/2025,18:00,81.456
5/25/2025,0:00,1.648
5/25/2025,6:00,0
5/25/2025,12:00,22.672
5/25/2025,18:00,279.888
5/26/2025,0:00,79.376
5/26/2025,6:00,0
5/26/2025,12:00,7.024
5/26/2025,18:00,144.688
5/27/2025,0:00,75.808
5/27/2025,6:00,0
5/27/2025,12:00,1.168
5/27/2025,18:00,112.992
5/28/2025,0:00,19.472
5/28/2025,6:00,0
5/28/2025,12:00,1.68
5/28/2025,18:00,34.832
5/29/2025,0:00,5.424
5/29/2025,6:00,0
5/29/2025,12:00,23.62
5/29/2025,18:00,461.904
5/30/2025,0:00,21.216
5/30/2025,6:00,0
5/30/2025,12:00,24.16
5/30/2025,18:00,507.184
5/31/2025,0:00,85.952
5/31/2025,6:00,0
5/31/2025,12:00,23.68
5/31/2025,18:00,505.36
6/1/2025,0:00,100.096
6/1/2025,6:00,0
6/1/2025,12:00,24.08
6/1/2025,18:00,513.712
6/2/2025,0:00,102.576
6/2/2025,6:00,0
6/2/2025,12:00,14
6/2/2025,18:00,456.656
6/3/2025,0:00,89.2
6/3/2025,6:00,0
6/3/2025,12:00,1.74
6/3/2025,18:00,255.856
6/4/2025,0:00,67.632
6/4/2025,6:00,0
6/4/2025,12:00,20.88
6/4/2025,18:00,428.672
6/5/2025,0:00,74.752
6/5/2025,6:00,0
6/5/2025,12:00,20.768
6/5/2025,18:00,486.912
6/6/2025,0:00,97.056
6/6/2025,6:00,0
6/6/2025,12:00,21.344
6/6/2025,18:00,470.544
6/7/2025,0:00,73.024
6/7/2025,6:00,0
6/7/2025,12:00,21.68
6/7/2025,18:00,468.224
6/8/2025,0:00,99.072
6/8/2025,6:00,0
6/8/2025,12:00,21.52
6/8/2025,18:00,494.864
6/9/2025,0:00,97.84
6/9/2025,6:00,0
6/9/2025,12:00,20.512
6/9/2025,18:00,487.376
6/10/2025,0:00,96.768
6/10/2025,6:00,0
6/10/2025,12:00,21.04
6/10/2025,18:00,497.312
6/11/2025,0:00,99.104
6/11/2025,6:00,0
6/11/2025,12:00,20.576
6/11/2025,18:00,492.128
6/12/2025,0:00,98.352
6/12/2025,6:00,0
6/12/2025,12:00,20.96
6/12/2025,18:00,496.24
6/13/2025,0:00,98.992
6/13/2025,6:00,0
6/13/2025,12:00,19.504
6/13/2025,18:00,269.28
6/14/2025,0:00,9.648
6/14/2025,6:00,0
6/14/2025,12:00,0.304
6/14/2025,18:00,10.112
6/15/2025,0:00,8.176
6/15/2025,6:00,0
6/15/2025,12:00,3.26
6/15/2025,18:00,172.272
6/16/2025,0:00,20.944
6/16/2025,6:00,0
6/16/2025,12:00,19.728
6/16/2025,18:00,355.36
6/17/2025,0:00,84.576
6/17/2025,6:00,0
6/17/2025,12:00,5.98
6/17/2025,18:00,114.848
6/18/2025,0:00,15.472
6/18/2025,6:00,0
6/18/2025,12:00,9.72
6/18/2025,18:00,27.728
6/19/2025,0:00,5.312
6/19/2025,6:00,0
6/19/2025,12:00,1.58
6/19/2025,18:00,26.256
6/20/2025,0:00,6.832
6/20/2025,6:00,0
6/20/2025,12:00,1.5
6/20/2025,18:00,124.72
6/21/2025,0:00,22.528
6/21/2025,6:00,0
6/21/2025,12:00,17.984
6/21/2025,18:00,409.328
6/22/2025,0:00,97.264
6/22/2025,6:00,0
6/22/2025,12:00,11.344
6/22/2025,18:00,141.84
6/23/2025,0:00,7.088
6/23/2025,6:00,0
6/23/2025,12:00,15.312
6/23/2025,18:00,476.464
6/24/2025,0:00,101.04
6/24/2025,6:00,0
6/24/2025,12:00,19.536
6/24/2025,18:00,501.632
6/25/2025,0:00,103.648
6/25/2025,6:00,0
6/25/2025,12:00,19.504
6/25/2025,18:00,502.704
6/26/2025,0:00,70.544
6/26/2025,6:00,0
6/26/2025,12:00,2.144
6/26/2025,18:00,96.864
6/27/2025,0:00,77.792
6/27/2025,6:00,0
6/27/2025,12:00,19.2
6/27/2025,18:00,498.176
6/28/2025,0:00,104.384
6/28/2025,6:00,0
6/28/2025,12:00,7.456
6/28/2025,18:00,103.984
6/29/2025,0:00,7.328
6/29/2025,6:00,0
6/29/2025,12:00,2.08
6/29/2025,18:00,43.216
6/30/2025,0:00,18.608
6/30/2025,6:00,0
6/30/2025,12:00,18.832
6/30/2025,18:00,502.256
7/1/2025,0:00,105.84
7/1/2025,6:00,0
7/1/2025,12:00,14.88
7/1/2025,18:00,448.528
7/2/2025,0:00,107.264
7/2/2025,6:00,0
7/2/2025,12:00,17.392
7/2/2025,18:00,497.984
7/3/2025,0:00,106.192
7/3/2025,6:00,0
7/3/2025,12:00,18.576
7/3/2025,18:00,497.552
7/4/2025,0:00,106.032
7/4/2025,6:00,0
7/4/2025,12:00,13.472
7/4/2025,18:00,443.728
7/5/2025,0:00,79.104
7/5/2025,6:00,0
7/5/2025,12:00,14.608
7/5/2025,18:00,477.504
7/6/2025,0:00,100.096
7/6/2025,6:00,0
7/6/2025,12:00,17.92
7/6/2025,18:00,487.984
7/7/2025,0:00,105.952
7/7/2025,6:00,0
7/7/2025,12:00,17.984
7/7/2025,18:00,438.896
7/8/2025,0:00,77.408
7/8/2025,6:00,0
7/8/2025,12:00,18.032
7/8/2025,18:00,489.152
7/9/2025,0:00,107.568
7/9/2025,6:00,0
7/9/2025,12:00,19.088
7/9/2025,18:00,503.264
7/10/2025,0:00,97.824
7/10/2025,6:00,0
7/10/2025,12:00,16.832
7/10/2025,18:00,483.152
7/11/2025,0:00,104.96
7/11/2025,6:00,0
7/11/2025,12:00,18.416
7/11/2025,18:00,493.92
7/12/2025,0:00,108.304
7/12/2025,6:00,0
7/12/2025,12:00,18.672
7/12/2025,18:00,492.72
7/13/2025,0:00,108.816
7/13/2025,6:00,0
7/13/2025,12:00,17.936
7/13/2025,18:00,398.512
7/14/2025,0:00,95.04
7/14/2025,6:00,0
7/14/2025,12:00,18.336
7/14/2025,18:00,481.984
7/15/2025,0:00,107.792
7/15/2025,6:00,0
7/15/2025,12:00,19.216
7/15/2025,18:00,498.912
7/16/2025,0:00,111.008
7/16/2025,6:00,0
7/16/2025,12:00,18.992
7/16/2025,18:00,350.32
7/17/2025,0:00,6.704
7/17/2025,6:00,0
7/17/2025,12:00,2.64
7/17/2025,18:00,39.968
7/18/2025,0:00,9.472
7/18/2025,6:00,0
7/18/2025,12:00,20.976
7/18/2025,18:00,519.52
7/19/2025,0:00,118.928
7/19/2025,6:00,0
7/19/2025,12:00,21.264
7/19/2025,18:00,522.496
7/20/2025,0:00,119.456
7/20/2025,6:00,0
7/20/2025,12:00,21.616
7/20/2025,18:00,523.808
7/21/2025,0:00,119.392
7/21/2025,6:00,0
7/21/2025,12:00,20.464
7/21/2025,18:00,475.888
7/22/2025,0:00,110.56
7/22/2025,6:00,0
7/22/2025,12:00,16.592
7/22/2025,18:00,495.216
7/23/2025,0:00,115.824
7/23/2025,6:00,0
7/23/2025,12:00,1.68
7/23/2025,18:00,338.096
7/24/2025,0:00,76.736
7/24/2025,6:00,0
7/24/2025,12:00,1.792
7/24/2025,18:00,354.8
7/25/2025,0:00,115.184
7/25/2025,6:00,0
7/25/2025,12:00,8.384
7/25/2025,18:00,233.36
7/26/2025,0:00,65.232
7/26/2025,6:00,0
7/26/2025,12:00,15.92
7/26/2025,18:00,194.32
7/27/2025,0:00,24.464
7/27/2025,6:00,0
7/27/2025,12:00,2
7/27/2025,18:00,15.888
7/28/2025,0:00,2.16
7/28/2025,6:00,0
7/28/2025,12:00,2.416
7/28/2025,18:00,358.288
7/29/2025,0:00,62.032
7/29/2025,6:00,0
7/29/2025,12:00,25.168
7/29/2025,18:00,548.56
7/30/2025,0:00,130.112
7/30/2025,6:00,0
7/30/2025,12:00,25.344
7/30/2025,18:00,549.92
7/31/2025,0:00,131.024
7/31/2025,6:00,0
7/31/2025,12:00,26.048
7/31/2025,18:00,519.488
8/1/2025,0:00,101.472
8/1/2025,6:00,0
8/1/2025,12:00,17.136
8/1/2025,18:00,358.64
8/2/2025,0:00,127.024
8/2/2025,6:00,0
8/2/2025,12:00,24.4
8/2/2025,18:00,484.912
8/3/2025,0:00,52.608
8/3/2025,6:00,0
8/3/2025,12:00,1.088
8/3/2025,18:00,110.064
8/4/2025,0:00,67.36
8/4/2025,6:00,0
8/4/2025,12:00,9.12
8/4/2025,18:00,461.024
8/5/2025,0:00,106.592
8/5/2025,6:00,0
8/5/2025,12:00,29.248
8/5/2025,18:00,573.488
8/6/2025,0:00,138.768
8/6/2025,6:00,0
8/6/2025,12:00,28.432
8/6/2025,18:00,556.032
8/7/2025,0:00,119.024
8/7/2025,6:00,0
8/7/2025,12:00,4.112
8/7/2025,18:00,283.616
8/8/2025,0:00,122.352
8/8/2025,6:00,0
8/8/2025,12:00,29.248
8/8/2025,18:00,337.6
8/9/2025,0:00,51.536
8/9/2025,6:00,0
8/9/2025,12:00,32.688
8/9/2025,18:00,602.944
8/10/2025,0:00,148.656
8/10/2025,6:00,0
8/10/2025,12:00,33.696
8/10/2025,18:00,603.456
8/11/2025,0:00,148.576
8/11/2025,6:00,0
8/11/2025,12:00,34.048
8/11/2025,18:00,605.12
8/12/2025,0:00,133.248
8/12/2025,6:00,0
8/12/2025,12:00,34.752
8/12/2025,18:00,608.336
8/13/2025,0:00,150.304
8/13/2025,6:00,0
8/13/2025,12:00,35.296
8/13/2025,18:00,581.536
8/14/2025,0:00,130.512
8/14/2025,6:00,0
8/14/2025,12:00,34.992
8/14/2025,18:00,600.16
8/15/2025,0:00,154
8/15/2025,6:00,0
8/15/2025,12:00,27.808
8/15/2025,18:00,586.672
8/16/2025,0:00,129.44
8/16/2025,6:00,0
8/16/2025,12:00,34.448
8/16/2025,18:00,566.72
8/17/2025,0:00,64.032
8/17/2025,6:00,0
8/17/2025,12:00,37.856
8/17/2025,18:00,615.584
8/18/2025,0:00,153.072
8/18/2025,6:00,0
8/18/2025,12:00,12.096
8/18/2025,18:00,238.368
8/19/2025,0:00,73.712
8/19/2025,6:00,0
8/19/2025,12:00,2.848
8/19/2025,18:00,50.368
8/20/2025,0:00,5.552
8/20/2025,6:00,0
8/20/2025,12:00,1.424
8/20/2025,18:00,45.056
8/21/2025,0:00,43.904
8/21/2025,6:00,0
8/21/2025,12:00,43.408
8/21/2025,18:00,642.544
8/22/2025,0:00,159.472
8/22/2025,6:00,0
8/22/2025,12:00,39.168
8/22/2025,18:00,609.648
8/23/2025,0:00,145.856
8/23/2025,6:00,0
8/23/2025,12:00,10.176
8/23/2025,18:00,120.272
8/24/2025,0:00,15.12
8/24/2025,6:00,0
8/24/2025,12:00,48.368
8/24/2025,18:00,681.968
8/25/2025,0:00,174.64
8/25/2025,6:00,0
8/25/2025,12:00,48.688
8/25/2025,18:00,665.28
8/26/2025,0:00,171.968
8/26/2025,6:00,0
8/26/2025,12:00,49.12
8/26/2025,18:00,673.504
8/27/2025,0:00,171.376
8/27/2025,6:00,0
8/27/2025,12:00,49.68
8/27/2025,18:00,673.968
8/28/2025,0:00,168.528
8/28/2025,6:00,0
8/28/2025,12:00,49.072
8/28/2025,18:00,663.616
8/29/2025,0:00,167.648
8/29/2025,6:00,0
8/29/2025,12:00,50.704
8/29/2025,18:00,677.344
8/30/2025,0:00,174.24
8/30/2025,6:00,0
8/30/2025,12:00,51.888
8/30/2025,18:00,652.144
8/31/2025,0:00,160.736
8/31/2025,6:00,0
8/31/2025,12:00,54.096
8/31/2025,18:00,489.264
9/1/2025,0:00,102.784
9/1/2025,6:00,0
9/1/2025,12:00,30.768
9/1/2025,18:00,227.088
9/2/2025,0:00,28.88
9/2/2025,6:00,0
9/2/2025,12:00,39.344
9/2/2025,18:00,290.56
9/3/2025,0:00,97.664
9/3/2025,6:00,0
9/3/2025,12:00,17.328
9/3/2025,18:00,337.648
9/4/2025,0:00,52.976
9/4/2025,6:00,0
9/4/2025,12:00,5.696
9/4/2025,18:00,143.552
9/5/2025,0:00,103.536
9/5/2025,6:00,0
9/5/2025,12:00,63.456
9/5/2025,18:00,729.696
9/6/2025,0:00,189.904
9/6/2025,6:00,0
9/6/2025,12:00,66.448
9/6/2025,18:00,743.328
9/7/2025,0:00,192.896
9/7/2025,6:00,0
9/7/2025,12:00,52.912
9/7/2025,18:00,596.784
9/8/2025,0:00,116.528
9/8/2025,6:00,0
9/8/2025,12:00,1.424
9/8/2025,18:00,26.672
9/9/2025,0:00,16.736
9/9/2025,6:00,0
9/9/2025,12:00,67.184
9/9/2025,18:00,739.056
9/10/2025,0:00,193.296
9/10/2025,6:00,0
9/10/2025,12:00,72.752
9/10/2025,18:00,757.04
9/11/2025,0:00,197.392
9/11/2025,6:00,0
9/11/2025,12:00,70.368
9/11/2025,18:00,741.216
9/12/2025,0:00,195.152
9/12/2025,6:00,0
9/12/2025,12:00,77.2
9/12/2025,18:00,773.872
9/13/2025,0:00,202.4
9/13/2025,6:00,0
9/13/2025,12:00,77.904
9/13/2025,18:00,766.976
9/14/2025,0:00,180.592
9/14/2025,6:00,0
9/14/2025,12:00,61.904
9/14/2025,18:00,719.04
9/15/2025,0:00,189.888
9/15/2025,6:00,0
9/15/2025,12:00,18.72
9/15/2025,18:00,243.184
9/16/2025,0:00,23.488
9/16/2025,6:00,0
9/16/2025,12:00,77.52
9/16/2025,18:00,758.416
9/17/2025,0:00,199.744
9/17/2025,6:00,0
9/17/2025,12:00,79.344
9/17/2025,18:00,778.912
9/18/2025,0:00,188.368
9/18/2025,6:00,0
9/18/2025,12:00,55.856
9/18/2025,18:00,419.744
9/19/2025,0:00,84.384
9/19/2025,6:00,0
9/19/2025,12:00,44.032
9/19/2025,18:00,610.48
9/20/2025,0:00,197.104
9/20/2025,6:00,0
9/20/2025,12:00,41.744
9/20/2025,18:00,379.392
9/21/2025,0:00,37.536
9/21/2025,6:00,0
9/21/2025,12:00,18.08
9/21/2025,18:00,496.736
9/22/2025,0:00,133.92
9/22/2025,6:00,0
9/22/2025,12:00,93.216
9/22/2025,18:00,806.848
9/23/2025,0:00,213.456
9/23/2025,6:00,0
9/23/2025,12:00,91.328
9/23/2025,18:00,810.688
9/24/2025,0:00,214.944
9/24/2025,6:00,0
9/24/2025,12:00,95.36
9/24/2025,18:00,809.088
9/25/2025,0:00,213.568
9/25/2025,6:00,0
9/25/2025,12:00,99.84
9/25/2025,18:00,829.504
9/26/2025,0:00,218.16
9/26/2025,6:00,0
9/26/2025,12:00,100.416
9/26/2025,18:00,822.944
9/27/2025,0:00,216.672
9/27/2025,6:00,0
9/27/2025,12:00,75.056
9/27/2025,18:00,102.72
9/28/2025,0:00,39.472
9/28/2025,6:00,0
9/28/2025,12:00,102.192
9/28/2025,18:00,834.368
9/29/2025,0:00,224.576
9/29/2025,6:00,0
9/29/2025,12:00,108.4
9/29/2025,18:00,846.576
9/30/2025,0:00,214.448
9/30/2025,6:00,0
9/30/2025,12:00,33.824
9/30/2025,18:00,49.792
10/1/2025,0:00,14.304
10/1/2025,6:00,0
10/1/2025,12:00,30.74
10/1/2025,18:00,693.36
10/2/2025,0:00,136.72
10/2/2025,6:00,0
10/2/2025,12:00,26.944
10/2/2025,18:00,328.84
10/3/2025,0:00,97.664
10/3/2025,6:00,0
10/3/2025,12:00,15.664
10/3/2025,18:00,672.12
10/4/2025,0:00,200.88
10/4/2025,6:00,0
10/4/2025,12:00,105.12
10/4/2025,18:00,637.58
10/5/2025,0:00,218.784
10/5/2025,6:00,0
10/5/2025,12:00,87.44
10/5/2025,18:00,541.74
10/6/2025,0:00,220.608
10/6/2025,6:00,0
10/6/2025,12:00,15.36
10/6/2025,18:00,76.7
10/7/2025,0:00,103.2
10/7/2025,6:00,0
10/7/2025,12:00,123.68
10/7/2025,18:00,885.232
10/8/2025,0:00,239.44
10/8/2025,6:00,0
10/8/2025,12:00,126.464
10/8/2025,18:00,887.38
10/9/2025,0:00,240.24
10/9/2025,6:00,0
10/9/2025,12:00,125.648
10/9/2025,18:00,876.12
10/10/2025,0:00,234.864
10/10/2025,6:00,0
10/10/2025,12:00,123.984
10/10/2025,18:00,866.76
10/11/2025,0:00,236.432
10/11/2025,6:00,0
10/11/2025,12:00,94.64
10/11/2025,18:00,510.26
10/12/2025,0:00,187.344
10/12/2025,6:00,0
10/12/2025,12:00,54.08
10/12/2025,18:00,193.32
10/13/2025,0:00,98.208
10/13/2025,6:00,0
10/13/2025,12:00,129.78
10/13/2025,18:00,873.48
10/14/2025,0:00,237.248
10/14/2025,6:00,0
10/14/2025,12:00,136
10/14/2025,18:00,899.8
10/15/2025,0:00,247.52
10/15/2025,6:00,0
10/15/2025,12:00,136.28
10/15/2025,18:00,876.28
10/16/2025,0:00,234.416
10/16/2025,6:00,0
10/16/2025,12:00,75.92
10/16/2025,18:00,327.3
10/17/2025,0:00,131.536
10/17/2025,6:00,0
10/17/2025,12:00,4.48
10/17/2025,18:00,103.42
10/18/2025,0:00,92.208
10/18/2025,6:00,0
10/18/2025,12:00,127.7
10/18/2025,18:00,896.38
10/19/2025,0:00,251.872
10/19/2025,6:00,0
10/19/2025,12:00,146.86
10/19/2025,18:00,926.6
10/20/2025,0:00,255.184
10/20/2025,6:00,0
10/20/2025,12:00,146.9
10/20/2025,18:00,914.5
10/21/2025,0:00,251.584
10/21/2025,6:00,0
10/21/2025,12:00,141.856
10/21/2025,18:00,905.5
10/22/2025,0:00,257.696
10/22/2025,6:00,0
10/22/2025,12:00,135.78
10/22/2025,18:00,900.82
10/23/2025,0:00,225.328
10/23/2025,6:00,0
10/23/2025,12:00,130.496
10/23/2025,18:00,915.1
10/24/2025,0:00,255.44
10/24/2025,6:00,0
10/24/2025,12:00,95.504
10/24/2025,18:00,383.24
10/25/2025,0:00,228.016
10/25/2025,6:00,0
10/25/2025,12:00,18.88
10/25/2025,18:00,160.96
10/26/2025,0:00,69.104
10/26/2025,6:00,0
10/26/2025,12:00,121.68
10/26/2025,18:00,518.08
10/27/2025,0:00,133.488
10/27/2025,6:00,0
10/27/2025,12:00,153.04
10/27/2025,18:00,924.48
10/28/2025,0:00,261.408
10/28/2025,6:00,0
10/28/2025,12:00,150.78
10/28/2025,18:00,531.28
10/29/2025,0:00,30.032
10/29/2025,6:00,0
10/29/2025,12:00,5.88
10/29/2025,18:00,65.64
10/30/2025,0:00,33.28
10/30/2025,6:00,0
10/30/2025,12:00,38.2
10/30/2025,18:00,509.32
10/31/2025,0:00,161.52
10/31/2025,6:00,0
10/31/2025,12:00,155.5
10/31/2025,18:00,756.2
11/1/2025,0:00,96.496
11/1/2025,6:00,0
11/1/2025,12:00,161.28
11/1/2025,18:00,938.94
11/2/2025,0:00,217.824
11/2/2025,6:00,0
11/2/2025,12:00,74.6
11/2/2025,18:00,823.28
11/3/2025,0:00,251.504
11/3/2025,6:00,0
11/3/2025,12:00,159.74
11/3/2025,18:00,931.64
11/4/2025,0:00,270.64
11/4/2025,6:00,0
11/4/2025,12:00,163.376
11/4/2025,18:00,929.18
11/5/2025,0:00,269.904
11/5/2025,6:00,0
11/5/2025,12:00,155.424
11/5/2025,18:00,942.62
11/6/2025,0:00,266.24
11/6/2025,6:00,0
11/6/2025,12:00,166.864
11/6/2025,18:00,905.16
11/7/2025,0:00,255.472
11/7/2025,6:00,0
11/7/2025,12:00,4.064
11/7/2025,18:00,128.8
11/8/2025,0:00,31.376
11/8/2025,6:00,0
11/8/2025,12:00,31.136
11/8/2025,18:00,449.8
11/9/2025,0:00,147.6
11/9/2025,6:00,0
11/9/2025,12:00,170.82
11/9/2025,18:00,840.62
11/10/2025,0:00,95.392
11/10/2025,6:00,0
11/10/2025,12:00,176.08
11/10/2025,18:00,970
11/11/2025,0:00,290.144
11/11/2025,6:00,0
11/11/2025,12:00,175.008
11/11/2025,18:00,735.62
11/12/2025,0:00,132.896
11/12/2025,6:00,0
11/12/2025,12:00,108.24
11/12/2025,18:00,828.9
11/13/2025,0:00,199.648
11/13/2025,6:00,0
11/13/2025,12:00,145.98
11/13/2025,18:00,831.4
11/14/2025,0:00,237.584
11/14/2025,6:00,0
11/14/2025,12:00,154.46
11/14/2025,18:00,880.32
11/15/2025,0:00,236.896
11/15/2025,6:00,0
11/15/2025,12:00,168.96
11/15/2025,18:00,935.26
11/16/2025,0:00,283.264
11/16/2025,6:00,0
11/16/2025,12:00,127.28
11/16/2025,18:00,380.96
11/17/2025,0:00,53.536
11/17/2025,6:00,0
11/17/2025,12:00,156.1
11/17/2025,18:00,975.18
11/18/2025,0:00,300.368
11/18/2025,6:00,0
11/18/2025,12:00,183.8
11/18/2025,18:00,990
11/19/2025,0:00,304.38
11/19/2025,6:00,0
11/19/2025,12:00,178.96
11/19/2025,18:00,978.74
11/20/2025,0:00,304.78
11/20/2025,6:00,0
11/20/2025,12:00,181.42
11/20/2025,18:00,969.56
11/21/2025,0:00,300.54
11/21/2025,6:00,0
11/21/2025,12:00,150.54
11/21/2025,18:00,512.98
11/22/2025,0:00,90.4
11/22/2025,6:00,0
11/22/2025,12:00,181.28
11/22/2025,18:00,978.42
11/23/2025,0:00,302.768
11/23/2025,6:00,0
11/23/2025,12:00,181.46
11/23/2025,18:00,969.4
11/24/2025,0:00,310.84
11/24/2025,6:00,0
11/24/2025,12:00,177.86
11/24/2025,18:00,793.58
11/25/2025,0:00,90.752
11/25/2025,6:00,0
11/25/2025,12:00,178.84
11/25/2025,18:00,968.54
11/26/2025,0:00,310.304
11/26/2025,6:00,0
11/26/2025,12:00,179.5
11/26/2025,18:00,964.66
11/27/2025,0:00,310.064
11/27/2025,6:00,0
11/27/2025,12:00,177.92
11/27/2025,18:00,962.4
11/28/2025,0:00,310.52
11/28/2025,6:00,0
11/28/2025,12:00,176.06
11/28/2025,18:00,909.78
11/29/2025,0:00,281.32
11/29/2025,6:00,0
11/29/2025,12:00,138.92
11/29/2025,18:00,739.98
11/30/2025,0:00,170.96
11/30/2025,6:00,0
11/30/2025,12:00,81.58
11/30/2025,18:00,315.7
12/1/2025,0:00,70.44
12/1/2025,6:00,0
12/1/2025,12:00,124.64
12/1/2025,18:00,759.88
12/2/2025,0:00,201.08
12/2/2025,6:00,0
12/2/2025,12:00,178.46
12/2/2025,18:00,955.1
12/3/2025,0:00,324.48
12/3/2025,6:00,0
12/3/2025,12:00,181.94
12/3/2025,18:00,979.88
12/4/2025,0:00,328.74
12/4/2025,6:00,0
12/4/2025,12:00,185.42
12/4/2025,18:00,1001.44
12/5/2025,0:00,335.68
12/5/2025,6:00,0
12/5/2025,12:00,184.88
12/5/2025,18:00,998.84
12/6/2025,0:00,336.224
12/6/2025,6:00,0
12/6/2025,12:00,169.2
12/6/2025,18:00,912.54
12/7/2025,0:00,153.488
12/7/2025,6:00,0
12/7/2025,12:00,168.48
12/7/2025,18:00,968.4
12/8/2025,0:00,265.312
12/8/2025,6:00,0
12/8/2025,12:00,51.94
12/8/2025,18:00,417.6
12/9/2025,0:00,33.98
12/9/2025,6:00,0
12/9/2025,12:00,18.1
12/9/2025,18:00,532
12/10/2025,0:00,145.64
12/10/2025,6:00,0
12/10/2025,12:00,6.46
12/10/2025,18:00,153.28
12/11/2025,0:00,218.16
12/11/2025,6:00,0
12/11/2025,12:00,177.16
12/11/2025,18:00,972.32
12/12/2025,0:00,182.74
12/12/2025,6:00,0
12/12/2025,12:00,118.82
12/12/2025,18:00,747.76
12/13/2025,0:00,322.6
12/13/2025,6:00,0
12/13/2025,12:00,177.04
12/13/2025,18:00,977.58
12/14/2025,0:00,340.74
12/14/2025,6:00,0
12/14/2025,12:00,168.7
12/14/2025,18:00,973.38
12/15/2025,0:00,340.68
12/15/2025,6:00,0
12/15/2025,12:00,58.08
12/15/2025,18:00,233.78
12/16/2025,0:00,112.12
12/16/2025,6:00,0
12/16/2025,12:00,182.86
12/16/2025,18:00,1013.6
12/17/2025,0:00,358.256
12/17/2025,6:00,0
12/17/2025,12:00,180.24
12/17/2025,18:00,1008.14
12/18/2025,0:00,358.64
12/18/2025,6:00,0
12/18/2025,12:00,180
12/18/2025,18:00,1009.38
12/19/2025,0:00,360.18
12/19/2025,6:00,0
12/19/2025,12:00,173.86
12/19/2025,18:00,985.66
12/20/2025,0:00,353.64
12/20/2025,6:00,0
12/20/2025,12:00,171.6
12/20/2025,18:00,978.22
12/21/2025,0:00,318.58
12/21/2025,6:00,0
12/21/2025,12:00,10.62
12/21/2025,18:00,174.04
12/22/2025,0:00,231.94
12/22/2025,6:00,0
12/22/2025,12:00,106.94
12/22/2025,18:00,330.8
12/23/2025,0:00,54.58
12/23/2025,6:00,0
12/23/2025,12:00,22.7
12/23/2025,18:00,766.28
12/24/2025,0:00,323.48
12/24/2025,6:00,0
12/24/2025,12:00,140.9
12/24/2025,18:00,765.94
12/25/2025,0:00,120.42
12/25/2025,6:00,0
12/25/2025,12:00,135.96
12/25/2025,18:00,582.16
12/26/2025,0:00,101.24
12/26/2025,6:00,0
12/26/2025,12:00,22.82
12/26/2025,18:00,232.98
12/27/2025,0:00,144.76
12/27/2025,6:00,0
12/27/2025,12:00,152.94
12/27/2025,18:00,878.86
12/28/2025,0:00,130.74
12/28/2025,6:00,0
12/28/2025,12:00,153.96
12/28/2025,18:00,878.22
12/29/2025,0:00,75.66
12/29/2025,6:00,0
12/29/2025,12:00,12.04
12/29/2025,18:00,160.42
12/30/2025,0:00,282.56
12/30/2025,6:00,0
12/30/2025,12:00,143.42
12/30/2025,18:00,967.06
12/31/2025,0:00,297.968
12/31/2025,6:00,0
12/31/2025,12:00,153.38
12/31/2025,18:00,872.76
1/1/2026,0:00,146.14
1/1/2026,6:00,0
1/1/2026,12:00,153.84
1/1/2026,18:00,966.7
1/2/2026,0:00,327.48
1/2/2026,6:00,0
1/2/2026,12:00,156.06
1/2/2026,18:00,964.46
1/3/2026,0:00,274.56
1/3/2026,6:00,0
1/3/2026,12:00,131.76
1/3/2026,18:00,882.24
1/4/2026,0:00,372.672
1/4/2026,6:00,0
1/4/2026,12:00,163.424
1/4/2026,18:00,1005.14
1/5/2026,0:00,378.288
1/5/2026,6:00,0
1/5/2026,12:00,157.88
1/5/2026,18:00,989.58
1/6/2026,0:00,373.968
1/6/2026,6:00,0
1/6/2026,12:00,157.2
1/6/2026,18:00,989.22
1/7/2026,0:00,369.392
1/7/2026,6:00,0
1/7/2026,12:00,148.68
1/7/2026,18:00,891.72
1/8/2026,0:00,286.192
1/8/2026,6:00,0
1/8/2026,12:00,41.06
1/8/2026,18:00,654.48
1/9/2026,0:00,214.032
1/9/2026,6:00,0
1/9/2026,12:00,86.5
1/9/2026,18:00,590.26
1/10/2026,0:00,162.16
1/10/2026,6:00,0
1/10/2026,12:00,26.86
1/10/2026,18:00,335.76
1/11/2026,0:00,83.568
1/11/2026,6:00,0
1/11/2026,12:00,142.94
1/11/2026,18:00,364.92
1/12/2026,0:00,143.184
1/12/2026,6:00,0
1/12/2026,12:00,145.264
1/12/2026,18:00,968.94
1/13/2026,0:00,368.096
1/13/2026,6:00,0
1/13/2026,12:00,142.66
1/13/2026,18:00,960.62
1/14/2026,0:00,366.56
1/14/2026,6:00,0
1/14/2026,12:00,138.52
1/14/2026,18:00,899.3
1/15/2026,0:00,338.624
1/15/2026,6:00,0
1/15/2026,12:00,140.96
1/15/2026,18:00,944.04
1/16/2026,0:00,324.08
1/16/2026,6:00,0
1/16/2026,12:00,15.456
1/16/2026,18:00,401.34
1/17/2026,0:00,115.6
1/22/2026,18:00,955.78
1/23/2026,0:00,368.544
1/23/2026,6:00,0
1/23/2026,12:00,130.66
1/23/2026,18:00,950.08
1/24/2026,0:00,369.04
1/24/2026,6:00,0
1/24/2026,12:00,130.08
1/24/2026,18:00,957.62
1/25/2026,0:00,363.792
1/25/2026,6:00,0
1/25/2026,12:00,128.1
1/25/2026,18:00,955.6
1/26/2026,0:00,366.592
1/26/2026,6:00,0
1/26/2026,12:00,115.36
1/26/2026,18:00,928.36
1/27/2026,0:00,351.424
1/27/2026,6:00,0
1/27/2026,12:00,109.888
1/27/2026,18:00,909.16
1/28/2026,0:00,311.776
1/28/2026,6:00,0
1/28/2026,12:00,120.384
1/28/2026,18:00,917.26
1/29/2026,0:00,206.672
1/29/2026,6:00,0
1/29/2026,12:00,118.54
1/29/2026,18:00,898.688
1/30/2026,0:00,352.304
1/30/2026,6:00,0
1/30/2026,12:00,118.9
1/30/2026,18:00,932.62
1/31/2026,0:00,357.328
1/31/2026,6:00,0
1/31/2026,12:00,117.296
1/31/2026,18:00,843.42
2/1/2026,0:00,186.064
2/1/2026,6:00,0
2/1/2026,12:00,119.552
2/1/2026,18:00,940.36
2/2/2026,0:00,362.384
2/2/2026,6:00,0
2/2/2026,12:00,104.94
2/2/2026,18:00,845.1
2/3/2026,0:00,347.792
2/3/2026,6:00,0
2/3/2026,12:00,115.184
2/3/2026,18:00,900.34
2/4/2026,0:00,353.952
2/4/2026,6:00,0
2/4/2026,12:00,116.208
2/4/2026,18:00,928.24
2/5/2026,0:00,351.568
2/5/2026,6:00,0
2/5/2026,12:00,114.46
2/5/2026,18:00,927.58
2/6/2026,0:00,353.36
2/6/2026,6:00,0
2/6/2026,12:00,104.38
2/6/2026,18:00,830.304
2/7/2026,0:00,259.408
2/7/2026,6:00,0
2/7/2026,12:00,78.688
2/7/2026,18:00,903.34
2/8/2026,0:00,347.296
2/8/2026,6:00,0
2/8/2026,12:00,113.54
2/8/2026,18:00,948.76
2/9/2026,0:00,360.96
2/9/2026,6:00,0
2/9/2026,12:00,110.66
2/9/2026,18:00,926.98
2/10/2026,0:00,350.016
2/10/2026,6:00,0
2/10/2026,12:00,107.78
2/10/2026,18:00,804.42
2/11/2026,0:00,340.064
2/11/2026,6:00,0
2/11/2026,12:00,103.776
2/11/2026,18:00,887.552
2/12/2026,0:00,227.456
2/12/2026,6:00,0
2/12/2026,12:00,103.728
2/12/2026,18:00,500.592
2/13/2026,0:00,190.272
2/13/2026,6:00,0
2/13/2026,12:00,65.056
2/13/2026,18:00,756.4
2/14/2026,0:00,277.856
2/14/2026,6:00,0
2/14/2026,12:00,100.448
2/14/2026,18:00,857.72
2/15/2026,0:00,148.752
2/15/2026,6:00,0
2/15/2026,12:00,97.18
2/15/2026,18:00,635.34
2/16/2026,0:00,54.16
2/16/2026,6:00,0
2/16/2026,12:00,96.592
2/16/2026,18:00,690.54
2/17/2026,0:00,129.312
2/17/2026,6:00,0
2/17/2026,12:00,36.144
2/17/2026,18:00,797.776
2/18/2026,0:00,179.104
2/18/2026,6:00,0
2/18/2026,12:00,79.792
2/18/2026,18:00,715.392
2/19/2026,0:00,312.624
2/19/2026,6:00,0
2/19/2026,12:00,90.32
2/19/2026,18:00,862.976
2/20/2026,0:00,174.784
2/20/2026,6:00,0
2/20/2026,12:00,89.152
2/20/2026,18:00,862.064
2/21/2026,0:00,299.552
2/21/2026,6:00,0
2/21/2026,12:00,97.552
2/21/2026,18:00,873.68
2/22/2026,0:00,301.36
2/22/2026,6:00,0
2/22/2026,12:00,75.504
2/22/2026,18:00,862.528
2/23/2026,0:00,279.04
2/23/2026,6:00,0
2/23/2026,12:00,85.696
2/23/2026,18:00,402.496
2/24/2026,0:00,212.544
2/24/2026,6:00,0
2/24/2026,12:00,88.624
2/24/2026,18:00,806.448
2/25/2026,0:00,220.8
2/25/2026,6:00,0
2/25/2026,12:00,92.864
2/25/2026,18:00,867.248
2/26/2026,0:00,303.552
2/26/2026,6:00,0
2/26/2026,12:00,94.16
2/26/2026,18:00,888.88
2/27/2026,0:00,312.848
2/27/2026,6:00,0
2/27/2026,12:00,81.504
2/27/2026,18:00,843.744
2/28/2026,0:00,305.088
2/28/2026,6:00,0
2/28/2026,12:00,74.096
2/28/2026,18:00,799.328
3/1/2026,0:00,304.176
3/1/2026,6:00,0
3/1/2026,12:00,89.376
3/1/2026,18:00,867.04
3/2/2026,0:00,301.616
3/2/2026,6:00,0
3/2/2026,12:00,87.296
3/2/2026,18:00,858.208
3/3/2026,0:00,296.288
3/3/2026,6:00,0
3/3/2026,12:00,85.312
3/3/2026,18:00,839.744
3/4/2026,0:00,220.24
3/4/2026,6:00,0
3/4/2026,12:00,83.296
3/4/2026,18:00,818.352
3/5/2026,0:00,283.12
3/5/2026,6:00,0
3/5/2026,12:00,80.736
3/5/2026,18:00,838.72
3/6/2026,0:00,263.328
3/6/2026,6:00,0
3/6/2026,12:00,64.064
3/6/2026,18:00,741.92
3/7/2026,0:00,96.032
3/7/2026,6:00,0
3/7/2026,12:00,75.472
3/7/2026,18:00,448.384
3/8/2026,0:00,229.952
3/8/2026,6:00,0
3/8/2026,12:00,80.176
3/8/2026,18:00,820.16
3/9/2026,0:00,267.104
3/9/2026,6:00,0
3/9/2026,12:00,73.744
3/9/2026,18:00,791.632
3/10/2026,0:00,203.28
3/10/2026,6:00,0
3/10/2026,12:00,76.768
3/10/2026,18:00,681.632
3/11/2026,0:00,263.616
3/11/2026,6:00,0
3/11/2026,12:00,49.056
3/11/2026,18:00,666.176
3/12/2026,0:00,137.04
3/12/2026,6:00,0
3/12/2026,12:00,76.16
3/12/2026,18:00,819.232
3/13/2026,0:00,265.968
3/13/2026,6:00,0
3/13/2026,12:00,77.04
3/13/2026,18:00,812.08
3/14/2026,0:00,261.824
3/14/2026,6:00,0
3/14/2026,12:00,76.48
3/14/2026,18:00,812.528
3/15/2026,0:00,254.048
3/15/2026,6:00,0
3/15/2026,12:00,74.928
3/15/2026,18:00,688.64
3/16/2026,0:00,251.808
3/16/2026,6:00,0
3/16/2026,12:00,72.74
3/16/2026,18:00,727.056
3/17/2026,0:00,234.512
3/17/2026,6:00,0
3/17/2026,12:00,16.36
3/17/2026,18:00,207.184
3/18/2026,0:00,161.168
3/18/2026,6:00,0
3/18/2026,12:00,68.912
3/18/2026,18:00,716.56
3/19/2026,0:00,238.368
3/19/2026,6:00,0
3/19/2026,12:00,71.824
3/19/2026,18:00,785.184
3/20/2026,0:00,243.632
3/20/2026,6:00,0
3/20/2026,12:00,71.808
3/20/2026,18:00,783.648
3/21/2026,0:00,238.944
3/21/2026,6:00,0
3/21/2026,12:00,67.92
3/21/2026,18:00,472.256
3/22/2026,0:00,34.192
3/22/2026,6:00,0
3/22/2026,12:00,63.536
3/22/2026,18:00,693.232
3/23/2026,0:00,140.672
3/23/2026,6:00,0
3/23/2026,12:00,44.736
3/23/2026,18:00,308.624
3/24/2026,0:00,80.992
3/24/2026,6:00,0
3/24/2026,12:00,67.36
3/24/2026,18:00,781.84
3/25/2026,0:00,230.896
3/25/2026,6:00,0
3/25/2026,12:00,31.04
3/25/2026,18:00,648.32
3/26/2026,0:00,151.824
3/26/2026,12:00,26.608
3/26/2026,18:00,556.64
3/27/2026,0:00,134.304
3/27/2026,6:00,0
3/27/2026,12:00,61.264
3/27/2026,18:00,723.904
3/28/2026,0:00,98.96
3/28/2026,6:00,0
3/28/2026,12:00,60.944
3/28/2026,18:00,715.328
3/29/2026,0:00,58.832
3/29/2026,6:00,0
3/29/2026,12:00,61.616
3/29/2026,18:00,729.264
3/30/2026,0:00,115.216
3/30/2026,6:00,0
3/30/2026,12:00,59.744
3/30/2026,18:00,444.16
3/31/2026,0:00,109.808
3/31/2026,6:00,0
3/31/2026,12:00,59.28
3/31/2026,18:00,717.6
4/1/2026,0:00,202.464
4/1/2026,6:00,0
4/1/2026,12:00,61.344
4/1/2026,18:00,732.08
4/2/2026,0:00,204.384
4/2/2026,6:00,0
4/2/2026,12:00,58.94
4/2/2026,18:00,716.848
4/3/2026,0:00,198.752
4/3/2026,6:00,0
4/3/2026,12:00,58.22
4/3/2026,18:00,709.552
4/4/2026,0:00,193.68
4/4/2026,6:00,0
4/4/2026,12:00,57.14
4/4/2026,18:00,641.6
4/5/2026,0:00,187.232
4/5/2026,6:00,0
4/5/2026,12:00,54.12
4/5/2026,18:00,691.648
4/6/2026,0:00,182.08
4/6/2026,6:00,0
4/6/2026,12:00,6.32
4/6/2026,18:00,636.032
4/7/2026,0:00,61.776
4/7/2026,6:00,0
4/7/2026,12:00,29.456
4/7/2026,18:00,85.68
4/8/2026,0:00,56.48
4/8/2026,6:00,0
4/8/2026,12:00,13.392
4/8/2026,18:00,326.112
4/9/2026,0:00,28.592
4/9/2026,6:00,0
4/9/2026,12:00,11.4
4/9/2026,18:00,276.992
4/10/2026,0:00,155.12
4/10/2026,6:00,0
4/10/2026,12:00,55.728
4/10/2026,18:00,710.096
4/11/2026,0:00,186.528
4/11/2026,6:00,0
4/11/2026,12:00,55.552
4/11/2026,18:00,484.784
4/12/2026,0:00,9.152
4/12/2026,6:00,0
4/12/2026,12:00,1.968
4/12/2026,18:00,177.632
4/13/2026,0:00,49.6
4/13/2026,6:00,0
4/13/2026,12:00,25.392
4/13/2026,18:00,490.384
4/14/2026,0:00,43.056
4/14/2026,6:00,0
4/14/2026,12:00,32.976
4/14/2026,18:00,449.696
4/15/2026,0:00,99.04
4/15/2026,6:00,0
4/15/2026,12:00,12.592
4/15/2026,18:00,234.032
4/16/2026,0:00,48.48
4/16/2026,6:00,0
4/16/2026,12:00,2.464
4/16/2026,18:00,196.8
4/17/2026,0:00,78.352
4/17/2026,6:00,0
4/17/2026,12:00,47.088
4/17/2026,18:00,609.488
4/18/2026,0:00,157.568
4/18/2026,6:00,0
4/18/2026,12:00,49.056
4/18/2026,18:00,660.976
4/19/2026,0:00,162.24
4/19/2026,6:00,0
4/19/2026,12:00,48.704
4/19/2026,18:00,659.712
4/20/2026,0:00,158.528
4/20/2026,6:00,0
4/20/2026,12:00,18.288
4/20/2026,18:00,222.144
4/21/2026,0:00,8.064
4/21/2026,6:00,0
4/21/2026,12:00,7.792
4/21/2026,18:00,108.48
4/22/2026,0:00,81.696
4/22/2026,6:00,0
4/22/2026,12:00,42.672
4/22/2026,18:00,463.712
4/23/2026,0:00,116.864
4/23/2026,6:00,0
4/23/2026,12:00,8.304
4/23/2026,18:00,303.456
4/24/2026,0:00,41.6
4/24/2026,6:00,0
4/24/2026,12:00,25.888
4/24/2026,18:00,83.136
4/25/2026,0:00,11.808
4/25/2026,6:00,0
4/25/2026,12:00,41.312
4/25/2026,18:00,415.12
4/26/2026,0:00,35.808
4/26/2026,6:00,0
4/26/2026,12:00,41.44
4/26/2026,18:00,614.704
4/27/2026,0:00,141.936
4/27/2026,6:00,0
4/27/2026,12:00,45.696
4/27/2026,18:00,648.416
4/28/2026,0:00,149.584
4/28/2026,6:00,0
4/28/2026,12:00,44.096
4/28/2026,18:00,638.064
4/29/2026,0:00,144.912
4/29/2026,6:00,0
4/29/2026,12:00,42.464
4/29/2026,18:00,621.072
4/30/2026,0:00,139.904
4/30/2026,6:00,0
4/30/2026,12:00,41.536
4/30/2026,18:00,616.512
5/1/2026,0:00,138.512
5/1/2026,6:00,0
5/1/2026,12:00,16.272
5/1/2026,18:00,355.808
5/2/2026,0:00,123.008
5/2/2026,6:00,0
5/2/2026,12:00,33.152
5/2/2026,18:00,549.824
5/3/2026,0:00,135.12
5/3/2026,6:00,0
5/3/2026,12:00,41.776
5/3/2026,18:00,624.976
5/4/2026,0:00,137.472
5/4/2026,6:00,0
5/4/2026,12:00,36.304
5/4/2026,18:00,359.632
5/5/2026,0:00,54.288
5/5/2026,6:00,0
5/5/2026,12:00,34.784
5/5/2026,18:00,557.296
5/6/2026,0:00,121.296
5/6/2026,6:00,0
5/6/2026,12:00,24.032
5/6/2026,18:00,387.168
5/7/2026,0:00,60.864
5/7/2026,6:00,0
5/7/2026,12:00,18.096
5/7/2026,18:00,484.832
5/8/2026,0:00,61.376
5/8/2026,6:00,0
5/8/2026,12:00,30.32
5/8/2026,18:00,466.464
5/9/2026,0:00,108.448
5/9/2026,6:00,0
5/9/2026,12:00,32.56
5/9/2026,18:00,298.864
5/10/2026,0:00,18.56
5/10/2026,6:00,0
5/10/2026,12:00,34.864
5/10/2026,18:00,583.264
5/11/2026,0:00,123.184
5/11/2026,6:00,0
5/11/2026,12:00,35.472
5/11/2026,18:00,583.184
5/12/2026,0:00,122.768
5/12/2026,6:00,0
5/12/2026,12:00,34.544
5/12/2026,18:00,575.984
5/13/2026,0:00,121.744
5/13/2026,6:00,0
5/13/2026,12:00,33.968
5/13/2026,18:00,570.688
5/14/2026,0:00,119.232
5/14/2026,6:00,0
5/14/2026,12:00,32.688
5/14/2026,18:00,554.272
5/15/2026,0:00,112
5/15/2026,6:00,0
5/15/2026,12:00,31.36
5/15/2026,18:00,558.16
5/16/2026,0:00,115.632
5/16/2026,6:00,0
5/16/2026,12:00,30.288
5/16/2026,18:00,441.952
5/17/2026,0:00,103.84
5/17/2026,6:00,0
5/17/2026,12:00,3.424
5/17/2026,18:00,172.576
5/18/2026,0:00,26.768
5/18/2026,6:00,0
5/18/2026,12:00,29.296
5/18/2026,18:00,545.472
5/19/2026,0:00,112.512
5/19/2026,6:00,0
5/19/2026,12:00,30.384
5/19/2026,18:00,552.88
5/20/2026,0:00,113.296
5/20/2026,6:00,0
5/20/2026,12:00,29.888
5/20/2026,18:00,546.64
5/21/2026,0:00,110.96
5/21/2026,6:00,0
5/21/2026,12:00,28.384
5/21/2026,18:00,488.384
5/22/2026,0:00,93.872
5/22/2026,6:00,0
5/22/2026,12:00,21.984
5/22/2026,18:00,503.792
5/23/2026,0:00,94.688
5/23/2026,6:00,0
5/23/2026,12:00,26.848
5/23/2026,18:00,525.472
5/24/2026,0:00,99.248
5/24/2026,6:00,0
5/24/2026,12:00,20.24
5/24/2026,18:00,472.304
5/25/2026,0:00,105.008
5/25/2026,6:00,0
5/25/2026,12:00,7.44
5/25/2026,18:00,171.472
5/26/2026,0:00,11.872
5/26/2026,6:00,0
5/26/2026,12:00,24.112
5/26/2026,18:00,436.144
5/27/2026,0:00,17.376
5/27/2026,6:00,0
5/27/2026,12:00,25.552
5/27/2026,18:00,516.128
5/28/2026,0:00,102.672
5/28/2026,6:00,0
5/28/2026,12:00,24.784
5/28/2026,18:00,484.176
5/29/2026,0:00,71.072
5/29/2026,6:00,0
5/29/2026,12:00,3.84
5/29/2026,18:00,89.216
5/30/2026,0:00,61.808
5/30/2026,6:00,0
5/30/2026,12:00,7.6
5/30/2026,18:00,378.928
5/31/2026,0:00,47.472
5/31/2026,6:00,0
5/31/2026,12:00,21.072
5/31/2026,18:00,490.944
6/1/2026,0:00,100.496
6/1/2026,6:00,0
6/1/2026,12:00,23.664
6/1/2026,18:00,491.52
6/2/2026,0:00,66.784
6/2/2026,6:00,0
6/2/2026,12:00,22.704
6/2/2026,18:00,404.8
6/3/2026,0:00,69.584
6/3/2026,6:00,0
6/3/2026,12:00,21.74
6/3/2026,18:00,486.48
6/4/2026,0:00,96.224
6/4/2026,6:00,0
6/4/2026,12:00,21.12
6/4/2026,18:00,476.416
6/5/2026,0:00,73.888
6/5/2026,6:00,0
6/5/2026,12:00,13.52
6/5/2026,18:00,470.016
6/6/2026,0:00,88.512
6/6/2026,6:00,0
6/6/2026,12:00,13.264
6/6/2026,18:00,305.952
6/7/2026,0:00,55.952
6/7/2026,6:00,0
6/7/2026,12:00,19.792
6/7/2026,18:00,393.488
6/8/2026,0:00,44.224
6/8/2026,6:00,0
6/8/2026,12:00,5.824
6/8/2026,18:00,188.016
6/9/2026,0:00,56.224
6/9/2026,6:00,0
6/9/2026,12:00,14.576
6/9/2026,18:00,339.248
6/10/2026,0:00,32.176
6/10/2026,6:00,0
6/10/2026,12:00,14.544
6/10/2026,18:00,453.76
6/11/2026,0:00,92.272
6/11/2026,6:00,0
6/11/2026,12:00,1.056
6/11/2026,18:00,42.576
6/12/2026,0:00,4.064
6/12/2026,6:00,0
6/12/2026,12:00,15.184
6/12/2026,18:00,406.384
6/13/2026,0:00,19.648
6/13/2026,6:00,0
6/13/2026,12:00,18.88
6/13/2026,18:00,241.248
6/14/2026,0:00,29.248
6/14/2026,6:00,0
6/14/2026,12:00,18.448
6/14/2026,18:00,185.776
6/15/2026,0:00,27.456
6/15/2026,6:00,0
6/15/2026,12:00,19.296
6/15/2026,18:00,386.208
6/16/2026,0:00,68.96
6/16/2026,6:00,0
6/16/2026,12:00,19.58
6/16/2026,18:00,488.512
6/17/2026,0:00,98.352
6/17/2026,6:00,0
6/17/2026,12:00,14.864
6/17/2026,18:00,439.072
6/18/2026,0:00,95.472
6/18/2026,6:00,0
6/18/2026,12:00,13.216
6/18/2026,18:00,252.72
6/19/2026,0:00,36.288
6/19/2026,6:00,0
6/19/2026,12:00,0.56
6/19/2026,18:00,168.064
6/20/2026,0:00,16.56
6/20/2026,6:00,0
6/20/2026,12:00,19.22
6/20/2026,18:00,490.416
6/21/2026,0:00,99.504
6/21/2026,6:00,0
6/21/2026,12:00,15.36
6/21/2026,18:00,378.096
6/22/2026,0:00,57.328
6/22/2026,6:00,0
6/22/2026,12:00,1.1
6/22/2026,18:00,345.808
6/23/2026,0:00,49.68
6/23/2026,6:00,0
6/23/2026,12:00,18.688
6/23/2026,18:00,492.192
6/24/2026,0:00,101.504
6/24/2026,6:00,0
6/24/2026,12:00,18.368
6/24/2026,18:00,487.328
6/25/2026,0:00,100.736
6/25/2026,6:00,0
6/25/2026,12:00,9.24
6/25/2026,18:00,461.008
6/26/2026,0:00,100.032
6/26/2026,6:00,0
6/26/2026,12:00,18.832
6/26/2026,18:00,496.624
6/27/2026,0:00,104.128
6/27/2026,6:00,0
6/27/2026,12:00,17.408
6/27/2026,18:00,398.624
6/28/2026,0:00,72.448
6/28/2026,6:00,0
6/28/2026,12:00,0.928
6/28/2026,18:00,118.256
6/29/2026,0:00,97.056
6/29/2026,6:00,0
6/29/2026,12:00,18.384
6/29/2026,18:00,490.272
6/30/2026,0:00,103.312
6/30/2026,6:00,0
6/30/2026,12:00,15.808
6/30/2026,18:00,250.96
7/1/2026,0:00,31.84
7/1/2026,6:00,0
7/1/2026,12:00,15.664
7/1/2026,18:00,154.688
7/2/2026,0:00,14.336
7/2/2026,6:00,0
7/2/2026,12:00,1.72
7/2/2026,18:00,166.752
7/3/2026,0:00,29.472
7/3/2026,6:00,0
7/3/2026,12:00,19.536
7/3/2026,18:00,504.928
7/4/2026,0:00,107.456
7/4/2026,6:00,0
7/4/2026,12:00,15.168
7/4/2026,18:00,422.128
7/5/2026,0:00,78.336
7/5/2026,6:00,0
7/5/2026,12:00,17.136
7/5/2026,18:00,467.056
7/6/2026,0:00,71.376
7/6/2026,6:00,0
7/6/2026,12:00,14.432
7/6/2026,18:00,500.496
7/7/2026,0:00,109.36
7/7/2026,6:00,0
7/7/2026,12:00,19.376
7/7/2026,18:00,506.48
7/8/2026,0:00,109.616
7/8/2026,6:00,0
7/8/2026,12:00,19.024
7/8/2026,18:00,473.504
7/9/2026,0:00,101.36
7/9/2026,6:00,0
7/9/2026,12:00,13.632
7/9/2026,18:00,423.28
7/10/2026,0:00,91.952
7/10/2026,6:00,0
7/10/2026,12:00,12.752
7/10/2026,18:00,307.152
7/11/2026,0:00,48.768
7/11/2026,6:00,0
7/11/2026,12:00,10.54
7/11/2026,18:00,325.088
7/12/2026,0:00,37.184
7/12/2026,6:00,0
7/12/2026,12:00,19.04
7/12/2026,18:00,434.352
7/13/2026,0:00,105.04
7/13/2026,6:00,0
7/13/2026,12:00,19.536
7/13/2026,18:00,509.248
7/14/2026,0:00,114
7/14/2026,6:00,0
7/14/2026,12:00,20.224
7/14/2026,18:00,496.8
7/15/2026,0:00,105.632
7/15/2026,6:00,0
7/15/2026,12:00,20.096
7/15/2026,18:00,505.152
7/16/2026,0:00,111.184
7/16/2026,6:00,0
7/16/2026,12:00,4.16
7/16/2026,18:00,461.952
7/17/2026,0:00,107.888
7/17/2026,6:00,0
7/17/2026,12:00,14.576
7/17/2026,18:00,446.512
7/18/2026,0:00,108.512
7/18/2026,6:00,0
7/18/2026,12:00,18.864
7/18/2026,18:00,460.16
7/19/2026,0:00,20.4
7/19/2026,6:00,0
7/19/2026,12:00,10.96
7/19/2026,18:00,142.208
7/20/2026,0:00,20.032
7/20/2026,6:00,0
7/20/2026,12:00,0.688
7/20/2026,18:00,34.352
7/21/2026,0:00,12.32
7/21/2026,6:00,0
7/21/2026,12:00,6.064
7/21/2026,18:00,86.224
7/22/2026,0:00,4.64
7/22/2026,6:00,0
7/22/2026,12:00,1.712
7/22/2026,18:00,294.112
7/23/2026,0:00,70.64
7/23/2026,6:00,0
7/23/2026,12:00,6.8
7/23/2026,18:00,176.176
7/24/2026,0:00,21.984
7/24/2026,6:00,0
7/24/2026,12:00,19.216
7/24/2026,18:00,432.848
7/25/2026,0:00,79.92
7/25/2026,6:00,0
7/25/2026,12:00,21.504
7/25/2026,18:00,433.856
7/26/2026,0:00,42.288
7/26/2026,6:00,0
7/26/2026,12:00,2.272
7/26/2026,18:00,327.104
7/27/2026,0:00,85.68
7/27/2026,6:00,0
7/27/2026,12:00,13.072
7/27/2026,18:00,333.424
7/28/2026,0:00,77.12
7/28/2026,6:00,0
7/28/2026,12:00,16.176
7/28/2026,18:00,257.568
7/29/2026,0:00,46.848
7/29/2026,6:00,0
7/29/2026,12:00,22.528
7/29/2026,18:00,189.728
7/30/2026,0:00,28.48
7/30/2026,6:00,0
7/30/2026,12:00,11.312
7/30/2026,18:00,492.592
7/31/2026,0:00,122.96
7/31/2026,6:00,0
7/31/2026,12:00,24.016
7/31/2026,18:00,526.544
8/1/2026,0:00,125.472
8/1/2026,6:00,0
8/1/2026,12:00,21.536
