datetime,DSWRF_0_6_W_m2,DSWRF_6_12_W_m2,DSWRF_12_18_W_m2,DSWRF_18_24_W_m2,DSWRF_24h_mean_W_m2,DSWRF_24h_MJ_m2
2019-06-13,0.0,0.0,358.0,74.0,108.0,9.3312
2019-06-14,0.0,4.0,166.0,48.0,54.5,4.7088
2019-06-15,0.0,8.0,399.0,86.0,123.25,10.648800000000001
2019-06-16,0.0,13.0,385.0,72.0,117.5,10.152000000000001
2019-06-17,0.0,11.0,317.0,63.0,97.75,8.4456
2019-06-18,0.0,17.0,184.0,5.0,51.5,4.4496
2019-06-19,0.0,20.0,487.0,99.0,151.5,13.0896
2019-06-20,0.0,19.0,487.0,99.0,151.25,13.068000000000001
2019-06-21,0.0,19.0,448.0,86.0,138.25,11.9448
2019-06-22,0.0,14.0,428.0,93.0,133.75,11.556000000000001
2019-06-23,0.0,17.0,467.0,91.0,143.75,12.42
2019-06-24,0.0,14.0,384.0,76.0,118.5,10.2384
2019-06-25,0.0,4.0,84.0,4.0,23.0,1.9872
2019-06-26,0.0,20.0,503.0,105.0,157.0,13.5648
2019-06-27,0.0,19.0,487.0,99.0,151.25,13.068000000000001
2019-06-28,0.0,15.0,134.0,72.0,55.25,4.7736
2019-06-29,0.0,16.0,449.0,47.0,128.0,11.0592
2019-06-30,0.0,7.0,302.0,17.0,81.5,7.041600000000001
2019-07-01,0.0,3.0,419.0,87.0,127.25,10.9944
2019-07-02,0.0,19.0,362.0,7.0,97.0,8.3808
2019-07-03,0.0,19.0,499.0,106.0,156.0,13.4784
2019-07-04,0.0,18.0,489.0,102.0,152.25,13.1544
2019-07-05,0.0,20.0,507.0,109.0,159.0,13.7376
2019-07-06,0.0,19.0,507.0,109.0,158.75,13.716000000000001
2019-07-07,0.0,19.0,488.0,107.0,153.5,13.262400000000001
2019-07-08,0.0,20.0,504.0,110.0,158.5,13.6944
2019-07-09,0.0,17.0,444.0,86.0,136.75,11.8152
2019-07-10,0.0,14.0,109.0,23.0,36.5,3.1536
2019-07-11,0.0,5.0,246.0,84.0,83.75,7.236000000000001
2019-07-12,0.0,2.0,115.0,52.0,42.25,3.6504000000000003
2019-07-13,0.0,12.0,118.0,48.0,44.5,3.8448
2019-07-14,0.0,16.0,489.0,85.0,147.5,12.744000000000002
2019-07-15,0.0,20.0,506.0,113.0,159.75,13.8024
2019-07-16,0.0,21.0,519.0,117.0,164.25,14.1912
2019-07-17,0.0,21.0,526.0,119.0,166.5,14.3856
2019-07-18,0.0,21.0,520.0,117.0,164.5,14.212800000000001
2019-07-19,0.0,4.0,292.0,99.0,98.75,8.532
2019-07-20,0.0,20.0,494.0,112.0,156.5,13.521600000000001
2019-07-21,0.0,20.0,496.0,111.0,156.75,13.5432
2019-07-22,0.0,5.0,270.0,41.0,79.0,6.8256000000000006
2019-07-23,0.0,4.0,31.0,5.0,10.0,0.8640000000000001
2019-07-24,0.0,2.0,21.0,4.0,6.75,0.5832
2019-07-25,0.0,1.0,21.0,4.0,6.5,0.5616
2019-07-26,0.0,7.0,279.0,27.0,78.25,6.760800000000001
2019-07-27,0.0,7.0,373.0,78.0,114.5,9.892800000000001
2019-07-28,0.0,24.0,427.0,92.0,135.75,11.728800000000001
2019-07-29,0.0,15.0,139.0,40.0,48.5,4.1904
2019-07-30,0.0,25.0,544.0,129.0,174.5,15.0768
2019-07-31,0.0,26.0,551.0,130.0,176.75,15.2712
2019-08-01,0.0,9.0,104.0,9.0,30.5,2.6352
2019-08-02,0.0,28.0,575.0,138.0,185.25,16.0056
2019-08-03,0.0,29.0,574.0,138.0,185.25,16.0056
2019-08-04,0.0,29.0,580.0,141.0,187.5,16.2
2019-08-05,0.0,31.0,592.0,144.0,191.75,16.5672
2019-08-06,0.0,29.0,565.0,124.0,179.5,15.5088
2019-08-07,0.0,30.0,567.0,63.0,165.0,14.256
2019-08-08,0.0,16.0,273.0,52.0,85.25,7.365600000000001
2019-08-09,0.0,10.0,101.0,12.0,30.75,2.6568
2019-08-10,0.0,10.0,193.0,70.0,68.25,5.896800000000001
2019-08-11,0.0,34.0,545.0,76.0,163.75,14.148000000000001
2019-08-12,0.0,10.0,257.0,46.0,78.25,6.760800000000001
2019-08-13,0.0,36.0,616.0,156.0,202.0,17.4528
2019-08-14,0.0,38.0,637.0,159.0,208.5,18.014400000000002
2019-08-15,0.0,31.0,607.0,136.0,193.5,16.718400000000003
2019-08-16,0.0,20.0,507.0,148.0,168.75,14.58
2019-08-17,0.0,33.0,541.0,137.0,177.75,15.357600000000001
2019-08-18,0.0,38.0,632.0,160.0,207.5,17.928
2019-08-19,0.0,42.0,646.0,162.0,212.5,18.36
2019-08-20,0.0,32.0,636.0,161.0,207.25,17.9064
2019-08-21,0.0,43.0,643.0,163.0,212.25,18.3384
2019-08-22,0.0,43.0,642.0,126.0,202.75,17.5176
2019-08-23,0.0,45.0,659.0,168.0,218.0,18.8352
2019-08-24,0.0,34.0,582.0,134.0,187.5,16.2
2019-08-25,0.0,45.0,562.0,119.0,181.5,15.681600000000001
2019-08-26,0.0,5.0,327.0,107.0,109.75,9.4824
2019-08-27,0.0,48.0,655.0,167.0,217.5,18.792
2019-08-28,0.0,51.0,677.0,173.0,225.25,19.4616
2019-08-29,0.0,51.0,667.0,170.0,222.0,19.1808
2019-08-30,0.0,51.0,278.0,42.0,92.75,8.0136
2019-08-31,0.0,47.0,702.0,182.0,232.75,20.1096
2019-09-01,0.0,58.0,713.0,184.0,238.75,20.628
2019-09-02,0.0,59.0,710.0,181.0,237.5,20.52
2019-09-03,0.0,58.0,615.0,147.0,205.0,17.712
2019-09-04,0.0,62.0,740.0,192.0,248.5,21.4704
2019-09-05,0.0,62.0,726.0,188.0,244.0,21.0816
2019-09-06,0.0,8.0,177.0,100.0,71.25,6.156000000000001
2019-09-07,0.0,11.0,291.0,39.0,85.25,7.365600000000001
2019-09-08,0.0,19.0,193.0,24.0,59.0,5.0976
2019-09-09,0.0,50.0,627.0,105.0,195.5,16.8912
2019-09-10,0.0,23.0,195.0,9.0,56.75,4.9032
2019-09-11,0.0,8.0,191.0,28.0,56.75,4.9032
2019-09-12,0.0,66.0,318.0,72.0,114.0,9.8496
2019-09-13,0.0,72.0,609.0,178.0,214.75,18.5544
2019-09-14,0.0,39.0,526.0,179.0,186.0,16.0704
2019-09-15,0.0,74.0,734.0,192.0,250.0,21.6
2019-09-16,0.0,23.0,295.0,52.0,92.5,7.992
2019-09-17,0.0,79.0,319.0,18.0,104.0,8.9856
2019-09-18,0.0,77.0,783.0,206.0,266.5,23.0256
2019-09-19,0.0,87.0,789.0,206.0,270.5,23.3712
2019-09-20,0.0,85.0,793.0,214.0,273.0,23.587200000000003
2019-09-21,0.0,94.0,826.0,218.0,284.5,24.5808
2019-09-22,0.0,95.0,814.0,214.0,280.75,24.256800000000002
2019-09-23,0.0,99.0,830.0,219.0,287.0,24.7968
2019-09-24,0.0,88.0,816.0,219.0,280.75,24.256800000000002
2019-09-25,0.0,98.0,822.0,218.0,284.5,24.5808
2019-09-26,0.0,99.0,817.0,216.0,283.0,24.4512
2019-09-27,0.0,97.0,741.0,194.0,258.0,22.2912
2019-09-28,0.0,102.0,822.0,219.0,285.75,24.6888
2019-09-29,0.0,105.0,837.0,225.0,291.75,25.2072
2019-09-30,0.0,106.0,822.0,216.0,286.0,24.7104
2019-10-01,0.0,103.0,801.0,215.0,279.75,24.1704
2019-10-02,0.0,1.0,236.0,33.0,67.5,5.832000000000001
2019-10-03,0.0,5.0,152.0,9.0,41.5,3.5856000000000003
2019-10-04,0.0,10.0,217.0,24.0,62.75,5.421600000000001
2019-10-05,0.0,26.0,246.0,79.0,87.75,7.581600000000001
2019-10-06,0.0,90.0,720.0,217.0,256.75,22.183200000000003
2019-10-07,0.0,120.0,870.0,235.0,306.25,26.46
2019-10-08,0.0,120.0,850.0,230.0,300.0,25.92
2019-10-09,0.0,120.0,850.0,231.0,300.25,25.9416
2019-10-10,0.0,111.0,850.0,230.0,297.75,25.7256
2019-10-11,0.0,123.0,840.0,229.0,298.0,25.747200000000003
2019-10-12,0.0,41.0,780.0,230.0,262.75,22.701600000000003
2019-10-13,0.0,122.0,551.0,190.0,215.75,18.640800000000002
2019-10-14,0.0,10.0,20.0,10.0,10.0,0.8640000000000001
2019-10-15,0.0,11.0,120.0,41.0,43.0,3.7152000000000003
2019-10-16,0.0,17.0,220.0,49.0,71.5,6.1776
2019-10-17,0.0,50.0,190.0,17.0,64.25,5.551200000000001
2019-10-18,0.0,130.0,390.0,184.0,176.0,15.2064
2019-10-19,0.0,150.0,860.0,226.0,309.0,26.6976
2019-10-20,0.0,90.0,610.0,11.0,177.75,15.357600000000001
2019-10-21,0.0,127.0,580.0,145.0,213.0,18.403200000000002
2019-10-22,0.0,148.0,910.0,252.0,327.5,28.296000000000003
2019-10-23,0.0,146.0,910.0,257.0,328.25,28.3608
2019-10-24,0.0,150.0,920.0,256.0,331.5,28.6416
2019-10-25,0.0,150.0,930.0,264.0,336.0,29.0304
2019-10-26,0.0,160.0,940.0,260.0,340.0,29.376
2019-10-27,0.0,100.0,260.0,69.0,107.25,9.2664
2019-10-28,0.0,150.0,890.0,253.0,323.25,27.928800000000003
2019-10-29,0.0,90.0,650.0,201.0,235.25,20.3256
2019-10-30,0.0,110.0,790.0,248.0,287.0,24.7968
2019-10-31,0.0,30.0,600.0,129.0,189.75,16.3944
2019-11-01,0.0,150.0,900.0,256.0,326.5,28.209600000000002
2019-11-02,0.0,140.0,810.0,172.0,280.5,24.235200000000003
2019-11-03,0.0,100.0,200.0,17.0,79.25,6.8472
2019-11-04,0.0,130.0,600.0,46.0,194.0,16.7616
2019-11-05,0.0,130.0,570.0,257.0,239.25,20.671200000000002
2019-11-06,0.0,170.0,960.0,283.0,353.25,30.5208
2019-11-07,0.0,160.0,940.0,284.0,346.0,29.8944
2019-11-08,0.0,170.0,960.0,287.0,354.25,30.607200000000002
2019-11-09,0.0,160.0,860.0,218.0,309.5,26.7408
2019-11-10,0.0,140.0,790.0,273.0,300.75,25.9848
2019-11-11,0.0,140.0,840.0,258.0,309.5,26.7408
2019-11-12,0.0,145.0,600.0,229.0,243.5,21.038400000000003
2019-11-13,0.0,100.0,150.0,9.0,64.75,5.5944
2019-11-14,0.0,172.0,960.0,288.0,355.0,30.672
2019-11-15,0.0,190.0,990.0,300.0,370.0,31.968
2019-11-16,0.0,180.0,970.0,296.0,361.5,31.233600000000003
2019-11-17,0.0,180.0,980.0,303.0,365.75,31.600800000000003
2019-11-18,0.0,180.0,970.0,301.0,362.75,31.341600000000003
2019-11-19,0.0,180.0,930.0,258.0,342.0,29.5488
2019-11-20,0.0,170.0,950.0,294.0,353.5,30.5424
2019-11-21,0.0,170.0,920.0,292.0,345.5,29.851200000000002
2019-11-22,0.0,30.0,310.0,287.0,156.75,13.5432
2019-11-23,0.0,80.0,870.0,312.0,315.5,27.2592
2019-11-24,0.0,190.0,1000.0,315.0,376.25,32.508
2019-11-25,0.0,180.0,950.0,290.0,355.0,30.672
2019-11-26,0.0,30.0,100.0,88.0,54.5,4.7088
2019-11-27,0.0,170.0,980.0,322.0,368.0,31.7952
2019-11-28,0.0,190.0,1000.0,330.0,380.0,32.832
2019-11-29,0.0,190.0,980.0,320.0,372.5,32.184000000000005
2019-11-30,0.0,160.0,800.0,250.0,302.5,26.136000000000003
2019-12-01,0.0,180.0,980.0,327.0,371.75,32.1192
2019-12-02,0.0,190.0,950.0,190.0,332.5,28.728
2019-12-03,0.0,190.0,1000.0,325.0,378.75,32.724000000000004
2019-12-04,0.0,170.0,970.0,323.0,365.75,31.600800000000003
2019-12-05,0.0,170.0,990.0,340.0,375.0,32.4
2019-12-06,0.0,190.0,1000.0,340.0,382.5,33.048
2019-12-07,0.0,180.0,980.0,330.0,372.5,32.184000000000005
2019-12-08,0.0,180.0,980.0,280.0,360.0,31.104000000000003
2019-12-09,0.0,180.0,980.0,330.0,372.5,32.184000000000005
2019-12-10,0.0,180.0,980.0,330.0,372.5,32.184000000000005
2019-12-11,0.0,180.0,990.0,340.0,377.5,32.616
2019-12-12,0.0,170.0,770.0,100.0,260.0,22.464000000000002
2019-12-13,0.0,180.0,1000.0,350.0,382.5,33.048
2019-12-14,0.0,80.0,530.0,320.0,232.5,20.088
2019-12-15,0.0,150.0,410.0,120.0,170.0,14.688
2019-12-16,0.0,150.0,960.0,340.0,362.5,31.32
2019-12-17,0.0,170.0,980.0,350.0,375.0,32.4
2019-12-18,0.0,180.0,1010.0,360.0,387.5,33.480000000000004
2019-12-19,0.0,170.0,970.0,350.0,372.5,32.184000000000005
2019-12-20,0.0,170.0,840.0,210.0,305.0,26.352
2019-12-21,0.0,120.0,620.0,350.0,272.5,23.544
2019-12-22,0.0,180.0,1010.0,370.0,390.0,33.696000000000005
2019-12-23,0.0,180.0,1020.0,370.0,392.5,33.912
2019-12-24,0.0,180.0,1010.0,370.0,390.0,33.696000000000005
2019-12-25,0.0,170.0,990.0,360.0,380.0,32.832
2019-12-26,0.0,130.0,700.0,190.0,255.0,22.032
2019-12-27,0.0,160.0,950.0,130.0,310.0,26.784000000000002
2019-12-28,0.0,160.0,810.0,186.0,289.0,24.9696
2019-12-29,0.0,160.0,880.0,240.0,320.0,27.648000000000003
2019-12-30,0.0,140.0,820.0,146.0,276.5,23.8896
2019-12-31,0.0,150.0,710.0,240.0,275.0,23.76
2020-01-01,0.0,150.0,480.0,287.0,229.25,19.8072
2020-01-02,0.0,160.0,980.0,366.0,376.5,32.5296
2020-01-03,0.0,160.0,980.0,366.0,376.5,32.5296
2020-01-04,0.0,110.0,850.0,354.0,328.5,28.3824
2020-01-05,0.0,150.0,970.0,320.0,360.0,31.104000000000003
2020-01-06,0.0,90.0,570.0,240.0,225.0,19.44
2020-01-07,0.0,150.0,1000.0,380.0,382.5,33.048
2020-01-08,0.0,150.0,990.0,370.0,377.5,32.616
2020-01-09,0.0,140.0,820.0,270.0,307.5,26.568
2020-01-10,0.0,140.0,770.0,170.0,270.0,23.328000000000003
2020-01-11,0.0,130.0,810.0,355.0,323.75,27.972
2020-01-12,0.0,120.0,940.0,366.0,356.5,30.8016
2020-01-13,0.0,140.0,950.0,320.0,352.5,30.456000000000003
2020-01-14,0.0,130.0,700.0,220.0,262.5,22.68
2020-01-15,0.0,130.0,610.0,220.0,240.0,20.736
2020-01-16,0.0,30.0,720.0,290.0,260.0,22.464000000000002
2020-01-17,0.0,140.0,990.0,380.0,377.5,32.616
2020-01-18,0.0,130.0,770.0,283.0,295.75,25.5528
2020-01-19,0.0,20.0,830.0,356.0,301.5,26.0496
2020-01-20,0.0,90.0,425.0,176.0,172.75,14.925600000000001
2020-01-21,0.0,30.0,720.0,272.0,255.5,22.075200000000002
2020-01-22,0.0,17.0,260.0,343.0,155.0,13.392000000000001
2020-01-23,0.0,128.0,940.0,360.0,357.0,30.844800000000003
2020-01-24,0.0,130.0,970.0,373.0,368.25,31.8168
2020-01-25,0.0,130.0,950.0,366.0,361.5,31.233600000000003
2020-01-26,0.0,120.0,930.0,344.0,348.5,30.110400000000002
2020-01-27,0.0,110.0,920.0,218.0,312.0,26.9568
2020-01-28,0.0,100.0,880.0,300.0,320.0,27.648000000000003
2020-01-29,0.0,60.0,760.0,353.0,293.25,25.3368
2020-01-30,0.0,98.0,740.0,203.0,260.25,22.4856
2020-01-31,0.0,120.0,920.0,355.0,348.75,30.132
2020-02-01,0.0,120.0,940.0,359.0,354.75,30.6504
2020-02-02,0.0,120.0,930.0,357.0,351.75,30.3912
2020-02-03,0.0,120.0,920.0,354.0,348.5,30.110400000000002
2020-02-04,0.0,110.0,910.0,276.0,324.0,27.9936
2020-02-05,0.0,110.0,830.0,243.0,295.75,25.5528
2020-02-06,0.0,110.0,900.0,316.0,331.5,28.6416
2020-02-07,0.0,110.0,910.0,308.0,332.0,28.684800000000003
2020-02-08,0.0,110.0,820.0,83.0,253.25,21.8808
2020-02-09,0.0,100.0,910.0,347.0,339.25,29.311200000000003
2020-02-10,0.0,110.0,930.0,354.0,348.5,30.110400000000002
2020-02-11,0.0,110.0,930.0,347.0,346.75,29.959200000000003
2020-02-12,0.0,110.0,910.0,342.0,340.5,29.4192
2020-02-13,0.0,104.0,900.0,157.0,290.25,25.0776
2020-02-14,0.0,75.0,286.0,52.0,103.25,8.9208
2020-02-15,0.0,69.0,629.0,211.0,227.25,19.6344
2020-02-16,0.0,98.0,813.0,122.0,258.25,22.312800000000003
2020-02-17,0.0,68.0,347.0,220.0,158.75,13.716000000000001
2020-02-18,0.0,24.0,282.0,194.0,125.0,10.8
2020-02-19,0.0,98.0,921.0,335.0,338.5,29.2464
2020-02-20,0.0,99.0,882.0,323.0,326.0,28.166400000000003
2020-02-21,0.0,101.0,915.0,332.0,337.0,29.1168
2020-02-22,0.0,101.0,899.0,319.0,329.75,28.4904
2020-02-23,0.0,98.0,898.0,322.0,329.5,28.4688
2020-02-24,0.0,95.0,879.0,313.0,321.75,27.799200000000003
2020-02-25,0.0,28.0,808.0,303.0,284.75,24.602400000000003
2020-02-26,0.0,97.0,895.0,315.0,326.75,28.2312
2020-02-27,0.0,93.0,880.0,309.0,320.5,27.691200000000002
2020-02-28,0.0,92.0,872.0,304.0,317.0,27.3888
2020-02-29,0.0,90.0,865.0,301.0,314.0,27.1296
2020-03-01,0.0,89.0,865.0,298.0,313.0,27.043200000000002
2020-03-02,0.0,89.0,859.0,295.0,310.75,26.8488
2020-03-03,0.0,86.0,849.0,291.0,306.5,26.4816
2020-03-04,0.0,86.0,851.0,290.0,306.75,26.5032
2020-03-05,0.0,86.0,871.0,296.0,313.25,27.0648
2020-03-06,0.0,85.0,848.0,244.0,294.25,25.4232
2020-03-07,0.0,70.0,838.0,261.0,292.25,25.250400000000003
2020-03-08,0.0,81.0,832.0,275.0,297.0,25.660800000000002
2020-03-09,0.0,81.0,826.0,271.0,294.5,25.4448
2020-03-10,0.0,80.0,816.0,266.0,290.5,25.0992
2020-03-11,0.0,80.0,783.0,250.0,278.25,24.0408
2020-03-12,0.0,70.0,780.0,261.0,277.75,23.997600000000002
2020-03-13,0.0,76.0,750.0,190.0,254.0,21.945600000000002
2020-03-14,0.0,74.0,731.0,61.0,216.5,18.7056
2020-03-15,0.0,40.0,453.0,111.0,151.0,13.0464
2020-03-16,0.0,43.0,720.0,196.0,239.75,20.7144
2020-03-17,0.0,72.0,761.0,233.0,266.5,23.0256
2020-03-18,0.0,12.0,599.0,201.0,203.0,17.5392
2020-03-19,0.0,71.0,794.0,247.0,278.0,24.0192
2020-03-20,0.0,73.0,799.0,246.0,279.5,24.1488
2020-03-21,0.0,70.0,788.0,239.0,274.25,23.6952
2020-03-22,0.0,70.0,792.0,239.0,275.25,23.7816
2020-03-23,0.0,69.0,781.0,234.0,271.0,23.4144
2020-03-24,0.0,68.0,767.0,227.0,265.5,22.9392
2020-03-25,0.0,67.0,725.0,195.0,246.75,21.319200000000002
2020-03-26,0.0,66.0,659.0,207.0,233.0,20.1312
2020-03-27,0.0,55.0,709.0,156.0,230.0,19.872
2020-03-28,0.0,62.0,371.0,80.0,128.25,11.0808
2020-03-29,0.0,22.0,573.0,189.0,196.0,16.9344
2020-03-30,0.0,40.0,667.0,206.0,228.25,19.7208
2020-03-31,0.0,60.0,671.0,111.0,210.5,18.1872
2020-04-01,0.0,20.0,435.0,128.0,145.75,12.5928
2020-04-02,0.0,10.0,671.0,206.0,221.75,19.159200000000002
2020-04-03,0.0,61.0,538.0,64.0,165.75,14.3208
2020-04-04,0.0,60.0,729.0,199.0,247.0,21.3408
2020-04-05,0.0,60.0,727.0,184.0,242.75,20.9736
2020-04-06,0.0,20.0,616.0,186.0,205.5,17.755200000000002
2020-04-07,0.0,60.0,736.0,197.0,248.25,21.448800000000002
2020-04-08,0.0,60.0,727.0,192.0,244.75,21.1464
2020-04-09,0.0,57.0,711.0,186.0,238.5,20.6064
2020-04-10,0.0,60.0,709.0,184.0,238.25,20.5848
2020-04-11,0.0,54.0,695.0,180.0,232.25,20.0664
2020-04-12,0.0,55.0,690.0,180.0,231.25,19.98
2020-04-13,0.0,38.0,475.0,57.0,142.5,12.312000000000001
2020-04-14,0.0,52.0,638.0,175.0,216.25,18.684
2020-04-15,0.0,54.0,702.0,176.0,233.0,20.1312
2020-04-16,0.0,52.0,683.0,170.0,226.25,19.548000000000002
2020-04-17,0.0,48.0,632.0,103.0,195.75,16.9128
2020-04-18,0.0,49.0,659.0,160.0,217.0,18.7488
2020-04-19,0.0,48.0,655.0,158.0,215.25,18.5976
2020-04-20,0.0,48.0,652.0,157.0,214.25,18.511200000000002
2020-04-21,0.0,47.0,648.0,155.0,212.5,18.36
2020-04-22,0.0,50.0,580.0,152.0,195.5,16.8912
2020-04-23,0.0,45.0,632.0,147.0,206.0,17.7984
2020-04-24,0.0,43.0,627.0,148.0,204.5,17.6688
2020-04-25,0.0,41.0,581.0,129.0,187.75,16.221600000000002
2020-04-26,0.0,25.0,433.0,82.0,135.0,11.664000000000001
2020-04-27,0.0,34.0,507.0,122.0,165.75,14.3208
2020-04-28,0.0,40.0,598.0,136.0,193.5,16.718400000000003
2020-04-29,0.0,41.0,620.0,143.0,201.0,17.366400000000002
2020-04-30,0.0,25.0,315.0,78.0,104.5,9.0288
2020-05-01,0.0,6.0,590.0,133.0,182.25,15.746400000000001
2020-05-02,0.0,40.0,612.0,136.0,197.0,17.0208
2020-05-03,0.0,39.0,591.0,123.0,188.25,16.2648
2020-05-04,0.0,36.0,333.0,25.0,98.5,8.5104
2020-05-05,0.0,7.0,312.0,100.0,104.75,9.0504
2020-05-06,0.0,38.0,598.0,128.0,191.0,16.5024
2020-05-07,0.0,37.0,555.0,125.0,179.25,15.487200000000001
2020-05-08,0.0,37.0,572.0,126.0,183.75,15.876000000000001
2020-05-09,0.0,36.0,587.0,126.0,187.25,16.1784
2020-05-10,0.0,35.0,504.0,93.0,158.0,13.651200000000001
2020-05-11,0.0,11.0,281.0,66.0,89.5,7.7328
2020-05-12,0.0,2.0,24.0,7.0,8.25,0.7128
2020-05-13,0.0,5.0,178.0,77.0,65.0,5.6160000000000005
2020-05-14,0.0,33.0,564.0,117.0,178.5,15.422400000000001
2020-05-15,0.0,33.0,562.0,110.0,176.25,15.228000000000002
2020-05-16,0.0,30.0,540.0,111.0,170.25,14.7096
2020-05-17,0.0,30.0,543.0,112.0,171.25,14.796000000000001
2020-05-18,0.0,30.0,538.0,110.0,169.5,14.6448
2020-05-19,0.0,29.0,531.0,105.0,166.25,14.364
2020-05-20,0.0,28.0,500.0,96.0,156.0,13.4784
2020-05-21,0.0,18.0,136.0,9.0,40.75,3.5208000000000004
2020-05-22,0.0,4.0,68.0,10.0,20.5,1.7712
2020-05-23,0.0,8.0,111.0,52.0,42.75,3.6936
2020-05-24,0.0,23.0,489.0,42.0,138.5,11.9664
2020-05-25,0.0,30.0,527.0,105.0,165.5,14.2992
2020-05-26,0.0,30.0,515.0,102.0,161.75,13.975200000000001
2020-05-27,0.0,26.0,514.0,103.0,160.75,13.888800000000002
2020-05-28,0.0,30.0,513.0,102.0,161.25,13.932
2020-05-29,0.0,20.0,506.0,100.0,156.5,13.521600000000001
2020-05-30,0.0,20.0,459.0,93.0,143.0,12.3552
2020-05-31,0.0,0.0,276.0,28.0,76.0,6.566400000000001
2020-06-01,0.0,20.0,500.0,89.0,152.25,13.1544
2020-06-02,0.0,24.0,501.0,66.0,147.75,12.765600000000001
2020-06-03,0.0,20.0,504.0,100.0,156.0,13.4784
2020-06-04,0.0,10.0,376.0,93.0,119.75,10.346400000000001
2020-06-05,0.0,2.0,29.0,10.0,10.25,0.8856
2020-06-06,0.0,0.0,50.0,8.0,14.5,1.2528000000000001
2020-06-07,0.0,0.0,153.0,40.0,48.25,4.1688
2020-06-08,0.0,20.0,212.0,75.0,76.75,6.631200000000001
2020-06-09,0.0,19.0,299.0,7.0,81.25,7.0200000000000005
2020-06-10,0.0,15.0,134.0,39.0,47.0,4.0608
2020-06-11,0.0,18.0,258.0,36.0,78.0,6.7392
2020-06-12,0.0,12.0,402.0,75.0,122.25,10.5624
2020-06-13,0.0,15.0,436.0,100.0,137.75,11.9016
2020-06-14,0.0,21.0,499.0,101.0,155.25,13.4136
2020-06-15,0.0,7.0,152.0,56.0,53.75,4.644
2020-06-16,0.0,17.0,410.0,75.0,125.5,10.843200000000001
2020-06-17,0.0,17.0,464.0,92.0,143.25,12.376800000000001
2020-06-18,0.0,2.0,118.0,36.0,39.0,3.3696
2020-06-19,0.0,17.0,164.0,77.0,64.5,5.5728
2020-06-20,0.0,14.0,246.0,42.0,75.5,6.5232
2020-06-21,0.0,5.0,101.0,11.0,29.25,2.5272
2020-06-22,0.0,6.0,136.0,81.0,55.75,4.816800000000001
2020-06-23,0.0,10.0,340.0,91.0,110.25,9.5256
2020-06-24,0.0,10.0,240.0,32.0,70.5,6.091200000000001
2020-06-25,0.0,1.0,153.0,101.0,63.75,5.508
2020-06-26,0.0,19.0,430.0,78.0,131.75,11.3832
2020-06-27,0.0,19.0,491.0,103.0,153.25,13.2408
2020-06-28,0.0,17.0,467.0,102.0,146.5,12.6576
2020-06-29,0.0,2.0,46.0,7.0,13.75,1.1880000000000002
2020-06-30,0.0,3.0,187.0,32.0,55.5,4.7952
2020-07-01,0.0,17.0,168.0,18.0,50.75,4.3848
2020-07-02,0.0,16.0,478.0,105.0,149.75,12.938400000000001
2020-07-03,0.0,19.0,492.0,106.0,154.25,13.327200000000001
2020-07-04,0.0,19.0,483.0,29.0,132.75,11.4696
2020-07-05,0.0,5.0,408.0,80.0,123.25,10.648800000000001
2020-07-06,0.0,18.0,442.0,88.0,137.0,11.8368
2020-07-07,0.0,3.0,57.0,10.0,17.5,1.512
2020-07-08,0.0,2.0,271.0,36.0,77.25,6.6744
2020-07-09,0.0,19.0,495.0,105.0,154.75,13.3704
2020-07-10,0.0,20.0,505.0,85.0,152.5,13.176
2020-07-11,0.0,10.0,212.0,41.0,65.75,5.6808000000000005
2020-07-12,0.0,5.0,122.0,47.0,43.5,3.7584000000000004
2020-07-13,0.0,14.0,482.0,113.0,152.25,13.1544
2020-07-14,0.0,22.0,537.0,121.0,170.0,14.688
2020-07-15,0.0,22.0,529.0,119.0,167.5,14.472000000000001
2020-07-16,0.0,1.0,161.0,59.0,55.25,4.7736
2020-07-17,0.0,13.0,288.0,93.0,98.5,8.5104
2020-07-18,0.0,20.0,496.0,113.0,157.25,13.586400000000001
2020-07-19,0.0,20.0,498.0,108.0,156.5,13.521600000000001
2020-07-20,0.0,16.0,396.0,89.0,125.25,10.8216
2020-07-21,0.0,15.0,380.0,83.0,119.5,10.3248
2020-07-22,0.0,17.0,418.0,94.0,132.25,11.426400000000001
2020-07-23,0.0,8.0,439.0,100.0,136.75,11.8152
2020-07-24,0.0,1.0,29.0,4.0,8.5,0.7344
2020-07-25,0.0,24.0,546.0,128.0,174.5,15.0768
2020-07-26,0.0,25.0,530.0,128.0,170.75,14.7528
2020-07-27,0.0,5.0,280.0,98.0,95.75,8.2728
2020-07-28,0.0,25.0,554.0,134.0,178.25,15.4008
2020-07-29,0.0,27.0,573.0,136.0,184.0,15.8976
2020-07-30,0.0,28.0,576.0,136.0,185.0,15.984
2020-07-31,0.0,13.0,312.0,31.0,89.0,7.6896
2020-08-01,0.0,26.0,540.0,129.0,173.75,15.012
2020-08-02,0.0,27.0,507.0,131.0,166.25,14.364
2020-08-03,0.0,28.0,558.0,135.0,180.25,15.5736
2020-08-04,0.0,29.0,566.0,136.0,182.75,15.7896
2020-08-05,0.0,29.0,571.0,139.0,184.75,15.9624
2020-08-06,0.0,30.0,576.0,140.0,186.5,16.1136
2020-08-07,0.0,31.0,578.0,140.0,187.25,16.1784
2020-08-08,0.0,25.0,569.0,139.0,183.25,15.8328
2020-08-09,0.0,32.0,581.0,143.0,189.0,16.3296
2020-08-10,0.0,32.0,580.0,53.0,166.25,14.364
2020-08-11,0.0,2.0,53.0,13.0,17.0,1.4688
2020-08-12,0.0,33.0,233.0,36.0,75.5,6.5232
2020-08-13,0.0,23.0,362.0,84.0,117.25,10.1304
2020-08-14,0.0,35.0,460.0,55.0,137.5,11.88
2020-08-15,0.0,37.0,618.0,153.0,202.0,17.4528
2020-08-16,0.0,41.0,648.0,162.0,212.75,18.381600000000002
2020-08-17,0.0,42.0,652.0,164.0,214.5,18.5328
2020-08-18,0.0,34.0,572.0,142.0,187.0,16.1568
2020-08-19,0.0,42.0,615.0,160.0,204.25,17.6472
2020-08-20,0.0,44.0,662.0,169.0,218.75,18.900000000000002
2020-08-21,0.0,46.0,665.0,168.0,219.75,18.9864
2020-08-22,0.0,47.0,667.0,169.0,220.75,19.0728
2020-08-23,0.0,46.0,656.0,168.0,217.5,18.792
2020-08-24,0.0,46.0,636.0,162.0,211.0,18.2304
2020-08-25,0.0,20.0,439.0,118.0,144.25,12.4632
2020-08-26,0.0,38.0,480.0,150.0,167.0,14.4288
2020-08-27,0.0,21.0,323.0,135.0,119.75,10.346400000000001
2020-08-28,0.0,47.0,594.0,52.0,173.25,14.968800000000002
2020-08-29,0.0,46.0,526.0,122.0,173.5,14.990400000000001
2020-08-30,0.0,3.0,75.0,17.0,23.75,2.052
2020-08-31,0.0,40.0,534.0,46.0,155.0,13.392000000000001
2020-09-01,0.0,3.0,132.0,41.0,44.0,3.8016
2020-09-02,0.0,9.0,112.0,18.0,34.75,3.0024
2020-09-03,0.0,16.0,272.0,50.0,84.5,7.300800000000001
2020-09-04,0.0,63.0,731.0,190.0,246.0,21.2544
2020-09-05,0.0,60.0,563.0,126.0,187.25,16.1784
2020-09-06,0.0,5.0,102.0,18.0,31.25,2.7
2020-09-07,0.0,50.0,226.0,90.0,91.5,7.905600000000001
2020-09-08,0.0,18.0,240.0,106.0,91.0,7.8624
2020-09-09,0.0,53.0,650.0,90.0,198.25,17.128800000000002
2020-09-10,0.0,70.0,742.0,194.0,251.5,21.7296
2020-09-11,0.0,68.0,457.0,163.0,172.0,14.860800000000001
2020-09-12,0.0,47.0,338.0,28.0,103.25,8.9208
2020-09-13,0.0,38.0,324.0,33.0,98.75,8.532
2020-09-14,0.0,65.0,687.0,173.0,231.25,19.98
2020-09-15,0.0,48.0,273.0,49.0,92.5,7.992
2020-09-16,0.0,47.0,281.0,53.0,95.25,8.2296
2020-09-17,0.0,80.0,735.0,185.0,250.0,21.6
2020-09-18,0.0,84.0,779.0,205.0,267.0,23.0688
2020-09-19,0.0,36.0,604.0,194.0,208.5,18.014400000000002
2020-09-20,0.0,94.0,829.0,218.0,285.25,24.6456
2020-09-21,0.0,95.0,822.0,217.0,283.5,24.494400000000002
2020-09-22,0.0,96.0,828.0,219.0,285.75,24.6888
2020-09-23,0.0,94.0,793.0,178.0,266.25,23.004
2020-09-24,0.0,92.0,775.0,191.0,264.5,22.852800000000002
2020-09-25,0.0,68.0,560.0,82.0,177.5,15.336
2020-09-26,0.0,78.0,312.0,163.0,138.25,11.9448
2020-09-27,0.0,19.0,303.0,36.0,89.5,7.7328
2020-09-28,0.0,102.0,841.0,228.0,292.75,25.2936
2020-09-29,0.0,107.0,815.0,215.0,284.25,24.5592
2020-09-30,0.0,78.0,755.0,212.0,261.25,22.572000000000003
2020-10-01,0.0,91.0,656.0,169.0,229.0,19.785600000000002
2020-10-02,0.0,21.0,226.0,60.0,76.75,6.631200000000001
2020-10-03,0.0,7.0,200.0,53.0,65.0,5.6160000000000005
2020-10-04,0.0,20.0,277.0,73.0,92.5,7.992
2020-10-05,0.0,31.0,214.0,95.0,85.0,7.344
2020-10-06,0.0,119.0,837.0,223.0,294.75,25.4664
2020-10-07,0.0,113.0,558.0,163.0,208.5,18.014400000000002
2020-10-08,0.0,110.0,866.0,236.0,303.0,26.1792
2020-10-09,0.0,112.0,870.0,236.0,304.5,26.3088
2020-10-10,0.0,130.0,901.0,246.0,319.25,27.5832
2020-10-11,0.0,131.0,878.0,236.0,311.25,26.892000000000003
2020-10-12,0.0,129.0,888.0,245.0,315.5,27.2592
2020-10-13,0.0,134.0,899.0,248.0,320.25,27.669600000000003
2020-10-14,0.0,127.0,650.0,172.0,237.25,20.4984
2020-10-15,0.0,117.0,860.0,242.0,304.75,26.3304
2020-10-16,0.0,130.0,880.0,230.0,310.0,26.784000000000002
2020-10-17,0.0,120.0,800.0,138.0,264.5,22.852800000000002
2020-10-18,0.0,130.0,870.0,241.0,310.25,26.805600000000002
2020-10-19,0.0,140.0,900.0,248.0,322.0,27.820800000000002
2020-10-20,0.0,140.0,890.0,246.0,319.0,27.561600000000002
2020-10-21,0.0,140.0,520.0,233.0,223.25,19.288800000000002
2020-10-22,0.0,140.0,700.0,220.0,265.0,22.896
2020-10-23,0.0,80.0,210.0,34.0,81.0,6.9984
2020-10-24,0.0,130.0,780.0,239.0,287.25,24.8184
2020-10-25,0.0,150.0,900.0,248.0,324.5,28.036800000000003
2020-10-26,0.0,20.0,50.0,32.0,25.5,2.2032000000000003
2020-10-27,0.0,160.0,950.0,272.0,345.5,29.851200000000002
2020-10-28,0.0,160.0,950.0,270.0,345.0,29.808
2020-10-29,0.0,130.0,820.0,139.0,272.25,23.5224
2020-10-30,0.0,160.0,950.0,256.0,341.5,29.5056
2020-10-31,0.0,160.0,940.0,270.0,342.5,29.592000000000002
2020-11-01,0.0,160.0,960.0,276.0,349.0,30.1536
2020-11-02,0.0,170.0,950.0,276.0,349.0,30.1536
2020-11-03,0.0,170.0,950.0,254.0,343.5,29.6784
2020-11-04,0.0,170.0,970.0,287.0,356.75,30.8232
2020-11-05,0.0,170.0,970.0,282.0,355.5,30.715200000000003
2020-11-06,0.0,170.0,970.0,285.0,356.25,30.78
2020-11-07,0.0,150.0,940.0,275.0,341.25,29.484
2020-11-08,0.0,170.0,890.0,232.0,323.0,27.907200000000003
2020-11-09,0.0,70.0,310.0,246.0,156.5,13.521600000000001
2020-11-10,0.0,60.0,670.0,198.0,232.0,20.044800000000002
2020-11-11,0.0,130.0,910.0,265.0,326.25,28.188000000000002
2020-11-12,0.0,170.0,960.0,289.0,354.75,30.6504
2020-11-13,0.0,170.0,960.0,292.0,355.5,30.715200000000003
2020-11-14,0.0,170.0,920.0,221.0,327.75,28.317600000000002
2020-11-15,0.0,80.0,770.0,221.0,267.75,23.1336
2020-11-16,0.0,170.0,850.0,298.0,329.5,28.4688
2020-11-17,0.0,190.0,970.0,269.0,357.25,30.866400000000002
2020-11-18,0.0,150.0,870.0,136.0,289.0,24.9696
2020-11-19,0.0,180.0,910.0,294.0,346.0,29.8944
2020-11-20,0.0,180.0,970.0,196.0,336.5,29.073600000000003
2020-11-21,0.0,180.0,980.0,310.0,367.5,31.752000000000002
2020-11-22,0.0,180.0,990.0,310.0,370.0,31.968
2020-11-23,0.0,180.0,970.0,309.0,364.75,31.514400000000002
2020-11-24,0.0,180.0,930.0,258.0,342.0,29.5488
2020-11-25,0.0,140.0,750.0,177.0,266.75,23.0472
2020-11-26,0.0,40.0,280.0,220.0,135.0,11.664000000000001
2020-11-27,0.0,160.0,930.0,304.0,348.5,30.110400000000002
2020-11-28,0.0,170.0,770.0,164.0,276.0,23.846400000000003
2020-11-29,0.0,170.0,640.0,300.0,277.5,23.976000000000003
2020-11-30,0.0,90.0,790.0,240.0,280.0,24.192
2020-12-01,0.0,110.0,970.0,319.0,349.75,30.218400000000003
2020-12-02,0.0,170.0,820.0,71.0,265.25,22.9176
2020-12-03,0.0,110.0,760.0,330.0,300.0,25.92
2020-12-04,0.0,190.0,990.0,280.0,365.0,31.536
2020-12-05,0.0,130.0,900.0,310.0,335.0,28.944000000000003
2020-12-06,0.0,180.0,980.0,320.0,370.0,31.968
2020-12-07,0.0,140.0,810.0,330.0,320.0,27.648000000000003
2020-12-08,0.0,180.0,990.0,340.0,377.5,32.616
2020-12-09,0.0,180.0,990.0,339.0,377.25,32.5944
2020-12-10,0.0,180.0,990.0,342.0,378.0,32.6592
2020-12-11,0.0,180.0,980.0,340.0,375.0,32.4
2020-12-12,0.0,170.0,920.0,240.0,332.5,28.728
2020-12-13,0.0,120.0,440.0,110.0,167.5,14.472000000000001
2020-12-14,0.0,160.0,1000.0,350.0,377.5,32.616
2020-12-15,0.0,180.0,980.0,350.0,377.5,32.616
2020-12-16,0.0,160.0,700.0,290.0,287.5,24.84
2020-12-17,0.0,160.0,980.0,350.0,372.5,32.184000000000005
2020-12-18,0.0,170.0,980.0,350.0,375.0,32.4
2020-12-19,0.0,30.0,320.0,80.0,107.5,9.288
2020-12-20,0.0,180.0,1000.0,360.0,385.0,33.264
2020-12-21,0.0,180.0,1010.0,370.0,390.0,33.696000000000005
2020-12-22,0.0,180.0,1020.0,369.0,392.25,33.8904
2020-12-23,0.0,170.0,1000.0,368.0,384.5,33.220800000000004
2020-12-24,0.0,170.0,1000.0,366.0,384.0,33.1776
2020-12-25,0.0,160.0,950.0,317.0,356.75,30.8232
2020-12-26,0.0,140.0,900.0,284.0,331.0,28.5984
2020-12-27,0.0,160.0,970.0,346.0,369.0,31.881600000000002
2020-12-28,0.0,160.0,960.0,279.0,349.75,30.218400000000003
2020-12-29,0.0,160.0,630.0,252.0,260.5,22.5072
2020-12-30,0.0,160.0,690.0,185.0,258.75,22.356
2020-12-31,0.0,170.0,1010.0,380.0,390.0,33.696000000000005
2021-01-01,0.0,160.0,990.0,360.0,377.5,32.616
2021-01-02,0.0,160.0,990.0,370.0,380.0,32.832
2021-01-03,0.0,160.0,990.0,370.0,380.0,32.832
2021-01-04,0.0,130.0,700.0,160.0,247.5,21.384
2021-01-05,0.0,90.0,830.0,190.0,277.5,23.976000000000003
2021-01-06,0.0,130.0,700.0,182.0,253.0,21.8592
2021-01-07,0.0,150.0,970.0,372.0,373.0,32.2272
2021-01-08,0.0,150.0,990.0,381.0,380.25,32.8536
2021-01-09,0.0,150.0,950.0,355.0,363.75,31.428
2021-01-10,0.0,140.0,960.0,370.0,367.5,31.752000000000002
2021-01-11,0.0,120.0,650.0,229.0,249.75,21.578400000000002
2021-01-12,0.0,30.0,420.0,175.0,156.25,13.5
2021-01-13,0.0,140.0,950.0,368.0,364.5,31.492800000000003
2021-01-14,0.0,140.0,960.0,370.0,367.5,31.752000000000002
2021-01-15,0.0,140.0,800.0,120.0,265.0,22.896
2021-01-16,0.0,120.0,760.0,150.0,257.5,22.248
2021-01-17,0.0,130.0,840.0,301.0,317.75,27.4536
2021-01-18,0.0,140.0,990.0,381.0,377.75,32.6376
2021-01-19,0.0,140.0,980.0,383.0,375.75,32.464800000000004
2021-01-20,0.0,130.0,940.0,318.0,347.0,29.980800000000002
2021-01-21,0.0,127.0,680.0,342.0,287.25,24.8184
2021-01-22,0.0,130.0,710.0,169.0,252.25,21.7944
2021-01-23,0.0,120.0,920.0,186.0,306.5,26.4816
2021-01-24,0.0,120.0,870.0,268.0,314.5,27.172800000000002
2021-01-25,0.0,120.0,820.0,128.0,267.0,23.0688
2021-01-26,0.0,90.0,340.0,58.0,122.0,10.5408
2021-01-27,0.0,40.0,630.0,351.0,255.25,22.0536
2021-01-28,0.0,120.0,900.0,335.0,338.75,29.268
2021-01-29,0.0,100.0,790.0,271.0,290.25,25.0776
2021-01-30,0.0,110.0,890.0,173.0,293.25,25.3368
2021-01-31,0.0,113.0,770.0,212.0,273.75,23.652
2021-02-01,0.0,110.0,870.0,195.0,293.75,25.380000000000003
2021-02-02,0.0,80.0,770.0,320.0,292.5,25.272000000000002
2021-02-03,0.0,60.0,490.0,255.0,201.25,17.388
2021-02-04,0.0,95.0,890.0,326.0,327.75,28.317600000000002
2021-02-05,0.0,117.0,940.0,356.0,353.25,30.5208
2021-02-06,0.0,116.0,940.0,354.0,352.5,30.456000000000003
2021-02-07,0.0,114.0,930.0,350.0,348.5,30.110400000000002
2021-02-08,0.0,110.0,920.0,347.0,344.25,29.7432
2021-02-09,0.0,94.0,870.0,229.0,298.25,25.768800000000002
2021-02-10,0.0,86.0,790.0,202.0,269.5,23.2848
2021-02-11,0.0,27.0,630.0,299.0,239.0,20.6496
2021-02-12,0.0,15.0,790.0,249.0,263.5,22.7664
2021-02-13,0.0,103.0,770.0,151.0,256.0,22.1184
2021-02-14,0.0,66.0,795.0,192.0,263.25,22.7448
2021-02-15,0.0,89.0,779.0,318.0,296.5,25.617600000000003
2021-02-16,0.0,101.0,900.0,328.0,332.25,28.706400000000002
2021-02-17,0.0,104.0,910.0,329.0,335.75,29.0088
2021-02-18,0.0,98.0,709.0,216.0,255.75,22.0968
2021-02-19,0.0,102.0,903.0,326.0,332.75,28.7496
2021-02-20,0.0,98.0,885.0,265.0,312.0,26.9568
2021-02-21,0.0,98.0,888.0,316.0,325.5,28.1232
2021-02-22,0.0,81.0,733.0,309.0,280.75,24.256800000000002
2021-02-23,0.0,85.0,701.0,181.0,241.75,20.8872
2021-02-24,0.0,93.0,877.0,313.0,320.75,27.7128
2021-02-25,0.0,100.0,892.0,315.0,326.75,28.2312
2021-02-26,0.0,90.0,866.0,302.0,314.5,27.172800000000002
2021-02-27,0.0,90.0,852.0,210.0,288.0,24.883200000000002
2021-02-28,0.0,89.0,862.0,300.0,312.75,27.021600000000003
2021-03-01,0.0,86.0,843.0,291.0,305.0,26.352
2021-03-02,0.0,83.0,774.0,186.0,260.75,22.5288
2021-03-03,0.0,75.0,768.0,116.0,239.75,20.7144
2021-03-04,0.0,55.0,379.0,87.0,130.25,11.2536
2021-03-05,0.0,80.0,731.0,265.0,269.0,23.241600000000002
2021-03-06,0.0,90.0,861.0,290.0,310.25,26.805600000000002
2021-03-07,0.0,80.0,850.0,283.0,303.25,26.2008
2021-03-08,0.0,80.0,842.0,275.0,299.25,25.8552
2021-03-09,0.0,80.0,833.0,275.0,297.0,25.660800000000002
2021-03-10,0.0,80.0,829.0,272.0,295.25,25.509600000000002
2021-03-11,0.0,80.0,830.0,272.0,295.5,25.531200000000002
2021-03-12,0.0,80.0,808.0,256.0,286.0,24.7104
2021-03-13,0.0,80.0,806.0,237.0,280.75,24.256800000000002
2021-03-14,0.0,70.0,795.0,245.0,277.5,23.976000000000003
2021-03-15,0.0,70.0,784.0,241.0,273.75,23.652
2021-03-16,0.0,60.0,744.0,132.0,234.0,20.2176
2021-03-17,0.0,56.0,700.0,227.0,245.75,21.2328
2021-03-18,0.0,72.0,759.0,246.0,269.25,23.2632
2021-03-19,0.0,72.0,777.0,215.0,266.0,22.982400000000002
2021-03-20,0.0,60.0,631.0,22.0,178.25,15.4008
2021-03-21,0.0,10.0,331.0,140.0,120.25,10.3896
2021-03-22,0.0,30.0,436.0,90.0,139.0,12.0096
2021-03-23,0.0,23.86,373.44,110.496,126.949,10.9683936
2021-03-24,0.0,63.88,744.784,219.408,257.018,22.206355199999997
2021-03-25,0.0,64.62,691.856,200.944,239.355,20.680272
2021-03-26,0.0,32.04,197.408,22.832,63.06999999999999,5.449248
2021-03-27,0.0,3.92,31.216,6.928,10.516,0.9085824
2021-03-28,0.0,63.12,754.96,218.816,259.224,22.3969536
2021-03-29,0.0,63.744,733.984,210.464,252.048,21.776947200000002
2021-03-30,0.0,60.128,404.432,120.544,146.276,12.638246400000002
2021-03-31,0.0,62.84,748.352,211.504,255.674,22.0902336
2021-04-01,0.0,61.26,735.728,204.608,250.399,21.6344736
2021-04-02,0.0,58.016,726.4,199.088,245.87599999999998,21.243686399999998
2021-04-03,0.0,43.52,692.64,185.68,230.45999999999998,19.911744
2021-04-04,0.0,47.1,633.952,188.192,217.311,18.775670400000003
2021-04-05,0.0,55.312,559.904,136.064,187.82,16.227648
2021-04-06,0.0,30.66,617.136,131.472,194.81699999999998,16.8321888
2021-04-07,0.0,55.54,699.12,185.888,235.137,20.3158368
2021-04-08,0.0,50.36,565.696,156.8,193.214,16.6936896
2021-04-09,0.0,52.24,575.408,140.576,192.056,16.593638400000003
2021-04-10,0.0,38.3,629.12,173.056,210.119,18.1542816
2021-04-11,0.0,32.512,298.464,118.048,112.256,9.6989184
2021-04-12,0.0,54.272,703.216,181.12,234.65200000000002,20.2739328
2021-04-13,0.0,46.864,680.416,172.24,224.88000000000002,19.429632
2021-04-14,0.0,48.576,659.824,162.816,217.804,18.8182656
2021-04-15,0.0,32.032,622.0,117.392,192.856,16.6627584
2021-04-16,0.0,39.344,571.344,132.912,185.90000000000003,16.061760000000003
2021-04-17,0.0,47.648,646.288,86.288,195.056,16.852838400000003
2021-04-18,0.0,48.416,656.72,160.544,216.42,18.698688
2021-04-19,0.0,47.088,650.848,158.144,214.01999999999998,18.491328
2021-04-20,0.0,47.28,649.968,156.864,213.528,18.4488192
2021-04-21,0.0,46.096,642.592,153.44,210.53199999999998,18.1899648
2021-04-22,0.0,45.088,598.784,136.304,195.04399999999998,16.851801599999998
2021-04-23,0.0,42.768,600.56,115.888,189.804,16.3990656
2021-04-24,0.0,18.928,318.064,51.024,97.004,8.381145600000002
2021-04-25,0.0,40.816,610.88,147.296,199.748,17.2582272
2021-04-26,0.0,41.792,624.624,145.728,203.036,17.5423104
2021-04-27,0.0,42.96,625.392,143.056,202.85200000000003,17.526412800000003
2021-04-28,0.0,43.296,630.752,143.632,204.42000000000002,17.661888
2021-04-29,0.0,43.296,632.032,142.976,204.57600000000002,17.6753664
2021-04-30,0.0,41.856,620.832,139.824,200.628,17.334259199999998
2021-05-01,0.0,40.208,605.744,134.864,195.204,16.8656256
2021-05-02,0.0,35.168,440.368,124.48,150.004,12.9603456
2021-05-03,0.0,36.688,573.952,125.296,183.984,15.896217600000002
2021-05-04,0.0,8.432,221.168,9.52,59.78,5.164992000000001
2021-05-05,0.0,3.536,37.536,10.592,12.916,1.1159424
2021-05-06,0.0,25.072,588.48,127.824,185.344,16.0137216
2021-05-07,0.0,37.536,596.544,128.352,190.60799999999998,16.468531199999997
2021-05-08,0.0,36.48,589.904,125.408,187.948,16.2387072
2021-05-09,0.0,34.576,243.408,7.024,71.252,6.1561728
2021-05-10,0.0,5.52,95.744,6.032,26.823999999999998,2.3175936
2021-05-11,0.0,28.32,487.216,85.232,150.192,12.976588800000002
2021-05-12,0.0,34.272,576.896,121.488,183.164,15.8253696
2021-05-13,0.0,34.24,576.64,119.872,182.688,15.7842432
2021-05-14,0.0,29.072,569.12,117.552,178.936,15.460070400000001
2021-05-15,0.0,31.664,547.6,111.488,172.688,14.9202432
2021-05-16,0.0,23.136,519.088,109.888,163.028,14.0856192
2021-05-17,0.0,24.96,534.416,110.784,167.54000000000002,14.475456000000003
2021-05-18,0.0,30.672,549.872,112.624,173.292,14.972428800000001
2021-05-19,0.0,20.688,489.648,97.088,151.856,13.1203584
2021-05-20,0.0,18.864,159.984,48.608,56.864000000000004,4.913049600000001
2021-05-21,0.0,8.656,102.992,3.632,28.820000000000004,2.4900480000000003
2021-05-22,0.0,8.12,186.656,77.232,68.00200000000001,5.875372800000001
2021-05-23,0.0,3.632,138.288,83.808,56.432,4.8757248
2021-05-24,0.0,27.088,529.456,105.536,165.51999999999998,14.300927999999999
2021-05-25,0.0,27.152,530.848,106.672,166.168,14.356915200000001
2021-05-26,0.0,26.448,524.832,104.64,163.98,14.167872
2021-05-27,0.0,25.424,513.328,102.048,160.2,13.84128
2021-05-28,0.0,2.64,65.104,26.384,23.532,2.0331648
2021-05-29,0.0,24.56,511.008,101.76,159.332,13.7662848
2021-05-30,0.0,24.848,509.264,103.088,159.29999999999998,13.76352
2021-05-31,0.0,24.416,510.352,101.056,158.95600000000002,13.733798400000003
2021-06-01,0.0,22.992,475.264,82.848,145.276,12.551846400000002
2021-06-02,0.0,17.52,398.416,76.576,123.12799999999999,10.638259199999998
2021-06-03,0.0,22.432,473.504,92.688,147.156,12.714278400000001
2021-06-04,0.0,20.672,471.712,92.88,146.316,12.641702400000002
2021-06-05,0.0,18.76,283.792,6.208,77.19,6.6692160000000005
2021-06-06,0.0,8.592,277.2,22.16,76.988,6.6517632
2021-06-07,0.0,6.68,157.792,11.136,43.902,3.7931328000000004
2021-06-08,0.0,4.06,87.936,10.56,25.639000000000003,2.2152096000000006
2021-06-09,0.0,6.368,143.888,19.968,42.556,3.6768384
2021-06-10,0.0,1.632,358.928,15.312,93.968,8.118835200000001
2021-06-11,0.0,20.608,465.744,79.072,141.356,12.2131584
2021-06-12,0.0,19.568,477.584,95.136,148.072,12.793420800000002
2021-06-13,0.0,19.856,483.472,96.56,149.97199999999998,12.957580799999999
2021-06-14,0.0,19.472,478.304,95.536,148.32799999999997,12.815539199999998
2021-06-15,0.0,16.512,240.16,30.736,71.852,6.2080128000000006
2021-06-16,0.0,19.584,486.4,96.912,150.724,13.0225536
2021-06-17,0.0,18.928,480.32,96.192,148.85999999999999,12.861504
2021-06-18,0.0,16.74,457.824,73.312,136.969,11.8341216
2021-06-19,0.0,2.1,80.384,50.72,33.301,2.8772064000000004
2021-06-20,0.0,18.12,474.528,96.144,147.198,12.7179072
2021-06-21,0.0,15.808,450.848,91.824,139.62,12.063168000000001
2021-06-22,0.0,17.2,458.016,94.176,142.348,12.298867200000002
2021-06-23,0.0,2.032,61.632,11.456,18.78,1.6225920000000003
2021-06-24,0.0,3.088,200.544,63.664,66.824,5.7735936
2021-06-25,0.0,18.176,483.376,90.992,148.136,12.7989504
2021-06-26,0.0,3.2,49.92,4.064,14.296000000000001,1.2351744000000002
2021-06-27,0.0,2.688,169.664,68.656,60.251999999999995,5.2057728
2021-06-28,0.0,18.896,489.392,72.048,145.084,12.535257600000001
2021-06-29,0.0,18.208,481.632,53.552,138.348,11.953267200000003
2021-06-30,0.0,17.808,482.432,94.848,148.772,12.8539008
2021-07-01,0.0,16.752,489.616,103.648,152.504,13.1763456
2021-07-02,0.0,14.48,446.944,90.816,138.06,11.928384000000001
2021-07-03,0.0,18.16,468.224,75.28,140.416,12.1319424
2021-07-04,0.0,13.232,380.544,78.816,118.148,10.2079872
2021-07-05,0.0,17.056,470.912,99.264,146.808,12.6842112
2021-07-06,0.0,17.488,475.872,102.064,148.856,12.8611584
2021-07-07,0.0,17.84,437.248,72.224,131.828,11.3899392
2021-07-08,0.0,17.712,478.832,103.952,150.124,12.9707136
2021-07-09,0.0,18.48,493.408,107.952,154.96,13.388544000000001
2021-07-10,0.0,15.408,226.368,44.96,71.684,6.1934976
2021-07-11,0.0,17.712,365.424,104.544,121.91999999999999,10.533888
2021-07-12,0.0,15.552,462.608,90.048,142.05200000000002,12.273292800000002
2021-07-13,0.0,8.384,295.12,49.6,88.27600000000001,7.627046400000001
2021-07-14,0.0,12.224,173.088,18.736,51.01199999999999,4.407436799999999
2021-07-15,0.0,3.088,201.952,22.96,57.0,4.9248
2021-07-16,0.0,19.952,511.296,114.8,161.512,13.954636800000001
2021-07-17,0.0,20.448,509.792,40.608,142.712,12.3303168
2021-07-18,0.0,21.744,532.688,121.872,169.076,14.6081664
2021-07-19,0.0,21.728,532.128,121.856,168.928,14.5953792
2021-07-20,0.0,19.888,464.304,124.288,152.11999999999998,13.143168
2021-07-21,0.0,23.168,539.248,122.24,171.16400000000002,14.788569600000002
2021-07-22,0.0,21.92,521.584,106.032,162.384,14.029977599999999
2021-07-23,0.0,22.224,527.68,123.248,168.288,14.540083200000002
2021-07-24,0.0,22.224,518.432,119.36,165.00400000000002,14.256345600000003
2021-07-25,0.0,21.856,421.728,118.16,140.436,12.133670400000002
2021-07-26,0.0,7.968,192.24,32.032,58.06,5.016384
2021-07-27,0.0,25.184,569.408,132.8,181.848,15.711667200000003
2021-07-28,0.0,25.328,383.248,22.256,107.708,9.3059712
2021-07-29,0.0,25.904,561.056,132.88,179.96,15.548544000000001
2021-07-30,0.0,26.256,561.616,133.984,180.464,15.592089600000001
2021-07-31,0.0,26.144,555.232,127.584,177.24,15.313536000000001
2021-08-01,0.0,26.528,557.728,133.792,179.512,15.5098368
2021-08-02,0.0,28.416,578.0,139.904,186.58,16.120512
2021-08-03,0.0,29.2,547.984,140.368,179.38800000000003,15.499123200000003
2021-08-04,0.0,25.248,501.936,119.072,161.564,13.9591296
2021-08-05,0.0,26.032,548.832,116.64,172.876,14.936486400000001
2021-08-06,0.0,19.008,519.76,134.96,168.43200000000002,14.552524800000002
2021-08-07,0.0,29.424,567.04,138.656,183.77999999999997,15.878591999999998
2021-08-08,0.0,30.56,575.264,140.608,186.608,16.1229312
2021-08-09,0.0,7.792,328.768,77.136,103.42399999999998,8.935833599999999
2021-08-10,0.0,3.008,166.752,30.08,49.96000000000001,4.316544000000001
2021-08-11,0.0,35.312,624.16,156.432,203.976,17.6235264
2021-08-12,0.0,25.264,473.248,126.16,156.168,13.4929152
2021-08-13,0.0,34.64,603.152,138.976,194.192,16.778188800000002
2021-08-14,0.0,30.56,519.52,132.592,170.66799999999998,14.7457152
2021-08-15,0.0,36.32,577.728,144.128,189.54399999999998,16.3766016
2021-08-16,0.0,38.0,604.976,145.12,197.024,17.0228736
2021-08-17,0.0,36.4,605.632,138.528,195.14,16.860096
2021-08-18,0.0,30.048,610.256,153.392,198.42399999999998,17.1438336
2021-08-19,0.0,40.032,625.792,157.712,205.88400000000001,17.7883776
2021-08-20,0.0,18.944,351.088,135.888,126.48000000000002,10.927872000000002
2021-08-21,0.0,19.552,352.752,156.48,132.196,11.4217344
2021-08-22,0.0,42.56,264.96,118.16,106.41999999999999,9.194688
2021-08-23,0.0,7.696,289.856,150.816,112.09200000000001,9.684748800000001
2021-08-24,0.0,27.136,566.464,100.72,173.58,14.997312000000003
2021-08-25,0.0,5.088,28.288,5.792,9.792,0.8460288
2021-08-26,0.0,49.728,682.512,175.2,226.85999999999996,19.600703999999997
2021-08-27,0.0,52.352,693.408,176.832,230.648,19.9279872
2021-08-28,0.0,51.552,674.368,148.672,218.64800000000002,18.891187200000005
2021-08-29,0.0,51.808,679.136,172.784,225.932,19.5205248
2021-08-30,0.0,52.064,672.656,172.288,224.25199999999998,19.3753728
2021-08-31,0.0,54.192,662.144,168.416,221.188,19.1106432
2021-09-01,0.0,46.512,627.248,155.328,207.272,17.9083008
2021-09-02,0.0,20.976,456.4,46.128,130.876,11.307686400000001
2021-09-03,0.0,13.136,547.488,175.984,184.15200000000002,15.910732800000002
2021-09-04,0.0,46.832,676.032,40.048,190.728,16.4788992
2021-09-05,0.0,15.744,590.56,183.2,197.37599999999998,17.053286399999998
2021-09-06,0.0,43.008,480.416,22.72,136.536,11.7967104
2021-09-07,0.0,28.512,386.544,124.672,134.932,11.6581248
2021-09-08,0.0,12.352,43.648,25.616,20.404,1.7629056
2021-09-09,0.0,10.32,214.816,78.048,75.79599999999999,6.5487744
2021-09-10,0.0,15.696,290.224,67.28,93.30000000000001,8.06112
2021-09-11,0.0,72.368,752.256,196.848,255.368,22.0637952
2021-09-12,0.0,70.096,641.456,184.944,224.124,19.3643136
2021-09-13,0.0,11.296,215.024,101.68,82.0,7.0848
2021-09-14,0.0,10.56,300.224,159.04,117.45599999999999,10.1481984
2021-09-15,0.0,83.024,792.736,207.312,270.76800000000003,23.394355200000003
2021-09-16,0.0,83.888,794.592,208.48,271.74,23.478336000000002
2021-09-17,0.0,79.504,212.176,23.456,78.784,6.806937600000001
2021-09-18,0.0,37.92,650.0,67.44,188.83999999999997,16.315776
2021-09-19,0.0,70.08,281.68,96.816,112.144,9.6892416
2021-09-20,0.0,48.432,475.216,188.416,178.01600000000002,15.380582400000003
2021-09-21,0.0,59.264,769.472,181.424,252.54,21.819456
2021-09-22,0.0,76.624,792.496,208.976,269.524,23.2868736
2021-09-23,0.0,4.08,235.568,167.712,101.84,8.798976000000001
2021-09-24,0.0,94.048,756.816,174.816,256.42,22.154688000000004
2021-09-25,0.0,98.208,822.56,218.752,284.88,24.613632000000003
2021-09-26,0.0,100.896,830.272,221.248,288.104,24.8921856
2021-09-27,0.0,102.528,834.432,218.72,288.92,24.962688000000004
2021-09-28,0.0,64.4,148.864,39.504,63.192,5.4597888
2021-09-29,0.0,81.552,301.984,109.36,123.224,10.6465536
2021-09-30,0.0,86.096,746.4,91.328,230.956,19.954598400000002
2021-10-01,0.0,34.464,552.544,215.072,200.52,17.324928000000003
2021-10-02,0.0,87.616,642.032,51.616,195.316,16.875302400000002
2021-10-03,0.0,73.776,622.56,187.856,221.04799999999997,19.0985472
2021-10-04,0.0,119.552,873.78,234.224,306.889,26.515209600000002
2021-10-05,0.0,119.92,877.056,236.272,308.312,26.6381568
2021-10-06,0.0,47.792,283.232,87.6,104.656,9.0422784
2021-10-07,0.0,120.496,845.968,181.712,287.044,24.8006016
2021-10-08,0.0,69.664,774.608,199.216,260.87199999999996,22.539340799999998
2021-10-09,0.0,89.9,543.504,71.584,176.247,15.227740800000001
2021-10-10,0.0,10.864,88.6,44.416,35.97,3.107808
2021-10-11,0.0,26.08,361.68,88.784,119.136,10.2933504
2021-10-12,0.0,128.24,882.52,241.44,313.05,27.047520000000002
2021-10-13,0.0,100.82,732.08,27.424,215.08100000000002,18.5829984
2021-10-14,0.0,82.832,553.8,145.36,195.498,16.8910272
2021-10-15,0.0,28.3,95.28,24.4,36.995,3.196368
2021-10-16,0.0,127.64,630.76,61.232,204.908,17.7040512
2021-10-17,0.0,125.34,904.12,252.24,320.425,27.684720000000002
2021-10-18,0.0,129.88,908.14,252.96,322.745,27.885168
2021-10-19,0.0,142.8,912.24,252.128,326.792,28.2348288
2021-10-20,0.0,143.824,915.04,253.872,328.184,28.355097600000004
2021-10-21,0.0,145.616,915.58,256.224,329.355,28.456272000000002
2021-10-22,0.0,149.1,925.04,256.992,332.78299999999996,28.7524512
2021-10-23,0.0,61.344,120.56,13.44,48.836,4.2194304
2021-10-24,0.0,154.496,938.28,263.536,339.07800000000003,29.296339200000006
2021-10-25,0.0,153.68,934.28,264.032,337.998,29.2030272
2021-10-26,0.0,155.8,933.78,263.6,338.29499999999996,29.228688
2021-10-27,0.0,154.608,925.86,261.824,335.57300000000004,28.993507200000003
2021-10-28,0.0,158.976,909.9,237.408,326.57099999999997,28.2157344
2021-10-29,0.0,151.38,884.38,136.768,293.132,25.326604800000002
2021-10-30,0.0,136.36,858.36,208.704,300.856,25.9939584
2021-10-31,0.0,155.84,915.76,239.232,327.70799999999997,28.313971199999997
2021-11-01,0.0,149.86,825.1,171.888,286.712,24.7719168
2021-11-02,0.0,146.84,900.26,201.536,312.159,26.9705376
2021-11-03,0.0,33.12,603.32,139.6,194.01000000000002,16.762464
2021-11-04,0.0,162.76,930.02,270.848,340.907,29.4543648
2021-11-05,0.0,136.24,544.22,118.944,199.851,17.267126400000002
2021-11-06,0.0,80.96,418.78,167.776,166.879,14.4183456
2021-11-07,0.0,57.28,810.02,157.744,256.26099999999997,22.140950399999998
2021-11-08,0.0,169.48,955.64,283.808,352.23199999999997,30.432844799999998
2021-11-09,0.0,173.94,965.02,286.144,356.276,30.782246400000002
2021-11-10,0.0,164.24,819.7,205.36,297.32500000000005,25.688880000000005
2021-11-11,0.0,172.48,952.06,285.824,352.591,30.463862400000004
2021-11-12,0.0,170.14,944.96,266.352,345.36299999999994,29.839363199999998
2021-11-13,0.0,171.3,938.96,202.752,328.253,28.3610592
2021-11-14,0.0,143.34,350.72,30.976,131.25900000000001,11.340777600000003
2021-11-15,0.0,138.28,895.3,288.848,330.60699999999997,28.5644448
2021-11-16,0.0,95.4,266.78,121.792,120.993,10.4537952
2021-11-17,0.0,9.64,339.7,281.52,157.71499999999997,13.626575999999998
2021-11-18,0.0,174.14,976.04,302.864,363.26099999999997,31.3857504
2021-11-19,0.0,182.76,982.72,305.984,367.866,31.7836224
2021-11-20,0.0,183.06,982.06,307.744,368.216,31.8138624
2021-11-21,0.0,182.6,981.2,306.72,367.63,31.763232000000002
2021-11-22,0.0,180.32,965.86,293.136,359.829,31.089225600000002
2021-11-23,0.0,164.84,895.56,291.264,337.91599999999994,29.195942399999996
2021-11-24,0.0,188.46,1005.04,320.192,378.423,32.6957472
2021-11-25,0.0,165.28,140.9,119.76,106.485,9.200304000000001
2021-11-26,0.0,78.12,911.02,219.968,302.277,26.1167328
2021-11-27,0.0,125.34,679.72,275.072,270.033,23.3308512
2021-11-28,0.0,38.6,124.72,31.72,48.76,4.212864
2021-11-29,0.0,177.76,960.86,315.84,363.61499999999995,31.416335999999998
2021-11-30,0.0,182.74,991.8,328.52,375.765,32.466096
2021-12-01,0.0,183.78,983.88,321.856,372.379,32.173545600000004
2021-12-02,0.0,180.58,985.52,328.608,373.67699999999996,32.2856928
2021-12-03,0.0,184.5,991.16,327.296,375.739,32.463849599999996
2021-12-04,0.0,167.54,945.9,309.008,355.612,30.724876800000004
2021-12-05,0.0,174.52,962.6,318.32,363.86,31.437504000000004
2021-12-06,0.0,178.54,978.32,328.9,371.44000000000005,32.09241600000001
2021-12-07,0.0,181.18,991.36,341.58,378.53,32.704992
2021-12-08,0.0,182.0,991.96,341.5,378.865,32.733936
2021-12-09,0.0,185.2,1006.76,345.02,384.245,33.198768
2021-12-10,0.0,179.38,976.78,316.36,368.13,31.806432
2021-12-11,0.0,170.82,957.16,299.8,356.945,30.840048
2021-12-12,0.0,115.38,800.08,239.44,288.725,24.945840000000004
2021-12-13,0.0,137.2,280.42,133.0,137.655,11.893392
2021-12-14,0.0,12.54,417.52,180.82,152.72,13.195008000000001
2021-12-15,0.0,56.88,534.0,267.06,214.485,18.531504
2021-12-16,0.0,145.7,991.9,353.0,372.65,32.19696
2021-12-17,0.0,174.72,982.46,339.6,374.19500000000005,32.330448000000004
2021-12-18,0.0,156.82,945.12,305.62,351.89,30.403296
2021-12-19,0.0,164.4,965.44,345.48,368.83000000000004,31.866912000000006
2021-12-20,0.0,165.22,923.2,325.7,353.53000000000003,30.544992000000004
2021-12-21,0.0,165.96,958.12,254.5,344.645,29.777328
2021-12-22,0.0,161.86,865.12,337.18,341.04,29.465856000000002
2021-12-23,0.0,174.48,1007.92,360.46,385.715,33.325776
2021-12-24,0.0,172.56,1004.54,367.26,386.09,33.358176
2021-12-25,0.0,170.32,990.3,347.54,377.03999999999996,32.576256
2021-12-26,0.0,155.54,986.66,375.296,379.374,32.777913600000005
2021-12-27,0.0,167.16,998.54,369.616,383.829,33.162825600000005
2021-12-28,0.0,168.06,1006.72,364.848,384.907,33.2559648
2021-12-29,0.0,86.76,914.0,354.064,338.706,29.2641984
2021-12-30,0.0,157.6,944.32,294.432,349.088,30.161203200000003
2021-12-31,0.0,155.74,948.14,328.98,358.21500000000003,30.949776000000004
2022-01-01,0.0,158.0,966.04,320.72,361.19,31.206816
2022-01-02,0.0,130.04,737.92,265.872,283.45799999999997,24.490771199999998
2022-01-03,0.0,151.06,948.16,284.864,346.021,29.8962144
2022-01-04,0.0,119.06,846.06,318.94,321.015,27.735696
2022-01-05,0.0,64.78,948.24,373.96,346.745,29.958768000000003
2022-01-06,0.0,156.62,992.2,377.16,381.49500000000006,32.96116800000001
2022-01-07,0.0,154.24,988.66,377.824,380.18100000000004,32.84763840000001
2022-01-08,0.0,130.8,811.3,348.224,322.58099999999996,27.870998399999998
2022-01-09,0.0,146.848,965.5,363.328,368.919,31.874601600000002
2022-01-10,0.0,148.9,980.32,377.072,376.573,32.5359072
2022-01-11,0.0,148.832,983.06,377.424,377.32899999999995,32.6012256
2022-01-12,0.0,148.624,979.08,375.024,375.682,32.458924800000005
2022-01-13,0.0,144.896,979.12,378.02,375.509,32.443977600000004
2022-01-14,0.0,138.416,841.84,208.336,297.148,25.673587200000004
2022-01-15,0.0,109.184,854.0,200.736,290.98,25.140672000000002
2022-01-16,0.0,100.72,685.14,129.808,228.917,19.7784288
2022-01-17,0.0,101.56,777.84,133.056,253.11400000000003,21.869049600000004
2022-01-18,0.0,96.944,629.62,204.832,232.849,20.1181536
2022-01-19,0.0,127.68,934.74,282.512,336.233,29.0505312
2022-01-20,0.0,130.224,808.68,293.28,308.046,26.6151744
2022-01-21,0.0,127.64,801.34,177.92,276.725,23.909040000000005
2022-01-22,0.0,126.88,885.94,123.616,284.10900000000004,24.547017600000004
2022-01-23,0.0,125.44,773.8,85.856,246.274,21.278073600000003
2022-01-24,0.0,123.48,643.26,260.608,256.837,22.1907168
2022-01-25,0.0,122.58,907.36,154.544,296.12100000000004,25.584854400000005
2022-01-26,0.0,114.86,296.5,186.704,149.51600000000002,12.918182400000003
2022-01-27,0.0,7.82,586.72,354.768,237.327,20.5050528
2022-01-28,0.0,125.78,954.9,368.432,362.278,31.300819200000003
2022-01-29,0.0,125.64,958.36,369.904,363.476,31.404326400000002
2022-01-30,0.0,122.68,945.54,361.008,357.307,30.871324800000004
2022-01-31,0.0,122.72,948.5,359.008,357.557,30.892924800000003
2022-02-01,0.0,117.24,926.72,355.296,349.814,30.2239296
2022-02-02,0.0,107.1,907.8,354.752,342.413,29.5844832
2022-02-03,0.0,99.64,736.8,75.088,227.88199999999998,19.6890048
2022-02-04,0.0,92.76,697.68,184.336,243.694,21.0551616
2022-02-05,0.0,73.728,856.16,349.616,319.876,27.6372864
2022-02-06,0.0,112.96,936.58,360.336,352.469,30.453321600000002
2022-02-07,0.0,117.2,945.18,353.392,353.943,30.5806752
2022-02-08,0.0,112.512,933.38,354.016,349.97700000000003,30.238012800000003
2022-02-09,0.0,112.672,935.64,353.312,350.40599999999995,30.275078399999998
2022-02-10,0.0,110.912,930.16,350.752,347.95599999999996,30.063398399999997
2022-02-11,0.0,37.56,770.08,240.464,262.026,22.6390464
2022-02-12,0.0,39.06,412.1,105.792,139.238,12.0301632
2022-02-13,0.0,104.672,927.4,350.448,345.63,29.862432000000002
2022-02-14,0.0,107.824,924.92,345.136,344.46999999999997,29.762207999999998
2022-02-15,0.0,107.536,930.74,345.568,345.961,29.891030400000002
2022-02-16,0.0,105.488,922.192,340.64,342.08000000000004,29.555712000000007
2022-02-17,0.0,101.616,901.58,293.936,324.283,28.018051200000002
2022-02-18,0.0,100.7,898.42,328.56,331.92,28.677888000000003
2022-02-19,0.0,100.58,902.56,328.032,332.793,28.753315200000003
2022-02-20,0.0,91.58,765.5,190.176,261.814,22.620729600000004
2022-02-21,0.0,93.28,842.2,265.92,300.35,25.950240000000004
2022-02-22,0.0,57.92,513.28,315.808,221.75199999999998,19.1593728
2022-02-23,0.0,95.472,883.06,317.248,323.945,27.988848
2022-02-24,0.0,92.432,733.16,150.416,244.002,21.081772800000003
2022-02-25,0.0,70.208,362.2,225.84,164.562,14.218156800000001
2022-02-26,0.0,87.776,830.128,295.712,303.404,26.2141056
2022-02-27,0.0,85.84,759.728,139.888,246.364,21.285849600000002
2022-02-28,0.0,32.5,219.84,74.096,81.60900000000001,7.0510176000000016
2022-03-01,0.0,66.04,746.784,112.592,231.35399999999998,19.9889856
2022-03-02,0.0,85.9,843.728,286.48,304.027,26.2679328
2022-03-03,0.0,87.32,853.984,291.408,308.178,26.626579200000002
2022-03-04,0.0,85.92,835.6,282.448,300.99199999999996,26.005708799999997
2022-03-05,0.0,69.9,690.256,164.24,231.099,19.9669536
2022-03-06,0.0,15.38,273.28,175.408,116.017,10.0238688
2022-03-07,0.0,79.1,806.352,33.008,229.615,19.838736
2022-03-08,0.0,50.58,309.92,132.304,123.201,10.6445664
2022-03-09,0.0,60.96,736.72,237.456,258.784,22.3589376
2022-03-10,0.0,14.96,66.192,17.024,24.543999999999997,2.1206015999999996
2022-03-11,0.0,43.8,626.976,265.184,233.99,20.216736
2022-03-12,0.0,81.08,823.12,217.04,280.31,24.218784000000003
2022-03-13,0.0,76.9,819.04,261.408,289.337,24.9987168
2022-03-14,0.0,73.04,746.336,155.456,243.708,21.0563712
2022-03-15,0.0,75.34,801.136,251.216,281.923,24.3581472
2022-03-16,0.0,66.2,776.944,190.288,258.358,22.3221312
2022-03-17,0.0,51.088,684.576,180.08,228.936,19.780070400000003
2022-03-18,0.0,66.368,783.68,238.8,272.212,23.5191168
2022-03-19,0.0,61.488,819.888,254.992,284.092,24.5455488
2022-03-20,0.0,74.192,806.736,245.632,281.64,24.333696
2022-03-21,0.0,71.232,780.112,232.88,271.056,23.4192384
2022-03-22,0.0,16.608,179.712,16.992,53.327999999999996,4.6075392
2022-03-23,0.0,55.34,190.416,16.912,65.667,5.6736288
2022-03-24,0.0,7.456,298.272,147.056,113.196,9.7801344
2022-03-25,0.0,68.176,774.688,122.0,241.216,20.841062400000002
2022-03-26,0.0,37.64,439.152,95.568,143.09,12.362976000000002
2022-03-27,0.0,66.12,761.488,221.168,262.194,22.653561600000003
2022-03-28,0.0,67.02,770.656,222.528,265.051,22.9004064
2022-03-29,0.0,63.456,730.512,176.32,242.572,20.958220800000003
2022-03-30,0.0,4.44,259.792,72.944,84.294,7.2830016
2022-03-31,0.0,67.42,776.064,217.952,265.359,22.9270176
2022-04-01,0.0,64.52,759.264,212.416,259.05,22.38192
2022-04-02,0.0,62.88,744.512,202.88,252.56799999999998,21.8218752
2022-04-03,0.0,1.6,26.432,4.096,8.032,0.6939648
2022-04-04,0.0,51.42,422.272,77.52,137.803,11.9061792
2022-04-05,0.0,48.44,565.504,49.456,165.85,14.32944
2022-04-06,0.0,54.5,688.784,182.368,231.413,19.994083200000002
2022-04-07,0.0,4.2,122.784,38.032,41.254000000000005,3.5643456000000007
2022-04-08,0.0,50.1,513.408,86.64,162.537,14.0431968
2022-04-09,0.0,55.28,704.544,184.592,236.10399999999998,20.3993856
2022-04-10,0.0,50.512,501.04,39.312,147.716,12.762662400000002
2022-04-11,0.0,7.44,70.4,20.208,24.512,2.1178368
2022-04-12,0.0,7.6,180.592,95.584,70.944,6.129561600000001
2022-04-13,0.0,51.408,677.616,169.376,224.6,19.405440000000002
2022-04-14,0.0,54.82,704.624,178.064,234.377,20.2501728
2022-04-15,0.0,52.94,689.008,173.408,228.83900000000003,19.771689600000002
2022-04-16,0.0,51.216,679.136,168.48,224.708,19.4147712
2022-04-17,0.0,38.528,623.824,124.688,196.76,17.000064000000002
2022-04-18,0.0,47.808,653.12,158.912,214.96,18.572544
2022-04-19,0.0,47.744,652.16,150.224,212.53199999999998,18.3627648
2022-04-20,0.0,47.728,651.6,145.264,211.148,18.2431872
2022-04-21,0.0,29.38,480.368,65.136,143.721,12.4174944
2022-04-22,0.0,42.784,534.48,50.816,157.02,13.566528000000002
2022-04-23,0.0,47.312,658.288,155.536,215.284,18.6005376
2022-04-24,0.0,46.224,632.768,140.288,204.82000000000002,17.696448000000004
2022-04-25,0.0,19.584,364.016,39.216,105.70400000000001,9.1328256
2022-04-26,0.0,38.16,425.488,107.152,142.70000000000002,12.329280000000002
2022-04-27,0.0,36.592,557.52,126.896,180.25199999999998,15.573772799999999
2022-04-28,0.0,1.456,315.12,46.992,90.89200000000001,7.853068800000001
2022-04-29,0.0,44.144,639.504,144.416,207.01600000000002,17.886182400000003
2022-04-30,0.0,3.28,258.608,22.656,71.136,6.1461504
2022-05-01,0.0,2.064,70.512,16.56,22.284,1.9253376
2022-05-02,0.0,1.104,72.816,14.32,22.060000000000002,1.9059840000000003
2022-05-03,0.0,1.968,20.288,3.152,6.352,0.5488128000000001
2022-05-04,0.0,6.896,274.112,69.616,87.656,7.573478400000001
2022-05-05,0.0,35.776,511.056,65.376,153.052,13.2236928
2022-05-06,0.0,37.0,508.48,95.552,160.258,13.846291200000001
2022-05-07,0.0,36.224,567.52,102.896,176.66,15.263424
2022-05-08,0.0,35.68,562.928,118.496,179.27599999999998,15.489446399999999
2022-05-09,0.0,35.296,571.616,116.944,180.964,15.6352896
2022-05-10,0.0,11.504,347.568,50.16,102.30799999999999,8.8394112
2022-05-11,0.0,31.92,355.472,47.328,108.68,9.389952000000001
2022-05-12,0.0,32.896,560.944,117.584,177.856,15.3667584
2022-05-13,0.0,32.064,510.48,84.768,156.828,13.5499392
2022-05-14,0.0,2.72,307.04,46.848,89.15200000000002,7.7027328000000015
2022-05-15,0.0,5.6,356.944,93.264,113.95200000000001,9.845452800000002
2022-05-16,0.0,32.18,493.152,21.824,136.789,11.8185696
2022-05-17,0.0,31.46,322.912,25.456,94.957,8.2042848
2022-05-18,0.0,10.32,420.752,22.608,113.42,9.799488
2022-05-19,0.0,29.952,547.104,110.032,171.77200000000002,14.841100800000003
2022-05-20,0.0,29.744,546.912,111.424,172.02,14.862528000000001
2022-05-21,0.0,28.62,520.416,90.288,159.83100000000002,13.809398400000003
2022-05-22,0.0,21.2,500.96,107.04,157.29999999999998,13.59072
2022-05-23,0.0,27.616,529.168,95.888,163.168,14.097715200000001
2022-05-24,0.0,26.272,513.68,102.304,160.564,13.8727296
2022-05-25,0.0,25.3,456.944,45.232,131.869,11.393481600000001
2022-05-26,0.0,1.14,34.512,10.224,11.469000000000001,0.9909216000000002
2022-05-27,0.0,0.896,30.864,6.448,9.552,0.8252928
2022-05-28,0.0,4.08,59.552,4.752,17.096,1.4770944000000001
2022-05-29,0.0,3.168,125.552,49.44,44.54,3.848256
2022-05-30,0.0,25.392,524.304,104.912,163.65200000000002,14.139532800000001
2022-05-31,0.0,17.376,485.488,90.176,148.26,12.809664
2022-06-01,0.0,24.016,509.648,100.944,158.652,13.7075328
2022-06-02,0.0,23.328,502.912,99.392,156.40800000000002,13.513651200000002
2022-06-03,0.0,23.12,508.704,101.904,158.432,13.6885248
2022-06-04,0.0,22.432,491.136,19.84,133.352,11.521612800000002
2022-06-05,0.0,0.72,67.936,8.544,19.3,1.6675200000000001
2022-06-06,0.0,1.168,26.0,4.096,7.816,0.6753024
2022-06-07,0.0,18.384,278.496,20.592,79.368,6.8573952
2022-06-08,0.0,4.912,277.168,93.072,93.788,8.1032832
2022-06-09,0.0,16.448,405.824,80.672,125.73599999999999,10.8635904
2022-06-10,0.0,20.576,501.712,102.688,156.244,13.499481600000001
2022-06-11,0.0,22.288,510.48,100.736,158.376,13.683686400000001
2022-06-12,0.0,21.072,498.208,99.568,154.712,13.3671168
2022-06-13,0.0,20.736,496.576,99.664,154.244,13.3266816
2022-06-14,0.0,20.304,492.864,98.896,153.016,13.2205824
2022-06-15,0.0,20.096,488.864,96.944,151.476,13.0875264
2022-06-16,0.0,9.44,93.28,12.56,28.82,2.4900480000000003
2022-06-17,0.0,4.448,34.24,86.048,31.184,2.6942976
2022-06-18,0.0,20.592,503.008,101.792,156.348,13.508467200000002
2022-06-19,0.0,20.096,500.608,101.408,155.528,13.4376192
2022-06-20,0.0,18.62,478.24,88.496,146.339,12.6436896
2022-06-21,0.0,6.64,60.592,5.2,18.108,1.5645312000000002
2022-06-22,0.0,1.008,32.016,4.432,9.364,0.8090496000000001
2022-06-23,0.0,1.4,108.56,17.056,31.754,2.7435456000000005
2022-06-24,0.0,1.44,64.752,12.496,19.671999999999997,1.6996607999999997
2022-06-25,0.0,8.784,451.536,90.992,137.828,11.9083392
2022-06-26,0.0,12.432,163.232,24.912,50.144,4.3324416
2022-06-27,0.0,5.44,207.488,53.984,66.728,5.765299199999999
2022-06-28,0.0,2.64,15.904,6.704,6.312,0.5453568000000001
2022-06-29,0.0,18.08,484.192,100.928,150.8,13.029120000000002
2022-06-30,0.0,18.336,488.704,103.472,152.62800000000001,13.187059200000002
2022-07-01,0.0,17.744,304.688,97.152,104.896,9.0630144
2022-07-02,0.0,1.904,308.144,27.232,84.32,7.285248
2022-07-03,0.0,14.304,67.92,75.952,39.544,3.4166016
2022-07-04,0.0,0.912,238.448,19.488,64.712,5.591116800000001
2022-07-05,0.0,5.44,171.744,38.896,54.019999999999996,4.6673279999999995
2022-07-06,0.0,1.248,125.088,58.224,46.14,3.9864960000000003
2022-07-07,0.0,12.72,311.552,33.408,89.42000000000002,7.725888000000002
2022-07-08,0.0,13.184,378.176,16.208,101.892,8.803468800000001
2022-07-09,0.0,6.048,351.872,98.016,113.98400000000001,9.848217600000002
2022-07-10,0.0,14.672,379.232,60.48,113.59600000000002,9.814694400000002
2022-07-11,0.0,2.72,92.656,2.56,24.484,2.1154176000000002
2022-07-12,0.0,18.032,389.44,111.984,129.864,11.2202496
2022-07-13,0.0,20.0,514.848,114.672,162.38,14.029632000000001
2022-07-14,0.0,3.776,158.24,15.952,44.492000000000004,3.8441088000000008
2022-07-15,0.0,2.528,412.848,74.32,122.424,10.5774336
2022-07-16,0.0,1.264,39.776,8.464,12.376000000000001,1.0692864000000002
2022-07-17,0.0,17.728,513.872,116.368,161.99199999999996,13.996108799999998
2022-07-18,0.0,21.12,523.088,57.824,150.50799999999998,13.003891199999998
2022-07-19,0.0,5.84,472.768,56.08,133.672,11.5492608
2022-07-20,0.0,18.016,377.232,86.384,120.40800000000002,10.403251200000001
2022-07-21,0.0,7.088,320.96,54.304,95.588,8.2588032
2022-07-22,0.0,19.888,332.448,13.376,91.42799999999998,7.899379199999999
2022-07-23,0.0,20.56,426.528,58.832,126.48,10.927872
2022-07-24,0.0,8.576,262.368,65.312,84.06400000000001,7.263129600000001
2022-07-25,0.0,21.68,512.0,118.704,163.09599999999998,14.091494399999998
2022-07-26,0.0,22.48,517.152,120.928,165.14000000000001,14.268096000000002
2022-07-27,0.0,22.352,461.152,104.032,146.884,12.690777599999999
2022-07-28,0.0,12.176,44.688,6.592,15.864,1.3706496000000001
2022-07-29,0.0,25.344,551.232,130.672,176.812,15.276556800000002
2022-07-30,0.0,26.256,561.2,132.64,180.024,15.5540736
2022-07-31,0.0,24.096,559.04,132.992,179.03199999999998,15.4683648
2022-08-01,0.0,26.528,556.8,132.368,178.92399999999998,15.4590336
2022-08-02,0.0,5.168,103.376,18.832,31.844,2.7513216000000003
2022-08-03,0.0,15.184,177.024,17.44,52.412,4.5283968
2022-08-04,0.0,5.04,188.256,59.632,63.232,5.4632448
2022-08-05,0.0,30.288,594.176,144.592,192.264,16.6116096
2022-08-06,0.0,22.928,404.976,113.856,135.44,11.702016
2022-08-07,0.0,29.392,345.616,21.568,99.14399999999999,8.5660416
2022-08-08,0.0,8.176,168.064,19.28,48.879999999999995,4.223231999999999
2022-08-09,0.0,3.232,44.512,6.704,13.612,1.1760768000000001
2022-08-10,0.0,34.08,611.712,143.312,197.276,17.0446464
2022-08-11,0.0,34.208,610.928,151.328,199.11599999999999,17.2036224
2022-08-12,0.0,23.856,475.568,113.744,153.292,13.244428800000001
2022-08-13,0.0,27.792,566.096,147.328,185.304,16.0102656
2022-08-14,0.0,34.448,422.256,115.136,142.95999999999998,12.351743999999998
2022-08-15,0.0,7.456,369.152,132.096,127.176,10.988006400000002
2022-08-16,0.0,39.616,636.592,158.976,208.796,18.039974400000002
2022-08-17,0.0,36.512,425.872,19.84,120.556,10.4160384
2022-08-18,0.0,42.032,651.696,161.12,213.71200000000002,18.4647168
2022-08-19,0.0,43.776,664.256,167.952,218.99599999999998,18.9212544
2022-08-20,0.0,44.672,665.504,167.872,219.512,18.9658368
2022-08-21,0.0,44.288,658.272,166.336,217.22400000000002,18.7681536
2022-08-22,0.0,44.144,648.832,159.488,213.11599999999999,18.4132224
2022-08-23,0.0,35.248,617.888,129.504,195.66000000000003,16.905024000000004
2022-08-24,0.0,22.48,392.0,160.064,143.636,12.410150400000001
2022-08-25,0.0,22.944,388.96,122.848,133.688,11.5506432
2022-08-26,0.0,7.888,610.512,162.848,195.312,16.874956800000003
2022-08-27,0.0,48.912,502.288,95.952,161.788,13.978483200000001
2022-08-28,0.0,50.672,625.008,179.136,213.704,18.464025600000003
2022-08-29,0.0,45.168,669.104,182.0,224.068,19.359475200000002
2022-08-30,0.0,55.024,700.32,178.864,233.55200000000002,20.178892800000003
2022-08-31,0.0,40.768,638.128,173.712,213.15200000000002,18.416332800000003
2022-09-01,0.0,54.208,461.84,52.752,142.2,12.28608
2022-09-02,0.0,54.432,270.416,103.808,107.164,9.2589696
2022-09-03,0.0,64.304,746.624,193.488,251.10399999999998,21.6953856
2022-09-04,0.0,65.072,745.04,193.36,250.868,21.6749952
2022-09-05,0.0,62.608,697.856,178.048,234.628,20.2718592
2022-09-06,0.0,12.208,624.496,111.744,187.112,16.1664768
2022-09-07,0.0,63.664,725.6,190.16,244.856,21.1555584
2022-09-08,0.0,50.72,629.536,151.184,207.85999999999999,17.959104
2022-09-09,0.0,8.992,182.976,80.608,68.144,5.887641600000001
2022-09-10,0.0,74.656,772.544,201.808,262.252,22.6585728
2022-09-11,0.0,70.672,739.552,198.304,252.132,21.7842048
2022-09-12,0.0,67.264,737.472,198.848,250.89600000000002,21.677414400000004
2022-09-13,0.0,76.128,753.088,194.528,255.936,22.112870400000002
2022-09-14,0.0,75.872,761.728,193.856,257.864,22.2794496
2022-09-15,0.0,77.408,756.88,146.944,245.308,21.1946112
2022-09-16,0.0,42.512,707.536,199.856,237.476,20.5179264
2022-09-17,0.0,70.272,746.256,205.808,255.584,22.0824576
2022-09-18,0.0,69.616,670.544,94.352,208.628,18.0254592
2022-09-19,0.0,13.632,147.664,133.248,73.636,6.3621504
2022-09-20,0.0,69.184,530.272,141.76,185.304,16.0102656
2022-09-21,0.0,45.2,697.952,161.136,226.072,19.5326208
2022-09-22,0.0,6.048,657.216,129.072,198.084,17.1144576
2022-09-23,0.0,94.416,817.536,217.296,282.312,24.391756800000003
2022-09-24,0.0,96.112,820.144,217.968,283.556,24.4992384
2022-09-25,0.0,46.192,525.248,112.992,171.108,14.783731200000002
2022-09-26,0.0,24.064,516.576,214.512,188.788,16.311283200000002
2022-09-27,0.0,101.424,828.704,218.144,287.068,24.8026752
2022-09-28,0.0,99.344,736.976,150.528,246.712,21.3159168
2022-09-29,0.0,61.248,271.248,6.88,84.844,7.3305216
2022-09-30,0.0,21.408,408.88,100.912,132.8,11.473920000000001
2022-10-01,0.0,31.328,811.12,221.856,266.076,22.988966400000002
2022-10-02,0.0,110.64,850.16,221.232,295.508,25.5318912
2022-10-03,0.0,111.5,848.608,231.296,297.851,25.7343264
2022-10-04,0.0,107.92,876.92,236.56,305.34999999999997,26.38224
2022-10-05,0.0,117.8,796.4,69.584,245.94599999999997,21.249734399999998
2022-10-06,0.0,24.88,317.14,111.408,113.357,9.7940448
2022-10-07,0.0,118.8,869.98,235.44,306.055,26.443152
2022-10-08,0.0,122.76,834.58,227.776,296.279,25.5985056
2022-10-09,0.0,44.52,820.36,244.16,277.26,23.955264
2022-10-10,0.0,129.08,851.56,198.704,294.836,25.473830400000004
2022-10-11,0.0,14.84,338.76,43.584,99.29599999999999,8.5791744
2022-10-12,0.0,126.18,883.54,242.592,313.07800000000003,27.049939200000004
2022-10-13,0.0,132.96,892.06,243.168,317.047,27.392860800000005
2022-10-14,0.0,131.36,884.7,240.848,314.22700000000003,27.149212800000004
2022-10-15,0.0,39.76,274.16,37.296,87.804,7.586265600000001
2022-10-16,0.0,129.072,853.9,124.512,276.871,23.9216544
2022-10-17,0.0,135.056,557.14,187.392,219.897,18.9991008
2022-10-18,0.0,103.36,451.58,194.96,187.475,16.19784
2022-10-19,0.0,50.592,838.3,242.72,282.90299999999996,24.4428192
2022-10-20,0.0,103.46,428.08,156.304,171.96099999999998,14.8574304
2022-10-21,0.0,64.46,506.96,94.512,166.483,14.3841312
2022-10-22,0.0,144.12,902.66,234.496,320.319,27.6755616
2022-10-23,0.0,149.232,940.78,262.72,338.183,29.2190112
2022-10-24,0.0,153.66,939.4,264.272,339.33299999999997,29.318371199999998
2022-10-25,0.0,154.368,939.34,262.752,339.115,29.299536000000003
2022-10-26,0.0,119.728,499.58,14.912,158.555,13.699152000000002
2022-10-27,0.0,159.14,944.04,269.056,343.05899999999997,29.6402976
2022-10-28,0.0,161.98,954.32,270.912,346.803,29.9637792
2022-10-29,0.0,155.088,911.68,151.696,304.616,26.3188224
2022-10-30,0.0,132.624,832.36,187.184,288.04200000000003,24.886828800000004
2022-10-31,0.0,8.112,418.42,111.248,134.44500000000002,11.616048000000003
2022-11-01,0.0,168.92,913.44,251.488,333.46200000000005,28.811116800000004
2022-11-02,0.0,170.22,970.84,281.584,355.661,30.729110400000003
2022-11-03,0.0,167.76,963.58,281.184,353.13100000000003,30.510518400000006
2022-11-04,0.0,168.416,961.0,282.128,352.88599999999997,30.4893504
2022-11-05,0.0,171.98,968.02,283.6,355.9,30.74976
2022-11-06,0.0,170.1,959.84,284.64,353.645,30.554928
2022-11-07,0.0,171.616,966.32,285.376,355.82800000000003,30.743539200000004
2022-11-08,0.0,170.88,956.78,283.872,352.883,30.4890912
2022-11-09,0.0,173.82,970.68,272.144,354.161,30.599510400000003
2022-11-10,0.0,174.816,905.32,154.224,308.59,26.662176
2022-11-11,0.0,30.06,886.34,283.76,300.03999999999996,25.923455999999998
2022-11-12,0.0,131.0,556.9,58.016,186.47899999999998,16.1117856
2022-11-13,0.0,10.48,127.06,98.896,59.108999999999995,5.1070176
2022-11-14,0.0,98.56,545.06,227.328,217.73699999999997,18.8124768
2022-11-15,0.0,178.28,970.84,298.352,361.86800000000005,31.265395200000007
2022-11-16,0.0,177.24,975.34,299.024,362.90099999999995,31.354646399999996
2022-11-17,0.0,168.86,972.32,300.832,360.50300000000004,31.147459200000004
2022-11-18,0.0,182.08,980.8,301.74,366.155,31.635792
2022-11-19,0.0,179.22,973.06,300.864,363.286,31.387910400000003
2022-11-20,0.0,158.84,841.52,132.016,283.094,24.4593216
2022-11-21,0.0,7.66,106.38,85.792,49.958,4.3163712
2022-11-22,0.0,66.08,911.84,313.232,322.788,27.888883200000002
2022-11-23,0.0,184.36,983.1,312.672,370.033,31.970851200000002
2022-11-24,0.0,182.72,979.06,311.152,368.233,31.815331200000003
2022-11-25,0.0,182.66,984.06,314.98,370.425,32.004720000000006
2022-11-26,0.0,185.7,986.32,314.688,371.677,32.112892800000004
2022-11-27,0.0,177.86,962.3,311.78,362.98499999999996,31.361904
2022-11-28,0.0,177.9,973.62,320.24,367.94,31.790016
2022-11-29,0.0,178.44,966.68,315.72,365.21,31.554144
2022-11-30,0.0,177.12,964.5,304.44,361.515,31.234896
2022-12-01,0.0,176.86,852.2,158.752,296.953,25.6567392
2022-12-02,0.0,128.24,432.22,191.072,187.883,16.2330912
2022-12-03,0.0,80.02,468.26,294.864,210.786,18.2119104
2022-12-04,0.0,173.36,816.8,236.048,306.552,26.4860928
2022-12-05,0.0,179.02,975.62,326.74,370.345,31.997808000000003
2022-12-06,0.0,178.16,974.0,330.14,370.57500000000005,32.017680000000006
2022-12-07,0.0,181.0,989.06,338.016,377.019,32.5744416
2022-12-08,0.0,174.28,973.36,332.272,369.978,31.966099200000002
2022-12-09,0.0,179.86,987.08,309.16,369.02500000000003,31.883760000000006
2022-12-10,0.0,101.38,559.38,200.3,215.265,18.598896
2022-12-11,0.0,153.42,949.24,339.344,360.50100000000003,31.147286400000006
2022-12-12,0.0,171.94,933.38,186.0,322.83,27.892512
2022-12-13,0.0,182.98,1009.26,353.28,386.38,33.383232
2022-12-14,0.0,182.24,1007.42,355.344,386.251,33.3720864
2022-12-15,0.0,174.34,845.18,317.74,334.315,28.884816
2022-12-16,0.0,174.48,1013.5,360.96,387.235,33.457104
2022-12-17,0.0,175.68,1003.18,310.94,372.45,32.17968
2022-12-18,0.0,169.96,959.7,272.46,350.53000000000003,30.285792000000004
2022-12-19,0.0,166.96,826.02,190.736,295.929,25.5682656
2022-12-20,0.0,171.22,986.08,357.104,378.601,32.711126400000005
2022-12-21,0.0,169.0,977.1,353.216,374.82899999999995,32.3852256
2022-12-22,0.0,167.92,976.78,346.864,372.891,32.217782400000004
2022-12-23,0.0,161.48,862.48,266.26,322.555,27.868752
2022-12-24,0.0,37.7,389.58,145.728,143.252,12.3769728
2022-12-25,0.0,83.66,391.12,230.256,176.259,15.228777599999999
2022-12-26,0.0,156.36,690.42,297.632,286.103,24.719299200000002
2022-12-27,0.0,82.1,374.88,147.38,151.09,13.054176000000002
2022-12-28,0.0,163.5,983.38,364.24,377.78000000000003,32.640192000000006
2022-12-29,0.0,165.1,1000.62,374.58,385.075,33.27048
2022-12-30,0.0,165.12,993.62,370.74,382.37,33.036768
2022-12-31,0.0,162.14,985.7,369.16,379.25000000000006,32.76720000000001
2023-01-01,0.0,158.62,950.8,349.5,364.73,31.512672000000002
2023-01-02,0.0,44.64,662.22,366.448,268.327,23.1834528
2023-01-03,0.0,160.5,991.48,252.816,351.199,30.343593600000002
2023-01-04,0.0,159.32,994.26,377.296,382.719,33.0669216
2023-01-05,0.0,154.816,981.14,369.1,376.264,32.509209600000005
2023-01-06,0.0,153.62,978.76,372.76,376.285,32.511024000000006
2023-01-07,0.0,153.66,982.64,374.22,377.63,32.627232
2023-01-08,0.0,150.56,975.4,372.42,374.595,32.365008
2023-01-09,0.0,147.26,967.48,370.04,371.195,32.071248000000004
2023-01-10,0.0,136.64,741.1,221.184,274.731,23.7367584
2023-01-11,0.0,143.92,946.0,280.144,342.516,29.593382400000003
2023-01-12,0.0,33.44,785.54,258.82,269.45,23.28048
2023-01-13,0.0,18.78,48.76,89.12,39.165,3.383856
2023-01-14,0.0,40.86,870.24,317.66,307.19,26.541216000000002
2023-01-15,0.0,87.7,846.98,367.68,325.59000000000003,28.130976000000004
2023-01-16,0.0,137.94,956.98,370.12,366.26,31.644864000000002
2023-01-17,0.0,125.94,951.12,376.512,363.393,31.3971552
2023-01-18,0.0,133.08,939.1,358.16,357.58500000000004,30.895344000000005
2023-01-19,0.0,129.88,921.66,165.424,304.241,26.2864224
2023-01-20,0.0,131.52,942.18,365.776,359.869,31.092681600000002
2023-01-21,0.0,81.52,479.32,238.192,199.758,17.2590912
2023-01-22,0.0,129.86,947.1,367.824,361.196,31.207334400000004
2023-01-23,0.0,130.76,949.44,367.248,361.862,31.264876800000003
2023-01-24,0.0,130.448,954.04,369.424,363.478,31.404499200000004
2023-01-25,0.0,126.816,923.32,271.2,330.334,28.540857600000002
2023-01-26,0.0,14.02,597.84,340.512,238.09300000000002,20.571235200000004
2023-01-27,0.0,123.12,907.22,250.352,320.17300000000006,27.662947200000005
2023-01-28,0.0,105.312,752.14,156.272,253.43099999999998,21.8964384
2023-01-29,0.0,119.08,918.34,359.376,349.199,30.170793600000003
2023-01-30,0.0,121.64,937.92,362.512,355.518,30.716755199999998
2023-01-31,0.0,120.768,946.42,369.056,359.061,31.0228704
2023-02-01,0.0,119.36,933.66,356.512,352.383,30.4458912
2023-02-02,0.0,86.656,641.58,202.672,232.72700000000003,20.107612800000005
2023-02-03,0.0,112.096,817.44,225.616,288.788,24.951283200000002
2023-02-04,0.0,111.96,637.2,354.864,276.00600000000003,23.846918400000003
2023-02-05,0.0,117.08,932.5,355.344,351.231,30.3463584
2023-02-06,0.0,117.12,953.56,364.496,358.794,30.9998016
2023-02-07,0.0,115.104,936.9,356.592,352.149,30.425673600000003
2023-02-08,0.0,112.512,928.496,329.984,342.748,29.6134272
2023-02-09,0.0,86.352,552.1,229.856,217.077,18.7554528
2023-02-10,0.0,68.8,852.944,322.912,311.164,26.8845696
2023-02-11,0.0,106.3,902.4,328.176,334.219,28.8765216
2023-02-12,0.0,109.08,929.584,349.408,347.01800000000003,29.982355200000004
2023-02-13,0.0,103.64,889.04,268.08,315.19,27.232416
2023-02-14,0.0,99.94,795.52,138.912,258.593,22.342435200000004
2023-02-15,0.0,99.776,821.776,165.568,271.78,23.481792
2023-02-16,0.0,100.96,891.9,238.032,307.723,26.587267200000003
2023-02-17,0.0,83.424,911.424,341.472,334.08,28.864512
2023-02-18,0.0,106.064,937.44,343.904,346.85200000000003,29.968012800000004
2023-02-19,0.0,89.08,896.608,199.808,296.374,25.606713600000003
2023-02-20,0.0,68.34,877.312,318.832,316.121,27.3128544
2023-02-21,0.0,96.224,883.472,319.072,324.692,28.0533888
2023-02-22,0.0,93.232,825.056,224.496,285.696,24.684134400000005
2023-02-23,0.0,53.728,428.624,189.248,167.9,14.506560000000002
2023-02-24,0.0,88.736,606.656,245.392,235.19599999999997,20.3209344
2023-02-25,0.0,90.7,866.368,309.04,316.52700000000004,27.347932800000006
2023-02-26,0.0,92.4,871.248,299.632,315.82,27.286848
2023-02-27,0.0,91.248,867.568,279.072,309.472,26.738380799999998
2023-02-28,0.0,89.504,823.744,172.384,271.408,23.4496512
2023-03-01,0.0,87.328,806.864,224.72,279.728,24.168499200000003
2023-03-02,0.0,58.8,626.576,153.2,209.644,18.113241600000002
2023-03-03,0.0,48.192,307.664,127.552,120.852,10.441612800000001
2023-03-04,0.0,29.264,552.256,217.664,199.796,17.2623744
2023-03-05,0.0,84.68,840.448,283.296,302.106,26.1019584
2023-03-06,0.0,87.08,867.392,290.128,311.15000000000003,26.883360000000003
2023-03-07,0.0,80.16,821.712,272.208,293.52,25.360128
2023-03-08,0.0,77.232,817.824,274.416,292.368,25.2605952
2023-03-09,0.0,80.464,822.16,271.616,293.56,25.363584000000003
2023-03-10,0.0,78.96,811.632,266.896,289.372,25.001740800000004
2023-03-11,0.0,78.528,824.656,268.768,292.988,25.314163200000003
2023-03-12,0.0,77.552,810.16,261.376,287.272,24.820300800000002
2023-03-13,0.0,75.648,800.272,203.968,269.97200000000004,23.325580800000004
2023-03-14,0.0,70.864,517.888,42.784,157.88400000000001,13.641177600000002
2023-03-15,0.0,24.0,400.448,92.928,129.344,11.1753216
2023-03-16,0.0,7.584,233.136,174.688,103.852,8.972812800000002
2023-03-17,0.0,24.912,494.64,229.712,187.316,16.1841024
2023-03-18,0.0,32.896,729.6,231.856,248.588,21.4780032
2023-03-19,0.0,67.184,767.072,114.896,237.28799999999998,20.5016832
2023-03-20,0.0,65.232,746.512,147.376,239.77999999999997,20.716991999999998
2023-03-21,0.0,67.616,755.52,228.432,262.892,22.7138688
2023-03-22,0.0,41.824,753.296,218.048,253.292,21.884428800000002
2023-03-23,0.0,65.392,744.224,222.64,258.06399999999996,22.2967296
2023-03-24,0.0,64.224,679.152,194.432,234.45200000000003,20.256652800000005
2023-03-25,0.0,4.016,222.416,119.888,86.58,7.480512
2023-03-26,0.0,66.544,760.112,223.008,262.416,22.6727424
2023-03-27,0.0,68.672,781.312,227.824,269.452,23.280652800000002
2023-03-28,0.0,67.568,767.04,214.992,262.4,22.67136
2023-03-29,0.0,61.904,645.152,130.624,209.42000000000002,18.093888000000003
2023-03-30,0.0,32.832,585.168,186.384,201.096,17.374694400000003
2023-03-31,0.0,47.82,515.76,124.624,172.05100000000002,14.865206400000002
2023-04-01,0.0,65.84,767.504,215.056,262.1,22.645440000000004
2023-04-02,0.0,64.192,757.024,211.824,258.26,22.313664
2023-04-03,0.0,63.2,747.52,188.256,249.744,21.5778816
2023-04-04,0.0,5.056,239.968,76.064,80.27199999999999,6.9355008
2023-04-05,0.0,9.6,107.472,124.496,60.391999999999996,5.2178688
2023-04-06,0.0,28.784,471.344,73.216,143.33599999999998,12.3842304
2023-04-07,0.0,54.704,555.52,84.192,173.60399999999998,14.9993856
2023-04-08,0.0,9.712,630.08,183.44,205.808,17.7818112
2023-04-09,0.0,54.0,685.36,180.752,230.02800000000002,19.874419200000002
2023-04-10,0.0,54.44,693.472,180.56,232.118,20.0549952
2023-04-11,0.0,53.312,683.968,176.256,228.384,19.7323776
2023-04-12,0.0,24.44,291.968,128.144,111.138,9.6023232
2023-04-13,0.0,1.44,76.32,25.76,25.88,2.2360320000000002
2023-04-14,0.0,51.024,671.328,169.248,222.89999999999998,19.25856
2023-04-15,0.0,49.44,654.496,161.184,216.27999999999997,18.686591999999997
2023-04-16,0.0,22.32,329.216,155.28,126.70400000000001,10.947225600000001
2023-04-17,0.0,47.6,614.128,57.904,179.90800000000002,15.544051200000002
2023-04-18,0.0,50.064,673.472,163.936,221.868,19.1693952
2023-04-19,0.0,47.744,424.976,93.68,141.60000000000002,12.234240000000003
2023-04-20,0.0,48.656,667.936,162.72,219.828,18.9931392
2023-04-21,0.0,49.552,670.496,156.96,219.252,18.943372800000002
2023-04-22,0.0,15.52,598.944,153.856,192.07999999999998,16.595712
2023-04-23,0.0,28.88,542.272,127.664,174.704,15.094425600000001
2023-04-24,0.0,44.272,450.16,93.056,146.872,12.689740800000003
2023-04-25,0.0,8.72,185.312,43.36,59.348,5.1276672
2023-04-26,0.0,41.632,454.0,29.984,131.404,11.3533056
2023-04-27,0.0,42.032,615.616,141.2,199.712,17.2551168
2023-04-28,0.0,41.904,618.64,142.224,200.692,17.3397888
2023-04-29,0.0,41.856,613.68,138.624,198.54,17.153856
2023-04-30,0.0,40.96,602.72,132.592,194.068,16.767475200000003
2023-05-01,0.0,6.56,188.32,18.48,53.339999999999996,4.608576
2023-05-02,0.0,1.712,29.408,8.336,9.864,0.8522496000000002
2023-05-03,0.0,1.568,44.912,6.752,13.308,1.1498112
2023-05-04,0.0,4.624,28.416,4.256,9.324,0.8055936
2023-05-05,0.0,0.672,18.72,1.936,5.332,0.4606848
2023-05-06,0.0,10.016,76.704,4.56,22.82,1.971648
2023-05-07,0.0,0.56,31.36,21.536,13.364,1.1546496000000002
2023-05-08,0.0,35.728,580.288,124.256,185.06799999999998,15.9898752
2023-05-09,0.0,35.248,583.6,125.456,186.07600000000002,16.076966400000003
2023-05-10,0.0,24.976,526.56,121.04,168.14399999999998,14.527641599999999
2023-05-11,0.0,33.808,528.592,96.88,164.82,14.240448
2023-05-12,0.0,33.232,558.4,118.096,177.432,15.3301248
2023-05-13,0.0,32.304,554.608,115.328,175.55999999999997,15.168383999999998
2023-05-14,0.0,31.84,551.968,113.872,174.42,15.069887999999999
2023-05-15,0.0,31.952,555.136,114.912,175.5,15.163200000000002
2023-05-16,0.0,31.504,553.44,114.256,174.8,15.102720000000001
2023-05-17,0.0,31.312,541.024,113.296,171.40800000000002,14.809651200000003
2023-05-18,0.0,29.824,540.144,109.792,169.94,14.682816
2023-05-19,0.0,19.888,511.824,106.144,159.464,13.7776896
2023-05-20,0.0,22.72,404.32,73.344,125.09599999999999,10.8082944
2023-05-21,0.0,5.696,67.056,8.96,20.427999999999997,1.7649791999999997
2023-05-22,0.0,16.24,393.6,82.672,123.12800000000001,10.638259200000002
2023-05-23,0.0,25.712,505.776,100.0,157.872,13.640140800000001
2023-05-24,0.0,25.712,505.216,101.296,158.056,13.656038400000002
2023-05-25,0.0,25.584,509.376,102.096,159.26399999999998,13.7604096
2023-05-26,0.0,23.392,383.616,69.936,119.23599999999999,10.3019904
2023-05-27,0.0,6.192,82.176,15.056,25.855999999999998,2.2339584
2023-05-28,0.0,5.44,448.336,100.544,138.58,11.973312000000002
2023-05-29,0.0,25.696,522.736,101.92,162.588,14.047603200000001
2023-05-30,0.0,23.344,459.376,97.232,144.988,12.5269632
2023-05-31,0.0,22.464,477.088,95.872,148.856,12.8611584
2023-06-01,0.0,22.064,482.768,94.576,149.852,12.9472128
2023-06-02,0.0,22.512,462.08,96.688,145.32,12.555648
2023-06-03,0.0,19.68,455.856,93.616,142.288,12.293683200000002
2023-06-04,0.0,18.096,475.344,89.792,145.808,12.5978112
2023-06-05,0.0,19.296,334.672,36.016,97.49600000000001,8.423654400000002
2023-06-06,0.0,20.016,467.456,91.664,144.78400000000002,12.509337600000002
2023-06-07,0.0,19.856,461.664,81.392,140.728,12.158899200000002
2023-06-08,0.0,19.952,473.152,94.352,146.864,12.6890496
2023-06-09,0.0,20.288,474.0,93.184,146.868,12.6893952
2023-06-10,0.0,2.192,70.752,17.84,22.695999999999998,1.9609344
2023-06-11,0.0,3.92,381.072,54.032,109.756,9.4829184
2023-06-12,0.0,20.88,501.776,101.904,156.14000000000001,13.490496000000002
2023-06-13,0.0,20.608,491.344,84.704,149.164,12.8877696
2023-06-14,0.0,18.0,280.768,6.496,76.31599999999999,6.5937024
2023-06-15,0.0,1.28,55.968,3.168,15.104000000000001,1.3049856000000002
2023-06-16,0.0,16.272,471.264,92.32,144.964,12.5248896
2023-06-17,0.0,18.624,257.296,45.936,80.464,6.9520896
2023-06-18,0.0,19.136,485.52,97.968,150.656,13.016678400000002
2023-06-19,0.0,14.32,409.808,90.928,128.764,11.125209600000002
2023-06-20,0.0,3.7,213.968,72.432,72.52499999999999,6.266159999999999
2023-06-21,0.0,7.84,18.976,2.816,7.4079999999999995,0.6400512
2023-06-22,0.0,13.744,367.056,90.368,117.79199999999999,10.1772288
2023-06-23,0.0,12.0,111.024,15.904,34.732,3.0008448000000003
2023-06-24,0.0,14.16,417.264,92.704,131.032,11.321164800000002
2023-06-25,0.0,1.296,281.376,50.736,83.35199999999999,7.2016127999999995
2023-06-26,0.0,16.66,159.616,31.584,51.965,4.489776000000001
2023-06-27,0.0,9.32,380.768,76.336,116.606,10.0747584
2023-06-28,0.0,3.14,179.04,91.344,68.381,5.9081184
2023-06-29,0.0,18.768,458.304,74.304,137.844,11.9097216
2023-06-30,0.0,11.648,284.992,23.824,80.11600000000001,6.922022400000001
2023-07-01,0.0,16.68,462.368,96.864,143.978,12.439699200000002
2023-07-02,0.0,17.056,469.712,98.976,146.43599999999998,12.6520704
2023-07-03,0.0,17.824,478.144,100.992,149.24,12.894336000000001
2023-07-04,0.0,17.488,474.384,100.96,148.208,12.8051712
2023-07-05,0.0,17.344,472.24,101.072,147.664,12.7581696
2023-07-06,0.0,0.624,263.344,28.576,73.13600000000001,6.318950400000001
2023-07-07,0.0,8.464,219.088,7.024,58.644,5.0668416
2023-07-08,0.0,5.056,273.696,24.72,75.868,6.5549952
2023-07-09,0.0,8.736,440.976,80.304,132.504,11.4483456
2023-07-10,0.0,9.376,89.136,9.264,26.944,2.3279616
2023-07-11,0.0,11.136,211.12,32.064,63.58,5.493312
2023-07-12,0.0,2.272,29.392,12.528,11.048,0.9545472
2023-07-13,0.0,3.536,44.304,6.208,13.512,1.1674368000000002
2023-07-14,0.0,19.4,472.224,51.04,135.666,11.7215424
2023-07-15,0.0,19.872,502.672,111.792,158.584,13.7016576
2023-07-16,0.0,19.664,505.552,113.12,159.584,13.7880576
2023-07-17,0.0,20.688,520.064,117.264,164.504,14.2131456
2023-07-18,0.0,20.768,506.176,118.368,161.32799999999997,13.938739199999999
2023-07-19,0.0,21.152,493.488,91.232,151.468,13.0868352
2023-07-20,0.0,10.864,160.464,66.432,59.44,5.135616
2023-07-21,0.0,19.84,488.544,113.088,155.368,13.4237952
2023-07-22,0.0,14.768,465.504,110.128,147.60000000000002,12.752640000000003
2023-07-23,0.0,20.832,480.688,103.872,151.34799999999998,13.0764672
2023-07-24,0.0,2.768,121.936,14.592,34.824000000000005,3.0087936000000006
2023-07-25,0.0,1.04,192.064,27.232,55.083999999999996,4.7592576
2023-07-26,0.0,13.632,165.552,29.712,52.224,4.5121535999999995
2023-07-27,0.0,24.224,534.88,104.592,165.924,14.3358336
2023-07-28,0.0,16.912,541.056,128.72,171.67200000000003,14.832460800000003
2023-07-29,0.0,24.688,548.928,130.24,175.964,15.203289600000002
2023-07-30,0.0,25.824,526.992,131.296,171.02799999999996,14.776819199999997
2023-07-31,0.0,24.464,535.904,121.024,170.34799999999998,14.7180672
2023-08-01,0.0,25.824,546.032,130.016,175.468,15.1604352
2023-08-02,0.0,26.384,550.608,132.08,177.268,15.315955200000001
2023-08-03,0.0,26.24,540.576,127.12,173.484,14.989017600000002
2023-08-04,0.0,26.736,547.792,131.456,176.496,15.249254400000002
2023-08-05,0.0,26.656,546.24,133.44,176.584,15.256857600000002
2023-08-06,0.0,28.832,559.712,135.856,181.1,15.64704
2023-08-07,0.0,5.728,308.736,65.648,95.02799999999999,8.2104192
2023-08-08,0.0,30.608,455.984,61.28,136.968,11.834035199999999
2023-08-09,0.0,14.496,58.272,12.288,21.264,1.8372096
2023-08-10,0.0,6.112,220.64,87.776,78.63199999999999,6.793804799999999
2023-08-11,0.0,31.488,533.296,62.64,156.85600000000002,13.552358400000003
2023-08-12,0.0,34.848,609.6,149.2,198.41199999999998,17.1427968
2023-08-13,0.0,36.848,626.496,154.816,204.54,17.672256
2023-08-14,0.0,32.768,596.288,144.848,193.476,16.7163264
2023-08-15,0.0,30.816,581.44,149.296,190.38800000000003,16.449523200000005
2023-08-16,0.0,25.184,560.576,144.176,182.48399999999998,15.7666176
2023-08-17,0.0,34.208,593.936,149.936,194.52,16.806528
2023-08-18,0.0,1.056,167.712,80.496,62.316,5.384102400000001
2023-08-19,0.0,41.792,646.608,142.176,207.644,17.9404416
2023-08-20,0.0,39.392,577.152,131.728,187.06800000000004,16.162675200000006
2023-08-21,0.0,41.216,630.944,157.856,207.504,17.9283456
2023-08-22,0.0,41.136,626.96,158.224,206.57999999999998,17.848512
2023-08-23,0.0,13.984,398.272,74.688,121.73599999999999,10.5179904
2023-08-24,0.0,46.576,668.144,170.8,221.38,19.127232
2023-08-25,0.0,47.952,670.24,169.92,222.028,19.1832192
2023-08-26,0.0,49.488,665.824,147.008,215.57999999999998,18.626112
2023-08-27,0.0,50.64,686.272,176.224,228.284,19.7237376
2023-08-28,0.0,53.568,705.264,180.88,234.928,20.2977792
2023-08-29,0.0,52.032,676.832,172.256,225.28,19.464192
2023-08-30,0.0,52.368,679.776,173.968,226.528,19.5720192
2023-08-31,0.0,53.04,678.64,175.76,226.85999999999999,19.600704
2023-09-01,0.0,31.312,247.824,55.472,83.652,7.2275328000000005
2023-09-02,0.0,16.24,248.208,67.664,83.02799999999999,7.1736192
2023-09-03,0.0,11.792,291.152,117.904,105.21199999999999,9.0903168
2023-09-04,0.0,3.776,49.792,7.6,15.292,1.3212288
2023-09-05,0.0,61.888,723.296,187.248,243.108,21.004531200000002
2023-09-06,0.0,61.904,329.2,56.672,111.94399999999999,9.6719616
2023-09-07,0.0,36.944,264.192,37.152,84.572,7.307020800000001
2023-09-08,0.0,12.608,270.512,11.984,73.776,6.3742464
2023-09-09,0.0,23.504,379.168,66.176,117.212,10.127116800000001
2023-09-10,0.0,39.104,408.992,124.0,143.024,12.357273600000001
2023-09-11,0.0,66.112,372.608,165.488,151.05200000000002,13.050892800000003
2023-09-12,0.0,30.784,157.024,12.944,50.187999999999995,4.3362432
2023-09-13,0.0,0.96,45.712,9.104,13.944,1.2047616
2023-09-14,0.0,78.688,780.656,203.792,265.784,22.9637376
2023-09-15,0.0,78.112,762.432,191.232,257.944,22.286361600000003
2023-09-16,0.0,81.424,775.328,200.48,264.308,22.8362112
2023-09-17,0.0,77.728,745.904,195.392,254.75599999999997,22.010918399999998
2023-09-18,0.0,48.752,584.464,137.008,192.556,16.636838400000002
2023-09-19,0.0,14.544,290.592,34.16,84.82399999999998,7.328793599999999
2023-09-20,0.0,32.208,595.008,171.184,199.6,17.245440000000002
2023-09-21,0.0,80.496,736.192,193.696,252.596,21.824294400000003
2023-09-22,0.0,75.856,287.168,133.28,124.076,10.7201664
2023-09-23,0.0,24.048,643.824,194.336,215.552,18.6236928
2023-09-24,0.0,41.168,499.664,101.376,160.552,13.8716928
2023-09-25,0.0,20.304,516.912,113.728,162.736,14.0603904
2023-09-26,0.0,76.24,157.92,14.928,62.27199999999999,5.3803008
2023-09-27,0.0,95.824,830.048,221.888,286.94,24.791616
2023-09-28,0.0,104.144,836.048,219.632,289.956,25.0521984
2023-09-29,0.0,102.816,825.488,212.768,285.26800000000003,24.647155200000004
2023-09-30,0.0,98.912,803.728,222.16,281.2,24.29568
2023-10-01,0.0,110.48,863.28,233.328,301.772,26.073100800000002
2023-10-02,0.0,115.264,870.496,232.656,304.604,26.3177856
2023-10-03,0.0,113.46,749.104,171.712,258.569,22.3403616
2023-10-04,0.0,34.58,565.52,144.0,186.025,16.072560000000003
2023-10-05,0.0,120.46,883.28,237.104,310.211,26.802230400000003
2023-10-06,0.0,109.82,143.9,108.656,90.594,7.8273216
2023-10-07,0.0,108.86,718.032,207.344,258.559,22.339497600000005
2023-10-08,0.0,81.536,842.34,215.728,284.901,24.615446400000003
2023-10-09,0.0,123.12,874.56,236.896,308.644,26.6668416
2023-10-10,0.0,124.8,878.48,236.576,309.964,26.780889600000002
2023-10-11,0.0,14.96,36.12,17.248,17.082,1.4758848000000002
2023-10-12,0.0,57.248,864.94,244.736,291.731,25.2055584
2023-10-13,0.0,135.104,911.44,249.696,324.06,27.998784
2023-10-14,0.0,133.952,894.34,241.552,317.46099999999996,27.4286304
2023-10-15,0.0,126.48,716.8,136.896,245.04399999999998,21.1718016
2023-10-16,0.0,105.856,295.312,122.208,130.844,11.3049216
2023-10-17,0.0,1.872,27.776,11.168,10.204,0.8816256000000001
2023-10-18,0.0,32.24,215.66,49.136,74.259,6.415977600000001
2023-10-19,0.0,119.184,480.064,20.944,155.048,13.396147200000001
2023-10-20,0.0,46.144,433.48,136.208,153.958,13.3019712
2023-10-21,0.0,56.64,819.98,217.072,273.423,23.6237472
2023-10-22,0.0,84.26,245.328,127.584,114.293,9.8749152
2023-10-23,0.0,6.7,111.76,219.168,84.40700000000001,7.292764800000001
2023-10-24,0.0,88.76,348.4,73.488,127.66199999999999,11.0299968
2023-10-25,0.0,146.3,895.08,248.544,322.48100000000005,27.862358400000005
2023-10-26,0.0,152.28,919.12,257.248,332.16200000000003,28.698796800000004
2023-10-27,0.0,151.76,906.94,233.52,323.055,27.911952000000003
2023-10-28,0.0,19.12,158.06,142.256,79.85900000000001,6.899817600000001
2023-10-29,0.0,153.424,919.16,260.688,333.318,28.7986752
2023-10-30,0.0,60.064,150.32,41.68,63.016,5.4445824
2023-10-31,0.0,96.736,739.58,157.76,248.519,21.4720416
2023-11-01,0.0,113.08,478.42,54.64,161.535,13.956624
2023-11-02,0.0,13.664,81.96,22.08,29.426,2.5424064
2023-11-03,0.0,14.48,223.62,60.832,74.733,6.4569312000000005
2023-11-04,0.0,169.36,967.76,283.152,355.068,30.6778752
2023-11-05,0.0,172.56,965.62,259.344,349.38100000000003,30.186518400000004
2023-11-06,0.0,168.512,949.3,277.216,348.75699999999995,30.132604799999996
2023-11-07,0.0,166.208,931.16,271.024,342.09799999999996,29.5572672
2023-11-08,0.0,41.78,361.3,259.136,165.55400000000003,14.303865600000004
2023-11-09,0.0,48.32,234.16,31.76,78.56,6.787584000000001
2023-11-10,0.0,107.1,380.7,213.344,175.286,15.144710400000001
2023-11-11,0.0,33.02,396.28,237.424,166.68099999999998,14.401238399999999
2023-11-12,0.0,90.3,456.04,123.808,167.537,14.4751968
2023-11-13,0.0,5.38,129.2,22.88,39.364999999999995,3.4011359999999997
2023-11-14,0.0,11.0,240.86,103.952,88.953,7.685539200000001
2023-11-15,0.0,31.42,272.94,105.008,102.342,8.8423488
2023-11-16,0.0,145.98,801.5,246.096,298.394,25.7812416
2023-11-17,0.0,158.64,214.1,24.192,99.233,8.573731200000001
2023-11-18,0.0,17.94,570.88,280.528,217.33700000000002,18.777916800000003
2023-11-19,0.0,184.16,979.94,303.824,366.98100000000005,31.707158400000004
2023-11-20,0.0,184.32,937.08,283.94,351.33500000000004,30.355344000000006
2023-11-21,0.0,171.66,808.44,213.8,298.475,25.788240000000002
2023-11-22,0.0,44.4,309.14,214.82,142.08999999999997,12.276575999999999
2023-11-23,0.0,70.46,686.46,235.76,248.17000000000002,21.441888000000002
2023-11-24,0.0,173.26,970.64,294.048,359.487,31.059676800000005
2023-11-25,0.0,180.6,982.4,311.296,368.574,31.844793600000003
2023-11-26,0.0,172.08,870.86,281.216,331.039,28.6017696
2023-11-27,0.0,90.14,482.64,107.232,170.003,14.6882592
2023-11-28,0.0,172.06,673.3,294.912,285.068,24.6298752
2023-11-29,0.0,177.72,961.56,311.3,362.645,31.332528
2023-11-30,0.0,178.2,728.74,199.96,276.725,23.909040000000005
2023-12-01,0.0,171.72,935.4,295.58,350.67499999999995,30.298319999999997
2023-12-02,0.0,61.08,119.3,239.0,104.845,9.058608
2023-12-03,0.0,85.74,126.06,25.5,59.325,5.125680000000001
2023-12-04,0.0,83.56,428.1,70.6,145.565,12.576816
2023-12-05,0.0,140.86,522.86,253.68,229.35000000000002,19.81584
2023-12-06,0.0,159.44,722.0,282.112,290.88800000000003,25.132723200000004
2023-12-07,0.0,82.24,687.86,326.84,274.235,23.693904000000003
2023-12-08,0.0,182.88,1000.8,338.9,380.645,32.887728
2023-12-09,0.0,184.22,1000.82,340.42,381.365,32.949936
2023-12-10,0.0,175.06,940.0,337.02,363.02,31.364928
2023-12-11,0.0,178.78,986.46,335.16,375.1,32.408640000000005
2023-12-12,0.0,176.74,980.78,339.96,374.37,32.345568
2023-12-13,0.0,98.14,178.12,62.86,84.78,7.324992000000001
2023-12-14,0.0,75.18,670.4,214.64,240.05499999999998,20.740752
2023-12-15,0.0,73.48,464.42,316.896,213.699,18.463593600000003
2023-12-16,0.0,44.2,315.56,291.94,162.925,14.076720000000002
2023-12-17,0.0,165.4,944.78,330.78,360.24,31.124736000000002
2023-12-18,0.0,131.3,784.42,39.248,238.74200000000002,20.6273088
2023-12-19,0.0,26.16,409.2,103.264,134.656,11.634278400000001
2023-12-20,0.0,55.94,222.82,130.9,102.41499999999999,8.848656
2023-12-21,0.0,161.98,774.08,83.14,254.8,22.01472
2023-12-22,0.0,153.26,731.78,295.96,295.25,25.509600000000002
2023-12-23,0.0,161.32,615.18,90.4,216.725,18.72504
2023-12-24,0.0,133.14,905.96,333.92,343.255,29.657232
2023-12-25,0.0,138.82,942.14,354.5,358.865,31.005936000000002
2023-12-26,0.0,177.48,1020.48,370.78,392.185,33.884784
2023-12-27,0.0,167.22,993.16,362.86,380.80999999999995,32.901984
2023-12-28,0.0,148.34,957.38,328.2,358.48,30.972672000000003
2023-12-29,0.0,10.62,272.4,232.74,128.94,11.140416
2023-12-30,0.0,161.78,977.44,330.18,367.35,31.739040000000003
2023-12-31,0.0,110.34,688.46,277.66,269.115,23.251536
2024-01-01,0.0,133.72,902.0,154.56,297.57,25.710048
2024-01-02,0.0,155.78,962.02,340.06,364.465,31.489776
2024-01-03,0.0,50.02,519.16,259.38,207.14,17.896895999999998
2024-01-04,0.0,71.32,468.52,178.32,179.53999999999996,15.512255999999997
2024-01-05,0.0,91.54,928.6,359.616,344.93899999999996,29.8027296
2024-01-06,0.0,149.648,954.44,347.728,362.954,31.359225600000002
2024-01-07,0.0,128.52,517.1,326.512,243.03300000000002,20.998051200000003
2024-01-08,0.0,30.992,695.88,96.8,205.91799999999998,17.7913152
2024-01-09,0.0,95.92,530.64,203.856,207.60399999999998,17.9369856
2024-01-10,0.0,29.12,48.88,57.936,33.984,2.9362176000000004
2024-01-11,0.0,110.92,752.2,196.736,264.964,22.8928896
2024-01-12,0.0,141.22,962.74,367.52,367.87,31.783968
2024-01-13,0.0,145.92,960.64,360.84,366.84999999999997,31.69584
2024-01-14,0.0,135.96,923.66,147.32,301.73499999999996,26.069903999999998
2024-01-15,0.0,137.62,944.46,360.42,360.625,31.158
2024-01-16,0.0,125.14,801.12,122.8,262.265,22.659696
2024-01-17,0.0,25.84,87.4,21.984,33.806000000000004,2.9208384000000005
2024-01-18,0.0,65.54,782.6,356.8,301.235,26.026704000000002
2024-01-19,0.0,131.44,872.98,176.656,295.269,25.5112416
2024-01-20,0.0,124.64,606.38,260.704,247.93099999999998,21.4212384
2024-01-21,0.0,129.072,614.5,314.144,264.429,22.846665599999998
2024-01-22,0.0,134.128,915.16,275.504,331.198,28.6155072
2024-01-23,0.0,128.576,761.22,344.672,308.617,26.664508800000004
2024-01-24,0.0,128.6,914.12,236.544,319.81600000000003,27.632102400000004
2024-01-25,0.0,128.52,949.9,368.912,361.833,31.262371200000004
2024-01-26,0.0,129.84,949.68,290.336,342.464,29.5888896
2024-01-27,0.0,122.92,933.52,356.048,353.122,30.509740800000003
2024-01-28,0.0,121.7,917.14,178.528,304.342,26.2951488
2024-01-29,0.0,120.84,919.2,188.48,307.13,26.536032000000002
2024-01-30,0.0,118.24,879.94,85.888,271.017,23.415868800000002
2024-01-31,0.0,123.2,950.24,363.792,359.308,31.0442112
2024-02-01,0.0,120.096,936.38,357.52,353.499,30.542313600000004
2024-02-02,0.0,120.464,934.04,353.696,352.04999999999995,30.417119999999997
2024-02-03,0.0,114.64,912.14,346.48,343.315,29.662416
2024-02-04,0.0,94.704,909.088,340.512,336.07599999999996,29.036966399999997
2024-02-05,0.0,84.944,799.7,337.984,305.657,26.4087648
2024-02-06,0.0,109.52,898.016,337.152,336.17199999999997,29.045260799999998
2024-02-07,0.0,109.12,899.68,333.6,335.6,28.995840000000005
2024-02-08,0.0,106.528,886.52,330.512,330.89,28.588896000000002
2024-02-09,0.0,105.888,881.84,329.744,329.36800000000005,28.457395200000008
2024-02-10,0.0,98.608,838.42,202.752,284.945,24.619248000000002
2024-02-11,0.0,102.352,874.62,230.864,301.959,26.089257600000003
2024-02-12,0.0,101.04,829.296,276.592,301.73199999999997,26.0696448
2024-02-13,0.0,44.272,70.352,20.496,33.78,2.9185920000000003
2024-02-14,0.0,106.736,918.864,339.056,341.16400000000004,29.476569600000005
2024-02-15,0.0,101.328,772.816,127.696,250.46,21.639744
2024-02-16,0.0,19.216,397.312,125.568,135.524,11.709273600000001
2024-02-17,0.0,46.256,568.144,248.944,215.83599999999998,18.6482304
2024-02-18,0.0,97.936,876.192,219.984,298.528,25.792819200000004
2024-02-19,0.0,77.392,836.304,187.856,275.388,23.7935232
2024-02-20,0.0,95.184,875.056,317.504,321.93600000000004,27.815270400000003
2024-02-21,0.0,97.76,887.52,316.256,325.384,28.113177600000004
2024-02-22,0.0,91.584,855.952,276.256,305.948,26.4339072
2024-02-23,0.0,93.056,868.56,295.184,314.2,27.14688
2024-02-24,0.0,91.616,856.848,297.744,311.552,26.918092800000004
2024-02-25,0.0,88.28,829.44,292.56,302.57,26.142048
2024-02-26,0.0,58.752,548.064,121.424,182.05999999999997,15.729983999999998
2024-02-27,0.0,30.256,487.952,122.032,160.06,13.829184000000001
2024-02-28,0.0,47.072,283.024,31.104,90.3,7.80192
2024-02-29,0.0,70.848,366.496,172.8,152.536,13.1791104
2024-03-01,0.0,84.608,831.84,153.152,267.40000000000003,23.103360000000006
2024-03-02,0.0,84.512,828.96,280.352,298.456,25.786598400000003
2024-03-03,0.0,24.368,304.24,96.096,106.176,9.1736064
2024-03-04,0.0,47.584,228.384,59.952,83.97999999999999,7.255871999999999
2024-03-05,0.0,83.248,850.304,290.816,306.092,26.4463488
2024-03-06,0.0,87.872,864.816,287.6,310.072,26.7902208
2024-03-07,0.0,82.0,753.152,221.536,264.172,22.824460800000004
2024-03-08,0.0,11.04,528.304,217.68,189.25599999999997,16.3517184
2024-03-09,0.0,76.592,731.344,230.88,259.704,22.438425600000002
2024-03-10,0.0,72.0,774.192,250.496,274.172,23.688460800000005
2024-03-11,0.0,78.46,812.384,265.584,289.107,24.978844800000005
2024-03-12,0.0,78.58,808.528,258.448,286.389,24.744009600000002
2024-03-13,0.0,78.112,815.664,257.184,287.74,24.860736000000003
2024-03-14,0.0,75.76,766.4,248.8,272.74,23.564736000000003
2024-03-15,0.0,35.0,218.512,54.992,77.126,6.6636864000000005
2024-03-16,0.0,67.2,576.56,182.368,206.53199999999998,17.8443648
2024-03-17,0.0,53.56,589.76,220.688,216.00199999999998,18.6625728
2024-03-18,0.0,55.152,353.952,74.56,120.916,10.4471424
2024-03-19,0.0,15.74,204.896,160.816,95.363,8.2393632
2024-03-20,0.0,66.62,731.2,211.568,252.347,21.8027808
2024-03-21,0.0,3.76,299.776,35.024,84.64,7.312896
2024-03-22,0.0,72.82,803.216,240.576,279.153,24.118819200000004
2024-03-23,0.0,68.736,759.648,198.688,256.76800000000003,22.184755200000005
2024-03-24,0.0,67.632,755.2,220.16,260.74800000000005,22.528627200000006
2024-03-25,0.0,64.832,735.52,192.784,248.284,21.4517376
2024-03-26,0.0,66.992,769.952,224.368,265.328,22.9243392
2024-03-27,0.0,66.8,764.672,220.896,263.092,22.7311488
2024-03-28,0.0,38.608,529.92,99.392,166.97999999999996,14.427071999999997
2024-03-29,0.0,62.624,735.072,208.816,251.62800000000001,21.740659200000003
2024-03-30,0.0,62.512,739.072,196.128,249.428,21.5505792
2024-03-31,0.0,52.608,621.904,187.312,215.456,18.6153984
2024-04-01,0.0,58.176,704.512,138.336,225.256,19.4621184
2024-04-02,0.0,25.92,263.408,120.736,102.516,8.8573824
2024-04-03,0.0,56.72,697.04,189.344,235.776,20.3710464
2024-04-04,0.0,29.36,382.336,114.192,131.472,11.3591808
2024-04-05,0.0,49.584,418.224,88.976,139.196,12.026534400000001
2024-04-06,0.0,59.232,711.568,141.408,228.052,19.7036928
2024-04-07,0.0,3.632,127.552,61.952,48.284,4.1717376
2024-04-08,0.0,18.96,373.984,68.448,115.34799999999998,9.9660672
2024-04-09,0.0,10.384,407.408,124.528,135.58,11.714112000000002
2024-04-10,0.0,52.096,549.216,62.272,165.89600000000002,14.333414400000002
2024-04-11,0.0,6.76,134.736,18.752,40.062,3.4613568
2024-04-12,0.0,3.0,70.416,31.072,26.122,2.2569408
2024-04-13,0.0,11.76,110.112,59.536,45.352000000000004,3.9184128000000005
2024-04-14,0.0,15.84,204.24,44.304,66.096,5.7106944
2024-04-15,0.0,23.248,125.152,72.848,55.312,4.7789568000000004
2024-04-16,0.0,16.96,345.36,72.464,108.696,9.3913344
2024-04-17,0.0,49.84,670.944,165.024,221.452,19.1334528
2024-04-18,0.0,48.32,655.12,158.56,215.5,18.6192
2024-04-19,0.0,43.12,661.856,160.816,216.448,18.701107200000003
2024-04-20,0.0,48.784,660.368,158.4,216.888,18.7391232
2024-04-21,0.0,45.28,612.752,139.664,199.42399999999998,17.2302336
2024-04-22,0.0,9.312,95.936,7.088,28.084,2.4264576
2024-04-23,0.0,8.784,154.096,58.416,55.324,4.7799936
2024-04-24,0.0,41.872,515.296,100.336,164.376,14.2020864
2024-04-25,0.0,40.656,505.456,19.904,141.504,12.2259456
2024-04-26,0.0,36.608,531.52,136.208,176.08399999999997,15.2136576
2024-04-27,0.0,16.432,148.032,41.536,51.5,4.4496
2024-04-28,0.0,39.68,300.624,38.368,94.668,8.179315200000001
2024-04-29,0.0,26.144,242.912,114.08,95.78399999999999,8.2757376
2024-04-30,0.0,33.328,293.808,125.152,113.07199999999999,9.769420799999999
2024-05-01,0.0,33.968,260.416,39.44,83.456,7.2105984
2024-05-02,0.0,1.408,95.84,21.216,29.616,2.5588224
2024-05-03,0.0,14.992,76.32,9.36,25.168,2.1745152
2024-05-04,0.0,10.832,164.64,6.432,45.47599999999999,3.9291263999999995
2024-05-05,0.0,17.44,304.416,29.344,87.8,7.58592
2024-05-06,0.0,34.144,366.256,112.096,128.124,11.0699136
2024-05-07,0.0,17.28,312.384,88.848,104.628,9.0398592
2024-05-08,0.0,17.296,249.056,55.424,80.444,6.950361600000001
2024-05-09,0.0,33.216,431.344,56.896,130.364,11.263449600000001
2024-05-10,0.0,1.392,27.184,4.736,8.328,0.7195391999999999
2024-05-11,0.0,0.928,62.144,11.472,18.636,1.6101504
2024-05-12,0.0,1.808,27.408,12.736,10.488,0.9061632000000001
2024-05-13,0.0,4.496,232.688,20.032,64.304,5.555865600000001
2024-05-14,0.0,32.272,535.056,102.16,167.372,14.460940800000001
2024-05-15,0.0,27.072,563.488,117.248,176.95200000000003,15.288652800000003
2024-05-16,0.0,2.448,31.776,6.064,10.072,0.8702208
2024-05-17,0.0,29.68,539.408,110.528,169.904,14.6797056
2024-05-18,0.0,29.408,493.6,40.4,140.852,12.169612800000001
2024-05-19,0.0,28.736,536.784,92.608,164.53199999999998,14.2155648
2024-05-20,0.0,29.344,543.712,110.464,170.88,14.764032
2024-05-21,0.0,4.016,164.032,34.432,50.620000000000005,4.373568000000001
2024-05-22,0.0,9.664,124.016,93.008,56.672,4.8964608
2024-05-23,0.0,1.056,38.48,6.992,11.631999999999998,1.0050047999999998
2024-05-24,0.0,0.34,77.84,65.136,35.829,3.0956256000000004
2024-05-25,0.0,26.704,530.016,94.352,162.76799999999997,14.063155199999999
2024-05-26,0.0,25.872,517.728,74.864,154.61599999999999,13.3588224
2024-05-27,0.0,4.992,126.24,14.928,36.54,3.1570560000000003
2024-05-28,0.0,10.576,181.744,67.216,64.884,5.6059776
2024-05-29,0.0,4.48,178.944,65.04,62.116,5.3668224
2024-05-30,0.0,24.176,509.552,92.32,156.512,13.5226368
2024-05-31,0.0,24.16,467.84,99.856,147.964,12.7840896
2024-06-01,0.0,20.192,484.352,95.728,150.06799999999998,12.9658752
2024-06-02,0.0,22.32,478.656,24.56,131.384,11.351577599999999
2024-06-03,0.0,14.528,490.48,99.776,151.196,13.0633344
2024-06-04,0.0,21.984,365.056,86.72,118.44,10.233216
2024-06-05,0.0,12.528,292.56,76.704,95.44800000000001,8.246707200000001
2024-06-06,0.0,19.84,462.192,89.248,142.82,12.339648
2024-06-07,0.0,19.888,469.76,92.608,145.564,12.5767296
2024-06-08,0.0,20.144,464.848,88.048,143.26,12.377664
2024-06-09,0.0,19.776,462.416,92.064,143.564,12.4039296
2024-06-10,0.0,18.944,463.536,92.128,143.65200000000002,12.411532800000002
2024-06-11,0.0,6.368,348.96,71.36,106.672,9.2164608
2024-06-12,0.0,18.928,416.4,44.32,119.91199999999999,10.3603968
2024-06-13,0.0,14.848,396.528,69.184,120.14000000000001,10.380096000000002
2024-06-14,0.0,6.496,293.68,19.184,79.84,6.898176
2024-06-15,0.0,10.96,246.928,68.512,81.6,7.05024
2024-06-16,0.0,0.98,20.656,3.904,6.385,0.551664
2024-06-17,0.0,2.256,67.344,8.048,19.412,1.6771968
2024-06-18,0.0,1.36,105.664,38.064,36.272,3.1339008
2024-06-19,0.0,7.648,273.248,86.72,91.904,7.9405056
2024-06-20,0.0,4.064,208.336,89.536,75.48400000000001,6.521817600000001
2024-06-21,0.0,1.984,243.136,92.256,84.344,7.2873216
2024-06-22,0.0,6.624,213.216,30.448,62.572,5.406220800000001
2024-06-23,0.0,16.736,259.968,8.32,71.256,6.1565184
2024-06-24,0.0,11.36,383.232,89.696,121.072,10.460620800000001
2024-06-25,0.0,17.936,213.904,8.816,60.164,5.198169600000001
2024-06-26,0.0,16.304,425.904,39.648,120.464,10.4080896
2024-06-27,0.0,17.984,480.832,96.72,148.884,12.8635776
2024-06-28,0.0,15.168,434.528,76.608,131.57600000000002,11.368166400000003
2024-06-29,0.0,19.008,501.952,105.696,156.66400000000002,13.535769600000002
2024-06-30,0.0,18.464,492.736,104.72,153.98,13.303872
2024-07-01,0.0,18.944,500.304,106.192,156.35999999999999,13.509504
2024-07-02,0.0,18.544,486.528,102.08,151.788,13.114483200000002
2024-07-03,0.0,6.112,128.304,27.92,40.584,3.5064576000000005
2024-07-04,0.0,0.64,85.232,43.744,32.403999999999996,2.7997056
2024-07-05,0.0,1.184,27.088,4.848,8.280000000000001,0.7153920000000001
2024-07-06,0.0,19.136,500.16,67.872,146.792,12.682828800000001
2024-07-07,0.0,19.04,503.648,109.056,157.936,13.645670400000002
2024-07-08,0.0,18.816,502.864,110.944,158.15599999999998,13.664678399999998
2024-07-09,0.0,15.248,436.064,103.168,138.62,11.976768000000002
2024-07-10,0.0,19.04,502.48,106.4,156.98,13.563072
2024-07-11,0.0,13.984,385.376,63.568,115.73199999999999,9.9992448
2024-07-12,0.0,4.256,473.952,104.448,145.664,12.5853696
2024-07-13,0.0,19.472,449.728,12.64,120.46,10.407744
2024-07-14,0.0,0.704,24.944,4.448,7.524,0.6500736
2024-07-15,0.0,11.52,338.56,26.928,94.252,8.1433728
2024-07-16,0.0,19.104,366.592,15.344,100.25999999999999,8.662464
2024-07-17,0.0,20.176,474.8,73.28,142.064,12.2743296
2024-07-18,0.0,20.768,510.48,114.736,161.496,13.953254400000002
2024-07-19,0.0,19.872,497.328,108.816,156.504,13.5219456
2024-07-20,0.0,9.584,292.032,72.16,93.44399999999999,8.0735616
2024-07-21,0.0,16.672,441.184,94.768,138.156,11.936678400000002
2024-07-22,0.0,20.72,506.0,106.848,158.392,13.6850688
2024-07-23,0.0,17.088,491.456,98.72,151.816,13.1169024
2024-07-24,0.0,20.112,493.728,120.656,158.62400000000002,13.705113600000002
2024-07-25,0.0,22.144,518.656,119.728,165.13199999999998,14.2674048
2024-07-26,0.0,18.704,318.992,120.128,114.456,9.8889984
2024-07-27,0.0,19.456,506.064,119.824,161.33599999999998,13.939430399999999
2024-07-28,0.0,10.32,166.592,22.192,49.776,4.300646400000001
2024-07-29,0.0,18.32,494.608,130.688,160.904,13.9021056
2024-07-30,0.0,25.664,547.936,128.08,175.42000000000002,15.156288000000002
2024-07-31,0.0,24.56,511.504,89.456,156.38,13.511232
2024-08-01,0.0,25.68,541.92,129.744,174.33599999999998,15.0626304
2024-08-02,0.0,26.672,551.152,132.352,177.544,15.339801600000001
2024-08-03,0.0,26.736,506.784,116.72,162.56,14.045184
2024-08-04,0.0,5.712,24.08,23.152,13.236,1.1435904000000001
2024-08-05,0.0,5.728,449.664,64.64,130.008,11.232691200000001
2024-08-06,0.0,2.368,326.256,28.976,89.39999999999999,7.7241599999999995
2024-08-07,0.0,7.504,136.208,15.248,39.739999999999995,3.4335359999999997
2024-08-08,0.0,31.856,593.024,130.48,188.84,16.315776
2024-08-09,0.0,25.92,270.016,33.28,82.304,7.111065600000001
2024-08-10,0.0,33.76,605.344,146.608,196.428,16.9713792
2024-08-11,0.0,34.768,607.104,149.568,197.86,17.095104000000003
2024-08-12,0.0,36.432,624.768,154.368,203.892,17.6162688
2024-08-13,0.0,36.64,622.0,155.296,203.48399999999998,17.5810176
2024-08-14,0.0,37.936,629.2,156.704,205.96000000000004,17.794944000000005
2024-08-15,0.0,36.944,612.192,152.816,200.488,17.322163200000002
2024-08-16,0.0,27.44,424.496,122.128,143.516,12.3997824
2024-08-17,0.0,4.32,482.192,125.424,152.984,13.217817600000002
2024-08-18,0.0,21.84,525.488,137.024,171.08800000000002,14.782003200000002
2024-08-19,0.0,34.992,396.224,91.856,130.768,11.298355200000001
2024-08-20,0.0,5.568,205.632,63.936,68.784,5.9429376000000005
2024-08-21,0.0,34.224,157.68,17.264,52.292,4.518028800000001
2024-08-22,0.0,3.328,33.568,16.96,13.464,1.1632896000000001
2024-08-23,0.0,31.472,414.592,141.616,146.92,12.693888
2024-08-24,0.0,48.096,673.344,170.384,222.95600000000002,19.263398400000003
2024-08-25,0.0,47.872,528.96,101.808,169.66,14.658624
2024-08-26,0.0,50.144,683.808,175.28,227.308,19.6394112
2024-08-27,0.0,49.008,692.512,177.312,229.708,19.8467712
2024-08-28,0.0,47.856,672.288,172.144,223.072,19.2734208
2024-08-29,0.0,19.824,192.928,27.872,60.156000000000006,5.1974784000000005
2024-08-30,0.0,33.312,483.552,99.968,154.208,13.3235712
2024-08-31,0.0,9.488,122.112,22.16,38.44,3.321216
2024-09-01,0.0,13.136,246.848,52.224,78.052,6.743692800000001
2024-09-02,0.0,57.76,705.92,183.376,236.76399999999998,20.4564096
2024-09-03,0.0,58.608,696.544,178.448,233.39999999999998,20.16576
2024-09-04,0.0,21.68,209.52,7.312,59.62800000000001,5.1518592000000005
2024-09-05,0.0,65.568,739.104,191.344,249.00400000000002,21.513945600000003
2024-09-06,0.0,67.968,731.856,167.616,241.85999999999999,20.896704
2024-09-07,0.0,63.856,692.48,182.672,234.752,20.2825728
2024-09-08,0.0,25.728,653.904,183.76,215.84799999999998,18.6492672
2024-09-09,0.0,22.56,651.536,185.024,214.77999999999997,18.556991999999997
2024-09-10,0.0,68.16,724.72,188.368,245.312,21.194956800000003
2024-09-11,0.0,61.232,629.552,152.384,210.792,18.2124288
2024-09-12,0.0,17.216,370.416,88.208,118.96000000000001,10.278144000000001
2024-09-13,0.0,25.088,134.16,36.496,48.936,4.2280704
2024-09-14,0.0,16.5,426.88,196.464,159.961,13.820630400000002
2024-09-15,0.0,79.76,774.736,203.584,264.52,22.854528
2024-09-16,0.0,82.656,786.544,208.336,269.384,23.274777600000004
2024-09-17,0.0,85.104,765.664,188.864,259.908,22.4560512
2024-09-18,0.0,81.856,761.728,201.52,261.276,22.574246400000003
2024-09-19,0.0,48.4,444.96,195.312,172.168,14.875315200000001
2024-09-20,0.0,23.456,399.568,136.656,139.92000000000002,12.089088000000002
2024-09-21,0.0,88.832,769.824,206.512,266.292,23.0076288
2024-09-22,0.0,85.056,769.984,202.848,264.47200000000004,22.850380800000003
2024-09-23,0.0,45.904,698.576,203.712,237.048,20.480947200000003
2024-09-24,0.0,19.152,591.472,186.576,199.3,17.219520000000003
2024-09-25,0.0,60.784,409.024,167.472,159.32,13.765248
2024-09-26,0.0,1.488,103.84,71.776,44.275999999999996,3.8254463999999997
2024-09-27,0.0,19.056,659.168,145.408,205.90800000000002,17.790451200000003
2024-09-28,0.0,102.688,824.368,220.592,286.91200000000003,24.789196800000003
2024-09-29,0.0,105.104,822.32,215.52,285.73600000000005,24.687590400000005
2024-09-30,0.0,102.848,814.384,216.592,283.456,24.490598400000003
2024-10-01,0.0,24.512,626.944,200.88,213.08399999999997,18.410457599999997
2024-10-02,0.0,20.272,827.248,229.056,269.144,23.2540416
2024-10-03,0.0,115.98,866.352,233.792,304.031,26.268278400000003
2024-10-04,0.0,118.048,870.624,234.304,305.744,26.416281600000005
2024-10-05,0.0,118.256,847.728,214.16,295.036,25.4911104
2024-10-06,0.0,73.552,719.2,178.272,242.75600000000003,20.974118400000002
2024-10-07,0.0,93.536,659.376,150.048,225.74,19.503936000000003
2024-10-08,0.0,4.368,62.624,46.528,28.380000000000003,2.4520320000000004
2024-10-09,0.0,15.616,153.04,8.304,44.24,3.8223360000000004
2024-10-10,0.0,7.44,91.26,13.28,27.995,2.418768
2024-10-11,0.0,30.144,416.56,129.584,144.072,12.4478208
2024-10-12,0.0,127.936,875.62,237.328,310.221,26.803094400000003
2024-10-13,0.0,129.024,872.84,235.104,309.242,26.718508800000002
2024-10-14,0.0,118.704,730.1,125.328,243.533,21.0412512
2024-10-15,0.0,8.016,323.76,92.16,105.98400000000001,9.157017600000001
2024-10-16,0.0,136.576,903.74,251.28,322.899,27.898473600000003
2024-10-17,0.0,108.992,622.24,61.696,198.232,17.1272448
2024-10-18,0.0,71.48,679.56,209.568,240.152,20.7491328
2024-10-19,0.0,142.816,910.5,254.4,326.92900000000003,28.246665600000004
2024-10-20,0.0,141.152,897.68,248.768,321.9,27.81216
2024-10-21,0.0,139.88,884.88,244.096,317.214,27.407289600000002
2024-10-22,0.0,140.032,874.74,59.744,268.629,23.209545600000002
2024-10-23,0.0,126.1,866.14,84.736,269.244,23.262681600000004
2024-10-24,0.0,40.64,194.18,172.24,101.765,8.792496
2024-10-25,0.0,59.952,845.62,257.296,290.717,25.1179488
2024-10-26,0.0,156.72,942.48,268.336,341.884,29.538777600000003
2024-10-27,0.0,158.784,939.1,266.864,341.187,29.478556800000003
2024-10-28,0.0,157.18,933.42,265.968,339.142,29.3018688
2024-10-29,0.0,157.48,931.84,266.608,338.98199999999997,29.288044799999998
2024-10-30,0.0,160.4,940.48,270.384,342.81600000000003,29.619302400000006
2024-10-31,0.0,158.92,911.5,244.624,328.761,28.404950400000004
2024-11-01,0.0,129.632,438.58,21.936,147.537,12.747196800000001
2024-11-02,0.0,59.76,255.44,33.328,87.132,7.528204800000001
2024-11-03,0.0,148.36,613.52,114.128,219.002,18.921772800000003
2024-11-04,0.0,157.26,746.2,68.304,242.941,20.9901024
2024-11-05,0.0,150.4,612.1,114.112,219.153,18.9348192
2024-11-06,0.0,72.76,452.46,82.864,152.02100000000002,13.134614400000002
2024-11-07,0.0,27.02,549.34,169.6,186.49,16.112736
2024-11-08,0.0,63.12,599.54,283.184,236.461,20.430230400000003
2024-11-09,0.0,172.9,964.68,289.376,356.739,30.8222496
2024-11-10,0.0,177.04,972.62,290.672,360.083,31.111171200000005
2024-11-11,0.0,101.32,240.28,23.936,91.384,7.8955776
2024-11-12,0.0,183.52,983.68,257.184,356.096,30.766694400000002
2024-11-13,0.0,178.3,966.78,292.096,359.294,31.0430016
2024-11-14,0.0,175.06,959.94,291.472,356.618,30.811795200000002
2024-11-15,0.0,176.94,963.98,293.28,358.55,30.978720000000003
2024-11-16,0.0,174.66,951.6,291.296,354.389,30.6192096
2024-11-17,0.0,171.6,817.08,41.744,257.606,22.2571584
2024-11-18,0.0,167.78,648.3,151.536,241.904,20.900505600000002
2024-11-19,0.0,5.84,30.86,5.44,10.535,0.910224
2024-11-20,0.0,31.88,612.88,194.176,209.73399999999998,18.1210176
2024-11-21,0.0,53.2,437.68,89.216,145.024,12.530073600000001
2024-11-22,0.0,160.66,715.26,137.52,253.35999999999999,21.890304
2024-11-23,0.0,136.24,962.56,306.88,351.41999999999996,30.362688
2024-11-24,0.0,179.22,964.6,304.848,362.167,31.2912288
2024-11-25,0.0,71.96,205.2,63.856,85.25399999999999,7.3659456
2024-11-26,0.0,14.9,80.62,50.72,36.56,3.1587840000000003
2024-11-27,0.0,66.74,277.32,116.832,115.223,9.9552672
2024-11-28,0.0,14.38,178.42,253.296,111.524,9.6356736
2024-11-29,0.0,171.8,736.02,82.42,247.55999999999997,21.389184
2024-11-30,0.0,43.9,881.72,310.832,309.113,26.7073632
2024-12-01,0.0,171.02,775.66,116.304,265.746,22.9604544
2024-12-02,0.0,93.06,954.84,242.656,322.639,27.876009600000003
2024-12-03,0.0,189.76,999.56,265.56,363.71999999999997,31.425407999999997
2024-12-04,0.0,185.98,998.1,335.54,379.905,32.823792
2024-12-05,0.0,178.52,961.7,254.78,348.75,30.132
2024-12-06,0.0,71.56,519.1,120.368,177.757,15.358204800000001
2024-12-07,0.0,21.1,511.8,145.6,169.625,14.655600000000002
2024-12-08,0.0,115.38,597.14,296.54,252.265,21.795696
2024-12-09,0.0,168.36,900.8,158.18,306.835,26.510544
2024-12-10,0.0,178.48,991.38,341.94,377.95,32.65488
2024-12-11,0.0,160.48,926.24,274.864,340.396,29.410214400000005
2024-12-12,0.0,157.86,908.92,235.96,325.685,28.139184
2024-12-13,0.0,15.5,86.54,9.78,27.955000000000002,2.415312
2024-12-14,0.0,169.8,966.94,343.34,370.02,31.969728
2024-12-15,0.0,149.2,391.36,82.34,155.725,13.45464
2024-12-16,0.0,176.56,994.2,350.64,380.35,32.86224000000001
2024-12-17,0.0,174.98,1000.2,359.68,383.71500000000003,33.152976
2024-12-18,0.0,174.98,966.64,332.12,368.43499999999995,31.832783999999997
2024-12-19,0.0,33.06,88.94,74.44,49.11,4.243104
2024-12-20,0.0,168.18,974.42,349.34,372.98499999999996,32.225904
2024-12-21,0.0,167.88,966.96,152.26,321.77500000000003,27.801360000000006
2024-12-22,0.0,140.62,978.24,354.7,368.39000000000004,31.828896000000004
2024-12-23,0.0,174.42,1010.64,358.52,385.895,33.341328
2024-12-24,0.0,163.86,832.04,149.856,286.43899999999996,24.748329599999998
2024-12-25,0.0,170.26,997.62,365.36,383.31000000000006,33.11798400000001
2024-12-26,0.0,169.86,1000.96,367.456,384.5690000000001,33.22676160000001
2024-12-27,0.0,166.46,989.58,365.6,380.40999999999997,32.867424
2024-12-28,0.0,164.74,994.66,372.544,382.986,33.0899904
2024-12-29,0.0,161.88,981.2,364.352,376.85799999999995,32.5605312
2024-12-30,0.0,163.26,978.82,337.68,369.94,31.962816
2024-12-31,0.0,156.16,963.12,357.4,369.16999999999996,31.896288
2025-01-01,0.0,153.74,934.94,190.64,319.83000000000004,27.633312000000004
2025-01-02,0.0,154.7,973.84,367.184,373.931,32.3076384
2025-01-03,0.0,158.98,991.06,374.02,381.015,32.919696
2025-01-04,0.0,159.6,998.54,379.96,384.525,33.22296
2025-01-05,0.0,155.86,981.26,369.24,376.59,32.537376
2025-01-06,0.0,150.7,962.8,347.76,365.315,31.563216
2025-01-07,0.0,152.12,986.28,378.96,379.34000000000003,32.774976
2025-01-08,0.0,150.38,977.8,375.984,376.04099999999994,32.4899424
2025-01-09,0.0,148.46,973.58,372.0,373.51,32.271264
2025-01-10,0.0,144.28,958.14,362.78,366.3,31.648320000000002
2025-01-11,0.0,145.64,978.56,373.44,374.40999999999997,32.349024
2025-01-12,0.0,148.34,984.84,378.78,377.99,32.658336000000006
2025-01-13,0.0,143.84,972.94,376.064,373.211,32.245430400000004
2025-01-14,0.0,141.1,963.78,367.776,368.164,31.8093696
2025-01-15,0.0,115.04,709.16,338.992,290.798,25.1249472
2025-01-16,0.0,133.66,808.32,160.272,275.563,23.8086432
2025-01-17,0.0,134.78,947.32,360.56,360.665,31.161456000000005
2025-01-18,0.0,134.9,941.8,187.488,316.047,27.306460800000004
2025-01-19,0.0,123.06,843.4,173.968,285.107,24.633244800000003
2025-01-20,0.0,131.76,953.68,340.704,356.536,30.8047104
2025-01-21,0.0,130.928,950.9,368.576,362.601,31.3287264
2025-01-22,0.0,131.616,952.92,296.144,345.17,29.822688000000003
2025-01-23,0.0,104.176,927.76,363.776,348.928,30.1473792
2025-01-24,0.0,108.368,774.1,81.616,241.02100000000002,20.824214400000002
2025-01-25,0.0,124.0,891.76,342.432,339.548,29.3369472
2025-01-26,0.0,124.752,944.96,342.736,353.11199999999997,30.5088768
2025-01-27,0.0,75.14,840.38,295.984,302.876,26.1684864
2025-01-28,0.0,122.32,925.74,335.376,345.859,29.8822176
2025-01-29,0.0,81.344,573.58,216.704,217.90699999999998,18.8271648
2025-01-30,0.0,108.86,816.48,287.088,303.107,26.188444800000003
2025-01-31,0.0,116.336,923.28,355.008,348.656,30.123878400000002
2025-02-01,0.0,119.184,939.38,359.68,354.56100000000004,30.634070400000006
2025-02-02,0.0,117.68,933.08,357.84,352.15,30.42576
2025-02-03,0.0,116.22,927.42,353.184,349.20599999999996,30.171398399999998
2025-02-04,0.0,114.896,921.36,350.288,346.636,29.949350400000004
2025-02-05,0.0,112.176,910.52,316.752,334.862,28.932076800000004
2025-02-06,0.0,109.168,806.1,343.728,314.749,27.194313600000005
2025-02-07,0.0,111.936,922.64,353.264,346.96000000000004,29.977344000000006
2025-02-08,0.0,111.072,920.36,346.848,344.57,29.770848
2025-02-09,0.0,110.432,928.46,351.52,347.603,30.032899200000003
2025-02-10,0.0,109.472,904.768,319.792,333.508,28.8150912
2025-02-11,0.0,99.04,715.536,170.976,246.38799999999998,21.287923199999998
2025-02-12,0.0,102.96,745.376,88.256,234.148,20.2303872
2025-02-13,0.0,16.736,750.592,318.976,271.576,23.464166400000003
2025-02-14,0.0,99.952,884.096,315.664,324.928,28.0737792
2025-02-15,0.0,83.92,551.568,143.312,194.7,16.82208
2025-02-16,0.0,91.712,624.096,147.632,215.86,18.650304000000002
2025-02-17,0.0,15.34,74.064,40.64,32.510999999999996,2.8089503999999996
2025-02-18,0.0,65.14,849.4,307.808,305.587,26.4027168
2025-02-19,0.0,94.3,890.84,321.04,326.545,28.213488
2025-02-20,0.0,97.28,886.864,321.488,326.408,28.201651200000004
2025-02-21,0.0,91.54,850.112,239.392,295.26099999999997,25.5105504
2025-02-22,0.0,91.68,854.032,299.952,311.416,26.9063424
2025-02-23,0.0,92.68,865.408,307.552,316.40999999999997,27.337823999999998
2025-02-24,0.0,91.78,859.68,303.808,313.817,27.113788800000002
2025-02-25,0.0,81.44,824.544,298.64,301.15599999999995,26.019878399999996
2025-02-26,0.0,86.72,749.024,165.472,250.304,21.6262656
2025-02-27,0.0,84.48,618.32,93.712,199.12800000000001,17.204659200000002
2025-02-28,0.0,77.504,643.856,159.936,220.324,19.0359936
2025-03-01,0.0,82.44,792.88,190.016,266.334,23.0112576
2025-03-02,0.0,83.024,824.624,161.2,267.212,23.0871168
2025-03-03,0.0,83.54,819.552,257.728,290.205,25.073712
2025-03-04,0.0,83.04,827.776,255.952,291.692,25.202188800000002
2025-03-05,0.0,85.12,840.544,280.496,301.53999999999996,26.053055999999998
2025-03-06,0.0,81.152,763.376,173.264,254.448,21.984307200000003
2025-03-07,0.0,71.184,689.984,125.808,221.744,19.1586816
2025-03-08,0.0,80.944,808.864,193.328,270.784,23.3957376
2025-03-09,0.0,7.312,441.312,268.912,179.38400000000001,15.498777600000002
2025-03-10,0.0,83.12,852.208,279.328,303.664,26.2365696
2025-03-11,0.0,80.784,828.112,267.728,294.156,25.415078400000002
2025-03-12,0.0,76.896,810.176,217.536,276.152,23.8595328
2025-03-13,0.0,29.2,719.456,261.344,252.5,21.816000000000003
2025-03-14,0.0,80.42,838.192,267.936,296.637,25.6294368
2025-03-15,0.0,78.86,826.944,261.568,291.84299999999996,25.2152352
2025-03-16,0.0,73.792,796.704,249.344,279.96,24.188544
2025-03-17,0.0,72.224,786.56,245.296,276.02,23.848128
2025-03-18,0.0,72.192,792.064,246.48,277.68399999999997,23.991897599999998
2025-03-19,0.0,73.904,801.344,246.816,280.516,24.236582400000003
2025-03-20,0.0,73.008,794.736,240.384,277.032,23.935564799999998
2025-03-21,0.0,72.016,784.864,208.848,266.432,23.019724800000002
2025-03-22,0.0,4.752,341.408,48.752,98.72800000000001,8.5300992
2025-03-23,0.0,66.4,753.04,176.896,249.08399999999997,21.5208576
2025-03-24,0.0,63.344,663.488,140.72,216.88800000000003,18.739123200000005
2025-03-25,0.0,40.4,572.816,117.36,182.644,15.780441600000001
2025-03-26,0.0,20.08,426.544,125.712,143.084,12.3624576
2025-03-27,0.0,13.088,201.232,68.016,70.584,6.098457600000001
2025-03-28,0.0,34.032,292.208,21.536,86.944,7.5119616
2025-03-29,0.0,53.312,643.76,174.128,217.8,18.81792
2025-03-30,0.0,60.192,717.904,201.712,244.952,21.1638528
2025-03-31,0.0,42.416,296.928,18.48,89.456,7.728998400000001
2025-04-01,0.0,5.42,81.328,12.08,24.707,2.1346848
2025-04-02,0.0,3.08,34.128,14.512,12.93,1.1171520000000001
2025-04-03,0.0,22.76,552.72,124.128,174.90200000000002,15.111532800000003
2025-04-04,0.0,63.02,750.4,204.864,254.571,21.9949344
2025-04-05,0.0,60.848,736.032,199.536,249.10399999999998,21.5225856
2025-04-06,0.0,57.616,689.12,138.144,221.22,19.113408
2025-04-07,0.0,4.2,163.52,23.68,47.85,4.13424
2025-04-08,0.0,27.44,250.8,68.96,86.8,7.49952
2025-04-09,0.0,9.9,235.2,149.584,98.67099999999999,8.5251744
2025-04-10,0.0,53.78,686.704,153.344,223.457,19.3066848
2025-04-11,0.0,43.568,597.888,141.648,195.776,16.9150464
2025-04-12,0.0,16.24,492.592,103.76,153.148,13.2319872
2025-04-13,0.0,50.432,671.584,177.68,224.92399999999998,19.4334336
2025-04-14,0.0,53.92,694.96,174.976,230.964,19.9552896
2025-04-15,0.0,50.528,671.056,167.328,222.228,19.200499200000003
2025-04-16,0.0,50.016,665.648,164.912,220.144,19.0204416
2025-04-17,0.0,49.056,656.048,160.224,216.332,18.6910848
2025-04-18,0.0,31.248,637.856,156.0,206.276,17.8222464
2025-04-19,0.0,46.16,623.92,157.392,206.868,17.8733952
2025-04-20,0.0,47.632,642.176,128.656,204.61599999999999,17.6788224
2025-04-21,0.0,35.74,588.624,154.336,194.675,16.819920000000003
2025-04-22,0.0,34.384,562.224,137.456,183.51600000000002,15.855782400000002
2025-04-23,0.0,44.64,627.024,140.24,202.976,17.537126400000002
2025-04-24,0.0,17.712,276.176,90.304,96.048,8.2985472
2025-04-25,0.0,42.736,618.416,143.056,201.05200000000002,17.370892800000004
2025-04-26,0.0,41.056,598.96,132.832,193.21200000000002,16.6935168
2025-04-27,0.0,6.352,312.864,125.664,111.21999999999998,9.609407999999998
2025-04-28,0.0,43.312,627.744,142.576,203.40800000000002,17.574451200000002
2025-04-29,0.0,41.856,621.68,140.704,201.06,17.371584000000002
2025-04-30,0.0,42.016,624.368,140.48,201.716,17.4282624
2025-05-01,0.0,41.2,614.192,134.16,197.388,17.054323200000002
2025-05-02,0.0,27.184,73.36,84.432,46.244,3.9954816
2025-05-03,0.0,37.12,583.136,128.016,187.06799999999998,16.1626752
2025-05-04,0.0,37.872,591.504,128.752,189.53199999999998,16.3755648
2025-05-05,0.0,34.576,465.312,120.032,154.98000000000002,13.390272000000003
2025-05-06,0.0,29.952,401.52,69.488,125.24,10.820736
2025-05-07,0.0,15.568,153.088,70.032,59.672,5.1556608
2025-05-08,0.0,26.448,509.456,75.696,152.9,13.210560000000001
2025-05-09,0.0,0.992,128.432,88.256,54.419999999999995,4.701887999999999
2025-05-10,0.0,34.176,568.128,120.304,180.65200000000002,15.608332800000003
2025-05-11,0.0,33.648,568.304,120.0,180.488,15.5941632
2025-05-12,0.0,33.664,566.144,117.472,179.32,15.493248
2025-05-13,0.0,32.56,555.088,114.144,175.44799999999998,15.158707199999998
2025-05-14,0.0,30.496,534.448,108.096,168.26,14.537664
2025-05-15,0.0,10.96,337.872,85.184,108.50399999999999,9.374745599999999
2025-05-16,0.0,17.776,334.704,51.152,100.908,8.7184512
2025-05-17,0.0,22.816,412.032,77.776,128.15599999999998,11.0726784
2025-05-18,0.0,10.384,121.248,51.312,45.736000000000004,3.9515904000000006
2025-05-19,0.0,6.24,192.16,40.16,59.64,5.152896
2025-05-20,0.0,19.2,304.352,41.12,91.16799999999999,7.8769152
2025-05-21,0.0,4.256,82.384,43.104,32.436,2.8024704000000003
2025-05-22,0.0,10.3,512.112,107.248,157.415,13.600656
2025-05-23,0.0,23.904,517.136,106.64,161.92,13.989888
2025-05-24,0.0,3.168,81.456,7.088,22.928,1.9809792000000002
2025-05-25,0.0,4.272,279.888,66.448,87.65199999999999,7.573132799999999
2025-05-26,0.0,5.648,144.688,48.256,49.647999999999996,4.2895872
2025-05-27,0.0,7.104,112.992,18.96,34.764,3.0036096000000003
2025-05-28,0.0,0.544,34.832,5.808,10.296,0.8895744
2025-05-29,0.0,23.84,461.904,29.264,128.75199999999998,11.124172799999998
2025-05-30,0.0,24.16,507.184,97.216,157.14000000000001,13.576896000000001
2025-05-31,0.0,23.78,505.36,99.472,157.153,13.5780192
2025-06-01,0.0,24.064,513.712,103.008,160.196,13.8409344
2025-06-02,0.0,14.56,456.656,86.016,139.308,12.0362112
2025-06-03,0.0,1.56,255.856,65.328,80.686,6.971270400000001
2025-06-04,0.0,21.24,428.672,76.048,131.49,11.360736000000001
2025-06-05,0.0,20.7,486.912,97.328,151.23499999999999,13.066704
2025-06-06,0.0,20.4,470.544,73.84,141.196,12.1993344
2025-06-07,0.0,21.072,468.224,99.056,147.088,12.7084032
2025-06-08,0.0,21.488,494.864,97.68,153.50799999999998,13.2630912
2025-06-09,0.0,20.528,487.376,96.592,151.124,13.057113600000001
2025-06-10,0.0,20.704,497.312,99.152,154.292,13.3308288
2025-06-11,0.0,20.592,492.128,98.512,152.808,13.2026112
2025-06-12,0.0,21.056,496.24,98.736,154.008,13.306291200000002
2025-06-13,0.0,18.688,269.28,13.376,75.33599999999998,6.5090303999999986
2025-06-14,0.0,0.26,10.112,5.648,4.005,0.346032
2025-06-15,0.0,3.4,172.272,19.696,48.842,4.2199488
2025-06-16,0.0,19.76,355.36,75.072,112.548,9.7241472
2025-06-17,0.0,3.18,114.848,35.808,38.459,3.3228576000000003
2025-06-18,0.0,0.72,27.728,4.576,8.256,0.7133184
2025-06-19,0.0,0.8,26.256,3.664,7.680000000000001,0.6635520000000001
2025-06-20,0.0,3.22,124.72,23.376,37.829,3.2684256
2025-06-21,0.0,18.08,409.328,67.632,123.75999999999999,10.692864
2025-06-22,0.0,10.064,141.84,3.92,38.955999999999996,3.3657983999999996
2025-06-23,0.0,13.872,476.464,101.616,147.988,12.7861632
2025-06-24,0.0,19.488,501.632,103.712,156.208,13.4963712
2025-06-25,0.0,19.472,502.704,66.656,147.20800000000003,12.718771200000003
2025-06-26,0.0,1.68,96.864,70.176,42.18000000000001,3.644352000000001
2025-06-27,0.0,19.232,498.176,104.224,155.40800000000002,13.427251200000002
2025-06-28,0.0,5.408,103.984,7.952,29.336,2.5346304
2025-06-29,0.0,2.56,43.216,18.928,16.176000000000002,1.3976064000000001
2025-06-30,0.0,18.704,502.256,106.224,156.796,13.5471744
2025-07-01,0.0,15.296,448.528,107.264,142.772,12.3355008
2025-07-02,0.0,18.672,497.984,106.208,155.71599999999998,13.453862399999998
2025-07-03,0.0,18.48,497.552,106.128,155.54000000000002,13.438656000000002
2025-07-04,0.0,13.776,443.728,80.128,134.40800000000002,11.612851200000001
2025-07-05,0.0,14.336,477.504,98.624,147.616,12.754022400000002
2025-07-06,0.0,17.504,487.984,106.0,152.872,13.208140800000002
2025-07-07,0.0,17.872,438.896,24.336,120.27600000000001,10.391846400000002
2025-07-08,0.0,18.128,489.152,107.232,153.628,13.2734592
2025-07-09,0.0,19.104,503.264,100.816,155.79600000000002,13.460774400000002
2025-07-10,0.0,18.32,483.152,103.392,151.216,13.065062400000002
2025-07-11,0.0,18.608,493.92,108.832,155.34,13.421376
2025-07-12,0.0,17.744,492.72,108.72,154.79600000000002,13.374374400000002
2025-07-13,0.0,17.824,398.512,96.672,128.252,11.080972800000001
2025-07-14,0.0,18.496,481.984,107.728,152.052,13.1372928
2025-07-15,0.0,19.28,498.912,110.992,157.296,13.5903744
2025-07-16,0.0,18.928,350.32,11.04,95.072,8.214220800000001
2025-07-17,0.0,2.224,39.968,12.832,13.756000000000002,1.1885184000000002
2025-07-18,0.0,20.896,519.52,118.736,164.78799999999998,14.2376832
2025-07-19,0.0,21.184,522.496,119.568,165.81199999999998,14.3261568
2025-07-20,0.0,21.664,523.808,119.344,166.204,14.360025600000002
2025-07-21,0.0,20.592,475.888,110.336,151.70399999999998,13.1072256
2025-07-22,0.0,15.984,495.216,115.296,156.624,13.5323136
2025-07-23,0.0,7.776,338.096,38.128,96.0,8.2944
2025-07-24,0.0,1.264,354.8,86.976,110.76,9.569664000000001
2025-07-25,0.0,2.192,233.36,54.976,72.632,6.2754048000000004
2025-07-26,0.0,15.568,194.32,18.448,57.084,4.9320576
2025-07-27,0.0,0.912,15.888,15.504,8.076,0.6977664000000001
2025-07-28,0.0,13.52,358.288,41.568,103.344,8.9289216
2025-07-29,0.0,25.008,548.56,129.968,175.884,15.1963776
2025-07-30,0.0,25.36,549.92,130.8,176.51999999999998,15.251327999999999
2025-07-31,0.0,25.92,519.488,100.496,161.476,13.9515264
2025-08-01,0.0,15.92,358.64,128.4,125.74000000000001,10.863936
2025-08-02,0.0,21.488,484.912,72.08,144.62,12.495168000000001
2025-08-03,0.0,1.072,110.064,118.704,57.459999999999994,4.964544
2025-08-04,0.0,15.872,461.024,114.032,147.732,12.7640448
2025-08-05,0.0,29.296,573.488,138.064,185.21200000000002,16.002316800000003
2025-08-06,0.0,23.664,556.032,93.392,168.272,14.5387008
2025-08-07,0.0,5.792,283.616,117.136,101.636,8.781350400000001
2025-08-08,0.0,22.752,337.6,45.312,101.41600000000001,8.762342400000001
2025-08-09,0.0,32.64,602.944,149.12,196.176,16.9496064
2025-08-10,0.0,33.584,603.456,148.576,196.404,16.969305600000002
2025-08-11,0.0,34.128,605.12,143.648,195.72400000000002,16.910553600000004
2025-08-12,0.0,34.768,608.336,150.448,198.388,17.1407232
2025-08-13,0.0,35.28,581.536,115.984,183.2,15.828479999999999
2025-08-14,0.0,34.944,600.16,153.664,197.19199999999998,17.0373888
2025-08-15,0.0,36.16,586.672,120.576,185.852,16.0576128
2025-08-16,0.0,36.0,566.72,65.952,167.168,14.4433152
2025-08-17,0.0,38.08,615.584,149.792,200.864,17.354649600000002
2025-08-18,0.0,12.304,238.368,66.496,79.292,6.8508288
2025-08-19,0.0,1.28,50.368,9.248,15.224,1.3153536000000001
2025-08-20,0.0,0.832,45.056,48.528,23.604,2.0393856
2025-08-21,0.0,43.408,642.544,158.48,211.108,18.2397312
2025-08-22,0.0,39.072,609.648,147.056,198.94400000000002,17.188761600000003
2025-08-23,0.0,1.68,120.272,58.992,45.236000000000004,3.9083904000000005
2025-08-24,0.0,48.528,681.968,174.272,226.192,19.542988800000003
2025-08-25,0.0,39.488,665.28,172.944,219.428,18.9585792
2025-08-26,0.0,49.184,673.504,171.696,223.596,19.318694400000002
2025-08-27,0.0,49.696,673.968,168.8,223.11599999999999,19.2772224
2025-08-28,0.0,49.072,663.616,167.216,219.976,19.0059264
2025-08-29,0.0,51.376,677.344,174.192,225.728,19.5028992
2025-08-30,0.0,51.84,652.144,153.104,214.27200000000002,18.513100800000004
2025-08-31,0.0,54.128,489.264,131.824,168.80400000000003,14.584665600000003
2025-09-01,0.0,26.192,227.088,20.16,68.36,5.906304
2025-09-02,0.0,5.376,290.56,21.712,79.41199999999999,6.8611968
2025-09-03,0.0,49.28,337.648,121.312,127.06,10.977984000000001
2025-09-04,0.0,4.288,143.552,55.328,50.792,4.388428800000001
2025-09-05,0.0,63.68,729.696,189.568,245.736,21.2315904
2025-09-06,0.0,66.656,743.328,192.656,250.65999999999997,21.657024
2025-09-07,0.0,55.552,596.784,81.744,183.52,15.856128000000002
2025-09-08,0.0,1.328,26.672,23.184,12.796,1.1055744
2025-09-09,0.0,66.512,739.056,192.768,249.584,21.5640576
2025-09-10,0.0,72.992,757.04,197.296,256.832,22.1902848
2025-09-11,0.0,70.208,741.216,194.448,251.468,21.7268352
2025-09-12,0.0,77.136,773.872,202.496,263.376,22.7556864
2025-09-13,0.0,78.128,766.976,184.144,257.312,22.231756800000003
2025-09-14,0.0,54.736,719.04,188.848,240.656,20.792678400000003
2025-09-15,0.0,36.352,243.184,39.296,79.708,6.8867712
2025-09-16,0.0,77.552,758.416,198.8,258.692,22.350988800000003
2025-09-17,0.0,82.384,778.912,203.888,266.296,23.007974400000002
2025-09-18,0.0,45.744,419.744,113.856,144.836,12.513830400000002
2025-09-19,0.0,66.08,610.48,186.992,215.888,18.6527232
2025-09-20,0.0,30.32,379.392,61.824,117.884,10.185177600000001
2025-09-21,0.0,20.848,496.736,106.912,156.124,13.4891136
2025-09-22,0.0,92.944,806.848,213.776,278.392,24.053068800000002
2025-09-23,0.0,94.016,810.688,215.104,279.952,24.1878528
2025-09-24,0.0,95.392,809.088,213.824,279.576,24.155366400000002
2025-09-25,0.0,100.416,829.504,217.76,286.92,24.789888
2025-09-26,0.0,100.448,822.944,216.576,284.99199999999996,24.623308799999997
2025-09-27,0.0,71.328,102.72,47.488,55.384,4.7851776
2025-09-28,0.0,101.376,834.368,223.648,289.848,25.042867200000003
2025-09-29,0.0,108.56,846.576,213.408,292.13599999999997,25.2405504
2025-09-30,0.0,14.22,49.792,20.368,21.095,1.822608
2025-10-01,0.0,45.024,693.36,111.024,212.352,18.3472128
2025-10-02,0.0,65.104,328.84,140.88,133.706,11.5521984
2025-10-03,0.0,84.56,672.12,148.672,226.33800000000002,19.555603200000004
2025-10-04,0.0,106.92,637.58,219.024,240.881,20.812118400000003
2025-10-05,0.0,47.136,541.74,220.064,202.23499999999999,17.473104
2025-10-06,0.0,14.448,76.7,68.464,39.903,3.4476192
2025-10-07,0.0,123.776,885.232,239.264,312.068,26.9626752
2025-10-08,0.0,126.384,887.38,239.856,313.405,27.078191999999998
2025-10-09,0.0,126.16,876.12,234.16,309.11,26.707104
2025-10-10,0.0,124.832,866.76,236.272,306.966,26.521862400000003
2025-10-11,0.0,96.32,510.26,191.648,199.557,17.2417248
2025-10-12,0.0,81.18,193.32,93.28,91.945,7.9440479999999996
2025-10-13,0.0,129.94,873.48,217.424,305.211,26.370230400000004
2025-10-14,0.0,135.9,899.8,247.184,320.721,27.710294400000002
2025-10-15,0.0,135.82,876.28,133.568,286.417,24.7464288
2025-10-16,0.0,27.48,327.3,76.304,107.77100000000002,9.311414400000002
2025-10-17,0.0,7.72,103.42,77.824,47.241,4.0816224000000005
2025-10-18,0.0,120.1,896.38,251.616,317.024,27.390873600000003
2025-10-19,0.0,146.46,926.6,255.216,332.06899999999996,28.6907616
2025-10-20,0.0,146.62,914.5,251.552,328.16799999999995,28.353715199999996
2025-10-21,0.0,136.32,905.5,256.848,324.667,28.0512288
2025-10-22,0.0,140.44,900.82,243.856,321.279,27.7585056
2025-10-23,0.0,128.288,915.1,256.144,324.883,28.0698912
2025-10-24,0.0,89.824,383.24,238.512,177.894,15.3700416
2025-10-25,0.0,5.856,160.96,58.896,56.428,4.8753792
2025-10-26,0.0,102.76,518.08,160.128,195.24200000000002,16.868908800000003
2025-10-27,0.0,153.26,924.48,261.424,334.791,28.9259424
2025-10-28,0.0,145.88,531.28,12.832,172.498,14.9038272
2025-10-29,0.0,5.26,65.64,34.96,26.465000000000003,2.2865760000000006
2025-10-30,0.0,64.54,509.32,193.152,191.753,16.5674592
2025-10-31,0.0,75.26,756.2,105.664,234.281,20.2418784
2025-11-01,0.0,161.56,938.94,243.216,335.929,29.0242656
2025-11-02,0.0,96.64,823.28,259.008,294.73199999999997,25.464844799999998
2025-11-03,0.0,160.22,931.64,272.288,341.037,29.4655968
2025-11-04,0.0,163.04,929.18,265.632,339.463,29.329603200000005
2025-11-05,0.0,162.624,942.62,274.96,345.051,29.8124064
2025-11-06,0.0,168.896,905.16,263.888,334.486,28.8995904
2025-11-07,0.0,3.72,128.8,109.52,60.510000000000005,5.228064000000001
2025-11-08,0.0,27.632,449.8,213.312,172.686,14.920070400000002
2025-11-09,0.0,170.8,840.62,129.808,285.307,24.650524800000003
2025-11-10,0.0,176.5,970.0,289.872,359.093,31.025635200000004
2025-11-11,0.0,176.368,735.62,119.792,257.945,22.286448
2025-11-12,0.0,158.4,828.9,162.512,287.453,24.8359392
2025-11-13,0.0,148.54,831.4,234.736,303.669,26.2370016
2025-11-14,0.0,171.86,880.32,215.776,316.98900000000003,27.387849600000003
2025-11-15,0.0,171.2,935.26,280.672,346.783,29.9620512
2025-11-16,0.0,140.66,380.96,14.4,134.005,11.578032
2025-11-17,0.0,161.78,975.18,300.48,359.36,31.048704000000004
2025-11-18,0.0,184.94,990.0,304.14,369.77,31.948128
2025-11-19,0.0,180.02,978.74,303.7,365.615,31.589136000000003
2025-11-20,0.0,181.0,969.56,301.22,362.945,31.358448000000003
2025-11-21,0.0,166.08,512.98,153.06,208.03000000000003,17.973792000000003
2025-11-22,0.0,181.94,978.42,289.184,362.38599999999997,31.310150399999998
2025-11-23,0.0,178.54,969.4,310.74,364.67,31.507488000000002
2025-11-24,0.0,178.4,793.58,209.872,295.463,25.528003200000004
2025-11-25,0.0,178.5,968.54,309.536,364.144,31.462041600000003
2025-11-26,0.0,178.88,964.66,308.864,363.101,31.371926400000003
2025-11-27,0.0,177.776,962.4,303.74,360.979,31.1885856
2025-11-28,0.0,176.68,909.78,269.7,339.04,29.293056000000004
2025-11-29,0.0,151.36,739.98,138.08,257.355,22.235472
2025-11-30,0.0,93.42,315.7,85.46,123.645,10.682928
2025-12-01,0.0,167.96,759.88,159.3,271.785,23.482224000000002
2025-12-02,0.0,178.44,955.1,323.38,364.23,31.469472000000003
2025-12-03,0.0,181.78,979.88,328.84,372.625,32.1948
2025-12-04,0.0,185.94,1001.44,335.94,380.83000000000004,32.903712000000006
2025-12-05,0.0,185.16,998.84,335.968,379.992,32.8313088
2025-12-06,0.0,168.08,912.54,257.68,334.575,28.90728
2025-12-07,0.0,174.18,968.4,318.192,365.193,31.5526752
2025-12-08,0.0,116.8,417.6,14.74,137.285,11.861424
2025-12-09,0.0,9.88,532.0,155.1,174.245,15.054768000000001
2025-12-10,0.0,12.52,153.28,250.68,104.12,8.995968000000001
2025-12-11,0.0,176.68,972.32,175.7,331.175,28.61352
2025-12-12,0.0,106.88,747.76,224.0,269.65999999999997,23.298624
2025-12-13,0.0,176.42,977.58,339.76,373.44,32.265216
2025-12-14,0.0,173.3,973.38,341.02,371.925,32.13432
2025-12-15,0.0,66.8,233.78,83.44,96.005,8.294832
2025-12-16,0.0,183.04,1013.6,358.224,388.716,33.585062400000005
2025-12-17,0.0,180.82,1008.14,358.44,386.85,33.423840000000006
2025-12-18,0.0,180.16,1009.38,361.0,387.635,33.491664
2025-12-19,0.0,174.8,985.66,353.3,378.44,32.697216000000004
2025-12-20,0.0,174.1,978.22,279.14,357.865,30.919536
2025-12-21,0.0,2.82,174.04,178.82,88.91999999999999,7.682688
2025-12-22,0.0,110.64,330.8,75.26,129.175,11.160720000000001
2025-12-23,0.0,24.86,766.28,325.68,279.205,24.123312
2025-12-24,0.0,151.72,765.94,148.16,266.45500000000004,23.021712000000004
2025-12-25,0.0,118.56,582.16,92.6,198.33,17.135712
2025-12-26,0.0,23.82,232.98,134.32,97.78,8.448192
2025-12-27,0.0,153.9,878.86,217.2,312.49,26.999136000000004
2025-12-28,0.0,154.02,878.22,71.72,275.99,23.845536000000003
2025-12-29,0.0,12.18,160.42,217.24,97.46000000000001,8.420544000000001
2025-12-30,0.0,139.76,967.06,363.248,367.517,31.7534688
2025-12-31,0.0,153.02,872.76,194.58,305.09,26.359776
2026-01-01,0.0,155.6,966.7,356.34,369.65999999999997,31.938623999999997
2026-01-02,0.0,155.2,964.46,276.46,349.03000000000003,30.156192000000004
2026-01-03,0.0,113.66,882.24,369.82,341.43,29.499552
2026-01-04,0.0,163.568,1005.14,377.536,386.56100000000004,33.39887040000001
2026-01-05,0.0,157.648,989.58,374.336,380.391,32.8657824
2026-01-06,0.0,157.52,989.22,369.92,379.165,32.759856000000006
2026-01-07,0.0,148.18,891.72,301.616,335.379,28.976745600000005
2026-01-08,0.0,70.96,654.48,164.832,222.568,19.229875200000002
2026-01-09,0.0,97.3,590.26,68.096,188.914,16.3221696
2026-01-10,0.0,46.86,335.76,112.192,123.703,10.6879392
2026-01-11,0.0,142.48,364.92,175.92,170.82999999999998,14.759711999999999
2026-01-12,0.0,145.4,968.94,367.872,370.55300000000005,32.015779200000004
2026-01-13,0.0,142.84,960.62,366.384,367.461,31.748630400000003
2026-01-14,0.0,135.12,899.3,308.672,335.773,29.010787200000003
2026-01-15,0.0,139.152,944.04,272.736,338.98199999999997,29.288044799999998
2026-01-16,0.0,22.064,401.34,102.976,131.595,11.369808
2026-01-22,0.0,132.896,955.78,368.768,364.361,31.4807904
2026-01-23,0.0,129.78,950.08,368.896,362.189,31.293129600000004
2026-01-24,0.0,130.38,957.62,360.48,362.12,31.287168
2026-01-25,0.0,128.22,955.6,367.488,362.827,31.3482528
2026-01-26,0.0,96.896,928.36,341.136,341.598,29.514067200000003
2026-01-27,0.0,120.32,909.16,216.944,311.606,26.9227584
2026-01-28,0.0,117.952,917.26,173.456,302.167,26.107228799999998
2026-01-29,0.0,118.6,898.688,335.696,338.246,29.2244544
2026-01-30,0.0,119.008,932.62,357.376,352.251,30.4344864
2026-01-31,0.0,116.96,843.42,152.752,278.283,24.043651200000003
2026-02-01,0.0,119.648,940.36,360.576,355.146,30.684614400000005
2026-02-02,0.0,115.248,845.1,352.16,328.127,28.350172800000003
2026-02-03,0.0,115.696,900.34,355.664,342.925,29.62872
2026-02-04,0.0,116.22,928.24,351.968,349.107,30.162844800000006
2026-02-05,0.0,114.92,927.58,353.376,348.969,30.1509216
2026-02-06,0.0,112.34,830.304,247.04,297.421,25.6971744
2026-02-07,0.0,92.34,903.34,349.632,336.32800000000003,29.058739200000005
2026-02-08,0.0,114.24,948.76,359.456,355.61400000000003,30.725049600000006
2026-02-09,0.0,111.12,926.98,350.672,347.193,29.9974752
2026-02-10,0.0,107.46,804.42,340.624,313.126,27.0540864
2026-02-11,0.0,104.368,887.552,258.464,312.596,27.0082944
2026-02-12,0.0,103.728,500.592,221.12,206.35999999999999,17.829504
2026-02-13,0.0,70.528,756.4,200.192,256.78,22.185792
2026-02-14,0.0,100.528,857.72,294.544,313.198,27.0603072
2026-02-15,0.0,97.14,635.34,180.192,228.168,19.713715200000003
2026-02-16,0.0,96.512,690.54,131.888,229.73499999999999,19.849104
2026-02-17,0.0,86.064,797.776,139.488,255.832,22.1038848
2026-02-18,0.0,81.48,715.392,286.08,270.738,23.3917632
2026-02-19,0.0,95.696,862.976,258.928,304.4,26.300159999999998
2026-02-20,0.0,79.92,862.064,312.768,313.688,27.1026432
2026-02-21,0.0,96.784,873.68,295.136,316.4,27.33696
2026-02-22,0.0,89.424,862.528,200.56,288.128,24.8942592
2026-02-23,0.0,81.312,402.496,251.776,183.89600000000002,15.888614400000002
2026-02-24,0.0,83.68,806.448,158.272,262.09999999999997,22.645439999999997
2026-02-25,0.0,89.28,867.248,307.568,316.024,27.3044736
2026-02-26,0.0,94.64,888.88,312.72,324.06,27.998784
2026-02-27,0.0,91.456,843.744,303.696,309.72400000000005,26.760153600000006
2026-02-28,0.0,82.192,799.328,301.792,295.828,25.5595392
2026-03-01,0.0,89.488,867.04,300.544,314.26800000000003,27.152755200000005
2026-03-02,0.0,87.296,858.208,297.936,310.86,26.858304000000004
2026-03-03,0.0,85.76,839.744,37.248,240.68800000000002,20.7954432
2026-03-04,0.0,79.968,818.352,281.424,294.936,25.4824704
2026-03-05,0.0,84.112,838.72,257.44,295.068,25.4938752
2026-03-06,0.0,78.336,741.92,62.624,220.72,19.070208
2026-03-07,0.0,18.08,448.384,125.184,147.912,12.779596800000002
2026-03-08,0.0,80.064,820.16,253.024,288.312,24.910156800000003
2026-03-09,0.0,70.304,791.632,242.752,276.17199999999997,23.8612608
2026-03-10,0.0,17.296,681.632,256.896,238.95600000000002,20.645798400000004
2026-03-11,0.0,66.112,666.176,198.224,232.628,20.0990592
2026-03-12,0.0,77.2,819.232,268.992,291.356,25.173158400000002
2026-03-13,0.0,76.464,812.08,261.696,287.56000000000006,24.845184000000007
2026-03-14,0.0,76.512,812.528,253.008,285.512,24.668236800000003
2026-03-15,0.0,73.104,688.64,251.68,253.356,21.8899584
2026-03-16,0.0,59.5,727.056,161.936,237.12300000000002,20.487427200000003
2026-03-17,0.0,13.94,207.184,133.104,88.557,7.6513248
2026-03-18,0.0,69.152,716.56,219.312,251.256,21.708518400000003
2026-03-19,0.0,71.12,785.184,242.8,274.776,23.740646400000003
2026-03-20,0.0,71.488,783.648,238.752,273.472,23.6279808
2026-03-21,0.0,48.288,472.256,45.04,141.396,12.2166144
2026-03-22,0.0,63.072,693.232,190.848,236.788,20.458483200000003
2026-03-23,0.0,41.584,308.624,42.704,98.22800000000001,8.486899200000002
2026-03-24,0.0,68.048,781.84,232.448,270.584,23.3784576
2026-03-25,0.0,21.984,648.32,75.44,186.43600000000004,16.108070400000003
2026-03-26,0.0,26.016,556.64,97.44,170.024,14.690073600000002
2026-03-27,0.0,43.584,723.904,197.824,241.32800000000003,20.850739200000003
2026-03-28,0.0,61.52,715.328,79.44,214.072,18.4958208
2026-03-29,0.0,61.872,729.264,202.784,248.48,21.468672
2026-03-30,0.0,59.28,444.16,175.92,169.84,14.674176000000001
2026-03-31,0.0,59.488,717.6,201.552,244.66,21.138624
2026-04-01,0.0,61.728,732.08,204.176,249.49599999999998,21.5564544
2026-04-02,0.0,59.2,716.848,198.416,243.61599999999999,21.0484224
2026-04-03,0.0,58.24,709.552,194.128,240.48000000000002,20.777472000000003
2026-04-04,0.0,56.78,641.6,168.048,216.607,18.7148448
2026-04-07,0.0,14.816,85.68,27.6,32.024,2.7668736000000003
2026-04-08,0.0,16.992,326.112,31.136,93.56000000000002,8.083584000000002
2026-04-09,0.0,11.04,276.992,138.32,106.58800000000001,9.209203200000001
2026-04-10,0.0,55.76,710.096,186.112,237.992,20.5625088
2026-04-11,0.0,55.504,484.784,7.808,137.024,11.838873600000001
2026-04-12,0.0,1.488,177.632,82.32,65.36,5.647104000000001
2026-04-13,0.0,12.32,490.384,155.104,164.452,14.208652800000001
2026-04-14,0.0,32.56,449.696,95.712,144.49200000000002,12.484108800000003
2026-04-15,0.0,29.568,234.032,65.776,82.34400000000001,7.114521600000001
2026-04-16,0.0,1.904,196.8,81.904,70.152,6.0611328
2026-04-17,0.0,33.872,609.488,157.856,200.304,17.3062656
2026-04-18,0.0,49.104,660.976,161.76,217.96,18.831744
2026-04-19,0.0,48.832,659.712,159.008,216.888,18.7391232
2026-04-20,0.0,20.048,222.144,5.696,61.972,5.3543808
2026-04-21,0.0,12.384,108.48,30.56,37.856,3.2707584000000005
2026-04-22,0.0,42.608,463.712,75.248,145.392,12.561868800000001
2026-04-23,0.0,8.608,303.456,56.576,92.16000000000001,7.962624000000002
2026-04-24,0.0,11.072,83.136,10.016,26.056,2.2512384
2026-04-25,0.0,29.856,415.12,27.984,118.24,10.215936
2026-04-26,0.0,41.424,614.704,140.928,199.26399999999998,17.2164096
2026-04-27,0.0,45.648,648.416,149.136,210.8,18.213120000000004
2026-04-28,0.0,44.272,638.064,145.632,206.99200000000002,17.884108800000003
2026-04-29,0.0,42.432,621.072,140.08,200.89600000000002,17.357414400000003
2026-04-30,0.0,41.344,616.512,138.096,198.988,17.192563200000002
2026-05-01,0.0,21.104,355.808,101.952,119.716,10.3434624
2026-05-02,0.0,37.328,549.824,134.832,180.49599999999998,15.5948544
2026-05-03,0.0,41.824,624.976,137.088,200.97199999999998,17.3639808
2026-05-04,0.0,36.32,359.632,80.672,119.156,10.295078400000001
2026-05-05,0.0,34.624,557.296,121.28,178.3,15.405120000000002
2026-05-06,0.0,23.904,387.168,52.528,115.9,10.013760000000001
2026-05-07,0.0,15.488,484.832,91.76,148.02,12.788928000000002
2026-05-08,0.0,27.088,466.464,116.256,152.452,13.1718528
2026-05-09,0.0,30.256,298.864,17.68,86.7,7.490880000000001
2026-05-10,0.0,34.896,583.264,123.136,185.32399999999998,16.0119936
2026-05-11,0.0,35.424,583.184,122.944,185.38799999999998,16.0175232
2026-05-12,0.0,34.416,575.984,121.392,182.94800000000004,15.806707200000004
2026-05-13,0.0,33.856,570.688,119.488,181.00799999999998,15.6390912
2026-05-14,0.0,32.4,554.272,108.528,173.8,15.016320000000002
2026-05-15,0.0,31.232,558.16,115.664,176.26399999999998,15.229209599999999
2026-05-16,0.0,29.824,441.952,95.776,141.888,12.259123200000001
2026-05-17,0.0,6.464,172.576,30.448,52.372,4.5249408
2026-05-18,0.0,29.456,545.472,112.48,171.852,14.848012800000001
2026-05-19,0.0,30.464,552.88,113.104,174.11200000000002,15.043276800000003
2026-05-20,0.0,29.904,546.64,110.992,171.884,14.850777599999999
2026-05-21,0.0,28.576,488.384,93.552,152.62800000000001,13.187059200000002
2026-05-22,0.0,23.088,503.792,97.392,156.06799999999998,13.484275199999999
2026-05-23,0.0,27.216,525.472,91.824,161.128,13.9214592
2026-05-24,0.0,20.208,472.304,104.912,149.356,12.9043584
2026-05-25,0.0,2.96,171.472,24.464,49.724000000000004,4.2961536
2026-05-26,0.0,24.048,436.144,18.8,119.748,10.346227200000001
2026-05-27,0.0,25.44,516.128,102.784,161.08800000000002,13.918003200000003
2026-05-28,0.0,24.704,484.176,68.512,144.348,12.471667200000002
2026-05-29,0.0,6.208,89.216,69.216,41.16,3.556224
2026-05-30,0.0,8.432,378.928,46.192,108.388,9.3647232
2026-05-31,0.0,17.76,490.944,99.552,152.064,13.1383296
2026-06-01,0.0,23.584,491.52,69.456,146.14,12.626496
2026-06-02,0.0,22.72,404.8,63.472,122.74799999999999,10.6054272
2026-06-03,0.0,21.9,486.48,95.824,151.051,13.050806399999999
2026-06-04,0.0,21.136,476.416,71.904,142.364,12.3002496
2026-06-05,0.0,13.54,470.016,85.392,142.23700000000002,12.289276800000003
2026-06-06,0.0,13.056,305.952,46.464,91.368,7.8941952
2026-06-07,0.0,19.472,393.488,50.32,115.82,10.006848
2026-06-08,0.0,4.464,188.016,74.928,66.852,5.776012800000001
2026-06-09,0.0,4.64,339.248,24.768,92.16399999999999,7.962969599999999
2026-06-10,0.0,18.944,453.76,79.552,138.064,11.9287296
2026-06-11,0.0,1.408,42.576,3.296,11.82,1.0212480000000002
2026-06-12,0.0,11.92,406.384,36.288,113.64800000000001,9.819187200000002
2026-06-13,0.0,18.848,241.248,23.76,70.964,6.131289600000001
2026-06-14,0.0,14.704,185.776,25.072,56.388000000000005,4.8719232
2026-06-15,0.0,19.872,386.208,60.016,116.52400000000002,10.067673600000003
2026-06-16,0.0,19.68,488.512,98.336,151.632,13.101004800000002
2026-06-17,0.0,14.88,439.072,96.768,137.68,11.895552
2026-06-18,0.0,12.064,252.72,45.392,77.544,6.6998016
2026-06-19,0.0,0.8,168.064,15.312,46.044000000000004,3.9782016000000007
2026-06-20,0.0,19.216,490.416,98.704,152.084,13.1400576
2026-06-21,0.0,12.896,378.096,59.616,112.652,9.7331328
2026-06-22,0.0,4.78,345.808,97.888,112.119,9.6870816
2026-06-23,0.0,18.624,492.192,101.344,153.04000000000002,13.222656000000002
2026-06-24,0.0,18.336,487.328,100.256,151.48,13.087871999999999
2026-06-25,0.0,10.52,461.008,100.288,142.95399999999998,12.3512256
2026-06-26,0.0,18.816,496.624,104.096,154.88400000000001,13.381977600000003
2026-06-27,0.0,17.392,398.624,41.392,114.352,9.880012800000001
2026-06-28,0.0,2.16,118.256,98.384,54.7,4.7260800000000005
2026-06-29,0.0,18.368,490.272,103.312,152.988,13.218163200000001
2026-06-30,0.0,16.48,250.96,36.944,76.096,6.5746944
2026-07-01,0.0,16.8,154.688,47.792,54.82,4.736448
2026-07-02,0.0,1.36,166.752,56.704,56.20400000000001,4.856025600000001
2026-07-03,0.0,19.552,504.928,107.552,158.008,13.651891200000001
2026-07-04,0.0,17.44,422.128,100.448,135.004,11.664345599999999
2026-07-05,0.0,16.576,467.056,64.56,137.048,11.8409472
2026-07-06,0.0,14.56,500.496,109.312,156.09199999999998,13.4863488
2026-07-07,0.0,19.392,506.48,107.792,158.41600000000003,13.687142400000003
2026-07-08,0.0,19.088,473.504,109.712,150.57600000000002,13.009766400000002
2026-07-09,0.0,16.384,423.28,86.416,131.51999999999998,11.363328
2026-07-10,0.0,10.368,307.152,35.536,88.264,7.6260096
2026-07-11,0.0,11.22,325.088,47.696,96.001,8.2944864
2026-07-12,0.0,17.952,434.352,95.584,136.97199999999998,11.834380799999998
2026-07-13,0.0,19.536,509.248,113.84,160.656,13.8806784
2026-07-14,0.0,20.288,496.8,115.536,158.156,13.664678400000001
2026-07-15,0.0,20.048,505.152,111.104,159.076,13.744166400000001
2026-07-16,0.0,15.072,461.952,107.936,146.24,12.635136000000001
2026-07-17,0.0,14.72,446.512,107.68,142.228,12.288499200000002
2026-07-18,0.0,14.24,460.16,43.888,129.572,11.1950208
2026-07-19,0.0,10.272,142.208,13.296,41.443999999999996,3.5807615999999998
2026-07-20,0.0,0.72,34.352,10.368,11.36,0.981504
2026-07-21,0.0,12.24,86.224,5.28,25.936,2.2408704
2026-07-22,0.0,2.192,294.112,30.624,81.73200000000001,7.061644800000002
2026-07-23,0.0,5.776,176.176,21.056,50.752,4.384972800000001
2026-07-24,0.0,16.336,432.848,99.824,137.252,11.858572800000001
2026-07-25,0.0,21.664,433.856,36.4,122.97999999999999,10.625472
2026-07-26,0.0,2.592,327.104,97.6,106.82399999999998,9.2295936
2026-07-27,0.0,12.48,333.424,107.904,113.452,9.8022528
2026-07-28,0.0,21.328,257.568,106.912,96.452,8.3334528
2026-07-29,0.0,9.568,189.728,32.8,58.024,5.013273600000001
2026-07-30,0.0,11.76,492.592,123.344,156.92399999999998,13.5582336
2026-07-31,0.0,24.0,526.544,125.472,169.004,14.6019456
